index,target_hr,method,fold,seed,rise_time_s,width50_s,rise_cycle_ratio,beat_extraction_success,amplitude_range,amplitude_std
0,60,gaussian,3,44,0.359375,0.390625,0.359375,1.0,0.43938761949539185,0.1364739090204239
1,60,gaussian,3,44,0.453125,0.625,0.453125,1.0,1.9643900394439697,0.6536042094230652
2,60,gaussian,3,44,0.71875,0.265625,0.71875,1.0,0.5524104237556458,0.15466707944869995
3,60,gaussian,3,44,0.59375,0.4375,0.59375,1.0,2.2276105880737305,0.7021687030792236
4,60,gaussian,3,44,0.515625,0.546875,0.515625,1.0,4.595433235168457,1.6278574466705322
5,60,gaussian,3,44,0.40625,0.46875,0.40625,1.0,2.6468303203582764,0.8517206311225891
6,60,gaussian,3,44,0.265625,0.59375,0.265625,1.0,0.801948070526123,0.27085137367248535
7,60,gaussian,3,44,0.453125,0.5,0.453125,1.0,3.849473714828491,1.2599085569381714
8,60,gaussian,3,44,0.609375,0.59375,0.609375,1.0,2.0522141456604004,0.6990537643432617
9,60,gaussian,3,44,0.421875,0.28125,0.421875,1.0,1.0753061771392822,0.35230109095573425
10,60,gaussian,3,44,0.25,0.59375,0.25,1.0,1.337807536125183,0.4569246172904968
11,60,gaussian,3,44,0.453125,0.5,0.453125,1.0,3.8479061126708984,1.2599085569381714
12,60,gaussian,3,44,0.359375,0.625,0.359375,1.0,1.111677646636963,0.3702371120452881
13,60,gaussian,3,44,0.375,0.625,0.375,1.0,5.072352409362793,1.7397023439407349
14,60,gaussian,3,44,0.328125,0.59375,0.328125,1.0,1.498692274093628,0.4902394115924835
15,60,gaussian,3,44,0.5,0.484375,0.5,1.0,6.411393165588379,2.2687737941741943
16,60,gaussian,3,44,0.40625,0.46875,0.40625,1.0,6.638125419616699,2.1284685134887695
17,60,gaussian,3,44,0.25,0.2734375,0.5,1.0,1.581173062324524,0.494332492351532
18,60,gaussian,3,44,0.234375,0.234375,0.49230769230769234,1.0,3.2491986751556396,1.0362168550491333
19,60,gaussian,3,44,0.5,0.515625,0.5,1.0,1.2680974006652832,0.44337013363838196
20,60,gaussian,3,44,0.40625,0.59375,0.40625,1.0,7.985993385314941,2.8529226779937744
21,60,gaussian,3,44,0.28125,0.625,0.28125,1.0,1.0022300481796265,0.3339638113975525
22,60,gaussian,3,44,0.4375,0.625,0.4375,1.0,1.8338422775268555,0.6042883396148682
23,60,gaussian,3,44,0.578125,0.234375,0.578125,1.0,0.3848714530467987,0.12830401957035065
24,60,gaussian,3,44,0.328125,0.59375,0.328125,1.0,0.5937318801879883,0.20137372612953186
25,60,gaussian,3,44,0.734375,0.53125,0.734375,1.0,0.2916508913040161,0.10301131755113602
26,60,gaussian,3,44,0.203125,0.625,0.203125,1.0,0.34796029329299927,0.11650137603282928
27,60,gaussian,3,44,0.3125,0.53125,0.3125,1.0,4.16241455078125,1.4528067111968994
28,60,gaussian,3,44,0.5,0.515625,0.5,1.0,1.5910420417785645,0.566011905670166
29,60,gaussian,3,44,0.625,0.40625,0.625,1.0,0.769592821598053,0.23653459548950195
30,60,gaussian,3,44,0.2421875,0.265625,0.5188261351052049,1.0,4.177921772003174,1.2690510749816895
31,60,gaussian,3,44,0.28125,0.625,0.28125,1.0,2.520249843597412,0.8760129809379578
32,60,gaussian,3,44,0.140625,0.09375,0.391304347826087,1.0,2.2576026916503906,0.6345011591911316
33,60,gaussian,3,44,0.578125,0.609375,0.578125,1.0,1.8966071605682373,0.5981844663619995
34,60,gaussian,3,44,0.328125,0.546875,0.328125,1.0,6.977581977844238,2.3933794498443604
35,60,gaussian,3,44,0.734375,0.265625,0.734375,1.0,0.49573132395744324,0.13886936008930206
36,60,gaussian,3,44,0.359375,0.640625,0.359375,1.0,2.666135311126709,0.8243602514266968
37,60,gaussian,3,44,0.5,0.578125,0.5,1.0,2.8255722522735596,0.9499767422676086
38,60,gaussian,3,44,0.265625,0.59375,0.265625,1.0,0.8016926050186157,0.27085137367248535
39,60,gaussian,3,44,0.65625,0.546875,0.65625,1.0,1.4695714712142944,0.5392212867736816
40,60,gaussian,3,44,0.28125,0.28125,0.28125,1.0,0.6509648561477661,0.18908612430095673
41,60,gaussian,3,44,0.328125,0.5625,0.328125,1.0,1.2109522819519043,0.39859429001808167
42,60,gaussian,3,44,0.296875,0.640625,0.296875,1.0,0.9027735590934753,0.29703548550605774
43,60,gaussian,3,44,0.421875,0.578125,0.421875,1.0,1.1868395805358887,0.41074275970458984
44,60,gaussian,3,44,0.40625,0.640625,0.40625,1.0,3.24184513092041,1.0095770359039307
45,60,gaussian,3,44,0.234375,0.578125,0.234375,1.0,1.160895586013794,0.3601595461368561
46,60,gaussian,3,44,0.421875,0.578125,0.421875,1.0,0.8657668828964233,0.31613126397132874
47,60,gaussian,3,44,0.515625,0.484375,0.515625,1.0,0.8956911563873291,0.3026740252971649
48,60,gaussian,3,44,0.65625,0.546875,0.65625,1.0,1.4700080156326294,0.5392212867736816
49,60,gaussian,3,44,0.46875,0.59375,0.46875,1.0,2.221226930618286,0.7924454212188721
50,60,gaussian,3,44,0.296875,0.53125,0.296875,1.0,0.970255434513092,0.32212942838668823
51,60,gaussian,3,44,0.5,0.484375,0.5,1.0,4.593990325927734,1.5311439037322998
52,60,gaussian,3,44,0.375,0.4375,0.375,1.0,2.2828328609466553,0.6987062692642212
53,60,gaussian,3,44,0.203125,0.171875,0.3611111111111111,1.0,2.618839740753174,0.8277302980422974
54,60,gaussian,3,44,0.25,0.515625,0.25,1.0,0.7904632091522217,0.24044150114059448
55,60,gaussian,3,44,0.53125,0.59375,0.53125,1.0,2.089554786682129,0.7215080261230469
56,60,gaussian,3,44,0.28125,0.625,0.28125,1.0,1.2198147773742676,0.4424881041049957
57,60,gaussian,3,44,0.421875,0.453125,0.421875,1.0,1.3020336627960205,0.4442049562931061
58,60,gaussian,3,44,,,,0.0,3.9046950340270996,1.3179529905319214
59,60,gaussian,3,44,0.234375,0.25,0.6,1.0,3.248797655105591,1.0362168550491333
60,60,gaussian,3,44,0.421875,0.4375,0.421875,1.0,2.834843158721924,0.9565668702125549
61,60,gaussian,3,44,0.4375,0.625,0.4375,1.0,1.8340861797332764,0.6042883396148682
62,60,gaussian,3,44,0.28125,0.59375,0.28125,1.0,1.182330846786499,0.33871376514434814
63,60,gaussian,3,44,0.1875,0.15625,0.3333333333333333,1.0,2.1034395694732666,0.7230729460716248
64,60,gaussian,3,44,0.25,0.609375,0.25,1.0,0.8026586174964905,0.27085137367248535
65,60,gaussian,3,44,0.15625,0.125,0.47619047619047616,1.0,0.47679996490478516,0.12352108210325241
66,60,gaussian,3,44,0.25,0.2578125,0.5409090909090909,1.0,4.179405689239502,1.2690510749816895
67,60,gaussian,3,44,0.578125,0.5625,0.578125,1.0,3.858752489089966,1.2564023733139038
68,60,gaussian,3,44,0.21875,0.578125,0.21875,1.0,0.9818143248558044,0.3003983199596405
69,60,gaussian,3,44,0.375,0.515625,0.375,1.0,1.417328119277954,0.4831470251083374
70,60,gaussian,3,44,0.40625,0.453125,0.40625,1.0,2.7954483032226562,0.920196533203125
71,60,gaussian,3,44,0.328125,0.59375,0.328125,1.0,0.7907411456108093,0.26664477586746216
72,60,gaussian,3,44,0.25,0.296875,0.5714285714285714,1.0,2.618976354598999,0.8277302384376526
73,60,gaussian,3,44,0.375,0.375,0.375,1.0,4.674832344055176,1.5593430995941162
74,60,gaussian,3,44,0.375,0.578125,0.375,1.0,1.917681097984314,0.6667227149009705
75,60,gaussian,3,44,0.53125,0.625,0.53125,1.0,1.2188588380813599,0.4329279363155365
76,60,gaussian,3,44,0.546875,0.59375,0.546875,1.0,2.3185808658599854,0.8080588579177856
77,60,gaussian,3,44,0.3125,0.4375,0.3125,1.0,2.868201494216919,1.0084228515625
78,60,gaussian,3,44,0.5,0.484375,0.5,1.0,1.782382607460022,0.6378217339515686
79,60,gaussian,3,44,0.40625,0.65625,0.40625,1.0,1.350970983505249,0.47885242104530334
80,60,gaussian,3,44,0.21875,0.578125,0.21875,1.0,0.9797269105911255,0.3003983199596405
81,60,gaussian,3,44,0.421875,0.40625,0.421875,1.0,0.8927049040794373,0.3314261734485626
82,60,gaussian,3,44,0.359375,0.40625,0.359375,1.0,0.8952767848968506,0.27115345001220703
83,60,gaussian,3,44,0.359375,0.625,0.359375,1.0,1.1122008562088013,0.3702371120452881
84,60,gaussian,3,44,0.546875,0.59375,0.546875,1.0,6.555118560791016,2.1592390537261963
85,60,gaussian,3,44,0.25,0.296875,0.5925925925925926,1.0,2.520139694213867,0.7336267232894897
86,60,gaussian,3,44,0.28125,0.59375,0.28125,1.0,0.6443837881088257,0.23901504278182983
87,60,gaussian,3,44,0.09375,0.0625,0.4,1.0,2.1095876693725586,0.6737768650054932
88,60,gaussian,3,44,0.328125,0.59375,0.328125,1.0,1.4945306777954102,0.5059489011764526
89,60,gaussian,3,44,0.40625,0.640625,0.40625,1.0,3.241356134414673,1.0095770359039307
90,60,gaussian,3,44,0.25,0.203125,0.43243243243243246,1.0,3.2610363960266113,0.9643943905830383
91,60,gaussian,3,44,0.234375,0.25,0.49230769230769234,1.0,3.2509660720825195,1.0362168550491333
92,60,gaussian,3,44,0.625,0.59375,0.625,1.0,2.052408218383789,0.6990537643432617
93,60,gaussian,3,44,0.25,0.609375,0.25,1.0,0.9535655975341797,0.3186919689178467
94,60,gaussian,3,44,0.515625,0.515625,0.515625,1.0,1.5906087160110474,0.566011905670166
95,60,gaussian,3,44,0.328125,0.59375,0.328125,1.0,1.1493693590164185,0.3564257025718689
96,60,gaussian,3,44,0.5,0.484375,0.5,1.0,1.7840781211853027,0.6378217339515686
97,60,gaussian,3,44,0.28125,0.53125,0.28125,1.0,3.277139186859131,1.0432727336883545
98,60,gaussian,3,44,0.671875,0.640625,0.671875,1.0,2.640817165374756,0.9035865664482117
99,60,gaussian,3,44,0.5,0.453125,0.5,1.0,1.209132194519043,0.46255069971084595
100,60,gaussian,3,44,0.40625,0.4375,0.40625,1.0,0.8755756616592407,0.28011971712112427
101,60,gaussian,3,44,0.6875,0.609375,0.6875,1.0,0.8950351476669312,0.2778869569301605
102,60,gaussian,3,44,0.484375,0.59375,0.484375,1.0,2.9793219566345215,0.9889764785766602
103,60,gaussian,3,44,0.59375,0.640625,0.59375,1.0,1.1080563068389893,0.3793628215789795
104,60,gaussian,3,44,0.28125,0.265625,0.5061224489795919,1.0,2.112032413482666,0.6737769246101379
105,60,gaussian,3,44,,,,0.0,0.21855050325393677,0.0540381595492363
106,60,gaussian,3,44,0.53125,0.609375,0.53125,1.0,0.5996708869934082,0.2082398533821106
107,60,gaussian,3,44,0.375,0.59375,0.375,1.0,2.370635747909546,0.7431722283363342
108,60,gaussian,3,44,0.296875,0.546875,0.296875,1.0,2.2076661586761475,0.7244951128959656
109,60,gaussian,3,44,0.296875,0.53125,0.296875,1.0,0.9702439904212952,0.32212942838668823
110,60,gaussian,3,44,0.25,0.2265625,0.4980392156862745,1.0,1.722155213356018,0.4992418587207794
111,60,gaussian,3,44,0.296875,0.453125,0.296875,1.0,5.677355766296387,1.7496222257614136
112,60,gaussian,3,44,0.390625,0.359375,0.390625,1.0,4.6765851974487305,1.5593430995941162
113,60,gaussian,3,44,0.71875,0.28125,0.71875,1.0,0.5517438054084778,0.15466707944869995
114,60,gaussian,3,44,0.515625,0.546875,0.515625,1.0,2.0862627029418945,0.7577435970306396
115,60,gaussian,3,44,0.5,0.484375,0.5,1.0,0.9123257994651794,0.30761444568634033
116,60,gaussian,3,44,0.3125,0.65625,0.3125,1.0,0.4478154480457306,0.15799151360988617
117,60,gaussian,3,44,0.609375,0.640625,0.609375,1.0,2.766786575317383,0.992725670337677
118,60,gaussian,3,44,0.5625,0.625,0.5625,1.0,0.9182994365692139,0.32977649569511414
119,60,gaussian,3,44,0.6875,0.328125,0.6875,1.0,0.408610999584198,0.12238209694623947
120,60,gaussian,3,44,0.671875,0.65625,0.671875,1.0,2.638038158416748,0.9035865068435669
121,60,gaussian,3,44,0.3125,0.515625,0.3125,1.0,0.6752206087112427,0.21896404027938843
122,60,gaussian,3,44,0.5,0.46875,0.5,1.0,2.57244610786438,0.8807703852653503
123,60,gaussian,3,44,0.390625,0.46875,0.390625,1.0,2.6461899280548096,0.8517206311225891
124,60,gaussian,3,44,0.375,0.46875,0.375,1.0,2.203932285308838,0.6851749420166016
125,60,gaussian,3,44,0.390625,0.640625,0.390625,1.0,2.491393804550171,0.8657653331756592
126,60,gaussian,3,44,0.2421875,0.2578125,0.49310344827586206,1.0,1.1709340810775757,0.34171029925346375
127,60,gaussian,3,44,0.3125,0.28125,0.3125,1.0,2.386409282684326,0.7681828737258911
128,60,gaussian,3,44,0.3125,0.515625,0.3125,1.0,3.042536735534668,1.1153662204742432
129,60,gaussian,3,44,0.25,0.59375,0.25,1.0,2.231945037841797,0.6993544101715088
130,60,gaussian,3,44,0.390625,0.453125,0.390625,1.0,1.7197799682617188,0.547264039516449
131,60,gaussian,3,44,0.515625,0.484375,0.515625,1.0,4.595700263977051,1.5311439037322998
132,60,gaussian,3,44,0.453125,0.5625,0.453125,1.0,0.6487102508544922,0.21692173182964325
133,60,gaussian,3,44,0.21875,0.578125,0.21875,1.0,0.9794743061065674,0.3003983199596405
134,60,gaussian,3,44,0.421875,0.40625,0.421875,1.0,0.8925143480300903,0.3314261734485626
135,60,gaussian,3,44,0.34375,0.609375,0.34375,1.0,0.7415512800216675,0.2504967451095581
136,60,gaussian,3,44,0.265625,0.625,0.265625,1.0,0.7150279879570007,0.2318403124809265
137,60,gaussian,3,44,0.59375,0.625,0.59375,1.0,1.0359562635421753,0.3513859808444977
138,60,gaussian,3,44,0.125,0.109375,0.4,1.0,2.3860361576080322,0.7612284421920776
139,60,gaussian,3,44,0.296875,0.59375,0.296875,1.0,2.984426498413086,0.9082119464874268
140,60,gaussian,3,44,0.515625,0.515625,0.515625,1.0,4.302640914916992,1.6242889165878296
141,60,gaussian,3,44,0.328125,0.546875,0.328125,1.0,6.97788143157959,2.3933794498443604
142,60,gaussian,3,44,0.359375,0.46875,0.359375,1.0,2.2048983573913574,0.6851749420166016
143,60,gaussian,3,44,0.234375,0.25,0.4919028340080972,1.0,1.4674673080444336,0.4657178521156311
144,60,gaussian,3,44,0.5,0.484375,0.5,1.0,5.8261494636535645,2.0613677501678467
145,60,gaussian,3,44,0.625,0.6875,0.625,1.0,0.6754668951034546,0.21171636879444122
146,60,gaussian,3,44,0.3125,0.578125,0.3125,1.0,2.1465582847595215,0.6644845008850098
147,60,gaussian,3,44,0.265625,0.59375,0.265625,1.0,0.8019664883613586,0.27085137367248535
148,60,gaussian,3,44,0.296875,0.578125,0.296875,1.0,1.9553000926971436,0.6577370762825012
149,60,gaussian,3,44,0.296875,0.25,0.6785714285714286,1.0,4.2275190353393555,1.2786591053009033
150,60,gaussian,3,44,0.4375,0.484375,0.4375,1.0,3.8435733318328857,1.2599085569381714
151,60,gaussian,3,44,0.265625,0.5625,0.265625,1.0,3.2841639518737793,1.0863207578659058
152,60,gaussian,3,44,0.734375,0.53125,0.734375,1.0,0.2915915846824646,0.10301131755113602
153,60,gaussian,3,44,0.4375,0.46875,0.4375,1.0,1.6975356340408325,0.5545709729194641
154,60,gaussian,3,44,0.484375,0.53125,0.484375,1.0,1.588244915008545,0.5930553674697876
155,60,gaussian,3,44,0.3125,0.53125,0.3125,1.0,1.0901165008544922,0.3603912591934204
156,60,gaussian,3,44,0.5,0.484375,0.5,1.0,5.695862770080566,2.0140182971954346
157,60,gaussian,3,44,0.296875,0.28125,0.296875,1.0,1.651785135269165,0.4903971254825592
158,60,gaussian,3,44,0.25,0.640625,0.25,1.0,1.3777992725372314,0.4763934910297394
159,60,gaussian,3,44,0.640625,0.5,0.640625,1.0,1.4964274168014526,0.5063760876655579
160,60,gaussian,3,44,0.5,0.5625,0.5,1.0,1.2470667362213135,0.44280362129211426
161,60,gaussian,3,44,0.2421875,0.265625,0.4989878542510121,1.0,3.2293591499328613,0.9610816836357117
162,60,gaussian,3,44,0.234375,0.640625,0.234375,1.0,0.5722719430923462,0.196063831448555
163,60,gaussian,3,44,0.359375,0.40625,0.359375,1.0,0.439386785030365,0.1364739090204239
164,60,gaussian,3,44,0.34375,0.59375,0.34375,1.0,1.147470474243164,0.3564257323741913
165,60,gaussian,3,44,0.28125,0.578125,0.28125,1.0,2.2806472778320312,0.7741732597351074
166,60,gaussian,3,44,0.34375,0.421875,0.34375,1.0,3.0997955799102783,0.9832900166511536
167,60,gaussian,3,44,0.609375,0.46875,0.609375,1.0,1.016761302947998,0.3411709666252136
168,60,gaussian,3,44,0.578125,0.21875,0.578125,1.0,0.38467535376548767,0.12830401957035065
169,60,gaussian,3,44,0.2421875,0.234375,0.4686234817813766,1.0,3.7784535884857178,1.1032991409301758
170,60,gaussian,3,44,0.375,0.46875,0.5853658536585366,1.0,2.408998489379883,0.7291880249977112
171,60,gaussian,3,44,0.25,0.5625,0.25,1.0,1.0306440591812134,0.3143889904022217
172,60,gaussian,3,44,0.5625,0.5625,0.5625,1.0,1.317612886428833,0.4321223497390747
173,60,gaussian,3,44,0.25,0.2734375,0.5143160127253447,1.0,1.4495929479599,0.43509641289711
174,60,gaussian,3,44,0.296875,0.453125,0.296875,1.0,5.6758575439453125,1.7496222257614136
175,60,gaussian,3,44,0.203125,0.59375,0.203125,1.0,0.9584735631942749,0.3008495271205902
176,60,gaussian,3,44,0.28125,0.625,0.28125,1.0,1.0021942853927612,0.3339638113975525
177,60,gaussian,3,44,0.515625,0.625,0.515625,1.0,0.6033800840377808,0.2075459063053131
178,60,gaussian,3,44,0.296875,0.609375,0.296875,1.0,1.980402946472168,0.6610430479049683
179,60,gaussian,3,44,0.5,0.5,0.5,1.0,2.4126572608947754,0.840613842010498
180,60,gaussian,3,44,0.5,0.546875,0.5,1.0,5.13137149810791,1.7545218467712402
181,60,gaussian,3,44,0.578125,0.5625,0.578125,1.0,2.8993873596191406,0.9715073108673096
182,60,gaussian,3,44,0.234375,0.609375,0.234375,1.0,1.1196620464324951,0.35109952092170715
183,60,gaussian,3,44,0.296875,0.296875,0.4634146341463415,1.0,7.1855788230896,2.1728131771087646
184,60,gaussian,3,44,0.390625,0.453125,0.390625,1.0,1.719667673110962,0.547264039516449
185,60,gaussian,3,44,0.359375,0.453125,0.359375,1.0,2.2045950889587402,0.6851749420166016
186,60,gaussian,3,44,0.25,0.546875,0.25,1.0,3.163304328918457,1.0076630115509033
187,60,gaussian,3,44,0.3125,0.546875,0.3125,1.0,1.9825305938720703,0.6609451770782471
188,60,gaussian,3,44,0.421875,0.546875,0.421875,1.0,2.9219248294830322,1.0034650564193726
189,60,gaussian,3,44,0.28125,0.546875,0.28125,1.0,1.1464104652404785,0.3700445890426636
190,60,gaussian,3,44,0.2734375,0.25,0.5382352941176471,1.0,3.9250125885009766,1.2130283117294312
191,60,gaussian,3,44,0.4375,0.578125,0.4375,1.0,0.7930524349212646,0.27921316027641296
192,60,gaussian,3,44,0.625,0.359375,0.625,1.0,0.6286939382553101,0.21539020538330078
193,60,gaussian,3,44,0.265625,0.578125,0.265625,1.0,1.0933711528778076,0.34890034794807434
194,60,gaussian,3,44,0.171875,0.15625,0.2972972972972973,1.0,2.4256463050842285,0.789128839969635
195,60,gaussian,3,44,0.328125,0.59375,0.328125,1.0,0.5938100814819336,0.20137372612953186
196,60,gaussian,3,44,0.5,0.546875,0.5,1.0,8.916847229003906,3.100173234939575
197,60,gaussian,3,44,0.453125,0.53125,0.453125,1.0,7.622727394104004,2.7399749755859375
198,60,gaussian,3,44,0.609375,0.53125,0.609375,1.0,2.1855509281158447,0.7424365282058716
199,60,gaussian,3,44,0.578125,0.5625,0.578125,1.0,2.89829158782959,0.9715073108673096
200,60,gaussian,3,44,0.359375,0.5625,0.359375,1.0,1.9518318176269531,0.6195946931838989
201,60,gaussian,3,44,0.765625,0.171875,0.765625,1.0,3.2183825969696045,0.8790019154548645
202,60,gaussian,3,44,0.609375,0.59375,0.609375,1.0,2.052356004714966,0.6990537643432617
203,60,gaussian,3,44,0.28125,0.546875,0.28125,1.0,1.0507622957229614,0.3582276403903961
204,60,gaussian,3,44,0.5,0.484375,0.5,1.0,5.692831993103027,2.0140180587768555
205,60,gaussian,3,44,0.4375,0.21875,0.4375,1.0,3.59004282951355,1.1772255897521973
206,60,gaussian,3,44,0.5,0.546875,0.5,1.0,4.5911946296691895,1.6278573274612427
207,60,gaussian,3,44,0.5625,0.640625,0.5625,1.0,4.1377668380737305,1.3380197286605835
208,60,gaussian,3,44,0.578125,0.609375,0.578125,1.0,5.026392936706543,1.6592539548873901
209,60,gaussian,3,44,0.2578125,0.25,0.49099099099099097,1.0,3.688199996948242,1.234879970550537
210,60,gaussian,3,44,0.421875,0.640625,0.421875,1.0,2.020854949951172,0.6944704055786133
211,60,gaussian,3,44,0.234375,0.21875,0.4166666666666667,1.0,1.5379493236541748,0.4530969560146332
212,60,gaussian,3,44,0.5,0.484375,0.5,1.0,0.9117386341094971,0.30761444568634033
213,60,gaussian,3,44,0.46875,0.359375,0.46875,1.0,3.214620351791382,1.057142972946167
214,60,gaussian,3,44,0.28125,0.28125,0.28125,1.0,0.6520099639892578,0.18908612430095673
215,60,gaussian,3,44,0.3125,0.578125,0.3125,1.0,1.2507953643798828,0.40949976444244385
216,60,gaussian,3,44,0.2421875,0.25,0.5041666666666667,1.0,2.5774641036987305,0.7750096321105957
217,60,gaussian,3,44,0.671875,0.65625,0.671875,1.0,2.6373238563537598,0.9035865664482117
218,60,gaussian,3,44,0.25,0.625,0.25,1.0,0.38130444288253784,0.11595472693443298
219,60,gaussian,3,44,0.3125,0.546875,0.3125,1.0,1.5622622966766357,0.53465336561203
220,60,gaussian,3,44,0.34375,0.609375,0.34375,1.0,3.551793336868286,1.264445424079895
221,60,gaussian,3,44,0.296875,0.609375,0.296875,1.0,1.7262147665023804,0.6209012866020203
222,60,gaussian,3,44,0.15625,0.125,0.4,1.0,2.8402066230773926,0.8206217885017395
223,60,gaussian,3,44,0.5,0.484375,0.5,1.0,5.696022987365723,2.0140182971954346
224,60,gaussian,3,44,0.40625,0.578125,0.40625,1.0,0.8664203882217407,0.31613126397132874
225,60,gaussian,3,44,0.375,0.609375,0.375,1.0,1.9274171590805054,0.6093341708183289
226,60,gaussian,3,44,0.328125,0.609375,0.328125,1.0,1.1114861965179443,0.37269607186317444
227,60,gaussian,3,44,0.28125,0.578125,0.28125,1.0,2.2830967903137207,0.7741733193397522
228,60,gaussian,3,44,0.390625,0.375,0.390625,1.0,4.673037528991699,1.5593429803848267
229,60,gaussian,3,44,0.265625,0.609375,0.265625,1.0,0.7378307580947876,0.25312626361846924
230,60,gaussian,3,44,0.2421875,0.2265625,0.473973973973974,1.0,1.8852229118347168,0.5500473380088806
231,60,gaussian,3,44,0.515625,0.46875,0.515625,1.0,0.8958982229232788,0.3026740550994873
232,60,gaussian,3,44,0.234375,0.2578125,0.45238095238095244,1.0,2.831063985824585,0.8633221387863159
233,60,gaussian,3,44,0.390625,0.40625,0.390625,1.0,8.946990966796875,2.8167831897735596
234,60,gaussian,3,44,0.453125,0.46875,0.453125,1.0,1.2975488901138306,0.44948655366897583
235,60,gaussian,3,44,0.609375,0.453125,0.609375,1.0,1.0168943405151367,0.3411709666252136
236,60,gaussian,3,44,0.5,0.484375,0.5,1.0,3.455925464630127,1.1829627752304077
237,60,gaussian,3,44,0.21875,0.2265625,0.45845845845845845,1.0,4.861565589904785,1.5281610488891602
238,60,gaussian,3,44,0.3125,0.578125,0.3125,1.0,1.3902320861816406,0.44894513487815857
239,60,gaussian,3,44,0.484375,0.59375,0.484375,1.0,1.719003438949585,0.583961009979248
240,60,gaussian,3,44,0.578125,0.21875,0.578125,1.0,0.383767306804657,0.12830401957035065
241,60,gaussian,3,44,0.484375,0.484375,0.62,1.0,2.1091184616088867,0.6737768650054932
242,60,gaussian,3,44,0.703125,0.34375,0.703125,1.0,6.807164192199707,2.034745931625366
243,60,gaussian,3,44,0.515625,0.609375,0.515625,1.0,0.5101862549781799,0.18050700426101685
244,60,gaussian,3,44,0.59375,0.59375,0.59375,1.0,1.9581072330474854,0.7009580731391907
245,60,gaussian,3,44,0.40625,0.4375,0.40625,1.0,0.8758530616760254,0.28011971712112427
246,60,gaussian,3,44,0.625,0.59375,0.625,1.0,2.0523948669433594,0.6990537643432617
247,60,gaussian,3,44,0.59375,0.4375,0.59375,1.0,2.4536452293395996,0.8268192410469055
248,60,gaussian,3,44,0.34375,0.390625,0.34375,1.0,1.8933324813842773,0.5858239531517029
249,60,gaussian,3,44,0.765625,0.625,0.765625,1.0,0.9958925247192383,0.28227680921554565
250,60,gaussian,3,44,0.265625,0.640625,0.265625,1.0,1.2145739793777466,0.4082562029361725
251,60,gaussian,3,44,0.28125,0.609375,0.28125,1.0,0.9957994222640991,0.33111751079559326
252,60,gaussian,3,44,0.5,0.46875,0.5,1.0,0.6580503582954407,0.23269625008106232
253,60,gaussian,3,44,0.609375,0.625,0.609375,1.0,1.035566806793213,0.3513859808444977
254,60,gaussian,3,44,0.328125,0.3125,0.328125,1.0,1.7801434993743896,0.5326981544494629
255,60,gaussian,3,44,0.328125,0.59375,0.328125,1.0,6.260117053985596,2.1230101585388184
256,60,gaussian,3,44,0.53125,0.59375,0.53125,1.0,2.088204860687256,0.7215080261230469
257,60,gaussian,3,44,0.296875,0.59375,0.296875,1.0,1.9557297229766846,0.657737135887146
258,60,gaussian,3,44,0.265625,0.609375,0.265625,1.0,0.38158655166625977,0.11595472693443298
259,60,gaussian,3,44,0.28125,0.640625,0.28125,1.0,1.8513739109039307,0.6457422375679016
260,60,gaussian,3,44,0.28125,0.5625,0.28125,1.0,1.147560477256775,0.3700445890426636
261,60,gaussian,3,44,0.328125,0.40625,0.328125,1.0,2.4910855293273926,0.7661331295967102
262,60,gaussian,3,44,0.59375,0.4375,0.59375,1.0,2.231175184249878,0.7021687030792236
263,60,gaussian,3,44,0.25,0.5625,0.25,1.0,3.669006824493408,1.1736830472946167
264,60,gaussian,3,44,0.5,0.484375,0.5,1.0,1.2715446949005127,0.44965362548828125
265,60,gaussian,3,44,0.28125,0.59375,0.28125,1.0,1.9339556694030762,0.6334043145179749
266,60,gaussian,3,44,0.3125,0.546875,0.3125,1.0,1.5621943473815918,0.53465336561203
267,60,gaussian,3,44,0.328125,0.59375,0.328125,1.0,2.8454957008361816,0.9650029540061951
268,60,gaussian,3,44,0.296875,0.609375,0.296875,1.0,0.9673898220062256,0.2980898916721344
269,60,gaussian,3,44,0.453125,0.5,0.453125,1.0,3.847478151321411,1.2599085569381714
270,60,gaussian,3,44,0.671875,0.65625,0.671875,1.0,1.1655372381210327,0.4179263412952423
271,60,gaussian,3,44,0.4375,0.6875,0.4375,1.0,0.43930912017822266,0.14059361815452576
272,60,gaussian,3,44,0.25,0.2734375,0.5143160127253447,1.0,1.4484635591506958,0.4350964426994324
273,60,gaussian,3,44,0.59375,0.59375,0.59375,1.0,1.0077030658721924,0.33937451243400574
274,60,gaussian,3,44,0.46875,0.234375,0.46875,1.0,1.1682920455932617,0.38014301657676697
275,60,gaussian,3,44,0.578125,0.65625,0.578125,1.0,0.6118675470352173,0.21594159305095673
276,60,gaussian,3,44,0.28125,0.625,0.28125,1.0,2.1053004264831543,0.7025063633918762
277,60,gaussian,3,44,0.28125,0.625,0.28125,1.0,1.002190351486206,0.3339638113975525
278,60,gaussian,3,44,0.5,0.609375,0.5,1.0,0.38916438817977905,0.13670700788497925
279,60,gaussian,3,44,0.25,0.65625,0.25,1.0,1.3764880895614624,0.4763934910297394
280,60,gaussian,3,44,0.390625,0.4375,0.390625,1.0,2.4566972255706787,0.8038055300712585
281,60,gaussian,3,44,0.328125,0.5625,0.328125,1.0,1.210827350616455,0.39859431982040405
282,60,gaussian,3,44,0.375,0.546875,0.375,1.0,1.2031278610229492,0.4197874069213867
283,60,gaussian,3,44,0.359375,0.65625,0.359375,1.0,0.8227773308753967,0.24803966283798218
284,60,gaussian,3,44,0.359375,0.5625,0.359375,1.0,1.7930119037628174,0.5745750665664673
285,60,gaussian,3,44,0.328125,0.609375,0.328125,1.0,1.3565095663070679,0.44404155015945435
286,60,gaussian,3,44,0.203125,0.59375,0.203125,1.0,0.958504319190979,0.3008495271205902
287,60,gaussian,3,44,0.40625,0.390625,0.40625,1.0,3.5188183784484863,1.2222450971603394
288,60,gaussian,3,44,0.46875,0.609375,0.46875,1.0,2.1418023109436035,0.728180468082428
289,60,gaussian,3,44,0.515625,0.484375,0.515625,1.0,0.8956221342086792,0.3026740550994873
290,60,gaussian,3,44,0.28125,0.609375,0.28125,1.0,2.106102705001831,0.7025063633918762
291,60,gaussian,3,44,0.28125,0.59375,0.28125,1.0,2.6914114952087402,0.8147039413452148
292,60,gaussian,3,44,0.515625,0.484375,0.515625,1.0,0.8950512409210205,0.3026740550994873
293,60,gaussian,3,44,0.234375,0.59375,0.234375,1.0,0.7445505261421204,0.25127193331718445
294,60,gaussian,3,44,0.546875,0.5,0.546875,1.0,1.394266128540039,0.48892122507095337
295,60,gaussian,3,44,0.28125,0.640625,0.28125,1.0,0.38562092185020447,0.126343235373497
296,60,gaussian,3,44,0.3125,0.578125,0.3125,1.0,1.389024019241333,0.44894513487815857
297,60,gaussian,3,44,0.3125,0.578125,0.3125,1.0,1.761267066001892,0.5635548233985901
298,60,gaussian,3,44,0.328125,0.359375,0.328125,1.0,3.5351860523223877,1.1178392171859741
299,60,gaussian,3,44,0.3125,0.625,0.3125,1.0,1.283705711364746,0.4271469712257385
300,60,gaussian,3,44,0.640625,0.375,0.640625,1.0,1.3554449081420898,0.4147160053253174
301,60,gaussian,3,44,0.328125,0.3125,0.328125,1.0,1.7807246446609497,0.5326981544494629
302,60,gaussian,3,44,0.484375,0.625,0.484375,1.0,0.7644842267036438,0.25428953766822815
303,60,gaussian,3,44,0.296875,0.53125,0.296875,1.0,1.090946912765503,0.3603912591934204
304,60,gaussian,3,44,0.625,0.65625,0.625,1.0,3.0320281982421875,1.0100618600845337
305,60,gaussian,3,44,0.3125,0.5625,0.3125,1.0,2.5081396102905273,0.8123971223831177
306,60,gaussian,3,44,0.515625,0.59375,0.515625,1.0,7.925656795501709,2.857163429260254
307,60,gaussian,3,44,0.484375,0.546875,0.484375,1.0,1.2473353147506714,0.44280362129211426
308,60,gaussian,3,44,0.65625,0.609375,0.65625,1.0,3.267101287841797,1.0399411916732788
309,60,gaussian,3,44,0.5,0.484375,0.5,1.0,1.061838984489441,0.3638835549354553
310,60,gaussian,3,44,0.25,0.578125,0.25,1.0,2.778625965118408,0.9126384258270264
311,60,gaussian,3,44,0.25,0.234375,0.49607843137254903,1.0,0.9306913614273071,0.279359370470047
312,60,gaussian,3,44,0.28125,0.671875,0.28125,1.0,0.8923513293266296,0.2761552929878235
313,60,gaussian,3,44,,,,0.0,2.2631280422210693,0.6345010995864868
314,60,gaussian,3,44,0.59375,0.640625,0.59375,1.0,1.1075893640518188,0.3793627917766571
315,60,gaussian,3,44,0.484375,0.625,0.484375,1.0,0.7643239498138428,0.25428953766822815
316,60,gaussian,3,44,0.421875,0.578125,0.421875,1.0,1.3518011569976807,0.47692930698394775
317,60,gaussian,3,44,0.265625,0.21875,0.4594594594594595,1.0,2.5206570625305176,0.7336267828941345
318,60,gaussian,3,44,0.28125,0.640625,0.28125,1.0,0.3856699764728546,0.126343235373497
319,60,gaussian,3,44,0.640625,0.59375,0.640625,1.0,4.638025283813477,1.461611032485962
320,60,gaussian,3,44,0.59375,0.640625,0.59375,1.0,2.767355442047119,0.992725670337677
321,60,gaussian,3,44,0.390625,0.59375,0.390625,1.0,1.8666212558746338,0.6679362058639526
322,60,gaussian,3,44,0.671875,0.65625,0.671875,1.0,1.1650441884994507,0.4179263710975647
323,60,gaussian,3,44,0.40625,0.5625,0.40625,1.0,0.5941580533981323,0.20281963050365448
324,60,gaussian,3,44,0.296875,0.546875,0.296875,1.0,0.9709786772727966,0.32212942838668823
325,60,gaussian,3,44,0.25,0.578125,0.25,1.0,1.0957863330841064,0.34890034794807434
326,60,gaussian,3,44,0.296875,0.28125,0.296875,1.0,1.5568495988845825,0.4471234977245331
327,60,gaussian,3,44,0.578125,0.4375,0.578125,1.0,2.455317497253418,0.8268192410469055
328,60,gaussian,3,44,0.296875,0.625,0.296875,1.0,2.190265655517578,0.6637626886367798
329,60,gaussian,3,44,0.328125,0.59375,0.328125,1.0,1.4986591339111328,0.4902394115924835
330,60,gaussian,3,44,0.578125,0.59375,0.578125,1.0,1.9581398963928223,0.7009580135345459
331,60,gaussian,3,44,0.46875,0.609375,0.46875,1.0,2.1417832374572754,0.728180468082428
332,60,gaussian,3,44,0.75,0.171875,0.75,1.0,3.210519313812256,0.8790019750595093
333,60,gaussian,3,44,0.203125,0.625,0.203125,1.0,0.3484025001525879,0.11650137603282928
334,60,gaussian,3,44,0.296875,0.53125,0.296875,1.0,4.569460868835449,1.6807516813278198
335,60,gaussian,3,44,0.2421875,0.2578125,0.49310344827586206,1.0,1.1709368228912354,0.34171029925346375
336,60,gaussian,3,44,0.3125,0.5625,0.3125,1.0,1.4047622680664062,0.43756991624832153
337,60,gaussian,3,44,0.2421875,0.25,0.49310344827586206,1.0,3.0922327041625977,1.0157617330551147
338,60,gaussian,3,44,0.5625,0.453125,0.5625,1.0,3.091592311859131,1.034892201423645
339,60,gaussian,3,44,0.71875,0.296875,0.71875,1.0,0.6773608922958374,0.19394280016422272
340,60,gaussian,3,44,0.234375,0.203125,0.234375,1.0,0.5836397409439087,0.16235987842082977
341,60,gaussian,3,44,0.25,0.265625,0.41025641025641024,1.0,4.470949172973633,1.2944576740264893
342,60,gaussian,3,44,0.328125,0.625,0.328125,1.0,1.110496163368225,0.37269607186317444
343,60,gaussian,3,44,0.265625,0.25,0.425,1.0,2.576434373855591,0.7750096321105957
344,60,gaussian,3,44,0.390625,0.40625,0.390625,1.0,8.9522705078125,2.8167831897735596
345,60,gaussian,3,44,0.265625,0.609375,0.265625,1.0,0.3816165328025818,0.11595472693443298
346,60,gaussian,3,44,0.28125,0.640625,0.28125,1.0,1.9717849493026733,0.576625645160675
347,60,gaussian,3,44,0.34375,0.59375,0.34375,1.0,0.8604441285133362,0.2837355136871338
348,60,gaussian,3,44,0.2421875,0.234375,0.4686234817813766,1.0,3.778212070465088,1.1032991409301758
349,60,gaussian,3,44,0.609375,0.578125,0.609375,1.0,1.0076655149459839,0.33937451243400574
350,60,gaussian,3,44,0.53125,0.625,0.53125,1.0,0.6027567982673645,0.2075459063053131
351,60,gaussian,3,44,0.6875,0.625,0.6875,1.0,3.7206199169158936,1.15048086643219
352,60,gaussian,3,44,0.515625,0.609375,0.515625,1.0,2.087423324584961,0.7215080261230469
353,60,gaussian,3,44,0.421875,0.546875,0.421875,1.0,2.9204885959625244,1.0034650564193726
354,60,gaussian,3,44,0.328125,0.34375,0.328125,1.0,1.6569209098815918,0.493623822927475
355,60,gaussian,3,44,0.234375,0.296875,0.5555555555555556,1.0,3.372652530670166,1.038974404335022
356,60,gaussian,3,44,0.359375,0.484375,0.359375,1.0,2.775583267211914,0.9391175508499146
357,60,gaussian,3,44,0.28125,0.609375,0.28125,1.0,0.9959886074066162,0.3311174809932709
358,60,gaussian,3,44,0.421875,0.609375,0.421875,1.0,0.4596763253211975,0.14759927988052368
359,60,gaussian,3,44,0.21875,0.1875,0.45161290322580644,1.0,0.8069755434989929,0.22524605691432953
360,60,gaussian,3,44,0.28125,0.5625,0.28125,1.0,1.04985511302948,0.3582276403903961
361,60,gaussian,3,44,0.546875,0.390625,0.546875,1.0,1.0876481533050537,0.3755591809749603
362,60,gaussian,3,44,0.296875,0.609375,0.296875,1.0,2.540262460708618,0.8767144680023193
363,60,gaussian,3,44,0.375,0.40625,0.375,1.0,10.867778778076172,3.418128252029419
364,60,gaussian,3,44,0.546875,0.59375,0.546875,1.0,6.555116653442383,2.1592392921447754
365,60,gaussian,3,44,0.296875,0.3125,0.296875,1.0,3.8440656661987305,1.1474220752716064
366,60,gaussian,3,44,0.515625,0.5,0.515625,1.0,4.303802490234375,1.62428879737854
367,60,gaussian,3,44,0.5,0.484375,0.5,1.0,1.7840651273727417,0.6378217339515686
368,60,gaussian,3,44,0.234375,0.2265625,0.48809523809523814,1.0,2.1021018028259277,0.7230730056762695
369,60,gaussian,3,44,0.578125,0.21875,0.578125,1.0,0.3848099112510681,0.12830401957035065
370,60,gaussian,3,44,0.671875,0.65625,0.671875,1.0,2.6372745037078857,0.9035865664482117
371,60,gaussian,3,44,0.25,0.5625,0.25,1.0,3.6726417541503906,1.1736831665039062
372,60,gaussian,3,44,0.375,0.453125,0.375,1.0,1.8318949937820435,0.6055760979652405
373,60,gaussian,3,44,0.359375,0.640625,0.359375,1.0,0.6797105073928833,0.20721293985843658
374,60,gaussian,3,44,0.421875,0.640625,0.421875,1.0,1.23711359500885,0.4123956561088562
375,60,gaussian,3,44,0.3125,0.546875,0.3125,1.0,2.398381471633911,0.7736673951148987
376,60,gaussian,3,44,0.265625,0.265625,0.4594594594594595,1.0,1.350272297859192,0.3568437993526459
377,60,gaussian,3,44,0.6875,0.609375,0.6875,1.0,1.975158452987671,0.7020685076713562
378,60,gaussian,3,44,0.40625,0.390625,0.40625,1.0,3.5185532569885254,1.2222450971603394
379,60,gaussian,3,44,0.5,0.25,0.5,1.0,0.6026602387428284,0.20267699658870697
380,60,gaussian,3,44,0.34375,0.640625,0.34375,1.0,0.8819743394851685,0.2840360701084137
381,60,gaussian,3,44,0.25,0.65625,0.25,1.0,0.573441743850708,0.196063831448555
382,60,gaussian,3,44,0.34375,0.609375,0.34375,1.0,0.7409039735794067,0.2504967451095581
383,60,gaussian,3,44,0.609375,0.640625,0.609375,1.0,6.6090087890625,2.265450954437256
384,60,gaussian,3,44,0.328125,0.59375,0.328125,1.0,2.8454060554504395,0.9650029540061951
385,60,gaussian,3,44,0.375,0.640625,0.375,1.0,0.7205591201782227,0.22202575206756592
386,60,gaussian,3,44,0.515625,0.5,0.515625,1.0,4.303067684173584,1.62428879737854
387,60,gaussian,3,44,0.25,0.5625,0.25,1.0,1.0308926105499268,0.3143889904022217
388,60,gaussian,3,44,0.265625,0.609375,0.265625,1.0,0.5285348892211914,0.17235849797725677
389,60,gaussian,3,44,0.4375,0.640625,0.4375,1.0,2.359757423400879,0.7492405772209167
390,60,gaussian,3,44,0.25,0.25,0.525,1.0,2.5780115127563477,0.7750095725059509
391,60,gaussian,3,44,0.359375,0.453125,0.359375,1.0,6.238321304321289,2.0151495933532715
392,60,gaussian,3,44,0.5,0.421875,0.5,1.0,6.1394500732421875,2.118906021118164
393,60,gaussian,3,44,0.28125,0.265625,0.5061224489795919,1.0,2.1125011444091797,0.6737769246101379
394,60,gaussian,3,44,0.25,0.609375,0.25,1.0,2.5176987648010254,0.8192574381828308
395,60,gaussian,3,44,0.5,0.59375,0.5,1.0,2.9786758422851562,0.9889764785766602
396,60,gaussian,3,44,0.328125,0.34375,0.328125,1.0,1.6546944379806519,0.493623822927475
397,60,gaussian,3,44,0.328125,0.59375,0.328125,1.0,2.08048677444458,0.6389673948287964
398,60,gaussian,3,44,0.25,0.2265625,0.4980392156862745,1.0,1.723104476928711,0.4992418587207794
399,60,gaussian,3,44,0.546875,0.46875,0.546875,1.0,0.5595141649246216,0.18913434445858002
400,60,gaussian,3,44,0.578125,0.234375,0.578125,1.0,0.38488370180130005,0.12830401957035065
401,60,gaussian,3,44,0.328125,0.59375,0.328125,1.0,1.4943488836288452,0.5059489011764526
402,60,gaussian,3,44,0.375,0.640625,0.375,1.0,1.3181384801864624,0.3991532325744629
403,60,gaussian,3,44,0.3125,0.578125,0.3125,1.0,1.761504888534546,0.5635548233985901
404,60,gaussian,3,44,0.4375,0.421875,0.4375,1.0,1.6725468635559082,0.5265775918960571
405,60,gaussian,3,44,0.3125,0.3125,0.3125,1.0,1.0729190111160278,0.3414474129676819
406,60,gaussian,3,44,0.453125,0.5625,0.453125,1.0,0.3829803168773651,0.12795434892177582
407,60,gaussian,3,44,0.671875,0.65625,0.671875,1.0,2.6378915309906006,0.9035865664482117
408,60,gaussian,3,44,0.6875,0.609375,0.6875,1.0,0.8946005702018738,0.2778869569301605
409,60,gaussian,3,44,0.28125,0.59375,0.28125,1.0,1.9347035884857178,0.6334043145179749
410,60,gaussian,3,44,,,,0.0,2.261798858642578,0.6345010995864868
411,60,gaussian,3,44,0.296875,0.328125,0.6129032258064516,1.0,2.0339863300323486,0.6884003281593323
412,60,gaussian,3,44,0.25,0.2265625,0.4980392156862745,1.0,1.7210416793823242,0.49924182891845703
413,60,gaussian,3,44,0.6875,0.609375,0.6875,1.0,1.975050449371338,0.7020685076713562
414,60,gaussian,3,44,0.34375,0.5625,0.34375,1.0,5.381833076477051,1.751750111579895
415,60,gaussian,3,44,0.328125,0.59375,0.328125,1.0,1.823770523071289,0.6038284301757812
416,60,gaussian,3,44,0.5,0.5625,0.5,1.0,5.130555152893066,1.7545218467712402
417,60,gaussian,3,44,0.2265625,0.2265625,0.46748768472906405,1.0,2.101724147796631,0.7230730056762695
418,60,gaussian,3,44,0.53125,0.609375,0.53125,1.0,2.563868522644043,0.8485561013221741
419,60,gaussian,3,44,0.34375,0.390625,0.34375,1.0,1.8932921886444092,0.5858238935470581
420,60,gaussian,3,44,0.71875,0.296875,0.71875,1.0,0.6773004531860352,0.19394280016422272
421,60,gaussian,3,44,0.65625,0.453125,0.65625,1.0,2.252196788787842,0.8380820155143738
422,60,gaussian,3,44,0.34375,0.578125,0.34375,1.0,5.3818535804748535,1.751750111579895
423,60,gaussian,3,44,0.328125,0.40625,0.328125,1.0,1.8933720588684082,0.5858239531517029
424,60,gaussian,3,44,0.265625,0.5625,0.265625,1.0,1.1319220066070557,0.3642869293689728
425,60,gaussian,3,44,0.28125,0.5625,0.28125,1.0,1.5921907424926758,0.568133533000946
426,60,gaussian,3,44,0.5625,0.640625,0.5625,1.0,1.6744496822357178,0.5940494537353516
427,60,gaussian,3,44,0.28125,0.578125,0.28125,1.0,0.5061982274055481,0.1797412782907486
428,60,gaussian,3,44,0.5,0.546875,0.5,1.0,8.915627479553223,3.100173234939575
429,60,gaussian,3,44,0.3125,0.546875,0.3125,1.0,1.0912433862686157,0.3603912591934204
430,60,gaussian,3,44,0.40625,0.46875,0.40625,1.0,6.645005702972412,2.1284685134887695
431,60,gaussian,3,44,0.59375,0.421875,0.59375,1.0,3.276641368865967,1.1134580373764038
432,60,gaussian,3,44,0.46875,0.40625,0.46875,1.0,0.9794125556945801,0.3559204936027527
433,60,gaussian,3,44,0.46875,0.359375,0.46875,1.0,3.2130203247070312,1.057142972946167
434,60,gaussian,3,44,0.453125,0.625,0.453125,1.0,1.7112447023391724,0.5805887579917908
435,60,gaussian,3,44,0.234375,0.25,0.47881773399014776,1.0,2.622279167175293,0.8277302384376526
436,60,gaussian,3,44,0.34375,0.640625,0.34375,1.0,2.661496877670288,0.8243602514266968
437,60,gaussian,3,44,0.4375,0.234375,0.4375,1.0,3.588998556137085,1.1772257089614868
438,60,gaussian,3,44,0.3125,0.5625,0.3125,1.0,2.146237373352051,0.664484441280365
439,60,gaussian,3,44,0.59375,0.578125,0.59375,1.0,1.9588561058044434,0.7009580731391907
440,60,gaussian,3,44,0.3125,0.546875,0.3125,1.0,1.6053423881530762,0.48045358061790466
441,60,gaussian,3,44,0.359375,0.625,0.359375,1.0,2.6631007194519043,0.8243602514266968
442,60,gaussian,3,44,0.296875,0.609375,0.296875,1.0,1.9812331199645996,0.6610430479049683
443,60,gaussian,3,44,0.34375,0.34375,0.34375,1.0,2.456766128540039,0.8085213303565979
444,60,gaussian,3,44,0.4375,0.296875,0.4375,1.0,1.0733624696731567,0.35230109095573425
445,60,gaussian,3,44,0.3125,0.625,0.3125,1.0,1.3908584117889404,0.44987571239471436
446,60,gaussian,3,44,0.75,0.1875,0.75,1.0,3.3862061500549316,0.9584826231002808
447,60,gaussian,3,44,0.421875,0.578125,0.421875,1.0,1.1867382526397705,0.41074275970458984
448,60,gaussian,3,44,0.28125,0.625,0.28125,1.0,1.1940958499908447,0.3513529300689697
449,60,gaussian,3,44,0.25,0.25,0.5179487179487179,1.0,3.2278778553009033,0.9610816836357117
450,60,gaussian,3,44,0.25,0.59375,0.25,1.0,2.5189285278320312,0.819257378578186
451,60,gaussian,3,44,0.265625,0.5625,0.265625,1.0,3.2844433784484863,1.0863207578659058
452,60,gaussian,3,44,0.359375,0.40625,0.359375,1.0,0.8952891826629639,0.27115345001220703
453,60,gaussian,3,44,0.25,0.59375,0.25,1.0,0.62778240442276,0.22103217244148254
454,60,gaussian,3,44,0.3125,0.328125,0.3125,1.0,1.7795462608337402,0.5326981544494629
455,60,gaussian,3,44,0.28125,0.578125,0.28125,1.0,0.5061155557632446,0.1797412782907486
456,60,gaussian,3,44,0.421875,0.625,0.421875,1.0,1.237187385559082,0.4123956561088562
457,60,gaussian,3,44,0.40625,0.40625,0.40625,1.0,0.6732810735702515,0.23122216761112213
458,60,gaussian,3,44,0.296875,0.328125,0.296875,1.0,1.0188684463500977,0.2903383672237396
459,60,gaussian,3,44,0.390625,0.40625,0.390625,1.0,0.5096407532691956,0.16093620657920837
460,60,gaussian,3,44,0.515625,0.609375,0.515625,1.0,2.050109624862671,0.6800931692123413
461,60,gaussian,3,44,0.3125,0.609375,0.3125,1.0,1.3054755926132202,0.43724924325942993
462,60,gaussian,3,44,0.328125,0.40625,0.328125,1.0,1.894093632698059,0.5858238935470581
463,60,gaussian,3,44,0.265625,0.609375,0.265625,1.0,0.3817221522331238,0.11595472693443298
464,60,gaussian,3,44,0.25,0.578125,0.25,1.0,1.1887421607971191,0.37062299251556396
465,60,gaussian,3,44,0.3125,0.4375,0.3125,1.0,2.8697550296783447,1.0084228515625
466,60,gaussian,3,44,0.484375,0.4375,0.484375,1.0,1.2091351747512817,0.46255072951316833
467,60,gaussian,3,44,0.265625,0.671875,0.265625,1.0,0.8928496837615967,0.2761553227901459
468,60,gaussian,3,44,0.25,0.3125,0.5517241379310345,1.0,1.1720317602157593,0.34171029925346375
469,60,gaussian,3,44,0.34375,0.390625,0.34375,1.0,0.8947291374206543,0.27115345001220703
470,60,gaussian,3,44,0.2578125,0.265625,0.515625,1.0,0.8072013258934021,0.22524607181549072
471,60,gaussian,3,44,0.578125,0.234375,0.578125,1.0,0.38488662242889404,0.12830401957035065
472,60,gaussian,3,44,0.5625,0.5625,0.5625,1.0,1.3172190189361572,0.4321223497390747
473,60,gaussian,3,44,0.28125,0.546875,0.28125,1.0,3.1416542530059814,1.0395821332931519
474,60,gaussian,3,44,0.6875,0.625,0.6875,1.0,3.7207326889038086,1.1504807472229004
475,60,gaussian,3,44,0.375,0.515625,0.375,1.0,1.417548418045044,0.4831470251083374
476,60,gaussian,3,44,0.578125,0.40625,0.578125,1.0,3.277888774871826,1.1134580373764038
477,60,gaussian,3,44,0.34375,0.546875,0.34375,1.0,6.981325626373291,2.3933794498443604
478,60,gaussian,3,44,0.2890625,0.2734375,0.5371155885471899,1.0,3.5318119525909424,1.0611554384231567
479,60,gaussian,3,44,0.578125,0.5625,0.578125,1.0,2.8987038135528564,0.9715073108673096
480,60,gaussian,3,44,0.453125,0.5625,0.453125,1.0,0.38301876187324524,0.12795434892177582
481,60,gaussian,3,44,0.578125,0.5625,0.578125,1.0,2.899486541748047,0.9715073108673096
482,60,gaussian,3,44,0.3125,0.546875,0.3125,1.0,1.6067743301391602,0.48045358061790466
483,60,gaussian,3,44,0.328125,0.40625,0.328125,1.0,1.8935847282409668,0.5858239531517029
484,60,gaussian,3,44,0.265625,0.609375,0.265625,1.0,1.7892038822174072,0.5843824148178101
485,60,gaussian,3,44,0.3125,0.578125,0.3125,1.0,2.1468729972839355,0.664484441280365
486,60,gaussian,3,44,0.6875,0.609375,0.6875,1.0,0.8950185179710388,0.2778869569301605
487,60,gaussian,3,44,0.234375,0.59375,0.234375,1.0,1.1191864013671875,0.35109952092170715
488,60,gaussian,3,44,0.328125,0.5625,0.328125,1.0,2.7429213523864746,0.8786799311637878
489,60,gaussian,3,44,0.265625,0.578125,0.265625,1.0,1.0939137935638428,0.34890034794807434
490,60,gaussian,3,44,0.25,0.625,0.25,1.0,0.7162269353866577,0.2318403124809265
491,60,gaussian,3,44,0.46875,0.609375,0.46875,1.0,1.9655437469482422,0.6536042094230652
492,60,gaussian,3,44,0.265625,0.609375,0.265625,1.0,0.7377570867538452,0.25312626361846924
493,60,gaussian,3,44,0.671875,0.65625,0.671875,1.0,2.640406608581543,0.9035865068435669
494,60,gaussian,3,44,0.3125,0.578125,0.3125,1.0,1.3601622581481934,0.43861255049705505
495,60,gaussian,3,44,0.578125,0.625,0.578125,1.0,1.894514560699463,0.5981844067573547
496,60,gaussian,3,44,0.359375,0.625,0.359375,1.0,1.5934369564056396,0.5600876808166504
497,60,gaussian,3,44,0.5,0.609375,0.5,1.0,0.38913625478744507,0.13670700788497925
498,60,gaussian,3,44,0.765625,0.171875,0.765625,1.0,3.210625648498535,0.8790019154548645
499,60,gaussian,3,44,0.46875,0.40625,0.46875,1.0,0.9791358113288879,0.3559204936027527
500,60,gaussian,3,44,0.28125,0.578125,0.28125,1.0,3.2786102294921875,1.0863207578659058
501,60,gaussian,3,44,0.484375,0.5,0.484375,1.0,3.4586338996887207,1.1829627752304077
502,60,gaussian,3,44,0.40625,0.4375,0.40625,1.0,0.876710057258606,0.28011971712112427
503,60,gaussian,3,44,0.53125,0.609375,0.53125,1.0,2.1366076469421387,0.7290163636207581
504,60,gaussian,3,44,0.5,0.484375,0.5,1.0,1.0618149042129517,0.36388352513313293
505,60,gaussian,3,44,0.2421875,0.234375,0.488988988988989,1.0,1.3501496315002441,0.3568437993526459
506,60,gaussian,3,44,0.328125,0.390625,0.328125,1.0,1.8931151628494263,0.5858238935470581
507,60,gaussian,3,44,0.3125,0.390625,0.5714285714285714,1.0,1.2829148769378662,0.3820546269416809
508,60,gaussian,3,44,0.578125,0.640625,0.578125,1.0,1.107747197151184,0.3793628215789795
509,60,gaussian,3,44,0.265625,0.65625,0.265625,1.0,1.8507308959960938,0.6457422375679016
510,60,gaussian,3,44,0.28125,0.59375,0.28125,1.0,0.9947160482406616,0.3311174809932709
511,60,gaussian,3,44,0.25,0.609375,0.25,1.0,1.117640733718872,0.35109952092170715
512,60,gaussian,3,44,0.265625,0.578125,0.265625,1.0,0.5058149099349976,0.1797412782907486
513,60,gaussian,3,44,0.734375,0.59375,0.734375,1.0,4.442840576171875,1.49518883228302
514,60,gaussian,3,44,0.40625,0.46875,0.40625,1.0,2.6468193531036377,0.8517206311225891
515,60,gaussian,3,44,0.1875,0.15625,0.3333333333333333,1.0,2.103667736053467,0.7230730056762695
516,60,gaussian,3,44,0.375,0.390625,0.375,1.0,4.695975303649902,1.526188611984253
517,60,gaussian,3,44,0.25,0.515625,0.25,1.0,0.7922810316085815,0.24044150114059448
518,60,gaussian,3,44,0.2421875,0.234375,0.48333333333333334,1.0,1.5425989627838135,0.45158135890960693
519,60,gaussian,3,44,0.453125,0.578125,0.453125,1.0,2.5877702236175537,0.9174677729606628
520,60,gaussian,3,44,0.265625,0.578125,0.265625,1.0,2.7740774154663086,0.9126384854316711
521,60,gaussian,3,44,0.59375,0.359375,0.59375,1.0,0.6757165193557739,0.2169201672077179
522,60,gaussian,3,44,0.328125,0.59375,0.328125,1.0,1.824918270111084,0.6038284301757812
523,60,gaussian,3,44,0.296875,0.640625,0.296875,1.0,0.9027659296989441,0.2970355153083801
524,60,gaussian,3,44,0.21875,0.625,0.21875,1.0,1.1124014854431152,0.3834627568721771
525,60,gaussian,3,44,0.546875,0.59375,0.546875,1.0,6.554823875427246,2.1592390537261963
526,60,gaussian,3,44,0.421875,0.5625,0.421875,1.0,2.919600248336792,1.0034650564193726
527,60,gaussian,3,44,0.28125,0.53125,0.28125,1.0,4.56965970993042,1.6807516813278198
528,60,gaussian,3,44,0.5,0.515625,0.5,1.0,1.2673914432525635,0.44337013363838196
529,60,gaussian,3,44,0.2421875,0.265625,0.4989878542510121,1.0,3.3700106143951416,1.038974404335022
530,60,gaussian,3,44,0.5,0.5625,0.5,1.0,5.129218101501465,1.7545218467712402
531,60,gaussian,3,44,0.671875,0.265625,0.671875,1.0,1.8523924350738525,0.6374068260192871
532,60,gaussian,3,44,0.34375,0.578125,0.34375,1.0,6.256373405456543,2.1230101585388184
533,60,gaussian,3,44,0.53125,0.59375,0.53125,1.0,2.088879108428955,0.7215080261230469
534,60,gaussian,3,44,0.4375,0.40625,0.4375,1.0,1.673532247543335,0.5265775918960571
535,60,gaussian,3,44,0.265625,0.578125,0.265625,1.0,2.8289198875427246,0.9339835047721863
536,60,gaussian,3,44,0.28125,0.5625,0.28125,1.0,2.425633668899536,0.8163209557533264
537,60,gaussian,3,44,0.3125,0.609375,0.3125,1.0,1.284038782119751,0.4271469712257385
538,60,gaussian,3,44,0.296875,0.59375,0.296875,1.0,1.7234059572219849,0.6209012269973755
539,60,gaussian,3,44,0.265625,0.609375,0.265625,1.0,1.3741111755371094,0.4910022020339966
540,60,gaussian,3,44,0.28125,0.578125,0.28125,1.0,2.4245643615722656,0.8163209557533264
541,60,gaussian,3,44,0.4375,0.578125,0.4375,1.0,0.5606399774551392,0.1986137181520462
542,60,gaussian,3,44,0.375,0.25,0.7741935483870968,1.0,6.566280364990234,1.9876296520233154
543,60,gaussian,3,44,0.734375,0.65625,0.734375,1.0,3.705432415008545,1.2734575271606445
544,60,gaussian,3,44,0.28125,0.59375,0.28125,1.0,1.9334434270858765,0.6334043145179749
545,60,gaussian,3,44,0.34375,0.390625,0.34375,1.0,1.3774086236953735,0.43505537509918213
546,60,gaussian,3,44,0.3125,0.65625,0.3125,1.0,0.44758495688438416,0.15799151360988617
547,60,gaussian,3,44,0.75,0.640625,0.75,1.0,0.9975690245628357,0.28227680921554565
548,60,gaussian,3,44,0.71875,0.609375,0.71875,1.0,4.439357280731201,1.49518883228302
549,60,gaussian,3,44,0.28125,0.265625,0.28125,1.0,1.6539413928985596,0.4903971254825592
550,60,gaussian,3,44,0.421875,0.59375,0.421875,1.0,3.211074113845825,1.103363037109375
551,60,gaussian,3,44,0.390625,0.65625,0.390625,1.0,1.1664223670959473,0.4179263710975647
552,60,gaussian,3,44,0.328125,0.625,0.328125,1.0,1.1103793382644653,0.37269607186317444
553,60,gaussian,3,44,0.359375,0.5625,0.359375,1.0,1.9517852067947388,0.6195946931838989
554,60,gaussian,3,44,0.46875,0.59375,0.46875,1.0,2.222231388092041,0.7924454212188721
555,60,gaussian,3,44,0.578125,0.609375,0.578125,1.0,1.8972997665405273,0.5981844067573547
556,60,gaussian,3,44,0.375,0.46875,0.375,1.0,1.73012375831604,0.5617275834083557
557,60,gaussian,3,44,0.375,0.578125,0.375,1.0,1.9167201519012451,0.6667227149009705
558,60,gaussian,3,44,0.609375,0.640625,0.609375,1.0,1.749521255493164,0.5684443712234497
559,60,gaussian,3,44,0.28125,0.59375,0.28125,1.0,2.6938271522521973,0.8147039413452148
560,60,gaussian,3,44,0.46875,0.578125,0.46875,1.0,2.589311122894287,0.9174677729606628
561,60,gaussian,3,44,0.265625,0.28125,0.265625,1.0,0.6506292819976807,0.18908612430095673
562,60,gaussian,3,44,0.28125,0.578125,0.28125,1.0,0.5061092972755432,0.1797412782907486
563,60,gaussian,3,44,0.59375,0.4375,0.59375,1.0,2.4535861015319824,0.8268191814422607
564,60,gaussian,3,44,0.6875,0.609375,0.6875,1.0,1.9743443727493286,0.7020685076713562
565,60,gaussian,3,44,0.25,0.234375,0.4896551724137931,1.0,1.0244897603988647,0.3269847333431244
566,60,gaussian,3,44,0.203125,0.59375,0.203125,1.0,0.9585195183753967,0.3008495271205902
567,60,gaussian,3,44,0.34375,0.390625,0.34375,1.0,1.377223253250122,0.43505537509918213
568,60,gaussian,3,44,0.40625,0.46875,0.40625,1.0,2.64683198928833,0.8517206311225891
569,60,gaussian,3,44,0.265625,0.515625,0.265625,1.0,4.363918781280518,1.3277976512908936
570,60,gaussian,3,44,0.328125,0.296875,0.328125,1.0,1.0074841976165771,0.301785409450531
571,60,gaussian,3,44,0.25,0.609375,0.25,1.0,2.229628086090088,0.6993544101715088
572,60,gaussian,3,44,0.21875,0.625,0.21875,1.0,0.42234668135643005,0.1463245302438736
573,60,gaussian,3,44,0.1875,0.15625,0.42857142857142855,1.0,1.1648204326629639,0.346228688955307
574,60,gaussian,3,44,0.28125,0.59375,0.28125,1.0,1.9331386089324951,0.6334043145179749
575,60,gaussian,3,44,0.578125,0.21875,0.578125,1.0,0.3847540020942688,0.12830401957035065
576,60,gaussian,3,44,0.5,0.484375,0.5,1.0,5.695964813232422,2.0140180587768555
577,60,gaussian,3,44,0.546875,0.5625,0.546875,1.0,1.0750327110290527,0.3597373366355896
578,60,gaussian,3,44,0.2421875,0.25,0.484375,1.0,2.4301247596740723,0.7364474534988403
579,60,gaussian,3,44,0.25,0.625,0.25,1.0,2.122283697128296,0.7480224370956421
580,60,gaussian,3,44,0.28125,0.609375,0.28125,1.0,1.2187234163284302,0.4424881041049957
581,60,gaussian,3,44,0.265625,0.609375,0.265625,1.0,0.5287171602249146,0.17235849797725677
582,60,gaussian,3,44,0.609375,0.59375,0.609375,1.0,2.052304983139038,0.6990538239479065
583,60,gaussian,3,44,0.234375,0.625,0.234375,1.0,1.4238336086273193,0.5082194805145264
584,60,gaussian,3,44,0.234375,0.578125,0.234375,1.0,0.6591051816940308,0.19470098614692688
585,60,gaussian,3,44,0.46875,0.625,0.46875,1.0,2.2752890586853027,0.7725185751914978
586,60,gaussian,3,44,0.546875,0.625,0.546875,1.0,1.2080187797546387,0.39991098642349243
587,60,gaussian,3,44,0.375,0.59375,0.375,1.0,1.916316270828247,0.6667227149009705
588,60,gaussian,3,44,0.359375,0.484375,0.359375,1.0,2.7739100456237793,0.9391176104545593
589,60,gaussian,3,44,0.234375,0.59375,0.234375,1.0,2.331571102142334,0.7928650379180908
590,60,gaussian,3,44,0.515625,0.59375,0.515625,1.0,1.5183995962142944,0.5030769109725952
591,60,gaussian,3,44,0.2578125,0.2109375,0.546046046046046,1.0,6.608907699584961,2.265450954437256
592,60,gaussian,3,44,0.40625,0.546875,0.40625,1.0,2.9183294773101807,1.0034650564193726
593,60,gaussian,3,44,0.546875,0.5,0.546875,1.0,1.3943614959716797,0.48892122507095337
594,60,gaussian,3,44,0.28125,0.640625,0.28125,1.0,0.9022858738899231,0.29703548550605774
595,60,gaussian,3,44,0.578125,0.609375,0.578125,1.0,1.8970344066619873,0.5981844067573547
596,60,gaussian,3,44,0.328125,0.53125,0.328125,1.0,1.9935157299041748,0.6338199377059937
597,60,gaussian,3,44,0.5,0.484375,0.5,1.0,1.4893028736114502,0.5302867293357849
598,60,gaussian,3,44,0.3125,0.59375,0.3125,1.0,2.847978115081787,0.9650029540061951
599,60,gaussian,3,44,0.2890625,0.2734375,0.5163265306122449,1.0,2.1095523834228516,0.6737768650054932
600,60,gaussian,3,44,0.515625,0.359375,0.515625,1.0,3.7934117317199707,1.2809631824493408
601,60,gaussian,3,44,0.71875,0.546875,0.71875,1.0,0.29148468375205994,0.10301131755113602
602,60,gaussian,3,44,0.625,0.359375,0.625,1.0,0.5465536117553711,0.19737295806407928
603,60,gaussian,3,44,0.359375,0.5625,0.359375,1.0,1.7930841445922852,0.5745750665664673
604,60,gaussian,3,44,0.265625,0.578125,0.265625,1.0,1.0934815406799316,0.34890034794807434
605,60,gaussian,3,44,0.5,0.53125,0.5,1.0,4.816314697265625,1.6736509799957275
606,60,gaussian,3,44,0.40625,0.4375,0.40625,1.0,0.8767565488815308,0.28011971712112427
607,60,gaussian,3,44,0.5625,0.640625,0.5625,1.0,0.6768883466720581,0.224343404173851
608,60,gaussian,3,44,0.65625,0.375,0.65625,1.0,1.3558712005615234,0.4147160053253174
609,60,gaussian,3,44,0.515625,0.484375,0.515625,1.0,0.8948926329612732,0.3026740252971649
610,60,gaussian,3,44,0.234375,0.578125,0.234375,1.0,0.6581354737281799,0.19470098614692688
611,60,gaussian,3,44,0.359375,0.484375,0.359375,1.0,2.7715625762939453,0.9391176104545593
612,60,gaussian,3,44,0.5,0.53125,0.5,1.0,0.7636521458625793,0.2704956531524658
613,60,gaussian,3,44,0.34375,0.359375,0.34375,1.0,2.3513870239257812,0.7301413416862488
614,60,gaussian,3,44,0.28125,0.59375,0.28125,1.0,3.1013023853302,0.9788246154785156
615,60,gaussian,3,44,0.265625,0.625,0.265625,1.0,0.7375842332839966,0.2531262934207916
616,60,gaussian,3,44,0.328125,0.328125,0.328125,1.0,1.1718852519989014,0.36617934703826904
617,60,gaussian,3,44,0.46875,0.609375,0.46875,1.0,2.142209529876709,0.7281804084777832
618,60,gaussian,3,44,0.2421875,0.265625,0.5188261351052049,1.0,4.1738386154174805,1.269051194190979
619,60,gaussian,3,44,0.28125,0.28125,0.28125,1.0,0.6512753963470459,0.18908612430095673
620,60,gaussian,3,44,0.375,0.640625,0.375,1.0,8.356586456298828,2.789849281311035
621,60,gaussian,3,44,0.296875,0.5625,0.296875,1.0,0.5149203538894653,0.15276168286800385
622,60,gaussian,3,44,0.359375,0.5625,0.359375,1.0,1.9515560865402222,0.6195946931838989
623,60,gaussian,3,44,0.28125,0.59375,0.28125,1.0,2.693446159362793,0.8147038817405701
624,60,gaussian,3,44,0.359375,0.640625,0.359375,1.0,2.662781238555908,0.8243602514266968
625,60,gaussian,3,44,0.4375,0.421875,0.4375,1.0,1.671494483947754,0.5265775918960571
626,60,gaussian,3,44,0.328125,0.59375,0.328125,1.0,0.7905886769294739,0.26664477586746216
627,60,gaussian,3,44,0.375,0.40625,0.375,1.0,0.5095643997192383,0.16093622148036957
628,60,gaussian,3,44,0.640625,0.515625,0.640625,1.0,1.4960904121398926,0.5063760876655579
629,60,gaussian,3,44,0.75,0.171875,0.75,1.0,3.20756196975708,0.8790019154548645
630,60,gaussian,3,44,0.5,0.4375,0.5,1.0,1.707298994064331,0.5839369893074036
631,60,gaussian,3,44,0.46875,0.625,0.46875,1.0,1.9649232625961304,0.6536042094230652
632,60,gaussian,3,44,0.2421875,0.2734375,0.46896896896896895,1.0,4.290307998657227,1.2976529598236084
633,60,gaussian,3,44,0.234375,0.578125,0.234375,1.0,1.5234359502792358,0.4818313419818878
634,60,gaussian,3,44,0.5,0.484375,0.5,1.0,0.9114726185798645,0.30761444568634033
635,60,gaussian,3,44,0.5,0.53125,0.5,1.0,1.5894854068756104,0.5930553674697876
636,60,gaussian,3,44,0.5,0.484375,0.5,1.0,0.9123196601867676,0.30761444568634033
637,60,gaussian,3,44,0.3125,0.5625,0.3125,1.0,2.741919755935669,0.8786799311637878
638,60,gaussian,3,44,0.28125,0.5625,0.28125,1.0,2.170107841491699,0.734968364238739
639,60,gaussian,3,44,0.265625,0.65625,0.265625,1.0,1.8502798080444336,0.6457422971725464
640,60,gaussian,3,44,0.296875,0.640625,0.296875,1.0,2.1121485233306885,0.6758586168289185
641,60,gaussian,3,44,0.53125,0.59375,0.53125,1.0,2.0486931800842285,0.6800931692123413
642,60,gaussian,3,44,0.140625,0.109375,0.32142857142857145,1.0,2.834913730621338,0.8633221387863159
643,60,gaussian,3,44,0.40625,0.578125,0.40625,1.0,0.865741491317749,0.31613126397132874
644,60,gaussian,3,44,0.546875,0.625,0.546875,1.0,1.185605764389038,0.42940443754196167
645,60,gaussian,3,44,0.34375,0.578125,0.34375,1.0,1.4945762157440186,0.5059489011764526
646,60,gaussian,3,44,0.328125,0.40625,0.328125,1.0,1.8943555355072021,0.5858239531517029
647,60,gaussian,3,44,0.609375,0.65625,0.609375,1.0,1.7479256391525269,0.5684443116188049
648,60,gaussian,3,44,0.484375,0.484375,0.484375,1.0,3.4585800170898438,1.1829627752304077
649,60,gaussian,3,44,0.296875,0.453125,0.296875,1.0,5.678940296173096,1.7496222257614136
650,60,gaussian,3,44,0.2734375,0.25,0.5382352941176471,1.0,3.9246206283569336,1.2130281925201416
651,60,gaussian,3,44,0.65625,0.453125,0.65625,1.0,2.2517247200012207,0.8380820155143738
652,60,gaussian,3,44,0.140625,0.109375,0.391304347826087,1.0,3.5338892936706543,1.0611554384231567
653,60,gaussian,3,44,0.3125,0.4375,0.3125,1.0,2.8595662117004395,1.0084228515625
654,60,gaussian,3,44,0.53125,0.5625,0.53125,1.0,1.073655605316162,0.3597373366355896
655,60,gaussian,3,44,0.375,0.484375,0.375,1.0,2.773829936981201,0.9391175508499146
656,60,gaussian,3,44,0.328125,0.53125,0.328125,1.0,1.6238744258880615,0.5454009771347046
657,60,gaussian,3,44,0.578125,0.640625,0.578125,1.0,2.7005348205566406,0.9021825194358826
658,60,gaussian,3,44,0.265625,0.265625,0.265625,1.0,0.4975471496582031,0.14200685918331146
659,60,gaussian,3,44,0.34375,0.578125,0.34375,1.0,5.378021240234375,1.751750111579895
660,60,gaussian,3,44,,,,0.0,2.8444314002990723,0.8206217885017395
661,60,gaussian,3,44,0.3125,0.59375,0.3125,1.0,2.8467202186584473,0.9650029540061951
662,60,gaussian,3,44,0.328125,0.328125,0.328125,1.0,1.780198097229004,0.5326981544494629
663,60,gaussian,3,44,0.5,0.46875,0.5,1.0,0.6580973267555237,0.23269625008106232
664,60,gaussian,3,44,0.46875,0.359375,0.46875,1.0,3.212911605834961,1.057142972946167
665,60,gaussian,3,44,0.296875,0.59375,0.296875,1.0,0.9672517776489258,0.2980898916721344
666,60,gaussian,3,44,0.21875,0.578125,0.21875,1.0,0.9801312685012817,0.3003983199596405
667,60,gaussian,3,44,,,,0.0,3.7031145095825195,1.2734575271606445
668,60,gaussian,3,44,0.359375,0.46875,0.359375,1.0,1.7305326461791992,0.5617275834083557
669,60,gaussian,3,44,0.40625,0.4375,0.40625,1.0,0.8766840100288391,0.2801196873188019
670,60,gaussian,3,44,0.5625,0.453125,0.5625,1.0,3.09055233001709,1.0348923206329346
671,60,gaussian,3,44,0.25,0.578125,0.25,1.0,1.0961462259292603,0.34890034794807434
672,60,gaussian,3,44,0.453125,0.546875,0.453125,1.0,7.625078201293945,2.7399749755859375
673,60,gaussian,3,44,0.625,0.359375,0.625,1.0,0.628542959690094,0.21539020538330078
674,60,gaussian,3,44,0.421875,0.578125,0.421875,1.0,3.2112913131713867,1.103363037109375
675,60,gaussian,3,44,0.5,0.421875,0.5,1.0,6.140128135681152,2.118906021118164
676,60,gaussian,3,44,0.5625,0.640625,0.5625,1.0,2.700105667114258,0.9021825790405273
677,60,gaussian,3,44,0.328125,0.5625,0.328125,1.0,2.7439301013946533,0.8786799311637878
678,60,gaussian,3,44,0.2890625,0.2421875,0.538974358974359,1.0,3.6997952461242676,1.2734575271606445
679,60,gaussian,3,44,0.265625,0.625,0.265625,1.0,0.8108659982681274,0.2570779621601105
680,60,gaussian,3,44,0.2578125,0.2265625,0.5088235294117647,1.0,1.023732304573059,0.3269847333431244
681,60,gaussian,3,44,0.3125,0.578125,0.3125,1.0,1.9569141864776611,0.6577370762825012
682,60,gaussian,3,44,0.28125,0.625,0.28125,1.0,1.2190184593200684,0.4424881339073181
683,60,gaussian,3,44,0.21875,0.578125,0.21875,1.0,1.0550134181976318,0.3352883756160736
684,60,gaussian,3,44,0.5,0.515625,0.5,1.0,3.5328385829925537,1.2617510557174683
685,60,gaussian,3,44,0.640625,0.515625,0.640625,1.0,1.4962279796600342,0.5063760876655579
686,60,gaussian,3,44,0.3125,0.578125,0.3125,1.0,1.1106085777282715,0.34761306643486023
687,60,gaussian,3,44,0.3125,0.578125,0.3125,1.0,0.857331395149231,0.2819162905216217
688,60,gaussian,3,44,0.34375,0.625,0.34375,1.0,0.7420769929885864,0.2504967451095581
689,60,gaussian,3,44,0.28125,0.609375,0.28125,1.0,1.7885726690292358,0.5843824148178101
690,60,gaussian,3,44,0.578125,0.609375,0.578125,1.0,5.0282087326049805,1.6592538356781006
691,60,gaussian,3,44,0.21875,0.625,0.21875,1.0,1.1137995719909668,0.3834627568721771
692,60,gaussian,3,44,0.5,0.53125,0.5,1.0,0.7636291980743408,0.2704956531524658
693,60,gaussian,3,44,0.46875,0.359375,0.46875,1.0,3.2145938873291016,1.057142972946167
694,60,gaussian,3,44,0.40625,0.421875,0.40625,1.0,0.8760976791381836,0.28011971712112427
695,60,gaussian,3,44,0.375,0.609375,0.375,1.0,1.9269702434539795,0.6093341708183289
696,60,gaussian,3,44,0.25,0.265625,0.4926108374384236,1.0,1.28187096118927,0.3820545971393585
697,60,gaussian,3,44,0.34375,0.390625,0.34375,1.0,1.37729811668396,0.4350554049015045
698,60,gaussian,3,44,0.359375,0.578125,0.359375,1.0,2.7094430923461914,0.9245169758796692
699,60,gaussian,3,44,0.59375,0.4375,0.59375,1.0,2.230665922164917,0.7021687030792236
700,60,gaussian,3,44,0.2421875,0.2265625,0.473973973973974,1.0,1.8851723670959473,0.5500473380088806
701,60,gaussian,3,44,0.546875,0.609375,0.546875,1.0,1.2071592807769775,0.39991098642349243
702,60,gaussian,3,44,0.515625,0.546875,0.515625,1.0,4.593318939208984,1.6278573274612427
703,60,gaussian,3,44,0.265625,0.609375,0.265625,1.0,0.7089619636535645,0.21904022991657257
704,60,gaussian,3,44,0.2421875,0.25,0.5159090909090909,1.0,4.178634166717529,1.269051194190979
705,60,gaussian,3,44,0.6875,0.609375,0.6875,1.0,0.8948729038238525,0.2778869569301605
706,60,gaussian,3,44,0.265625,0.625,0.265625,1.0,0.7557965517044067,0.237728089094162
707,60,gaussian,3,44,0.328125,0.59375,0.328125,1.0,0.8593071699142456,0.2837355136871338
708,60,gaussian,3,44,0.359375,0.46875,0.359375,1.0,2.2041239738464355,0.6851749420166016
709,60,gaussian,3,44,0.71875,0.59375,0.71875,1.0,4.439205646514893,1.49518883228302
710,60,gaussian,3,44,0.421875,0.453125,0.421875,1.0,1.3013339042663574,0.4442049562931061
711,60,gaussian,3,44,0.359375,0.390625,0.359375,1.0,0.43929845094680786,0.1364739090204239
712,60,gaussian,3,44,0.59375,0.65625,0.59375,1.0,1.1082792282104492,0.3793628215789795
713,60,gaussian,3,44,0.296875,0.625,0.296875,1.0,0.9022504091262817,0.29703548550605774
714,60,gaussian,3,44,0.328125,0.546875,0.328125,1.0,1.623639702796936,0.5454009771347046
715,60,gaussian,3,44,0.34375,0.421875,0.34375,1.0,3.097381591796875,0.9832900166511536
716,60,gaussian,3,44,0.453125,0.53125,0.453125,1.0,7.622231483459473,2.7399747371673584
717,60,gaussian,3,44,0.6875,0.609375,0.6875,1.0,1.9733686447143555,0.7020685076713562
718,60,gaussian,3,44,0.421875,0.421875,0.421875,1.0,4.167842388153076,1.4554390907287598
719,60,gaussian,3,44,0.2890625,0.265625,0.5458333333333334,1.0,3.5255792140960693,1.0611553192138672
720,60,gaussian,3,44,0.703125,0.25,0.703125,1.0,3.3847832679748535,1.0112320184707642
721,60,gaussian,3,44,0.25,0.625,0.25,1.0,0.38147419691085815,0.11595473438501358
722,60,gaussian,3,44,0.578125,0.59375,0.578125,1.0,3.440037727355957,1.1095356941223145
723,60,gaussian,3,44,0.453125,0.578125,0.453125,1.0,2.588430881500244,0.9174677729606628
724,60,gaussian,3,44,0.609375,0.40625,0.609375,1.0,1.1387964487075806,0.38947778940200806
725,60,gaussian,3,44,0.25,0.578125,0.25,1.0,1.0954757928848267,0.34890034794807434
726,60,gaussian,3,44,0.671875,0.375,0.671875,1.0,1.1560040712356567,0.3430840075016022
727,60,gaussian,3,44,0.46875,0.296875,0.46875,1.0,0.9874622821807861,0.3269091844558716
728,60,gaussian,3,44,0.2578125,0.25,0.49099099099099097,1.0,3.6864540576934814,1.2348800897598267
729,60,gaussian,3,44,0.328125,0.34375,0.5526315789473685,1.0,3.7778286933898926,1.1032991409301758
730,60,gaussian,3,44,0.671875,0.296875,0.671875,1.0,2.3348026275634766,0.748830258846283
731,60,gaussian,3,44,0.359375,0.46875,0.359375,1.0,1.8300437927246094,0.6055760979652405
732,60,gaussian,3,44,0.734375,0.265625,0.734375,1.0,0.49563688039779663,0.13886936008930206
733,60,gaussian,3,44,0.671875,0.265625,0.671875,1.0,1.8525431156158447,0.6374068260192871
734,60,gaussian,3,44,0.734375,0.265625,0.734375,1.0,0.4956117868423462,0.13886936008930206
735,60,gaussian,3,44,0.25,0.640625,0.25,1.0,1.3788325786590576,0.47639352083206177
736,60,gaussian,3,44,0.171875,0.15625,0.34375,1.0,2.431915760040283,0.7364474534988403
737,60,gaussian,3,44,0.34375,0.59375,0.34375,1.0,0.8597230315208435,0.2837355136871338
738,60,gaussian,3,44,0.34375,0.515625,0.34375,1.0,2.080888509750366,0.7147092223167419
739,60,gaussian,3,44,0.2734375,0.25,0.5382352941176471,1.0,3.9247000217437744,1.2130281925201416
740,60,gaussian,3,44,0.265625,0.609375,0.265625,1.0,0.8027623295783997,0.27085137367248535
741,60,gaussian,3,44,0.46875,0.359375,0.46875,1.0,3.214261531829834,1.0571430921554565
742,60,gaussian,3,44,0.34375,0.59375,0.34375,1.0,1.4943382740020752,0.5059489011764526
743,60,gaussian,3,44,0.234375,0.2421875,0.48512820512820515,1.0,4.470081329345703,1.2944576740264893
744,60,gaussian,3,44,0.25,0.2578125,0.5125125125125125,1.0,2.5202457904815674,0.7336267232894897
745,60,gaussian,3,44,0.40625,0.640625,0.40625,1.0,3.241865634918213,1.0095770359039307
746,60,gaussian,3,44,0.265625,0.625,0.265625,1.0,1.3715791702270508,0.4910022020339966
747,60,gaussian,3,44,0.390625,0.453125,0.390625,1.0,1.7195754051208496,0.547264039516449
748,60,gaussian,3,44,0.25,0.578125,0.25,1.0,2.779352903366089,0.9126384258270264
749,60,gaussian,3,44,0.234375,0.59375,0.234375,1.0,1.3371307849884033,0.4569246172904968
750,60,gaussian,3,44,0.265625,0.28125,0.6296296296296297,1.0,2.5197296142578125,0.7336267232894897
751,60,gaussian,3,44,0.5,0.484375,0.5,1.0,1.2715235948562622,0.44965362548828125
752,60,gaussian,3,44,0.3125,0.65625,0.3125,1.0,0.4477120339870453,0.15799151360988617
753,60,gaussian,3,44,0.28125,0.2421875,0.5815815815815816,1.0,3.2628207206726074,0.9643943905830383
754,60,gaussian,3,44,0.25,0.21875,0.4920634920634921,1.0,1.8846802711486816,0.5500473380088806
755,60,gaussian,3,44,0.484375,0.5625,0.484375,1.0,1.2482534646987915,0.44280362129211426
756,60,gaussian,3,44,0.484375,0.234375,0.484375,1.0,1.1680927276611328,0.38014301657676697
757,60,gaussian,3,44,0.3125,0.578125,0.3125,1.0,1.3898484706878662,0.44894513487815857
758,60,gaussian,3,44,0.328125,0.59375,0.328125,1.0,6.260316848754883,2.1230099201202393
759,60,gaussian,3,44,0.59375,0.453125,0.59375,1.0,1.974294662475586,0.6458542346954346
760,60,gaussian,3,44,0.234375,0.625,0.234375,1.0,1.1124789714813232,0.3834627568721771
761,60,gaussian,3,44,0.328125,0.625,0.328125,1.0,1.3905799388885498,0.44987571239471436
762,60,gaussian,3,44,0.34375,0.578125,0.34375,1.0,6.255461692810059,2.1230101585388184
763,60,gaussian,3,44,0.2421875,0.2734375,0.46896896896896895,1.0,4.290302276611328,1.2976529598236084
764,60,gaussian,3,44,0.5,0.515625,0.5,1.0,0.7637991309165955,0.2704956531524658
765,60,gaussian,3,44,0.2265625,0.2421875,0.47948717948717945,1.0,3.246098518371582,1.0362168550491333
766,60,gaussian,3,44,0.53125,0.59375,0.53125,1.0,2.0895068645477295,0.7215080261230469
767,60,gaussian,3,44,0.375,0.65625,0.375,1.0,1.3195534944534302,0.3991532027721405
768,60,gaussian,3,44,0.625,0.4375,0.625,1.0,0.8380886316299438,0.2570340931415558
769,60,gaussian,3,44,0.234375,0.59375,0.234375,1.0,2.520789861679077,0.8192574381828308
770,60,gaussian,3,44,0.265625,0.640625,0.265625,1.0,0.7548038959503174,0.237728089094162
771,60,gaussian,3,44,,,,0.0,3.9087157249450684,1.3179529905319214
772,60,gaussian,3,44,0.734375,0.59375,0.734375,1.0,4.442477703094482,1.49518883228302
773,60,gaussian,3,44,0.578125,0.625,0.578125,1.0,1.8942286968231201,0.5981844067573547
774,60,gaussian,3,44,0.625,0.421875,0.625,1.0,0.8386437892913818,0.2570340931415558
775,60,gaussian,3,44,0.453125,0.421875,0.453125,1.0,10.666494369506836,3.6407103538513184
776,60,gaussian,3,44,0.390625,0.359375,0.390625,1.0,1.6282367706298828,0.5339771509170532
777,60,gaussian,3,44,0.265625,0.578125,0.265625,1.0,2.77532958984375,0.9126384258270264
778,60,gaussian,3,44,0.375,0.4375,0.375,1.0,2.280697822570801,0.698706328868866
779,60,gaussian,3,44,0.25,0.578125,0.25,1.0,1.7097463607788086,0.5663853287696838
780,60,gaussian,3,44,0.3125,0.578125,0.3125,1.0,1.759523868560791,0.5635548233985901
781,60,gaussian,3,44,0.5,0.484375,0.5,1.0,5.824933052062988,2.0613677501678467
782,60,gaussian,3,44,0.234375,0.59375,0.234375,1.0,0.7445300817489624,0.25127193331718445
783,60,gaussian,3,44,0.28125,0.546875,0.28125,1.0,3.142184257507324,1.0395821332931519
784,60,gaussian,3,44,0.3125,0.578125,0.3125,1.0,1.9570090770721436,0.6577370762825012
785,60,gaussian,3,44,0.625,0.65625,0.625,1.0,3.0306897163391113,1.0100617408752441
786,60,gaussian,3,44,0.5,0.484375,0.5,1.0,0.9116131067276001,0.30761444568634033
787,60,gaussian,3,44,0.484375,0.421875,0.484375,1.0,6.137818336486816,2.118906021118164
788,60,gaussian,3,44,0.328125,0.328125,0.328125,1.0,1.1708842515945435,0.36617937684059143
789,60,gaussian,3,44,0.328125,0.296875,0.328125,1.0,2.389942169189453,0.7681828737258911
790,60,gaussian,3,44,0.265625,0.609375,0.265625,1.0,0.3817243278026581,0.11595472693443298
791,60,gaussian,3,44,0.296875,0.546875,0.296875,1.0,1.786191701889038,0.5391489267349243
792,60,gaussian,3,44,0.296875,0.5625,0.296875,1.0,1.146226167678833,0.3700445890426636
793,60,gaussian,3,44,0.484375,0.59375,0.484375,1.0,0.9566075801849365,0.31894534826278687
794,60,gaussian,3,44,0.578125,0.46875,0.578125,1.0,3.396089553833008,1.0768266916275024
795,60,gaussian,3,44,0.53125,0.59375,0.53125,1.0,7.9226579666137695,2.857163429260254
796,60,gaussian,3,44,0.375,0.546875,0.375,1.0,1.2033774852752686,0.4197874069213867
797,60,gaussian,3,44,0.28125,0.546875,0.28125,1.0,1.0510928630828857,0.3582276403903961
798,60,gaussian,3,44,0.359375,0.5625,0.359375,1.0,1.9520163536071777,0.6195946931838989
799,60,gaussian,3,44,0.375,0.578125,0.375,1.0,1.2751860618591309,0.40043607354164124
800,60,gaussian,3,44,0.265625,0.609375,0.265625,1.0,1.3716990947723389,0.49100223183631897
801,60,gaussian,3,44,0.734375,0.484375,0.734375,1.0,1.8311052322387695,0.6518515348434448
802,60,gaussian,3,44,0.375,0.625,0.375,1.0,1.924985408782959,0.6093341112136841
803,60,gaussian,3,44,0.296875,0.578125,0.296875,1.0,1.3600988388061523,0.43861255049705505
804,60,gaussian,3,44,0.359375,0.484375,0.359375,1.0,2.7682533264160156,0.9391175508499146
805,60,gaussian,3,44,0.578125,0.546875,0.578125,1.0,4.392294883728027,1.6675221920013428
806,60,gaussian,3,44,0.421875,0.578125,0.421875,1.0,0.8660913705825806,0.3161312937736511
807,60,gaussian,3,44,0.53125,0.59375,0.53125,1.0,2.0895168781280518,0.7215080261230469
808,60,gaussian,3,44,0.265625,0.625,0.265625,1.0,0.7050248980522156,0.21515336632728577
809,60,gaussian,3,44,0.25,0.234375,0.49852216748768474,1.0,1.544466257095337,0.45158135890960693
810,60,gaussian,3,44,0.265625,0.609375,0.265625,1.0,0.7089257836341858,0.21904021501541138
811,60,gaussian,3,44,0.265625,0.625,0.265625,1.0,0.7557190656661987,0.237728089094162
812,60,gaussian,3,44,0.578125,0.53125,0.578125,1.0,4.387402534484863,1.6675221920013428
813,60,gaussian,3,44,0.46875,0.546875,0.46875,1.0,1.6328685283660889,0.5613531470298767
814,60,gaussian,3,44,0.71875,0.25,0.71875,1.0,3.385984420776367,1.0112320184707642
815,60,gaussian,3,44,0.28125,0.640625,0.28125,1.0,2.1098451614379883,0.6758586168289185
816,60,gaussian,3,44,0.5,0.5625,0.5,1.0,2.6661319732666016,0.9804604649543762
817,60,gaussian,3,44,0.28125,0.5625,0.28125,1.0,2.171236991882324,0.734968364238739
818,60,gaussian,3,44,0.328125,0.59375,0.328125,1.0,1.8250123262405396,0.6038284301757812
819,60,gaussian,3,44,0.5625,0.609375,0.5625,1.0,5.0262956619262695,1.6592539548873901
820,60,gaussian,3,44,0.328125,0.34375,0.328125,1.0,1.1715537309646606,0.36617937684059143
821,60,gaussian,3,44,0.28125,0.546875,0.28125,1.0,2.2537646293640137,0.7339079976081848
822,60,gaussian,3,44,0.46875,0.625,0.46875,1.0,2.2748289108276367,0.7725185751914978
823,60,gaussian,3,44,0.46875,0.296875,0.46875,1.0,0.9876821041107178,0.3269091844558716
824,60,gaussian,3,44,0.296875,0.3125,0.296875,1.0,1.0188660621643066,0.2903383672237396
825,60,gaussian,3,44,0.75,0.171875,0.75,1.0,3.205380439758301,0.8790019154548645
826,60,gaussian,3,44,0.296875,0.609375,0.296875,1.0,1.2517818212509155,0.4500899910926819
827,60,gaussian,3,44,0.390625,0.421875,0.390625,1.0,8.949047088623047,2.8167831897735596
828,60,gaussian,3,44,0.34375,0.5625,0.34375,1.0,5.380321502685547,1.751750111579895
829,60,gaussian,3,44,0.234375,0.2265625,0.4754754754754755,1.0,1.348201036453247,0.35684382915496826
830,60,gaussian,3,44,0.421875,0.578125,0.421875,1.0,1.1868077516555786,0.41074272990226746
831,60,gaussian,3,44,0.625,0.28125,0.625,1.0,7.584497928619385,2.5055787563323975
832,60,gaussian,3,44,0.234375,0.59375,0.234375,1.0,1.3375746011734009,0.4569246172904968
833,60,gaussian,3,44,0.3125,0.328125,0.3125,1.0,1.7797480821609497,0.5326980948448181
834,60,gaussian,3,44,0.5,0.53125,0.5,1.0,4.817863941192627,1.6736509799957275
835,60,gaussian,3,44,0.359375,0.453125,0.359375,1.0,6.2383856773376465,2.0151495933532715
836,60,gaussian,3,44,0.171875,0.15625,0.3055555555555556,1.0,2.4262585639953613,0.789128839969635
837,60,gaussian,3,44,0.2578125,0.21875,0.5410410410410411,1.0,4.219901084899902,1.2786591053009033
838,60,gaussian,3,44,0.25,0.234375,0.49607843137254903,1.0,0.9307024478912354,0.279359370470047
839,60,gaussian,3,44,0.234375,0.25,0.45238095238095244,1.0,2.834421157836914,0.8633221387863159
840,60,gaussian,3,44,0.25,0.5625,0.25,1.0,0.6457263231277466,0.19736622273921967
841,60,gaussian,3,44,0.453125,0.421875,0.7073170731707317,1.0,2.2629029750823975,0.6345011591911316
842,60,gaussian,3,44,0.296875,0.59375,0.296875,1.0,1.9557178020477295,0.6577370762825012
843,60,gaussian,3,44,0.375,0.40625,0.375,1.0,0.5660613179206848,0.18917781114578247
844,60,gaussian,3,44,0.34375,0.609375,0.34375,1.0,3.5515682697296143,1.264445424079895
845,60,gaussian,3,44,0.34375,0.421875,0.34375,1.0,2.1443166732788086,0.6808890700340271
846,60,gaussian,3,44,0.421875,0.578125,0.421875,1.0,1.3515501022338867,0.47692930698394775
847,60,gaussian,3,44,0.453125,0.625,0.453125,1.0,2.274279832839966,0.7725185751914978
848,60,gaussian,3,44,0.65625,0.453125,0.65625,1.0,2.2522149085998535,0.8380820155143738
849,60,gaussian,3,44,0.296875,0.265625,0.558974358974359,1.0,2.842686653137207,0.8206217885017395
850,60,gaussian,3,44,0.25,0.21875,0.5,1.0,3.6684868335723877,1.3019355535507202
851,60,gaussian,3,44,0.40625,0.40625,0.40625,1.0,0.6733649969100952,0.23122216761112213
852,60,gaussian,3,44,0.53125,0.640625,0.53125,1.0,0.5129539966583252,0.17183126509189606
853,60,gaussian,3,44,0.28125,0.625,0.28125,1.0,2.1060256958007812,0.7025063633918762
854,60,gaussian,3,44,0.25,0.640625,0.25,1.0,0.7554155588150024,0.237728089094162
855,60,gaussian,3,44,0.25,0.515625,0.25,1.0,3.223844528198242,0.9800679683685303
856,60,gaussian,3,44,0.3125,0.28125,0.3125,1.0,2.3869996070861816,0.7681828737258911
857,60,gaussian,3,44,0.734375,0.625,0.734375,1.0,2.903212308883667,1.0541362762451172
858,60,gaussian,3,44,0.6875,0.609375,0.6875,1.0,1.9751482009887695,0.7020685076713562
859,60,gaussian,3,44,0.296875,0.53125,0.296875,1.0,3.2747602462768555,1.0432727336883545
860,60,gaussian,3,44,0.578125,0.46875,0.578125,1.0,3.3967714309692383,1.0768266916275024
861,60,gaussian,3,44,0.328125,0.609375,0.328125,1.0,1.111536979675293,0.37269607186317444
862,60,gaussian,3,44,0.421875,0.453125,0.421875,1.0,1.302318811416626,0.4442049562931061
863,60,gaussian,3,44,0.234375,0.234375,0.44629014396456257,1.0,2.3820395469665527,0.7612283825874329
864,60,gaussian,3,44,0.296875,0.5625,0.296875,1.0,1.784447431564331,0.5391489267349243
865,60,gaussian,3,44,0.265625,0.609375,0.265625,1.0,0.528370201587677,0.17235849797725677
866,60,gaussian,3,44,0.34375,0.578125,0.34375,1.0,2.5342087745666504,0.818617045879364
867,60,gaussian,3,44,0.421875,0.5625,0.421875,1.0,0.5612030625343323,0.1986137181520462
868,60,gaussian,3,44,0.40625,0.46875,0.40625,1.0,6.642723560333252,2.1284682750701904
869,60,gaussian,3,44,0.234375,0.578125,0.234375,1.0,0.6596105098724365,0.19470098614692688
870,60,gaussian,3,44,0.578125,0.640625,0.578125,1.0,2.6994404792785645,0.9021825194358826
871,60,gaussian,3,44,0.34375,0.578125,0.34375,1.0,5.377106666564941,1.751750111579895
872,60,gaussian,3,44,0.5625,0.625,0.5625,1.0,0.9185553193092346,0.32977649569511414
873,60,gaussian,3,44,0.546875,0.46875,0.546875,1.0,0.5596731901168823,0.18913434445858002
874,60,gaussian,3,44,0.2421875,0.234375,0.488988988988989,1.0,1.350117564201355,0.3568437993526459
875,60,gaussian,3,44,0.34375,0.40625,0.34375,1.0,2.490506887435913,0.7661330699920654
876,60,gaussian,3,44,0.296875,0.53125,0.296875,1.0,3.2741384506225586,1.043272614479065
877,60,gaussian,3,44,0.234375,0.25,0.47881773399014776,1.0,2.6235554218292236,0.8277302980422974
878,60,gaussian,3,44,0.3125,0.578125,0.3125,1.0,1.1103525161743164,0.34761306643486023
879,60,gaussian,3,44,0.53125,0.609375,0.53125,1.0,0.5997607707977295,0.2082398533821106
880,60,gaussian,3,44,0.28125,0.59375,0.28125,1.0,1.7226181030273438,0.6209012269973755
881,60,gaussian,3,44,0.375,0.59375,0.375,1.0,1.9167284965515137,0.6667227149009705
882,60,gaussian,3,44,0.578125,0.46875,0.578125,1.0,3.3947906494140625,1.0768266916275024
883,60,gaussian,3,44,0.25,0.28125,0.5,1.0,1.5813548564910889,0.494332492351532
884,60,gaussian,3,44,0.375,0.46875,0.375,1.0,1.729479193687439,0.5617276430130005
885,60,gaussian,3,44,0.28125,0.5625,0.28125,1.0,2.169264793395996,0.734968364238739
886,60,gaussian,3,44,0.421875,0.625,0.421875,1.0,1.8322571516036987,0.6042883992195129
887,60,gaussian,3,44,0.2421875,0.234375,0.489247311827957,1.0,2.035749673843384,0.6884003281593323
888,60,gaussian,3,44,0.328125,0.328125,0.328125,1.0,1.1719533205032349,0.36617934703826904
889,60,gaussian,3,44,0.671875,0.234375,0.671875,1.0,6.569234848022461,1.9876296520233154
890,60,gaussian,3,44,0.5625,0.640625,0.5625,1.0,4.137681484222412,1.3380197286605835
891,60,gaussian,3,44,0.296875,0.53125,0.296875,1.0,0.6760936975479126,0.21896404027938843
892,60,gaussian,3,44,0.3125,0.578125,0.3125,1.0,1.7616088390350342,0.5635548233985901
893,60,gaussian,3,44,0.734375,0.265625,0.734375,1.0,0.4952967166900635,0.13886936008930206
894,60,gaussian,3,44,0.53125,0.609375,0.53125,1.0,2.5653839111328125,0.8485561013221741
895,60,gaussian,3,44,0.421875,0.53125,0.421875,1.0,5.167791366577148,1.7299206256866455
896,60,gaussian,3,44,0.296875,0.59375,0.296875,1.0,2.1841959953308105,0.7609708309173584
897,60,gaussian,3,44,0.28125,0.203125,0.5745098039215686,1.0,6.569687843322754,1.9876295328140259
898,60,gaussian,3,44,0.25,0.265625,0.4926108374384236,1.0,1.2820556163787842,0.3820545971393585
899,60,gaussian,3,44,0.46875,0.578125,0.46875,1.0,2.5892791748046875,0.9174677133560181
900,60,gaussian,3,44,0.34375,0.4375,0.34375,1.0,2.146423101425171,0.6808891296386719
901,60,gaussian,3,44,0.28125,0.265625,0.28125,1.0,1.653821349143982,0.4903971254825592
902,60,gaussian,3,44,0.28125,0.59375,0.28125,1.0,2.693847894668579,0.8147039413452148
903,60,gaussian,3,44,0.25,0.578125,0.25,1.0,2.774876356124878,0.9126384258270264
904,60,gaussian,3,44,0.34375,0.609375,0.34375,1.0,3.5505340099334717,1.264445424079895
905,60,gaussian,3,44,0.296875,0.578125,0.296875,1.0,2.987818956375122,0.9082119464874268
906,60,gaussian,3,44,0.34375,0.59375,0.34375,1.0,0.6567597985267639,0.22384026646614075
907,60,gaussian,3,44,0.328125,0.59375,0.328125,1.0,1.4985322952270508,0.4902394115924835
908,60,gaussian,3,44,0.359375,0.46875,0.359375,1.0,1.729921579360962,0.5617275834083557
909,60,gaussian,3,44,0.4375,0.40625,0.4375,1.0,1.67354154586792,0.5265775918960571
910,60,gaussian,3,44,0.390625,0.453125,0.390625,1.0,2.7936482429504395,0.920196533203125
911,60,gaussian,3,44,0.4375,0.625,0.4375,1.0,2.3590965270996094,0.7492405772209167
912,60,gaussian,3,44,0.390625,0.640625,0.390625,1.0,2.4935412406921387,0.8657653331756592
913,60,gaussian,3,44,0.40625,0.328125,0.40625,1.0,1.0185927152633667,0.368088960647583
914,60,gaussian,3,44,0.609375,0.6875,0.609375,1.0,0.6752489805221558,0.21171636879444122
915,60,gaussian,3,44,0.296875,0.5625,0.296875,1.0,2.148042678833008,0.664484441280365
916,60,gaussian,3,44,0.5,0.546875,0.5,1.0,2.665931224822998,0.9804604053497314
917,60,gaussian,3,44,0.25,0.640625,0.25,1.0,0.7066864371299744,0.21515338122844696
918,60,gaussian,3,44,0.484375,0.296875,0.484375,1.0,0.9872382879257202,0.3269091844558716
919,60,gaussian,3,44,0.34375,0.578125,0.34375,1.0,5.374422073364258,1.751750111579895
920,60,gaussian,3,44,0.4375,0.625,0.4375,1.0,2.35904598236084,0.7492405772209167
921,60,gaussian,3,44,0.34375,0.53125,0.34375,1.0,1.623678207397461,0.5454009771347046
922,60,gaussian,3,44,0.484375,0.5625,0.484375,1.0,8.91148853302002,3.100173234939575
923,60,gaussian,3,44,0.265625,0.578125,0.265625,1.0,1.0943398475646973,0.34890034794807434
924,60,gaussian,3,44,0.515625,0.421875,0.515625,1.0,1.708426594734192,0.5839370489120483
925,60,gaussian,3,44,0.34375,0.375,0.34375,1.0,3.747142791748047,1.2103303670883179
926,60,gaussian,3,44,0.578125,0.59375,0.578125,1.0,3.4400415420532227,1.109535813331604
927,60,gaussian,3,44,0.28125,0.65625,0.28125,1.0,1.8505207300186157,0.6457422375679016
928,60,gaussian,3,44,0.265625,0.625,0.265625,1.0,0.7657438516616821,0.265464186668396
929,60,gaussian,3,44,0.25,0.625,0.25,1.0,2.1175692081451416,0.7480224370956421
930,60,gaussian,3,44,0.46875,0.484375,0.46875,1.0,11.033294677734375,3.626216411590576
931,60,gaussian,3,44,0.75,0.640625,0.75,1.0,0.9977350234985352,0.28227680921554565
932,60,gaussian,3,44,0.234375,0.28125,0.5769230769230769,1.0,3.228550910949707,0.9610816836357117
933,60,gaussian,3,44,0.296875,0.546875,0.296875,1.0,4.5728254318237305,1.6807516813278198
934,60,gaussian,3,44,0.265625,0.265625,0.265625,1.0,0.4976387023925781,0.14200685918331146
935,60,gaussian,3,44,0.5,0.234375,0.5,1.0,0.6012246608734131,0.20267701148986816
936,60,gaussian,3,44,0.40625,0.421875,0.40625,1.0,4.173564910888672,1.4554390907287598
937,60,gaussian,3,44,0.28125,0.578125,0.28125,1.0,0.6443954706192017,0.23901505768299103
938,60,gaussian,3,44,0.53125,0.40625,0.53125,1.0,1.0874022245407104,0.37555915117263794
939,60,gaussian,3,44,0.34375,0.375,0.5116279069767442,1.0,0.47761034965515137,0.12352108955383301
940,60,gaussian,3,44,0.5,0.484375,0.5,1.0,5.829318046569824,2.0613677501678467
941,60,gaussian,3,44,0.28125,0.3125,0.6,1.0,3.0957136154174805,1.0157617330551147
942,60,gaussian,3,44,0.265625,0.2578125,0.5445445445445446,1.0,2.520402193069458,0.7336267232894897
943,60,gaussian,3,44,0.609375,0.546875,0.609375,1.0,2.31628155708313,0.7446303367614746
944,60,gaussian,3,44,0.65625,0.4375,0.65625,1.0,2.2506103515625,0.8380820155143738
945,60,gaussian,3,44,0.40625,0.4375,0.40625,1.0,1.0021988153457642,0.3320307433605194
946,60,gaussian,3,44,0.25,0.234375,0.4896551724137931,1.0,1.0242587327957153,0.3269847333431244
947,60,gaussian,3,44,0.734375,0.640625,0.734375,1.0,3.705418586730957,1.2734575271606445
948,60,gaussian,3,44,0.40625,0.453125,0.40625,1.0,2.7956080436706543,0.920196533203125
949,60,gaussian,3,44,0.265625,0.609375,0.265625,1.0,0.3816978335380554,0.11595472693443298
950,60,gaussian,3,44,0.1875,0.140625,0.41379310344827586,1.0,1.2827012538909912,0.3820545971393585
951,60,gaussian,3,44,0.484375,0.375,0.484375,1.0,0.9700178503990173,0.3342571258544922
952,60,gaussian,3,44,0.28125,0.609375,0.28125,1.0,1.7914695739746094,0.5843824148178101
953,60,gaussian,3,44,0.65625,0.609375,0.65625,1.0,3.26654052734375,1.0399411916732788
954,60,gaussian,3,44,0.53125,0.609375,0.53125,1.0,1.218949317932129,0.4329279363155365
955,60,gaussian,3,44,0.28125,0.59375,0.28125,1.0,1.934014916419983,0.6334043145179749
956,60,gaussian,3,44,0.3125,0.328125,0.3125,1.0,1.0711026191711426,0.3414474129676819
957,60,gaussian,3,44,0.59375,0.578125,0.59375,1.0,1.007493257522583,0.33937451243400574
958,60,gaussian,3,44,0.15625,0.125,0.38461538461538464,1.0,3.7723498344421387,1.1032991409301758
959,60,gaussian,3,44,0.328125,0.359375,0.328125,1.0,3.5349173545837402,1.1178392171859741
960,60,gaussian,3,44,0.34375,0.625,0.34375,1.0,4.444852828979492,1.5317579507827759
961,60,gaussian,3,44,0.609375,0.703125,0.609375,1.0,0.3622988760471344,0.11305201053619385
962,60,gaussian,3,44,0.296875,0.328125,0.296875,1.0,1.0194900035858154,0.2903383672237396
963,60,gaussian,3,44,0.5,0.546875,0.5,1.0,8.916826248168945,3.100173234939575
964,60,gaussian,3,44,0.234375,0.578125,0.234375,1.0,0.6577574014663696,0.19470098614692688
965,60,gaussian,3,44,0.40625,0.640625,0.40625,1.0,3.2416534423828125,1.0095770359039307
966,60,gaussian,3,44,0.46875,0.53125,0.46875,1.0,1.6334904432296753,0.5613531470298767
967,60,gaussian,3,44,0.359375,0.40625,0.359375,1.0,0.8952489495277405,0.27115345001220703
968,60,gaussian,3,44,0.28125,0.265625,0.5038759689922481,1.0,4.05919075012207,1.3259674310684204
969,60,gaussian,3,44,0.28125,0.28125,0.28125,1.0,1.6538589000701904,0.4903971254825592
970,60,gaussian,3,44,0.4375,0.421875,0.4375,1.0,10.677118301391602,3.6407103538513184
971,60,gaussian,3,44,0.328125,0.3125,0.6176470588235294,1.0,1.0234278440475464,0.3269847333431244
972,60,gaussian,3,44,0.296875,0.578125,0.296875,1.0,1.111968755722046,0.34761306643486023
973,60,gaussian,3,44,0.28125,0.59375,0.28125,1.0,2.6926512718200684,0.8147038817405701
974,60,gaussian,3,44,0.296875,0.5625,0.296875,1.0,2.1462903022766113,0.664484441280365
975,60,gaussian,3,44,0.265625,0.578125,0.265625,1.0,1.093097448348999,0.34890034794807434
976,60,gaussian,3,44,0.25,0.640625,0.25,1.0,1.3787391185760498,0.47639352083206177
977,60,gaussian,3,44,0.578125,0.609375,0.578125,1.0,1.8955128192901611,0.5981844067573547
978,60,gaussian,3,44,0.265625,0.578125,0.265625,1.0,2.8777108192443848,0.9737334251403809
979,60,gaussian,3,44,0.265625,0.609375,0.265625,1.0,0.7154346704483032,0.23184029757976532
980,60,gaussian,3,44,0.3125,0.4375,0.3125,1.0,2.8617258071899414,1.0084228515625
981,60,gaussian,3,44,0.484375,0.515625,0.484375,1.0,4.817873001098633,1.6736509799957275
982,60,gaussian,3,44,0.25,0.578125,0.25,1.0,2.7787294387817383,0.9126384258270264
983,60,gaussian,3,44,0.453125,0.5625,0.453125,1.0,0.648855447769165,0.21692173182964325
984,60,gaussian,3,44,0.359375,0.609375,0.359375,1.0,2.829333782196045,0.8828157186508179
985,60,gaussian,3,44,0.296875,0.2734375,0.5588547189819725,1.0,3.520988941192627,1.0611553192138672
986,60,gaussian,3,44,0.375,0.40625,0.375,1.0,0.5659241676330566,0.18917782604694366
987,60,gaussian,3,44,0.359375,0.609375,0.359375,1.0,1.1118448972702026,0.3702371120452881
988,60,gaussian,3,44,0.484375,0.578125,0.484375,1.0,2.977956533432007,0.9889764785766602
989,60,gaussian,3,44,0.578125,0.359375,0.578125,1.0,0.675313413143158,0.2169201672077179
990,60,gaussian,3,44,0.296875,0.625,0.296875,1.0,1.194955825805664,0.3513529300689697
991,60,gaussian,3,44,0.265625,0.625,0.265625,1.0,0.8107648491859436,0.2570779621601105
992,60,gaussian,3,44,0.375,0.359375,0.375,1.0,1.6275532245635986,0.5339771509170532
993,60,gaussian,3,44,0.59375,0.40625,0.59375,1.0,1.1391245126724243,0.38947778940200806
994,60,gaussian,3,44,0.28125,0.5625,0.28125,1.0,2.1696584224700928,0.734968364238739
995,60,gaussian,3,44,0.546875,0.59375,0.546875,1.0,2.3187267780303955,0.8080588579177856
996,60,gaussian,3,44,0.40625,0.59375,0.40625,1.0,7.990439414978027,2.8529226779937744
997,60,gaussian,3,44,0.640625,0.671875,0.640625,1.0,3.0320467948913574,1.0100618600845337
998,60,gaussian,3,44,0.375,0.453125,0.5853658536585366,1.0,2.411364793777466,0.729188084602356
999,60,gaussian,3,44,0.28125,0.59375,0.28125,1.0,1.4731544256210327,0.47758758068084717
0,80,gaussian,3,44,0.265625,0.28125,0.3541666666666667,1.0,0.4396216869354248,0.13574357330799103
1,80,gaussian,3,44,0.34375,0.453125,0.4583333333333333,1.0,1.9654719829559326,0.6451277136802673
2,80,gaussian,3,44,0.53125,0.203125,0.7083333333333334,1.0,0.5513100624084473,0.15675345063209534
3,80,gaussian,3,44,0.4375,0.328125,0.5833333333333334,1.0,2.2292091846466064,0.7019776105880737
4,80,gaussian,3,44,0.390625,0.40625,0.5208333333333334,1.0,4.593977451324463,1.6127654314041138
5,80,gaussian,3,44,0.296875,0.34375,0.3958333333333333,1.0,2.6442480087280273,0.8623548746109009
6,80,gaussian,3,44,0.1875,0.453125,0.25,1.0,0.8010852336883545,0.2676019072532654
7,80,gaussian,3,44,0.34375,0.375,0.4583333333333333,1.0,3.847686767578125,1.2527731657028198
8,80,gaussian,3,44,0.453125,0.453125,0.6041666666666666,1.0,2.0508809089660645,0.6975448727607727
9,80,gaussian,3,44,0.3125,0.21875,0.4166666666666667,1.0,1.0748156309127808,0.34738481044769287
10,80,gaussian,3,44,0.1875,0.4375,0.25,1.0,1.337807536125183,0.45704761147499084
11,80,gaussian,3,44,0.328125,0.375,0.4375,1.0,3.8443241119384766,1.2606894969940186
12,80,gaussian,3,44,0.265625,0.453125,0.3541666666666667,1.0,1.1124284267425537,0.37323009967803955
13,80,gaussian,3,44,0.28125,0.453125,0.375,1.0,5.071653366088867,1.7566442489624023
14,80,gaussian,3,44,0.25,0.4375,0.3333333333333333,1.0,1.496931552886963,0.4947955906391144
15,80,gaussian,3,44,0.375,0.34375,0.5,1.0,6.4167280197143555,2.2590649127960205
16,80,gaussian,3,44,0.3125,0.34375,0.4166666666666667,1.0,6.642683982849121,2.1294140815734863
17,80,gaussian,3,44,0.171875,0.140625,0.4583333333333333,1.0,1.5769065618515015,0.4972371459007263
18,80,gaussian,3,44,0.46875,0.515625,0.625,1.0,3.2491986751556396,1.0467708110809326
19,80,gaussian,3,44,0.375,0.390625,0.5,1.0,1.267335295677185,0.439802348613739
20,80,gaussian,3,44,0.296875,0.4375,0.3958333333333333,1.0,7.992406845092773,2.822505235671997
21,80,gaussian,3,44,0.203125,0.484375,0.2708333333333333,1.0,1.00081467628479,0.336891233921051
22,80,gaussian,3,44,0.328125,0.46875,0.4375,1.0,1.8338422775268555,0.6063395738601685
23,80,gaussian,3,44,0.4375,0.171875,0.5833333333333334,1.0,0.38409802317619324,0.1271931380033493
24,80,gaussian,3,44,0.25,0.453125,0.3333333333333333,1.0,0.5929545164108276,0.1995851695537567
25,80,gaussian,3,44,0.546875,0.390625,0.7291666666666666,1.0,0.2916112542152405,0.1024603545665741
26,80,gaussian,3,44,0.15625,0.46875,0.20833333333333334,1.0,0.34874671697616577,0.11633219569921494
27,80,gaussian,3,44,0.234375,0.40625,0.3125,1.0,4.163881778717041,1.4477602243423462
28,80,gaussian,3,44,0.375,0.390625,0.5,1.0,1.5906784534454346,0.5637668371200562
29,80,gaussian,3,44,0.46875,0.296875,0.625,1.0,0.7703713774681091,0.23448079824447632
30,80,gaussian,3,44,0.140625,0.15625,0.6,1.0,4.180435657501221,1.2763508558273315
31,80,gaussian,3,44,0.21875,0.484375,0.2916666666666667,1.0,2.518301486968994,0.8639358878135681
32,80,gaussian,3,44,0.59375,0.421875,0.7916666666666666,1.0,2.2513182163238525,0.6373567581176758
33,80,gaussian,3,44,0.4375,0.46875,0.5833333333333334,1.0,1.8951926231384277,0.6039335131645203
34,80,gaussian,3,44,0.25,0.40625,0.3333333333333333,1.0,6.9761552810668945,2.3896477222442627
35,80,gaussian,3,44,0.546875,0.1875,0.7291666666666666,1.0,0.49548766016960144,0.1380596160888672
36,80,gaussian,3,44,0.265625,0.484375,0.3541666666666667,1.0,2.6654052734375,0.8344472050666809
37,80,gaussian,3,44,0.375,0.421875,0.5,1.0,2.8226351737976074,0.9460762739181519
38,80,gaussian,3,44,0.1875,0.453125,0.25,1.0,0.802825391292572,0.27120351791381836
39,80,gaussian,3,44,0.484375,0.421875,0.6458333333333334,1.0,1.4705145359039307,0.5369540452957153
40,80,gaussian,3,44,0.203125,0.203125,0.2708333333333333,1.0,0.65144944190979,0.19015538692474365
41,80,gaussian,3,44,0.25,0.40625,0.3333333333333333,1.0,1.2103254795074463,0.39767569303512573
42,80,gaussian,3,44,0.21875,0.46875,0.2916666666666667,1.0,0.9029419422149658,0.2998787760734558
43,80,gaussian,3,44,0.3125,0.421875,0.4166666666666667,1.0,1.1874268054962158,0.41440171003341675
44,80,gaussian,3,44,0.3125,0.46875,0.4166666666666667,1.0,3.2339484691619873,0.9981908202171326
45,80,gaussian,3,44,0.1875,0.421875,0.25,1.0,1.1596131324768066,0.36051487922668457
46,80,gaussian,3,44,0.3125,0.4375,0.4166666666666667,1.0,0.8657596707344055,0.3183898329734802
47,80,gaussian,3,44,0.390625,0.359375,0.5208333333333334,1.0,0.8949689865112305,0.300916850566864
48,80,gaussian,3,44,0.5,0.40625,0.6666666666666666,1.0,1.4705253839492798,0.5391159653663635
49,80,gaussian,3,44,0.359375,0.453125,0.4791666666666667,1.0,2.2230207920074463,0.7928148508071899
50,80,gaussian,3,44,0.234375,0.40625,0.3125,1.0,0.9699432849884033,0.32485830783843994
51,80,gaussian,3,44,0.375,0.359375,0.5,1.0,4.593990325927734,1.5392990112304688
52,80,gaussian,3,44,0.28125,0.328125,0.375,1.0,2.2828328609466553,0.6933836936950684
53,80,gaussian,3,44,0.203125,0.515625,0.2708333333333333,1.0,2.621473789215088,0.8355342149734497
54,80,gaussian,3,44,0.1875,0.375,0.25,1.0,0.7923890948295593,0.23927514255046844
55,80,gaussian,3,44,0.390625,0.4375,0.5208333333333334,1.0,2.0887160301208496,0.7209007143974304
56,80,gaussian,3,44,0.21875,0.453125,0.2916666666666667,1.0,1.219259262084961,0.44599810242652893
57,80,gaussian,3,44,0.3125,0.34375,0.4166666666666667,1.0,1.3004438877105713,0.44451001286506653
58,80,gaussian,3,44,0.421875,0.453125,0.5625,1.0,3.9046950340270996,1.302125334739685
59,80,gaussian,3,44,0.46875,0.515625,0.625,1.0,3.250852584838867,1.0247840881347656
60,80,gaussian,3,44,0.3125,0.34375,0.4166666666666667,1.0,2.832390785217285,0.9575702548027039
61,80,gaussian,3,44,0.328125,0.453125,0.4375,1.0,1.830340027809143,0.603670060634613
62,80,gaussian,3,44,0.21875,0.4375,0.2916666666666667,1.0,1.1805639266967773,0.3365517556667328
63,80,gaussian,3,44,0.21875,0.5,0.2916666666666667,1.0,2.1019129753112793,0.7276806831359863
64,80,gaussian,3,44,0.1875,0.453125,0.25,1.0,0.8004729151725769,0.27010247111320496
65,80,gaussian,3,44,0.1875,0.1875,0.5,1.0,0.47557467222213745,0.1214662417769432
66,80,gaussian,3,44,0.21875,0.234375,0.4375,1.0,4.1666975021362305,1.260674238204956
67,80,gaussian,3,44,0.421875,0.421875,0.5625,1.0,3.859466314315796,1.2660764455795288
68,80,gaussian,3,44,0.15625,0.421875,0.20833333333333334,1.0,0.9755611419677734,0.3010765612125397
69,80,gaussian,3,44,0.28125,0.375,0.375,1.0,1.4173990488052368,0.48033761978149414
70,80,gaussian,3,44,0.3125,0.34375,0.4166666666666667,1.0,2.7909886837005615,0.9172208905220032
71,80,gaussian,3,44,0.25,0.453125,0.3333333333333333,1.0,0.7908332347869873,0.2655965983867645
72,80,gaussian,3,44,0.203125,0.515625,0.2708333333333333,1.0,2.6183407306671143,0.8153347969055176
73,80,gaussian,3,44,0.28125,0.265625,0.375,1.0,4.674832344055176,1.5516608953475952
74,80,gaussian,3,44,0.28125,0.4375,0.375,1.0,1.9155972003936768,0.6608131527900696
75,80,gaussian,3,44,0.40625,0.453125,0.5416666666666666,1.0,1.2189836502075195,0.42953088879585266
76,80,gaussian,3,44,0.421875,0.453125,0.5625,1.0,2.3177499771118164,0.7993268370628357
77,80,gaussian,3,44,0.234375,0.328125,0.3125,1.0,2.8603878021240234,1.0121660232543945
78,80,gaussian,3,44,0.375,0.359375,0.5,1.0,1.781379222869873,0.6407830119132996
79,80,gaussian,3,44,0.296875,0.484375,0.3958333333333333,1.0,1.3501863479614258,0.48061850666999817
80,80,gaussian,3,44,0.171875,0.4375,0.22916666666666666,1.0,0.9810876846313477,0.3027803599834442
81,80,gaussian,3,44,0.3125,0.3125,0.4166666666666667,1.0,0.8913872241973877,0.33350542187690735
82,80,gaussian,3,44,0.265625,0.296875,0.3541666666666667,1.0,0.8930820822715759,0.27393072843551636
83,80,gaussian,3,44,0.265625,0.46875,0.3541666666666667,1.0,1.1114671230316162,0.37018731236457825
84,80,gaussian,3,44,0.40625,0.4375,0.5416666666666666,1.0,6.541716575622559,2.1686618328094482
85,80,gaussian,3,44,0.203125,0.203125,0.65,1.0,2.5205705165863037,0.7262160778045654
86,80,gaussian,3,44,0.21875,0.4375,0.2916666666666667,1.0,0.6442158818244934,0.23624581098556519
87,80,gaussian,3,44,0.359375,0.359375,0.4791666666666667,1.0,2.1118006706237793,0.6792758107185364
88,80,gaussian,3,44,0.25,0.4375,0.3333333333333333,1.0,1.4943759441375732,0.5065533518791199
89,80,gaussian,3,44,0.296875,0.484375,0.3958333333333333,1.0,3.2371530532836914,1.0110948085784912
90,80,gaussian,3,44,0.515625,0.46875,0.6875,1.0,3.262883424758911,0.9648351073265076
91,80,gaussian,3,44,0.453125,0.515625,0.6041666666666666,1.0,3.240997791290283,1.0203213691711426
92,80,gaussian,3,44,0.453125,0.4375,0.6041666666666666,1.0,2.0506067276000977,0.7055410742759705
93,80,gaussian,3,44,0.1875,0.453125,0.25,1.0,0.9514910578727722,0.3214927017688751
94,80,gaussian,3,44,0.390625,0.390625,0.5208333333333334,1.0,1.5893168449401855,0.5629714131355286
95,80,gaussian,3,44,0.234375,0.4375,0.3125,1.0,1.1463968753814697,0.36032363772392273
96,80,gaussian,3,44,0.375,0.359375,0.5,1.0,1.782729148864746,0.6376354098320007
97,80,gaussian,3,44,0.203125,0.390625,0.2708333333333333,1.0,3.274240255355835,1.0353662967681885
98,80,gaussian,3,44,0.5,0.484375,0.6666666666666666,1.0,2.638327121734619,0.9074132442474365
99,80,gaussian,3,44,0.375,0.328125,0.5,1.0,1.209132194519043,0.46486538648605347
100,80,gaussian,3,44,0.296875,0.328125,0.3958333333333333,1.0,0.875306248664856,0.2786608636379242
101,80,gaussian,3,44,0.5,0.453125,0.6666666666666666,1.0,0.8929058313369751,0.27450841665267944
102,80,gaussian,3,44,0.375,0.4375,0.5,1.0,2.9778451919555664,0.9842137098312378
103,80,gaussian,3,44,0.4375,0.46875,0.5833333333333334,1.0,1.108408808708191,0.381081759929657
104,80,gaussian,3,44,0.34375,0.359375,0.4583333333333333,1.0,2.1083462238311768,0.6664051413536072
105,80,gaussian,3,44,,,,0.0,0.21893996000289917,0.05454963818192482
106,80,gaussian,3,44,0.390625,0.46875,0.5208333333333334,1.0,0.5997798442840576,0.20842678844928741
107,80,gaussian,3,44,0.265625,0.4375,0.3541666666666667,1.0,2.3673250675201416,0.7361816763877869
108,80,gaussian,3,44,0.21875,0.421875,0.2916666666666667,1.0,2.2100396156311035,0.7166962623596191
109,80,gaussian,3,44,0.234375,0.40625,0.3125,1.0,0.9699414372444153,0.3190319240093231
110,80,gaussian,3,44,0.203125,0.1875,0.52,1.0,1.7204402685165405,0.49480047821998596
111,80,gaussian,3,44,0.21875,0.328125,0.2916666666666667,1.0,5.6662702560424805,1.7381832599639893
112,80,gaussian,3,44,0.28125,0.265625,0.375,1.0,4.6671552658081055,1.550755500793457
113,80,gaussian,3,44,0.546875,0.203125,0.7291666666666666,1.0,0.5513734221458435,0.15345434844493866
114,80,gaussian,3,44,0.390625,0.40625,0.5208333333333334,1.0,2.0874526500701904,0.7544306516647339
115,80,gaussian,3,44,0.375,0.359375,0.5,1.0,0.9120753407478333,0.3077761232852936
116,80,gaussian,3,44,0.234375,0.484375,0.3125,1.0,0.4468335211277008,0.1591538041830063
117,80,gaussian,3,44,0.453125,0.484375,0.6041666666666666,1.0,2.768444299697876,0.999254047870636
118,80,gaussian,3,44,0.421875,0.46875,0.5625,1.0,0.9182994365692139,0.32659274339675903
119,80,gaussian,3,44,0.515625,0.25,0.6875,1.0,0.4085983633995056,0.123544842004776
120,80,gaussian,3,44,0.5,0.46875,0.6666666666666666,1.0,2.634591817855835,0.9116599559783936
121,80,gaussian,3,44,0.21875,0.390625,0.2916666666666667,1.0,0.6758756637573242,0.2176124006509781
122,80,gaussian,3,44,0.375,0.359375,0.5,1.0,2.5721006393432617,0.878607451915741
123,80,gaussian,3,44,0.296875,0.34375,0.3958333333333333,1.0,2.64619779586792,0.8454012274742126
124,80,gaussian,3,44,0.28125,0.34375,0.375,1.0,2.203932285308838,0.6794413924217224
125,80,gaussian,3,44,0.296875,0.46875,0.3958333333333333,1.0,2.4919381141662598,0.8733218908309937
126,80,gaussian,3,44,0.203125,0.5,0.2708333333333333,1.0,1.1676958799362183,0.3450997471809387
127,80,gaussian,3,44,0.25,0.21875,0.3333333333333333,1.0,2.387993574142456,0.7768197059631348
128,80,gaussian,3,44,0.234375,0.390625,0.3125,1.0,3.042536735534668,1.1246418952941895
129,80,gaussian,3,44,0.203125,0.4375,0.2708333333333333,1.0,2.2302379608154297,0.7047256827354431
130,80,gaussian,3,44,0.296875,0.34375,0.3958333333333333,1.0,1.7166264057159424,0.543353796005249
131,80,gaussian,3,44,0.375,0.359375,0.5,1.0,4.59135627746582,1.5216411352157593
132,80,gaussian,3,44,0.34375,0.421875,0.4583333333333333,1.0,0.6474556922912598,0.21617241203784943
133,80,gaussian,3,44,0.15625,0.4375,0.20833333333333334,1.0,0.9788175225257874,0.2967136800289154
134,80,gaussian,3,44,0.3125,0.3125,0.4166666666666667,1.0,0.8908998370170593,0.33255866169929504
135,80,gaussian,3,44,0.265625,0.46875,0.3541666666666667,1.0,0.7413264513015747,0.25300756096839905
136,80,gaussian,3,44,0.1875,0.453125,0.25,1.0,0.7152788639068604,0.23330961167812347
137,80,gaussian,3,44,0.4375,0.46875,0.5833333333333334,1.0,1.0357807874679565,0.35172632336616516
138,80,gaussian,3,44,0.09375,0.0625,0.4,1.0,2.37959885597229,0.7697850465774536
139,80,gaussian,3,44,0.21875,0.4375,0.2916666666666667,1.0,2.9796853065490723,0.8994911909103394
140,80,gaussian,3,44,0.375,0.390625,0.5,1.0,4.302961826324463,1.6246674060821533
141,80,gaussian,3,44,0.25,0.40625,0.3333333333333333,1.0,6.98259162902832,2.384915351867676
142,80,gaussian,3,44,0.28125,0.34375,0.375,1.0,2.201323986053467,0.6822419762611389
143,80,gaussian,3,44,0.484375,0.515625,0.6458333333333334,1.0,1.4684438705444336,0.467323899269104
144,80,gaussian,3,44,0.375,0.359375,0.5,1.0,5.828171730041504,2.0739340782165527
145,80,gaussian,3,44,0.46875,0.5,0.625,1.0,0.6756266355514526,0.21224159002304077
146,80,gaussian,3,44,0.234375,0.421875,0.3125,1.0,2.1458797454833984,0.6573622226715088
147,80,gaussian,3,44,0.1875,0.453125,0.25,1.0,0.8010566830635071,0.27180179953575134
148,80,gaussian,3,44,0.234375,0.421875,0.3125,1.0,1.9558185338974,0.6592602133750916
149,80,gaussian,3,44,0.5,0.21875,0.6666666666666666,1.0,4.216378211975098,1.278774380683899
150,80,gaussian,3,44,0.34375,0.359375,0.4583333333333333,1.0,3.848392963409424,1.256060242652893
151,80,gaussian,3,44,0.203125,0.421875,0.2708333333333333,1.0,3.280595302581787,1.0900064706802368
152,80,gaussian,3,44,0.546875,0.390625,0.7291666666666666,1.0,0.2908834218978882,0.1032119020819664
153,80,gaussian,3,44,0.328125,0.359375,0.4375,1.0,1.695245623588562,0.551156222820282
154,80,gaussian,3,44,0.375,0.375,0.5,1.0,1.5893590450286865,0.5932350754737854
155,80,gaussian,3,44,0.234375,0.390625,0.3125,1.0,1.0901165008544922,0.3569163978099823
156,80,gaussian,3,44,0.375,0.359375,0.5,1.0,5.695862770080566,2.005056142807007
157,80,gaussian,3,44,0.203125,0.203125,0.2708333333333333,1.0,1.6487752199172974,0.49723580479621887
158,80,gaussian,3,44,0.1875,0.484375,0.25,1.0,1.3752390146255493,0.4737209677696228
159,80,gaussian,3,44,0.484375,0.375,0.6458333333333334,1.0,1.4946105480194092,0.503500759601593
160,80,gaussian,3,44,0.375,0.40625,0.5,1.0,1.2470667362213135,0.441937118768692
161,80,gaussian,3,44,0.171875,0.203125,0.5789473684210527,1.0,3.225651264190674,0.9639012813568115
162,80,gaussian,3,44,0.1875,0.484375,0.25,1.0,0.5733852982521057,0.19646133482456207
163,80,gaussian,3,44,0.265625,0.296875,0.3541666666666667,1.0,0.43965423107147217,0.13592661917209625
164,80,gaussian,3,44,0.25,0.4375,0.3333333333333333,1.0,1.1495461463928223,0.35519930720329285
165,80,gaussian,3,44,0.21875,0.4375,0.2916666666666667,1.0,2.2810521125793457,0.7817153334617615
166,80,gaussian,3,44,0.25,0.3125,0.3333333333333333,1.0,3.100745439529419,0.9778522253036499
167,80,gaussian,3,44,0.453125,0.34375,0.6041666666666666,1.0,1.0158315896987915,0.3400433659553528
168,80,gaussian,3,44,0.4375,0.15625,0.5833333333333334,1.0,0.3847958743572235,0.1281019002199173
169,80,gaussian,3,44,0.25,0.265625,0.5517241379310345,1.0,3.774463415145874,1.0946589708328247
170,80,gaussian,3,44,0.28125,0.5,0.375,1.0,2.408998489379883,0.7276543378829956
171,80,gaussian,3,44,0.1875,0.40625,0.25,1.0,1.0287492275238037,0.3180290162563324
172,80,gaussian,3,44,0.421875,0.40625,0.5625,1.0,1.317612886428833,0.4279697835445404
173,80,gaussian,3,44,0.21875,0.21875,0.45161290322580644,1.0,1.448685646057129,0.4305601716041565
174,80,gaussian,3,44,0.234375,0.328125,0.3125,1.0,5.661230087280273,1.7733170986175537
175,80,gaussian,3,44,0.171875,0.4375,0.22916666666666666,1.0,0.9504404067993164,0.3008226156234741
176,80,gaussian,3,44,0.21875,0.46875,0.2916666666666667,1.0,0.9998053312301636,0.3350986838340759
177,80,gaussian,3,44,0.375,0.46875,0.5,1.0,0.6022336483001709,0.20518773794174194
178,80,gaussian,3,44,0.234375,0.453125,0.3125,1.0,1.977555751800537,0.6660624146461487
179,80,gaussian,3,44,0.375,0.375,0.5,1.0,2.4126572608947754,0.8441476821899414
180,80,gaussian,3,44,0.375,0.421875,0.5,1.0,5.127650260925293,1.7703416347503662
181,80,gaussian,3,44,0.421875,0.421875,0.5625,1.0,2.892592430114746,0.965434193611145
182,80,gaussian,3,44,0.171875,0.453125,0.22916666666666666,1.0,1.1152513027191162,0.3467128872871399
183,80,gaussian,3,44,0.21875,0.21875,0.4375,1.0,7.178989410400391,2.1807234287261963
184,80,gaussian,3,44,0.28125,0.34375,0.375,1.0,1.7150657176971436,0.5546813607215881
185,80,gaussian,3,44,0.28125,0.34375,0.375,1.0,2.203813076019287,0.6797716617584229
186,80,gaussian,3,44,0.1875,0.40625,0.25,1.0,3.163304328918457,1.0064843893051147
187,80,gaussian,3,44,0.25,0.40625,0.3333333333333333,1.0,1.9834994077682495,0.661626935005188
188,80,gaussian,3,44,0.3125,0.40625,0.4166666666666667,1.0,2.91556453704834,1.0129939317703247
189,80,gaussian,3,44,0.203125,0.40625,0.2708333333333333,1.0,1.1445711851119995,0.3735852837562561
190,80,gaussian,3,44,0.53125,0.484375,0.7083333333333334,1.0,3.914216995239258,1.2255748510360718
191,80,gaussian,3,44,0.328125,0.4375,0.4375,1.0,0.7930524349212646,0.27598080039024353
192,80,gaussian,3,44,0.46875,0.265625,0.625,1.0,0.6286939382553101,0.21595902740955353
193,80,gaussian,3,44,0.1875,0.4375,0.25,1.0,1.0958657264709473,0.35134661197662354
194,80,gaussian,3,44,0.1875,0.484375,0.25,1.0,2.42061448097229,0.7930102944374084
195,80,gaussian,3,44,0.234375,0.453125,0.3125,1.0,0.5935125350952148,0.19915510714054108
196,80,gaussian,3,44,0.375,0.40625,0.5,1.0,8.916847229003906,3.12386417388916
197,80,gaussian,3,44,0.34375,0.40625,0.4583333333333333,1.0,7.61972188949585,2.749829053878784
198,80,gaussian,3,44,0.453125,0.40625,0.6041666666666666,1.0,2.184735059738159,0.7400164604187012
199,80,gaussian,3,44,0.4375,0.40625,0.5833333333333334,1.0,2.8982064723968506,0.9671660661697388
200,80,gaussian,3,44,0.28125,0.421875,0.375,1.0,1.95122492313385,0.6181924343109131
201,80,gaussian,3,44,0.5625,0.125,0.75,1.0,3.2167587280273438,0.8905767798423767
202,80,gaussian,3,44,0.46875,0.4375,0.625,1.0,2.05238938331604,0.6935012936592102
203,80,gaussian,3,44,0.203125,0.40625,0.2708333333333333,1.0,1.0503954887390137,0.3590223491191864
204,80,gaussian,3,44,0.375,0.359375,0.5,1.0,5.693902015686035,2.0257084369659424
205,80,gaussian,3,44,0.328125,0.171875,0.4375,1.0,3.5873000621795654,1.162853479385376
206,80,gaussian,3,44,0.375,0.40625,0.5,1.0,4.5911946296691895,1.6275123357772827
207,80,gaussian,3,44,0.4375,0.46875,0.5833333333333334,1.0,4.129327297210693,1.322551965713501
208,80,gaussian,3,44,0.4375,0.453125,0.5833333333333334,1.0,5.024796485900879,1.6492815017700195
209,80,gaussian,3,44,0.28125,0.5,0.375,1.0,3.688199996948242,1.2400728464126587
210,80,gaussian,3,44,0.3125,0.484375,0.4166666666666667,1.0,2.020031452178955,0.6863670349121094
211,80,gaussian,3,44,,,,0.0,1.5305302143096924,0.4584258794784546
212,80,gaussian,3,44,0.375,0.359375,0.5,1.0,0.9105198979377747,0.3055741786956787
213,80,gaussian,3,44,0.34375,0.265625,0.4583333333333333,1.0,3.208364963531494,1.052067518234253
214,80,gaussian,3,44,0.203125,0.203125,0.2708333333333333,1.0,0.6517537832260132,0.19109036028385162
215,80,gaussian,3,44,0.234375,0.421875,0.3125,1.0,1.2475948333740234,0.40986400842666626
216,80,gaussian,3,44,,,,0.0,2.574068546295166,0.7727399468421936
217,80,gaussian,3,44,0.5,0.46875,0.6666666666666666,1.0,2.63547420501709,0.9063464999198914
218,80,gaussian,3,44,0.1875,0.453125,0.25,1.0,0.38130444288253784,0.11452579498291016
219,80,gaussian,3,44,0.25,0.40625,0.3333333333333333,1.0,1.560076355934143,0.533931314945221
220,80,gaussian,3,44,0.25,0.453125,0.3333333333333333,1.0,3.5463180541992188,1.2643494606018066
221,80,gaussian,3,44,0.21875,0.453125,0.2916666666666667,1.0,1.7229387760162354,0.6132182478904724
222,80,gaussian,3,44,0.578125,0.4375,0.7708333333333334,1.0,2.8401503562927246,0.8228905200958252
223,80,gaussian,3,44,0.375,0.359375,0.5,1.0,5.695230007171631,2.0073487758636475
224,80,gaussian,3,44,0.3125,0.4375,0.4166666666666667,1.0,0.8664308190345764,0.31830930709838867
225,80,gaussian,3,44,0.28125,0.46875,0.375,1.0,1.9262069463729858,0.6090961694717407
226,80,gaussian,3,44,0.25,0.46875,0.3333333333333333,1.0,1.1111212968826294,0.3690199553966522
227,80,gaussian,3,44,0.21875,0.421875,0.2916666666666667,1.0,2.278817653656006,0.7795329689979553
228,80,gaussian,3,44,0.28125,0.265625,0.375,1.0,4.67131233215332,1.551560640335083
229,80,gaussian,3,44,0.203125,0.453125,0.2708333333333333,1.0,0.7357355356216431,0.25458580255508423
230,80,gaussian,3,44,,,,0.0,1.8827183246612549,0.5476791262626648
231,80,gaussian,3,44,0.390625,0.359375,0.5208333333333334,1.0,0.8949238657951355,0.3054264187812805
232,80,gaussian,3,44,0.234375,0.484375,0.3125,1.0,2.8290772438049316,0.874664843082428
233,80,gaussian,3,44,0.296875,0.3125,0.3958333333333333,1.0,8.941455841064453,2.8022985458374023
234,80,gaussian,3,44,0.359375,0.34375,0.4791666666666667,1.0,1.2956652641296387,0.4465966522693634
235,80,gaussian,3,44,0.46875,0.328125,0.625,1.0,1.016660213470459,0.3427582085132599
236,80,gaussian,3,44,0.359375,0.359375,0.4791666666666667,1.0,3.454191207885742,1.1893261671066284
237,80,gaussian,3,44,0.1875,0.484375,0.25,1.0,4.861565589904785,1.505670428276062
238,80,gaussian,3,44,0.234375,0.4375,0.3125,1.0,1.3902320861816406,0.44798311591148376
239,80,gaussian,3,44,0.375,0.453125,0.5,1.0,1.716211199760437,0.577706515789032
240,80,gaussian,3,44,0.421875,0.15625,0.5625,1.0,0.383766233921051,0.12812989950180054
241,80,gaussian,3,44,0.34375,0.359375,0.4583333333333333,1.0,2.109825611114502,0.6768084168434143
242,80,gaussian,3,44,0.546875,0.25,0.7291666666666666,1.0,6.777952194213867,2.033205032348633
243,80,gaussian,3,44,0.390625,0.453125,0.5208333333333334,1.0,0.5101509690284729,0.1786109209060669
244,80,gaussian,3,44,0.4375,0.4375,0.5833333333333334,1.0,1.959005355834961,0.700301468372345
245,80,gaussian,3,44,0.296875,0.328125,0.3958333333333333,1.0,0.8760467767715454,0.27943137288093567
246,80,gaussian,3,44,0.46875,0.4375,0.625,1.0,2.0523948669433594,0.6967169642448425
247,80,gaussian,3,44,0.4375,0.328125,0.5833333333333334,1.0,2.4554615020751953,0.8239926695823669
248,80,gaussian,3,44,0.25,0.296875,0.3333333333333333,1.0,1.8900552988052368,0.5924360752105713
249,80,gaussian,3,44,0.5625,0.484375,0.75,1.0,0.995120644569397,0.285718709230423
250,80,gaussian,3,44,0.203125,0.46875,0.2708333333333333,1.0,1.213584542274475,0.4098891019821167
251,80,gaussian,3,44,0.21875,0.453125,0.2916666666666667,1.0,0.9955039024353027,0.32675808668136597
252,80,gaussian,3,44,0.375,0.34375,0.5,1.0,0.6580503582954407,0.23174168169498444
253,80,gaussian,3,44,0.453125,0.46875,0.6041666666666666,1.0,1.036600112915039,0.3517243564128876
254,80,gaussian,3,44,0.25,0.234375,0.3333333333333333,1.0,1.7766938209533691,0.5307186245918274
255,80,gaussian,3,44,0.25,0.4375,0.3333333333333333,1.0,6.257989406585693,2.121643543243408
256,80,gaussian,3,44,0.390625,0.4375,0.5208333333333334,1.0,2.0861196517944336,0.7222710251808167
257,80,gaussian,3,44,0.234375,0.4375,0.3125,1.0,1.956435203552246,0.651144802570343
258,80,gaussian,3,44,0.203125,0.453125,0.2708333333333333,1.0,0.3812299072742462,0.11714602261781693
259,80,gaussian,3,44,0.21875,0.484375,0.2916666666666667,1.0,1.8456162214279175,0.6386264562606812
260,80,gaussian,3,44,0.21875,0.421875,0.2916666666666667,1.0,1.146833896636963,0.36924484372138977
261,80,gaussian,3,44,0.25,0.3125,0.3333333333333333,1.0,2.4863874912261963,0.7772243022918701
262,80,gaussian,3,44,0.453125,0.328125,0.6041666666666666,1.0,2.228635311126709,0.7016511559486389
263,80,gaussian,3,44,0.1875,0.421875,0.25,1.0,3.669006824493408,1.1732254028320312
264,80,gaussian,3,44,0.375,0.359375,0.5,1.0,1.2704836130142212,0.45248910784721375
265,80,gaussian,3,44,0.203125,0.453125,0.2708333333333333,1.0,1.934135913848877,0.6268277168273926
266,80,gaussian,3,44,0.25,0.40625,0.3333333333333333,1.0,1.5600980520248413,0.5394124388694763
267,80,gaussian,3,44,0.234375,0.4375,0.3125,1.0,2.8482327461242676,0.9748589992523193
268,80,gaussian,3,44,0.234375,0.453125,0.3125,1.0,0.9655828475952148,0.2953561842441559
269,80,gaussian,3,44,0.328125,0.375,0.4375,1.0,3.8444108963012695,1.249562382698059
270,80,gaussian,3,44,0.515625,0.484375,0.6875,1.0,1.1659198999404907,0.42065227031707764
271,80,gaussian,3,44,0.328125,0.515625,0.4375,1.0,0.43832606077194214,0.13919340074062347
272,80,gaussian,3,44,0.21875,0.21875,0.45161290322580644,1.0,1.4487435817718506,0.4328119456768036
273,80,gaussian,3,44,0.453125,0.4375,0.6041666666666666,1.0,1.0069310665130615,0.33994829654693604
274,80,gaussian,3,44,0.359375,0.171875,0.4791666666666667,1.0,1.1651244163513184,0.3816415071487427
275,80,gaussian,3,44,0.4375,0.484375,0.5833333333333334,1.0,0.6102828979492188,0.2169090062379837
276,80,gaussian,3,44,0.203125,0.46875,0.2708333333333333,1.0,2.1026768684387207,0.699144721031189
277,80,gaussian,3,44,0.203125,0.46875,0.2708333333333333,1.0,0.999751091003418,0.33010485768318176
278,80,gaussian,3,44,0.390625,0.453125,0.5208333333333334,1.0,0.38925933837890625,0.13694056868553162
279,80,gaussian,3,44,0.1875,0.484375,0.25,1.0,1.3764880895614624,0.46960964798927307
280,80,gaussian,3,44,0.296875,0.328125,0.3958333333333333,1.0,2.4555628299713135,0.8116675019264221
281,80,gaussian,3,44,0.234375,0.421875,0.3125,1.0,1.2076990604400635,0.39694300293922424
282,80,gaussian,3,44,0.28125,0.40625,0.375,1.0,1.200852394104004,0.41984468698501587
283,80,gaussian,3,44,0.28125,0.5,0.375,1.0,0.8222599625587463,0.2450958788394928
284,80,gaussian,3,44,0.265625,0.421875,0.3541666666666667,1.0,1.7910410165786743,0.5764006972312927
285,80,gaussian,3,44,0.25,0.46875,0.3333333333333333,1.0,1.3570704460144043,0.4491204619407654
286,80,gaussian,3,44,0.15625,0.453125,0.20833333333333334,1.0,0.9582211971282959,0.2969086170196533
287,80,gaussian,3,44,0.3125,0.28125,0.4166666666666667,1.0,3.5150816440582275,1.210284948348999
288,80,gaussian,3,44,0.34375,0.453125,0.4583333333333333,1.0,2.138495922088623,0.7274489998817444
289,80,gaussian,3,44,0.390625,0.34375,0.5208333333333334,1.0,0.8953216075897217,0.3005369007587433
290,80,gaussian,3,44,0.203125,0.46875,0.2708333333333333,1.0,2.1024115085601807,0.6930766701698303
291,80,gaussian,3,44,0.21875,0.4375,0.2916666666666667,1.0,2.6902713775634766,0.8052186965942383
292,80,gaussian,3,44,0.390625,0.34375,0.5208333333333334,1.0,0.8955022096633911,0.3054203689098358
293,80,gaussian,3,44,0.1875,0.4375,0.25,1.0,0.7418737411499023,0.2503984272480011
294,80,gaussian,3,44,0.40625,0.375,0.5416666666666666,1.0,1.3936738967895508,0.4887376129627228
295,80,gaussian,3,44,0.203125,0.484375,0.2708333333333333,1.0,0.3851891756057739,0.1268460601568222
296,80,gaussian,3,44,0.234375,0.421875,0.3125,1.0,1.3889331817626953,0.45437148213386536
297,80,gaussian,3,44,0.234375,0.4375,0.3125,1.0,1.7610502243041992,0.5602286458015442
298,80,gaussian,3,44,0.25,0.265625,0.3333333333333333,1.0,3.5370843410491943,1.115757703781128
299,80,gaussian,3,44,0.21875,0.46875,0.2916666666666667,1.0,1.2828737497329712,0.42999356985092163
300,80,gaussian,3,44,0.484375,0.28125,0.6458333333333334,1.0,1.3571968078613281,0.41416099667549133
301,80,gaussian,3,44,0.234375,0.25,0.3125,1.0,1.7797702550888062,0.5266294479370117
302,80,gaussian,3,44,0.359375,0.46875,0.4791666666666667,1.0,0.7639609575271606,0.25138506293296814
303,80,gaussian,3,44,0.234375,0.390625,0.3125,1.0,1.0914909839630127,0.3569239675998688
304,80,gaussian,3,44,0.46875,0.484375,0.625,1.0,3.028905153274536,1.0183169841766357
305,80,gaussian,3,44,0.234375,0.40625,0.3125,1.0,2.5058274269104004,0.8208832144737244
306,80,gaussian,3,44,0.390625,0.453125,0.5208333333333334,1.0,7.928954124450684,2.837934732437134
307,80,gaussian,3,44,0.375,0.40625,0.5,1.0,1.2471586465835571,0.44540756940841675
308,80,gaussian,3,44,0.5,0.453125,0.6666666666666666,1.0,3.268846035003662,1.0356823205947876
309,80,gaussian,3,44,0.359375,0.359375,0.4791666666666667,1.0,1.059875249862671,0.3610386550426483
310,80,gaussian,3,44,0.1875,0.421875,0.25,1.0,2.7704508304595947,0.9207125902175903
311,80,gaussian,3,44,0.15625,0.125,0.43478260869565216,1.0,0.929782509803772,0.2818761467933655
312,80,gaussian,3,44,0.203125,0.5,0.2708333333333333,1.0,0.8901780843734741,0.27197572588920593
313,80,gaussian,3,44,0.59375,0.421875,0.7916666666666666,1.0,2.261091947555542,0.6339350938796997
314,80,gaussian,3,44,0.453125,0.484375,0.6041666666666666,1.0,1.1065195798873901,0.3802309036254883
315,80,gaussian,3,44,0.375,0.46875,0.5,1.0,0.7638232111930847,0.2538243532180786
316,80,gaussian,3,44,0.328125,0.421875,0.4375,1.0,1.3503615856170654,0.4807432293891907
317,80,gaussian,3,44,,,,0.0,2.5206570625305176,0.7421851754188538
318,80,gaussian,3,44,0.203125,0.484375,0.2708333333333333,1.0,0.3853415846824646,0.12673276662826538
319,80,gaussian,3,44,0.484375,0.4375,0.6458333333333334,1.0,4.641871452331543,1.4811851978302002
320,80,gaussian,3,44,0.453125,0.46875,0.6041666666666666,1.0,2.762040138244629,0.9863714575767517
321,80,gaussian,3,44,0.296875,0.453125,0.3958333333333333,1.0,1.8647654056549072,0.6703568696975708
322,80,gaussian,3,44,0.515625,0.484375,0.6875,1.0,1.1655024290084839,0.41348204016685486
323,80,gaussian,3,44,0.296875,0.421875,0.3958333333333333,1.0,0.5934288501739502,0.20261861383914948
324,80,gaussian,3,44,0.21875,0.40625,0.2916666666666667,1.0,0.970975935459137,0.3198763430118561
325,80,gaussian,3,44,0.1875,0.4375,0.25,1.0,1.0957863330841064,0.3490164875984192
326,80,gaussian,3,44,0.21875,0.21875,0.2916666666666667,1.0,1.5572173595428467,0.45372486114501953
327,80,gaussian,3,44,0.4375,0.3125,0.5833333333333334,1.0,2.449270486831665,0.825562596321106
328,80,gaussian,3,44,0.234375,0.46875,0.3125,1.0,2.184083938598633,0.6565694212913513
329,80,gaussian,3,44,0.234375,0.453125,0.3125,1.0,1.498360514640808,0.4953889548778534
330,80,gaussian,3,44,0.4375,0.4375,0.5833333333333334,1.0,1.9586741924285889,0.694914698600769
331,80,gaussian,3,44,0.359375,0.453125,0.4791666666666667,1.0,2.141862630844116,0.7222499251365662
332,80,gaussian,3,44,0.5625,0.125,0.75,1.0,3.210519313812256,0.8826239109039307
333,80,gaussian,3,44,0.15625,0.453125,0.20833333333333334,1.0,0.34835296869277954,0.1170191764831543
334,80,gaussian,3,44,0.21875,0.40625,0.2916666666666667,1.0,4.566906452178955,1.6899033784866333
335,80,gaussian,3,44,0.15625,0.140625,0.38461538461538464,1.0,1.172149658203125,0.33749890327453613
336,80,gaussian,3,44,0.234375,0.421875,0.3125,1.0,1.4037400484085083,0.4434517025947571
337,80,gaussian,3,44,0.515625,0.515625,0.6875,1.0,3.0892887115478516,1.0142524242401123
338,80,gaussian,3,44,0.421875,0.34375,0.5625,1.0,3.0897574424743652,1.029195785522461
339,80,gaussian,3,44,0.53125,0.203125,0.7083333333333334,1.0,0.6765223741531372,0.19395889341831207
340,80,gaussian,3,44,0.171875,0.140625,0.22916666666666666,1.0,0.5810400247573853,0.16388466954231262
341,80,gaussian,3,44,0.1875,0.1875,0.41379310344827586,1.0,4.451598644256592,1.308345079421997
342,80,gaussian,3,44,0.25,0.46875,0.3333333333333333,1.0,1.1113131046295166,0.37400299310684204
343,80,gaussian,3,44,,,,0.0,2.572340250015259,0.778609573841095
344,80,gaussian,3,44,0.296875,0.296875,0.3958333333333333,1.0,8.957626342773438,2.8054654598236084
345,80,gaussian,3,44,0.203125,0.453125,0.2708333333333333,1.0,0.381239116191864,0.1161113902926445
346,80,gaussian,3,44,0.21875,0.484375,0.2916666666666667,1.0,1.967444896697998,0.5692499279975891
347,80,gaussian,3,44,0.25,0.4375,0.3333333333333333,1.0,0.8594835996627808,0.28124624490737915
348,80,gaussian,3,44,0.109375,0.09375,0.3684210526315789,1.0,3.7735886573791504,1.1166855096817017
349,80,gaussian,3,44,0.453125,0.4375,0.6041666666666666,1.0,1.0062556266784668,0.3355691134929657
350,80,gaussian,3,44,0.390625,0.46875,0.5208333333333334,1.0,0.6028053760528564,0.20773595571517944
351,80,gaussian,3,44,0.53125,0.46875,0.7083333333333334,1.0,3.718221426010132,1.1360329389572144
352,80,gaussian,3,44,0.40625,0.4375,0.5416666666666666,1.0,2.0857765674591064,0.7273171544075012
353,80,gaussian,3,44,0.3125,0.40625,0.4166666666666667,1.0,2.917236328125,1.0067075490951538
354,80,gaussian,3,44,0.25,0.265625,0.3333333333333333,1.0,1.655998945236206,0.49655255675315857
355,80,gaussian,3,44,0.171875,0.21875,0.55,1.0,3.37313175201416,1.0250606536865234
356,80,gaussian,3,44,0.265625,0.359375,0.3541666666666667,1.0,2.7655067443847656,0.9405232667922974
357,80,gaussian,3,44,0.203125,0.453125,0.2708333333333333,1.0,0.9938555359840393,0.3318781852722168
358,80,gaussian,3,44,0.3125,0.453125,0.4166666666666667,1.0,0.4594382047653198,0.14756400883197784
359,80,gaussian,3,44,,,,0.0,0.8072887659072876,0.2248372882604599
360,80,gaussian,3,44,0.203125,0.40625,0.2708333333333333,1.0,1.0500973463058472,0.36134058237075806
361,80,gaussian,3,44,0.40625,0.296875,0.5416666666666666,1.0,1.0869691371917725,0.375807523727417
362,80,gaussian,3,44,0.21875,0.453125,0.2916666666666667,1.0,2.5398077964782715,0.8780341744422913
363,80,gaussian,3,44,0.28125,0.3125,0.375,1.0,10.86709213256836,3.4087090492248535
364,80,gaussian,3,44,0.40625,0.4375,0.5416666666666666,1.0,6.555261611938477,2.135874032974243
365,80,gaussian,3,44,0.234375,0.234375,0.3125,1.0,3.83499813079834,1.1342829465866089
366,80,gaussian,3,44,0.375,0.375,0.5,1.0,4.3010430335998535,1.628202199935913
367,80,gaussian,3,44,0.375,0.359375,0.5,1.0,1.7826523780822754,0.6355422735214233
368,80,gaussian,3,44,0.203125,0.5,0.2708333333333333,1.0,2.099647283554077,0.7119564414024353
369,80,gaussian,3,44,0.4375,0.171875,0.5833333333333334,1.0,0.3846561908721924,0.12753921747207642
370,80,gaussian,3,44,0.5,0.484375,0.6666666666666666,1.0,2.6402428150177,0.8906847834587097
371,80,gaussian,3,44,0.1875,0.4375,0.25,1.0,3.6726417541503906,1.1734097003936768
372,80,gaussian,3,44,0.28125,0.328125,0.375,1.0,1.8318949937820435,0.6048598885536194
373,80,gaussian,3,44,0.265625,0.484375,0.3541666666666667,1.0,0.6798636317253113,0.206705704331398
374,80,gaussian,3,44,0.328125,0.46875,0.4375,1.0,1.234328269958496,0.413039892911911
375,80,gaussian,3,44,0.234375,0.390625,0.3125,1.0,2.398381471633911,0.7685549855232239
376,80,gaussian,3,44,0.1875,0.203125,0.42857142857142855,1.0,1.3459818363189697,0.360723078250885
377,80,gaussian,3,44,0.515625,0.453125,0.6875,1.0,1.9711437225341797,0.702599823474884
378,80,gaussian,3,44,0.296875,0.28125,0.3958333333333333,1.0,3.516817569732666,1.2240346670150757
379,80,gaussian,3,44,0.375,0.1875,0.5,1.0,0.6026602387428284,0.20284096896648407
380,80,gaussian,3,44,0.25,0.484375,0.3333333333333333,1.0,0.8809618353843689,0.2873997092247009
381,80,gaussian,3,44,0.1875,0.484375,0.25,1.0,0.5734119415283203,0.19539491832256317
382,80,gaussian,3,44,0.265625,0.453125,0.3541666666666667,1.0,0.7411810159683228,0.2510389983654022
383,80,gaussian,3,44,0.46875,0.46875,0.625,1.0,6.61055850982666,2.278919219970703
384,80,gaussian,3,44,0.25,0.4375,0.3333333333333333,1.0,2.8416671752929688,0.9643166661262512
385,80,gaussian,3,44,0.28125,0.46875,0.375,1.0,0.7211100459098816,0.22180524468421936
386,80,gaussian,3,44,0.390625,0.375,0.5208333333333334,1.0,4.3007893562316895,1.6273581981658936
387,80,gaussian,3,44,0.1875,0.40625,0.25,1.0,1.0282641649246216,0.31308308243751526
388,80,gaussian,3,44,0.203125,0.453125,0.2708333333333333,1.0,0.5269684791564941,0.17227673530578613
389,80,gaussian,3,44,0.328125,0.46875,0.4375,1.0,2.352402687072754,0.7534846067428589
390,80,gaussian,3,44,,,,0.0,2.5763163566589355,0.7719339728355408
391,80,gaussian,3,44,0.28125,0.34375,0.375,1.0,6.237510681152344,2.005697727203369
392,80,gaussian,3,44,0.359375,0.3125,0.4791666666666667,1.0,6.133809566497803,2.10085129737854
393,80,gaussian,3,44,0.34375,0.359375,0.4583333333333333,1.0,2.1093268394470215,0.673416256904602
394,80,gaussian,3,44,0.1875,0.453125,0.25,1.0,2.5181055068969727,0.8238837718963623
395,80,gaussian,3,44,0.359375,0.4375,0.4791666666666667,1.0,2.977942943572998,0.9880233407020569
396,80,gaussian,3,44,0.25,0.25,0.3333333333333333,1.0,1.652641773223877,0.49843642115592957
397,80,gaussian,3,44,0.25,0.421875,0.3333333333333333,1.0,2.0783848762512207,0.6361523866653442
398,80,gaussian,3,44,0.21875,0.1875,0.5384615384615384,1.0,1.7201025485992432,0.49482643604278564
399,80,gaussian,3,44,0.421875,0.34375,0.5625,1.0,0.5590102672576904,0.19077496230602264
400,80,gaussian,3,44,0.4375,0.15625,0.5833333333333334,1.0,0.3827700614929199,0.12717722356319427
401,80,gaussian,3,44,0.25,0.453125,0.3333333333333333,1.0,1.495490312576294,0.5089464783668518
402,80,gaussian,3,44,0.28125,0.484375,0.375,1.0,1.3180943727493286,0.39701998233795166
403,80,gaussian,3,44,0.234375,0.421875,0.3125,1.0,1.7559285163879395,0.5620819926261902
404,80,gaussian,3,44,0.328125,0.3125,0.4375,1.0,1.6725468635559082,0.5219491124153137
405,80,gaussian,3,44,0.25,0.234375,0.3333333333333333,1.0,1.0677809715270996,0.34124720096588135
406,80,gaussian,3,44,0.34375,0.421875,0.4583333333333333,1.0,0.3825445771217346,0.1267145276069641
407,80,gaussian,3,44,0.5,0.484375,0.6666666666666666,1.0,2.6364357471466064,0.9039082527160645
408,80,gaussian,3,44,0.515625,0.453125,0.6875,1.0,0.8932338356971741,0.27683866024017334
409,80,gaussian,3,44,0.21875,0.4375,0.2916666666666667,1.0,1.930328607559204,0.6324501633644104
410,80,gaussian,3,44,0.59375,0.421875,0.7916666666666666,1.0,2.2589335441589355,0.6267320513725281
411,80,gaussian,3,44,0.234375,0.5,0.3125,1.0,2.034471035003662,0.6811910271644592
412,80,gaussian,3,44,0.21875,0.1875,0.5384615384615384,1.0,1.7199463844299316,0.49489229917526245
413,80,gaussian,3,44,0.515625,0.453125,0.6875,1.0,1.9714847803115845,0.7025938630104065
414,80,gaussian,3,44,0.25,0.421875,0.3333333333333333,1.0,5.377330780029297,1.7695541381835938
415,80,gaussian,3,44,0.25,0.4375,0.3333333333333333,1.0,1.8201504945755005,0.6100822687149048
416,80,gaussian,3,44,0.375,0.421875,0.5,1.0,5.124590873718262,1.7387645244598389
417,80,gaussian,3,44,0.21875,0.5,0.2916666666666667,1.0,2.1026768684387207,0.7273659110069275
418,80,gaussian,3,44,0.390625,0.453125,0.5208333333333334,1.0,2.560685396194458,0.8547743558883667
419,80,gaussian,3,44,0.25,0.296875,0.3333333333333333,1.0,1.894952654838562,0.5824928283691406
420,80,gaussian,3,44,0.53125,0.21875,0.7083333333333334,1.0,0.6776242256164551,0.19688914716243744
421,80,gaussian,3,44,0.484375,0.328125,0.6458333333333334,1.0,2.248218536376953,0.8382430672645569
422,80,gaussian,3,44,0.25,0.4375,0.3333333333333333,1.0,5.377324104309082,1.7495143413543701
423,80,gaussian,3,44,0.25,0.296875,0.3333333333333333,1.0,1.8948993682861328,0.5809275507926941
424,80,gaussian,3,44,0.203125,0.421875,0.2708333333333333,1.0,1.1275107860565186,0.3610198497772217
425,80,gaussian,3,44,0.203125,0.421875,0.2708333333333333,1.0,1.5885920524597168,0.5621424317359924
426,80,gaussian,3,44,0.421875,0.484375,0.5625,1.0,1.6759098768234253,0.5963189601898193
427,80,gaussian,3,44,0.21875,0.4375,0.2916666666666667,1.0,0.5048584938049316,0.18046635389328003
428,80,gaussian,3,44,0.375,0.421875,0.5,1.0,8.905970573425293,3.1154625415802
429,80,gaussian,3,44,0.21875,0.40625,0.2916666666666667,1.0,1.089667797088623,0.36411023139953613
430,80,gaussian,3,44,0.3125,0.328125,0.4166666666666667,1.0,6.642721176147461,2.119044780731201
431,80,gaussian,3,44,0.4375,0.3125,0.5833333333333334,1.0,3.2768001556396484,1.102413296699524
432,80,gaussian,3,44,0.359375,0.296875,0.4791666666666667,1.0,0.9789857864379883,0.35711589455604553
433,80,gaussian,3,44,0.34375,0.265625,0.4583333333333333,1.0,3.2094781398773193,1.0567378997802734
434,80,gaussian,3,44,0.34375,0.453125,0.4583333333333333,1.0,1.7123650312423706,0.5803556442260742
435,80,gaussian,3,44,0.203125,0.515625,0.2708333333333333,1.0,2.6217122077941895,0.8260050415992737
436,80,gaussian,3,44,0.265625,0.46875,0.3541666666666667,1.0,2.663544178009033,0.8216012120246887
437,80,gaussian,3,44,0.34375,0.171875,0.4583333333333333,1.0,3.5732016563415527,1.1667883396148682
438,80,gaussian,3,44,0.21875,0.421875,0.2916666666666667,1.0,2.1460609436035156,0.6615635752677917
439,80,gaussian,3,44,0.453125,0.4375,0.6041666666666666,1.0,1.9554623365402222,0.7000015377998352
440,80,gaussian,3,44,0.234375,0.40625,0.3125,1.0,1.6073802709579468,0.4763946533203125
441,80,gaussian,3,44,0.265625,0.46875,0.3541666666666667,1.0,2.665404796600342,0.8293346166610718
442,80,gaussian,3,44,0.21875,0.453125,0.2916666666666667,1.0,1.9801459312438965,0.6572760343551636
443,80,gaussian,3,44,0.265625,0.25,0.3541666666666667,1.0,2.4601035118103027,0.7982974648475647
444,80,gaussian,3,44,0.3125,0.203125,0.4166666666666667,1.0,1.0732238292694092,0.35283347964286804
445,80,gaussian,3,44,0.234375,0.453125,0.3125,1.0,1.3908584117889404,0.45404279232025146
446,80,gaussian,3,44,0.5625,0.140625,0.75,1.0,3.393885612487793,0.9715145230293274
447,80,gaussian,3,44,0.296875,0.4375,0.3958333333333333,1.0,1.1845078468322754,0.41181501746177673
448,80,gaussian,3,44,0.21875,0.46875,0.2916666666666667,1.0,1.1930184364318848,0.34745344519615173
449,80,gaussian,3,44,0.171875,0.203125,0.5789473684210527,1.0,3.2222964763641357,0.9645340442657471
450,80,gaussian,3,44,0.1875,0.453125,0.25,1.0,2.5189285278320312,0.8245652318000793
451,80,gaussian,3,44,0.203125,0.421875,0.2708333333333333,1.0,3.285216808319092,1.09034264087677
452,80,gaussian,3,44,0.265625,0.296875,0.3541666666666667,1.0,0.8926742076873779,0.26973313093185425
453,80,gaussian,3,44,0.1875,0.453125,0.25,1.0,0.6273254156112671,0.2215520143508911
454,80,gaussian,3,44,0.25,0.234375,0.3333333333333333,1.0,1.7790536880493164,0.5403074026107788
455,80,gaussian,3,44,0.203125,0.421875,0.2708333333333333,1.0,0.5055532455444336,0.17996643483638763
456,80,gaussian,3,44,0.3125,0.46875,0.4166666666666667,1.0,1.236596941947937,0.4080507159233093
457,80,gaussian,3,44,0.3125,0.296875,0.4166666666666667,1.0,0.6726540327072144,0.23105135560035706
458,80,gaussian,3,44,0.234375,0.234375,0.3125,1.0,1.0164785385131836,0.2907431423664093
459,80,gaussian,3,44,0.296875,0.296875,0.3958333333333333,1.0,0.5091248750686646,0.16036655008792877
460,80,gaussian,3,44,0.390625,0.453125,0.5208333333333334,1.0,2.045060873031616,0.6723929047584534
461,80,gaussian,3,44,0.234375,0.46875,0.3125,1.0,1.3054755926132202,0.4414493143558502
462,80,gaussian,3,44,0.25,0.296875,0.3333333333333333,1.0,1.894963026046753,0.5878238081932068
463,80,gaussian,3,44,0.203125,0.453125,0.2708333333333333,1.0,0.3812146484851837,0.11709613353013992
464,80,gaussian,3,44,0.1875,0.4375,0.25,1.0,1.1896705627441406,0.367428183555603
465,80,gaussian,3,44,0.234375,0.328125,0.3125,1.0,2.8543150424957275,1.0045924186706543
466,80,gaussian,3,44,0.375,0.328125,0.5,1.0,1.2090795040130615,0.46493396162986755
467,80,gaussian,3,44,0.203125,0.484375,0.2708333333333333,1.0,0.8895714282989502,0.2788723409175873
468,80,gaussian,3,44,0.1875,0.234375,0.5454545454545454,1.0,1.1684174537658691,0.33643054962158203
469,80,gaussian,3,44,0.265625,0.28125,0.3541666666666667,1.0,0.8955908417701721,0.2692660391330719
470,80,gaussian,3,44,0.171875,0.140625,0.4782608695652174,1.0,0.806912362575531,0.221893310546875
471,80,gaussian,3,44,0.4375,0.171875,0.5833333333333334,1.0,0.38425350189208984,0.12814080715179443
472,80,gaussian,3,44,0.421875,0.421875,0.5625,1.0,1.3178893327713013,0.4285735487937927
473,80,gaussian,3,44,0.21875,0.40625,0.2916666666666667,1.0,3.139270544052124,1.038179636001587
474,80,gaussian,3,44,0.53125,0.453125,0.7083333333333334,1.0,3.720334053039551,1.1355470418930054
475,80,gaussian,3,44,0.28125,0.390625,0.375,1.0,1.4160006046295166,0.487288236618042
476,80,gaussian,3,44,0.4375,0.296875,0.5833333333333334,1.0,3.2767586708068848,1.108436107635498
477,80,gaussian,3,44,0.25,0.40625,0.3333333333333333,1.0,6.982321262359619,2.3930046558380127
478,80,gaussian,3,44,0.59375,0.484375,0.7916666666666666,1.0,3.530647039413452,1.0639351606369019
479,80,gaussian,3,44,0.4375,0.40625,0.5833333333333334,1.0,2.8976879119873047,0.9667835235595703
480,80,gaussian,3,44,0.34375,0.421875,0.4583333333333333,1.0,0.38285866379737854,0.12711723148822784
481,80,gaussian,3,44,0.4375,0.421875,0.5833333333333334,1.0,2.898841619491577,0.9717885851860046
482,80,gaussian,3,44,0.234375,0.40625,0.3125,1.0,1.6067743301391602,0.4770542085170746
483,80,gaussian,3,44,0.25,0.296875,0.3333333333333333,1.0,1.8885581493377686,0.5888163447380066
484,80,gaussian,3,44,0.203125,0.453125,0.2708333333333333,1.0,1.790992021560669,0.5826367735862732
485,80,gaussian,3,44,0.21875,0.421875,0.2916666666666667,1.0,2.144986391067505,0.6620224714279175
486,80,gaussian,3,44,0.5,0.453125,0.6666666666666666,1.0,0.8928942680358887,0.2768045663833618
487,80,gaussian,3,44,0.1875,0.453125,0.25,1.0,1.1168417930603027,0.35385072231292725
488,80,gaussian,3,44,0.234375,0.421875,0.3125,1.0,2.742152452468872,0.8753321766853333
489,80,gaussian,3,44,0.1875,0.4375,0.25,1.0,1.0953927040100098,0.3448236882686615
490,80,gaussian,3,44,0.1875,0.46875,0.25,1.0,0.7162269353866577,0.23394112288951874
491,80,gaussian,3,44,0.34375,0.453125,0.4583333333333333,1.0,1.9645681381225586,0.6592849493026733
492,80,gaussian,3,44,0.203125,0.453125,0.2708333333333333,1.0,0.7373181581497192,0.25523319840431213
493,80,gaussian,3,44,0.5,0.484375,0.6666666666666666,1.0,2.640620708465576,0.8962262868881226
494,80,gaussian,3,44,0.21875,0.421875,0.2916666666666667,1.0,1.3577256202697754,0.4388144612312317
495,80,gaussian,3,44,0.4375,0.453125,0.5833333333333334,1.0,1.8970179557800293,0.5951429605484009
496,80,gaussian,3,44,0.265625,0.46875,0.3541666666666667,1.0,1.5931100845336914,0.556709885597229
497,80,gaussian,3,44,0.390625,0.453125,0.5208333333333334,1.0,0.38931357860565186,0.13499197363853455
498,80,gaussian,3,44,0.5625,0.125,0.75,1.0,3.2172253131866455,0.8824909329414368
499,80,gaussian,3,44,0.359375,0.296875,0.4791666666666667,1.0,0.979220986366272,0.358206182718277
500,80,gaussian,3,44,0.203125,0.421875,0.2708333333333333,1.0,3.2750353813171387,1.0964837074279785
501,80,gaussian,3,44,0.359375,0.359375,0.4791666666666667,1.0,3.456841468811035,1.190098524093628
502,80,gaussian,3,44,0.3125,0.328125,0.4166666666666667,1.0,0.876010537147522,0.28356021642684937
503,80,gaussian,3,44,0.40625,0.453125,0.5416666666666666,1.0,2.1330816745758057,0.720669150352478
504,80,gaussian,3,44,0.375,0.359375,0.5,1.0,1.0618149042129517,0.363423228263855
505,80,gaussian,3,44,0.1875,0.203125,0.4444444444444444,1.0,1.3462656736373901,0.3577018976211548
506,80,gaussian,3,44,0.25,0.28125,0.3333333333333333,1.0,1.8947956562042236,0.5833610892295837
507,80,gaussian,3,44,0.234375,0.28125,0.5769230769230769,1.0,1.2829148769378662,0.3770279884338379
508,80,gaussian,3,44,0.4375,0.484375,0.5833333333333334,1.0,1.1059683561325073,0.38025277853012085
509,80,gaussian,3,44,0.203125,0.484375,0.2708333333333333,1.0,1.8492851257324219,0.6493284106254578
510,80,gaussian,3,44,0.203125,0.453125,0.2708333333333333,1.0,0.9943692684173584,0.33318695425987244
511,80,gaussian,3,44,0.171875,0.4375,0.22916666666666666,1.0,1.1195592880249023,0.3512723743915558
512,80,gaussian,3,44,0.21875,0.4375,0.2916666666666667,1.0,0.5046753883361816,0.17790888249874115
513,80,gaussian,3,44,0.546875,0.453125,0.7291666666666666,1.0,4.44262170791626,1.483413815498352
514,80,gaussian,3,44,0.296875,0.359375,0.3958333333333333,1.0,2.647625207901001,0.8623061180114746
515,80,gaussian,3,44,0.21875,0.5,0.2916666666666667,1.0,2.102447509765625,0.7282871007919312
516,80,gaussian,3,44,0.265625,0.296875,0.3541666666666667,1.0,4.695910930633545,1.522361159324646
517,80,gaussian,3,44,0.1875,0.375,0.25,1.0,0.7922810316085815,0.2420511692762375
518,80,gaussian,3,44,0.203125,0.203125,0.5,1.0,1.5445785522460938,0.4475482404232025
519,80,gaussian,3,44,0.34375,0.4375,0.4583333333333333,1.0,2.5874996185302734,0.9154024124145508
520,80,gaussian,3,44,0.1875,0.4375,0.25,1.0,2.777134418487549,0.9161095023155212
521,80,gaussian,3,44,0.4375,0.265625,0.5833333333333334,1.0,0.6745815277099609,0.2168540209531784
522,80,gaussian,3,44,0.25,0.453125,0.3333333333333333,1.0,1.825011968612671,0.6105678081512451
523,80,gaussian,3,44,0.21875,0.46875,0.2916666666666667,1.0,0.9028826355934143,0.2971974313259125
524,80,gaussian,3,44,0.171875,0.46875,0.22916666666666666,1.0,1.1147096157073975,0.38189810514450073
525,80,gaussian,3,44,0.40625,0.4375,0.5416666666666666,1.0,6.552001476287842,2.180837869644165
526,80,gaussian,3,44,0.3125,0.40625,0.4166666666666667,1.0,2.9159350395202637,1.0050532817840576
527,80,gaussian,3,44,0.203125,0.40625,0.2708333333333333,1.0,4.552570819854736,1.690157413482666
528,80,gaussian,3,44,0.375,0.375,0.5,1.0,1.2680978775024414,0.4459308087825775
529,80,gaussian,3,44,0.1875,0.171875,0.42857142857142855,1.0,3.3740077018737793,1.0410574674606323
530,80,gaussian,3,44,0.375,0.40625,0.5,1.0,5.129218101501465,1.7536557912826538
531,80,gaussian,3,44,0.515625,0.1875,0.6875,1.0,1.8519818782806396,0.6424242854118347
532,80,gaussian,3,44,0.25,0.4375,0.3333333333333333,1.0,6.252993583679199,2.1196906566619873
533,80,gaussian,3,44,0.40625,0.4375,0.5416666666666666,1.0,2.086169958114624,0.720752477645874
534,80,gaussian,3,44,0.328125,0.3125,0.4375,1.0,1.6711063385009766,0.5248200297355652
535,80,gaussian,3,44,0.1875,0.4375,0.25,1.0,2.828672409057617,0.9353254437446594
536,80,gaussian,3,44,0.203125,0.421875,0.2708333333333333,1.0,2.4207162857055664,0.824010968208313
537,80,gaussian,3,44,0.21875,0.453125,0.2916666666666667,1.0,1.2832109928131104,0.4235139489173889
538,80,gaussian,3,44,0.21875,0.4375,0.2916666666666667,1.0,1.723629117012024,0.6140276789665222
539,80,gaussian,3,44,0.1875,0.453125,0.25,1.0,1.3710598945617676,0.4849069118499756
540,80,gaussian,3,44,0.203125,0.421875,0.2708333333333333,1.0,2.4209651947021484,0.824162483215332
541,80,gaussian,3,44,0.328125,0.421875,0.4375,1.0,0.5606399774551392,0.19972342252731323
542,80,gaussian,3,44,0.515625,0.1875,0.6875,1.0,6.542585849761963,1.9968770742416382
543,80,gaussian,3,44,0.546875,0.484375,0.7291666666666666,1.0,3.700173854827881,1.2656292915344238
544,80,gaussian,3,44,0.21875,0.4375,0.2916666666666667,1.0,1.9284522533416748,0.6342192888259888
545,80,gaussian,3,44,0.25,0.296875,0.3333333333333333,1.0,1.3757071495056152,0.4408346116542816
546,80,gaussian,3,44,0.234375,0.484375,0.3125,1.0,0.44734126329421997,0.15763217210769653
547,80,gaussian,3,44,0.5625,0.46875,0.75,1.0,0.9926751852035522,0.27963870763778687
548,80,gaussian,3,44,0.546875,0.4375,0.7291666666666666,1.0,4.442872047424316,1.4949785470962524
549,80,gaussian,3,44,0.21875,0.203125,0.2916666666666667,1.0,1.65290367603302,0.48935773968696594
550,80,gaussian,3,44,0.296875,0.4375,0.3958333333333333,1.0,3.2108755111694336,1.103873372077942
551,80,gaussian,3,44,0.28125,0.5,0.375,1.0,1.1642735004425049,0.4197763502597809
552,80,gaussian,3,44,0.25,0.46875,0.3333333333333333,1.0,1.111246109008789,0.3734281361103058
553,80,gaussian,3,44,0.265625,0.40625,0.3541666666666667,1.0,1.9502252340316772,0.6173060536384583
554,80,gaussian,3,44,0.34375,0.4375,0.4583333333333333,1.0,2.2227015495300293,0.784578263759613
555,80,gaussian,3,44,0.4375,0.453125,0.5833333333333334,1.0,1.8965966701507568,0.6040703058242798
556,80,gaussian,3,44,0.28125,0.359375,0.375,1.0,1.7284374237060547,0.5586071610450745
557,80,gaussian,3,44,0.28125,0.4375,0.375,1.0,1.9177579879760742,0.665533721446991
558,80,gaussian,3,44,0.453125,0.484375,0.6041666666666666,1.0,1.7500073909759521,0.569243848323822
559,80,gaussian,3,44,0.203125,0.4375,0.2708333333333333,1.0,2.6880996227264404,0.8063862919807434
560,80,gaussian,3,44,0.359375,0.421875,0.4791666666666667,1.0,2.585493803024292,0.9082454442977905
561,80,gaussian,3,44,0.21875,0.203125,0.2916666666666667,1.0,0.650376558303833,0.18986104428768158
562,80,gaussian,3,44,0.203125,0.4375,0.2708333333333333,1.0,0.5058477520942688,0.18129600584506989
563,80,gaussian,3,44,0.4375,0.328125,0.5833333333333334,1.0,2.4556057453155518,0.8229252696037292
564,80,gaussian,3,44,0.515625,0.453125,0.6875,1.0,1.9743443727493286,0.6931585669517517
565,80,gaussian,3,44,0.25,0.21875,0.3333333333333333,1.0,1.02339768409729,0.3232385218143463
566,80,gaussian,3,44,0.171875,0.453125,0.22916666666666666,1.0,0.9526578783988953,0.3027888834476471
567,80,gaussian,3,44,0.25,0.296875,0.3333333333333333,1.0,1.3761544227600098,0.43369898200035095
568,80,gaussian,3,44,0.296875,0.359375,0.3958333333333333,1.0,2.6477460861206055,0.8451834321022034
569,80,gaussian,3,44,0.203125,0.375,0.2708333333333333,1.0,4.348613262176514,1.3159868717193604
570,80,gaussian,3,44,0.25,0.21875,0.3333333333333333,1.0,1.0070440769195557,0.30309560894966125
571,80,gaussian,3,44,0.203125,0.4375,0.2708333333333333,1.0,2.2307491302490234,0.6915090084075928
572,80,gaussian,3,44,0.171875,0.46875,0.22916666666666666,1.0,0.4224131405353546,0.1470077633857727
573,80,gaussian,3,44,,,,0.0,1.1641535758972168,0.3497832715511322
574,80,gaussian,3,44,0.203125,0.4375,0.2708333333333333,1.0,1.9337010383605957,0.6398491859436035
575,80,gaussian,3,44,0.4375,0.15625,0.5833333333333334,1.0,0.38355401158332825,0.12948207557201385
576,80,gaussian,3,44,0.375,0.359375,0.5,1.0,5.695964813232422,2.0212883949279785
577,80,gaussian,3,44,0.40625,0.421875,0.5416666666666666,1.0,1.0742433071136475,0.3620966970920563
578,80,gaussian,3,44,0.21875,0.5,0.2916666666666667,1.0,2.428489923477173,0.737676203250885
579,80,gaussian,3,44,0.1875,0.453125,0.25,1.0,2.115018844604492,0.7443399429321289
580,80,gaussian,3,44,0.21875,0.453125,0.2916666666666667,1.0,1.2196322679519653,0.4418865442276001
581,80,gaussian,3,44,0.1875,0.453125,0.25,1.0,0.5280194878578186,0.17365802824497223
582,80,gaussian,3,44,0.453125,0.4375,0.6041666666666666,1.0,2.050565004348755,0.6993182301521301
583,80,gaussian,3,44,0.1875,0.46875,0.25,1.0,1.4224326610565186,0.5116618871688843
584,80,gaussian,3,44,0.171875,0.421875,0.22916666666666666,1.0,0.6581211686134338,0.19402028620243073
585,80,gaussian,3,44,0.34375,0.46875,0.4583333333333333,1.0,2.275491714477539,0.7795993685722351
586,80,gaussian,3,44,0.421875,0.46875,0.5625,1.0,1.2065374851226807,0.3953081965446472
587,80,gaussian,3,44,0.28125,0.4375,0.375,1.0,1.917776346206665,0.6590368747711182
588,80,gaussian,3,44,0.265625,0.359375,0.3541666666666667,1.0,2.765012264251709,0.9412347674369812
589,80,gaussian,3,44,0.171875,0.4375,0.22916666666666666,1.0,2.329437732696533,0.7876734733581543
590,80,gaussian,3,44,0.375,0.4375,0.5,1.0,1.5180761814117432,0.5009259581565857
591,80,gaussian,3,44,0.453125,0.46875,0.6041666666666666,1.0,6.603800296783447,2.2814745903015137
592,80,gaussian,3,44,0.3125,0.40625,0.4166666666666667,1.0,2.9183189868927,1.0013368129730225
593,80,gaussian,3,44,0.40625,0.375,0.5416666666666666,1.0,1.3947012424468994,0.4903298318386078
594,80,gaussian,3,44,0.21875,0.46875,0.2916666666666667,1.0,0.9011728763580322,0.29795244336128235
595,80,gaussian,3,44,0.4375,0.453125,0.5833333333333334,1.0,1.8969206809997559,0.59479159116745
596,80,gaussian,3,44,0.25,0.390625,0.3333333333333333,1.0,1.9933083057403564,0.6422269940376282
597,80,gaussian,3,44,0.375,0.359375,0.5,1.0,1.4874944686889648,0.5320131182670593
598,80,gaussian,3,44,0.234375,0.4375,0.3125,1.0,2.842496871948242,0.9715052247047424
599,80,gaussian,3,44,0.34375,0.359375,0.4583333333333333,1.0,2.1098532676696777,0.6725277900695801
600,80,gaussian,3,44,0.390625,0.265625,0.5208333333333334,1.0,3.789531707763672,1.2787643671035767
601,80,gaussian,3,44,0.546875,0.390625,0.7291666666666666,1.0,0.29059964418411255,0.1027994453907013
602,80,gaussian,3,44,0.484375,0.265625,0.6458333333333334,1.0,0.5456935167312622,0.19752004742622375
603,80,gaussian,3,44,0.265625,0.421875,0.3541666666666667,1.0,1.7925820350646973,0.5688213109970093
604,80,gaussian,3,44,0.1875,0.421875,0.25,1.0,1.092239260673523,0.3450143039226532
605,80,gaussian,3,44,0.359375,0.390625,0.4791666666666667,1.0,4.811947345733643,1.68246328830719
606,80,gaussian,3,44,0.296875,0.328125,0.3958333333333333,1.0,0.8762889504432678,0.2795761823654175
607,80,gaussian,3,44,0.421875,0.484375,0.5625,1.0,0.6768883466720581,0.22465534508228302
608,80,gaussian,3,44,0.484375,0.28125,0.6458333333333334,1.0,1.3561056852340698,0.41022592782974243
609,80,gaussian,3,44,0.390625,0.359375,0.5208333333333334,1.0,0.8941530585289001,0.30334046483039856
610,80,gaussian,3,44,0.171875,0.421875,0.22916666666666666,1.0,0.6593129634857178,0.1963672637939453
611,80,gaussian,3,44,0.265625,0.359375,0.3541666666666667,1.0,2.7755532264709473,0.9330887794494629
612,80,gaussian,3,44,0.375,0.375,0.5,1.0,0.7636521458625793,0.26814088225364685
613,80,gaussian,3,44,0.25,0.28125,0.3333333333333333,1.0,2.350219249725342,0.7272690534591675
614,80,gaussian,3,44,0.21875,0.4375,0.2916666666666667,1.0,3.0984010696411133,0.989618182182312
615,80,gaussian,3,44,0.203125,0.46875,0.2708333333333333,1.0,0.7377409934997559,0.2552620768547058
616,80,gaussian,3,44,0.25,0.25,0.3333333333333333,1.0,1.1714564561843872,0.3697124123573303
617,80,gaussian,3,44,0.359375,0.453125,0.4791666666666667,1.0,2.1425766944885254,0.7284508943557739
618,80,gaussian,3,44,0.453125,0.3125,0.6041666666666666,1.0,4.170080184936523,1.2863893508911133
619,80,gaussian,3,44,0.203125,0.203125,0.2708333333333333,1.0,0.6500699520111084,0.18760515749454498
620,80,gaussian,3,44,0.28125,0.46875,0.375,1.0,8.35765552520752,2.797551393508911
621,80,gaussian,3,44,0.21875,0.421875,0.2916666666666667,1.0,0.515353798866272,0.15163834393024445
622,80,gaussian,3,44,0.28125,0.421875,0.375,1.0,1.9517080783843994,0.6157050728797913
623,80,gaussian,3,44,0.203125,0.4375,0.2708333333333333,1.0,2.6870057582855225,0.8245587944984436
624,80,gaussian,3,44,0.265625,0.46875,0.3541666666666667,1.0,2.657860279083252,0.8340474963188171
625,80,gaussian,3,44,0.328125,0.3125,0.4375,1.0,1.673606038093567,0.5265412926673889
626,80,gaussian,3,44,0.234375,0.4375,0.3125,1.0,0.7897576093673706,0.26610395312309265
627,80,gaussian,3,44,0.296875,0.296875,0.3958333333333333,1.0,0.5091488361358643,0.16262851655483246
628,80,gaussian,3,44,0.484375,0.390625,0.6458333333333334,1.0,1.4967730045318604,0.5056970715522766
629,80,gaussian,3,44,0.578125,0.125,0.7708333333333334,1.0,3.1947431564331055,0.8642718195915222
630,80,gaussian,3,44,0.375,0.328125,0.5,1.0,1.707298994064331,0.5808072090148926
631,80,gaussian,3,44,0.34375,0.453125,0.4583333333333333,1.0,1.963712215423584,0.6455313563346863
632,80,gaussian,3,44,0.265625,0.5,0.3541666666666667,1.0,4.281713962554932,1.3051774501800537
633,80,gaussian,3,44,0.171875,0.421875,0.22916666666666666,1.0,1.5274114608764648,0.476503849029541
634,80,gaussian,3,44,0.375,0.359375,0.5,1.0,0.9109207987785339,0.3083300292491913
635,80,gaussian,3,44,0.375,0.390625,0.5,1.0,1.5881030559539795,0.5953063368797302
636,80,gaussian,3,44,0.375,0.359375,0.5,1.0,0.9115390181541443,0.3062132000923157
637,80,gaussian,3,44,0.25,0.40625,0.3333333333333333,1.0,2.7417962551116943,0.8760117888450623
638,80,gaussian,3,44,0.21875,0.40625,0.2916666666666667,1.0,2.1700925827026367,0.7382040023803711
639,80,gaussian,3,44,0.203125,0.484375,0.2708333333333333,1.0,1.8524503707885742,0.6485541462898254
640,80,gaussian,3,44,0.21875,0.484375,0.2916666666666667,1.0,2.106654167175293,0.6788342595100403
641,80,gaussian,3,44,0.390625,0.4375,0.5208333333333334,1.0,2.0504679679870605,0.6871601343154907
642,80,gaussian,3,44,0.234375,0.484375,0.3125,1.0,2.8285179138183594,0.8714624643325806
643,80,gaussian,3,44,0.3125,0.4375,0.4166666666666667,1.0,0.8663688898086548,0.31600990891456604
644,80,gaussian,3,44,0.40625,0.46875,0.5416666666666666,1.0,1.185017466545105,0.43237924575805664
645,80,gaussian,3,44,0.25,0.4375,0.3333333333333333,1.0,1.4923962354660034,0.5052966475486755
646,80,gaussian,3,44,0.25,0.296875,0.3333333333333333,1.0,1.8947248458862305,0.5928895473480225
647,80,gaussian,3,44,0.453125,0.484375,0.6041666666666666,1.0,1.7499332427978516,0.5609884858131409
648,80,gaussian,3,44,0.375,0.375,0.5,1.0,3.455272674560547,1.1869248151779175
649,80,gaussian,3,44,0.21875,0.328125,0.2916666666666667,1.0,5.669561386108398,1.7339658737182617
650,80,gaussian,3,44,0.546875,0.484375,0.7291666666666666,1.0,3.915649652481079,1.216431736946106
651,80,gaussian,3,44,0.484375,0.328125,0.6458333333333334,1.0,2.2518413066864014,0.8370906710624695
652,80,gaussian,3,44,0.59375,0.484375,0.7916666666666666,1.0,3.528748035430908,1.0662882328033447
653,80,gaussian,3,44,0.234375,0.328125,0.3125,1.0,2.8688197135925293,1.0051170587539673
654,80,gaussian,3,44,0.40625,0.421875,0.5416666666666666,1.0,1.0745795965194702,0.3584676682949066
655,80,gaussian,3,44,0.265625,0.359375,0.3541666666666667,1.0,2.770386219024658,0.9401907920837402
656,80,gaussian,3,44,0.25,0.40625,0.3333333333333333,1.0,1.6236581802368164,0.5428294539451599
657,80,gaussian,3,44,0.421875,0.484375,0.5625,1.0,2.6997523307800293,0.9071046113967896
658,80,gaussian,3,44,0.203125,0.203125,0.2708333333333333,1.0,0.4974331855773926,0.14174897968769073
659,80,gaussian,3,44,0.265625,0.421875,0.3541666666666667,1.0,5.373190879821777,1.7512120008468628
660,80,gaussian,3,44,0.578125,0.4375,0.7708333333333334,1.0,2.8398079872131348,0.810950756072998
661,80,gaussian,3,44,0.234375,0.4375,0.3125,1.0,2.8485465049743652,0.9711499810218811
662,80,gaussian,3,44,0.25,0.234375,0.3333333333333333,1.0,1.7790403366088867,0.5267211198806763
663,80,gaussian,3,44,0.375,0.34375,0.5,1.0,0.6580973267555237,0.23383958637714386
664,80,gaussian,3,44,0.34375,0.25,0.4583333333333333,1.0,3.212846279144287,1.0546082258224487
665,80,gaussian,3,44,0.21875,0.4375,0.2916666666666667,1.0,0.9667395353317261,0.29727181792259216
666,80,gaussian,3,44,0.171875,0.4375,0.22916666666666666,1.0,0.9746363162994385,0.30286189913749695
667,80,gaussian,3,44,0.5625,0.46875,0.75,1.0,3.700052261352539,1.2650667428970337
668,80,gaussian,3,44,0.265625,0.359375,0.3541666666666667,1.0,1.7284376621246338,0.5683213472366333
669,80,gaussian,3,44,0.296875,0.328125,0.3958333333333333,1.0,0.8757767677307129,0.2787800431251526
670,80,gaussian,3,44,0.421875,0.34375,0.5625,1.0,3.0909500122070312,1.0367919206619263
671,80,gaussian,3,44,0.1875,0.4375,0.25,1.0,1.094942569732666,0.35155364871025085
672,80,gaussian,3,44,0.34375,0.40625,0.4583333333333333,1.0,7.616696834564209,2.7352991104125977
673,80,gaussian,3,44,0.46875,0.265625,0.625,1.0,0.6284822225570679,0.2156827598810196
674,80,gaussian,3,44,0.3125,0.421875,0.4166666666666667,1.0,3.21293044090271,1.1136075258255005
675,80,gaussian,3,44,0.359375,0.3125,0.4791666666666667,1.0,6.132237911224365,2.106097459793091
676,80,gaussian,3,44,0.421875,0.484375,0.5625,1.0,2.700915813446045,0.9068474173545837
677,80,gaussian,3,44,0.234375,0.421875,0.3125,1.0,2.741619110107422,0.8694018125534058
678,80,gaussian,3,44,0.546875,0.484375,0.7291666666666666,1.0,3.6979355812072754,1.2799173593521118
679,80,gaussian,3,44,0.203125,0.453125,0.2708333333333333,1.0,0.8096623420715332,0.2596627473831177
680,80,gaussian,3,44,0.25,0.234375,0.3333333333333333,1.0,1.024609923362732,0.3280448317527771
681,80,gaussian,3,44,0.21875,0.421875,0.2916666666666667,1.0,1.9533159732818604,0.6532250046730042
682,80,gaussian,3,44,0.21875,0.46875,0.2916666666666667,1.0,1.218680500984192,0.43663889169692993
683,80,gaussian,3,44,0.171875,0.421875,0.22916666666666666,1.0,1.052771806716919,0.3377498984336853
684,80,gaussian,3,44,0.375,0.390625,0.5,1.0,3.5328385829925537,1.2662383317947388
685,80,gaussian,3,44,0.484375,0.375,0.6458333333333334,1.0,1.4953336715698242,0.5062049031257629
686,80,gaussian,3,44,0.21875,0.421875,0.2916666666666667,1.0,1.1114393472671509,0.3503023386001587
687,80,gaussian,3,44,0.234375,0.421875,0.3125,1.0,0.8565894365310669,0.28177639842033386
688,80,gaussian,3,44,0.265625,0.453125,0.3541666666666667,1.0,0.7411529421806335,0.2507224977016449
689,80,gaussian,3,44,0.203125,0.453125,0.2708333333333333,1.0,1.7892231941223145,0.5850811004638672
690,80,gaussian,3,44,0.421875,0.453125,0.5625,1.0,5.02614688873291,1.675812840461731
691,80,gaussian,3,44,0.171875,0.46875,0.22916666666666666,1.0,1.1117973327636719,0.3792046904563904
692,80,gaussian,3,44,0.375,0.390625,0.5,1.0,0.763097882270813,0.26839369535446167
693,80,gaussian,3,44,0.359375,0.265625,0.4791666666666667,1.0,3.2112045288085938,1.0621598958969116
694,80,gaussian,3,44,0.296875,0.328125,0.3958333333333333,1.0,0.876201868057251,0.2797424793243408
695,80,gaussian,3,44,0.28125,0.453125,0.375,1.0,1.9232267141342163,0.6083447337150574
696,80,gaussian,3,44,0.140625,0.109375,0.42857142857142855,1.0,1.2773712873458862,0.37693220376968384
697,80,gaussian,3,44,0.265625,0.296875,0.3541666666666667,1.0,1.375136137008667,0.4404965937137604
698,80,gaussian,3,44,0.28125,0.4375,0.375,1.0,2.708261489868164,0.9197688102722168
699,80,gaussian,3,44,0.4375,0.328125,0.5833333333333334,1.0,2.229457378387451,0.6973593235015869
700,80,gaussian,3,44,0.234375,0.21875,0.5555555555555556,1.0,1.8819658756256104,0.5446262955665588
701,80,gaussian,3,44,0.40625,0.46875,0.5416666666666666,1.0,1.2067468166351318,0.39789289236068726
702,80,gaussian,3,44,0.390625,0.40625,0.5208333333333334,1.0,4.593446731567383,1.6165200471878052
703,80,gaussian,3,44,0.1875,0.453125,0.25,1.0,0.7079800367355347,0.21727600693702698
704,80,gaussian,3,44,0.453125,0.3125,0.6041666666666666,1.0,4.178011894226074,1.2848622798919678
705,80,gaussian,3,44,0.515625,0.453125,0.6875,1.0,0.8930345773696899,0.28032633662223816
706,80,gaussian,3,44,0.203125,0.484375,0.2708333333333333,1.0,0.7543624639511108,0.23999571800231934
707,80,gaussian,3,44,0.25,0.453125,0.3333333333333333,1.0,0.8599097728729248,0.28043609857559204
708,80,gaussian,3,44,0.28125,0.34375,0.375,1.0,2.2048962116241455,0.6837133169174194
709,80,gaussian,3,44,0.546875,0.4375,0.7291666666666666,1.0,4.438318252563477,1.4891358613967896
710,80,gaussian,3,44,0.3125,0.328125,0.4166666666666667,1.0,1.3021249771118164,0.4453945457935333
711,80,gaussian,3,44,0.265625,0.28125,0.3541666666666667,1.0,0.4396779537200928,0.13584187626838684
712,80,gaussian,3,44,0.4375,0.484375,0.5833333333333334,1.0,1.1056758165359497,0.37442535161972046
713,80,gaussian,3,44,0.21875,0.46875,0.2916666666666667,1.0,0.9017521142959595,0.29284197092056274
714,80,gaussian,3,44,0.25,0.40625,0.3333333333333333,1.0,1.6199551820755005,0.5420334935188293
715,80,gaussian,3,44,0.25,0.3125,0.3333333333333333,1.0,3.095611095428467,0.9777331948280334
716,80,gaussian,3,44,0.34375,0.40625,0.4583333333333333,1.0,7.626413822174072,2.738173723220825
717,80,gaussian,3,44,0.515625,0.453125,0.6875,1.0,1.9733686447143555,0.7043492794036865
718,80,gaussian,3,44,0.296875,0.328125,0.3958333333333333,1.0,4.170650959014893,1.4650120735168457
719,80,gaussian,3,44,0.59375,0.484375,0.7916666666666666,1.0,3.5127947330474854,1.0480095148086548
720,80,gaussian,3,44,0.546875,0.1875,0.7291666666666666,1.0,3.380441427230835,1.018314242362976
721,80,gaussian,3,44,0.1875,0.453125,0.25,1.0,0.38147419691085815,0.1154642254114151
722,80,gaussian,3,44,0.4375,0.4375,0.5833333333333334,1.0,3.438319444656372,1.0979894399642944
723,80,gaussian,3,44,0.34375,0.4375,0.4583333333333333,1.0,2.588353157043457,0.9180684089660645
724,80,gaussian,3,44,0.453125,0.296875,0.6041666666666666,1.0,1.1382582187652588,0.3853507936000824
725,80,gaussian,3,44,0.1875,0.4375,0.25,1.0,1.0954757928848267,0.35103392601013184
726,80,gaussian,3,44,0.515625,0.265625,0.6875,1.0,1.154130458831787,0.3481074273586273
727,80,gaussian,3,44,0.34375,0.21875,0.4583333333333333,1.0,0.9853033423423767,0.3235664665699005
728,80,gaussian,3,44,0.28125,0.484375,0.375,1.0,3.6907856464385986,1.2410571575164795
729,80,gaussian,3,44,0.25,0.265625,0.5517241379310345,1.0,3.77264666557312,1.0946543216705322
730,80,gaussian,3,44,0.515625,0.21875,0.6875,1.0,2.328519821166992,0.7495371699333191
731,80,gaussian,3,44,0.28125,0.34375,0.375,1.0,1.8295984268188477,0.6114748120307922
732,80,gaussian,3,44,0.546875,0.203125,0.7291666666666666,1.0,0.4952417314052582,0.13686302304267883
733,80,gaussian,3,44,0.5,0.1875,0.6666666666666666,1.0,1.8552484512329102,0.6403878331184387
734,80,gaussian,3,44,0.5625,0.203125,0.75,1.0,0.49373990297317505,0.13673603534698486
735,80,gaussian,3,44,0.1875,0.484375,0.25,1.0,1.3775578737258911,0.47397977113723755
736,80,gaussian,3,44,0.21875,0.5,0.2916666666666667,1.0,2.428475856781006,0.741665244102478
737,80,gaussian,3,44,0.25,0.4375,0.3333333333333333,1.0,0.859476625919342,0.282724529504776
738,80,gaussian,3,44,0.25,0.375,0.3333333333333333,1.0,2.0842485427856445,0.7093213200569153
739,80,gaussian,3,44,0.546875,0.484375,0.7291666666666666,1.0,3.9244179725646973,1.1945990324020386
740,80,gaussian,3,44,0.203125,0.453125,0.2708333333333333,1.0,0.8017106056213379,0.2703922688961029
741,80,gaussian,3,44,0.34375,0.265625,0.4583333333333333,1.0,3.2136940956115723,1.0542454719543457
742,80,gaussian,3,44,0.25,0.453125,0.3333333333333333,1.0,1.4954626560211182,0.5001458525657654
743,80,gaussian,3,44,0.1875,0.1875,0.41379310344827586,1.0,4.453616142272949,1.3027565479278564
744,80,gaussian,3,44,0.1875,0.15625,0.42857142857142855,1.0,2.51513671875,0.7295387983322144
745,80,gaussian,3,44,0.3125,0.46875,0.4166666666666667,1.0,3.2342357635498047,1.0096838474273682
746,80,gaussian,3,44,0.1875,0.453125,0.25,1.0,1.3707690238952637,0.49161162972450256
747,80,gaussian,3,44,0.28125,0.34375,0.375,1.0,1.7152338027954102,0.547139048576355
748,80,gaussian,3,44,0.1875,0.4375,0.25,1.0,2.779352903366089,0.9013773798942566
749,80,gaussian,3,44,0.171875,0.4375,0.22916666666666666,1.0,1.3360377550125122,0.45826002955436707
750,80,gaussian,3,44,0.203125,0.21875,0.6190476190476191,1.0,2.5203895568847656,0.7277010679244995
751,80,gaussian,3,44,0.375,0.359375,0.5,1.0,1.2717077732086182,0.44669249653816223
752,80,gaussian,3,44,0.234375,0.484375,0.3125,1.0,0.4477120339870453,0.1557474136352539
753,80,gaussian,3,44,0.515625,0.46875,0.6875,1.0,3.2628207206726074,0.9596881866455078
754,80,gaussian,3,44,0.140625,0.109375,0.42857142857142855,1.0,1.8846802711486816,0.556389331817627
755,80,gaussian,3,44,0.359375,0.421875,0.4791666666666667,1.0,1.2474676370620728,0.4412606358528137
756,80,gaussian,3,44,0.359375,0.15625,0.4791666666666667,1.0,1.170186996459961,0.37389829754829407
757,80,gaussian,3,44,0.234375,0.421875,0.3125,1.0,1.3877122402191162,0.4535081386566162
758,80,gaussian,3,44,0.25,0.4375,0.3333333333333333,1.0,6.253647804260254,2.1453640460968018
759,80,gaussian,3,44,0.4375,0.34375,0.5833333333333334,1.0,1.974314570426941,0.646496057510376
760,80,gaussian,3,44,0.171875,0.46875,0.22916666666666666,1.0,1.1133430004119873,0.38176673650741577
761,80,gaussian,3,44,0.234375,0.46875,0.3125,1.0,1.3913414478302002,0.45353391766548157
762,80,gaussian,3,44,0.25,0.4375,0.3333333333333333,1.0,6.261066436767578,2.118140697479248
763,80,gaussian,3,44,0.265625,0.5,0.3541666666666667,1.0,4.281673908233643,1.303749918937683
764,80,gaussian,3,44,0.375,0.390625,0.5,1.0,0.7637991309165955,0.2714078426361084
765,80,gaussian,3,44,0.46875,0.515625,0.625,1.0,3.2498233318328857,1.0363537073135376
766,80,gaussian,3,44,0.390625,0.4375,0.5208333333333334,1.0,2.0885426998138428,0.7257345914840698
767,80,gaussian,3,44,0.28125,0.484375,0.375,1.0,1.3182294368743896,0.3982223570346832
768,80,gaussian,3,44,0.46875,0.328125,0.625,1.0,0.8374284505844116,0.25592872500419617
769,80,gaussian,3,44,0.171875,0.453125,0.22916666666666666,1.0,2.5154144763946533,0.8237093687057495
770,80,gaussian,3,44,0.1875,0.46875,0.25,1.0,0.7545084953308105,0.23854400217533112
771,80,gaussian,3,44,0.421875,0.4375,0.5625,1.0,3.910386800765991,1.3182909488677979
772,80,gaussian,3,44,0.546875,0.4375,0.7291666666666666,1.0,4.423514366149902,1.4969534873962402
773,80,gaussian,3,44,0.4375,0.453125,0.5833333333333334,1.0,1.8968127965927124,0.5958109498023987
774,80,gaussian,3,44,0.46875,0.328125,0.625,1.0,0.8379726409912109,0.25549980998039246
775,80,gaussian,3,44,0.328125,0.3125,0.4375,1.0,10.658281326293945,3.645662784576416
776,80,gaussian,3,44,0.28125,0.265625,0.375,1.0,1.6276674270629883,0.5338399410247803
777,80,gaussian,3,44,0.1875,0.4375,0.25,1.0,2.7783260345458984,0.903563916683197
778,80,gaussian,3,44,0.28125,0.3125,0.375,1.0,2.280697822570801,0.6951318979263306
779,80,gaussian,3,44,0.1875,0.4375,0.25,1.0,1.7052468061447144,0.5663841366767883
780,80,gaussian,3,44,0.21875,0.421875,0.2916666666666667,1.0,1.754591464996338,0.5577085018157959
781,80,gaussian,3,44,0.375,0.359375,0.5,1.0,5.824933052062988,2.046647310256958
782,80,gaussian,3,44,0.171875,0.4375,0.22916666666666666,1.0,0.7441068887710571,0.24805039167404175
783,80,gaussian,3,44,0.21875,0.40625,0.2916666666666667,1.0,3.1423401832580566,1.038114070892334
784,80,gaussian,3,44,0.234375,0.421875,0.3125,1.0,1.9546724557876587,0.6610733270645142
785,80,gaussian,3,44,0.46875,0.484375,0.625,1.0,3.0306897163391113,0.9980791807174683
786,80,gaussian,3,44,0.375,0.359375,0.5,1.0,0.9107431173324585,0.30819347500801086
787,80,gaussian,3,44,0.359375,0.3125,0.4791666666666667,1.0,6.131022930145264,2.100739002227783
788,80,gaussian,3,44,0.25,0.25,0.3333333333333333,1.0,1.1687872409820557,0.3675140142440796
789,80,gaussian,3,44,0.25,0.21875,0.3333333333333333,1.0,2.3879072666168213,0.7559592127799988
790,80,gaussian,3,44,0.203125,0.453125,0.2708333333333333,1.0,0.38116973638534546,0.11714749783277512
791,80,gaussian,3,44,0.21875,0.421875,0.2916666666666667,1.0,1.7837835550308228,0.5339235067367554
792,80,gaussian,3,44,0.21875,0.421875,0.2916666666666667,1.0,1.1480422019958496,0.3670874834060669
793,80,gaussian,3,44,0.375,0.453125,0.5,1.0,0.9548531770706177,0.315358430147171
794,80,gaussian,3,44,0.421875,0.359375,0.5625,1.0,3.391788959503174,1.0901566743850708
795,80,gaussian,3,44,0.390625,0.4375,0.5208333333333334,1.0,7.917697906494141,2.861067533493042
796,80,gaussian,3,44,0.28125,0.40625,0.375,1.0,1.2027225494384766,0.4172546863555908
797,80,gaussian,3,44,0.21875,0.421875,0.2916666666666667,1.0,1.0491763353347778,0.3576202988624573
798,80,gaussian,3,44,0.265625,0.421875,0.3541666666666667,1.0,1.9494452476501465,0.6151736974716187
799,80,gaussian,3,44,0.296875,0.421875,0.3958333333333333,1.0,1.2743370532989502,0.39813509583473206
800,80,gaussian,3,44,0.203125,0.453125,0.2708333333333333,1.0,1.3730018138885498,0.4849376380443573
801,80,gaussian,3,44,0.546875,0.359375,0.7291666666666666,1.0,1.8299028873443604,0.6501284241676331
802,80,gaussian,3,44,0.28125,0.46875,0.375,1.0,1.924985408782959,0.6099433898925781
803,80,gaussian,3,44,0.234375,0.4375,0.3125,1.0,1.361729383468628,0.4433371126651764
804,80,gaussian,3,44,0.28125,0.359375,0.375,1.0,2.77469539642334,0.9331764578819275
805,80,gaussian,3,44,0.4375,0.40625,0.5833333333333334,1.0,4.391877174377441,1.6679761409759521
806,80,gaussian,3,44,0.296875,0.421875,0.3958333333333333,1.0,0.8650602102279663,0.31590187549591064
807,80,gaussian,3,44,0.390625,0.453125,0.5208333333333334,1.0,2.08836030960083,0.7275038957595825
808,80,gaussian,3,44,0.1875,0.46875,0.25,1.0,0.7066754102706909,0.2162856012582779
809,80,gaussian,3,44,0.203125,0.203125,0.5,1.0,1.539860486984253,0.4465203881263733
810,80,gaussian,3,44,0.203125,0.46875,0.2708333333333333,1.0,0.706906259059906,0.21625198423862457
811,80,gaussian,3,44,0.203125,0.484375,0.2708333333333333,1.0,0.7546380758285522,0.24000079929828644
812,80,gaussian,3,44,0.4375,0.40625,0.5833333333333334,1.0,4.391666412353516,1.6651922464370728
813,80,gaussian,3,44,0.34375,0.40625,0.4583333333333333,1.0,1.6321923732757568,0.5564101338386536
814,80,gaussian,3,44,0.53125,0.1875,0.7083333333333334,1.0,3.3814806938171387,1.0129464864730835
815,80,gaussian,3,44,0.21875,0.46875,0.2916666666666667,1.0,2.1122255325317383,0.6812793016433716
816,80,gaussian,3,44,0.375,0.40625,0.5,1.0,2.665055274963379,0.9864497780799866
817,80,gaussian,3,44,0.21875,0.421875,0.2916666666666667,1.0,2.171283721923828,0.7318397164344788
818,80,gaussian,3,44,0.25,0.453125,0.3333333333333333,1.0,1.8215653896331787,0.6032009720802307
819,80,gaussian,3,44,0.4375,0.453125,0.5833333333333334,1.0,5.023776531219482,1.662782073020935
820,80,gaussian,3,44,0.25,0.25,0.3333333333333333,1.0,1.1709846258163452,0.36178284883499146
821,80,gaussian,3,44,0.21875,0.421875,0.2916666666666667,1.0,2.255368709564209,0.7331036925315857
822,80,gaussian,3,44,0.34375,0.46875,0.4583333333333333,1.0,2.2755491733551025,0.7676765322685242
823,80,gaussian,3,44,0.34375,0.21875,0.4583333333333333,1.0,0.9858107566833496,0.3301275372505188
824,80,gaussian,3,44,0.21875,0.234375,0.2916666666666667,1.0,1.018040418624878,0.29375457763671875
825,80,gaussian,3,44,0.578125,0.125,0.7708333333333334,1.0,3.197787046432495,0.8886152505874634
826,80,gaussian,3,44,0.21875,0.453125,0.2916666666666667,1.0,1.2527179718017578,0.4528447985649109
827,80,gaussian,3,44,0.296875,0.296875,0.3958333333333333,1.0,8.95638656616211,2.8026814460754395
828,80,gaussian,3,44,0.25,0.421875,0.3333333333333333,1.0,5.375942230224609,1.735154628753662
829,80,gaussian,3,44,0.1875,0.1875,0.4444444444444444,1.0,1.3484934568405151,0.3598100244998932
830,80,gaussian,3,44,0.3125,0.4375,0.4166666666666667,1.0,1.1865952014923096,0.4141353368759155
831,80,gaussian,3,44,0.46875,0.21875,0.625,1.0,7.589509963989258,2.5017635822296143
832,80,gaussian,3,44,0.171875,0.4375,0.22916666666666666,1.0,1.3362910747528076,0.4608200192451477
833,80,gaussian,3,44,0.234375,0.234375,0.3125,1.0,1.7782988548278809,0.5279883146286011
834,80,gaussian,3,44,0.375,0.390625,0.5,1.0,4.817863941192627,1.6727529764175415
835,80,gaussian,3,44,0.265625,0.34375,0.3541666666666667,1.0,6.231575965881348,2.0113840103149414
836,80,gaussian,3,44,0.203125,0.484375,0.2708333333333333,1.0,2.426924705505371,0.7947242856025696
837,80,gaussian,3,44,0.484375,0.21875,0.6458333333333334,1.0,4.223848342895508,1.2695955038070679
838,80,gaussian,3,44,0.21875,0.21875,0.56,1.0,0.9277594089508057,0.2792670726776123
839,80,gaussian,3,44,0.25,0.484375,0.3333333333333333,1.0,2.8303935527801514,0.8627023100852966
840,80,gaussian,3,44,0.1875,0.40625,0.25,1.0,0.6472492218017578,0.19953513145446777
841,80,gaussian,3,44,0.578125,0.421875,0.7708333333333334,1.0,2.2485947608947754,0.6411491632461548
842,80,gaussian,3,44,0.234375,0.4375,0.3125,1.0,1.952519178390503,0.6644660830497742
843,80,gaussian,3,44,0.28125,0.3125,0.375,1.0,0.5654471516609192,0.1872365027666092
844,80,gaussian,3,44,0.25,0.453125,0.3333333333333333,1.0,3.5453834533691406,1.2756916284561157
845,80,gaussian,3,44,0.25,0.328125,0.3333333333333333,1.0,2.144299268722534,0.6777926087379456
846,80,gaussian,3,44,0.328125,0.421875,0.4375,1.0,1.350545883178711,0.4807295799255371
847,80,gaussian,3,44,0.34375,0.453125,0.4583333333333333,1.0,2.2703771591186523,0.7686499357223511
848,80,gaussian,3,44,0.5,0.34375,0.6666666666666666,1.0,2.2504961490631104,0.8384741544723511
849,80,gaussian,3,44,0.578125,0.4375,0.7708333333333334,1.0,2.8446223735809326,0.8294103741645813
850,80,gaussian,3,44,0.265625,0.484375,0.3541666666666667,1.0,3.667649984359741,1.3097256422042847
851,80,gaussian,3,44,0.3125,0.296875,0.4166666666666667,1.0,0.672731339931488,0.23151913285255432
852,80,gaussian,3,44,0.40625,0.46875,0.5416666666666666,1.0,0.5131918787956238,0.17259393632411957
853,80,gaussian,3,44,0.203125,0.46875,0.2708333333333333,1.0,2.102306365966797,0.6996088624000549
854,80,gaussian,3,44,0.203125,0.46875,0.2708333333333333,1.0,0.754623293876648,0.23834654688835144
855,80,gaussian,3,44,0.203125,0.390625,0.2708333333333333,1.0,3.2149171829223633,0.9770239591598511
856,80,gaussian,3,44,0.234375,0.203125,0.3125,1.0,2.3885600566864014,0.7746707201004028
857,80,gaussian,3,44,0.53125,0.453125,0.7083333333333334,1.0,2.900047540664673,1.049738883972168
858,80,gaussian,3,44,0.515625,0.453125,0.6875,1.0,1.9710694551467896,0.7060734033584595
859,80,gaussian,3,44,0.21875,0.40625,0.2916666666666667,1.0,3.2762773036956787,1.039696216583252
860,80,gaussian,3,44,0.4375,0.34375,0.5833333333333334,1.0,3.3942041397094727,1.079011082649231
861,80,gaussian,3,44,0.25,0.453125,0.3333333333333333,1.0,1.1100759506225586,0.37191981077194214
862,80,gaussian,3,44,0.3125,0.34375,0.4166666666666667,1.0,1.3015179634094238,0.4436712861061096
863,80,gaussian,3,44,0.265625,0.28125,0.53125,1.0,2.3833956718444824,0.7555899024009705
864,80,gaussian,3,44,0.21875,0.421875,0.2916666666666667,1.0,1.78203547000885,0.5338362455368042
865,80,gaussian,3,44,0.1875,0.453125,0.25,1.0,0.5282770395278931,0.17351318895816803
866,80,gaussian,3,44,0.25,0.4375,0.3333333333333333,1.0,2.530510902404785,0.8090519905090332
867,80,gaussian,3,44,0.3125,0.421875,0.4166666666666667,1.0,0.5606639981269836,0.19803529977798462
868,80,gaussian,3,44,0.3125,0.34375,0.4166666666666667,1.0,6.64100456237793,2.112203598022461
869,80,gaussian,3,44,0.171875,0.4375,0.22916666666666666,1.0,0.6575853824615479,0.19681401550769806
870,80,gaussian,3,44,0.421875,0.484375,0.5625,1.0,2.7009429931640625,0.8982251882553101
871,80,gaussian,3,44,0.265625,0.421875,0.3541666666666667,1.0,5.376533508300781,1.7431031465530396
872,80,gaussian,3,44,0.421875,0.46875,0.5625,1.0,0.917552649974823,0.3261674642562866
873,80,gaussian,3,44,0.40625,0.34375,0.5416666666666666,1.0,0.5593384504318237,0.18856288492679596
874,80,gaussian,3,44,0.171875,0.140625,0.5238095238095238,1.0,1.3485254049301147,0.3527454733848572
875,80,gaussian,3,44,0.25,0.3125,0.3333333333333333,1.0,2.4850587844848633,0.7632157206535339
876,80,gaussian,3,44,0.203125,0.390625,0.2708333333333333,1.0,3.27177095413208,1.0329533815383911
877,80,gaussian,3,44,0.1875,0.5,0.25,1.0,2.6189770698547363,0.8165537118911743
878,80,gaussian,3,44,0.21875,0.421875,0.2916666666666667,1.0,1.1104077100753784,0.3449881672859192
879,80,gaussian,3,44,0.390625,0.453125,0.5208333333333334,1.0,0.5994194746017456,0.2076214700937271
880,80,gaussian,3,44,0.21875,0.4375,0.2916666666666667,1.0,1.724359154701233,0.6159505248069763
881,80,gaussian,3,44,0.28125,0.4375,0.375,1.0,1.9160499572753906,0.6613081693649292
882,80,gaussian,3,44,0.4375,0.34375,0.5833333333333334,1.0,3.395164966583252,1.0903006792068481
883,80,gaussian,3,44,0.203125,0.265625,0.5416666666666666,1.0,1.577876329421997,0.49750831723213196
884,80,gaussian,3,44,0.265625,0.34375,0.3541666666666667,1.0,1.7287901639938354,0.5656660199165344
885,80,gaussian,3,44,0.21875,0.40625,0.2916666666666667,1.0,2.170140504837036,0.7361331582069397
886,80,gaussian,3,44,0.328125,0.46875,0.4375,1.0,1.834173560142517,0.6038519740104675
887,80,gaussian,3,44,0.234375,0.5,0.3125,1.0,2.035749673843384,0.6937399506568909
888,80,gaussian,3,44,0.25,0.25,0.3333333333333333,1.0,1.169875144958496,0.3660678565502167
889,80,gaussian,3,44,0.5,0.1875,0.6666666666666666,1.0,6.546653747558594,2.0165908336639404
890,80,gaussian,3,44,0.421875,0.46875,0.5625,1.0,4.137681484222412,1.3252633810043335
891,80,gaussian,3,44,0.21875,0.40625,0.2916666666666667,1.0,0.6756983995437622,0.2173096090555191
892,80,gaussian,3,44,0.234375,0.4375,0.3125,1.0,1.7601820230484009,0.5577170252799988
893,80,gaussian,3,44,0.546875,0.1875,0.7291666666666666,1.0,0.49542608857154846,0.1409996896982193
894,80,gaussian,3,44,0.40625,0.453125,0.5416666666666666,1.0,2.5627660751342773,0.8543680310249329
895,80,gaussian,3,44,0.3125,0.390625,0.4166666666666667,1.0,5.162109375,1.7346104383468628
896,80,gaussian,3,44,0.234375,0.453125,0.3125,1.0,2.1835217475891113,0.7620187997817993
897,80,gaussian,3,44,0.5,0.171875,0.6666666666666666,1.0,6.572488307952881,2.0084850788116455
898,80,gaussian,3,44,0.234375,0.28125,0.5769230769230769,1.0,1.2820556163787842,0.3823810815811157
899,80,gaussian,3,44,0.34375,0.421875,0.4583333333333333,1.0,2.5885910987854004,0.9238399863243103
900,80,gaussian,3,44,0.265625,0.3125,0.3541666666666667,1.0,2.144451856613159,0.6825640201568604
901,80,gaussian,3,44,0.21875,0.203125,0.2916666666666667,1.0,1.6544783115386963,0.48678719997406006
902,80,gaussian,3,44,0.21875,0.4375,0.2916666666666667,1.0,2.6849985122680664,0.8062310814857483
903,80,gaussian,3,44,0.1875,0.421875,0.25,1.0,2.774876356124878,0.9134286642074585
904,80,gaussian,3,44,0.265625,0.4375,0.3541666666666667,1.0,3.5518956184387207,1.2692288160324097
905,80,gaussian,3,44,0.234375,0.4375,0.3125,1.0,2.979196071624756,0.9009501338005066
906,80,gaussian,3,44,0.265625,0.453125,0.3541666666666667,1.0,0.6569277048110962,0.22615693509578705
907,80,gaussian,3,44,0.25,0.4375,0.3333333333333333,1.0,1.4970688819885254,0.49482014775276184
908,80,gaussian,3,44,0.28125,0.359375,0.375,1.0,1.7289530038833618,0.5580853223800659
909,80,gaussian,3,44,0.328125,0.3125,0.4375,1.0,1.6727994680404663,0.5221074819564819
910,80,gaussian,3,44,0.3125,0.34375,0.4166666666666667,1.0,2.7912521362304688,0.9140872955322266
911,80,gaussian,3,44,0.328125,0.46875,0.4375,1.0,2.355397939682007,0.7513533234596252
912,80,gaussian,3,44,0.296875,0.484375,0.3958333333333333,1.0,2.4899234771728516,0.8536332249641418
913,80,gaussian,3,44,0.3125,0.25,0.4166666666666667,1.0,1.0184413194656372,0.37027961015701294
914,80,gaussian,3,44,0.453125,0.515625,0.6041666666666666,1.0,0.6759628057479858,0.20863673090934753
915,80,gaussian,3,44,0.234375,0.421875,0.3125,1.0,2.1462912559509277,0.6597778797149658
916,80,gaussian,3,44,0.375,0.40625,0.5,1.0,2.6633687019348145,0.9815382957458496
917,80,gaussian,3,44,0.1875,0.46875,0.25,1.0,0.706637442111969,0.21222087740898132
918,80,gaussian,3,44,0.359375,0.21875,0.4791666666666667,1.0,0.9871624708175659,0.33040112257003784
919,80,gaussian,3,44,0.265625,0.421875,0.3541666666666667,1.0,5.376371383666992,1.7416090965270996
920,80,gaussian,3,44,0.328125,0.46875,0.4375,1.0,2.359468936920166,0.7504109740257263
921,80,gaussian,3,44,0.25,0.390625,0.3333333333333333,1.0,1.6246931552886963,0.5476550459861755
922,80,gaussian,3,44,0.375,0.40625,0.5,1.0,8.915660858154297,3.070521831512451
923,80,gaussian,3,44,0.1875,0.4375,0.25,1.0,1.0942950248718262,0.3488613963127136
924,80,gaussian,3,44,0.390625,0.328125,0.5208333333333334,1.0,1.7087299823760986,0.5819208025932312
925,80,gaussian,3,44,0.265625,0.28125,0.3541666666666667,1.0,3.747736930847168,1.2053614854812622
926,80,gaussian,3,44,0.421875,0.453125,0.5625,1.0,3.4395744800567627,1.1010671854019165
927,80,gaussian,3,44,0.203125,0.484375,0.2708333333333333,1.0,1.8457173109054565,0.6488259434700012
928,80,gaussian,3,44,0.203125,0.46875,0.2708333333333333,1.0,0.7632206678390503,0.26353615522384644
929,80,gaussian,3,44,0.1875,0.46875,0.25,1.0,2.121304512023926,0.7513967156410217
930,80,gaussian,3,44,0.34375,0.359375,0.4583333333333333,1.0,11.014591217041016,3.629059314727783
931,80,gaussian,3,44,0.5625,0.46875,0.75,1.0,0.9964321851730347,0.2856929302215576
932,80,gaussian,3,44,0.171875,0.203125,0.5789473684210527,1.0,3.225700855255127,0.9536835551261902
933,80,gaussian,3,44,0.21875,0.390625,0.2916666666666667,1.0,4.5668230056762695,1.6814404726028442
934,80,gaussian,3,44,0.203125,0.203125,0.2708333333333333,1.0,0.4981876015663147,0.14264126121997833
935,80,gaussian,3,44,0.375,0.1875,0.5,1.0,0.6025844216346741,0.20394475758075714
936,80,gaussian,3,44,0.296875,0.328125,0.3958333333333333,1.0,4.170320987701416,1.4594292640686035
937,80,gaussian,3,44,0.21875,0.421875,0.2916666666666667,1.0,0.6435697078704834,0.2398795634508133
938,80,gaussian,3,44,0.40625,0.28125,0.5416666666666666,1.0,1.0879428386688232,0.3745664954185486
939,80,gaussian,3,44,0.1796875,0.1796875,0.47575757575757577,1.0,0.47198694944381714,0.12142027914524078
940,80,gaussian,3,44,0.375,0.359375,0.5,1.0,5.829318046569824,2.0745038986206055
941,80,gaussian,3,44,0.5,0.515625,0.6666666666666666,1.0,3.09169602394104,1.0057786703109741
942,80,gaussian,3,44,0.203125,0.171875,0.4642857142857143,1.0,2.519710063934326,0.7300541996955872
943,80,gaussian,3,44,0.453125,0.40625,0.6041666666666666,1.0,2.3168182373046875,0.7445679306983948
944,80,gaussian,3,44,0.484375,0.328125,0.6458333333333334,1.0,2.25101375579834,0.8386970162391663
945,80,gaussian,3,44,0.296875,0.328125,0.3958333333333333,1.0,1.001085638999939,0.3348309099674225
946,80,gaussian,3,44,0.25,0.21875,0.3333333333333333,1.0,1.0230432748794556,0.32723093032836914
947,80,gaussian,3,44,0.5625,0.46875,0.75,1.0,3.7004032135009766,1.2752918004989624
948,80,gaussian,3,44,0.3125,0.34375,0.4166666666666667,1.0,2.7911558151245117,0.9171686172485352
949,80,gaussian,3,44,0.1875,0.453125,0.25,1.0,0.3814946115016937,0.11454185098409653
950,80,gaussian,3,44,,,,0.0,1.2822659015655518,0.38540560007095337
951,80,gaussian,3,44,0.359375,0.28125,0.4791666666666667,1.0,0.9700409173965454,0.3322051167488098
952,80,gaussian,3,44,0.203125,0.4375,0.2708333333333333,1.0,1.7903563976287842,0.585364818572998
953,80,gaussian,3,44,0.5,0.46875,0.6666666666666666,1.0,3.269421100616455,1.0357400178909302
954,80,gaussian,3,44,0.40625,0.453125,0.5416666666666666,1.0,1.2172300815582275,0.4311525225639343
955,80,gaussian,3,44,0.203125,0.4375,0.2708333333333333,1.0,1.9329309463500977,0.6377674341201782
956,80,gaussian,3,44,0.234375,0.234375,0.3125,1.0,1.0730031728744507,0.33740681409835815
957,80,gaussian,3,44,0.453125,0.4375,0.6041666666666666,1.0,1.0065009593963623,0.3391511142253876
958,80,gaussian,3,44,,,,0.0,3.7758655548095703,1.1142641305923462
959,80,gaussian,3,44,0.25,0.265625,0.3333333333333333,1.0,3.5319714546203613,1.1087573766708374
960,80,gaussian,3,44,0.25,0.453125,0.3333333333333333,1.0,4.441040992736816,1.5230541229248047
961,80,gaussian,3,44,0.453125,0.515625,0.6041666666666666,1.0,0.3620637357234955,0.11422819644212723
962,80,gaussian,3,44,0.234375,0.234375,0.3125,1.0,1.0162897109985352,0.2944394648075104
963,80,gaussian,3,44,0.375,0.40625,0.5,1.0,8.916826248168945,3.123867988586426
964,80,gaussian,3,44,0.1875,0.4375,0.25,1.0,0.6576680541038513,0.19341087341308594
965,80,gaussian,3,44,0.3125,0.46875,0.4166666666666667,1.0,3.239732503890991,1.010404109954834
966,80,gaussian,3,44,0.34375,0.40625,0.4583333333333333,1.0,1.6314867734909058,0.5628366470336914
967,80,gaussian,3,44,0.265625,0.28125,0.3541666666666667,1.0,0.8956189751625061,0.27357715368270874
968,80,gaussian,3,44,0.34375,0.46875,0.4583333333333333,1.0,4.061927795410156,1.328102469444275
969,80,gaussian,3,44,0.21875,0.203125,0.2916666666666667,1.0,1.6545597314834595,0.4837624430656433
970,80,gaussian,3,44,0.328125,0.3125,0.4375,1.0,10.672868728637695,3.6671295166015625
971,80,gaussian,3,44,0.25,0.21875,0.3333333333333333,1.0,1.0226995944976807,0.32686954736709595
972,80,gaussian,3,44,0.21875,0.421875,0.2916666666666667,1.0,1.1103556156158447,0.3438560366630554
973,80,gaussian,3,44,0.21875,0.4375,0.2916666666666667,1.0,2.6903934478759766,0.8125989437103271
974,80,gaussian,3,44,0.234375,0.421875,0.3125,1.0,2.1449642181396484,0.6721363067626953
975,80,gaussian,3,44,0.1875,0.421875,0.25,1.0,1.0929547548294067,0.34894582629203796
976,80,gaussian,3,44,0.1875,0.46875,0.25,1.0,1.3725841045379639,0.479729562997818
977,80,gaussian,3,44,0.4375,0.453125,0.5833333333333334,1.0,1.8968507051467896,0.5928781032562256
978,80,gaussian,3,44,0.203125,0.421875,0.2708333333333333,1.0,2.869843006134033,0.9825575947761536
979,80,gaussian,3,44,0.1875,0.453125,0.25,1.0,0.715773344039917,0.23240220546722412
980,80,gaussian,3,44,0.234375,0.328125,0.3125,1.0,2.8617258071899414,1.0075486898422241
981,80,gaussian,3,44,0.375,0.390625,0.5,1.0,4.817511558532715,1.6685824394226074
982,80,gaussian,3,44,0.1875,0.4375,0.25,1.0,2.7776103019714355,0.9137120842933655
983,80,gaussian,3,44,0.34375,0.421875,0.4583333333333333,1.0,0.648542046546936,0.2164478898048401
984,80,gaussian,3,44,0.265625,0.453125,0.3541666666666667,1.0,2.8244524002075195,0.8888964056968689
985,80,gaussian,3,44,0.578125,0.484375,0.7708333333333334,1.0,3.515213966369629,1.062725305557251
986,80,gaussian,3,44,0.28125,0.296875,0.375,1.0,0.566002368927002,0.18818065524101257
987,80,gaussian,3,44,0.265625,0.46875,0.3541666666666667,1.0,1.111953854560852,0.3718503713607788
988,80,gaussian,3,44,0.359375,0.4375,0.4791666666666667,1.0,2.9776291847229004,0.978825569152832
989,80,gaussian,3,44,0.453125,0.265625,0.6041666666666666,1.0,0.6740598678588867,0.21559754014015198
990,80,gaussian,3,44,0.21875,0.453125,0.2916666666666667,1.0,1.194617509841919,0.3474368155002594
991,80,gaussian,3,44,0.1875,0.46875,0.25,1.0,0.8089390993118286,0.25379642844200134
992,80,gaussian,3,44,0.28125,0.265625,0.375,1.0,1.6268246173858643,0.5359730124473572
993,80,gaussian,3,44,0.453125,0.296875,0.6041666666666666,1.0,1.1384843587875366,0.3884373903274536
994,80,gaussian,3,44,0.21875,0.40625,0.2916666666666667,1.0,2.1703855991363525,0.7308601140975952
995,80,gaussian,3,44,0.421875,0.4375,0.5625,1.0,2.31640625,0.7988379001617432
996,80,gaussian,3,44,0.296875,0.453125,0.3958333333333333,1.0,7.992631912231445,2.8606443405151367
997,80,gaussian,3,44,0.484375,0.5,0.6458333333333334,1.0,3.0298562049865723,1.0150564908981323
998,80,gaussian,3,44,0.28125,0.484375,0.375,1.0,2.411364793777466,0.7282096743583679
999,80,gaussian,3,44,0.21875,0.453125,0.2916666666666667,1.0,1.469996452331543,0.4718502163887024
0,120,gaussian,3,44,0.1875,0.203125,0.375,1.0,0.43809443712234497,0.1364739090204239
1,120,gaussian,3,44,0.234375,0.296875,0.46875,1.0,1.9613958597183228,0.6536042094230652
2,120,gaussian,3,44,0.359375,0.125,0.71875,1.0,0.5524104237556458,0.15466707944869995
3,120,gaussian,3,44,0.296875,0.21875,0.59375,1.0,2.2276105880737305,0.7021687030792236
4,120,gaussian,3,44,0.265625,0.265625,0.53125,1.0,4.580822944641113,1.6278573274612427
5,120,gaussian,3,44,0.203125,0.21875,0.40625,1.0,2.6468303203582764,0.8517206311225891
6,120,gaussian,3,44,0.125,0.296875,0.25,1.0,0.8010852336883545,0.27085137367248535
7,120,gaussian,3,44,0.234375,0.234375,0.46875,1.0,3.831490993499756,1.2599085569381714
8,120,gaussian,3,44,0.3125,0.296875,0.625,1.0,2.049192428588867,0.6990537643432617
9,120,gaussian,3,44,0.203125,0.140625,0.40625,1.0,1.0685198307037354,0.35230109095573425
10,120,gaussian,3,44,0.125,0.296875,0.25,1.0,1.337807536125183,0.4569246172904968
11,120,gaussian,3,44,0.234375,0.25,0.46875,1.0,3.8413710594177246,1.2599085569381714
12,120,gaussian,3,44,0.171875,0.296875,0.34375,1.0,1.111524224281311,0.3702371120452881
13,120,gaussian,3,44,0.1875,0.296875,0.375,1.0,5.045687675476074,1.7397023439407349
14,120,gaussian,3,44,0.15625,0.296875,0.3125,1.0,1.4947986602783203,0.4902394115924835
15,120,gaussian,3,44,0.25,0.234375,0.5,1.0,6.40678596496582,2.2687737941741943
16,120,gaussian,3,44,0.203125,0.234375,0.40625,1.0,6.638125419616699,2.1284682750701904
17,120,gaussian,3,44,0.125,0.34375,0.25,1.0,1.562626600265503,0.494332492351532
18,120,gaussian,3,44,0.3125,0.328125,0.625,1.0,3.2491986751556396,1.0362168550491333
19,120,gaussian,3,44,0.265625,0.25,0.53125,1.0,1.2631345987319946,0.44337013363838196
20,120,gaussian,3,44,0.203125,0.296875,0.40625,1.0,7.985993385314941,2.8529226779937744
21,120,gaussian,3,44,0.140625,0.3125,0.28125,1.0,1.0022300481796265,0.3339638113975525
22,120,gaussian,3,44,0.21875,0.3125,0.4375,1.0,1.8338422775268555,0.6042883992195129
23,120,gaussian,3,44,0.28125,0.109375,0.5625,1.0,0.3803003132343292,0.12830401957035065
24,120,gaussian,3,44,0.15625,0.28125,0.3125,1.0,0.5929429531097412,0.20137372612953186
25,120,gaussian,3,44,0.359375,0.265625,0.71875,1.0,0.29116928577423096,0.10301131755113602
26,120,gaussian,3,44,0.109375,0.3125,0.21875,1.0,0.3461015224456787,0.11650137603282928
27,120,gaussian,3,44,0.15625,0.25,0.3125,1.0,4.142155170440674,1.4528065919876099
28,120,gaussian,3,44,0.25,0.25,0.5,1.0,1.5910420417785645,0.566011905670166
29,120,gaussian,3,44,0.3125,0.1875,0.625,1.0,0.7670209407806396,0.23653459548950195
30,120,gaussian,3,44,0.296875,0.203125,0.59375,1.0,4.165663719177246,1.2690510749816895
31,120,gaussian,3,44,0.140625,0.3125,0.28125,1.0,2.520249843597412,0.8760129809379578
32,120,gaussian,3,44,0.390625,0.28125,0.78125,1.0,2.243772506713867,0.6345011591911316
33,120,gaussian,3,44,0.28125,0.296875,0.5625,1.0,1.8933725357055664,0.5981844067573547
34,120,gaussian,3,44,0.171875,0.265625,0.34375,1.0,6.961596965789795,2.3933794498443604
35,120,gaussian,3,44,0.359375,0.125,0.71875,1.0,0.4917697012424469,0.13886936008930206
36,120,gaussian,3,44,0.171875,0.3125,0.34375,1.0,2.6539740562438965,0.8243602514266968
37,120,gaussian,3,44,0.265625,0.28125,0.53125,1.0,2.814405679702759,0.9499767422676086
38,120,gaussian,3,44,0.140625,0.28125,0.28125,1.0,0.7982762455940247,0.27085137367248535
39,120,gaussian,3,44,0.328125,0.265625,0.65625,1.0,1.4678370952606201,0.5392212867736816
40,120,gaussian,3,44,0.140625,0.125,0.28125,1.0,0.6509648561477661,0.18908612430095673
41,120,gaussian,3,44,0.15625,0.28125,0.3125,1.0,1.206547498703003,0.39859431982040405
42,120,gaussian,3,44,0.140625,0.3125,0.28125,1.0,0.8997013568878174,0.2970355153083801
43,120,gaussian,3,44,0.203125,0.28125,0.40625,1.0,1.185302734375,0.41074272990226746
44,120,gaussian,3,44,0.203125,0.3125,0.40625,1.0,3.24184513092041,1.0095770359039307
45,120,gaussian,3,44,0.125,0.28125,0.25,1.0,1.1596131324768066,0.3601595461368561
46,120,gaussian,3,44,0.203125,0.28125,0.40625,1.0,0.8653894662857056,0.31613126397132874
47,120,gaussian,3,44,0.25,0.234375,0.5,1.0,0.8930153846740723,0.3026740550994873
48,120,gaussian,3,44,0.328125,0.265625,0.65625,1.0,1.4700080156326294,0.5392212867736816
49,120,gaussian,3,44,0.234375,0.296875,0.46875,1.0,2.221226930618286,0.7924454212188721
50,120,gaussian,3,44,0.15625,0.265625,0.3125,1.0,0.9699432849884033,0.32212942838668823
51,120,gaussian,3,44,0.25,0.234375,0.5,1.0,4.593990325927734,1.5311439037322998
52,120,gaussian,3,44,0.1875,0.21875,0.375,1.0,2.2828328609466553,0.6987062692642212
53,120,gaussian,3,44,0.125,0.328125,0.25,1.0,2.618839740753174,0.8277302980422974
54,120,gaussian,3,44,0.125,0.25,0.25,1.0,0.7876296043395996,0.24044150114059448
55,120,gaussian,3,44,0.25,0.296875,0.5,1.0,2.0776185989379883,0.7215080261230469
56,120,gaussian,3,44,0.140625,0.3125,0.28125,1.0,1.2198147773742676,0.4424881041049957
57,120,gaussian,3,44,0.21875,0.21875,0.4375,1.0,1.3000259399414062,0.4442049562931061
58,120,gaussian,3,44,0.28125,0.28125,0.5625,1.0,3.9046950340270996,1.3179529905319214
59,120,gaussian,3,44,0.3125,0.34375,0.625,1.0,3.2313647270202637,1.0362168550491333
60,120,gaussian,3,44,0.21875,0.21875,0.4375,1.0,2.8307318687438965,0.9565668702125549
61,120,gaussian,3,44,0.21875,0.296875,0.4375,1.0,1.8260613679885864,0.6042883396148682
62,120,gaussian,3,44,0.140625,0.28125,0.28125,1.0,1.1731387376785278,0.33871376514434814
63,120,gaussian,3,44,0.140625,0.328125,0.28125,1.0,2.0857882499694824,0.7230729460716248
64,120,gaussian,3,44,0.140625,0.296875,0.28125,1.0,0.7977249622344971,0.27085137367248535
65,120,gaussian,3,44,0.078125,0.0625,0.15625,1.0,0.47679996490478516,0.12352108955383301
66,120,gaussian,3,44,0.296875,0.203125,0.59375,1.0,4.161611557006836,1.269051194190979
67,120,gaussian,3,44,0.28125,0.28125,0.5625,1.0,3.8544039726257324,1.2564023733139038
68,120,gaussian,3,44,0.109375,0.28125,0.21875,1.0,0.9818143248558044,0.3003982901573181
69,120,gaussian,3,44,0.1875,0.25,0.375,1.0,1.4113874435424805,0.4831470251083374
70,120,gaussian,3,44,0.1875,0.21875,0.375,1.0,2.7821059226989746,0.920196533203125
71,120,gaussian,3,44,0.171875,0.296875,0.34375,1.0,0.7887531518936157,0.26664477586746216
72,120,gaussian,3,44,0.140625,0.328125,0.28125,1.0,2.610438346862793,0.8277302384376526
73,120,gaussian,3,44,0.1875,0.171875,0.375,1.0,4.674832344055176,1.5593430995941162
74,120,gaussian,3,44,0.1875,0.28125,0.375,1.0,1.9074256420135498,0.6667227149009705
75,120,gaussian,3,44,0.265625,0.3125,0.53125,1.0,1.2188588380813599,0.4329279363155365
76,120,gaussian,3,44,0.28125,0.296875,0.5625,1.0,2.3177499771118164,0.8080588579177856
77,120,gaussian,3,44,0.15625,0.21875,0.3125,1.0,2.868201494216919,1.0084228515625
78,120,gaussian,3,44,0.25,0.234375,0.5,1.0,1.781379222869873,0.6378217339515686
79,120,gaussian,3,44,0.203125,0.328125,0.40625,1.0,1.350970983505249,0.47885242104530334
80,120,gaussian,3,44,0.109375,0.28125,0.21875,1.0,0.9727563261985779,0.3003983199596405
81,120,gaussian,3,44,0.203125,0.203125,0.40625,1.0,0.892702043056488,0.3314261734485626
82,120,gaussian,3,44,0.171875,0.1875,0.34375,1.0,0.8926085829734802,0.27115345001220703
83,120,gaussian,3,44,0.1875,0.3125,0.375,1.0,1.1071687936782837,0.3702371120452881
84,120,gaussian,3,44,0.265625,0.296875,0.53125,1.0,6.54477071762085,2.1592390537261963
85,120,gaussian,3,44,0.34375,0.171875,0.6875,1.0,2.511802911758423,0.7336267232894897
86,120,gaussian,3,44,0.15625,0.28125,0.3125,1.0,0.6404469013214111,0.23901505768299103
87,120,gaussian,3,44,0.234375,0.234375,0.46875,1.0,2.107430934906006,0.6737768650054932
88,120,gaussian,3,44,0.171875,0.296875,0.34375,1.0,1.489836573600769,0.5059489011764526
89,120,gaussian,3,44,0.203125,0.3125,0.40625,1.0,3.2208075523376465,1.0095770359039307
90,120,gaussian,3,44,0.34375,0.3125,0.6875,1.0,3.2467541694641113,0.9643943905830383
91,120,gaussian,3,44,0.3125,0.328125,0.625,1.0,3.2509660720825195,1.0362168550491333
92,120,gaussian,3,44,0.3125,0.296875,0.625,1.0,2.052408218383789,0.6990538239479065
93,120,gaussian,3,44,0.140625,0.296875,0.28125,1.0,0.9445357918739319,0.3186919689178467
94,120,gaussian,3,44,0.25,0.25,0.5,1.0,1.589158535003662,0.566011905670166
95,120,gaussian,3,44,0.171875,0.296875,0.34375,1.0,1.1462452411651611,0.3564257323741913
96,120,gaussian,3,44,0.25,0.234375,0.5,1.0,1.7763774394989014,0.6378217339515686
97,120,gaussian,3,44,0.140625,0.265625,0.28125,1.0,3.277139186859131,1.0432727336883545
98,120,gaussian,3,44,0.34375,0.3125,0.6875,1.0,2.630810260772705,0.9035865068435669
99,120,gaussian,3,44,0.25,0.21875,0.5,1.0,1.209132194519043,0.46255069971084595
100,120,gaussian,3,44,0.203125,0.21875,0.40625,1.0,0.8743090629577637,0.28011971712112427
101,120,gaussian,3,44,0.34375,0.296875,0.6875,1.0,0.8950351476669312,0.2778869569301605
102,120,gaussian,3,44,0.25,0.28125,0.5,1.0,2.97482967376709,0.9889764785766602
103,120,gaussian,3,44,0.296875,0.3125,0.59375,1.0,1.1080563068389893,0.3793628215789795
104,120,gaussian,3,44,0.234375,0.234375,0.46875,1.0,2.098437786102295,0.6737768650054932
105,120,gaussian,3,44,,,,0.0,0.21835987269878387,0.0540381595492363
106,120,gaussian,3,44,0.265625,0.296875,0.53125,1.0,0.5986822843551636,0.2082398533821106
107,120,gaussian,3,44,0.1875,0.28125,0.375,1.0,2.3625078201293945,0.7431722283363342
108,120,gaussian,3,44,0.15625,0.265625,0.3125,1.0,2.20454478263855,0.7244950532913208
109,120,gaussian,3,44,0.15625,0.265625,0.3125,1.0,0.9699414372444153,0.32212942838668823
110,120,gaussian,3,44,0.140625,0.125,0.28125,1.0,1.722155213356018,0.49924182891845703
111,120,gaussian,3,44,0.15625,0.21875,0.3125,1.0,5.667688369750977,1.7496222257614136
112,120,gaussian,3,44,0.1875,0.171875,0.375,1.0,4.6671552658081055,1.5593430995941162
113,120,gaussian,3,44,0.359375,0.140625,0.71875,1.0,0.5492154955863953,0.15466709434986115
114,120,gaussian,3,44,0.25,0.265625,0.5,1.0,2.086230516433716,0.7577435970306396
115,120,gaussian,3,44,0.25,0.234375,0.5,1.0,0.908577561378479,0.3076144754886627
116,120,gaussian,3,44,0.15625,0.3125,0.3125,1.0,0.4450870156288147,0.15799151360988617
117,120,gaussian,3,44,0.3125,0.3125,0.625,1.0,2.761965274810791,0.992725670337677
118,120,gaussian,3,44,0.28125,0.296875,0.5625,1.0,0.9182994365692139,0.3297765254974365
119,120,gaussian,3,44,0.34375,0.15625,0.6875,1.0,0.408610999584198,0.12238209694623947
120,120,gaussian,3,44,0.328125,0.3125,0.65625,1.0,2.6338918209075928,0.9035865068435669
121,120,gaussian,3,44,0.140625,0.25,0.28125,1.0,0.6744614839553833,0.21896402537822723
122,120,gaussian,3,44,0.265625,0.234375,0.53125,1.0,2.567030906677246,0.8807703256607056
123,120,gaussian,3,44,0.203125,0.234375,0.40625,1.0,2.640648126602173,0.8517206311225891
124,120,gaussian,3,44,0.1875,0.234375,0.375,1.0,2.203932285308838,0.6851749420166016
125,120,gaussian,3,44,0.203125,0.3125,0.40625,1.0,2.4905738830566406,0.8657653331756592
126,120,gaussian,3,44,0.125,0.328125,0.25,1.0,1.1666533946990967,0.34171029925346375
127,120,gaussian,3,44,0.15625,0.140625,0.3125,1.0,2.386409282684326,0.7681828737258911
128,120,gaussian,3,44,0.15625,0.25,0.3125,1.0,3.042536735534668,1.1153661012649536
129,120,gaussian,3,44,0.140625,0.296875,0.28125,1.0,2.2185628414154053,0.6993544101715088
130,120,gaussian,3,44,0.203125,0.234375,0.40625,1.0,1.7125532627105713,0.547264039516449
131,120,gaussian,3,44,0.25,0.234375,0.5,1.0,4.590582847595215,1.5311437845230103
132,120,gaussian,3,44,0.234375,0.265625,0.46875,1.0,0.6478807926177979,0.21692173182964325
133,120,gaussian,3,44,0.109375,0.28125,0.21875,1.0,0.9794743061065674,0.3003983199596405
134,120,gaussian,3,44,0.203125,0.203125,0.40625,1.0,0.8896327614784241,0.3314261734485626
135,120,gaussian,3,44,0.171875,0.296875,0.34375,1.0,0.7392762303352356,0.2504967451095581
136,120,gaussian,3,44,0.125,0.296875,0.25,1.0,0.7148672342300415,0.2318403124809265
137,120,gaussian,3,44,0.296875,0.296875,0.59375,1.0,1.0359562635421753,0.3513859808444977
138,120,gaussian,3,44,0.171875,0.1875,0.34375,1.0,2.377673864364624,0.7612283825874329
139,120,gaussian,3,44,0.15625,0.28125,0.3125,1.0,2.9795289039611816,0.908211886882782
140,120,gaussian,3,44,0.265625,0.25,0.53125,1.0,4.29713773727417,1.62428879737854
141,120,gaussian,3,44,0.171875,0.265625,0.34375,1.0,6.973962783813477,2.3933794498443604
142,120,gaussian,3,44,0.1875,0.234375,0.375,1.0,2.201323986053467,0.6851749420166016
143,120,gaussian,3,44,0.328125,0.34375,0.65625,1.0,1.4641735553741455,0.4657178521156311
144,120,gaussian,3,44,0.25,0.234375,0.5,1.0,5.8261494636535645,2.061367988586426
145,120,gaussian,3,44,0.296875,0.34375,0.59375,1.0,0.6737769246101379,0.21171636879444122
146,120,gaussian,3,44,0.140625,0.28125,0.28125,1.0,2.136350631713867,0.6644845008850098
147,120,gaussian,3,44,0.125,0.296875,0.25,1.0,0.8010566830635071,0.27085137367248535
148,120,gaussian,3,44,0.15625,0.28125,0.3125,1.0,1.9541962146759033,0.6577370762825012
149,120,gaussian,3,44,0.328125,0.140625,0.65625,1.0,4.2275190353393555,1.2786591053009033
150,120,gaussian,3,44,0.21875,0.234375,0.4375,1.0,3.8435733318328857,1.2599085569381714
151,120,gaussian,3,44,0.140625,0.28125,0.28125,1.0,3.2585997581481934,1.0863207578659058
152,120,gaussian,3,44,0.375,0.25,0.75,1.0,0.2893020808696747,0.10301131755113602
153,120,gaussian,3,44,0.234375,0.21875,0.46875,1.0,1.6929388046264648,0.5545709729194641
154,120,gaussian,3,44,0.25,0.25,0.5,1.0,1.588240623474121,0.5930553674697876
155,120,gaussian,3,44,0.15625,0.25,0.3125,1.0,1.0901165008544922,0.3603912591934204
156,120,gaussian,3,44,0.25,0.234375,0.5,1.0,5.695862770080566,2.0140180587768555
157,120,gaussian,3,44,0.140625,0.125,0.28125,1.0,1.6490607261657715,0.4903970956802368
158,120,gaussian,3,44,0.125,0.3125,0.25,1.0,1.3777992725372314,0.4763934910297394
159,120,gaussian,3,44,0.328125,0.25,0.65625,1.0,1.492938756942749,0.5063760876655579
160,120,gaussian,3,44,0.25,0.265625,0.5,1.0,1.2470667362213135,0.44280362129211426
161,120,gaussian,3,44,0.328125,0.328125,0.65625,1.0,3.195239543914795,0.9610816836357117
162,120,gaussian,3,44,0.125,0.3125,0.25,1.0,0.5716898441314697,0.196063831448555
163,120,gaussian,3,44,0.1875,0.203125,0.375,1.0,0.43800419569015503,0.1364739090204239
164,120,gaussian,3,44,0.15625,0.28125,0.3125,1.0,1.1463968753814697,0.3564257025718689
165,120,gaussian,3,44,0.140625,0.28125,0.28125,1.0,2.2782204151153564,0.7741732597351074
166,120,gaussian,3,44,0.15625,0.203125,0.3125,1.0,3.0842270851135254,0.9832900166511536
167,120,gaussian,3,44,0.3125,0.234375,0.625,1.0,1.0157520771026611,0.3411709666252136
168,120,gaussian,3,44,0.28125,0.09375,0.5625,1.0,0.381598562002182,0.12830401957035065
169,120,gaussian,3,44,0.15625,0.15625,0.3125,1.0,3.764584541320801,1.1032991409301758
170,120,gaussian,3,44,0.1875,0.3125,0.375,1.0,2.408998489379883,0.7291880249977112
171,120,gaussian,3,44,0.125,0.265625,0.25,1.0,1.0306440591812134,0.3143889904022217
172,120,gaussian,3,44,0.28125,0.265625,0.5625,1.0,1.317612886428833,0.4321223497390747
173,120,gaussian,3,44,0.328125,0.171875,0.65625,1.0,1.4495929479599,0.43509641289711
174,120,gaussian,3,44,0.140625,0.21875,0.28125,1.0,5.648218154907227,1.7496222257614136
175,120,gaussian,3,44,0.109375,0.28125,0.21875,1.0,0.9583303928375244,0.3008495271205902
176,120,gaussian,3,44,0.125,0.296875,0.25,1.0,0.9932419657707214,0.3339638113975525
177,120,gaussian,3,44,0.265625,0.296875,0.53125,1.0,0.6027137041091919,0.20754589140415192
178,120,gaussian,3,44,0.15625,0.296875,0.3125,1.0,1.977555751800537,0.6610429883003235
179,120,gaussian,3,44,0.25,0.25,0.5,1.0,2.4126572608947754,0.840613842010498
180,120,gaussian,3,44,0.25,0.265625,0.5,1.0,5.108445167541504,1.7545218467712402
181,120,gaussian,3,44,0.296875,0.265625,0.59375,1.0,2.895134449005127,0.9715073108673096
182,120,gaussian,3,44,0.125,0.296875,0.25,1.0,1.1145002841949463,0.35109952092170715
183,120,gaussian,3,44,0.3125,0.1875,0.625,1.0,7.178989410400391,2.1728131771087646
184,120,gaussian,3,44,0.203125,0.21875,0.40625,1.0,1.7166566848754883,0.547264039516449
185,120,gaussian,3,44,0.1875,0.21875,0.375,1.0,2.203813076019287,0.6851749420166016
186,120,gaussian,3,44,0.125,0.265625,0.25,1.0,3.163304328918457,1.0076630115509033
187,120,gaussian,3,44,0.15625,0.265625,0.3125,1.0,1.9825305938720703,0.6609451174736023
188,120,gaussian,3,44,0.203125,0.265625,0.40625,1.0,2.9169178009033203,1.0034650564193726
189,120,gaussian,3,44,0.140625,0.265625,0.28125,1.0,1.1464104652404785,0.3700445890426636
190,120,gaussian,3,44,0.375,0.3125,0.75,1.0,3.8880832195281982,1.2130281925201416
191,120,gaussian,3,44,0.21875,0.28125,0.4375,1.0,0.7930524349212646,0.27921316027641296
192,120,gaussian,3,44,0.3125,0.171875,0.625,1.0,0.6286939382553101,0.21539020538330078
193,120,gaussian,3,44,0.125,0.28125,0.25,1.0,1.0917515754699707,0.34890034794807434
194,120,gaussian,3,44,0.125,0.3125,0.25,1.0,2.42061448097229,0.789128839969635
195,120,gaussian,3,44,0.15625,0.296875,0.3125,1.0,0.5919461250305176,0.20137372612953186
196,120,gaussian,3,44,0.25,0.265625,0.5,1.0,8.916847229003906,3.100173234939575
197,120,gaussian,3,44,0.21875,0.265625,0.4375,1.0,7.601621627807617,2.7399747371673584
198,120,gaussian,3,44,0.296875,0.265625,0.59375,1.0,2.1779468059539795,0.7424365282058716
199,120,gaussian,3,44,0.28125,0.265625,0.5625,1.0,2.8928565979003906,0.9715073704719543
200,120,gaussian,3,44,0.1875,0.265625,0.375,1.0,1.9481240510940552,0.6195946931838989
201,120,gaussian,3,44,0.375,0.078125,0.75,1.0,3.2167587280273438,0.8790019750595093
202,120,gaussian,3,44,0.3125,0.28125,0.625,1.0,2.046982765197754,0.6990538239479065
203,120,gaussian,3,44,0.140625,0.265625,0.28125,1.0,1.0438593626022339,0.3582276403903961
204,120,gaussian,3,44,0.25,0.234375,0.5,1.0,5.692831993103027,2.0140182971954346
205,120,gaussian,3,44,0.21875,0.109375,0.4375,1.0,3.59004282951355,1.1772255897521973
206,120,gaussian,3,44,0.25,0.265625,0.5,1.0,4.5911946296691895,1.6278574466705322
207,120,gaussian,3,44,0.28125,0.3125,0.5625,1.0,4.1377668380737305,1.3380197286605835
208,120,gaussian,3,44,0.28125,0.296875,0.5625,1.0,5.013790607452393,1.6592538356781006
209,120,gaussian,3,44,0.1875,0.328125,0.375,1.0,3.688199996948242,1.234879970550537
210,120,gaussian,3,44,0.203125,0.3125,0.40625,1.0,2.0109012126922607,0.6944703459739685
211,120,gaussian,3,44,0.125,0.328125,0.25,1.0,1.5379493236541748,0.4530969560146332
212,120,gaussian,3,44,0.25,0.234375,0.5,1.0,0.9105198979377747,0.30761444568634033
213,120,gaussian,3,44,0.234375,0.171875,0.46875,1.0,3.214620351791382,1.057142972946167
214,120,gaussian,3,44,0.140625,0.125,0.28125,1.0,0.6469721794128418,0.18908612430095673
215,120,gaussian,3,44,0.15625,0.28125,0.3125,1.0,1.2448259592056274,0.40949976444244385
216,120,gaussian,3,44,0.3125,0.15625,0.625,1.0,2.5671191215515137,0.7750095725059509
217,120,gaussian,3,44,0.328125,0.3125,0.65625,1.0,2.6342954635620117,0.9035865664482117
218,120,gaussian,3,44,0.125,0.296875,0.25,1.0,0.38130444288253784,0.11595472693443298
219,120,gaussian,3,44,0.171875,0.265625,0.34375,1.0,1.5537328720092773,0.53465336561203
220,120,gaussian,3,44,0.1875,0.296875,0.375,1.0,3.536046028137207,1.264445424079895
221,120,gaussian,3,44,0.15625,0.296875,0.3125,1.0,1.7201911211013794,0.6209012866020203
222,120,gaussian,3,44,0.375,0.296875,0.75,1.0,2.830998420715332,0.8206217885017395
223,120,gaussian,3,44,0.25,0.234375,0.5,1.0,5.675354957580566,2.0140182971954346
224,120,gaussian,3,44,0.21875,0.28125,0.4375,1.0,0.8640285134315491,0.3161312937736511
225,120,gaussian,3,44,0.203125,0.296875,0.40625,1.0,1.9132022857666016,0.6093341112136841
226,120,gaussian,3,44,0.171875,0.296875,0.34375,1.0,1.1078873872756958,0.37269607186317444
227,120,gaussian,3,44,0.140625,0.28125,0.28125,1.0,2.274470806121826,0.7741732597351074
228,120,gaussian,3,44,0.1875,0.171875,0.375,1.0,4.67131233215332,1.5593430995941162
229,120,gaussian,3,44,0.140625,0.296875,0.28125,1.0,0.7333518266677856,0.2531262934207916
230,120,gaussian,3,44,0.171875,0.140625,0.34375,1.0,1.8717212677001953,0.5500473380088806
231,120,gaussian,3,44,0.265625,0.21875,0.53125,1.0,0.8925049304962158,0.3026740550994873
232,120,gaussian,3,44,0.15625,0.328125,0.3125,1.0,2.8290772438049316,0.8633221387863159
233,120,gaussian,3,44,0.203125,0.203125,0.40625,1.0,8.945173263549805,2.8167831897735596
234,120,gaussian,3,44,0.234375,0.21875,0.46875,1.0,1.2972798347473145,0.44948655366897583
235,120,gaussian,3,44,0.3125,0.21875,0.625,1.0,1.016660213470459,0.3411709666252136
236,120,gaussian,3,44,0.234375,0.234375,0.46875,1.0,3.451476573944092,1.1829627752304077
237,120,gaussian,3,44,0.125,0.3125,0.25,1.0,4.861565589904785,1.5281609296798706
238,120,gaussian,3,44,0.15625,0.28125,0.3125,1.0,1.3902320861816406,0.44894513487815857
239,120,gaussian,3,44,0.25,0.296875,0.5,1.0,1.7148919105529785,0.583961009979248
240,120,gaussian,3,44,0.28125,0.09375,0.5625,1.0,0.383766233921051,0.12830401957035065
241,120,gaussian,3,44,0.234375,0.234375,0.46875,1.0,2.1074812412261963,0.6737768650054932
242,120,gaussian,3,44,0.359375,0.15625,0.71875,1.0,6.778604507446289,2.034745931625366
243,120,gaussian,3,44,0.265625,0.296875,0.53125,1.0,0.5089671015739441,0.18050700426101685
244,120,gaussian,3,44,0.28125,0.296875,0.5625,1.0,1.9530398845672607,0.7009580135345459
245,120,gaussian,3,44,0.203125,0.203125,0.40625,1.0,0.8738672733306885,0.28011971712112427
246,120,gaussian,3,44,0.3125,0.296875,0.625,1.0,2.0523948669433594,0.6990538239479065
247,120,gaussian,3,44,0.296875,0.203125,0.59375,1.0,2.4536452293395996,0.8268191814422607
248,120,gaussian,3,44,0.15625,0.1875,0.3125,1.0,1.8856208324432373,0.5858239531517029
249,120,gaussian,3,44,0.375,0.3125,0.75,1.0,0.995120644569397,0.28227680921554565
250,120,gaussian,3,44,0.140625,0.3125,0.28125,1.0,1.2105587720870972,0.4082562029361725
251,120,gaussian,3,44,0.140625,0.296875,0.28125,1.0,0.989351212978363,0.3311174809932709
252,120,gaussian,3,44,0.25,0.21875,0.5,1.0,0.6580503582954407,0.23269622027873993
253,120,gaussian,3,44,0.296875,0.296875,0.59375,1.0,1.0349955558776855,0.3513859808444977
254,120,gaussian,3,44,0.15625,0.140625,0.3125,1.0,1.7789325714111328,0.5326981544494629
255,120,gaussian,3,44,0.171875,0.296875,0.34375,1.0,6.23640251159668,2.1230101585388184
256,120,gaussian,3,44,0.265625,0.296875,0.53125,1.0,2.0830225944519043,0.7215080261230469
257,120,gaussian,3,44,0.15625,0.28125,0.3125,1.0,1.9529225826263428,0.657737135887146
258,120,gaussian,3,44,0.125,0.296875,0.25,1.0,0.38021108508110046,0.11595472693443298
259,120,gaussian,3,44,0.125,0.3125,0.25,1.0,1.8392460346221924,0.6457422375679016
260,120,gaussian,3,44,0.140625,0.28125,0.28125,1.0,1.147560477256775,0.3700445890426636
261,120,gaussian,3,44,0.171875,0.203125,0.34375,1.0,2.489060640335083,0.7661331295967102
262,120,gaussian,3,44,0.28125,0.21875,0.5625,1.0,2.213963508605957,0.7021687030792236
263,120,gaussian,3,44,0.125,0.28125,0.25,1.0,3.669006824493408,1.1736831665039062
264,120,gaussian,3,44,0.25,0.234375,0.5,1.0,1.2715446949005127,0.44965362548828125
265,120,gaussian,3,44,0.140625,0.296875,0.28125,1.0,1.9339556694030762,0.6334043145179749
266,120,gaussian,3,44,0.15625,0.265625,0.3125,1.0,1.5621943473815918,0.53465336561203
267,120,gaussian,3,44,0.15625,0.28125,0.3125,1.0,2.8411755561828613,0.9650029540061951
268,120,gaussian,3,44,0.15625,0.296875,0.3125,1.0,0.9630012512207031,0.2980898916721344
269,120,gaussian,3,44,0.234375,0.25,0.46875,1.0,3.84152889251709,1.2599085569381714
270,120,gaussian,3,44,0.1875,0.3125,0.375,1.0,1.165231704711914,0.4179263114929199
271,120,gaussian,3,44,0.203125,0.34375,0.40625,1.0,0.43744078278541565,0.14059361815452576
272,120,gaussian,3,44,0.328125,0.171875,0.65625,1.0,1.4484635591506958,0.4350964426994324
273,120,gaussian,3,44,0.296875,0.296875,0.59375,1.0,1.0077030658721924,0.33937451243400574
274,120,gaussian,3,44,0.25,0.109375,0.5,1.0,1.1651127338409424,0.38014301657676697
275,120,gaussian,3,44,0.296875,0.328125,0.59375,1.0,0.6116299629211426,0.21594159305095673
276,120,gaussian,3,44,0.140625,0.3125,0.28125,1.0,2.1053004264831543,0.7025063633918762
277,120,gaussian,3,44,0.140625,0.3125,0.28125,1.0,1.002190351486206,0.3339638113975525
278,120,gaussian,3,44,0.25,0.296875,0.5,1.0,0.38916438817977905,0.13670700788497925
279,120,gaussian,3,44,0.125,0.3125,0.25,1.0,1.3764880895614624,0.47639352083206177
280,120,gaussian,3,44,0.1875,0.21875,0.375,1.0,2.4488396644592285,0.8038054704666138
281,120,gaussian,3,44,0.171875,0.28125,0.34375,1.0,1.208630084991455,0.39859431982040405
282,120,gaussian,3,44,0.1875,0.265625,0.375,1.0,1.1963372230529785,0.4197874069213867
283,120,gaussian,3,44,0.1875,0.328125,0.375,1.0,0.8222599625587463,0.24803966283798218
284,120,gaussian,3,44,0.1875,0.265625,0.375,1.0,1.7889796495437622,0.5745750665664673
285,120,gaussian,3,44,0.171875,0.296875,0.34375,1.0,1.354719638824463,0.44404155015945435
286,120,gaussian,3,44,0.109375,0.296875,0.21875,1.0,0.9457066059112549,0.3008495271205902
287,120,gaussian,3,44,0.203125,0.1875,0.40625,1.0,3.505601167678833,1.2222450971603394
288,120,gaussian,3,44,0.234375,0.296875,0.46875,1.0,2.1418023109436035,0.728180468082428
289,120,gaussian,3,44,0.25,0.234375,0.5,1.0,0.8940232992172241,0.3026740550994873
290,120,gaussian,3,44,0.140625,0.296875,0.28125,1.0,2.0894103050231934,0.7025063633918762
291,120,gaussian,3,44,0.140625,0.296875,0.28125,1.0,2.6914114952087402,0.8147039413452148
292,120,gaussian,3,44,0.265625,0.234375,0.53125,1.0,0.8949217796325684,0.3026740550994873
293,120,gaussian,3,44,0.109375,0.28125,0.21875,1.0,0.7356839179992676,0.25127193331718445
294,120,gaussian,3,44,0.265625,0.234375,0.53125,1.0,1.3923850059509277,0.488921195268631
295,120,gaussian,3,44,0.140625,0.3125,0.28125,1.0,0.38562092185020447,0.126343235373497
296,120,gaussian,3,44,0.15625,0.28125,0.3125,1.0,1.389024019241333,0.44894513487815857
297,120,gaussian,3,44,0.15625,0.28125,0.3125,1.0,1.7492294311523438,0.5635548233985901
298,120,gaussian,3,44,0.171875,0.171875,0.34375,1.0,3.5280098915100098,1.1178392171859741
299,120,gaussian,3,44,0.15625,0.3125,0.3125,1.0,1.283705711364746,0.4271469712257385
300,120,gaussian,3,44,0.328125,0.1875,0.65625,1.0,1.3551106452941895,0.414715975522995
301,120,gaussian,3,44,0.15625,0.15625,0.3125,1.0,1.7723547220230103,0.5326981544494629
302,120,gaussian,3,44,0.25,0.296875,0.5,1.0,0.7628251314163208,0.25428953766822815
303,120,gaussian,3,44,0.15625,0.25,0.3125,1.0,1.087141752243042,0.3603912591934204
304,120,gaussian,3,44,0.328125,0.3125,0.65625,1.0,3.021177291870117,1.0100618600845337
305,120,gaussian,3,44,0.15625,0.265625,0.3125,1.0,2.5081396102905273,0.8123971223831177
306,120,gaussian,3,44,0.265625,0.28125,0.53125,1.0,7.9246015548706055,2.857163429260254
307,120,gaussian,3,44,0.234375,0.265625,0.46875,1.0,1.2465711832046509,0.44280362129211426
308,120,gaussian,3,44,0.328125,0.296875,0.65625,1.0,3.267101287841797,1.0399410724639893
309,120,gaussian,3,44,0.25,0.234375,0.5,1.0,1.061838984489441,0.36388352513313293
310,120,gaussian,3,44,0.140625,0.28125,0.28125,1.0,2.7571985721588135,0.9126384258270264
311,120,gaussian,3,44,0.15625,0.140625,0.3125,1.0,0.924170732498169,0.279359370470047
312,120,gaussian,3,44,0.125,0.3125,0.25,1.0,0.8867555856704712,0.2761553227901459
313,120,gaussian,3,44,0.390625,0.265625,0.78125,1.0,2.2631280422210693,0.6345011591911316
314,120,gaussian,3,44,0.296875,0.3125,0.59375,1.0,1.1075893640518188,0.3793627917766571
315,120,gaussian,3,44,0.25,0.3125,0.5,1.0,0.7638232111930847,0.25428950786590576
316,120,gaussian,3,44,0.21875,0.28125,0.4375,1.0,1.3503615856170654,0.47692933678627014
317,120,gaussian,3,44,0.34375,0.1875,0.6875,1.0,2.5206570625305176,0.7336267828941345
318,120,gaussian,3,44,0.140625,0.3125,0.28125,1.0,0.38171112537384033,0.126343235373497
319,120,gaussian,3,44,0.328125,0.28125,0.65625,1.0,4.634953498840332,1.461611032485962
320,120,gaussian,3,44,0.3125,0.3125,0.625,1.0,2.760651111602783,0.992725670337677
321,120,gaussian,3,44,0.203125,0.296875,0.40625,1.0,1.865335464477539,0.6679362058639526
322,120,gaussian,3,44,0.34375,0.328125,0.6875,1.0,1.1646231412887573,0.4179263114929199
323,120,gaussian,3,44,0.203125,0.265625,0.40625,1.0,0.5941580533981323,0.20281963050365448
324,120,gaussian,3,44,0.140625,0.265625,0.28125,1.0,0.9689075946807861,0.32212942838668823
325,120,gaussian,3,44,0.125,0.28125,0.25,1.0,1.0957863330841064,0.34890034794807434
326,120,gaussian,3,44,0.140625,0.140625,0.28125,1.0,1.5525044202804565,0.4471234679222107
327,120,gaussian,3,44,0.296875,0.203125,0.59375,1.0,2.452385425567627,0.8268192410469055
328,120,gaussian,3,44,0.140625,0.3125,0.28125,1.0,2.183915138244629,0.6637626886367798
329,120,gaussian,3,44,0.15625,0.296875,0.3125,1.0,1.4966267347335815,0.4902394115924835
330,120,gaussian,3,44,0.296875,0.296875,0.59375,1.0,1.9530401229858398,0.7009580731391907
331,120,gaussian,3,44,0.234375,0.296875,0.46875,1.0,2.1417832374572754,0.7281805276870728
332,120,gaussian,3,44,0.375,0.078125,0.75,1.0,3.210519313812256,0.8790019154548645
333,120,gaussian,3,44,0.109375,0.296875,0.21875,1.0,0.34729334712028503,0.11650138348340988
334,120,gaussian,3,44,0.140625,0.25,0.28125,1.0,4.563976287841797,1.6807516813278198
335,120,gaussian,3,44,0.125,0.328125,0.25,1.0,1.1659059524536133,0.34171029925346375
336,120,gaussian,3,44,0.15625,0.28125,0.3125,1.0,1.4037400484085083,0.43756991624832153
337,120,gaussian,3,44,0.34375,0.34375,0.6875,1.0,3.0892887115478516,1.0157617330551147
338,120,gaussian,3,44,0.28125,0.21875,0.5625,1.0,3.091592311859131,1.0348923206329346
339,120,gaussian,3,44,0.359375,0.140625,0.71875,1.0,0.6773608922958374,0.19394280016422272
340,120,gaussian,3,44,0.125,0.09375,0.25,1.0,0.5805278420448303,0.16235986351966858
341,120,gaussian,3,44,0.09375,0.09375,0.1875,1.0,4.392504692077637,1.2944576740264893
342,120,gaussian,3,44,0.171875,0.296875,0.34375,1.0,1.1102337837219238,0.37269607186317444
343,120,gaussian,3,44,0.3125,0.15625,0.625,1.0,2.5681803226470947,0.7750095725059509
344,120,gaussian,3,44,0.203125,0.203125,0.40625,1.0,8.941515922546387,2.8167831897735596
345,120,gaussian,3,44,0.125,0.296875,0.25,1.0,0.38030996918678284,0.11595472693443298
346,120,gaussian,3,44,0.140625,0.3125,0.28125,1.0,1.9717849493026733,0.576625645160675
347,120,gaussian,3,44,0.171875,0.28125,0.34375,1.0,0.8604441285133362,0.2837355136871338
348,120,gaussian,3,44,0.15625,0.15625,0.3125,1.0,3.766275405883789,1.1032991409301758
349,120,gaussian,3,44,0.296875,0.28125,0.59375,1.0,1.0060454607009888,0.33937451243400574
350,120,gaussian,3,44,0.265625,0.296875,0.53125,1.0,0.6027567982673645,0.20754589140415192
351,120,gaussian,3,44,0.359375,0.3125,0.71875,1.0,3.7061409950256348,1.15048086643219
352,120,gaussian,3,44,0.265625,0.296875,0.53125,1.0,2.084696054458618,0.7215080261230469
353,120,gaussian,3,44,0.21875,0.265625,0.4375,1.0,2.9126462936401367,1.0034650564193726
354,120,gaussian,3,44,0.171875,0.15625,0.34375,1.0,1.6486375331878662,0.493623822927475
355,120,gaussian,3,44,0.328125,0.1875,0.65625,1.0,3.36440372467041,1.038974404335022
356,120,gaussian,3,44,0.1875,0.234375,0.375,1.0,2.775254249572754,0.9391176104545593
357,120,gaussian,3,44,0.140625,0.296875,0.28125,1.0,0.9885237812995911,0.3311174809932709
358,120,gaussian,3,44,0.203125,0.296875,0.40625,1.0,0.45731693506240845,0.1475992649793625
359,120,gaussian,3,44,0.359375,0.125,0.71875,1.0,0.8041977286338806,0.22524607181549072
360,120,gaussian,3,44,0.140625,0.265625,0.28125,1.0,1.04985511302948,0.3582276403903961
361,120,gaussian,3,44,0.28125,0.1875,0.5625,1.0,1.0830000638961792,0.37555915117263794
362,120,gaussian,3,44,0.140625,0.296875,0.28125,1.0,2.530014753341675,0.8767145276069641
363,120,gaussian,3,44,0.1875,0.203125,0.375,1.0,10.867778778076172,3.418128252029419
364,120,gaussian,3,44,0.265625,0.296875,0.53125,1.0,6.544380187988281,2.1592390537261963
365,120,gaussian,3,44,0.15625,0.15625,0.3125,1.0,3.8319125175476074,1.1474220752716064
366,120,gaussian,3,44,0.25,0.234375,0.5,1.0,4.301011562347412,1.62428879737854
367,120,gaussian,3,44,0.25,0.234375,0.5,1.0,1.776555061340332,0.6378217339515686
368,120,gaussian,3,44,0.140625,0.328125,0.28125,1.0,2.1021018028259277,0.7230730056762695
369,120,gaussian,3,44,0.296875,0.109375,0.59375,1.0,0.38089078664779663,0.12830401957035065
370,120,gaussian,3,44,0.34375,0.328125,0.6875,1.0,2.6358156204223633,0.9035865664482117
371,120,gaussian,3,44,0.125,0.28125,0.25,1.0,3.6726417541503906,1.1736830472946167
372,120,gaussian,3,44,0.1875,0.21875,0.375,1.0,1.8318949937820435,0.6055760979652405
373,120,gaussian,3,44,0.171875,0.3125,0.34375,1.0,0.6775870323181152,0.2072129249572754
374,120,gaussian,3,44,0.203125,0.3125,0.40625,1.0,1.2335103750228882,0.4123956561088562
375,120,gaussian,3,44,0.15625,0.265625,0.3125,1.0,2.398381471633911,0.7736673951148987
376,120,gaussian,3,44,0.125,0.078125,0.25,1.0,1.3232290744781494,0.3568437993526459
377,120,gaussian,3,44,0.34375,0.296875,0.6875,1.0,1.975158452987671,0.7020685076713562
378,120,gaussian,3,44,0.203125,0.1875,0.40625,1.0,3.5185532569885254,1.2222450971603394
379,120,gaussian,3,44,0.25,0.125,0.5,1.0,0.6026602387428284,0.20267699658870697
380,120,gaussian,3,44,0.1875,0.3125,0.375,1.0,0.8742080926895142,0.2840360701084137
381,120,gaussian,3,44,0.125,0.328125,0.25,1.0,0.5676437020301819,0.196063831448555
382,120,gaussian,3,44,0.171875,0.296875,0.34375,1.0,0.7403303980827332,0.2504967451095581
383,120,gaussian,3,44,0.3125,0.3125,0.625,1.0,6.580814361572266,2.265450954437256
384,120,gaussian,3,44,0.15625,0.296875,0.3125,1.0,2.840075969696045,0.9650029540061951
385,120,gaussian,3,44,0.1875,0.3125,0.375,1.0,0.7177982926368713,0.22202575206756592
386,120,gaussian,3,44,0.25,0.234375,0.5,1.0,4.302428245544434,1.62428879737854
387,120,gaussian,3,44,0.125,0.265625,0.25,1.0,1.0308926105499268,0.3143889904022217
388,120,gaussian,3,44,0.125,0.296875,0.25,1.0,0.5266753435134888,0.17235849797725677
389,120,gaussian,3,44,0.21875,0.3125,0.4375,1.0,2.359757423400879,0.7492405772209167
390,120,gaussian,3,44,0.3125,0.15625,0.625,1.0,2.5689735412597656,0.7750095725059509
391,120,gaussian,3,44,0.1875,0.21875,0.375,1.0,6.225675582885742,2.0151495933532715
392,120,gaussian,3,44,0.25,0.203125,0.5,1.0,6.1394500732421875,2.118906021118164
393,120,gaussian,3,44,0.25,0.234375,0.5,1.0,2.095775842666626,0.6737768650054932
394,120,gaussian,3,44,0.109375,0.296875,0.21875,1.0,2.5024757385253906,0.819257378578186
395,120,gaussian,3,44,0.25,0.296875,0.5,1.0,2.9786758422851562,0.9889764785766602
396,120,gaussian,3,44,0.171875,0.15625,0.34375,1.0,1.6525225639343262,0.493623822927475
397,120,gaussian,3,44,0.15625,0.28125,0.3125,1.0,2.072432041168213,0.6389673948287964
398,120,gaussian,3,44,0.140625,0.125,0.28125,1.0,1.7005480527877808,0.49924182891845703
399,120,gaussian,3,44,0.28125,0.21875,0.5625,1.0,0.5590102672576904,0.18913434445858002
400,120,gaussian,3,44,0.296875,0.109375,0.59375,1.0,0.3848726153373718,0.12830401957035065
401,120,gaussian,3,44,0.171875,0.296875,0.34375,1.0,1.4934437274932861,0.5059489011764526
402,120,gaussian,3,44,0.1875,0.3125,0.375,1.0,1.3181384801864624,0.3991532325744629
403,120,gaussian,3,44,0.15625,0.28125,0.3125,1.0,1.761504888534546,0.5635548233985901
404,120,gaussian,3,44,0.21875,0.203125,0.4375,1.0,1.6725468635559082,0.5265776515007019
405,120,gaussian,3,44,0.15625,0.15625,0.3125,1.0,1.0729190111160278,0.3414473831653595
406,120,gaussian,3,44,0.21875,0.28125,0.4375,1.0,0.3821275234222412,0.12795434892177582
407,120,gaussian,3,44,0.328125,0.3125,0.65625,1.0,2.6353235244750977,0.9035865664482117
408,120,gaussian,3,44,0.34375,0.296875,0.6875,1.0,0.8946005702018738,0.2778869569301605
409,120,gaussian,3,44,0.125,0.28125,0.25,1.0,1.9173754453659058,0.6334043145179749
410,120,gaussian,3,44,0.390625,0.265625,0.78125,1.0,2.261798858642578,0.6345011591911316
411,120,gaussian,3,44,0.15625,0.328125,0.3125,1.0,2.0332632064819336,0.6884002685546875
412,120,gaussian,3,44,0.140625,0.125,0.28125,1.0,1.7210416793823242,0.49924182891845703
413,120,gaussian,3,44,0.34375,0.296875,0.6875,1.0,1.975050449371338,0.7020685076713562
414,120,gaussian,3,44,0.171875,0.265625,0.34375,1.0,5.339883804321289,1.751750111579895
415,120,gaussian,3,44,0.171875,0.296875,0.34375,1.0,1.8217427730560303,0.6038284301757812
416,120,gaussian,3,44,0.25,0.265625,0.5,1.0,5.114506244659424,1.7545219659805298
417,120,gaussian,3,44,0.140625,0.328125,0.28125,1.0,2.101724147796631,0.7230729460716248
418,120,gaussian,3,44,0.265625,0.296875,0.53125,1.0,2.556657314300537,0.8485561013221741
419,120,gaussian,3,44,0.15625,0.1875,0.3125,1.0,1.8864169120788574,0.5858239531517029
420,120,gaussian,3,44,0.34375,0.140625,0.6875,1.0,0.67263263463974,0.19394280016422272
421,120,gaussian,3,44,0.328125,0.21875,0.65625,1.0,2.252196788787842,0.8380820155143738
422,120,gaussian,3,44,0.171875,0.28125,0.34375,1.0,5.337714672088623,1.751750111579895
423,120,gaussian,3,44,0.171875,0.1875,0.34375,1.0,1.8927586078643799,0.5858238935470581
424,120,gaussian,3,44,0.140625,0.28125,0.28125,1.0,1.126058578491211,0.3642869293689728
425,120,gaussian,3,44,0.15625,0.28125,0.3125,1.0,1.582395076751709,0.5681335926055908
426,120,gaussian,3,44,0.28125,0.3125,0.5625,1.0,1.6699879169464111,0.5940494537353516
427,120,gaussian,3,44,0.125,0.28125,0.25,1.0,0.5027905106544495,0.1797412782907486
428,120,gaussian,3,44,0.25,0.265625,0.5,1.0,8.915627479553223,3.100173234939575
429,120,gaussian,3,44,0.15625,0.265625,0.3125,1.0,1.0912433862686157,0.3603912591934204
430,120,gaussian,3,44,0.203125,0.21875,0.40625,1.0,6.604053497314453,2.1284685134887695
431,120,gaussian,3,44,0.296875,0.203125,0.59375,1.0,3.276641368865967,1.1134580373764038
432,120,gaussian,3,44,0.25,0.203125,0.5,1.0,0.9741829037666321,0.3559204936027527
433,120,gaussian,3,44,0.234375,0.171875,0.46875,1.0,3.2036447525024414,1.057142972946167
434,120,gaussian,3,44,0.234375,0.296875,0.46875,1.0,1.7093541622161865,0.580588698387146
435,120,gaussian,3,44,0.140625,0.328125,0.28125,1.0,2.60737943649292,0.8277303576469421
436,120,gaussian,3,44,0.171875,0.3125,0.34375,1.0,2.661496877670288,0.8243602514266968
437,120,gaussian,3,44,0.21875,0.109375,0.4375,1.0,3.5720553398132324,1.1772255897521973
438,120,gaussian,3,44,0.15625,0.265625,0.3125,1.0,2.146237373352051,0.664484441280365
439,120,gaussian,3,44,0.28125,0.28125,0.5625,1.0,1.953028678894043,0.7009580731391907
440,120,gaussian,3,44,0.15625,0.265625,0.3125,1.0,1.6053423881530762,0.48045358061790466
441,120,gaussian,3,44,0.171875,0.296875,0.34375,1.0,2.6600139141082764,0.8243602514266968
442,120,gaussian,3,44,0.15625,0.296875,0.3125,1.0,1.9723432064056396,0.6610430479049683
443,120,gaussian,3,44,0.1875,0.171875,0.375,1.0,2.4534547328948975,0.8085212707519531
444,120,gaussian,3,44,0.203125,0.140625,0.40625,1.0,1.0729727745056152,0.35230109095573425
445,120,gaussian,3,44,0.15625,0.3125,0.3125,1.0,1.3908584117889404,0.44987571239471436
446,120,gaussian,3,44,0.359375,0.09375,0.71875,1.0,3.369713306427002,0.958482563495636
447,120,gaussian,3,44,0.203125,0.28125,0.40625,1.0,1.1855041980743408,0.41074272990226746
448,120,gaussian,3,44,0.15625,0.296875,0.3125,1.0,1.1878715753555298,0.3513529300689697
449,120,gaussian,3,44,0.328125,0.34375,0.65625,1.0,3.206428289413452,0.9610816836357117
450,120,gaussian,3,44,0.125,0.296875,0.25,1.0,2.5189285278320312,0.8192574381828308
451,120,gaussian,3,44,0.140625,0.265625,0.28125,1.0,3.2792296409606934,1.0863207578659058
452,120,gaussian,3,44,0.171875,0.1875,0.34375,1.0,0.8937240839004517,0.27115345001220703
453,120,gaussian,3,44,0.125,0.28125,0.25,1.0,0.6208493709564209,0.22103218734264374
454,120,gaussian,3,44,0.15625,0.15625,0.3125,1.0,1.7795462608337402,0.5326981544494629
455,120,gaussian,3,44,0.140625,0.28125,0.28125,1.0,0.5026068687438965,0.1797412782907486
456,120,gaussian,3,44,0.21875,0.3125,0.4375,1.0,1.2319746017456055,0.4123956561088562
457,120,gaussian,3,44,0.203125,0.1875,0.40625,1.0,0.6718828678131104,0.23122216761112213
458,120,gaussian,3,44,0.140625,0.15625,0.28125,1.0,1.0150033235549927,0.2903383672237396
459,120,gaussian,3,44,0.1875,0.203125,0.375,1.0,0.5089882612228394,0.16093620657920837
460,120,gaussian,3,44,0.265625,0.296875,0.53125,1.0,2.047785997390747,0.6800931692123413
461,120,gaussian,3,44,0.15625,0.296875,0.3125,1.0,1.3054755926132202,0.43724924325942993
462,120,gaussian,3,44,0.171875,0.1875,0.34375,1.0,1.8902088403701782,0.5858238935470581
463,120,gaussian,3,44,0.125,0.296875,0.25,1.0,0.380847305059433,0.11595472693443298
464,120,gaussian,3,44,0.125,0.28125,0.25,1.0,1.1791377067565918,0.37062302231788635
465,120,gaussian,3,44,0.15625,0.21875,0.3125,1.0,2.8697550296783447,1.0084228515625
466,120,gaussian,3,44,0.25,0.203125,0.5,1.0,1.2090795040130615,0.46255072951316833
467,120,gaussian,3,44,0.140625,0.328125,0.28125,1.0,0.8902761340141296,0.2761552929878235
468,120,gaussian,3,44,0.140625,0.328125,0.28125,1.0,1.1606173515319824,0.34171029925346375
469,120,gaussian,3,44,0.1875,0.1875,0.375,1.0,0.8915322422981262,0.27115345001220703
470,120,gaussian,3,44,0.375,0.109375,0.75,1.0,0.806912362575531,0.22524607181549072
471,120,gaussian,3,44,0.28125,0.109375,0.5625,1.0,0.3799024224281311,0.12830401957035065
472,120,gaussian,3,44,0.28125,0.28125,0.5625,1.0,1.3128398656845093,0.4321223497390747
473,120,gaussian,3,44,0.140625,0.265625,0.28125,1.0,3.1416542530059814,1.0395821332931519
474,120,gaussian,3,44,0.34375,0.296875,0.6875,1.0,3.7207326889038086,1.15048086643219
475,120,gaussian,3,44,0.1875,0.25,0.375,1.0,1.40993332862854,0.4831470549106598
476,120,gaussian,3,44,0.28125,0.203125,0.5625,1.0,3.270507335662842,1.1134580373764038
477,120,gaussian,3,44,0.15625,0.265625,0.3125,1.0,6.948583602905273,2.3933794498443604
478,120,gaussian,3,44,0.390625,0.3125,0.78125,1.0,3.4818124771118164,1.0611554384231567
479,120,gaussian,3,44,0.28125,0.265625,0.5625,1.0,2.89260196685791,0.9715073108673096
480,120,gaussian,3,44,0.234375,0.265625,0.46875,1.0,0.38146042823791504,0.12795434892177582
481,120,gaussian,3,44,0.296875,0.265625,0.59375,1.0,2.892347812652588,0.9715073108673096
482,120,gaussian,3,44,0.15625,0.265625,0.3125,1.0,1.6067743301391602,0.48045358061790466
483,120,gaussian,3,44,0.171875,0.203125,0.34375,1.0,1.8925552368164062,0.5858239531517029
484,120,gaussian,3,44,0.140625,0.296875,0.28125,1.0,1.7888685464859009,0.5843824148178101
485,120,gaussian,3,44,0.140625,0.28125,0.28125,1.0,2.137613534927368,0.664484441280365
486,120,gaussian,3,44,0.34375,0.296875,0.6875,1.0,0.8950185179710388,0.2778869569301605
487,120,gaussian,3,44,0.109375,0.28125,0.21875,1.0,1.110863447189331,0.35109952092170715
488,120,gaussian,3,44,0.171875,0.28125,0.34375,1.0,2.73221492767334,0.8786799311637878
489,120,gaussian,3,44,0.125,0.28125,0.25,1.0,1.0929845571517944,0.34890034794807434
490,120,gaussian,3,44,0.125,0.296875,0.25,1.0,0.7162269353866577,0.23184029757976532
491,120,gaussian,3,44,0.234375,0.296875,0.46875,1.0,1.9563798904418945,0.6536042094230652
492,120,gaussian,3,44,0.140625,0.296875,0.28125,1.0,0.7342602014541626,0.2531262934207916
493,120,gaussian,3,44,0.328125,0.3125,0.65625,1.0,2.631237506866455,0.9035865664482117
494,120,gaussian,3,44,0.15625,0.28125,0.3125,1.0,1.3572901487350464,0.43861255049705505
495,120,gaussian,3,44,0.28125,0.296875,0.5625,1.0,1.8925775289535522,0.5981844067573547
496,120,gaussian,3,44,0.171875,0.3125,0.34375,1.0,1.5894076824188232,0.5600876808166504
497,120,gaussian,3,44,0.25,0.296875,0.5,1.0,0.38913625478744507,0.13670700788497925
498,120,gaussian,3,44,0.375,0.078125,0.75,1.0,3.190516948699951,0.8790019750595093
499,120,gaussian,3,44,0.234375,0.1875,0.46875,1.0,0.9755947589874268,0.3559204936027527
500,120,gaussian,3,44,0.125,0.28125,0.25,1.0,3.2691428661346436,1.0863207578659058
501,120,gaussian,3,44,0.25,0.234375,0.5,1.0,3.4498701095581055,1.1829627752304077
502,120,gaussian,3,44,0.203125,0.203125,0.40625,1.0,0.8715689182281494,0.28011971712112427
503,120,gaussian,3,44,0.265625,0.296875,0.53125,1.0,2.1366076469421387,0.7290163636207581
504,120,gaussian,3,44,0.25,0.234375,0.5,1.0,1.0618149042129517,0.3638835549354553
505,120,gaussian,3,44,0.109375,0.09375,0.21875,1.0,1.3501496315002441,0.3568437993526459
506,120,gaussian,3,44,0.171875,0.1875,0.34375,1.0,1.8929489850997925,0.5858238935470581
507,120,gaussian,3,44,0.15625,0.34375,0.3125,1.0,1.2829148769378662,0.3820546269416809
508,120,gaussian,3,44,0.296875,0.3125,0.59375,1.0,1.1051025390625,0.3793627917766571
509,120,gaussian,3,44,0.140625,0.328125,0.28125,1.0,1.8431681394577026,0.6457422375679016
510,120,gaussian,3,44,0.140625,0.296875,0.28125,1.0,0.9947160482406616,0.3311174809932709
511,120,gaussian,3,44,0.125,0.296875,0.25,1.0,1.117640733718872,0.35109952092170715
512,120,gaussian,3,44,0.140625,0.28125,0.28125,1.0,0.5049405097961426,0.1797412782907486
513,120,gaussian,3,44,0.359375,0.296875,0.71875,1.0,4.420890808105469,1.49518883228302
514,120,gaussian,3,44,0.1875,0.234375,0.375,1.0,2.635355234146118,0.8517206311225891
515,120,gaussian,3,44,0.140625,0.328125,0.28125,1.0,2.083878517150879,0.7230730056762695
516,120,gaussian,3,44,0.171875,0.1875,0.34375,1.0,4.685824394226074,1.526188611984253
517,120,gaussian,3,44,0.125,0.25,0.25,1.0,0.7922810316085815,0.24044150114059448
518,120,gaussian,3,44,0.140625,0.125,0.28125,1.0,1.5410922765731812,0.45158135890960693
519,120,gaussian,3,44,0.234375,0.28125,0.46875,1.0,2.5846304893493652,0.9174677729606628
520,120,gaussian,3,44,0.125,0.28125,0.25,1.0,2.771799087524414,0.9126384854316711
521,120,gaussian,3,44,0.28125,0.171875,0.5625,1.0,0.672258198261261,0.2169201672077179
522,120,gaussian,3,44,0.171875,0.28125,0.34375,1.0,1.8205702304840088,0.6038284301757812
523,120,gaussian,3,44,0.140625,0.3125,0.28125,1.0,0.899530291557312,0.2970355153083801
524,120,gaussian,3,44,0.125,0.3125,0.25,1.0,1.106229543685913,0.3834627568721771
525,120,gaussian,3,44,0.265625,0.28125,0.53125,1.0,6.525639533996582,2.1592390537261963
526,120,gaussian,3,44,0.203125,0.265625,0.40625,1.0,2.917074680328369,1.0034650564193726
527,120,gaussian,3,44,0.15625,0.265625,0.3125,1.0,4.548430919647217,1.6807516813278198
528,120,gaussian,3,44,0.25,0.25,0.5,1.0,1.2651747465133667,0.44337013363838196
529,120,gaussian,3,44,0.34375,0.1875,0.6875,1.0,3.3542163372039795,1.038974404335022
530,120,gaussian,3,44,0.25,0.265625,0.5,1.0,5.129218101501465,1.7545218467712402
531,120,gaussian,3,44,0.34375,0.125,0.6875,1.0,1.8519818782806396,0.6374068260192871
532,120,gaussian,3,44,0.171875,0.28125,0.34375,1.0,6.256373405456543,2.1230099201202393
533,120,gaussian,3,44,0.265625,0.296875,0.53125,1.0,2.081111431121826,0.7215080261230469
534,120,gaussian,3,44,0.21875,0.203125,0.4375,1.0,1.6614612340927124,0.5265775918960571
535,120,gaussian,3,44,0.125,0.28125,0.25,1.0,2.821045398712158,0.9339835047721863
536,120,gaussian,3,44,0.15625,0.28125,0.3125,1.0,2.406186580657959,0.8163209557533264
537,120,gaussian,3,44,0.15625,0.296875,0.3125,1.0,1.284038782119751,0.4271469712257385
538,120,gaussian,3,44,0.140625,0.296875,0.28125,1.0,1.7226372957229614,0.6209012866020203
539,120,gaussian,3,44,0.140625,0.296875,0.28125,1.0,1.3687498569488525,0.4910022020339966
540,120,gaussian,3,44,0.140625,0.28125,0.28125,1.0,2.4245643615722656,0.8163209557533264
541,120,gaussian,3,44,0.21875,0.28125,0.4375,1.0,0.5606399774551392,0.1986137181520462
542,120,gaussian,3,44,0.328125,0.125,0.65625,1.0,6.5347723960876465,1.9876296520233154
543,120,gaussian,3,44,0.375,0.3125,0.75,1.0,3.6829757690429688,1.2734575271606445
544,120,gaussian,3,44,0.140625,0.28125,0.28125,1.0,1.922055721282959,0.6334043145179749
545,120,gaussian,3,44,0.171875,0.1875,0.34375,1.0,1.3774086236953735,0.4350554049015045
546,120,gaussian,3,44,0.15625,0.328125,0.3125,1.0,0.44758495688438416,0.15799151360988617
547,120,gaussian,3,44,0.375,0.3125,0.75,1.0,0.9975690245628357,0.28227680921554565
548,120,gaussian,3,44,0.375,0.296875,0.75,1.0,4.4134745597839355,1.49518883228302
549,120,gaussian,3,44,0.140625,0.140625,0.28125,1.0,1.6409026384353638,0.4903971254825592
550,120,gaussian,3,44,0.203125,0.28125,0.40625,1.0,3.2096362113952637,1.103363037109375
551,120,gaussian,3,44,0.34375,0.328125,0.6875,1.0,1.1663200855255127,0.4179263710975647
552,120,gaussian,3,44,0.171875,0.296875,0.34375,1.0,1.1102581024169922,0.37269607186317444
553,120,gaussian,3,44,0.1875,0.265625,0.375,1.0,1.9436602592468262,0.6195946931838989
554,120,gaussian,3,44,0.234375,0.296875,0.46875,1.0,2.222231388092041,0.7924454212188721
555,120,gaussian,3,44,0.296875,0.296875,0.59375,1.0,1.8882920742034912,0.5981844663619995
556,120,gaussian,3,44,0.171875,0.234375,0.34375,1.0,1.724347710609436,0.5617276430130005
557,120,gaussian,3,44,0.1875,0.28125,0.375,1.0,1.9115726947784424,0.6667227149009705
558,120,gaussian,3,44,0.3125,0.3125,0.625,1.0,1.7478082180023193,0.5684443712234497
559,120,gaussian,3,44,0.140625,0.296875,0.28125,1.0,2.6938271522521973,0.8147039413452148
560,120,gaussian,3,44,0.21875,0.28125,0.4375,1.0,2.58211088180542,0.9174677729606628
561,120,gaussian,3,44,0.140625,0.140625,0.28125,1.0,0.6498607397079468,0.18908612430095673
562,120,gaussian,3,44,0.140625,0.28125,0.28125,1.0,0.5061092972755432,0.1797412633895874
563,120,gaussian,3,44,0.28125,0.21875,0.5625,1.0,2.4483790397644043,0.8268193006515503
564,120,gaussian,3,44,0.34375,0.296875,0.6875,1.0,1.9743443727493286,0.7020685076713562
565,120,gaussian,3,44,0.15625,0.140625,0.3125,1.0,1.0218753814697266,0.3269847333431244
566,120,gaussian,3,44,0.109375,0.28125,0.21875,1.0,0.9574402570724487,0.3008495271205902
567,120,gaussian,3,44,0.171875,0.1875,0.34375,1.0,1.377223253250122,0.4350554049015045
568,120,gaussian,3,44,0.1875,0.234375,0.375,1.0,2.635690689086914,0.8517206311225891
569,120,gaussian,3,44,0.125,0.25,0.25,1.0,4.34055233001709,1.3277976512908936
570,120,gaussian,3,44,0.15625,0.140625,0.3125,1.0,1.006889820098877,0.301785409450531
571,120,gaussian,3,44,0.125,0.296875,0.25,1.0,2.229628086090088,0.6993544101715088
572,120,gaussian,3,44,0.109375,0.3125,0.21875,1.0,0.4181865453720093,0.1463245302438736
573,120,gaussian,3,44,0.171875,0.171875,0.34375,1.0,1.1569896936416626,0.346228688955307
574,120,gaussian,3,44,0.140625,0.296875,0.28125,1.0,1.9331386089324951,0.6334043145179749
575,120,gaussian,3,44,0.28125,0.09375,0.5625,1.0,0.3847458064556122,0.12830401957035065
576,120,gaussian,3,44,0.25,0.234375,0.5,1.0,5.695964813232422,2.0140182971954346
577,120,gaussian,3,44,0.28125,0.28125,0.5625,1.0,1.0731059312820435,0.3597373366355896
578,120,gaussian,3,44,0.140625,0.3125,0.28125,1.0,2.414668321609497,0.7364474534988403
579,120,gaussian,3,44,0.125,0.296875,0.25,1.0,2.122283697128296,0.7480224370956421
580,120,gaussian,3,44,0.140625,0.296875,0.28125,1.0,1.2187234163284302,0.4424881339073181
581,120,gaussian,3,44,0.125,0.296875,0.25,1.0,0.5266492366790771,0.17235849797725677
582,120,gaussian,3,44,0.3125,0.28125,0.625,1.0,2.045464038848877,0.6990538239479065
583,120,gaussian,3,44,0.265625,0.296875,0.53125,1.0,1.4181443452835083,0.5082194805145264
584,120,gaussian,3,44,0.125,0.28125,0.25,1.0,0.6580942273139954,0.19470098614692688
585,120,gaussian,3,44,0.21875,0.3125,0.4375,1.0,2.264993190765381,0.7725185751914978
586,120,gaussian,3,44,0.265625,0.3125,0.53125,1.0,1.2061591148376465,0.39991098642349243
587,120,gaussian,3,44,0.1875,0.28125,0.375,1.0,1.9125186204910278,0.6667227149009705
588,120,gaussian,3,44,0.1875,0.234375,0.375,1.0,2.758993625640869,0.9391176104545593
589,120,gaussian,3,44,0.125,0.296875,0.25,1.0,2.327767848968506,0.7928650379180908
590,120,gaussian,3,44,0.25,0.296875,0.5,1.0,1.5180761814117432,0.5030769109725952
591,120,gaussian,3,44,0.3125,0.3125,0.625,1.0,6.575289249420166,2.265450954437256
592,120,gaussian,3,44,0.203125,0.265625,0.40625,1.0,2.9183294773101807,1.0034650564193726
593,120,gaussian,3,44,0.265625,0.234375,0.53125,1.0,1.3932451009750366,0.48892122507095337
594,120,gaussian,3,44,0.15625,0.3125,0.3125,1.0,0.8976168632507324,0.29703548550605774
595,120,gaussian,3,44,0.296875,0.296875,0.59375,1.0,1.8897414207458496,0.5981844067573547
596,120,gaussian,3,44,0.171875,0.265625,0.34375,1.0,1.9877686500549316,0.6338199377059937
597,120,gaussian,3,44,0.25,0.234375,0.5,1.0,1.4893028736114502,0.5302826762199402
598,120,gaussian,3,44,0.15625,0.296875,0.3125,1.0,2.8306002616882324,0.9650029540061951
599,120,gaussian,3,44,0.234375,0.234375,0.46875,1.0,2.1084303855895996,0.6737768650054932
600,120,gaussian,3,44,0.265625,0.171875,0.53125,1.0,3.776674747467041,1.2809631824493408
601,120,gaussian,3,44,0.375,0.265625,0.75,1.0,0.28966471552848816,0.10301131755113602
602,120,gaussian,3,44,0.3125,0.171875,0.625,1.0,0.5456710457801819,0.19737295806407928
603,120,gaussian,3,44,0.171875,0.265625,0.34375,1.0,1.7862772941589355,0.5745750665664673
604,120,gaussian,3,44,0.125,0.28125,0.25,1.0,1.092239260673523,0.34890034794807434
605,120,gaussian,3,44,0.234375,0.265625,0.46875,1.0,4.807286262512207,1.6736509799957275
606,120,gaussian,3,44,0.203125,0.203125,0.40625,1.0,0.8714183568954468,0.28011971712112427
607,120,gaussian,3,44,0.28125,0.3125,0.5625,1.0,0.6768883466720581,0.2243434190750122
608,120,gaussian,3,44,0.328125,0.171875,0.65625,1.0,1.3515679836273193,0.4147160053253174
609,120,gaussian,3,44,0.25,0.234375,0.5,1.0,0.8941472172737122,0.3026740550994873
610,120,gaussian,3,44,0.109375,0.28125,0.21875,1.0,0.6555285453796387,0.19470098614692688
611,120,gaussian,3,44,0.1875,0.234375,0.375,1.0,2.7639002799987793,0.9391176104545593
612,120,gaussian,3,44,0.25,0.25,0.5,1.0,0.7636521458625793,0.2704956531524658
613,120,gaussian,3,44,0.171875,0.171875,0.34375,1.0,2.3513870239257812,0.7301413416862488
614,120,gaussian,3,44,0.140625,0.28125,0.28125,1.0,3.082704544067383,0.9788246154785156
615,120,gaussian,3,44,0.140625,0.3125,0.28125,1.0,0.7357873320579529,0.2531262934207916
616,120,gaussian,3,44,0.171875,0.15625,0.34375,1.0,1.1663364171981812,0.36617934703826904
617,120,gaussian,3,44,0.25,0.296875,0.5,1.0,2.133449077606201,0.728180468082428
618,120,gaussian,3,44,0.3125,0.203125,0.625,1.0,4.167543411254883,1.269051194190979
619,120,gaussian,3,44,0.140625,0.125,0.28125,1.0,0.6487562656402588,0.18908612430095673
620,120,gaussian,3,44,0.1875,0.3125,0.375,1.0,8.31452465057373,2.789849281311035
621,120,gaussian,3,44,0.140625,0.28125,0.28125,1.0,0.5146263837814331,0.15276166796684265
622,120,gaussian,3,44,0.1875,0.28125,0.375,1.0,1.9462107419967651,0.6195946931838989
623,120,gaussian,3,44,0.140625,0.296875,0.28125,1.0,2.693446159362793,0.8147039413452148
624,120,gaussian,3,44,0.1875,0.3125,0.375,1.0,2.657565116882324,0.8243602514266968
625,120,gaussian,3,44,0.21875,0.203125,0.4375,1.0,1.6682488918304443,0.5265775918960571
626,120,gaussian,3,44,0.171875,0.296875,0.34375,1.0,0.7888776063919067,0.26664477586746216
627,120,gaussian,3,44,0.203125,0.1875,0.40625,1.0,0.5062919855117798,0.16093622148036957
628,120,gaussian,3,44,0.328125,0.25,0.65625,1.0,1.4939987659454346,0.5063760876655579
629,120,gaussian,3,44,0.390625,0.078125,0.78125,1.0,3.191631317138672,0.8790019750595093
630,120,gaussian,3,44,0.25,0.21875,0.5,1.0,1.707298994064331,0.5839370489120483
631,120,gaussian,3,44,0.234375,0.296875,0.46875,1.0,1.9584987163543701,0.6536042094230652
632,120,gaussian,3,44,0.171875,0.328125,0.34375,1.0,4.284847259521484,1.2976528406143188
633,120,gaussian,3,44,0.109375,0.28125,0.21875,1.0,1.5201530456542969,0.4818313419818878
634,120,gaussian,3,44,0.25,0.234375,0.5,1.0,0.9109207987785339,0.30761444568634033
635,120,gaussian,3,44,0.25,0.265625,0.5,1.0,1.5846309661865234,0.5930553674697876
636,120,gaussian,3,44,0.25,0.234375,0.5,1.0,0.9085144400596619,0.30761444568634033
637,120,gaussian,3,44,0.15625,0.265625,0.3125,1.0,2.741919755935669,0.8786799311637878
638,120,gaussian,3,44,0.140625,0.265625,0.28125,1.0,2.160618305206299,0.734968364238739
639,120,gaussian,3,44,0.140625,0.3125,0.28125,1.0,1.8492591381072998,0.6457422375679016
640,120,gaussian,3,44,0.140625,0.3125,0.28125,1.0,2.1047182083129883,0.6758586168289185
641,120,gaussian,3,44,0.25,0.296875,0.5,1.0,2.045029640197754,0.6800931692123413
642,120,gaussian,3,44,0.171875,0.3125,0.34375,1.0,2.8222246170043945,0.8633221387863159
643,120,gaussian,3,44,0.203125,0.28125,0.40625,1.0,0.8652521371841431,0.3161312937736511
644,120,gaussian,3,44,0.265625,0.296875,0.53125,1.0,1.1845107078552246,0.42940443754196167
645,120,gaussian,3,44,0.171875,0.28125,0.34375,1.0,1.4945762157440186,0.5059489011764526
646,120,gaussian,3,44,0.171875,0.203125,0.34375,1.0,1.8903651237487793,0.5858238935470581
647,120,gaussian,3,44,0.296875,0.328125,0.59375,1.0,1.7470147609710693,0.5684443712234497
648,120,gaussian,3,44,0.25,0.234375,0.5,1.0,3.4512298107147217,1.1829627752304077
649,120,gaussian,3,44,0.15625,0.21875,0.3125,1.0,5.637167930603027,1.7496222257614136
650,120,gaussian,3,44,0.359375,0.328125,0.71875,1.0,3.9246206283569336,1.2130281925201416
651,120,gaussian,3,44,0.328125,0.21875,0.65625,1.0,2.243194103240967,0.8380820155143738
652,120,gaussian,3,44,0.40625,0.3125,0.8125,1.0,3.4656710624694824,1.0611554384231567
653,120,gaussian,3,44,0.15625,0.21875,0.3125,1.0,2.8593287467956543,1.0084228515625
654,120,gaussian,3,44,0.265625,0.265625,0.53125,1.0,1.073655605316162,0.3597373366355896
655,120,gaussian,3,44,0.1875,0.234375,0.375,1.0,2.773829936981201,0.9391176104545593
656,120,gaussian,3,44,0.171875,0.25,0.34375,1.0,1.6197601556777954,0.5454009771347046
657,120,gaussian,3,44,0.28125,0.3125,0.5625,1.0,2.6973109245300293,0.9021825194358826
658,120,gaussian,3,44,0.140625,0.125,0.28125,1.0,0.49495112895965576,0.14200685918331146
659,120,gaussian,3,44,0.171875,0.28125,0.34375,1.0,5.359675407409668,1.751750111579895
660,120,gaussian,3,44,0.375,0.28125,0.75,1.0,2.806748867034912,0.8206217885017395
661,120,gaussian,3,44,0.15625,0.296875,0.3125,1.0,2.8354849815368652,0.9650029540061951
662,120,gaussian,3,44,0.15625,0.15625,0.3125,1.0,1.7738008499145508,0.5326981544494629
663,120,gaussian,3,44,0.25,0.21875,0.5,1.0,0.6580973267555237,0.23269623517990112
664,120,gaussian,3,44,0.234375,0.171875,0.46875,1.0,3.2039170265197754,1.0571430921554565
665,120,gaussian,3,44,0.140625,0.296875,0.28125,1.0,0.9616533517837524,0.2980898916721344
666,120,gaussian,3,44,0.109375,0.28125,0.21875,1.0,0.9719047546386719,0.3003983199596405
667,120,gaussian,3,44,0.359375,0.3125,0.71875,1.0,3.6814818382263184,1.2734575271606445
668,120,gaussian,3,44,0.1875,0.234375,0.375,1.0,1.727464199066162,0.5617275834083557
669,120,gaussian,3,44,0.203125,0.21875,0.40625,1.0,0.8766840100288391,0.2801196873188019
670,120,gaussian,3,44,0.28125,0.21875,0.5625,1.0,3.09055233001709,1.0348923206329346
671,120,gaussian,3,44,0.140625,0.28125,0.28125,1.0,1.0842251777648926,0.34890034794807434
672,120,gaussian,3,44,0.234375,0.265625,0.46875,1.0,7.6141676902771,2.7399747371673584
673,120,gaussian,3,44,0.3125,0.171875,0.625,1.0,0.628542959690094,0.21539020538330078
674,120,gaussian,3,44,0.203125,0.28125,0.40625,1.0,3.2071783542633057,1.103363037109375
675,120,gaussian,3,44,0.25,0.203125,0.5,1.0,6.140128135681152,2.118906021118164
676,120,gaussian,3,44,0.296875,0.3125,0.59375,1.0,2.690119981765747,0.9021825790405273
677,120,gaussian,3,44,0.15625,0.265625,0.3125,1.0,2.735085964202881,0.8786799311637878
678,120,gaussian,3,44,0.359375,0.3125,0.71875,1.0,3.686849594116211,1.2734575271606445
679,120,gaussian,3,44,0.125,0.3125,0.25,1.0,0.8068324327468872,0.2570779621601105
680,120,gaussian,3,44,0.15625,0.15625,0.3125,1.0,1.0211528539657593,0.3269847333431244
681,120,gaussian,3,44,0.15625,0.28125,0.3125,1.0,1.9569141864776611,0.657737135887146
682,120,gaussian,3,44,0.140625,0.296875,0.28125,1.0,1.2142837047576904,0.4424881339073181
683,120,gaussian,3,44,0.109375,0.28125,0.21875,1.0,1.0550134181976318,0.3352883756160736
684,120,gaussian,3,44,0.25,0.25,0.5,1.0,3.5328385829925537,1.2617510557174683
685,120,gaussian,3,44,0.328125,0.25,0.65625,1.0,1.4919724464416504,0.5063760876655579
686,120,gaussian,3,44,0.140625,0.28125,0.28125,1.0,1.108494758605957,0.34761306643486023
687,120,gaussian,3,44,0.140625,0.28125,0.28125,1.0,0.8518834114074707,0.2819162905216217
688,120,gaussian,3,44,0.171875,0.296875,0.34375,1.0,0.7420769929885864,0.2504967451095581
689,120,gaussian,3,44,0.140625,0.296875,0.28125,1.0,1.7850865125656128,0.5843824148178101
690,120,gaussian,3,44,0.28125,0.296875,0.5625,1.0,5.005788803100586,1.6592538356781006
691,120,gaussian,3,44,0.109375,0.3125,0.21875,1.0,1.1137995719909668,0.3834627568721771
692,120,gaussian,3,44,0.25,0.25,0.5,1.0,0.7636291980743408,0.2704956531524658
693,120,gaussian,3,44,0.21875,0.171875,0.4375,1.0,3.1969985961914062,1.057142972946167
694,120,gaussian,3,44,0.203125,0.203125,0.40625,1.0,0.8760976791381836,0.2801196873188019
695,120,gaussian,3,44,0.1875,0.296875,0.375,1.0,1.9161323308944702,0.6093341708183289
696,120,gaussian,3,44,0.15625,0.328125,0.3125,1.0,1.2744431495666504,0.3820545971393585
697,120,gaussian,3,44,0.171875,0.1875,0.34375,1.0,1.3684024810791016,0.4350554049015045
698,120,gaussian,3,44,0.171875,0.28125,0.34375,1.0,2.704707145690918,0.9245169162750244
699,120,gaussian,3,44,0.296875,0.21875,0.59375,1.0,2.218214511871338,0.7021687030792236
700,120,gaussian,3,44,0.171875,0.140625,0.34375,1.0,1.8713164329528809,0.5500472784042358
701,120,gaussian,3,44,0.265625,0.3125,0.53125,1.0,1.2062408924102783,0.39991098642349243
702,120,gaussian,3,44,0.265625,0.265625,0.53125,1.0,4.5885515213012695,1.6278573274612427
703,120,gaussian,3,44,0.140625,0.296875,0.28125,1.0,0.7033301591873169,0.21904022991657257
704,120,gaussian,3,44,0.3125,0.203125,0.625,1.0,4.158134460449219,1.269051194190979
705,120,gaussian,3,44,0.328125,0.296875,0.65625,1.0,0.8888293504714966,0.2778869569301605
706,120,gaussian,3,44,0.125,0.3125,0.25,1.0,0.7513958215713501,0.237728089094162
707,120,gaussian,3,44,0.171875,0.28125,0.34375,1.0,0.8589731454849243,0.2837355136871338
708,120,gaussian,3,44,0.1875,0.21875,0.375,1.0,2.196180582046509,0.6851749420166016
709,120,gaussian,3,44,0.359375,0.296875,0.71875,1.0,4.439205646514893,1.49518883228302
710,120,gaussian,3,44,0.21875,0.21875,0.4375,1.0,1.3010661602020264,0.4442049562931061
711,120,gaussian,3,44,0.1875,0.203125,0.375,1.0,0.4381382465362549,0.1364739090204239
712,120,gaussian,3,44,0.296875,0.328125,0.59375,1.0,1.1082792282104492,0.3793628215789795
713,120,gaussian,3,44,0.15625,0.296875,0.3125,1.0,0.8974129557609558,0.2970355153083801
714,120,gaussian,3,44,0.171875,0.265625,0.34375,1.0,1.6231786012649536,0.5454009771347046
715,120,gaussian,3,44,0.171875,0.203125,0.34375,1.0,3.0868279933929443,0.9832899570465088
716,120,gaussian,3,44,0.234375,0.25,0.46875,1.0,7.6220574378967285,2.7399747371673584
717,120,gaussian,3,44,0.34375,0.296875,0.6875,1.0,1.9733686447143555,0.7020685076713562
718,120,gaussian,3,44,0.203125,0.203125,0.40625,1.0,4.166900634765625,1.4554390907287598
719,120,gaussian,3,44,0.390625,0.3125,0.78125,1.0,3.500944137573242,1.0611554384231567
720,120,gaussian,3,44,0.359375,0.109375,0.71875,1.0,3.3820455074310303,1.0112320184707642
721,120,gaussian,3,44,0.125,0.296875,0.25,1.0,0.38147419691085815,0.11595472693443298
722,120,gaussian,3,44,0.296875,0.296875,0.59375,1.0,3.423790216445923,1.109535813331604
723,120,gaussian,3,44,0.234375,0.28125,0.46875,1.0,2.5858426094055176,0.9174677729606628
724,120,gaussian,3,44,0.296875,0.203125,0.59375,1.0,1.1343235969543457,0.38947778940200806
725,120,gaussian,3,44,0.125,0.28125,0.25,1.0,1.0954757928848267,0.34890034794807434
726,120,gaussian,3,44,0.34375,0.1875,0.6875,1.0,1.154130458831787,0.3430839776992798
727,120,gaussian,3,44,0.25,0.140625,0.5,1.0,0.9842172265052795,0.3269091844558716
728,120,gaussian,3,44,0.1875,0.328125,0.375,1.0,3.6762516498565674,1.234879970550537
729,120,gaussian,3,44,0.15625,0.15625,0.3125,1.0,3.767596483230591,1.1032991409301758
730,120,gaussian,3,44,0.328125,0.140625,0.65625,1.0,2.330944538116455,0.748830258846283
731,120,gaussian,3,44,0.1875,0.21875,0.375,1.0,1.8295984268188477,0.6055760979652405
732,120,gaussian,3,44,0.375,0.125,0.75,1.0,0.4937744438648224,0.13886936008930206
733,120,gaussian,3,44,0.328125,0.125,0.65625,1.0,1.8497428894042969,0.6374068260192871
734,120,gaussian,3,44,0.359375,0.125,0.71875,1.0,0.4942610263824463,0.13886936008930206
735,120,gaussian,3,44,0.109375,0.3125,0.21875,1.0,1.3630658388137817,0.4763934910297394
736,120,gaussian,3,44,0.140625,0.328125,0.28125,1.0,2.431915760040283,0.7364474534988403
737,120,gaussian,3,44,0.171875,0.28125,0.34375,1.0,0.8572099804878235,0.2837355136871338
738,120,gaussian,3,44,0.15625,0.25,0.3125,1.0,2.0792152881622314,0.7147092223167419
739,120,gaussian,3,44,0.375,0.3125,0.75,1.0,3.8885679244995117,1.2130281925201416
740,120,gaussian,3,44,0.125,0.296875,0.25,1.0,0.8013734817504883,0.27085140347480774
741,120,gaussian,3,44,0.234375,0.171875,0.46875,1.0,3.214261531829834,1.057142972946167
742,120,gaussian,3,44,0.171875,0.28125,0.34375,1.0,1.4943382740020752,0.5059489011764526
743,120,gaussian,3,44,0.109375,0.09375,0.21875,1.0,4.390185356140137,1.2944576740264893
744,120,gaussian,3,44,0.34375,0.171875,0.6875,1.0,2.514803409576416,0.7336267232894897
745,120,gaussian,3,44,0.203125,0.3125,0.40625,1.0,3.241865634918213,1.0095770359039307
746,120,gaussian,3,44,0.125,0.296875,0.25,1.0,1.3707690238952637,0.4910022020339966
747,120,gaussian,3,44,0.203125,0.21875,0.40625,1.0,1.7168676853179932,0.547264039516449
748,120,gaussian,3,44,0.125,0.28125,0.25,1.0,2.779352903366089,0.9126384258270264
749,120,gaussian,3,44,0.125,0.296875,0.25,1.0,1.3342511653900146,0.4569246172904968
750,120,gaussian,3,44,0.328125,0.171875,0.65625,1.0,2.5034611225128174,0.7336267232894897
751,120,gaussian,3,44,0.25,0.234375,0.5,1.0,1.2679920196533203,0.44965362548828125
752,120,gaussian,3,44,0.15625,0.328125,0.3125,1.0,0.4477120339870453,0.15799151360988617
753,120,gaussian,3,44,0.34375,0.3125,0.6875,1.0,3.2628207206726074,0.9643943905830383
754,120,gaussian,3,44,0.15625,0.140625,0.3125,1.0,1.8846802711486816,0.5500472784042358
755,120,gaussian,3,44,0.25,0.28125,0.5,1.0,1.2447497844696045,0.44280362129211426
756,120,gaussian,3,44,0.234375,0.109375,0.46875,1.0,1.165437936782837,0.38014301657676697
757,120,gaussian,3,44,0.15625,0.28125,0.3125,1.0,1.3898484706878662,0.44894513487815857
758,120,gaussian,3,44,0.171875,0.28125,0.34375,1.0,6.242532730102539,2.1230101585388184
759,120,gaussian,3,44,0.296875,0.21875,0.59375,1.0,1.974294662475586,0.6458542346954346
760,120,gaussian,3,44,0.109375,0.3125,0.21875,1.0,1.1075667142868042,0.3834627568721771
761,120,gaussian,3,44,0.15625,0.296875,0.3125,1.0,1.3842480182647705,0.44987568259239197
762,120,gaussian,3,44,0.15625,0.28125,0.3125,1.0,6.238221645355225,2.1230101585388184
763,120,gaussian,3,44,0.171875,0.328125,0.34375,1.0,4.285915374755859,1.2976529598236084
764,120,gaussian,3,44,0.25,0.25,0.5,1.0,0.7637991309165955,0.2704956531524658
765,120,gaussian,3,44,0.3125,0.34375,0.625,1.0,3.2430026531219482,1.0362168550491333
766,120,gaussian,3,44,0.265625,0.296875,0.53125,1.0,2.077822208404541,0.7215080261230469
767,120,gaussian,3,44,0.203125,0.328125,0.40625,1.0,1.30905020236969,0.3991532325744629
768,120,gaussian,3,44,0.3125,0.203125,0.625,1.0,0.8380886316299438,0.2570340931415558
769,120,gaussian,3,44,0.125,0.296875,0.25,1.0,2.4977755546569824,0.8192574381828308
770,120,gaussian,3,44,0.125,0.3125,0.25,1.0,0.7545084953308105,0.237728089094162
771,120,gaussian,3,44,0.28125,0.296875,0.5625,1.0,3.8935768604278564,1.3179529905319214
772,120,gaussian,3,44,0.359375,0.28125,0.71875,1.0,4.436051368713379,1.4951889514923096
773,120,gaussian,3,44,0.28125,0.296875,0.5625,1.0,1.893385410308838,0.5981844663619995
774,120,gaussian,3,44,0.328125,0.203125,0.65625,1.0,0.833513617515564,0.2570340931415558
775,120,gaussian,3,44,0.21875,0.203125,0.4375,1.0,10.658281326293945,3.6407101154327393
776,120,gaussian,3,44,0.203125,0.171875,0.40625,1.0,1.6204147338867188,0.533977210521698
777,120,gaussian,3,44,0.125,0.28125,0.25,1.0,2.7691547870635986,0.9126384258270264
778,120,gaussian,3,44,0.1875,0.203125,0.375,1.0,2.280697822570801,0.698706328868866
779,120,gaussian,3,44,0.125,0.28125,0.25,1.0,1.6889492273330688,0.5663853287696838
780,120,gaussian,3,44,0.15625,0.28125,0.3125,1.0,1.7545801401138306,0.5635548233985901
781,120,gaussian,3,44,0.25,0.234375,0.5,1.0,5.824933052062988,2.061367988586426
782,120,gaussian,3,44,0.109375,0.28125,0.21875,1.0,0.7358400821685791,0.25127193331718445
783,120,gaussian,3,44,0.140625,0.265625,0.28125,1.0,3.142184257507324,1.0395821332931519
784,120,gaussian,3,44,0.140625,0.28125,0.28125,1.0,1.9447261095046997,0.6577370762825012
785,120,gaussian,3,44,0.3125,0.328125,0.625,1.0,3.0306897163391113,1.0100617408752441
786,120,gaussian,3,44,0.25,0.234375,0.5,1.0,0.9107431173324585,0.3076144754886627
787,120,gaussian,3,44,0.25,0.203125,0.5,1.0,6.127269744873047,2.118906021118164
788,120,gaussian,3,44,0.171875,0.15625,0.34375,1.0,1.1702665090560913,0.36617934703826904
789,120,gaussian,3,44,0.15625,0.140625,0.3125,1.0,2.385842800140381,0.7681828737258911
790,120,gaussian,3,44,0.125,0.296875,0.25,1.0,0.38100600242614746,0.11595473438501358
791,120,gaussian,3,44,0.15625,0.265625,0.3125,1.0,1.7767504453659058,0.5391489267349243
792,120,gaussian,3,44,0.140625,0.265625,0.28125,1.0,1.146219253540039,0.3700445890426636
793,120,gaussian,3,44,0.25,0.296875,0.5,1.0,0.9545101523399353,0.31894534826278687
794,120,gaussian,3,44,0.296875,0.234375,0.59375,1.0,3.3826560974121094,1.0768266916275024
795,120,gaussian,3,44,0.265625,0.28125,0.53125,1.0,7.9226579666137695,2.857163429260254
796,120,gaussian,3,44,0.1875,0.265625,0.375,1.0,1.1944867372512817,0.4197874069213867
797,120,gaussian,3,44,0.140625,0.265625,0.28125,1.0,1.0422170162200928,0.3582276403903961
798,120,gaussian,3,44,0.1875,0.265625,0.375,1.0,1.946818232536316,0.6195946931838989
799,120,gaussian,3,44,0.1875,0.28125,0.375,1.0,1.2751860618591309,0.40043607354164124
800,120,gaussian,3,44,0.140625,0.296875,0.28125,1.0,1.3688385486602783,0.4910022020339966
801,120,gaussian,3,44,0.359375,0.234375,0.71875,1.0,1.808354377746582,0.6518515348434448
802,120,gaussian,3,44,0.1875,0.3125,0.375,1.0,1.924985408782959,0.6093341708183289
803,120,gaussian,3,44,0.15625,0.28125,0.3125,1.0,1.358954668045044,0.43861255049705505
804,120,gaussian,3,44,0.171875,0.234375,0.34375,1.0,2.7675819396972656,0.9391175508499146
805,120,gaussian,3,44,0.296875,0.265625,0.59375,1.0,4.386355400085449,1.6675221920013428
806,120,gaussian,3,44,0.203125,0.28125,0.40625,1.0,0.8651026487350464,0.3161312937736511
807,120,gaussian,3,44,0.265625,0.28125,0.53125,1.0,2.0895168781280518,0.7215080261230469
808,120,gaussian,3,44,0.125,0.3125,0.25,1.0,0.704185426235199,0.21515338122844696
809,120,gaussian,3,44,0.140625,0.125,0.28125,1.0,1.544466257095337,0.45158132910728455
810,120,gaussian,3,44,0.125,0.296875,0.25,1.0,0.7074936628341675,0.21904022991657257
811,120,gaussian,3,44,0.125,0.3125,0.25,1.0,0.7501583099365234,0.237728089094162
812,120,gaussian,3,44,0.296875,0.265625,0.59375,1.0,4.386750221252441,1.6675220727920532
813,120,gaussian,3,44,0.234375,0.265625,0.46875,1.0,1.6328685283660889,0.5613531470298767
814,120,gaussian,3,44,0.359375,0.125,0.71875,1.0,3.371825695037842,1.0112320184707642
815,120,gaussian,3,44,0.15625,0.3125,0.3125,1.0,2.101087808609009,0.6758586168289185
816,120,gaussian,3,44,0.25,0.265625,0.5,1.0,2.654230833053589,0.9804604053497314
817,120,gaussian,3,44,0.140625,0.28125,0.28125,1.0,2.171236991882324,0.734968364238739
818,120,gaussian,3,44,0.171875,0.296875,0.34375,1.0,1.8182392120361328,0.6038284301757812
819,120,gaussian,3,44,0.28125,0.296875,0.5625,1.0,5.0262956619262695,1.6592539548873901
820,120,gaussian,3,44,0.171875,0.15625,0.34375,1.0,1.1665788888931274,0.36617937684059143
821,120,gaussian,3,44,0.15625,0.265625,0.3125,1.0,2.242769241333008,0.7339079976081848
822,120,gaussian,3,44,0.234375,0.296875,0.46875,1.0,2.2748289108276367,0.772518515586853
823,120,gaussian,3,44,0.25,0.140625,0.5,1.0,0.9835892915725708,0.3269091546535492
824,120,gaussian,3,44,0.15625,0.140625,0.3125,1.0,1.015546202659607,0.2903383672237396
825,120,gaussian,3,44,0.390625,0.078125,0.78125,1.0,3.1943798065185547,0.8790019154548645
826,120,gaussian,3,44,0.140625,0.296875,0.28125,1.0,1.250528335571289,0.4500899910926819
827,120,gaussian,3,44,0.1875,0.203125,0.375,1.0,8.92752742767334,2.8167831897735596
828,120,gaussian,3,44,0.171875,0.265625,0.34375,1.0,5.352694988250732,1.751750111579895
829,120,gaussian,3,44,0.109375,0.09375,0.21875,1.0,1.348201036453247,0.35684382915496826
830,120,gaussian,3,44,0.203125,0.28125,0.40625,1.0,1.184554934501648,0.41074272990226746
831,120,gaussian,3,44,0.3125,0.125,0.625,1.0,7.550654411315918,2.5055787563323975
832,120,gaussian,3,44,0.125,0.296875,0.25,1.0,1.3351987600326538,0.4569246172904968
833,120,gaussian,3,44,0.171875,0.15625,0.34375,1.0,1.7723349332809448,0.5326980948448181
834,120,gaussian,3,44,0.25,0.25,0.5,1.0,4.817863941192627,1.673651099205017
835,120,gaussian,3,44,0.1875,0.21875,0.375,1.0,6.227442741394043,2.0151495933532715
836,120,gaussian,3,44,0.125,0.3125,0.25,1.0,2.4216127395629883,0.789128839969635
837,120,gaussian,3,44,0.328125,0.140625,0.65625,1.0,4.2159647941589355,1.2786591053009033
838,120,gaussian,3,44,0.15625,0.140625,0.3125,1.0,0.9239903688430786,0.279359370470047
839,120,gaussian,3,44,0.15625,0.328125,0.3125,1.0,2.8240933418273926,0.8633221387863159
840,120,gaussian,3,44,0.125,0.265625,0.25,1.0,0.6457263231277466,0.19736622273921967
841,120,gaussian,3,44,0.40625,0.28125,0.8125,1.0,2.234437942504883,0.6345011591911316
842,120,gaussian,3,44,0.15625,0.296875,0.3125,1.0,1.952519178390503,0.6577370762825012
843,120,gaussian,3,44,0.203125,0.203125,0.40625,1.0,0.5632251501083374,0.18917781114578247
844,120,gaussian,3,44,0.1875,0.296875,0.375,1.0,3.5382280349731445,1.264445424079895
845,120,gaussian,3,44,0.171875,0.203125,0.34375,1.0,2.141336679458618,0.6808890700340271
846,120,gaussian,3,44,0.21875,0.28125,0.4375,1.0,1.350545883178711,0.47692933678627014
847,120,gaussian,3,44,0.234375,0.296875,0.46875,1.0,2.270146369934082,0.7725185751914978
848,120,gaussian,3,44,0.3125,0.21875,0.625,1.0,2.239269733428955,0.8380820155143738
849,120,gaussian,3,44,0.390625,0.28125,0.78125,1.0,2.8214168548583984,0.8206217885017395
850,120,gaussian,3,44,0.171875,0.3125,0.34375,1.0,3.6684868335723877,1.3019355535507202
851,120,gaussian,3,44,0.203125,0.1875,0.40625,1.0,0.6717299222946167,0.23122216761112213
852,120,gaussian,3,44,0.28125,0.3125,0.5625,1.0,0.5110422372817993,0.17183126509189606
853,120,gaussian,3,44,0.140625,0.3125,0.28125,1.0,2.1060256958007812,0.7025063633918762
854,120,gaussian,3,44,0.140625,0.3125,0.28125,1.0,0.7503510117530823,0.237728089094162
855,120,gaussian,3,44,0.125,0.25,0.25,1.0,3.223844528198242,0.9800679683685303
856,120,gaussian,3,44,0.171875,0.125,0.34375,1.0,2.3805770874023438,0.7681828737258911
857,120,gaussian,3,44,0.359375,0.3125,0.71875,1.0,2.901383638381958,1.0541362762451172
858,120,gaussian,3,44,0.34375,0.296875,0.6875,1.0,1.9751482009887695,0.7020685076713562
859,120,gaussian,3,44,0.140625,0.265625,0.28125,1.0,3.272266387939453,1.0432727336883545
860,120,gaussian,3,44,0.28125,0.21875,0.5625,1.0,3.391895294189453,1.0768266916275024
861,120,gaussian,3,44,0.171875,0.296875,0.34375,1.0,1.1064395904541016,0.37269607186317444
862,120,gaussian,3,44,0.21875,0.21875,0.4375,1.0,1.3008291721343994,0.4442049562931061
863,120,gaussian,3,44,0.171875,0.171875,0.34375,1.0,2.3820395469665527,0.7612283825874329
864,120,gaussian,3,44,0.140625,0.28125,0.28125,1.0,1.7833470106124878,0.5391489267349243
865,120,gaussian,3,44,0.140625,0.296875,0.28125,1.0,0.526253342628479,0.17235849797725677
866,120,gaussian,3,44,0.171875,0.28125,0.34375,1.0,2.5342087745666504,0.818617045879364
867,120,gaussian,3,44,0.21875,0.28125,0.4375,1.0,0.560026228427887,0.1986137181520462
868,120,gaussian,3,44,0.203125,0.234375,0.40625,1.0,6.642723560333252,2.1284685134887695
869,120,gaussian,3,44,0.125,0.28125,0.25,1.0,0.653647780418396,0.19470098614692688
870,120,gaussian,3,44,0.28125,0.3125,0.5625,1.0,2.694192886352539,0.9021825194358826
871,120,gaussian,3,44,0.171875,0.28125,0.34375,1.0,5.377106666564941,1.751750111579895
872,120,gaussian,3,44,0.296875,0.3125,0.59375,1.0,0.9149020910263062,0.32977649569511414
873,120,gaussian,3,44,0.28125,0.234375,0.5625,1.0,0.5586792230606079,0.18913434445858002
874,120,gaussian,3,44,0.125,0.09375,0.25,1.0,1.3258086442947388,0.3568437993526459
875,120,gaussian,3,44,0.15625,0.1875,0.3125,1.0,2.483646869659424,0.7661331295967102
876,120,gaussian,3,44,0.140625,0.25,0.28125,1.0,3.27158260345459,1.0432727336883545
877,120,gaussian,3,44,0.140625,0.328125,0.28125,1.0,2.6052303314208984,0.8277302384376526
878,120,gaussian,3,44,0.140625,0.28125,0.28125,1.0,1.1088528633117676,0.34761306643486023
879,120,gaussian,3,44,0.265625,0.296875,0.53125,1.0,0.598520815372467,0.2082398533821106
880,120,gaussian,3,44,0.140625,0.296875,0.28125,1.0,1.7226181030273438,0.6209012269973755
881,120,gaussian,3,44,0.1875,0.296875,0.375,1.0,1.9167284965515137,0.6667227149009705
882,120,gaussian,3,44,0.28125,0.234375,0.5625,1.0,3.3887739181518555,1.0768266916275024
883,120,gaussian,3,44,0.140625,0.34375,0.28125,1.0,1.5813548564910889,0.494332492351532
884,120,gaussian,3,44,0.1875,0.234375,0.375,1.0,1.729479193687439,0.5617275834083557
885,120,gaussian,3,44,0.140625,0.28125,0.28125,1.0,2.1626803874969482,0.734968364238739
886,120,gaussian,3,44,0.21875,0.296875,0.4375,1.0,1.8316818475723267,0.6042883396148682
887,120,gaussian,3,44,0.15625,0.328125,0.3125,1.0,2.035749673843384,0.6884002685546875
888,120,gaussian,3,44,0.171875,0.15625,0.34375,1.0,1.1671156883239746,0.36617934703826904
889,120,gaussian,3,44,0.34375,0.109375,0.6875,1.0,6.531732559204102,1.9876295328140259
890,120,gaussian,3,44,0.28125,0.3125,0.5625,1.0,4.137681484222412,1.3380197286605835
891,120,gaussian,3,44,0.15625,0.265625,0.3125,1.0,0.6754465103149414,0.21896404027938843
892,120,gaussian,3,44,0.15625,0.28125,0.3125,1.0,1.7462036609649658,0.5635548233985901
893,120,gaussian,3,44,0.375,0.125,0.75,1.0,0.4926864802837372,0.13886936008930206
894,120,gaussian,3,44,0.265625,0.296875,0.53125,1.0,2.551023483276367,0.8485561013221741
895,120,gaussian,3,44,0.21875,0.265625,0.4375,1.0,5.154162883758545,1.729920506477356
896,120,gaussian,3,44,0.15625,0.28125,0.3125,1.0,2.1835217475891113,0.7609708309173584
897,120,gaussian,3,44,0.328125,0.125,0.65625,1.0,6.5258049964904785,1.9876295328140259
898,120,gaussian,3,44,0.15625,0.34375,0.3125,1.0,1.2820556163787842,0.3820545971393585
899,120,gaussian,3,44,0.234375,0.28125,0.46875,1.0,2.5892791748046875,0.9174677729606628
900,120,gaussian,3,44,0.171875,0.203125,0.34375,1.0,2.1371171474456787,0.6808890700340271
901,120,gaussian,3,44,0.140625,0.125,0.28125,1.0,1.653821349143982,0.4903971254825592
902,120,gaussian,3,44,0.140625,0.296875,0.28125,1.0,2.693847894668579,0.8147039413452148
903,120,gaussian,3,44,0.125,0.28125,0.25,1.0,2.774876356124878,0.9126384258270264
904,120,gaussian,3,44,0.1875,0.296875,0.375,1.0,3.539311408996582,1.264445424079895
905,120,gaussian,3,44,0.140625,0.28125,0.28125,1.0,2.9768643379211426,0.908211886882782
906,120,gaussian,3,44,0.171875,0.296875,0.34375,1.0,0.6567597985267639,0.22384026646614075
907,120,gaussian,3,44,0.15625,0.296875,0.3125,1.0,1.4936964511871338,0.4902394115924835
908,120,gaussian,3,44,0.1875,0.234375,0.375,1.0,1.7289530038833618,0.5617275834083557
909,120,gaussian,3,44,0.21875,0.203125,0.4375,1.0,1.661363124847412,0.5265775918960571
910,120,gaussian,3,44,0.203125,0.21875,0.40625,1.0,2.7932236194610596,0.9201964735984802
911,120,gaussian,3,44,0.21875,0.3125,0.4375,1.0,2.3590965270996094,0.7492405772209167
912,120,gaussian,3,44,0.1875,0.3125,0.375,1.0,2.486607074737549,0.8657653331756592
913,120,gaussian,3,44,0.203125,0.15625,0.40625,1.0,1.0139234066009521,0.368088960647583
914,120,gaussian,3,44,0.3125,0.328125,0.625,1.0,0.6751308441162109,0.21171636879444122
915,120,gaussian,3,44,0.15625,0.28125,0.3125,1.0,2.1413559913635254,0.664484441280365
916,120,gaussian,3,44,0.25,0.265625,0.5,1.0,2.6566338539123535,0.9804604053497314
917,120,gaussian,3,44,0.125,0.3125,0.25,1.0,0.6992233395576477,0.21515338122844696
918,120,gaussian,3,44,0.234375,0.140625,0.46875,1.0,0.9870254993438721,0.3269091844558716
919,120,gaussian,3,44,0.171875,0.28125,0.34375,1.0,5.374422073364258,1.751750111579895
920,120,gaussian,3,44,0.21875,0.296875,0.4375,1.0,2.3473267555236816,0.7492405772209167
921,120,gaussian,3,44,0.15625,0.25,0.3125,1.0,1.6181087493896484,0.5454009771347046
922,120,gaussian,3,44,0.25,0.28125,0.5,1.0,8.905878067016602,3.100173234939575
923,120,gaussian,3,44,0.125,0.28125,0.25,1.0,1.0942950248718262,0.34890034794807434
924,120,gaussian,3,44,0.265625,0.21875,0.53125,1.0,1.7034785747528076,0.5839369893074036
925,120,gaussian,3,44,0.171875,0.1875,0.34375,1.0,3.747142791748047,1.2103303670883179
926,120,gaussian,3,44,0.28125,0.28125,0.5625,1.0,3.4325499534606934,1.109535813331604
927,120,gaussian,3,44,0.140625,0.328125,0.28125,1.0,1.8505207300186157,0.6457422375679016
928,120,gaussian,3,44,0.140625,0.3125,0.28125,1.0,0.7641048431396484,0.265464186668396
929,120,gaussian,3,44,0.125,0.296875,0.25,1.0,2.1175692081451416,0.7480224370956421
930,120,gaussian,3,44,0.234375,0.234375,0.46875,1.0,11.033294677734375,3.626216411590576
931,120,gaussian,3,44,0.390625,0.3125,0.78125,1.0,0.9851253032684326,0.28227680921554565
932,120,gaussian,3,44,0.328125,0.328125,0.65625,1.0,3.2028703689575195,0.9610816836357117
933,120,gaussian,3,44,0.140625,0.265625,0.28125,1.0,4.530551910400391,1.6807516813278198
934,120,gaussian,3,44,0.140625,0.125,0.28125,1.0,0.49699538946151733,0.14200685918331146
935,120,gaussian,3,44,0.25,0.109375,0.5,1.0,0.6012057065963745,0.20267699658870697
936,120,gaussian,3,44,0.203125,0.203125,0.40625,1.0,4.153995990753174,1.4554390907287598
937,120,gaussian,3,44,0.140625,0.28125,0.28125,1.0,0.6443954706192017,0.23901505768299103
938,120,gaussian,3,44,0.28125,0.1875,0.5625,1.0,1.0845389366149902,0.3755591809749603
939,120,gaussian,3,44,0.078125,0.0625,0.15625,1.0,0.47724801301956177,0.12352108955383301
940,120,gaussian,3,44,0.25,0.234375,0.5,1.0,5.829318046569824,2.0613677501678467
941,120,gaussian,3,44,0.34375,0.34375,0.6875,1.0,3.090485095977783,1.0157617330551147
942,120,gaussian,3,44,0.328125,0.171875,0.65625,1.0,2.505764961242676,0.7336267232894897
943,120,gaussian,3,44,0.296875,0.265625,0.59375,1.0,2.3130815029144287,0.7446303367614746
944,120,gaussian,3,44,0.328125,0.21875,0.65625,1.0,2.2506103515625,0.8380820155143738
945,120,gaussian,3,44,0.203125,0.21875,0.40625,1.0,1.0021988153457642,0.3320307433605194
946,120,gaussian,3,44,0.15625,0.140625,0.3125,1.0,1.0220035314559937,0.3269847333431244
947,120,gaussian,3,44,0.375,0.3125,0.75,1.0,3.6847429275512695,1.2734575271606445
948,120,gaussian,3,44,0.1875,0.21875,0.375,1.0,2.7822299003601074,0.920196533203125
949,120,gaussian,3,44,0.125,0.296875,0.25,1.0,0.37818676233291626,0.11595472693443298
950,120,gaussian,3,44,0.15625,0.328125,0.3125,1.0,1.2710278034210205,0.3820545971393585
951,120,gaussian,3,44,0.234375,0.171875,0.46875,1.0,0.9699363708496094,0.3342571258544922
952,120,gaussian,3,44,0.140625,0.296875,0.28125,1.0,1.7914695739746094,0.5843824148178101
953,120,gaussian,3,44,0.328125,0.296875,0.65625,1.0,3.26654052734375,1.0399411916732788
954,120,gaussian,3,44,0.265625,0.296875,0.53125,1.0,1.218949317932129,0.4329279363155365
955,120,gaussian,3,44,0.140625,0.296875,0.28125,1.0,1.934014916419983,0.6334043145179749
956,120,gaussian,3,44,0.15625,0.15625,0.3125,1.0,1.0666544437408447,0.3414474129676819
957,120,gaussian,3,44,0.3125,0.28125,0.625,1.0,1.003234624862671,0.3393745422363281
958,120,gaussian,3,44,0.15625,0.171875,0.3125,1.0,3.7723498344421387,1.1032991409301758
959,120,gaussian,3,44,0.171875,0.171875,0.34375,1.0,3.529529333114624,1.1178392171859741
960,120,gaussian,3,44,0.171875,0.296875,0.34375,1.0,4.444852828979492,1.5317579507827759
961,120,gaussian,3,44,0.3125,0.34375,0.625,1.0,0.36153003573417664,0.11305201053619385
962,120,gaussian,3,44,0.140625,0.15625,0.28125,1.0,1.013066291809082,0.2903383672237396
963,120,gaussian,3,44,0.25,0.265625,0.5,1.0,8.916826248168945,3.1001734733581543
964,120,gaussian,3,44,0.125,0.28125,0.25,1.0,0.6576680541038513,0.19470098614692688
965,120,gaussian,3,44,0.203125,0.3125,0.40625,1.0,3.218557834625244,1.0095770359039307
966,120,gaussian,3,44,0.234375,0.265625,0.46875,1.0,1.6334904432296753,0.5613531470298767
967,120,gaussian,3,44,0.171875,0.1875,0.34375,1.0,0.8939146995544434,0.27115345001220703
968,120,gaussian,3,44,0.234375,0.3125,0.46875,1.0,4.051782608032227,1.3259674310684204
969,120,gaussian,3,44,0.15625,0.140625,0.3125,1.0,1.6422020196914673,0.4903971254825592
970,120,gaussian,3,44,0.234375,0.203125,0.46875,1.0,10.613225936889648,3.6407103538513184
971,120,gaussian,3,44,0.171875,0.140625,0.34375,1.0,1.0224268436431885,0.3269847333431244
972,120,gaussian,3,44,0.15625,0.28125,0.3125,1.0,1.1102612018585205,0.34761306643486023
973,120,gaussian,3,44,0.140625,0.28125,0.28125,1.0,2.6724512577056885,0.8147039413452148
974,120,gaussian,3,44,0.15625,0.265625,0.3125,1.0,2.1449642181396484,0.664484441280365
975,120,gaussian,3,44,0.125,0.28125,0.25,1.0,1.0929547548294067,0.34890034794807434
976,120,gaussian,3,44,0.125,0.3125,0.25,1.0,1.3787391185760498,0.47639352083206177
977,120,gaussian,3,44,0.28125,0.296875,0.5625,1.0,1.8917948007583618,0.5981844067573547
978,120,gaussian,3,44,0.125,0.28125,0.25,1.0,2.8659749031066895,0.9737334251403809
979,120,gaussian,3,44,0.125,0.296875,0.25,1.0,0.7140732407569885,0.2318403124809265
980,120,gaussian,3,44,0.15625,0.21875,0.3125,1.0,2.8617258071899414,1.0084228515625
981,120,gaussian,3,44,0.25,0.25,0.5,1.0,4.817511558532715,1.6736509799957275
982,120,gaussian,3,44,0.140625,0.28125,0.28125,1.0,2.756959915161133,0.9126384258270264
983,120,gaussian,3,44,0.21875,0.28125,0.4375,1.0,0.6474261283874512,0.21692173182964325
984,120,gaussian,3,44,0.171875,0.296875,0.34375,1.0,2.8262746334075928,0.8828156590461731
985,120,gaussian,3,44,0.390625,0.3125,0.78125,1.0,3.513277053833008,1.0611553192138672
986,120,gaussian,3,44,0.1875,0.203125,0.375,1.0,0.5635029673576355,0.18917781114578247
987,120,gaussian,3,44,0.1875,0.296875,0.375,1.0,1.1088072061538696,0.3702371120452881
988,120,gaussian,3,44,0.25,0.28125,0.5,1.0,2.9772496223449707,0.9889764785766602
989,120,gaussian,3,44,0.296875,0.171875,0.59375,1.0,0.6743257641792297,0.2169201672077179
990,120,gaussian,3,44,0.140625,0.3125,0.28125,1.0,1.188378095626831,0.3513529300689697
991,120,gaussian,3,44,0.140625,0.3125,0.28125,1.0,0.8062013387680054,0.2570779621601105
992,120,gaussian,3,44,0.203125,0.171875,0.40625,1.0,1.6221294403076172,0.5339771509170532
993,120,gaussian,3,44,0.296875,0.1875,0.59375,1.0,1.1391245126724243,0.38947778940200806
994,120,gaussian,3,44,0.140625,0.265625,0.28125,1.0,2.1616148948669434,0.734968364238739
995,120,gaussian,3,44,0.265625,0.28125,0.53125,1.0,2.3134686946868896,0.8080589175224304
996,120,gaussian,3,44,0.203125,0.296875,0.40625,1.0,7.990439414978027,2.8529224395751953
997,120,gaussian,3,44,0.3125,0.328125,0.625,1.0,3.031876802444458,1.0100618600845337
998,120,gaussian,3,44,0.1875,0.328125,0.375,1.0,2.411364793777466,0.7291880249977112
999,120,gaussian,3,44,0.15625,0.28125,0.3125,1.0,1.4629091024398804,0.4775875508785248
