index,target_hr,method,fold,seed,rise_time_s,width50_s,rise_cycle_ratio,beat_extraction_success,amplitude_range,amplitude_std
0,60,cvae,3,43,0.3671875,0.4296875,0.5133620689655172,1.0,4.771526336669922,0.8173031806945801
1,60,cvae,3,43,0.390625,0.5,0.43859649122807015,1.0,5.972654819488525,1.0312423706054688
2,60,cvae,3,43,0.3125,0.421875,0.45454545454545453,1.0,6.177570343017578,1.091308355331421
3,60,cvae,3,43,0.328125,0.3828125,0.441932335718933,1.0,7.527143478393555,1.158786416053772
4,60,cvae,3,43,0.2734375,0.3515625,0.37777777777777777,1.0,5.6070709228515625,1.1530488729476929
5,60,cvae,3,43,0.265625,0.375,0.36363636363636365,1.0,6.495834827423096,1.0971633195877075
6,60,cvae,3,43,0.28125,0.40625,0.4,1.0,8.128317832946777,1.2765259742736816
7,60,cvae,3,43,0.375,0.3984375,0.44754716981132076,1.0,6.394055366516113,1.1613024473190308
8,60,cvae,3,43,0.265625,0.34375,0.3953488372093023,1.0,7.872648239135742,1.3489407300949097
9,60,cvae,3,43,0.3828125,0.4921875,0.4272486772486772,1.0,6.601487636566162,1.3588738441467285
10,60,cvae,3,43,0.265625,0.40625,0.37777777777777777,1.0,4.038847923278809,0.8323678374290466
11,60,cvae,3,43,0.328125,0.5078125,0.40625,1.0,3.627995491027832,0.6773854494094849
12,60,cvae,3,43,0.328125,0.40625,0.3728813559322034,1.0,5.203398704528809,1.1470576524734497
13,60,cvae,3,43,0.34375,0.515625,0.3548387096774194,1.0,4.944767951965332,0.9989356398582458
14,60,cvae,3,43,0.375,0.4140625,0.4256120527306968,1.0,5.199899673461914,0.9013159275054932
15,60,cvae,3,43,0.2890625,0.359375,0.4169811320754717,1.0,6.3955159187316895,1.2699397802352905
16,60,cvae,3,43,0.265625,0.53125,0.3404255319148936,1.0,6.729844570159912,1.1745368242263794
17,60,cvae,3,43,0.296875,0.4609375,0.3896276595744681,1.0,5.32880973815918,1.1405891180038452
18,60,cvae,3,43,0.3046875,0.3828125,0.4176356589147287,1.0,7.064340114593506,1.321946620941162
19,60,cvae,3,43,0.3125,0.375,0.4032258064516129,1.0,4.845116138458252,1.0594815015792847
20,60,cvae,3,43,0.453125,0.484375,0.5,1.0,7.130141258239746,1.253549575805664
21,60,cvae,3,43,0.34375,0.5390625,0.39842300556586274,1.0,3.4385554790496826,0.7044446468353271
22,60,cvae,3,43,0.296875,0.359375,0.43478260869565216,1.0,6.87717342376709,1.0104739665985107
23,60,cvae,3,43,0.234375,0.4375,0.36585365853658536,1.0,4.526413440704346,0.9703992009162903
24,60,cvae,3,43,0.2890625,0.4296875,0.3944444444444445,1.0,6.213681697845459,1.083186149597168
25,60,cvae,3,43,0.34375,0.4453125,0.4090608465608465,1.0,4.327310085296631,0.8896612524986267
26,60,cvae,3,43,0.265625,0.375,0.3953488372093023,1.0,7.770764350891113,1.1967413425445557
27,60,cvae,3,43,0.3671875,0.4765625,0.41929892141756553,1.0,5.0723042488098145,1.1303303241729736
28,60,cvae,3,43,0.3359375,0.453125,0.4342105263157895,1.0,7.253604412078857,1.2512996196746826
29,60,cvae,3,43,0.296875,0.375,0.3946078431372549,1.0,4.865932464599609,0.9418457746505737
30,60,cvae,3,43,0.3359375,0.453125,0.4230769230769231,1.0,6.327587127685547,1.2001477479934692
31,60,cvae,3,43,0.328125,0.546875,0.45454545454545453,1.0,9.41894245147705,1.7272999286651611
32,60,cvae,3,43,0.28125,0.5625,0.4,1.0,6.705399513244629,1.1462758779525757
33,60,cvae,3,43,0.3046875,0.46875,0.3979166666666667,1.0,5.585866928100586,1.0475281476974487
34,60,cvae,3,43,0.28125,0.4296875,0.3998020781791192,1.0,7.050890922546387,1.354796290397644
35,60,cvae,3,43,0.3203125,0.421875,0.4126742160278746,1.0,3.9561820030212402,0.8461132645606995
36,60,cvae,3,43,0.328125,0.40625,0.47692307692307695,1.0,3.386399507522583,0.7158935070037842
37,60,cvae,3,43,0.296875,0.40625,0.5,1.0,4.245029449462891,0.9101901650428772
38,60,cvae,3,43,0.3515625,0.4140625,0.4252717391304348,1.0,6.013180732727051,1.1928008794784546
39,60,cvae,3,43,0.515625,0.484375,0.5506117908787542,1.0,5.476583957672119,1.1172754764556885
40,60,cvae,3,43,0.2734375,0.421875,0.38037825059101654,1.0,4.157857894897461,0.8927016854286194
41,60,cvae,3,43,0.390625,0.46875,0.43859649122807015,1.0,5.081446647644043,0.9901679754257202
42,60,cvae,3,43,0.328125,0.40625,0.4225352112676056,1.0,5.037314414978027,1.0337979793548584
43,60,cvae,3,43,0.296875,0.3984375,0.5222689075630252,1.0,5.696135520935059,1.225967526435852
44,60,cvae,3,43,0.265625,0.3671875,0.4334795321637427,1.0,6.960186958312988,1.3231394290924072
45,60,cvae,3,43,0.28125,0.390625,0.4222222222222222,1.0,4.831361770629883,1.0736908912658691
46,60,cvae,3,43,0.390625,0.515625,0.4482758620689655,1.0,3.994633913040161,0.7131567001342773
47,60,cvae,3,43,0.4609375,0.5390625,0.5,1.0,3.7908079624176025,0.8511391282081604
48,60,cvae,3,43,0.375,0.5390625,0.36363636363636365,1.0,3.7080304622650146,0.7701197862625122
49,60,cvae,3,43,0.265625,0.390625,0.3958333333333333,1.0,5.191965103149414,1.009374737739563
50,60,cvae,3,43,0.3203125,0.4375,0.4409722222222222,1.0,5.870595455169678,1.1703943014144897
51,60,cvae,3,43,0.3125,0.375,0.45454545454545453,1.0,3.827075242996216,0.820557177066803
52,60,cvae,3,43,0.265625,0.34375,0.43283582089552236,1.0,6.032695770263672,1.2406107187271118
53,60,cvae,3,43,0.3828125,0.4765625,0.3739130434782609,1.0,7.093162536621094,1.1907541751861572
54,60,cvae,3,43,0.296875,0.34375,0.45454545454545453,1.0,5.809395790100098,1.0086588859558105
55,60,cvae,3,43,0.375,0.484375,0.47058823529411764,1.0,6.623295783996582,1.0574347972869873
56,60,cvae,3,43,0.328125,0.46875,0.46808510638297873,1.0,5.8521833419799805,0.9389086365699768
57,60,cvae,3,43,0.375,0.359375,0.5012923235978288,1.0,5.4365105628967285,1.0696966648101807
58,60,cvae,3,43,0.3671875,0.3828125,0.46640316205533594,1.0,6.900978088378906,1.373530626296997
59,60,cvae,3,43,0.328125,0.40625,0.49528301886792453,1.0,5.130373477935791,0.9449906349182129
60,60,cvae,3,43,0.265625,0.328125,0.5277777777777778,1.0,5.178252696990967,1.058854579925537
61,60,cvae,3,43,0.390625,0.4375,0.4375,1.0,5.733315467834473,1.1338471174240112
62,60,cvae,3,43,0.296875,0.3828125,0.42358803986710963,1.0,3.9871726036071777,0.8383914232254028
63,60,cvae,3,43,0.34375,0.3125,0.5457939273270285,1.0,7.630681991577148,1.4618964195251465
64,60,cvae,3,43,0.3125,0.453125,0.37681159420289856,1.0,3.4130406379699707,0.728579044342041
65,60,cvae,3,43,0.390625,0.609375,0.4642857142857143,1.0,4.503539085388184,1.083023190498352
66,60,cvae,3,43,0.34375,0.4140625,0.4417141144740785,1.0,4.674642562866211,0.7948943376541138
67,60,cvae,3,43,0.3671875,0.3984375,0.407015931372549,1.0,4.451284885406494,0.8823098540306091
68,60,cvae,3,43,0.3125,0.40625,0.45161290322580644,1.0,7.919689178466797,1.3001056909561157
69,60,cvae,3,43,0.328125,0.328125,0.4716981132075472,1.0,5.5581560134887695,1.0330966711044312
70,60,cvae,3,43,0.53125,0.96875,0.425,1.0,4.997602939605713,1.1038910150527954
71,60,cvae,3,43,0.328125,0.34375,0.43902439024390244,1.0,6.403890609741211,1.0795496702194214
72,60,cvae,3,43,0.390625,0.4453125,0.5084483244156576,1.0,4.935065746307373,1.0263768434524536
73,60,cvae,3,43,0.34375,0.390625,0.4438697318007663,1.0,3.8277196884155273,0.8608155846595764
74,60,cvae,3,43,0.3125,0.390625,0.4209401709401709,1.0,4.910594940185547,1.1772063970565796
75,60,cvae,3,43,0.3046875,0.4609375,0.3923809523809524,1.0,2.804731845855713,0.6205276846885681
76,60,cvae,3,43,0.296875,0.40625,0.42,1.0,4.201783180236816,0.9636073708534241
77,60,cvae,3,43,0.328125,0.3359375,0.487012987012987,1.0,8.207040786743164,1.4361982345581055
78,60,cvae,3,43,0.328125,0.359375,0.4805194805194805,1.0,5.456674575805664,1.1697736978530884
79,60,cvae,3,43,0.4609375,0.6015625,0.42853942652329746,1.0,4.165450096130371,0.9237946271896362
80,60,cvae,3,43,0.359375,0.375,0.47619047619047616,1.0,5.757033348083496,1.1269479990005493
81,60,cvae,3,43,0.328125,0.390625,0.4710648148148148,1.0,5.700357437133789,1.0805140733718872
82,60,cvae,3,43,0.421875,0.4609375,0.46664521664521663,1.0,5.385622024536133,1.2519888877868652
83,60,cvae,3,43,0.3671875,0.3671875,0.5545112781954887,1.0,5.8841962814331055,1.056440830230713
84,60,cvae,3,43,0.3359375,0.4375,0.4492982456140351,1.0,7.08560037612915,1.5649452209472656
85,60,cvae,3,43,0.3125,0.4375,0.38235294117647056,1.0,4.881074905395508,0.9048153758049011
86,60,cvae,3,43,0.3515625,0.34375,0.44967741935483874,1.0,6.726284503936768,0.9670965075492859
87,60,cvae,3,43,0.34375,0.328125,0.5124620060790273,1.0,5.1103515625,1.0217056274414062
88,60,cvae,3,43,0.390625,0.375,0.5583494519664732,1.0,4.573382377624512,1.034053087234497
89,60,cvae,3,43,0.3515625,0.4140625,0.4503205128205128,1.0,4.013327121734619,0.8568196296691895
90,60,cvae,3,43,0.3671875,0.4140625,0.3733974358974359,1.0,5.864182472229004,1.1021273136138916
91,60,cvae,3,43,0.3203125,0.3828125,0.44494047619047616,1.0,5.955135345458984,1.368152379989624
92,60,cvae,3,43,0.328125,0.453125,0.41304347826086957,1.0,5.021976470947266,1.0593568086624146
93,60,cvae,3,43,0.265625,0.40625,0.39583333333333337,1.0,5.256677150726318,0.9168151021003723
94,60,cvae,3,43,0.3125,0.59375,0.37209302325581395,1.0,5.863094329833984,1.1589404344558716
95,60,cvae,3,43,0.28125,0.3671875,0.41496598639455784,1.0,8.255302429199219,1.4468607902526855
96,60,cvae,3,43,0.296875,0.40625,0.41304347826086957,1.0,4.759969711303711,0.9571846723556519
97,60,cvae,3,43,0.375,0.484375,0.4883720930232558,1.0,4.930994987487793,1.114635705947876
98,60,cvae,3,43,0.3203125,0.3359375,0.40620929222752933,1.0,5.355143070220947,1.0707660913467407
99,60,cvae,3,43,0.484375,0.5,0.5076923076923077,1.0,6.453127384185791,1.2903279066085815
100,60,cvae,3,43,0.4609375,0.4609375,0.5307971014492754,1.0,3.912644386291504,0.9111241102218628
101,60,cvae,3,43,0.2890625,0.3984375,0.41883116883116883,1.0,5.9251813888549805,1.06621253490448
102,60,cvae,3,43,0.390625,0.515625,0.46938775510204084,1.0,4.476661682128906,0.957972526550293
103,60,cvae,3,43,0.3671875,0.40625,0.4913793103448276,1.0,5.717208385467529,1.0525596141815186
104,60,cvae,3,43,0.375,0.421875,0.5555555555555556,1.0,5.6683478355407715,1.2841030359268188
105,60,cvae,3,43,0.390625,0.53125,0.4375,1.0,6.0971808433532715,1.2789050340652466
106,60,cvae,3,43,0.359375,0.4765625,0.3709677419354839,1.0,4.459554195404053,1.0892410278320312
107,60,cvae,3,43,0.296875,0.421875,0.3958333333333333,1.0,3.1611151695251465,0.7095327973365784
108,60,cvae,3,43,0.3359375,0.4375,0.4272247360482655,1.0,7.894723415374756,1.3417900800704956
109,60,cvae,3,43,0.3125,0.4375,0.3901952085181899,1.0,4.2180585861206055,0.823276698589325
110,60,cvae,3,43,0.3359375,0.390625,0.4382561535252399,1.0,7.086637020111084,1.2145605087280273
111,60,cvae,3,43,0.328125,0.453125,0.42879604672057503,1.0,5.708313941955566,0.882388174533844
112,60,cvae,3,43,0.4375,0.5859375,0.3991228070175439,1.0,4.922004699707031,1.024550199508667
113,60,cvae,3,43,0.328125,0.40625,0.4375,1.0,5.133389949798584,0.9626108407974243
114,60,cvae,3,43,0.3125,0.4453125,0.38800904977375567,1.0,5.679070472717285,1.02542245388031
115,60,cvae,3,43,0.3515625,0.484375,0.46568627450980393,1.0,6.23751163482666,1.3110625743865967
116,60,cvae,3,43,0.265625,0.4375,0.3633540372670807,1.0,2.7974436283111572,0.5508702397346497
117,60,cvae,3,43,0.421875,0.40625,0.48,1.0,3.6843883991241455,0.676077127456665
118,60,cvae,3,43,0.34375,0.46875,0.4583333333333333,1.0,4.74812126159668,0.901023268699646
119,60,cvae,3,43,0.3046875,0.3515625,0.45408163265306123,1.0,5.138217926025391,1.1994844675064087
120,60,cvae,3,43,0.296875,0.421875,0.4423076923076923,1.0,6.058169364929199,1.040452241897583
121,60,cvae,3,43,0.359375,0.515625,0.41097818437719913,1.0,5.3378705978393555,1.2137099504470825
122,60,cvae,3,43,0.296875,0.3828125,0.39779326364692214,1.0,5.8583984375,1.0194607973098755
123,60,cvae,3,43,0.328125,0.453125,0.4772727272727273,1.0,5.551301956176758,0.8944119215011597
124,60,cvae,3,43,0.375,0.4375,0.40540540540540543,1.0,4.24725341796875,0.9068055748939514
125,60,cvae,3,43,0.3359375,0.421875,0.5011583011583012,1.0,5.460316181182861,1.1778208017349243
126,60,cvae,3,43,0.328125,0.46875,0.35135135135135137,1.0,4.972511291503906,0.9025672674179077
127,60,cvae,3,43,0.3203125,0.4765625,0.4252232142857143,1.0,5.829406261444092,1.1504651308059692
128,60,cvae,3,43,0.3671875,0.3984375,0.44456886898096304,1.0,5.249866485595703,1.0541744232177734
129,60,cvae,3,43,0.453125,0.3984375,0.5350488021295474,1.0,5.900529861450195,1.139654278755188
130,60,cvae,3,43,0.28125,0.359375,0.4089068825910931,1.0,4.7621169090271,0.8921540975570679
131,60,cvae,3,43,0.359375,0.4375,0.44794871794871793,1.0,6.570992469787598,1.2910513877868652
132,60,cvae,3,43,0.3203125,0.3984375,0.4772357723577236,1.0,7.0230393409729,1.3294612169265747
133,60,cvae,3,43,0.34375,0.5234375,0.4017671517671518,1.0,6.7390851974487305,0.9568297863006592
134,60,cvae,3,43,0.390625,0.546875,0.4807692307692308,1.0,5.029839515686035,0.999096155166626
135,60,cvae,3,43,0.3125,0.40625,0.47857142857142854,1.0,4.2531023025512695,0.952189028263092
136,60,cvae,3,43,0.265625,0.4296875,0.3973717146433041,1.0,5.08651065826416,1.120300531387329
137,60,cvae,3,43,0.453125,0.4375,0.5081967213114754,1.0,4.1259660720825195,0.7911962866783142
138,60,cvae,3,43,0.34375,0.53125,0.40826330532212884,1.0,4.6723103523254395,0.9219269156455994
139,60,cvae,3,43,0.40625,0.5,0.44100844510680576,1.0,5.813459396362305,1.270750880241394
140,60,cvae,3,43,0.375,0.375,0.4583333333333333,1.0,6.631508827209473,1.3115086555480957
141,60,cvae,3,43,0.34375,0.46875,0.3411256700416915,1.0,5.499750137329102,0.8505241274833679
142,60,cvae,3,43,0.359375,0.5,0.42857142857142855,1.0,4.513367652893066,1.0127997398376465
143,60,cvae,3,43,0.359375,0.4140625,0.4521276595744681,1.0,4.250409126281738,0.9832547307014465
144,60,cvae,3,43,0.359375,0.4375,0.4489795918367347,1.0,6.361037254333496,1.081743836402893
145,60,cvae,3,43,0.3125,0.328125,0.49019607843137253,1.0,3.898414134979248,0.8260220289230347
146,60,cvae,3,43,0.3203125,0.4609375,0.4494047619047619,1.0,3.535159111022949,0.7476146817207336
147,60,cvae,3,43,0.359375,0.4765625,0.4411111111111111,1.0,4.595146179199219,1.0879430770874023
148,60,cvae,3,43,0.34375,0.421875,0.4423076923076923,1.0,5.244141101837158,1.063618540763855
149,60,cvae,3,43,0.296875,0.390625,0.425531914893617,1.0,5.442202568054199,1.143885612487793
150,60,cvae,3,43,0.359375,0.4375,0.4166666666666667,1.0,5.130594253540039,0.9655701518058777
151,60,cvae,3,43,0.296875,0.40625,0.4523809523809524,1.0,6.926539421081543,1.190020203590393
152,60,cvae,3,43,0.390625,0.578125,0.4166666666666667,1.0,5.518755912780762,0.985249936580658
153,60,cvae,3,43,0.359375,0.453125,0.4418604651162791,1.0,5.208495616912842,0.8778702020645142
154,60,cvae,3,43,0.3515625,0.453125,0.4342105263157895,1.0,3.877214193344116,0.9684157371520996
155,60,cvae,3,43,0.296875,0.4375,0.3443675889328063,1.0,5.423752784729004,0.9501559138298035
156,60,cvae,3,43,0.3125,0.421875,0.46415770609318996,1.0,5.285511016845703,1.099658489227295
157,60,cvae,3,43,0.328125,0.359375,0.5,1.0,7.984201908111572,1.2676509618759155
158,60,cvae,3,43,0.265625,0.2890625,0.3888888888888889,1.0,8.342545509338379,1.3713196516036987
159,60,cvae,3,43,0.3125,0.34375,0.425,1.0,5.913400650024414,1.2105902433395386
160,60,cvae,3,43,0.296875,0.40625,0.4,1.0,6.805075168609619,1.3037714958190918
161,60,cvae,3,43,0.296875,0.375,0.5106382978723404,1.0,5.1384382247924805,1.2609142065048218
162,60,cvae,3,43,0.3046875,0.3828125,0.44272648083623695,1.0,4.454554080963135,0.8277232050895691
163,60,cvae,3,43,0.3125,0.375,0.46511627906976744,1.0,11.783700942993164,1.64406156539917
164,60,cvae,3,43,0.359375,0.421875,0.46,1.0,6.1471967697143555,1.2833795547485352
165,60,cvae,3,43,0.53125,0.4921875,0.5175459536882311,1.0,4.46087646484375,0.7835366725921631
166,60,cvae,3,43,0.3515625,0.4375,0.4612011692798299,1.0,7.93149471282959,1.4695789813995361
167,60,cvae,3,43,0.359375,0.4140625,0.4105263157894737,1.0,5.455040454864502,0.784442126750946
168,60,cvae,3,43,0.375,0.40625,0.46511627906976744,1.0,6.646864891052246,1.1546847820281982
169,60,cvae,3,43,0.328125,0.5,0.49577067669172936,1.0,5.776318550109863,1.1983256340026855
170,60,cvae,3,43,0.53125,0.546875,0.6,1.0,6.809342384338379,1.3616443872451782
171,60,cvae,3,43,0.296875,0.359375,0.40384615384615385,1.0,4.526322364807129,0.915711522102356
172,60,cvae,3,43,0.265625,0.421875,0.4146341463414634,1.0,4.470211505889893,0.8665136694908142
173,60,cvae,3,43,0.296875,0.421875,0.44150641025641024,1.0,5.868884086608887,1.1188619136810303
174,60,cvae,3,43,0.375,0.390625,0.46938775510204084,1.0,6.355951309204102,1.1018116474151611
175,60,cvae,3,43,0.3359375,0.453125,0.47246376811594204,1.0,5.855946063995361,1.0435614585876465
176,60,cvae,3,43,0.328125,0.453125,0.45208333333333334,1.0,7.0127668380737305,1.2501603364944458
177,60,cvae,3,43,0.3125,0.359375,0.391304347826087,1.0,4.993417739868164,0.9000260233879089
178,60,cvae,3,43,0.34375,0.453125,0.4666666666666667,1.0,4.479804039001465,0.9577018618583679
179,60,cvae,3,43,0.390625,0.3984375,0.4761647972389991,1.0,4.727485656738281,0.9877587556838989
180,60,cvae,3,43,0.3203125,0.375,0.427059364933272,1.0,7.373603820800781,1.1800377368927002
181,60,cvae,3,43,0.28125,0.390625,0.42,1.0,5.863259315490723,1.3708600997924805
182,60,cvae,3,43,0.359375,0.25,0.5432098765432098,1.0,5.606123924255371,1.253196120262146
183,60,cvae,3,43,0.34375,0.3984375,0.47235023041474655,1.0,7.967839241027832,1.3735607862472534
184,60,cvae,3,43,0.3671875,0.4296875,0.38235294117647056,1.0,4.8627519607543945,0.8225633502006531
185,60,cvae,3,43,0.46875,0.609375,0.46,1.0,7.46936559677124,1.2905193567276
186,60,cvae,3,43,0.28125,0.4375,0.40419615773508594,1.0,4.098186016082764,0.8265477418899536
187,60,cvae,3,43,0.3046875,0.421875,0.4357311320754717,1.0,6.153332710266113,1.3672394752502441
188,60,cvae,3,43,0.328125,0.40625,0.5384615384615384,1.0,7.538887023925781,1.2452372312545776
189,60,cvae,3,43,0.28125,0.390625,0.3849673202614379,1.0,4.217430114746094,0.8605759143829346
190,60,cvae,3,43,0.2734375,0.375,0.3829268292682927,1.0,5.356700897216797,1.1691566705703735
191,60,cvae,3,43,0.296875,0.4140625,0.3608103928240025,1.0,6.468287467956543,1.3882070779800415
192,60,cvae,3,43,0.328125,0.40625,0.44680851063829785,1.0,7.698038101196289,1.3634077310562134
193,60,cvae,3,43,0.28125,0.375,0.3953488372093023,1.0,5.992853164672852,1.2512171268463135
194,60,cvae,3,43,0.4375,0.40625,0.4827586206896552,1.0,5.573060035705566,1.1490880250930786
195,60,cvae,3,43,0.375,0.453125,0.47058823529411764,1.0,6.07650089263916,1.1471284627914429
196,60,cvae,3,43,0.359375,0.46875,0.5,1.0,3.9626846313476562,0.8171661496162415
197,60,cvae,3,43,0.3671875,0.421875,0.46170731707317075,1.0,5.584237098693848,1.1152080297470093
198,60,cvae,3,43,0.359375,0.3984375,0.4561971129915381,1.0,7.081467151641846,1.1580955982208252
199,60,cvae,3,43,0.28125,0.453125,0.42857142857142855,1.0,4.467233657836914,0.9466427564620972
200,60,cvae,3,43,0.359375,0.484375,0.46,1.0,4.1206817626953125,0.703670084476471
201,60,cvae,3,43,0.265625,0.40625,0.3737373737373737,1.0,3.8228073120117188,0.7733073830604553
202,60,cvae,3,43,0.34375,0.4609375,0.41382036685642,1.0,4.915546417236328,1.0517244338989258
203,60,cvae,3,43,0.328125,0.4375,0.42,1.0,6.002233028411865,1.1098285913467407
204,60,cvae,3,43,0.3671875,0.3828125,0.48958333333333337,1.0,5.674396514892578,1.0810798406600952
205,60,cvae,3,43,0.328125,0.484375,0.40425531914893614,1.0,4.736003398895264,1.023490309715271
206,60,cvae,3,43,0.328125,0.328125,0.525,1.0,7.22224235534668,1.226369857788086
207,60,cvae,3,43,0.328125,0.359375,0.4375,1.0,5.793708801269531,1.1422719955444336
208,60,cvae,3,43,0.3125,0.5625,0.38,1.0,3.553093910217285,0.7849971652030945
209,60,cvae,3,43,0.328125,0.578125,0.4117647058823529,1.0,4.609402179718018,1.0438878536224365
210,60,cvae,3,43,0.296875,0.390625,0.46808510638297873,1.0,7.010743141174316,1.048517107963562
211,60,cvae,3,43,0.296875,0.328125,0.3902439024390244,1.0,4.5150651931762695,1.028860330581665
212,60,cvae,3,43,0.265625,0.4296875,0.3505527210884354,1.0,6.139218330383301,1.0819646120071411
213,60,cvae,3,43,0.296875,0.375,0.4186046511627907,1.0,5.739127159118652,1.034813642501831
214,60,cvae,3,43,0.296875,0.390625,0.3958333333333333,1.0,5.521882057189941,0.9562239646911621
215,60,cvae,3,43,0.390625,0.5,0.5,1.0,8.068568229675293,1.2592077255249023
216,60,cvae,3,43,0.3125,0.453125,0.3658170914542729,1.0,6.574990272521973,1.3982903957366943
217,60,cvae,3,43,0.3671875,0.390625,0.4805456171735242,1.0,3.1342623233795166,0.6471023559570312
218,60,cvae,3,43,0.390625,0.375,0.5,1.0,4.2503767013549805,0.7871432304382324
219,60,cvae,3,43,0.328125,0.390625,0.46296296296296297,1.0,7.0017595291137695,1.5421963930130005
220,60,cvae,3,43,0.28125,0.390625,0.43180686908909904,1.0,2.9287023544311523,0.7384064793586731
221,60,cvae,3,43,0.28125,0.328125,0.5051020408163265,1.0,7.293770790100098,1.231494665145874
222,60,cvae,3,43,0.359375,0.4140625,0.45700290275761973,1.0,6.033904075622559,1.1762058734893799
223,60,cvae,3,43,0.28125,0.34375,0.425,1.0,6.32468318939209,1.12100350856781
224,60,cvae,3,43,0.296875,0.4609375,0.4343891402714932,1.0,5.164277076721191,1.0401383638381958
225,60,cvae,3,43,0.40625,0.5625,0.4642857142857143,1.0,5.949553489685059,1.0737041234970093
226,60,cvae,3,43,0.328125,0.4140625,0.47540809836760656,1.0,5.568662166595459,1.1300175189971924
227,60,cvae,3,43,0.390625,0.546875,0.4657534246575342,1.0,4.0087666511535645,0.9080489873886108
228,60,cvae,3,43,0.28125,0.4296875,0.3633540372670807,1.0,4.74018669128418,0.8878203630447388
229,60,cvae,3,43,0.390625,0.5,0.5121951219512195,1.0,5.219223499298096,1.1686776876449585
230,60,cvae,3,43,0.3203125,0.46875,0.4357696566998892,1.0,6.032985687255859,1.1399105787277222
231,60,cvae,3,43,0.3515625,0.453125,0.45555555555555555,1.0,5.715121269226074,1.0836739540100098
232,60,cvae,3,43,0.4375,0.5625,0.5,1.0,6.633518695831299,1.4358471632003784
233,60,cvae,3,43,0.40625,0.5703125,0.5060975609756098,1.0,3.419447898864746,0.7925361394882202
234,60,cvae,3,43,0.3828125,0.4296875,0.4736519607843137,1.0,5.786955833435059,1.306219458580017
235,60,cvae,3,43,0.40625,0.453125,0.39705882352941174,1.0,5.223659515380859,1.147265076637268
236,60,cvae,3,43,0.375,0.4375,0.45098039215686275,1.0,6.877614974975586,1.3420219421386719
237,60,cvae,3,43,0.359375,0.5,0.42592592592592593,1.0,3.9432590007781982,0.8852918148040771
238,60,cvae,3,43,0.375,0.4375,0.5192307692307692,1.0,6.777583122253418,1.4560030698776245
239,60,cvae,3,43,0.265625,0.359375,0.3877551020408163,1.0,5.3953046798706055,1.2094063758850098
240,60,cvae,3,43,0.265625,0.40625,0.38636363636363635,1.0,6.251706123352051,0.9219536781311035
241,60,cvae,3,43,0.375,0.375,0.5,1.0,3.9644105434417725,0.8380966782569885
242,60,cvae,3,43,0.3203125,0.3125,0.44350696991929567,1.0,6.224874973297119,1.2448519468307495
243,60,cvae,3,43,0.3359375,0.4921875,0.4477503628447025,1.0,7.030307769775391,1.6146265268325806
244,60,cvae,3,43,0.359375,0.390625,0.4375,1.0,4.384744644165039,0.8212705850601196
245,60,cvae,3,43,0.328125,0.40625,0.41818181818181815,1.0,4.038340091705322,0.9089424014091492
246,60,cvae,3,43,0.390625,0.4296875,0.5130066545674532,1.0,6.953088760375977,1.1711008548736572
247,60,cvae,3,43,0.265625,0.421875,0.38235294117647056,1.0,8.398276329040527,1.426730990409851
248,60,cvae,3,43,0.4296875,0.4375,0.4940983606557377,1.0,8.109762191772461,1.3488191366195679
249,60,cvae,3,43,0.4375,0.546875,0.5,1.0,6.20442533493042,1.3627307415008545
250,60,cvae,3,43,0.328125,0.4296875,0.5,1.0,5.502072334289551,1.155976414680481
251,60,cvae,3,43,0.28125,0.3671875,0.4642857142857143,1.0,5.5973429679870605,1.1710542440414429
252,60,cvae,3,43,0.359375,0.390625,0.46938775510204084,1.0,5.952537536621094,1.084897518157959
253,60,cvae,3,43,0.421875,0.4375,0.425531914893617,1.0,4.092148780822754,0.8376712203025818
254,60,cvae,3,43,0.34375,0.359375,0.38095238095238093,1.0,5.152149677276611,0.9948849081993103
255,60,cvae,3,43,0.328125,0.453125,0.4375,1.0,4.003424644470215,0.8270122408866882
256,60,cvae,3,43,0.265625,0.46875,0.3958333333333333,1.0,3.340350389480591,0.6563283205032349
257,60,cvae,3,43,0.4296875,0.578125,0.4593267882187938,1.0,4.420348167419434,1.1372939348220825
258,60,cvae,3,43,0.453125,0.421875,0.58,1.0,4.534604072570801,0.933897852897644
259,60,cvae,3,43,0.34375,0.4140625,0.5060975609756098,1.0,7.3761677742004395,1.330894947052002
260,60,cvae,3,43,0.296875,0.421875,0.38095238095238093,1.0,3.97593355178833,0.7138053178787231
261,60,cvae,3,43,0.359375,0.34375,0.6025641025641025,1.0,5.98720645904541,0.9669208526611328
262,60,cvae,3,43,0.28125,0.5,0.41304347826086957,1.0,5.988256454467773,1.0578625202178955
263,60,cvae,3,43,0.3984375,0.4296875,0.5334016393442622,1.0,7.185635566711426,1.2962175607681274
264,60,cvae,3,43,0.421875,0.546875,0.4191176470588235,1.0,5.351072311401367,0.9177895784378052
265,60,cvae,3,43,0.390625,0.40625,0.45454545454545453,1.0,6.132136344909668,1.0766490697860718
266,60,cvae,3,43,0.3671875,0.4453125,0.4763794406651549,1.0,6.219095230102539,1.3206851482391357
267,60,cvae,3,43,0.265625,0.4375,0.3695652173913043,1.0,6.679344177246094,1.3797500133514404
268,60,cvae,3,43,0.359375,0.484375,0.40350877192982454,1.0,5.706118583679199,1.1748098134994507
269,60,cvae,3,43,0.2890625,0.359375,0.4024390243902439,1.0,6.605881690979004,1.0103733539581299
270,60,cvae,3,43,0.359375,0.484375,0.42857142857142855,1.0,5.892787933349609,1.006830096244812
271,60,cvae,3,43,0.328125,0.421875,0.375,1.0,4.399022102355957,0.9489395618438721
272,60,cvae,3,43,0.390625,0.609375,0.41333333333333333,1.0,5.918659210205078,1.4393082857131958
273,60,cvae,3,43,0.421875,0.515625,0.46551724137931033,1.0,4.911592483520508,0.9130370616912842
274,60,cvae,3,43,0.3828125,0.4453125,0.48958333333333337,1.0,5.8970046043396,1.2956891059875488
275,60,cvae,3,43,0.359375,0.453125,0.45,1.0,5.436649322509766,0.8757708072662354
276,60,cvae,3,43,0.34375,0.453125,0.46808510638297873,1.0,3.005124092102051,0.5919466018676758
277,60,cvae,3,43,0.328125,0.390625,0.45161290322580644,1.0,4.978313446044922,0.9822025895118713
278,60,cvae,3,43,0.28125,0.390625,0.44562647754137114,1.0,6.278888702392578,1.0344091653823853
279,60,cvae,3,43,0.3046875,0.390625,0.46770833333333334,1.0,4.473355770111084,0.7691419124603271
280,60,cvae,3,43,0.390625,0.453125,0.48936170212765956,1.0,6.386476516723633,1.1626250743865967
281,60,cvae,3,43,0.3046875,0.28125,0.45760743321718933,1.0,8.825650215148926,1.4038020372390747
282,60,cvae,3,43,0.34375,0.453125,0.456959706959707,1.0,5.365517616271973,0.7677686214447021
283,60,cvae,3,43,0.703125,0.796875,0.5897435897435898,1.0,4.706393718719482,0.9474459290504456
284,60,cvae,3,43,0.2734375,0.4140625,0.32291666666666663,1.0,3.270571231842041,0.6830264925956726
285,60,cvae,3,43,0.3515625,0.4296875,0.46404255319148935,1.0,6.3165106773376465,1.1000502109527588
286,60,cvae,3,43,0.296875,0.34375,0.39655172413793105,1.0,4.166778564453125,0.7600365281105042
287,60,cvae,3,43,0.296875,0.453125,0.4090909090909091,1.0,6.103902816772461,1.126218557357788
288,60,cvae,3,43,0.390625,0.40625,0.4268292682926829,1.0,6.976134300231934,1.1892799139022827
289,60,cvae,3,43,0.3125,0.3984375,0.44173140954495005,1.0,4.114789962768555,0.7834545969963074
290,60,cvae,3,43,0.296875,0.453125,0.3958333333333333,1.0,4.924543857574463,0.9011627435684204
291,60,cvae,3,43,0.296875,0.4375,0.40588235294117647,1.0,5.926510810852051,1.0400999784469604
292,60,cvae,3,43,0.3203125,0.40625,0.3898809523809524,1.0,5.675850868225098,1.171923279762268
293,60,cvae,3,43,0.28125,0.5625,0.390625,1.0,10.449516296386719,1.7432199716567993
294,60,cvae,3,43,0.3046875,0.390625,0.40408163265306124,1.0,5.630611419677734,1.242355227470398
295,60,cvae,3,43,0.3359375,0.421875,0.4189971070395371,1.0,4.338595867156982,0.8152889013290405
296,60,cvae,3,43,0.328125,0.40625,0.38181818181818183,1.0,8.762782096862793,1.533833384513855
297,60,cvae,3,43,0.3359375,0.421875,0.44917440660474717,1.0,4.213428974151611,1.0813281536102295
298,60,cvae,3,43,0.2890625,0.5,0.40667311411992263,1.0,4.820817947387695,0.940593957901001
299,60,cvae,3,43,0.34375,0.46875,0.46808510638297873,1.0,4.6469011306762695,0.9316329956054688
300,60,cvae,3,43,0.5078125,0.71875,0.5,1.0,3.821378469467163,0.7372191548347473
301,60,cvae,3,43,0.265625,0.3671875,0.4083333333333333,1.0,5.960705757141113,0.9017736911773682
302,60,cvae,3,43,0.34375,0.40625,0.4690016103059581,1.0,5.379543304443359,1.08097505569458
303,60,cvae,3,43,0.375,0.546875,0.46153846153846156,1.0,5.567928791046143,1.0156019926071167
304,60,cvae,3,43,0.3203125,0.3515625,0.4725146198830409,1.0,6.087389945983887,1.2352761030197144
305,60,cvae,3,43,0.2890625,0.328125,0.42868589743589747,1.0,4.532039165496826,0.8258951306343079
306,60,cvae,3,43,0.453125,0.46875,0.5,1.0,5.049746513366699,0.7466843128204346
307,60,cvae,3,43,0.375,0.4375,0.4605263157894737,1.0,8.45888614654541,1.518820881843567
308,60,cvae,3,43,0.34375,0.484375,0.42885550154661956,1.0,5.621403694152832,1.1998076438903809
309,60,cvae,3,43,0.4140625,0.609375,0.46370322993284296,1.0,5.509307384490967,1.022682547569275
310,60,cvae,3,43,0.34375,0.359375,0.47368421052631576,1.0,4.5062642097473145,1.0625070333480835
311,60,cvae,3,43,0.453125,0.484375,0.5230769230769231,1.0,4.772787094116211,0.9218006134033203
312,60,cvae,3,43,0.2890625,0.40625,0.41388888888888886,1.0,4.0666093826293945,0.9905176758766174
313,60,cvae,3,43,0.375,0.53125,0.4318181818181818,1.0,7.425539016723633,1.3143320083618164
314,60,cvae,3,43,0.34375,0.421875,0.4117647058823529,1.0,4.136767387390137,1.0518949031829834
315,60,cvae,3,43,0.3125,0.515625,0.40816326530612246,1.0,4.500316619873047,0.9652697443962097
316,60,cvae,3,43,0.3359375,0.4609375,0.4074675324675324,1.0,8.036969184875488,1.3838497400283813
317,60,cvae,3,43,0.3203125,0.328125,0.48303287380699894,1.0,6.169986724853516,1.0880376100540161
318,60,cvae,3,43,0.3671875,0.4453125,0.44008587041373926,1.0,5.558094024658203,0.9941124320030212
319,60,cvae,3,43,0.34375,0.4296875,0.4817073170731707,1.0,5.632640838623047,1.3307783603668213
320,60,cvae,3,43,0.359375,0.4921875,0.45227272727272727,1.0,4.56755256652832,0.7151303291320801
321,60,cvae,3,43,0.5,0.5546875,0.5240274599542334,1.0,7.561089515686035,1.3737581968307495
322,60,cvae,3,43,0.3671875,0.453125,0.4724600456621004,1.0,5.969080448150635,1.157403588294983
323,60,cvae,3,43,0.328125,0.4453125,0.4211309523809524,1.0,5.201330184936523,1.0667365789413452
324,60,cvae,3,43,0.265625,0.296875,0.43243243243243246,1.0,6.435305595397949,1.3028593063354492
325,60,cvae,3,43,0.40625,0.4375,0.4375,1.0,4.306428909301758,0.831778883934021
326,60,cvae,3,43,0.375,0.4140625,0.4825581395348837,1.0,5.727622032165527,1.1233999729156494
327,60,cvae,3,43,0.3828125,0.53125,0.46875,1.0,5.387262344360352,1.1518858671188354
328,60,cvae,3,43,0.3515625,0.4296875,0.5,1.0,10.274211883544922,1.3964722156524658
329,60,cvae,3,43,0.3203125,0.3828125,0.4596938775510204,1.0,4.933671474456787,1.0136489868164062
330,60,cvae,3,43,0.328125,0.46875,0.4411764705882353,1.0,5.382806301116943,1.0586905479431152
331,60,cvae,3,43,0.3359375,0.3984375,0.47965801886792453,1.0,3.019038200378418,0.6333346366882324
332,60,cvae,3,43,0.296875,0.40625,0.4050632911392405,1.0,6.569265365600586,1.179634928703308
333,60,cvae,3,43,0.296875,0.4296875,0.4224308300395257,1.0,3.8849446773529053,0.7353045344352722
334,60,cvae,3,43,0.359375,0.4765625,0.48,1.0,5.075934886932373,1.1160047054290771
335,60,cvae,3,43,0.328125,0.359375,0.4375,1.0,5.918856620788574,0.9542632102966309
336,60,cvae,3,43,0.328125,0.453125,0.5,1.0,5.180452823638916,1.1049821376800537
337,60,cvae,3,43,0.28125,0.390625,0.42857142857142855,1.0,5.6656270027160645,1.276954174041748
338,60,cvae,3,43,0.359375,0.40625,0.47619047619047616,1.0,6.212281227111816,1.4013540744781494
339,60,cvae,3,43,0.34375,0.390625,0.4444444444444444,1.0,6.0196967124938965,1.0803687572479248
340,60,cvae,3,43,0.25,0.359375,0.3958333333333333,1.0,4.414022445678711,0.8355614542961121
341,60,cvae,3,43,0.375,0.421875,0.46153846153846156,1.0,5.944578170776367,1.0903241634368896
342,60,cvae,3,43,0.28125,0.390625,0.4142857142857143,1.0,4.57334041595459,1.0307049751281738
343,60,cvae,3,43,0.46875,0.5625,0.5084745762711864,1.0,5.10246467590332,1.0036770105361938
344,60,cvae,3,43,0.4375,0.484375,0.5245901639344263,1.0,5.729126930236816,1.0848289728164673
345,60,cvae,3,43,0.390625,0.421875,0.47560975609756095,1.0,4.223844528198242,0.7614772319793701
346,60,cvae,3,43,0.375,0.4375,0.5217391304347826,1.0,5.942008972167969,1.377575397491455
347,60,cvae,3,43,0.296875,0.359375,0.4411764705882353,1.0,5.311304092407227,1.1435956954956055
348,60,cvae,3,43,0.328125,0.40625,0.41304347826086957,1.0,9.034760475158691,1.5225940942764282
349,60,cvae,3,43,0.28125,0.421875,0.45,1.0,5.271703243255615,1.0494635105133057
350,60,cvae,3,43,0.484375,0.515625,0.5849056603773585,1.0,5.597296237945557,1.1672765016555786
351,60,cvae,3,43,0.3046875,0.3359375,0.43813131313131315,1.0,5.291550159454346,1.1060773134231567
352,60,cvae,3,43,0.3125,0.4140625,0.4470108695652174,1.0,3.980328321456909,0.9036744236946106
353,60,cvae,3,43,0.375,0.4375,0.46296296296296297,1.0,6.827450752258301,1.288935899734497
354,60,cvae,3,43,0.3984375,0.4140625,0.48865248226950353,1.0,5.710029602050781,1.0999079942703247
355,60,cvae,3,43,0.3828125,0.5078125,0.4150660264105642,1.0,5.451816082000732,0.9643919467926025
356,60,cvae,3,43,0.390625,0.46875,0.46296296296296297,1.0,3.920456647872925,0.7580580711364746
357,60,cvae,3,43,0.375,0.5,0.42105263157894735,1.0,5.0008697509765625,0.8941696882247925
358,60,cvae,3,43,0.328125,0.5,0.4358974358974359,1.0,4.775302886962891,0.9220157861709595
359,60,cvae,3,43,0.3515625,0.375,0.40938697318007666,1.0,4.039566993713379,0.7416149973869324
360,60,cvae,3,43,0.328125,0.3984375,0.43768996960486317,1.0,3.7269012928009033,0.6986226439476013
361,60,cvae,3,43,0.3046875,0.4140625,0.4542857142857143,1.0,6.473020076751709,1.4278932809829712
362,60,cvae,3,43,0.3203125,0.3515625,0.47487745098039214,1.0,6.246162414550781,1.1438387632369995
363,60,cvae,3,43,0.328125,0.40625,0.5121951219512195,1.0,5.474278926849365,1.1145614385604858
364,60,cvae,3,43,0.296875,0.40625,0.4230769230769231,1.0,4.508127212524414,0.9270026087760925
365,60,cvae,3,43,0.296875,0.421875,0.3888888888888889,1.0,4.940767765045166,0.7666454315185547
366,60,cvae,3,43,0.296875,0.3515625,0.41982864137086906,1.0,5.707860946655273,1.2182018756866455
367,60,cvae,3,43,0.328125,0.421875,0.41875,1.0,5.844414234161377,1.12526535987854
368,60,cvae,3,43,0.359375,0.359375,0.4406779661016949,1.0,6.809913635253906,1.3015247583389282
369,60,cvae,3,43,0.390625,0.5,0.4083333333333333,1.0,3.255462646484375,0.7292948365211487
370,60,cvae,3,43,0.4140625,0.4453125,0.5104166666666667,1.0,5.466533184051514,1.2595207691192627
371,60,cvae,3,43,0.3515625,0.59375,0.39583333333333337,1.0,3.7425713539123535,0.812698245048523
372,60,cvae,3,43,0.34375,0.46875,0.42463235294117646,1.0,6.743379592895508,1.4031153917312622
373,60,cvae,3,43,0.359375,0.5234375,0.47878787878787876,1.0,8.664196968078613,1.6296874284744263
374,60,cvae,3,43,0.34375,0.453125,0.525,1.0,5.286952972412109,1.0654016733169556
375,60,cvae,3,43,0.421875,0.53125,0.46255411255411255,1.0,6.03315544128418,1.3763988018035889
376,60,cvae,3,43,0.375,0.6015625,0.46,1.0,5.101190567016602,1.0301759243011475
377,60,cvae,3,43,0.375,0.4453125,0.45881458966565347,1.0,5.855205535888672,1.1706390380859375
378,60,cvae,3,43,0.3984375,0.5234375,0.41710526315789476,1.0,6.434523582458496,1.2627111673355103
379,60,cvae,3,43,0.328125,0.390625,0.42874999999999996,1.0,3.5602669715881348,0.8054873943328857
380,60,cvae,3,43,0.3828125,0.515625,0.45978391356542614,1.0,6.2444963455200195,1.2034974098205566
381,60,cvae,3,43,0.4375,0.359375,0.5853658536585366,1.0,5.335623741149902,0.9938342571258545
382,60,cvae,3,43,0.3125,0.375,0.4418604651162791,1.0,4.079311370849609,0.8867838382720947
383,60,cvae,3,43,0.4140625,0.421875,0.5136165577342048,1.0,5.842428684234619,1.1170947551727295
384,60,cvae,3,43,0.3046875,0.421875,0.42041343669250647,1.0,9.53124713897705,1.6993257999420166
385,60,cvae,3,43,0.375,0.3828125,0.47996794871794873,1.0,5.046135902404785,1.0369316339492798
386,60,cvae,3,43,0.359375,0.4609375,0.45837104072398194,1.0,4.868503570556641,0.8490485548973083
387,60,cvae,3,43,0.328125,0.390625,0.4211309523809524,1.0,5.1538896560668945,1.2409770488739014
388,60,cvae,3,43,0.328125,0.375,0.4375,1.0,4.851377487182617,0.9961565136909485
389,60,cvae,3,43,0.296875,0.40625,0.41304347826086957,1.0,5.294552803039551,1.0472713708877563
390,60,cvae,3,43,0.3359375,0.3828125,0.40408163265306124,1.0,5.923995018005371,1.1053327322006226
391,60,cvae,3,43,0.265625,0.4375,0.40425531914893614,1.0,6.375576972961426,1.4569767713546753
392,60,cvae,3,43,0.28125,0.4609375,0.42167919799498743,1.0,5.724008083343506,1.1794170141220093
393,60,cvae,3,43,0.3515625,0.46875,0.4079939668174962,1.0,6.295101165771484,1.0684709548950195
394,60,cvae,3,43,0.3359375,0.4375,0.4083333333333333,1.0,4.8393096923828125,1.0162941217422485
395,60,cvae,3,43,0.515625,0.625,0.5212765957446809,1.0,6.678712844848633,1.230500340461731
396,60,cvae,3,43,0.375,0.375,0.5128205128205128,1.0,8.556957244873047,1.2381529808044434
397,60,cvae,3,43,0.296875,0.359375,0.4,1.0,5.582277297973633,0.9860743880271912
398,60,cvae,3,43,0.3359375,0.359375,0.4685897435897436,1.0,5.946573257446289,1.1485764980316162
399,60,cvae,3,43,0.2734375,0.3125,0.4417344173441734,1.0,7.386125564575195,1.3381444215774536
400,60,cvae,3,43,0.328125,0.484375,0.4050480769230769,1.0,3.870107650756836,0.6902825236320496
401,60,cvae,3,43,0.359375,0.46875,0.4583333333333333,1.0,7.311191082000732,1.4153416156768799
402,60,cvae,3,43,0.46875,0.46875,0.4770451539769507,1.0,5.521481037139893,1.202633261680603
403,60,cvae,3,43,0.34375,0.40625,0.43859649122807015,1.0,4.021251678466797,0.7422862648963928
404,60,cvae,3,43,0.359375,0.453125,0.42535903250188967,1.0,6.141216278076172,1.2282397747039795
405,60,cvae,3,43,0.296875,0.328125,0.38,1.0,4.695277214050293,0.8592638969421387
406,60,cvae,3,43,0.3125,0.390625,0.4176305353602115,1.0,7.679492950439453,1.3417508602142334
407,60,cvae,3,43,0.3046875,0.3671875,0.41413288288288286,1.0,6.0779194831848145,1.1815115213394165
408,60,cvae,3,43,0.265625,0.328125,0.425531914893617,1.0,5.307314395904541,1.1885658502578735
409,60,cvae,3,43,0.296875,0.453125,0.40350877192982454,1.0,7.509242057800293,1.376129388809204
410,60,cvae,3,43,0.3125,0.390625,0.4897959183673469,1.0,4.0403900146484375,0.9702180624008179
411,60,cvae,3,43,0.34375,0.515625,0.46,1.0,5.166182518005371,0.9230635166168213
412,60,cvae,3,43,0.265625,0.328125,0.42,1.0,6.066677093505859,1.0024712085723877
413,60,cvae,3,43,0.34375,0.3984375,0.48198757763975153,1.0,5.191501140594482,0.9120277762413025
414,60,cvae,3,43,0.484375,0.8125,0.58,1.0,6.729432106018066,1.37787926197052
415,60,cvae,3,43,0.3125,0.421875,0.3612938596491228,1.0,5.905733108520508,1.0251325368881226
416,60,cvae,3,43,0.53125,0.59375,0.4936231884057971,1.0,5.134213447570801,1.236681342124939
417,60,cvae,3,43,0.34375,0.46875,0.4444444444444444,1.0,4.792997360229492,0.941329300403595
418,60,cvae,3,43,0.421875,0.4921875,0.43007518796992483,1.0,4.083703517913818,0.905500590801239
419,60,cvae,3,43,0.296875,0.390625,0.5178571428571429,1.0,3.8845136165618896,0.8435874581336975
420,60,cvae,3,43,0.359375,0.40625,0.4583333333333333,1.0,6.576179504394531,1.1695269346237183
421,60,cvae,3,43,0.40625,0.46875,0.4772727272727273,1.0,5.454183578491211,1.1202483177185059
422,60,cvae,3,43,0.265625,0.390625,0.4,1.0,6.3317060470581055,1.204301357269287
423,60,cvae,3,43,0.359375,0.4375,0.46581801037246584,1.0,5.466447830200195,1.2295972108840942
424,60,cvae,3,43,0.3125,0.421875,0.3958333333333333,1.0,8.30368423461914,1.4990276098251343
425,60,cvae,3,43,0.40625,0.5,0.4551963993453355,1.0,6.030060291290283,1.2287460565567017
426,60,cvae,3,43,0.34375,0.4453125,0.452991452991453,1.0,5.235241413116455,0.9696459770202637
427,60,cvae,3,43,0.359375,0.5078125,0.39505649717514124,1.0,5.425229072570801,0.8974612951278687
428,60,cvae,3,43,0.3125,0.453125,0.41875,1.0,3.4864444732666016,0.6569030284881592
429,60,cvae,3,43,0.359375,0.4375,0.453125,1.0,3.915846347808838,0.8820956349372864
430,60,cvae,3,43,0.40625,0.484375,0.4177215189873418,1.0,5.790426254272461,1.3015410900115967
431,60,cvae,3,43,0.296875,0.375,0.4365217391304348,1.0,4.7482757568359375,0.8394710421562195
432,60,cvae,3,43,0.328125,0.375,0.41304347826086957,1.0,4.300629138946533,0.9074207544326782
433,60,cvae,3,43,0.390625,0.421875,0.5228981544771019,1.0,7.7964677810668945,1.5540411472320557
434,60,cvae,3,43,0.3125,0.40625,0.4353571428571429,1.0,4.217653751373291,0.7347280383110046
435,60,cvae,3,43,0.2578125,0.4609375,0.3983100233100233,1.0,4.967574119567871,0.9011301398277283
436,60,cvae,3,43,0.421875,0.4375,0.4426229508196721,1.0,4.440189838409424,0.8108620047569275
437,60,cvae,3,43,0.265625,0.390625,0.425,1.0,5.340526580810547,1.1435660123825073
438,60,cvae,3,43,0.28125,0.40625,0.4807692307692308,1.0,8.235315322875977,1.2001725435256958
439,60,cvae,3,43,0.34375,0.3125,0.4583333333333333,1.0,6.982165336608887,1.2520711421966553
440,60,cvae,3,43,0.34375,0.515625,0.42333333333333334,1.0,5.46612548828125,1.0380834341049194
441,60,cvae,3,43,0.265625,0.34375,0.3488372093023256,1.0,4.797957897186279,0.9238079190254211
442,60,cvae,3,43,0.390625,0.5,0.5238095238095238,1.0,5.364563941955566,1.005942463874817
443,60,cvae,3,43,0.3125,0.359375,0.5357142857142857,1.0,5.714915752410889,1.0433017015457153
444,60,cvae,3,43,0.265625,0.40625,0.3829787234042553,1.0,6.6815996170043945,1.0194560289382935
445,60,cvae,3,43,0.296875,0.40625,0.38636363636363635,1.0,1.8695415258407593,0.38330844044685364
446,60,cvae,3,43,0.3359375,0.453125,0.4110207768744354,1.0,7.821478843688965,1.253679633140564
447,60,cvae,3,43,0.3828125,0.3359375,0.5243506493506493,1.0,4.404684066772461,0.8968866467475891
448,60,cvae,3,43,0.28125,0.375,0.40425531914893614,1.0,4.797243595123291,0.992333173751831
449,60,cvae,3,43,0.328125,0.4609375,0.4084448160535117,1.0,5.581783294677734,1.2232518196105957
450,60,cvae,3,43,0.328125,0.375,0.49295774647887325,1.0,4.2498393058776855,0.8496513366699219
451,60,cvae,3,43,0.34375,0.328125,0.4915254237288136,1.0,7.1344685554504395,1.2212880849838257
452,60,cvae,3,43,0.34375,0.421875,0.4222222222222222,1.0,5.0214033126831055,1.0590636730194092
453,60,cvae,3,43,0.3828125,0.40625,0.5,1.0,4.686583518981934,0.9601594805717468
454,60,cvae,3,43,0.296875,0.453125,0.39375284997720017,1.0,6.218311309814453,1.1040765047073364
455,60,cvae,3,43,0.328125,0.375,0.46808510638297873,1.0,6.407841682434082,1.2594187259674072
456,60,cvae,3,43,0.28125,0.421875,0.425,1.0,5.854524612426758,1.2417924404144287
457,60,cvae,3,43,0.3203125,0.359375,0.3902394775036284,1.0,5.981178283691406,0.9024367332458496
458,60,cvae,3,43,0.3203125,0.421875,0.43358395989974935,1.0,5.020110130310059,1.0368653535842896
459,60,cvae,3,43,0.265625,0.375,0.375,1.0,3.6835522651672363,0.7034540176391602
460,60,cvae,3,43,0.3359375,0.484375,0.4137037037037037,1.0,4.502564430236816,0.9503624439239502
461,60,cvae,3,43,0.4140625,0.4609375,0.5186829448760636,1.0,6.852630615234375,1.4009476900100708
462,60,cvae,3,43,0.3359375,0.4453125,0.49070080862533694,1.0,4.6911139488220215,1.1086103916168213
463,60,cvae,3,43,0.40625,0.515625,0.49056603773584906,1.0,6.649967670440674,1.167833685874939
464,60,cvae,3,43,0.4140625,0.4296875,0.45993589743589747,1.0,5.820066452026367,1.0834132432937622
465,60,cvae,3,43,0.4140625,0.4375,0.5049019607843137,1.0,6.761335372924805,1.3236112594604492
466,60,cvae,3,43,0.3203125,0.4765625,0.42397660818713445,1.0,6.11777400970459,1.0792824029922485
467,60,cvae,3,43,0.2734375,0.3984375,0.42180232558139535,1.0,6.5495405197143555,1.28402841091156
468,60,cvae,3,43,0.34375,0.4140625,0.4660138248847926,1.0,3.81229567527771,0.7424962520599365
469,60,cvae,3,43,0.421875,0.453125,0.48214285714285715,1.0,4.7559123039245605,0.9280892610549927
470,60,cvae,3,43,0.3203125,0.3984375,0.4259090909090909,1.0,4.696983337402344,0.9733120799064636
471,60,cvae,3,43,0.296875,0.359375,0.35185185185185186,1.0,3.5493786334991455,0.8339171409606934
472,60,cvae,3,43,0.34375,0.4375,0.48,1.0,6.74197244644165,1.2986223697662354
473,60,cvae,3,43,0.296875,0.421875,0.3923611111111111,1.0,5.360271453857422,1.0205729007720947
474,60,cvae,3,43,0.3125,0.46875,0.3779887482419128,1.0,3.7358975410461426,0.7656626105308533
475,60,cvae,3,43,0.34375,0.46875,0.4180134016554986,1.0,6.741368770599365,1.3224821090698242
476,60,cvae,3,43,0.28125,0.3125,0.4,1.0,6.5011749267578125,1.1302218437194824
477,60,cvae,3,43,0.3125,0.421875,0.4482758620689655,1.0,4.7902092933654785,0.999525785446167
478,60,cvae,3,43,0.3046875,0.421875,0.3770833333333333,1.0,3.875234365463257,0.8140990138053894
479,60,cvae,3,43,0.296875,0.375,0.46759259259259256,1.0,4.415675640106201,0.6799455285072327
480,60,cvae,3,43,0.375,0.40625,0.5714285714285714,1.0,6.194887638092041,1.1610580682754517
481,60,cvae,3,43,0.3125,0.390625,0.46808510638297873,1.0,6.656911849975586,1.2707509994506836
482,60,cvae,3,43,0.3046875,0.4453125,0.4128008371119637,1.0,5.263944625854492,1.0336053371429443
483,60,cvae,3,43,0.2890625,0.3984375,0.4880952380952381,1.0,5.344064712524414,0.8957503437995911
484,60,cvae,3,43,0.3515625,0.3984375,0.4722222222222222,1.0,6.342306137084961,1.2499232292175293
485,60,cvae,3,43,0.3671875,0.375,0.5147169811320755,1.0,6.588815689086914,1.3135532140731812
486,60,cvae,3,43,0.3125,0.515625,0.45454545454545453,1.0,4.149392127990723,0.9675555229187012
487,60,cvae,3,43,0.359375,0.453125,0.36923076923076925,1.0,3.3719098567962646,0.6410682797431946
488,60,cvae,3,43,0.359375,0.53125,0.46,1.0,4.570825099945068,0.9338998198509216
489,60,cvae,3,43,0.3359375,0.453125,0.42348927875243664,1.0,4.787768363952637,0.9512778520584106
490,60,cvae,3,43,0.40625,0.46875,0.48484848484848486,1.0,5.996245384216309,1.243118405342102
491,60,cvae,3,43,0.375,0.421875,0.45652173913043476,1.0,7.532693862915039,1.3220605850219727
492,60,cvae,3,43,0.328125,0.4375,0.4583333333333333,1.0,6.7658772468566895,1.3232288360595703
493,60,cvae,3,43,0.28125,0.375,0.391304347826087,1.0,7.344871520996094,1.3317334651947021
494,60,cvae,3,43,0.34375,0.359375,0.46938775510204084,1.0,7.014954566955566,1.1870027780532837
495,60,cvae,3,43,0.28125,0.3125,0.46774193548387094,1.0,8.975442886352539,1.3977088928222656
496,60,cvae,3,43,0.3125,0.453125,0.4056267806267806,1.0,6.322693347930908,1.2469340562820435
497,60,cvae,3,43,0.296875,0.34375,0.38636363636363635,1.0,3.454864501953125,0.7299608588218689
498,60,cvae,3,43,0.2890625,0.328125,0.4327027027027027,1.0,7.274057388305664,1.331908106803894
499,60,cvae,3,43,0.421875,0.328125,0.577485380116959,1.0,4.053276062011719,0.9337747693061829
500,60,cvae,3,43,0.3203125,0.4140625,0.4502415458937198,1.0,4.171406269073486,0.902758002281189
501,60,cvae,3,43,0.359375,0.484375,0.4318181818181818,1.0,3.998023748397827,0.8215687870979309
502,60,cvae,3,43,0.3359375,0.4296875,0.43559718969555034,1.0,4.514493942260742,0.8879005312919617
503,60,cvae,3,43,0.3203125,0.3046875,0.48863636363636365,1.0,6.187580585479736,1.2009786367416382
504,60,cvae,3,43,0.265625,0.40625,0.4807692307692308,1.0,5.601390361785889,1.1597800254821777
505,60,cvae,3,43,0.3125,0.359375,0.40476190476190477,1.0,5.114704132080078,0.9242024421691895
506,60,cvae,3,43,0.3125,0.4140625,0.4141120507399577,1.0,3.970350742340088,0.7357142567634583
507,60,cvae,3,43,0.3046875,0.5234375,0.43512820512820516,1.0,6.074701309204102,1.1370288133621216
508,60,cvae,3,43,0.328125,0.453125,0.3611111111111111,1.0,3.9715006351470947,0.8416489958763123
509,60,cvae,3,43,0.328125,0.3984375,0.46582849774339136,1.0,5.577092170715332,1.2974933385849
510,60,cvae,3,43,0.3515625,0.5234375,0.39982876712328763,1.0,5.578231334686279,1.1621289253234863
511,60,cvae,3,43,0.3125,0.4375,0.5034453057708872,1.0,5.622422218322754,1.0651066303253174
512,60,cvae,3,43,0.421875,0.4296875,0.4956140350877193,1.0,3.663731575012207,0.8798523545265198
513,60,cvae,3,43,0.421875,0.484375,0.40298507462686567,1.0,7.595447540283203,1.172926425933838
514,60,cvae,3,43,0.453125,0.5,0.4727272727272727,1.0,3.0582706928253174,0.7615890502929688
515,60,cvae,3,43,0.40625,0.53125,0.3962912087912088,1.0,6.691156387329102,1.3131757974624634
516,60,cvae,3,43,0.3203125,0.3515625,0.44718309859154926,1.0,7.988460540771484,1.4582401514053345
517,60,cvae,3,43,0.4140625,0.5390625,0.4474389517569982,1.0,4.910278797149658,0.9674387574195862
518,60,cvae,3,43,0.34375,0.484375,0.43137254901960786,1.0,5.396841049194336,1.14143967628479
519,60,cvae,3,43,0.2734375,0.328125,0.4309116809116809,1.0,10.363489151000977,1.6107032299041748
520,60,cvae,3,43,0.3125,0.359375,0.5,1.0,5.39263916015625,1.137532114982605
521,60,cvae,3,43,0.375,0.359375,0.4897959183673469,1.0,5.244703769683838,1.1370666027069092
522,60,cvae,3,43,0.3125,0.296875,0.45098039215686275,1.0,6.752314567565918,1.3499860763549805
523,60,cvae,3,43,0.28125,0.3359375,0.41704545454545455,1.0,3.9182968139648438,0.6839845180511475
524,60,cvae,3,43,0.3046875,0.375,0.49468599033816424,1.0,9.775426864624023,1.5006084442138672
525,60,cvae,3,43,0.3671875,0.453125,0.34483516483516485,1.0,3.8576626777648926,0.7568654417991638
526,60,cvae,3,43,0.40625,0.4375,0.48148148148148145,1.0,5.340668201446533,0.9503659009933472
527,60,cvae,3,43,0.359375,0.515625,0.4020618556701031,1.0,3.240192413330078,0.7214722037315369
528,60,cvae,3,43,0.28125,0.4375,0.4296052631578947,1.0,6.39367151260376,1.0636577606201172
529,60,cvae,3,43,0.265625,0.421875,0.40816326530612246,1.0,5.295398712158203,1.1198797225952148
530,60,cvae,3,43,0.296875,0.453125,0.4523809523809524,1.0,4.3445587158203125,0.862276554107666
531,60,cvae,3,43,0.6015625,0.5859375,0.5681186283595923,1.0,5.4339985847473145,1.0201834440231323
532,60,cvae,3,43,0.328125,0.375,0.41509433962264153,1.0,8.39396858215332,1.3003240823745728
533,60,cvae,3,43,0.328125,0.4921875,0.40119165839126114,1.0,5.151364803314209,0.9818201661109924
534,60,cvae,3,43,0.375,0.421875,0.4782608695652174,1.0,4.719428062438965,1.0614656209945679
535,60,cvae,3,43,0.296875,0.390625,0.4264705882352941,1.0,5.7564897537231445,1.0356849431991577
536,60,cvae,3,43,0.3828125,0.3828125,0.4391025641025641,1.0,5.5173821449279785,0.9492343068122864
537,60,cvae,3,43,0.359375,0.390625,0.46875,1.0,3.1117076873779297,0.5909583568572998
538,60,cvae,3,43,0.453125,0.4375,0.4964821763602252,1.0,4.695170879364014,1.0765010118484497
539,60,cvae,3,43,0.28125,0.4140625,0.4418604651162791,1.0,6.310421466827393,1.3745976686477661
540,60,cvae,3,43,0.328125,0.40625,0.4118788819875776,1.0,6.025224685668945,1.1300305128097534
541,60,cvae,3,43,0.40625,0.484375,0.42105263157894735,1.0,7.516075134277344,1.3628493547439575
542,60,cvae,3,43,0.3359375,0.484375,0.4142156862745098,1.0,5.798768997192383,1.152240514755249
543,60,cvae,3,43,0.296875,0.3515625,0.4285024154589372,1.0,9.32087516784668,1.3957031965255737
544,60,cvae,3,43,0.3046875,0.375,0.5053030303030303,1.0,4.960059642791748,0.9585868716239929
545,60,cvae,3,43,0.359375,0.3671875,0.47314323607427056,1.0,4.731119155883789,1.1004633903503418
546,60,cvae,3,43,0.328125,0.421875,0.4453125,1.0,4.067793846130371,0.8860226273536682
547,60,cvae,3,43,0.3125,0.328125,0.4909090909090909,1.0,4.930176734924316,0.977279007434845
548,60,cvae,3,43,0.390625,0.4375,0.5409836065573771,1.0,5.081996917724609,0.9691308736801147
549,60,cvae,3,43,0.34375,0.4375,0.4444444444444444,1.0,6.2765703201293945,1.1261570453643799
550,60,cvae,3,43,0.328125,0.46875,0.38,1.0,2.7088894844055176,0.5646573305130005
551,60,cvae,3,43,0.328125,0.390625,0.4666666666666667,1.0,4.5766706466674805,0.8067393898963928
552,60,cvae,3,43,0.3359375,0.4140625,0.43743589743589745,1.0,6.075995922088623,1.2632834911346436
553,60,cvae,3,43,0.390625,0.359375,0.5,1.0,6.339735984802246,1.2256112098693848
554,60,cvae,3,43,0.359375,0.4453125,0.45938375350140054,1.0,7.289652347564697,1.2398226261138916
555,60,cvae,3,43,0.296875,0.3984375,0.43465909090909094,1.0,3.7233874797821045,0.5980749726295471
556,60,cvae,3,43,0.296875,0.40625,0.39285714285714285,1.0,5.131117820739746,1.2823385000228882
557,60,cvae,3,43,0.421875,0.421875,0.5,1.0,5.753661155700684,1.236977219581604
558,60,cvae,3,43,0.296875,0.359375,0.40476190476190477,1.0,4.187333106994629,0.6807874441146851
559,60,cvae,3,43,0.296875,0.328125,0.4090909090909091,1.0,7.373105049133301,1.3791531324386597
560,60,cvae,3,43,0.296875,0.3984375,0.4274519716885743,1.0,6.39630126953125,1.2394474744796753
561,60,cvae,3,43,0.375,0.453125,0.46296296296296297,1.0,3.3524057865142822,0.7220449447631836
562,60,cvae,3,43,0.28125,0.4375,0.4115384615384615,1.0,3.136016368865967,0.8089670538902283
563,60,cvae,3,43,0.34375,0.515625,0.44,1.0,4.660993576049805,0.9439300894737244
564,60,cvae,3,43,0.359375,0.625,0.390625,1.0,5.359865188598633,1.0140224695205688
565,60,cvae,3,43,0.265625,0.328125,0.34151785714285715,1.0,6.585143566131592,1.1292548179626465
566,60,cvae,3,43,0.453125,0.546875,0.39622641509433965,1.0,3.4277255535125732,0.8016893267631531
567,60,cvae,3,43,0.3125,0.375,0.5094339622641509,1.0,11.987985610961914,1.5188074111938477
568,60,cvae,3,43,0.3046875,0.3984375,0.4658408408408409,1.0,8.317961692810059,1.228111743927002
569,60,cvae,3,43,0.265625,0.34375,0.38,1.0,4.9511823654174805,1.0788438320159912
570,60,cvae,3,43,0.390625,0.34375,0.44285714285714284,1.0,5.873453617095947,1.142087697982788
571,60,cvae,3,43,0.3671875,0.4765625,0.4924611973392461,1.0,5.299088478088379,0.9961363077163696
572,60,cvae,3,43,0.3515625,0.4140625,0.4913793103448276,1.0,5.580163955688477,1.0627375841140747
573,60,cvae,3,43,0.359375,0.453125,0.5141941391941393,1.0,4.659402847290039,1.0799036026000977
574,60,cvae,3,43,0.328125,0.4140625,0.4119318181818182,1.0,4.48118782043457,0.8552414178848267
575,60,cvae,3,43,0.2890625,0.359375,0.40429292929292926,1.0,9.488555908203125,1.4232319593429565
576,60,cvae,3,43,0.34375,0.40625,0.4,1.0,8.392512321472168,1.262129306793213
577,60,cvae,3,43,0.4453125,0.4453125,0.45714285714285713,1.0,4.439794540405273,0.9631814360618591
578,60,cvae,3,43,0.3671875,0.4140625,0.49510831586303283,1.0,3.870715379714966,0.7655301690101624
579,60,cvae,3,43,0.3671875,0.4453125,0.4731554160125589,1.0,4.827935218811035,0.9080256223678589
580,60,cvae,3,43,0.484375,0.5625,0.4489795918367347,1.0,6.329846382141113,1.2912847995758057
581,60,cvae,3,43,0.3046875,0.2890625,0.45534665099882493,1.0,9.123228073120117,1.7121002674102783
582,60,cvae,3,43,0.3125,0.375,0.42424242424242425,1.0,5.576427459716797,1.0640257596969604
583,60,cvae,3,43,0.34375,0.546875,0.3968253968253968,1.0,2.967804431915283,0.6247318983078003
584,60,cvae,3,43,0.328125,0.359375,0.4423076923076923,1.0,5.842971324920654,1.0266579389572144
585,60,cvae,3,43,0.3359375,0.4375,0.40978107344632764,1.0,5.176934719085693,1.042382001876831
586,60,cvae,3,43,0.265625,0.421875,0.3695652173913043,1.0,3.106907606124878,0.6482901573181152
587,60,cvae,3,43,0.3125,0.3984375,0.42708333333333337,1.0,4.6942362785339355,0.9608449935913086
588,60,cvae,3,43,0.328125,0.2578125,0.5535947712418301,1.0,5.252580165863037,1.101007342338562
589,60,cvae,3,43,0.484375,0.53125,0.5128205128205128,1.0,4.396256923675537,1.024609088897705
590,60,cvae,3,43,0.3125,0.3515625,0.45445134575569357,1.0,5.818972587585449,0.997575581073761
591,60,cvae,3,43,0.296875,0.421875,0.4375,1.0,4.7113847732543945,1.1178184747695923
592,60,cvae,3,43,0.296875,0.421875,0.36538461538461536,1.0,2.791768789291382,0.575172483921051
593,60,cvae,3,43,0.359375,0.375,0.5609756097560976,1.0,4.765437126159668,0.9981297254562378
594,60,cvae,3,43,0.328125,0.328125,0.4375,1.0,6.608905792236328,1.2540333271026611
595,60,cvae,3,43,0.3046875,0.4296875,0.41262755102040816,1.0,6.719560623168945,1.1748080253601074
596,60,cvae,3,43,0.3125,0.421875,0.4166666666666667,1.0,5.919797420501709,1.1434316635131836
597,60,cvae,3,43,0.3515625,0.484375,0.43126684636118595,1.0,5.391953945159912,1.111979365348816
598,60,cvae,3,43,0.34375,0.5,0.4090909090909091,1.0,7.7575907707214355,1.5575714111328125
599,60,cvae,3,43,0.4140625,0.546875,0.42705570291777184,1.0,4.225752830505371,0.8489193916320801
600,60,cvae,3,43,0.359375,0.4375,0.46551724137931033,1.0,6.721343040466309,1.223096489906311
601,60,cvae,3,43,0.296875,0.4609375,0.39335106382978724,1.0,7.033176422119141,1.2360249757766724
602,60,cvae,3,43,0.34375,0.421875,0.5,1.0,5.746400833129883,1.2351608276367188
603,60,cvae,3,43,0.265625,0.40625,0.425,1.0,6.863152503967285,1.2908339500427246
604,60,cvae,3,43,0.3046875,0.34375,0.43167701863354035,1.0,4.473912715911865,0.9325975775718689
605,60,cvae,3,43,0.3359375,0.4921875,0.4294871794871795,1.0,4.074835777282715,0.8266229033470154
606,60,cvae,3,43,0.2890625,0.3359375,0.45346320346320346,1.0,5.856973648071289,1.015493392944336
607,60,cvae,3,43,0.4375,0.5,0.46153846153846156,1.0,6.999371528625488,1.0340882539749146
608,60,cvae,3,43,0.328125,0.421875,0.4875541125541125,1.0,3.468817949295044,0.7281772494316101
609,60,cvae,3,43,0.328125,0.453125,0.4878048780487805,1.0,4.552037239074707,0.7794439196586609
610,60,cvae,3,43,0.296875,0.453125,0.4074074074074074,1.0,4.763059139251709,0.8898708820343018
611,60,cvae,3,43,0.390625,0.46875,0.4807692307692308,1.0,5.082892417907715,1.0580931901931763
612,60,cvae,3,43,0.328125,0.46875,0.39113712374581944,1.0,4.414069175720215,0.8825030326843262
613,60,cvae,3,43,0.359375,0.34375,0.47058823529411764,1.0,7.37537956237793,1.5236247777938843
614,60,cvae,3,43,0.3828125,0.4609375,0.48,1.0,5.867153167724609,1.020367980003357
615,60,cvae,3,43,0.328125,0.46875,0.42857142857142855,1.0,6.423342704772949,1.1054389476776123
616,60,cvae,3,43,0.59375,0.65625,0.5,1.0,5.1549530029296875,1.0661308765411377
617,60,cvae,3,43,0.34375,0.421875,0.4,1.0,3.9990200996398926,0.9330604076385498
618,60,cvae,3,43,0.3359375,0.4375,0.42562929061784893,1.0,5.304848670959473,0.962247371673584
619,60,cvae,3,43,0.484375,0.5546875,0.4806436567164179,1.0,5.308440208435059,0.9696511626243591
620,60,cvae,3,43,0.3671875,0.5078125,0.42727272727272725,1.0,6.195629119873047,1.19289231300354
621,60,cvae,3,43,0.375,0.453125,0.45311475409836066,1.0,6.210391998291016,1.2877373695373535
622,60,cvae,3,43,0.3125,0.5625,0.4444444444444444,1.0,5.358948707580566,1.1339750289916992
623,60,cvae,3,43,0.3671875,0.46875,0.4150313971742543,1.0,4.205471038818359,0.8087442517280579
624,60,cvae,3,43,0.2734375,0.375,0.4180602006688963,1.0,6.867054462432861,1.2545918226242065
625,60,cvae,3,43,0.328125,0.421875,0.42857142857142855,1.0,5.8069634437561035,0.9827585220336914
626,60,cvae,3,43,0.359375,0.453125,0.40384615384615385,1.0,4.177457809448242,1.0640738010406494
627,60,cvae,3,43,0.375,0.5,0.42857142857142855,1.0,5.8792195320129395,1.1614824533462524
628,60,cvae,3,43,0.4140625,0.3671875,0.5878676470588236,1.0,5.893498420715332,1.1902137994766235
629,60,cvae,3,43,0.296875,0.359375,0.375,1.0,5.482667922973633,0.9499971270561218
630,60,cvae,3,43,0.328125,0.359375,0.4339622641509434,1.0,6.055886268615723,1.1579339504241943
631,60,cvae,3,43,0.3125,0.40625,0.40816326530612246,1.0,3.457939624786377,0.7248517274856567
632,60,cvae,3,43,0.296875,0.359375,0.4166666666666667,1.0,5.605218887329102,1.1070178747177124
633,60,cvae,3,43,0.28125,0.3984375,0.3722943722943723,1.0,6.629438400268555,1.0394182205200195
634,60,cvae,3,43,0.375,0.578125,0.46153846153846156,1.0,4.534568786621094,0.9541024565696716
635,60,cvae,3,43,0.265625,0.421875,0.42,1.0,6.0272135734558105,1.351999044418335
636,60,cvae,3,43,0.3125,0.375,0.4067796610169492,1.0,5.365782260894775,1.2004239559173584
637,60,cvae,3,43,0.34375,0.375,0.4918032786885246,1.0,6.157289505004883,1.0062147378921509
638,60,cvae,3,43,0.359375,0.4609375,0.42424242424242425,1.0,3.5389962196350098,0.7427940368652344
639,60,cvae,3,43,0.3125,0.421875,0.40816326530612246,1.0,7.281038284301758,1.2128084897994995
640,60,cvae,3,43,0.390625,0.5078125,0.4307048984468339,1.0,3.223964214324951,0.6589130163192749
641,60,cvae,3,43,0.3359375,0.4296875,0.46137169885691764,1.0,4.364565372467041,0.9693048596382141
642,60,cvae,3,43,0.265625,0.40625,0.4,1.0,5.504462242126465,1.0743194818496704
643,60,cvae,3,43,0.2578125,0.390625,0.36709486166007904,1.0,3.5209779739379883,0.8055629134178162
644,60,cvae,3,43,0.328125,0.40625,0.425,1.0,4.765630722045898,0.8314906358718872
645,60,cvae,3,43,0.3125,0.40625,0.4330357142857143,1.0,7.56215763092041,1.507559061050415
646,60,cvae,3,43,0.296875,0.4453125,0.40878552971576226,1.0,5.116855144500732,1.125868797302246
647,60,cvae,3,43,0.265625,0.421875,0.40476190476190477,1.0,5.521376609802246,1.2753853797912598
648,60,cvae,3,43,0.328125,0.375,0.4411764705882353,1.0,5.760445594787598,1.0468648672103882
649,60,cvae,3,43,0.3671875,0.4140625,0.5315928038613427,1.0,6.8413543701171875,1.3119927644729614
650,60,cvae,3,43,0.34375,0.40625,0.4909090909090909,1.0,8.077341079711914,1.6280505657196045
651,60,cvae,3,43,0.34375,0.4375,0.46808510638297873,1.0,5.153946876525879,0.9680635929107666
652,60,cvae,3,43,0.3125,0.375,0.3958333333333333,1.0,7.901479721069336,1.3950080871582031
653,60,cvae,3,43,0.3515625,0.4140625,0.46529411764705886,1.0,4.325789451599121,1.051137924194336
654,60,cvae,3,43,0.359375,0.359375,0.48,1.0,4.561033248901367,0.9275779724121094
655,60,cvae,3,43,0.359375,0.515625,0.41015625,1.0,3.830073595046997,0.6930187344551086
656,60,cvae,3,43,0.28125,0.3359375,0.4641449960598897,1.0,8.154074668884277,1.5525734424591064
657,60,cvae,3,43,0.375,0.515625,0.48214285714285715,1.0,5.50897216796875,1.0485576391220093
658,60,cvae,3,43,0.2890625,0.4140625,0.4012382075471698,1.0,8.141382217407227,1.148801565170288
659,60,cvae,3,43,0.3671875,0.46875,0.41346153846153844,1.0,4.767874240875244,1.0393394231796265
660,60,cvae,3,43,0.296875,0.390625,0.40476190476190477,1.0,3.7825794219970703,0.686546802520752
661,60,cvae,3,43,0.34375,0.4453125,0.464193046185781,1.0,4.686825752258301,0.9332975745201111
662,60,cvae,3,43,0.2734375,0.296875,0.5284722222222222,1.0,7.048095703125,1.4433202743530273
663,60,cvae,3,43,0.296875,0.375,0.4222222222222222,1.0,6.209421157836914,1.0639286041259766
664,60,cvae,3,43,0.359375,0.484375,0.3888888888888889,1.0,3.701146364212036,0.7977710962295532
665,60,cvae,3,43,0.328125,0.390625,0.4375,1.0,7.67677116394043,1.3237959146499634
666,60,cvae,3,43,0.296875,0.421875,0.4375,1.0,6.278345584869385,1.1699079275131226
667,60,cvae,3,43,0.359375,0.40625,0.43990384615384615,1.0,5.170164108276367,1.181278944015503
668,60,cvae,3,43,0.2734375,0.359375,0.37256235827664397,1.0,7.003656387329102,1.343940019607544
669,60,cvae,3,43,0.28125,0.3515625,0.39260385005065856,1.0,6.171420097351074,1.0980861186981201
670,60,cvae,3,43,0.3125,0.390625,0.4511904761904762,1.0,7.2258100509643555,1.329240083694458
671,60,cvae,3,43,0.359375,0.375,0.4727272727272727,1.0,5.952896595001221,1.1011464595794678
672,60,cvae,3,43,0.375,0.453125,0.4772727272727273,1.0,4.768104076385498,1.0968570709228516
673,60,cvae,3,43,0.28125,0.328125,0.43902439024390244,1.0,4.975604057312012,1.0398998260498047
674,60,cvae,3,43,0.296875,0.4375,0.4222222222222222,1.0,3.9271740913391113,0.7251354455947876
675,60,cvae,3,43,0.375,0.4453125,0.4598997493734336,1.0,5.860403060913086,1.190726399421692
676,60,cvae,3,43,0.3046875,0.40625,0.446078431372549,1.0,6.8741912841796875,1.2792315483093262
677,60,cvae,3,43,0.328125,0.4375,0.4482758620689655,1.0,6.534949779510498,1.0771335363388062
678,60,cvae,3,43,0.3359375,0.4296875,0.4465217391304348,1.0,7.8918633460998535,1.3301693201065063
679,60,cvae,3,43,0.390625,0.421875,0.5,1.0,4.348812103271484,0.9987348318099976
680,60,cvae,3,43,0.3046875,0.3984375,0.3939393939393939,1.0,5.241806983947754,1.0217647552490234
681,60,cvae,3,43,0.390625,0.484375,0.3958333333333333,1.0,7.454432964324951,1.2556220293045044
682,60,cvae,3,43,0.328125,0.375,0.4375,1.0,5.084211826324463,1.0171103477478027
683,60,cvae,3,43,0.34375,0.3828125,0.515625,1.0,2.7490408420562744,0.5202226042747498
684,60,cvae,3,43,0.359375,0.40625,0.4727272727272727,1.0,5.133604049682617,0.8797455430030823
685,60,cvae,3,43,0.296875,0.453125,0.4222222222222222,1.0,3.9145309925079346,0.8048973679542542
686,60,cvae,3,43,0.390625,0.4375,0.5,1.0,6.6519269943237305,1.4127442836761475
687,60,cvae,3,43,0.359375,0.46875,0.4634146341463415,1.0,8.617520332336426,1.5530855655670166
688,60,cvae,3,43,0.3203125,0.4375,0.4330357142857143,1.0,6.015364170074463,1.0173225402832031
689,60,cvae,3,43,0.296875,0.3984375,0.48253205128205123,1.0,5.103494644165039,1.0155190229415894
690,60,cvae,3,43,0.421875,0.4609375,0.4695147679324895,1.0,6.440260887145996,1.1333669424057007
691,60,cvae,3,43,0.2890625,0.3828125,0.4221276595744681,1.0,4.99080753326416,1.04596745967865
692,60,cvae,3,43,0.3203125,0.421875,0.41886409736308317,1.0,5.524894714355469,0.9290305376052856
693,60,cvae,3,43,0.2734375,0.359375,0.40212765957446805,1.0,9.422388076782227,1.4897100925445557
694,60,cvae,3,43,0.25,0.359375,0.3404255319148936,1.0,6.308762073516846,1.269088625907898
695,60,cvae,3,43,0.296875,0.375,0.390625,1.0,7.632265090942383,1.3934826850891113
696,60,cvae,3,43,0.28125,0.40625,0.37777777777777777,1.0,6.177245140075684,1.223648190498352
697,60,cvae,3,43,0.328125,0.46875,0.4375,1.0,3.427729368209839,0.7451802492141724
698,60,cvae,3,43,0.3828125,0.3671875,0.46635030198446936,1.0,6.645350456237793,1.3527910709381104
699,60,cvae,3,43,0.2890625,0.3125,0.40064102564102566,1.0,6.071450710296631,1.0791648626327515
700,60,cvae,3,43,0.328125,0.46875,0.4074074074074074,1.0,5.007142066955566,1.1693195104599
701,60,cvae,3,43,0.5,0.546875,0.4772727272727273,1.0,5.781316757202148,1.2769719362258911
702,60,cvae,3,43,0.375,0.609375,0.41369047619047616,1.0,7.09060525894165,1.1165874004364014
703,60,cvae,3,43,0.359375,0.40625,0.5,1.0,4.426318168640137,0.8693134188652039
704,60,cvae,3,43,0.390625,0.46875,0.4782608695652174,1.0,7.388716697692871,1.272078514099121
705,60,cvae,3,43,0.40625,0.484375,0.4603174603174603,1.0,4.528177261352539,1.1111774444580078
706,60,cvae,3,43,0.21875,0.390625,0.34146341463414637,1.0,6.525997638702393,1.3089332580566406
707,60,cvae,3,43,0.3203125,0.3984375,0.4587706146926537,1.0,4.103269577026367,0.9651941657066345
708,60,cvae,3,43,0.296875,0.421875,0.42857142857142855,1.0,4.780811309814453,0.8531118631362915
709,60,cvae,3,43,0.3046875,0.40625,0.4301572617946346,1.0,5.675091743469238,1.0614973306655884
710,60,cvae,3,43,0.328125,0.421875,0.5121951219512195,1.0,3.7893996238708496,0.672347903251648
711,60,cvae,3,43,0.265625,0.375,0.4000553709856035,1.0,5.677775859832764,1.006855845451355
712,60,cvae,3,43,0.296875,0.453125,0.41666666666666663,1.0,4.655906677246094,0.9531849026679993
713,60,cvae,3,43,0.359375,0.5,0.4807692307692308,1.0,5.828449726104736,1.1444506645202637
714,60,cvae,3,43,0.3203125,0.4296875,0.4018342391304348,1.0,3.4582488536834717,0.7248219847679138
715,60,cvae,3,43,0.328125,0.375,0.5,1.0,3.882495880126953,0.7332895398139954
716,60,cvae,3,43,0.3671875,0.3828125,0.4697855750487329,1.0,6.447953224182129,1.1287806034088135
717,60,cvae,3,43,0.359375,0.4296875,0.44166666666666665,1.0,7.573602199554443,1.3447811603546143
718,60,cvae,3,43,0.296875,0.4375,0.3695652173913043,1.0,4.538346290588379,0.9747691750526428
719,60,cvae,3,43,0.296875,0.40625,0.4081868640148011,1.0,3.5231308937072754,0.7095377445220947
720,60,cvae,3,43,0.359375,0.359375,0.48936170212765956,1.0,7.172795295715332,1.274247646331787
721,60,cvae,3,43,0.265625,0.3125,0.5625,1.0,4.737314224243164,1.0020456314086914
722,60,cvae,3,43,0.359375,0.390625,0.5142857142857142,1.0,4.1528215408325195,0.8218129277229309
723,60,cvae,3,43,0.40625,0.4375,0.5416666666666666,1.0,4.988686561584473,1.1554718017578125
724,60,cvae,3,43,0.3515625,0.4765625,0.417184265010352,1.0,7.157164096832275,1.3462986946105957
725,60,cvae,3,43,0.4765625,0.6015625,0.5059523809523809,1.0,6.915989398956299,1.2544912099838257
726,60,cvae,3,43,0.28125,0.390625,0.3829787234042553,1.0,6.769579887390137,1.2282172441482544
727,60,cvae,3,43,0.28125,0.296875,0.4033898305084746,1.0,7.653148651123047,1.185510277748108
728,60,cvae,3,43,0.25,0.375,0.41145833333333337,1.0,5.806473731994629,1.1938726902008057
729,60,cvae,3,43,0.328125,0.3984375,0.46939655172413797,1.0,5.955025672912598,1.2068158388137817
730,60,cvae,3,43,0.4296875,0.4140625,0.5094658553076403,1.0,3.124727725982666,0.676232635974884
731,60,cvae,3,43,0.328125,0.390625,0.44680851063829785,1.0,5.755380630493164,1.1899653673171997
732,60,cvae,3,43,0.328125,0.40625,0.421875,1.0,7.185201644897461,1.1324496269226074
733,60,cvae,3,43,0.328125,0.484375,0.4117647058823529,1.0,3.799184560775757,0.8744364380836487
734,60,cvae,3,43,0.484375,0.5625,0.5714285714285714,1.0,6.927923202514648,1.4027918577194214
735,60,cvae,3,43,0.375,0.40625,0.4816870144284129,1.0,5.5523295402526855,0.9618493318557739
736,60,cvae,3,43,0.4140625,0.390625,0.571298984034833,1.0,7.460789680480957,1.4077768325805664
737,60,cvae,3,43,0.265625,0.3671875,0.430448717948718,1.0,4.765692710876465,1.0281230211257935
738,60,cvae,3,43,0.328125,0.46875,0.4444444444444444,1.0,3.409837484359741,0.7401009798049927
739,60,cvae,3,43,0.359375,0.359375,0.5194805194805194,1.0,6.867676734924316,1.204481840133667
740,60,cvae,3,43,0.34375,0.421875,0.47368421052631576,1.0,5.697664260864258,1.2112276554107666
741,60,cvae,3,43,0.3203125,0.4375,0.390139751552795,1.0,5.524866580963135,1.0301578044891357
742,60,cvae,3,43,0.34375,0.359375,0.4489795918367347,1.0,6.65802001953125,1.2011831998825073
743,60,cvae,3,43,0.4375,0.46875,0.509090909090909,1.0,7.5625810623168945,1.3625632524490356
744,60,cvae,3,43,0.2890625,0.421875,0.4180672268907563,1.0,4.359345436096191,0.8178756237030029
745,60,cvae,3,43,0.359375,0.484375,0.4189814814814815,1.0,5.625,1.273582935333252
746,60,cvae,3,43,0.28125,0.375,0.3953488372093023,1.0,5.348393440246582,1.2484512329101562
747,60,cvae,3,43,0.296875,0.40625,0.40476190476190477,1.0,5.326286315917969,1.0238991975784302
748,60,cvae,3,43,0.328125,0.484375,0.42857142857142855,1.0,5.528794288635254,0.9274345636367798
749,60,cvae,3,43,0.3125,0.40625,0.42767558528428096,1.0,4.3354926109313965,0.7743491530418396
750,60,cvae,3,43,0.3125,0.3828125,0.4361904761904762,1.0,3.444655656814575,0.6845525503158569
751,60,cvae,3,43,0.3203125,0.609375,0.47417503586800575,1.0,5.860206604003906,1.085433006286621
752,60,cvae,3,43,0.3515625,0.3984375,0.4903846153846154,1.0,5.184812545776367,1.0722699165344238
753,60,cvae,3,43,0.34375,0.4765625,0.42340425531914894,1.0,5.806450843811035,1.1307992935180664
754,60,cvae,3,43,0.2421875,0.328125,0.40984848484848485,1.0,8.377265930175781,1.7512729167938232
755,60,cvae,3,43,0.3125,0.40625,0.3575530586766542,1.0,7.183298110961914,1.4031375646591187
756,60,cvae,3,43,0.3125,0.4765625,0.41909090909090907,1.0,4.4565582275390625,0.8075839877128601
757,60,cvae,3,43,0.34375,0.453125,0.4409722222222222,1.0,6.105658054351807,1.2415117025375366
758,60,cvae,3,43,0.296875,0.421875,0.5,1.0,4.233743667602539,0.7814575433731079
759,60,cvae,3,43,0.328125,0.375,0.4772727272727273,1.0,4.972726345062256,1.001646876335144
760,60,cvae,3,43,0.296875,0.3984375,0.4392156862745098,1.0,3.558281898498535,0.7228086590766907
761,60,cvae,3,43,0.359375,0.3984375,0.53584229390681,1.0,9.28921890258789,1.4444952011108398
762,60,cvae,3,43,0.4375,0.515625,0.4871212121212121,1.0,4.055975437164307,0.7120192646980286
763,60,cvae,3,43,0.3515625,0.4296875,0.446078431372549,1.0,7.056547164916992,1.2670968770980835
764,60,cvae,3,43,0.3515625,0.3984375,0.40848214285714285,1.0,6.67176628112793,1.1897414922714233
765,60,cvae,3,43,0.359375,0.484375,0.46,1.0,2.852304458618164,0.6130630373954773
766,60,cvae,3,43,0.390625,0.375,0.47878787878787876,1.0,5.33924674987793,0.9754041433334351
767,60,cvae,3,43,0.28125,0.359375,0.4418604651162791,1.0,5.751262664794922,1.1132999658584595
768,60,cvae,3,43,0.359375,0.4375,0.3392857142857143,1.0,3.133824110031128,0.6437463164329529
769,60,cvae,3,43,0.359375,0.4375,0.5172413793103449,1.0,7.170541286468506,1.2959848642349243
770,60,cvae,3,43,0.375,0.4921875,0.3834005376344086,1.0,3.0567595958709717,0.5773524045944214
771,60,cvae,3,43,0.421875,0.53125,0.47540983606557374,1.0,4.284294128417969,0.7762643694877625
772,60,cvae,3,43,0.296875,0.421875,0.4418604651162791,1.0,5.357788562774658,0.9698721766471863
773,60,cvae,3,43,0.34375,0.359375,0.45,1.0,5.2200927734375,1.0480552911758423
774,60,cvae,3,43,0.328125,0.484375,0.5526315789473685,1.0,6.453869819641113,1.0105057954788208
775,60,cvae,3,43,0.328125,0.421875,0.40384615384615385,1.0,4.813776016235352,0.925887942314148
776,60,cvae,3,43,0.28125,0.453125,0.4444444444444444,1.0,8.578161239624023,1.5647395849227905
777,60,cvae,3,43,0.2890625,0.3125,0.399203431372549,1.0,4.311388969421387,0.9212130904197693
778,60,cvae,3,43,0.2890625,0.375,0.41142998515586343,1.0,6.292397499084473,1.2581477165222168
779,60,cvae,3,43,0.296875,0.390625,0.42561475409836064,1.0,7.163641929626465,1.3239883184432983
780,60,cvae,3,43,0.359375,0.40625,0.4423076923076923,1.0,6.123455047607422,1.179578185081482
781,60,cvae,3,43,0.40625,0.484375,0.47540983606557374,1.0,5.709476470947266,1.045379400253296
782,60,cvae,3,43,0.4375,0.40625,0.4084507042253521,1.0,6.36290168762207,1.2121226787567139
783,60,cvae,3,43,0.328125,0.5,0.38181818181818183,1.0,8.371088027954102,1.4170804023742676
784,60,cvae,3,43,0.328125,0.375,0.42874999999999996,1.0,5.409055709838867,1.0860226154327393
785,60,cvae,3,43,0.5625,0.53125,0.5588235294117647,1.0,8.315754890441895,1.274336576461792
786,60,cvae,3,43,0.328125,0.4375,0.44680851063829785,1.0,5.89436674118042,0.8452324271202087
787,60,cvae,3,43,0.296875,0.4140625,0.4193722943722944,1.0,4.882716655731201,0.8412201404571533
788,60,cvae,3,43,0.3125,0.484375,0.4148077835785477,1.0,3.7920875549316406,0.888951301574707
789,60,cvae,3,43,0.3359375,0.421875,0.40362318840579714,1.0,4.758811950683594,0.8808040022850037
790,60,cvae,3,43,0.359375,0.484375,0.4107142857142857,1.0,5.323888778686523,1.0437254905700684
791,60,cvae,3,43,0.359375,0.484375,0.46770833333333334,1.0,7.162093162536621,1.4371898174285889
792,60,cvae,3,43,0.375,0.453125,0.42857142857142855,1.0,4.2286481857299805,0.8290799260139465
793,60,cvae,3,43,0.53125,0.5078125,0.5932203389830508,1.0,6.202686786651611,1.1537872552871704
794,60,cvae,3,43,0.328125,0.5,0.3888888888888889,1.0,9.315743446350098,1.42994225025177
795,60,cvae,3,43,0.3203125,0.421875,0.458041958041958,1.0,6.743035316467285,1.1779582500457764
796,60,cvae,3,43,0.3125,0.40625,0.4014355742296919,1.0,5.32574987411499,1.0495193004608154
797,60,cvae,3,43,0.265625,0.4375,0.41025641025641024,1.0,5.485892295837402,1.2161730527877808
798,60,cvae,3,43,0.3046875,0.4375,0.39970355731225293,1.0,5.384088516235352,1.1804958581924438
799,60,cvae,3,43,0.3359375,0.4375,0.4286492374727669,1.0,4.835421085357666,1.0548603534698486
800,60,cvae,3,43,0.421875,0.546875,0.4909090909090909,1.0,7.431787014007568,1.3046191930770874
801,60,cvae,3,43,0.3046875,0.4296875,0.42454545454545456,1.0,5.595839023590088,1.1800167560577393
802,60,cvae,3,43,0.3125,0.34375,0.46153846153846156,1.0,5.546174049377441,1.0960369110107422
803,60,cvae,3,43,0.328125,0.40625,0.45238095238095233,1.0,4.593686103820801,0.8632199764251709
804,60,cvae,3,43,0.34375,0.453125,0.4583333333333333,1.0,5.009454727172852,1.202558159828186
805,60,cvae,3,43,0.3125,0.4140625,0.4039955604883463,1.0,6.303993225097656,1.3166595697402954
806,60,cvae,3,43,0.328125,0.390625,0.41379310344827586,1.0,6.698219299316406,1.1060501337051392
807,60,cvae,3,43,0.28125,0.359375,0.4090909090909091,1.0,4.389705657958984,0.9386382102966309
808,60,cvae,3,43,0.359375,0.5,0.45790816326530615,1.0,5.951432228088379,1.0771567821502686
809,60,cvae,3,43,0.359375,0.40625,0.46,1.0,7.338099479675293,1.3586583137512207
810,60,cvae,3,43,0.421875,0.46875,0.4266666666666667,1.0,5.211451530456543,1.0244107246398926
811,60,cvae,3,43,0.34375,0.3828125,0.4515993265993266,1.0,4.314172744750977,0.7836000919342041
812,60,cvae,3,43,0.2734375,0.375,0.33848207475209763,1.0,6.3392744064331055,1.0900580883026123
813,60,cvae,3,43,0.3125,0.3125,0.4166666666666667,1.0,6.823044776916504,1.05874764919281
814,60,cvae,3,43,0.40625,0.4375,0.45454545454545453,1.0,5.392035484313965,1.0681358575820923
815,60,cvae,3,43,0.359375,0.484375,0.4696969696969697,1.0,6.98476505279541,1.2184841632843018
816,60,cvae,3,43,0.3125,0.359375,0.4375,1.0,4.650062561035156,0.8822327256202698
817,60,cvae,3,43,0.375,0.375,0.46153846153846156,1.0,5.117168426513672,1.013410210609436
818,60,cvae,3,43,0.5,0.390625,0.5333333333333333,1.0,4.385066032409668,0.9521164298057556
819,60,cvae,3,43,0.3203125,0.4453125,0.42283431455004206,1.0,4.842546463012695,0.8291758298873901
820,60,cvae,3,43,0.328125,0.484375,0.390625,1.0,4.277715682983398,0.9388538002967834
821,60,cvae,3,43,0.515625,0.484375,0.576271186440678,1.0,5.437342643737793,1.093567132949829
822,60,cvae,3,43,0.390625,0.453125,0.4231166150670794,1.0,3.3803844451904297,0.7005897760391235
823,60,cvae,3,43,0.296875,0.515625,0.4,1.0,5.449954032897949,0.9801828265190125
824,60,cvae,3,43,0.3125,0.4296875,0.44667832167832167,1.0,6.034006118774414,1.2443666458129883
825,60,cvae,3,43,0.34375,0.453125,0.4782608695652174,1.0,4.988943099975586,1.1641755104064941
826,60,cvae,3,43,0.265625,0.421875,0.3953488372093023,1.0,4.227939128875732,0.8805880546569824
827,60,cvae,3,43,0.375,0.4375,0.43813131313131315,1.0,8.674907684326172,1.6588525772094727
828,60,cvae,3,43,0.390625,0.453125,0.5675675675675675,1.0,6.865574836730957,1.272233009338379
829,60,cvae,3,43,0.296875,0.4375,0.36363636363636365,1.0,5.577847480773926,1.125889539718628
830,60,cvae,3,43,0.453125,0.484375,0.47619047619047616,1.0,6.030183792114258,1.2511039972305298
831,60,cvae,3,43,0.3359375,0.3515625,0.4569520039584364,1.0,7.164748191833496,1.036503553390503
832,60,cvae,3,43,0.34375,0.390625,0.5116279069767442,1.0,6.150716781616211,1.326987862586975
833,60,cvae,3,43,0.453125,0.484375,0.3764705882352941,1.0,5.574353218078613,1.0425975322723389
834,60,cvae,3,43,0.3359375,0.34375,0.45163043478260867,1.0,4.138669490814209,0.8694753050804138
835,60,cvae,3,43,0.4140625,0.6171875,0.5180769230769231,1.0,3.323413133621216,0.6532341241836548
836,60,cvae,3,43,0.28125,0.3828125,0.4398809523809524,1.0,4.149053573608398,0.9396668076515198
837,60,cvae,3,43,0.390625,0.40625,0.4931506849315068,1.0,4.587961196899414,1.0877407789230347
838,60,cvae,3,43,0.2734375,0.4140625,0.37648809523809523,1.0,5.043034076690674,0.9766592979431152
839,60,cvae,3,43,0.3203125,0.4375,0.36668797953964194,1.0,4.195311546325684,0.9478834271430969
840,60,cvae,3,43,0.3203125,0.3125,0.431757359500446,1.0,5.7442755699157715,1.1996773481369019
841,60,cvae,3,43,0.28125,0.3515625,0.3975029036004646,1.0,7.22491979598999,1.206882357597351
842,60,cvae,3,43,0.296875,0.40625,0.42,1.0,4.221884250640869,0.9541627764701843
843,60,cvae,3,43,0.3125,0.34375,0.44285714285714284,1.0,4.547222137451172,1.031258463859558
844,60,cvae,3,43,0.3125,0.421875,0.4166666666666667,1.0,7.17220401763916,1.3136744499206543
845,60,cvae,3,43,0.265625,0.3984375,0.40568181818181814,1.0,7.025120735168457,1.107818365097046
846,60,cvae,3,43,0.296875,0.375,0.4117647058823529,1.0,5.1027374267578125,1.1095101833343506
847,60,cvae,3,43,0.328125,0.4375,0.39622641509433965,1.0,8.769180297851562,1.5009773969650269
848,60,cvae,3,43,0.359375,0.515625,0.43247126436781613,1.0,4.874599456787109,1.0685842037200928
849,60,cvae,3,43,0.40625,0.46875,0.4918032786885246,1.0,6.356871604919434,1.0574783086776733
850,60,cvae,3,43,0.296875,0.53125,0.40816326530612246,1.0,5.067752361297607,0.8430721163749695
851,60,cvae,3,43,0.453125,0.6171875,0.5018028846153846,1.0,5.639984130859375,1.090200662612915
852,60,cvae,3,43,0.3359375,0.4140625,0.42340686274509803,1.0,4.620440483093262,0.9570524096488953
853,60,cvae,3,43,0.3984375,0.46875,0.46577380952380953,1.0,6.342613220214844,1.1961236000061035
854,60,cvae,3,43,0.359375,0.4140625,0.504313725490196,1.0,5.557034969329834,1.0795366764068604
855,60,cvae,3,43,0.25,0.375,0.45161290322580644,1.0,5.541681289672852,1.0431345701217651
856,60,cvae,3,43,0.359375,0.484375,0.4423076923076923,1.0,3.040876865386963,0.5987156629562378
857,60,cvae,3,43,0.3671875,0.46875,0.408955223880597,1.0,6.173296928405762,1.125584363937378
858,60,cvae,3,43,0.28125,0.34375,0.4075091575091575,1.0,4.934679985046387,0.8804447054862976
859,60,cvae,3,43,0.546875,0.625,0.5384615384615384,1.0,4.156847953796387,0.9270796179771423
860,60,cvae,3,43,0.3515625,0.40625,0.5155865463494668,1.0,7.587339401245117,1.3869558572769165
861,60,cvae,3,43,0.375,0.40625,0.40540540540540543,1.0,4.6044416427612305,0.8409736752510071
862,60,cvae,3,43,0.234375,0.515625,0.3111111111111111,1.0,4.496984481811523,1.0330801010131836
863,60,cvae,3,43,0.3203125,0.328125,0.47619047619047616,1.0,5.219736099243164,1.0896856784820557
864,60,cvae,3,43,0.328125,0.4140625,0.42433176100628933,1.0,4.901696681976318,0.9262252449989319
865,60,cvae,3,43,0.359375,0.4140625,0.4909502262443439,1.0,6.703445911407471,1.4268652200698853
866,60,cvae,3,43,0.265625,0.40625,0.3541666666666667,1.0,5.250725746154785,1.0375170707702637
867,60,cvae,3,43,0.34375,0.453125,0.4,1.0,4.375789642333984,0.9340947270393372
868,60,cvae,3,43,0.34375,0.4375,0.4583333333333333,1.0,4.3300862312316895,0.9011132121086121
869,60,cvae,3,43,0.296875,0.390625,0.475,1.0,6.068516731262207,1.1399215459823608
870,60,cvae,3,43,0.296875,0.375,0.425531914893617,1.0,7.932173728942871,1.6653997898101807
871,60,cvae,3,43,0.34375,0.40625,0.44342818428184283,1.0,5.897546768188477,1.0489450693130493
872,60,cvae,3,43,0.328125,0.421875,0.37735849056603776,1.0,3.768589973449707,0.753564178943634
873,60,cvae,3,43,0.34375,0.4375,0.4722222222222222,1.0,5.811446189880371,0.8343722820281982
874,60,cvae,3,43,0.296875,0.375,0.4134182908545727,1.0,3.8826053142547607,0.8325241208076477
875,60,cvae,3,43,0.28125,0.40625,0.4186046511627907,1.0,7.832354545593262,1.4315197467803955
876,60,cvae,3,43,0.359375,0.46875,0.42203548085901027,1.0,4.966827392578125,1.0754987001419067
877,60,cvae,3,43,0.296875,0.3828125,0.4,1.0,8.881794929504395,1.3886055946350098
878,60,cvae,3,43,0.28125,0.390625,0.391304347826087,1.0,4.382075309753418,0.9993036389350891
879,60,cvae,3,43,0.3046875,0.40625,0.424822695035461,1.0,6.190591812133789,1.3378832340240479
880,60,cvae,3,43,0.296875,0.4296875,0.4451536643026005,1.0,6.2276506423950195,1.3117015361785889
881,60,cvae,3,43,0.3125,0.40625,0.3821982281284607,1.0,6.345196723937988,1.1989635229110718
882,60,cvae,3,43,0.2734375,0.40625,0.4165860735009671,1.0,7.8355302810668945,1.3756872415542603
883,60,cvae,3,43,0.3828125,0.4921875,0.458980044345898,1.0,7.687441349029541,1.487397313117981
884,60,cvae,3,43,0.34375,0.4609375,0.4532967032967033,1.0,6.493228912353516,1.083894968032837
885,60,cvae,3,43,0.328125,0.375,0.4666666666666667,1.0,4.582015037536621,0.9993720054626465
886,60,cvae,3,43,0.421875,0.46875,0.45,1.0,6.635167121887207,1.2915165424346924
887,60,cvae,3,43,0.3125,0.4609375,0.4614370468029005,1.0,4.57139253616333,0.9301689863204956
888,60,cvae,3,43,0.3359375,0.3984375,0.41173245614035087,1.0,5.367088317871094,0.9320276379585266
889,60,cvae,3,43,0.3671875,0.3984375,0.46403301886792453,1.0,6.267559051513672,1.2500685453414917
890,60,cvae,3,43,0.328125,0.421875,0.4375,1.0,5.862895965576172,1.4421230554580688
891,60,cvae,3,43,0.421875,0.4765625,0.46640316205533594,1.0,3.8613545894622803,0.8818250298500061
892,60,cvae,3,43,0.3671875,0.375,0.44590643274853803,1.0,7.664637565612793,1.2714765071868896
893,60,cvae,3,43,0.2890625,0.359375,0.40970072239422084,1.0,5.580690383911133,1.1075208187103271
894,60,cvae,3,43,0.375,0.4921875,0.36152219873150104,1.0,3.968862295150757,0.7397335767745972
895,60,cvae,3,43,0.40625,0.515625,0.4482758620689655,1.0,3.4148645401000977,0.7421535849571228
896,60,cvae,3,43,0.359375,0.4375,0.43636363636363634,1.0,5.034322738647461,0.962744951248169
897,60,cvae,3,43,0.296875,0.484375,0.4418604651162791,1.0,5.150488376617432,1.094364047050476
898,60,cvae,3,43,0.3125,0.421875,0.39473684210526316,1.0,9.048051834106445,1.5330076217651367
899,60,cvae,3,43,0.3046875,0.4296875,0.47857142857142854,1.0,3.422268867492676,0.8135421276092529
900,60,cvae,3,43,0.375,0.4375,0.4791666666666667,1.0,4.8515472412109375,0.9089215397834778
901,60,cvae,3,43,0.375,0.5703125,0.4504551820728291,1.0,4.6372222900390625,1.0535728931427002
902,60,cvae,3,43,0.40625,0.5,0.5,1.0,3.9131505489349365,0.8765283823013306
903,60,cvae,3,43,0.34375,0.4921875,0.41145833333333337,1.0,5.950581073760986,0.9446001648902893
904,60,cvae,3,43,0.359375,0.515625,0.4583333333333333,1.0,6.113452911376953,1.1501283645629883
905,60,cvae,3,43,0.34375,0.515625,0.4074074074074074,1.0,4.436737060546875,0.939785361289978
906,60,cvae,3,43,0.296875,0.421875,0.36857142857142855,1.0,4.605542182922363,1.018357753753662
907,60,cvae,3,43,0.359375,0.359375,0.4868421052631579,1.0,6.275903224945068,1.276726484298706
908,60,cvae,3,43,0.2578125,0.3203125,0.3879598662207358,1.0,7.6700239181518555,1.4757671356201172
909,60,cvae,3,43,0.359375,0.515625,0.46938775510204084,1.0,5.83428955078125,1.2450863122940063
910,60,cvae,3,43,0.28125,0.375,0.5,1.0,6.902289390563965,1.4897534847259521
911,60,cvae,3,43,0.3359375,0.390625,0.430952380952381,1.0,4.959989547729492,1.074431300163269
912,60,cvae,3,43,0.265625,0.3671875,0.40731707317073174,1.0,9.54790210723877,1.4111920595169067
913,60,cvae,3,43,0.28125,0.453125,0.38636363636363635,1.0,7.64654016494751,1.036583662033081
914,60,cvae,3,43,0.375,0.3984375,0.515625,1.0,4.655799865722656,0.9526458382606506
915,60,cvae,3,43,0.3125,0.4375,0.40340909090909094,1.0,5.112038612365723,0.9482114911079407
916,60,cvae,3,43,0.421875,0.421875,0.4666666666666667,1.0,5.584593772888184,1.1800183057785034
917,60,cvae,3,43,0.375,0.46875,0.41645353793691386,1.0,6.440214157104492,1.1826915740966797
918,60,cvae,3,43,0.375,0.375,0.4375,1.0,7.925058364868164,1.3398319482803345
919,60,cvae,3,43,0.3046875,0.3984375,0.44254658385093165,1.0,3.635288953781128,0.7112454771995544
920,60,cvae,3,43,0.3359375,0.421875,0.44953927161035545,1.0,3.454036235809326,0.9110010266304016
921,60,cvae,3,43,0.28125,0.375,0.4264550264550264,1.0,7.607359886169434,1.2449901103973389
922,60,cvae,3,43,0.5078125,0.5859375,0.4845641646489104,1.0,9.156156539916992,1.6944035291671753
923,60,cvae,3,43,0.3125,0.421875,0.44,1.0,3.8145999908447266,0.8265101909637451
924,60,cvae,3,43,0.359375,0.453125,0.4727272727272727,1.0,4.748839378356934,1.0252435207366943
925,60,cvae,3,43,0.28125,0.390625,0.43902439024390244,1.0,5.625802040100098,0.9504483938217163
926,60,cvae,3,43,0.40625,0.5078125,0.5081632653061224,1.0,4.830958366394043,1.1109066009521484
927,60,cvae,3,43,0.40625,0.390625,0.46551724137931033,1.0,4.586921691894531,0.9275469183921814
928,60,cvae,3,43,0.328125,0.3984375,0.4198717948717949,1.0,5.048343658447266,0.9996399879455566
929,60,cvae,3,43,0.359375,0.453125,0.4166666666666667,1.0,7.463061809539795,1.4566576480865479
930,60,cvae,3,43,0.28125,0.40625,0.46938775510204084,1.0,7.7080607414245605,1.4106905460357666
931,60,cvae,3,43,0.34375,0.421875,0.4166666666666667,1.0,7.013293266296387,1.3829176425933838
932,60,cvae,3,43,0.359375,0.40625,0.48936170212765956,1.0,4.226792335510254,0.9720380306243896
933,60,cvae,3,43,0.3515625,0.4296875,0.40568627450980393,1.0,5.826903343200684,1.1327433586120605
934,60,cvae,3,43,0.328125,0.484375,0.37777777777777777,1.0,6.256163597106934,1.24315345287323
935,60,cvae,3,43,0.296875,0.4375,0.38,1.0,4.721462249755859,0.9733487367630005
936,60,cvae,3,43,0.3046875,0.4296875,0.4524617996604414,1.0,7.130295753479004,1.1901839971542358
937,60,cvae,3,43,0.2890625,0.4921875,0.39767441860465114,1.0,4.562973976135254,0.9186157584190369
938,60,cvae,3,43,0.515625,0.6875,0.532258064516129,1.0,4.004263401031494,0.7303961515426636
939,60,cvae,3,43,0.34375,0.375,0.43137254901960786,1.0,5.260262489318848,0.8771718144416809
940,60,cvae,3,43,0.421875,0.59375,0.5294117647058824,1.0,5.4233527183532715,1.2482646703720093
941,60,cvae,3,43,0.265625,0.359375,0.3877551020408163,1.0,3.8321292400360107,0.7254015803337097
942,60,cvae,3,43,0.875,0.453125,0.6454545454545455,1.0,3.6946370601654053,0.779547393321991
943,60,cvae,3,43,0.40625,0.46875,0.42857142857142855,1.0,3.956618309020996,0.8518847227096558
944,60,cvae,3,43,0.3046875,0.3125,0.46288798920377866,1.0,4.688220977783203,1.0815021991729736
945,60,cvae,3,43,0.296875,0.46875,0.40725586470267316,1.0,3.890302896499634,0.8800172209739685
946,60,cvae,3,43,0.453125,0.6171875,0.4258312020460358,1.0,4.93204402923584,1.0590335130691528
947,60,cvae,3,43,0.328125,0.453125,0.3734693877551021,1.0,5.413726806640625,1.1419930458068848
948,60,cvae,3,43,0.328125,0.59375,0.359375,1.0,3.575310707092285,0.7332766652107239
949,60,cvae,3,43,0.4140625,0.453125,0.5408262849707222,1.0,8.014115333557129,1.4945249557495117
950,60,cvae,3,43,0.2890625,0.390625,0.41244527829893685,1.0,6.429843425750732,1.1968343257904053
951,60,cvae,3,43,0.296875,0.390625,0.41304347826086957,1.0,7.161530017852783,1.283844232559204
952,60,cvae,3,43,0.328125,0.4140625,0.4928571428571429,1.0,5.242998123168945,1.0721977949142456
953,60,cvae,3,43,0.3046875,0.4453125,0.41582406471183014,1.0,3.801016092300415,0.6753906011581421
954,60,cvae,3,43,0.265625,0.3671875,0.3525686136523575,1.0,3.2428033351898193,0.8181280493736267
955,60,cvae,3,43,0.3125,0.390625,0.44,1.0,6.7177934646606445,1.2665373086929321
956,60,cvae,3,43,0.421875,0.453125,0.46808510638297873,1.0,6.144310474395752,1.129873275756836
957,60,cvae,3,43,0.421875,0.46875,0.42,1.0,3.7962493896484375,0.7750471234321594
958,60,cvae,3,43,0.484375,0.5546875,0.4642857142857143,1.0,3.608203649520874,0.7959352135658264
959,60,cvae,3,43,0.296875,0.328125,0.4418604651162791,1.0,5.637931823730469,1.0223286151885986
960,60,cvae,3,43,0.328125,0.390625,0.4117647058823529,1.0,5.9901604652404785,1.218690037727356
961,60,cvae,3,43,0.359375,0.546875,0.42857142857142855,1.0,5.256621360778809,0.9006593227386475
962,60,cvae,3,43,0.359375,0.375,0.46938775510204084,1.0,6.126023292541504,1.2483540773391724
963,60,cvae,3,43,0.3125,0.4609375,0.3843223736968725,1.0,5.1822285652160645,0.9993089437484741
964,60,cvae,3,43,0.3046875,0.3984375,0.38169868554095043,1.0,5.566238880157471,1.165916085243225
965,60,cvae,3,43,0.3125,0.3828125,0.45213963963963966,1.0,4.944766044616699,1.078046441078186
966,60,cvae,3,43,0.296875,0.4375,0.4,1.0,6.454957962036133,1.0692894458770752
967,60,cvae,3,43,0.390625,0.515625,0.4553846153846154,1.0,5.273496627807617,1.1312707662582397
968,60,cvae,3,43,0.3125,0.484375,0.4264705882352941,1.0,5.027646064758301,0.9616033434867859
969,60,cvae,3,43,0.3125,0.4375,0.4444444444444444,1.0,5.419414520263672,0.9903774261474609
970,60,cvae,3,43,0.328125,0.5,0.3541666666666667,1.0,5.221576690673828,1.0813339948654175
971,60,cvae,3,43,0.328125,0.3984375,0.38998211091234347,1.0,5.547863960266113,1.1279970407485962
972,60,cvae,3,43,0.375,0.4375,0.49851190476190477,1.0,8.60020923614502,1.4574339389801025
973,60,cvae,3,43,0.390625,0.484375,0.5208333333333334,1.0,6.662217140197754,1.175094723701477
974,60,cvae,3,43,0.375,0.4921875,0.4543859649122807,1.0,6.019075870513916,1.32110595703125
975,60,cvae,3,43,0.4765625,0.6328125,0.5378542510121458,1.0,6.802516937255859,1.2409462928771973
976,60,cvae,3,43,0.296875,0.328125,0.3958333333333333,1.0,6.789024353027344,1.2065317630767822
977,60,cvae,3,43,0.328125,0.328125,0.5394736842105263,1.0,4.381045341491699,1.0580182075500488
978,60,cvae,3,43,0.296875,0.4375,0.4107142857142857,1.0,3.3081977367401123,0.7750709056854248
979,60,cvae,3,43,0.2734375,0.34375,0.4064625850340136,1.0,5.1455583572387695,0.8221016526222229
980,60,cvae,3,43,0.328125,0.4375,0.39622641509433965,1.0,3.305675983428955,0.6508524417877197
981,60,cvae,3,43,0.28125,0.375,0.4,1.0,5.301545143127441,0.8613593578338623
982,60,cvae,3,43,0.328125,0.40625,0.48717948717948717,1.0,6.204404354095459,1.2302674055099487
983,60,cvae,3,43,0.40625,0.4375,0.47213622291021673,1.0,6.285993576049805,1.3055846691131592
984,60,cvae,3,43,0.328125,0.40625,0.48936170212765956,1.0,4.842066764831543,0.895143985748291
985,60,cvae,3,43,0.3671875,0.5859375,0.36630824372759857,1.0,2.574270248413086,0.5705785751342773
986,60,cvae,3,43,0.2890625,0.4453125,0.3811975591151793,1.0,7.338197708129883,1.3270847797393799
987,60,cvae,3,43,0.4296875,0.5546875,0.4610013175230566,1.0,5.596574783325195,1.0343656539916992
988,60,cvae,3,43,0.3828125,0.453125,0.4833076527991782,1.0,8.36314868927002,1.5358306169509888
989,60,cvae,3,43,0.265625,0.34375,0.375,1.0,6.955753326416016,1.3537400960922241
990,60,cvae,3,43,0.3046875,0.40625,0.480293501048218,1.0,4.475782871246338,0.8566863536834717
991,60,cvae,3,43,0.359375,0.4609375,0.44155844155844154,1.0,7.560059547424316,1.3221473693847656
992,60,cvae,3,43,0.34375,0.421875,0.4489795918367347,1.0,3.6148831844329834,0.7651699185371399
993,60,cvae,3,43,0.421875,0.546875,0.5294117647058824,1.0,8.972627639770508,1.422822117805481
994,60,cvae,3,43,0.34375,0.5,0.4194847020933977,1.0,4.764805793762207,1.1434658765792847
995,60,cvae,3,43,0.359375,0.34375,0.38857142857142857,1.0,6.220715522766113,1.2671750783920288
996,60,cvae,3,43,0.3203125,0.3671875,0.4742647058823529,1.0,4.870394706726074,0.8918706774711609
997,60,cvae,3,43,0.296875,0.375,0.28888888888888886,1.0,7.141238212585449,1.5218571424484253
998,60,cvae,3,43,0.359375,0.40625,0.4423076923076923,1.0,6.218452453613281,1.0209001302719116
999,60,cvae,3,43,0.28125,0.453125,0.32936507936507936,1.0,6.714864730834961,1.2178714275360107
0,80,cvae,3,43,0.4296875,0.4296875,0.5575522098105876,1.0,5.053122520446777,0.844846785068512
1,80,cvae,3,43,0.390625,0.46875,0.45454545454545453,1.0,6.14124059677124,1.0833882093429565
2,80,cvae,3,43,0.328125,0.4296875,0.484029484029484,1.0,6.3419013023376465,1.123671531677246
3,80,cvae,3,43,0.3203125,0.390625,0.4722222222222222,1.0,7.742877006530762,1.1880133152008057
4,80,cvae,3,43,0.2578125,0.359375,0.36104651162790696,1.0,5.989628791809082,1.2279956340789795
5,80,cvae,3,43,0.265625,0.390625,0.38095238095238093,1.0,6.770277976989746,1.1235014200210571
6,80,cvae,3,43,0.25,0.4375,0.358974358974359,1.0,8.499874114990234,1.3367512226104736
7,80,cvae,3,43,0.390625,0.484375,0.4807692307692308,1.0,6.726640701293945,1.2386962175369263
8,80,cvae,3,43,0.2421875,0.34375,0.3905648267008986,1.0,8.199864387512207,1.415189504623413
9,80,cvae,3,43,0.3828125,0.4921875,0.4248960498960499,1.0,6.825822830200195,1.3990659713745117
10,80,cvae,3,43,0.265625,0.40625,0.38636363636363635,1.0,4.480745792388916,0.9150959849357605
11,80,cvae,3,43,0.375,0.515625,0.43630678077682683,1.0,3.837601900100708,0.6890300512313843
12,80,cvae,3,43,0.390625,0.40625,0.4230769230769231,1.0,5.487131118774414,1.2133362293243408
13,80,cvae,3,43,0.421875,0.4609375,0.47964669738863286,1.0,4.736793518066406,0.9859853386878967
14,80,cvae,3,43,0.375,0.421875,0.41929824561403506,1.0,5.2552490234375,0.8982906341552734
15,80,cvae,3,43,0.2890625,0.359375,0.4567792891619131,1.0,6.530326843261719,1.3176753520965576
16,80,cvae,3,43,0.265625,0.546875,0.358974358974359,1.0,6.945854187011719,1.1769369840621948
17,80,cvae,3,43,0.3125,0.4609375,0.3896276595744681,1.0,5.6928911209106445,1.190901517868042
18,80,cvae,3,43,0.296875,0.3984375,0.4083333333333333,1.0,7.354201316833496,1.3914477825164795
19,80,cvae,3,43,0.359375,0.375,0.4554901960784314,1.0,4.999476909637451,1.0844544172286987
20,80,cvae,3,43,0.453125,0.5,0.5,1.0,7.463319778442383,1.3270539045333862
21,80,cvae,3,43,0.390625,0.546875,0.43103448275862066,1.0,3.4728708267211914,0.6979990005493164
22,80,cvae,3,43,0.328125,0.359375,0.4642857142857143,1.0,6.998942852020264,1.040385365486145
23,80,cvae,3,43,0.3125,0.4375,0.35365853658536583,1.0,4.949855327606201,1.0471062660217285
24,80,cvae,3,43,0.3203125,0.4375,0.42376160990712075,1.0,5.993544578552246,1.052717924118042
25,80,cvae,3,43,0.3359375,0.4375,0.41929824561403506,1.0,4.232377052307129,0.8915904760360718
26,80,cvae,3,43,0.28125,0.34375,0.4,1.0,8.067561149597168,1.263383388519287
27,80,cvae,3,43,0.40625,0.5,0.4406779661016949,1.0,5.279038429260254,1.1569843292236328
28,80,cvae,3,43,0.34375,0.453125,0.4678184281842819,1.0,7.043704032897949,1.2499732971191406
29,80,cvae,3,43,0.3125,0.3828125,0.4222222222222222,1.0,4.783767223358154,0.9451496005058289
30,80,cvae,3,43,0.328125,0.421875,0.4423076923076923,1.0,6.45969820022583,1.2508167028427124
31,80,cvae,3,43,0.34375,0.453125,0.45454545454545453,1.0,9.40100383758545,1.7547836303710938
32,80,cvae,3,43,0.3125,0.5625,0.4,1.0,6.692983627319336,1.145094394683838
33,80,cvae,3,43,0.3046875,0.46875,0.40652173913043477,1.0,5.822550296783447,1.107573390007019
34,80,cvae,3,43,0.28125,0.4296875,0.40878552971576226,1.0,7.141401767730713,1.3763686418533325
35,80,cvae,3,43,0.3359375,0.421875,0.4279176201372997,1.0,3.6741700172424316,0.8187392354011536
36,80,cvae,3,43,0.390625,0.421875,0.5079365079365079,1.0,3.762697696685791,0.7728093266487122
37,80,cvae,3,43,0.3359375,0.4375,0.49324324324324326,1.0,4.434587478637695,0.9738329648971558
38,80,cvae,3,43,0.359375,0.390625,0.4224308300395257,1.0,6.314573287963867,1.253322720527649
39,80,cvae,3,43,0.5,0.5,0.5396306818181817,1.0,5.833644866943359,1.1852647066116333
40,80,cvae,3,43,0.2734375,0.4140625,0.38940602836879434,1.0,4.457183837890625,0.9744718670845032
41,80,cvae,3,43,0.359375,0.484375,0.40816326530612246,1.0,5.372981071472168,1.0164066553115845
42,80,cvae,3,43,0.328125,0.421875,0.4225352112676056,1.0,5.34163761138916,1.0839347839355469
43,80,cvae,3,43,0.296875,0.3125,0.5428571428571428,1.0,6.283665657043457,1.3532795906066895
44,80,cvae,3,43,0.296875,0.3671875,0.4531823745410037,1.0,7.396236896514893,1.4260191917419434
45,80,cvae,3,43,0.296875,0.390625,0.4222222222222222,1.0,4.947573661804199,1.0914291143417358
46,80,cvae,3,43,0.40625,0.5,0.46938775510204084,1.0,4.20755672454834,0.747633695602417
47,80,cvae,3,43,0.375,0.546875,0.5217391304347826,1.0,3.6626999378204346,0.8524307608604431
48,80,cvae,3,43,0.4375,0.453125,0.4090909090909091,1.0,3.504607915878296,0.7457483410835266
49,80,cvae,3,43,0.265625,0.40625,0.41025641025641024,1.0,5.206387996673584,1.0216401815414429
50,80,cvae,3,43,0.3203125,0.4296875,0.4722222222222222,1.0,5.949479579925537,1.205034613609314
51,80,cvae,3,43,0.28125,0.359375,0.42857142857142855,1.0,4.361166954040527,0.8898422718048096
52,80,cvae,3,43,0.3359375,0.4140625,0.446256038647343,1.0,6.385836601257324,1.332379937171936
53,80,cvae,3,43,0.40625,0.4765625,0.4351395730706076,1.0,7.512550354003906,1.2561312913894653
54,80,cvae,3,43,0.296875,0.328125,0.4473684210526316,1.0,6.058846473693848,1.0610811710357666
55,80,cvae,3,43,0.40625,0.484375,0.47540983606557374,1.0,6.884072303771973,1.1279593706130981
56,80,cvae,3,43,0.3125,0.46875,0.425531914893617,1.0,6.009283065795898,0.9748383164405823
57,80,cvae,3,43,0.375,0.34375,0.5121951219512195,1.0,5.891488075256348,1.13158118724823
58,80,cvae,3,43,0.34375,0.34375,0.45454545454545453,1.0,7.180611610412598,1.4787492752075195
59,80,cvae,3,43,0.328125,0.4375,0.5405405405405406,1.0,5.245296001434326,0.9882238507270813
60,80,cvae,3,43,0.2890625,0.3203125,0.4845559845559846,1.0,5.814145565032959,1.1845468282699585
61,80,cvae,3,43,0.390625,0.4375,0.45454545454545453,1.0,6.013764381408691,1.1818660497665405
62,80,cvae,3,43,0.296875,0.3984375,0.4270516717325228,1.0,3.921935558319092,0.8412808179855347
63,80,cvae,3,43,0.34375,0.296875,0.5457939273270285,1.0,7.959558486938477,1.550074577331543
64,80,cvae,3,43,0.328125,0.453125,0.42857142857142855,1.0,3.3811841011047363,0.7409628033638
65,80,cvae,3,43,0.375,0.625,0.46808510638297873,1.0,4.655779838562012,1.1151931285858154
66,80,cvae,3,43,0.3203125,0.4140625,0.4140816326530612,1.0,4.415191650390625,0.7605469822883606
67,80,cvae,3,43,0.3125,0.4296875,0.4288530465949821,1.0,4.114952087402344,0.8950531482696533
68,80,cvae,3,43,0.3125,0.40625,0.46153846153846156,1.0,8.182975769042969,1.3625637292861938
69,80,cvae,3,43,0.2890625,0.3046875,0.40976210008203445,1.0,5.713776588439941,1.0825275182724
70,80,cvae,3,43,0.515625,0.640625,0.4794520547945205,1.0,5.1713151931762695,1.1309831142425537
71,80,cvae,3,43,0.3125,0.328125,0.4594594594594595,1.0,6.578343868255615,1.1418005228042603
72,80,cvae,3,43,0.3828125,0.4453125,0.5,1.0,5.201606750488281,1.0821868181228638
73,80,cvae,3,43,0.3359375,0.390625,0.4683968926553672,1.0,4.232900619506836,0.920622706413269
74,80,cvae,3,43,0.3125,0.390625,0.42599067599067597,1.0,5.115112781524658,1.231046438217163
75,80,cvae,3,43,0.265625,0.453125,0.35875831485587584,1.0,2.898138999938965,0.6454473733901978
76,80,cvae,3,43,0.296875,0.40625,0.4523809523809524,1.0,4.379062175750732,0.9937652945518494
77,80,cvae,3,43,0.328125,0.34375,0.4789915966386554,1.0,8.578422546386719,1.4977368116378784
78,80,cvae,3,43,0.296875,0.359375,0.4722222222222222,1.0,5.844782829284668,1.2531472444534302
79,80,cvae,3,43,0.515625,0.59375,0.5086206896551724,1.0,4.498919486999512,0.9927899241447449
80,80,cvae,3,43,0.359375,0.359375,0.5192307692307693,1.0,6.054841041564941,1.204242467880249
81,80,cvae,3,43,0.3203125,0.3828125,0.4428337619826982,1.0,6.0324530601501465,1.1698713302612305
82,80,cvae,3,43,0.390625,0.40625,0.4675324675324675,1.0,5.466615200042725,1.2952487468719482
83,80,cvae,3,43,0.3671875,0.3359375,0.5265567765567765,1.0,6.422812461853027,1.1601556539535522
84,80,cvae,3,43,0.328125,0.4296875,0.4492982456140351,1.0,7.461648941040039,1.6357448101043701
85,80,cvae,3,43,0.34375,0.453125,0.37777777777777777,1.0,4.882759094238281,0.9410521984100342
86,80,cvae,3,43,0.3984375,0.3125,0.5266666666666666,1.0,7.0237836837768555,0.9897949695587158
87,80,cvae,3,43,0.34375,0.328125,0.5368940368940369,1.0,5.177000045776367,1.0593353509902954
88,80,cvae,3,43,0.390625,0.3828125,0.4774258760107817,1.0,4.816499710083008,1.0784350633621216
89,80,cvae,3,43,0.34375,0.421875,0.4444444444444444,1.0,4.32706356048584,0.9004672169685364
90,80,cvae,3,43,0.34375,0.390625,0.3958333333333333,1.0,6.321471214294434,1.1697149276733398
91,80,cvae,3,43,0.3203125,0.375,0.4513081395348837,1.0,6.202871799468994,1.4513137340545654
92,80,cvae,3,43,0.328125,0.453125,0.44680851063829785,1.0,5.162328720092773,1.0998259782791138
93,80,cvae,3,43,0.2734375,0.421875,0.40994623655913975,1.0,5.526488780975342,0.9623632431030273
94,80,cvae,3,43,0.3125,0.578125,0.36604651162790697,1.0,5.759422302246094,1.1589936017990112
95,80,cvae,3,43,0.2890625,0.375,0.4268410852713178,1.0,8.568572044372559,1.49617600440979
96,80,cvae,3,43,0.3125,0.390625,0.428743961352657,1.0,5.030967712402344,1.0230568647384644
97,80,cvae,3,43,0.375,0.484375,0.5116279069767442,1.0,5.075468063354492,1.1133021116256714
98,80,cvae,3,43,0.34375,0.3046875,0.4272959183673469,1.0,5.285882949829102,1.0951961278915405
99,80,cvae,3,43,0.46875,0.5,0.5,1.0,6.591389179229736,1.3096290826797485
100,80,cvae,3,43,0.4296875,0.4765625,0.46024904214559387,1.0,4.246243476867676,0.9581940174102783
101,80,cvae,3,43,0.296875,0.375,0.42857142857142855,1.0,5.997291088104248,1.0747942924499512
102,80,cvae,3,43,0.359375,0.5,0.44466403162055335,1.0,4.804638862609863,1.0112141370773315
103,80,cvae,3,43,0.34375,0.4296875,0.4522222222222222,1.0,5.839526653289795,1.0894088745117188
104,80,cvae,3,43,0.34375,0.4375,0.5384615384615384,1.0,6.174319267272949,1.3672147989273071
105,80,cvae,3,43,0.3828125,0.4453125,0.4491911021233569,1.0,6.650851249694824,1.350793480873108
106,80,cvae,3,43,0.359375,0.46875,0.374846475067551,1.0,5.006629943847656,1.1706130504608154
107,80,cvae,3,43,0.34375,0.421875,0.4418604651162791,1.0,3.419250249862671,0.7433263659477234
108,80,cvae,3,43,0.3359375,0.4375,0.4230769230769231,1.0,8.037641525268555,1.367861270904541
109,80,cvae,3,43,0.3125,0.421875,0.41304347826086957,1.0,4.214970588684082,0.8571062088012695
110,80,cvae,3,43,0.3125,0.390625,0.425531914893617,1.0,7.6328277587890625,1.2814806699752808
111,80,cvae,3,43,0.296875,0.46875,0.40072898799313894,1.0,5.717198371887207,0.898323655128479
112,80,cvae,3,43,0.4296875,0.5546875,0.4075972264094061,1.0,5.291278839111328,1.097144365310669
113,80,cvae,3,43,0.3203125,0.40625,0.42748588797221015,1.0,5.4729814529418945,1.0355713367462158
114,80,cvae,3,43,0.34375,0.4609375,0.4230769230769231,1.0,5.5273027420043945,1.0331228971481323
115,80,cvae,3,43,0.3515625,0.5078125,0.42997198879551823,1.0,6.357321739196777,1.3859151601791382
116,80,cvae,3,43,0.265625,0.4296875,0.36563367252543943,1.0,2.7390992641448975,0.5710463523864746
117,80,cvae,3,43,0.328125,0.3984375,0.445,1.0,3.4048960208892822,0.6470674872398376
118,80,cvae,3,43,0.34375,0.453125,0.46808510638297873,1.0,4.497397422790527,0.907033383846283
119,80,cvae,3,43,0.265625,0.3359375,0.4491255961844197,1.0,5.642155647277832,1.320580244064331
120,80,cvae,3,43,0.296875,0.421875,0.4666666666666667,1.0,6.382865905761719,1.0853153467178345
121,80,cvae,3,43,0.3671875,0.4921875,0.4333116460637606,1.0,5.571367263793945,1.2273632287979126
122,80,cvae,3,43,0.34375,0.40625,0.4146341463414634,1.0,5.947019577026367,1.0236518383026123
123,80,cvae,3,43,0.296875,0.484375,0.4772727272727273,1.0,5.702265739440918,0.9384902119636536
124,80,cvae,3,43,0.4375,0.4375,0.3950617283950617,1.0,4.581577301025391,0.9577800035476685
125,80,cvae,3,43,0.296875,0.359375,0.4594594594594595,1.0,5.468761444091797,1.1922351121902466
126,80,cvae,3,43,0.296875,0.3515625,0.44084084084084085,1.0,5.218412399291992,0.948899507522583
127,80,cvae,3,43,0.3359375,0.4765625,0.4330357142857143,1.0,6.143941402435303,1.1886459589004517
128,80,cvae,3,43,0.34375,0.34375,0.45,1.0,5.724947929382324,1.1453899145126343
129,80,cvae,3,43,0.453125,0.4296875,0.5156570090722856,1.0,6.306427955627441,1.208213448524475
130,80,cvae,3,43,0.2890625,0.3046875,0.418648310387985,1.0,5.095585823059082,0.9544479846954346
131,80,cvae,3,43,0.34375,0.390625,0.4583333333333333,1.0,6.39546012878418,1.3159894943237305
132,80,cvae,3,43,0.3203125,0.390625,0.4880952380952381,1.0,7.433612823486328,1.3859264850616455
133,80,cvae,3,43,0.3203125,0.53125,0.3633907463694698,1.0,6.893560409545898,0.9714136123657227
134,80,cvae,3,43,0.390625,0.5,0.5121951219512195,1.0,5.394598960876465,1.077709436416626
135,80,cvae,3,43,0.328125,0.3828125,0.47857142857142854,1.0,4.481288909912109,1.0386242866516113
136,80,cvae,3,43,0.2734375,0.4296875,0.3973717146433041,1.0,5.272998809814453,1.1734262704849243
137,80,cvae,3,43,0.40625,0.484375,0.5081967213114754,1.0,4.387594699859619,0.8506675958633423
138,80,cvae,3,43,0.328125,0.515625,0.4117647058823529,1.0,4.899892330169678,0.9639834761619568
139,80,cvae,3,43,0.4296875,0.4765625,0.45580645161290323,1.0,6.217000961303711,1.3341940641403198
140,80,cvae,3,43,0.3671875,0.375,0.4650157232704403,1.0,6.878332614898682,1.3383418321609497
141,80,cvae,3,43,0.2890625,0.421875,0.4224137931034483,1.0,5.904519081115723,0.9406899213790894
142,80,cvae,3,43,0.359375,0.515625,0.4888888888888889,1.0,4.745139122009277,1.084107756614685
143,80,cvae,3,43,0.359375,0.4140625,0.4521276595744681,1.0,4.677288055419922,1.0778673887252808
144,80,cvae,3,43,0.359375,0.484375,0.45098039215686275,1.0,6.745789051055908,1.1373897790908813
145,80,cvae,3,43,0.40625,0.34375,0.5094339622641509,1.0,3.754310131072998,0.8136107325553894
146,80,cvae,3,43,0.3046875,0.4921875,0.4252659574468085,1.0,3.3437893390655518,0.7725579142570496
147,80,cvae,3,43,0.3515625,0.4765625,0.4562091503267974,1.0,4.664320945739746,1.1248536109924316
148,80,cvae,3,43,0.34375,0.421875,0.4423076923076923,1.0,5.451441764831543,1.1259455680847168
149,80,cvae,3,43,0.3046875,0.375,0.43823877068557915,1.0,5.573709487915039,1.212471604347229
150,80,cvae,3,43,0.359375,0.4375,0.4067796610169492,1.0,5.577194690704346,1.0289160013198853
151,80,cvae,3,43,0.3125,0.421875,0.4444444444444444,1.0,7.203324317932129,1.2463635206222534
152,80,cvae,3,43,0.390625,0.609375,0.45588235294117646,1.0,5.678359031677246,1.0135855674743652
153,80,cvae,3,43,0.359375,0.46875,0.4883720930232558,1.0,5.08238410949707,0.8758813142776489
154,80,cvae,3,43,0.3203125,0.4375,0.4205192034139403,1.0,4.028246879577637,0.9802647829055786
155,80,cvae,3,43,0.375,0.421875,0.41304347826086957,1.0,5.752676963806152,0.9932020902633667
156,80,cvae,3,43,0.3359375,0.40625,0.46415770609318996,1.0,5.544209957122803,1.1802260875701904
157,80,cvae,3,43,0.3046875,0.328125,0.48328840970350406,1.0,8.175346374511719,1.2966177463531494
158,80,cvae,3,43,0.2734375,0.265625,0.41000000000000003,1.0,8.863737106323242,1.4633351564407349
159,80,cvae,3,43,0.3125,0.34375,0.4473684210526316,1.0,5.798262596130371,1.2475603818893433
160,80,cvae,3,43,0.3125,0.421875,0.390625,1.0,6.921461582183838,1.3625057935714722
161,80,cvae,3,43,0.3359375,0.328125,0.49914236706689535,1.0,5.377435684204102,1.3378366231918335
162,80,cvae,3,43,0.328125,0.328125,0.4883720930232558,1.0,4.655900955200195,0.862400472164154
163,80,cvae,3,43,0.3125,0.359375,0.5,1.0,12.263314247131348,1.730145812034607
164,80,cvae,3,43,0.34375,0.421875,0.48996723996724,1.0,6.342299461364746,1.3393727540969849
165,80,cvae,3,43,0.34375,0.4453125,0.38824451410658306,1.0,4.147850036621094,0.7677399516105652
166,80,cvae,3,43,0.34375,0.4375,0.46886446886446886,1.0,8.1929931640625,1.5447288751602173
167,80,cvae,3,43,0.3671875,0.421875,0.4105263157894737,1.0,5.732377052307129,0.7877960205078125
168,80,cvae,3,43,0.375,0.40625,0.4666666666666667,1.0,6.894035339355469,1.2027748823165894
169,80,cvae,3,43,0.375,0.4921875,0.5220864661654135,1.0,6.114691734313965,1.2869313955307007
170,80,cvae,3,43,0.5546875,0.6875,0.5569686411149826,1.0,7.349021911621094,1.4495117664337158
171,80,cvae,3,43,0.328125,0.34375,0.40384615384615385,1.0,4.823453903198242,0.9938666224479675
172,80,cvae,3,43,0.328125,0.40625,0.42857142857142855,1.0,4.581699371337891,0.9112024903297424
173,80,cvae,3,43,0.3515625,0.421875,0.4552696078431373,1.0,6.0186238288879395,1.1822923421859741
174,80,cvae,3,43,0.390625,0.375,0.4838709677419355,1.0,6.40242862701416,1.117005705833435
175,80,cvae,3,43,0.3828125,0.4609375,0.48020186335403725,1.0,6.135075569152832,1.0815470218658447
176,80,cvae,3,43,0.3046875,0.3828125,0.48749218261413385,1.0,7.067505359649658,1.297021508216858
177,80,cvae,3,43,0.3828125,0.40625,0.461978928080623,1.0,5.316328048706055,0.9529663324356079
178,80,cvae,3,43,0.34375,0.484375,0.4262295081967213,1.0,4.814131259918213,0.9998247027397156
179,80,cvae,3,43,0.3984375,0.40625,0.5319829424307037,1.0,5.074938774108887,1.0406553745269775
180,80,cvae,3,43,0.2890625,0.390625,0.4,1.0,7.370052337646484,1.2049306631088257
181,80,cvae,3,43,0.296875,0.40625,0.4166666666666667,1.0,5.938300132751465,1.3758985996246338
182,80,cvae,3,43,0.359375,0.265625,0.5432098765432098,1.0,5.936078071594238,1.317301869392395
183,80,cvae,3,43,0.34375,0.40625,0.45670995670995673,1.0,7.938780784606934,1.4230389595031738
184,80,cvae,3,43,0.3671875,0.421875,0.34177323103154306,1.0,4.77735710144043,0.8507081866264343
185,80,cvae,3,43,0.484375,0.578125,0.45614035087719296,1.0,7.642434120178223,1.3003937005996704
186,80,cvae,3,43,0.296875,0.4375,0.4197722567287785,1.0,4.086634159088135,0.831183910369873
187,80,cvae,3,43,0.28125,0.421875,0.4115367077063383,1.0,6.297300338745117,1.4405370950698853
188,80,cvae,3,43,0.34375,0.40625,0.4230769230769231,1.0,7.58872652053833,1.2799841165542603
189,80,cvae,3,43,0.28125,0.40625,0.3917306052855925,1.0,4.772446632385254,0.9060865640640259
190,80,cvae,3,43,0.28125,0.359375,0.391304347826087,1.0,5.693674087524414,1.2384536266326904
191,80,cvae,3,43,0.296875,0.4296875,0.3888888888888889,1.0,6.6259050369262695,1.4155555963516235
192,80,cvae,3,43,0.328125,0.390625,0.45340425531914896,1.0,8.258574485778809,1.4461243152618408
193,80,cvae,3,43,0.28125,0.359375,0.3953488372093023,1.0,5.743402481079102,1.2711061239242554
194,80,cvae,3,43,0.4609375,0.4140625,0.4766666666666667,1.0,5.677617073059082,1.164064884185791
195,80,cvae,3,43,0.375,0.453125,0.47058823529411764,1.0,6.186333656311035,1.1888959407806396
196,80,cvae,3,43,0.4375,0.4140625,0.5161443494776827,1.0,4.3677520751953125,0.8814298510551453
197,80,cvae,3,43,0.359375,0.421875,0.4791666666666667,1.0,5.587149620056152,1.1202168464660645
198,80,cvae,3,43,0.359375,0.421875,0.4424385138670853,1.0,7.030779838562012,1.149054765701294
199,80,cvae,3,43,0.28125,0.46875,0.42857142857142855,1.0,4.202188491821289,0.9211210608482361
200,80,cvae,3,43,0.359375,0.390625,0.46,1.0,4.438307762145996,0.7493970394134521
201,80,cvae,3,43,0.2734375,0.40625,0.4024841437632135,1.0,3.9688167572021484,0.8189110159873962
202,80,cvae,3,43,0.359375,0.4375,0.41382036685642,1.0,5.2239885330200195,1.109871506690979
203,80,cvae,3,43,0.359375,0.40625,0.475,1.0,6.2265214920043945,1.1385300159454346
204,80,cvae,3,43,0.359375,0.375,0.4791666666666667,1.0,5.993121147155762,1.1572585105895996
205,80,cvae,3,43,0.328125,0.484375,0.40425531914893614,1.0,4.629729270935059,1.0158660411834717
206,80,cvae,3,43,0.375,0.3125,0.5319148936170213,1.0,7.441987991333008,1.2825226783752441
207,80,cvae,3,43,0.359375,0.359375,0.44680851063829785,1.0,5.624334335327148,1.1080235242843628
208,80,cvae,3,43,0.296875,0.5234375,0.41428571428571426,1.0,3.618891477584839,0.816650390625
209,80,cvae,3,43,0.3671875,0.4453125,0.45588235294117646,1.0,5.150792121887207,1.1288888454437256
210,80,cvae,3,43,0.328125,0.390625,0.4666666666666667,1.0,7.418942451477051,1.1443498134613037
211,80,cvae,3,43,0.296875,0.359375,0.4166666666666667,1.0,4.832810878753662,1.1131938695907593
212,80,cvae,3,43,0.265625,0.4296875,0.3544186046511628,1.0,6.04103946685791,1.0879461765289307
213,80,cvae,3,43,0.28125,0.359375,0.4,1.0,5.9877471923828125,1.0992259979248047
214,80,cvae,3,43,0.296875,0.375,0.3958333333333333,1.0,6.129477500915527,1.0711106061935425
215,80,cvae,3,43,0.375,0.515625,0.4,1.0,8.213427543640137,1.3079726696014404
216,80,cvae,3,43,0.296875,0.421875,0.3695652173913043,1.0,6.721858024597168,1.4518847465515137
217,80,cvae,3,43,0.34375,0.359375,0.48214285714285715,1.0,3.199091911315918,0.6986854672431946
218,80,cvae,3,43,0.390625,0.375,0.5,1.0,4.731447219848633,0.8568805456161499
219,80,cvae,3,43,0.328125,0.40625,0.4666666666666667,1.0,7.49574089050293,1.6251095533370972
220,80,cvae,3,43,0.2890625,0.390625,0.4364501679731243,1.0,3.1093032360076904,0.7892612814903259
221,80,cvae,3,43,0.28125,0.34375,0.5102040816326531,1.0,7.892690658569336,1.3351584672927856
222,80,cvae,3,43,0.3828125,0.421875,0.45013477088948783,1.0,6.3584747314453125,1.2265251874923706
223,80,cvae,3,43,0.28125,0.3125,0.4186046511627907,1.0,7.022029876708984,1.2372934818267822
224,80,cvae,3,43,0.40625,0.5,0.44776119402985076,1.0,5.218814849853516,1.0779837369918823
225,80,cvae,3,43,0.421875,0.5625,0.47368421052631576,1.0,6.21475887298584,1.1177873611450195
226,80,cvae,3,43,0.296875,0.421875,0.4716981132075472,1.0,5.887362480163574,1.224223017692566
227,80,cvae,3,43,0.375,0.5625,0.4657534246575342,1.0,4.052796363830566,0.9292008876800537
228,80,cvae,3,43,0.328125,0.34375,0.4722222222222222,1.0,4.763784408569336,0.9221335649490356
229,80,cvae,3,43,0.375,0.5,0.5121951219512195,1.0,5.613421440124512,1.280447244644165
230,80,cvae,3,43,0.34375,0.5078125,0.47023809523809523,1.0,6.560026168823242,1.1866557598114014
231,80,cvae,3,43,0.328125,0.46875,0.4666666666666667,1.0,6.16439151763916,1.149459958076477
232,80,cvae,3,43,0.515625,0.5625,0.5625,1.0,6.662225723266602,1.4578403234481812
233,80,cvae,3,43,0.4765625,0.5625,0.5,1.0,3.683411121368408,0.8317239284515381
234,80,cvae,3,43,0.3828125,0.421875,0.5049019607843137,1.0,6.18093204498291,1.3722466230392456
235,80,cvae,3,43,0.46875,0.453125,0.52,1.0,5.367462635040283,1.1699448823928833
236,80,cvae,3,43,0.375,0.421875,0.5,1.0,6.642529010772705,1.3340948820114136
237,80,cvae,3,43,0.4375,0.484375,0.41304347826086957,1.0,4.309657096862793,0.9540422558784485
238,80,cvae,3,43,0.390625,0.4375,0.5530145530145529,1.0,7.051712512969971,1.5120898485183716
239,80,cvae,3,43,0.28125,0.359375,0.40425531914893614,1.0,5.343257904052734,1.2812234163284302
240,80,cvae,3,43,0.296875,0.421875,0.41304347826086957,1.0,6.625709533691406,0.9789516925811768
241,80,cvae,3,43,0.3203125,0.3828125,0.4861111111111111,1.0,4.407167434692383,0.9076723456382751
242,80,cvae,3,43,0.3125,0.34375,0.4444444444444444,1.0,6.229747772216797,1.2491424083709717
243,80,cvae,3,43,0.328125,0.5,0.43831640058055155,1.0,7.085030555725098,1.6491087675094604
244,80,cvae,3,43,0.296875,0.3203125,0.41025641025641024,1.0,4.840253829956055,0.9113792777061462
245,80,cvae,3,43,0.328125,0.40625,0.41818181818181815,1.0,4.256071090698242,0.9740052819252014
246,80,cvae,3,43,0.3671875,0.4296875,0.5130066545674532,1.0,6.953221321105957,1.169423222541809
247,80,cvae,3,43,0.265625,0.421875,0.4117647058823529,1.0,8.781352996826172,1.4812641143798828
248,80,cvae,3,43,0.40625,0.4375,0.4568452380952381,1.0,8.291987419128418,1.370790958404541
249,80,cvae,3,43,0.4375,0.515625,0.5208333333333334,1.0,6.657463550567627,1.39606773853302
250,80,cvae,3,43,0.3125,0.421875,0.5,1.0,5.679529190063477,1.2156118154525757
251,80,cvae,3,43,0.296875,0.3671875,0.46621621621621623,1.0,6.060615539550781,1.2286832332611084
252,80,cvae,3,43,0.34375,0.40625,0.4583333333333333,1.0,5.959834575653076,1.102812647819519
253,80,cvae,3,43,0.3984375,0.390625,0.46153846153846156,1.0,4.2201433181762695,0.878742516040802
254,80,cvae,3,43,0.34375,0.359375,0.41379310344827586,1.0,5.410290718078613,1.0501443147659302
255,80,cvae,3,43,0.328125,0.46875,0.43478260869565216,1.0,4.121369361877441,0.8897044658660889
256,80,cvae,3,43,0.265625,0.453125,0.3958333333333333,1.0,3.6212775707244873,0.711201548576355
257,80,cvae,3,43,0.4296875,0.59375,0.4593267882187938,1.0,4.530883312225342,1.1572375297546387
258,80,cvae,3,43,0.4765625,0.4609375,0.5161904761904762,1.0,5.0322418212890625,1.0133836269378662
259,80,cvae,3,43,0.34375,0.4375,0.5,1.0,7.462246894836426,1.3892412185668945
260,80,cvae,3,43,0.328125,0.390625,0.4375,1.0,4.4501729011535645,0.7790315747261047
261,80,cvae,3,43,0.328125,0.34375,0.6,1.0,5.931037902832031,0.9836872220039368
262,80,cvae,3,43,0.34375,0.484375,0.44,1.0,6.225444316864014,1.124910593032837
263,80,cvae,3,43,0.4375,0.484375,0.5365853658536586,1.0,7.426560401916504,1.3385852575302124
264,80,cvae,3,43,0.421875,0.578125,0.4264705882352941,1.0,5.406644821166992,0.9425151944160461
265,80,cvae,3,43,0.390625,0.421875,0.5522388059701493,1.0,6.022919178009033,1.103574275970459
266,80,cvae,3,43,0.296875,0.3125,0.4897959183673469,1.0,6.3217902183532715,1.342465877532959
267,80,cvae,3,43,0.296875,0.4375,0.4318181818181818,1.0,6.729672431945801,1.4211143255233765
268,80,cvae,3,43,0.3671875,0.484375,0.38336713995943206,1.0,5.718044281005859,1.1959978342056274
269,80,cvae,3,43,0.2734375,0.3671875,0.3798076923076923,1.0,6.743902206420898,1.0438461303710938
270,80,cvae,3,43,0.359375,0.5,0.425531914893617,1.0,5.863354206085205,1.0496453046798706
271,80,cvae,3,43,0.265625,0.4375,0.36538461538461536,1.0,4.403415203094482,0.9766297340393066
272,80,cvae,3,43,0.390625,0.609375,0.42857142857142855,1.0,6.195068359375,1.5157297849655151
273,80,cvae,3,43,0.421875,0.3984375,0.5300179211469533,1.0,5.371129989624023,0.9729276895523071
274,80,cvae,3,43,0.3828125,0.4453125,0.4827760891590679,1.0,6.178064823150635,1.3745403289794922
275,80,cvae,3,43,0.359375,0.453125,0.4166666666666667,1.0,5.7301554679870605,0.9222739338874817
276,80,cvae,3,43,0.359375,0.484375,0.46938775510204084,1.0,3.0334384441375732,0.6184531450271606
277,80,cvae,3,43,0.328125,0.390625,0.46085858585858586,1.0,5.4801788330078125,1.0432639122009277
278,80,cvae,3,43,0.25,0.4375,0.4444444444444444,1.0,6.607261657714844,1.0982109308242798
279,80,cvae,3,43,0.3046875,0.34375,0.4699879951980792,1.0,4.827884197235107,0.7867339253425598
280,80,cvae,3,43,0.390625,0.453125,0.48936170212765956,1.0,6.550282001495361,1.2144601345062256
281,80,cvae,3,43,0.296875,0.265625,0.47619047619047616,1.0,9.11862564086914,1.485026240348816
282,80,cvae,3,43,0.28125,0.40625,0.4186046511627907,1.0,5.392401695251465,0.7871081829071045
283,80,cvae,3,43,0.6484375,0.6875,0.5641447368421053,1.0,4.901482105255127,0.9660714268684387
284,80,cvae,3,43,0.28125,0.3984375,0.3797348484848485,1.0,3.1908862590789795,0.6734502911567688
285,80,cvae,3,43,0.34375,0.359375,0.46,1.0,6.666412353515625,1.1501245498657227
286,80,cvae,3,43,0.3125,0.3046875,0.4598214285714286,1.0,4.659914970397949,0.8385887742042542
287,80,cvae,3,43,0.28125,0.453125,0.39655172413793105,1.0,5.943881034851074,1.1039708852767944
288,80,cvae,3,43,0.359375,0.390625,0.421875,1.0,7.339354515075684,1.2526603937149048
289,80,cvae,3,43,0.3671875,0.390625,0.5128949065119277,1.0,4.272854804992676,0.8052886724472046
290,80,cvae,3,43,0.328125,0.4375,0.40384615384615385,1.0,5.222250938415527,0.9491926431655884
291,80,cvae,3,43,0.296875,0.390625,0.4074074074074074,1.0,6.1113176345825195,1.0702242851257324
292,80,cvae,3,43,0.3203125,0.4140625,0.4240816326530612,1.0,5.941359519958496,1.199483036994934
293,80,cvae,3,43,0.28125,0.40625,0.40625,1.0,10.489391326904297,1.7703195810317993
294,80,cvae,3,43,0.3125,0.3984375,0.40408163265306124,1.0,5.513680934906006,1.2411408424377441
295,80,cvae,3,43,0.390625,0.4296875,0.45718432510885343,1.0,4.520537376403809,0.8381433486938477
296,80,cvae,3,43,0.3125,0.390625,0.40652173913043477,1.0,8.894218444824219,1.580997347831726
297,80,cvae,3,43,0.296875,0.4375,0.44107551487414187,1.0,4.604307651519775,1.1723049879074097
298,80,cvae,3,43,0.28125,0.484375,0.3804347826086957,1.0,4.736358642578125,0.9653095602989197
299,80,cvae,3,43,0.328125,0.4453125,0.4403945111492281,1.0,4.580743312835693,0.926791250705719
300,80,cvae,3,43,0.5,0.671875,0.5,1.0,3.850295066833496,0.7726431488990784
301,80,cvae,3,43,0.2578125,0.3671875,0.39148936170212767,1.0,6.2365617752075195,0.9575288891792297
302,80,cvae,3,43,0.328125,0.4140625,0.4580981328701693,1.0,5.810126781463623,1.1406491994857788
303,80,cvae,3,43,0.390625,0.546875,0.4716981132075472,1.0,5.605986595153809,1.0403932332992554
304,80,cvae,3,43,0.328125,0.359375,0.43478260869565216,1.0,6.539145469665527,1.2696044445037842
305,80,cvae,3,43,0.2734375,0.3203125,0.4024841437632135,1.0,4.948957443237305,0.9335657954216003
306,80,cvae,3,43,0.484375,0.484375,0.5,1.0,5.188326835632324,0.7625576257705688
307,80,cvae,3,43,0.3984375,0.375,0.47064777327935226,1.0,8.68630599975586,1.5627403259277344
308,80,cvae,3,43,0.375,0.4765625,0.4195616211745244,1.0,5.947025299072266,1.2773834466934204
309,80,cvae,3,43,0.453125,0.59375,0.4723252118644068,1.0,5.529060363769531,1.0218592882156372
310,80,cvae,3,43,0.265625,0.375,0.4594594594594595,1.0,4.891846179962158,1.1603718996047974
311,80,cvae,3,43,0.484375,0.515625,0.5230769230769231,1.0,5.0687127113342285,0.9395146369934082
312,80,cvae,3,43,0.296875,0.375,0.3953488372093023,1.0,4.302990913391113,1.0236343145370483
313,80,cvae,3,43,0.375,0.5,0.4418604651162791,1.0,7.2137675285339355,1.325875997543335
314,80,cvae,3,43,0.34375,0.4375,0.4,1.0,4.398303985595703,1.106300711631775
315,80,cvae,3,43,0.328125,0.4375,0.47075892857142854,1.0,5.028011798858643,1.0481003522872925
316,80,cvae,3,43,0.34375,0.4609375,0.43107876712328763,1.0,8.230344772338867,1.401282548904419
317,80,cvae,3,43,0.328125,0.328125,0.4666666666666667,1.0,6.350741863250732,1.1418687105178833
318,80,cvae,3,43,0.34375,0.453125,0.4515625,1.0,5.888202667236328,1.021551251411438
319,80,cvae,3,43,0.34375,0.4375,0.47660527625684423,1.0,5.67041015625,1.413252353668213
320,80,cvae,3,43,0.421875,0.484375,0.5087719298245614,1.0,4.690395355224609,0.7547245025634766
321,80,cvae,3,43,0.4375,0.546875,0.5396825396825397,1.0,7.59947395324707,1.3872953653335571
322,80,cvae,3,43,0.3515625,0.4375,0.4587614155251142,1.0,6.596258640289307,1.2429790496826172
323,80,cvae,3,43,0.328125,0.421875,0.43875,1.0,5.525345325469971,1.105296015739441
324,80,cvae,3,43,0.296875,0.328125,0.4551282051282051,1.0,6.658799171447754,1.3699451684951782
325,80,cvae,3,43,0.421875,0.421875,0.4605263157894737,1.0,4.410526752471924,0.8215233087539673
326,80,cvae,3,43,0.3671875,0.421875,0.4754940711462451,1.0,6.205012321472168,1.2034225463867188
327,80,cvae,3,43,0.390625,0.53125,0.49693486590038316,1.0,5.587677955627441,1.219545602798462
328,80,cvae,3,43,0.328125,0.40625,0.44642857142857145,1.0,10.631546020507812,1.448404312133789
329,80,cvae,3,43,0.28125,0.390625,0.43902439024390244,1.0,5.04134464263916,1.0539265871047974
330,80,cvae,3,43,0.359375,0.484375,0.42592592592592593,1.0,5.5232977867126465,1.1078710556030273
331,80,cvae,3,43,0.3046875,0.390625,0.47641509433962265,1.0,3.22322940826416,0.6802559494972229
332,80,cvae,3,43,0.328125,0.390625,0.4883720930232558,1.0,6.7859344482421875,1.2253992557525635
333,80,cvae,3,43,0.296875,0.421875,0.4202800361336947,1.0,4.053916931152344,0.7938799262046814
334,80,cvae,3,43,0.34375,0.328125,0.4583333333333333,1.0,5.736311912536621,1.208938479423523
335,80,cvae,3,43,0.3203125,0.34375,0.43568840579710144,1.0,6.096240520477295,0.9855623245239258
336,80,cvae,3,43,0.453125,0.484375,0.5555555555555556,1.0,5.436097145080566,1.1766189336776733
337,80,cvae,3,43,0.28125,0.375,0.42857142857142855,1.0,5.966808319091797,1.3837729692459106
338,80,cvae,3,43,0.359375,0.421875,0.5,1.0,6.549431324005127,1.4801334142684937
339,80,cvae,3,43,0.34375,0.328125,0.5294117647058824,1.0,6.269476413726807,1.1443299055099487
340,80,cvae,3,43,0.25,0.390625,0.3958333333333333,1.0,4.720024585723877,0.9037883281707764
341,80,cvae,3,43,0.375,0.421875,0.46153846153846156,1.0,6.219656944274902,1.1191606521606445
342,80,cvae,3,43,0.28125,0.375,0.38571428571428573,1.0,5.113459587097168,1.120384931564331
343,80,cvae,3,43,0.4375,0.46875,0.5192307692307693,1.0,5.4793596267700195,1.0984300374984741
344,80,cvae,3,43,0.4375,0.5,0.5245901639344263,1.0,6.329200744628906,1.1703896522521973
345,80,cvae,3,43,0.3203125,0.390625,0.4565527065527065,1.0,4.3907623291015625,0.8098189234733582
346,80,cvae,3,43,0.359375,0.390625,0.5110554860241969,1.0,6.169232368469238,1.4117825031280518
347,80,cvae,3,43,0.28125,0.359375,0.4864864864864865,1.0,5.500317573547363,1.2146252393722534
348,80,cvae,3,43,0.34375,0.375,0.4230769230769231,1.0,9.224522590637207,1.5616642236709595
349,80,cvae,3,43,0.2890625,0.3984375,0.4099025974025974,1.0,5.255430221557617,1.03061044216156
350,80,cvae,3,43,0.390625,0.484375,0.4716981132075472,1.0,5.453186988830566,1.1734323501586914
351,80,cvae,3,43,0.296875,0.3125,0.5106382978723404,1.0,5.995513916015625,1.2222462892532349
352,80,cvae,3,43,0.296875,0.3984375,0.4420995670995671,1.0,4.284456729888916,0.9769417643547058
353,80,cvae,3,43,0.359375,0.4375,0.46,1.0,7.016021251678467,1.2869980335235596
354,80,cvae,3,43,0.421875,0.390625,0.5179028132992327,1.0,5.996616363525391,1.179667353630066
355,80,cvae,3,43,0.375,0.5,0.4375,1.0,5.877349376678467,1.0294300317764282
356,80,cvae,3,43,0.3828125,0.4609375,0.48193548387096774,1.0,3.614629030227661,0.7503781914710999
357,80,cvae,3,43,0.359375,0.53125,0.358974358974359,1.0,4.9025797843933105,0.8950088024139404
358,80,cvae,3,43,0.34375,0.5,0.4358974358974359,1.0,4.890969276428223,0.9271026849746704
359,80,cvae,3,43,0.328125,0.375,0.41304347826086957,1.0,4.414674758911133,0.786794900894165
360,80,cvae,3,43,0.3125,0.359375,0.43478260869565216,1.0,3.835688591003418,0.7348265647888184
361,80,cvae,3,43,0.3125,0.40625,0.425531914893617,1.0,6.879054069519043,1.4703655242919922
362,80,cvae,3,43,0.3359375,0.3359375,0.5083333333333333,1.0,6.645389556884766,1.238627552986145
363,80,cvae,3,43,0.3125,0.40625,0.43478260869565216,1.0,5.625871658325195,1.208960771560669
364,80,cvae,3,43,0.296875,0.421875,0.40384615384615385,1.0,4.647433280944824,0.9355524182319641
365,80,cvae,3,43,0.3359375,0.4375,0.4269811320754717,1.0,5.044342041015625,0.7969925999641418
366,80,cvae,3,43,0.2890625,0.328125,0.41640866873065013,1.0,5.891927719116211,1.2887392044067383
367,80,cvae,3,43,0.3203125,0.3828125,0.42340425531914894,1.0,6.033320903778076,1.1660845279693604
368,80,cvae,3,43,0.34375,0.390625,0.4489795918367347,1.0,6.976212978363037,1.3106781244277954
369,80,cvae,3,43,0.421875,0.5,0.5208333333333334,1.0,3.3189022541046143,0.7644070982933044
370,80,cvae,3,43,0.40625,0.453125,0.5416666666666666,1.0,5.742412567138672,1.2910891771316528
371,80,cvae,3,43,0.34375,0.640625,0.3976648351648352,1.0,3.681412696838379,0.8152201771736145
372,80,cvae,3,43,0.3828125,0.4921875,0.4643640350877193,1.0,7.0462260246276855,1.4825869798660278
373,80,cvae,3,43,0.359375,0.5234375,0.4898989898989899,1.0,8.816847801208496,1.6866800785064697
374,80,cvae,3,43,0.34375,0.453125,0.5365853658536586,1.0,5.533635139465332,1.1193186044692993
375,80,cvae,3,43,0.46875,0.5234375,0.4554112554112554,1.0,6.250828266143799,1.4297622442245483
376,80,cvae,3,43,0.34375,0.609375,0.4166666666666667,1.0,5.2320451736450195,1.0642181634902954
377,80,cvae,3,43,0.359375,0.5,0.44680851063829785,1.0,6.056401252746582,1.1783108711242676
378,80,cvae,3,43,0.3984375,0.5390625,0.48525641025641025,1.0,6.76924467086792,1.3252551555633545
379,80,cvae,3,43,0.296875,0.3984375,0.42874999999999996,1.0,3.8586087226867676,0.8498844504356384
380,80,cvae,3,43,0.40625,0.515625,0.4650238473767886,1.0,6.5434136390686035,1.2319220304489136
381,80,cvae,3,43,0.390625,0.359375,0.4782608695652174,1.0,5.6020917892456055,1.072097897529602
382,80,cvae,3,43,0.3125,0.375,0.4418604651162791,1.0,4.513708591461182,0.9260254502296448
383,80,cvae,3,43,0.3984375,0.4140625,0.5228174603174603,1.0,6.171242713928223,1.1939988136291504
384,80,cvae,3,43,0.3203125,0.40625,0.4439962031324158,1.0,9.868566513061523,1.7846896648406982
385,80,cvae,3,43,0.375,0.3671875,0.48958333333333337,1.0,5.486843109130859,1.100474238395691
386,80,cvae,3,43,0.375,0.46875,0.45454545454545453,1.0,5.309730529785156,0.8921664953231812
387,80,cvae,3,43,0.296875,0.3984375,0.4000553709856035,1.0,5.363188743591309,1.3126475811004639
388,80,cvae,3,43,0.34375,0.4140625,0.41363636363636364,1.0,5.040499687194824,1.0544779300689697
389,80,cvae,3,43,0.296875,0.375,0.40816326530612246,1.0,5.333757400512695,1.0944801568984985
390,80,cvae,3,43,0.3359375,0.390625,0.42078853046594983,1.0,6.168172836303711,1.1491143703460693
391,80,cvae,3,43,0.265625,0.4375,0.3953488372093023,1.0,6.307795524597168,1.4549970626831055
392,80,cvae,3,43,0.3125,0.453125,0.4160839160839161,1.0,5.865367889404297,1.208385705947876
393,80,cvae,3,43,0.390625,0.4765625,0.4174358974358975,1.0,6.156548023223877,1.0851144790649414
394,80,cvae,3,43,0.3359375,0.4140625,0.42434640522875816,1.0,4.9826836585998535,1.049860954284668
395,80,cvae,3,43,0.515625,0.640625,0.5106382978723404,1.0,7.11777400970459,1.2726389169692993
396,80,cvae,3,43,0.375,0.390625,0.5128205128205128,1.0,8.725996971130371,1.2618129253387451
397,80,cvae,3,43,0.3046875,0.40625,0.38607843137254905,1.0,5.773219108581543,1.0210270881652832
398,80,cvae,3,43,0.328125,0.359375,0.4797297297297297,1.0,6.395518779754639,1.2403626441955566
399,80,cvae,3,43,0.25,0.265625,0.4444444444444444,1.0,7.925723075866699,1.4472694396972656
400,80,cvae,3,43,0.3515625,0.5,0.3963675213675214,1.0,4.198935508728027,0.7177387475967407
401,80,cvae,3,43,0.375,0.453125,0.4528301886792453,1.0,7.459066867828369,1.4399484395980835
402,80,cvae,3,43,0.46875,0.4609375,0.5225951374207187,1.0,5.884331703186035,1.277958631515503
403,80,cvae,3,43,0.390625,0.390625,0.4576271186440678,1.0,3.933345079421997,0.7558141946792603
404,80,cvae,3,43,0.3828125,0.46875,0.4714814814814815,1.0,6.214448928833008,1.2634952068328857
405,80,cvae,3,43,0.296875,0.28125,0.41304347826086957,1.0,5.035140037536621,0.9434048533439636
406,80,cvae,3,43,0.3359375,0.359375,0.4601725521669342,1.0,7.963927268981934,1.4129079580307007
407,80,cvae,3,43,0.328125,0.390625,0.43243243243243246,1.0,6.23607063293457,1.2236186265945435
408,80,cvae,3,43,0.265625,0.296875,0.4,1.0,5.9904937744140625,1.3002947568893433
409,80,cvae,3,43,0.328125,0.5234375,0.4134182908545727,1.0,7.618502616882324,1.4118287563323975
410,80,cvae,3,43,0.328125,0.40625,0.4772727272727273,1.0,4.083803653717041,0.9939330220222473
411,80,cvae,3,43,0.3515625,0.453125,0.4889285714285715,1.0,5.291783332824707,0.9430882930755615
412,80,cvae,3,43,0.296875,0.328125,0.4,1.0,6.527033805847168,1.0819313526153564
413,80,cvae,3,43,0.359375,0.390625,0.4405193236714976,1.0,5.194723606109619,0.9197914004325867
414,80,cvae,3,43,0.484375,0.65625,0.54,1.0,6.887053966522217,1.4118434190750122
415,80,cvae,3,43,0.328125,0.4140625,0.4361111111111111,1.0,6.247602462768555,1.047621488571167
416,80,cvae,3,43,0.5546875,0.59375,0.5133333333333333,1.0,5.065848350524902,1.2322043180465698
417,80,cvae,3,43,0.3359375,0.3828125,0.457002457002457,1.0,5.131191730499268,0.9756711721420288
418,80,cvae,3,43,0.453125,0.4765625,0.4406015037593985,1.0,4.060616493225098,0.8913723826408386
419,80,cvae,3,43,0.296875,0.359375,0.38636363636363635,1.0,4.285478115081787,0.9310386776924133
420,80,cvae,3,43,0.34375,0.390625,0.4489795918367347,1.0,6.762834548950195,1.204378604888916
421,80,cvae,3,43,0.40625,0.453125,0.4883720930232558,1.0,5.475405693054199,1.166242241859436
422,80,cvae,3,43,0.265625,0.390625,0.4117647058823529,1.0,6.68386173248291,1.2840222120285034
423,80,cvae,3,43,0.2890625,0.3828125,0.4382621951219512,1.0,5.507634162902832,1.2938828468322754
424,80,cvae,3,43,0.3046875,0.421875,0.39583333333333337,1.0,8.565165519714355,1.545105218887329
425,80,cvae,3,43,0.4296875,0.5,0.46101949025487254,1.0,5.822606086730957,1.1895872354507446
426,80,cvae,3,43,0.328125,0.4375,0.4413992869875223,1.0,5.6835126876831055,1.0485868453979492
427,80,cvae,3,43,0.328125,0.515625,0.38315602836879437,1.0,5.5038251876831055,0.9107627868652344
428,80,cvae,3,43,0.3125,0.4296875,0.43496621621621623,1.0,3.5526530742645264,0.684245228767395
429,80,cvae,3,43,0.3984375,0.453125,0.48462701612903225,1.0,4.239201545715332,0.9649098515510559
430,80,cvae,3,43,0.3671875,0.4765625,0.4425581395348837,1.0,5.99578857421875,1.3210785388946533
431,80,cvae,3,43,0.3046875,0.3671875,0.4427659574468085,1.0,4.751474380493164,0.8933877944946289
432,80,cvae,3,43,0.375,0.375,0.3695652173913043,1.0,4.84514045715332,1.0249440670013428
433,80,cvae,3,43,0.390625,0.4375,0.5228981544771019,1.0,8.227219581604004,1.6195911169052124
434,80,cvae,3,43,0.265625,0.4375,0.38596491228070173,1.0,4.514636039733887,0.7680808901786804
435,80,cvae,3,43,0.2734375,0.4140625,0.4116832779623477,1.0,5.190791606903076,0.9720728993415833
436,80,cvae,3,43,0.421875,0.4375,0.4426229508196721,1.0,4.493115425109863,0.8454102277755737
437,80,cvae,3,43,0.28125,0.390625,0.4358974358974359,1.0,5.557248115539551,1.1983051300048828
438,80,cvae,3,43,0.3359375,0.421875,0.4637888707037643,1.0,8.571637153625488,1.2701661586761475
439,80,cvae,3,43,0.359375,0.328125,0.5104166666666667,1.0,6.820979595184326,1.1976163387298584
440,80,cvae,3,43,0.328125,0.4375,0.4666666666666667,1.0,5.71504020690918,1.0681262016296387
441,80,cvae,3,43,0.28125,0.328125,0.3939393939393939,1.0,4.832000732421875,0.9510638117790222
442,80,cvae,3,43,0.40625,0.484375,0.5348837209302325,1.0,5.413714408874512,1.053664207458496
443,80,cvae,3,43,0.3125,0.3828125,0.4511804721888756,1.0,6.255514144897461,1.096123218536377
444,80,cvae,3,43,0.28125,0.390625,0.4,1.0,6.718700885772705,1.0158571004867554
445,80,cvae,3,43,0.296875,0.4375,0.4090909090909091,1.0,1.7751178741455078,0.40565842390060425
446,80,cvae,3,43,0.34375,0.453125,0.4418604651162791,1.0,7.799710273742676,1.2737300395965576
447,80,cvae,3,43,0.3828125,0.3359375,0.5243506493506493,1.0,4.669763565063477,0.9887285232543945
448,80,cvae,3,43,0.25,0.375,0.40425531914893614,1.0,4.820295333862305,1.0185432434082031
449,80,cvae,3,43,0.3125,0.4296875,0.4165217391304348,1.0,5.7337188720703125,1.2561132907867432
450,80,cvae,3,43,0.3125,0.359375,0.5,1.0,4.506633758544922,0.8969270586967468
451,80,cvae,3,43,0.328125,0.359375,0.4915254237288136,1.0,7.194303512573242,1.2552330493927002
452,80,cvae,3,43,0.359375,0.421875,0.41304347826086957,1.0,5.375766754150391,1.1087734699249268
453,80,cvae,3,43,0.4140625,0.4140625,0.5172562553925798,1.0,4.929683685302734,0.9923916459083557
454,80,cvae,3,43,0.28125,0.453125,0.4006238859180036,1.0,5.930291175842285,1.1062127351760864
455,80,cvae,3,43,0.328125,0.375,0.475,1.0,6.788051605224609,1.3163615465164185
456,80,cvae,3,43,0.28125,0.40625,0.425,1.0,5.968832969665527,1.2633963823318481
457,80,cvae,3,43,0.375,0.40625,0.4055023923444976,1.0,6.513350009918213,0.9470235109329224
458,80,cvae,3,43,0.3203125,0.4296875,0.43465909090909094,1.0,5.3629150390625,1.068935751914978
459,80,cvae,3,43,0.234375,0.375,0.36585365853658536,1.0,3.8941946029663086,0.7206779718399048
460,80,cvae,3,43,0.296875,0.484375,0.39888888888888885,1.0,4.461956024169922,0.9661346673965454
461,80,cvae,3,43,0.3984375,0.4453125,0.5149393090569561,1.0,7.296246528625488,1.4446178674697876
462,80,cvae,3,43,0.3359375,0.4375,0.4995236583042236,1.0,4.916714191436768,1.1472582817077637
463,80,cvae,3,43,0.421875,0.515625,0.5,1.0,6.660278797149658,1.1891745328903198
464,80,cvae,3,43,0.421875,0.4453125,0.48834498834498835,1.0,5.759636878967285,1.0852011442184448
465,80,cvae,3,43,0.46875,0.46875,0.5,1.0,6.901386737823486,1.3490357398986816
466,80,cvae,3,43,0.34375,0.4921875,0.43977272727272726,1.0,6.092502593994141,1.092898964881897
467,80,cvae,3,43,0.2734375,0.40625,0.42180232558139535,1.0,7.109310626983643,1.4041049480438232
468,80,cvae,3,43,0.3125,0.3828125,0.4340659340659341,1.0,3.7205159664154053,0.783353865146637
469,80,cvae,3,43,0.40625,0.453125,0.4727272727272727,1.0,4.973210334777832,0.952487587928772
470,80,cvae,3,43,0.3203125,0.390625,0.41454545454545455,1.0,4.700597763061523,0.985980212688446
471,80,cvae,3,43,0.296875,0.359375,0.3409090909090909,1.0,3.7626259326934814,0.9097477793693542
472,80,cvae,3,43,0.3125,0.4375,0.4864864864864865,1.0,7.148902416229248,1.3730603456497192
473,80,cvae,3,43,0.28125,0.40625,0.382895816242822,1.0,5.511750221252441,1.059417963027954
474,80,cvae,3,43,0.296875,0.4609375,0.41041666666666665,1.0,3.779261589050293,0.7913795709609985
475,80,cvae,3,43,0.328125,0.46875,0.4168494953927161,1.0,6.8748064041137695,1.3442403078079224
476,80,cvae,3,43,0.296875,0.328125,0.425,1.0,6.786917209625244,1.222409725189209
477,80,cvae,3,43,0.328125,0.421875,0.4772727272727273,1.0,4.856149673461914,1.0430926084518433
478,80,cvae,3,43,0.3359375,0.4296875,0.43023255813953487,1.0,4.020215034484863,0.8476502895355225
479,80,cvae,3,43,0.2734375,0.3984375,0.41534391534391535,1.0,4.463112831115723,0.6913515329360962
480,80,cvae,3,43,0.359375,0.4296875,0.5208333333333333,1.0,6.3856425285339355,1.2246063947677612
481,80,cvae,3,43,0.3125,0.390625,0.4507042253521127,1.0,6.935561656951904,1.3403162956237793
482,80,cvae,3,43,0.3046875,0.453125,0.4504781420765027,1.0,5.241373062133789,1.0775041580200195
483,80,cvae,3,43,0.296875,0.40625,0.46177944862155385,1.0,5.873435974121094,0.9424921870231628
484,80,cvae,3,43,0.3515625,0.4140625,0.43773946360153254,1.0,6.619369029998779,1.3181962966918945
485,80,cvae,3,43,0.359375,0.390625,0.5094339622641509,1.0,6.974781513214111,1.3591487407684326
486,80,cvae,3,43,0.296875,0.4375,0.4619666048237477,1.0,4.243564605712891,1.00002121925354
487,80,cvae,3,43,0.328125,0.5,0.4,1.0,3.5547235012054443,0.6677113175392151
488,80,cvae,3,43,0.375,0.515625,0.5211267605633803,1.0,4.724689483642578,0.963602602481842
489,80,cvae,3,43,0.3359375,0.453125,0.4316801619433198,1.0,4.878396034240723,0.991215169429779
490,80,cvae,3,43,0.453125,0.4453125,0.5020334928229665,1.0,6.610062599182129,1.3410993814468384
491,80,cvae,3,43,0.4140625,0.3515625,0.5268628078030061,1.0,7.742189407348633,1.370100498199463
492,80,cvae,3,43,0.328125,0.453125,0.46938775510204084,1.0,6.874854564666748,1.345906376838684
493,80,cvae,3,43,0.28125,0.390625,0.4186046511627907,1.0,7.519636154174805,1.3537907600402832
494,80,cvae,3,43,0.3515625,0.3671875,0.475765306122449,1.0,7.090264797210693,1.2017972469329834
495,80,cvae,3,43,0.28125,0.28125,0.4375,1.0,9.340456008911133,1.4702739715576172
496,80,cvae,3,43,0.3125,0.453125,0.40405073649754497,1.0,6.528985500335693,1.2850481271743774
497,80,cvae,3,43,0.28125,0.3125,0.42105263157894735,1.0,3.59781551361084,0.775888204574585
498,80,cvae,3,43,0.2734375,0.3203125,0.40667311411992263,1.0,7.876202583312988,1.394754409790039
499,80,cvae,3,43,0.3984375,0.3125,0.5602725366876311,1.0,4.515509605407715,1.0378034114837646
500,80,cvae,3,43,0.3203125,0.4296875,0.45952380952380956,1.0,4.290282249450684,0.8988342881202698
501,80,cvae,3,43,0.40625,0.4375,0.5076241134751773,1.0,3.9639785289764404,0.846177339553833
502,80,cvae,3,43,0.34375,0.4296875,0.4218235681369322,1.0,4.54041862487793,0.896403431892395
503,80,cvae,3,43,0.359375,0.3125,0.5227272727272727,1.0,6.617876052856445,1.2863065004348755
504,80,cvae,3,43,0.265625,0.390625,0.5192307692307693,1.0,5.695075035095215,1.2439628839492798
505,80,cvae,3,43,0.3125,0.40625,0.3829787234042553,1.0,5.524008750915527,0.9722766280174255
506,80,cvae,3,43,0.296875,0.421875,0.40425531914893614,1.0,3.949284315109253,0.7496781349182129
507,80,cvae,3,43,0.359375,0.40625,0.46,1.0,6.009039402008057,1.169782280921936
508,80,cvae,3,43,0.296875,0.3828125,0.3942307692307693,1.0,3.9223878383636475,0.8695545792579651
509,80,cvae,3,43,0.3046875,0.3984375,0.457002457002457,1.0,5.640649795532227,1.3350611925125122
510,80,cvae,3,43,0.2890625,0.453125,0.4076923076923077,1.0,5.943022727966309,1.2310982942581177
511,80,cvae,3,43,0.3125,0.4453125,0.4877757901013715,1.0,5.880887985229492,1.103635311126709
512,80,cvae,3,43,0.4375,0.453125,0.5127192982456141,1.0,3.9514713287353516,0.8888532519340515
513,80,cvae,3,43,0.453125,0.5078125,0.4877232142857143,1.0,7.803214073181152,1.2164297103881836
514,80,cvae,3,43,0.453125,0.484375,0.5,1.0,3.042494297027588,0.7703967690467834
515,80,cvae,3,43,0.4375,0.515625,0.4307692307692308,1.0,6.802312850952148,1.3216514587402344
516,80,cvae,3,43,0.3203125,0.359375,0.44718309859154926,1.0,8.326273918151855,1.5615079402923584
517,80,cvae,3,43,0.4140625,0.5390625,0.45553359683794464,1.0,5.133281230926514,1.0465810298919678
518,80,cvae,3,43,0.359375,0.515625,0.43137254901960786,1.0,5.716526985168457,1.2060166597366333
519,80,cvae,3,43,0.28125,0.3125,0.4358974358974359,1.0,10.75684928894043,1.6732035875320435
520,80,cvae,3,43,0.296875,0.375,0.47619047619047616,1.0,5.681386947631836,1.1778842210769653
521,80,cvae,3,43,0.375,0.359375,0.4897959183673469,1.0,5.68953800201416,1.235213041305542
522,80,cvae,3,43,0.3203125,0.3515625,0.44079555966697503,1.0,6.599888801574707,1.381806492805481
523,80,cvae,3,43,0.296875,0.359375,0.4,1.0,4.311337471008301,0.744718074798584
524,80,cvae,3,43,0.328125,0.375,0.5,1.0,10.030646324157715,1.5576499700546265
525,80,cvae,3,43,0.328125,0.453125,0.37142857142857144,1.0,4.166102409362793,0.7949065566062927
526,80,cvae,3,43,0.3359375,0.359375,0.46683673469387754,1.0,5.62862491607666,0.9996635317802429
527,80,cvae,3,43,0.359375,0.5,0.38,1.0,3.4841151237487793,0.7707098126411438
528,80,cvae,3,43,0.3359375,0.4296875,0.4803191489361702,1.0,6.857646942138672,1.15108060836792
529,80,cvae,3,43,0.265625,0.421875,0.37209302325581395,1.0,5.5939106941223145,1.169625997543335
530,80,cvae,3,43,0.3125,0.453125,0.46247654784240155,1.0,4.584249496459961,0.9132090210914612
531,80,cvae,3,43,0.34375,0.53125,0.5116279069767442,1.0,5.558013439178467,1.0753810405731201
532,80,cvae,3,43,0.328125,0.359375,0.4716981132075472,1.0,8.782740592956543,1.3773553371429443
533,80,cvae,3,43,0.3203125,0.4921875,0.3822701688555347,1.0,5.421390533447266,1.020957112312317
534,80,cvae,3,43,0.34375,0.40625,0.4186046511627907,1.0,4.993436336517334,1.0715845823287964
535,80,cvae,3,43,0.296875,0.375,0.3877551020408163,1.0,5.853260517120361,1.0878275632858276
536,80,cvae,3,43,0.375,0.3828125,0.5094339622641509,1.0,6.010522365570068,1.0266447067260742
537,80,cvae,3,43,0.3984375,0.3828125,0.49603174603174605,1.0,3.178528070449829,0.6040877103805542
538,80,cvae,3,43,0.484375,0.4140625,0.49693396226415093,1.0,4.967138290405273,1.1355540752410889
539,80,cvae,3,43,0.453125,0.453125,0.5,1.0,6.348117828369141,1.4363456964492798
540,80,cvae,3,43,0.34375,0.4140625,0.42214912280701755,1.0,6.222800254821777,1.1603889465332031
541,80,cvae,3,43,0.359375,0.34375,0.45120073891625617,1.0,7.883872032165527,1.4141907691955566
542,80,cvae,3,43,0.3359375,0.484375,0.4142156862745098,1.0,5.98767614364624,1.1853636503219604
543,80,cvae,3,43,0.296875,0.3359375,0.43307757885763,1.0,9.619872093200684,1.4356151819229126
544,80,cvae,3,43,0.3046875,0.375,0.4883116883116883,1.0,5.161190986633301,1.0128167867660522
545,80,cvae,3,43,0.328125,0.4296875,0.43864097363083165,1.0,4.945320129394531,1.1482231616973877
546,80,cvae,3,43,0.296875,0.375,0.42105263157894735,1.0,4.3381242752075195,0.9451525211334229
547,80,cvae,3,43,0.3125,0.328125,0.47540983606557374,1.0,5.130695343017578,1.0338869094848633
548,80,cvae,3,43,0.390625,0.453125,0.5227272727272727,1.0,5.329258441925049,1.018624186515808
549,80,cvae,3,43,0.3359375,0.4296875,0.44017094017094016,1.0,6.568560600280762,1.1455717086791992
550,80,cvae,3,43,0.34375,0.4609375,0.381562302340291,1.0,2.9091532230377197,0.6092879176139832
551,80,cvae,3,43,0.296875,0.390625,0.4727272727272727,1.0,4.991404056549072,0.8692210912704468
552,80,cvae,3,43,0.296875,0.375,0.46153846153846156,1.0,6.224726676940918,1.3183867931365967
553,80,cvae,3,43,0.375,0.3203125,0.5208333333333333,1.0,6.534285068511963,1.2666000127792358
554,80,cvae,3,43,0.328125,0.4375,0.42857142857142855,1.0,7.39565372467041,1.276987910270691
555,80,cvae,3,43,0.3046875,0.390625,0.4269811320754717,1.0,3.6981287002563477,0.5968703627586365
556,80,cvae,3,43,0.34375,0.390625,0.45588235294117646,1.0,5.387453556060791,1.3732154369354248
557,80,cvae,3,43,0.421875,0.4375,0.5,1.0,6.002204895019531,1.2590434551239014
558,80,cvae,3,43,0.296875,0.34375,0.4186046511627907,1.0,4.439901828765869,0.7304934859275818
559,80,cvae,3,43,0.296875,0.296875,0.4090909090909091,1.0,7.443075180053711,1.4497214555740356
560,80,cvae,3,43,0.296875,0.40625,0.4320413436692506,1.0,6.677743911743164,1.2825193405151367
561,80,cvae,3,43,0.375,0.46875,0.45614035087719296,1.0,3.3579986095428467,0.7204609513282776
562,80,cvae,3,43,0.296875,0.4375,0.43159536541889487,1.0,3.349921226501465,0.845020592212677
563,80,cvae,3,43,0.359375,0.5,0.46153846153846156,1.0,4.666704177856445,0.9955882430076599
564,80,cvae,3,43,0.359375,0.671875,0.390625,1.0,5.61900520324707,1.0550111532211304
565,80,cvae,3,43,0.3125,0.3359375,0.4234189723320158,1.0,7.019553184509277,1.2096394300460815
566,80,cvae,3,43,0.3671875,0.4375,0.4687875150060024,1.0,3.658874273300171,0.8799448013305664
567,80,cvae,3,43,0.3125,0.375,0.42857142857142855,1.0,12.186155319213867,1.5506516695022583
568,80,cvae,3,43,0.359375,0.4453125,0.4944178628389154,1.0,8.731039047241211,1.3158000707626343
569,80,cvae,3,43,0.296875,0.328125,0.3877551020408163,1.0,5.10817813873291,1.1748987436294556
570,80,cvae,3,43,0.34375,0.4140625,0.43902439024390244,1.0,6.101876735687256,1.2200061082839966
571,80,cvae,3,43,0.359375,0.46875,0.48026607538802657,1.0,5.372490882873535,1.0076771974563599
572,80,cvae,3,43,0.3359375,0.4296875,0.4484848484848485,1.0,6.077643394470215,1.1459991931915283
573,80,cvae,3,43,0.3671875,0.4453125,0.5349673202614379,1.0,5.067245006561279,1.162988305091858
574,80,cvae,3,43,0.328125,0.4140625,0.43465909090909094,1.0,4.69341516494751,0.918351948261261
575,80,cvae,3,43,0.28125,0.328125,0.4222222222222222,1.0,9.879880905151367,1.486217737197876
576,80,cvae,3,43,0.34375,0.40625,0.4523809523809524,1.0,8.504695892333984,1.315494179725647
577,80,cvae,3,43,0.4375,0.4453125,0.4806178956572428,1.0,4.942828178405762,1.065712809562683
578,80,cvae,3,43,0.3671875,0.421875,0.4958490566037736,1.0,4.020695209503174,0.8263571858406067
579,80,cvae,3,43,0.3671875,0.453125,0.4520851818988465,1.0,4.935308456420898,0.9504624009132385
580,80,cvae,3,43,0.5,0.578125,0.5208333333333334,1.0,6.574958324432373,1.340126395225525
581,80,cvae,3,43,0.296875,0.265625,0.475,1.0,9.646099090576172,1.8116252422332764
582,80,cvae,3,43,0.3125,0.375,0.4375,1.0,5.769320487976074,1.069071888923645
583,80,cvae,3,43,0.3671875,0.53125,0.42340286831812257,1.0,3.2092723846435547,0.6630728840827942
584,80,cvae,3,43,0.328125,0.328125,0.46,1.0,6.112839698791504,1.0639656782150269
585,80,cvae,3,43,0.3515625,0.453125,0.4329368334700574,1.0,5.113284111022949,1.0691890716552734
586,80,cvae,3,43,0.328125,0.453125,0.4230769230769231,1.0,3.3349831104278564,0.6546629071235657
587,80,cvae,3,43,0.296875,0.328125,0.43478260869565216,1.0,4.824154853820801,1.0094075202941895
588,80,cvae,3,43,0.3515625,0.2734375,0.5473999079613437,1.0,5.4161224365234375,1.185920000076294
589,80,cvae,3,43,0.421875,0.53125,0.5526315789473685,1.0,4.5871381759643555,1.0840566158294678
590,80,cvae,3,43,0.3125,0.3671875,0.4431716082659479,1.0,5.786263942718506,1.000469446182251
591,80,cvae,3,43,0.3046875,0.4296875,0.43379446640316205,1.0,5.162932872772217,1.1859755516052246
592,80,cvae,3,43,0.3671875,0.5,0.3792808219178082,1.0,3.154263734817505,0.6119639277458191
593,80,cvae,3,43,0.359375,0.359375,0.575,1.0,4.946290969848633,1.0717523097991943
594,80,cvae,3,43,0.328125,0.328125,0.4489795918367347,1.0,6.815933704376221,1.3069182634353638
595,80,cvae,3,43,0.2890625,0.4453125,0.42732732732732737,1.0,6.564525604248047,1.1994166374206543
596,80,cvae,3,43,0.3125,0.4375,0.4166666666666667,1.0,6.137823104858398,1.1974018812179565
597,80,cvae,3,43,0.359375,0.4765625,0.4553571428571429,1.0,5.490606784820557,1.1333580017089844
598,80,cvae,3,43,0.3515625,0.484375,0.436864406779661,1.0,7.881234169006348,1.5988401174545288
599,80,cvae,3,43,0.4140625,0.5625,0.43547945205479455,1.0,4.540740013122559,0.8874992728233337
600,80,cvae,3,43,0.359375,0.3828125,0.4872727272727273,1.0,6.896846771240234,1.2435616254806519
601,80,cvae,3,43,0.328125,0.4609375,0.40543028071790155,1.0,7.317988395690918,1.3092968463897705
602,80,cvae,3,43,0.34375,0.421875,0.46938775510204084,1.0,5.89738130569458,1.2626910209655762
603,80,cvae,3,43,0.265625,0.421875,0.425531914893617,1.0,7.000758171081543,1.348097801208496
604,80,cvae,3,43,0.328125,0.375,0.4542195256480971,1.0,4.787113666534424,0.984412670135498
605,80,cvae,3,43,0.328125,0.5,0.423728813559322,1.0,4.349490165710449,0.8842830657958984
606,80,cvae,3,43,0.2890625,0.3203125,0.4539295392953929,1.0,5.970794200897217,1.042167067527771
607,80,cvae,3,43,0.453125,0.484375,0.46774193548387094,1.0,7.219106197357178,1.07783842086792
608,80,cvae,3,43,0.34375,0.4296875,0.5238636363636364,1.0,4.004909515380859,0.8034757971763611
609,80,cvae,3,43,0.328125,0.453125,0.5,1.0,4.3762006759643555,0.7565558552742004
610,80,cvae,3,43,0.296875,0.46875,0.3877551020408163,1.0,4.699215412139893,0.8773866295814514
611,80,cvae,3,43,0.359375,0.46875,0.49107142857142855,1.0,5.48641300201416,1.12836492061615
612,80,cvae,3,43,0.34375,0.390625,0.5333333333333333,1.0,4.747368812561035,0.9483712911605835
613,80,cvae,3,43,0.34375,0.390625,0.4489795918367347,1.0,7.586981773376465,1.555043339729309
614,80,cvae,3,43,0.3671875,0.4609375,0.5234782608695653,1.0,6.212245941162109,1.109356164932251
615,80,cvae,3,43,0.3515625,0.484375,0.42997198879551823,1.0,6.622991561889648,1.1533149480819702
616,80,cvae,3,43,0.515625,0.625,0.4342105263157895,1.0,5.448530197143555,1.11867094039917
617,80,cvae,3,43,0.265625,0.359375,0.4146341463414634,1.0,4.4955902099609375,1.0101343393325806
618,80,cvae,3,43,0.328125,0.46875,0.42857142857142855,1.0,5.460596084594727,1.0107570886611938
619,80,cvae,3,43,0.46875,0.546875,0.49485472154963683,1.0,5.641067981719971,1.010986089706421
620,80,cvae,3,43,0.390625,0.515625,0.5,1.0,6.157432556152344,1.1971068382263184
621,80,cvae,3,43,0.3828125,0.453125,0.4780701754385965,1.0,6.106682777404785,1.2786731719970703
622,80,cvae,3,43,0.3125,0.5625,0.4444444444444444,1.0,5.537261009216309,1.186216115951538
623,80,cvae,3,43,0.390625,0.453125,0.46296296296296297,1.0,4.133359432220459,0.8141275644302368
624,80,cvae,3,43,0.265625,0.3671875,0.4115384615384615,1.0,7.34659481048584,1.3554387092590332
625,80,cvae,3,43,0.328125,0.421875,0.42857142857142855,1.0,5.984686851501465,0.9926510453224182
626,80,cvae,3,43,0.34375,0.4453125,0.4230769230769231,1.0,4.36258602142334,1.0596805810928345
627,80,cvae,3,43,0.375,0.5,0.5,1.0,6.108420372009277,1.2211554050445557
628,80,cvae,3,43,0.3203125,0.359375,0.609907120743034,1.0,6.527841091156006,1.303566336631775
629,80,cvae,3,43,0.328125,0.390625,0.4186046511627907,1.0,5.8436384201049805,0.9822922945022583
630,80,cvae,3,43,0.328125,0.34375,0.4117647058823529,1.0,6.331629753112793,1.2005127668380737
631,80,cvae,3,43,0.328125,0.390625,0.44948979591836735,1.0,3.515721082687378,0.7327083349227905
632,80,cvae,3,43,0.296875,0.34375,0.42,1.0,6.103933334350586,1.2206147909164429
633,80,cvae,3,43,0.390625,0.40625,0.39436619718309857,1.0,6.794307708740234,1.0804976224899292
634,80,cvae,3,43,0.359375,0.59375,0.4,1.0,4.722646713256836,1.0208114385604858
635,80,cvae,3,43,0.265625,0.4375,0.42,1.0,6.502598762512207,1.3951936960220337
636,80,cvae,3,43,0.296875,0.375,0.391304347826087,1.0,5.565133094787598,1.2797077894210815
637,80,cvae,3,43,0.3515625,0.390625,0.5037342767295597,1.0,6.189685821533203,0.995876669883728
638,80,cvae,3,43,0.40625,0.46875,0.4583551597695128,1.0,3.706437110900879,0.7484627366065979
639,80,cvae,3,43,0.3125,0.421875,0.4090909090909091,1.0,7.271406173706055,1.2450112104415894
640,80,cvae,3,43,0.421875,0.515625,0.45454545454545453,1.0,3.282520055770874,0.6799821853637695
641,80,cvae,3,43,0.3671875,0.4296875,0.49396507447354904,1.0,4.420922756195068,0.9850249886512756
642,80,cvae,3,43,0.25,0.375,0.38095238095238093,1.0,5.517036437988281,1.0993599891662598
643,80,cvae,3,43,0.265625,0.3828125,0.39556277056277056,1.0,3.7035367488861084,0.8731392025947571
644,80,cvae,3,43,0.296875,0.3984375,0.4551656920077973,1.0,4.922119140625,0.877880334854126
645,80,cvae,3,43,0.328125,0.421875,0.4375,1.0,8.074847221374512,1.5993397235870361
646,80,cvae,3,43,0.328125,0.421875,0.4300699300699301,1.0,5.362493515014648,1.1965630054473877
647,80,cvae,3,43,0.28125,0.421875,0.4090909090909091,1.0,5.640542030334473,1.3296605348587036
648,80,cvae,3,43,0.328125,0.375,0.43137254901960786,1.0,6.240962505340576,1.1142489910125732
649,80,cvae,3,43,0.3828125,0.421875,0.5419516643866849,1.0,7.262189865112305,1.3859301805496216
650,80,cvae,3,43,0.34375,0.390625,0.4909090909090909,1.0,8.481569290161133,1.7119414806365967
651,80,cvae,3,43,0.3359375,0.40625,0.4253472222222222,1.0,5.531092643737793,0.9886892437934875
652,80,cvae,3,43,0.3125,0.390625,0.43333333333333335,1.0,7.944575309753418,1.4274699687957764
653,80,cvae,3,43,0.3125,0.4375,0.4252717391304348,1.0,4.2736592292785645,1.0849487781524658
654,80,cvae,3,43,0.3125,0.359375,0.4473684210526316,1.0,4.969555854797363,0.9968793392181396
655,80,cvae,3,43,0.390625,0.40625,0.4772727272727273,1.0,4.121471405029297,0.7451364398002625
656,80,cvae,3,43,0.3125,0.359375,0.5573770491803278,1.0,8.456192016601562,1.6373116970062256
657,80,cvae,3,43,0.375,0.515625,0.4727272727272727,1.0,5.581183433532715,1.0703353881835938
658,80,cvae,3,43,0.2890625,0.4140625,0.40644654088050314,1.0,8.498029708862305,1.2071491479873657
659,80,cvae,3,43,0.375,0.4140625,0.44887278582930756,1.0,4.845424652099609,1.0823636054992676
660,80,cvae,3,43,0.28125,0.40625,0.4146341463414634,1.0,3.978372097015381,0.7326204180717468
661,80,cvae,3,43,0.3359375,0.4453125,0.45596239485403267,1.0,4.668880939483643,0.9548746943473816
662,80,cvae,3,43,0.296875,0.34375,0.5869565217391305,1.0,7.152478218078613,1.4863011837005615
663,80,cvae,3,43,0.34375,0.375,0.46808510638297873,1.0,6.6447014808654785,1.130059003829956
664,80,cvae,3,43,0.359375,0.515625,0.41818181818181815,1.0,4.04123592376709,0.8291163444519043
665,80,cvae,3,43,0.328125,0.40625,0.4375,1.0,8.128289222717285,1.4219101667404175
666,80,cvae,3,43,0.296875,0.421875,0.4222222222222222,1.0,6.339644432067871,1.1874679327011108
667,80,cvae,3,43,0.375,0.3984375,0.4607371794871795,1.0,5.656305313110352,1.2638506889343262
668,80,cvae,3,43,0.2578125,0.359375,0.3593434343434343,1.0,7.15524435043335,1.3983170986175537
669,80,cvae,3,43,0.328125,0.3671875,0.39502164502164505,1.0,5.871250629425049,1.1060521602630615
670,80,cvae,3,43,0.328125,0.40625,0.46153846153846156,1.0,7.52522611618042,1.3878406286239624
671,80,cvae,3,43,0.359375,0.390625,0.4909090909090909,1.0,6.182568550109863,1.1654231548309326
672,80,cvae,3,43,0.375,0.4375,0.4722222222222222,1.0,4.952847480773926,1.1430526971817017
673,80,cvae,3,43,0.28125,0.390625,0.4444444444444444,1.0,5.1727752685546875,1.087704062461853
674,80,cvae,3,43,0.265625,0.421875,0.3617021276595745,1.0,3.6162140369415283,0.7145865559577942
675,80,cvae,3,43,0.34375,0.390625,0.47171500179018977,1.0,6.20186710357666,1.2753349542617798
676,80,cvae,3,43,0.3046875,0.40625,0.47474747474747475,1.0,6.986884117126465,1.3515028953552246
677,80,cvae,3,43,0.28125,0.421875,0.41935483870967744,1.0,6.730786323547363,1.0968037843704224
678,80,cvae,3,43,0.3203125,0.4140625,0.4465217391304348,1.0,8.167055130004883,1.396947979927063
679,80,cvae,3,43,0.359375,0.375,0.4893569844789357,1.0,4.563290596008301,1.016422986984253
680,80,cvae,3,43,0.28125,0.40625,0.3935309973045822,1.0,5.358870506286621,1.0428167581558228
681,80,cvae,3,43,0.328125,0.46875,0.39622641509433965,1.0,7.678713798522949,1.3049147129058838
682,80,cvae,3,43,0.328125,0.359375,0.42,1.0,5.293733596801758,1.068304181098938
683,80,cvae,3,43,0.34375,0.40625,0.5080645161290323,1.0,3.0270984172821045,0.5716479420661926
684,80,cvae,3,43,0.359375,0.421875,0.49122807017543857,1.0,5.4361572265625,0.9517590403556824
685,80,cvae,3,43,0.375,0.46875,0.42105263157894735,1.0,3.9906013011932373,0.842788577079773
686,80,cvae,3,43,0.390625,0.4375,0.5,1.0,7.216733932495117,1.470842719078064
687,80,cvae,3,43,0.359375,0.453125,0.4634146341463415,1.0,8.732847213745117,1.6100109815597534
688,80,cvae,3,43,0.3203125,0.4453125,0.4330357142857143,1.0,6.121222496032715,1.0355172157287598
689,80,cvae,3,43,0.296875,0.4296875,0.4328968903436988,1.0,5.211349010467529,1.0418024063110352
690,80,cvae,3,43,0.453125,0.3828125,0.48684210526315785,1.0,6.630614280700684,1.1725436449050903
691,80,cvae,3,43,0.2890625,0.390625,0.39724961079398025,1.0,5.09851598739624,1.0618443489074707
692,80,cvae,3,43,0.3125,0.421875,0.37174524982406754,1.0,5.918065547943115,0.989404559135437
693,80,cvae,3,43,0.265625,0.359375,0.40959925442684064,1.0,9.668614387512207,1.543850064277649
694,80,cvae,3,43,0.25,0.359375,0.3702127659574468,1.0,6.622035980224609,1.3332874774932861
695,80,cvae,3,43,0.34375,0.390625,0.3972602739726027,1.0,8.180879592895508,1.4773164987564087
696,80,cvae,3,43,0.328125,0.40625,0.41304347826086957,1.0,6.6790266036987305,1.3215687274932861
697,80,cvae,3,43,0.3671875,0.4609375,0.3763056092843327,1.0,3.8323521614074707,0.812512993812561
698,80,cvae,3,43,0.34375,0.390625,0.45901639344262296,1.0,6.927151679992676,1.4302798509597778
699,80,cvae,3,43,0.3125,0.328125,0.4166666666666667,1.0,6.306485176086426,1.127617597579956
700,80,cvae,3,43,0.328125,0.46875,0.4,1.0,4.897727966308594,1.173408031463623
701,80,cvae,3,43,0.484375,0.53125,0.4523809523809524,1.0,5.924445152282715,1.3151190280914307
702,80,cvae,3,43,0.390625,0.6328125,0.4230990783410138,1.0,7.530043601989746,1.1916836500167847
703,80,cvae,3,43,0.375,0.40625,0.5,1.0,4.799224853515625,0.9348698854446411
704,80,cvae,3,43,0.390625,0.46875,0.44,1.0,7.804379463195801,1.337233304977417
705,80,cvae,3,43,0.4375,0.46875,0.47368421052631576,1.0,4.541647434234619,1.129660964012146
706,80,cvae,3,43,0.265625,0.375,0.40476190476190477,1.0,6.786392688751221,1.3321229219436646
707,80,cvae,3,43,0.3203125,0.390625,0.4587706146926537,1.0,4.391135215759277,1.0536389350891113
708,80,cvae,3,43,0.296875,0.390625,0.42857142857142855,1.0,5.093547344207764,0.9005692601203918
709,80,cvae,3,43,0.296875,0.40625,0.4301572617946346,1.0,5.726441383361816,1.0896027088165283
710,80,cvae,3,43,0.328125,0.421875,0.46551724137931033,1.0,3.762575387954712,0.6985641717910767
711,80,cvae,3,43,0.265625,0.359375,0.4062720225510923,1.0,5.968928337097168,1.0714129209518433
712,80,cvae,3,43,0.296875,0.390625,0.3939393939393939,1.0,4.797381401062012,1.004555106163025
713,80,cvae,3,43,0.359375,0.4921875,0.4294871794871795,1.0,6.298976898193359,1.198151707649231
714,80,cvae,3,43,0.3515625,0.4453125,0.4623071528751753,1.0,3.9785349369049072,0.7989736199378967
715,80,cvae,3,43,0.2890625,0.3828125,0.423469387755102,1.0,3.945561170578003,0.785930335521698
716,80,cvae,3,43,0.3359375,0.3359375,0.49610136452241715,1.0,6.529143810272217,1.1144647598266602
717,80,cvae,3,43,0.359375,0.4375,0.43398594377510036,1.0,7.839144706726074,1.3861440420150757
718,80,cvae,3,43,0.3125,0.4375,0.3870967741935484,1.0,4.732543468475342,0.9631084203720093
719,80,cvae,3,43,0.28125,0.3984375,0.39970355731225293,1.0,3.7851648330688477,0.7586069703102112
720,80,cvae,3,43,0.359375,0.375,0.48936170212765956,1.0,7.589845657348633,1.3471335172653198
721,80,cvae,3,43,0.4375,0.34375,0.5827181936604429,1.0,5.189106464385986,1.0919809341430664
722,80,cvae,3,43,0.3359375,0.40625,0.41363636363636364,1.0,4.410116672515869,0.8529828786849976
723,80,cvae,3,43,0.421875,0.421875,0.5,1.0,5.189050674438477,1.1463544368743896
724,80,cvae,3,43,0.34375,0.4375,0.46808510638297873,1.0,7.456112861633301,1.4086123704910278
725,80,cvae,3,43,0.515625,0.59375,0.4959415584415584,1.0,7.1788530349731445,1.2708487510681152
726,80,cvae,3,43,0.28125,0.375,0.3829787234042553,1.0,6.60357666015625,1.225793719291687
727,80,cvae,3,43,0.34375,0.3125,0.45098039215686275,1.0,7.637312889099121,1.2207598686218262
728,80,cvae,3,43,0.25,0.3828125,0.42810457516339867,1.0,6.0673441886901855,1.2642667293548584
729,80,cvae,3,43,0.34375,0.40625,0.5,1.0,6.364335536956787,1.2669576406478882
730,80,cvae,3,43,0.4296875,0.4375,0.4958427815570673,1.0,3.2224557399749756,0.670520544052124
731,80,cvae,3,43,0.28125,0.390625,0.4611091733519358,1.0,6.089365482330322,1.2449345588684082
732,80,cvae,3,43,0.328125,0.390625,0.44680851063829785,1.0,7.4407501220703125,1.1792603731155396
733,80,cvae,3,43,0.4375,0.46875,0.49122807017543857,1.0,3.785402774810791,0.880344033241272
734,80,cvae,3,43,0.46875,0.578125,0.5081967213114754,1.0,6.891395568847656,1.4276643991470337
735,80,cvae,3,43,0.359375,0.375,0.45454545454545453,1.0,5.928224563598633,1.0135469436645508
736,80,cvae,3,43,0.3828125,0.3984375,0.5533559577677225,1.0,7.837708473205566,1.4498624801635742
737,80,cvae,3,43,0.265625,0.359375,0.430448717948718,1.0,4.87620210647583,1.0508915185928345
738,80,cvae,3,43,0.328125,0.46875,0.46938775510204084,1.0,3.3427886962890625,0.736689031124115
739,80,cvae,3,43,0.359375,0.375,0.4794520547945205,1.0,7.026988983154297,1.2459356784820557
740,80,cvae,3,43,0.3203125,0.421875,0.4352568613652358,1.0,5.859554290771484,1.2699614763259888
741,80,cvae,3,43,0.3046875,0.4453125,0.37569573283859,1.0,5.650217056274414,1.044385313987732
742,80,cvae,3,43,0.328125,0.375,0.4186046511627907,1.0,7.015706539154053,1.2554304599761963
743,80,cvae,3,43,0.4375,0.46875,0.5,1.0,7.537392616271973,1.3669317960739136
744,80,cvae,3,43,0.3203125,0.390625,0.44505494505494503,1.0,4.130548477172852,0.8255084753036499
745,80,cvae,3,43,0.3828125,0.453125,0.44576719576719576,1.0,6.172507286071777,1.3501979112625122
746,80,cvae,3,43,0.28125,0.40625,0.3953488372093023,1.0,5.540140628814697,1.313714623451233
747,80,cvae,3,43,0.296875,0.40625,0.3958333333333333,1.0,5.531700134277344,1.0735774040222168
748,80,cvae,3,43,0.3515625,0.4609375,0.4338235294117647,1.0,5.56800651550293,0.9588234424591064
749,80,cvae,3,43,0.328125,0.375,0.45098039215686275,1.0,4.4588117599487305,0.8116244077682495
750,80,cvae,3,43,0.3203125,0.40625,0.43857142857142856,1.0,3.555053949356079,0.7037795186042786
751,80,cvae,3,43,0.3515625,0.5859375,0.5237913970308337,1.0,5.793273448944092,1.1062120199203491
752,80,cvae,3,43,0.296875,0.40625,0.464375,1.0,5.499253273010254,1.1134759187698364
753,80,cvae,3,43,0.359375,0.4921875,0.45999999999999996,1.0,5.961714744567871,1.1717406511306763
754,80,cvae,3,43,0.2578125,0.328125,0.43358395989974935,1.0,8.59323501586914,1.8079324960708618
755,80,cvae,3,43,0.328125,0.390625,0.3672752808988764,1.0,7.426050662994385,1.4416401386260986
756,80,cvae,3,43,0.359375,0.484375,0.41883116883116883,1.0,4.826316833496094,0.8509689569473267
757,80,cvae,3,43,0.359375,0.4453125,0.46640316205533594,1.0,6.319724082946777,1.24575674533844
758,80,cvae,3,43,0.296875,0.34375,0.5555555555555556,1.0,4.254525661468506,0.8276642560958862
759,80,cvae,3,43,0.328125,0.375,0.48148148148148145,1.0,5.484014987945557,1.0930043458938599
760,80,cvae,3,43,0.265625,0.34375,0.37777777777777777,1.0,3.576904535293579,0.7052958607673645
761,80,cvae,3,43,0.359375,0.390625,0.5043331728454501,1.0,9.549141883850098,1.4953043460845947
762,80,cvae,3,43,0.3984375,0.4296875,0.5392156862745098,1.0,4.210232734680176,0.7477298974990845
763,80,cvae,3,43,0.3515625,0.4375,0.446078431372549,1.0,7.429437637329102,1.3363462686538696
764,80,cvae,3,43,0.34375,0.375,0.45098039215686275,1.0,7.173625946044922,1.2614449262619019
765,80,cvae,3,43,0.359375,0.5,0.5254237288135594,1.0,3.0423824787139893,0.6711803674697876
766,80,cvae,3,43,0.34375,0.390625,0.4909090909090909,1.0,5.554675102233887,1.0130596160888672
767,80,cvae,3,43,0.28125,0.328125,0.42857142857142855,1.0,5.868181228637695,1.1457419395446777
768,80,cvae,3,43,0.359375,0.3125,0.45906432748538006,1.0,3.3111369609832764,0.6677711606025696
769,80,cvae,3,43,0.359375,0.40625,0.5172413793103449,1.0,7.348567008972168,1.3453551530838013
770,80,cvae,3,43,0.375,0.53125,0.35555555555555557,1.0,3.1752161979675293,0.6111825704574585
771,80,cvae,3,43,0.4296875,0.4765625,0.5048894557823129,1.0,4.598082065582275,0.8252048492431641
772,80,cvae,3,43,0.296875,0.40625,0.4418604651162791,1.0,5.579517841339111,1.0342719554901123
773,80,cvae,3,43,0.3203125,0.3828125,0.42986111111111114,1.0,5.207070350646973,1.0924115180969238
774,80,cvae,3,43,0.3125,0.390625,0.4353146853146853,1.0,6.796566009521484,1.0690661668777466
775,80,cvae,3,43,0.328125,0.40625,0.46085858585858586,1.0,5.4054975509643555,1.0104352235794067
776,80,cvae,3,43,0.28125,0.453125,0.42857142857142855,1.0,8.699067115783691,1.6182388067245483
777,80,cvae,3,43,0.296875,0.3046875,0.4120583717357911,1.0,4.424880027770996,0.9434645771980286
778,80,cvae,3,43,0.3203125,0.375,0.4136661211129296,1.0,6.042147159576416,1.2505639791488647
779,80,cvae,3,43,0.3046875,0.390625,0.398546511627907,1.0,7.647871017456055,1.3620729446411133
780,80,cvae,3,43,0.34375,0.421875,0.4,1.0,6.308108329772949,1.2298583984375
781,80,cvae,3,43,0.4375,0.484375,0.47619047619047616,1.0,5.951229095458984,1.0905557870864868
782,80,cvae,3,43,0.4375,0.390625,0.417910447761194,1.0,6.6495819091796875,1.252298355102539
783,80,cvae,3,43,0.328125,0.4375,0.46511627906976744,1.0,8.702461242675781,1.4442559480667114
784,80,cvae,3,43,0.328125,0.375,0.4375,1.0,5.994490146636963,1.16742742061615
785,80,cvae,3,43,0.53125,0.4296875,0.6003503503503503,1.0,8.2936429977417,1.2721891403198242
786,80,cvae,3,43,0.328125,0.40625,0.4583333333333333,1.0,6.131564140319824,0.8700332641601562
787,80,cvae,3,43,0.296875,0.421875,0.4358974358974359,1.0,4.8245344161987305,0.8297696113586426
788,80,cvae,3,43,0.3125,0.4921875,0.39387755102040817,1.0,4.034022331237793,0.9195316433906555
789,80,cvae,3,43,0.3359375,0.3984375,0.46850775193798444,1.0,4.966482162475586,0.9453732371330261
790,80,cvae,3,43,0.34375,0.484375,0.39285714285714285,1.0,5.47332239151001,1.090099811553955
791,80,cvae,3,43,0.3515625,0.484375,0.46770833333333334,1.0,7.521029472351074,1.4979928731918335
792,80,cvae,3,43,0.375,0.46875,0.42857142857142855,1.0,4.141643524169922,0.8282327651977539
793,80,cvae,3,43,0.5078125,0.4921875,0.5658292978208233,1.0,6.312697887420654,1.1919448375701904
794,80,cvae,3,43,0.359375,0.5,0.3877551020408163,1.0,9.697952270507812,1.4845385551452637
795,80,cvae,3,43,0.359375,0.4375,0.47093023255813954,1.0,7.02141809463501,1.2251781225204468
796,80,cvae,3,43,0.3125,0.40625,0.409041394335512,1.0,5.31146240234375,1.0405124425888062
797,80,cvae,3,43,0.296875,0.4375,0.41025641025641024,1.0,5.771350860595703,1.2945878505706787
798,80,cvae,3,43,0.3046875,0.4296875,0.3988294314381271,1.0,5.711526870727539,1.217423439025879
799,80,cvae,3,43,0.34375,0.453125,0.42818627450980395,1.0,4.8649492263793945,1.094369888305664
800,80,cvae,3,43,0.421875,0.578125,0.4305555555555556,1.0,7.700491428375244,1.3474082946777344
801,80,cvae,3,43,0.3046875,0.4296875,0.41767441860465115,1.0,5.682320594787598,1.1974208354949951
802,80,cvae,3,43,0.3125,0.34375,0.46153846153846156,1.0,5.761852741241455,1.1074773073196411
803,80,cvae,3,43,0.3046875,0.3984375,0.42678571428571427,1.0,4.456658363342285,0.8646778464317322
804,80,cvae,3,43,0.34375,0.453125,0.4583333333333333,1.0,5.276246070861816,1.279681921005249
805,80,cvae,3,43,0.2890625,0.40625,0.36752136752136755,1.0,6.642244815826416,1.3714224100112915
806,80,cvae,3,43,0.296875,0.421875,0.43902439024390244,1.0,6.79811429977417,1.117291808128357
807,80,cvae,3,43,0.28125,0.375,0.4090909090909091,1.0,4.4276299476623535,0.9438324570655823
808,80,cvae,3,43,0.34375,0.4765625,0.44285714285714284,1.0,5.880499839782715,1.1251252889633179
809,80,cvae,3,43,0.359375,0.40625,0.45098039215686275,1.0,7.560154914855957,1.4134992361068726
810,80,cvae,3,43,0.421875,0.484375,0.4358974358974359,1.0,5.3371195793151855,1.0526362657546997
811,80,cvae,3,43,0.359375,0.390625,0.42592592592592593,1.0,4.492664813995361,0.8441171646118164
812,80,cvae,3,43,0.265625,0.328125,0.3541666666666667,1.0,6.9036970138549805,1.1712840795516968
813,80,cvae,3,43,0.3125,0.34375,0.4358974358974359,1.0,7.082788944244385,1.0968877077102661
814,80,cvae,3,43,0.3671875,0.4140625,0.4672727272727273,1.0,5.7429351806640625,1.1359856128692627
815,80,cvae,3,43,0.390625,0.484375,0.475,1.0,7.067852973937988,1.2527143955230713
816,80,cvae,3,43,0.28125,0.375,0.43137254901960786,1.0,4.795811653137207,0.9438074827194214
817,80,cvae,3,43,0.34375,0.390625,0.43,1.0,5.322310447692871,1.048874020576477
818,80,cvae,3,43,0.5078125,0.3671875,0.5240196078431372,1.0,4.643011093139648,1.0055569410324097
819,80,cvae,3,43,0.3359375,0.4453125,0.44004524886877827,1.0,5.203725337982178,0.8906905651092529
820,80,cvae,3,43,0.3359375,0.4765625,0.3926282051282051,1.0,4.527539253234863,0.9803116321563721
821,80,cvae,3,43,0.46875,0.46875,0.5737704918032787,1.0,5.656937599182129,1.1245001554489136
822,80,cvae,3,43,0.28125,0.390625,0.3888888888888889,1.0,3.2535061836242676,0.7022166848182678
823,80,cvae,3,43,0.375,0.5,0.4,1.0,5.497950553894043,1.0446792840957642
824,80,cvae,3,43,0.3046875,0.421875,0.433300395256917,1.0,6.343833923339844,1.2972766160964966
825,80,cvae,3,43,0.34375,0.484375,0.46326836581709147,1.0,5.209607124328613,1.2244609594345093
826,80,cvae,3,43,0.265625,0.4375,0.3953488372093023,1.0,4.461926460266113,0.9282511472702026
827,80,cvae,3,43,0.421875,0.4296875,0.45906432748538006,1.0,8.926734924316406,1.7244218587875366
828,80,cvae,3,43,0.390625,0.453125,0.575,1.0,7.103631973266602,1.3250576257705688
829,80,cvae,3,43,0.296875,0.40625,0.37209302325581395,1.0,5.61627197265625,1.1539366245269775
830,80,cvae,3,43,0.453125,0.484375,0.47619047619047616,1.0,6.1317243576049805,1.285460352897644
831,80,cvae,3,43,0.3359375,0.34375,0.4341945288753799,1.0,7.6172895431518555,1.0773760080337524
832,80,cvae,3,43,0.34375,0.4375,0.5002583979328166,1.0,6.5199666023254395,1.3884985446929932
833,80,cvae,3,43,0.5,0.484375,0.5060240963855421,1.0,6.366161346435547,1.1638585329055786
834,80,cvae,3,43,0.359375,0.3125,0.5319148936170213,1.0,4.4070844650268555,0.9208196997642517
835,80,cvae,3,43,0.328125,0.453125,0.45098039215686275,1.0,3.299311399459839,0.6621299386024475
836,80,cvae,3,43,0.265625,0.3984375,0.41307066916823015,1.0,4.518299102783203,1.0051541328430176
837,80,cvae,3,43,0.3828125,0.40625,0.5313545150501673,1.0,4.827330589294434,1.158556580543518
838,80,cvae,3,43,0.2734375,0.421875,0.37569444444444444,1.0,5.4037065505981445,1.0313173532485962
839,80,cvae,3,43,0.2890625,0.4296875,0.42982271000422123,1.0,4.414734840393066,0.9975079298019409
840,80,cvae,3,43,0.34375,0.34375,0.3877551020408163,1.0,6.35147762298584,1.290307641029358
841,80,cvae,3,43,0.2890625,0.34375,0.40890269151138714,1.0,7.5544939041137695,1.2350937128067017
842,80,cvae,3,43,0.2734375,0.3984375,0.3775,1.0,4.491959095001221,0.999189019203186
843,80,cvae,3,43,0.421875,0.328125,0.4603174603174603,1.0,4.875207424163818,1.0988637208938599
844,80,cvae,3,43,0.3125,0.453125,0.4166666666666667,1.0,7.348823547363281,1.3812086582183838
845,80,cvae,3,43,0.265625,0.40625,0.3831818181818182,1.0,7.442021369934082,1.1902117729187012
846,80,cvae,3,43,0.296875,0.375,0.42857142857142855,1.0,5.437455177307129,1.1627894639968872
847,80,cvae,3,43,0.328125,0.4375,0.3695652173913043,1.0,9.068115234375,1.5617172718048096
848,80,cvae,3,43,0.40625,0.484375,0.4482758620689655,1.0,4.977986812591553,1.077234148979187
849,80,cvae,3,43,0.40625,0.453125,0.5,1.0,6.595944881439209,1.104634165763855
850,80,cvae,3,43,0.2890625,0.5078125,0.37777777777777777,1.0,5.245182037353516,0.8530284762382507
851,80,cvae,3,43,0.4609375,0.5625,0.5234375,1.0,5.632633209228516,1.1428195238113403
852,80,cvae,3,43,0.3125,0.421875,0.46938775510204084,1.0,4.77498722076416,0.9992746710777283
853,80,cvae,3,43,0.34375,0.46875,0.46808510638297873,1.0,6.432251930236816,1.2213910818099976
854,80,cvae,3,43,0.3828125,0.46875,0.5183562786816854,1.0,6.093463897705078,1.1480872631072998
855,80,cvae,3,43,0.3125,0.390625,0.40384615384615385,1.0,6.096135139465332,1.152613878250122
856,80,cvae,3,43,0.328125,0.484375,0.4117647058823529,1.0,3.4609060287475586,0.6537266373634338
857,80,cvae,3,43,0.375,0.421875,0.46725571725571724,1.0,6.502854347229004,1.1709785461425781
858,80,cvae,3,43,0.296875,0.34375,0.41565040650406504,1.0,5.230718612670898,0.9510800242424011
859,80,cvae,3,43,0.5859375,0.6875,0.5358974358974359,1.0,4.570724010467529,0.9847031235694885
860,80,cvae,3,43,0.3203125,0.4140625,0.4916630100921457,1.0,8.06190299987793,1.495526671409607
861,80,cvae,3,43,0.34375,0.4140625,0.4288949275362319,1.0,4.538876533508301,0.8194884657859802
862,80,cvae,3,43,0.265625,0.5,0.34,1.0,5.119921684265137,1.117113709449768
863,80,cvae,3,43,0.3046875,0.34375,0.47164502164502164,1.0,5.347393989562988,1.1559183597564697
864,80,cvae,3,43,0.3125,0.3984375,0.41888888888888887,1.0,4.886645317077637,0.9637195467948914
865,80,cvae,3,43,0.390625,0.421875,0.49019607843137253,1.0,6.998749732971191,1.4995523691177368
866,80,cvae,3,43,0.265625,0.390625,0.36585365853658536,1.0,5.553229331970215,1.1083941459655762
867,80,cvae,3,43,0.3359375,0.4609375,0.4,1.0,4.353976249694824,0.9263589978218079
868,80,cvae,3,43,0.296875,0.421875,0.4583333333333333,1.0,4.620829105377197,0.9009078145027161
869,80,cvae,3,43,0.34375,0.390625,0.4782608695652174,1.0,6.667831897735596,1.2318778038024902
870,80,cvae,3,43,0.296875,0.375,0.4375,1.0,8.36117172241211,1.7001454830169678
871,80,cvae,3,43,0.3203125,0.3984375,0.4252657911194496,1.0,6.34891414642334,1.1341521739959717
872,80,cvae,3,43,0.359375,0.421875,0.4423076923076923,1.0,3.8188188076019287,0.7887877225875854
873,80,cvae,3,43,0.296875,0.4375,0.4634146341463415,1.0,6.0127058029174805,0.8923996090888977
874,80,cvae,3,43,0.3125,0.359375,0.43478260869565216,1.0,4.043594837188721,0.8352948427200317
875,80,cvae,3,43,0.328125,0.375,0.4375,1.0,8.095145225524902,1.4960089921951294
876,80,cvae,3,43,0.34375,0.484375,0.41938997821350765,1.0,5.0892558097839355,1.1003975868225098
877,80,cvae,3,43,0.2890625,0.3828125,0.4,1.0,9.168352127075195,1.4535996913909912
878,80,cvae,3,43,0.28125,0.390625,0.4,1.0,4.394063949584961,1.0060795545578003
879,80,cvae,3,43,0.296875,0.40625,0.4142857142857143,1.0,6.671397686004639,1.4006685018539429
880,80,cvae,3,43,0.296875,0.4296875,0.47154255319148936,1.0,6.484372615814209,1.3610858917236328
881,80,cvae,3,43,0.28125,0.28125,0.4166666666666667,1.0,6.438356399536133,1.2488923072814941
882,80,cvae,3,43,0.265625,0.359375,0.40425531914893614,1.0,7.841790199279785,1.4252502918243408
883,80,cvae,3,43,0.3359375,0.515625,0.4320413436692506,1.0,7.904038429260254,1.5395381450653076
884,80,cvae,3,43,0.328125,0.484375,0.4827586206896552,1.0,6.962423324584961,1.167015790939331
885,80,cvae,3,43,0.328125,0.375,0.4772727272727273,1.0,5.094080924987793,1.0652769804000854
886,80,cvae,3,43,0.421875,0.46875,0.45,1.0,6.741469860076904,1.3354156017303467
887,80,cvae,3,43,0.3515625,0.3671875,0.5437806873977087,1.0,4.6016387939453125,0.9758169651031494
888,80,cvae,3,43,0.3359375,0.40625,0.44375,1.0,5.61871337890625,1.0074100494384766
889,80,cvae,3,43,0.34375,0.40625,0.44038538739462063,1.0,6.426109313964844,1.2833698987960815
890,80,cvae,3,43,0.328125,0.421875,0.46153846153846156,1.0,6.1927490234375,1.500698447227478
891,80,cvae,3,43,0.4140625,0.4921875,0.4454365079365079,1.0,4.072605133056641,0.9014670848846436
892,80,cvae,3,43,0.40625,0.40625,0.4375,1.0,7.821887969970703,1.3355880975723267
893,80,cvae,3,43,0.3203125,0.3828125,0.46233230134158926,1.0,5.564840316772461,1.1101436614990234
894,80,cvae,3,43,0.375,0.4765625,0.4011820330969267,1.0,4.165564060211182,0.7666831016540527
895,80,cvae,3,43,0.4765625,0.515625,0.4747357293868922,1.0,3.6127724647521973,0.74164879322052
896,80,cvae,3,43,0.3515625,0.4609375,0.4305555555555556,1.0,4.899106025695801,0.9459683299064636
897,80,cvae,3,43,0.296875,0.46875,0.4418604651162791,1.0,5.320704460144043,1.1451364755630493
898,80,cvae,3,43,0.3125,0.3984375,0.3994960806270996,1.0,9.32850456237793,1.544694423675537
899,80,cvae,3,43,0.328125,0.4375,0.49961389961389957,1.0,3.4343836307525635,0.8211039900779724
900,80,cvae,3,43,0.375,0.453125,0.4791666666666667,1.0,5.049633979797363,0.9644637703895569
901,80,cvae,3,43,0.359375,0.4453125,0.3984468339307049,1.0,4.805424690246582,1.080259084701538
902,80,cvae,3,43,0.4140625,0.46875,0.5572755417956656,1.0,4.112895965576172,0.8917508721351624
903,80,cvae,3,43,0.3125,0.421875,0.5,1.0,6.037356376647949,0.9863317012786865
904,80,cvae,3,43,0.453125,0.46875,0.5070422535211268,1.0,6.205357551574707,1.1752177476882935
905,80,cvae,3,43,0.390625,0.5,0.46296296296296297,1.0,4.7034831047058105,0.967518150806427
906,80,cvae,3,43,0.3046875,0.421875,0.36543859649122806,1.0,4.769901275634766,1.0298601388931274
907,80,cvae,3,43,0.4375,0.375,0.4583333333333333,1.0,6.335723876953125,1.3479483127593994
908,80,cvae,3,43,0.25,0.3125,0.3706521739130435,1.0,8.028955459594727,1.5524486303329468
909,80,cvae,3,43,0.390625,0.515625,0.5,1.0,5.968149185180664,1.2636419534683228
910,80,cvae,3,43,0.234375,0.359375,0.4827586206896552,1.0,7.183865547180176,1.5800126791000366
911,80,cvae,3,43,0.3125,0.3828125,0.449490662139219,1.0,4.972570419311523,1.1332353353500366
912,80,cvae,3,43,0.2734375,0.359375,0.4291666666666667,1.0,9.806703567504883,1.4588816165924072
913,80,cvae,3,43,0.28125,0.3828125,0.38737280296022203,1.0,7.746720314025879,1.04341721534729
914,80,cvae,3,43,0.3515625,0.34375,0.541019955654102,1.0,5.186760425567627,1.0188591480255127
915,80,cvae,3,43,0.3125,0.4453125,0.4318181818181818,1.0,5.360055923461914,0.9767512679100037
916,80,cvae,3,43,0.4375,0.4375,0.4666666666666667,1.0,6.010466575622559,1.2745459079742432
917,80,cvae,3,43,0.375,0.484375,0.41645353793691386,1.0,6.675003528594971,1.2244256734848022
918,80,cvae,3,43,0.3359375,0.3671875,0.4330357142857143,1.0,8.15500259399414,1.388450264930725
919,80,cvae,3,43,0.3046875,0.40625,0.4477730646871686,1.0,3.8552887439727783,0.7474250793457031
920,80,cvae,3,43,0.328125,0.4140625,0.4544811320754717,1.0,3.629164218902588,0.9183112382888794
921,80,cvae,3,43,0.3203125,0.390625,0.47883597883597884,1.0,7.662322044372559,1.3063974380493164
922,80,cvae,3,43,0.53125,0.59375,0.4127600554785021,1.0,9.49346923828125,1.7632735967636108
923,80,cvae,3,43,0.3125,0.40625,0.39215686274509803,1.0,4.066036224365234,0.853303849697113
924,80,cvae,3,43,0.34375,0.4375,0.4528301886792453,1.0,5.19129753112793,1.0707374811172485
925,80,cvae,3,43,0.296875,0.421875,0.5,1.0,5.838050842285156,1.0051168203353882
926,80,cvae,3,43,0.40625,0.484375,0.5,1.0,5.132448196411133,1.1552786827087402
927,80,cvae,3,43,0.359375,0.390625,0.46,1.0,4.879793643951416,0.9511098265647888
928,80,cvae,3,43,0.328125,0.390625,0.4198717948717949,1.0,5.308637619018555,1.0484360456466675
929,80,cvae,3,43,0.40625,0.453125,0.5,1.0,7.929640769958496,1.5156395435333252
930,80,cvae,3,43,0.296875,0.40625,0.46938775510204084,1.0,8.067041397094727,1.4836615324020386
931,80,cvae,3,43,0.3515625,0.421875,0.43305243445692887,1.0,7.226734161376953,1.4258861541748047
932,80,cvae,3,43,0.421875,0.546875,0.48936170212765956,1.0,4.359188079833984,0.9904512763023376
933,80,cvae,3,43,0.3515625,0.4296875,0.40568627450980393,1.0,5.546008586883545,1.1028443574905396
934,80,cvae,3,43,0.296875,0.421875,0.40425531914893614,1.0,6.407912254333496,1.3042917251586914
935,80,cvae,3,43,0.328125,0.421875,0.4117647058823529,1.0,5.051499843597412,1.0314761400222778
936,80,cvae,3,43,0.3828125,0.4140625,0.4772727272727273,1.0,7.447951316833496,1.261023759841919
937,80,cvae,3,43,0.3046875,0.5,0.42093023255813955,1.0,4.751103401184082,0.9547542929649353
938,80,cvae,3,43,0.3828125,0.5234375,0.5137137452711223,1.0,4.261574745178223,0.7924647927284241
939,80,cvae,3,43,0.390625,0.359375,0.5,1.0,5.600152015686035,0.9436190724372864
940,80,cvae,3,43,0.421875,0.609375,0.5294117647058824,1.0,5.476681709289551,1.282950520515442
941,80,cvae,3,43,0.296875,0.34375,0.4166666666666667,1.0,4.05133056640625,0.7486259341239929
942,80,cvae,3,43,0.65625,0.4375,0.5526315789473685,1.0,3.473236083984375,0.75274258852005
943,80,cvae,3,43,0.34375,0.5,0.4090909090909091,1.0,4.0623908042907715,0.8889851570129395
944,80,cvae,3,43,0.2890625,0.3046875,0.5303030303030303,1.0,5.0723466873168945,1.158188819885254
945,80,cvae,3,43,0.296875,0.46875,0.4050262102991058,1.0,3.887357234954834,0.9227880835533142
946,80,cvae,3,43,0.4609375,0.5703125,0.4422222222222222,1.0,5.425900936126709,1.1675907373428345
947,80,cvae,3,43,0.328125,0.4375,0.48148148148148145,1.0,5.640690326690674,1.184908390045166
948,80,cvae,3,43,0.34375,0.609375,0.42592592592592593,1.0,3.8093419075012207,0.779359757900238
949,80,cvae,3,43,0.4140625,0.453125,0.5522734302505412,1.0,8.526573181152344,1.5707067251205444
950,80,cvae,3,43,0.3125,0.421875,0.4634146341463415,1.0,6.562496185302734,1.2551907300949097
951,80,cvae,3,43,0.296875,0.390625,0.4222222222222222,1.0,7.3060455322265625,1.3186825513839722
952,80,cvae,3,43,0.328125,0.4140625,0.5735930735930737,1.0,5.55720329284668,1.1280548572540283
953,80,cvae,3,43,0.3203125,0.4453125,0.43968023255813954,1.0,3.866450071334839,0.6776736378669739
954,80,cvae,3,43,0.296875,0.3515625,0.423469387755102,1.0,3.531301259994507,0.894843339920044
955,80,cvae,3,43,0.3125,0.453125,0.4117647058823529,1.0,6.738173484802246,1.2660565376281738
956,80,cvae,3,43,0.3671875,0.453125,0.4497288277012933,1.0,6.646724700927734,1.196718454360962
957,80,cvae,3,43,0.421875,0.484375,0.42,1.0,4.054864883422852,0.8128799796104431
958,80,cvae,3,43,0.484375,0.5703125,0.48848484848484847,1.0,3.955291509628296,0.844437837600708
959,80,cvae,3,43,0.265625,0.328125,0.425,1.0,6.047022819519043,1.08932626247406
960,80,cvae,3,43,0.3125,0.375,0.4153846153846154,1.0,6.195796966552734,1.2821439504623413
961,80,cvae,3,43,0.328125,0.53125,0.40816326530612246,1.0,5.8021016120910645,0.9615593552589417
962,80,cvae,3,43,0.34375,0.375,0.46938775510204084,1.0,6.473712921142578,1.3131190538406372
963,80,cvae,3,43,0.3125,0.453125,0.40215517241379306,1.0,5.439522743225098,1.0369770526885986
964,80,cvae,3,43,0.3046875,0.421875,0.3861283643892339,1.0,5.744922161102295,1.1913105249404907
965,80,cvae,3,43,0.3125,0.3984375,0.46600877192982454,1.0,5.231385231018066,1.1467385292053223
966,80,cvae,3,43,0.328125,0.390625,0.4406779661016949,1.0,6.720725059509277,1.121715784072876
967,80,cvae,3,43,0.3984375,0.515625,0.45875,1.0,5.28429651260376,1.128313660621643
968,80,cvae,3,43,0.3125,0.46875,0.4086270871985158,1.0,5.068047523498535,0.9699267745018005
969,80,cvae,3,43,0.328125,0.421875,0.42592592592592593,1.0,5.531431198120117,1.0204637050628662
970,80,cvae,3,43,0.328125,0.484375,0.37209302325581395,1.0,5.300286293029785,1.1291238069534302
971,80,cvae,3,43,0.328125,0.390625,0.3953488372093023,1.0,5.634653091430664,1.1560686826705933
972,80,cvae,3,43,0.375,0.4375,0.5104166666666667,1.0,8.700244903564453,1.490797758102417
973,80,cvae,3,43,0.453125,0.46875,0.559322033898305,1.0,6.533100128173828,1.1955783367156982
974,80,cvae,3,43,0.375,0.4921875,0.4742063492063492,1.0,6.439640522003174,1.3725404739379883
975,80,cvae,3,43,0.3671875,0.46875,0.5507326007326008,1.0,7.084856986999512,1.2758115530014038
976,80,cvae,3,43,0.296875,0.34375,0.41304347826086957,1.0,7.070116996765137,1.249719500541687
977,80,cvae,3,43,0.328125,0.3125,0.5540540540540541,1.0,4.742925643920898,1.1327853202819824
978,80,cvae,3,43,0.296875,0.453125,0.42857142857142855,1.0,3.3530654907226562,0.7814689874649048
979,80,cvae,3,43,0.34375,0.359375,0.4582608695652174,1.0,5.144209861755371,0.8252182006835938
980,80,cvae,3,43,0.296875,0.421875,0.3792109929078014,1.0,3.7841806411743164,0.6699821949005127
981,80,cvae,3,43,0.2734375,0.328125,0.4023809523809524,1.0,5.46066427230835,0.9182745814323425
982,80,cvae,3,43,0.3125,0.40625,0.47619047619047616,1.0,6.663056373596191,1.2997870445251465
983,80,cvae,3,43,0.3671875,0.4375,0.44339622641509435,1.0,6.644104957580566,1.366433024406433
984,80,cvae,3,43,0.328125,0.390625,0.4918032786885246,1.0,5.010612964630127,0.9380752444267273
985,80,cvae,3,43,0.375,0.4375,0.40201465201465203,1.0,2.450814962387085,0.5525911450386047
986,80,cvae,3,43,0.2890625,0.4375,0.3726449275362319,1.0,7.64512300491333,1.4101248979568481
987,80,cvae,3,43,0.453125,0.5,0.4727272727272727,1.0,5.504031181335449,1.0513148307800293
988,80,cvae,3,43,0.3828125,0.4609375,0.4833076527991782,1.0,8.633430480957031,1.598616123199463
989,80,cvae,3,43,0.265625,0.359375,0.39473684210526316,1.0,7.268020153045654,1.4338486194610596
990,80,cvae,3,43,0.359375,0.3984375,0.48444444444444446,1.0,4.994271278381348,0.9092554450035095
991,80,cvae,3,43,0.390625,0.46875,0.45454545454545453,1.0,8.015178680419922,1.3862578868865967
992,80,cvae,3,43,0.34375,0.421875,0.458041958041958,1.0,3.6646347045898438,0.7903140783309937
993,80,cvae,3,43,0.421875,0.515625,0.5294117647058824,1.0,9.188316345214844,1.471983551979065
994,80,cvae,3,43,0.328125,0.5,0.4545454545454546,1.0,4.978691101074219,1.1981173753738403
995,80,cvae,3,43,0.359375,0.34375,0.4030612244897959,1.0,6.691728591918945,1.3590750694274902
996,80,cvae,3,43,0.3203125,0.359375,0.46832770270270274,1.0,5.46306037902832,0.9822296500205994
997,80,cvae,3,43,0.3125,0.3828125,0.4295665634674922,1.0,7.357939720153809,1.5864607095718384
998,80,cvae,3,43,0.359375,0.375,0.4722222222222222,1.0,6.493672847747803,1.0865827798843384
999,80,cvae,3,43,0.28125,0.4375,0.3492063492063492,1.0,7.2437238693237305,1.278171420097351
0,120,cvae,3,43,0.375,0.46875,0.4820175438596491,1.0,5.779834270477295,0.9259512424468994
1,120,cvae,3,43,0.390625,0.4453125,0.4249471458773784,1.0,6.411105632781982,1.2049646377563477
2,120,cvae,3,43,0.359375,0.40625,0.5172413793103449,1.0,6.624129295349121,1.2062861919403076
3,120,cvae,3,43,0.296875,0.34375,0.5,1.0,8.121622085571289,1.26108980178833
4,120,cvae,3,43,0.328125,0.3671875,0.42448979591836733,1.0,6.6566162109375,1.3875473737716675
5,120,cvae,3,43,0.2421875,0.3828125,0.34444444444444444,1.0,7.203980445861816,1.1918811798095703
6,120,cvae,3,43,0.296875,0.46875,0.4318181818181818,1.0,9.323843002319336,1.4788302183151245
7,120,cvae,3,43,0.390625,0.40625,0.4721276595744681,1.0,7.539522647857666,1.4133111238479614
8,120,cvae,3,43,0.28125,0.328125,0.43902439024390244,1.0,8.955918312072754,1.5614471435546875
9,120,cvae,3,43,0.453125,0.4375,0.4383561643835616,1.0,7.269604682922363,1.4959940910339355
10,120,cvae,3,43,0.296875,0.40625,0.4318181818181818,1.0,5.339412689208984,1.0996931791305542
11,120,cvae,3,43,0.421875,0.453125,0.5476190476190477,1.0,4.272696495056152,0.7431665062904358
12,120,cvae,3,43,0.3984375,0.4296875,0.48663194444444446,1.0,5.996238708496094,1.3658870458602905
13,120,cvae,3,43,0.453125,0.453125,0.5625,1.0,4.563368797302246,0.9872180223464966
14,120,cvae,3,43,0.359375,0.390625,0.4068287037037037,1.0,5.312409400939941,0.9250395894050598
15,120,cvae,3,43,0.3203125,0.3671875,0.4436842105263158,1.0,6.995362758636475,1.4180521965026855
16,120,cvae,3,43,0.265625,0.546875,0.3541666666666667,1.0,7.385876655578613,1.2043174505233765
17,120,cvae,3,43,0.359375,0.4453125,0.46481178396072015,1.0,6.515196323394775,1.304591178894043
18,120,cvae,3,43,0.2890625,0.4296875,0.4198717948717949,1.0,8.275971412658691,1.5650838613510132
19,120,cvae,3,43,0.3125,0.3984375,0.41951896392229415,1.0,5.414093017578125,1.1638237237930298
20,120,cvae,3,43,0.328125,0.34375,0.4444444444444444,1.0,8.197382926940918,1.480875015258789
21,120,cvae,3,43,0.390625,0.53125,0.484375,1.0,3.716730833053589,0.7160857915878296
22,120,cvae,3,43,0.296875,0.359375,0.4318181818181818,1.0,7.32884407043457,1.1264002323150635
23,120,cvae,3,43,0.2890625,0.359375,0.48770491803278687,1.0,5.716475963592529,1.204466700553894
24,120,cvae,3,43,0.359375,0.421875,0.47718253968253965,1.0,5.619623184204102,1.0142536163330078
25,120,cvae,3,43,0.3671875,0.46875,0.47850877192982455,1.0,3.9933981895446777,0.9204143285751343
26,120,cvae,3,43,0.28125,0.328125,0.5,1.0,9.006345748901367,1.4057763814926147
27,120,cvae,3,43,0.453125,0.5,0.47619047619047616,1.0,5.952814102172852,1.2288908958435059
28,120,cvae,3,43,0.34375,0.4375,0.4861111111111111,1.0,6.913713455200195,1.2618515491485596
29,120,cvae,3,43,0.328125,0.421875,0.42857142857142855,1.0,4.9645233154296875,0.9794410467147827
30,120,cvae,3,43,0.3125,0.359375,0.44425385934819894,1.0,7.080362319946289,1.3726184368133545
31,120,cvae,3,43,0.40625,0.4375,0.48124098124098125,1.0,9.224342346191406,1.81307053565979
32,120,cvae,3,43,0.375,0.546875,0.475,1.0,6.778843879699707,1.1636981964111328
33,120,cvae,3,43,0.3046875,0.4453125,0.424812030075188,1.0,6.35382080078125,1.2468324899673462
34,120,cvae,3,43,0.265625,0.40625,0.42105263157894735,1.0,7.429117202758789,1.4347975254058838
35,120,cvae,3,43,0.3359375,0.40625,0.4696969696969697,1.0,3.6834168434143066,0.7990210652351379
36,120,cvae,3,43,0.484375,0.40625,0.5428571428571428,1.0,4.708820819854736,0.9127223491668701
37,120,cvae,3,43,0.3359375,0.3515625,0.5,1.0,4.9944329261779785,1.1205209493637085
38,120,cvae,3,43,0.328125,0.328125,0.43478260869565216,1.0,6.9483795166015625,1.3955985307693481
39,120,cvae,3,43,0.484375,0.46875,0.5185185185185185,1.0,6.61098575592041,1.321983814239502
40,120,cvae,3,43,0.3359375,0.3984375,0.472678916827853,1.0,5.309377670288086,1.1600261926651
41,120,cvae,3,43,0.359375,0.375,0.4583333333333333,1.0,5.839600563049316,1.0802726745605469
42,120,cvae,3,43,0.2890625,0.3984375,0.4112688553682342,1.0,6.024897575378418,1.2077518701553345
43,120,cvae,3,43,0.28125,0.328125,0.5,1.0,7.74112606048584,1.6214966773986816
44,120,cvae,3,43,0.3125,0.3671875,0.4623356926188069,1.0,8.293292999267578,1.6513351202011108
45,120,cvae,3,43,0.296875,0.40625,0.43243243243243246,1.0,5.380439281463623,1.155117154121399
46,120,cvae,3,43,0.328125,0.375,0.5,1.0,4.783339500427246,0.8555473685264587
47,120,cvae,3,43,0.453125,0.515625,0.5087719298245614,1.0,3.5764663219451904,0.872609555721283
48,120,cvae,3,43,0.34375,0.4375,0.45039682539682535,1.0,3.526482582092285,0.7402307987213135
49,120,cvae,3,43,0.28125,0.40625,0.44,1.0,5.181091785430908,1.06278395652771
50,120,cvae,3,43,0.3125,0.40625,0.5208333333333334,1.0,6.199129581451416,1.3022007942199707
51,120,cvae,3,43,0.2890625,0.3359375,0.3870020964360587,1.0,5.4135308265686035,1.056589126586914
52,120,cvae,3,43,0.265625,0.3203125,0.42669942669942673,1.0,6.980337142944336,1.5248422622680664
53,120,cvae,3,43,0.375,0.484375,0.3956521739130435,1.0,8.383219718933105,1.400944471359253
54,120,cvae,3,43,0.3203125,0.28125,0.4445121951219512,1.0,6.72529411315918,1.1802282333374023
55,120,cvae,3,43,0.3125,0.4375,0.425531914893617,1.0,7.379635334014893,1.2827954292297363
56,120,cvae,3,43,0.3046875,0.3671875,0.45445344129554655,1.0,6.419387340545654,1.070008397102356
57,120,cvae,3,43,0.359375,0.34375,0.48717948717948717,1.0,6.84675407409668,1.265705943107605
58,120,cvae,3,43,0.34375,0.328125,0.4642857142857143,1.0,7.937180042266846,1.6973166465759277
59,120,cvae,3,43,0.328125,0.40625,0.5442275747508305,1.0,5.755237579345703,1.0960639715194702
60,120,cvae,3,43,0.296875,0.328125,0.5526315789473685,1.0,6.990096569061279,1.433430552482605
61,120,cvae,3,43,0.421875,0.4375,0.46551724137931033,1.0,6.547969818115234,1.28783118724823
62,120,cvae,3,43,0.3046875,0.3984375,0.4286750483558994,1.0,4.183959484100342,0.8774113655090332
63,120,cvae,3,43,0.34375,0.28125,0.5116279069767442,1.0,8.635576248168945,1.7434546947479248
64,120,cvae,3,43,0.3671875,0.421875,0.4880503144654088,1.0,3.692049264907837,0.7974635362625122
65,120,cvae,3,43,0.390625,0.578125,0.5018065034122843,1.0,5.022964000701904,1.202894687652588
66,120,cvae,3,43,0.2734375,0.3515625,0.3940217391304348,1.0,4.143024921417236,0.7294241786003113
67,120,cvae,3,43,0.2734375,0.3515625,0.4150093808630394,1.0,4.072667121887207,0.9624291658401489
68,120,cvae,3,43,0.3828125,0.3515625,0.5,1.0,8.754555702209473,1.5127688646316528
69,120,cvae,3,43,0.3046875,0.3125,0.4797297297297297,1.0,6.354800701141357,1.203210711479187
70,120,cvae,3,43,0.375,0.5,0.4864864864864865,1.0,5.709609508514404,1.2056524753570557
71,120,cvae,3,43,0.3359375,0.3203125,0.4956140350877193,1.0,6.832576751708984,1.2773762941360474
72,120,cvae,3,43,0.3671875,0.4296875,0.4907862407862408,1.0,5.685356140136719,1.2078282833099365
73,120,cvae,3,43,0.359375,0.328125,0.4375,1.0,4.944941520690918,1.0520128011703491
74,120,cvae,3,43,0.3125,0.359375,0.4745762711864407,1.0,5.5323710441589355,1.3342711925506592
75,120,cvae,3,43,0.4375,0.4609375,0.5401785714285714,1.0,3.6484415531158447,0.733745813369751
76,120,cvae,3,43,0.296875,0.40625,0.48717948717948717,1.0,4.888761043548584,1.070799708366394
77,120,cvae,3,43,0.328125,0.34375,0.5294117647058824,1.0,9.219503402709961,1.6275420188903809
78,120,cvae,3,43,0.328125,0.359375,0.4722222222222222,1.0,6.767436504364014,1.427622675895691
79,120,cvae,3,43,0.4375,0.4296875,0.4978070175438597,1.0,5.234511852264404,1.1412196159362793
80,120,cvae,3,43,0.359375,0.359375,0.5192307692307693,1.0,6.648227691650391,1.3695229291915894
81,120,cvae,3,43,0.328125,0.390625,0.4375,1.0,6.695460319519043,1.3563750982284546
82,120,cvae,3,43,0.359375,0.375,0.4430379746835443,1.0,5.709535598754883,1.3973278999328613
83,120,cvae,3,43,0.265625,0.25,0.425,1.0,7.421531677246094,1.3586983680725098
84,120,cvae,3,43,0.390625,0.4296875,0.5096153846153846,1.0,8.398111343383789,1.7999259233474731
85,120,cvae,3,43,0.421875,0.484375,0.5166666666666667,1.0,5.073744297027588,1.0441904067993164
86,120,cvae,3,43,0.40625,0.328125,0.5166666666666666,1.0,7.6423139572143555,1.0571116209030151
87,120,cvae,3,43,0.28125,0.296875,0.5149823736780259,1.0,5.536644458770752,1.1556869745254517
88,120,cvae,3,43,0.359375,0.3828125,0.4784456587735276,1.0,5.374938011169434,1.181071162223816
89,120,cvae,3,43,0.328125,0.4375,0.46,1.0,5.041236877441406,1.0112261772155762
90,120,cvae,3,43,0.34375,0.40625,0.5096153846153846,1.0,7.30574893951416,1.3124574422836304
91,120,cvae,3,43,0.3359375,0.3671875,0.482281284606866,1.0,6.672245502471924,1.6306697130203247
92,120,cvae,3,43,0.3515625,0.46875,0.4789915966386554,1.0,5.827148914337158,1.194745421409607
93,120,cvae,3,43,0.296875,0.359375,0.4634146341463415,1.0,6.231581687927246,1.0806846618652344
94,120,cvae,3,43,0.3828125,0.46875,0.5277777777777778,1.0,5.926770210266113,1.1826353073120117
95,120,cvae,3,43,0.296875,0.375,0.4318181818181818,1.0,9.06698989868164,1.6008872985839844
96,120,cvae,3,43,0.375,0.40625,0.4897959183673469,1.0,5.585165023803711,1.1619493961334229
97,120,cvae,3,43,0.3671875,0.4765625,0.49269480519480524,1.0,5.306474685668945,1.126399278640747
98,120,cvae,3,43,0.375,0.375,0.46551724137931033,1.0,5.422948837280273,1.1616195440292358
99,120,cvae,3,43,0.46875,0.40625,0.5,1.0,6.622769355773926,1.3555443286895752
100,120,cvae,3,43,0.453125,0.484375,0.45614035087719296,1.0,5.027446746826172,1.0861403942108154
101,120,cvae,3,43,0.3046875,0.375,0.45869837296620775,1.0,6.275202751159668,1.1169167757034302
102,120,cvae,3,43,0.4375,0.5,0.4838709677419355,1.0,5.614190578460693,1.1366021633148193
103,120,cvae,3,43,0.34375,0.3359375,0.44875,1.0,6.005253791809082,1.1783725023269653
104,120,cvae,3,43,0.328125,0.40625,0.5121951219512195,1.0,7.166092872619629,1.5378111600875854
105,120,cvae,3,43,0.359375,0.3203125,0.4561628760088041,1.0,7.816695213317871,1.4996275901794434
106,120,cvae,3,43,0.265625,0.359375,0.3695652173913043,1.0,6.062535285949707,1.3403503894805908
107,120,cvae,3,43,0.328125,0.421875,0.4375,1.0,4.102173805236816,0.8480152487754822
108,120,cvae,3,43,0.296875,0.390625,0.4117647058823529,1.0,8.326736450195312,1.4443669319152832
109,120,cvae,3,43,0.390625,0.390625,0.5,1.0,4.466495513916016,0.9607342481613159
110,120,cvae,3,43,0.3125,0.359375,0.45993589743589747,1.0,8.723258018493652,1.4219132661819458
111,120,cvae,3,43,0.34375,0.359375,0.42,1.0,5.69024658203125,0.9479553699493408
112,120,cvae,3,43,0.40625,0.4375,0.3541666666666667,1.0,6.122485637664795,1.2563011646270752
113,120,cvae,3,43,0.296875,0.34375,0.40425531914893614,1.0,6.100760459899902,1.191115379333496
114,120,cvae,3,43,0.3671875,0.46875,0.4523809523809524,1.0,5.583164215087891,1.0783008337020874
115,120,cvae,3,43,0.375,0.5,0.5185185185185185,1.0,6.995688438415527,1.5559806823730469
116,120,cvae,3,43,0.296875,0.421875,0.43478260869565216,1.0,3.1685593128204346,0.6599257588386536
117,120,cvae,3,43,0.421875,0.390625,0.5178571428571429,1.0,3.0617518424987793,0.6171760559082031
118,120,cvae,3,43,0.34375,0.390625,0.5277777777777778,1.0,4.524532794952393,0.9471901059150696
119,120,cvae,3,43,0.234375,0.28125,0.37777777777777777,1.0,6.777446269989014,1.5601727962493896
120,120,cvae,3,43,0.34375,0.453125,0.4941860465116279,1.0,6.994180679321289,1.1967766284942627
121,120,cvae,3,43,0.3515625,0.4296875,0.42345626072041165,1.0,6.2644500732421875,1.2672460079193115
122,120,cvae,3,43,0.3125,0.390625,0.5055690072639225,1.0,6.220993995666504,1.0502325296401978
123,120,cvae,3,43,0.34375,0.40625,0.5,1.0,6.686354637145996,1.0367348194122314
124,120,cvae,3,43,0.265625,0.234375,0.4857142857142857,1.0,5.4019927978515625,1.0875164270401
125,120,cvae,3,43,0.3125,0.34375,0.46153846153846156,1.0,5.606640815734863,1.2403347492218018
126,120,cvae,3,43,0.28125,0.265625,0.4362514688601645,1.0,5.8117451667785645,1.0647869110107422
127,120,cvae,3,43,0.40625,0.390625,0.46551724137931033,1.0,6.6624674797058105,1.2771852016448975
128,120,cvae,3,43,0.296875,0.34375,0.45,1.0,6.611973762512207,1.342593789100647
129,120,cvae,3,43,0.375,0.40625,0.48,1.0,7.2694807052612305,1.3702048063278198
130,120,cvae,3,43,0.28125,0.234375,0.45,1.0,6.040610313415527,1.1018880605697632
131,120,cvae,3,43,0.2890625,0.3984375,0.4262820512820513,1.0,6.262569427490234,1.3904061317443848
132,120,cvae,3,43,0.3359375,0.3671875,0.5019677996422183,1.0,8.224105834960938,1.5062698125839233
133,120,cvae,3,43,0.3125,0.34375,0.48428705440900566,1.0,7.165844917297363,1.0201561450958252
134,120,cvae,3,43,0.359375,0.3828125,0.5219638242894057,1.0,6.074336528778076,1.2564595937728882
135,120,cvae,3,43,0.34375,0.375,0.47792207792207786,1.0,5.162590026855469,1.2339073419570923
136,120,cvae,3,43,0.2734375,0.40625,0.4035567715458276,1.0,5.951681137084961,1.2940431833267212
137,120,cvae,3,43,0.3515625,0.3828125,0.5049242424242424,1.0,5.141007900238037,0.9884746670722961
138,120,cvae,3,43,0.3671875,0.3984375,0.513157894736842,1.0,5.578619480133057,1.0684884786605835
139,120,cvae,3,43,0.359375,0.3828125,0.45666666666666667,1.0,7.140137672424316,1.475085735321045
140,120,cvae,3,43,0.328125,0.375,0.46296296296296297,1.0,7.245700359344482,1.4057281017303467
141,120,cvae,3,43,0.359375,0.3125,0.4875,1.0,6.848012924194336,1.1368160247802734
142,120,cvae,3,43,0.3125,0.3125,0.46511627906976744,1.0,5.5144195556640625,1.2478783130645752
143,120,cvae,3,43,0.359375,0.3984375,0.4285714285714286,1.0,5.469562530517578,1.2720458507537842
144,120,cvae,3,43,0.453125,0.390625,0.42857142857142855,1.0,7.485007286071777,1.2539637088775635
145,120,cvae,3,43,0.375,0.34375,0.4796875,1.0,3.6268093585968018,0.8130771517753601
146,120,cvae,3,43,0.296875,0.421875,0.42,1.0,3.6349985599517822,0.8569716215133667
147,120,cvae,3,43,0.3046875,0.46875,0.4323170731707317,1.0,4.960844993591309,1.218706488609314
148,120,cvae,3,43,0.328125,0.390625,0.425,1.0,5.851441383361816,1.261360764503479
149,120,cvae,3,43,0.3125,0.3671875,0.46561930783242256,1.0,6.187755584716797,1.3629146814346313
150,120,cvae,3,43,0.34375,0.4453125,0.47115384615384615,1.0,6.52738094329834,1.1793385744094849
151,120,cvae,3,43,0.3125,0.2890625,0.49007936507936506,1.0,7.729377746582031,1.367231845855713
152,120,cvae,3,43,0.328125,0.3125,0.45588235294117646,1.0,6.234058856964111,1.0967133045196533
153,120,cvae,3,43,0.4140625,0.453125,0.4646577380952381,1.0,4.813421249389648,0.9009444117546082
154,120,cvae,3,43,0.328125,0.4375,0.5161290322580645,1.0,4.612750053405762,1.0353621244430542
155,120,cvae,3,43,0.25,0.421875,0.35555555555555557,1.0,6.567614555358887,1.106626272201538
156,120,cvae,3,43,0.3515625,0.3984375,0.5119115144639819,1.0,6.123518466949463,1.3511101007461548
157,120,cvae,3,43,0.3125,0.3203125,0.4681286549707602,1.0,8.542296409606934,1.377350091934204
158,120,cvae,3,43,0.296875,0.2578125,0.44340425531914895,1.0,9.83063793182373,1.6516783237457275
159,120,cvae,3,43,0.28125,0.296875,0.5178571428571429,1.0,5.877895832061768,1.3282196521759033
160,120,cvae,3,43,0.2890625,0.4140625,0.4004988913525499,1.0,7.278689384460449,1.5087448358535767
161,120,cvae,3,43,0.3359375,0.3203125,0.49914236706689535,1.0,6.058640003204346,1.5132652521133423
162,120,cvae,3,43,0.328125,0.3125,0.5128205128205128,1.0,5.034607887268066,0.9522764682769775
163,120,cvae,3,43,0.3125,0.34375,0.45454545454545453,1.0,13.119585990905762,1.912593126296997
164,120,cvae,3,43,0.3359375,0.3515625,0.48385977091287746,1.0,6.899483680725098,1.451949119567871
165,120,cvae,3,43,0.2890625,0.359375,0.4057017543859649,1.0,3.920023202896118,0.7695854306221008
166,120,cvae,3,43,0.34375,0.453125,0.46511627906976744,1.0,8.797056198120117,1.693157434463501
167,120,cvae,3,43,0.265625,0.3125,0.39052631578947367,1.0,6.324217796325684,0.827042818069458
168,120,cvae,3,43,0.3359375,0.4296875,0.4418767507002801,1.0,7.402524948120117,1.309787392616272
169,120,cvae,3,43,0.421875,0.40625,0.5306122448979592,1.0,6.9110918045043945,1.4711284637451172
170,120,cvae,3,43,0.375,0.375,0.5853658536585366,1.0,8.447922706604004,1.637743353843689
171,120,cvae,3,43,0.296875,0.3359375,0.39356884057971014,1.0,5.455652236938477,1.1682523488998413
172,120,cvae,3,43,0.3125,0.421875,0.42857142857142855,1.0,5.03792142868042,1.0168546438217163
173,120,cvae,3,43,0.375,0.359375,0.5500526870389884,1.0,6.263150215148926,1.326893925666809
174,120,cvae,3,43,0.34375,0.46875,0.4878048780487805,1.0,6.445509910583496,1.1631861925125122
175,120,cvae,3,43,0.296875,0.40625,0.48214285714285715,1.0,6.706535816192627,1.179955005645752
176,120,cvae,3,43,0.34375,0.390625,0.4814024390243902,1.0,7.177421569824219,1.4022338390350342
177,120,cvae,3,43,0.390625,0.40625,0.5,1.0,5.921419620513916,1.0786573886871338
178,120,cvae,3,43,0.34375,0.4140625,0.422417079679756,1.0,5.5667314529418945,1.1055817604064941
179,120,cvae,3,43,0.40625,0.3984375,0.5692307692307692,1.0,5.898987770080566,1.1623473167419434
180,120,cvae,3,43,0.296875,0.359375,0.425,1.0,7.380793571472168,1.2752361297607422
181,120,cvae,3,43,0.3046875,0.375,0.4382561535252399,1.0,6.276863098144531,1.408262014389038
182,120,cvae,3,43,0.359375,0.28125,0.5365853658536586,1.0,6.57208776473999,1.4647208452224731
183,120,cvae,3,43,0.2890625,0.40625,0.4331560283687943,1.0,7.918479919433594,1.5527667999267578
184,120,cvae,3,43,0.265625,0.34375,0.425,1.0,4.9051618576049805,0.9321478009223938
185,120,cvae,3,43,0.4375,0.453125,0.4406779661016949,1.0,7.832306861877441,1.3253251314163208
186,120,cvae,3,43,0.296875,0.3984375,0.4173913043478261,1.0,4.190281867980957,0.8676866888999939
187,120,cvae,3,43,0.3125,0.40625,0.44,1.0,6.975227355957031,1.592087745666504
188,120,cvae,3,43,0.359375,0.34375,0.5,1.0,7.740894794464111,1.3689112663269043
189,120,cvae,3,43,0.28125,0.3671875,0.41704374057315236,1.0,6.014725685119629,1.021539330482483
190,120,cvae,3,43,0.328125,0.390625,0.4301572617946346,1.0,6.219423294067383,1.396450161933899
191,120,cvae,3,43,0.3359375,0.4375,0.4322139303482587,1.0,6.974122047424316,1.4897303581237793
192,120,cvae,3,43,0.328125,0.40625,0.4772727272727273,1.0,9.368367195129395,1.6156574487686157
193,120,cvae,3,43,0.28125,0.375,0.391304347826087,1.0,6.501889228820801,1.3295702934265137
194,120,cvae,3,43,0.4453125,0.375,0.5760957792207793,1.0,6.055380344390869,1.215628981590271
195,120,cvae,3,43,0.375,0.40625,0.46153846153846156,1.0,6.367907524108887,1.2826905250549316
196,120,cvae,3,43,0.421875,0.4375,0.5172413793103449,1.0,5.449370384216309,1.0345489978790283
197,120,cvae,3,43,0.296875,0.4375,0.42,1.0,5.55545711517334,1.151975393295288
198,120,cvae,3,43,0.3125,0.421875,0.4722222222222222,1.0,7.3306965827941895,1.1542916297912598
199,120,cvae,3,43,0.296875,0.5,0.4418604651162791,1.0,3.9968032836914062,0.8980922698974609
200,120,cvae,3,43,0.3671875,0.4296875,0.540169133192389,1.0,5.062345027923584,0.8740731477737427
201,120,cvae,3,43,0.296875,0.3125,0.4418604651162791,1.0,4.4927520751953125,0.9272431135177612
202,120,cvae,3,43,0.390625,0.390625,0.4888888888888889,1.0,5.99898624420166,1.2407207489013672
203,120,cvae,3,43,0.328125,0.40625,0.4930555555555555,1.0,6.597773551940918,1.2007817029953003
204,120,cvae,3,43,0.390625,0.375,0.5,1.0,6.770764350891113,1.3238054513931274
205,120,cvae,3,43,0.3828125,0.5078125,0.4483805668016194,1.0,5.068259239196777,1.028241515159607
206,120,cvae,3,43,0.390625,0.328125,0.5319148936170213,1.0,8.05722713470459,1.4191861152648926
207,120,cvae,3,43,0.296875,0.3125,0.48958333333333337,1.0,5.356558799743652,1.0608408451080322
208,120,cvae,3,43,0.3125,0.3046875,0.45864779874213835,1.0,3.914928913116455,0.9026978611946106
209,120,cvae,3,43,0.25,0.2578125,0.45608628659476114,1.0,6.180152893066406,1.303225040435791
210,120,cvae,3,43,0.328125,0.375,0.4583333333333333,1.0,8.192694664001465,1.3448877334594727
211,120,cvae,3,43,0.34375,0.34375,0.44,1.0,5.574533939361572,1.299892783164978
212,120,cvae,3,43,0.28125,0.3828125,0.42206828302820387,1.0,5.934306621551514,1.1202278137207031
213,120,cvae,3,43,0.28125,0.34375,0.44329896907216493,1.0,6.6647515296936035,1.2429012060165405
214,120,cvae,3,43,0.3125,0.359375,0.43478260869565216,1.0,7.183197975158691,1.3070690631866455
215,120,cvae,3,43,0.40625,0.5,0.5,1.0,8.593777656555176,1.416271686553955
216,120,cvae,3,43,0.3125,0.421875,0.38461538461538464,1.0,7.017797470092773,1.5746177434921265
217,120,cvae,3,43,0.3125,0.2890625,0.4727787456445993,1.0,3.547553062438965,0.8249382972717285
218,120,cvae,3,43,0.296875,0.390625,0.5,1.0,5.646608352661133,1.0119106769561768
219,120,cvae,3,43,0.328125,0.390625,0.4864864864864865,1.0,8.43998908996582,1.7893908023834229
220,120,cvae,3,43,0.296875,0.375,0.4634146341463415,1.0,3.717503309249878,0.9110859632492065
221,120,cvae,3,43,0.296875,0.375,0.5277777777777778,1.0,9.110380172729492,1.5564066171646118
222,120,cvae,3,43,0.40625,0.4296875,0.47435897435897434,1.0,6.932283401489258,1.3397822380065918
223,120,cvae,3,43,0.359375,0.359375,0.46938775510204084,1.0,8.299676895141602,1.4695876836776733
224,120,cvae,3,43,0.375,0.4609375,0.4394610557401255,1.0,5.554861068725586,1.1771425008773804
225,120,cvae,3,43,0.3125,0.5,0.39215686274509803,1.0,6.818973541259766,1.2264788150787354
226,120,cvae,3,43,0.328125,0.421875,0.4772727272727273,1.0,6.570960521697998,1.4225926399230957
227,120,cvae,3,43,0.3515625,0.484375,0.4316801619433198,1.0,4.208632469177246,0.9896405935287476
228,120,cvae,3,43,0.328125,0.3515625,0.4630630630630631,1.0,5.069252967834473,1.0274003744125366
229,120,cvae,3,43,0.3515625,0.4765625,0.5078760162601627,1.0,6.638736724853516,1.5135036706924438
230,120,cvae,3,43,0.3203125,0.453125,0.4561971129915381,1.0,7.6703948974609375,1.2997756004333496
231,120,cvae,3,43,0.328125,0.46875,0.4722222222222222,1.0,7.1396164894104,1.2914916276931763
232,120,cvae,3,43,0.515625,0.546875,0.625,1.0,6.703372955322266,1.507582426071167
233,120,cvae,3,43,0.40625,0.421875,0.5128205128205128,1.0,4.279631614685059,0.9376994967460632
234,120,cvae,3,43,0.390625,0.4140625,0.5042892156862745,1.0,7.22776460647583,1.522023320198059
235,120,cvae,3,43,0.484375,0.390625,0.58,1.0,5.711688995361328,1.2380483150482178
236,120,cvae,3,43,0.3828125,0.40625,0.5217391304347826,1.0,7.444045066833496,1.3411259651184082
237,120,cvae,3,43,0.453125,0.421875,0.47540983606557374,1.0,5.167236804962158,1.1105080842971802
238,120,cvae,3,43,0.4140625,0.4375,0.5531849103277675,1.0,7.65040397644043,1.6393765211105347
239,120,cvae,3,43,0.296875,0.375,0.43333333333333335,1.0,6.321934223175049,1.4486216306686401
240,120,cvae,3,43,0.296875,0.421875,0.4473684210526316,1.0,7.445185661315918,1.1217641830444336
241,120,cvae,3,43,0.3203125,0.3671875,0.5172413793103448,1.0,5.312070369720459,1.0641851425170898
242,120,cvae,3,43,0.375,0.328125,0.543859649122807,1.0,6.310929298400879,1.2780728340148926
243,120,cvae,3,43,0.3125,0.421875,0.41025641025641024,1.0,7.475831508636475,1.7260406017303467
244,120,cvae,3,43,0.296875,0.3203125,0.41025641025641024,1.0,5.869841575622559,1.099640130996704
245,120,cvae,3,43,0.328125,0.375,0.4528301886792453,1.0,4.804304599761963,1.115179181098938
246,120,cvae,3,43,0.359375,0.4609375,0.47442528735632183,1.0,6.848285675048828,1.182259440422058
247,120,cvae,3,43,0.296875,0.421875,0.4418604651162791,1.0,9.532557487487793,1.6005549430847168
248,120,cvae,3,43,0.296875,0.3125,0.45,1.0,8.65833854675293,1.432692050933838
249,120,cvae,3,43,0.484375,0.5,0.5275108347465611,1.0,7.457601547241211,1.4745019674301147
250,120,cvae,3,43,0.328125,0.390625,0.5346320346320346,1.0,6.353423118591309,1.3498615026474
251,120,cvae,3,43,0.34375,0.390625,0.4473684210526316,1.0,7.132985591888428,1.3587665557861328
252,120,cvae,3,43,0.328125,0.421875,0.4375,1.0,6.245990753173828,1.1552846431732178
253,120,cvae,3,43,0.4140625,0.3828125,0.5108695652173914,1.0,4.642670631408691,0.9704421758651733
254,120,cvae,3,43,0.390625,0.3359375,0.4630325814536341,1.0,5.748433589935303,1.1679505109786987
255,120,cvae,3,43,0.3203125,0.375,0.5465909090909091,1.0,4.660019874572754,1.037436842918396
256,120,cvae,3,43,0.265625,0.421875,0.43478260869565216,1.0,4.54910135269165,0.8478261828422546
257,120,cvae,3,43,0.546875,0.546875,0.6129316420014095,1.0,4.920610427856445,1.2029098272323608
258,120,cvae,3,43,0.359375,0.421875,0.4791666666666667,1.0,6.071826934814453,1.1905384063720703
259,120,cvae,3,43,0.296875,0.3671875,0.4722222222222222,1.0,7.860968112945557,1.5189845561981201
260,120,cvae,3,43,0.3203125,0.3125,0.47038327526132406,1.0,5.440425872802734,0.9360864758491516
261,120,cvae,3,43,0.3125,0.15625,0.6428571428571429,1.0,5.863217353820801,1.0427546501159668
262,120,cvae,3,43,0.328125,0.4765625,0.4517625231910946,1.0,7.037166595458984,1.2776007652282715
263,120,cvae,3,43,0.34375,0.34375,0.45,1.0,7.879186630249023,1.4369425773620605
264,120,cvae,3,43,0.4921875,0.6171875,0.48275862068965514,1.0,5.60764741897583,1.0083609819412231
265,120,cvae,3,43,0.453125,0.4375,0.5813953488372093,1.0,6.418457984924316,1.1675703525543213
266,120,cvae,3,43,0.375,0.328125,0.54,1.0,6.7645697593688965,1.398138403892517
267,120,cvae,3,43,0.296875,0.4375,0.4418604651162791,1.0,6.830786228179932,1.5200916528701782
268,120,cvae,3,43,0.4140625,0.4609375,0.4609800362976406,1.0,5.818565368652344,1.2557622194290161
269,120,cvae,3,43,0.3046875,0.328125,0.41122540250447226,1.0,7.058315277099609,1.1330790519714355
270,120,cvae,3,43,0.375,0.484375,0.47761194029850745,1.0,5.836154937744141,1.1530005931854248
271,120,cvae,3,43,0.3125,0.453125,0.4122222222222222,1.0,4.62493896484375,1.0520435571670532
272,120,cvae,3,43,0.25,0.21875,0.4226190476190476,1.0,6.830531120300293,1.6836997270584106
273,120,cvae,3,43,0.296875,0.296875,0.4727272727272727,1.0,6.4170122146606445,1.1101043224334717
274,120,cvae,3,43,0.328125,0.3671875,0.49945887445887444,1.0,7.231848239898682,1.5329856872558594
275,120,cvae,3,43,0.359375,0.34375,0.4471938775510204,1.0,6.331643104553223,1.053115963935852
276,120,cvae,3,43,0.4296875,0.359375,0.5442307692307693,1.0,3.378218650817871,0.7045588493347168
277,120,cvae,3,43,0.3046875,0.3515625,0.44913793103448274,1.0,6.578685760498047,1.182914137840271
278,120,cvae,3,43,0.328125,0.4375,0.44680851063829785,1.0,7.252204895019531,1.2477408647537231
279,120,cvae,3,43,0.296875,0.3125,0.4418604651162791,1.0,5.501384735107422,0.8411297798156738
280,120,cvae,3,43,0.53125,0.4375,0.5333333333333333,1.0,6.924072265625,1.3347119092941284
281,120,cvae,3,43,0.3046875,0.25,0.4858490566037736,1.0,9.852725982666016,1.6649489402770996
282,120,cvae,3,43,0.28125,0.375,0.474937343358396,1.0,5.405582904815674,0.8455300331115723
283,120,cvae,3,43,0.3125,0.296875,0.5625,1.0,5.393949031829834,1.0231907367706299
284,120,cvae,3,43,0.296875,0.421875,0.40476190476190477,1.0,3.4723331928253174,0.6852144598960876
285,120,cvae,3,43,0.328125,0.5,0.4583333333333333,1.0,7.229659557342529,1.247610330581665
286,120,cvae,3,43,0.296875,0.25,0.48214285714285715,1.0,5.8384175300598145,1.0061076879501343
287,120,cvae,3,43,0.2890625,0.421875,0.4260752688172043,1.0,5.644174575805664,1.08210027217865
288,120,cvae,3,43,0.328125,0.40625,0.42,1.0,7.9880475997924805,1.3905906677246094
289,120,cvae,3,43,0.375,0.375,0.5538461538461539,1.0,4.631764888763428,0.8842980265617371
290,120,cvae,3,43,0.3203125,0.3203125,0.49193548387096775,1.0,5.821735382080078,1.07185697555542
291,120,cvae,3,43,0.34375,0.390625,0.4523809523809524,1.0,6.398999214172363,1.1409399509429932
292,120,cvae,3,43,0.2890625,0.3984375,0.42833333333333334,1.0,6.504899978637695,1.274706482887268
293,120,cvae,3,43,0.3203125,0.3984375,0.43712121212121213,1.0,10.88050651550293,1.8377403020858765
294,120,cvae,3,43,0.3125,0.3984375,0.42424242424242425,1.0,5.12567138671875,1.2488572597503662
295,120,cvae,3,43,0.2890625,0.3203125,0.42592592592592593,1.0,4.966734886169434,0.9199321866035461
296,120,cvae,3,43,0.328125,0.40625,0.4504830917874396,1.0,9.227806091308594,1.689167857170105
297,120,cvae,3,43,0.3125,0.4375,0.4117647058823529,1.0,5.789836883544922,1.368942141532898
298,120,cvae,3,43,0.2734375,0.4140625,0.45731707317073167,1.0,4.891888618469238,1.0425044298171997
299,120,cvae,3,43,0.296875,0.4375,0.46153846153846156,1.0,4.921913146972656,0.9495296478271484
300,120,cvae,3,43,0.4375,0.375,0.5169871794871794,1.0,4.62858772277832,0.8671619296073914
301,120,cvae,3,43,0.28125,0.328125,0.42,1.0,6.772231101989746,1.092836618423462
302,120,cvae,3,43,0.296875,0.421875,0.46296296296296297,1.0,6.861186981201172,1.277602195739746
303,120,cvae,3,43,0.390625,0.28125,0.4696969696969697,1.0,5.606950759887695,1.1168060302734375
304,120,cvae,3,43,0.3125,0.3515625,0.4584302325581395,1.0,7.388467788696289,1.3467355966567993
305,120,cvae,3,43,0.3046875,0.296875,0.45292207792207795,1.0,6.005721092224121,1.1640257835388184
306,120,cvae,3,43,0.4375,0.4140625,0.511936936936937,1.0,5.480231761932373,0.8153027892112732
307,120,cvae,3,43,0.296875,0.390625,0.4807692307692308,1.0,9.192201614379883,1.670103907585144
308,120,cvae,3,43,0.375,0.359375,0.3870967741935484,1.0,6.641188621520996,1.4496575593948364
309,120,cvae,3,43,0.453125,0.53125,0.5409836065573771,1.0,5.539876937866211,1.0422271490097046
310,120,cvae,3,43,0.3125,0.3984375,0.44590643274853803,1.0,5.722652435302734,1.354016661643982
311,120,cvae,3,43,0.453125,0.40625,0.5689655172413793,1.0,5.747962951660156,1.0114948749542236
312,120,cvae,3,43,0.3046875,0.390625,0.44380639868744876,1.0,4.704124450683594,1.1130146980285645
313,120,cvae,3,43,0.375,0.40625,0.4897959183673469,1.0,7.437795639038086,1.3663973808288574
314,120,cvae,3,43,0.34375,0.453125,0.4166666666666667,1.0,5.141925811767578,1.2341004610061646
315,120,cvae,3,43,0.328125,0.453125,0.47771836007130125,1.0,5.917789936065674,1.220727562904358
316,120,cvae,3,43,0.3671875,0.4609375,0.48977889027951604,1.0,8.624282836914062,1.4442180395126343
317,120,cvae,3,43,0.3203125,0.2890625,0.45963718820861676,1.0,6.904903411865234,1.256108283996582
318,120,cvae,3,43,0.2890625,0.359375,0.4552590266875981,1.0,6.801892280578613,1.1048208475112915
319,120,cvae,3,43,0.34375,0.4375,0.48333333333333334,1.0,6.272000789642334,1.585142970085144
320,120,cvae,3,43,0.296875,0.40625,0.5,1.0,5.060155868530273,0.8577279448509216
321,120,cvae,3,43,0.4921875,0.4921875,0.5348717948717949,1.0,7.70855712890625,1.432198405265808
322,120,cvae,3,43,0.296875,0.34375,0.4642857142857143,1.0,7.648782730102539,1.4135063886642456
323,120,cvae,3,43,0.296875,0.34375,0.4423076923076923,1.0,6.4012227058410645,1.1976804733276367
324,120,cvae,3,43,0.296875,0.359375,0.42105263157894735,1.0,7.150068283081055,1.5278040170669556
325,120,cvae,3,43,0.421875,0.34375,0.4722222222222222,1.0,4.711517333984375,0.8225950002670288
326,120,cvae,3,43,0.4375,0.375,0.5510912698412698,1.0,7.129806995391846,1.376722812652588
327,120,cvae,3,43,0.359375,0.546875,0.5,1.0,5.959604263305664,1.370511770248413
328,120,cvae,3,43,0.3125,0.3515625,0.4928571428571429,1.0,11.284290313720703,1.5644251108169556
329,120,cvae,3,43,0.28125,0.390625,0.41025641025641024,1.0,5.298585891723633,1.1535502672195435
330,120,cvae,3,43,0.25,0.265625,0.4166666666666667,1.0,5.769314765930176,1.229629635810852
331,120,cvae,3,43,0.2890625,0.3671875,0.46252620545073375,1.0,3.575556755065918,0.7962280511856079
332,120,cvae,3,43,0.28125,0.34375,0.4444444444444444,1.0,7.292082786560059,1.334476351737976
333,120,cvae,3,43,0.296875,0.3984375,0.4365079365079365,1.0,4.573389530181885,0.9419724941253662
334,120,cvae,3,43,0.296875,0.3125,0.4523809523809524,1.0,6.921064376831055,1.4054487943649292
335,120,cvae,3,43,0.3125,0.3671875,0.4578804347826087,1.0,6.524001598358154,1.072615385055542
336,120,cvae,3,43,0.5,0.609375,0.5245901639344263,1.0,6.363209247589111,1.3269562721252441
337,120,cvae,3,43,0.3125,0.359375,0.4375,1.0,6.834312438964844,1.602096438407898
338,120,cvae,3,43,0.3828125,0.4140625,0.5211538461538462,1.0,7.163652420043945,1.6354917287826538
339,120,cvae,3,43,0.3359375,0.3046875,0.5704365079365079,1.0,6.846698760986328,1.2934778928756714
340,120,cvae,3,43,0.296875,0.375,0.4166666666666667,1.0,5.243499755859375,1.0586658716201782
341,120,cvae,3,43,0.4375,0.421875,0.5655102040816327,1.0,6.79729700088501,1.2072315216064453
342,120,cvae,3,43,0.2890625,0.3359375,0.3870020964360587,1.0,6.174701690673828,1.3123362064361572
343,120,cvae,3,43,0.359375,0.390625,0.5510204081632653,1.0,6.806802749633789,1.3059061765670776
344,120,cvae,3,43,0.390625,0.4921875,0.5002836074872377,1.0,7.509726047515869,1.347413420677185
345,120,cvae,3,43,0.390625,0.359375,0.5428571428571428,1.0,5.16383171081543,0.9294725656509399
346,120,cvae,3,43,0.3125,0.4296875,0.4739024390243902,1.0,6.761655807495117,1.4964892864227295
347,120,cvae,3,43,0.3125,0.359375,0.5151515151515151,1.0,5.871447563171387,1.3698270320892334
348,120,cvae,3,43,0.34375,0.4296875,0.418036750483559,1.0,9.56441879272461,1.6526519060134888
349,120,cvae,3,43,0.3125,0.375,0.4878048780487805,1.0,5.267348289489746,1.00438392162323
350,120,cvae,3,43,0.359375,0.453125,0.47762148337595906,1.0,5.489941120147705,1.2025703191757202
351,120,cvae,3,43,0.28125,0.3125,0.4939393939393939,1.0,7.446292877197266,1.4547439813613892
352,120,cvae,3,43,0.3359375,0.375,0.48404255319148937,1.0,5.017462253570557,1.1320873498916626
353,120,cvae,3,43,0.3125,0.40625,0.425,1.0,7.3600263595581055,1.3094686269760132
354,120,cvae,3,43,0.265625,0.359375,0.47058823529411764,1.0,6.355840682983398,1.3475220203399658
355,120,cvae,3,43,0.3984375,0.4453125,0.5225563909774436,1.0,6.677887916564941,1.171331763267517
356,120,cvae,3,43,0.4296875,0.4375,0.5263157894736843,1.0,3.3718974590301514,0.7744517922401428
357,120,cvae,3,43,0.375,0.3515625,0.46101949025487254,1.0,5.1689300537109375,0.9321964979171753
358,120,cvae,3,43,0.2890625,0.1875,0.4618421052631579,1.0,5.160861968994141,0.9645711779594421
359,120,cvae,3,43,0.328125,0.375,0.4523809523809524,1.0,5.221592903137207,0.899722158908844
360,120,cvae,3,43,0.296875,0.34375,0.42857142857142855,1.0,4.645827293395996,0.8403504490852356
361,120,cvae,3,43,0.3125,0.40625,0.425531914893617,1.0,7.612558364868164,1.5626786947250366
362,120,cvae,3,43,0.3359375,0.3359375,0.5119658119658119,1.0,7.418757438659668,1.452651023864746
363,120,cvae,3,43,0.296875,0.359375,0.4666666666666667,1.0,6.025147438049316,1.4192159175872803
364,120,cvae,3,43,0.28125,0.4296875,0.38315217391304346,1.0,4.909650802612305,0.9828971028327942
365,120,cvae,3,43,0.3125,0.3515625,0.45189639222941724,1.0,5.458250999450684,0.8963423371315002
366,120,cvae,3,43,0.3046875,0.3203125,0.4316801619433198,1.0,6.394357681274414,1.4388303756713867
367,120,cvae,3,43,0.3359375,0.34375,0.4802078179119248,1.0,6.530385971069336,1.2638139724731445
368,120,cvae,3,43,0.3125,0.375,0.48333333333333334,1.0,7.447005271911621,1.344847321510315
369,120,cvae,3,43,0.328125,0.296875,0.47761194029850745,1.0,3.5849738121032715,0.8656708598136902
370,120,cvae,3,43,0.3828125,0.421875,0.4955102040816326,1.0,6.438014030456543,1.379183292388916
371,120,cvae,3,43,0.359375,0.453125,0.5460526315789473,1.0,3.8977174758911133,0.8617492914199829
372,120,cvae,3,43,0.390625,0.453125,0.4678362573099415,1.0,7.628110885620117,1.6493616104125977
373,120,cvae,3,43,0.34375,0.515625,0.4888888888888889,1.0,9.193073272705078,1.8205451965332031
374,120,cvae,3,43,0.34375,0.4375,0.46762820512820513,1.0,6.351778984069824,1.2437528371810913
375,120,cvae,3,43,0.484375,0.484375,0.525,1.0,7.083070755004883,1.5607855319976807
376,120,cvae,3,43,0.359375,0.4375,0.4822222222222222,1.0,5.6688737869262695,1.1497762203216553
377,120,cvae,3,43,0.3125,0.375,0.46511627906976744,1.0,6.49488639831543,1.2188668251037598
378,120,cvae,3,43,0.2890625,0.4609375,0.45341394025604553,1.0,7.513759613037109,1.4650378227233887
379,120,cvae,3,43,0.328125,0.4296875,0.4759725400457666,1.0,4.37103796005249,0.9576947689056396
380,120,cvae,3,43,0.3359375,0.3828125,0.5030095759233926,1.0,7.212038040161133,1.3137717247009277
381,120,cvae,3,43,0.5390625,0.4453125,0.48808848553601814,1.0,6.459439277648926,1.2432769536972046
382,120,cvae,3,43,0.296875,0.421875,0.4318181818181818,1.0,5.305752277374268,1.0280770063400269
383,120,cvae,3,43,0.34375,0.40625,0.58,1.0,6.8380560874938965,1.3686760663986206
384,120,cvae,3,43,0.3125,0.375,0.45,1.0,10.536574363708496,1.9556151628494263
385,120,cvae,3,43,0.3125,0.34375,0.47058823529411764,1.0,6.122493743896484,1.2410364151000977
386,120,cvae,3,43,0.328125,0.359375,0.4523809523809524,1.0,6.304840087890625,1.0016475915908813
387,120,cvae,3,43,0.328125,0.359375,0.45652173913043476,1.0,5.873300552368164,1.4779760837554932
388,120,cvae,3,43,0.3125,0.4765625,0.40442741592166875,1.0,5.402197360992432,1.1893455982208252
389,120,cvae,3,43,0.3125,0.359375,0.4473684210526316,1.0,5.6273298263549805,1.199688196182251
390,120,cvae,3,43,0.3203125,0.359375,0.4444444444444444,1.0,6.582371711730957,1.2558512687683105
391,120,cvae,3,43,0.328125,0.4375,0.42340686274509803,1.0,6.367952346801758,1.4672085046768188
392,120,cvae,3,43,0.296875,0.46875,0.435207336523126,1.0,6.211446762084961,1.2846250534057617
393,120,cvae,3,43,0.359375,0.3359375,0.49464285714285716,1.0,6.040694236755371,1.1441916227340698
394,120,cvae,3,43,0.375,0.375,0.5,1.0,5.349358558654785,1.1378095149993896
395,120,cvae,3,43,0.484375,0.5703125,0.4963562753036438,1.0,7.999454498291016,1.3749470710754395
396,120,cvae,3,43,0.3671875,0.3359375,0.525,1.0,9.055870056152344,1.3278752565383911
397,120,cvae,3,43,0.3671875,0.359375,0.4337833494053359,1.0,6.074720859527588,1.1043049097061157
398,120,cvae,3,43,0.3671875,0.390625,0.4868329868329868,1.0,7.4304914474487305,1.4286988973617554
399,120,cvae,3,43,0.2578125,0.3046875,0.41719409282700426,1.0,8.96828842163086,1.684701919555664
400,120,cvae,3,43,0.28125,0.359375,0.45454545454545453,1.0,5.036866664886475,0.8179407715797424
401,120,cvae,3,43,0.40625,0.453125,0.45614035087719296,1.0,8.107569694519043,1.5139107704162598
402,120,cvae,3,43,0.4921875,0.5546875,0.5223115299334811,1.0,6.800601005554199,1.4516664743423462
403,120,cvae,3,43,0.390625,0.40625,0.48333333333333334,1.0,3.7811079025268555,0.8087570667266846
404,120,cvae,3,43,0.390625,0.4609375,0.4950980392156863,1.0,6.263566017150879,1.3446019887924194
405,120,cvae,3,43,0.28125,0.2890625,0.44999999999999996,1.0,5.672847747802734,1.1234396696090698
406,120,cvae,3,43,0.390625,0.421875,0.39705882352941174,1.0,8.604206085205078,1.579607367515564
407,120,cvae,3,43,0.328125,0.328125,0.4583333333333333,1.0,6.571798324584961,1.3204377889633179
408,120,cvae,3,43,0.265625,0.328125,0.4096980255516841,1.0,7.364924430847168,1.5512478351593018
409,120,cvae,3,43,0.3671875,0.4765625,0.46726190476190477,1.0,8.02934741973877,1.4976048469543457
410,120,cvae,3,43,0.328125,0.359375,0.5227272727272727,1.0,4.797883987426758,1.0593165159225464
411,120,cvae,3,43,0.34375,0.4296875,0.4464052287581699,1.0,5.4206061363220215,0.997767984867096
412,120,cvae,3,43,0.3125,0.328125,0.47560975609756095,1.0,7.550631523132324,1.252708077430725
413,120,cvae,3,43,0.265625,0.28125,0.4473684210526316,1.0,5.201726913452148,0.9568281769752502
414,120,cvae,3,43,0.421875,0.3125,0.5510204081632653,1.0,7.068774223327637,1.4826568365097046
415,120,cvae,3,43,0.3046875,0.3671875,0.44189971070395373,1.0,6.862668514251709,1.1113688945770264
416,120,cvae,3,43,0.515625,0.59375,0.5384615384615384,1.0,5.1449666023254395,1.2469849586486816
417,120,cvae,3,43,0.265625,0.390625,0.4339622641509434,1.0,5.8216962814331055,1.0578713417053223
418,120,cvae,3,43,0.3359375,0.3984375,0.43875,1.0,4.078439712524414,0.9046162962913513
419,120,cvae,3,43,0.296875,0.3125,0.3877551020408163,1.0,5.161126136779785,1.14051353931427
420,120,cvae,3,43,0.328125,0.328125,0.44,1.0,6.920086860656738,1.2851699590682983
421,120,cvae,3,43,0.4375,0.4375,0.5,1.0,5.451664924621582,1.280060887336731
422,120,cvae,3,43,0.296875,0.359375,0.4222222222222222,1.0,7.359184741973877,1.4596232175827026
423,120,cvae,3,43,0.390625,0.453125,0.48936170212765956,1.0,6.269145965576172,1.445529580116272
424,120,cvae,3,43,0.265625,0.40625,0.38636363636363635,1.0,9.076301574707031,1.646152138710022
425,120,cvae,3,43,0.328125,0.453125,0.42,1.0,5.575850009918213,1.1292715072631836
426,120,cvae,3,43,0.34375,0.453125,0.4658717105263158,1.0,6.549576759338379,1.2161009311676025
427,120,cvae,3,43,0.375,0.453125,0.4528301886792453,1.0,5.7412004470825195,0.9654691815376282
428,120,cvae,3,43,0.3359375,0.2734375,0.4839080459770115,1.0,3.900310516357422,0.7694939374923706
429,120,cvae,3,43,0.3984375,0.453125,0.530791788856305,1.0,5.129700660705566,1.1396329402923584
430,120,cvae,3,43,0.375,0.4609375,0.430952380952381,1.0,6.4522857666015625,1.3746675252914429
431,120,cvae,3,43,0.3359375,0.3359375,0.48,1.0,4.912808895111084,1.0156943798065186
432,120,cvae,3,43,0.3203125,0.3125,0.45384615384615384,1.0,6.104460716247559,1.2810301780700684
433,120,cvae,3,43,0.4296875,0.453125,0.5475022301516503,1.0,9.066803932189941,1.75977623462677
434,120,cvae,3,43,0.3203125,0.390625,0.44319743472285844,1.0,5.167475700378418,0.8595494031906128
435,120,cvae,3,43,0.328125,0.34375,0.5238095238095238,1.0,5.525820732116699,1.1195701360702515
436,120,cvae,3,43,0.34375,0.328125,0.5,1.0,5.157980918884277,0.9401987195014954
437,120,cvae,3,43,0.265625,0.3671875,0.4365079365079365,1.0,6.109811782836914,1.3260687589645386
438,120,cvae,3,43,0.328125,0.375,0.4807692307692308,1.0,9.202398300170898,1.4233860969543457
439,120,cvae,3,43,0.296875,0.34375,0.40384615384615385,1.0,6.467782020568848,1.0997905731201172
440,120,cvae,3,43,0.3203125,0.390625,0.4642857142857143,1.0,6.309852600097656,1.15231192111969
441,120,cvae,3,43,0.296875,0.34375,0.40425531914893614,1.0,5.185941696166992,1.0230716466903687
442,120,cvae,3,43,0.328125,0.4375,0.5,1.0,5.654182434082031,1.1667416095733643
443,120,cvae,3,43,0.3203125,0.3359375,0.5113592606854063,1.0,7.325807571411133,1.22285795211792
444,120,cvae,3,43,0.296875,0.390625,0.45454545454545453,1.0,6.84052848815918,1.0265380144119263
445,120,cvae,3,43,0.3125,0.421875,0.43902439024390244,1.0,2.388402223587036,0.5031331777572632
446,120,cvae,3,43,0.34375,0.3984375,0.4525283797729618,1.0,7.758066177368164,1.3287951946258545
447,120,cvae,3,43,0.2578125,0.2734375,0.41346153846153844,1.0,5.248262405395508,1.1864460706710815
448,120,cvae,3,43,0.265625,0.3046875,0.40212765957446805,1.0,5.311802864074707,1.0919787883758545
449,120,cvae,3,43,0.390625,0.4296875,0.4612825166364186,1.0,6.087505340576172,1.3329565525054932
450,120,cvae,3,43,0.3125,0.328125,0.5073529411764706,1.0,5.02208137512207,1.0118637084960938
451,120,cvae,3,43,0.3984375,0.3515625,0.5913461538461539,1.0,7.4140496253967285,1.337938904762268
452,120,cvae,3,43,0.3125,0.40625,0.4166666666666667,1.0,5.995283126831055,1.2159423828125
453,120,cvae,3,43,0.375,0.40625,0.4797297297297297,1.0,5.486774921417236,1.0851469039916992
454,120,cvae,3,43,0.2734375,0.4453125,0.4310012836970475,1.0,5.234060287475586,1.1352603435516357
455,120,cvae,3,43,0.34375,0.4375,0.4838709677419355,1.0,7.483744144439697,1.4361587762832642
456,120,cvae,3,43,0.28125,0.40625,0.425,1.0,6.381442070007324,1.3302686214447021
457,120,cvae,3,43,0.3125,0.34375,0.4444444444444444,1.0,7.493312358856201,1.0531831979751587
458,120,cvae,3,43,0.3125,0.421875,0.425531914893617,1.0,5.9552483558654785,1.1426244974136353
459,120,cvae,3,43,0.2734375,0.3671875,0.4273170731707317,1.0,4.321700096130371,0.7919117212295532
460,120,cvae,3,43,0.3125,0.390625,0.4339622641509434,1.0,4.692470550537109,1.0251426696777344
461,120,cvae,3,43,0.4375,0.421875,0.5767665556788752,1.0,8.301606178283691,1.543760895729065
462,120,cvae,3,43,0.3125,0.390625,0.4411764705882353,1.0,5.7629618644714355,1.2352514266967773
463,120,cvae,3,43,0.46875,0.484375,0.5254237288135594,1.0,6.840120792388916,1.2603579759597778
464,120,cvae,3,43,0.359375,0.375,0.5,1.0,5.7938103675842285,1.111004114151001
465,120,cvae,3,43,0.328125,0.34375,0.49193548387096775,1.0,7.156745910644531,1.4195806980133057
466,120,cvae,3,43,0.3125,0.40625,0.46153846153846156,1.0,5.984464645385742,1.1324951648712158
467,120,cvae,3,43,0.3125,0.359375,0.46395663956639566,1.0,8.325165748596191,1.6477807760238647
468,120,cvae,3,43,0.296875,0.375,0.4131994261119082,1.0,4.104143142700195,0.8946883082389832
469,120,cvae,3,43,0.4296875,0.4296875,0.5504807692307692,1.0,5.329446315765381,1.0180131196975708
470,120,cvae,3,43,0.3125,0.34375,0.4489795918367347,1.0,5.279754638671875,1.0384008884429932
471,120,cvae,3,43,0.3359375,0.4296875,0.3434959349593496,1.0,4.529294967651367,1.075371503829956
472,120,cvae,3,43,0.34375,0.40625,0.4634146341463415,1.0,8.003698348999023,1.5285643339157104
473,120,cvae,3,43,0.3125,0.359375,0.4727272727272727,1.0,6.06686544418335,1.1662402153015137
474,120,cvae,3,43,0.265625,0.3359375,0.4405882352941176,1.0,3.9110419750213623,0.8826612830162048
475,120,cvae,3,43,0.3046875,0.4609375,0.41122540250447226,1.0,7.17661714553833,1.401598334312439
476,120,cvae,3,43,0.359375,0.375,0.4666666666666667,1.0,7.283968925476074,1.4080568552017212
477,120,cvae,3,43,0.328125,0.40625,0.4666666666666667,1.0,5.659456253051758,1.13846755027771
478,120,cvae,3,43,0.390625,0.4375,0.5,1.0,4.51268196105957,0.9348780512809753
479,120,cvae,3,43,0.28125,0.375,0.3953488372093023,1.0,4.67557954788208,0.7507849335670471
480,120,cvae,3,43,0.390625,0.4375,0.5265957446808511,1.0,6.775086402893066,1.3600435256958008
481,120,cvae,3,43,0.28125,0.40625,0.45714285714285713,1.0,7.630741596221924,1.4941622018814087
482,120,cvae,3,43,0.28125,0.375,0.47058823529411764,1.0,5.753846645355225,1.1804147958755493
483,120,cvae,3,43,0.3046875,0.34375,0.4736842105263158,1.0,6.94029426574707,1.0536577701568604
484,120,cvae,3,43,0.359375,0.40625,0.5065643648763853,1.0,7.132699012756348,1.461435079574585
485,120,cvae,3,43,0.375,0.34375,0.475,1.0,7.748690605163574,1.4614691734313965
486,120,cvae,3,43,0.265625,0.328125,0.4436842105263158,1.0,4.774828910827637,1.074162244796753
487,120,cvae,3,43,0.3515625,0.4140625,0.5291375291375291,1.0,3.9217875003814697,0.7585548758506775
488,120,cvae,3,43,0.40625,0.484375,0.5492957746478874,1.0,5.036766052246094,1.0424115657806396
489,120,cvae,3,43,0.328125,0.453125,0.42,1.0,5.746616363525391,1.1028201580047607
490,120,cvae,3,43,0.453125,0.421875,0.5131578947368421,1.0,7.819586753845215,1.536485195159912
491,120,cvae,3,43,0.3359375,0.3671875,0.44541600423953365,1.0,8.344695091247559,1.4808257818222046
492,120,cvae,3,43,0.296875,0.359375,0.4523809523809524,1.0,7.069547176361084,1.410990834236145
493,120,cvae,3,43,0.28125,0.40625,0.42857142857142855,1.0,7.817068576812744,1.4187524318695068
494,120,cvae,3,43,0.375,0.3359375,0.5166666666666666,1.0,7.02966833114624,1.2374335527420044
495,120,cvae,3,43,0.28125,0.28125,0.4594594594594595,1.0,10.06129264831543,1.6225707530975342
496,120,cvae,3,43,0.3203125,0.4296875,0.41025641025641024,1.0,6.882274627685547,1.3832018375396729
497,120,cvae,3,43,0.265625,0.3125,0.4288124156545209,1.0,4.501655101776123,0.8970363140106201
498,120,cvae,3,43,0.28125,0.3046875,0.4104609929078014,1.0,9.0471773147583,1.5334761142730713
499,120,cvae,3,43,0.375,0.3125,0.5385763000852515,1.0,5.481788158416748,1.2533560991287231
500,120,cvae,3,43,0.328125,0.4296875,0.4473684210526316,1.0,4.952327728271484,0.9208856821060181
501,120,cvae,3,43,0.375,0.3515625,0.47115384615384615,1.0,4.667385578155518,0.9297603368759155
502,120,cvae,3,43,0.3515625,0.359375,0.4954545454545455,1.0,4.712717056274414,0.9338418841362
503,120,cvae,3,43,0.359375,0.34375,0.5285412262156448,1.0,7.6159892082214355,1.4689315557479858
504,120,cvae,3,43,0.328125,0.3984375,0.5047169811320755,1.0,6.1477227210998535,1.419775128364563
505,120,cvae,3,43,0.34375,0.40625,0.4444444444444444,1.0,6.37708854675293,1.0902435779571533
506,120,cvae,3,43,0.28125,0.421875,0.4472222222222222,1.0,4.103745937347412,0.7991424798965454
507,120,cvae,3,43,0.328125,0.453125,0.46875,1.0,6.605111122131348,1.2580841779708862
508,120,cvae,3,43,0.328125,0.40625,0.4772727272727273,1.0,4.779584884643555,0.9504826664924622
509,120,cvae,3,43,0.28125,0.375,0.4090909090909091,1.0,5.945346832275391,1.4242109060287476
510,120,cvae,3,43,0.3359375,0.453125,0.5025083612040133,1.0,7.071288585662842,1.3847763538360596
511,120,cvae,3,43,0.3203125,0.4140625,0.4950980392156863,1.0,6.364813804626465,1.1978038549423218
512,120,cvae,3,43,0.453125,0.453125,0.5576923076923077,1.0,4.697466850280762,0.9385076761245728
513,120,cvae,3,43,0.421875,0.484375,0.5370370370370371,1.0,8.168190956115723,1.3198810815811157
514,120,cvae,3,43,0.4375,0.4375,0.5185185185185185,1.0,3.5752904415130615,0.8290616869926453
515,120,cvae,3,43,0.296875,0.40625,0.42,1.0,7.542087554931641,1.361871600151062
516,120,cvae,3,43,0.390625,0.375,0.5185185185185185,1.0,9.341548919677734,1.7730631828308105
517,120,cvae,3,43,0.359375,0.46875,0.42424242424242425,1.0,5.961322784423828,1.2040749788284302
518,120,cvae,3,43,0.40625,0.53125,0.5416666666666666,1.0,6.678632736206055,1.347467303276062
519,120,cvae,3,43,0.28125,0.34375,0.46875,1.0,11.50932502746582,1.802847146987915
520,120,cvae,3,43,0.3125,0.375,0.5094339622641509,1.0,6.3857502937316895,1.2815721035003662
521,120,cvae,3,43,0.296875,0.359375,0.42824730572887126,1.0,6.58610725402832,1.44254732131958
522,120,cvae,3,43,0.3125,0.328125,0.4405882352941176,1.0,6.6630167961120605,1.4625508785247803
523,120,cvae,3,43,0.265625,0.2265625,0.3262061403508772,1.0,5.072864055633545,0.8912608027458191
524,120,cvae,3,43,0.265625,0.3671875,0.4574468085106383,1.0,10.497833251953125,1.6764804124832153
525,120,cvae,3,43,0.3046875,0.390625,0.44733385868137643,1.0,4.826987266540527,0.888280987739563
526,120,cvae,3,43,0.390625,0.421875,0.484375,1.0,6.244620323181152,1.1223760843276978
527,120,cvae,3,43,0.2890625,0.359375,0.44704433497536944,1.0,4.247730255126953,0.8993757963180542
528,120,cvae,3,43,0.328125,0.34375,0.46511627906976744,1.0,7.920808792114258,1.3299444913864136
529,120,cvae,3,43,0.265625,0.421875,0.37209302325581395,1.0,6.165128707885742,1.2795270681381226
530,120,cvae,3,43,0.3125,0.453125,0.41509433962264153,1.0,5.357967376708984,1.0374195575714111
531,120,cvae,3,43,0.453125,0.5,0.4888888888888889,1.0,5.980299472808838,1.2027183771133423
532,120,cvae,3,43,0.3515625,0.3515625,0.53125,1.0,9.586263656616211,1.5363671779632568
533,120,cvae,3,43,0.3359375,0.484375,0.39260042283298097,1.0,6.086062431335449,1.1256266832351685
534,120,cvae,3,43,0.3359375,0.40625,0.44375,1.0,5.61145544052124,1.1206480264663696
535,120,cvae,3,43,0.28125,0.265625,0.44776119402985076,1.0,6.710864067077637,1.2061271667480469
536,120,cvae,3,43,0.3203125,0.265625,0.4607692307692308,1.0,6.965975284576416,1.1886807680130005
537,120,cvae,3,43,0.359375,0.375,0.5,1.0,3.3570079803466797,0.6571992635726929
538,120,cvae,3,43,0.296875,0.375,0.5405405405405406,1.0,5.608464241027832,1.2600268125534058
539,120,cvae,3,43,0.28125,0.2890625,0.47916666666666663,1.0,6.477888107299805,1.5789647102355957
540,120,cvae,3,43,0.375,0.40625,0.4736842105263158,1.0,6.58224630355835,1.236426591873169
541,120,cvae,3,43,0.359375,0.328125,0.43395935960591137,1.0,8.72823715209961,1.5284377336502075
542,120,cvae,3,43,0.421875,0.421875,0.4230769230769231,1.0,6.257046222686768,1.2626179456710815
543,120,cvae,3,43,0.28125,0.34375,0.48484848484848486,1.0,10.224753379821777,1.5297411680221558
544,120,cvae,3,43,0.3046875,0.34375,0.4665718349928876,1.0,5.779565334320068,1.131232500076294
545,120,cvae,3,43,0.3125,0.453125,0.4117647058823529,1.0,5.718796253204346,1.2654190063476562
546,120,cvae,3,43,0.328125,0.359375,0.42105263157894735,1.0,5.052917957305908,1.0838640928268433
547,120,cvae,3,43,0.296875,0.328125,0.4222222222222222,1.0,5.742535591125488,1.1496250629425049
548,120,cvae,3,43,0.625,0.515625,0.637458926615553,1.0,5.831714630126953,1.140669345855713
549,120,cvae,3,43,0.3125,0.40625,0.42857142857142855,1.0,7.241472244262695,1.1982227563858032
550,120,cvae,3,43,0.40625,0.40625,0.42857142857142855,1.0,3.8421411514282227,0.7377371191978455
551,120,cvae,3,43,0.28125,0.3125,0.4473684210526316,1.0,5.655510902404785,1.0031079053878784
552,120,cvae,3,43,0.28125,0.390625,0.45,1.0,6.916360855102539,1.4354397058486938
553,120,cvae,3,43,0.3359375,0.3046875,0.4793747286148502,1.0,7.057415008544922,1.3559764623641968
554,120,cvae,3,43,0.328125,0.3984375,0.45600907029478455,1.0,7.734671592712402,1.3738796710968018
555,120,cvae,3,43,0.3125,0.3828125,0.42153846153846153,1.0,3.556471347808838,0.6258901953697205
556,120,cvae,3,43,0.40625,0.4765625,0.4737736765420107,1.0,6.3480329513549805,1.5726842880249023
557,120,cvae,3,43,0.28125,0.375,0.49122807017543857,1.0,6.828781604766846,1.3196337223052979
558,120,cvae,3,43,0.296875,0.2890625,0.4801587301587301,1.0,5.010471343994141,0.857133150100708
559,120,cvae,3,43,0.28125,0.296875,0.4090909090909091,1.0,7.938549995422363,1.608016848564148
560,120,cvae,3,43,0.3125,0.40625,0.4365079365079365,1.0,7.198533058166504,1.3817750215530396
561,120,cvae,3,43,0.3125,0.4453125,0.42406417112299466,1.0,3.9135255813598633,0.7574995756149292
562,120,cvae,3,43,0.3046875,0.4140625,0.4476190476190476,1.0,3.7912824153900146,0.9429555535316467
563,120,cvae,3,43,0.359375,0.3984375,0.4668803418803419,1.0,4.74143123626709,1.1248620748519897
564,120,cvae,3,43,0.3515625,0.46875,0.44726166328600403,1.0,6.077356338500977,1.1696968078613281
565,120,cvae,3,43,0.34375,0.40625,0.4782608695652174,1.0,7.887994766235352,1.3821110725402832
566,120,cvae,3,43,0.328125,0.328125,0.5454545454545454,1.0,4.401360034942627,1.0499910116195679
567,120,cvae,3,43,0.265625,0.375,0.3953488372093023,1.0,12.654851913452148,1.6304676532745361
568,120,cvae,3,43,0.3046875,0.375,0.4797297297297297,1.0,9.600605010986328,1.49257493019104
569,120,cvae,3,43,0.2734375,0.3203125,0.41165413533834583,1.0,5.515228271484375,1.3741306066513062
570,120,cvae,3,43,0.28125,0.359375,0.4145876645876646,1.0,6.8644208908081055,1.3875747919082642
571,120,cvae,3,43,0.296875,0.34375,0.475,1.0,5.4756388664245605,1.0386145114898682
572,120,cvae,3,43,0.3359375,0.4375,0.5025354969574036,1.0,7.045239448547363,1.322719693183899
573,120,cvae,3,43,0.34375,0.4140625,0.4878787878787879,1.0,5.803545951843262,1.3430531024932861
574,120,cvae,3,43,0.3359375,0.4140625,0.4619897959183673,1.0,5.178921699523926,1.062996745109558
575,120,cvae,3,43,0.2890625,0.3359375,0.4361111111111111,1.0,10.574432373046875,1.6212782859802246
576,120,cvae,3,43,0.359375,0.40625,0.48129251700680276,1.0,8.777457237243652,1.4457645416259766
577,120,cvae,3,43,0.328125,0.390625,0.4473684210526316,1.0,5.785137176513672,1.2687487602233887
578,120,cvae,3,43,0.296875,0.3984375,0.4385451505016722,1.0,4.35100793838501,0.9682890176773071
579,120,cvae,3,43,0.421875,0.4296875,0.49884615384615383,1.0,5.4647417068481445,1.064383625984192
580,120,cvae,3,43,0.5,0.484375,0.5348837209302325,1.0,6.96274471282959,1.4448282718658447
581,120,cvae,3,43,0.2890625,0.25,0.46190476190476193,1.0,10.73198127746582,2.0179598331451416
582,120,cvae,3,43,0.328125,0.421875,0.425531914893617,1.0,6.201589107513428,1.099181890487671
583,120,cvae,3,43,0.296875,0.3203125,0.4794715447154472,1.0,3.8848230838775635,0.7671435475349426
584,120,cvae,3,43,0.296875,0.359375,0.5,1.0,6.661821365356445,1.1650948524475098
585,120,cvae,3,43,0.3515625,0.4296875,0.4509936766034327,1.0,5.134364128112793,1.1422299146652222
586,120,cvae,3,43,0.421875,0.5,0.5128205128205128,1.0,4.144440650939941,0.7101455926895142
587,120,cvae,3,43,0.3671875,0.3125,0.5638297872340425,1.0,5.316999435424805,1.130841851234436
588,120,cvae,3,43,0.296875,0.2421875,0.4702586206896552,1.0,6.310086727142334,1.370766282081604
589,120,cvae,3,43,0.3984375,0.4609375,0.5641233766233766,1.0,5.466492652893066,1.2080698013305664
590,120,cvae,3,43,0.375,0.453125,0.42857142857142855,1.0,5.676435470581055,1.014850378036499
591,120,cvae,3,43,0.3125,0.4375,0.45454545454545453,1.0,6.0324482917785645,1.3388826847076416
592,120,cvae,3,43,0.453125,0.515625,0.5686274509803921,1.0,3.8936386108398438,0.7210244536399841
593,120,cvae,3,43,0.375,0.375,0.5577777777777778,1.0,5.654186725616455,1.2394793033599854
594,120,cvae,3,43,0.3125,0.3125,0.42857142857142855,1.0,7.304971694946289,1.435250997543335
595,120,cvae,3,43,0.3125,0.34375,0.4444444444444444,1.0,6.779050350189209,1.2650270462036133
596,120,cvae,3,43,0.296875,0.34375,0.4482758620689655,1.0,6.683379173278809,1.3175770044326782
597,120,cvae,3,43,0.3515625,0.46875,0.47916666666666663,1.0,5.774312973022461,1.1997991800308228
598,120,cvae,3,43,0.328125,0.46875,0.423728813559322,1.0,8.11446762084961,1.6982178688049316
599,120,cvae,3,43,0.34375,0.46875,0.5779938135218736,1.0,5.141400337219238,0.988684356212616
600,120,cvae,3,43,0.296875,0.40625,0.4722222222222222,1.0,7.254269123077393,1.3072458505630493
601,120,cvae,3,43,0.375,0.4296875,0.5158139534883721,1.0,7.8623046875,1.460646152496338
602,120,cvae,3,43,0.328125,0.390625,0.4941860465116279,1.0,6.252202033996582,1.3263623714447021
603,120,cvae,3,43,0.28125,0.3671875,0.41276595744680855,1.0,7.296230316162109,1.4917426109313965
604,120,cvae,3,43,0.3359375,0.421875,0.48133848133848134,1.0,5.533721923828125,1.114340901374817
605,120,cvae,3,43,0.34375,0.453125,0.5,1.0,5.0079145431518555,1.0202606916427612
606,120,cvae,3,43,0.296875,0.3359375,0.48684210526315785,1.0,6.187370300292969,1.1099214553833008
607,120,cvae,3,43,0.453125,0.46875,0.5,1.0,7.667193412780762,1.1802361011505127
608,120,cvae,3,43,0.3203125,0.4375,0.4669811320754717,1.0,4.986895561218262,0.9761685132980347
609,120,cvae,3,43,0.4375,0.4296875,0.5113636363636364,1.0,4.117863655090332,0.7358852028846741
610,120,cvae,3,43,0.28125,0.4140625,0.46118421052631575,1.0,4.620031356811523,0.8822429180145264
611,120,cvae,3,43,0.34375,0.421875,0.4696969696969697,1.0,6.255916118621826,1.2807821035385132
612,120,cvae,3,43,0.3046875,0.390625,0.4857142857142857,1.0,5.501352310180664,1.1072553396224976
613,120,cvae,3,43,0.3671875,0.3828125,0.47058823529411764,1.0,7.9533586502075195,1.6308887004852295
614,120,cvae,3,43,0.421875,0.421875,0.5869565217391305,1.0,6.849501609802246,1.2963032722473145
615,120,cvae,3,43,0.3125,0.5,0.40930232558139534,1.0,6.874476432800293,1.261273741722107
616,120,cvae,3,43,0.578125,0.578125,0.47435897435897434,1.0,6.00432014465332,1.2337392568588257
617,120,cvae,3,43,0.375,0.421875,0.5384615384615384,1.0,5.455322265625,1.16511070728302
618,120,cvae,3,43,0.34375,0.40625,0.4838709677419355,1.0,5.906736373901367,1.1278767585754395
619,120,cvae,3,43,0.4296875,0.40625,0.49193548387096775,1.0,6.404733657836914,1.1167699098587036
620,120,cvae,3,43,0.265625,0.375,0.425,1.0,6.201444625854492,1.2280523777008057
621,120,cvae,3,43,0.375,0.46875,0.45833333333333337,1.0,5.89644718170166,1.282778024673462
622,120,cvae,3,43,0.390625,0.53125,0.4393939393939394,1.0,5.964252471923828,1.3156155347824097
623,120,cvae,3,43,0.421875,0.453125,0.5531914893617021,1.0,4.206992149353027,0.8496459722518921
624,120,cvae,3,43,0.25,0.3125,0.5,1.0,8.33759880065918,1.577620267868042
625,120,cvae,3,43,0.3046875,0.390625,0.4642857142857143,1.0,6.332948684692383,1.0349785089492798
626,120,cvae,3,43,0.328125,0.390625,0.4230769230769231,1.0,5.0676703453063965,1.0772712230682373
627,120,cvae,3,43,0.3125,0.40625,0.4525,1.0,6.764927864074707,1.3609676361083984
628,120,cvae,3,43,0.2890625,0.359375,0.5465168539325842,1.0,7.8578267097473145,1.555454134941101
629,120,cvae,3,43,0.3125,0.328125,0.4411764705882353,1.0,6.581379413604736,1.0597985982894897
630,120,cvae,3,43,0.296875,0.328125,0.4117647058823529,1.0,6.981874465942383,1.3167643547058105
631,120,cvae,3,43,0.421875,0.40625,0.5172413793103449,1.0,3.665628433227539,0.7785754203796387
632,120,cvae,3,43,0.265625,0.34375,0.42857142857142855,1.0,7.404016971588135,1.4561514854431152
633,120,cvae,3,43,0.40625,0.359375,0.5,1.0,7.111911773681641,1.1859217882156372
634,120,cvae,3,43,0.328125,0.4375,0.5063879210220674,1.0,5.323851585388184,1.1711459159851074
635,120,cvae,3,43,0.25,0.328125,0.40384615384615385,1.0,7.431266784667969,1.5054677724838257
636,120,cvae,3,43,0.3359375,0.375,0.4124149659863946,1.0,6.030305862426758,1.4440220594406128
637,120,cvae,3,43,0.390625,0.421875,0.4910714285714286,1.0,6.283197402954102,0.9907084107398987
638,120,cvae,3,43,0.453125,0.4140625,0.5049462973431317,1.0,4.367908954620361,0.7960864901542664
639,120,cvae,3,43,0.34375,0.390625,0.5,1.0,7.396536827087402,1.316489577293396
640,120,cvae,3,43,0.3828125,0.53125,0.4494949494949495,1.0,3.8454430103302,0.7581372857093811
641,120,cvae,3,43,0.359375,0.40625,0.5263310185185186,1.0,4.636852741241455,1.0388448238372803
642,120,cvae,3,43,0.25,0.375,0.38095238095238093,1.0,5.623856544494629,1.1631176471710205
643,120,cvae,3,43,0.296875,0.390625,0.425531914893617,1.0,4.536917686462402,1.0343884229660034
644,120,cvae,3,43,0.28125,0.4140625,0.4576217583807717,1.0,5.283641815185547,0.9878344535827637
645,120,cvae,3,43,0.328125,0.40625,0.45652173913043476,1.0,9.044776916503906,1.78839111328125
646,120,cvae,3,43,0.359375,0.40625,0.45707915273132665,1.0,5.8637189865112305,1.345544695854187
647,120,cvae,3,43,0.34375,0.40625,0.5,1.0,6.358534812927246,1.4674960374832153
648,120,cvae,3,43,0.28125,0.34375,0.4375,1.0,7.12379264831543,1.2751280069351196
649,120,cvae,3,43,0.390625,0.4375,0.53125,1.0,7.930873394012451,1.532501220703125
650,120,cvae,3,43,0.359375,0.40625,0.5294117647058824,1.0,9.282007217407227,1.8830164670944214
651,120,cvae,3,43,0.3046875,0.375,0.4652777777777778,1.0,6.289926528930664,1.0545011758804321
652,120,cvae,3,43,0.3125,0.375,0.4361111111111111,1.0,8.130935668945312,1.511900544166565
653,120,cvae,3,43,0.28125,0.421875,0.42592592592592593,1.0,5.013859272003174,1.1723300218582153
654,120,cvae,3,43,0.328125,0.34375,0.5,1.0,5.843506813049316,1.1552351713180542
655,120,cvae,3,43,0.375,0.40625,0.4722222222222222,1.0,4.874725341796875,0.8883422613143921
656,120,cvae,3,43,0.3125,0.375,0.5,1.0,9.113412857055664,1.8143815994262695
657,120,cvae,3,43,0.375,0.4375,0.4940983606557377,1.0,5.932616233825684,1.1342124938964844
658,120,cvae,3,43,0.3125,0.3984375,0.44590643274853803,1.0,9.114082336425781,1.3281900882720947
659,120,cvae,3,43,0.2734375,0.3828125,0.4751842751842752,1.0,5.824175834655762,1.1934086084365845
660,120,cvae,3,43,0.28125,0.40625,0.425,1.0,4.500311374664307,0.856185793876648
661,120,cvae,3,43,0.296875,0.34375,0.43902439024390244,1.0,4.857097625732422,1.0187283754348755
662,120,cvae,3,43,0.359375,0.375,0.5531914893617021,1.0,7.58125114440918,1.591073989868164
663,120,cvae,3,43,0.359375,0.390625,0.5415282392026578,1.0,7.444869518280029,1.27373468875885
664,120,cvae,3,43,0.453125,0.5234375,0.4836956521739131,1.0,4.870131492614746,0.9287335872650146
665,120,cvae,3,43,0.328125,0.421875,0.4375,1.0,8.97719955444336,1.6163944005966187
666,120,cvae,3,43,0.265625,0.390625,0.4358974358974359,1.0,6.319183349609375,1.23942232131958
667,120,cvae,3,43,0.3671875,0.40625,0.4957107843137255,1.0,6.753840923309326,1.4310801029205322
668,120,cvae,3,43,0.25,0.375,0.3888888888888889,1.0,7.4893999099731445,1.5167393684387207
669,120,cvae,3,43,0.296875,0.3203125,0.3963585434173669,1.0,5.29927921295166,1.1558940410614014
670,120,cvae,3,43,0.28125,0.3125,0.46511627906976744,1.0,8.119386672973633,1.5165119171142578
671,120,cvae,3,43,0.2890625,0.3828125,0.4270516717325228,1.0,6.890120506286621,1.3166886568069458
672,120,cvae,3,43,0.296875,0.34375,0.4473684210526316,1.0,5.805769920349121,1.2560442686080933
673,120,cvae,3,43,0.28125,0.28125,0.5,1.0,5.859453201293945,1.1953649520874023
674,120,cvae,3,43,0.296875,0.40625,0.46118421052631575,1.0,3.2009105682373047,0.7444559335708618
675,120,cvae,3,43,0.34375,0.328125,0.5789473684210527,1.0,6.782072067260742,1.4545936584472656
676,120,cvae,3,43,0.359375,0.40625,0.4665718349928876,1.0,7.2860589027404785,1.507509708404541
677,120,cvae,3,43,0.2890625,0.296875,0.4070121951219512,1.0,7.222292423248291,1.1563743352890015
678,120,cvae,3,43,0.34375,0.390625,0.4230769230769231,1.0,8.742049217224121,1.544588327407837
679,120,cvae,3,43,0.3125,0.3203125,0.46405228758169936,1.0,5.172818183898926,1.0817956924438477
680,120,cvae,3,43,0.34375,0.390625,0.4107142857142857,1.0,5.554502487182617,1.1026506423950195
681,120,cvae,3,43,0.3359375,0.46875,0.45,1.0,8.132004737854004,1.4253088235855103
682,120,cvae,3,43,0.375,0.375,0.5454545454545454,1.0,5.823090076446533,1.1938276290893555
683,120,cvae,3,43,0.25,0.3125,0.5428571428571428,1.0,3.704129219055176,0.6978164911270142
684,120,cvae,3,43,0.3515625,0.34375,0.5388888888888889,1.0,5.981602191925049,1.105776309967041
685,120,cvae,3,43,0.4453125,0.4453125,0.5539529914529915,1.0,4.168476104736328,0.9479823708534241
686,120,cvae,3,43,0.375,0.4375,0.5,1.0,8.53183650970459,1.6012153625488281
687,120,cvae,3,43,0.40625,0.421875,0.5,1.0,9.055843353271484,1.727850079536438
688,120,cvae,3,43,0.3125,0.453125,0.4117647058823529,1.0,6.359777450561523,1.0959378480911255
689,120,cvae,3,43,0.375,0.4140625,0.5298477564102564,1.0,5.630949974060059,1.115309238433838
690,120,cvae,3,43,0.3515625,0.359375,0.4375,1.0,7.000120162963867,1.2634471654891968
691,120,cvae,3,43,0.3125,0.40625,0.4176356589147287,1.0,5.392584800720215,1.1126441955566406
692,120,cvae,3,43,0.265625,0.390625,0.4074074074074074,1.0,6.831478118896484,1.132568120956421
693,120,cvae,3,43,0.265625,0.3125,0.4027027027027027,1.0,10.1981201171875,1.6731383800506592
694,120,cvae,3,43,0.265625,0.40625,0.4,1.0,7.247511863708496,1.4888854026794434
695,120,cvae,3,43,0.34375,0.34375,0.40540540540540543,1.0,9.253976821899414,1.652585506439209
696,120,cvae,3,43,0.328125,0.40625,0.41304347826086957,1.0,7.707757949829102,1.5260918140411377
697,120,cvae,3,43,0.2734375,0.375,0.3898809523809524,1.0,4.650404930114746,0.9639174342155457
698,120,cvae,3,43,0.328125,0.40625,0.4489795918367347,1.0,7.529545307159424,1.6029688119888306
699,120,cvae,3,43,0.3046875,0.328125,0.4473443223443223,1.0,7.029410362243652,1.2283215522766113
700,120,cvae,3,43,0.328125,0.484375,0.42857142857142855,1.0,5.340145111083984,1.2008981704711914
701,120,cvae,3,43,0.28125,0.34375,0.45039682539682535,1.0,6.35400390625,1.3984718322753906
702,120,cvae,3,43,0.3359375,0.3828125,0.559981684981685,1.0,8.3745756149292,1.3517167568206787
703,120,cvae,3,43,0.2265625,0.34375,0.4382488479262673,1.0,5.544833183288574,1.0770788192749023
704,120,cvae,3,43,0.390625,0.5,0.475,1.0,8.669363021850586,1.4818421602249146
705,120,cvae,3,43,0.4609375,0.390625,0.5234680573663624,1.0,5.439824104309082,1.1897435188293457
706,120,cvae,3,43,0.28125,0.390625,0.43902439024390244,1.0,7.441734313964844,1.3973348140716553
707,120,cvae,3,43,0.3359375,0.390625,0.5169191919191919,1.0,5.2672858238220215,1.2402700185775757
708,120,cvae,3,43,0.3125,0.375,0.4772727272727273,1.0,5.772329330444336,1.015333890914917
709,120,cvae,3,43,0.3125,0.390625,0.3958333333333333,1.0,5.734663009643555,1.1617084741592407
710,120,cvae,3,43,0.390625,0.359375,0.47368421052631576,1.0,3.749498128890991,0.7804455161094666
711,120,cvae,3,43,0.328125,0.40625,0.4888888888888889,1.0,6.508951187133789,1.221765160560608
712,120,cvae,3,43,0.3125,0.34375,0.4222222222222222,1.0,5.34011173248291,1.1392453908920288
713,120,cvae,3,43,0.3671875,0.484375,0.4470256187581415,1.0,7.233502388000488,1.3185210227966309
714,120,cvae,3,43,0.40625,0.390625,0.5346534653465347,1.0,5.081757545471191,0.9690080285072327
715,120,cvae,3,43,0.3359375,0.34375,0.47188995215311,1.0,4.368524551391602,0.9037532806396484
716,120,cvae,3,43,0.3203125,0.328125,0.5125,1.0,6.784419536590576,1.1021795272827148
717,120,cvae,3,43,0.328125,0.421875,0.4583333333333333,1.0,8.261754989624023,1.4748834371566772
718,120,cvae,3,43,0.390625,0.46875,0.5113636363636364,1.0,5.225620746612549,0.9646774530410767
719,120,cvae,3,43,0.265625,0.375,0.40425531914893614,1.0,4.414811134338379,0.8876252174377441
720,120,cvae,3,43,0.390625,0.3125,0.54,1.0,8.395130157470703,1.4994559288024902
721,120,cvae,3,43,0.4140625,0.28125,0.5620719178082192,1.0,6.021039009094238,1.2832441329956055
722,120,cvae,3,43,0.359375,0.375,0.4666666666666667,1.0,5.166820526123047,0.9476369023323059
723,120,cvae,3,43,0.453125,0.484375,0.48214285714285715,1.0,5.646269798278809,1.1543264389038086
724,120,cvae,3,43,0.3203125,0.375,0.4699088145896656,1.0,8.077470779418945,1.553778052330017
725,120,cvae,3,43,0.4453125,0.46875,0.5773809523809523,1.0,7.639932155609131,1.316451072692871
726,120,cvae,3,43,0.3125,0.3671875,0.44288537549407114,1.0,6.215649127960205,1.2353819608688354
727,120,cvae,3,43,0.3671875,0.3515625,0.47951505016722407,1.0,7.719603538513184,1.3053441047668457
728,120,cvae,3,43,0.28125,0.375,0.45559210526315785,1.0,6.73989725112915,1.424791932106018
729,120,cvae,3,43,0.375,0.3125,0.5,1.0,7.178500175476074,1.4072728157043457
730,120,cvae,3,43,0.4375,0.421875,0.5376344086021505,1.0,3.4620413780212402,0.6973822712898254
731,120,cvae,3,43,0.3203125,0.296875,0.4432849364791288,1.0,6.858880519866943,1.36253821849823
732,120,cvae,3,43,0.3984375,0.40625,0.512450481041313,1.0,8.005217552185059,1.291212797164917
733,120,cvae,3,43,0.359375,0.46875,0.5087719298245614,1.0,3.8899378776550293,0.9292482733726501
734,120,cvae,3,43,0.4375,0.5234375,0.554945054945055,1.0,7.007663726806641,1.498789668083191
735,120,cvae,3,43,0.3828125,0.328125,0.48684210526315785,1.0,6.656172275543213,1.1450271606445312
736,120,cvae,3,43,0.296875,0.28125,0.5428571428571428,1.0,8.553411483764648,1.5479416847229004
737,120,cvae,3,43,0.296875,0.359375,0.4583333333333333,1.0,5.09965705871582,1.1250584125518799
738,120,cvae,3,43,0.34375,0.40625,0.475,1.0,3.364598274230957,0.7615575194358826
739,120,cvae,3,43,0.4375,0.375,0.5644220572640508,1.0,7.336085319519043,1.3404645919799805
740,120,cvae,3,43,0.265625,0.453125,0.36363636363636365,1.0,6.2753705978393555,1.3973027467727661
741,120,cvae,3,43,0.3359375,0.453125,0.4743421052631579,1.0,6.019256591796875,1.0982980728149414
742,120,cvae,3,43,0.3125,0.328125,0.4439962031324158,1.0,7.801392555236816,1.383764624595642
743,120,cvae,3,43,0.421875,0.453125,0.4928571428571429,1.0,7.729546546936035,1.3803012371063232
744,120,cvae,3,43,0.3515625,0.328125,0.5086124401913875,1.0,4.402002334594727,0.8697431087493896
745,120,cvae,3,43,0.28125,0.390625,0.42161856253537067,1.0,7.203991889953613,1.5283896923065186
746,120,cvae,3,43,0.28125,0.40625,0.4117647058823529,1.0,6.455044746398926,1.4604915380477905
747,120,cvae,3,43,0.328125,0.40625,0.4117647058823529,1.0,6.121592044830322,1.2051153182983398
748,120,cvae,3,43,0.3984375,0.4375,0.5014069264069264,1.0,5.854452610015869,1.047670841217041
749,120,cvae,3,43,0.328125,0.328125,0.43909052982895286,1.0,4.759280204772949,0.9097278714179993
750,120,cvae,3,43,0.2890625,0.3515625,0.4736111111111111,1.0,3.784424304962158,0.7685273289680481
751,120,cvae,3,43,0.359375,0.28125,0.5111111111111111,1.0,5.885684013366699,1.159470796585083
752,120,cvae,3,43,0.2890625,0.40625,0.4668421052631579,1.0,6.265219688415527,1.212929129600525
753,120,cvae,3,43,0.3515625,0.4609375,0.4736842105263158,1.0,6.226880073547363,1.2666879892349243
754,120,cvae,3,43,0.2734375,0.296875,0.44712070874861576,1.0,8.97162914276123,1.9478461742401123
755,120,cvae,3,43,0.328125,0.390625,0.4240816326530612,1.0,7.903388023376465,1.5364443063735962
756,120,cvae,3,43,0.3515625,0.421875,0.495,1.0,5.515220642089844,0.948717474937439
757,120,cvae,3,43,0.328125,0.40625,0.46281464530892447,1.0,6.733856201171875,1.2788949012756348
758,120,cvae,3,43,0.3125,0.328125,0.5625,1.0,4.522738456726074,0.9440568685531616
759,120,cvae,3,43,0.296875,0.40625,0.5227272727272727,1.0,6.497542381286621,1.2819856405258179
760,120,cvae,3,43,0.2890625,0.328125,0.4862987987987988,1.0,3.5364797115325928,0.6916620135307312
761,120,cvae,3,43,0.375,0.421875,0.5686274509803921,1.0,10.103839874267578,1.6201084852218628
762,120,cvae,3,43,0.390625,0.390625,0.5263157894736842,1.0,4.786986351013184,0.8500263690948486
763,120,cvae,3,43,0.3515625,0.328125,0.5053191489361701,1.0,8.413190841674805,1.487488865852356
764,120,cvae,3,43,0.3125,0.375,0.45584415584415583,1.0,8.093255043029785,1.4074642658233643
765,120,cvae,3,43,0.3828125,0.4296875,0.5042372881355932,1.0,4.004769325256348,0.8186240196228027
766,120,cvae,3,43,0.3671875,0.359375,0.4916666666666667,1.0,6.046085357666016,1.1115970611572266
767,120,cvae,3,43,0.265625,0.328125,0.40476190476190477,1.0,6.052272796630859,1.2329846620559692
768,120,cvae,3,43,0.09375,0.125,0.3,1.0,3.9969937801361084,0.7571543455123901
769,120,cvae,3,43,0.421875,0.40625,0.4909090909090909,1.0,7.719712257385254,1.4498964548110962
770,120,cvae,3,43,0.3125,0.3125,0.48001355013550134,1.0,3.628122329711914,0.712765097618103
771,120,cvae,3,43,0.3515625,0.3359375,0.5331439393939394,1.0,5.273038864135742,0.9378901720046997
772,120,cvae,3,43,0.296875,0.390625,0.41519274376417237,1.0,6.0776519775390625,1.182935118675232
773,120,cvae,3,43,0.3203125,0.359375,0.46770833333333334,1.0,5.553993225097656,1.2095668315887451
774,120,cvae,3,43,0.296875,0.3046875,0.4928571428571429,1.0,7.533020496368408,1.2063629627227783
775,120,cvae,3,43,0.3125,0.421875,0.47368421052631576,1.0,6.5205078125,1.1900250911712646
776,120,cvae,3,43,0.328125,0.4375,0.44680851063829785,1.0,8.921365737915039,1.7360472679138184
777,120,cvae,3,43,0.3125,0.328125,0.4473684210526316,1.0,4.672646522521973,1.0200608968734741
778,120,cvae,3,43,0.3359375,0.375,0.42543859649122806,1.0,5.5393757820129395,1.2384142875671387
779,120,cvae,3,43,0.328125,0.375,0.45,1.0,8.59704303741455,1.4461112022399902
780,120,cvae,3,43,0.3203125,0.40625,0.4660818713450292,1.0,6.87780237197876,1.351452112197876
781,120,cvae,3,43,0.375,0.46875,0.47213622291021673,1.0,6.3844451904296875,1.1947381496429443
782,120,cvae,3,43,0.4375,0.375,0.484493670886076,1.0,7.208274841308594,1.3464062213897705
783,120,cvae,3,43,0.296875,0.3671875,0.4391891891891892,1.0,9.38345718383789,1.5222127437591553
784,120,cvae,3,43,0.3203125,0.3125,0.41836734693877553,1.0,7.087593078613281,1.3378779888153076
785,120,cvae,3,43,0.4453125,0.421875,0.5662055335968379,1.0,8.136492729187012,1.2778961658477783
786,120,cvae,3,43,0.3046875,0.359375,0.475,1.0,6.5282087326049805,0.9421917796134949
787,120,cvae,3,43,0.2890625,0.3828125,0.4557692307692308,1.0,4.698448181152344,0.8350534439086914
788,120,cvae,3,43,0.390625,0.453125,0.5370370370370371,1.0,4.4646759033203125,1.0028847455978394
789,120,cvae,3,43,0.390625,0.359375,0.547945205479452,1.0,5.608919143676758,1.0803942680358887
790,120,cvae,3,43,0.3984375,0.46875,0.47259424603174605,1.0,5.901254653930664,1.2071276903152466
791,120,cvae,3,43,0.34375,0.46875,0.5,1.0,8.091913223266602,1.6135876178741455
792,120,cvae,3,43,0.328125,0.421875,0.46153846153846156,1.0,4.306142807006836,0.8552738428115845
793,120,cvae,3,43,0.453125,0.46875,0.532258064516129,1.0,6.822909832000732,1.29033362865448
794,120,cvae,3,43,0.3671875,0.4453125,0.4393356643356643,1.0,10.587113380432129,1.6033645868301392
795,120,cvae,3,43,0.375,0.4375,0.5,1.0,7.6146721839904785,1.3268177509307861
796,120,cvae,3,43,0.359375,0.4375,0.4827586206896552,1.0,5.357193470001221,1.04591965675354
797,120,cvae,3,43,0.3125,0.40625,0.425,1.0,6.2876482009887695,1.4659751653671265
798,120,cvae,3,43,0.3125,0.4375,0.41304347826086957,1.0,6.44658088684082,1.3089691400527954
799,120,cvae,3,43,0.390625,0.4375,0.4909090909090909,1.0,5.176152229309082,1.1924943923950195
800,120,cvae,3,43,0.296875,0.421875,0.42410714285714285,1.0,8.24858283996582,1.4521305561065674
801,120,cvae,3,43,0.328125,0.40625,0.4772727272727273,1.0,5.8700361251831055,1.2487640380859375
802,120,cvae,3,43,0.328125,0.3125,0.4807692307692308,1.0,6.669850826263428,1.1600059270858765
803,120,cvae,3,43,0.296875,0.375,0.3877551020408163,1.0,4.328670978546143,0.8922777771949768
804,120,cvae,3,43,0.2890625,0.3828125,0.4260953298025999,1.0,6.34218168258667,1.4336519241333008
805,120,cvae,3,43,0.28125,0.390625,0.3888888888888889,1.0,7.326324462890625,1.4951401948928833
806,120,cvae,3,43,0.296875,0.359375,0.46049896049896055,1.0,6.987836837768555,1.1676135063171387
807,120,cvae,3,43,0.28125,0.40625,0.4146341463414634,1.0,4.46539306640625,0.97238689661026
808,120,cvae,3,43,0.3203125,0.4140625,0.38541666666666663,1.0,6.253077507019043,1.2377018928527832
809,120,cvae,3,43,0.3203125,0.3515625,0.48010204081632657,1.0,7.927402973175049,1.5417871475219727
810,120,cvae,3,43,0.28125,0.484375,0.4864864864864865,1.0,5.779730796813965,1.1409411430358887
811,120,cvae,3,43,0.3359375,0.421875,0.4257289204097715,1.0,5.229416847229004,0.9918408989906311
812,120,cvae,3,43,0.28125,0.375,0.4090909090909091,1.0,7.898843765258789,1.3375520706176758
813,120,cvae,3,43,0.328125,0.3515625,0.5044037940379404,1.0,7.7681884765625,1.1985313892364502
814,120,cvae,3,43,0.359375,0.390625,0.4791666666666667,1.0,6.46444034576416,1.287524938583374
815,120,cvae,3,43,0.390625,0.484375,0.48333333333333334,1.0,7.566518783569336,1.3400993347167969
816,120,cvae,3,43,0.34375,0.359375,0.48,1.0,4.967016220092773,1.0800788402557373
817,120,cvae,3,43,0.390625,0.34375,0.46557017543859647,1.0,5.868227958679199,1.13699209690094
818,120,cvae,3,43,0.421875,0.375,0.5291666666666667,1.0,5.3322296142578125,1.137108564376831
819,120,cvae,3,43,0.3203125,0.2421875,0.5632678132678133,1.0,5.943933963775635,1.036262035369873
820,120,cvae,3,43,0.2890625,0.4765625,0.42251950947603123,1.0,5.189681053161621,1.0809626579284668
821,120,cvae,3,43,0.453125,0.46875,0.576271186440678,1.0,6.034891128540039,1.2128795385360718
822,120,cvae,3,43,0.28125,0.3125,0.4444444444444444,1.0,3.3214008808135986,0.7319756150245667
823,120,cvae,3,43,0.3125,0.453125,0.45454545454545453,1.0,5.838495254516602,1.188806414604187
824,120,cvae,3,43,0.3203125,0.4296875,0.4767441860465116,1.0,7.072484016418457,1.4024735689163208
825,120,cvae,3,43,0.34375,0.46875,0.41927083333333337,1.0,6.116298675537109,1.3614776134490967
826,120,cvae,3,43,0.296875,0.4375,0.44680851063829785,1.0,4.792665481567383,1.04274582862854
827,120,cvae,3,43,0.4453125,0.4453125,0.5047169811320755,1.0,9.454598426818848,1.8658004999160767
828,120,cvae,3,43,0.328125,0.46875,0.5471698113207547,1.0,7.6250457763671875,1.4501051902770996
829,120,cvae,3,43,0.296875,0.390625,0.4186046511627907,1.0,5.717813491821289,1.2261567115783691
830,120,cvae,3,43,0.4453125,0.4765625,0.48949138293400585,1.0,6.355681419372559,1.3643872737884521
831,120,cvae,3,43,0.296875,0.34375,0.4264705882352941,1.0,8.530776977539062,1.1775095462799072
832,120,cvae,3,43,0.359375,0.40625,0.5,1.0,7.194738388061523,1.5166717767715454
833,120,cvae,3,43,0.5,0.46875,0.5520833333333334,1.0,7.846988677978516,1.406014323234558
834,120,cvae,3,43,0.34375,0.3125,0.453125,1.0,4.970785140991211,1.0340286493301392
835,120,cvae,3,43,0.296875,0.40625,0.40476190476190477,1.0,3.79187273979187,0.7216781377792358
836,120,cvae,3,43,0.328125,0.4375,0.4186046511627907,1.0,5.424530029296875,1.1614891290664673
837,120,cvae,3,43,0.390625,0.375,0.49019607843137253,1.0,5.599213600158691,1.320528507232666
838,120,cvae,3,43,0.328125,0.4453125,0.4110105580693816,1.0,6.269786834716797,1.1718676090240479
839,120,cvae,3,43,0.3046875,0.421875,0.43045617173524153,1.0,5.368167877197266,1.1086615324020386
840,120,cvae,3,43,0.3125,0.296875,0.4,1.0,7.407937049865723,1.473720908164978
841,120,cvae,3,43,0.296875,0.359375,0.425,1.0,8.22515869140625,1.3059513568878174
842,120,cvae,3,43,0.28125,0.375,0.43859649122807015,1.0,5.183798313140869,1.113715648651123
843,120,cvae,3,43,0.421875,0.328125,0.4827586206896552,1.0,5.983471870422363,1.2488431930541992
844,120,cvae,3,43,0.328125,0.4375,0.4782608695652174,1.0,7.9978227615356445,1.533057451248169
845,120,cvae,3,43,0.28125,0.3671875,0.4173684210526316,1.0,8.267712593078613,1.3695831298828125
846,120,cvae,3,43,0.296875,0.375,0.5121951219512195,1.0,6.023759841918945,1.2796483039855957
847,120,cvae,3,43,0.3203125,0.4140625,0.45640243902439026,1.0,9.607536315917969,1.690446138381958
848,120,cvae,3,43,0.390625,0.484375,0.484375,1.0,5.172533988952637,1.1090260744094849
849,120,cvae,3,43,0.296875,0.390625,0.4838709677419355,1.0,7.000606536865234,1.2103153467178345
850,120,cvae,3,43,0.296875,0.375,0.475,1.0,5.67673921585083,0.9011103510856628
851,120,cvae,3,43,0.3671875,0.390625,0.4758184523809524,1.0,6.0736894607543945,1.2641897201538086
852,120,cvae,3,43,0.34375,0.359375,0.47959183673469385,1.0,5.2103071212768555,1.0936261415481567
853,120,cvae,3,43,0.3125,0.484375,0.515625,1.0,6.642965316772461,1.2825567722320557
854,120,cvae,3,43,0.296875,0.40625,0.4222222222222222,1.0,7.180228233337402,1.291481375694275
855,120,cvae,3,43,0.296875,0.25,0.42857142857142855,1.0,7.0593976974487305,1.3748393058776855
856,120,cvae,3,43,0.3125,0.4375,0.40476190476190477,1.0,4.430269241333008,0.7898718118667603
857,120,cvae,3,43,0.2890625,0.3125,0.41666666666666663,1.0,7.253261566162109,1.2856028079986572
858,120,cvae,3,43,0.28125,0.34375,0.42857142857142855,1.0,5.842922687530518,1.1021616458892822
859,120,cvae,3,43,0.34375,0.28125,0.5172727272727272,1.0,5.367053508758545,1.1168628931045532
860,120,cvae,3,43,0.296875,0.390625,0.46511627906976744,1.0,8.820420265197754,1.698980689048767
861,120,cvae,3,43,0.3203125,0.4453125,0.4293993677555321,1.0,4.473562240600586,0.8071017265319824
862,120,cvae,3,43,0.328125,0.5078125,0.43469591226321036,1.0,6.268465042114258,1.294501781463623
863,120,cvae,3,43,0.3046875,0.34375,0.4531339850488787,1.0,5.817509651184082,1.2976558208465576
864,120,cvae,3,43,0.3046875,0.421875,0.47401247401247404,1.0,5.179530143737793,1.053716778755188
865,120,cvae,3,43,0.421875,0.390625,0.5094339622641509,1.0,7.595578670501709,1.6573082208633423
866,120,cvae,3,43,0.1953125,0.3046875,0.3296921549155909,1.0,6.279153823852539,1.265150547027588
867,120,cvae,3,43,0.375,0.453125,0.5381578947368422,1.0,4.272191047668457,0.9418215751647949
868,120,cvae,3,43,0.296875,0.40625,0.4444444444444444,1.0,5.16274356842041,0.9253717064857483
869,120,cvae,3,43,0.328125,0.375,0.4782608695652174,1.0,7.734055519104004,1.409826397895813
870,120,cvae,3,43,0.28125,0.375,0.5,1.0,9.32349967956543,1.7679095268249512
871,120,cvae,3,43,0.28125,0.3671875,0.4290598290598291,1.0,7.111386299133301,1.321021318435669
872,120,cvae,3,43,0.265625,0.296875,0.38,1.0,3.882166624069214,0.8812683820724487
873,120,cvae,3,43,0.328125,0.34375,0.47368421052631576,1.0,6.4472126960754395,1.0242913961410522
874,120,cvae,3,43,0.3125,0.359375,0.43478260869565216,1.0,4.605329513549805,0.8653727173805237
875,120,cvae,3,43,0.328125,0.375,0.46,1.0,8.58375358581543,1.6439586877822876
876,120,cvae,3,43,0.296875,0.40625,0.4117647058823529,1.0,5.298000335693359,1.164556860923767
877,120,cvae,3,43,0.3046875,0.3828125,0.4270516717325228,1.0,9.807969093322754,1.5926111936569214
878,120,cvae,3,43,0.296875,0.40625,0.4166666666666667,1.0,4.550991535186768,1.0467469692230225
879,120,cvae,3,43,0.28125,0.390625,0.4096980255516841,1.0,7.948371410369873,1.528371810913086
880,120,cvae,3,43,0.296875,0.390625,0.4523809523809524,1.0,7.250629425048828,1.47617769241333
881,120,cvae,3,43,0.28125,0.28125,0.475,1.0,7.129673004150391,1.3777154684066772
882,120,cvae,3,43,0.328125,0.359375,0.42857142857142855,1.0,7.5383124351501465,1.5184292793273926
883,120,cvae,3,43,0.3359375,0.5234375,0.44188034188034186,1.0,8.270039558410645,1.6562601327896118
884,120,cvae,3,43,0.328125,0.296875,0.5652173913043478,1.0,7.903086185455322,1.3447890281677246
885,120,cvae,3,43,0.296875,0.3828125,0.506578947368421,1.0,6.132043838500977,1.2179272174835205
886,120,cvae,3,43,0.453125,0.5390625,0.46977281478629185,1.0,7.10029411315918,1.4425252676010132
887,120,cvae,3,43,0.328125,0.296875,0.5576923076923077,1.0,4.865263938903809,1.0840801000595093
888,120,cvae,3,43,0.2890625,0.25,0.43071467539552644,1.0,6.208271026611328,1.1716108322143555
889,120,cvae,3,43,0.3515625,0.390625,0.4646206308610401,1.0,6.770212173461914,1.3607608079910278
890,120,cvae,3,43,0.296875,0.390625,0.41265397536394177,1.0,7.195098876953125,1.637635350227356
891,120,cvae,3,43,0.390625,0.453125,0.4393939393939394,1.0,4.543752670288086,0.97372967004776
892,120,cvae,3,43,0.296875,0.359375,0.475,1.0,8.286730766296387,1.4722812175750732
893,120,cvae,3,43,0.296875,0.375,0.47368421052631576,1.0,5.523950576782227,1.1275441646575928
894,120,cvae,3,43,0.3125,0.359375,0.3522727272727273,1.0,4.443512916564941,0.8477029204368591
895,120,cvae,3,43,0.3984375,0.3203125,0.4772727272727273,1.0,3.9600448608398438,0.7637295722961426
896,120,cvae,3,43,0.28125,0.359375,0.4405458089668616,1.0,4.877114772796631,0.9473533630371094
897,120,cvae,3,43,0.296875,0.46875,0.5135135135135135,1.0,5.822763442993164,1.268216848373413
898,120,cvae,3,43,0.3046875,0.3671875,0.41142998515586343,1.0,9.830755233764648,1.5775285959243774
899,120,cvae,3,43,0.4140625,0.4140625,0.5357598978288634,1.0,4.175302505493164,0.8673941493034363
900,120,cvae,3,43,0.390625,0.484375,0.44,1.0,5.486198425292969,1.0877268314361572
901,120,cvae,3,43,0.390625,0.3125,0.4153846153846154,1.0,5.25447940826416,1.1572206020355225
902,120,cvae,3,43,0.4453125,0.4375,0.5776740237691002,1.0,4.8212995529174805,0.9466831684112549
903,120,cvae,3,43,0.28125,0.3515625,0.3741450068399453,1.0,6.231541633605957,1.0852092504501343
904,120,cvae,3,43,0.328125,0.3125,0.4027777777777778,1.0,6.401789665222168,1.2496281862258911
905,120,cvae,3,43,0.28125,0.328125,0.4722222222222222,1.0,5.420037746429443,1.0533154010772705
906,120,cvae,3,43,0.2890625,0.4375,0.38925438596491224,1.0,5.004362106323242,1.0615376234054565
907,120,cvae,3,43,0.4375,0.375,0.4722222222222222,1.0,6.852598667144775,1.506271243095398
908,120,cvae,3,43,0.296875,0.28125,0.4523809523809524,1.0,8.769500732421875,1.7103171348571777
909,120,cvae,3,43,0.4609375,0.4609375,0.5378681626928471,1.0,6.254121780395508,1.314487338066101
910,120,cvae,3,43,0.28125,0.34375,0.5208333333333334,1.0,7.987954616546631,1.7741719484329224
911,120,cvae,3,43,0.3671875,0.375,0.4807692307692308,1.0,5.204899787902832,1.2719138860702515
912,120,cvae,3,43,0.3125,0.359375,0.4665625,1.0,10.325821876525879,1.5759752988815308
913,120,cvae,3,43,0.265625,0.3828125,0.45979532163742687,1.0,8.147992134094238,1.0827313661575317
914,120,cvae,3,43,0.328125,0.3515625,0.5227272727272727,1.0,6.296807289123535,1.1674340963363647
915,120,cvae,3,43,0.3125,0.34375,0.5084745762711864,1.0,5.829023361206055,1.0531044006347656
916,120,cvae,3,43,0.34375,0.3984375,0.4623356926188069,1.0,6.796220779418945,1.4737557172775269
917,120,cvae,3,43,0.359375,0.5,0.45098039215686275,1.0,7.04387092590332,1.3208730220794678
918,120,cvae,3,43,0.328125,0.34375,0.4176356589147287,1.0,8.554972648620605,1.4938832521438599
919,120,cvae,3,43,0.3046875,0.3828125,0.4772727272727273,1.0,4.304356575012207,0.8546868562698364
920,120,cvae,3,43,0.296875,0.375,0.4318181818181818,1.0,4.0463972091674805,0.9701389074325562
921,120,cvae,3,43,0.296875,0.390625,0.4358974358974359,1.0,8.14444637298584,1.4556264877319336
922,120,cvae,3,43,0.3984375,0.453125,0.37254901960784315,1.0,10.073854446411133,1.9143149852752686
923,120,cvae,3,43,0.34375,0.40625,0.4583333333333333,1.0,4.6576104164123535,0.9481267929077148
924,120,cvae,3,43,0.3046875,0.3984375,0.4861111111111111,1.0,6.157077789306641,1.1873787641525269
925,120,cvae,3,43,0.421875,0.46875,0.47058823529411764,1.0,6.212408065795898,1.13130784034729
926,120,cvae,3,43,0.296875,0.40625,0.4482758620689655,1.0,5.708646774291992,1.2619924545288086
927,120,cvae,3,43,0.3125,0.421875,0.4492753623188406,1.0,5.531927108764648,1.0249018669128418
928,120,cvae,3,43,0.328125,0.375,0.4883720930232558,1.0,5.889653205871582,1.156598687171936
929,120,cvae,3,43,0.453125,0.390625,0.5087719298245614,1.0,8.85133171081543,1.6487582921981812
930,120,cvae,3,43,0.3046875,0.3828125,0.4881175734834271,1.0,8.735916137695312,1.6396816968917847
931,120,cvae,3,43,0.3515625,0.4296875,0.4722222222222222,0.8888888888888888,7.667490005493164,1.5283838510513306
932,120,cvae,3,43,0.421875,0.484375,0.54,1.0,4.5824689865112305,1.0570850372314453
933,120,cvae,3,43,0.296875,0.359375,0.43107142857142855,1.0,5.074284076690674,1.0650807619094849
934,120,cvae,3,43,0.296875,0.40625,0.4358974358974359,1.0,6.647397994995117,1.4310599565505981
935,120,cvae,3,43,0.3125,0.4375,0.4,1.0,5.734650611877441,1.1628795862197876
936,120,cvae,3,43,0.359375,0.34375,0.45614035087719296,1.0,8.06112003326416,1.4239274263381958
937,120,cvae,3,43,0.328125,0.390625,0.45416666666666666,1.0,5.152581691741943,1.0446181297302246
938,120,cvae,3,43,0.25,0.28125,0.37209302325581395,1.0,4.75572395324707,0.9405308365821838
939,120,cvae,3,43,0.28125,0.421875,0.38095238095238093,1.0,6.315688133239746,1.1040339469909668
940,120,cvae,3,43,0.40625,0.515625,0.5463435374149659,1.0,6.312176704406738,1.3651635646820068
941,120,cvae,3,43,0.3046875,0.3828125,0.46611111111111114,1.0,4.455944061279297,0.8220153450965881
942,120,cvae,3,43,0.328125,0.390625,0.4782608695652174,1.0,3.316208600997925,0.7276372313499451
943,120,cvae,3,43,0.359375,0.5,0.4666666666666667,1.0,4.490362644195557,0.9829806685447693
944,120,cvae,3,43,0.3515625,0.3046875,0.5161616161616162,1.0,5.6305832862854,1.311058759689331
945,120,cvae,3,43,0.3359375,0.4140625,0.46469387755102043,1.0,4.469898223876953,1.0274457931518555
946,120,cvae,3,43,0.375,0.40625,0.4222222222222222,1.0,6.318222999572754,1.3910298347473145
947,120,cvae,3,43,0.328125,0.4375,0.4857142857142857,1.0,6.02247428894043,1.3007302284240723
948,120,cvae,3,43,0.34375,0.375,0.4642857142857143,1.0,4.452154159545898,0.8954777717590332
949,120,cvae,3,43,0.40625,0.4765625,0.4873205741626794,1.0,9.404412269592285,1.7183696031570435
950,120,cvae,3,43,0.296875,0.421875,0.4444444444444444,1.0,6.819581031799316,1.3894507884979248
951,120,cvae,3,43,0.3125,0.40625,0.4418604651162791,1.0,7.454838275909424,1.397063970565796
952,120,cvae,3,43,0.3984375,0.3828125,0.5746031746031746,1.0,6.232224941253662,1.2528774738311768
953,120,cvae,3,43,0.328125,0.296875,0.4772727272727273,1.0,4.281213760375977,0.7201698422431946
954,120,cvae,3,43,0.234375,0.28125,0.39473684210526316,1.0,4.580934524536133,1.0698840618133545
955,120,cvae,3,43,0.328125,0.390625,0.4375,1.0,6.81532096862793,1.2861706018447876
956,120,cvae,3,43,0.3671875,0.4375,0.42220801364023874,1.0,7.572609901428223,1.3483948707580566
957,120,cvae,3,43,0.296875,0.4375,0.41304347826086957,1.0,4.664505481719971,0.919824481010437
958,120,cvae,3,43,0.5390625,0.5703125,0.6488429172510519,1.0,4.862118721008301,0.9641106128692627
959,120,cvae,3,43,0.28125,0.34375,0.45,1.0,6.843610763549805,1.2302494049072266
960,120,cvae,3,43,0.296875,0.390625,0.4473684210526316,1.0,6.580230712890625,1.4164353609085083
961,120,cvae,3,43,0.28125,0.296875,0.375,1.0,6.780419826507568,1.0939666032791138
962,120,cvae,3,43,0.3046875,0.3515625,0.47689969604863225,1.0,7.192836284637451,1.4564181566238403
963,120,cvae,3,43,0.328125,0.40625,0.425,1.0,6.158970355987549,1.1434003114700317
964,120,cvae,3,43,0.3125,0.4375,0.45454545454545453,1.0,6.100573539733887,1.269007682800293
965,120,cvae,3,43,0.390625,0.359375,0.4880952380952381,1.0,6.1690497398376465,1.2964390516281128
966,120,cvae,3,43,0.359375,0.421875,0.52,1.0,7.224921226501465,1.2288709878921509
967,120,cvae,3,43,0.421875,0.46875,0.4375,1.0,5.580617904663086,1.1509835720062256
968,120,cvae,3,43,0.3515625,0.4609375,0.45678092399403875,1.0,5.076598644256592,1.000728964805603
969,120,cvae,3,43,0.3359375,0.421875,0.43214285714285716,1.0,5.8204450607299805,1.1079968214035034
970,120,cvae,3,43,0.265625,0.3203125,0.38998211091234347,1.0,5.616732597351074,1.2419646978378296
971,120,cvae,3,43,0.3125,0.375,0.425531914893617,1.0,6.017920970916748,1.2309057712554932
972,120,cvae,3,43,0.390625,0.4609375,0.5429292929292929,1.0,8.90017318725586,1.5669171810150146
973,120,cvae,3,43,0.390625,0.4375,0.5208333333333334,1.0,6.234495639801025,1.253461480140686
974,120,cvae,3,43,0.4453125,0.4921875,0.5562678062678063,1.0,7.1285810470581055,1.4814727306365967
975,120,cvae,3,43,0.390625,0.515625,0.5733333333333334,1.0,7.627192497253418,1.3643332719802856
976,120,cvae,3,43,0.328125,0.375,0.4375,1.0,7.513585090637207,1.3616012334823608
977,120,cvae,3,43,0.3203125,0.296875,0.4866666666666667,1.0,5.5233659744262695,1.2914615869522095
978,120,cvae,3,43,0.421875,0.328125,0.4838709677419355,1.0,4.145665168762207,0.8332324624061584
979,120,cvae,3,43,0.328125,0.359375,0.43790849673202614,1.0,5.225873947143555,0.8558369278907776
980,120,cvae,3,43,0.3046875,0.375,0.41299019607843135,1.0,4.833751678466797,0.7401006817817688
981,120,cvae,3,43,0.2734375,0.265625,0.40794871794871795,1.0,6.01632022857666,1.0435700416564941
982,120,cvae,3,43,0.34375,0.390625,0.5166666666666667,1.0,7.545271873474121,1.4447020292282104
983,120,cvae,3,43,0.375,0.421875,0.5005549389567148,1.0,7.321678161621094,1.505026936531067
984,120,cvae,3,43,0.375,0.390625,0.54,1.0,5.269903659820557,1.0386592149734497
985,120,cvae,3,43,0.453125,0.40625,0.48333333333333334,1.0,2.532449245452881,0.5609331727027893
986,120,cvae,3,43,0.296875,0.421875,0.4166666666666667,1.0,8.310149192810059,1.583673357963562
987,120,cvae,3,43,0.453125,0.4375,0.5079365079365079,1.0,5.293289661407471,1.1147041320800781
988,120,cvae,3,43,0.265625,0.421875,0.4411764705882353,1.0,9.159424781799316,1.7397276163101196
989,120,cvae,3,43,0.296875,0.328125,0.4166666666666667,1.0,7.907779216766357,1.6066609621047974
990,120,cvae,3,43,0.3125,0.3828125,0.5,1.0,6.125313758850098,1.0480034351348877
991,120,cvae,3,43,0.390625,0.515625,0.4791666666666667,1.0,9.017707824707031,1.5168344974517822
992,120,cvae,3,43,0.3515625,0.3828125,0.4656504065040651,1.0,4.078763008117676,0.8776281476020813
993,120,cvae,3,43,0.34375,0.421875,0.5263157894736842,1.0,9.616999626159668,1.5811535120010376
994,120,cvae,3,43,0.34375,0.4921875,0.4729064039408867,1.0,5.478516578674316,1.3301798105239868
995,120,cvae,3,43,0.28125,0.34375,0.4290352504638219,1.0,7.538093090057373,1.5528862476348877
996,120,cvae,3,43,0.296875,0.296875,0.5833333333333334,1.0,6.521161079406738,1.1642335653305054
997,120,cvae,3,43,0.328125,0.375,0.425,1.0,8.233248710632324,1.729770302772522
998,120,cvae,3,43,0.296875,0.3515625,0.43386243386243384,1.0,7.047369003295898,1.2294890880584717
999,120,cvae,3,43,0.296875,0.4375,0.3695652173913043,1.0,8.314212799072266,1.411908745765686
