index,target_hr,method,fold,seed,rise_time_s,width50_s,rise_cycle_ratio,beat_extraction_success,amplitude_range,amplitude_std
0,60,cvae,1,43,0.34375,0.484375,0.45966709346991036,1.0,3.5847067832946777,0.7314034700393677
1,60,cvae,1,43,0.25,0.34375,0.36363636363636365,1.0,5.015603065490723,1.0339510440826416
2,60,cvae,1,43,0.46875,0.484375,0.5172413793103449,1.0,6.066627502441406,1.0861684083938599
3,60,cvae,1,43,0.3046875,0.4140625,0.45423340961098396,1.0,4.947064399719238,0.9913266897201538
4,60,cvae,1,43,0.328125,0.421875,0.45112781954887216,1.0,4.259922027587891,1.0055463314056396
5,60,cvae,1,43,0.265625,0.390625,0.3902439024390244,1.0,4.202736854553223,0.9165036678314209
6,60,cvae,1,43,0.265625,0.421875,0.3953488372093023,1.0,4.845145225524902,0.9605678915977478
7,60,cvae,1,43,0.328125,0.46875,0.43636363636363634,1.0,4.307771682739258,0.9263873100280762
8,60,cvae,1,43,0.296875,0.375,0.4166666666666667,1.0,7.604788780212402,1.1406948566436768
9,60,cvae,1,43,0.375,0.375,0.5098039215686274,0.9,6.668806076049805,1.3237016201019287
10,60,cvae,1,43,0.234375,0.359375,0.35135135135135137,1.0,3.6027426719665527,0.7492483854293823
11,60,cvae,1,43,0.359375,0.375,0.5,1.0,2.4011824131011963,0.5861456394195557
12,60,cvae,1,43,0.390625,0.4140625,0.4907407407407407,1.0,5.900021076202393,1.0553141832351685
13,60,cvae,1,43,0.296875,0.3359375,0.4409090909090909,1.0,4.722505569458008,0.9426195621490479
14,60,cvae,1,43,0.34375,0.3828125,0.4475743348982786,1.0,5.801539421081543,0.8526440858840942
15,60,cvae,1,43,0.3125,0.359375,0.4022108843537415,1.0,5.387149810791016,0.9894784688949585
16,60,cvae,1,43,0.296875,0.390625,0.45454545454545453,1.0,4.806524276733398,1.036677598953247
17,60,cvae,1,43,0.359375,0.40625,0.4126333059885152,1.0,4.187152862548828,0.9152513146400452
18,60,cvae,1,43,0.3125,0.359375,0.43478260869565216,1.0,5.836847305297852,1.247646689414978
19,60,cvae,1,43,0.296875,0.421875,0.4117647058823529,0.9,4.342228889465332,0.9411379098892212
20,60,cvae,1,43,0.328125,0.421875,0.43930232558139537,1.0,5.34144401550293,0.9280494451522827
21,60,cvae,1,43,0.265625,0.390625,0.4,1.0,3.4035258293151855,0.7086447477340698
22,60,cvae,1,43,0.3828125,0.40625,0.40976210008203445,1.0,6.425199508666992,0.9493752121925354
23,60,cvae,1,43,0.28125,0.4296875,0.3927125506072875,1.0,5.503292083740234,0.8328592777252197
24,60,cvae,1,43,0.25,0.3515625,0.3401360544217687,1.0,7.214375019073486,1.2477788925170898
25,60,cvae,1,43,0.390625,0.5,0.45454545454545453,1.0,3.869255781173706,0.8361691832542419
26,60,cvae,1,43,0.328125,0.421875,0.5,1.0,6.771478652954102,1.0574203729629517
27,60,cvae,1,43,0.390625,0.46875,0.46296296296296297,1.0,4.308396339416504,0.8767035603523254
28,60,cvae,1,43,0.3046875,0.359375,0.4441287878787879,1.0,5.692083358764648,1.236990213394165
29,60,cvae,1,43,0.3203125,0.3828125,0.4891304347826087,1.0,4.508592128753662,0.8827072381973267
30,60,cvae,1,43,0.34375,0.4375,0.49019607843137253,1.0,8.603976249694824,1.173508644104004
31,60,cvae,1,43,0.296875,0.34375,0.4418604651162791,1.0,6.847710609436035,1.3365864753723145
32,60,cvae,1,43,0.296875,0.484375,0.4523809523809524,1.0,5.348780632019043,1.0406804084777832
33,60,cvae,1,43,0.3125,0.40625,0.4375,1.0,5.8784356117248535,1.094089150428772
34,60,cvae,1,43,0.2265625,0.21875,0.3701923076923077,1.0,7.513469696044922,1.3394657373428345
35,60,cvae,1,43,0.3828125,0.4921875,0.42679738562091507,1.0,4.8992509841918945,0.9497330784797668
36,60,cvae,1,43,0.296875,0.375,0.40425531914893614,1.0,2.9507484436035156,0.5830458998680115
37,60,cvae,1,43,0.328125,0.390625,0.4583333333333333,1.0,4.340754508972168,0.7426179647445679
38,60,cvae,1,43,0.28125,0.4140625,0.3923809523809524,1.0,6.106006622314453,1.2101675271987915
39,60,cvae,1,43,0.3359375,0.4296875,0.45098039215686275,1.0,5.008500099182129,0.929513692855835
40,60,cvae,1,43,0.28125,0.3671875,0.35514149621742785,1.0,3.7189526557922363,0.7340559363365173
41,60,cvae,1,43,0.28125,0.40625,0.4339622641509434,1.0,3.6331210136413574,0.8108291029930115
42,60,cvae,1,43,0.265625,0.4375,0.38333333333333336,1.0,4.858843803405762,1.0058668851852417
43,60,cvae,1,43,0.3046875,0.4453125,0.47619047619047616,1.0,6.911883354187012,1.1610461473464966
44,60,cvae,1,43,0.3125,0.3984375,0.41304347826086957,1.0,5.847412109375,1.1863583326339722
45,60,cvae,1,43,0.28125,0.34375,0.43458980044345896,1.0,6.2744622230529785,1.1140161752700806
46,60,cvae,1,43,0.328125,0.34375,0.5,1.0,3.296232223510742,0.6892361044883728
47,60,cvae,1,43,0.359375,0.4375,0.3958333333333333,1.0,3.6360690593719482,0.7554823160171509
48,60,cvae,1,43,0.359375,0.546875,0.4423076923076923,1.0,3.2283482551574707,0.7465227246284485
49,60,cvae,1,43,0.2734375,0.3515625,0.4352159468438538,1.0,7.19796085357666,1.1348904371261597
50,60,cvae,1,43,0.28125,0.421875,0.3617021276595745,1.0,3.67352294921875,0.8310131430625916
51,60,cvae,1,43,0.453125,0.5,0.453125,1.0,3.355351448059082,0.6255749464035034
52,60,cvae,1,43,0.28125,0.296875,0.4,1.0,6.084295272827148,1.0146892070770264
53,60,cvae,1,43,0.3203125,0.3984375,0.42194570135746606,1.0,5.159787178039551,0.9573749899864197
54,60,cvae,1,43,0.390625,0.359375,0.38461538461538464,1.0,7.163364410400391,1.0016926527023315
55,60,cvae,1,43,0.3125,0.4375,0.4176328502415459,1.0,5.427039623260498,0.9645741581916809
56,60,cvae,1,43,0.296875,0.359375,0.48148148148148145,1.0,3.9717135429382324,0.8134043216705322
57,60,cvae,1,43,0.28125,0.4296875,0.3831818181818182,1.0,4.241306304931641,0.9051755666732788
58,60,cvae,1,43,0.3125,0.3984375,0.39120038259206125,1.0,5.968600273132324,1.141968846321106
59,60,cvae,1,43,0.421875,0.515625,0.4727272727272727,1.0,3.5551929473876953,0.7523353695869446
60,60,cvae,1,43,0.3046875,0.296875,0.44027777777777777,1.0,4.323846817016602,0.9231323003768921
61,60,cvae,1,43,0.359375,0.34375,0.52,1.0,5.062534332275391,0.9959237575531006
62,60,cvae,1,43,0.265625,0.4375,0.42,1.0,3.847362518310547,0.7196158170700073
63,60,cvae,1,43,0.2890625,0.375,0.3512471655328798,1.0,6.107140064239502,1.3480429649353027
64,60,cvae,1,43,0.2421875,0.3046875,0.3648989898989899,1.0,3.7737245559692383,0.6932756304740906
65,60,cvae,1,43,0.234375,0.359375,0.4,1.0,3.9156978130340576,0.885008692741394
66,60,cvae,1,43,0.34375,0.46875,0.4045709703287891,1.0,5.138256549835205,0.811678409576416
67,60,cvae,1,43,0.375,0.34375,0.5517241379310345,1.0,5.814152717590332,0.8885360360145569
68,60,cvae,1,43,0.3046875,0.3671875,0.4048303622771708,1.0,5.828514099121094,1.107267141342163
69,60,cvae,1,43,0.3515625,0.4453125,0.44610281923714756,1.0,3.983257532119751,0.8959867358207703
70,60,cvae,1,43,0.375,0.5,0.4782608695652174,1.0,5.516470909118652,1.052100658416748
71,60,cvae,1,43,0.34375,0.515625,0.4647887323943662,1.0,5.126169204711914,0.9173334240913391
72,60,cvae,1,43,0.46875,0.546875,0.5081967213114754,1.0,3.9121315479278564,0.8381118774414062
73,60,cvae,1,43,0.375,0.453125,0.48,1.0,5.319048881530762,0.749728262424469
74,60,cvae,1,43,0.3046875,0.359375,0.4401785714285714,1.0,8.027056694030762,1.1089156866073608
75,60,cvae,1,43,0.3125,0.421875,0.5333333333333333,1.0,3.444653272628784,0.6807856559753418
76,60,cvae,1,43,0.3203125,0.390625,0.43471479500891264,1.0,6.352631568908691,1.0413076877593994
77,60,cvae,1,43,0.28125,0.359375,0.3593969144460028,1.0,6.060575485229492,1.2195912599563599
78,60,cvae,1,43,0.3125,0.453125,0.4358974358974359,1.0,4.953488349914551,0.9743870496749878
79,60,cvae,1,43,0.3125,0.515625,0.41025641025641024,1.0,2.9851796627044678,0.6377703547477722
80,60,cvae,1,43,0.3203125,0.40625,0.4005802707930367,1.0,4.061187744140625,0.8364108204841614
81,60,cvae,1,43,0.25,0.375,0.3488372093023256,1.0,3.6591548919677734,0.8780685663223267
82,60,cvae,1,43,0.375,0.4296875,0.4222222222222222,1.0,6.5394744873046875,1.2154918909072876
83,60,cvae,1,43,0.25,0.328125,0.4027027027027027,1.0,3.662614345550537,0.7932712435722351
84,60,cvae,1,43,0.296875,0.390625,0.4606060606060606,1.0,6.730186462402344,1.4467456340789795
85,60,cvae,1,43,0.3125,0.390625,0.44047619047619047,1.0,4.6361894607543945,0.8345086574554443
86,60,cvae,1,43,0.390625,0.5234375,0.46851851851851856,1.0,4.600107192993164,0.8134210705757141
87,60,cvae,1,43,0.359375,0.421875,0.46938775510204084,1.0,3.69400954246521,0.7847161293029785
88,60,cvae,1,43,0.3359375,0.4296875,0.4369414101290963,1.0,4.175056457519531,0.8006054162979126
89,60,cvae,1,43,0.265625,0.34375,0.39473684210526316,1.0,4.259031772613525,0.7746712565422058
90,60,cvae,1,43,0.3671875,0.4296875,0.45112781954887216,1.0,5.162054061889648,0.9960117936134338
91,60,cvae,1,43,0.296875,0.3125,0.40816326530612246,1.0,8.396289825439453,1.2386889457702637
92,60,cvae,1,43,0.34375,0.375,0.4421906693711968,1.0,5.227913856506348,0.9292764663696289
93,60,cvae,1,43,0.328125,0.34375,0.37712765957446803,1.0,4.282319068908691,0.6576079726219177
94,60,cvae,1,43,0.3203125,0.484375,0.4597902097902098,1.0,4.200257301330566,0.9950512051582336
95,60,cvae,1,43,0.2734375,0.375,0.43421895006402045,1.0,7.005668640136719,1.2893818616867065
96,60,cvae,1,43,0.3125,0.40625,0.39375284997720017,1.0,4.044329643249512,0.8520364165306091
97,60,cvae,1,43,0.25,0.359375,0.37777777777777777,1.0,6.355515480041504,1.116837978363037
98,60,cvae,1,43,0.3203125,0.46875,0.42395104895104896,1.0,4.519245624542236,0.9662333130836487
99,60,cvae,1,43,0.3046875,0.3515625,0.5063718140929535,1.0,5.939630508422852,1.2094465494155884
100,60,cvae,1,43,0.328125,0.28125,0.4634146341463415,1.0,4.198177337646484,0.7671670913696289
101,60,cvae,1,43,0.34375,0.3671875,0.4631217838765008,1.0,5.77046012878418,1.0784791707992554
102,60,cvae,1,43,0.3046875,0.421875,0.38000755857898716,1.0,4.185155868530273,0.7753852605819702
103,60,cvae,1,43,0.3203125,0.5234375,0.3892668178382464,1.0,5.271971702575684,0.8923438787460327
104,60,cvae,1,43,0.265625,0.34375,0.40476190476190477,1.0,5.737702369689941,1.1618118286132812
105,60,cvae,1,43,0.3125,0.46875,0.41509433962264153,1.0,4.789394378662109,0.9658172726631165
106,60,cvae,1,43,0.328125,0.40625,0.4666666666666667,1.0,4.522953510284424,0.8633776903152466
107,60,cvae,1,43,0.296875,0.40625,0.4318181818181818,1.0,4.193377494812012,0.7550925612449646
108,60,cvae,1,43,0.3125,0.421875,0.43478260869565216,1.0,4.4642229080200195,1.1471339464187622
109,60,cvae,1,43,0.34375,0.4375,0.3994288045695634,1.0,3.288787364959717,0.6967966556549072
110,60,cvae,1,43,0.3203125,0.484375,0.4305313588850174,1.0,4.425786018371582,1.0181689262390137
111,60,cvae,1,43,0.328125,0.3984375,0.4301572617946346,1.0,4.219385147094727,0.7821260690689087
112,60,cvae,1,43,0.390625,0.515625,0.4411764705882353,1.0,3.956061840057373,0.8109778165817261
113,60,cvae,1,43,0.328125,0.3671875,0.4334302325581395,1.0,3.4881162643432617,0.7727998495101929
114,60,cvae,1,43,0.2578125,0.359375,0.42029784886927746,1.0,4.772801399230957,0.9410989880561829
115,60,cvae,1,43,0.3671875,0.46875,0.49444444444444446,1.0,5.153380393981934,1.1684284210205078
116,60,cvae,1,43,0.375,0.4375,0.5,1.0,2.579047679901123,0.556638240814209
117,60,cvae,1,43,0.359375,0.53125,0.42857142857142855,1.0,4.186540126800537,0.8363943696022034
118,60,cvae,1,43,0.3515625,0.4453125,0.5227642276422764,1.0,5.449274063110352,0.9682042598724365
119,60,cvae,1,43,0.3203125,0.3984375,0.4604037267080745,1.0,6.408843994140625,1.0379935503005981
120,60,cvae,1,43,0.265625,0.40625,0.4090909090909091,1.0,3.5894408226013184,0.8106416463851929
121,60,cvae,1,43,0.28125,0.34375,0.4594594594594595,1.0,6.135775566101074,1.2227749824523926
122,60,cvae,1,43,0.3125,0.3828125,0.44863731656184486,1.0,6.304126739501953,1.0243680477142334
123,60,cvae,1,43,0.328125,0.453125,0.40476190476190477,1.0,4.599074363708496,0.8542764186859131
124,60,cvae,1,43,0.34375,0.359375,0.48717948717948717,1.0,3.506070137023926,0.7602691054344177
125,60,cvae,1,43,0.390625,0.3359375,0.5290697674418605,1.0,6.008709907531738,1.1552095413208008
126,60,cvae,1,43,0.421875,0.640625,0.4166666666666667,1.0,2.670734405517578,0.620876133441925
127,60,cvae,1,43,0.34375,0.390625,0.4375,1.0,5.419073104858398,0.9894072413444519
128,60,cvae,1,43,0.265625,0.3125,0.39285714285714285,1.0,6.216958999633789,0.9265952110290527
129,60,cvae,1,43,0.453125,0.4375,0.5,1.0,4.767232894897461,0.9222080707550049
130,60,cvae,1,43,0.3125,0.34375,0.43902439024390244,1.0,4.486195087432861,0.7412276268005371
131,60,cvae,1,43,0.3515625,0.5,0.44326923076923075,1.0,5.98018741607666,1.1683924198150635
132,60,cvae,1,43,0.3515625,0.4296875,0.4326298701298701,1.0,5.507976531982422,1.130670189857483
133,60,cvae,1,43,0.3671875,0.421875,0.5054466230936819,1.0,4.700712203979492,0.912227988243103
134,60,cvae,1,43,0.3203125,0.421875,0.42327365728900257,1.0,5.179711818695068,0.9191888570785522
135,60,cvae,1,43,0.328125,0.46875,0.3958333333333333,1.0,4.329933166503906,0.7843167781829834
136,60,cvae,1,43,0.296875,0.359375,0.4318181818181818,1.0,4.869267463684082,1.0821259021759033
137,60,cvae,1,43,0.359375,0.546875,0.39655172413793105,1.0,2.864905834197998,0.5508882999420166
138,60,cvae,1,43,0.234375,0.3359375,0.39884897104987793,1.0,4.215621471405029,0.866288423538208
139,60,cvae,1,43,0.375,0.4453125,0.4595706618962433,1.0,5.337613105773926,1.1223509311676025
140,60,cvae,1,43,0.25,0.375,0.3625603864734299,1.0,5.232914447784424,1.0659714937210083
141,60,cvae,1,43,0.296875,0.4375,0.3958333333333333,1.0,3.3236491680145264,0.6244239211082458
142,60,cvae,1,43,0.3046875,0.390625,0.34620098039215685,1.0,5.74741268157959,0.8885350227355957
143,60,cvae,1,43,0.265625,0.375,0.4146341463414634,1.0,5.099946975708008,0.8132304549217224
144,60,cvae,1,43,0.375,0.40625,0.45396825396825397,1.0,3.8731932640075684,0.8592283725738525
145,60,cvae,1,43,0.28125,0.328125,0.35294117647058826,1.0,4.919932842254639,0.9045951962471008
146,60,cvae,1,43,0.296875,0.421875,0.3958333333333333,1.0,3.3236913681030273,0.6622630953788757
147,60,cvae,1,43,0.265625,0.390625,0.4,1.0,5.3161468505859375,0.9995090365409851
148,60,cvae,1,43,0.3203125,0.4375,0.42648221343873516,1.0,3.7211880683898926,0.8254212737083435
149,60,cvae,1,43,0.28125,0.296875,0.425531914893617,1.0,5.433252334594727,1.0146886110305786
150,60,cvae,1,43,0.296875,0.390625,0.4186046511627907,1.0,3.7515225410461426,0.7557666897773743
151,60,cvae,1,43,0.28125,0.453125,0.45592020592020593,1.0,6.4341912269592285,0.8824822306632996
152,60,cvae,1,43,0.3671875,0.4609375,0.4411182038300682,1.0,4.480696678161621,0.9226984977722168
153,60,cvae,1,43,0.3125,0.34375,0.45454545454545453,1.0,3.9370670318603516,0.7321853041648865
154,60,cvae,1,43,0.25,0.3125,0.43636363636363634,1.0,5.402309417724609,1.022857904434204
155,60,cvae,1,43,0.2734375,0.4296875,0.3711734693877551,1.0,4.812193870544434,0.8680975437164307
156,60,cvae,1,43,0.234375,0.359375,0.32608695652173914,1.0,4.9144978523254395,0.9001748561859131
157,60,cvae,1,43,0.2890625,0.4140625,0.36363636363636365,1.0,5.869396209716797,1.0614725351333618
158,60,cvae,1,43,0.2734375,0.3984375,0.3879598662207358,1.0,5.489349842071533,1.1618939638137817
159,60,cvae,1,43,0.28125,0.359375,0.45480631276901007,1.0,5.640807628631592,1.0386829376220703
160,60,cvae,1,43,0.296875,0.375,0.4358974358974359,1.0,7.051450729370117,1.1585197448730469
161,60,cvae,1,43,0.2890625,0.3828125,0.4736295681063123,1.0,6.60552978515625,1.2351772785186768
162,60,cvae,1,43,0.4375,0.5390625,0.48127948113207547,1.0,4.123870849609375,0.8034708499908447
163,60,cvae,1,43,0.2734375,0.3984375,0.3883037694013304,1.0,7.7774224281311035,1.5632457733154297
164,60,cvae,1,43,0.3125,0.3828125,0.38454106280193234,1.0,5.4152045249938965,1.0723087787628174
165,60,cvae,1,43,0.3046875,0.4296875,0.4285024154589372,1.0,3.9439663887023926,0.7632506489753723
166,60,cvae,1,43,0.3359375,0.453125,0.44789405123751624,1.0,6.530369758605957,1.2772964239120483
167,60,cvae,1,43,0.4453125,0.5625,0.39566395663956644,1.0,2.432527780532837,0.6319841742515564
168,60,cvae,1,43,0.265625,0.328125,0.4,1.0,6.857708930969238,1.10350501537323
169,60,cvae,1,43,0.359375,0.515625,0.44285714285714284,0.875,4.104866027832031,0.9088717699050903
170,60,cvae,1,43,0.296875,0.3828125,0.43846153846153846,1.0,8.312559127807617,1.3466657400131226
171,60,cvae,1,43,0.296875,0.453125,0.36363636363636365,1.0,3.070417642593384,0.6676751971244812
172,60,cvae,1,43,0.296875,0.34375,0.42,1.0,4.242424488067627,0.7331191897392273
173,60,cvae,1,43,0.3125,0.375,0.5151515151515151,1.0,4.68901252746582,0.8885129690170288
174,60,cvae,1,43,0.390625,0.421875,0.45454545454545453,1.0,5.092041969299316,0.9651079177856445
175,60,cvae,1,43,0.328125,0.359375,0.45652173913043476,1.0,4.286498069763184,0.7442265748977661
176,60,cvae,1,43,0.3203125,0.375,0.4270516717325228,1.0,6.111959457397461,0.9810299873352051
177,60,cvae,1,43,0.328125,0.359375,0.45138888888888884,1.0,4.070234298706055,0.8094391822814941
178,60,cvae,1,43,0.3515625,0.4375,0.47117516629711753,1.0,5.692012786865234,0.9489326477050781
179,60,cvae,1,43,0.3046875,0.4296875,0.4037037037037037,1.0,4.297939777374268,0.7809705138206482
180,60,cvae,1,43,0.296875,0.390625,0.4,1.0,6.2770819664001465,1.2162909507751465
181,60,cvae,1,43,0.265625,0.328125,0.40476190476190477,1.0,5.552898406982422,1.1058512926101685
182,60,cvae,1,43,0.265625,0.359375,0.425,1.0,4.4109392166137695,0.9541223049163818
183,60,cvae,1,43,0.265625,0.3515625,0.3983100233100233,1.0,6.252278804779053,1.2014333009719849
184,60,cvae,1,43,0.34375,0.4296875,0.4154163540885221,1.0,3.9465768337249756,0.8551545143127441
185,60,cvae,1,43,0.3125,0.3203125,0.49599358974358976,1.0,6.737316131591797,1.242713451385498
186,60,cvae,1,43,0.375,0.40625,0.5106382978723404,1.0,4.520081043243408,0.9374977350234985
187,60,cvae,1,43,0.359375,0.40625,0.39473684210526316,1.0,4.999250888824463,0.964454174041748
188,60,cvae,1,43,0.3046875,0.3984375,0.4763794406651549,1.0,5.84360933303833,1.1440351009368896
189,60,cvae,1,43,0.3125,0.359375,0.42145270270270274,1.0,4.714746952056885,0.8775625824928284
190,60,cvae,1,43,0.25,0.390625,0.38461538461538464,1.0,5.551765441894531,1.0828633308410645
191,60,cvae,1,43,0.34375,0.53125,0.4406779661016949,1.0,5.350241661071777,1.1564210653305054
192,60,cvae,1,43,0.2421875,0.2890625,0.4222222222222222,1.0,6.844487190246582,1.1382499933242798
193,60,cvae,1,43,0.265625,0.375,0.38,1.0,4.980161666870117,1.139878749847412
194,60,cvae,1,43,0.359375,0.3203125,0.5480769230769231,1.0,5.284797191619873,1.0303126573562622
195,60,cvae,1,43,0.265625,0.453125,0.37254901960784315,1.0,5.675764083862305,1.0284638404846191
196,60,cvae,1,43,0.296875,0.40625,0.475,1.0,3.528061866760254,0.705272912979126
197,60,cvae,1,43,0.375,0.40625,0.4594594594594595,1.0,6.14501428604126,0.9147603511810303
198,60,cvae,1,43,0.3125,0.453125,0.42803030303030304,1.0,5.225809097290039,1.2246499061584473
199,60,cvae,1,43,0.421875,0.390625,0.47368421052631576,1.0,4.828149795532227,0.9656922221183777
200,60,cvae,1,43,0.3125,0.3828125,0.4896214896214896,1.0,3.913896083831787,0.7219815254211426
201,60,cvae,1,43,0.3125,0.4140625,0.375,1.0,3.336334466934204,0.6629087328910828
202,60,cvae,1,43,0.375,0.4375,0.42105263157894735,1.0,5.638486862182617,0.9457202553749084
203,60,cvae,1,43,0.296875,0.375,0.45454545454545453,1.0,5.547662734985352,1.044714331626892
204,60,cvae,1,43,0.3515625,0.3515625,0.4177978883861237,1.0,5.985788345336914,1.0337371826171875
205,60,cvae,1,43,0.28125,0.34375,0.391304347826087,1.0,5.412572860717773,1.082521677017212
206,60,cvae,1,43,0.359375,0.421875,0.45454545454545453,0.9,5.207030296325684,0.9796535968780518
207,60,cvae,1,43,0.234375,0.375,0.39655172413793105,1.0,5.754462718963623,1.082648515701294
208,60,cvae,1,43,0.3125,0.375,0.4393939393939394,1.0,4.093584060668945,0.8533096313476562
209,60,cvae,1,43,0.265625,0.375,0.42105263157894735,1.0,3.9895694255828857,0.7700303196907043
210,60,cvae,1,43,0.28125,0.421875,0.38,1.0,4.492605209350586,0.9512704014778137
211,60,cvae,1,43,0.2890625,0.421875,0.4105263157894737,1.0,3.9996964931488037,0.7871625423431396
212,60,cvae,1,43,0.265625,0.390625,0.3714514194322271,1.0,6.657869815826416,1.1879644393920898
213,60,cvae,1,43,0.2890625,0.34375,0.4121212121212121,1.0,4.333741188049316,0.884325385093689
214,60,cvae,1,43,0.234375,0.4375,0.35714285714285715,1.0,4.610313415527344,0.9100138545036316
215,60,cvae,1,43,0.296875,0.359375,0.3877551020408163,1.0,6.924386978149414,1.125667929649353
216,60,cvae,1,43,0.3125,0.34375,0.4418604651162791,1.0,8.759450912475586,1.3777363300323486
217,60,cvae,1,43,0.3125,0.4765625,0.4362745098039216,1.0,2.7855844497680664,0.46114176511764526
218,60,cvae,1,43,0.28125,0.390625,0.3877551020408163,1.0,2.5700345039367676,0.5687429904937744
219,60,cvae,1,43,0.3046875,0.34375,0.5,1.0,7.764664173126221,1.3053228855133057
220,60,cvae,1,43,0.328125,0.40625,0.38636363636363635,1.0,3.9434142112731934,0.7491116523742676
221,60,cvae,1,43,0.3984375,0.4140625,0.5062794348508635,1.0,6.9031901359558105,1.102342128753662
222,60,cvae,1,43,0.375,0.4375,0.4461538461538462,1.0,5.083197593688965,0.9847761988639832
223,60,cvae,1,43,0.265625,0.328125,0.4358974358974359,1.0,4.522119998931885,1.0606389045715332
224,60,cvae,1,43,0.265625,0.3359375,0.39158163265306123,1.0,3.666565418243408,0.7829844951629639
225,60,cvae,1,43,0.421875,0.484375,0.48936170212765956,1.0,3.5591344833374023,0.7764169573783875
226,60,cvae,1,43,0.3046875,0.4453125,0.40664350846721664,1.0,3.159156322479248,0.8022454380989075
227,60,cvae,1,43,0.3203125,0.5234375,0.3602216748768473,1.0,3.3088796138763428,0.8053033351898193
228,60,cvae,1,43,0.234375,0.328125,0.36065573770491804,1.0,5.0469818115234375,0.9621745944023132
229,60,cvae,1,43,0.328125,0.375,0.4339622641509434,1.0,5.737044811248779,1.0684305429458618
230,60,cvae,1,43,0.296875,0.390625,0.40384615384615385,1.0,4.92752742767334,1.0847699642181396
231,60,cvae,1,43,0.265625,0.421875,0.425,1.0,5.015435695648193,0.9469048976898193
232,60,cvae,1,43,0.4375,0.40625,0.5265716870194481,1.0,4.520345211029053,1.0959323644638062
233,60,cvae,1,43,0.34375,0.578125,0.3690217391304348,1.0,3.0423061847686768,0.6107288002967834
234,60,cvae,1,43,0.296875,0.3203125,0.46453546453546457,1.0,5.6851396560668945,1.1734145879745483
235,60,cvae,1,43,0.3671875,0.421875,0.46027742749054223,1.0,4.939386367797852,1.0618594884872437
236,60,cvae,1,43,0.328125,0.4453125,0.3910344827586207,1.0,5.902868270874023,1.1118972301483154
237,60,cvae,1,43,0.3046875,0.3828125,0.38374125874125875,1.0,3.741135835647583,0.8155641555786133
238,60,cvae,1,43,0.296875,0.421875,0.3877551020408163,1.0,5.869378089904785,1.1746206283569336
239,60,cvae,1,43,0.265625,0.421875,0.375,1.0,4.427736759185791,1.0884535312652588
240,60,cvae,1,43,0.3125,0.40625,0.47058823529411764,1.0,3.931392192840576,0.6807512640953064
241,60,cvae,1,43,0.296875,0.390625,0.4074074074074074,1.0,5.472253799438477,0.8305802941322327
242,60,cvae,1,43,0.3125,0.375,0.5,1.0,6.4632439613342285,1.2465507984161377
243,60,cvae,1,43,0.3515625,0.3046875,0.4907407407407407,0.9090909090909091,8.137245178222656,1.6064257621765137
244,60,cvae,1,43,0.3046875,0.390625,0.42266009852216746,1.0,2.9940454959869385,0.5896022915840149
245,60,cvae,1,43,0.3203125,0.4296875,0.426812585499316,1.0,4.220520496368408,0.7999272346496582
246,60,cvae,1,43,0.21875,0.40625,0.4186046511627907,1.0,7.237140655517578,1.1881096363067627
247,60,cvae,1,43,0.296875,0.359375,0.4120247568523431,1.0,8.980958938598633,1.1963298320770264
248,60,cvae,1,43,0.28125,0.296875,0.3695652173913043,1.0,6.65788459777832,1.2434543371200562
249,60,cvae,1,43,0.390625,0.453125,0.5102040816326531,1.0,7.2929368019104,1.2936859130859375
250,60,cvae,1,43,0.2578125,0.3359375,0.43125,1.0,4.034811019897461,0.8619926571846008
251,60,cvae,1,43,0.25,0.421875,0.38095238095238093,1.0,4.975223541259766,1.0777217149734497
252,60,cvae,1,43,0.3515625,0.390625,0.4792236194641881,1.0,4.490833759307861,0.9003599882125854
253,60,cvae,1,43,0.28125,0.3828125,0.38643235071806503,1.0,2.780669689178467,0.6033288836479187
254,60,cvae,1,43,0.375,0.53125,0.40384615384615385,1.0,3.9958298206329346,0.86277836561203
255,60,cvae,1,43,0.234375,0.375,0.3793103448275862,1.0,3.7763304710388184,0.7194748520851135
256,60,cvae,1,43,0.296875,0.40625,0.40476190476190477,1.0,2.6647534370422363,0.5510157346725464
257,60,cvae,1,43,0.390625,0.515625,0.4603174603174603,1.0,5.1833391189575195,0.961345911026001
258,60,cvae,1,43,0.296875,0.3125,0.375,1.0,3.943969964981079,0.757349967956543
259,60,cvae,1,43,0.3359375,0.3359375,0.4896941489361702,1.0,5.74913215637207,1.107701301574707
260,60,cvae,1,43,0.359375,0.53125,0.42,1.0,2.7139670848846436,0.5823877453804016
261,60,cvae,1,43,0.3125,0.3984375,0.46484848484848484,1.0,6.194559574127197,0.9728133082389832
262,60,cvae,1,43,0.2578125,0.3203125,0.4669811320754717,1.0,5.310484886169434,0.9511502981185913
263,60,cvae,1,43,0.3203125,0.421875,0.46127717391304346,1.0,5.77717924118042,1.0402953624725342
264,60,cvae,1,43,0.3828125,0.4765625,0.47124335106382975,1.0,4.730693817138672,0.8283513784408569
265,60,cvae,1,43,0.3125,0.4453125,0.37833099579242635,1.0,5.800806999206543,1.024518609046936
266,60,cvae,1,43,0.296875,0.40625,0.4146341463414634,1.0,4.488598346710205,1.080925464630127
267,60,cvae,1,43,0.296875,0.34375,0.40476190476190477,1.0,6.145455837249756,1.229301929473877
268,60,cvae,1,43,0.265625,0.328125,0.40476190476190477,1.0,5.98039436340332,1.0716841220855713
269,60,cvae,1,43,0.28125,0.34375,0.4090909090909091,1.0,4.342885494232178,0.8902177810668945
270,60,cvae,1,43,0.2890625,0.4375,0.4409237379162191,1.0,4.183084487915039,0.9567012786865234
271,60,cvae,1,43,0.296875,0.390625,0.4318181818181818,1.0,5.118481159210205,0.9417563080787659
272,60,cvae,1,43,0.25,0.34375,0.42857142857142855,1.0,6.661569595336914,1.2371448278427124
273,60,cvae,1,43,0.390625,0.578125,0.46296296296296297,1.0,3.3181045055389404,0.6855325102806091
274,60,cvae,1,43,0.3125,0.390625,0.3684210526315789,1.0,5.681644439697266,1.1290833950042725
275,60,cvae,1,43,0.34375,0.3203125,0.4708049886621315,1.0,4.209967613220215,0.8341971039772034
276,60,cvae,1,43,0.421875,0.53125,0.425531914893617,1.0,2.2027862071990967,0.4798291027545929
277,60,cvae,1,43,0.265625,0.359375,0.37209302325581395,1.0,4.541525840759277,0.8783852458000183
278,60,cvae,1,43,0.359375,0.359375,0.4528301886792453,1.0,5.935319423675537,0.9464805722236633
279,60,cvae,1,43,0.25,0.375,0.4,1.0,3.705299139022827,0.823834240436554
280,60,cvae,1,43,0.328125,0.34375,0.46153846153846156,1.0,4.711206436157227,0.9603753089904785
281,60,cvae,1,43,0.3984375,0.40625,0.4593253968253968,1.0,5.997815132141113,1.0792702436447144
282,60,cvae,1,43,0.296875,0.359375,0.40930232558139534,1.0,2.624044179916382,0.5445261597633362
283,60,cvae,1,43,0.3203125,0.4609375,0.5060728744939271,1.0,4.407687187194824,0.8727108836174011
284,60,cvae,1,43,0.265625,0.359375,0.5094339622641509,1.0,2.4729061126708984,0.5970786213874817
285,60,cvae,1,43,0.328125,0.359375,0.4614814814814815,1.0,4.4776611328125,0.9328049421310425
286,60,cvae,1,43,0.328125,0.390625,0.44680851063829785,1.0,2.7956645488739014,0.5760896801948547
287,60,cvae,1,43,0.265625,0.3125,0.3547619047619048,1.0,4.156950950622559,0.9772378206253052
288,60,cvae,1,43,0.3046875,0.40625,0.43167701863354035,1.0,4.241916656494141,0.8495730757713318
289,60,cvae,1,43,0.3203125,0.390625,0.4232954545454546,1.0,4.063189506530762,0.7526103258132935
290,60,cvae,1,43,0.265625,0.453125,0.3695652173913043,1.0,4.408996105194092,0.8112359046936035
291,60,cvae,1,43,0.2734375,0.3359375,0.4252657911194496,1.0,4.999078750610352,0.9305481910705566
292,60,cvae,1,43,0.234375,0.375,0.36363636363636365,1.0,5.86049747467041,1.069352626800537
293,60,cvae,1,43,0.3046875,0.4375,0.41087962962962965,1.0,7.111083507537842,1.3654160499572754
294,60,cvae,1,43,0.28125,0.375,0.3829787234042553,1.0,5.082768440246582,1.1310302019119263
295,60,cvae,1,43,0.265625,0.359375,0.38589981447124305,1.0,5.646671295166016,0.8396160006523132
296,60,cvae,1,43,0.2890625,0.265625,0.44593023255813957,0.9090909090909091,7.07300329208374,1.2936230897903442
297,60,cvae,1,43,0.3125,0.390625,0.46551724137931033,1.0,7.218963623046875,1.0476453304290771
298,60,cvae,1,43,0.3125,0.4140625,0.44922480620155036,1.0,4.400528907775879,0.8691464066505432
299,60,cvae,1,43,0.296875,0.390625,0.4231818181818182,1.0,3.7707226276397705,0.8500790596008301
300,60,cvae,1,43,0.25,0.359375,0.4375,1.0,2.854609489440918,0.612898051738739
301,60,cvae,1,43,0.390625,0.5,0.4962686567164179,1.0,3.093919277191162,0.7140470743179321
302,60,cvae,1,43,0.3125,0.390625,0.4444444444444444,1.0,4.694262981414795,1.0265506505966187
303,60,cvae,1,43,0.328125,0.390625,0.390625,1.0,4.374189376831055,0.8240797519683838
304,60,cvae,1,43,0.28125,0.3671875,0.4908280922431866,0.9090909090909091,5.681089401245117,1.1855809688568115
305,60,cvae,1,43,0.296875,0.40625,0.44642857142857145,1.0,3.3263869285583496,0.6993605494499207
306,60,cvae,1,43,0.34375,0.34375,0.4716981132075472,1.0,3.359431266784668,0.6636001467704773
307,60,cvae,1,43,0.421875,0.5078125,0.4111713339355616,1.0,7.570661544799805,1.3555583953857422
308,60,cvae,1,43,0.328125,0.4375,0.3684210526315789,1.0,4.150315284729004,0.8747405409812927
309,60,cvae,1,43,0.515625,0.671875,0.5172413793103449,1.0,4.997727870941162,0.9506626129150391
310,60,cvae,1,43,0.375,0.421875,0.47058823529411764,1.0,4.6658830642700195,0.9648045301437378
311,60,cvae,1,43,0.3125,0.4375,0.39837858220211164,1.0,4.949864387512207,0.7699055075645447
312,60,cvae,1,43,0.265625,0.375,0.40384615384615385,1.0,5.129843711853027,1.0605897903442383
313,60,cvae,1,43,0.3046875,0.40625,0.39774281805745554,1.0,5.976262092590332,1.1071652173995972
314,60,cvae,1,43,0.3046875,0.359375,0.41103603603603606,1.0,3.8059334754943848,0.8347814083099365
315,60,cvae,1,43,0.265625,0.40625,0.36,1.0,5.323156833648682,0.8368716835975647
316,60,cvae,1,43,0.296875,0.390625,0.41875,1.0,6.808984756469727,1.2414865493774414
317,60,cvae,1,43,0.28125,0.46875,0.35555555555555557,1.0,4.147807598114014,0.9133184552192688
318,60,cvae,1,43,0.328125,0.375,0.4418604651162791,1.0,6.592504024505615,1.082442045211792
319,60,cvae,1,43,0.3125,0.453125,0.40816326530612246,1.0,4.338916301727295,1.0802336931228638
320,60,cvae,1,43,0.3359375,0.40625,0.44789405123751624,1.0,3.148016929626465,0.65655517578125
321,60,cvae,1,43,0.4453125,0.359375,0.5169354838709678,1.0,5.464751720428467,1.194878339767456
322,60,cvae,1,43,0.2890625,0.296875,0.5175438596491229,1.0,5.474526405334473,1.0436842441558838
323,60,cvae,1,43,0.328125,0.390625,0.4666666666666667,1.0,4.336165428161621,0.8851523399353027
324,60,cvae,1,43,0.328125,0.3828125,0.4673758865248227,1.0,6.991189956665039,1.1356648206710815
325,60,cvae,1,43,0.328125,0.453125,0.4383561643835616,1.0,3.0312342643737793,0.6795008778572083
326,60,cvae,1,43,0.2734375,0.328125,0.3871058558558559,0.9090909090909091,5.8513288497924805,1.0897935628890991
327,60,cvae,1,43,0.3125,0.375,0.38571428571428573,1.0,4.407903671264648,0.9046638607978821
328,60,cvae,1,43,0.203125,0.3046875,0.45141065830721006,1.0,7.5932159423828125,1.2552053928375244
329,60,cvae,1,43,0.28125,0.40625,0.39109848484848486,1.0,5.249549865722656,1.0045549869537354
330,60,cvae,1,43,0.34375,0.40625,0.49056603773584906,1.0,4.917654037475586,0.8691741824150085
331,60,cvae,1,43,0.265625,0.3359375,0.4375,1.0,4.734984397888184,0.7530142068862915
332,60,cvae,1,43,0.3125,0.40625,0.3902439024390244,1.0,4.941519737243652,0.9776960015296936
333,60,cvae,1,43,0.34375,0.40625,0.4736842105263158,1.0,3.3786654472351074,0.6094739437103271
334,60,cvae,1,43,0.3515625,0.4296875,0.46211272863008584,1.0,4.635352611541748,0.9739267230033875
335,60,cvae,1,43,0.3125,0.359375,0.42857142857142855,1.0,5.731764316558838,0.9597556591033936
336,60,cvae,1,43,0.296875,0.453125,0.3808055152394775,1.0,3.635802984237671,0.7749820351600647
337,60,cvae,1,43,0.21875,0.2421875,0.41534391534391535,1.0,5.955844879150391,1.03170907497406
338,60,cvae,1,43,0.28125,0.3125,0.44522144522144524,1.0,5.832633972167969,1.2649747133255005
339,60,cvae,1,43,0.296875,0.375,0.4418604651162791,1.0,6.81735897064209,0.929569661617279
340,60,cvae,1,43,0.328125,0.40625,0.43968023255813954,1.0,4.283153057098389,0.7268487215042114
341,60,cvae,1,43,0.375,0.40625,0.44505494505494503,1.0,5.398066520690918,0.9612151384353638
342,60,cvae,1,43,0.328125,0.390625,0.40384615384615385,1.0,4.640404224395752,0.8509047627449036
343,60,cvae,1,43,0.328125,0.390625,0.4117647058823529,1.0,3.7908642292022705,0.844942569732666
344,60,cvae,1,43,0.3984375,0.484375,0.4647009966777409,1.0,4.041905879974365,0.8918787837028503
345,60,cvae,1,43,0.265625,0.390625,0.35714285714285715,1.0,3.6397178173065186,0.587777316570282
346,60,cvae,1,43,0.28125,0.359375,0.3902439024390244,1.0,6.2533793449401855,1.0900671482086182
347,60,cvae,1,43,0.328125,0.34375,0.4666666666666667,1.0,6.697988510131836,1.0081465244293213
348,60,cvae,1,43,0.34375,0.34375,0.4583333333333333,1.0,5.782817840576172,1.232347846031189
349,60,cvae,1,43,0.265625,0.390625,0.37777777777777777,1.0,4.776303291320801,1.0098398923873901
350,60,cvae,1,43,0.28125,0.34375,0.4583333333333333,1.0,5.648022174835205,1.096160888671875
351,60,cvae,1,43,0.265625,0.34375,0.3695652173913043,1.0,4.693485260009766,0.992976725101471
352,60,cvae,1,43,0.265625,0.3125,0.3695652173913043,1.0,3.888688087463379,0.731845498085022
353,60,cvae,1,43,0.3125,0.3203125,0.42828319882611887,1.0,6.215584754943848,1.2181504964828491
354,60,cvae,1,43,0.296875,0.40625,0.4124040920716112,1.0,5.333290100097656,1.135405421257019
355,60,cvae,1,43,0.34375,0.4375,0.4647887323943662,1.0,4.139369010925293,0.8763265609741211
356,60,cvae,1,43,0.265625,0.359375,0.3404255319148936,1.0,4.263043403625488,0.8459084630012512
357,60,cvae,1,43,0.25,0.265625,0.43474842767295596,1.0,3.826932430267334,0.845672607421875
358,60,cvae,1,43,0.3828125,0.390625,0.5108554059921842,1.0,5.007378578186035,0.9760503768920898
359,60,cvae,1,43,0.3046875,0.4453125,0.39878113407525173,1.0,3.2642855644226074,0.6259432435035706
360,60,cvae,1,43,0.34375,0.40625,0.4085714285714286,1.0,4.736354351043701,0.7814399003982544
361,60,cvae,1,43,0.3125,0.46875,0.43333333333333335,1.0,4.746538162231445,1.1162911653518677
362,60,cvae,1,43,0.265625,0.375,0.3953488372093023,1.0,5.7478437423706055,1.0641411542892456
363,60,cvae,1,43,0.359375,0.4375,0.4470108695652174,1.0,5.185461044311523,0.9956952333450317
364,60,cvae,1,43,0.484375,0.5,0.543859649122807,1.0,3.5117902755737305,0.747931182384491
365,60,cvae,1,43,0.296875,0.3828125,0.4,1.0,3.8589043617248535,0.7330801486968994
366,60,cvae,1,43,0.34375,0.390625,0.48404255319148937,1.0,5.667383670806885,1.056418776512146
367,60,cvae,1,43,0.328125,0.46875,0.42,1.0,6.454771995544434,1.104027509689331
368,60,cvae,1,43,0.3203125,0.4453125,0.4262162162162162,1.0,5.143801689147949,1.1843287944793701
369,60,cvae,1,43,0.28125,0.5078125,0.3810193871169481,1.0,3.6411843299865723,0.7298560738563538
370,60,cvae,1,43,0.328125,0.46875,0.4318181818181818,1.0,5.156167030334473,1.008048176765442
371,60,cvae,1,43,0.21875,0.4453125,0.328125,1.0,3.8840491771698,0.7640023231506348
372,60,cvae,1,43,0.328125,0.34375,0.4318181818181818,1.0,6.515869140625,1.2196475267410278
373,60,cvae,1,43,0.390625,0.4296875,0.44166666666666665,1.0,9.22037124633789,1.461996078491211
374,60,cvae,1,43,0.296875,0.3671875,0.418036750483559,1.0,5.415665626525879,1.0121933221817017
375,60,cvae,1,43,0.3125,0.328125,0.4444444444444444,1.0,5.569640159606934,1.096498966217041
376,60,cvae,1,43,0.3046875,0.4296875,0.44667832167832167,1.0,4.559236526489258,0.8315128087997437
377,60,cvae,1,43,0.3671875,0.359375,0.45340425531914896,1.0,5.718679904937744,1.0130090713500977
378,60,cvae,1,43,0.34375,0.4296875,0.39502164502164505,1.0,5.64739465713501,1.0513962507247925
379,60,cvae,1,43,0.296875,0.453125,0.4318181818181818,1.0,2.685396194458008,0.5489848256111145
380,60,cvae,1,43,0.28125,0.328125,0.3902439024390244,1.0,5.461774826049805,1.0955603122711182
381,60,cvae,1,43,0.3203125,0.375,0.44563882063882065,1.0,4.950841903686523,0.9495876431465149
382,60,cvae,1,43,0.296875,0.4375,0.4186046511627907,1.0,3.5531187057495117,0.7693744897842407
383,60,cvae,1,43,0.3125,0.40625,0.4166666666666667,1.0,7.369664192199707,1.0604220628738403
384,60,cvae,1,43,0.28125,0.34375,0.42080745341614906,1.0,7.297140121459961,1.5017451047897339
385,60,cvae,1,43,0.328125,0.390625,0.4117647058823529,1.0,4.77102518081665,0.7492344975471497
386,60,cvae,1,43,0.40625,0.421875,0.4298245614035088,1.0,3.811185359954834,0.6689833402633667
387,60,cvae,1,43,0.3515625,0.453125,0.4682746631899174,1.0,5.1412353515625,0.9962735772132874
388,60,cvae,1,43,0.234375,0.390625,0.38636363636363635,1.0,4.132207870483398,0.9527345895767212
389,60,cvae,1,43,0.3125,0.40625,0.3715303825956489,1.0,4.934487342834473,0.8670936226844788
390,60,cvae,1,43,0.2890625,0.375,0.3908562367864693,1.0,4.961190700531006,0.9086558818817139
391,60,cvae,1,43,0.3671875,0.375,0.48680063041765165,1.0,8.119993209838867,1.3705565929412842
392,60,cvae,1,43,0.34375,0.6171875,0.412962962962963,1.0,5.503907680511475,1.0023634433746338
393,60,cvae,1,43,0.2578125,0.3125,0.41880616174582797,1.0,5.587789535522461,1.0568242073059082
394,60,cvae,1,43,0.328125,0.4375,0.4117647058823529,1.0,5.081775188446045,0.9934168457984924
395,60,cvae,1,43,0.3046875,0.3984375,0.4417808219178082,1.0,5.32568883895874,1.0141115188598633
396,60,cvae,1,43,0.3046875,0.3359375,0.449000407996736,0.9090909090909091,5.895368576049805,1.2511932849884033
397,60,cvae,1,43,0.328125,0.296875,0.4864864864864865,1.0,4.43328857421875,0.9224537014961243
398,60,cvae,1,43,0.265625,0.328125,0.4444444444444444,1.0,7.12778377532959,1.0439120531082153
399,60,cvae,1,43,0.296875,0.34375,0.40425531914893614,1.0,8.070568084716797,1.320400357246399
400,60,cvae,1,43,0.2421875,0.421875,0.43062943262411346,1.0,3.6018385887145996,0.5955769419670105
401,60,cvae,1,43,0.3046875,0.359375,0.4518047579983593,1.0,9.398355484008789,1.522963523864746
402,60,cvae,1,43,0.328125,0.421875,0.4642857142857143,1.0,6.790205955505371,1.1758720874786377
403,60,cvae,1,43,0.296875,0.4375,0.3888888888888889,1.0,3.981814384460449,0.8364998698234558
404,60,cvae,1,43,0.3046875,0.3359375,0.39663865546218485,1.0,5.587919235229492,1.0324664115905762
405,60,cvae,1,43,0.296875,0.3984375,0.40458833619210977,1.0,3.8550267219543457,0.6980718970298767
406,60,cvae,1,43,0.234375,0.3515625,0.39215686274509803,1.0,5.990932464599609,1.196600317955017
407,60,cvae,1,43,0.296875,0.3671875,0.432712215320911,1.0,5.82914924621582,1.2078666687011719
408,60,cvae,1,43,0.3125,0.4765625,0.38708333333333333,1.0,7.497014045715332,1.140045166015625
409,60,cvae,1,43,0.2890625,0.34375,0.4339305711086226,0.8888888888888888,5.900594711303711,1.1917054653167725
410,60,cvae,1,43,0.2421875,0.296875,0.3804909560723514,1.0,6.000844955444336,0.9842965602874756
411,60,cvae,1,43,0.515625,0.46875,0.4520547945205479,1.0,4.275676727294922,0.7801381349563599
412,60,cvae,1,43,0.3125,0.453125,0.4473684210526316,1.0,6.04482364654541,0.942657470703125
413,60,cvae,1,43,0.296875,0.28125,0.48936170212765956,1.0,4.800386428833008,0.918007493019104
414,60,cvae,1,43,0.296875,0.296875,0.45652173913043476,1.0,6.339973449707031,1.2937185764312744
415,60,cvae,1,43,0.328125,0.3828125,0.4359090909090909,1.0,4.629459857940674,0.9972695708274841
416,60,cvae,1,43,0.34375,0.4921875,0.4186117936117936,1.0,6.453577041625977,1.2829359769821167
417,60,cvae,1,43,0.390625,0.5,0.375,1.0,5.86539363861084,0.9969446659088135
418,60,cvae,1,43,0.390625,0.375,0.46296296296296297,1.0,5.055675983428955,0.9074888825416565
419,60,cvae,1,43,0.296875,0.4140625,0.3888888888888889,1.0,2.7652409076690674,0.6436070799827576
420,60,cvae,1,43,0.3125,0.4375,0.3870967741935484,1.0,4.537398338317871,0.9929211139678955
421,60,cvae,1,43,0.328125,0.421875,0.40350877192982454,1.0,5.694838523864746,1.0122746229171753
422,60,cvae,1,43,0.296875,0.375,0.4318181818181818,1.0,4.471279144287109,0.9506953358650208
423,60,cvae,1,43,0.3125,0.390625,0.45098039215686275,1.0,5.98049259185791,1.1349241733551025
424,60,cvae,1,43,0.359375,0.375,0.5,1.0,6.09716796875,1.1404719352722168
425,60,cvae,1,43,0.40625,0.515625,0.45436507936507936,1.0,7.128805160522461,1.3437474966049194
426,60,cvae,1,43,0.3125,0.421875,0.38636363636363635,1.0,3.7820777893066406,0.7857028841972351
427,60,cvae,1,43,0.265625,0.453125,0.3617021276595745,1.0,3.8244316577911377,0.7570369839668274
428,60,cvae,1,43,0.296875,0.375,0.4318181818181818,1.0,4.395963668823242,0.6812723278999329
429,60,cvae,1,43,0.296875,0.390625,0.4418604651162791,1.0,4.789466857910156,0.862457275390625
430,60,cvae,1,43,0.2734375,0.3515625,0.3539408866995074,1.0,6.127524375915527,1.1419966220855713
431,60,cvae,1,43,0.28125,0.4375,0.40540540540540543,1.0,2.9830760955810547,0.6540858149528503
432,60,cvae,1,43,0.296875,0.40625,0.4358974358974359,1.0,4.457497596740723,0.9021769165992737
433,60,cvae,1,43,0.2734375,0.328125,0.4112394957983193,1.0,6.9917449951171875,1.3982166051864624
434,60,cvae,1,43,0.359375,0.46875,0.375,1.0,3.048919439315796,0.6021806001663208
435,60,cvae,1,43,0.328125,0.46875,0.43588850174216026,1.0,4.431313514709473,0.8166070580482483
436,60,cvae,1,43,0.3046875,0.4375,0.37949346405228757,1.0,4.27325439453125,0.746150016784668
437,60,cvae,1,43,0.25,0.3125,0.39215686274509803,1.0,4.833608627319336,0.9701583981513977
438,60,cvae,1,43,0.3125,0.4375,0.40055321390937826,1.0,6.739169120788574,1.1294103860855103
439,60,cvae,1,43,0.3125,0.421875,0.4523809523809524,1.0,7.8397369384765625,1.4087858200073242
440,60,cvae,1,43,0.4296875,0.4609375,0.46263736263736266,1.0,5.276841163635254,1.0604348182678223
441,60,cvae,1,43,0.3125,0.4375,0.4166666666666667,1.0,4.646211624145508,0.8484572172164917
442,60,cvae,1,43,0.28125,0.484375,0.3953488372093023,1.0,5.717648506164551,0.9972506165504456
443,60,cvae,1,43,0.328125,0.34375,0.4732142857142857,1.0,7.112888336181641,1.0155773162841797
444,60,cvae,1,43,0.3359375,0.3046875,0.4493882091212458,1.0,3.694639205932617,0.839982807636261
445,60,cvae,1,43,0.265625,0.453125,0.3695652173913043,1.0,1.628407597541809,0.33982905745506287
446,60,cvae,1,43,0.296875,0.375,0.3877551020408163,1.0,5.472543716430664,1.061503291130066
447,60,cvae,1,43,0.28125,0.40625,0.4117647058823529,1.0,5.023068428039551,0.8329036235809326
448,60,cvae,1,43,0.28125,0.328125,0.3684210526315789,1.0,5.405856132507324,1.069758653640747
449,60,cvae,1,43,0.28125,0.4375,0.4090909090909091,1.0,5.274652481079102,0.970146656036377
450,60,cvae,1,43,0.3828125,0.5390625,0.4236013986013986,1.0,4.095612525939941,0.8799879550933838
451,60,cvae,1,43,0.28125,0.359375,0.45227272727272727,1.0,9.231281280517578,1.339606523513794
452,60,cvae,1,43,0.28125,0.4296875,0.39120038259206125,1.0,4.346615791320801,0.9567020535469055
453,60,cvae,1,43,0.375,0.4609375,0.5174418604651163,1.0,5.4584879875183105,0.9270771741867065
454,60,cvae,1,43,0.3046875,0.3359375,0.47010383100608666,1.0,6.710456848144531,1.0944210290908813
455,60,cvae,1,43,0.234375,0.375,0.39285714285714285,1.0,5.322508811950684,0.9909921288490295
456,60,cvae,1,43,0.390625,0.40625,0.4523809523809524,1.0,5.630545616149902,1.2472624778747559
457,60,cvae,1,43,0.359375,0.4375,0.4473684210526316,1.0,3.8775696754455566,0.694359540939331
458,60,cvae,1,43,0.296875,0.359375,0.4318181818181818,1.0,4.236304759979248,0.8834347724914551
459,60,cvae,1,43,0.25,0.390625,0.36363636363636365,1.0,3.1749191284179688,0.6860876679420471
460,60,cvae,1,43,0.3203125,0.3515625,0.5041478129713424,1.0,6.202297210693359,0.9782297611236572
461,60,cvae,1,43,0.359375,0.515625,0.40109555690809495,1.0,5.933723449707031,1.2954518795013428
462,60,cvae,1,43,0.328125,0.390625,0.4,1.0,6.469788551330566,1.0344487428665161
463,60,cvae,1,43,0.328125,0.328125,0.5,1.0,4.9170451164245605,1.0357789993286133
464,60,cvae,1,43,0.34375,0.453125,0.44,1.0,5.3405609130859375,1.0427265167236328
465,60,cvae,1,43,0.28125,0.4375,0.4186046511627907,1.0,5.488942623138428,1.2924355268478394
466,60,cvae,1,43,0.328125,0.515625,0.45901639344262296,1.0,5.198412895202637,0.925281822681427
467,60,cvae,1,43,0.3046875,0.3828125,0.4394230769230769,1.0,4.645323753356934,1.0257384777069092
468,60,cvae,1,43,0.3125,0.375,0.38571428571428573,1.0,3.4003682136535645,0.6408309936523438
469,60,cvae,1,43,0.265625,0.390625,0.35555555555555557,1.0,5.243226051330566,0.8919591307640076
470,60,cvae,1,43,0.296875,0.359375,0.38333333333333336,1.0,4.708419322967529,0.9882992506027222
471,60,cvae,1,43,0.265625,0.421875,0.38333333333333336,1.0,3.881577491760254,0.6975287199020386
472,60,cvae,1,43,0.296875,0.328125,0.42543859649122806,1.0,6.938209056854248,1.2093935012817383
473,60,cvae,1,43,0.328125,0.34375,0.48958333333333337,1.0,3.9092795848846436,0.7295325398445129
474,60,cvae,1,43,0.25,0.359375,0.3695652173913043,1.0,3.8771634101867676,0.6306373476982117
475,60,cvae,1,43,0.359375,0.421875,0.4444444444444444,1.0,4.70054817199707,1.007236361503601
476,60,cvae,1,43,0.359375,0.40625,0.4418604651162791,1.0,4.291322708129883,0.8782711029052734
477,60,cvae,1,43,0.234375,0.421875,0.3409090909090909,1.0,4.936942100524902,0.973507285118103
478,60,cvae,1,43,0.28125,0.4375,0.38084349593495936,1.0,3.262476921081543,0.7297663688659668
479,60,cvae,1,43,0.328125,0.4375,0.4,1.0,3.8075175285339355,0.7458996176719666
480,60,cvae,1,43,0.3515625,0.4375,0.4542002847650688,1.0,6.08027982711792,1.0676937103271484
481,60,cvae,1,43,0.328125,0.3671875,0.46304675716440424,1.0,8.573570251464844,1.3488956689834595
482,60,cvae,1,43,0.3125,0.453125,0.4230769230769231,1.0,5.145978927612305,0.8592759370803833
483,60,cvae,1,43,0.2734375,0.375,0.37082912032355914,1.0,4.707592010498047,0.9675881862640381
484,60,cvae,1,43,0.296875,0.375,0.3652777777777778,1.0,5.796110153198242,1.1314274072647095
485,60,cvae,1,43,0.328125,0.34375,0.4772727272727273,1.0,7.68818473815918,1.2471609115600586
486,60,cvae,1,43,0.3125,0.3984375,0.38509316770186336,1.0,5.722171306610107,1.0320249795913696
487,60,cvae,1,43,0.359375,0.4375,0.44948979591836735,1.0,3.5389461517333984,0.6432585716247559
488,60,cvae,1,43,0.375,0.4453125,0.4342105263157895,1.0,4.192080974578857,0.8992498517036438
489,60,cvae,1,43,0.359375,0.453125,0.46938775510204084,1.0,3.4650750160217285,0.7547950148582458
490,60,cvae,1,43,0.359375,0.40625,0.42105263157894735,1.0,5.3345441818237305,1.2123478651046753
491,60,cvae,1,43,0.3125,0.375,0.4420454545454545,1.0,4.847314834594727,1.0720552206039429
492,60,cvae,1,43,0.296875,0.390625,0.4318181818181818,1.0,6.049762725830078,1.1968052387237549
493,60,cvae,1,43,0.28125,0.390625,0.3442622950819672,1.0,5.7414469718933105,1.1755528450012207
494,60,cvae,1,43,0.28125,0.40625,0.40816326530612246,1.0,5.08036994934082,1.1396616697311401
495,60,cvae,1,43,0.328125,0.390625,0.45652173913043476,1.0,5.233233451843262,1.1510869264602661
496,60,cvae,1,43,0.296875,0.3359375,0.4652777777777778,1.0,5.6046295166015625,1.1468682289123535
497,60,cvae,1,43,0.265625,0.34375,0.39619252873563215,1.0,3.254946231842041,0.7002098560333252
498,60,cvae,1,43,0.34375,0.4375,0.474120082815735,1.0,6.786566734313965,1.3102498054504395
499,60,cvae,1,43,0.3359375,0.3125,0.45341614906832295,1.0,3.7822866439819336,0.7802261710166931
500,60,cvae,1,43,0.328125,0.3828125,0.38644125683060104,1.0,4.186799049377441,0.8610559701919556
501,60,cvae,1,43,0.265625,0.40625,0.4,1.0,3.97927188873291,0.7546864748001099
502,60,cvae,1,43,0.265625,0.40625,0.38636363636363635,1.0,3.7525711059570312,0.7306023240089417
503,60,cvae,1,43,0.328125,0.359375,0.43859649122807015,1.0,5.3236236572265625,1.0926076173782349
504,60,cvae,1,43,0.265625,0.375,0.3695652173913043,1.0,3.9416346549987793,0.9850255250930786
505,60,cvae,1,43,0.296875,0.4375,0.4146341463414634,1.0,4.656223297119141,0.9058577418327332
506,60,cvae,1,43,0.3125,0.390625,0.4424342105263158,1.0,3.2042222023010254,0.695345401763916
507,60,cvae,1,43,0.328125,0.390625,0.44680851063829785,1.0,5.121140480041504,0.9992931485176086
508,60,cvae,1,43,0.25,0.375,0.38461538461538464,1.0,4.047518253326416,0.8455119132995605
509,60,cvae,1,43,0.328125,0.359375,0.4625,1.0,6.57192850112915,1.2293102741241455
510,60,cvae,1,43,0.3515625,0.3671875,0.4365942028985507,1.0,5.866716384887695,1.0351083278656006
511,60,cvae,1,43,0.28125,0.421875,0.4148550724637681,1.0,5.432302474975586,1.1029658317565918
512,60,cvae,1,43,0.296875,0.375,0.40476190476190477,1.0,3.7284553050994873,0.7573795318603516
513,60,cvae,1,43,0.34375,0.4140625,0.37945632798573975,1.0,4.208361625671387,0.9089714884757996
514,60,cvae,1,43,0.265625,0.375,0.4096467391304348,1.0,3.713621139526367,0.7937925457954407
515,60,cvae,1,43,0.3203125,0.4453125,0.4396825396825397,1.0,5.277837753295898,1.1441062688827515
516,60,cvae,1,43,0.34375,0.4140625,0.4336180124223602,1.0,5.234526634216309,1.2349145412445068
517,60,cvae,1,43,0.28125,0.3828125,0.390531561461794,1.0,2.257664203643799,0.5500112771987915
518,60,cvae,1,43,0.328125,0.46875,0.42857142857142855,1.0,6.412542819976807,1.0402016639709473
519,60,cvae,1,43,0.375,0.359375,0.5121951219512195,1.0,8.605890274047852,1.523823618888855
520,60,cvae,1,43,0.3125,0.390625,0.39215686274509803,1.0,5.506163597106934,1.0614397525787354
521,60,cvae,1,43,0.28125,0.375,0.40350877192982454,1.0,4.3175435066223145,0.9568939805030823
522,60,cvae,1,43,0.25,0.34375,0.42162298387096775,1.0,8.542764663696289,1.3174474239349365
523,60,cvae,1,43,0.234375,0.359375,0.34,1.0,3.3529510498046875,0.6323927640914917
524,60,cvae,1,43,0.328125,0.390625,0.44,1.0,8.190391540527344,1.2909544706344604
525,60,cvae,1,43,0.265625,0.3515625,0.38095238095238093,1.0,2.8920156955718994,0.6020230054855347
526,60,cvae,1,43,0.28125,0.328125,0.40425531914893614,1.0,4.337089538574219,0.8570302724838257
527,60,cvae,1,43,0.328125,0.40625,0.4365750528541226,1.0,3.911661148071289,0.6957467198371887
528,60,cvae,1,43,0.34375,0.4296875,0.41359616801768606,1.0,5.297978401184082,0.9074419736862183
529,60,cvae,1,43,0.296875,0.4375,0.42080745341614906,1.0,6.340414047241211,1.1123242378234863
530,60,cvae,1,43,0.4609375,0.4765625,0.5393145161290323,1.0,2.8303189277648926,0.5707248449325562
531,60,cvae,1,43,0.375,0.4296875,0.49468085106382975,1.0,4.237053871154785,0.9106210470199585
532,60,cvae,1,43,0.3984375,0.515625,0.42286348501664817,1.0,4.675868988037109,1.04832124710083
533,60,cvae,1,43,0.3125,0.40625,0.43103448275862066,1.0,4.186065673828125,0.7941058278083801
534,60,cvae,1,43,0.25,0.40625,0.45098039215686275,1.0,6.053936958312988,1.037327527999878
535,60,cvae,1,43,0.3046875,0.3984375,0.39230769230769236,1.0,4.4003496170043945,0.7925369739532471
536,60,cvae,1,43,0.3359375,0.4375,0.42826086956521736,1.0,3.5586628913879395,0.7643375992774963
537,60,cvae,1,43,0.3515625,0.4296875,0.46233230134158926,1.0,3.0297117233276367,0.5702065229415894
538,60,cvae,1,43,0.296875,0.484375,0.37209302325581395,1.0,4.637290954589844,0.9562743902206421
539,60,cvae,1,43,0.28125,0.375,0.4444444444444444,1.0,5.395030975341797,1.095979928970337
540,60,cvae,1,43,0.359375,0.484375,0.4642857142857143,1.0,4.3643388748168945,0.9322095513343811
541,60,cvae,1,43,0.390625,0.421875,0.43859649122807015,1.0,5.060685157775879,1.1530659198760986
542,60,cvae,1,43,0.2734375,0.4609375,0.35450387051372273,1.0,4.37545108795166,1.0199867486953735
543,60,cvae,1,43,0.296875,0.359375,0.4146341463414634,1.0,5.264094352722168,1.096668004989624
544,60,cvae,1,43,0.328125,0.359375,0.425,1.0,4.8448076248168945,0.7684537172317505
545,60,cvae,1,43,0.4140625,0.4453125,0.4545272435897436,1.0,5.303927421569824,1.0365084409713745
546,60,cvae,1,43,0.40625,0.5,0.41935483870967744,1.0,4.600050926208496,0.723875880241394
547,60,cvae,1,43,0.296875,0.4375,0.3902439024390244,1.0,5.181299209594727,0.8671890497207642
548,60,cvae,1,43,0.40625,0.4375,0.43636363636363634,1.0,4.63702917098999,0.8498566746711731
549,60,cvae,1,43,0.3046875,0.390625,0.4577651515151515,1.0,5.66649055480957,1.155176043510437
550,60,cvae,1,43,0.328125,0.453125,0.3797008547008547,1.0,3.100719451904297,0.597384512424469
551,60,cvae,1,43,0.296875,0.484375,0.399582560296846,1.0,3.2224607467651367,0.6384409666061401
552,60,cvae,1,43,0.3203125,0.453125,0.4188453159041394,1.0,5.269068717956543,1.055150032043457
553,60,cvae,1,43,0.3125,0.359375,0.41798941798941797,1.0,6.7557477951049805,1.1381877660751343
554,60,cvae,1,43,0.34375,0.3125,0.5087719298245614,1.0,6.209567546844482,1.1149320602416992
555,60,cvae,1,43,0.3359375,0.40625,0.4150313971742543,1.0,2.591187000274658,0.5975075364112854
556,60,cvae,1,43,0.28125,0.375,0.40384615384615385,1.0,6.6433210372924805,1.188342571258545
557,60,cvae,1,43,0.4140625,0.4453125,0.4626485568760611,1.0,4.8079915046691895,1.0920426845550537
558,60,cvae,1,43,0.3125,0.34375,0.40476190476190477,1.0,2.560451030731201,0.5146151781082153
559,60,cvae,1,43,0.2734375,0.3984375,0.36038961038961037,1.0,5.92552375793457,1.108637809753418
560,60,cvae,1,43,0.3125,0.390625,0.44345238095238093,1.0,5.667846202850342,1.0643336772918701
561,60,cvae,1,43,0.359375,0.453125,0.4650735294117647,1.0,2.7520627975463867,0.6343988180160522
562,60,cvae,1,43,0.265625,0.421875,0.39714714714714716,1.0,4.130677223205566,0.6731777191162109
563,60,cvae,1,43,0.3984375,0.359375,0.496045197740113,1.0,5.265104293823242,0.9504024386405945
564,60,cvae,1,43,0.3125,0.421875,0.4090909090909091,1.0,5.607786178588867,1.03324294090271
565,60,cvae,1,43,0.3125,0.34375,0.4252717391304348,1.0,5.277750015258789,0.9968697428703308
566,60,cvae,1,43,0.3359375,0.4140625,0.3871753246753247,1.0,3.4540624618530273,0.6486722230911255
567,60,cvae,1,43,0.3125,0.40625,0.41025641025641024,1.0,8.467826843261719,1.3376126289367676
568,60,cvae,1,43,0.28125,0.375,0.42857142857142855,1.0,4.3333282470703125,0.8936590552330017
569,60,cvae,1,43,0.2890625,0.359375,0.3762719703977798,1.0,5.332484245300293,0.9538355469703674
570,60,cvae,1,43,0.359375,0.4921875,0.47,1.0,4.262485504150391,0.9911138415336609
571,60,cvae,1,43,0.3203125,0.421875,0.4111111111111111,1.0,3.589010715484619,0.7641571164131165
572,60,cvae,1,43,0.28125,0.421875,0.38,1.0,4.063772678375244,0.8692185282707214
573,60,cvae,1,43,0.296875,0.4765625,0.45670731707317075,1.0,5.2994890213012695,0.9995601773262024
574,60,cvae,1,43,0.296875,0.34375,0.40476190476190477,1.0,3.8735690116882324,0.8046560883522034
575,60,cvae,1,43,0.328125,0.3046875,0.45009328358208955,1.0,5.125144958496094,1.0645771026611328
576,60,cvae,1,43,0.390625,0.5625,0.5102040816326531,1.0,7.360786437988281,1.1082969903945923
577,60,cvae,1,43,0.2890625,0.4609375,0.3627976190476191,1.0,4.058389186859131,0.8042384386062622
578,60,cvae,1,43,0.359375,0.40625,0.46938775510204084,1.0,2.6149706840515137,0.5941190719604492
579,60,cvae,1,43,0.296875,0.375,0.40029761904761907,1.0,4.955377101898193,0.8483250141143799
580,60,cvae,1,43,0.3203125,0.3671875,0.42222541690626797,1.0,4.917385101318359,1.019221544265747
581,60,cvae,1,43,0.25,0.2890625,0.45208333333333334,1.0,7.505875587463379,1.4098243713378906
582,60,cvae,1,43,0.328125,0.359375,0.45454545454545453,1.0,5.154387474060059,1.0290770530700684
583,60,cvae,1,43,0.234375,0.375,0.35714285714285715,1.0,3.106767177581787,0.5778311491012573
584,60,cvae,1,43,0.2578125,0.4140625,0.38262322472848787,1.0,4.805871963500977,0.9708943367004395
585,60,cvae,1,43,0.2734375,0.375,0.3921188630490956,1.0,3.557459592819214,0.7962789535522461
586,60,cvae,1,43,0.4140625,0.4453125,0.45338345864661656,1.0,2.723416328430176,0.6042938232421875
587,60,cvae,1,43,0.34375,0.4765625,0.4682971014492754,1.0,3.9347801208496094,0.8281684517860413
588,60,cvae,1,43,0.2890625,0.328125,0.4829545454545454,1.0,5.422348976135254,1.0005489587783813
589,60,cvae,1,43,0.234375,0.34375,0.3333333333333333,1.0,4.998327255249023,1.0068649053573608
590,60,cvae,1,43,0.3515625,0.3828125,0.46064814814814814,1.0,5.254580497741699,0.9962658286094666
591,60,cvae,1,43,0.265625,0.359375,0.40476190476190477,1.0,4.622424602508545,0.9982803463935852
592,60,cvae,1,43,0.234375,0.34375,0.3633540372670807,1.0,3.3040523529052734,0.5533763766288757
593,60,cvae,1,43,0.28125,0.328125,0.46511627906976744,1.0,5.286978244781494,0.8774060010910034
594,60,cvae,1,43,0.2890625,0.3359375,0.463209219858156,1.0,6.651515007019043,1.144592046737671
595,60,cvae,1,43,0.2734375,0.390625,0.378544061302682,1.0,5.108583450317383,1.0015869140625
596,60,cvae,1,43,0.3515625,0.390625,0.4876893939393939,1.0,4.923493385314941,0.9305534958839417
597,60,cvae,1,43,0.34375,0.4921875,0.4593406593406594,1.0,4.669165134429932,1.0068731307983398
598,60,cvae,1,43,0.46875,0.484375,0.5466666666666666,1.0,5.241006851196289,1.3048732280731201
599,60,cvae,1,43,0.3828125,0.5,0.5159716060337178,1.0,4.963716983795166,0.8269340991973877
600,60,cvae,1,43,0.265625,0.328125,0.42105263157894735,1.0,5.135463714599609,1.0196576118469238
601,60,cvae,1,43,0.3125,0.4609375,0.4252717391304348,1.0,6.664095401763916,1.1547858715057373
602,60,cvae,1,43,0.28125,0.328125,0.42592592592592593,1.0,6.154738903045654,1.1312474012374878
603,60,cvae,1,43,0.328125,0.3515625,0.4633333333333334,1.0,5.860797882080078,1.0932565927505493
604,60,cvae,1,43,0.296875,0.3125,0.4375,1.0,4.174750804901123,0.843907356262207
605,60,cvae,1,43,0.328125,0.375,0.4883720930232558,1.0,4.421931266784668,0.8035093545913696
606,60,cvae,1,43,0.328125,0.375,0.44680851063829785,1.0,5.89157772064209,0.9934459924697876
607,60,cvae,1,43,0.359375,0.421875,0.4226190476190476,1.0,4.319708347320557,0.7583537697792053
608,60,cvae,1,43,0.265625,0.4375,0.3409090909090909,1.0,2.7598114013671875,0.5700893998146057
609,60,cvae,1,43,0.34375,0.359375,0.4528301886792453,1.0,4.071661949157715,0.7851728796958923
610,60,cvae,1,43,0.296875,0.359375,0.41025641025641024,1.0,5.021503448486328,1.0316070318222046
611,60,cvae,1,43,0.28125,0.453125,0.391304347826087,1.0,5.522468090057373,0.9806677103042603
612,60,cvae,1,43,0.34375,0.375,0.4444444444444444,1.0,4.965370178222656,0.9147155284881592
613,60,cvae,1,43,0.28125,0.328125,0.453125,1.0,6.954075813293457,1.4084469079971313
614,60,cvae,1,43,0.34375,0.5078125,0.4270687237026648,1.0,3.7281291484832764,0.8687713742256165
615,60,cvae,1,43,0.265625,0.40625,0.3953488372093023,1.0,4.8795061111450195,0.8294605016708374
616,60,cvae,1,43,0.390625,0.53125,0.4479166666666667,1.0,3.888946056365967,0.822888195514679
617,60,cvae,1,43,0.25,0.328125,0.41025641025641024,1.0,4.923134803771973,0.7880390286445618
618,60,cvae,1,43,0.234375,0.28125,0.35714285714285715,1.0,4.530000686645508,0.8990493416786194
619,60,cvae,1,43,0.5,0.4375,0.6329113924050633,1.0,4.210029125213623,0.8064039945602417
620,60,cvae,1,43,0.328125,0.453125,0.5576923076923077,1.0,6.445099830627441,1.2283060550689697
621,60,cvae,1,43,0.296875,0.296875,0.42857142857142855,1.0,5.668922424316406,1.167217493057251
622,60,cvae,1,43,0.3203125,0.4765625,0.4788838612368024,1.0,6.4210615158081055,1.1063519716262817
623,60,cvae,1,43,0.328125,0.359375,0.4444444444444444,1.0,4.3294148445129395,0.8427914977073669
624,60,cvae,1,43,0.3125,0.375,0.4666666666666667,1.0,5.462539196014404,1.0883543491363525
625,60,cvae,1,43,0.265625,0.4609375,0.3507025761124122,1.0,3.742219924926758,0.8354892730712891
626,60,cvae,1,43,0.453125,0.4375,0.5555555555555556,1.0,5.025068283081055,1.0016313791275024
627,60,cvae,1,43,0.3203125,0.375,0.47619047619047616,1.0,5.658036231994629,1.0150808095932007
628,60,cvae,1,43,0.265625,0.390625,0.40540540540540543,1.0,6.217047691345215,1.2462822198867798
629,60,cvae,1,43,0.296875,0.3984375,0.4370748299319728,1.0,4.6416473388671875,0.7927777171134949
630,60,cvae,1,43,0.296875,0.421875,0.43137254901960786,0.9,7.088747501373291,1.1376519203186035
631,60,cvae,1,43,0.2890625,0.4375,0.3770833333333333,1.0,3.3522162437438965,0.791161060333252
632,60,cvae,1,43,0.265625,0.359375,0.3695652173913043,1.0,4.1509294509887695,0.8886669874191284
633,60,cvae,1,43,0.2734375,0.34375,0.44447708578143363,1.0,5.385936737060547,0.9318866729736328
634,60,cvae,1,43,0.375,0.390625,0.48214285714285715,1.0,3.874176263809204,0.7656607031822205
635,60,cvae,1,43,0.28125,0.296875,0.4075091575091575,1.0,7.32335090637207,1.3043947219848633
636,60,cvae,1,43,0.28125,0.3359375,0.4472222222222222,1.0,7.146709442138672,1.1331615447998047
637,60,cvae,1,43,0.3046875,0.4296875,0.4139194139194139,1.0,5.187986373901367,0.9926194548606873
638,60,cvae,1,43,0.390625,0.421875,0.43548387096774194,1.0,4.692994117736816,0.7801640033721924
639,60,cvae,1,43,0.359375,0.46875,0.45,1.0,7.221342086791992,1.3365262746810913
640,60,cvae,1,43,0.484375,0.5625,0.4714285714285714,1.0,2.845740795135498,0.5696796178817749
641,60,cvae,1,43,0.34375,0.390625,0.4888888888888889,1.0,5.142950057983398,0.9477362632751465
642,60,cvae,1,43,0.2890625,0.4453125,0.38315828957239306,1.0,4.939761161804199,1.0816409587860107
643,60,cvae,1,43,0.25,0.4375,0.3902439024390244,1.0,2.958974838256836,0.6262593269348145
644,60,cvae,1,43,0.296875,0.359375,0.4146341463414634,1.0,3.3637773990631104,0.7381996512413025
645,60,cvae,1,43,0.265625,0.34375,0.3953488372093023,1.0,5.051511764526367,1.1307941675186157
646,60,cvae,1,43,0.296875,0.40625,0.4318181818181818,1.0,5.4809393882751465,1.0972601175308228
647,60,cvae,1,43,0.359375,0.4765625,0.4547803617571059,1.0,5.130630970001221,1.166660189628601
648,60,cvae,1,43,0.28125,0.4375,0.38461538461538464,1.0,3.3032212257385254,0.7540504932403564
649,60,cvae,1,43,0.296875,0.40625,0.4098360655737705,1.0,7.253668785095215,1.1689555644989014
650,60,cvae,1,43,0.375,0.453125,0.44680851063829785,1.0,6.640143871307373,1.4755277633666992
651,60,cvae,1,43,0.3203125,0.390625,0.4395933014354067,1.0,5.180459022521973,0.9132620096206665
652,60,cvae,1,43,0.328125,0.4375,0.42,1.0,4.292489051818848,1.086055040359497
653,60,cvae,1,43,0.34375,0.3671875,0.4733302411873841,1.0,5.995336532592773,1.1293895244598389
654,60,cvae,1,43,0.3125,0.453125,0.3877551020408163,1.0,3.8527541160583496,0.7348376512527466
655,60,cvae,1,43,0.328125,0.515625,0.42592592592592593,1.0,3.1036217212677,0.5922667980194092
656,60,cvae,1,43,0.296875,0.421875,0.46511627906976744,1.0,7.450282573699951,1.333509087562561
657,60,cvae,1,43,0.2734375,0.4375,0.3729946524064171,1.0,4.2443647384643555,0.8575300574302673
658,60,cvae,1,43,0.328125,0.390625,0.4666666666666667,1.0,6.12911319732666,1.0573734045028687
659,60,cvae,1,43,0.40625,0.40625,0.4583333333333333,1.0,6.24506950378418,1.1990275382995605
660,60,cvae,1,43,0.296875,0.359375,0.4166666666666667,1.0,2.4919815063476562,0.5554821491241455
661,60,cvae,1,43,0.40625,0.546875,0.5142857142857142,1.0,4.02113151550293,0.8895902037620544
662,60,cvae,1,43,0.359375,0.46875,0.4423076923076923,1.0,5.514693737030029,1.2729251384735107
663,60,cvae,1,43,0.265625,0.40625,0.4,1.0,4.728765964508057,0.9278390407562256
664,60,cvae,1,43,0.296875,0.28125,0.4883720930232558,1.0,2.806380033493042,0.6540465354919434
665,60,cvae,1,43,0.3359375,0.40625,0.4454614797864226,1.0,5.110385894775391,1.2345497608184814
666,60,cvae,1,43,0.2578125,0.390625,0.3625603864734299,1.0,5.6230645179748535,0.9695907235145569
667,60,cvae,1,43,0.375,0.359375,0.46551724137931033,1.0,7.93815803527832,1.1345734596252441
668,60,cvae,1,43,0.3515625,0.5234375,0.4417865506858481,1.0,6.2830376625061035,1.1594703197479248
669,60,cvae,1,43,0.3125,0.296875,0.46153846153846156,1.0,4.7060723304748535,0.9778459668159485
670,60,cvae,1,43,0.296875,0.46875,0.35185185185185186,1.0,5.231310844421387,1.0088410377502441
671,60,cvae,1,43,0.296875,0.359375,0.42857142857142855,1.0,4.788008689880371,0.9470436573028564
672,60,cvae,1,43,0.296875,0.3125,0.3953488372093023,1.0,4.9422607421875,0.8550207614898682
673,60,cvae,1,43,0.234375,0.359375,0.37412587412587417,1.0,4.284018516540527,0.8171457648277283
674,60,cvae,1,43,0.3046875,0.40625,0.39418158567774936,1.0,4.821629047393799,0.8782662153244019
675,60,cvae,1,43,0.296875,0.421875,0.3958333333333333,1.0,8.260226249694824,1.3028150796890259
676,60,cvae,1,43,0.3984375,0.46875,0.5090595340811044,1.0,4.3960442543029785,0.9444000720977783
677,60,cvae,1,43,0.359375,0.578125,0.32967032967032966,1.0,5.595982074737549,1.0726873874664307
678,60,cvae,1,43,0.390625,0.453125,0.48214285714285715,1.0,6.061776638031006,1.179520606994629
679,60,cvae,1,43,0.375,0.3828125,0.4562686567164179,1.0,6.364472389221191,1.1058844327926636
680,60,cvae,1,43,0.28125,0.3828125,0.4623015873015873,1.0,5.665288925170898,1.0232946872711182
681,60,cvae,1,43,0.328125,0.390625,0.42857142857142855,1.0,4.848745346069336,0.8884056210517883
682,60,cvae,1,43,0.3125,0.5,0.36458333333333337,1.0,5.598793029785156,1.0254899263381958
683,60,cvae,1,43,0.265625,0.359375,0.42,1.0,3.0763721466064453,0.5721471905708313
684,60,cvae,1,43,0.328125,0.421875,0.46808510638297873,1.0,4.957261085510254,0.8540269136428833
685,60,cvae,1,43,0.34375,0.390625,0.46987951807228917,1.0,4.178693771362305,0.831703782081604
686,60,cvae,1,43,0.34375,0.40625,0.48099239695878354,1.0,5.989304065704346,1.2047126293182373
687,60,cvae,1,43,0.375,0.359375,0.5,1.0,8.555566787719727,1.4480057954788208
688,60,cvae,1,43,0.359375,0.328125,0.5087719298245614,1.0,5.740318775177002,0.9835957288742065
689,60,cvae,1,43,0.3046875,0.265625,0.41060337178349604,1.0,5.627985000610352,0.8570764660835266
690,60,cvae,1,43,0.3828125,0.4609375,0.4949780288763339,1.0,5.438636779785156,0.8814205527305603
691,60,cvae,1,43,0.2890625,0.3671875,0.40644654088050314,1.0,5.764490127563477,1.1417298316955566
692,60,cvae,1,43,0.34375,0.421875,0.3994960806270996,1.0,3.584327459335327,0.7761324048042297
693,60,cvae,1,43,0.296875,0.375,0.391304347826087,1.0,6.204524040222168,1.3026875257492065
694,60,cvae,1,43,0.3125,0.421875,0.44680851063829785,1.0,6.112797260284424,1.2258821725845337
695,60,cvae,1,43,0.2578125,0.359375,0.4267676767676768,1.0,5.695459842681885,1.2078044414520264
696,60,cvae,1,43,0.34375,0.25,0.4791666666666667,1.0,6.542339324951172,1.108000636100769
697,60,cvae,1,43,0.390625,0.421875,0.48148148148148145,1.0,3.177600860595703,0.5198882222175598
698,60,cvae,1,43,0.265625,0.359375,0.39215686274509803,1.0,5.737607955932617,1.1422513723373413
699,60,cvae,1,43,0.296875,0.3125,0.47856477166822,1.0,7.331448554992676,1.0728570222854614
700,60,cvae,1,43,0.296875,0.375,0.4666666666666667,1.0,5.50473165512085,1.108278751373291
701,60,cvae,1,43,0.34375,0.3125,0.45555555555555555,1.0,5.312056541442871,1.1036401987075806
702,60,cvae,1,43,0.3046875,0.375,0.5218487394957982,1.0,3.911890983581543,0.8851878643035889
703,60,cvae,1,43,0.265625,0.375,0.375,1.0,3.4508585929870605,0.6403954029083252
704,60,cvae,1,43,0.328125,0.4375,0.46,1.0,5.123135089874268,0.9545990228652954
705,60,cvae,1,43,0.421875,0.46875,0.48423645320197045,1.0,5.332442283630371,1.0962762832641602
706,60,cvae,1,43,0.25,0.328125,0.38461538461538464,1.0,5.417523384094238,1.036173701286316
707,60,cvae,1,43,0.34375,0.328125,0.4339622641509434,1.0,3.8913941383361816,0.7254119515419006
708,60,cvae,1,43,0.328125,0.3828125,0.44038538739462063,1.0,5.51390266418457,0.8743517398834229
709,60,cvae,1,43,0.28125,0.34375,0.4666666666666667,1.0,6.562554836273193,1.0307258367538452
710,60,cvae,1,43,0.296875,0.328125,0.42,1.0,3.445690155029297,0.7714480757713318
711,60,cvae,1,43,0.265625,0.453125,0.39473684210526316,1.0,5.127658843994141,0.9294260144233704
712,60,cvae,1,43,0.3125,0.421875,0.4484126984126984,1.0,5.569579124450684,0.9463438987731934
713,60,cvae,1,43,0.265625,0.390625,0.3780487804878049,1.0,5.299187660217285,0.9654521346092224
714,60,cvae,1,43,0.3125,0.4765625,0.3715659340659341,1.0,4.421658992767334,0.7611173391342163
715,60,cvae,1,43,0.234375,0.3125,0.375,1.0,3.403970241546631,0.6317650079727173
716,60,cvae,1,43,0.390625,0.46875,0.48214285714285715,1.0,4.775737762451172,1.1633961200714111
717,60,cvae,1,43,0.34375,0.375,0.41379310344827586,1.0,5.757457733154297,1.2913554906845093
718,60,cvae,1,43,0.3359375,0.40625,0.455,1.0,4.855632781982422,0.9105903506278992
719,60,cvae,1,43,0.265625,0.3984375,0.38207070707070706,1.0,3.2363719940185547,0.6005627512931824
720,60,cvae,1,43,0.296875,0.3515625,0.40039929015084297,0.9090909090909091,5.923006057739258,1.1382672786712646
721,60,cvae,1,43,0.359375,0.3828125,0.43094121889650194,1.0,4.587096214294434,0.8169398307800293
722,60,cvae,1,43,0.2890625,0.3671875,0.4671474358974359,1.0,4.842023849487305,0.8025879859924316
723,60,cvae,1,43,0.3125,0.4453125,0.3793759512937595,1.0,5.816577911376953,1.1827117204666138
724,60,cvae,1,43,0.296875,0.421875,0.4186046511627907,1.0,6.674572944641113,1.1944172382354736
725,60,cvae,1,43,0.34375,0.453125,0.4318181818181818,1.0,5.381370544433594,1.058342456817627
726,60,cvae,1,43,0.375,0.5078125,0.4757627118644068,1.0,5.3307952880859375,1.106136441230774
727,60,cvae,1,43,0.265625,0.3359375,0.4310122501611863,1.0,5.978593826293945,1.1087576150894165
728,60,cvae,1,43,0.328125,0.4375,0.4772727272727273,1.0,5.934976100921631,1.0809276103973389
729,60,cvae,1,43,0.296875,0.40625,0.3893280632411067,1.0,5.412408828735352,1.0062628984451294
730,60,cvae,1,43,0.296875,0.484375,0.37254901960784315,1.0,2.8037352561950684,0.5956143736839294
731,60,cvae,1,43,0.234375,0.40625,0.38461538461538464,1.0,4.3445281982421875,1.005505919456482
732,60,cvae,1,43,0.3203125,0.3359375,0.45366300366300366,1.0,4.257511138916016,0.8281762599945068
733,60,cvae,1,43,0.328125,0.375,0.43859649122807015,1.0,4.056491851806641,0.7573093175888062
734,60,cvae,1,43,0.2890625,0.3515625,0.4519756838905775,1.0,6.737920761108398,1.2784819602966309
735,60,cvae,1,43,0.359375,0.46875,0.45098039215686275,1.0,3.472982883453369,0.7189025282859802
736,60,cvae,1,43,0.40625,0.40625,0.4807692307692308,0.8888888888888888,7.929951190948486,1.3375706672668457
737,60,cvae,1,43,0.2890625,0.390625,0.40029761904761907,1.0,3.957932233810425,0.7890826463699341
738,60,cvae,1,43,0.265625,0.421875,0.37777777777777777,1.0,4.121292591094971,0.8169081211090088
739,60,cvae,1,43,0.296875,0.3984375,0.39682539682539686,1.0,4.124274253845215,0.9128111004829407
740,60,cvae,1,43,0.328125,0.40625,0.44680851063829785,1.0,4.684516906738281,1.0825618505477905
741,60,cvae,1,43,0.3203125,0.4609375,0.3502167914860071,1.0,3.6837873458862305,0.8247489929199219
742,60,cvae,1,43,0.3125,0.40625,0.46,1.0,6.708925247192383,1.171038269996643
743,60,cvae,1,43,0.375,0.28125,0.5714285714285714,1.0,5.783595085144043,1.0313953161239624
744,60,cvae,1,43,0.328125,0.390625,0.4528301886792453,1.0,4.395873069763184,0.7663012146949768
745,60,cvae,1,43,0.3046875,0.4609375,0.4073083778966132,1.0,6.298409461975098,1.0847594738006592
746,60,cvae,1,43,0.2890625,0.3359375,0.41666666666666663,1.0,5.881646156311035,1.1702842712402344
747,60,cvae,1,43,0.3203125,0.484375,0.4263157894736842,1.0,3.65916109085083,0.8428949117660522
748,60,cvae,1,43,0.359375,0.46875,0.39436619718309857,1.0,5.480663776397705,0.9229483604431152
749,60,cvae,1,43,0.34375,0.453125,0.4583333333333333,1.0,4.431694030761719,0.8784165978431702
750,60,cvae,1,43,0.34375,0.484375,0.4380630630630631,1.0,2.5545244216918945,0.618008553981781
751,60,cvae,1,43,0.40625,0.375,0.4909090909090909,1.0,5.4626240730285645,1.0717880725860596
752,60,cvae,1,43,0.28125,0.296875,0.42283163265306123,1.0,5.563569068908691,1.049726963043213
753,60,cvae,1,43,0.375,0.515625,0.4262295081967213,1.0,5.0463409423828125,0.8560940027236938
754,60,cvae,1,43,0.2578125,0.3359375,0.5093984962406015,1.0,8.397344589233398,1.613680362701416
755,60,cvae,1,43,0.28125,0.3515625,0.39682539682539686,1.0,4.312686443328857,1.1001243591308594
756,60,cvae,1,43,0.296875,0.328125,0.41304347826086957,1.0,4.742877960205078,0.7230920791625977
757,60,cvae,1,43,0.34375,0.453125,0.4107142857142857,1.0,5.234907150268555,1.1273592710494995
758,60,cvae,1,43,0.25,0.3359375,0.4475689404934688,1.0,4.3895134925842285,0.7552973628044128
759,60,cvae,1,43,0.265625,0.34375,0.38235294117647056,1.0,4.136295795440674,0.8506359457969666
760,60,cvae,1,43,0.28125,0.4140625,0.3707070707070707,1.0,3.6397948265075684,0.7242985367774963
761,60,cvae,1,43,0.359375,0.46875,0.5128205128205128,1.0,5.661174297332764,1.287467122077942
762,60,cvae,1,43,0.34375,0.4453125,0.43391980360065463,1.0,4.642404556274414,0.8091965317726135
763,60,cvae,1,43,0.328125,0.390625,0.453656462585034,1.0,7.639434337615967,1.1703392267227173
764,60,cvae,1,43,0.265625,0.328125,0.3888888888888889,1.0,6.581991672515869,1.191443920135498
765,60,cvae,1,43,0.3125,0.484375,0.37912692589875274,1.0,2.3404390811920166,0.48433855175971985
766,60,cvae,1,43,0.359375,0.390625,0.46643518518518523,1.0,3.5218348503112793,0.8772904276847839
767,60,cvae,1,43,0.34375,0.390625,0.5,1.0,4.345407485961914,0.8134106993675232
768,60,cvae,1,43,0.3203125,0.5,0.3730994152046784,1.0,2.722715377807617,0.5019589066505432
769,60,cvae,1,43,0.28125,0.3125,0.3958333333333333,1.0,4.233209133148193,0.9271044135093689
770,60,cvae,1,43,0.359375,0.421875,0.38333333333333336,1.0,2.6912946701049805,0.4838292896747589
771,60,cvae,1,43,0.3125,0.453125,0.47394429469901167,1.0,2.8730077743530273,0.5881924629211426
772,60,cvae,1,43,0.375,0.3828125,0.45490716180371354,1.0,3.0279152393341064,0.7109243273735046
773,60,cvae,1,43,0.3515625,0.421875,0.36032786885245904,1.0,7.405845642089844,1.0715826749801636
774,60,cvae,1,43,0.328125,0.390625,0.4339622641509434,1.0,4.98275089263916,0.9285829663276672
775,60,cvae,1,43,0.2578125,0.328125,0.40408163265306124,1.0,4.7939300537109375,0.8299964666366577
776,60,cvae,1,43,0.34375,0.359375,0.475,1.0,9.44906234741211,1.4563090801239014
777,60,cvae,1,43,0.3125,0.390625,0.41509433962264153,1.0,4.731444358825684,0.8648113012313843
778,60,cvae,1,43,0.28125,0.34375,0.4523809523809524,1.0,7.124605178833008,1.249091386795044
779,60,cvae,1,43,0.328125,0.421875,0.4634146341463415,1.0,5.650582313537598,1.0535391569137573
780,60,cvae,1,43,0.296875,0.421875,0.43478260869565216,1.0,4.679680824279785,0.9553278088569641
781,60,cvae,1,43,0.296875,0.4375,0.38461538461538464,1.0,5.119395732879639,0.9047039151191711
782,60,cvae,1,43,0.375,0.390625,0.5,1.0,5.820272922515869,1.2050282955169678
783,60,cvae,1,43,0.28125,0.421875,0.4,1.0,6.133718967437744,1.4087022542953491
784,60,cvae,1,43,0.34375,0.4375,0.45454545454545453,1.0,3.841815948486328,0.8886134624481201
785,60,cvae,1,43,0.3828125,0.4296875,0.3593358395989975,1.0,7.599708557128906,1.130297303199768
786,60,cvae,1,43,0.25,0.3359375,0.37898936170212766,1.0,4.688933372497559,0.7910283803939819
787,60,cvae,1,43,0.21875,0.21875,0.45,1.0,5.045172691345215,0.8904182314872742
788,60,cvae,1,43,0.359375,0.3828125,0.46926713947990545,1.0,4.351190567016602,0.8365784287452698
789,60,cvae,1,43,0.515625,0.484375,0.4069767441860465,1.0,3.534482717514038,0.5955807566642761
790,60,cvae,1,43,0.4140625,0.4765625,0.41279461279461277,1.0,4.116411209106445,0.8735731244087219
791,60,cvae,1,43,0.359375,0.40625,0.5227272727272727,1.0,6.142204761505127,1.1222498416900635
792,60,cvae,1,43,0.4375,0.515625,0.4915254237288136,1.0,4.781298637390137,0.7939329743385315
793,60,cvae,1,43,0.296875,0.375,0.41304347826086957,1.0,5.763123512268066,1.0331789255142212
794,60,cvae,1,43,0.46875,0.46875,0.4166666666666667,1.0,5.43791389465332,1.0369303226470947
795,60,cvae,1,43,0.25,0.421875,0.37777777777777777,1.0,6.117308616638184,1.116969108581543
796,60,cvae,1,43,0.28125,0.4453125,0.35731132075471694,1.0,4.550290584564209,0.9648224711418152
797,60,cvae,1,43,0.234375,0.3125,0.4782608695652174,1.0,5.482888698577881,1.0899360179901123
798,60,cvae,1,43,0.3359375,0.4921875,0.4520851818988465,1.0,6.802591800689697,1.0573079586029053
799,60,cvae,1,43,0.2578125,0.3515625,0.41244527829893685,1.0,5.431413173675537,1.0072444677352905
800,60,cvae,1,43,0.34375,0.453125,0.43137254901960786,1.0,5.289274215698242,1.0317226648330688
801,60,cvae,1,43,0.296875,0.3984375,0.4311538461538461,0.9090909090909091,5.582949638366699,1.0306817293167114
802,60,cvae,1,43,0.28125,0.4375,0.4358974358974359,1.0,4.518083572387695,0.9909673929214478
803,60,cvae,1,43,0.234375,0.3515625,0.35912698412698413,1.0,5.266735076904297,0.8653311729431152
804,60,cvae,1,43,0.3125,0.40625,0.41025641025641024,1.0,4.957428932189941,1.0029975175857544
805,60,cvae,1,43,0.3046875,0.3671875,0.4654631083202512,1.0,5.817884922027588,1.1822712421417236
806,60,cvae,1,43,0.28125,0.359375,0.375,1.0,5.300482749938965,1.1781269311904907
807,60,cvae,1,43,0.25,0.296875,0.36585365853658536,1.0,4.67843770980835,0.9497366547584534
808,60,cvae,1,43,0.3359375,0.421875,0.41811414392059554,1.0,5.202406883239746,0.8843507170677185
809,60,cvae,1,43,0.375,0.4140625,0.5125398996808025,1.0,5.592266082763672,1.1524133682250977
810,60,cvae,1,43,0.2734375,0.359375,0.3621848739495799,1.0,4.326299667358398,0.8507012128829956
811,60,cvae,1,43,0.28125,0.4453125,0.3674749163879598,1.0,3.2912397384643555,0.6068164706230164
812,60,cvae,1,43,0.328125,0.375,0.4375,1.0,4.930472373962402,1.0012423992156982
813,60,cvae,1,43,0.3125,0.453125,0.4444444444444444,1.0,5.918407440185547,1.0980068445205688
814,60,cvae,1,43,0.34375,0.4453125,0.4225,1.0,6.074918270111084,1.029970645904541
815,60,cvae,1,43,0.328125,0.390625,0.4666666666666667,1.0,6.84223747253418,1.2151474952697754
816,60,cvae,1,43,0.25,0.40625,0.4,1.0,4.352614402770996,0.8478108644485474
817,60,cvae,1,43,0.234375,0.296875,0.36585365853658536,1.0,6.894777297973633,0.8959564566612244
818,60,cvae,1,43,0.375,0.3828125,0.4442857142857143,1.0,3.232274055480957,0.6998946070671082
819,60,cvae,1,43,0.296875,0.359375,0.3582089552238806,1.0,3.7347426414489746,0.6991865634918213
820,60,cvae,1,43,0.25,0.296875,0.4146341463414634,1.0,4.429208755493164,0.7916017770767212
821,60,cvae,1,43,0.4140625,0.453125,0.5590277777777778,1.0,5.355472564697266,0.9924620985984802
822,60,cvae,1,43,0.328125,0.453125,0.42,1.0,3.63621187210083,0.7628934979438782
823,60,cvae,1,43,0.359375,0.40625,0.46153846153846156,1.0,4.35964298248291,0.8149175643920898
824,60,cvae,1,43,0.328125,0.421875,0.4666666666666667,1.0,5.559672832489014,1.1311103105545044
825,60,cvae,1,43,0.2734375,0.4140625,0.44562419562419564,1.0,6.175352096557617,1.0804178714752197
826,60,cvae,1,43,0.296875,0.40625,0.41818181818181815,1.0,5.069790840148926,0.8481157422065735
827,60,cvae,1,43,0.328125,0.46875,0.38,1.0,5.962704658508301,1.2882096767425537
828,60,cvae,1,43,0.3125,0.3671875,0.40625,1.0,7.4429121017456055,1.1632945537567139
829,60,cvae,1,43,0.359375,0.375,0.47368421052631576,1.0,5.842437744140625,1.1209551095962524
830,60,cvae,1,43,0.28125,0.34375,0.4666666666666667,1.0,5.3254899978637695,1.0934075117111206
831,60,cvae,1,43,0.3984375,0.4765625,0.4625,1.0,5.28204345703125,0.9813993573188782
832,60,cvae,1,43,0.25,0.3984375,0.37858220211161386,1.0,6.061408042907715,1.1737791299819946
833,60,cvae,1,43,0.328125,0.4140625,0.4527224824355972,1.0,3.578348398208618,0.91684889793396
834,60,cvae,1,43,0.2890625,0.4375,0.3708791208791209,1.0,5.968756198883057,0.810142993927002
835,60,cvae,1,43,0.265625,0.4296875,0.36363636363636365,1.0,3.52858304977417,0.7319545745849609
836,60,cvae,1,43,0.2421875,0.359375,0.4048303622771708,1.0,3.3866825103759766,0.7617515325546265
837,60,cvae,1,43,0.34375,0.4609375,0.3951048951048951,1.0,4.76222038269043,0.8715911507606506
838,60,cvae,1,43,0.3125,0.4609375,0.4124040920716112,1.0,3.7009124755859375,0.7363473176956177
839,60,cvae,1,43,0.265625,0.34375,0.4024390243902439,1.0,4.636513710021973,0.9345961809158325
840,60,cvae,1,43,0.3359375,0.3125,0.44749273255813954,1.0,5.302467346191406,1.0453755855560303
841,60,cvae,1,43,0.3203125,0.4140625,0.42172118132740555,1.0,5.2367119789123535,1.0645637512207031
842,60,cvae,1,43,0.3125,0.4921875,0.4322222222222222,1.0,3.000990390777588,0.6900641918182373
843,60,cvae,1,43,0.25,0.328125,0.40816326530612246,1.0,3.90952730178833,0.7619022130966187
844,60,cvae,1,43,0.3671875,0.3828125,0.4711431742508324,1.0,5.174280166625977,1.2336562871932983
845,60,cvae,1,43,0.28125,0.390625,0.38095238095238093,1.0,3.7605581283569336,0.8236470222473145
846,60,cvae,1,43,0.3125,0.34375,0.4444444444444444,1.0,5.118284702301025,0.9811164140701294
847,60,cvae,1,43,0.25,0.390625,0.48717948717948717,1.0,6.770857810974121,1.4472845792770386
848,60,cvae,1,43,0.3515625,0.390625,0.49744897959183676,1.0,5.3604536056518555,1.056107521057129
849,60,cvae,1,43,0.453125,0.46875,0.532258064516129,1.0,6.079154014587402,0.9149923324584961
850,60,cvae,1,43,0.25,0.328125,0.36363636363636365,1.0,5.370065689086914,0.7815306782722473
851,60,cvae,1,43,0.3125,0.4453125,0.43669871794871795,1.0,6.2283034324646,0.9473610520362854
852,60,cvae,1,43,0.328125,0.375,0.40384615384615385,1.0,5.025179862976074,1.078446388244629
853,60,cvae,1,43,0.296875,0.40625,0.4146341463414634,1.0,5.19956636428833,0.9300376772880554
854,60,cvae,1,43,0.328125,0.40625,0.5,1.0,5.366672039031982,1.0301300287246704
855,60,cvae,1,43,0.328125,0.34375,0.45652173913043476,1.0,4.917369842529297,0.8671156167984009
856,60,cvae,1,43,0.3046875,0.4453125,0.40847953216374266,1.0,3.5736851692199707,0.6785092949867249
857,60,cvae,1,43,0.3125,0.375,0.4444444444444444,1.0,4.421778202056885,0.9735682606697083
858,60,cvae,1,43,0.28125,0.34375,0.5394736842105263,1.0,3.854498863220215,0.8115323781967163
859,60,cvae,1,43,0.3125,0.484375,0.4307692307692308,1.0,3.196336269378662,0.6796673536300659
860,60,cvae,1,43,0.3125,0.390625,0.4318181818181818,1.0,5.282629013061523,1.1645681858062744
861,60,cvae,1,43,0.34375,0.375,0.45454545454545453,1.0,3.9368534088134766,0.8678281307220459
862,60,cvae,1,43,0.296875,0.359375,0.42105263157894735,1.0,5.527711868286133,1.0076181888580322
863,60,cvae,1,43,0.265625,0.34375,0.43318181818181817,1.0,4.43315315246582,0.9009566307067871
864,60,cvae,1,43,0.359375,0.5,0.46551724137931033,1.0,3.2384567260742188,0.6908471584320068
865,60,cvae,1,43,0.25,0.359375,0.3877551020408163,1.0,8.264233589172363,1.2037224769592285
866,60,cvae,1,43,0.296875,0.3359375,0.4375,1.0,6.435145378112793,1.0100196599960327
867,60,cvae,1,43,0.3125,0.5,0.425531914893617,1.0,6.51313591003418,0.969487726688385
868,60,cvae,1,43,0.25,0.328125,0.38461538461538464,1.0,6.341666221618652,1.0341166257858276
869,60,cvae,1,43,0.3125,0.375,0.4352159468438538,1.0,6.143337249755859,1.0744184255599976
870,60,cvae,1,43,0.296875,0.375,0.41025641025641024,1.0,6.331276893615723,1.4106061458587646
871,60,cvae,1,43,0.296875,0.453125,0.4523809523809524,1.0,6.16002082824707,0.9452758431434631
872,60,cvae,1,43,0.3046875,0.4453125,0.38708333333333333,1.0,3.297212839126587,0.6633453369140625
873,60,cvae,1,43,0.328125,0.375,0.4318181818181818,1.0,4.309802055358887,0.8239184617996216
874,60,cvae,1,43,0.265625,0.3359375,0.4008654602675059,1.0,3.313652515411377,0.7870408892631531
875,60,cvae,1,43,0.421875,0.421875,0.5185185185185185,1.0,7.7799391746521,1.21115243434906
876,60,cvae,1,43,0.359375,0.53125,0.48936170212765956,1.0,4.6654767990112305,0.9387103319168091
877,60,cvae,1,43,0.328125,0.421875,0.43990384615384615,1.0,8.061927795410156,1.3460447788238525
878,60,cvae,1,43,0.296875,0.4375,0.4222222222222222,1.0,5.555719375610352,1.0004477500915527
879,60,cvae,1,43,0.28125,0.34375,0.3898809523809524,1.0,7.144023895263672,1.214207410812378
880,60,cvae,1,43,0.265625,0.375,0.4423913043478261,1.0,7.0376973152160645,1.2453030347824097
881,60,cvae,1,43,0.40625,0.4375,0.4843146718146718,1.0,5.017416000366211,0.9790140390396118
882,60,cvae,1,43,0.265625,0.3515625,0.386046511627907,1.0,5.216738700866699,1.085302472114563
883,60,cvae,1,43,0.3046875,0.4453125,0.40588235294117647,1.0,6.560450553894043,1.268861174583435
884,60,cvae,1,43,0.3828125,0.4765625,0.40625,1.0,5.616382598876953,0.8807265758514404
885,60,cvae,1,43,0.3046875,0.328125,0.4365079365079365,1.0,6.319587707519531,0.9880111217498779
886,60,cvae,1,43,0.3203125,0.4609375,0.41781393408427203,1.0,6.066027641296387,1.2797389030456543
887,60,cvae,1,43,0.234375,0.296875,0.3763888888888889,1.0,4.470795631408691,0.844238817691803
888,60,cvae,1,43,0.3125,0.5625,0.4444444444444444,1.0,3.583042621612549,0.6143952012062073
889,60,cvae,1,43,0.3125,0.3671875,0.425314465408805,1.0,6.861387252807617,1.1599823236465454
890,60,cvae,1,43,0.265625,0.390625,0.3953488372093023,1.0,6.3223395347595215,1.2807426452636719
891,60,cvae,1,43,0.265625,0.390625,0.37777777777777777,1.0,4.879323482513428,0.9639108180999756
892,60,cvae,1,43,0.3515625,0.4296875,0.391304347826087,1.0,4.614950180053711,0.9611083269119263
893,60,cvae,1,43,0.3125,0.359375,0.49392177589852004,1.0,5.319510459899902,1.0450834035873413
894,60,cvae,1,43,0.25,0.375,0.4146341463414634,1.0,3.8139865398406982,0.6844992637634277
895,60,cvae,1,43,0.296875,0.421875,0.4375,1.0,4.169346809387207,0.7250925898551941
896,60,cvae,1,43,0.3515625,0.4609375,0.4083333333333333,1.0,4.375359058380127,0.9377644658088684
897,60,cvae,1,43,0.3125,0.4375,0.4423076923076923,1.0,5.900107383728027,0.9562436938285828
898,60,cvae,1,43,0.3125,0.40625,0.35555555555555557,1.0,6.658137321472168,1.2568438053131104
899,60,cvae,1,43,0.328125,0.34375,0.44647988505747127,1.0,4.683693885803223,0.8799677491188049
900,60,cvae,1,43,0.296875,0.375,0.42,1.0,3.7769863605499268,0.7508900165557861
901,60,cvae,1,43,0.390625,0.34375,0.4838709677419355,1.0,5.979613304138184,0.9336681365966797
902,60,cvae,1,43,0.28125,0.328125,0.38,1.0,3.6918587684631348,0.7960249781608582
903,60,cvae,1,43,0.265625,0.3515625,0.41944444444444445,1.0,3.6813859939575195,0.6730255484580994
904,60,cvae,1,43,0.28125,0.34375,0.42678571428571427,1.0,6.130887985229492,1.0026929378509521
905,60,cvae,1,43,0.3828125,0.4453125,0.4521276595744681,1.0,5.6449809074401855,0.836268961429596
906,60,cvae,1,43,0.2890625,0.375,0.4353146853146853,1.0,3.490359306335449,0.8189383745193481
907,60,cvae,1,43,0.3671875,0.375,0.4558333333333333,1.0,7.268890380859375,1.2591819763183594
908,60,cvae,1,43,0.34375,0.3984375,0.40261104441776707,1.0,5.79569149017334,1.1469606161117554
909,60,cvae,1,43,0.296875,0.453125,0.40816326530612246,1.0,5.969092845916748,1.185647964477539
910,60,cvae,1,43,0.234375,0.296875,0.38278388278388276,1.0,6.94618558883667,1.3273595571517944
911,60,cvae,1,43,0.3125,0.421875,0.37333333333333335,1.0,5.536858558654785,1.0175368785858154
912,60,cvae,1,43,0.265625,0.296875,0.4318181818181818,1.0,6.110052585601807,1.0532957315444946
913,60,cvae,1,43,0.3203125,0.359375,0.496969696969697,1.0,5.816606521606445,1.0447311401367188
914,60,cvae,1,43,0.3046875,0.3984375,0.39875,1.0,5.093066215515137,0.8392705917358398
915,60,cvae,1,43,0.265625,0.40625,0.40476190476190477,1.0,5.265366077423096,0.9755678176879883
916,60,cvae,1,43,0.296875,0.4296875,0.3956521739130435,1.0,4.699383735656738,1.0437434911727905
917,60,cvae,1,43,0.34375,0.453125,0.425531914893617,1.0,5.941082000732422,1.0359286069869995
918,60,cvae,1,43,0.34375,0.3828125,0.5101999184006528,1.0,6.521903038024902,1.2361949682235718
919,60,cvae,1,43,0.265625,0.28125,0.5,1.0,3.4891388416290283,0.7789208292961121
920,60,cvae,1,43,0.2890625,0.359375,0.41885964912280704,1.0,4.502608776092529,0.7554202675819397
921,60,cvae,1,43,0.546875,0.6484375,0.5095211161387632,1.0,6.0335693359375,1.0023455619812012
922,60,cvae,1,43,0.421875,0.34375,0.5709728867623605,1.0,7.906386375427246,1.5670806169509888
923,60,cvae,1,43,0.28125,0.375,0.41025641025641024,1.0,3.269639015197754,0.6399185061454773
924,60,cvae,1,43,0.296875,0.328125,0.4523809523809524,1.0,5.505053997039795,0.978695273399353
925,60,cvae,1,43,0.34375,0.328125,0.42857142857142855,1.0,5.3821258544921875,0.8109525442123413
926,60,cvae,1,43,0.359375,0.40625,0.5348837209302325,1.0,5.749615669250488,1.1191543340682983
927,60,cvae,1,43,0.359375,0.453125,0.48179979777553084,1.0,4.293846607208252,0.8979450464248657
928,60,cvae,1,43,0.28125,0.359375,0.4,1.0,3.6764631271362305,0.7939131259918213
929,60,cvae,1,43,0.359375,0.453125,0.5,1.0,7.000002861022949,1.3948272466659546
930,60,cvae,1,43,0.34375,0.453125,0.4583333333333333,1.0,7.216565132141113,1.2443608045578003
931,60,cvae,1,43,0.3125,0.296875,0.45454545454545453,1.0,5.287142753601074,1.2020118236541748
932,60,cvae,1,43,0.375,0.53125,0.43636363636363634,1.0,5.331932067871094,1.0636087656021118
933,60,cvae,1,43,0.5078125,0.515625,0.5034869240348693,1.0,3.964132785797119,0.9509156346321106
934,60,cvae,1,43,0.328125,0.359375,0.45454545454545453,1.0,7.910074234008789,1.2066333293914795
935,60,cvae,1,43,0.3125,0.421875,0.4038775510204081,1.0,6.06581974029541,0.8628367185592651
936,60,cvae,1,43,0.296875,0.375,0.4142857142857143,1.0,4.943251609802246,0.9379575848579407
937,60,cvae,1,43,0.359375,0.4921875,0.48958333333333337,1.0,5.329799175262451,0.8981161713600159
938,60,cvae,1,43,0.328125,0.4609375,0.4162087912087912,1.0,2.696110248565674,0.5370421409606934
939,60,cvae,1,43,0.2890625,0.4375,0.3775,1.0,3.660759925842285,0.7349377274513245
940,60,cvae,1,43,0.296875,0.34375,0.4061166429587482,1.0,6.849056243896484,1.1540788412094116
941,60,cvae,1,43,0.3125,0.375,0.45454545454545453,1.0,4.386510372161865,0.7592297792434692
942,60,cvae,1,43,0.3203125,0.40625,0.44655797101449274,1.0,4.458118438720703,0.8428890109062195
943,60,cvae,1,43,0.265625,0.359375,0.39473684210526316,1.0,3.9226937294006348,0.7475969195365906
944,60,cvae,1,43,0.265625,0.375,0.37777777777777777,1.0,4.134249687194824,0.9349182844161987
945,60,cvae,1,43,0.3125,0.34375,0.4444444444444444,1.0,3.5622189044952393,0.6750345826148987
946,60,cvae,1,43,0.296875,0.390625,0.3684210526315789,1.0,3.98984432220459,0.8369794487953186
947,60,cvae,1,43,0.296875,0.5,0.40425531914893614,1.0,4.739472389221191,0.9676485061645508
948,60,cvae,1,43,0.2890625,0.296875,0.360010162601626,1.0,3.177647829055786,0.600816011428833
949,60,cvae,1,43,0.375,0.421875,0.48214285714285715,1.0,5.380928993225098,1.1791990995407104
950,60,cvae,1,43,0.390625,0.375,0.42857142857142855,1.0,4.243096351623535,0.9756302237510681
951,60,cvae,1,43,0.25,0.328125,0.365334717176959,1.0,7.358628749847412,1.1237353086471558
952,60,cvae,1,43,0.234375,0.2734375,0.35449735449735453,1.0,5.1224284172058105,0.9294889569282532
953,60,cvae,1,43,0.265625,0.40625,0.3617021276595745,1.0,4.208303451538086,0.6620081663131714
954,60,cvae,1,43,0.421875,0.5390625,0.43448189134808857,1.0,3.1714468002319336,0.6269274950027466
955,60,cvae,1,43,0.3125,0.421875,0.37037037037037035,1.0,5.449887275695801,1.1541931629180908
956,60,cvae,1,43,0.375,0.453125,0.4528301886792453,1.0,4.3515753746032715,0.8600130081176758
957,60,cvae,1,43,0.375,0.53125,0.4528301886792453,1.0,3.097607374191284,0.6167462468147278
958,60,cvae,1,43,0.359375,0.40625,0.5217391304347826,1.0,3.8185718059539795,0.6226221323013306
959,60,cvae,1,43,0.28125,0.375,0.4031818181818182,1.0,4.880369663238525,1.019850730895996
960,60,cvae,1,43,0.3046875,0.3828125,0.37953216374269005,1.0,4.907489776611328,0.981134295463562
961,60,cvae,1,43,0.265625,0.40625,0.33304347826086955,1.0,3.9637136459350586,0.7872565984725952
962,60,cvae,1,43,0.359375,0.359375,0.4857142857142857,1.0,6.425291061401367,1.2633439302444458
963,60,cvae,1,43,0.25,0.359375,0.46153846153846156,1.0,5.055483341217041,0.9578864574432373
964,60,cvae,1,43,0.328125,0.4375,0.5,1.0,5.350090026855469,1.1809136867523193
965,60,cvae,1,43,0.28125,0.375,0.42,1.0,4.693603992462158,0.9412339925765991
966,60,cvae,1,43,0.359375,0.359375,0.46153846153846156,1.0,4.586007118225098,0.7917272448539734
967,60,cvae,1,43,0.328125,0.546875,0.42857142857142855,1.0,5.134176254272461,1.088783860206604
968,60,cvae,1,43,0.359375,0.296875,0.5106382978723404,1.0,5.241243362426758,0.9479672312736511
969,60,cvae,1,43,0.359375,0.421875,0.3689931350114416,1.0,4.689082145690918,0.8415272235870361
970,60,cvae,1,43,0.265625,0.359375,0.4,1.0,3.9328832626342773,0.8081862330436707
971,60,cvae,1,43,0.328125,0.359375,0.4193620844564241,1.0,6.712160110473633,1.1176289319992065
972,60,cvae,1,43,0.375,0.5,0.37254901960784315,1.0,7.387136459350586,1.3354382514953613
973,60,cvae,1,43,0.4453125,0.40625,0.5213325540619521,1.0,4.277874946594238,1.010243535041809
974,60,cvae,1,43,0.3125,0.359375,0.4444444444444444,1.0,6.449724197387695,1.2190475463867188
975,60,cvae,1,43,0.3125,0.46875,0.38461538461538464,1.0,4.630558967590332,0.9286450743675232
976,60,cvae,1,43,0.28125,0.3359375,0.4330357142857143,1.0,4.323551177978516,0.9040231704711914
977,60,cvae,1,43,0.265625,0.3125,0.375,1.0,4.92447566986084,0.8942835330963135
978,60,cvae,1,43,0.28125,0.40625,0.4,1.0,3.467613697052002,0.7499682307243347
979,60,cvae,1,43,0.328125,0.359375,0.46153846153846156,1.0,3.97860050201416,0.7893352508544922
980,60,cvae,1,43,0.3125,0.4296875,0.42391304347826086,1.0,4.411940574645996,0.7325379252433777
981,60,cvae,1,43,0.296875,0.375,0.4176328502415459,1.0,3.0432047843933105,0.6819591522216797
982,60,cvae,1,43,0.265625,0.3515625,0.3851744186046512,1.0,5.750669956207275,1.061930775642395
983,60,cvae,1,43,0.328125,0.375,0.4807692307692308,1.0,5.24176549911499,1.1284518241882324
984,60,cvae,1,43,0.328125,0.34375,0.42145270270270274,1.0,4.351667404174805,0.6869351267814636
985,60,cvae,1,43,0.3671875,0.5078125,0.4138081395348837,1.0,3.3526625633239746,0.6263591647148132
986,60,cvae,1,43,0.3828125,0.4140625,0.5403846153846154,1.0,7.554757118225098,1.2872096300125122
987,60,cvae,1,43,0.359375,0.390625,0.45098039215686275,1.0,4.451416969299316,0.9441701769828796
988,60,cvae,1,43,0.375,0.4296875,0.475,1.0,6.134119987487793,1.3016027212142944
989,60,cvae,1,43,0.265625,0.34375,0.3927963698241633,1.0,5.307101249694824,1.0849770307540894
990,60,cvae,1,43,0.34375,0.375,0.4727272727272727,1.0,4.550983428955078,0.8635683059692383
991,60,cvae,1,43,0.2421875,0.34375,0.38078703703703703,1.0,5.900762557983398,1.1279137134552002
992,60,cvae,1,43,0.359375,0.484375,0.4544871794871795,1.0,3.8321456909179688,0.7403128147125244
993,60,cvae,1,43,0.28125,0.3984375,0.3431122448979592,1.0,5.023157596588135,1.1291773319244385
994,60,cvae,1,43,0.25,0.3359375,0.39336358479863864,1.0,6.089493751525879,1.0071089267730713
995,60,cvae,1,43,0.359375,0.515625,0.45652173913043476,1.0,7.088095664978027,1.1274126768112183
996,60,cvae,1,43,0.234375,0.359375,0.35714285714285715,1.0,2.753215789794922,0.6872737407684326
997,60,cvae,1,43,0.359375,0.3125,0.5,1.0,7.818817615509033,1.3383877277374268
998,60,cvae,1,43,0.2890625,0.40625,0.37776387150604923,1.0,3.6874141693115234,0.7285663485527039
999,60,cvae,1,43,0.265625,0.34375,0.3953488372093023,1.0,4.344789028167725,0.9298824667930603
0,80,cvae,1,43,0.3671875,0.4609375,0.44031311154598823,1.0,3.9036788940429688,0.7778528928756714
1,80,cvae,1,43,0.21875,0.359375,0.3333333333333333,1.0,5.1546831130981445,1.1031990051269531
2,80,cvae,1,43,0.3125,0.359375,0.5172413793103449,1.0,6.577475070953369,1.1493631601333618
3,80,cvae,1,43,0.3125,0.4140625,0.4782608695652174,1.0,5.278389930725098,1.0425302982330322
4,80,cvae,1,43,0.328125,0.4296875,0.44272445820433437,1.0,4.31576681137085,1.0189857482910156
5,80,cvae,1,43,0.296875,0.40625,0.39344262295081966,1.0,4.257287979125977,0.9035607576370239
6,80,cvae,1,43,0.265625,0.421875,0.3953488372093023,1.0,4.844790458679199,0.95518958568573
7,80,cvae,1,43,0.359375,0.453125,0.4313131313131313,1.0,4.560698509216309,0.9323641657829285
8,80,cvae,1,43,0.296875,0.359375,0.4166666666666667,1.0,8.408163070678711,1.2341134548187256
9,80,cvae,1,43,0.3125,0.375,0.5098039215686274,0.9,7.184022903442383,1.4128750562667847
10,80,cvae,1,43,0.234375,0.359375,0.37209302325581395,1.0,3.957427978515625,0.8039605021476746
11,80,cvae,1,43,0.3984375,0.546875,0.47,1.0,2.5141029357910156,0.5933254361152649
12,80,cvae,1,43,0.3828125,0.390625,0.4646903820816864,1.0,6.524964809417725,1.1293573379516602
13,80,cvae,1,43,0.2890625,0.34375,0.4201680672268907,1.0,4.927482604980469,0.979682445526123
14,80,cvae,1,43,0.34375,0.34375,0.46,1.0,5.914087295532227,0.8725927472114563
15,80,cvae,1,43,0.3125,0.359375,0.4083333333333333,1.0,5.136652946472168,0.9743001461029053
16,80,cvae,1,43,0.28125,0.40625,0.425531914893617,1.0,4.939830780029297,1.0405943393707275
17,80,cvae,1,43,0.3359375,0.421875,0.41568627450980394,1.0,4.525487899780273,0.9621071219444275
18,80,cvae,1,43,0.3125,0.34375,0.43478260869565216,1.0,6.071191787719727,1.2783873081207275
19,80,cvae,1,43,0.3125,0.390625,0.425,0.9,4.36970329284668,0.9713286757469177
20,80,cvae,1,43,0.3125,0.421875,0.41930232558139535,1.0,5.16944694519043,0.9009717702865601
21,80,cvae,1,43,0.2578125,0.3359375,0.40454545454545454,1.0,3.4838359355926514,0.7587614059448242
22,80,cvae,1,43,0.375,0.40625,0.4366883116883117,1.0,6.552200794219971,0.9980772733688354
23,80,cvae,1,43,0.328125,0.4140625,0.45588235294117646,1.0,5.577475070953369,0.8722609281539917
24,80,cvae,1,43,0.234375,0.359375,0.3191489361702128,1.0,7.22796630859375,1.2914751768112183
25,80,cvae,1,43,0.375,0.484375,0.46296296296296297,1.0,3.7875423431396484,0.835480272769928
26,80,cvae,1,43,0.328125,0.359375,0.5232558139534884,1.0,7.4083380699157715,1.1581114530563354
27,80,cvae,1,43,0.390625,0.453125,0.46296296296296297,1.0,4.0785298347473145,0.8846118450164795
28,80,cvae,1,43,0.3046875,0.359375,0.43280632411067194,1.0,5.91425895690918,1.3060346841812134
29,80,cvae,1,43,0.34375,0.390625,0.46017699115044247,1.0,4.861499786376953,0.9238108396530151
30,80,cvae,1,43,0.328125,0.421875,0.44,1.0,8.959471702575684,1.206709384918213
31,80,cvae,1,43,0.296875,0.34375,0.4533333333333333,1.0,6.893450736999512,1.3582043647766113
32,80,cvae,1,43,0.296875,0.5,0.44,1.0,5.20835542678833,1.061735987663269
33,80,cvae,1,43,0.328125,0.40625,0.425531914893617,1.0,6.159443378448486,1.1614291667938232
34,80,cvae,1,43,0.265625,0.234375,0.40384615384615385,1.0,8.150827407836914,1.423500895500183
35,80,cvae,1,43,0.34375,0.46875,0.43137254901960786,1.0,5.376601219177246,0.9942814707756042
36,80,cvae,1,43,0.3359375,0.3828125,0.4342857142857143,1.0,3.255455493927002,0.6180852055549622
37,80,cvae,1,43,0.28125,0.375,0.41509433962264153,1.0,4.343093395233154,0.7832074761390686
38,80,cvae,1,43,0.28125,0.4140625,0.4023809523809524,1.0,6.534438133239746,1.2941718101501465
39,80,cvae,1,43,0.359375,0.4296875,0.4607843137254902,1.0,4.82769775390625,0.927722156047821
40,80,cvae,1,43,0.3046875,0.3515625,0.36038961038961037,1.0,3.9072959423065186,0.7686662077903748
41,80,cvae,1,43,0.3203125,0.4140625,0.43492985002418966,1.0,3.571272850036621,0.8074723482131958
42,80,cvae,1,43,0.2734375,0.4296875,0.3861111111111111,1.0,5.586685657501221,1.0998263359069824
43,80,cvae,1,43,0.3046875,0.4453125,0.4700929152148664,1.0,7.389317512512207,1.2172244787216187
44,80,cvae,1,43,0.28125,0.359375,0.40667311411992263,1.0,5.985493183135986,1.2326891422271729
45,80,cvae,1,43,0.265625,0.34375,0.41044037605145967,1.0,6.496442794799805,1.1572874784469604
46,80,cvae,1,43,0.3359375,0.40625,0.4891304347826087,1.0,3.8756983280181885,0.7610126733779907
47,80,cvae,1,43,0.34375,0.4375,0.4117647058823529,1.0,3.5939137935638428,0.7660824656486511
48,80,cvae,1,43,0.359375,0.546875,0.45098039215686275,1.0,3.4265565872192383,0.7683226466178894
49,80,cvae,1,43,0.296875,0.34375,0.4420840787119857,1.0,7.614319324493408,1.1914770603179932
50,80,cvae,1,43,0.2734375,0.3984375,0.36085106382978727,1.0,3.6428980827331543,0.8046182990074158
51,80,cvae,1,43,0.46875,0.515625,0.515625,1.0,3.5715558528900146,0.6536052227020264
52,80,cvae,1,43,0.28125,0.296875,0.4,1.0,6.811450958251953,1.093887448310852
53,80,cvae,1,43,0.3125,0.390625,0.4761111111111111,1.0,5.196859836578369,0.9784697890281677
54,80,cvae,1,43,0.390625,0.359375,0.4594594594594595,1.0,7.483930587768555,1.0539348125457764
55,80,cvae,1,43,0.296875,0.4140625,0.4176328502415459,1.0,5.95587158203125,1.0289803743362427
56,80,cvae,1,43,0.28125,0.34375,0.49056603773584906,1.0,3.970917224884033,0.8250018358230591
57,80,cvae,1,43,0.28125,0.4140625,0.36363636363636365,1.0,4.467586517333984,0.9276644587516785
58,80,cvae,1,43,0.296875,0.3984375,0.3682539682539683,1.0,6.087333679199219,1.1825519800186157
59,80,cvae,1,43,0.375,0.46875,0.4444444444444444,1.0,3.6002681255340576,0.7496795654296875
60,80,cvae,1,43,0.328125,0.328125,0.4878048780487805,1.0,4.7102251052856445,0.9648256897926331
61,80,cvae,1,43,0.328125,0.3359375,0.5086363636363637,1.0,5.279107093811035,1.0839664936065674
62,80,cvae,1,43,0.28125,0.421875,0.41818181818181815,1.0,3.7838644981384277,0.7200654745101929
63,80,cvae,1,43,0.28125,0.359375,0.3673469387755102,1.0,6.390641689300537,1.3969265222549438
64,80,cvae,1,43,0.2421875,0.328125,0.4037467700258398,1.0,3.9369266033172607,0.7382215857505798
65,80,cvae,1,43,0.265625,0.359375,0.425,1.0,4.154532432556152,0.9278963804244995
66,80,cvae,1,43,0.34375,0.4609375,0.40907145913564397,1.0,5.008359432220459,0.8209394812583923
67,80,cvae,1,43,0.328125,0.328125,0.4994579945799458,1.0,6.1710205078125,0.9344609975814819
68,80,cvae,1,43,0.296875,0.40625,0.40425531914893614,1.0,6.118815898895264,1.1645678281784058
69,80,cvae,1,43,0.296875,0.4375,0.4444444444444444,1.0,4.262200355529785,0.9316885471343994
70,80,cvae,1,43,0.421875,0.5,0.46153846153846156,1.0,5.669519424438477,1.1015676259994507
71,80,cvae,1,43,0.3515625,0.4375,0.47729232538085653,1.0,5.506757736206055,0.956415057182312
72,80,cvae,1,43,0.46875,0.5,0.5081967213114754,1.0,3.911452293395996,0.8496885299682617
73,80,cvae,1,43,0.40625,0.375,0.5145173453996983,1.0,5.918126106262207,0.8080042600631714
74,80,cvae,1,43,0.296875,0.3125,0.41304347826086957,1.0,8.369132041931152,1.1497405767440796
75,80,cvae,1,43,0.3046875,0.4140625,0.4450581395348837,1.0,4.12354850769043,0.7567433714866638
76,80,cvae,1,43,0.328125,0.40625,0.4772727272727273,1.0,6.602510452270508,1.1047085523605347
77,80,cvae,1,43,0.25,0.375,0.3709677419354839,1.0,6.33734130859375,1.239082932472229
78,80,cvae,1,43,0.3125,0.46875,0.45652173913043476,1.0,5.437954425811768,1.0149370431900024
79,80,cvae,1,43,0.3125,0.46875,0.43243243243243246,1.0,3.1445999145507812,0.6469974517822266
80,80,cvae,1,43,0.2734375,0.359375,0.3813852813852814,1.0,4.277594566345215,0.8502963781356812
81,80,cvae,1,43,0.2578125,0.375,0.3662911973299958,1.0,3.637568950653076,0.9185000061988831
82,80,cvae,1,43,0.375,0.390625,0.4444444444444444,1.0,7.032693862915039,1.297525405883789
83,80,cvae,1,43,0.234375,0.328125,0.4027027027027027,1.0,3.7257931232452393,0.8112990856170654
84,80,cvae,1,43,0.3046875,0.421875,0.45346320346320346,1.0,7.107022285461426,1.5375195741653442
85,80,cvae,1,43,0.3125,0.390625,0.4523809523809524,1.0,5.156251907348633,0.8879241347312927
86,80,cvae,1,43,0.328125,0.53125,0.5180722891566265,1.0,4.924206733703613,0.8546116948127747
87,80,cvae,1,43,0.375,0.375,0.49739583333333337,1.0,3.8630311489105225,0.7758358716964722
88,80,cvae,1,43,0.3125,0.40625,0.42105263157894735,1.0,4.573404788970947,0.8420660495758057
89,80,cvae,1,43,0.265625,0.359375,0.3829787234042553,1.0,4.312345504760742,0.8111840486526489
90,80,cvae,1,43,0.3671875,0.4296875,0.4764254385964912,1.0,5.314166069030762,1.0399044752120972
91,80,cvae,1,43,0.3125,0.3125,0.40816326530612246,1.0,8.528787612915039,1.2726091146469116
92,80,cvae,1,43,0.3359375,0.375,0.4421906693711968,1.0,5.451771259307861,0.961376965045929
93,80,cvae,1,43,0.296875,0.3125,0.4878048780487805,1.0,4.160252094268799,0.6702876687049866
94,80,cvae,1,43,0.328125,0.4765625,0.4875,1.0,4.319455623626709,1.0099704265594482
95,80,cvae,1,43,0.2734375,0.3671875,0.43421895006402045,1.0,7.205437660217285,1.3231239318847656
96,80,cvae,1,43,0.3046875,0.4140625,0.37495375508694045,1.0,4.231010437011719,0.9015504121780396
97,80,cvae,1,43,0.265625,0.390625,0.375,1.0,6.602232933044434,1.1482659578323364
98,80,cvae,1,43,0.3203125,0.46875,0.42395104895104896,1.0,4.597969055175781,0.9820069670677185
99,80,cvae,1,43,0.3046875,0.3359375,0.5063718140929535,1.0,6.442997932434082,1.2670092582702637
100,80,cvae,1,43,0.328125,0.375,0.47619047619047616,1.0,4.519347190856934,0.8203108906745911
101,80,cvae,1,43,0.3359375,0.375,0.43977591036414565,1.0,6.189272880554199,1.1336281299591064
102,80,cvae,1,43,0.34375,0.4140625,0.4356060606060606,1.0,4.412020683288574,0.804602324962616
103,80,cvae,1,43,0.3125,0.484375,0.43859649122807015,1.0,4.889491081237793,0.8724425435066223
104,80,cvae,1,43,0.265625,0.34375,0.3958333333333333,1.0,6.114362716674805,1.248652696609497
105,80,cvae,1,43,0.3203125,0.4296875,0.4190761050182785,1.0,4.724380016326904,0.9514121413230896
106,80,cvae,1,43,0.3125,0.40625,0.425531914893617,1.0,4.65431547164917,0.9017917513847351
107,80,cvae,1,43,0.296875,0.421875,0.4523809523809524,1.0,4.604736804962158,0.8241751194000244
108,80,cvae,1,43,0.34375,0.4375,0.4642042863657091,1.0,5.001431465148926,1.2324692010879517
109,80,cvae,1,43,0.3125,0.390625,0.40024086712163787,1.0,3.359464645385742,0.7175685167312622
110,80,cvae,1,43,0.3046875,0.4765625,0.38913525498891355,1.0,4.679458141326904,1.0771265029907227
111,80,cvae,1,43,0.3359375,0.40625,0.44466403162055335,1.0,4.162247657775879,0.7822964191436768
112,80,cvae,1,43,0.359375,0.484375,0.42592592592592593,1.0,4.194514751434326,0.825229287147522
113,80,cvae,1,43,0.359375,0.40625,0.46938775510204084,1.0,3.579251766204834,0.8148501515388489
114,80,cvae,1,43,0.2578125,0.3671875,0.41346153846153844,1.0,4.902904510498047,0.9689289331436157
115,80,cvae,1,43,0.359375,0.4765625,0.5053191489361701,1.0,5.298671722412109,1.2215057611465454
116,80,cvae,1,43,0.3125,0.4140625,0.4356060606060606,1.0,2.6849851608276367,0.589280903339386
117,80,cvae,1,43,0.390625,0.46875,0.5166666666666667,1.0,4.4768290519714355,0.8844600319862366
118,80,cvae,1,43,0.3515625,0.390625,0.5349593495934959,1.0,6.033668518066406,1.0407183170318604
119,80,cvae,1,43,0.296875,0.3984375,0.40443840579710144,1.0,6.328143119812012,1.0625032186508179
120,80,cvae,1,43,0.265625,0.4140625,0.3956043956043956,1.0,3.53989839553833,0.8349817395210266
121,80,cvae,1,43,0.296875,0.34375,0.4523809523809524,1.0,6.265222549438477,1.2639596462249756
122,80,cvae,1,43,0.3046875,0.3828125,0.43653846153846154,1.0,6.413061141967773,1.076422095298767
123,80,cvae,1,43,0.328125,0.453125,0.4090909090909091,1.0,4.6715087890625,0.8867768049240112
124,80,cvae,1,43,0.3125,0.359375,0.4186046511627907,1.0,3.5000903606414795,0.7825413346290588
125,80,cvae,1,43,0.3671875,0.375,0.46841755319148937,1.0,6.419110298156738,1.1921323537826538
126,80,cvae,1,43,0.34375,0.5,0.3847826086956522,1.0,2.6542277336120605,0.6144025921821594
127,80,cvae,1,43,0.3359375,0.3515625,0.43173758865248224,1.0,5.739543914794922,1.0306109189987183
128,80,cvae,1,43,0.2890625,0.34375,0.428743961352657,1.0,6.7922773361206055,0.9898120164871216
129,80,cvae,1,43,0.484375,0.390625,0.559322033898305,1.0,4.986133098602295,0.949834942817688
130,80,cvae,1,43,0.3125,0.3203125,0.42206828302820387,1.0,4.861896991729736,0.7567304968833923
131,80,cvae,1,43,0.3203125,0.3203125,0.48883374689826303,1.0,5.899392127990723,1.192046046257019
132,80,cvae,1,43,0.34375,0.4296875,0.43154761904761907,1.0,5.873044967651367,1.1644680500030518
133,80,cvae,1,43,0.3984375,0.4140625,0.5527777777777778,1.0,4.6042094230651855,0.9394370317459106
134,80,cvae,1,43,0.296875,0.421875,0.42857142857142855,1.0,5.518743515014648,0.9897773861885071
135,80,cvae,1,43,0.328125,0.453125,0.41304347826086957,1.0,4.447175979614258,0.8085106015205383
136,80,cvae,1,43,0.28125,0.359375,0.39682539682539686,1.0,5.2133073806762695,1.1668217182159424
137,80,cvae,1,43,0.3046875,0.484375,0.4334659593280283,1.0,2.9605815410614014,0.5717362761497498
138,80,cvae,1,43,0.2265625,0.3359375,0.38422131147540983,1.0,4.458253383636475,0.9501113295555115
139,80,cvae,1,43,0.375,0.421875,0.4418604651162791,1.0,5.783967971801758,1.1811975240707397
140,80,cvae,1,43,0.25,0.359375,0.34782608695652173,1.0,5.403280735015869,1.0865782499313354
141,80,cvae,1,43,0.2734375,0.40625,0.391304347826087,1.0,3.3409547805786133,0.6561563611030579
142,80,cvae,1,43,0.2578125,0.40625,0.30991864831038796,1.0,6.060718536376953,0.925117552280426
143,80,cvae,1,43,0.265625,0.375,0.4146341463414634,1.0,5.544099807739258,0.8811143040657043
144,80,cvae,1,43,0.34375,0.375,0.4461538461538462,1.0,4.191269397735596,0.9148186445236206
145,80,cvae,1,43,0.2734375,0.3203125,0.3926767676767676,1.0,5.3356122970581055,0.9578919410705566
146,80,cvae,1,43,0.296875,0.359375,0.3931159420289855,1.0,3.275024652481079,0.6794689893722534
147,80,cvae,1,43,0.28125,0.40625,0.42857142857142855,1.0,5.607826232910156,1.0370488166809082
148,80,cvae,1,43,0.265625,0.40625,0.41818181818181815,1.0,3.806351661682129,0.8573632836341858
149,80,cvae,1,43,0.2734375,0.3515625,0.4083333333333333,1.0,5.870677471160889,1.1474500894546509
150,80,cvae,1,43,0.28125,0.375,0.43478260869565216,1.0,3.9979705810546875,0.7995678782463074
151,80,cvae,1,43,0.2890625,0.4375,0.4676113360323887,1.0,6.145352363586426,0.8794893026351929
152,80,cvae,1,43,0.375,0.4375,0.48936170212765956,1.0,4.926128387451172,0.9810954928398132
153,80,cvae,1,43,0.3359375,0.4296875,0.43223443223443225,1.0,3.900649070739746,0.7289319634437561
154,80,cvae,1,43,0.28125,0.359375,0.4201839826839827,1.0,5.6019062995910645,1.109323263168335
155,80,cvae,1,43,0.28125,0.421875,0.36194390715667313,1.0,4.917001247406006,0.9131982326507568
156,80,cvae,1,43,0.234375,0.375,0.3409090909090909,1.0,5.59179162979126,1.0091813802719116
157,80,cvae,1,43,0.296875,0.375,0.36666666666666664,1.0,5.901247978210449,1.0727235078811646
158,80,cvae,1,43,0.28125,0.3828125,0.4113384484228474,1.0,5.989372253417969,1.2060660123825073
159,80,cvae,1,43,0.2890625,0.3515625,0.4727941176470588,1.0,5.724271297454834,1.0777027606964111
160,80,cvae,1,43,0.296875,0.390625,0.4318181818181818,1.0,7.161711692810059,1.2088704109191895
161,80,cvae,1,43,0.296875,0.359375,0.48886689757545765,1.0,6.796408653259277,1.2889286279678345
162,80,cvae,1,43,0.421875,0.515625,0.46551724137931033,1.0,4.225301265716553,0.8334195613861084
163,80,cvae,1,43,0.28125,0.40625,0.425,1.0,8.108388900756836,1.629555583000183
164,80,cvae,1,43,0.3046875,0.375,0.45555555555555555,1.0,5.607924461364746,1.1208164691925049
165,80,cvae,1,43,0.3203125,0.4296875,0.46739130434782605,1.0,3.8089146614074707,0.7832185626029968
166,80,cvae,1,43,0.328125,0.4453125,0.4418811002661934,1.0,6.8814377784729,1.3378492593765259
167,80,cvae,1,43,0.453125,0.515625,0.453125,1.0,2.5645110607147217,0.6558462381362915
168,80,cvae,1,43,0.265625,0.296875,0.4472222222222222,1.0,7.352118015289307,1.2067606449127197
169,80,cvae,1,43,0.359375,0.5,0.44680851063829785,0.875,4.180166244506836,0.9323820471763611
170,80,cvae,1,43,0.296875,0.390625,0.449314251639833,1.0,8.637784004211426,1.4255410432815552
171,80,cvae,1,43,0.28125,0.453125,0.3877551020408163,1.0,3.2475438117980957,0.6801193952560425
172,80,cvae,1,43,0.3046875,0.3515625,0.4225,1.0,4.4620819091796875,0.7823084592819214
173,80,cvae,1,43,0.34375,0.375,0.4807692307692308,1.0,4.748040199279785,0.9095380306243896
174,80,cvae,1,43,0.28125,0.375,0.423728813559322,1.0,5.1650872230529785,0.9909327626228333
175,80,cvae,1,43,0.3359375,0.375,0.42868338557993735,1.0,4.349968910217285,0.7375653386116028
176,80,cvae,1,43,0.2734375,0.3828125,0.38095238095238093,1.0,6.1362175941467285,1.0014219284057617
177,80,cvae,1,43,0.3203125,0.3671875,0.44562647754137114,1.0,4.336060523986816,0.8728861808776855
178,80,cvae,1,43,0.3515625,0.4375,0.47117516629711753,1.0,6.148783206939697,1.0228856801986694
179,80,cvae,1,43,0.3125,0.390625,0.3953488372093023,1.0,4.211176872253418,0.7974286675453186
180,80,cvae,1,43,0.296875,0.375,0.40425531914893614,1.0,6.466360569000244,1.2703932523727417
181,80,cvae,1,43,0.265625,0.328125,0.38636363636363635,1.0,5.265419006347656,1.0739651918411255
182,80,cvae,1,43,0.25,0.328125,0.4048076923076923,1.0,4.427562713623047,1.0019315481185913
183,80,cvae,1,43,0.265625,0.359375,0.41025641025641024,1.0,6.389481544494629,1.2567002773284912
184,80,cvae,1,43,0.328125,0.421875,0.4021571648690293,1.0,4.346146583557129,0.9366089105606079
185,80,cvae,1,43,0.3046875,0.328125,0.4597222222222222,1.0,7.451842308044434,1.3294897079467773
186,80,cvae,1,43,0.375,0.421875,0.5,1.0,5.0082292556762695,1.0338698625564575
187,80,cvae,1,43,0.34375,0.421875,0.4444444444444444,1.0,4.941596984863281,0.965410053730011
188,80,cvae,1,43,0.359375,0.390625,0.4807692307692308,1.0,6.116937637329102,1.20421302318573
189,80,cvae,1,43,0.296875,0.375,0.4222222222222222,1.0,5.040378570556641,0.9420514702796936
190,80,cvae,1,43,0.296875,0.390625,0.40425531914893614,1.0,6.172098159790039,1.1779899597167969
191,80,cvae,1,43,0.3515625,0.4609375,0.44337606837606836,1.0,5.424261569976807,1.1651577949523926
192,80,cvae,1,43,0.21875,0.3125,0.40625,1.0,7.629079818725586,1.2580680847167969
193,80,cvae,1,43,0.28125,0.375,0.40816326530612246,1.0,5.234834671020508,1.1703743934631348
194,80,cvae,1,43,0.328125,0.328125,0.5,1.0,5.538148403167725,1.0772039890289307
195,80,cvae,1,43,0.28125,0.421875,0.37254901960784315,1.0,5.864038944244385,1.0682591199874878
196,80,cvae,1,43,0.28125,0.40625,0.4716981132075472,1.0,3.5455963611602783,0.750282883644104
197,80,cvae,1,43,0.34375,0.390625,0.4230769230769231,1.0,6.092461585998535,0.9088213443756104
198,80,cvae,1,43,0.3125,0.4765625,0.42803030303030304,1.0,5.631032943725586,1.2960810661315918
199,80,cvae,1,43,0.328125,0.390625,0.5303030303030303,1.0,4.720475196838379,0.964569628238678
200,80,cvae,1,43,0.3203125,0.390625,0.4896214896214896,1.0,4.450742244720459,0.8117680549621582
201,80,cvae,1,43,0.328125,0.40625,0.4418604651162791,1.0,3.6804003715515137,0.7077490091323853
202,80,cvae,1,43,0.3828125,0.4453125,0.4472811671087533,1.0,5.583333492279053,0.9551749229431152
203,80,cvae,1,43,0.296875,0.3203125,0.46256684491978606,1.0,5.552267074584961,1.0662480592727661
204,80,cvae,1,43,0.328125,0.328125,0.4117647058823529,0.9,6.194963455200195,1.1039597988128662
205,80,cvae,1,43,0.28125,0.34375,0.391304347826087,1.0,5.834806442260742,1.1364139318466187
206,80,cvae,1,43,0.359375,0.421875,0.4318181818181818,0.9,5.593921661376953,0.9940245151519775
207,80,cvae,1,43,0.25,0.359375,0.39655172413793105,1.0,5.678493022918701,1.1018362045288086
208,80,cvae,1,43,0.3125,0.359375,0.4264705882352941,1.0,4.649062156677246,0.9101179242134094
209,80,cvae,1,43,0.296875,0.390625,0.39473684210526316,1.0,3.9177451133728027,0.7589146494865417
210,80,cvae,1,43,0.296875,0.40625,0.4222222222222222,1.0,4.801689147949219,1.0243641138076782
211,80,cvae,1,43,0.3125,0.421875,0.38095238095238093,1.0,3.8404178619384766,0.7750033140182495
212,80,cvae,1,43,0.296875,0.40625,0.3888888888888889,1.0,7.3107523918151855,1.2649985551834106
213,80,cvae,1,43,0.2734375,0.359375,0.3847826086956522,1.0,4.552499294281006,0.9030911326408386
214,80,cvae,1,43,0.265625,0.453125,0.3707070707070707,1.0,4.769552230834961,0.956095278263092
215,80,cvae,1,43,0.296875,0.359375,0.3877551020408163,1.0,7.324284553527832,1.2097288370132446
216,80,cvae,1,43,0.359375,0.34375,0.5106382978723404,1.0,9.243616104125977,1.4556257724761963
217,80,cvae,1,43,0.296875,0.3828125,0.4176328502415459,1.0,2.682145595550537,0.4409765899181366
218,80,cvae,1,43,0.28125,0.390625,0.43902439024390244,1.0,2.6805365085601807,0.5794841051101685
219,80,cvae,1,43,0.328125,0.359375,0.5040526849037488,1.0,7.587729454040527,1.3285256624221802
220,80,cvae,1,43,0.328125,0.390625,0.42,1.0,4.136120796203613,0.824261486530304
221,80,cvae,1,43,0.3125,0.3125,0.45454545454545453,1.0,7.012667655944824,1.1261502504348755
222,80,cvae,1,43,0.3359375,0.4375,0.43163340724316335,1.0,4.976627826690674,0.9775070548057556
223,80,cvae,1,43,0.25,0.375,0.43509316770186335,1.0,4.858280181884766,1.1212692260742188
224,80,cvae,1,43,0.28125,0.3203125,0.40408163265306124,1.0,3.8957653045654297,0.8087412118911743
225,80,cvae,1,43,0.421875,0.484375,0.5227272727272727,1.0,3.7307419776916504,0.7727335095405579
226,80,cvae,1,43,0.296875,0.4453125,0.4049886621315193,1.0,3.1029553413391113,0.821651041507721
227,80,cvae,1,43,0.3515625,0.5390625,0.39655172413793105,1.0,3.7190191745758057,0.8319635391235352
228,80,cvae,1,43,0.2578125,0.34375,0.4096774193548387,1.0,5.141934394836426,1.0117411613464355
229,80,cvae,1,43,0.3203125,0.3984375,0.4382561535252399,1.0,6.477917671203613,1.151548981666565
230,80,cvae,1,43,0.3125,0.40625,0.4375,1.0,5.217141151428223,1.1615005731582642
231,80,cvae,1,43,0.296875,0.421875,0.45161290322580644,1.0,5.497669219970703,1.0302329063415527
232,80,cvae,1,43,0.4375,0.4453125,0.5151515151515151,1.0,4.490315914154053,1.0922244787216187
233,80,cvae,1,43,0.3046875,0.4296875,0.3902597402597403,1.0,3.44970703125,0.6489734649658203
234,80,cvae,1,43,0.328125,0.4140625,0.4500915750915751,1.0,5.883124828338623,1.247438669204712
235,80,cvae,1,43,0.359375,0.40625,0.45098039215686275,1.0,4.983001232147217,1.0722790956497192
236,80,cvae,1,43,0.296875,0.4140625,0.4032567049808429,1.0,5.894879341125488,1.111565113067627
237,80,cvae,1,43,0.296875,0.34375,0.42,1.0,4.622570991516113,0.8861767053604126
238,80,cvae,1,43,0.3515625,0.40625,0.42233827493261455,1.0,5.97542667388916,1.1843396425247192
239,80,cvae,1,43,0.28125,0.421875,0.375,1.0,4.6773834228515625,1.144753336906433
240,80,cvae,1,43,0.3125,0.40625,0.4880952380952381,1.0,3.9855470657348633,0.7127275466918945
241,80,cvae,1,43,0.296875,0.40625,0.4634146341463415,1.0,6.084377765655518,0.911220908164978
242,80,cvae,1,43,0.328125,0.3828125,0.44,1.0,6.512475967407227,1.2663686275482178
243,80,cvae,1,43,0.34375,0.328125,0.5248316498316499,0.9230769230769231,8.510282516479492,1.6943750381469727
244,80,cvae,1,43,0.28125,0.375,0.4406779661016949,1.0,3.2410359382629395,0.6255620121955872
245,80,cvae,1,43,0.328125,0.4296875,0.43180686908909904,1.0,4.6242170333862305,0.8408101797103882
246,80,cvae,1,43,0.234375,0.3359375,0.3860310421286031,1.0,7.242372989654541,1.2040045261383057
247,80,cvae,1,43,0.296875,0.34375,0.4339622641509434,1.0,8.994735717773438,1.2170307636260986
248,80,cvae,1,43,0.2734375,0.3125,0.3804347826086957,1.0,6.923089981079102,1.2761809825897217
249,80,cvae,1,43,0.328125,0.40625,0.4772727272727273,1.0,7.551369667053223,1.3399399518966675
250,80,cvae,1,43,0.2421875,0.3359375,0.4262162162162162,1.0,4.023502826690674,0.8962084054946899
251,80,cvae,1,43,0.28125,0.4375,0.4222222222222222,1.0,5.3240790367126465,1.142551302909851
252,80,cvae,1,43,0.375,0.328125,0.4032258064516129,1.0,4.242499351501465,0.8909512758255005
253,80,cvae,1,43,0.265625,0.3828125,0.3666666666666667,1.0,2.7758803367614746,0.5942343473434448
254,80,cvae,1,43,0.375,0.53125,0.37254901960784315,1.0,4.201958656311035,0.8620947599411011
255,80,cvae,1,43,0.25,0.390625,0.3661257606490872,1.0,3.8948755264282227,0.761046290397644
256,80,cvae,1,43,0.296875,0.4140625,0.403031561461794,1.0,2.9688310623168945,0.6000087857246399
257,80,cvae,1,43,0.375,0.5,0.46153846153846156,0.875,5.489752292633057,0.9715214371681213
258,80,cvae,1,43,0.28125,0.3671875,0.37421052631578944,1.0,4.196338176727295,0.7797164916992188
259,80,cvae,1,43,0.3359375,0.34375,0.5111331024245422,1.0,6.34625244140625,1.1689203977584839
260,80,cvae,1,43,0.375,0.515625,0.53125,1.0,2.8548293113708496,0.6106278896331787
261,80,cvae,1,43,0.359375,0.40625,0.45,1.0,6.3694257736206055,0.9990670680999756
262,80,cvae,1,43,0.265625,0.4375,0.5,1.0,5.743889808654785,1.0328562259674072
263,80,cvae,1,43,0.3046875,0.4375,0.42619047619047623,1.0,5.661318778991699,1.015080451965332
264,80,cvae,1,43,0.3203125,0.4609375,0.3942307692307692,1.0,4.995135307312012,0.8684999346733093
265,80,cvae,1,43,0.2890625,0.4375,0.39446002805049085,1.0,6.121854782104492,1.0821441411972046
266,80,cvae,1,43,0.28125,0.40625,0.4146341463414634,1.0,4.143517017364502,1.059762954711914
267,80,cvae,1,43,0.296875,0.34375,0.40476190476190477,1.0,6.560111045837402,1.2960530519485474
268,80,cvae,1,43,0.265625,0.34375,0.38636363636363635,1.0,6.3817596435546875,1.1258046627044678
269,80,cvae,1,43,0.2734375,0.328125,0.4069264069264069,0.8888888888888888,4.704145908355713,0.9531611204147339
270,80,cvae,1,43,0.296875,0.421875,0.44089147286821706,1.0,4.553101539611816,0.9973506927490234
271,80,cvae,1,43,0.296875,0.390625,0.4318181818181818,1.0,5.302267074584961,1.0214043855667114
272,80,cvae,1,43,0.234375,0.328125,0.425,1.0,6.623888969421387,1.2692095041275024
273,80,cvae,1,43,0.3515625,0.453125,0.40929824561403505,1.0,3.3891305923461914,0.6996921896934509
274,80,cvae,1,43,0.3203125,0.3828125,0.4004941599281222,1.0,6.0859599113464355,1.221657156944275
275,80,cvae,1,43,0.3515625,0.3359375,0.49324324324324326,1.0,4.860779762268066,0.9144337773323059
276,80,cvae,1,43,0.4375,0.5,0.5283018867924528,1.0,2.4698727130889893,0.5116076469421387
277,80,cvae,1,43,0.296875,0.40625,0.43859649122807015,1.0,4.804964065551758,0.9396874308586121
278,80,cvae,1,43,0.34375,0.390625,0.45098039215686275,1.0,6.14012336730957,0.9920538663864136
279,80,cvae,1,43,0.234375,0.375,0.38461538461538464,1.0,3.908522367477417,0.9138587117195129
280,80,cvae,1,43,0.34375,0.34375,0.43137254901960786,1.0,5.0086822509765625,1.058907389640808
281,80,cvae,1,43,0.3671875,0.40625,0.44975490196078427,1.0,6.041891098022461,1.1050759553909302
282,80,cvae,1,43,0.296875,0.3125,0.4857142857142857,1.0,2.7916769981384277,0.5344220995903015
283,80,cvae,1,43,0.359375,0.453125,0.4880952380952381,1.0,4.610940456390381,0.9104639291763306
284,80,cvae,1,43,0.3125,0.328125,0.5384615384615384,1.0,2.296614170074463,0.579205334186554
285,80,cvae,1,43,0.34375,0.359375,0.5016025641025641,1.0,5.028313159942627,1.0165091753005981
286,80,cvae,1,43,0.3359375,0.390625,0.4574468085106383,1.0,2.9960455894470215,0.5967925786972046
287,80,cvae,1,43,0.296875,0.28125,0.47058823529411764,1.0,4.301358222961426,1.0031416416168213
288,80,cvae,1,43,0.28125,0.390625,0.39473684210526316,1.0,4.038322925567627,0.8194634914398193
289,80,cvae,1,43,0.3125,0.3828125,0.43105065666041276,1.0,4.1522369384765625,0.7752155065536499
290,80,cvae,1,43,0.265625,0.4296875,0.36478260869565216,1.0,4.494061470031738,0.853364109992981
291,80,cvae,1,43,0.3125,0.34375,0.45067698259187616,1.0,5.58444881439209,1.0194475650787354
292,80,cvae,1,43,0.3125,0.40625,0.43478260869565216,1.0,6.016645908355713,1.1277871131896973
293,80,cvae,1,43,0.3046875,0.4296875,0.4084448160535117,1.0,7.236018180847168,1.3719502687454224
294,80,cvae,1,43,0.265625,0.375,0.3695652173913043,1.0,5.071929931640625,1.1507409811019897
295,80,cvae,1,43,0.25,0.34375,0.3488372093023256,1.0,5.98907470703125,0.9118813872337341
296,80,cvae,1,43,0.296875,0.28125,0.46577380952380953,0.9090909090909091,7.5091753005981445,1.4010576009750366
297,80,cvae,1,43,0.3125,0.421875,0.46153846153846156,1.0,7.451930999755859,1.141580581665039
298,80,cvae,1,43,0.3125,0.40625,0.40816326530612246,1.0,4.465730667114258,0.8832867741584778
299,80,cvae,1,43,0.296875,0.375,0.4222222222222222,1.0,3.9474000930786133,0.8664596080780029
300,80,cvae,1,43,0.25,0.390625,0.43333333333333335,1.0,2.9598286151885986,0.6517506241798401
301,80,cvae,1,43,0.359375,0.46875,0.5,1.0,3.3201217651367188,0.7113295197486877
302,80,cvae,1,43,0.3125,0.390625,0.4406779661016949,1.0,4.835155963897705,1.0618454217910767
303,80,cvae,1,43,0.34375,0.3515625,0.4018342391304348,1.0,4.330653190612793,0.8082847595214844
304,80,cvae,1,43,0.328125,0.359375,0.49056603773584906,1.0,5.721035003662109,1.2472254037857056
305,80,cvae,1,43,0.296875,0.328125,0.4523809523809524,1.0,3.2440595626831055,0.7142251133918762
306,80,cvae,1,43,0.296875,0.328125,0.5531914893617021,1.0,3.4979686737060547,0.6997429132461548
307,80,cvae,1,43,0.390625,0.421875,0.45901639344262296,1.0,7.790687561035156,1.4100918769836426
308,80,cvae,1,43,0.328125,0.4375,0.41509433962264153,1.0,4.040776252746582,0.8683990836143494
309,80,cvae,1,43,0.546875,0.5625,0.5584415584415584,1.0,4.935329914093018,0.970984160900116
310,80,cvae,1,43,0.3515625,0.375,0.4582608695652174,1.0,4.822484970092773,1.0134530067443848
311,80,cvae,1,43,0.296875,0.421875,0.38,1.0,4.640768051147461,0.7536634802818298
312,80,cvae,1,43,0.296875,0.390625,0.41304347826086957,1.0,5.623946189880371,1.118857502937317
313,80,cvae,1,43,0.2734375,0.3671875,0.42160278745644597,1.0,5.593008518218994,1.07384192943573
314,80,cvae,1,43,0.3046875,0.34375,0.43178763440860213,1.0,3.802276849746704,0.8300789594650269
315,80,cvae,1,43,0.28125,0.421875,0.36,1.0,5.029908657073975,0.8593335151672363
316,80,cvae,1,43,0.3046875,0.40625,0.4387871853546911,1.0,7.153508186340332,1.2961833477020264
317,80,cvae,1,43,0.28125,0.453125,0.36585365853658536,1.0,4.201204776763916,0.9525037407875061
318,80,cvae,1,43,0.296875,0.40625,0.42857142857142855,1.0,6.926910400390625,1.1712360382080078
319,80,cvae,1,43,0.328125,0.453125,0.42857142857142855,1.0,4.31699275970459,1.0947076082229614
320,80,cvae,1,43,0.3203125,0.4140625,0.4316993464052288,1.0,3.540663003921509,0.7204296588897705
321,80,cvae,1,43,0.4453125,0.390625,0.5169354838709678,1.0,5.3721208572387695,1.2063298225402832
322,80,cvae,1,43,0.265625,0.296875,0.5263157894736842,1.0,5.89833927154541,1.113372802734375
323,80,cvae,1,43,0.296875,0.375,0.4666666666666667,1.0,4.206424236297607,0.8438223600387573
324,80,cvae,1,43,0.3125,0.359375,0.46808510638297873,1.0,7.590180397033691,1.1995630264282227
325,80,cvae,1,43,0.328125,0.359375,0.49615384615384617,1.0,2.9008922576904297,0.6682724356651306
326,80,cvae,1,43,0.2734375,0.328125,0.40476190476190477,1.0,6.424783706665039,1.1874052286148071
327,80,cvae,1,43,0.28125,0.3515625,0.4195906432748538,1.0,4.51740026473999,0.9441004395484924
328,80,cvae,1,43,0.296875,0.3046875,0.4717171717171717,1.0,7.960380554199219,1.331411600112915
329,80,cvae,1,43,0.3046875,0.4140625,0.39109848484848486,1.0,5.408411979675293,1.044512391090393
330,80,cvae,1,43,0.40625,0.390625,0.49056603773584906,1.0,5.250028610229492,0.882243812084198
331,80,cvae,1,43,0.234375,0.3359375,0.399234693877551,1.0,5.110622406005859,0.8223767280578613
332,80,cvae,1,43,0.3125,0.40625,0.4117647058823529,1.0,4.864763259887695,0.966669499874115
333,80,cvae,1,43,0.3359375,0.3984375,0.4838112858464385,1.0,3.685464859008789,0.6541494727134705
334,80,cvae,1,43,0.3515625,0.4296875,0.4580701754385965,1.0,4.889569282531738,1.01201593875885
335,80,cvae,1,43,0.375,0.359375,0.4716981132075472,1.0,5.8147077560424805,0.9956050515174866
336,80,cvae,1,43,0.28125,0.4609375,0.37607843137254904,1.0,3.5147666931152344,0.7720255255699158
337,80,cvae,1,43,0.296875,0.265625,0.43103448275862066,1.0,5.930835723876953,1.0510741472244263
338,80,cvae,1,43,0.265625,0.328125,0.46875,1.0,5.8156633377075195,1.3156397342681885
339,80,cvae,1,43,0.2734375,0.375,0.4069767441860465,1.0,7.297027111053467,0.9742856621742249
340,80,cvae,1,43,0.328125,0.359375,0.45454545454545453,1.0,4.673053741455078,0.7721665501594543
341,80,cvae,1,43,0.375,0.4609375,0.44505494505494503,1.0,5.7878570556640625,0.9976836442947388
342,80,cvae,1,43,0.296875,0.375,0.3877551020408163,1.0,5.017588138580322,0.8934732675552368
343,80,cvae,1,43,0.3125,0.4375,0.4375,1.0,4.187709808349609,0.8925708532333374
344,80,cvae,1,43,0.40625,0.484375,0.4479427549194991,1.0,4.257510185241699,0.9304448962211609
345,80,cvae,1,43,0.25,0.375,0.4166666666666667,1.0,3.941599130630493,0.6084346175193787
346,80,cvae,1,43,0.2734375,0.3671875,0.3951219512195122,1.0,6.340997695922852,1.0783681869506836
347,80,cvae,1,43,0.328125,0.3125,0.4807692307692308,1.0,7.3452582359313965,1.1243482828140259
348,80,cvae,1,43,0.328125,0.34375,0.45652173913043476,1.0,6.08659553527832,1.2806938886642456
349,80,cvae,1,43,0.265625,0.40625,0.37777777777777777,1.0,4.936934471130371,1.0516502857208252
350,80,cvae,1,43,0.265625,0.34375,0.4666666666666667,1.0,6.040915489196777,1.1318999528884888
351,80,cvae,1,43,0.265625,0.34375,0.3695652173913043,1.0,4.88803243637085,1.0569815635681152
352,80,cvae,1,43,0.265625,0.328125,0.37777777777777777,1.0,3.976973295211792,0.7822572588920593
353,80,cvae,1,43,0.3125,0.34375,0.43103448275862066,1.0,6.405838966369629,1.2589128017425537
354,80,cvae,1,43,0.265625,0.40625,0.40476190476190477,1.0,5.509267807006836,1.1842832565307617
355,80,cvae,1,43,0.3203125,0.4140625,0.5044593088071349,1.0,4.2441606521606445,0.9222561120986938
356,80,cvae,1,43,0.28125,0.390625,0.3699404761904762,1.0,4.518139362335205,0.925277590751648
357,80,cvae,1,43,0.296875,0.265625,0.4634146341463415,1.0,4.397220611572266,0.9005522727966309
358,80,cvae,1,43,0.359375,0.40625,0.49546564352982214,1.0,5.2643280029296875,1.028355598449707
359,80,cvae,1,43,0.28125,0.46875,0.4027777777777778,1.0,3.3899593353271484,0.6347439885139465
360,80,cvae,1,43,0.34375,0.421875,0.45340425531914896,1.0,5.090723037719727,0.8447306752204895
361,80,cvae,1,43,0.328125,0.46875,0.423728813559322,1.0,4.86008358001709,1.1229100227355957
362,80,cvae,1,43,0.3125,0.40625,0.4666666666666667,1.0,5.770429611206055,1.104889988899231
363,80,cvae,1,43,0.359375,0.4453125,0.43212530712530717,1.0,5.302602767944336,1.0175522565841675
364,80,cvae,1,43,0.46875,0.5,0.5454545454545454,1.0,3.3312792778015137,0.7448680400848389
365,80,cvae,1,43,0.296875,0.3828125,0.45701219512195124,1.0,3.9585609436035156,0.7876192927360535
366,80,cvae,1,43,0.34375,0.3828125,0.4895981087470449,1.0,6.359762191772461,1.1623550653457642
367,80,cvae,1,43,0.328125,0.4375,0.42428571428571427,1.0,6.5500288009643555,1.1447186470031738
368,80,cvae,1,43,0.296875,0.421875,0.38788788788788786,1.0,5.371350288391113,1.2058193683624268
369,80,cvae,1,43,0.359375,0.421875,0.45242337847469705,1.0,3.9480247497558594,0.772213876247406
370,80,cvae,1,43,0.3203125,0.421875,0.42410714285714285,1.0,5.119710922241211,0.9877011179924011
371,80,cvae,1,43,0.2734375,0.4609375,0.3700564971751412,1.0,3.5882670879364014,0.7388155460357666
372,80,cvae,1,43,0.359375,0.3125,0.4423076923076923,1.0,7.292602062225342,1.3444645404815674
373,80,cvae,1,43,0.3828125,0.390625,0.44519774011299434,1.0,9.860551834106445,1.5255789756774902
374,80,cvae,1,43,0.296875,0.375,0.4045086119554204,1.0,5.694903373718262,1.0758064985275269
375,80,cvae,1,43,0.3125,0.328125,0.4418604651162791,1.0,5.733449935913086,1.1116114854812622
376,80,cvae,1,43,0.296875,0.40625,0.4523809523809524,1.0,4.577055931091309,0.8436558842658997
377,80,cvae,1,43,0.3515625,0.390625,0.4424342105263158,1.0,5.5562028884887695,1.0282158851623535
378,80,cvae,1,43,0.34375,0.4296875,0.39502164502164505,1.0,5.501176834106445,1.0555124282836914
379,80,cvae,1,43,0.3125,0.4453125,0.4351851851851852,1.0,2.8154730796813965,0.5477977991104126
380,80,cvae,1,43,0.28125,0.34375,0.391304347826087,1.0,5.591236114501953,1.142620325088501
381,80,cvae,1,43,0.3359375,0.34375,0.44793868921775903,1.0,5.383875370025635,1.0117546319961548
382,80,cvae,1,43,0.28125,0.390625,0.4,1.0,3.6080641746520996,0.7719122171401978
383,80,cvae,1,43,0.2890625,0.3984375,0.4286750483558994,1.0,7.990978240966797,1.1282949447631836
384,80,cvae,1,43,0.28125,0.3515625,0.42080745341614906,1.0,7.653120517730713,1.608772873878479
385,80,cvae,1,43,0.3125,0.3671875,0.4373638344226579,1.0,4.206638813018799,0.713951587677002
386,80,cvae,1,43,0.359375,0.453125,0.41941391941391937,1.0,3.931628704071045,0.6941006183624268
387,80,cvae,1,43,0.390625,0.46875,0.5208333333333334,1.0,5.1053595542907715,0.9868696331977844
388,80,cvae,1,43,0.234375,0.390625,0.36363636363636365,0.9,4.565212249755859,1.0018856525421143
389,80,cvae,1,43,0.328125,0.453125,0.4,1.0,5.261474609375,0.8918640613555908
390,80,cvae,1,43,0.28125,0.375,0.391304347826087,1.0,4.903667449951172,0.9211382269859314
391,80,cvae,1,43,0.359375,0.390625,0.5106382978723404,1.0,8.48001480102539,1.4000252485275269
392,80,cvae,1,43,0.3125,0.4375,0.3934468524251806,1.0,5.336681365966797,0.997065544128418
393,80,cvae,1,43,0.265625,0.328125,0.43012820512820515,1.0,5.991732597351074,1.1218245029449463
394,80,cvae,1,43,0.328125,0.421875,0.4117647058823529,1.0,5.349911212921143,1.0596421957015991
395,80,cvae,1,43,0.2421875,0.296875,0.4057017543859649,1.0,5.336042404174805,1.0263828039169312
396,80,cvae,1,43,0.2890625,0.3515625,0.449000407996736,0.9090909090909091,6.259028434753418,1.3265098333358765
397,80,cvae,1,43,0.3046875,0.2734375,0.5199546485260771,1.0,4.972035884857178,0.9942578077316284
398,80,cvae,1,43,0.3125,0.34375,0.4642857142857143,1.0,7.630897521972656,1.1050541400909424
399,80,cvae,1,43,0.296875,0.34375,0.4,1.0,8.86250114440918,1.430621862411499
400,80,cvae,1,43,0.28125,0.4140625,0.4335075493612079,1.0,3.554652690887451,0.5882607698440552
401,80,cvae,1,43,0.3125,0.40625,0.4375,1.0,9.378149032592773,1.5742658376693726
402,80,cvae,1,43,0.3125,0.4375,0.4642857142857143,1.0,7.142038345336914,1.2237814664840698
403,80,cvae,1,43,0.34375,0.375,0.44,1.0,4.000247955322266,0.8814061284065247
404,80,cvae,1,43,0.28125,0.3359375,0.3906862745098039,1.0,5.741005897521973,1.0654537677764893
405,80,cvae,1,43,0.3125,0.390625,0.41440217391304346,1.0,4.070247173309326,0.7566897869110107
406,80,cvae,1,43,0.2734375,0.328125,0.37675070028011204,1.0,6.186066627502441,1.2830257415771484
407,80,cvae,1,43,0.296875,0.3671875,0.432712215320911,1.0,5.781031608581543,1.2452664375305176
408,80,cvae,1,43,0.296875,0.4375,0.42,1.0,7.408915042877197,1.1372908353805542
409,80,cvae,1,43,0.28125,0.34375,0.41025641025641024,0.9,6.279942989349365,1.2213921546936035
410,80,cvae,1,43,0.25,0.3125,0.38095238095238093,1.0,6.2475080490112305,1.0517220497131348
411,80,cvae,1,43,0.3125,0.375,0.515625,1.0,4.348621845245361,0.7957074642181396
412,80,cvae,1,43,0.265625,0.4140625,0.42112125162972625,1.0,6.445137023925781,0.9968138933181763
413,80,cvae,1,43,0.296875,0.296875,0.475,1.0,5.0411224365234375,0.9376602172851562
414,80,cvae,1,43,0.2890625,0.296875,0.43212530712530717,1.0,6.733660697937012,1.3348801136016846
415,80,cvae,1,43,0.3359375,0.375,0.46093023255813953,1.0,5.0210065841674805,1.0357475280761719
416,80,cvae,1,43,0.328125,0.421875,0.39473684210526316,1.0,6.661016464233398,1.3188074827194214
417,80,cvae,1,43,0.265625,0.390625,0.4166666666666667,1.0,6.043072700500488,1.072788953781128
418,80,cvae,1,43,0.390625,0.375,0.48148148148148145,1.0,4.944572448730469,0.9411060810089111
419,80,cvae,1,43,0.3203125,0.40625,0.46064814814814814,1.0,2.9979026317596436,0.655017077922821
420,80,cvae,1,43,0.296875,0.453125,0.3870967741935484,1.0,4.908926963806152,1.0401984453201294
421,80,cvae,1,43,0.359375,0.421875,0.4146341463414634,1.0,5.928070068359375,1.0584886074066162
422,80,cvae,1,43,0.3125,0.375,0.4318181818181818,1.0,4.497737407684326,0.9830304980278015
423,80,cvae,1,43,0.3515625,0.40625,0.5041417395306029,1.0,6.014351844787598,1.1664774417877197
424,80,cvae,1,43,0.3125,0.328125,0.46875,1.0,6.452543258666992,1.1615806818008423
425,80,cvae,1,43,0.25,0.421875,0.4583333333333333,1.0,7.419452667236328,1.3935608863830566
426,80,cvae,1,43,0.296875,0.390625,0.40476190476190477,1.0,4.108752250671387,0.8273748755455017
427,80,cvae,1,43,0.3125,0.4375,0.37777777777777777,1.0,3.7711827754974365,0.7695147395133972
428,80,cvae,1,43,0.296875,0.375,0.4318181818181818,1.0,4.463313102722168,0.7082889676094055
429,80,cvae,1,43,0.3125,0.40625,0.44642857142857145,1.0,5.27540397644043,0.944451093673706
430,80,cvae,1,43,0.328125,0.40625,0.43137254901960786,1.0,6.423601150512695,1.1885156631469727
431,80,cvae,1,43,0.296875,0.4375,0.37777777777777777,1.0,3.0446937084198,0.6649999022483826
432,80,cvae,1,43,0.28125,0.390625,0.40540540540540543,1.0,4.572691917419434,0.970464289188385
433,80,cvae,1,43,0.296875,0.3359375,0.4330357142857143,1.0,7.230772018432617,1.4360787868499756
434,80,cvae,1,43,0.359375,0.453125,0.46,1.0,3.23966121673584,0.6129015684127808
435,80,cvae,1,43,0.328125,0.453125,0.43137254901960786,1.0,4.659951686859131,0.8512821197509766
436,80,cvae,1,43,0.3515625,0.4296875,0.4392857142857143,1.0,4.518519401550293,0.8125571608543396
437,80,cvae,1,43,0.25,0.328125,0.38838612368024134,1.0,5.2667717933654785,1.0090404748916626
438,80,cvae,1,43,0.3046875,0.453125,0.4080290010741139,1.0,7.249448776245117,1.1971286535263062
439,80,cvae,1,43,0.3125,0.4375,0.4367816091954023,1.0,8.0850830078125,1.433990716934204
440,80,cvae,1,43,0.4296875,0.4375,0.46070686070686073,1.0,5.436010360717773,1.1056313514709473
441,80,cvae,1,43,0.3359375,0.4453125,0.44345238095238093,1.0,4.743607997894287,0.8773632645606995
442,80,cvae,1,43,0.3125,0.453125,0.35,1.0,5.920193672180176,1.0613824129104614
443,80,cvae,1,43,0.3125,0.2578125,0.5265957446808511,1.0,7.241170883178711,1.0513403415679932
444,80,cvae,1,43,0.359375,0.4375,0.41935483870967744,1.0,3.805906057357788,0.8457878828048706
445,80,cvae,1,43,0.28125,0.3984375,0.40370813397129185,1.0,1.6824278831481934,0.36317765712738037
446,80,cvae,1,43,0.296875,0.359375,0.36538461538461536,1.0,5.945734977722168,1.0875344276428223
447,80,cvae,1,43,0.28125,0.3671875,0.4186046511627907,1.0,5.461368083953857,0.8972641229629517
448,80,cvae,1,43,0.359375,0.34375,0.5,1.0,5.328686237335205,1.0965927839279175
449,80,cvae,1,43,0.28125,0.4375,0.4090909090909091,1.0,5.604061126708984,0.9852468371391296
450,80,cvae,1,43,0.359375,0.515625,0.41142998515586343,1.0,4.597090721130371,0.927398145198822
451,80,cvae,1,43,0.28125,0.40625,0.458041958041958,1.0,9.673770904541016,1.408799409866333
452,80,cvae,1,43,0.28125,0.390625,0.3958333333333333,1.0,4.754361629486084,0.9847045540809631
453,80,cvae,1,43,0.3671875,0.328125,0.5225439012814428,1.0,5.657597541809082,0.9830310344696045
454,80,cvae,1,43,0.296875,0.296875,0.4489795918367347,1.0,6.719815254211426,1.1318411827087402
455,80,cvae,1,43,0.2421875,0.3828125,0.39610389610389607,1.0,5.545583724975586,1.0525411367416382
456,80,cvae,1,43,0.390625,0.40625,0.4878048780487805,1.0,5.970099449157715,1.329905390739441
457,80,cvae,1,43,0.296875,0.421875,0.4318181818181818,1.0,3.587242603302002,0.6765652894973755
458,80,cvae,1,43,0.3125,0.359375,0.42857142857142855,1.0,4.490255355834961,0.9020686149597168
459,80,cvae,1,43,0.265625,0.359375,0.36363636363636365,1.0,3.0285820960998535,0.7071360945701599
460,80,cvae,1,43,0.3046875,0.3359375,0.46568627450980393,1.0,6.376748561859131,1.0185213088989258
461,80,cvae,1,43,0.375,0.5,0.39622641509433965,1.0,6.053689956665039,1.3413232564926147
462,80,cvae,1,43,0.2890625,0.3828125,0.42160278745644597,1.0,6.485469818115234,1.0812933444976807
463,80,cvae,1,43,0.3125,0.34375,0.48484848484848486,1.0,5.410285949707031,1.0669363737106323
464,80,cvae,1,43,0.3125,0.4375,0.38461538461538464,1.0,5.493020057678223,1.0803108215332031
465,80,cvae,1,43,0.28125,0.4375,0.4186046511627907,0.9,5.837460041046143,1.3601924180984497
466,80,cvae,1,43,0.421875,0.5,0.45,1.0,5.194002151489258,0.9187991619110107
467,80,cvae,1,43,0.3203125,0.390625,0.4693649373881932,1.0,4.770266532897949,1.0715585947036743
468,80,cvae,1,43,0.3125,0.390625,0.4166666666666667,1.0,3.8164515495300293,0.6898476481437683
469,80,cvae,1,43,0.2734375,0.375,0.37289972899728996,1.0,5.6047563552856445,0.931745171546936
470,80,cvae,1,43,0.296875,0.359375,0.3709677419354839,1.0,4.682554244995117,1.0367859601974487
471,80,cvae,1,43,0.296875,0.421875,0.34545454545454546,1.0,4.258030414581299,0.746422529220581
472,80,cvae,1,43,0.265625,0.34375,0.40476190476190477,1.0,7.532031536102295,1.2862622737884521
473,80,cvae,1,43,0.296875,0.34375,0.425,1.0,3.712404727935791,0.6834686398506165
474,80,cvae,1,43,0.28125,0.359375,0.425,1.0,4.0463361740112305,0.6575500965118408
475,80,cvae,1,43,0.390625,0.359375,0.41935483870967744,1.0,4.339718818664551,0.9933542013168335
476,80,cvae,1,43,0.328125,0.40625,0.4473453268977622,1.0,4.377267837524414,0.8787716031074524
477,80,cvae,1,43,0.234375,0.421875,0.3409090909090909,1.0,5.111048698425293,1.0120251178741455
478,80,cvae,1,43,0.265625,0.421875,0.42857142857142855,1.0,3.5034050941467285,0.7556229829788208
479,80,cvae,1,43,0.328125,0.421875,0.43636363636363634,1.0,4.1575422286987305,0.7827924489974976
480,80,cvae,1,43,0.3671875,0.390625,0.4817400644468314,1.0,6.54016637802124,1.1325129270553589
481,80,cvae,1,43,0.3125,0.359375,0.4420677361853832,1.0,8.751561164855957,1.4014794826507568
482,80,cvae,1,43,0.328125,0.4296875,0.4373913043478261,1.0,5.374312400817871,0.8718565106391907
483,80,cvae,1,43,0.234375,0.375,0.37209302325581395,1.0,5.124881267547607,1.0250446796417236
484,80,cvae,1,43,0.2890625,0.390625,0.31695156695156695,1.0,5.779714584350586,1.1590765714645386
485,80,cvae,1,43,0.328125,0.34375,0.4772727272727273,1.0,8.261981010437012,1.3056607246398926
486,80,cvae,1,43,0.34375,0.40625,0.4082687338501292,1.0,6.168926239013672,1.1071667671203613
487,80,cvae,1,43,0.3828125,0.4453125,0.45279255319148937,1.0,3.7173938751220703,0.7037872672080994
488,80,cvae,1,43,0.328125,0.453125,0.4444444444444444,1.0,4.379123687744141,0.9464610815048218
489,80,cvae,1,43,0.328125,0.4296875,0.46906887755102045,1.0,3.6773681640625,0.7425106167793274
490,80,cvae,1,43,0.328125,0.390625,0.4,1.0,5.680802345275879,1.2899428606033325
491,80,cvae,1,43,0.328125,0.3828125,0.450197628458498,1.0,5.098859786987305,1.1072044372558594
492,80,cvae,1,43,0.296875,0.3984375,0.427020202020202,1.0,5.865736961364746,1.222510814666748
493,80,cvae,1,43,0.28125,0.390625,0.3488372093023256,1.0,6.233049392700195,1.2362743616104126
494,80,cvae,1,43,0.28125,0.3828125,0.42160278745644597,1.0,5.098755836486816,1.1375946998596191
495,80,cvae,1,43,0.328125,0.390625,0.45652173913043476,1.0,5.403598785400391,1.2190920114517212
496,80,cvae,1,43,0.3125,0.359375,0.4489795918367347,1.0,5.8330078125,1.2055150270462036
497,80,cvae,1,43,0.265625,0.3359375,0.40700757575757573,1.0,3.2620291709899902,0.7237438559532166
498,80,cvae,1,43,0.375,0.4296875,0.5,1.0,6.855566024780273,1.3751569986343384
499,80,cvae,1,43,0.328125,0.390625,0.4578804347826087,1.0,3.827669143676758,0.7948307394981384
500,80,cvae,1,43,0.296875,0.390625,0.3958333333333333,1.0,4.300958633422852,0.8668347597122192
501,80,cvae,1,43,0.3125,0.359375,0.41641337386018235,1.0,4.086584091186523,0.785366415977478
502,80,cvae,1,43,0.296875,0.390625,0.4105263157894737,1.0,3.5661168098449707,0.7330023050308228
503,80,cvae,1,43,0.328125,0.359375,0.4576271186440678,1.0,5.8458356857299805,1.1896377801895142
504,80,cvae,1,43,0.265625,0.359375,0.3695652173913043,1.0,4.185935974121094,1.065139651298523
505,80,cvae,1,43,0.265625,0.453125,0.41304347826086957,1.0,4.863099098205566,0.9587088823318481
506,80,cvae,1,43,0.3125,0.421875,0.43223443223443225,1.0,3.3720874786376953,0.7335447669029236
507,80,cvae,1,43,0.3125,0.375,0.44501466275659823,1.0,5.491650581359863,1.0537258386611938
508,80,cvae,1,43,0.265625,0.34375,0.40476190476190477,1.0,4.200509071350098,0.8868644833564758
509,80,cvae,1,43,0.3515625,0.3671875,0.4875,1.0,6.8010358810424805,1.3129899501800537
510,80,cvae,1,43,0.34375,0.375,0.45652173913043476,1.0,6.063783168792725,1.0626076459884644
511,80,cvae,1,43,0.3125,0.4296875,0.4551656920077973,1.0,6.07841682434082,1.2000174522399902
512,80,cvae,1,43,0.296875,0.375,0.4186046511627907,1.0,3.7875161170959473,0.7640562653541565
513,80,cvae,1,43,0.3125,0.40625,0.41287878787878785,1.0,4.341938495635986,0.9098602533340454
514,80,cvae,1,43,0.265625,0.3671875,0.41423611111111114,1.0,4.182804584503174,0.8567142486572266
515,80,cvae,1,43,0.328125,0.4375,0.46153846153846156,1.0,5.51709508895874,1.1636475324630737
516,80,cvae,1,43,0.34375,0.4140625,0.4336180124223602,1.0,5.530362129211426,1.3109217882156372
517,80,cvae,1,43,0.2578125,0.375,0.4060077519379845,1.0,2.0994646549224854,0.5484023690223694
518,80,cvae,1,43,0.421875,0.53125,0.45652173913043476,1.0,6.578164100646973,1.0453126430511475
519,80,cvae,1,43,0.296875,0.34375,0.5116279069767442,1.0,8.728874206542969,1.5801178216934204
520,80,cvae,1,43,0.328125,0.390625,0.375,1.0,6.07776403427124,1.1194312572479248
521,80,cvae,1,43,0.296875,0.375,0.42857142857142855,1.0,4.45131778717041,1.014641284942627
522,80,cvae,1,43,0.25,0.328125,0.5106382978723404,1.0,8.638480186462402,1.3214446306228638
523,80,cvae,1,43,0.25,0.359375,0.3902439024390244,1.0,3.300752639770508,0.6895175576210022
524,80,cvae,1,43,0.328125,0.390625,0.46153846153846156,1.0,8.195343017578125,1.3266444206237793
525,80,cvae,1,43,0.2578125,0.34375,0.4002501563477173,1.0,2.903787612915039,0.6322007775306702
526,80,cvae,1,43,0.296875,0.328125,0.40425531914893614,1.0,4.58804988861084,0.9011438488960266
527,80,cvae,1,43,0.28125,0.421875,0.4090909090909091,1.0,4.241437911987305,0.7447032332420349
528,80,cvae,1,43,0.265625,0.375,0.35,1.0,5.593934059143066,0.9595770835876465
529,80,cvae,1,43,0.296875,0.4296875,0.4118788819875776,1.0,6.496382236480713,1.1558195352554321
530,80,cvae,1,43,0.421875,0.40625,0.5333333333333333,1.0,3.105905532836914,0.5853129625320435
531,80,cvae,1,43,0.375,0.453125,0.5085697399527187,1.0,4.553092956542969,0.9368707537651062
532,80,cvae,1,43,0.421875,0.5,0.43548387096774194,1.0,4.965803623199463,1.0737555027008057
533,80,cvae,1,43,0.296875,0.40625,0.4222222222222222,1.0,4.124632835388184,0.7694130539894104
534,80,cvae,1,43,0.25,0.40625,0.39215686274509803,1.0,6.117751598358154,1.0687196254730225
535,80,cvae,1,43,0.3125,0.453125,0.4117647058823529,1.0,4.533056735992432,0.8303021788597107
536,80,cvae,1,43,0.328125,0.421875,0.425531914893617,1.0,3.861009120941162,0.7869119048118591
537,80,cvae,1,43,0.3984375,0.484375,0.5595238095238095,1.0,3.0783143043518066,0.5874277949333191
538,80,cvae,1,43,0.2890625,0.4375,0.4426406926406926,1.0,4.911313056945801,0.9866936206817627
539,80,cvae,1,43,0.28125,0.375,0.4444444444444444,1.0,5.502556800842285,1.1255930662155151
540,80,cvae,1,43,0.328125,0.359375,0.4482758620689655,1.0,4.371708869934082,0.9406543970108032
541,80,cvae,1,43,0.3515625,0.4140625,0.471864406779661,1.0,5.371953964233398,1.2107893228530884
542,80,cvae,1,43,0.3125,0.4609375,0.3912037037037037,1.0,4.334770202636719,1.034633755683899
543,80,cvae,1,43,0.296875,0.375,0.4090909090909091,1.0,5.221693992614746,1.1514592170715332
544,80,cvae,1,43,0.265625,0.359375,0.4146341463414634,1.0,5.260176658630371,0.8105865716934204
545,80,cvae,1,43,0.3984375,0.4375,0.4602564102564103,1.0,5.29538106918335,1.0521923303604126
546,80,cvae,1,43,0.375,0.40625,0.43636363636363634,1.0,4.852236747741699,0.7571095824241638
547,80,cvae,1,43,0.296875,0.4375,0.3958333333333333,1.0,5.731869697570801,0.9294748306274414
548,80,cvae,1,43,0.3125,0.4140625,0.41300602928509905,1.0,5.027895927429199,0.9228406548500061
549,80,cvae,1,43,0.359375,0.34375,0.4791666666666667,1.0,6.061307907104492,1.203971266746521
550,80,cvae,1,43,0.3359375,0.453125,0.3849868305531168,1.0,3.5748703479766846,0.6862805485725403
551,80,cvae,1,43,0.2734375,0.46875,0.35758651286601595,1.0,3.204409599304199,0.6506325602531433
552,80,cvae,1,43,0.3203125,0.453125,0.40826330532212884,1.0,5.531371116638184,1.10270357131958
553,80,cvae,1,43,0.3125,0.3671875,0.44727272727272727,1.0,7.343066215515137,1.2238168716430664
554,80,cvae,1,43,0.328125,0.3125,0.4562647754137116,1.0,6.890493869781494,1.2166534662246704
555,80,cvae,1,43,0.328125,0.40625,0.4423076923076923,1.0,2.7030625343322754,0.6302610039710999
556,80,cvae,1,43,0.3125,0.375,0.4146341463414634,1.0,6.7196044921875,1.239450216293335
557,80,cvae,1,43,0.3984375,0.4375,0.44171554252199413,1.0,4.881275177001953,1.115869402885437
558,80,cvae,1,43,0.328125,0.40625,0.4117647058823529,1.0,2.8879361152648926,0.5537815093994141
559,80,cvae,1,43,0.28125,0.4375,0.37209302325581395,1.0,6.1894025802612305,1.1492723226547241
560,80,cvae,1,43,0.328125,0.3828125,0.4486788617886179,1.0,5.801336288452148,1.0880614519119263
561,80,cvae,1,43,0.328125,0.453125,0.41239892183288407,1.0,2.6180291175842285,0.6396729946136475
562,80,cvae,1,43,0.3125,0.4375,0.42492492492492495,1.0,4.069124698638916,0.6575994491577148
563,80,cvae,1,43,0.359375,0.359375,0.5254237288135594,1.0,5.583681106567383,1.0266307592391968
564,80,cvae,1,43,0.3125,0.40625,0.46296296296296297,1.0,5.897729396820068,1.088082194328308
565,80,cvae,1,43,0.296875,0.3671875,0.4170480549199085,1.0,5.758285045623779,1.0702334642410278
566,80,cvae,1,43,0.296875,0.328125,0.425531914893617,1.0,3.6086671352386475,0.6822842359542847
567,80,cvae,1,43,0.3125,0.3828125,0.43857240905971173,1.0,8.410083770751953,1.3592137098312378
568,80,cvae,1,43,0.2421875,0.3984375,0.4672006102212052,1.0,4.053316116333008,0.8846590518951416
569,80,cvae,1,43,0.296875,0.390625,0.3829787234042553,1.0,5.774310111999512,1.0040885210037231
570,80,cvae,1,43,0.3671875,0.46875,0.4395833333333333,1.0,4.369725227355957,0.9902177453041077
571,80,cvae,1,43,0.34375,0.4765625,0.4383838383838384,1.0,3.5323386192321777,0.7837280631065369
572,80,cvae,1,43,0.296875,0.421875,0.3953488372093023,1.0,4.298871040344238,0.9116509556770325
573,80,cvae,1,43,0.28125,0.421875,0.42857142857142855,1.0,5.525574684143066,1.0297279357910156
574,80,cvae,1,43,0.28125,0.359375,0.4146341463414634,1.0,4.207262992858887,0.8774190545082092
575,80,cvae,1,43,0.3125,0.328125,0.421875,1.0,5.086549758911133,1.0591052770614624
576,80,cvae,1,43,0.3828125,0.4765625,0.4990044798407168,1.0,7.533349990844727,1.1534545421600342
577,80,cvae,1,43,0.265625,0.40625,0.3541666666666667,1.0,4.133704662322998,0.837523877620697
578,80,cvae,1,43,0.34375,0.390625,0.5,1.0,2.698307514190674,0.6248653531074524
579,80,cvae,1,43,0.296875,0.375,0.3955910852713178,1.0,5.367810249328613,0.8988212943077087
580,80,cvae,1,43,0.3125,0.390625,0.45454545454545453,1.0,5.034701824188232,1.0496761798858643
581,80,cvae,1,43,0.265625,0.3046875,0.4944852941176471,1.0,7.60800838470459,1.4780402183532715
582,80,cvae,1,43,0.3046875,0.3515625,0.4330357142857143,1.0,5.187924385070801,1.0761018991470337
583,80,cvae,1,43,0.25,0.359375,0.36363636363636365,1.0,3.349975347518921,0.6093726754188538
584,80,cvae,1,43,0.2265625,0.4140625,0.3836336336336337,0.9090909090909091,5.420551300048828,1.085289716720581
585,80,cvae,1,43,0.28125,0.375,0.41304347826086957,1.0,3.1291728019714355,0.7735685706138611
586,80,cvae,1,43,0.40625,0.4453125,0.49915311653116534,1.0,2.9188454151153564,0.620657742023468
587,80,cvae,1,43,0.3125,0.390625,0.4583333333333333,1.0,4.003955841064453,0.8358762264251709
588,80,cvae,1,43,0.28125,0.3515625,0.47949709864603485,1.0,5.685433864593506,1.060886263847351
589,80,cvae,1,43,0.234375,0.34375,0.34,1.0,5.2649431228637695,1.0571696758270264
590,80,cvae,1,43,0.375,0.390625,0.4528301886792453,1.0,5.4292802810668945,1.0192574262619019
591,80,cvae,1,43,0.296875,0.375,0.4782608695652174,1.0,5.074009895324707,1.0772830247879028
592,80,cvae,1,43,0.234375,0.359375,0.3660714285714286,1.0,3.3800647258758545,0.5892772674560547
593,80,cvae,1,43,0.28125,0.328125,0.46511627906976744,1.0,5.854537010192871,0.9372804760932922
594,80,cvae,1,43,0.265625,0.34375,0.4249471458773784,1.0,7.375679969787598,1.2520692348480225
595,80,cvae,1,43,0.2734375,0.3984375,0.3873295910184442,1.0,5.054548740386963,1.0257986783981323
596,80,cvae,1,43,0.3125,0.375,0.47619047619047616,1.0,5.332066059112549,0.9883546233177185
597,80,cvae,1,43,0.375,0.5078125,0.4685714285714285,1.0,4.771240234375,1.0264499187469482
598,80,cvae,1,43,0.4609375,0.4765625,0.5351190476190477,1.0,5.36391544342041,1.3323360681533813
599,80,cvae,1,43,0.34375,0.46875,0.5,1.0,5.098113059997559,0.8722312450408936
600,80,cvae,1,43,0.2578125,0.3203125,0.4236842105263158,1.0,5.140078544616699,1.0265108346939087
601,80,cvae,1,43,0.328125,0.46875,0.41304347826086957,1.0,7.0621795654296875,1.2163430452346802
602,80,cvae,1,43,0.296875,0.34375,0.42857142857142855,1.0,6.492117881774902,1.153212070465088
603,80,cvae,1,43,0.328125,0.359375,0.46511627906976744,1.0,5.7320356369018555,1.1097110509872437
604,80,cvae,1,43,0.28125,0.34375,0.40425531914893614,1.0,4.362305641174316,0.8694820404052734
605,80,cvae,1,43,0.296875,0.34375,0.44642857142857145,1.0,5.351238250732422,0.9228456020355225
606,80,cvae,1,43,0.328125,0.390625,0.44680851063829785,1.0,6.351734638214111,1.0371532440185547
607,80,cvae,1,43,0.421875,0.4375,0.4861111111111111,1.0,4.223352432250977,0.7473830580711365
608,80,cvae,1,43,0.265625,0.4375,0.3409090909090909,1.0,2.853602170944214,0.6103551983833313
609,80,cvae,1,43,0.328125,0.3125,0.41875,1.0,4.278511047363281,0.8249982595443726
610,80,cvae,1,43,0.296875,0.359375,0.4222222222222222,1.0,5.169216632843018,1.0892993211746216
611,80,cvae,1,43,0.28125,0.453125,0.391304347826087,1.0,6.282293796539307,1.0969891548156738
612,80,cvae,1,43,0.34375,0.375,0.4594594594594595,1.0,5.161872863769531,0.9605395793914795
613,80,cvae,1,43,0.296875,0.34375,0.5087719298245614,0.9,7.499292373657227,1.4958785772323608
614,80,cvae,1,43,0.34375,0.4921875,0.4530465949820789,1.0,3.822948932647705,0.8866117596626282
615,80,cvae,1,43,0.2890625,0.390625,0.39589371980676324,1.0,4.643232345581055,0.8359163403511047
616,80,cvae,1,43,0.3203125,0.40625,0.4313543599257885,1.0,4.200279235839844,0.8628469109535217
617,80,cvae,1,43,0.25,0.328125,0.4,1.0,5.444787979125977,0.847475528717041
618,80,cvae,1,43,0.265625,0.3125,0.43333333333333335,1.0,4.488869667053223,0.9159069061279297
619,80,cvae,1,43,0.4375,0.421875,0.5,1.0,4.571284294128418,0.8264871835708618
620,80,cvae,1,43,0.3125,0.40625,0.5490196078431373,1.0,7.259217262268066,1.3344484567642212
621,80,cvae,1,43,0.3125,0.3125,0.41428571428571426,1.0,5.904520034790039,1.203469157218933
622,80,cvae,1,43,0.3203125,0.4765625,0.4888727624576681,1.0,6.577066898345947,1.1101001501083374
623,80,cvae,1,43,0.28125,0.25,0.3620689655172414,1.0,4.381087303161621,0.8639065623283386
624,80,cvae,1,43,0.28125,0.375,0.46,1.0,5.573956489562988,1.1236587762832642
625,80,cvae,1,43,0.265625,0.4296875,0.3475177304964539,1.0,3.69604229927063,0.8421470522880554
626,80,cvae,1,43,0.34375,0.4375,0.5789473684210527,1.0,5.11948299407959,1.021930456161499
627,80,cvae,1,43,0.328125,0.34375,0.4444444444444444,1.0,5.931850433349609,1.0733423233032227
628,80,cvae,1,43,0.28125,0.390625,0.3888888888888889,1.0,6.559098720550537,1.3130817413330078
629,80,cvae,1,43,0.28125,0.3828125,0.4066707466340269,1.0,4.99302864074707,0.84821617603302
630,80,cvae,1,43,0.296875,0.421875,0.4418604651162791,0.9,7.237008094787598,1.1698427200317383
631,80,cvae,1,43,0.359375,0.421875,0.4528301886792453,1.0,3.3338518142700195,0.8302170038223267
632,80,cvae,1,43,0.28125,0.375,0.375,1.0,4.147456645965576,0.9005067348480225
633,80,cvae,1,43,0.265625,0.3515625,0.4592245989304813,1.0,5.8772478103637695,1.0087770223617554
634,80,cvae,1,43,0.34375,0.328125,0.4418604651162791,1.0,3.9216907024383545,0.7782232761383057
635,80,cvae,1,43,0.28125,0.3671875,0.39607843137254906,1.0,7.525900840759277,1.3448452949523926
636,80,cvae,1,43,0.265625,0.296875,0.46938775510204084,1.0,7.610047817230225,1.21104896068573
637,80,cvae,1,43,0.2890625,0.4296875,0.4294871794871795,1.0,5.336796760559082,1.0224075317382812
638,80,cvae,1,43,0.375,0.453125,0.47341696535244926,1.0,4.902156829833984,0.8235343098640442
639,80,cvae,1,43,0.421875,0.4765625,0.49324324324324326,1.0,7.494687557220459,1.4000779390335083
640,80,cvae,1,43,0.453125,0.5546875,0.48438538205980064,1.0,2.6866455078125,0.5763946771621704
641,80,cvae,1,43,0.34375,0.34375,0.5116279069767442,1.0,5.50981330871582,0.9846264123916626
642,80,cvae,1,43,0.2734375,0.4375,0.36585365853658536,1.0,5.2975993156433105,1.1373989582061768
643,80,cvae,1,43,0.2734375,0.390625,0.3851851851851852,1.0,3.1110081672668457,0.6432623863220215
644,80,cvae,1,43,0.265625,0.375,0.38461538461538464,1.0,3.678474187850952,0.8229349851608276
645,80,cvae,1,43,0.265625,0.34375,0.37777777777777777,1.0,5.290716648101807,1.2529945373535156
646,80,cvae,1,43,0.3125,0.390625,0.43478260869565216,1.0,5.746048927307129,1.1659975051879883
647,80,cvae,1,43,0.3515625,0.46875,0.44414019715224534,1.0,5.367306709289551,1.2144415378570557
648,80,cvae,1,43,0.2890625,0.421875,0.4029692470837752,1.0,3.2445621490478516,0.7398164868354797
649,80,cvae,1,43,0.28125,0.359375,0.44044665012406947,0.9090909090909091,7.749936103820801,1.2534223794937134
650,80,cvae,1,43,0.328125,0.453125,0.4375,1.0,7.307981491088867,1.5433310270309448
651,80,cvae,1,43,0.3203125,0.3984375,0.4415204678362573,1.0,4.917603015899658,0.9277617335319519
652,80,cvae,1,43,0.34375,0.453125,0.4489795918367347,1.0,4.07606315612793,1.0783333778381348
653,80,cvae,1,43,0.328125,0.3515625,0.4666666666666667,1.0,6.157463073730469,1.1802623271942139
654,80,cvae,1,43,0.3125,0.4296875,0.39767441860465114,1.0,4.224827766418457,0.77897709608078
655,80,cvae,1,43,0.34375,0.421875,0.46296296296296297,1.0,3.4576687812805176,0.632307231426239
656,80,cvae,1,43,0.296875,0.390625,0.46511627906976744,1.0,7.924887180328369,1.4134058952331543
657,80,cvae,1,43,0.28125,0.4375,0.391304347826087,1.0,4.260681629180908,0.8581219911575317
658,80,cvae,1,43,0.265625,0.3671875,0.42186440677966097,0.9090909090909091,6.403409481048584,1.1091567277908325
659,80,cvae,1,43,0.34375,0.390625,0.47916666666666663,1.0,6.423428058624268,1.2716033458709717
660,80,cvae,1,43,0.265625,0.40625,0.40476190476190477,1.0,2.8592586517333984,0.5982612371444702
661,80,cvae,1,43,0.46875,0.640625,0.5234246575342466,1.0,4.153806686401367,0.9274327158927917
662,80,cvae,1,43,0.28125,0.4453125,0.4792183622828784,1.0,5.5951433181762695,1.304517149925232
663,80,cvae,1,43,0.2734375,0.3828125,0.4565972222222222,1.0,4.864198684692383,0.9733120203018188
664,80,cvae,1,43,0.296875,0.390625,0.4634146341463415,1.0,2.912236213684082,0.66456538438797
665,80,cvae,1,43,0.359375,0.3984375,0.46276405298961687,1.0,5.38417911529541,1.3071105480194092
666,80,cvae,1,43,0.3046875,0.3984375,0.4233100233100233,1.0,5.990312099456787,1.021028757095337
667,80,cvae,1,43,0.375,0.375,0.47619047619047616,1.0,8.616462707519531,1.218643069267273
668,80,cvae,1,43,0.375,0.5,0.42857142857142855,1.0,6.624555587768555,1.1952804327011108
669,80,cvae,1,43,0.3125,0.296875,0.44642857142857145,1.0,4.895689010620117,1.0442999601364136
670,80,cvae,1,43,0.265625,0.34375,0.3877551020408163,1.0,5.162337303161621,1.0165280103683472
671,80,cvae,1,43,0.296875,0.359375,0.42857142857142855,1.0,5.049312591552734,0.9879153370857239
672,80,cvae,1,43,0.2890625,0.4453125,0.3681289640591966,1.0,4.87915563583374,0.8581913709640503
673,80,cvae,1,43,0.2421875,0.359375,0.4015151515151515,1.0,4.472063064575195,0.9035143256187439
674,80,cvae,1,43,0.3203125,0.40625,0.3985294117647059,1.0,5.166660785675049,0.9437146186828613
675,80,cvae,1,43,0.296875,0.421875,0.4,1.0,8.514640808105469,1.347135305404663
676,80,cvae,1,43,0.3203125,0.4765625,0.44678147939017504,1.0,4.479512691497803,0.9573209285736084
677,80,cvae,1,43,0.265625,0.375,0.37209302325581395,1.0,6.045510768890381,1.122362494468689
678,80,cvae,1,43,0.390625,0.421875,0.4719878105954055,1.0,6.279164791107178,1.2198618650436401
679,80,cvae,1,43,0.40625,0.390625,0.4782608695652174,1.0,6.856554985046387,1.1646472215652466
680,80,cvae,1,43,0.296875,0.390625,0.4444444444444444,1.0,5.954167366027832,1.065126895904541
681,80,cvae,1,43,0.2734375,0.3828125,0.3763888888888889,1.0,4.678188800811768,0.8789918422698975
682,80,cvae,1,43,0.359375,0.4765625,0.40208333333333335,1.0,5.90731143951416,1.0872383117675781
683,80,cvae,1,43,0.28125,0.375,0.4186046511627907,1.0,3.485966205596924,0.6436319351196289
684,80,cvae,1,43,0.3125,0.421875,0.43478260869565216,1.0,5.477773666381836,0.9423556327819824
685,80,cvae,1,43,0.3515625,0.3828125,0.4641449960598897,1.0,4.709726333618164,0.9108537435531616
686,80,cvae,1,43,0.3125,0.4296875,0.42428571428571427,1.0,6.091563701629639,1.2500097751617432
687,80,cvae,1,43,0.375,0.359375,0.5,1.0,8.885320663452148,1.5290735960006714
688,80,cvae,1,43,0.375,0.34375,0.5185185185185185,1.0,6.133937835693359,1.0633288621902466
689,80,cvae,1,43,0.3046875,0.3984375,0.428743961352657,1.0,5.800576210021973,0.8835206031799316
690,80,cvae,1,43,0.3828125,0.453125,0.4728835978835979,1.0,5.3639116287231445,0.8745421767234802
691,80,cvae,1,43,0.2890625,0.3515625,0.419220945083014,1.0,5.9720964431762695,1.1956143379211426
692,80,cvae,1,43,0.296875,0.390625,0.41304347826086957,1.0,3.4471964836120605,0.7941805720329285
693,80,cvae,1,43,0.28125,0.390625,0.391304347826087,1.0,6.612363815307617,1.4015800952911377
694,80,cvae,1,43,0.28125,0.40625,0.3953488372093023,1.0,6.332935333251953,1.289001703262329
695,80,cvae,1,43,0.2578125,0.3515625,0.42249417249417254,1.0,5.974896430969238,1.3117995262145996
696,80,cvae,1,43,0.296875,0.296875,0.43430232558139537,1.0,6.615240097045898,1.1512982845306396
697,80,cvae,1,43,0.3125,0.3125,0.4444444444444444,1.0,3.531923294067383,0.5507902503013611
698,80,cvae,1,43,0.25,0.421875,0.38636363636363635,1.0,5.365578651428223,1.1496082544326782
699,80,cvae,1,43,0.296875,0.296875,0.46794871794871795,1.0,7.879363059997559,1.1474881172180176
700,80,cvae,1,43,0.328125,0.40625,0.4666666666666667,1.0,6.296754837036133,1.2224677801132202
701,80,cvae,1,43,0.3125,0.34375,0.4444444444444444,1.0,5.346860885620117,1.118322730064392
702,80,cvae,1,43,0.3046875,0.3671875,0.5294117647058824,1.0,3.9146599769592285,0.872697114944458
703,80,cvae,1,43,0.265625,0.359375,0.39215686274509803,1.0,3.4871222972869873,0.652208149433136
704,80,cvae,1,43,0.328125,0.421875,0.45098039215686275,1.0,4.960424423217773,0.930623471736908
705,80,cvae,1,43,0.390625,0.390625,0.4745762711864407,1.0,5.202980041503906,1.1274350881576538
706,80,cvae,1,43,0.25,0.328125,0.37254901960784315,1.0,5.317452430725098,1.027241587638855
707,80,cvae,1,43,0.3125,0.375,0.4375,1.0,3.9696149826049805,0.7510780692100525
708,80,cvae,1,43,0.328125,0.328125,0.44680851063829785,1.0,6.052633762359619,0.9463585615158081
709,80,cvae,1,43,0.359375,0.390625,0.49863945578231295,1.0,7.194494724273682,1.0980169773101807
710,80,cvae,1,43,0.3203125,0.4140625,0.4409722222222222,1.0,3.8115429878234863,0.8432960510253906
711,80,cvae,1,43,0.328125,0.4375,0.39473684210526316,1.0,5.695582389831543,0.9910593628883362
712,80,cvae,1,43,0.3125,0.40625,0.4292763157894737,1.0,5.805838108062744,1.0102684497833252
713,80,cvae,1,43,0.2421875,0.390625,0.360010162601626,1.0,5.570228576660156,1.0212823152542114
714,80,cvae,1,43,0.296875,0.484375,0.3788888888888889,1.0,4.808506965637207,0.8218599557876587
715,80,cvae,1,43,0.234375,0.3203125,0.36585365853658536,1.0,3.666898488998413,0.6814040541648865
716,80,cvae,1,43,0.3828125,0.40625,0.45906334231805934,1.0,5.1025495529174805,1.2073312997817993
717,80,cvae,1,43,0.34375,0.390625,0.41379310344827586,1.0,5.920835494995117,1.36501145362854
718,80,cvae,1,43,0.328125,0.46875,0.4878048780487805,1.0,4.678092002868652,0.8898597359657288
719,80,cvae,1,43,0.28125,0.3828125,0.391016548463357,1.0,3.3048152923583984,0.6269181370735168
720,80,cvae,1,43,0.296875,0.375,0.43478260869565216,1.0,6.187040328979492,1.1797137260437012
721,80,cvae,1,43,0.34375,0.296875,0.44,1.0,4.807754993438721,0.8357684016227722
722,80,cvae,1,43,0.3125,0.359375,0.45454545454545453,1.0,5.044693946838379,0.8527870774269104
723,80,cvae,1,43,0.3359375,0.4375,0.40715372907153724,1.0,6.063190460205078,1.258510708808899
724,80,cvae,1,43,0.296875,0.421875,0.423728813559322,1.0,6.954848289489746,1.2771852016448975
725,80,cvae,1,43,0.328125,0.4453125,0.4286750483558994,1.0,5.407291889190674,1.0574588775634766
726,80,cvae,1,43,0.390625,0.484375,0.48958333333333337,1.0,5.551563262939453,1.1276493072509766
727,80,cvae,1,43,0.234375,0.359375,0.38235294117647056,1.0,6.459445953369141,1.202024221420288
728,80,cvae,1,43,0.34375,0.4375,0.4583333333333333,1.0,5.990501403808594,1.1400878429412842
729,80,cvae,1,43,0.25,0.390625,0.39473684210526316,1.0,5.507559776306152,1.0255712270736694
730,80,cvae,1,43,0.296875,0.46875,0.3958333333333333,1.0,2.6774609088897705,0.5876137018203735
731,80,cvae,1,43,0.265625,0.390625,0.46808510638297873,1.0,4.734816551208496,1.0569133758544922
732,80,cvae,1,43,0.3046875,0.3125,0.41592071611253195,1.0,4.3708391189575195,0.8434083461761475
733,80,cvae,1,43,0.3125,0.375,0.42857142857142855,1.0,3.915508270263672,0.7359817624092102
734,80,cvae,1,43,0.296875,0.3515625,0.47,1.0,7.068187236785889,1.3201684951782227
735,80,cvae,1,43,0.34375,0.453125,0.42,1.0,3.8937549591064453,0.7349625825881958
736,80,cvae,1,43,0.375,0.375,0.5,1.0,8.829124450683594,1.4227744340896606
737,80,cvae,1,43,0.28125,0.390625,0.3980331262939959,1.0,3.7117886543273926,0.7531805634498596
738,80,cvae,1,43,0.265625,0.4375,0.37777777777777777,1.0,4.264798641204834,0.8806215524673462
739,80,cvae,1,43,0.265625,0.390625,0.3953488372093023,1.0,4.317442893981934,0.9384069442749023
740,80,cvae,1,43,0.28125,0.4140625,0.43768996960486317,1.0,5.121693134307861,1.1723824739456177
741,80,cvae,1,43,0.3046875,0.4375,0.410427807486631,1.0,4.060740947723389,0.8618263006210327
742,80,cvae,1,43,0.328125,0.375,0.4583333333333333,1.0,7.221112251281738,1.2428737878799438
743,80,cvae,1,43,0.390625,0.28125,0.5934065934065934,1.0,5.953227996826172,1.0373224020004272
744,80,cvae,1,43,0.3359375,0.3359375,0.44448979591836735,1.0,4.523865699768066,0.7906115651130676
745,80,cvae,1,43,0.2421875,0.3984375,0.3877005347593583,1.0,6.124650955200195,1.0767569541931152
746,80,cvae,1,43,0.2890625,0.3359375,0.41666666666666663,1.0,6.083735466003418,1.239303708076477
747,80,cvae,1,43,0.3359375,0.4765625,0.3976328903654485,1.0,3.493992805480957,0.8469781279563904
748,80,cvae,1,43,0.3359375,0.4453125,0.40231130371975443,1.0,6.139894485473633,1.0019197463989258
749,80,cvae,1,43,0.34375,0.4375,0.44,1.0,4.980502605438232,0.9734092354774475
750,80,cvae,1,43,0.296875,0.453125,0.3958333333333333,1.0,2.5730252265930176,0.6480931043624878
751,80,cvae,1,43,0.34375,0.359375,0.46802721088435373,1.0,5.579113006591797,1.1177066564559937
752,80,cvae,1,43,0.3125,0.3125,0.40816326530612246,1.0,6.232790470123291,1.134475588798523
753,80,cvae,1,43,0.375,0.484375,0.4911846582121868,1.0,5.103353500366211,0.861359179019928
754,80,cvae,1,43,0.296875,0.359375,0.5,1.0,8.435384750366211,1.6163806915283203
755,80,cvae,1,43,0.28125,0.3515625,0.4097356544165055,1.0,4.530747413635254,1.1200815439224243
756,80,cvae,1,43,0.265625,0.34375,0.375,1.0,5.034091472625732,0.7609801888465881
757,80,cvae,1,43,0.359375,0.46875,0.4032258064516129,1.0,5.384775161743164,1.1237945556640625
758,80,cvae,1,43,0.25,0.3515625,0.4511538461538461,1.0,4.644214630126953,0.8229771256446838
759,80,cvae,1,43,0.265625,0.359375,0.34,1.0,4.528999328613281,0.9127793312072754
760,80,cvae,1,43,0.2734375,0.3984375,0.3707070707070707,1.0,3.443779468536377,0.7126639485359192
761,80,cvae,1,43,0.3125,0.3125,0.5,1.0,6.084292888641357,1.3371318578720093
762,80,cvae,1,43,0.359375,0.4296875,0.4580981328701693,1.0,5.1879472732543945,0.8804422616958618
763,80,cvae,1,43,0.3125,0.375,0.4594594594594595,1.0,7.741125106811523,1.2251551151275635
764,80,cvae,1,43,0.2578125,0.3671875,0.37835420393559926,1.0,7.034933090209961,1.2929884195327759
765,80,cvae,1,43,0.296875,0.46875,0.40425531914893614,1.0,2.4823288917541504,0.5176432728767395
766,80,cvae,1,43,0.4375,0.4375,0.5370370370370371,1.0,4.0394439697265625,0.9371607303619385
767,80,cvae,1,43,0.34375,0.375,0.4528301886792453,1.0,4.188453197479248,0.7861704230308533
768,80,cvae,1,43,0.2265625,0.203125,0.4111842105263158,1.0,2.5769495964050293,0.4868679344654083
769,80,cvae,1,43,0.3125,0.3125,0.40816326530612246,1.0,4.571053504943848,0.975462019443512
770,80,cvae,1,43,0.359375,0.4375,0.46938775510204084,1.0,2.8401570320129395,0.5055922269821167
771,80,cvae,1,43,0.328125,0.4296875,0.4325564971751412,1.0,3.120635986328125,0.6173065304756165
772,80,cvae,1,43,0.375,0.34375,0.46153846153846156,1.0,2.974473476409912,0.7142260670661926
773,80,cvae,1,43,0.34375,0.421875,0.40350877192982454,1.0,8.10826301574707,1.1656286716461182
774,80,cvae,1,43,0.265625,0.40625,0.3918918918918919,1.0,5.558394432067871,1.003889560699463
775,80,cvae,1,43,0.265625,0.328125,0.40476190476190477,1.0,5.223504066467285,0.8943927884101868
776,80,cvae,1,43,0.3125,0.34375,0.4425,1.0,9.708142280578613,1.4741004705429077
777,80,cvae,1,43,0.34375,0.359375,0.44,1.0,4.732663154602051,0.8622890710830688
778,80,cvae,1,43,0.28125,0.359375,0.4523809523809524,1.0,7.497701168060303,1.3228310346603394
779,80,cvae,1,43,0.3125,0.4375,0.43902439024390244,1.0,5.821760654449463,1.0872527360916138
780,80,cvae,1,43,0.3046875,0.4375,0.3900372054568003,1.0,4.847759246826172,1.0049148797988892
781,80,cvae,1,43,0.296875,0.4375,0.41379310344827586,1.0,5.501165390014648,0.9433937072753906
782,80,cvae,1,43,0.359375,0.359375,0.5416666666666666,1.0,6.4023590087890625,1.283146858215332
783,80,cvae,1,43,0.265625,0.40625,0.40540540540540543,1.0,6.762434959411621,1.5127159357070923
784,80,cvae,1,43,0.40625,0.453125,0.48462566844919786,1.0,4.072274208068848,0.9251676201820374
785,80,cvae,1,43,0.4296875,0.40625,0.45851831298557155,0.8888888888888888,7.897388935089111,1.1539864540100098
786,80,cvae,1,43,0.265625,0.296875,0.4002659574468085,1.0,5.374408721923828,0.8656448125839233
787,80,cvae,1,43,0.25,0.25,0.4,1.0,5.182287216186523,0.9470474123954773
788,80,cvae,1,43,0.3359375,0.421875,0.4695227142035653,1.0,4.424029350280762,0.8564797043800354
789,80,cvae,1,43,0.421875,0.4296875,0.47311320754716985,1.0,3.4427337646484375,0.5871277451515198
790,80,cvae,1,43,0.484375,0.4453125,0.47902960526315785,1.0,4.137249946594238,0.8903414011001587
791,80,cvae,1,43,0.359375,0.390625,0.5111111111111111,1.0,6.438817977905273,1.190171480178833
792,80,cvae,1,43,0.3984375,0.359375,0.46529411764705886,1.0,4.825921058654785,0.7890504002571106
793,80,cvae,1,43,0.328125,0.375,0.4375,1.0,5.986649513244629,1.0772231817245483
794,80,cvae,1,43,0.34375,0.4375,0.4827586206896552,0.9,5.23240327835083,1.011680006980896
795,80,cvae,1,43,0.25,0.4375,0.37777777777777777,1.0,6.525217056274414,1.1914396286010742
796,80,cvae,1,43,0.359375,0.4375,0.43661971830985913,1.0,4.4712605476379395,0.9597116112709045
797,80,cvae,1,43,0.234375,0.3125,0.4782608695652174,1.0,6.40474796295166,1.2133303880691528
798,80,cvae,1,43,0.3359375,0.4921875,0.45691609977324266,1.0,6.876999378204346,1.088542103767395
799,80,cvae,1,43,0.2578125,0.3515625,0.41244527829893685,1.0,5.54097843170166,1.0380386114120483
800,80,cvae,1,43,0.34375,0.421875,0.4337979094076655,1.0,5.243842124938965,1.0503947734832764
801,80,cvae,1,43,0.296875,0.40625,0.3953488372093023,0.9,5.44124174118042,1.0419893264770508
802,80,cvae,1,43,0.28125,0.40625,0.4358974358974359,1.0,4.635483741760254,1.026247262954712
803,80,cvae,1,43,0.2421875,0.359375,0.38784461152882205,1.0,5.384072303771973,0.9035954475402832
804,80,cvae,1,43,0.296875,0.40625,0.4166666666666667,1.0,5.1721062660217285,1.0584617853164673
805,80,cvae,1,43,0.3125,0.34375,0.5,1.0,5.815060138702393,1.2137521505355835
806,80,cvae,1,43,0.28125,0.359375,0.375,1.0,5.488408088684082,1.2313193082809448
807,80,cvae,1,43,0.265625,0.296875,0.37777777777777777,1.0,4.838907241821289,0.9875292778015137
808,80,cvae,1,43,0.3828125,0.4921875,0.4630893300248139,1.0,5.383976936340332,0.8944350481033325
809,80,cvae,1,43,0.359375,0.390625,0.501195600191296,1.0,5.559404373168945,1.175529956817627
810,80,cvae,1,43,0.28125,0.375,0.4126984126984127,1.0,4.4565582275390625,0.8846636414527893
811,80,cvae,1,43,0.3046875,0.453125,0.40192307692307694,1.0,3.5680761337280273,0.6420686841011047
812,80,cvae,1,43,0.328125,0.375,0.4375,1.0,5.172548294067383,1.0726282596588135
813,80,cvae,1,43,0.328125,0.453125,0.44680851063829785,1.0,6.150955677032471,1.186489224433899
814,80,cvae,1,43,0.296875,0.421875,0.3958333333333333,1.0,6.258345603942871,1.1000521183013916
815,80,cvae,1,43,0.328125,0.390625,0.4666666666666667,1.0,7.223024368286133,1.3353385925292969
816,80,cvae,1,43,0.25,0.40625,0.3888888888888889,1.0,4.8654632568359375,0.9221847653388977
817,80,cvae,1,43,0.234375,0.3046875,0.3891891891891892,1.0,7.1496171951293945,0.9375043511390686
818,80,cvae,1,43,0.328125,0.328125,0.42857142857142855,1.0,3.1470065116882324,0.690800130367279
819,80,cvae,1,43,0.3125,0.359375,0.4057971014492754,1.0,3.730687141418457,0.7394081950187683
820,80,cvae,1,43,0.265625,0.34375,0.41304347826086957,1.0,4.199419021606445,0.8102045655250549
821,80,cvae,1,43,0.3671875,0.4765625,0.5329918032786886,1.0,5.744598388671875,1.0319055318832397
822,80,cvae,1,43,0.34375,0.453125,0.45742753623188404,1.0,3.71773099899292,0.8126630187034607
823,80,cvae,1,43,0.34375,0.40625,0.44,1.0,4.4323625564575195,0.8204853534698486
824,80,cvae,1,43,0.328125,0.421875,0.5277777777777778,1.0,5.573601722717285,1.1477298736572266
825,80,cvae,1,43,0.28125,0.4140625,0.4198966408268734,1.0,6.141169548034668,1.131024956703186
826,80,cvae,1,43,0.28125,0.390625,0.3695652173913043,1.0,5.489747047424316,0.8954793810844421
827,80,cvae,1,43,0.34375,0.453125,0.39655172413793105,1.0,6.376870155334473,1.3502223491668701
828,80,cvae,1,43,0.3125,0.390625,0.3958333333333333,1.0,8.089996337890625,1.2343590259552002
829,80,cvae,1,43,0.359375,0.28125,0.47368421052631576,1.0,6.416052341461182,1.1791366338729858
830,80,cvae,1,43,0.296875,0.3125,0.45454545454545453,1.0,5.555368423461914,1.1286190748214722
831,80,cvae,1,43,0.3515625,0.4765625,0.40890269151138714,1.0,5.83030891418457,1.0137698650360107
832,80,cvae,1,43,0.28125,0.40625,0.3973856209150327,1.0,6.5788960456848145,1.2457387447357178
833,80,cvae,1,43,0.359375,0.40625,0.4411764705882353,1.0,3.8830716609954834,0.9573663473129272
834,80,cvae,1,43,0.25,0.390625,0.375,1.0,5.956182956695557,0.8412007093429565
835,80,cvae,1,43,0.234375,0.28125,0.37777777777777777,1.0,3.999436855316162,0.8116430640220642
836,80,cvae,1,43,0.2578125,0.34375,0.41428571428571426,1.0,3.6072113513946533,0.7960416078567505
837,80,cvae,1,43,0.3125,0.453125,0.375392464678179,1.0,5.297778129577637,0.9060006141662598
838,80,cvae,1,43,0.296875,0.4375,0.40588235294117647,1.0,3.52996826171875,0.721998929977417
839,80,cvae,1,43,0.25,0.3671875,0.3951219512195122,1.0,4.709710121154785,0.9999711513519287
840,80,cvae,1,43,0.3515625,0.296875,0.4822938689217759,1.0,5.552813529968262,1.0844672918319702
841,80,cvae,1,43,0.2734375,0.375,0.3973684210526316,1.0,5.403106689453125,1.1050130128860474
842,80,cvae,1,43,0.296875,0.296875,0.4166666666666667,1.0,2.978445053100586,0.7073470950126648
843,80,cvae,1,43,0.25,0.328125,0.40816326530612246,1.0,4.046667098999023,0.8064729571342468
844,80,cvae,1,43,0.375,0.359375,0.45454545454545453,1.0,5.3152055740356445,1.27677583694458
845,80,cvae,1,43,0.2578125,0.390625,0.3770833333333333,1.0,3.9539477825164795,0.8611428141593933
846,80,cvae,1,43,0.3125,0.328125,0.4444444444444444,1.0,5.9032769203186035,1.0747061967849731
847,80,cvae,1,43,0.25,0.359375,0.48717948717948717,1.0,6.9380340576171875,1.5059679746627808
848,80,cvae,1,43,0.2890625,0.2734375,0.458041958041958,1.0,5.753659725189209,1.1331889629364014
849,80,cvae,1,43,0.421875,0.421875,0.532258064516129,1.0,5.942214012145996,0.9139794111251831
850,80,cvae,1,43,0.25,0.359375,0.36363636363636365,1.0,5.681964874267578,0.8319946527481079
851,80,cvae,1,43,0.2890625,0.4296875,0.4379487179487179,1.0,6.4745049476623535,0.9680646657943726
852,80,cvae,1,43,0.328125,0.390625,0.42,1.0,5.526795864105225,1.172463297843933
853,80,cvae,1,43,0.28125,0.375,0.4253968253968254,1.0,5.52663516998291,0.9436488747596741
854,80,cvae,1,43,0.359375,0.421875,0.5111111111111111,1.0,5.468375205993652,1.1022485494613647
855,80,cvae,1,43,0.328125,0.34375,0.45652173913043476,1.0,5.090203285217285,0.9022578597068787
856,80,cvae,1,43,0.3125,0.40625,0.425531914893617,1.0,4.126267910003662,0.7749884128570557
857,80,cvae,1,43,0.3125,0.359375,0.4444444444444444,1.0,4.90830135345459,1.072257399559021
858,80,cvae,1,43,0.296875,0.3671875,0.4728867623604466,1.0,4.347846984863281,0.8886227607727051
859,80,cvae,1,43,0.390625,0.484375,0.4852941176470588,1.0,3.22194766998291,0.6817393898963928
860,80,cvae,1,43,0.3125,0.390625,0.4230769230769231,1.0,5.901289463043213,1.267985224723816
861,80,cvae,1,43,0.3125,0.375,0.45454545454545453,1.0,4.192323684692383,0.9099392890930176
862,80,cvae,1,43,0.328125,0.375,0.44680851063829785,1.0,6.023259162902832,1.0824543237686157
863,80,cvae,1,43,0.28125,0.359375,0.40476190476190477,1.0,4.70170783996582,0.955402672290802
864,80,cvae,1,43,0.328125,0.4375,0.446360153256705,1.0,3.2151734828948975,0.6893550753593445
865,80,cvae,1,43,0.296875,0.3671875,0.41944444444444445,1.0,8.538386344909668,1.2974544763565063
866,80,cvae,1,43,0.265625,0.34375,0.4182692307692308,1.0,6.684235572814941,1.0698050260543823
867,80,cvae,1,43,0.3125,0.484375,0.46153846153846156,1.0,7.210839748382568,1.0486358404159546
868,80,cvae,1,43,0.3125,0.34375,0.4358974358974359,1.0,6.631491661071777,1.0893077850341797
869,80,cvae,1,43,0.28125,0.40625,0.42857142857142855,1.0,6.661852836608887,1.147754192352295
870,80,cvae,1,43,0.328125,0.359375,0.44010416666666663,1.0,6.667738914489746,1.4330140352249146
871,80,cvae,1,43,0.296875,0.453125,0.4523809523809524,1.0,6.821158409118652,1.0339430570602417
872,80,cvae,1,43,0.3359375,0.4296875,0.45963718820861676,1.0,3.336538791656494,0.6674007177352905
873,80,cvae,1,43,0.328125,0.390625,0.4772727272727273,1.0,4.937100410461426,0.9128124117851257
874,80,cvae,1,43,0.265625,0.375,0.4146341463414634,1.0,3.490304470062256,0.8073222637176514
875,80,cvae,1,43,0.25,0.40625,0.4411764705882353,1.0,7.882315635681152,1.2401431798934937
876,80,cvae,1,43,0.375,0.484375,0.48936170212765956,1.0,4.677518844604492,0.9363707900047302
877,80,cvae,1,43,0.328125,0.375,0.45,1.0,8.586186408996582,1.4131174087524414
878,80,cvae,1,43,0.265625,0.421875,0.36363636363636365,1.0,5.814023017883301,1.044285535812378
879,80,cvae,1,43,0.265625,0.375,0.4444444444444444,1.0,7.660117149353027,1.2944680452346802
880,80,cvae,1,43,0.2890625,0.375,0.4511904761904762,1.0,7.338919639587402,1.2980097532272339
881,80,cvae,1,43,0.3984375,0.4453125,0.4725274725274725,0.8888888888888888,5.11435604095459,0.9807625412940979
882,80,cvae,1,43,0.28125,0.453125,0.4,1.0,5.258450984954834,1.1210381984710693
883,80,cvae,1,43,0.3125,0.46875,0.4,1.0,6.913158416748047,1.304680347442627
884,80,cvae,1,43,0.359375,0.453125,0.4166666666666667,1.0,5.5850372314453125,0.8910871744155884
885,80,cvae,1,43,0.2890625,0.34375,0.4444444444444444,1.0,6.796933174133301,1.0670729875564575
886,80,cvae,1,43,0.296875,0.421875,0.3902439024390244,1.0,6.3365020751953125,1.3406749963760376
887,80,cvae,1,43,0.234375,0.28125,0.3854895104895105,1.0,5.0160298347473145,0.9170789122581482
888,80,cvae,1,43,0.3515625,0.4921875,0.48155467720685113,1.0,3.5831799507141113,0.6140300035476685
889,80,cvae,1,43,0.3203125,0.3828125,0.4280523255813954,1.0,7.189236640930176,1.238612174987793
890,80,cvae,1,43,0.3046875,0.390625,0.41781393408427203,1.0,7.105260372161865,1.3671176433563232
891,80,cvae,1,43,0.28125,0.390625,0.3593434343434343,1.0,5.2936906814575195,1.0199960470199585
892,80,cvae,1,43,0.34375,0.4296875,0.3874183006535947,1.0,4.694884300231934,0.9759817719459534
893,80,cvae,1,43,0.3125,0.3359375,0.4504573170731707,1.0,5.231858253479004,1.0711883306503296
894,80,cvae,1,43,0.25,0.359375,0.37209302325581395,1.0,3.8146729469299316,0.7216016054153442
895,80,cvae,1,43,0.3203125,0.3984375,0.4367452558941921,1.0,4.169421672821045,0.7430335283279419
896,80,cvae,1,43,0.359375,0.484375,0.4716981132075472,1.0,4.239075183868408,0.9517715573310852
897,80,cvae,1,43,0.296875,0.4375,0.45098039215686275,1.0,6.3119635581970215,0.9809355139732361
898,80,cvae,1,43,0.296875,0.40625,0.3541666666666667,1.0,6.536837577819824,1.2558521032333374
899,80,cvae,1,43,0.265625,0.25,0.4782608695652174,1.0,4.990413188934326,0.9248580932617188
900,80,cvae,1,43,0.265625,0.359375,0.40540540540540543,1.0,4.139816761016846,0.7916135191917419
901,80,cvae,1,43,0.390625,0.40625,0.4470033296337403,1.0,5.862505912780762,0.9417763352394104
902,80,cvae,1,43,0.2734375,0.3203125,0.4024621212121212,1.0,3.8865585327148438,0.8207722306251526
903,80,cvae,1,43,0.265625,0.34375,0.4069264069264069,1.0,3.7651820182800293,0.6891162395477295
904,80,cvae,1,43,0.3046875,0.34375,0.43333333333333335,1.0,6.470580577850342,1.0409196615219116
905,80,cvae,1,43,0.375,0.40625,0.4166666666666667,1.0,5.4891862869262695,0.8230847120285034
906,80,cvae,1,43,0.2890625,0.375,0.4024621212121212,1.0,3.752185821533203,0.8233969211578369
907,80,cvae,1,43,0.3671875,0.359375,0.46557878633350336,1.0,7.796899795532227,1.3461741209030151
908,80,cvae,1,43,0.34375,0.390625,0.40261104441776707,1.0,5.915808200836182,1.1578425168991089
909,80,cvae,1,43,0.3046875,0.4375,0.4285714285714286,1.0,6.108808994293213,1.2285014390945435
910,80,cvae,1,43,0.2421875,0.3203125,0.40588235294117647,1.0,7.098972320556641,1.4142850637435913
911,80,cvae,1,43,0.34375,0.34375,0.45454545454545453,1.0,6.1736860275268555,1.1050450801849365
912,80,cvae,1,43,0.296875,0.390625,0.4418604651162791,1.0,6.319929122924805,1.0976537466049194
913,80,cvae,1,43,0.3046875,0.359375,0.46212121212121215,1.0,6.728792667388916,1.1370950937271118
914,80,cvae,1,43,0.3125,0.421875,0.43478260869565216,1.0,5.114528656005859,0.8823294043540955
915,80,cvae,1,43,0.28125,0.40625,0.40476190476190477,1.0,5.753737449645996,1.0275286436080933
916,80,cvae,1,43,0.3125,0.328125,0.4489795918367347,1.0,5.130685329437256,1.1042110919952393
917,80,cvae,1,43,0.3515625,0.421875,0.41836734693877553,1.0,5.893249034881592,1.0535905361175537
918,80,cvae,1,43,0.359375,0.375,0.5121951219512195,1.0,6.909139633178711,1.3159762620925903
919,80,cvae,1,43,0.3046875,0.296875,0.4642857142857143,1.0,3.7785966396331787,0.8573009371757507
920,80,cvae,1,43,0.3125,0.375,0.42443022790883644,1.0,4.407083511352539,0.7259611487388611
921,80,cvae,1,43,0.359375,0.515625,0.49019607843137253,1.0,6.28703498840332,1.052069902420044
922,80,cvae,1,43,0.40625,0.34375,0.6047008547008548,1.0,8.01270580291748,1.5903115272521973
923,80,cvae,1,43,0.3125,0.34375,0.46296296296296297,1.0,3.198430299758911,0.64274662733078
924,80,cvae,1,43,0.390625,0.4140625,0.49007936507936506,1.0,5.615940570831299,1.008696436882019
925,80,cvae,1,43,0.296875,0.390625,0.39285714285714285,1.0,5.543975830078125,0.8509817719459534
926,80,cvae,1,43,0.375,0.359375,0.48602693602693603,1.0,5.927262306213379,1.1695339679718018
927,80,cvae,1,43,0.359375,0.46875,0.4760322733744661,1.0,4.422380447387695,0.9339773654937744
928,80,cvae,1,43,0.28125,0.421875,0.36363636363636365,1.0,3.60221004486084,0.8102709650993347
929,80,cvae,1,43,0.3359375,0.375,0.5394736842105263,1.0,7.634269714355469,1.4854665994644165
930,80,cvae,1,43,0.34375,0.453125,0.4583333333333333,1.0,7.585735321044922,1.3254328966140747
931,80,cvae,1,43,0.3125,0.296875,0.4375,1.0,5.523283004760742,1.2572848796844482
932,80,cvae,1,43,0.375,0.53125,0.43636363636363634,1.0,5.513239860534668,1.1404423713684082
933,80,cvae,1,43,0.5234375,0.5078125,0.5188492063492064,1.0,4.287689208984375,0.9833029508590698
934,80,cvae,1,43,0.296875,0.3046875,0.46247654784240155,1.0,8.347006797790527,1.2615690231323242
935,80,cvae,1,43,0.3125,0.4140625,0.4038775510204081,1.0,6.103054046630859,0.8778102397918701
936,80,cvae,1,43,0.28125,0.375,0.4,1.0,5.023435592651367,0.9667501449584961
937,80,cvae,1,43,0.34375,0.4765625,0.4782608695652174,1.0,5.6417741775512695,0.9209481477737427
938,80,cvae,1,43,0.328125,0.4375,0.4178571428571428,1.0,2.5568323135375977,0.5326395034790039
939,80,cvae,1,43,0.3046875,0.453125,0.3895297249334516,1.0,3.9632298946380615,0.7890205383300781
940,80,cvae,1,43,0.3125,0.3515625,0.42767558528428096,1.0,7.041027069091797,1.2420954704284668
941,80,cvae,1,43,0.234375,0.3671875,0.34917582417582416,1.0,4.504012107849121,0.8043898344039917
942,80,cvae,1,43,0.3046875,0.375,0.4285024154589372,1.0,4.692512512207031,0.8785209655761719
943,80,cvae,1,43,0.2421875,0.3984375,0.39642857142857146,1.0,4.133767127990723,0.7764463424682617
944,80,cvae,1,43,0.265625,0.3828125,0.37922832980972515,1.0,4.4174041748046875,1.0064544677734375
945,80,cvae,1,43,0.296875,0.3203125,0.4284090909090909,1.0,3.4219202995300293,0.6425536870956421
946,80,cvae,1,43,0.28125,0.375,0.38461538461538464,1.0,4.019500255584717,0.855035662651062
947,80,cvae,1,43,0.28125,0.3984375,0.38865546218487396,1.0,4.929598808288574,0.9964805245399475
948,80,cvae,1,43,0.28125,0.3359375,0.3858885017421603,1.0,3.361391067504883,0.636314868927002
949,80,cvae,1,43,0.375,0.40625,0.47368421052631576,1.0,5.521828651428223,1.2061035633087158
950,80,cvae,1,43,0.296875,0.390625,0.4444444444444444,1.0,4.608746528625488,1.011861801147461
951,80,cvae,1,43,0.2421875,0.328125,0.37441619097042034,1.0,7.427332878112793,1.1593328714370728
952,80,cvae,1,43,0.21875,0.296875,0.38503774879890185,1.0,5.44478702545166,0.9882188439369202
953,80,cvae,1,43,0.265625,0.40625,0.37254901960784315,1.0,4.100022315979004,0.6563151478767395
954,80,cvae,1,43,0.3515625,0.3671875,0.5318877551020409,1.0,3.279550552368164,0.6292262673377991
955,80,cvae,1,43,0.34375,0.453125,0.40384615384615385,1.0,5.38474178314209,1.1924711465835571
956,80,cvae,1,43,0.375,0.453125,0.4528301886792453,1.0,4.580171585083008,0.8798754215240479
957,80,cvae,1,43,0.390625,0.4921875,0.46818181818181814,1.0,3.183060646057129,0.6191458702087402
958,80,cvae,1,43,0.375,0.359375,0.5047169811320755,1.0,4.093337535858154,0.6508970260620117
959,80,cvae,1,43,0.28125,0.390625,0.4489795918367347,1.0,4.936309814453125,1.097075343132019
960,80,cvae,1,43,0.3125,0.375,0.35555555555555557,1.0,5.202478408813477,1.0360103845596313
961,80,cvae,1,43,0.265625,0.375,0.3541666666666667,1.0,4.20874547958374,0.8279408812522888
962,80,cvae,1,43,0.3046875,0.328125,0.4486607142857143,1.0,6.89105749130249,1.335151195526123
963,80,cvae,1,43,0.265625,0.375,0.46153846153846156,1.0,5.449861526489258,1.0621670484542847
964,80,cvae,1,43,0.375,0.421875,0.47058823529411764,1.0,5.999333381652832,1.2509989738464355
965,80,cvae,1,43,0.296875,0.390625,0.42,1.0,5.028018951416016,1.0267363786697388
966,80,cvae,1,43,0.2890625,0.3671875,0.4044811320754717,1.0,4.380086898803711,0.7687820792198181
967,80,cvae,1,43,0.328125,0.515625,0.42857142857142855,1.0,5.252724647521973,1.1097757816314697
968,80,cvae,1,43,0.34375,0.359375,0.5106382978723404,1.0,5.354430675506592,0.9962857961654663
969,80,cvae,1,43,0.3203125,0.4296875,0.361003861003861,1.0,4.741982936859131,0.8538346886634827
970,80,cvae,1,43,0.28125,0.359375,0.4186046511627907,1.0,4.379571914672852,0.8641703724861145
971,80,cvae,1,43,0.3515625,0.328125,0.43823000898472597,1.0,6.958535194396973,1.1442253589630127
972,80,cvae,1,43,0.3671875,0.375,0.45098039215686275,1.0,7.281552314758301,1.362391710281372
973,80,cvae,1,43,0.359375,0.34375,0.48333333333333334,1.0,4.265613079071045,1.004939317703247
974,80,cvae,1,43,0.3125,0.375,0.4444444444444444,1.0,7.013720512390137,1.2785587310791016
975,80,cvae,1,43,0.3125,0.4375,0.42857142857142855,1.0,4.856600284576416,0.9463546276092529
976,80,cvae,1,43,0.28125,0.34375,0.3875,1.0,4.420796871185303,0.9262170195579529
977,80,cvae,1,43,0.2734375,0.2890625,0.4444444444444444,1.0,5.442618370056152,0.9535595774650574
978,80,cvae,1,43,0.296875,0.390625,0.43478260869565216,1.0,3.339418888092041,0.7560825347900391
979,80,cvae,1,43,0.3359375,0.3671875,0.46481178396072015,1.0,4.005962371826172,0.8169888854026794
980,80,cvae,1,43,0.3125,0.4375,0.45454545454545453,1.0,4.938235759735107,0.7943316102027893
981,80,cvae,1,43,0.296875,0.359375,0.4222222222222222,1.0,3.113783836364746,0.6928421854972839
982,80,cvae,1,43,0.2734375,0.359375,0.4176356589147287,1.0,5.751617431640625,1.1098840236663818
983,80,cvae,1,43,0.3203125,0.390625,0.4697297297297297,1.0,5.451080322265625,1.1992040872573853
984,80,cvae,1,43,0.328125,0.390625,0.425,1.0,4.100214004516602,0.6858053207397461
985,80,cvae,1,43,0.3125,0.421875,0.46511627906976744,1.0,3.521738052368164,0.6499258875846863
986,80,cvae,1,43,0.375,0.40625,0.4807692307692308,1.0,7.850551128387451,1.3598743677139282
987,80,cvae,1,43,0.359375,0.390625,0.4791666666666667,1.0,4.829946517944336,0.9866899251937866
988,80,cvae,1,43,0.34375,0.40625,0.4925373134328358,1.0,6.577155113220215,1.3887100219726562
989,80,cvae,1,43,0.265625,0.34375,0.38372093023255816,1.0,5.614230155944824,1.165284276008606
990,80,cvae,1,43,0.359375,0.375,0.47058823529411764,1.0,4.816427230834961,0.9267336130142212
991,80,cvae,1,43,0.265625,0.375,0.4146341463414634,1.0,6.308204174041748,1.2283674478530884
992,80,cvae,1,43,0.359375,0.4921875,0.5317028985507246,1.0,4.228609085083008,0.7925623059272766
993,80,cvae,1,43,0.265625,0.390625,0.3469387755102041,1.0,5.260643482208252,1.1673465967178345
994,80,cvae,1,43,0.234375,0.34375,0.3953488372093023,1.0,6.775005340576172,1.0941916704177856
995,80,cvae,1,43,0.359375,0.515625,0.5,1.0,7.676957130432129,1.1836310625076294
996,80,cvae,1,43,0.2421875,0.3515625,0.3484848484848485,1.0,2.7774620056152344,0.7113953828811646
997,80,cvae,1,43,0.359375,0.3125,0.5348837209302325,1.0,8.695487022399902,1.4380229711532593
998,80,cvae,1,43,0.2890625,0.40625,0.36920133907221425,1.0,4.103887557983398,0.7624627947807312
999,80,cvae,1,43,0.265625,0.328125,0.37209302325581395,1.0,4.670143127441406,0.9985715746879578
0,120,cvae,1,43,0.28125,0.25,0.4284090909090909,1.0,4.47878360748291,0.8883832097053528
1,120,cvae,1,43,0.265625,0.359375,0.3695652173913043,1.0,6.023236274719238,1.2466509342193604
2,120,cvae,1,43,0.3125,0.359375,0.546875,1.0,7.5707902908325195,1.2742503881454468
3,120,cvae,1,43,0.3125,0.34375,0.46590909090909094,1.0,6.6684160232543945,1.1769170761108398
4,120,cvae,1,43,0.2890625,0.390625,0.4142488716956802,1.0,4.675230979919434,1.0667794942855835
5,120,cvae,1,43,0.296875,0.328125,0.42857142857142855,0.9166666666666666,4.74207878112793,0.8995305895805359
6,120,cvae,1,43,0.265625,0.34375,0.4473684210526316,1.0,4.782041549682617,0.9635631442070007
7,120,cvae,1,43,0.359375,0.4375,0.48936170212765956,1.0,5.4472336769104,0.9705454707145691
8,120,cvae,1,43,0.328125,0.375,0.44680851063829785,1.0,9.92548942565918,1.441915512084961
9,120,cvae,1,43,0.359375,0.3984375,0.49019607843137253,0.8888888888888888,8.347334861755371,1.6151329278945923
10,120,cvae,1,43,0.265625,0.3359375,0.38636363636363635,1.0,4.958599090576172,0.9465267062187195
11,120,cvae,1,43,0.421875,0.421875,0.5178571428571429,1.0,3.198087692260742,0.6513426303863525
12,120,cvae,1,43,0.34375,0.375,0.5625,1.0,7.777826309204102,1.2791059017181396
13,120,cvae,1,43,0.3046875,0.34375,0.45416666666666666,1.0,5.33034086227417,1.086073875427246
14,120,cvae,1,43,0.3125,0.40625,0.5,1.0,6.102924346923828,0.9326525330543518
15,120,cvae,1,43,0.3125,0.375,0.40816326530612246,1.0,4.803592205047607,0.9639090299606323
16,120,cvae,1,43,0.296875,0.328125,0.3619375907111756,0.9090909090909091,5.216156005859375,1.0632026195526123
17,120,cvae,1,43,0.3125,0.421875,0.4117647058823529,1.0,5.322658538818359,1.0647870302200317
18,120,cvae,1,43,0.34375,0.359375,0.4782608695652174,1.0,6.520442008972168,1.3603845834732056
19,120,cvae,1,43,0.28125,0.375,0.4,1.0,5.018764495849609,1.0553100109100342
20,120,cvae,1,43,0.296875,0.390625,0.4523809523809524,1.0,4.760776519775391,0.865458071231842
21,120,cvae,1,43,0.3125,0.34375,0.45652173913043476,1.0,4.228949069976807,0.8911914825439453
22,120,cvae,1,43,0.296875,0.390625,0.46938775510204084,0.9166666666666666,6.881529808044434,1.1207793951034546
23,120,cvae,1,43,0.3125,0.3125,0.40816326530612246,1.0,5.778057098388672,0.9667544960975647
24,120,cvae,1,43,0.328125,0.34375,0.4117647058823529,0.9,7.5659894943237305,1.3875230550765991
25,120,cvae,1,43,0.3203125,0.359375,0.4461538461538461,1.0,3.8921425342559814,0.8546579480171204
26,120,cvae,1,43,0.3125,0.375,0.4513081395348837,1.0,8.595328330993652,1.3666067123413086
27,120,cvae,1,43,0.390625,0.4375,0.47394429469901167,1.0,4.074281215667725,0.9317096471786499
28,120,cvae,1,43,0.3671875,0.46875,0.5022893772893773,1.0,6.714827537536621,1.4581599235534668
29,120,cvae,1,43,0.296875,0.34375,0.5,1.0,5.622820854187012,1.0229771137237549
30,120,cvae,1,43,0.296875,0.375,0.3737745098039216,1.0,9.648126602172852,1.2885277271270752
31,120,cvae,1,43,0.3125,0.28125,0.4576271186440678,1.0,6.979515075683594,1.4297187328338623
32,120,cvae,1,43,0.25,0.40625,0.359375,1.0,5.296045303344727,1.1252483129501343
33,120,cvae,1,43,0.359375,0.390625,0.5,1.0,6.77687931060791,1.2997297048568726
34,120,cvae,1,43,0.28125,0.2578125,0.39888888888888885,1.0,9.326301574707031,1.5983563661575317
35,120,cvae,1,43,0.3125,0.328125,0.43902439024390244,1.0,6.464480400085449,1.110295057296753
36,120,cvae,1,43,0.34375,0.296875,0.48214285714285715,1.0,3.9483673572540283,0.7194326519966125
37,120,cvae,1,43,0.296875,0.296875,0.4523809523809524,1.0,4.4882307052612305,0.8953163623809814
38,120,cvae,1,43,0.3046875,0.4296875,0.4187943262411348,1.0,7.314008712768555,1.4624319076538086
39,120,cvae,1,43,0.3203125,0.375,0.45753588516746413,1.0,4.594993591308594,0.9358888268470764
40,120,cvae,1,43,0.296875,0.375,0.45098039215686275,1.0,4.1902313232421875,0.8577232360839844
41,120,cvae,1,43,0.328125,0.390625,0.4552590266875981,1.0,3.701542854309082,0.8301777243614197
42,120,cvae,1,43,0.3125,0.375,0.4117647058823529,1.0,6.986677646636963,1.27022123336792
43,120,cvae,1,43,0.3125,0.421875,0.4878048780487805,1.0,8.308876037597656,1.345872402191162
44,120,cvae,1,43,0.28125,0.359375,0.40425531914893614,1.0,6.882317543029785,1.3419586420059204
45,120,cvae,1,43,0.28125,0.328125,0.4090909090909091,1.0,6.964847564697266,1.25984787940979
46,120,cvae,1,43,0.3125,0.25,0.42105263157894735,1.0,5.111964225769043,0.9222399592399597
47,120,cvae,1,43,0.34375,0.40625,0.4827586206896552,1.0,3.4232497215270996,0.8141227960586548
48,120,cvae,1,43,0.359375,0.46875,0.4797297297297297,1.0,3.85874605178833,0.8374797701835632
49,120,cvae,1,43,0.3046875,0.328125,0.45622435020519836,1.0,8.334278106689453,1.3105119466781616
50,120,cvae,1,43,0.296875,0.375,0.4523809523809524,1.0,3.7549285888671875,0.7689962387084961
51,120,cvae,1,43,0.34375,0.2890625,0.45068027210884354,1.0,4.190896987915039,0.7354822754859924
52,120,cvae,1,43,0.265625,0.3125,0.391304347826087,1.0,8.07701587677002,1.2618986368179321
53,120,cvae,1,43,0.3125,0.34375,0.45614035087719296,1.0,5.378398895263672,1.0405017137527466
54,120,cvae,1,43,0.296875,0.2421875,0.45794871794871794,1.0,8.20478343963623,1.1651554107666016
55,120,cvae,1,43,0.2890625,0.3828125,0.4201680672268907,1.0,6.97855281829834,1.1656556129455566
56,120,cvae,1,43,0.328125,0.3125,0.49056603773584906,1.0,4.234039306640625,0.8730359673500061
57,120,cvae,1,43,0.2734375,0.40625,0.3725822050290135,1.0,5.173535346984863,0.9918827414512634
58,120,cvae,1,43,0.25,0.375,0.38235294117647056,1.0,6.300114631652832,1.2798902988433838
59,120,cvae,1,43,0.296875,0.390625,0.44642857142857145,1.0,3.9936110973358154,0.7797450423240662
60,120,cvae,1,43,0.3203125,0.3203125,0.4653679653679653,1.0,5.469478607177734,1.0616419315338135
61,120,cvae,1,43,0.3125,0.34375,0.4772727272727273,1.0,5.9941020011901855,1.2861078977584839
62,120,cvae,1,43,0.28125,0.3125,0.39676015473887816,1.0,3.639359474182129,0.7343468070030212
63,120,cvae,1,43,0.28125,0.3515625,0.3877551020408163,1.0,7.018362998962402,1.4944849014282227
64,120,cvae,1,43,0.25,0.3671875,0.41133816743572843,1.0,4.618870258331299,0.8578488826751709
65,120,cvae,1,43,0.265625,0.34375,0.425,1.0,4.523067474365234,1.0424357652664185
66,120,cvae,1,43,0.328125,0.390625,0.43902439024390244,1.0,4.95341682434082,0.8498273491859436
67,120,cvae,1,43,0.3125,0.34375,0.4878048780487805,1.0,6.908980369567871,1.0429447889328003
68,120,cvae,1,43,0.25,0.359375,0.391304347826087,1.0,6.646376132965088,1.2820831537246704
69,120,cvae,1,43,0.296875,0.453125,0.4117647058823529,1.0,4.686144828796387,1.0184681415557861
70,120,cvae,1,43,0.359375,0.34375,0.4528301886792453,1.0,6.186788082122803,1.213437795639038
71,120,cvae,1,43,0.34375,0.359375,0.4888888888888889,1.0,6.324396133422852,1.060165524482727
72,120,cvae,1,43,0.34375,0.328125,0.42857142857142855,1.0,4.020110607147217,0.9074567556381226
73,120,cvae,1,43,0.3046875,0.328125,0.4365079365079365,1.0,6.962314605712891,0.9304184913635254
74,120,cvae,1,43,0.25,0.390625,0.39192886456908343,1.0,9.000072479248047,1.2406378984451294
75,120,cvae,1,43,0.2890625,0.3984375,0.4450581395348837,1.0,5.351737976074219,0.9195884466171265
76,120,cvae,1,43,0.3125,0.421875,0.45614035087719296,1.0,7.518719673156738,1.2611913681030273
77,120,cvae,1,43,0.296875,0.359375,0.44680851063829785,1.0,7.141164302825928,1.3027235269546509
78,120,cvae,1,43,0.28125,0.40625,0.41875,1.0,6.47752571105957,1.126431941986084
79,120,cvae,1,43,0.296875,0.34375,0.4358974358974359,1.0,3.8371119499206543,0.6984701752662659
80,120,cvae,1,43,0.296875,0.28125,0.4444444444444444,1.0,4.967965126037598,0.8966622352600098
81,120,cvae,1,43,0.28125,0.359375,0.3953488372093023,1.0,3.9122791290283203,1.0189487934112549
82,120,cvae,1,43,0.34375,0.375,0.4641025641025641,1.0,8.014435768127441,1.471068024635315
83,120,cvae,1,43,0.2734375,0.328125,0.4375,1.0,3.997018814086914,0.86109858751297
84,120,cvae,1,43,0.3203125,0.4296875,0.4606060606060606,1.0,7.814053535461426,1.7316371202468872
85,120,cvae,1,43,0.3125,0.390625,0.47619047619047616,1.0,6.229310035705566,1.0181958675384521
86,120,cvae,1,43,0.296875,0.40625,0.4411764705882353,1.0,5.592669486999512,0.9576272368431091
87,120,cvae,1,43,0.296875,0.328125,0.4318181818181818,0.9,4.122278213500977,0.7828726768493652
88,120,cvae,1,43,0.328125,0.34375,0.47109594540345245,1.0,5.32545804977417,0.9407476186752319
89,120,cvae,1,43,0.296875,0.375,0.4318181818181818,0.9,4.356356620788574,0.8923458456993103
90,120,cvae,1,43,0.3359375,0.34375,0.47791353383458646,1.0,5.534605026245117,1.1342748403549194
91,120,cvae,1,43,0.265625,0.34375,0.4358974358974359,1.0,8.695427894592285,1.350490689277649
92,120,cvae,1,43,0.2578125,0.328125,0.41290726817042606,1.0,5.774740695953369,1.0315492153167725
93,120,cvae,1,43,0.3046875,0.34375,0.43968023255813954,1.0,4.147184371948242,0.7222595810890198
94,120,cvae,1,43,0.3046875,0.4375,0.4665750915750916,1.0,4.642491340637207,1.0606836080551147
95,120,cvae,1,43,0.3125,0.390625,0.47559523809523807,1.0,7.608788013458252,1.4164707660675049
96,120,cvae,1,43,0.3125,0.40625,0.4,1.0,4.694900989532471,1.0121736526489258
97,120,cvae,1,43,0.2578125,0.375,0.37340301974448314,1.0,7.09670352935791,1.2214865684509277
98,120,cvae,1,43,0.328125,0.4375,0.4569838056680162,1.0,4.922841548919678,1.0373635292053223
99,120,cvae,1,43,0.28125,0.359375,0.479296066252588,1.0,7.365310192108154,1.3931605815887451
100,120,cvae,1,43,0.328125,0.40625,0.46808510638297873,1.0,5.231975555419922,0.960771381855011
101,120,cvae,1,43,0.265625,0.3515625,0.3961988304093567,1.0,7.176553249359131,1.2567110061645508
102,120,cvae,1,43,0.3203125,0.359375,0.42385057471264365,1.0,5.120933532714844,0.8826648592948914
103,120,cvae,1,43,0.3515625,0.4140625,0.46784511784511784,1.0,4.234764099121094,0.8622847199440002
104,120,cvae,1,43,0.25,0.3359375,0.3858885017421603,1.0,7.523829460144043,1.4458293914794922
105,120,cvae,1,43,0.359375,0.3984375,0.4806547619047619,1.0,4.610007286071777,0.9411937594413757
106,120,cvae,1,43,0.28125,0.359375,0.4090909090909091,1.0,5.155943870544434,1.0134007930755615
107,120,cvae,1,43,0.296875,0.3203125,0.45789779326364694,1.0,5.705087661743164,0.9918728470802307
108,120,cvae,1,43,0.3515625,0.4375,0.4528756957328386,1.0,6.273975372314453,1.4052406549453735
109,120,cvae,1,43,0.296875,0.359375,0.3958333333333333,1.0,3.6298751831054688,0.7850835919380188
110,120,cvae,1,43,0.296875,0.328125,0.42105263157894735,1.0,5.572351455688477,1.222311019897461
111,120,cvae,1,43,0.328125,0.40625,0.4634146341463415,1.0,4.073829650878906,0.7973505854606628
112,120,cvae,1,43,0.328125,0.265625,0.4775413711583924,1.0,4.789743900299072,0.8768556118011475
113,120,cvae,1,43,0.3125,0.40625,0.45652173913043476,1.0,4.163449764251709,0.9164301753044128
114,120,cvae,1,43,0.25,0.40625,0.3902439024390244,1.0,5.198378562927246,1.0391477346420288
115,120,cvae,1,43,0.3125,0.40625,0.42857142857142855,1.0,5.987064361572266,1.3321506977081299
116,120,cvae,1,43,0.3203125,0.390625,0.45588235294117646,1.0,3.187595844268799,0.6819114089012146
117,120,cvae,1,43,0.265625,0.375,0.45714285714285713,1.0,5.37281608581543,1.010543704032898
118,120,cvae,1,43,0.3125,0.40625,0.4,1.0,7.151650428771973,1.1948875188827515
119,120,cvae,1,43,0.3125,0.34375,0.4254901960784314,1.0,6.081422805786133,1.1106898784637451
120,120,cvae,1,43,0.28125,0.390625,0.4078674948240165,1.0,3.9144845008850098,0.895395815372467
121,120,cvae,1,43,0.28125,0.3125,0.43333333333333335,0.9090909090909091,6.9886674880981445,1.3763316869735718
122,120,cvae,1,43,0.328125,0.40625,0.42,1.0,6.689278602600098,1.2044882774353027
123,120,cvae,1,43,0.265625,0.3984375,0.4004988913525499,1.0,4.819460391998291,0.9702410101890564
124,120,cvae,1,43,0.328125,0.375,0.45652173913043476,1.0,3.6211555004119873,0.8635340929031372
125,120,cvae,1,43,0.3125,0.359375,0.43478260869565216,1.0,7.228348731994629,1.2838634252548218
126,120,cvae,1,43,0.328125,0.390625,0.45454545454545453,1.0,2.6513593196868896,0.6204171776771545
127,120,cvae,1,43,0.328125,0.34375,0.4444444444444444,0.9,6.405508041381836,1.129955530166626
128,120,cvae,1,43,0.296875,0.328125,0.43478260869565216,0.9166666666666666,7.954535484313965,1.134015440940857
129,120,cvae,1,43,0.265625,0.3125,0.5471698113207547,1.0,5.529557228088379,1.0136959552764893
130,120,cvae,1,43,0.3046875,0.2890625,0.5,1.0,5.485553741455078,0.8118631839752197
131,120,cvae,1,43,0.28125,0.296875,0.46153846153846156,1.0,6.558267593383789,1.276903748512268
132,120,cvae,1,43,0.34375,0.375,0.45454545454545453,1.0,6.870159149169922,1.246433138847351
133,120,cvae,1,43,0.4375,0.375,0.5645161290322581,1.0,4.686012268066406,1.010827660560608
134,120,cvae,1,43,0.328125,0.40625,0.4461904761904762,1.0,6.191939353942871,1.1357775926589966
135,120,cvae,1,43,0.3125,0.34375,0.4875,1.0,4.6119890213012695,0.8590852618217468
136,120,cvae,1,43,0.28125,0.3671875,0.3849206349206349,1.0,5.99365234375,1.332963466644287
137,120,cvae,1,43,0.296875,0.375,0.45227272727272727,1.0,3.506585121154785,0.6558517813682556
138,120,cvae,1,43,0.25,0.3125,0.38095238095238093,1.0,5.15463924407959,1.1237071752548218
139,120,cvae,1,43,0.359375,0.359375,0.4653209109730849,1.0,6.580321311950684,1.3203595876693726
140,120,cvae,1,43,0.265625,0.375,0.3902439024390244,1.0,5.756560325622559,1.1390843391418457
141,120,cvae,1,43,0.265625,0.359375,0.38315217391304346,1.0,3.567744255065918,0.7472401261329651
142,120,cvae,1,43,0.234375,0.375,0.3487525987525988,1.0,6.675400733947754,1.0183197259902954
143,120,cvae,1,43,0.265625,0.390625,0.4,1.0,6.856923580169678,1.0397084951400757
144,120,cvae,1,43,0.3046875,0.3125,0.46223316912972084,1.0,5.224863529205322,1.0671122074127197
145,120,cvae,1,43,0.296875,0.34375,0.4888888888888889,1.0,6.0833234786987305,1.0798442363739014
146,120,cvae,1,43,0.296875,0.328125,0.41304347826086957,1.0,3.191331386566162,0.7450893521308899
147,120,cvae,1,43,0.3203125,0.40625,0.46635610766045543,1.0,6.222050189971924,1.1349321603775024
148,120,cvae,1,43,0.296875,0.3125,0.42105263157894735,1.0,4.610119819641113,0.9301659464836121
149,120,cvae,1,43,0.3046875,0.3515625,0.42784552845528456,1.0,7.518383026123047,1.432519793510437
150,120,cvae,1,43,0.3046875,0.3515625,0.475,1.0,4.559175491333008,0.9074702858924866
151,120,cvae,1,43,0.28125,0.328125,0.4146341463414634,1.0,5.464950084686279,0.8979961276054382
152,120,cvae,1,43,0.34375,0.4375,0.46808510638297873,1.0,6.1328840255737305,1.1238224506378174
153,120,cvae,1,43,0.296875,0.3125,0.4772727272727273,1.0,3.794055938720703,0.7449677586555481
154,120,cvae,1,43,0.296875,0.34375,0.4523809523809524,1.0,6.3371076583862305,1.2924199104309082
155,120,cvae,1,43,0.28125,0.390625,0.3829787234042553,1.0,5.290722846984863,1.017956256866455
156,120,cvae,1,43,0.296875,0.390625,0.4090909090909091,1.0,6.9023213386535645,1.24674654006958
157,120,cvae,1,43,0.3125,0.34375,0.4408967391304348,1.0,6.039538383483887,1.1232316493988037
158,120,cvae,1,43,0.2578125,0.3671875,0.42810457516339867,1.0,7.038600921630859,1.3198033571243286
159,120,cvae,1,43,0.2890625,0.359375,0.45916666666666667,1.0,5.946744441986084,1.1633023023605347
160,120,cvae,1,43,0.3046875,0.375,0.45622435020519836,1.0,7.379250526428223,1.3214508295059204
161,120,cvae,1,43,0.3125,0.421875,0.46511627906976744,1.0,7.151297569274902,1.418030023574829
162,120,cvae,1,43,0.296875,0.15625,0.5294117647058824,1.0,4.596266746520996,0.9216020107269287
163,120,cvae,1,43,0.2890625,0.3984375,0.4148550724637681,1.0,8.896812438964844,1.7869837284088135
164,120,cvae,1,43,0.328125,0.390625,0.41304347826086957,1.0,6.039117336273193,1.2416930198669434
165,120,cvae,1,43,0.296875,0.4375,0.4523809523809524,1.0,3.7738232612609863,0.8488174676895142
166,120,cvae,1,43,0.40625,0.4375,0.5,1.0,7.552022457122803,1.4708657264709473
167,120,cvae,1,43,0.3125,0.375,0.4444444444444444,1.0,3.0159502029418945,0.7345080971717834
168,120,cvae,1,43,0.234375,0.3125,0.3541666666666667,1.0,8.578094482421875,1.4143688678741455
169,120,cvae,1,43,0.328125,0.390625,0.484920634920635,1.0,4.801278114318848,1.0008857250213623
170,120,cvae,1,43,0.3359375,0.3125,0.49489795918367346,1.0,9.410902976989746,1.5973808765411377
171,120,cvae,1,43,0.296875,0.3046875,0.3968023255813954,1.0,3.554736375808716,0.7134886980056763
172,120,cvae,1,43,0.2890625,0.359375,0.44948979591836735,1.0,4.948927879333496,0.8993555307388306
173,120,cvae,1,43,0.3046875,0.3125,0.4486842105263158,1.0,5.218267440795898,0.974300742149353
174,120,cvae,1,43,0.3046875,0.3359375,0.42297551789077215,1.0,5.504453659057617,1.0659198760986328
175,120,cvae,1,43,0.2890625,0.3125,0.4408967391304348,1.0,4.46183443069458,0.746983528137207
176,120,cvae,1,43,0.328125,0.40625,0.46938775510204084,1.0,6.280909538269043,1.0730639696121216
177,120,cvae,1,43,0.3046875,0.3046875,0.43813131313131315,1.0,5.528278350830078,1.0176018476486206
178,120,cvae,1,43,0.3125,0.4609375,0.4202551834130781,1.0,7.044633388519287,1.181093454360962
179,120,cvae,1,43,0.359375,0.390625,0.46,1.0,4.3317975997924805,0.8577405214309692
180,120,cvae,1,43,0.28125,0.390625,0.4090909090909091,1.0,6.839923858642578,1.3865700960159302
181,120,cvae,1,43,0.28125,0.328125,0.41304347826086957,1.0,4.812355041503906,1.0302292108535767
182,120,cvae,1,43,0.25,0.3125,0.41661939875212706,1.0,5.098916053771973,1.110446810722351
183,120,cvae,1,43,0.28125,0.359375,0.43902439024390244,1.0,6.540514945983887,1.3762203454971313
184,120,cvae,1,43,0.3359375,0.421875,0.37317620650953987,1.0,5.22255802154541,1.096032738685608
185,120,cvae,1,43,0.3046875,0.34375,0.4603174603174603,1.0,8.84408950805664,1.5093961954116821
186,120,cvae,1,43,0.3671875,0.3515625,0.46311475409836067,1.0,6.253872394561768,1.2332944869995117
187,120,cvae,1,43,0.34375,0.34375,0.4230769230769231,1.0,4.702184677124023,0.9821966886520386
188,120,cvae,1,43,0.34375,0.3984375,0.4267161410018553,0.8888888888888888,6.669493198394775,1.3451627492904663
189,120,cvae,1,43,0.296875,0.3828125,0.4173913043478261,1.0,5.625861644744873,1.0721635818481445
190,120,cvae,1,43,0.2734375,0.375,0.40212765957446805,1.0,7.413908958435059,1.3766114711761475
191,120,cvae,1,43,0.34375,0.453125,0.4634146341463415,1.0,5.823410987854004,1.1972113847732544
192,120,cvae,1,43,0.3203125,0.328125,0.4500968992248062,1.0,8.887157440185547,1.5057964324951172
193,120,cvae,1,43,0.265625,0.359375,0.38461538461538464,0.9,5.685448169708252,1.2479884624481201
194,120,cvae,1,43,0.328125,0.390625,0.525,1.0,6.082114219665527,1.1876455545425415
195,120,cvae,1,43,0.25,0.375,0.3902439024390244,1.0,6.201624870300293,1.162318468093872
196,120,cvae,1,43,0.28125,0.390625,0.43902439024390244,1.0,3.986924648284912,0.8758640885353088
197,120,cvae,1,43,0.3125,0.25,0.4565217391304348,1.0,6.140380859375,0.9261021614074707
198,120,cvae,1,43,0.296875,0.34375,0.4375,1.0,6.437952041625977,1.4398385286331177
199,120,cvae,1,43,0.3125,0.3515625,0.4648268398268398,1.0,4.761507987976074,0.9855256676673889
200,120,cvae,1,43,0.34375,0.390625,0.4634146341463415,1.0,5.532384872436523,0.9937261939048767
201,120,cvae,1,43,0.296875,0.359375,0.45,1.0,4.495699882507324,0.8155622482299805
202,120,cvae,1,43,0.3046875,0.3515625,0.4212962962962963,1.0,6.132572174072266,0.992781400680542
203,120,cvae,1,43,0.296875,0.3125,0.4473684210526316,1.0,5.710590362548828,1.113064169883728
204,120,cvae,1,43,0.328125,0.296875,0.46808510638297873,1.0,7.065112113952637,1.247825026512146
205,120,cvae,1,43,0.265625,0.375,0.38636363636363635,1.0,6.83934211730957,1.2499098777770996
206,120,cvae,1,43,0.296875,0.203125,0.4224308300395257,0.9230769230769231,6.3299241065979,1.0452213287353516
207,120,cvae,1,43,0.3125,0.3828125,0.4364973262032086,1.0,5.5804338455200195,1.1585994958877563
208,120,cvae,1,43,0.3046875,0.3125,0.44562647754137114,1.0,5.545585632324219,1.0490883588790894
209,120,cvae,1,43,0.296875,0.375,0.4427724578203374,1.0,3.7421226501464844,0.7474202513694763
210,120,cvae,1,43,0.265625,0.390625,0.3617021276595745,1.0,5.565743446350098,1.1849033832550049
211,120,cvae,1,43,0.28125,0.328125,0.4418604651162791,1.0,3.53350830078125,0.7636905908584595
212,120,cvae,1,43,0.28125,0.296875,0.4011946241911398,1.0,8.657302856445312,1.4168339967727661
213,120,cvae,1,43,0.28125,0.34375,0.4318181818181818,1.0,4.9827775955200195,0.9518600106239319
214,120,cvae,1,43,0.265625,0.4140625,0.39332659251769464,1.0,4.97918176651001,1.0595920085906982
215,120,cvae,1,43,0.2890625,0.3046875,0.4535897435897436,1.0,8.059598922729492,1.3915802240371704
216,120,cvae,1,43,0.328125,0.34375,0.5121951219512195,1.0,10.252166748046875,1.6243431568145752
217,120,cvae,1,43,0.265625,0.1875,0.5192307692307693,1.0,2.5973081588745117,0.4344281256198883
218,120,cvae,1,43,0.28125,0.375,0.425,1.0,3.2590036392211914,0.6401455998420715
219,120,cvae,1,43,0.296875,0.28125,0.5053191489361701,1.0,7.510841369628906,1.3945873975753784
220,120,cvae,1,43,0.25,0.375,0.42857142857142855,1.0,4.7972259521484375,0.9993773698806763
221,120,cvae,1,43,0.296875,0.34375,0.4362514688601645,1.0,7.162453651428223,1.1827819347381592
222,120,cvae,1,43,0.3515625,0.453125,0.4695121951219512,1.0,4.893874168395996,0.9934427738189697
223,120,cvae,1,43,0.25,0.390625,0.4,1.0,5.754807472229004,1.2598555088043213
224,120,cvae,1,43,0.265625,0.2890625,0.3948412698412698,1.0,4.601739406585693,0.8725478649139404
225,120,cvae,1,43,0.296875,0.359375,0.3958333333333333,1.0,4.205148696899414,0.8032734394073486
226,120,cvae,1,43,0.3125,0.453125,0.43478260869565216,1.0,3.566422939300537,0.8796095848083496
227,120,cvae,1,43,0.34375,0.4453125,0.41885964912280704,1.0,4.586050033569336,0.9107521176338196
228,120,cvae,1,43,0.28125,0.34375,0.4166666666666667,1.0,5.275627136230469,1.1171523332595825
229,120,cvae,1,43,0.3046875,0.40625,0.4192876965772433,1.0,7.667209625244141,1.3130075931549072
230,120,cvae,1,43,0.2890625,0.40625,0.4365079365079365,1.0,5.921063423156738,1.3220946788787842
231,120,cvae,1,43,0.3125,0.421875,0.4642857142857143,1.0,6.526013374328613,1.2306666374206543
232,120,cvae,1,43,0.359375,0.359375,0.5,1.0,4.632481575012207,1.100191354751587
233,120,cvae,1,43,0.28125,0.28125,0.3673469387755102,1.0,4.5627593994140625,0.7459421157836914
234,120,cvae,1,43,0.34375,0.4140625,0.4633333333333334,1.0,6.214086532592773,1.4092679023742676
235,120,cvae,1,43,0.25,0.390625,0.44,1.0,5.408500671386719,1.112730622291565
236,120,cvae,1,43,0.2734375,0.34375,0.452991452991453,1.0,5.853034973144531,1.1234184503555298
237,120,cvae,1,43,0.296875,0.34375,0.4727272727272727,0.9,5.905357360839844,1.0411547422409058
238,120,cvae,1,43,0.34375,0.3984375,0.4614814814814815,1.0,6.253830432891846,1.2237298488616943
239,120,cvae,1,43,0.28125,0.390625,0.4270516717325228,1.0,6.021725654602051,1.2606878280639648
240,120,cvae,1,43,0.28125,0.375,0.4523809523809524,1.0,4.155418395996094,0.8013265132904053
241,120,cvae,1,43,0.3203125,0.3828125,0.4158805031446541,1.0,7.265673637390137,1.079143762588501
242,120,cvae,1,43,0.2734375,0.375,0.44294871794871793,1.0,6.522765159606934,1.3261637687683105
243,120,cvae,1,43,0.3203125,0.3125,0.5200320512820513,1.0,9.540205955505371,1.8547672033309937
244,120,cvae,1,43,0.296875,0.34375,0.475,1.0,3.958275556564331,0.7238653302192688
245,120,cvae,1,43,0.3125,0.375,0.4090909090909091,1.0,5.636161804199219,0.95826655626297
246,120,cvae,1,43,0.296875,0.34375,0.46875,1.0,7.243938446044922,1.2381929159164429
247,120,cvae,1,43,0.328125,0.34375,0.4666666666666667,1.0,9.104116439819336,1.2813172340393066
248,120,cvae,1,43,0.265625,0.3125,0.40476190476190477,0.9166666666666666,7.660688400268555,1.3551539182662964
249,120,cvae,1,43,0.34375,0.34375,0.475,1.0,8.028019905090332,1.4325313568115234
250,120,cvae,1,43,0.2578125,0.328125,0.43472222222222223,1.0,4.793745040893555,0.9853377938270569
251,120,cvae,1,43,0.296875,0.4375,0.4222222222222222,1.0,6.01424503326416,1.2926877737045288
252,120,cvae,1,43,0.296875,0.25,0.4478221415607986,1.0,4.2557854652404785,0.9070119857788086
253,120,cvae,1,43,0.3046875,0.359375,0.475,1.0,2.8743457794189453,0.5994227528572083
254,120,cvae,1,43,0.34375,0.4296875,0.5009469696969697,1.0,4.7100725173950195,0.8750556707382202
255,120,cvae,1,43,0.2265625,0.3359375,0.40297498309668695,1.0,4.161365509033203,0.8547910451889038
256,120,cvae,1,43,0.28125,0.40625,0.4,1.0,3.7466604709625244,0.7339767217636108
257,120,cvae,1,43,0.34375,0.515625,0.46153846153846156,0.875,6.115871429443359,1.021457314491272
258,120,cvae,1,43,0.2890625,0.3515625,0.44593023255813957,1.0,4.744309425354004,0.849153995513916
259,120,cvae,1,43,0.3125,0.34375,0.47404255319148936,1.0,7.563942909240723,1.294232964515686
260,120,cvae,1,43,0.359375,0.359375,0.5,1.0,3.376415491104126,0.6940954923629761
261,120,cvae,1,43,0.328125,0.2890625,0.4696808510638298,1.0,6.797940254211426,1.0614656209945679
262,120,cvae,1,43,0.28125,0.3828125,0.4474789915966386,0.9090909090909091,6.862749099731445,1.2112469673156738
263,120,cvae,1,43,0.296875,0.3125,0.4375,1.0,5.521641254425049,0.9785504341125488
264,120,cvae,1,43,0.3203125,0.328125,0.44657097288676234,1.0,5.656899929046631,0.9699355959892273
265,120,cvae,1,43,0.28125,0.390625,0.425531914893617,1.0,6.943603038787842,1.2291860580444336
266,120,cvae,1,43,0.3125,0.40625,0.41833333333333333,1.0,4.450488567352295,1.0458219051361084
267,120,cvae,1,43,0.28125,0.328125,0.4090909090909091,1.0,7.108889579772949,1.4263088703155518
268,120,cvae,1,43,0.28125,0.328125,0.40476190476190477,1.0,7.286678791046143,1.2572021484375
269,120,cvae,1,43,0.3125,0.359375,0.45454545454545453,1.0,5.758254528045654,1.0966118574142456
270,120,cvae,1,43,0.25,0.40625,0.4,1.0,5.302550315856934,1.0950233936309814
271,120,cvae,1,43,0.296875,0.359375,0.4318181818181818,1.0,5.671550273895264,1.1805328130722046
272,120,cvae,1,43,0.265625,0.34375,0.42857142857142855,1.0,6.547704696655273,1.3296455144882202
273,120,cvae,1,43,0.359375,0.4296875,0.5164251207729469,1.0,3.5151333808898926,0.7493168711662292
274,120,cvae,1,43,0.3359375,0.34375,0.43698113207547173,1.0,7.421403884887695,1.434807300567627
275,120,cvae,1,43,0.3203125,0.328125,0.4846711259754738,1.0,6.137285232543945,1.0816714763641357
276,120,cvae,1,43,0.375,0.265625,0.5,1.0,3.187675952911377,0.6184917092323303
277,120,cvae,1,43,0.328125,0.40625,0.45454545454545453,0.9090909090909091,5.3476243019104,1.0753530263900757
278,120,cvae,1,43,0.3125,0.34375,0.47368421052631576,1.0,6.493633270263672,1.102536916732788
279,120,cvae,1,43,0.28125,0.390625,0.4,1.0,5.331486225128174,1.123739242553711
280,120,cvae,1,43,0.359375,0.359375,0.42592592592592593,1.0,5.4864959716796875,1.2649720907211304
281,120,cvae,1,43,0.3359375,0.40625,0.43916666666666665,1.0,6.239463806152344,1.1736674308776855
282,120,cvae,1,43,0.3125,0.375,0.4358974358974359,1.0,3.2429146766662598,0.5575011968612671
283,120,cvae,1,43,0.296875,0.375,0.5191176470588236,1.0,5.05359411239624,1.000318169593811
284,120,cvae,1,43,0.296875,0.328125,0.4523809523809524,1.0,2.5812225341796875,0.5702851414680481
285,120,cvae,1,43,0.2734375,0.3359375,0.4564393939393939,1.0,6.232612609863281,1.2055529356002808
286,120,cvae,1,43,0.3125,0.328125,0.4675,1.0,3.6910972595214844,0.6752742528915405
287,120,cvae,1,43,0.28125,0.328125,0.43813131313131315,1.0,4.805011749267578,1.083709478378296
288,120,cvae,1,43,0.28125,0.34375,0.4318181818181818,1.0,3.668818473815918,0.773964524269104
289,120,cvae,1,43,0.2421875,0.328125,0.373015873015873,1.0,4.234638214111328,0.8356313705444336
290,120,cvae,1,43,0.28125,0.3359375,0.449874686716792,1.0,4.858510971069336,0.9549157619476318
291,120,cvae,1,43,0.2734375,0.3203125,0.4305555555555556,1.0,6.769371032714844,1.2072960138320923
292,120,cvae,1,43,0.296875,0.3984375,0.4411111111111111,1.0,6.659904956817627,1.2762739658355713
293,120,cvae,1,43,0.3203125,0.40625,0.4509661835748792,1.0,7.638145446777344,1.3931021690368652
294,120,cvae,1,43,0.265625,0.3828125,0.4000553709856035,1.0,5.3356428146362305,1.2006397247314453
295,120,cvae,1,43,0.359375,0.359375,0.46938775510204084,1.0,6.734112739562988,1.0767769813537598
296,120,cvae,1,43,0.296875,0.296875,0.4506599622878693,1.0,8.986072540283203,1.6372383832931519
297,120,cvae,1,43,0.28125,0.3515625,0.4305555555555556,1.0,8.10041618347168,1.3495434522628784
298,120,cvae,1,43,0.3125,0.390625,0.4583333333333333,1.0,5.273447036743164,0.9463282823562622
299,120,cvae,1,43,0.265625,0.3125,0.42105263157894735,1.0,4.525119304656982,0.9203258156776428
300,120,cvae,1,43,0.25,0.359375,0.41935483870967744,1.0,3.4124956130981445,0.7468674182891846
301,120,cvae,1,43,0.421875,0.40625,0.4772727272727273,1.0,3.9159276485443115,0.7444708943367004
302,120,cvae,1,43,0.34375,0.34375,0.5,1.0,5.471117973327637,1.1562676429748535
303,120,cvae,1,43,0.40625,0.3203125,0.5520421607378129,1.0,4.538450241088867,0.8127521872520447
304,120,cvae,1,43,0.375,0.359375,0.5517241379310345,1.0,6.038374900817871,1.3920233249664307
305,120,cvae,1,43,0.296875,0.4375,0.4523809523809524,0.9166666666666666,3.5575931072235107,0.7685776948928833
306,120,cvae,1,43,0.296875,0.3125,0.4782608695652174,1.0,3.8074841499328613,0.7905188798904419
307,120,cvae,1,43,0.40625,0.609375,0.4283729546156221,1.0,8.374127388000488,1.5142093896865845
308,120,cvae,1,43,0.3203125,0.4375,0.4096748293857888,1.0,4.377140998840332,0.8823815584182739
309,120,cvae,1,43,0.40625,0.375,0.5248015873015873,1.0,5.077434062957764,1.0289183855056763
310,120,cvae,1,43,0.3125,0.34375,0.44863731656184486,1.0,4.940983772277832,1.117402195930481
311,120,cvae,1,43,0.328125,0.171875,0.4888888888888889,1.0,4.23002815246582,0.7489891052246094
312,120,cvae,1,43,0.296875,0.34375,0.4375,1.0,6.771477222442627,1.2544547319412231
313,120,cvae,1,43,0.2890625,0.3515625,0.38048245614035087,1.0,4.877391815185547,1.023633599281311
314,120,cvae,1,43,0.3125,0.3515625,0.39864438839848676,1.0,4.095818519592285,0.8605045080184937
315,120,cvae,1,43,0.296875,0.34375,0.4,1.0,4.915983200073242,0.9256100654602051
316,120,cvae,1,43,0.328125,0.3828125,0.46600877192982454,1.0,7.993619918823242,1.4174022674560547
317,120,cvae,1,43,0.328125,0.4140625,0.41836734693877553,1.0,4.855280876159668,1.0475761890411377
318,120,cvae,1,43,0.328125,0.40625,0.4318181818181818,0.9,7.550863742828369,1.3584190607070923
319,120,cvae,1,43,0.359375,0.46875,0.475,1.0,4.447907447814941,1.1283389329910278
320,120,cvae,1,43,0.3125,0.40625,0.425531914893617,1.0,4.335186958312988,0.8669964075088501
321,120,cvae,1,43,0.4921875,0.3515625,0.5582234777150031,1.0,5.533632278442383,1.2458689212799072
322,120,cvae,1,43,0.296875,0.328125,0.5526315789473685,1.0,6.768420219421387,1.2747611999511719
323,120,cvae,1,43,0.359375,0.40625,0.5166666666666667,0.9,3.8046226501464844,0.7771055102348328
324,120,cvae,1,43,0.296875,0.359375,0.4418604651162791,1.0,8.677919387817383,1.3399912118911743
325,120,cvae,1,43,0.296875,0.25,0.525,0.9,2.9498205184936523,0.6877952814102173
326,120,cvae,1,43,0.2734375,0.3359375,0.41276595744680855,1.0,7.588412284851074,1.3890458345413208
327,120,cvae,1,43,0.3046875,0.3359375,0.43813131313131315,1.0,4.873631477355957,1.0352444648742676
328,120,cvae,1,43,0.3125,0.328125,0.4444444444444444,1.0,8.529680252075195,1.5010191202163696
329,120,cvae,1,43,0.3046875,0.4375,0.4115384615384615,1.0,5.682119846343994,1.1404422521591187
330,120,cvae,1,43,0.296875,0.375,0.4807692307692308,1.0,6.021604537963867,0.938643217086792
331,120,cvae,1,43,0.2578125,0.375,0.37493540051679586,1.0,6.059040069580078,0.982386589050293
332,120,cvae,1,43,0.296875,0.34375,0.4418604651162791,1.0,4.620722770690918,0.967003583908081
333,120,cvae,1,43,0.328125,0.375,0.4583333333333333,1.0,4.371258735656738,0.7644643783569336
334,120,cvae,1,43,0.375,0.359375,0.5,1.0,5.485359191894531,1.1080883741378784
335,120,cvae,1,43,0.2890625,0.328125,0.4019607843137255,1.0,5.978803634643555,1.0743868350982666
336,120,cvae,1,43,0.3125,0.4375,0.4166666666666667,1.0,3.5744032859802246,0.7941627502441406
337,120,cvae,1,43,0.296875,0.3125,0.43103448275862066,1.0,5.894985198974609,1.1040968894958496
338,120,cvae,1,43,0.296875,0.328125,0.4418604651162791,1.0,6.078851699829102,1.4264752864837646
339,120,cvae,1,43,0.296875,0.390625,0.4418604651162791,1.0,8.137758255004883,1.0747624635696411
340,120,cvae,1,43,0.296875,0.34375,0.425,1.0,5.400416374206543,0.8837683796882629
341,120,cvae,1,43,0.375,0.375,0.4594594594594595,1.0,6.450126647949219,1.0816361904144287
342,120,cvae,1,43,0.328125,0.34375,0.45,1.0,5.873735427856445,0.9988401532173157
343,120,cvae,1,43,0.3125,0.421875,0.4878048780487805,1.0,4.877361297607422,1.001538634300232
344,120,cvae,1,43,0.328125,0.375,0.44680851063829785,1.0,4.7235212326049805,1.040382742881775
345,120,cvae,1,43,0.265625,0.3125,0.4166666666666667,1.0,4.45604133605957,0.6875982880592346
346,120,cvae,1,43,0.28125,0.34375,0.375,1.0,6.459854602813721,1.078291654586792
347,120,cvae,1,43,0.328125,0.234375,0.46,1.0,8.894407272338867,1.3917136192321777
348,120,cvae,1,43,0.34375,0.390625,0.4782608695652174,1.0,6.791683673858643,1.3957380056381226
349,120,cvae,1,43,0.265625,0.40625,0.38636363636363635,1.0,5.356197357177734,1.1512558460235596
350,120,cvae,1,43,0.296875,0.328125,0.475,1.0,6.7891035079956055,1.2269999980926514
351,120,cvae,1,43,0.2421875,0.328125,0.37797619047619047,1.0,5.159213066101074,1.1963762044906616
352,120,cvae,1,43,0.265625,0.3203125,0.3780780780780781,1.0,4.631863594055176,0.8994478583335876
353,120,cvae,1,43,0.3125,0.328125,0.4634146341463415,1.0,6.808353424072266,1.3423339128494263
354,120,cvae,1,43,0.28125,0.390625,0.4,1.0,5.784473419189453,1.2791386842727661
355,120,cvae,1,43,0.359375,0.4375,0.52,1.0,4.622310161590576,1.065079689025879
356,120,cvae,1,43,0.34375,0.3671875,0.45952380952380956,1.0,5.459138870239258,1.1143782138824463
357,120,cvae,1,43,0.328125,0.34375,0.42105263157894735,1.0,5.613647937774658,1.0313260555267334
358,120,cvae,1,43,0.359375,0.375,0.48936170212765956,1.0,5.694851875305176,1.1494730710983276
359,120,cvae,1,43,0.28125,0.2890625,0.4048076923076923,1.0,3.7654690742492676,0.6775518655776978
360,120,cvae,1,43,0.328125,0.375,0.45652173913043476,1.0,5.841198921203613,0.9878320693969727
361,120,cvae,1,43,0.296875,0.46875,0.40384615384615385,1.0,5.259690761566162,1.160119891166687
362,120,cvae,1,43,0.3125,0.40625,0.4782608695652174,1.0,6.0928568840026855,1.1896998882293701
363,120,cvae,1,43,0.2734375,0.3515625,0.39856630824372763,1.0,5.974715232849121,1.0815027952194214
364,120,cvae,1,43,0.296875,0.25,0.45652173913043476,1.0,3.6049728393554688,0.7673352360725403
365,120,cvae,1,43,0.3125,0.390625,0.4770833333333333,1.0,4.584347724914551,0.9311181306838989
366,120,cvae,1,43,0.328125,0.359375,0.45993589743589747,1.0,7.32121467590332,1.3723230361938477
367,120,cvae,1,43,0.390625,0.40625,0.47368421052631576,1.0,6.798524856567383,1.2512391805648804
368,120,cvae,1,43,0.296875,0.359375,0.4222222222222222,1.0,5.752237319946289,1.2580952644348145
369,120,cvae,1,43,0.3203125,0.375,0.4629329004329004,1.0,4.674598693847656,0.8739087581634521
370,120,cvae,1,43,0.328125,0.34375,0.45652173913043476,1.0,5.081640243530273,0.9736286997795105
371,120,cvae,1,43,0.296875,0.453125,0.4426229508196721,1.0,3.2913365364074707,0.7238243818283081
372,120,cvae,1,43,0.34375,0.34375,0.4888888888888889,1.0,8.860464096069336,1.599117636680603
373,120,cvae,1,43,0.34375,0.40625,0.423728813559322,1.0,11.066498756408691,1.6890854835510254
374,120,cvae,1,43,0.296875,0.375,0.40425531914893614,1.0,6.3109612464904785,1.203015685081482
375,120,cvae,1,43,0.2578125,0.3515625,0.3708595387840671,1.0,6.570926189422607,1.1685110330581665
376,120,cvae,1,43,0.3046875,0.3671875,0.4146079484425349,1.0,4.534314155578613,0.882803201675415
377,120,cvae,1,43,0.328125,0.3046875,0.46319444444444446,1.0,5.619081497192383,1.0910694599151611
378,120,cvae,1,43,0.28125,0.296875,0.4090909090909091,1.0,5.684924602508545,1.073407769203186
379,120,cvae,1,43,0.3125,0.390625,0.43478260869565216,1.0,3.1195549964904785,0.5781301259994507
380,120,cvae,1,43,0.28125,0.390625,0.4375,1.0,6.551353454589844,1.2597177028656006
381,120,cvae,1,43,0.296875,0.34375,0.4186046511627907,1.0,6.306358337402344,1.1528478860855103
382,120,cvae,1,43,0.265625,0.3125,0.4,1.0,4.077703952789307,0.8058151006698608
383,120,cvae,1,43,0.296875,0.390625,0.43478260869565216,1.0,9.319812774658203,1.2829550504684448
384,120,cvae,1,43,0.28125,0.375,0.38962681846932323,1.0,8.29373550415039,1.8244117498397827
385,120,cvae,1,43,0.28125,0.3125,0.40425531914893614,1.0,3.1358461380004883,0.6671245694160461
386,120,cvae,1,43,0.328125,0.40625,0.4375,1.0,4.271188735961914,0.7659341096878052
387,120,cvae,1,43,0.359375,0.453125,0.49919871794871795,1.0,5.023678779602051,0.9820804595947266
388,120,cvae,1,43,0.21875,0.359375,0.35,1.0,5.4773736000061035,1.120319128036499
389,120,cvae,1,43,0.3203125,0.40625,0.4312760882528324,1.0,6.0105695724487305,0.9666483402252197
390,120,cvae,1,43,0.265625,0.359375,0.3684210526315789,1.0,5.448380470275879,0.9760976433753967
391,120,cvae,1,43,0.359375,0.375,0.5208333333333334,1.0,9.061189651489258,1.4545800685882568
392,120,cvae,1,43,0.34375,0.4921875,0.46614583333333337,0.9090909090909091,5.1851115226745605,1.0222926139831543
393,120,cvae,1,43,0.2578125,0.3515625,0.4176282051282051,1.0,6.844622611999512,1.2719908952713013
394,120,cvae,1,43,0.328125,0.40625,0.44680851063829785,1.0,6.122204780578613,1.209222435951233
395,120,cvae,1,43,0.296875,0.28125,0.4523809523809524,1.0,5.400916576385498,1.084859848022461
396,120,cvae,1,43,0.234375,0.3515625,0.4393719806763285,1.0,7.008199691772461,1.4894248247146606
397,120,cvae,1,43,0.328125,0.359375,0.4594594594594595,1.0,6.095182418823242,1.1592216491699219
398,120,cvae,1,43,0.3203125,0.2890625,0.4893424036281179,1.0,8.661043167114258,1.2311053276062012
399,120,cvae,1,43,0.2734375,0.328125,0.38037825059101654,1.0,10.0911865234375,1.6312505006790161
400,120,cvae,1,43,0.3125,0.359375,0.41000000000000003,1.0,3.5675392150878906,0.6071246862411499
401,120,cvae,1,43,0.296875,0.390625,0.4431996855345912,1.0,9.330578804016113,1.672155737876892
402,120,cvae,1,43,0.328125,0.296875,0.5227272727272727,1.0,7.935126304626465,1.338810920715332
403,120,cvae,1,43,0.28125,0.359375,0.45,1.0,4.180164813995361,0.9973398447036743
404,120,cvae,1,43,0.2421875,0.2578125,0.34775641025641024,1.0,6.1986284255981445,1.1420729160308838
405,120,cvae,1,43,0.296875,0.3828125,0.41506572295247723,1.0,4.520686626434326,0.885422945022583
406,120,cvae,1,43,0.234375,0.375,0.35714285714285715,1.0,6.674368858337402,1.4698206186294556
407,120,cvae,1,43,0.28125,0.359375,0.43902439024390244,1.0,6.111891269683838,1.3379560708999634
408,120,cvae,1,43,0.3046875,0.4140625,0.4096748293857888,1.0,7.052664756774902,1.1407345533370972
409,120,cvae,1,43,0.328125,0.328125,0.4666666666666667,1.0,7.034450531005859,1.2991702556610107
410,120,cvae,1,43,0.28125,0.328125,0.4,1.0,6.835944175720215,1.2116003036499023
411,120,cvae,1,43,0.3359375,0.359375,0.5161290322580645,1.0,4.461479187011719,0.8445338010787964
412,120,cvae,1,43,0.265625,0.3125,0.4576271186440678,1.0,7.153330326080322,1.1249769926071167
413,120,cvae,1,43,0.296875,0.3125,0.4,1.0,5.517008304595947,1.0090415477752686
414,120,cvae,1,43,0.25,0.296875,0.39215686274509803,1.0,7.604425430297852,1.4350323677062988
415,120,cvae,1,43,0.3125,0.328125,0.45454545454545453,1.0,5.894320487976074,1.1361562013626099
416,120,cvae,1,43,0.265625,0.359375,0.4318181818181818,1.0,7.195948123931885,1.4128597974777222
417,120,cvae,1,43,0.265625,0.40625,0.4594594594594595,1.0,6.632796764373779,1.2493418455123901
418,120,cvae,1,43,0.296875,0.359375,0.456959706959707,0.9090909090909091,4.964258193969727,1.0262477397918701
419,120,cvae,1,43,0.3125,0.3515625,0.46064814814814814,1.0,3.4869139194488525,0.6992108225822449
420,120,cvae,1,43,0.328125,0.421875,0.44666666666666666,1.0,5.575921535491943,1.1558781862258911
421,120,cvae,1,43,0.3125,0.390625,0.430448717948718,1.0,6.510143756866455,1.1668421030044556
422,120,cvae,1,43,0.296875,0.40625,0.41509433962264153,1.0,4.650173187255859,1.0721956491470337
423,120,cvae,1,43,0.359375,0.3515625,0.48958333333333337,1.0,6.444960117340088,1.2456603050231934
424,120,cvae,1,43,0.2890625,0.375,0.4511904761904762,0.9230769230769231,7.001049518585205,1.2138352394104004
425,120,cvae,1,43,0.203125,0.265625,0.46875,1.0,8.247810363769531,1.513800859451294
426,120,cvae,1,43,0.28125,0.359375,0.40944473274519977,1.0,4.649758338928223,0.9199010133743286
427,120,cvae,1,43,0.2890625,0.421875,0.37228260869565216,1.0,3.7431516647338867,0.8160502314567566
428,120,cvae,1,43,0.28125,0.375,0.40425531914893614,1.0,4.845859527587891,0.7912761569023132
429,120,cvae,1,43,0.3125,0.421875,0.4444444444444444,1.0,6.167859077453613,1.1205087900161743
430,120,cvae,1,43,0.2734375,0.390625,0.41000000000000003,1.0,7.070709228515625,1.2870301008224487
431,120,cvae,1,43,0.296875,0.34375,0.3870967741935484,1.0,3.3832170963287354,0.7146937251091003
432,120,cvae,1,43,0.265625,0.390625,0.38,1.0,5.449716567993164,1.1132631301879883
433,120,cvae,1,43,0.296875,0.34375,0.40425531914893614,1.0,7.6683173179626465,1.5129303932189941
434,120,cvae,1,43,0.296875,0.1875,0.4888888888888889,1.0,3.675887107849121,0.6714989542961121
435,120,cvae,1,43,0.234375,0.328125,0.3974358974358974,1.0,5.031010150909424,0.9443339705467224
436,120,cvae,1,43,0.3125,0.359375,0.42857142857142855,1.0,4.960771560668945,0.9473840594291687
437,120,cvae,1,43,0.265625,0.328125,0.425,1.0,6.122650146484375,1.1090943813323975
438,120,cvae,1,43,0.3125,0.390625,0.4169811320754717,1.0,8.24078369140625,1.3404189348220825
439,120,cvae,1,43,0.296875,0.4140625,0.43246869409660105,1.0,8.519815444946289,1.4927538633346558
440,120,cvae,1,43,0.359375,0.390625,0.5,1.0,5.943210124969482,1.20522141456604
441,120,cvae,1,43,0.296875,0.4296875,0.41147186147186143,1.0,4.652932167053223,0.9333377480506897
442,120,cvae,1,43,0.2734375,0.375,0.425,1.0,6.417889595031738,1.2013835906982422
443,120,cvae,1,43,0.3125,0.2265625,0.4870600414078675,1.0,7.506983280181885,1.1319921016693115
444,120,cvae,1,43,0.328125,0.15625,0.4982057416267942,1.0,4.35464334487915,0.8785988688468933
445,120,cvae,1,43,0.296875,0.359375,0.4634146341463415,1.0,2.023881435394287,0.4588739573955536
446,120,cvae,1,43,0.28125,0.34375,0.391304347826087,1.0,6.8694562911987305,1.1612696647644043
447,120,cvae,1,43,0.3125,0.328125,0.46511627906976744,1.0,6.374828338623047,1.0390112400054932
448,120,cvae,1,43,0.34375,0.40625,0.5,1.0,5.558744430541992,1.1576741933822632
449,120,cvae,1,43,0.296875,0.421875,0.41304347826086957,1.0,6.464140892028809,1.0364654064178467
450,120,cvae,1,43,0.296875,0.453125,0.45588235294117646,1.0,5.845496654510498,1.0603587627410889
451,120,cvae,1,43,0.328125,0.359375,0.43859649122807015,1.0,10.56041145324707,1.5595848560333252
452,120,cvae,1,43,0.28125,0.359375,0.4090909090909091,1.0,5.918240547180176,1.077689528465271
453,120,cvae,1,43,0.28125,0.359375,0.43902439024390244,1.0,6.075987815856934,1.1016329526901245
454,120,cvae,1,43,0.296875,0.359375,0.46774193548387094,1.0,6.761749744415283,1.2236400842666626
455,120,cvae,1,43,0.234375,0.34375,0.375,1.0,6.065801620483398,1.1926754713058472
456,120,cvae,1,43,0.328125,0.40625,0.4772727272727273,1.0,6.691535949707031,1.5202664136886597
457,120,cvae,1,43,0.296875,0.2578125,0.4431716082659479,1.0,3.933915615081787,0.685550332069397
458,120,cvae,1,43,0.2734375,0.3046875,0.4107142857142857,1.0,5.014461040496826,0.9591880440711975
459,120,cvae,1,43,0.296875,0.4375,0.4222222222222222,1.0,3.3044326305389404,0.7894939184188843
460,120,cvae,1,43,0.3125,0.328125,0.5,1.0,6.6826019287109375,1.11509370803833
461,120,cvae,1,43,0.40625,0.46875,0.481303602058319,0.8888888888888888,6.451621055603027,1.432369351387024
462,120,cvae,1,43,0.2578125,0.3671875,0.37398373983739835,1.0,6.7466020584106445,1.1792395114898682
463,120,cvae,1,43,0.328125,0.359375,0.49019607843137253,1.0,6.44674015045166,1.1551599502563477
464,120,cvae,1,43,0.328125,0.390625,0.4375,1.0,6.278645992279053,1.1707991361618042
465,120,cvae,1,43,0.296875,0.421875,0.41304347826086957,1.0,6.458107948303223,1.5005650520324707
466,120,cvae,1,43,0.375,0.4140625,0.46551724137931033,1.0,5.3087663650512695,0.9344370365142822
467,120,cvae,1,43,0.296875,0.34375,0.4523809523809524,1.0,4.911888122558594,1.1654582023620605
468,120,cvae,1,43,0.28125,0.328125,0.4511904761904762,1.0,4.45161247253418,0.8027682900428772
469,120,cvae,1,43,0.296875,0.375,0.46,0.9166666666666666,6.326787948608398,1.0366467237472534
470,120,cvae,1,43,0.296875,0.375,0.4146341463414634,1.0,5.003708362579346,1.1566498279571533
471,120,cvae,1,43,0.296875,0.359375,0.41304347826086957,1.0,5.082499027252197,0.8665797114372253
472,120,cvae,1,43,0.28125,0.296875,0.44680851063829785,1.0,8.5503568649292,1.4438284635543823
473,120,cvae,1,43,0.296875,0.21875,0.4584302325581395,1.0,3.299010753631592,0.6159031987190247
474,120,cvae,1,43,0.265625,0.3515625,0.43669871794871795,1.0,4.451995372772217,0.7355275750160217
475,120,cvae,1,43,0.375,0.375,0.5052660753880266,1.0,4.205206871032715,0.996275782585144
476,120,cvae,1,43,0.3125,0.359375,0.475,1.0,4.380949974060059,0.9158931970596313
477,120,cvae,1,43,0.28125,0.4375,0.3829787234042553,1.0,5.849483489990234,1.120963215827942
478,120,cvae,1,43,0.296875,0.421875,0.42857142857142855,1.0,3.9698214530944824,0.8255679607391357
479,120,cvae,1,43,0.28125,0.375,0.40540540540540543,1.0,4.893887996673584,0.8756488561630249
480,120,cvae,1,43,0.296875,0.328125,0.4787775891341256,1.0,7.514975547790527,1.287319302558899
481,120,cvae,1,43,0.328125,0.40625,0.42857142857142855,1.0,9.104398727416992,1.5046565532684326
482,120,cvae,1,43,0.3125,0.40625,0.43478260869565216,1.0,5.897314071655273,0.9365881085395813
483,120,cvae,1,43,0.296875,0.40625,0.40540540540540543,1.0,5.72355842590332,1.15237295627594
484,120,cvae,1,43,0.3671875,0.46875,0.42592592592592593,1.0,5.971781253814697,1.2308762073516846
485,120,cvae,1,43,0.3125,0.328125,0.5,1.0,9.437068939208984,1.4491450786590576
486,120,cvae,1,43,0.3515625,0.40625,0.44623233908948196,1.0,7.157379150390625,1.2826131582260132
487,120,cvae,1,43,0.2734375,0.34375,0.45068027210884354,1.0,4.236395835876465,0.8314484357833862
488,120,cvae,1,43,0.296875,0.40625,0.45670731707317075,1.0,4.933180809020996,1.044563889503479
489,120,cvae,1,43,0.3671875,0.34375,0.4400614754098361,0.9090909090909091,4.163375377655029,0.7470237016677856
490,120,cvae,1,43,0.3125,0.3828125,0.4292866082603254,1.0,6.621934413909912,1.4668971300125122
491,120,cvae,1,43,0.296875,0.3671875,0.4315245478036176,1.0,5.536266803741455,1.181624412536621
492,120,cvae,1,43,0.265625,0.375,0.4318181818181818,1.0,6.184086799621582,1.3009477853775024
493,120,cvae,1,43,0.2734375,0.3828125,0.3881741712023751,1.0,6.959530830383301,1.355499267578125
494,120,cvae,1,43,0.28125,0.3828125,0.40930232558139534,1.0,5.254671573638916,1.1568694114685059
495,120,cvae,1,43,0.328125,0.359375,0.46296296296296297,1.0,5.972151756286621,1.3871020078659058
496,120,cvae,1,43,0.328125,0.34375,0.4375,1.0,6.4027180671691895,1.3340872526168823
497,120,cvae,1,43,0.265625,0.3125,0.4489795918367347,1.0,3.687479019165039,0.794066309928894
498,120,cvae,1,43,0.34375,0.3671875,0.4489795918367347,1.0,7.101574897766113,1.5232698917388916
499,120,cvae,1,43,0.3125,0.3125,0.5,1.0,4.27337121963501,0.8578205704689026
500,120,cvae,1,43,0.296875,0.359375,0.44861111111111107,1.0,4.715291500091553,0.9079535007476807
501,120,cvae,1,43,0.3203125,0.34375,0.41013071895424835,1.0,4.693443298339844,0.8760213255882263
502,120,cvae,1,43,0.3125,0.34375,0.4561904761904762,1.0,3.6128320693969727,0.7608352899551392
503,120,cvae,1,43,0.328125,0.359375,0.4576271186440678,1.0,6.843412399291992,1.3833794593811035
504,120,cvae,1,43,0.265625,0.375,0.38,1.0,4.756686687469482,1.2383118867874146
505,120,cvae,1,43,0.296875,0.46875,0.42857142857142855,1.0,5.285409450531006,1.0789467096328735
506,120,cvae,1,43,0.296875,0.40625,0.41304347826086957,1.0,4.394963264465332,0.8436283469200134
507,120,cvae,1,43,0.328125,0.375,0.4772727272727273,1.0,6.315646171569824,1.182398796081543
508,120,cvae,1,43,0.2890625,0.328125,0.43023255813953487,1.0,4.88431453704834,1.007213830947876
509,120,cvae,1,43,0.3359375,0.421875,0.46391509433962264,1.0,7.413201332092285,1.5028895139694214
510,120,cvae,1,43,0.296875,0.390625,0.4523809523809524,1.0,6.435401916503906,1.1395443677902222
511,120,cvae,1,43,0.3125,0.4375,0.4562423500611995,0.9090909090909091,7.406565189361572,1.4031970500946045
512,120,cvae,1,43,0.3203125,0.3125,0.4477730646871686,1.0,3.954329490661621,0.8088318705558777
513,120,cvae,1,43,0.3046875,0.3203125,0.48282828282828283,1.0,4.825758457183838,0.9461831450462341
514,120,cvae,1,43,0.2578125,0.296875,0.410427807486631,1.0,5.457950592041016,1.01194429397583
515,120,cvae,1,43,0.3125,0.375,0.43478260869565216,0.9,6.122420310974121,1.2190699577331543
516,120,cvae,1,43,0.3359375,0.4140625,0.45067698259187616,1.0,6.250044822692871,1.4675778150558472
517,120,cvae,1,43,0.34375,0.375,0.46785714285714286,1.0,2.396275758743286,0.5828195810317993
518,120,cvae,1,43,0.296875,0.359375,0.4361111111111111,1.0,6.925162315368652,1.0810680389404297
519,120,cvae,1,43,0.3671875,0.296875,0.5028310104529616,1.0,9.090764999389648,1.7248300313949585
520,120,cvae,1,43,0.3203125,0.375,0.44843276036400403,1.0,7.223610877990723,1.26051664352417
521,120,cvae,1,43,0.296875,0.3828125,0.4176356589147287,1.0,5.278597354888916,1.1468822956085205
522,120,cvae,1,43,0.2734375,0.328125,0.46359137504418524,1.0,8.742918014526367,1.3434654474258423
523,120,cvae,1,43,0.2421875,0.3828125,0.34487315010570824,1.0,4.003969669342041,0.8351471424102783
524,120,cvae,1,43,0.328125,0.390625,0.4838709677419355,0.9,8.581243515014648,1.4094728231430054
525,120,cvae,1,43,0.2734375,0.3125,0.4365079365079365,1.0,3.587667942047119,0.7300897836685181
526,120,cvae,1,43,0.3125,0.359375,0.425531914893617,1.0,5.017760276794434,1.0214238166809082
527,120,cvae,1,43,0.28125,0.3203125,0.3977272727272727,1.0,5.1112799644470215,0.8699036836624146
528,120,cvae,1,43,0.28125,0.3125,0.3693181818181818,1.0,6.022684097290039,1.0703068971633911
529,120,cvae,1,43,0.2734375,0.359375,0.4092244418331375,1.0,6.930950164794922,1.2627482414245605
530,120,cvae,1,43,0.296875,0.3125,0.4351744186046511,1.0,3.688774824142456,0.6395376324653625
531,120,cvae,1,43,0.359375,0.484375,0.4782608695652174,1.0,5.46853494644165,1.0283786058425903
532,120,cvae,1,43,0.28125,0.28125,0.4373015873015873,1.0,5.543996334075928,1.1510308980941772
533,120,cvae,1,43,0.3125,0.375,0.453125,1.0,3.9505505561828613,0.737616777420044
534,120,cvae,1,43,0.2734375,0.40625,0.4052215884159719,1.0,6.2106757164001465,1.1377348899841309
535,120,cvae,1,43,0.3125,0.421875,0.44155844155844154,1.0,4.757963180541992,0.9123886823654175
536,120,cvae,1,43,0.328125,0.3984375,0.44424743892829,1.0,4.633193492889404,0.8595282435417175
537,120,cvae,1,43,0.296875,0.3515625,0.45206971677559915,1.0,3.2505393028259277,0.6595542430877686
538,120,cvae,1,43,0.3203125,0.40625,0.4548233695652174,1.0,5.4980316162109375,1.0665608644485474
539,120,cvae,1,43,0.3046875,0.359375,0.44483805668016196,1.0,6.660334587097168,1.2015141248703003
540,120,cvae,1,43,0.328125,0.3828125,0.4178321678321678,1.0,4.753230094909668,0.9774282574653625
541,120,cvae,1,43,0.28125,0.4375,0.3829787234042553,1.0,6.237119197845459,1.3377718925476074
542,120,cvae,1,43,0.2734375,0.390625,0.4080671580671581,1.0,4.284377574920654,1.0731534957885742
543,120,cvae,1,43,0.3359375,0.3671875,0.46957671957671954,1.0,5.647345066070557,1.2843989133834839
544,120,cvae,1,43,0.28125,0.3359375,0.4484126984126984,1.0,6.090899467468262,0.9121772646903992
545,120,cvae,1,43,0.4375,0.40625,0.49122807017543857,1.0,5.461687088012695,1.1094330549240112
546,120,cvae,1,43,0.3203125,0.3671875,0.5206349206349206,0.9230769230769231,5.513859748840332,0.8622220754623413
547,120,cvae,1,43,0.296875,0.40625,0.40212765957446805,1.0,6.904968738555908,1.0659220218658447
548,120,cvae,1,43,0.3125,0.25,0.43729096989966554,1.0,6.0185747146606445,1.1083581447601318
549,120,cvae,1,43,0.3515625,0.3984375,0.48958333333333337,1.0,6.8517045974731445,1.3123159408569336
550,120,cvae,1,43,0.328125,0.40625,0.4666666666666667,1.0,4.460215091705322,0.873939573764801
551,120,cvae,1,43,0.328125,0.46875,0.45652173913043476,1.0,3.4119980335235596,0.7055968642234802
552,120,cvae,1,43,0.28125,0.375,0.375,1.0,5.970609664916992,1.2057150602340698
553,120,cvae,1,43,0.296875,0.328125,0.4864864864864865,1.0,8.890636444091797,1.4179534912109375
554,120,cvae,1,43,0.3359375,0.3046875,0.4876893939393939,1.0,8.287473678588867,1.428409218788147
555,120,cvae,1,43,0.3046875,0.3828125,0.45059523809523805,1.0,3.2760093212127686,0.7320401668548584
556,120,cvae,1,43,0.28125,0.390625,0.43902439024390244,1.0,6.9009528160095215,1.3545598983764648
557,120,cvae,1,43,0.4140625,0.40625,0.48636363636363633,1.0,5.371366024017334,1.1852588653564453
558,120,cvae,1,43,0.3203125,0.3671875,0.4608843537414966,1.0,3.4445152282714844,0.6642546653747559
559,120,cvae,1,43,0.3125,0.4375,0.39344262295081966,1.0,6.914763450622559,1.2461284399032593
560,120,cvae,1,43,0.3125,0.3515625,0.46739130434782605,0.9090909090909091,6.204730987548828,1.1734137535095215
561,120,cvae,1,43,0.3125,0.359375,0.43528138528138527,1.0,2.934234619140625,0.6722089648246765
562,120,cvae,1,43,0.3046875,0.390625,0.4290413533834586,1.0,4.053994655609131,0.6483213901519775
563,120,cvae,1,43,0.375,0.34375,0.5,1.0,6.396369457244873,1.1821616888046265
564,120,cvae,1,43,0.328125,0.390625,0.45112781954887216,1.0,6.458408832550049,1.213723063468933
565,120,cvae,1,43,0.265625,0.359375,0.40212765957446805,1.0,7.0167131423950195,1.231563687324524
566,120,cvae,1,43,0.296875,0.296875,0.4523809523809524,1.0,4.201359272003174,0.7684831619262695
567,120,cvae,1,43,0.3046875,0.390625,0.4608843537414966,1.0,8.353687286376953,1.4197125434875488
568,120,cvae,1,43,0.28125,0.390625,0.4063775510204082,1.0,3.9138145446777344,0.8909221291542053
569,120,cvae,1,43,0.25,0.375,0.39473684210526316,1.0,6.4343767166137695,1.1154367923736572
570,120,cvae,1,43,0.328125,0.46875,0.3776075619295958,1.0,4.655307769775391,1.006115436553955
571,120,cvae,1,43,0.3125,0.375,0.4625,1.0,3.913205623626709,0.8453450798988342
572,120,cvae,1,43,0.296875,0.421875,0.40425531914893614,1.0,4.783095359802246,1.0060564279556274
573,120,cvae,1,43,0.296875,0.40625,0.4339622641509434,1.0,6.004241943359375,1.1139229536056519
574,120,cvae,1,43,0.28125,0.375,0.40816326530612246,1.0,4.872201919555664,1.0279868841171265
575,120,cvae,1,43,0.296875,0.40625,0.4318181818181818,1.0,5.13505220413208,1.0694860219955444
576,120,cvae,1,43,0.3359375,0.421875,0.49390243902439024,1.0,7.719511985778809,1.2516199350357056
577,120,cvae,1,43,0.2265625,0.3125,0.34368215371254884,1.0,4.28843879699707,0.9003102779388428
578,120,cvae,1,43,0.3046875,0.3671875,0.449874686716792,1.0,3.3640031814575195,0.72821044921875
579,120,cvae,1,43,0.296875,0.421875,0.38636363636363635,1.0,6.213957786560059,1.029005765914917
580,120,cvae,1,43,0.3125,0.3671875,0.433300395256917,1.0,5.124102592468262,1.1358102560043335
581,120,cvae,1,43,0.28125,0.328125,0.42857142857142855,1.0,7.72413969039917,1.6223071813583374
582,120,cvae,1,43,0.3046875,0.3671875,0.45068027210884354,1.0,5.4977006912231445,1.1752475500106812
583,120,cvae,1,43,0.28125,0.328125,0.4090909090909091,1.0,4.109061241149902,0.7180618643760681
584,120,cvae,1,43,0.234375,0.3828125,0.3925438596491228,1.0,6.691543102264404,1.3241548538208008
585,120,cvae,1,43,0.2890625,0.3671875,0.41304347826086957,1.0,3.2222466468811035,0.757864236831665
586,120,cvae,1,43,0.3203125,0.234375,0.46924603174603174,1.0,3.775691270828247,0.6897018551826477
587,120,cvae,1,43,0.296875,0.3984375,0.43968023255813954,1.0,4.068577289581299,0.8626282811164856
588,120,cvae,1,43,0.296875,0.328125,0.47684210526315784,1.0,6.079336166381836,1.1893324851989746
589,120,cvae,1,43,0.25,0.34375,0.3877551020408163,1.0,5.729739189147949,1.179529070854187
590,120,cvae,1,43,0.3125,0.375,0.42857142857142855,1.0,5.980114459991455,1.0896565914154053
591,120,cvae,1,43,0.296875,0.375,0.45454545454545453,1.0,6.152438640594482,1.246424674987793
592,120,cvae,1,43,0.234375,0.359375,0.35,1.0,3.7443199157714844,0.6946263313293457
593,120,cvae,1,43,0.21875,0.296875,0.358974358974359,1.0,7.13737154006958,1.0739818811416626
594,120,cvae,1,43,0.25,0.34375,0.37209302325581395,1.0,8.641517639160156,1.4696520566940308
595,120,cvae,1,43,0.296875,0.421875,0.39622641509433965,1.0,4.8836565017700195,1.0738234519958496
596,120,cvae,1,43,0.328125,0.3203125,0.4722222222222222,1.0,6.121372699737549,1.1317323446273804
597,120,cvae,1,43,0.28125,0.375,0.44804318488529016,1.0,5.273163318634033,1.0958613157272339
598,120,cvae,1,43,0.484375,0.46875,0.5083333333333333,1.0,5.7532548904418945,1.3940694332122803
599,120,cvae,1,43,0.2734375,0.328125,0.4368355222013759,1.0,5.530285835266113,0.9798643589019775
600,120,cvae,1,43,0.25,0.34375,0.42105263157894735,1.0,5.063777923583984,1.0416823625564575
601,120,cvae,1,43,0.328125,0.46875,0.42857142857142855,1.0,7.734972953796387,1.3394219875335693
602,120,cvae,1,43,0.3203125,0.328125,0.5,1.0,7.030272483825684,1.2156680822372437
603,120,cvae,1,43,0.328125,0.375,0.44680851063829785,1.0,5.54990291595459,1.1725376844406128
604,120,cvae,1,43,0.28125,0.34375,0.4159090909090909,1.0,5.142121315002441,0.959318995475769
605,120,cvae,1,43,0.3359375,0.3359375,0.4954545454545455,1.0,7.091909885406494,1.179146409034729
606,120,cvae,1,43,0.3046875,0.34375,0.43724696356275305,1.0,7.366189956665039,1.1601059436798096
607,120,cvae,1,43,0.25,0.234375,0.37362938596491224,1.0,4.080050468444824,0.7562591433525085
608,120,cvae,1,43,0.234375,0.34375,0.35,1.0,2.9039063453674316,0.7050130367279053
609,120,cvae,1,43,0.328125,0.28125,0.4722222222222222,1.0,4.757406711578369,0.9231082201004028
610,120,cvae,1,43,0.328125,0.375,0.44680851063829785,1.0,5.385166168212891,1.212041974067688
611,120,cvae,1,43,0.28125,0.46875,0.4222222222222222,1.0,7.461284160614014,1.3256638050079346
612,120,cvae,1,43,0.328125,0.359375,0.43482587064676614,1.0,5.443770885467529,1.0659284591674805
613,120,cvae,1,43,0.3125,0.3359375,0.5067567567567568,0.9090909090909091,8.854822158813477,1.6861999034881592
614,120,cvae,1,43,0.3203125,0.4140625,0.44375,1.0,4.14432954788208,0.9451383352279663
615,120,cvae,1,43,0.3046875,0.3828125,0.4270516717325228,1.0,4.516012668609619,0.8727739453315735
616,120,cvae,1,43,0.3125,0.3203125,0.4081868640148011,1.0,4.789676666259766,0.9637510776519775
617,120,cvae,1,43,0.296875,0.3046875,0.44846723044397463,1.0,6.454281806945801,0.9901934266090393
618,120,cvae,1,43,0.28125,0.34375,0.45454545454545453,1.0,4.623945236206055,0.983319103717804
619,120,cvae,1,43,0.328125,0.171875,0.5223880597014925,0.9,5.491410255432129,0.9099447131156921
620,120,cvae,1,43,0.296875,0.390625,0.54,1.0,8.916723251342773,1.5523855686187744
621,120,cvae,1,43,0.3203125,0.3125,0.45292207792207795,1.0,7.071313381195068,1.2870352268218994
622,120,cvae,1,43,0.375,0.390625,0.5217391304347826,1.0,6.924376010894775,1.1263729333877563
623,120,cvae,1,43,0.2578125,0.328125,0.43466424682395643,1.0,4.794411659240723,0.9305379986763
624,120,cvae,1,43,0.28125,0.359375,0.46,1.0,5.866316795349121,1.2064439058303833
625,120,cvae,1,43,0.2734375,0.3828125,0.43452380952380953,1.0,3.998387336730957,0.885148823261261
626,120,cvae,1,43,0.359375,0.40625,0.46938775510204084,1.0,5.478529930114746,1.1037437915802002
627,120,cvae,1,43,0.328125,0.390625,0.44620958751393536,1.0,6.450439929962158,1.1989178657531738
628,120,cvae,1,43,0.25,0.375,0.3595959595959596,1.0,7.257305145263672,1.442452073097229
629,120,cvae,1,43,0.265625,0.34375,0.4,1.0,5.683060646057129,0.9807745814323425
630,120,cvae,1,43,0.2890625,0.328125,0.46372732958098806,0.9090909090909091,7.555946350097656,1.2526614665985107
631,120,cvae,1,43,0.3125,0.3828125,0.40032679738562094,1.0,4.410970687866211,0.9470682740211487
632,120,cvae,1,43,0.3203125,0.3828125,0.4252450980392157,1.0,4.260260581970215,0.9485831260681152
633,120,cvae,1,43,0.265625,0.375,0.4418604651162791,1.0,7.003294944763184,1.1717623472213745
634,120,cvae,1,43,0.28125,0.265625,0.4523809523809524,1.0,4.088838577270508,0.8205047249794006
635,120,cvae,1,43,0.265625,0.359375,0.4288124156545209,1.0,7.753698348999023,1.4261385202407837
636,120,cvae,1,43,0.28125,0.3203125,0.37367149758454105,1.0,8.42398452758789,1.3752543926239014
637,120,cvae,1,43,0.328125,0.390625,0.4441268191268191,1.0,5.945802688598633,1.0980771780014038
638,120,cvae,1,43,0.2421875,0.328125,0.38137755102040816,1.0,5.5075483322143555,0.9396306872367859
639,120,cvae,1,43,0.4296875,0.4453125,0.4831140350877193,1.0,8.163446426391602,1.5467431545257568
640,120,cvae,1,43,0.328125,0.203125,0.49230769230769234,1.0,2.949517250061035,0.6192945241928101
641,120,cvae,1,43,0.34375,0.3984375,0.48333333333333334,0.9090909090909091,6.140499114990234,1.079881191253662
642,120,cvae,1,43,0.3125,0.40625,0.40476190476190477,0.9,5.998331546783447,1.251731514930725
643,120,cvae,1,43,0.296875,0.375,0.43478260869565216,1.0,3.527182102203369,0.7182258367538452
644,120,cvae,1,43,0.296875,0.375,0.4222222222222222,1.0,4.548379898071289,1.0118924379348755
645,120,cvae,1,43,0.28125,0.359375,0.4166666666666667,1.0,7.152782440185547,1.5304031372070312
646,120,cvae,1,43,0.3203125,0.4140625,0.4747126436781609,0.9090909090909091,6.6203813552856445,1.336630940437317
647,120,cvae,1,43,0.328125,0.421875,0.4666666666666667,1.0,5.909520149230957,1.3259680271148682
648,120,cvae,1,43,0.28125,0.3671875,0.41041666666666665,1.0,3.4646005630493164,0.7415589094161987
649,120,cvae,1,43,0.28125,0.359375,0.4186046511627907,0.9,8.751626014709473,1.4386812448501587
650,120,cvae,1,43,0.359375,0.40625,0.46403301886792453,1.0,8.77988052368164,1.6918317079544067
651,120,cvae,1,43,0.296875,0.375,0.45652173913043476,1.0,4.4567413330078125,0.9799479842185974
652,120,cvae,1,43,0.375,0.453125,0.4897959183673469,1.0,4.169947147369385,1.0753586292266846
653,120,cvae,1,43,0.34375,0.359375,0.4489795918367347,0.9166666666666666,6.4054951667785645,1.293819785118103
654,120,cvae,1,43,0.2734375,0.3359375,0.3808055152394775,1.0,4.9077935218811035,0.8910810947418213
655,120,cvae,1,43,0.296875,0.328125,0.4523809523809524,1.0,4.020220756530762,0.7388797402381897
656,120,cvae,1,43,0.296875,0.359375,0.4513081395348837,1.0,8.880366325378418,1.5841398239135742
657,120,cvae,1,43,0.3359375,0.46875,0.4042553191489362,1.0,4.373926162719727,0.8814314603805542
658,120,cvae,1,43,0.3125,0.390625,0.4067796610169492,0.9,6.988837242126465,1.22609281539917
659,120,cvae,1,43,0.25,0.3046875,0.42283163265306123,1.0,6.6929168701171875,1.4067333936691284
660,120,cvae,1,43,0.2578125,0.3515625,0.3921188630490956,1.0,3.6830668449401855,0.7222763299942017
661,120,cvae,1,43,0.359375,0.390625,0.5098039215686274,1.0,4.8458356857299805,1.0344281196594238
662,120,cvae,1,43,0.296875,0.390625,0.4375,1.0,5.962684631347656,1.372629165649414
663,120,cvae,1,43,0.3046875,0.3984375,0.45751633986928103,1.0,5.317659378051758,1.0804316997528076
664,120,cvae,1,43,0.3046875,0.375,0.45445134575569357,1.0,3.331658363342285,0.7213401794433594
665,120,cvae,1,43,0.34375,0.40625,0.4583333333333333,1.0,6.319101333618164,1.4707508087158203
666,120,cvae,1,43,0.28125,0.359375,0.4222222222222222,1.0,6.706475257873535,1.1373815536499023
667,120,cvae,1,43,0.34375,0.359375,0.43137254901960786,0.9,9.662637710571289,1.3909846544265747
668,120,cvae,1,43,0.390625,0.46875,0.47368421052631576,1.0,7.643492698669434,1.2776035070419312
669,120,cvae,1,43,0.28125,0.328125,0.4807692307692308,1.0,5.584284782409668,1.1793594360351562
670,120,cvae,1,43,0.1875,0.28125,0.4,1.0,5.205878257751465,1.0547146797180176
671,120,cvae,1,43,0.3125,0.375,0.45454545454545453,1.0,5.6037702560424805,1.0844258069992065
672,120,cvae,1,43,0.328125,0.390625,0.4772727272727273,1.0,4.889556884765625,0.8875110745429993
673,120,cvae,1,43,0.2734375,0.359375,0.42678571428571427,1.0,6.0463972091674805,1.1055243015289307
674,120,cvae,1,43,0.328125,0.328125,0.4450023912003826,1.0,5.826035976409912,1.0922561883926392
675,120,cvae,1,43,0.296875,0.421875,0.4375,1.0,8.857725143432617,1.4558089971542358
676,120,cvae,1,43,0.296875,0.3671875,0.42841880341880345,1.0,4.752397537231445,1.0141063928604126
677,120,cvae,1,43,0.2890625,0.46875,0.4003181336161188,1.0,7.058802604675293,1.2357430458068848
678,120,cvae,1,43,0.3515625,0.3515625,0.5145173453996983,1.0,6.810693740844727,1.3070642948150635
679,120,cvae,1,43,0.3125,0.328125,0.43478260869565216,1.0,7.779269695281982,1.2838177680969238
680,120,cvae,1,43,0.2890625,0.359375,0.42857142857142855,1.0,6.6119384765625,1.1441307067871094
681,120,cvae,1,43,0.2890625,0.359375,0.41836734693877553,1.0,4.358781814575195,0.8711342811584473
682,120,cvae,1,43,0.375,0.421875,0.4091545352743561,1.0,6.503945350646973,1.2308868169784546
683,120,cvae,1,43,0.296875,0.390625,0.42857142857142855,1.0,4.782474040985107,0.8008869886398315
684,120,cvae,1,43,0.3125,0.421875,0.43478260869565216,0.9,6.675027847290039,1.1377400159835815
685,120,cvae,1,43,0.25,0.28125,0.47058823529411764,1.0,5.757518768310547,1.079025149345398
686,120,cvae,1,43,0.3125,0.390625,0.45,1.0,6.414333820343018,1.3567482233047485
687,120,cvae,1,43,0.359375,0.3359375,0.5,1.0,9.59265422821045,1.7036775350570679
688,120,cvae,1,43,0.2890625,0.296875,0.4253968253968254,1.0,7.085127353668213,1.2312500476837158
689,120,cvae,1,43,0.3125,0.265625,0.4444444444444444,1.0,6.13099479675293,0.955660879611969
690,120,cvae,1,43,0.375,0.296875,0.5,1.0,5.10933780670166,0.8827956914901733
691,120,cvae,1,43,0.28125,0.359375,0.42857142857142855,1.0,6.429379463195801,1.3090351819992065
692,120,cvae,1,43,0.296875,0.40625,0.4117647058823529,1.0,3.890350341796875,0.8747643828392029
693,120,cvae,1,43,0.3046875,0.390625,0.3954545454545455,1.0,7.472416877746582,1.6157945394515991
694,120,cvae,1,43,0.2890625,0.4140625,0.4176328502415459,1.0,6.9597930908203125,1.4322720766067505
695,120,cvae,1,43,0.265625,0.390625,0.45,1.0,6.807309150695801,1.5209225416183472
696,120,cvae,1,43,0.28125,0.390625,0.425,1.0,6.596987724304199,1.2547922134399414
697,120,cvae,1,43,0.328125,0.3125,0.4714285714285714,1.0,4.532113075256348,0.6494817733764648
698,120,cvae,1,43,0.3125,0.390625,0.42428571428571427,1.0,5.203976631164551,1.2001209259033203
699,120,cvae,1,43,0.296875,0.296875,0.5102564102564102,1.0,8.95185661315918,1.3303290605545044
700,120,cvae,1,43,0.28125,0.40625,0.43902439024390244,0.9,8.009193420410156,1.464487910270691
701,120,cvae,1,43,0.296875,0.3125,0.47619047619047616,1.0,5.659938812255859,1.1608221530914307
702,120,cvae,1,43,0.34375,0.34375,0.5,0.9166666666666666,4.124298095703125,0.8908317685127258
703,120,cvae,1,43,0.28125,0.3125,0.425,1.0,3.7739200592041016,0.718281090259552
704,120,cvae,1,43,0.390625,0.3359375,0.48958333333333337,1.0,4.785497665405273,0.9132354259490967
705,120,cvae,1,43,0.40625,0.4296875,0.5086206896551724,1.0,5.6576714515686035,1.1968154907226562
706,120,cvae,1,43,0.28125,0.375,0.42857142857142855,0.9166666666666666,5.0614495277404785,1.0237534046173096
707,120,cvae,1,43,0.296875,0.3671875,0.44494047619047616,1.0,4.103837966918945,0.8111318945884705
708,120,cvae,1,43,0.3203125,0.3515625,0.4516651248843663,1.0,6.822052001953125,1.0930867195129395
709,120,cvae,1,43,0.3515625,0.4140625,0.4769230769230769,1.0,8.485382080078125,1.2442775964736938
710,120,cvae,1,43,0.265625,0.3046875,0.37747035573122534,1.0,5.043367862701416,1.0137077569961548
711,120,cvae,1,43,0.328125,0.40625,0.5,1.0,6.89032506942749,1.1363279819488525
712,120,cvae,1,43,0.328125,0.3203125,0.47037652270210406,1.0,6.471250534057617,1.1488527059555054
713,120,cvae,1,43,0.2734375,0.34375,0.41358350951374206,1.0,6.362042427062988,1.1558403968811035
714,120,cvae,1,43,0.3125,0.421875,0.43478260869565216,1.0,5.748027324676514,0.9542491436004639
715,120,cvae,1,43,0.2578125,0.3203125,0.38636363636363635,1.0,4.236958026885986,0.8049347400665283
716,120,cvae,1,43,0.3125,0.390625,0.44642857142857145,1.0,5.8336992263793945,1.2974798679351807
717,120,cvae,1,43,0.3359375,0.3515625,0.43333333333333335,0.9090909090909091,6.136800765991211,1.51518976688385
718,120,cvae,1,43,0.34375,0.3359375,0.5009469696969697,1.0,4.425210952758789,0.856360912322998
719,120,cvae,1,43,0.265625,0.375,0.3700707785642063,1.0,3.3348629474639893,0.709418773651123
720,120,cvae,1,43,0.296875,0.359375,0.41025641025641024,1.0,6.741437911987305,1.2771152257919312
721,120,cvae,1,43,0.328125,0.34375,0.4639024390243902,1.0,5.2017107009887695,0.8766171336174011
722,120,cvae,1,43,0.3125,0.328125,0.4523809523809524,1.0,5.54187536239624,0.9764665961265564
723,120,cvae,1,43,0.328125,0.390625,0.4117647058823529,1.0,6.9064860343933105,1.411712884902954
724,120,cvae,1,43,0.28125,0.390625,0.4138477801268499,1.0,7.380663871765137,1.4515151977539062
725,120,cvae,1,43,0.3125,0.40625,0.4318181818181818,1.0,5.494498252868652,1.070182204246521
726,120,cvae,1,43,0.375,0.3125,0.4770833333333333,1.0,6.088431358337402,1.2001347541809082
727,120,cvae,1,43,0.28125,0.390625,0.38095238095238093,1.0,7.447970867156982,1.4118660688400269
728,120,cvae,1,43,0.375,0.375,0.45454545454545453,1.0,6.8349456787109375,1.2819621562957764
729,120,cvae,1,43,0.296875,0.34375,0.4666666666666667,1.0,5.704700469970703,1.0823447704315186
730,120,cvae,1,43,0.265625,0.3125,0.425531914893617,1.0,2.6201071739196777,0.6116191744804382
731,120,cvae,1,43,0.28125,0.40625,0.4444444444444444,1.0,5.681877136230469,1.1885499954223633
732,120,cvae,1,43,0.3125,0.28125,0.4722222222222222,1.0,4.984563827514648,0.9115874171257019
733,120,cvae,1,43,0.390625,0.390625,0.5740740740740741,1.0,3.6925454139709473,0.7206928730010986
734,120,cvae,1,43,0.3125,0.328125,0.5208333333333334,1.0,7.588730335235596,1.4169503450393677
735,120,cvae,1,43,0.296875,0.28125,0.4523809523809524,1.0,4.744649887084961,0.8058446049690247
736,120,cvae,1,43,0.265625,0.359375,0.4580592105263158,1.0,10.557390213012695,1.5972745418548584
737,120,cvae,1,43,0.3125,0.3828125,0.4386904761904762,1.0,3.3639893531799316,0.7096105217933655
738,120,cvae,1,43,0.265625,0.4375,0.37777777777777777,1.0,4.418595790863037,0.9951146245002747
739,120,cvae,1,43,0.328125,0.390625,0.4883720930232558,1.0,4.6946001052856445,1.005005955696106
740,120,cvae,1,43,0.28125,0.4140625,0.4194382852919438,1.0,6.277352333068848,1.3630411624908447
741,120,cvae,1,43,0.3046875,0.3671875,0.42358803986710963,1.0,4.887372970581055,0.9585142135620117
742,120,cvae,1,43,0.3203125,0.34375,0.44916666666666666,1.0,8.325018882751465,1.4032504558563232
743,120,cvae,1,43,0.296875,0.28125,0.4222222222222222,1.0,6.341397285461426,1.063053846359253
744,120,cvae,1,43,0.328125,0.296875,0.4772727272727273,1.0,4.742473125457764,0.852371871471405
745,120,cvae,1,43,0.25,0.40625,0.3906649616368286,1.0,5.951292514801025,1.0797195434570312
746,120,cvae,1,43,0.296875,0.3359375,0.44761640798226165,1.0,6.679758071899414,1.4010636806488037
747,120,cvae,1,43,0.3125,0.3515625,0.40444444444444444,1.0,3.4333207607269287,0.8860949277877808
748,120,cvae,1,43,0.328125,0.375,0.4444444444444444,1.0,7.380531311035156,1.155706763267517
749,120,cvae,1,43,0.2734375,0.3828125,0.4031055900621118,1.0,6.123620986938477,1.1693071126937866
750,120,cvae,1,43,0.296875,0.390625,0.45098039215686275,1.0,3.2784311771392822,0.7342816591262817
751,120,cvae,1,43,0.3203125,0.3359375,0.44079555966697503,1.0,6.184689521789551,1.2210612297058105
752,120,cvae,1,43,0.28125,0.3125,0.44375,1.0,7.551235198974609,1.3230717182159424
753,120,cvae,1,43,0.390625,0.421875,0.5080666146239916,1.0,5.2063751220703125,0.8942980170249939
754,120,cvae,1,43,0.34375,0.359375,0.5074626865671642,1.0,8.593603134155273,1.6341800689697266
755,120,cvae,1,43,0.3125,0.34375,0.41304347826086957,1.0,5.307974815368652,1.1853442192077637
756,120,cvae,1,43,0.28125,0.328125,0.36367346938775513,1.0,5.600824356079102,0.8556041717529297
757,120,cvae,1,43,0.3125,0.390625,0.4339622641509434,1.0,5.940517425537109,1.1313387155532837
758,120,cvae,1,43,0.265625,0.328125,0.4492107069320521,1.0,5.1599507331848145,0.9836333394050598
759,120,cvae,1,43,0.265625,0.375,0.35,1.0,5.341052532196045,1.0619107484817505
760,120,cvae,1,43,0.296875,0.359375,0.3958333333333333,1.0,3.3005008697509766,0.7119073867797852
761,120,cvae,1,43,0.28125,0.359375,0.47058823529411764,1.0,6.7783942222595215,1.452868103981018
762,120,cvae,1,43,0.328125,0.40625,0.46808510638297873,0.9,6.255357265472412,1.039145588874817
763,120,cvae,1,43,0.3125,0.375,0.47619047619047616,1.0,7.942202091217041,1.3471847772598267
764,120,cvae,1,43,0.3125,0.375,0.49019607843137253,1.0,8.212044715881348,1.5245555639266968
765,120,cvae,1,43,0.3046875,0.25,0.4772389905987135,1.0,3.078268051147461,0.6266383528709412
766,120,cvae,1,43,0.40625,0.40625,0.5272727272727272,1.0,5.225731372833252,1.079941749572754
767,120,cvae,1,43,0.296875,0.3984375,0.4370629370629371,0.9090909090909091,4.263784408569336,0.7722210884094238
768,120,cvae,1,43,0.1953125,0.1328125,0.45549242424242425,1.0,2.816967248916626,0.49795347452163696
769,120,cvae,1,43,0.2890625,0.265625,0.39015151515151514,1.0,5.690011978149414,1.092311143875122
770,120,cvae,1,43,0.28125,0.34375,0.425,1.0,3.229557514190674,0.5901432633399963
771,120,cvae,1,43,0.296875,0.375,0.4166666666666667,1.0,4.366293430328369,0.7120603322982788
772,120,cvae,1,43,0.296875,0.3125,0.4523809523809524,1.0,3.108513355255127,0.7462988495826721
773,120,cvae,1,43,0.328125,0.40625,0.42857142857142855,1.0,9.494723320007324,1.3671213388442993
774,120,cvae,1,43,0.265625,0.3984375,0.424812030075188,1.0,6.619640350341797,1.1622990369796753
775,120,cvae,1,43,0.265625,0.2890625,0.4389564336372847,1.0,6.368805885314941,1.044347882270813
776,120,cvae,1,43,0.28125,0.3125,0.5,1.0,10.311199188232422,1.5329155921936035
777,120,cvae,1,43,0.265625,0.296875,0.4166666666666667,1.0,4.886562347412109,0.8803530335426331
778,120,cvae,1,43,0.3125,0.3671875,0.44494047619047616,1.0,8.691638946533203,1.501793384552002
779,120,cvae,1,43,0.296875,0.421875,0.35185185185185186,1.0,6.130318641662598,1.1746467351913452
780,120,cvae,1,43,0.2890625,0.40625,0.39966740576496673,1.0,5.181778430938721,1.106384038925171
781,120,cvae,1,43,0.296875,0.3984375,0.409024211298606,1.0,6.4557976722717285,1.0570625066757202
782,120,cvae,1,43,0.34375,0.3359375,0.5330060010911075,1.0,7.620278358459473,1.4589529037475586
783,120,cvae,1,43,0.3046875,0.4296875,0.40858505564387915,1.0,7.968945026397705,1.7269147634506226
784,120,cvae,1,43,0.328125,0.3828125,0.3958451102317694,1.0,4.818650722503662,1.0147264003753662
785,120,cvae,1,43,0.328125,0.15625,0.525,0.9285714285714286,8.595880508422852,1.223357915878296
786,120,cvae,1,43,0.2578125,0.3203125,0.38219741480611047,1.0,6.743109703063965,1.0225826501846313
787,120,cvae,1,43,0.28125,0.296875,0.40993788819875776,1.0,5.428790092468262,1.0628103017807007
788,120,cvae,1,43,0.3125,0.40625,0.45,1.0,4.5928544998168945,0.9240682125091553
789,120,cvae,1,43,0.296875,0.3125,0.475,0.9166666666666666,3.544046401977539,0.6010262966156006
790,120,cvae,1,43,0.484375,0.453125,0.4732142857142857,1.0,4.326861381530762,0.9502068161964417
791,120,cvae,1,43,0.296875,0.375,0.4576271186440678,1.0,7.100823879241943,1.3533130884170532
792,120,cvae,1,43,0.3125,0.1875,0.4523809523809524,1.0,4.893935203552246,0.8040870428085327
793,120,cvae,1,43,0.3125,0.3984375,0.4172818063395571,1.0,6.702690124511719,1.1765036582946777
794,120,cvae,1,43,0.515625,0.25,0.527027027027027,1.0,5.006344795227051,0.9732009172439575
795,120,cvae,1,43,0.25,0.421875,0.3829787234042553,1.0,7.366548538208008,1.3496001958847046
796,120,cvae,1,43,0.28125,0.4375,0.3541666666666667,1.0,4.232447624206543,0.9656028151512146
797,120,cvae,1,43,0.3125,0.375,0.4222222222222222,1.0,8.371274948120117,1.4645805358886719
798,120,cvae,1,43,0.265625,0.375,0.38589981447124305,1.0,7.005129814147949,1.1631799936294556
799,120,cvae,1,43,0.28125,0.34375,0.4227598566308244,0.8888888888888888,5.71207332611084,1.1206142902374268
800,120,cvae,1,43,0.3125,0.40625,0.4625,1.0,5.270358085632324,1.118888258934021
801,120,cvae,1,43,0.3046875,0.359375,0.4139194139194139,1.0,5.508963584899902,1.0895049571990967
802,120,cvae,1,43,0.3125,0.375,0.4669939989088925,1.0,5.417027473449707,1.1183514595031738
803,120,cvae,1,43,0.3125,0.328125,0.45098039215686275,1.0,5.826254844665527,1.0119472742080688
804,120,cvae,1,43,0.328125,0.40625,0.4528301886792453,1.0,5.888704299926758,1.1990684270858765
805,120,cvae,1,43,0.328125,0.34375,0.49295774647887325,1.0,6.39008092880249,1.2968831062316895
806,120,cvae,1,43,0.296875,0.34375,0.4074074074074074,1.0,6.497201919555664,1.3564718961715698
807,120,cvae,1,43,0.2734375,0.3125,0.4268292682926829,1.0,5.239913463592529,1.0878773927688599
808,120,cvae,1,43,0.34375,0.390625,0.5353753235547887,1.0,5.874072074890137,0.9361278414726257
809,120,cvae,1,43,0.3125,0.28125,0.44776119402985076,1.0,5.647860527038574,1.2399781942367554
810,120,cvae,1,43,0.25,0.359375,0.4,1.0,4.692534446716309,0.9670653343200684
811,120,cvae,1,43,0.3125,0.390625,0.42,1.0,3.9696216583251953,0.7398711442947388
812,120,cvae,1,43,0.3125,0.375,0.43478260869565216,1.0,5.627985954284668,1.2237060070037842
813,120,cvae,1,43,0.3203125,0.421875,0.4339305711086226,1.0,7.3686017990112305,1.3708059787750244
814,120,cvae,1,43,0.328125,0.40625,0.44680851063829785,1.0,7.100543975830078,1.260021686553955
815,120,cvae,1,43,0.3046875,0.3671875,0.4476190476190476,1.0,8.68350601196289,1.5681813955307007
816,120,cvae,1,43,0.25,0.328125,0.4222222222222222,1.0,6.042426109313965,1.0751906633377075
817,120,cvae,1,43,0.25,0.3125,0.42105263157894735,1.0,7.713737487792969,1.037082314491272
818,120,cvae,1,43,0.296875,0.28125,0.38636363636363635,1.0,3.295474052429199,0.7019115090370178
819,120,cvae,1,43,0.296875,0.359375,0.39285714285714285,1.0,4.10105037689209,0.8568536639213562
820,120,cvae,1,43,0.2578125,0.34375,0.40890269151138714,1.0,4.436520576477051,0.8900213241577148
821,120,cvae,1,43,0.328125,0.296875,0.5405405405405406,1.0,6.455322265625,1.1193886995315552
822,120,cvae,1,43,0.328125,0.390625,0.41818181818181815,1.0,4.504424571990967,0.9471210837364197
823,120,cvae,1,43,0.3203125,0.3828125,0.3777972027972028,1.0,4.496301174163818,0.8392320871353149
824,120,cvae,1,43,0.328125,0.40625,0.5,1.0,5.652612209320068,1.2095321416854858
825,120,cvae,1,43,0.265625,0.40625,0.4358974358974359,1.0,6.733914375305176,1.2551027536392212
826,120,cvae,1,43,0.328125,0.390625,0.46808510638297873,1.0,6.268573760986328,1.0115092992782593
827,120,cvae,1,43,0.2421875,0.359375,0.3385365853658536,0.9090909090909091,7.409854888916016,1.4974459409713745
828,120,cvae,1,43,0.328125,0.40625,0.4032091097308489,1.0,9.51565170288086,1.386385440826416
829,120,cvae,1,43,0.359375,0.3125,0.4775510204081633,1.0,7.566277503967285,1.3166519403457642
830,120,cvae,1,43,0.28125,0.34375,0.45454545454545453,1.0,6.312274932861328,1.2111202478408813
831,120,cvae,1,43,0.328125,0.421875,0.4222222222222222,1.0,6.953668594360352,1.0968177318572998
832,120,cvae,1,43,0.3125,0.3984375,0.4080100125156445,1.0,7.369897842407227,1.4015249013900757
833,120,cvae,1,43,0.3125,0.34375,0.44953416149068326,1.0,4.537822246551514,1.0639430284500122
834,120,cvae,1,43,0.296875,0.3125,0.475,1.0,6.11855936050415,0.9220160245895386
835,120,cvae,1,43,0.28125,0.296875,0.47368421052631576,1.0,4.921690940856934,1.001132845878601
836,120,cvae,1,43,0.28125,0.34375,0.425,1.0,3.960949420928955,0.8889240026473999
837,120,cvae,1,43,0.3125,0.328125,0.48717948717948717,1.0,6.464937686920166,0.989334225654602
838,120,cvae,1,43,0.328125,0.40625,0.425,1.0,3.310084819793701,0.709723711013794
839,120,cvae,1,43,0.25,0.3828125,0.3902439024390244,1.0,5.027784824371338,1.1497182846069336
840,120,cvae,1,43,0.296875,0.2109375,0.4534090909090909,0.9090909090909091,6.264865875244141,1.1549310684204102
841,120,cvae,1,43,0.28125,0.390625,0.41103603603603606,1.0,5.890762805938721,1.216172456741333
842,120,cvae,1,43,0.296875,0.3046875,0.42857142857142855,1.0,3.1631321907043457,0.7645068764686584
843,120,cvae,1,43,0.265625,0.328125,0.4523809523809524,1.0,4.344142913818359,0.9078288078308105
844,120,cvae,1,43,0.375,0.3828125,0.45190529041805405,1.0,6.481893539428711,1.38564932346344
845,120,cvae,1,43,0.296875,0.34375,0.4090909090909091,1.0,4.864480018615723,0.9476337432861328
846,120,cvae,1,43,0.296875,0.3671875,0.4583333333333333,1.0,7.384069442749023,1.2693710327148438
847,120,cvae,1,43,0.25,0.359375,0.4791666666666667,1.0,7.267369270324707,1.63731050491333
848,120,cvae,1,43,0.2578125,0.2734375,0.4200940070505288,1.0,6.419163227081299,1.312267780303955
849,120,cvae,1,43,0.296875,0.390625,0.4523809523809524,1.0,5.527997970581055,0.9338443875312805
850,120,cvae,1,43,0.28125,0.359375,0.43073593073593075,1.0,6.389828681945801,0.9625352621078491
851,120,cvae,1,43,0.296875,0.3046875,0.44593023255813957,1.0,7.044867515563965,1.0391660928726196
852,120,cvae,1,43,0.2734375,0.34375,0.4285714285714286,1.0,6.531467437744141,1.3527013063430786
853,120,cvae,1,43,0.3125,0.375,0.44079555966697503,1.0,6.308065414428711,0.9912273287773132
854,120,cvae,1,43,0.3125,0.421875,0.45454545454545453,1.0,6.013288497924805,1.2564347982406616
855,120,cvae,1,43,0.3515625,0.3671875,0.45168067226890757,1.0,5.386660575866699,0.9944487810134888
856,120,cvae,1,43,0.3125,0.34375,0.45454545454545453,1.0,5.203317642211914,0.9768314361572266
857,120,cvae,1,43,0.28125,0.359375,0.4090909090909091,1.0,5.929049968719482,1.2883267402648926
858,120,cvae,1,43,0.34375,0.328125,0.5161290322580645,1.0,5.279580116271973,1.063409447669983
859,120,cvae,1,43,0.328125,0.53125,0.4772727272727273,1.0,3.3873300552368164,0.719433069229126
860,120,cvae,1,43,0.28125,0.375,0.39215686274509803,1.0,6.911932945251465,1.4870243072509766
861,120,cvae,1,43,0.296875,0.375,0.43478260869565216,1.0,5.274326324462891,1.0339082479476929
862,120,cvae,1,43,0.3125,0.28125,0.45614035087719296,1.0,6.930919170379639,1.2578035593032837
863,120,cvae,1,43,0.265625,0.34375,0.4099639855942377,1.0,5.148090839385986,1.0817389488220215
864,120,cvae,1,43,0.296875,0.359375,0.44941471571906355,1.0,3.4533820152282715,0.7254316210746765
865,120,cvae,1,43,0.296875,0.40625,0.4222222222222222,1.0,9.302663803100586,1.5196641683578491
866,120,cvae,1,43,0.296875,0.359375,0.46875,1.0,7.403367042541504,1.2195780277252197
867,120,cvae,1,43,0.359375,0.3984375,0.4607692307692308,1.0,8.588159561157227,1.2191039323806763
868,120,cvae,1,43,0.2890625,0.359375,0.41919191919191917,0.9090909090909091,7.157775402069092,1.2273962497711182
869,120,cvae,1,43,0.296875,0.375,0.4222222222222222,1.0,7.657093048095703,1.2993016242980957
870,120,cvae,1,43,0.3125,0.359375,0.42424242424242425,1.0,7.502667427062988,1.4866183996200562
871,120,cvae,1,43,0.2890625,0.390625,0.4175084175084175,1.0,8.107879638671875,1.220658540725708
872,120,cvae,1,43,0.265625,0.328125,0.4523809523809524,1.0,3.3221704959869385,0.6884592175483704
873,120,cvae,1,43,0.328125,0.390625,0.5,1.0,6.214561462402344,1.0988047122955322
874,120,cvae,1,43,0.296875,0.359375,0.46898148148148144,1.0,3.923387050628662,0.8600395321846008
875,120,cvae,1,43,0.28125,0.375,0.4736842105263158,1.0,8.20512866973877,1.3214521408081055
876,120,cvae,1,43,0.296875,0.296875,0.4636904761904762,1.0,5.059488296508789,0.9592740535736084
877,120,cvae,1,43,0.296875,0.34375,0.4470884658454647,1.0,9.621280670166016,1.5607022047042847
878,120,cvae,1,43,0.296875,0.40625,0.4375,1.0,6.391596794128418,1.133827805519104
879,120,cvae,1,43,0.265625,0.375,0.4,1.0,8.736162185668945,1.4576503038406372
880,120,cvae,1,43,0.2890625,0.3671875,0.4511904761904762,1.0,7.744527816772461,1.403627872467041
881,120,cvae,1,43,0.328125,0.25,0.475,0.9166666666666666,5.541131496429443,1.0052891969680786
882,120,cvae,1,43,0.28125,0.4375,0.3888888888888889,1.0,5.39000129699707,1.215720295906067
883,120,cvae,1,43,0.28125,0.375,0.4117647058823529,1.0,7.5424909591674805,1.3954969644546509
884,120,cvae,1,43,0.296875,0.359375,0.425,1.0,5.669670104980469,0.9338638782501221
885,120,cvae,1,43,0.265625,0.3359375,0.42678571428571427,1.0,7.797494411468506,1.2403875589370728
886,120,cvae,1,43,0.21875,0.390625,0.4,1.0,6.854551315307617,1.4562116861343384
887,120,cvae,1,43,0.25,0.3125,0.41801075268817206,1.0,6.10452938079834,1.0734214782714844
888,120,cvae,1,43,0.328125,0.34375,0.4318181818181818,1.0,3.7246038913726807,0.6377600431442261
889,120,cvae,1,43,0.3125,0.40625,0.42708333333333337,1.0,7.7982635498046875,1.4160884618759155
890,120,cvae,1,43,0.296875,0.390625,0.42105263157894735,1.0,8.445886611938477,1.5531275272369385
891,120,cvae,1,43,0.2890625,0.3515625,0.4216374269005848,1.0,6.05928897857666,1.1488243341445923
892,120,cvae,1,43,0.28125,0.359375,0.41666666666666663,1.0,5.074123382568359,1.0182526111602783
893,120,cvae,1,43,0.296875,0.296875,0.4375,1.0,5.567453384399414,1.1436667442321777
894,120,cvae,1,43,0.234375,0.34375,0.375,1.0,4.6454620361328125,0.8168066740036011
895,120,cvae,1,43,0.3046875,0.2734375,0.4587486157253599,1.0,4.204157829284668,0.8090455532073975
896,120,cvae,1,43,0.375,0.46875,0.475,1.0,4.742823123931885,1.0097477436065674
897,120,cvae,1,43,0.3125,0.375,0.4090909090909091,1.0,7.099981307983398,1.043904185295105
898,120,cvae,1,43,0.296875,0.359375,0.41488095238095235,1.0,6.288577556610107,1.2685966491699219
899,120,cvae,1,43,0.2734375,0.3046875,0.48,1.0,5.940773963928223,1.0531998872756958
900,120,cvae,1,43,0.25,0.2578125,0.3878787878787879,1.0,4.926408767700195,0.8936054110527039
901,120,cvae,1,43,0.3125,0.34375,0.45454545454545453,1.0,5.854649543762207,0.9806380271911621
902,120,cvae,1,43,0.2734375,0.3203125,0.44562647754137114,1.0,4.331009387969971,0.8986599445343018
903,120,cvae,1,43,0.265625,0.3125,0.425,1.0,3.928496837615967,0.733013927936554
904,120,cvae,1,43,0.3125,0.3125,0.41818181818181815,1.0,7.322303771972656,1.134682059288025
905,120,cvae,1,43,0.328125,0.390625,0.4117647058823529,1.0,5.03149938583374,0.7977134585380554
906,120,cvae,1,43,0.28125,0.3671875,0.3960348162475822,1.0,4.192972183227539,0.8489041924476624
907,120,cvae,1,43,0.328125,0.375,0.45652173913043476,1.0,8.638038635253906,1.5060255527496338
908,120,cvae,1,43,0.3203125,0.3203125,0.4458874458874459,1.0,6.060203552246094,1.184964895248413
909,120,cvae,1,43,0.296875,0.4296875,0.4240196078431373,1.0,6.302410125732422,1.339586615562439
910,120,cvae,1,43,0.21875,0.328125,0.3506756756756757,1.0,7.771152496337891,1.6116085052490234
911,120,cvae,1,43,0.296875,0.375,0.42592592592592593,1.0,7.271229267120361,1.29189133644104
912,120,cvae,1,43,0.3046875,0.3671875,0.43167701863354035,1.0,6.708741664886475,1.1877806186676025
913,120,cvae,1,43,0.3125,0.359375,0.43283582089552236,1.0,8.38182258605957,1.3367708921432495
914,120,cvae,1,43,0.296875,0.421875,0.40425531914893614,1.0,5.286716938018799,0.9974880218505859
915,120,cvae,1,43,0.28125,0.3984375,0.40664350846721664,1.0,6.597283840179443,1.1506580114364624
916,120,cvae,1,43,0.3125,0.328125,0.4618055555555556,1.0,6.021643161773682,1.2351531982421875
917,120,cvae,1,43,0.3125,0.390625,0.39215686274509803,1.0,6.048068046569824,1.1029598712921143
918,120,cvae,1,43,0.328125,0.375,0.5,1.0,7.947283744812012,1.5044419765472412
919,120,cvae,1,43,0.3203125,0.328125,0.44079555966697503,1.0,4.971346378326416,1.0461210012435913
920,120,cvae,1,43,0.296875,0.375,0.43548387096774194,0.9,4.074497222900391,0.6900045871734619
921,120,cvae,1,43,0.3359375,0.359375,0.4522408963585434,1.0,6.73573112487793,1.1583350896835327
922,120,cvae,1,43,0.34375,0.3125,0.4782608695652174,0.9166666666666666,8.232178688049316,1.6397899389266968
923,120,cvae,1,43,0.296875,0.34375,0.4318181818181818,1.0,3.219468593597412,0.6829542517662048
924,120,cvae,1,43,0.34375,0.3125,0.4888888888888889,1.0,6.041112422943115,1.0856012105941772
925,120,cvae,1,43,0.28125,0.359375,0.3584905660377358,1.0,5.819339752197266,0.9424079060554504
926,120,cvae,1,43,0.359375,0.375,0.42592592592592593,1.0,6.453490734100342,1.2809232473373413
927,120,cvae,1,43,0.3125,0.375,0.4120553359683794,1.0,4.92442512512207,1.030240774154663
928,120,cvae,1,43,0.296875,0.390625,0.4090909090909091,1.0,3.8991708755493164,0.8716025948524475
929,120,cvae,1,43,0.34375,0.421875,0.46808510638297873,1.0,8.980415344238281,1.6877375841140747
930,120,cvae,1,43,0.3203125,0.40625,0.4379487179487179,1.0,8.282482147216797,1.5017781257629395
931,120,cvae,1,43,0.3125,0.375,0.4634146341463415,1.0,6.275517463684082,1.394494891166687
932,120,cvae,1,43,0.296875,0.40625,0.4117647058823529,1.0,6.033834457397461,1.31982421875
933,120,cvae,1,43,0.328125,0.3125,0.45652173913043476,1.0,5.052935600280762,1.0677218437194824
934,120,cvae,1,43,0.2578125,0.2890625,0.40930232558139534,1.0,9.065832138061523,1.3797667026519775
935,120,cvae,1,43,0.296875,0.34375,0.4523809523809524,1.0,6.230747699737549,0.9398214221000671
936,120,cvae,1,43,0.265625,0.359375,0.40425531914893614,1.0,5.330445289611816,1.032340168952942
937,120,cvae,1,43,0.3359375,0.46875,0.46808510638297873,1.0,6.327817916870117,0.9927690625190735
938,120,cvae,1,43,0.3046875,0.390625,0.4636904761904762,1.0,2.5854945182800293,0.5537258386611938
939,120,cvae,1,43,0.28125,0.390625,0.3958333333333333,1.0,4.751135349273682,0.9065657258033752
940,120,cvae,1,43,0.2734375,0.3515625,0.3997599039615846,1.0,7.546357154846191,1.4372422695159912
941,120,cvae,1,43,0.296875,0.34375,0.4318181818181818,1.0,4.7702741622924805,0.9159824848175049
942,120,cvae,1,43,0.296875,0.3359375,0.4176328502415459,1.0,5.333650588989258,0.9631894826889038
943,120,cvae,1,43,0.28125,0.328125,0.4318181818181818,1.0,4.592276573181152,0.8583827018737793
944,120,cvae,1,43,0.25,0.375,0.4,1.0,5.200430393218994,1.1797869205474854
945,120,cvae,1,43,0.3125,0.328125,0.4470884658454647,1.0,3.0773961544036865,0.6035125255584717
946,120,cvae,1,43,0.2734375,0.34375,0.40523373983739835,1.0,4.556589126586914,0.9125249981880188
947,120,cvae,1,43,0.2890625,0.3828125,0.3901533894111826,1.0,5.292623519897461,1.0751276016235352
948,120,cvae,1,43,0.296875,0.390625,0.4375,1.0,3.758659839630127,0.7411074638366699
949,120,cvae,1,43,0.3828125,0.40625,0.5051020408163265,1.0,5.982903003692627,1.2664884328842163
950,120,cvae,1,43,0.265625,0.328125,0.44300699300699303,1.0,5.444051742553711,1.0995758771896362
951,120,cvae,1,43,0.2421875,0.3515625,0.40240641711229946,1.0,7.601646423339844,1.2505018711090088
952,120,cvae,1,43,0.2578125,0.2890625,0.3927963698241633,1.0,6.108704566955566,1.126168966293335
953,120,cvae,1,43,0.296875,0.3671875,0.4636904761904762,1.0,3.9937756061553955,0.6741982102394104
954,120,cvae,1,43,0.296875,0.3125,0.475,1.0,3.862180709838867,0.6574363112449646
955,120,cvae,1,43,0.3359375,0.390625,0.457663916630482,1.0,5.7920732498168945,1.2970764636993408
956,120,cvae,1,43,0.34375,0.4140625,0.4511904761904762,1.0,5.199049472808838,0.9380393028259277
957,120,cvae,1,43,0.328125,0.453125,0.49056603773584906,1.0,3.4528303146362305,0.6579821705818176
958,120,cvae,1,43,0.3046875,0.2734375,0.4476117103235747,1.0,4.535434722900391,0.7172930240631104
959,120,cvae,1,43,0.28125,0.390625,0.4523809523809524,1.0,5.569648742675781,1.267730951309204
960,120,cvae,1,43,0.3203125,0.328125,0.461499493414387,1.0,5.942925930023193,1.1678022146224976
961,120,cvae,1,43,0.3125,0.421875,0.43333333333333335,1.0,4.720536231994629,0.9346305727958679
962,120,cvae,1,43,0.34375,0.34375,0.4807692307692308,1.0,7.51263427734375,1.4648876190185547
963,120,cvae,1,43,0.25,0.390625,0.42105263157894735,1.0,6.957358360290527,1.2678720951080322
964,120,cvae,1,43,0.3125,0.390625,0.425531914893617,1.0,7.297521591186523,1.396276593208313
965,120,cvae,1,43,0.296875,0.390625,0.4117647058823529,1.0,6.035621643066406,1.2232366800308228
966,120,cvae,1,43,0.296875,0.375,0.45652173913043476,1.0,3.9865221977233887,0.7537117600440979
967,120,cvae,1,43,0.3046875,0.453125,0.41604010025062654,1.0,5.611506938934326,1.1552774906158447
968,120,cvae,1,43,0.359375,0.34375,0.4857142857142857,1.0,5.53707218170166,1.1201502084732056
969,120,cvae,1,43,0.21875,0.34375,0.42,1.0,4.887995719909668,0.8926523327827454
970,120,cvae,1,43,0.2734375,0.3125,0.4272844272844273,1.0,5.224117279052734,0.9967809915542603
971,120,cvae,1,43,0.296875,0.3046875,0.41360294117647056,1.0,7.47310733795166,1.2053959369659424
972,120,cvae,1,43,0.390625,0.359375,0.5,1.0,7.004703521728516,1.4366202354431152
973,120,cvae,1,43,0.25,0.34375,0.32786195286195285,1.0,4.158003807067871,1.0146602392196655
974,120,cvae,1,43,0.3125,0.359375,0.4878048780487805,1.0,8.209375381469727,1.4173368215560913
975,120,cvae,1,43,0.328125,0.4140625,0.4222620599739244,1.0,5.147134780883789,0.9956425428390503
976,120,cvae,1,43,0.265625,0.34375,0.38636363636363635,1.0,4.775027275085449,0.9856129884719849
977,120,cvae,1,43,0.3125,0.296875,0.4444444444444444,1.0,6.727960586547852,1.1007624864578247
978,120,cvae,1,43,0.28125,0.359375,0.45161290322580644,1.0,3.9351069927215576,0.8138630986213684
979,120,cvae,1,43,0.375,0.359375,0.5192307692307693,1.0,4.344272613525391,0.9030524492263794
980,120,cvae,1,43,0.296875,0.359375,0.4418604651162791,1.0,6.016374588012695,0.9344964623451233
981,120,cvae,1,43,0.2734375,0.34375,0.4301948051948052,1.0,3.8343493938446045,0.7541574835777283
982,120,cvae,1,43,0.265625,0.375,0.4083333333333333,1.0,6.5013346672058105,1.2175918817520142
983,120,cvae,1,43,0.265625,0.375,0.4,1.0,6.324715614318848,1.357448935508728
984,120,cvae,1,43,0.296875,0.328125,0.45476190476190476,1.0,3.5874481201171875,0.7166699171066284
985,120,cvae,1,43,0.296875,0.3125,0.43772893772893773,1.0,4.008452415466309,0.7204315662384033
986,120,cvae,1,43,0.390625,0.40625,0.5,1.0,8.264022827148438,1.5002307891845703
987,120,cvae,1,43,0.4375,0.4375,0.4915730337078652,1.0,5.6725053787231445,1.0896146297454834
988,120,cvae,1,43,0.375,0.40625,0.5,1.0,7.903194427490234,1.5756877660751343
989,120,cvae,1,43,0.28125,0.328125,0.42041343669250647,1.0,6.6510009765625,1.339979887008667
990,120,cvae,1,43,0.3515625,0.390625,0.480293501048218,1.0,5.836416244506836,1.0735634565353394
991,120,cvae,1,43,0.2578125,0.328125,0.4198170731707317,1.0,7.073897361755371,1.4520117044448853
992,120,cvae,1,43,0.296875,0.421875,0.47619047619047616,1.0,4.792919158935547,0.902633011341095
993,120,cvae,1,43,0.296875,0.3515625,0.4057750759878419,0.9090909090909091,5.773270130157471,1.2709996700286865
994,120,cvae,1,43,0.234375,0.3125,0.4166666666666667,1.0,8.226327896118164,1.2816698551177979
995,120,cvae,1,43,0.359375,0.4375,0.5106382978723404,1.0,8.808627128601074,1.2945232391357422
996,120,cvae,1,43,0.265625,0.34375,0.40540540540540543,1.0,3.2991933822631836,0.7908280491828918
997,120,cvae,1,43,0.328125,0.328125,0.5,1.0,10.194429397583008,1.6461890935897827
998,120,cvae,1,43,0.21875,0.34375,0.3333333333333333,1.0,4.7856974601745605,0.8498072028160095
999,120,cvae,1,43,0.2734375,0.3125,0.4067632850241546,1.0,5.381551742553711,1.1550676822662354
