index,target_hr,measured_hr,measurable,abs_error,failure_reason,method,fold,seed
0,60,75.29411764705883,True,15.294117647058826,ok,cvae,2,42
1,60,80.0,True,20.0,ok,cvae,2,42
2,60,94.81481481481481,True,34.81481481481481,ok,cvae,2,42
3,60,80.0,True,20.0,ok,cvae,2,42
4,60,86.29213483146067,True,26.29213483146067,ok,cvae,2,42
5,60,81.70212765957447,True,21.702127659574472,ok,cvae,2,42
6,60,73.84615384615384,True,13.84615384615384,ok,cvae,2,42
7,60,67.36842105263158,True,7.368421052631575,ok,cvae,2,42
8,60,82.58064516129032,True,22.58064516129032,ok,cvae,2,42
9,60,91.42857142857143,True,31.42857142857143,ok,cvae,2,42
10,60,83.47826086956522,True,23.47826086956522,ok,cvae,2,42
11,60,81.70212765957447,True,21.702127659574472,ok,cvae,2,42
12,60,85.33333333333333,True,25.33333333333333,ok,cvae,2,42
13,60,83.47826086956522,True,23.47826086956522,ok,cvae,2,42
14,60,66.20689655172414,True,6.206896551724142,ok,cvae,2,42
15,60,71.11111111111111,True,11.111111111111114,ok,cvae,2,42
16,60,81.70212765957447,True,21.702127659574472,ok,cvae,2,42
17,60,96.0,True,36.0,ok,cvae,2,42
18,60,78.36734693877551,True,18.367346938775512,ok,cvae,2,42
19,60,81.70212765957447,True,21.702127659574472,ok,cvae,2,42
20,60,78.36734693877551,True,18.367346938775512,ok,cvae,2,42
21,60,83.47826086956522,True,23.47826086956522,ok,cvae,2,42
22,60,83.47826086956522,True,23.47826086956522,ok,cvae,2,42
23,60,81.70212765957447,True,21.702127659574472,ok,cvae,2,42
24,60,87.27272727272727,True,27.272727272727266,ok,cvae,2,42
25,60,71.77570093457943,True,11.775700934579433,ok,cvae,2,42
26,60,76.8,True,16.799999999999997,ok,cvae,2,42
27,60,66.20689655172414,True,6.206896551724142,ok,cvae,2,42
28,60,101.05263157894737,True,41.05263157894737,ok,cvae,2,42
29,60,74.5631067961165,True,14.5631067961165,ok,cvae,2,42
30,60,57.3134328358209,True,2.6865671641791025,ok,cvae,2,42
31,60,83.47826086956522,True,23.47826086956522,ok,cvae,2,42
32,60,80.0,True,20.0,ok,cvae,2,42
33,60,87.27272727272727,True,27.272727272727266,ok,cvae,2,42
34,60,80.0,True,20.0,ok,cvae,2,42
35,60,69.81818181818181,True,9.818181818181813,ok,cvae,2,42
36,60,75.29411764705883,True,15.294117647058826,ok,cvae,2,42
37,60,76.8,True,16.799999999999997,ok,cvae,2,42
38,60,76.8,True,16.799999999999997,ok,cvae,2,42
39,60,71.11111111111111,True,11.111111111111114,ok,cvae,2,42
40,60,83.47826086956522,True,23.47826086956522,ok,cvae,2,42
41,60,76.8,True,16.799999999999997,ok,cvae,2,42
42,60,77.57575757575758,True,17.575757575757578,ok,cvae,2,42
43,60,73.84615384615384,True,13.84615384615384,ok,cvae,2,42
44,60,80.0,True,20.0,ok,cvae,2,42
45,60,80.0,True,20.0,ok,cvae,2,42
46,60,85.33333333333333,True,25.33333333333333,ok,cvae,2,42
47,60,69.81818181818181,True,9.818181818181813,ok,cvae,2,42
48,60,76.8,True,16.799999999999997,ok,cvae,2,42
49,60,76.8,True,16.799999999999997,ok,cvae,2,42
50,60,82.58064516129032,True,22.58064516129032,ok,cvae,2,42
51,60,84.3956043956044,True,24.395604395604394,ok,cvae,2,42
52,60,64.0,True,4.0,ok,cvae,2,42
53,60,83.47826086956522,True,23.47826086956522,ok,cvae,2,42
54,60,72.45283018867924,True,12.452830188679243,ok,cvae,2,42
55,60,80.0,True,20.0,ok,cvae,2,42
56,60,83.47826086956522,True,23.47826086956522,ok,cvae,2,42
57,60,80.0,True,20.0,ok,cvae,2,42
58,60,83.47826086956522,True,23.47826086956522,ok,cvae,2,42
59,60,76.8,True,16.799999999999997,ok,cvae,2,42
60,60,65.08474576271186,True,5.0847457627118615,ok,cvae,2,42
61,60,73.84615384615384,True,13.84615384615384,ok,cvae,2,42
62,60,76.8,True,16.799999999999997,ok,cvae,2,42
63,60,76.8,True,16.799999999999997,ok,cvae,2,42
64,60,66.20689655172414,True,6.206896551724142,ok,cvae,2,42
65,60,76.8,True,16.799999999999997,ok,cvae,2,42
66,60,81.70212765957447,True,21.702127659574472,ok,cvae,2,42
67,60,75.29411764705883,True,15.294117647058826,ok,cvae,2,42
68,60,69.1891891891892,True,9.189189189189193,ok,cvae,2,42
69,60,87.27272727272727,True,27.272727272727266,ok,cvae,2,42
70,60,84.3956043956044,True,24.395604395604394,ok,cvae,2,42
71,60,76.8,True,16.799999999999997,ok,cvae,2,42
72,60,71.11111111111111,True,11.111111111111114,ok,cvae,2,42
73,60,75.29411764705883,True,15.294117647058826,ok,cvae,2,42
74,60,73.84615384615384,True,13.84615384615384,ok,cvae,2,42
75,60,91.42857142857143,True,31.42857142857143,ok,cvae,2,42
76,60,76.8,True,16.799999999999997,ok,cvae,2,42
77,60,71.11111111111111,True,11.111111111111114,ok,cvae,2,42
78,60,76.8,True,16.799999999999997,ok,cvae,2,42
79,60,69.1891891891892,True,9.189189189189193,ok,cvae,2,42
80,60,64.0,True,4.0,ok,cvae,2,42
81,60,89.30232558139535,True,29.30232558139535,ok,cvae,2,42
82,60,73.84615384615384,True,13.84615384615384,ok,cvae,2,42
83,60,67.36842105263158,True,7.368421052631575,ok,cvae,2,42
84,60,85.33333333333333,True,25.33333333333333,ok,cvae,2,42
85,60,73.84615384615384,True,13.84615384615384,ok,cvae,2,42
86,60,78.36734693877551,True,18.367346938775512,ok,cvae,2,42
87,60,87.27272727272727,True,27.272727272727266,ok,cvae,2,42
88,60,79.17525773195877,True,19.175257731958766,ok,cvae,2,42
89,60,80.0,True,20.0,ok,cvae,2,42
90,60,69.81818181818181,True,9.818181818181813,ok,cvae,2,42
91,60,87.27272727272727,True,27.272727272727266,ok,cvae,2,42
92,60,71.11111111111111,True,11.111111111111114,ok,cvae,2,42
93,60,80.0,True,20.0,ok,cvae,2,42
94,60,66.20689655172414,True,6.206896551724142,ok,cvae,2,42
95,60,85.33333333333333,True,25.33333333333333,ok,cvae,2,42
96,60,71.11111111111111,True,11.111111111111114,ok,cvae,2,42
97,60,80.0,True,20.0,ok,cvae,2,42
98,60,76.8,True,16.799999999999997,ok,cvae,2,42
99,60,73.84615384615384,True,13.84615384615384,ok,cvae,2,42
100,60,59.07692307692308,True,0.9230769230769198,ok,cvae,2,42
101,60,80.0,True,20.0,ok,cvae,2,42
102,60,73.84615384615384,True,13.84615384615384,ok,cvae,2,42
103,60,66.20689655172414,True,6.206896551724142,ok,cvae,2,42
104,60,76.8,True,16.799999999999997,ok,cvae,2,42
105,60,83.47826086956522,True,23.47826086956522,ok,cvae,2,42
106,60,50.19607843137255,True,9.803921568627452,ok,cvae,2,42
107,60,76.8,True,16.799999999999997,ok,cvae,2,42
108,60,81.70212765957447,True,21.702127659574472,ok,cvae,2,42
109,60,83.47826086956522,True,23.47826086956522,ok,cvae,2,42
110,60,80.0,True,20.0,ok,cvae,2,42
111,60,80.0,True,20.0,ok,cvae,2,42
112,60,89.30232558139535,True,29.30232558139535,ok,cvae,2,42
113,60,73.84615384615384,True,13.84615384615384,ok,cvae,2,42
114,60,87.27272727272727,True,27.272727272727266,ok,cvae,2,42
115,60,76.8,True,16.799999999999997,ok,cvae,2,42
116,60,71.11111111111111,True,11.111111111111114,ok,cvae,2,42
117,60,56.470588235294116,True,3.529411764705884,ok,cvae,2,42
118,60,83.47826086956522,True,23.47826086956522,ok,cvae,2,42
119,60,72.45283018867924,True,12.452830188679243,ok,cvae,2,42
120,60,78.36734693877551,True,18.367346938775512,ok,cvae,2,42
121,60,62.950819672131146,True,2.9508196721311464,ok,cvae,2,42
122,60,62.950819672131146,True,2.9508196721311464,ok,cvae,2,42
123,60,78.36734693877551,True,18.367346938775512,ok,cvae,2,42
124,60,83.47826086956522,True,23.47826086956522,ok,cvae,2,42
125,60,83.47826086956522,True,23.47826086956522,ok,cvae,2,42
126,60,80.0,True,20.0,ok,cvae,2,42
127,60,81.70212765957447,True,21.702127659574472,ok,cvae,2,42
128,60,76.03960396039604,True,16.039603960396036,ok,cvae,2,42
129,60,76.8,True,16.799999999999997,ok,cvae,2,42
130,60,80.0,True,20.0,ok,cvae,2,42
131,60,76.8,True,16.799999999999997,ok,cvae,2,42
132,60,73.84615384615384,True,13.84615384615384,ok,cvae,2,42
133,60,76.8,True,16.799999999999997,ok,cvae,2,42
134,60,78.36734693877551,True,18.367346938775512,ok,cvae,2,42
135,60,81.70212765957447,True,21.702127659574472,ok,cvae,2,42
136,60,83.47826086956522,True,23.47826086956522,ok,cvae,2,42
137,60,54.08450704225352,True,5.91549295774648,ok,cvae,2,42
138,60,78.36734693877551,True,18.367346938775512,ok,cvae,2,42
139,60,68.57142857142857,True,8.57142857142857,ok,cvae,2,42
140,60,71.11111111111111,True,11.111111111111114,ok,cvae,2,42
141,60,68.57142857142857,True,8.57142857142857,ok,cvae,2,42
142,60,81.70212765957447,True,21.702127659574472,ok,cvae,2,42
143,60,91.42857142857143,True,31.42857142857143,ok,cvae,2,42
144,60,71.11111111111111,True,11.111111111111114,ok,cvae,2,42
145,60,80.0,True,20.0,ok,cvae,2,42
146,60,76.8,True,16.799999999999997,ok,cvae,2,42
147,60,75.29411764705883,True,15.294117647058826,ok,cvae,2,42
148,60,83.47826086956522,True,23.47826086956522,ok,cvae,2,42
149,60,69.81818181818181,True,9.818181818181813,ok,cvae,2,42
150,60,78.36734693877551,True,18.367346938775512,ok,cvae,2,42
151,60,80.0,True,20.0,ok,cvae,2,42
152,60,85.33333333333333,True,25.33333333333333,ok,cvae,2,42
153,60,106.66666666666667,True,46.66666666666667,ok,cvae,2,42
154,60,68.57142857142857,True,8.57142857142857,ok,cvae,2,42
155,60,68.57142857142857,True,8.57142857142857,ok,cvae,2,42
156,60,71.11111111111111,True,11.111111111111114,ok,cvae,2,42
157,60,80.0,True,20.0,ok,cvae,2,42
158,60,83.47826086956522,True,23.47826086956522,ok,cvae,2,42
159,60,61.935483870967744,True,1.9354838709677438,ok,cvae,2,42
160,60,83.47826086956522,True,23.47826086956522,ok,cvae,2,42
161,60,65.08474576271186,True,5.0847457627118615,ok,cvae,2,42
162,60,87.27272727272727,True,27.272727272727266,ok,cvae,2,42
163,60,71.77570093457943,True,11.775700934579433,ok,cvae,2,42
164,60,87.27272727272727,True,27.272727272727266,ok,cvae,2,42
165,60,76.8,True,16.799999999999997,ok,cvae,2,42
166,60,71.11111111111111,True,11.111111111111114,ok,cvae,2,42
167,60,80.0,True,20.0,ok,cvae,2,42
168,60,71.11111111111111,True,11.111111111111114,ok,cvae,2,42
169,60,73.84615384615384,True,13.84615384615384,ok,cvae,2,42
170,60,80.0,True,20.0,ok,cvae,2,42
171,60,81.70212765957447,True,21.702127659574472,ok,cvae,2,42
172,60,91.42857142857143,True,31.42857142857143,ok,cvae,2,42
173,60,62.950819672131146,True,2.9508196721311464,ok,cvae,2,42
174,60,73.84615384615384,True,13.84615384615384,ok,cvae,2,42
175,60,72.45283018867924,True,12.452830188679243,ok,cvae,2,42
176,60,73.84615384615384,True,13.84615384615384,ok,cvae,2,42
177,60,80.0,True,20.0,ok,cvae,2,42
178,60,73.84615384615384,True,13.84615384615384,ok,cvae,2,42
179,60,81.70212765957447,True,21.702127659574472,ok,cvae,2,42
180,60,56.058394160583944,True,3.941605839416056,ok,cvae,2,42
181,60,78.36734693877551,True,18.367346938775512,ok,cvae,2,42
182,60,87.27272727272727,True,27.272727272727266,ok,cvae,2,42
183,60,69.1891891891892,True,9.189189189189193,ok,cvae,2,42
184,60,71.11111111111111,True,11.111111111111114,ok,cvae,2,42
185,60,72.45283018867924,True,12.452830188679243,ok,cvae,2,42
186,60,71.11111111111111,True,11.111111111111114,ok,cvae,2,42
187,60,72.45283018867924,True,12.452830188679243,ok,cvae,2,42
188,60,68.57142857142857,True,8.57142857142857,ok,cvae,2,42
189,60,87.27272727272727,True,27.272727272727266,ok,cvae,2,42
190,60,71.11111111111111,True,11.111111111111114,ok,cvae,2,42
191,60,72.45283018867924,True,12.452830188679243,ok,cvae,2,42
192,60,76.8,True,16.799999999999997,ok,cvae,2,42
193,60,80.0,True,20.0,ok,cvae,2,42
194,60,80.0,True,20.0,ok,cvae,2,42
195,60,60.95238095238095,True,0.952380952380949,ok,cvae,2,42
196,60,89.30232558139535,True,29.30232558139535,ok,cvae,2,42
197,60,84.3956043956044,True,24.395604395604394,ok,cvae,2,42
198,60,76.8,True,16.799999999999997,ok,cvae,2,42
199,60,87.27272727272727,True,27.272727272727266,ok,cvae,2,42
200,60,66.20689655172414,True,6.206896551724142,ok,cvae,2,42
201,60,56.470588235294116,True,3.529411764705884,ok,cvae,2,42
202,60,76.8,True,16.799999999999997,ok,cvae,2,42
203,60,75.29411764705883,True,15.294117647058826,ok,cvae,2,42
204,60,66.78260869565217,True,6.782608695652172,ok,cvae,2,42
205,60,80.0,True,20.0,ok,cvae,2,42
206,60,83.47826086956522,True,23.47826086956522,ok,cvae,2,42
207,60,78.36734693877551,True,18.367346938775512,ok,cvae,2,42
208,60,84.3956043956044,True,24.395604395604394,ok,cvae,2,42
209,60,78.36734693877551,True,18.367346938775512,ok,cvae,2,42
210,60,64.0,True,4.0,ok,cvae,2,42
211,60,76.8,True,16.799999999999997,ok,cvae,2,42
212,60,91.42857142857143,True,31.42857142857143,ok,cvae,2,42
213,60,85.33333333333333,True,25.33333333333333,ok,cvae,2,42
214,60,87.27272727272727,True,27.272727272727266,ok,cvae,2,42
215,60,76.8,True,16.799999999999997,ok,cvae,2,42
216,60,73.84615384615384,True,13.84615384615384,ok,cvae,2,42
217,60,91.42857142857143,True,31.42857142857143,ok,cvae,2,42
218,60,75.29411764705883,True,15.294117647058826,ok,cvae,2,42
219,60,66.78260869565217,True,6.782608695652172,ok,cvae,2,42
220,60,83.47826086956522,True,23.47826086956522,ok,cvae,2,42
221,60,68.57142857142857,True,8.57142857142857,ok,cvae,2,42
222,60,83.47826086956522,True,23.47826086956522,ok,cvae,2,42
223,60,76.8,True,16.799999999999997,ok,cvae,2,42
224,60,80.0,True,20.0,ok,cvae,2,42
225,60,66.78260869565217,True,6.782608695652172,ok,cvae,2,42
226,60,72.45283018867924,True,12.452830188679243,ok,cvae,2,42
227,60,87.27272727272727,True,27.272727272727266,ok,cvae,2,42
228,60,73.84615384615384,True,13.84615384615384,ok,cvae,2,42
229,60,73.84615384615384,True,13.84615384615384,ok,cvae,2,42
230,60,81.70212765957447,True,21.702127659574472,ok,cvae,2,42
231,60,80.0,True,20.0,ok,cvae,2,42
232,60,85.33333333333333,True,25.33333333333333,ok,cvae,2,42
233,60,90.3529411764706,True,30.352941176470594,ok,cvae,2,42
234,60,80.0,True,20.0,ok,cvae,2,42
235,60,91.42857142857143,True,31.42857142857143,ok,cvae,2,42
236,60,71.11111111111111,True,11.111111111111114,ok,cvae,2,42
237,60,73.84615384615384,True,13.84615384615384,ok,cvae,2,42
238,60,73.84615384615384,True,13.84615384615384,ok,cvae,2,42
239,60,66.78260869565217,True,6.782608695652172,ok,cvae,2,42
240,60,83.47826086956522,True,23.47826086956522,ok,cvae,2,42
241,60,81.70212765957447,True,21.702127659574472,ok,cvae,2,42
242,60,66.20689655172414,True,6.206896551724142,ok,cvae,2,42
243,60,83.47826086956522,True,23.47826086956522,ok,cvae,2,42
244,60,80.0,True,20.0,ok,cvae,2,42
245,60,83.47826086956522,True,23.47826086956522,ok,cvae,2,42
246,60,64.0,True,4.0,ok,cvae,2,42
247,60,73.84615384615384,True,13.84615384615384,ok,cvae,2,42
248,60,87.27272727272727,True,27.272727272727266,ok,cvae,2,42
249,60,76.8,True,16.799999999999997,ok,cvae,2,42
250,60,54.46808510638298,True,5.531914893617021,ok,cvae,2,42
251,60,67.96460176991151,True,7.964601769911511,ok,cvae,2,42
252,60,73.14285714285714,True,13.142857142857139,ok,cvae,2,42
253,60,76.8,True,16.799999999999997,ok,cvae,2,42
254,60,87.27272727272727,True,27.272727272727266,ok,cvae,2,42
255,60,83.47826086956522,True,23.47826086956522,ok,cvae,2,42
256,60,66.78260869565217,True,6.782608695652172,ok,cvae,2,42
257,60,78.36734693877551,True,18.367346938775512,ok,cvae,2,42
258,60,87.27272727272727,True,27.272727272727266,ok,cvae,2,42
259,60,73.84615384615384,True,13.84615384615384,ok,cvae,2,42
260,60,76.8,True,16.799999999999997,ok,cvae,2,42
261,60,64.0,True,4.0,ok,cvae,2,42
262,60,85.33333333333333,True,25.33333333333333,ok,cvae,2,42
263,60,80.0,True,20.0,ok,cvae,2,42
264,60,83.47826086956522,True,23.47826086956522,ok,cvae,2,42
265,60,78.36734693877551,True,18.367346938775512,ok,cvae,2,42
266,60,72.45283018867924,True,12.452830188679243,ok,cvae,2,42
267,60,69.81818181818181,True,9.818181818181813,ok,cvae,2,42
268,60,81.70212765957447,True,21.702127659574472,ok,cvae,2,42
269,60,91.42857142857143,True,31.42857142857143,ok,cvae,2,42
270,60,76.8,True,16.799999999999997,ok,cvae,2,42
271,60,83.47826086956522,True,23.47826086956522,ok,cvae,2,42
272,60,87.27272727272727,True,27.272727272727266,ok,cvae,2,42
273,60,88.27586206896552,True,28.275862068965523,ok,cvae,2,42
274,60,78.36734693877551,True,18.367346938775512,ok,cvae,2,42
275,60,87.27272727272727,True,27.272727272727266,ok,cvae,2,42
276,60,76.8,True,16.799999999999997,ok,cvae,2,42
277,60,80.0,True,20.0,ok,cvae,2,42
278,60,78.36734693877551,True,18.367346938775512,ok,cvae,2,42
279,60,80.0,True,20.0,ok,cvae,2,42
280,60,83.47826086956522,True,23.47826086956522,ok,cvae,2,42
281,60,74.5631067961165,True,14.5631067961165,ok,cvae,2,42
282,60,76.8,True,16.799999999999997,ok,cvae,2,42
283,60,83.47826086956522,True,23.47826086956522,ok,cvae,2,42
284,60,84.3956043956044,True,24.395604395604394,ok,cvae,2,42
285,60,76.8,True,16.799999999999997,ok,cvae,2,42
286,60,80.0,True,20.0,ok,cvae,2,42
287,60,87.27272727272727,True,27.272727272727266,ok,cvae,2,42
288,60,89.30232558139535,True,29.30232558139535,ok,cvae,2,42
289,60,75.29411764705883,True,15.294117647058826,ok,cvae,2,42
290,60,80.0,True,20.0,ok,cvae,2,42
291,60,68.57142857142857,True,8.57142857142857,ok,cvae,2,42
292,60,87.27272727272727,True,27.272727272727266,ok,cvae,2,42
293,60,80.0,True,20.0,ok,cvae,2,42
294,60,83.47826086956522,True,23.47826086956522,ok,cvae,2,42
295,60,76.8,True,16.799999999999997,ok,cvae,2,42
296,60,79.17525773195877,True,19.175257731958766,ok,cvae,2,42
297,60,60.0,True,0.0,ok,cvae,2,42
298,60,66.78260869565217,True,6.782608695652172,ok,cvae,2,42
299,60,76.8,True,16.799999999999997,ok,cvae,2,42
300,60,71.11111111111111,True,11.111111111111114,ok,cvae,2,42
301,60,78.36734693877551,True,18.367346938775512,ok,cvae,2,42
302,60,80.0,True,20.0,ok,cvae,2,42
303,60,73.84615384615384,True,13.84615384615384,ok,cvae,2,42
304,60,76.03960396039604,True,16.039603960396036,ok,cvae,2,42
305,60,72.45283018867924,True,12.452830188679243,ok,cvae,2,42
306,60,83.47826086956522,True,23.47826086956522,ok,cvae,2,42
307,60,67.36842105263158,True,7.368421052631575,ok,cvae,2,42
308,60,70.45871559633028,True,10.45871559633028,ok,cvae,2,42
309,60,80.0,True,20.0,ok,cvae,2,42
310,60,80.0,True,20.0,ok,cvae,2,42
311,60,78.36734693877551,True,18.367346938775512,ok,cvae,2,42
312,60,76.8,True,16.799999999999997,ok,cvae,2,42
313,60,68.57142857142857,True,8.57142857142857,ok,cvae,2,42
314,60,74.5631067961165,True,14.5631067961165,ok,cvae,2,42
315,60,75.29411764705883,True,15.294117647058826,ok,cvae,2,42
316,60,76.8,True,16.799999999999997,ok,cvae,2,42
317,60,83.47826086956522,True,23.47826086956522,ok,cvae,2,42
318,60,73.84615384615384,True,13.84615384615384,ok,cvae,2,42
319,60,71.11111111111111,True,11.111111111111114,ok,cvae,2,42
320,60,67.96460176991151,True,7.964601769911511,ok,cvae,2,42
321,60,87.27272727272727,True,27.272727272727266,ok,cvae,2,42
322,60,89.30232558139535,True,29.30232558139535,ok,cvae,2,42
323,60,87.27272727272727,True,27.272727272727266,ok,cvae,2,42
324,60,80.0,True,20.0,ok,cvae,2,42
325,60,80.0,True,20.0,ok,cvae,2,42
326,60,73.84615384615384,True,13.84615384615384,ok,cvae,2,42
327,60,75.29411764705883,True,15.294117647058826,ok,cvae,2,42
328,60,62.950819672131146,True,2.9508196721311464,ok,cvae,2,42
329,60,72.45283018867924,True,12.452830188679243,ok,cvae,2,42
330,60,87.27272727272727,True,27.272727272727266,ok,cvae,2,42
331,60,78.36734693877551,True,18.367346938775512,ok,cvae,2,42
332,60,76.8,True,16.799999999999997,ok,cvae,2,42
333,60,83.47826086956522,True,23.47826086956522,ok,cvae,2,42
334,60,70.45871559633028,True,10.45871559633028,ok,cvae,2,42
335,60,89.30232558139535,True,29.30232558139535,ok,cvae,2,42
336,60,76.8,True,16.799999999999997,ok,cvae,2,42
337,60,83.47826086956522,True,23.47826086956522,ok,cvae,2,42
338,60,67.36842105263158,True,7.368421052631575,ok,cvae,2,42
339,60,66.20689655172414,True,6.206896551724142,ok,cvae,2,42
340,60,78.36734693877551,True,18.367346938775512,ok,cvae,2,42
341,60,80.0,True,20.0,ok,cvae,2,42
342,60,76.03960396039604,True,16.039603960396036,ok,cvae,2,42
343,60,76.8,True,16.799999999999997,ok,cvae,2,42
344,60,78.36734693877551,True,18.367346938775512,ok,cvae,2,42
345,60,91.42857142857143,True,31.42857142857143,ok,cvae,2,42
346,60,73.14285714285714,True,13.142857142857139,ok,cvae,2,42
347,60,54.46808510638298,True,5.531914893617021,ok,cvae,2,42
348,60,81.70212765957447,True,21.702127659574472,ok,cvae,2,42
349,60,88.27586206896552,True,28.275862068965523,ok,cvae,2,42
350,60,67.96460176991151,True,7.964601769911511,ok,cvae,2,42
351,60,68.57142857142857,True,8.57142857142857,ok,cvae,2,42
352,60,67.36842105263158,True,7.368421052631575,ok,cvae,2,42
353,60,68.57142857142857,True,8.57142857142857,ok,cvae,2,42
354,60,80.0,True,20.0,ok,cvae,2,42
355,60,73.84615384615384,True,13.84615384615384,ok,cvae,2,42
356,60,71.77570093457943,True,11.775700934579433,ok,cvae,2,42
357,60,91.42857142857143,True,31.42857142857143,ok,cvae,2,42
358,60,67.96460176991151,True,7.964601769911511,ok,cvae,2,42
359,60,70.45871559633028,True,10.45871559633028,ok,cvae,2,42
360,60,80.0,True,20.0,ok,cvae,2,42
361,60,78.36734693877551,True,18.367346938775512,ok,cvae,2,42
362,60,76.8,True,16.799999999999997,ok,cvae,2,42
363,60,83.47826086956522,True,23.47826086956522,ok,cvae,2,42
364,60,68.57142857142857,True,8.57142857142857,ok,cvae,2,42
365,60,76.8,True,16.799999999999997,ok,cvae,2,42
366,60,75.29411764705883,True,15.294117647058826,ok,cvae,2,42
367,60,67.96460176991151,True,7.964601769911511,ok,cvae,2,42
368,60,72.45283018867924,True,12.452830188679243,ok,cvae,2,42
369,60,101.05263157894737,True,41.05263157894737,ok,cvae,2,42
370,60,89.30232558139535,True,29.30232558139535,ok,cvae,2,42
371,60,147.69230769230768,True,87.69230769230768,ok,cvae,2,42
372,60,76.8,True,16.799999999999997,ok,cvae,2,42
373,60,83.47826086956522,True,23.47826086956522,ok,cvae,2,42
374,60,87.27272727272727,True,27.272727272727266,ok,cvae,2,42
375,60,89.30232558139535,True,29.30232558139535,ok,cvae,2,42
376,60,75.29411764705883,True,15.294117647058826,ok,cvae,2,42
377,60,61.935483870967744,True,1.9354838709677438,ok,cvae,2,42
378,60,78.36734693877551,True,18.367346938775512,ok,cvae,2,42
379,60,72.45283018867924,True,12.452830188679243,ok,cvae,2,42
380,60,69.81818181818181,True,9.818181818181813,ok,cvae,2,42
381,60,68.57142857142857,True,8.57142857142857,ok,cvae,2,42
382,60,67.36842105263158,True,7.368421052631575,ok,cvae,2,42
383,60,83.47826086956522,True,23.47826086956522,ok,cvae,2,42
384,60,66.20689655172414,True,6.206896551724142,ok,cvae,2,42
385,60,73.84615384615384,True,13.84615384615384,ok,cvae,2,42
386,60,69.81818181818181,True,9.818181818181813,ok,cvae,2,42
387,60,76.8,True,16.799999999999997,ok,cvae,2,42
388,60,87.27272727272727,True,27.272727272727266,ok,cvae,2,42
389,60,68.57142857142857,True,8.57142857142857,ok,cvae,2,42
390,60,72.45283018867924,True,12.452830188679243,ok,cvae,2,42
391,60,83.47826086956522,True,23.47826086956522,ok,cvae,2,42
392,60,79.17525773195877,True,19.175257731958766,ok,cvae,2,42
393,60,91.42857142857143,True,31.42857142857143,ok,cvae,2,42
394,60,65.64102564102564,True,5.641025641025635,ok,cvae,2,42
395,60,80.0,True,20.0,ok,cvae,2,42
396,60,80.0,True,20.0,ok,cvae,2,42
397,60,65.08474576271186,True,5.0847457627118615,ok,cvae,2,42
398,60,76.8,True,16.799999999999997,ok,cvae,2,42
399,60,61.935483870967744,True,1.9354838709677438,ok,cvae,2,42
400,60,83.47826086956522,True,23.47826086956522,ok,cvae,2,42
401,60,76.8,True,16.799999999999997,ok,cvae,2,42
402,60,85.33333333333333,True,25.33333333333333,ok,cvae,2,42
403,60,96.0,True,36.0,ok,cvae,2,42
404,60,83.47826086956522,True,23.47826086956522,ok,cvae,2,42
405,60,84.3956043956044,True,24.395604395604394,ok,cvae,2,42
406,60,58.62595419847328,True,1.3740458015267194,ok,cvae,2,42
407,60,65.64102564102564,True,5.641025641025635,ok,cvae,2,42
408,60,78.36734693877551,True,18.367346938775512,ok,cvae,2,42
409,60,81.70212765957447,True,21.702127659574472,ok,cvae,2,42
410,60,96.0,True,36.0,ok,cvae,2,42
411,60,80.0,True,20.0,ok,cvae,2,42
412,60,80.0,True,20.0,ok,cvae,2,42
413,60,72.45283018867924,True,12.452830188679243,ok,cvae,2,42
414,60,78.36734693877551,True,18.367346938775512,ok,cvae,2,42
415,60,87.27272727272727,True,27.272727272727266,ok,cvae,2,42
416,60,66.78260869565217,True,6.782608695652172,ok,cvae,2,42
417,60,80.0,True,20.0,ok,cvae,2,42
418,60,73.84615384615384,True,13.84615384615384,ok,cvae,2,42
419,60,81.70212765957447,True,21.702127659574472,ok,cvae,2,42
420,60,76.8,True,16.799999999999997,ok,cvae,2,42
421,60,75.29411764705883,True,15.294117647058826,ok,cvae,2,42
422,60,76.8,True,16.799999999999997,ok,cvae,2,42
423,60,73.84615384615384,True,13.84615384615384,ok,cvae,2,42
424,60,87.27272727272727,True,27.272727272727266,ok,cvae,2,42
425,60,84.3956043956044,True,24.395604395604394,ok,cvae,2,42
426,60,72.45283018867924,True,12.452830188679243,ok,cvae,2,42
427,60,81.70212765957447,True,21.702127659574472,ok,cvae,2,42
428,60,67.36842105263158,True,7.368421052631575,ok,cvae,2,42
429,60,61.935483870967744,True,1.9354838709677438,ok,cvae,2,42
430,60,80.0,True,20.0,ok,cvae,2,42
431,60,80.0,True,20.0,ok,cvae,2,42
432,60,78.36734693877551,True,18.367346938775512,ok,cvae,2,42
433,60,80.0,True,20.0,ok,cvae,2,42
434,60,80.0,True,20.0,ok,cvae,2,42
435,60,89.30232558139535,True,29.30232558139535,ok,cvae,2,42
436,60,66.20689655172414,True,6.206896551724142,ok,cvae,2,42
437,60,80.0,True,20.0,ok,cvae,2,42
438,60,91.42857142857143,True,31.42857142857143,ok,cvae,2,42
439,60,76.8,True,16.799999999999997,ok,cvae,2,42
440,60,87.27272727272727,True,27.272727272727266,ok,cvae,2,42
441,60,91.42857142857143,True,31.42857142857143,ok,cvae,2,42
442,60,85.33333333333333,True,25.33333333333333,ok,cvae,2,42
443,60,68.57142857142857,True,8.57142857142857,ok,cvae,2,42
444,60,80.0,True,20.0,ok,cvae,2,42
445,60,83.47826086956522,True,23.47826086956522,ok,cvae,2,42
446,60,80.0,True,20.0,ok,cvae,2,42
447,60,78.36734693877551,True,18.367346938775512,ok,cvae,2,42
448,60,76.8,True,16.799999999999997,ok,cvae,2,42
449,60,78.36734693877551,True,18.367346938775512,ok,cvae,2,42
450,60,76.03960396039604,True,16.039603960396036,ok,cvae,2,42
451,60,87.27272727272727,True,27.272727272727266,ok,cvae,2,42
452,60,80.0,True,20.0,ok,cvae,2,42
453,60,78.36734693877551,True,18.367346938775512,ok,cvae,2,42
454,60,83.47826086956522,True,23.47826086956522,ok,cvae,2,42
455,60,69.81818181818181,True,9.818181818181813,ok,cvae,2,42
456,60,112.94117647058823,True,52.94117647058823,ok,cvae,2,42
457,60,83.47826086956522,True,23.47826086956522,ok,cvae,2,42
458,60,85.33333333333333,True,25.33333333333333,ok,cvae,2,42
459,60,80.0,True,20.0,ok,cvae,2,42
460,60,72.45283018867924,True,12.452830188679243,ok,cvae,2,42
461,60,81.70212765957447,True,21.702127659574472,ok,cvae,2,42
462,60,74.5631067961165,True,14.5631067961165,ok,cvae,2,42
463,60,64.53781512605042,True,4.537815126050418,ok,cvae,2,42
464,60,68.57142857142857,True,8.57142857142857,ok,cvae,2,42
465,60,66.20689655172414,True,6.206896551724142,ok,cvae,2,42
466,60,71.11111111111111,True,11.111111111111114,ok,cvae,2,42
467,60,76.8,True,16.799999999999997,ok,cvae,2,42
468,60,74.5631067961165,True,14.5631067961165,ok,cvae,2,42
469,60,83.47826086956522,True,23.47826086956522,ok,cvae,2,42
470,60,61.935483870967744,True,1.9354838709677438,ok,cvae,2,42
471,60,76.8,True,16.799999999999997,ok,cvae,2,42
472,60,96.0,True,36.0,ok,cvae,2,42
473,60,75.29411764705883,True,15.294117647058826,ok,cvae,2,42
474,60,76.8,True,16.799999999999997,ok,cvae,2,42
475,60,92.53012048192771,True,32.53012048192771,ok,cvae,2,42
476,60,71.11111111111111,True,11.111111111111114,ok,cvae,2,42
477,60,71.11111111111111,True,11.111111111111114,ok,cvae,2,42
478,60,69.81818181818181,True,9.818181818181813,ok,cvae,2,42
479,60,83.47826086956522,True,23.47826086956522,ok,cvae,2,42
480,60,81.70212765957447,True,21.702127659574472,ok,cvae,2,42
481,60,79.17525773195877,True,19.175257731958766,ok,cvae,2,42
482,60,85.33333333333333,True,25.33333333333333,ok,cvae,2,42
483,60,80.0,True,20.0,ok,cvae,2,42
484,60,80.0,True,20.0,ok,cvae,2,42
485,60,80.0,True,20.0,ok,cvae,2,42
486,60,76.8,True,16.799999999999997,ok,cvae,2,42
487,60,60.95238095238095,True,0.952380952380949,ok,cvae,2,42
488,60,61.935483870967744,True,1.9354838709677438,ok,cvae,2,42
489,60,73.84615384615384,True,13.84615384615384,ok,cvae,2,42
490,60,81.70212765957447,True,21.702127659574472,ok,cvae,2,42
491,60,77.57575757575758,True,17.575757575757578,ok,cvae,2,42
492,60,76.8,True,16.799999999999997,ok,cvae,2,42
493,60,103.78378378378379,True,43.78378378378379,ok,cvae,2,42
494,60,80.0,True,20.0,ok,cvae,2,42
495,60,80.0,True,20.0,ok,cvae,2,42
496,60,75.29411764705883,True,15.294117647058826,ok,cvae,2,42
497,60,78.36734693877551,True,18.367346938775512,ok,cvae,2,42
498,60,73.84615384615384,True,13.84615384615384,ok,cvae,2,42
499,60,76.8,True,16.799999999999997,ok,cvae,2,42
500,60,85.33333333333333,True,25.33333333333333,ok,cvae,2,42
501,60,76.8,True,16.799999999999997,ok,cvae,2,42
502,60,80.0,True,20.0,ok,cvae,2,42
503,60,73.84615384615384,True,13.84615384615384,ok,cvae,2,42
504,60,77.57575757575758,True,17.575757575757578,ok,cvae,2,42
505,60,80.0,True,20.0,ok,cvae,2,42
506,60,66.20689655172414,True,6.206896551724142,ok,cvae,2,42
507,60,68.57142857142857,True,8.57142857142857,ok,cvae,2,42
508,60,73.84615384615384,True,13.84615384615384,ok,cvae,2,42
509,60,73.84615384615384,True,13.84615384615384,ok,cvae,2,42
510,60,83.47826086956522,True,23.47826086956522,ok,cvae,2,42
511,60,62.950819672131146,True,2.9508196721311464,ok,cvae,2,42
512,60,78.36734693877551,True,18.367346938775512,ok,cvae,2,42
513,60,67.36842105263158,True,7.368421052631575,ok,cvae,2,42
514,60,77.57575757575758,True,17.575757575757578,ok,cvae,2,42
515,60,87.27272727272727,True,27.272727272727266,ok,cvae,2,42
516,60,85.33333333333333,True,25.33333333333333,ok,cvae,2,42
517,60,67.36842105263158,True,7.368421052631575,ok,cvae,2,42
518,60,73.84615384615384,True,13.84615384615384,ok,cvae,2,42
519,60,60.0,True,0.0,ok,cvae,2,42
520,60,91.42857142857143,True,31.42857142857143,ok,cvae,2,42
521,60,76.8,True,16.799999999999997,ok,cvae,2,42
522,60,83.47826086956522,True,23.47826086956522,ok,cvae,2,42
523,60,63.47107438016529,True,3.471074380165291,ok,cvae,2,42
524,60,64.0,True,4.0,ok,cvae,2,42
525,60,83.47826086956522,True,23.47826086956522,ok,cvae,2,42
526,60,71.11111111111111,True,11.111111111111114,ok,cvae,2,42
527,60,87.27272727272727,True,27.272727272727266,ok,cvae,2,42
528,60,93.65853658536585,True,33.65853658536585,ok,cvae,2,42
529,60,78.36734693877551,True,18.367346938775512,ok,cvae,2,42
530,60,73.84615384615384,True,13.84615384615384,ok,cvae,2,42
531,60,80.84210526315789,True,20.84210526315789,ok,cvae,2,42
532,60,61.44,True,1.4399999999999977,ok,cvae,2,42
533,60,80.0,True,20.0,ok,cvae,2,42
534,60,70.45871559633028,True,10.45871559633028,ok,cvae,2,42
535,60,76.8,True,16.799999999999997,ok,cvae,2,42
536,60,71.11111111111111,True,11.111111111111114,ok,cvae,2,42
537,60,69.81818181818181,True,9.818181818181813,ok,cvae,2,42
538,60,75.29411764705883,True,15.294117647058826,ok,cvae,2,42
539,60,81.70212765957447,True,21.702127659574472,ok,cvae,2,42
540,60,76.8,True,16.799999999999997,ok,cvae,2,42
541,60,66.20689655172414,True,6.206896551724142,ok,cvae,2,42
542,60,83.47826086956522,True,23.47826086956522,ok,cvae,2,42
543,60,71.11111111111111,True,11.111111111111114,ok,cvae,2,42
544,60,66.20689655172414,True,6.206896551724142,ok,cvae,2,42
545,60,73.84615384615384,True,13.84615384615384,ok,cvae,2,42
546,60,87.27272727272727,True,27.272727272727266,ok,cvae,2,42
547,60,87.27272727272727,True,27.272727272727266,ok,cvae,2,42
548,60,83.47826086956522,True,23.47826086956522,ok,cvae,2,42
549,60,80.0,True,20.0,ok,cvae,2,42
550,60,67.36842105263158,True,7.368421052631575,ok,cvae,2,42
551,60,72.45283018867924,True,12.452830188679243,ok,cvae,2,42
552,60,72.45283018867924,True,12.452830188679243,ok,cvae,2,42
553,60,57.3134328358209,True,2.6865671641791025,ok,cvae,2,42
554,60,69.81818181818181,True,9.818181818181813,ok,cvae,2,42
555,60,87.27272727272727,True,27.272727272727266,ok,cvae,2,42
556,60,83.47826086956522,True,23.47826086956522,ok,cvae,2,42
557,60,93.65853658536585,True,33.65853658536585,ok,cvae,2,42
558,60,75.29411764705883,True,15.294117647058826,ok,cvae,2,42
559,60,87.27272727272727,True,27.272727272727266,ok,cvae,2,42
560,60,69.81818181818181,True,9.818181818181813,ok,cvae,2,42
561,60,80.0,True,20.0,ok,cvae,2,42
562,60,66.78260869565217,True,6.782608695652172,ok,cvae,2,42
563,60,72.45283018867924,True,12.452830188679243,ok,cvae,2,42
564,60,81.70212765957447,True,21.702127659574472,ok,cvae,2,42
565,60,76.8,True,16.799999999999997,ok,cvae,2,42
566,60,81.70212765957447,True,21.702127659574472,ok,cvae,2,42
567,60,87.27272727272727,True,27.272727272727266,ok,cvae,2,42
568,60,71.11111111111111,True,11.111111111111114,ok,cvae,2,42
569,60,73.84615384615384,True,13.84615384615384,ok,cvae,2,42
570,60,87.27272727272727,True,27.272727272727266,ok,cvae,2,42
571,60,80.0,True,20.0,ok,cvae,2,42
572,60,84.3956043956044,True,24.395604395604394,ok,cvae,2,42
573,60,76.8,True,16.799999999999997,ok,cvae,2,42
574,60,101.05263157894737,True,41.05263157894737,ok,cvae,2,42
575,60,73.84615384615384,True,13.84615384615384,ok,cvae,2,42
576,60,76.8,True,16.799999999999997,ok,cvae,2,42
577,60,76.8,True,16.799999999999997,ok,cvae,2,42
578,60,83.47826086956522,True,23.47826086956522,ok,cvae,2,42
579,60,85.33333333333333,True,25.33333333333333,ok,cvae,2,42
580,60,76.8,True,16.799999999999997,ok,cvae,2,42
581,60,76.8,True,16.799999999999997,ok,cvae,2,42
582,60,68.57142857142857,True,8.57142857142857,ok,cvae,2,42
583,60,46.829268292682926,True,13.170731707317074,ok,cvae,2,42
584,60,81.70212765957447,True,21.702127659574472,ok,cvae,2,42
585,60,83.47826086956522,True,23.47826086956522,ok,cvae,2,42
586,60,71.11111111111111,True,11.111111111111114,ok,cvae,2,42
587,60,87.27272727272727,True,27.272727272727266,ok,cvae,2,42
588,60,73.84615384615384,True,13.84615384615384,ok,cvae,2,42
589,60,75.29411764705883,True,15.294117647058826,ok,cvae,2,42
590,60,60.0,True,0.0,ok,cvae,2,42
591,60,80.0,True,20.0,ok,cvae,2,42
592,60,78.36734693877551,True,18.367346938775512,ok,cvae,2,42
593,60,80.0,True,20.0,ok,cvae,2,42
594,60,69.1891891891892,True,9.189189189189193,ok,cvae,2,42
595,60,73.84615384615384,True,13.84615384615384,ok,cvae,2,42
596,60,91.42857142857143,True,31.42857142857143,ok,cvae,2,42
597,60,80.0,True,20.0,ok,cvae,2,42
598,60,76.8,True,16.799999999999997,ok,cvae,2,42
599,60,80.0,True,20.0,ok,cvae,2,42
600,60,67.96460176991151,True,7.964601769911511,ok,cvae,2,42
601,60,81.70212765957447,True,21.702127659574472,ok,cvae,2,42
602,60,73.84615384615384,True,13.84615384615384,ok,cvae,2,42
603,60,80.0,True,20.0,ok,cvae,2,42
604,60,73.84615384615384,True,13.84615384615384,ok,cvae,2,42
605,60,69.81818181818181,True,9.818181818181813,ok,cvae,2,42
606,60,71.11111111111111,True,11.111111111111114,ok,cvae,2,42
607,60,81.70212765957447,True,21.702127659574472,ok,cvae,2,42
608,60,80.0,True,20.0,ok,cvae,2,42
609,60,83.47826086956522,True,23.47826086956522,ok,cvae,2,42
610,60,80.0,True,20.0,ok,cvae,2,42
611,60,76.8,True,16.799999999999997,ok,cvae,2,42
612,60,101.05263157894737,True,41.05263157894737,ok,cvae,2,42
613,60,75.29411764705883,True,15.294117647058826,ok,cvae,2,42
614,60,68.57142857142857,True,8.57142857142857,ok,cvae,2,42
615,60,83.47826086956522,True,23.47826086956522,ok,cvae,2,42
616,60,76.8,True,16.799999999999997,ok,cvae,2,42
617,60,64.0,True,4.0,ok,cvae,2,42
618,60,83.47826086956522,True,23.47826086956522,ok,cvae,2,42
619,60,96.0,True,36.0,ok,cvae,2,42
620,60,81.70212765957447,True,21.702127659574472,ok,cvae,2,42
621,60,64.53781512605042,True,4.537815126050418,ok,cvae,2,42
622,60,62.950819672131146,True,2.9508196721311464,ok,cvae,2,42
623,60,87.27272727272727,True,27.272727272727266,ok,cvae,2,42
624,60,60.95238095238095,True,0.952380952380949,ok,cvae,2,42
625,60,64.0,True,4.0,ok,cvae,2,42
626,60,76.8,True,16.799999999999997,ok,cvae,2,42
627,60,75.29411764705883,True,15.294117647058826,ok,cvae,2,42
628,60,80.0,True,20.0,ok,cvae,2,42
629,60,80.0,True,20.0,ok,cvae,2,42
630,60,65.08474576271186,True,5.0847457627118615,ok,cvae,2,42
631,60,91.42857142857143,True,31.42857142857143,ok,cvae,2,42
632,60,80.0,True,20.0,ok,cvae,2,42
633,60,70.45871559633028,True,10.45871559633028,ok,cvae,2,42
634,60,72.45283018867924,True,12.452830188679243,ok,cvae,2,42
635,60,73.14285714285714,True,13.142857142857139,ok,cvae,2,42
636,60,68.57142857142857,True,8.57142857142857,ok,cvae,2,42
637,60,83.47826086956522,True,23.47826086956522,ok,cvae,2,42
638,60,87.27272727272727,True,27.272727272727266,ok,cvae,2,42
639,60,65.08474576271186,True,5.0847457627118615,ok,cvae,2,42
640,60,64.0,True,4.0,ok,cvae,2,42
641,60,87.27272727272727,True,27.272727272727266,ok,cvae,2,42
642,60,64.0,True,4.0,ok,cvae,2,42
643,60,71.11111111111111,True,11.111111111111114,ok,cvae,2,42
644,60,76.8,True,16.799999999999997,ok,cvae,2,42
645,60,83.47826086956522,True,23.47826086956522,ok,cvae,2,42
646,60,80.0,True,20.0,ok,cvae,2,42
647,60,80.0,True,20.0,ok,cvae,2,42
648,60,83.47826086956522,True,23.47826086956522,ok,cvae,2,42
649,60,68.57142857142857,True,8.57142857142857,ok,cvae,2,42
650,60,54.857142857142854,True,5.142857142857146,ok,cvae,2,42
651,60,52.602739726027394,True,7.397260273972606,ok,cvae,2,42
652,60,61.44,True,1.4399999999999977,ok,cvae,2,42
653,60,91.42857142857143,True,31.42857142857143,ok,cvae,2,42
654,60,73.84615384615384,True,13.84615384615384,ok,cvae,2,42
655,60,83.47826086956522,True,23.47826086956522,ok,cvae,2,42
656,60,67.36842105263158,True,7.368421052631575,ok,cvae,2,42
657,60,83.47826086956522,True,23.47826086956522,ok,cvae,2,42
658,60,75.29411764705883,True,15.294117647058826,ok,cvae,2,42
659,60,81.70212765957447,True,21.702127659574472,ok,cvae,2,42
660,60,76.8,True,16.799999999999997,ok,cvae,2,42
661,60,83.47826086956522,True,23.47826086956522,ok,cvae,2,42
662,60,73.84615384615384,True,13.84615384615384,ok,cvae,2,42
663,60,71.11111111111111,True,11.111111111111114,ok,cvae,2,42
664,60,80.0,True,20.0,ok,cvae,2,42
665,60,75.29411764705883,True,15.294117647058826,ok,cvae,2,42
666,60,72.45283018867924,True,12.452830188679243,ok,cvae,2,42
667,60,76.8,True,16.799999999999997,ok,cvae,2,42
668,60,87.27272727272727,True,27.272727272727266,ok,cvae,2,42
669,60,87.27272727272727,True,27.272727272727266,ok,cvae,2,42
670,60,62.950819672131146,True,2.9508196721311464,ok,cvae,2,42
671,60,68.57142857142857,True,8.57142857142857,ok,cvae,2,42
672,60,83.47826086956522,True,23.47826086956522,ok,cvae,2,42
673,60,71.11111111111111,True,11.111111111111114,ok,cvae,2,42
674,60,71.11111111111111,True,11.111111111111114,ok,cvae,2,42
675,60,73.84615384615384,True,13.84615384615384,ok,cvae,2,42
676,60,64.0,True,4.0,ok,cvae,2,42
677,60,80.0,True,20.0,ok,cvae,2,42
678,60,71.11111111111111,True,11.111111111111114,ok,cvae,2,42
679,60,73.84615384615384,True,13.84615384615384,ok,cvae,2,42
680,60,64.53781512605042,True,4.537815126050418,ok,cvae,2,42
681,60,79.17525773195877,True,19.175257731958766,ok,cvae,2,42
682,60,80.0,True,20.0,ok,cvae,2,42
683,60,83.47826086956522,True,23.47826086956522,ok,cvae,2,42
684,60,86.29213483146067,True,26.29213483146067,ok,cvae,2,42
685,60,76.8,True,16.799999999999997,ok,cvae,2,42
686,60,64.0,True,4.0,ok,cvae,2,42
687,60,81.70212765957447,True,21.702127659574472,ok,cvae,2,42
688,60,85.33333333333333,True,25.33333333333333,ok,cvae,2,42
689,60,87.27272727272727,True,27.272727272727266,ok,cvae,2,42
690,60,68.57142857142857,True,8.57142857142857,ok,cvae,2,42
691,60,80.0,True,20.0,ok,cvae,2,42
692,60,96.0,True,36.0,ok,cvae,2,42
693,60,91.42857142857143,True,31.42857142857143,ok,cvae,2,42
694,60,66.20689655172414,True,6.206896551724142,ok,cvae,2,42
695,60,87.27272727272727,True,27.272727272727266,ok,cvae,2,42
696,60,73.84615384615384,True,13.84615384615384,ok,cvae,2,42
697,60,83.47826086956522,True,23.47826086956522,ok,cvae,2,42
698,60,68.57142857142857,True,8.57142857142857,ok,cvae,2,42
699,60,69.81818181818181,True,9.818181818181813,ok,cvae,2,42
700,60,64.0,True,4.0,ok,cvae,2,42
701,60,83.47826086956522,True,23.47826086956522,ok,cvae,2,42
702,60,87.27272727272727,True,27.272727272727266,ok,cvae,2,42
703,60,87.27272727272727,True,27.272727272727266,ok,cvae,2,42
704,60,68.57142857142857,True,8.57142857142857,ok,cvae,2,42
705,60,85.33333333333333,True,25.33333333333333,ok,cvae,2,42
706,60,87.27272727272727,True,27.272727272727266,ok,cvae,2,42
707,60,60.0,True,0.0,ok,cvae,2,42
708,60,69.81818181818181,True,9.818181818181813,ok,cvae,2,42
709,60,79.17525773195877,True,19.175257731958766,ok,cvae,2,42
710,60,68.57142857142857,True,8.57142857142857,ok,cvae,2,42
711,60,89.30232558139535,True,29.30232558139535,ok,cvae,2,42
712,60,96.0,True,36.0,ok,cvae,2,42
713,60,80.0,True,20.0,ok,cvae,2,42
714,60,83.47826086956522,True,23.47826086956522,ok,cvae,2,42
715,60,72.45283018867924,True,12.452830188679243,ok,cvae,2,42
716,60,87.27272727272727,True,27.272727272727266,ok,cvae,2,42
717,60,80.0,True,20.0,ok,cvae,2,42
718,60,65.08474576271186,True,5.0847457627118615,ok,cvae,2,42
719,60,80.0,True,20.0,ok,cvae,2,42
720,60,73.14285714285714,True,13.142857142857139,ok,cvae,2,42
721,60,91.42857142857143,True,31.42857142857143,ok,cvae,2,42
722,60,66.20689655172414,True,6.206896551724142,ok,cvae,2,42
723,60,83.47826086956522,True,23.47826086956522,ok,cvae,2,42
724,60,57.3134328358209,True,2.6865671641791025,ok,cvae,2,42
725,60,80.0,True,20.0,ok,cvae,2,42
726,60,68.57142857142857,True,8.57142857142857,ok,cvae,2,42
727,60,87.27272727272727,True,27.272727272727266,ok,cvae,2,42
728,60,76.8,True,16.799999999999997,ok,cvae,2,42
729,60,71.11111111111111,True,11.111111111111114,ok,cvae,2,42
730,60,83.47826086956522,True,23.47826086956522,ok,cvae,2,42
731,60,73.84615384615384,True,13.84615384615384,ok,cvae,2,42
732,60,74.5631067961165,True,14.5631067961165,ok,cvae,2,42
733,60,87.27272727272727,True,27.272727272727266,ok,cvae,2,42
734,60,72.45283018867924,True,12.452830188679243,ok,cvae,2,42
735,60,62.950819672131146,True,2.9508196721311464,ok,cvae,2,42
736,60,80.0,True,20.0,ok,cvae,2,42
737,60,61.935483870967744,True,1.9354838709677438,ok,cvae,2,42
738,60,62.950819672131146,True,2.9508196721311464,ok,cvae,2,42
739,60,80.0,True,20.0,ok,cvae,2,42
740,60,76.8,True,16.799999999999997,ok,cvae,2,42
741,60,85.33333333333333,True,25.33333333333333,ok,cvae,2,42
742,60,83.47826086956522,True,23.47826086956522,ok,cvae,2,42
743,60,91.42857142857143,True,31.42857142857143,ok,cvae,2,42
744,60,73.84615384615384,True,13.84615384615384,ok,cvae,2,42
745,60,91.42857142857143,True,31.42857142857143,ok,cvae,2,42
746,60,91.42857142857143,True,31.42857142857143,ok,cvae,2,42
747,60,80.0,True,20.0,ok,cvae,2,42
748,60,93.65853658536585,True,33.65853658536585,ok,cvae,2,42
749,60,83.47826086956522,True,23.47826086956522,ok,cvae,2,42
750,60,85.33333333333333,True,25.33333333333333,ok,cvae,2,42
751,60,80.0,True,20.0,ok,cvae,2,42
752,60,85.33333333333333,True,25.33333333333333,ok,cvae,2,42
753,60,72.45283018867924,True,12.452830188679243,ok,cvae,2,42
754,60,75.29411764705883,True,15.294117647058826,ok,cvae,2,42
755,60,91.42857142857143,True,31.42857142857143,ok,cvae,2,42
756,60,91.42857142857143,True,31.42857142857143,ok,cvae,2,42
757,60,67.36842105263158,True,7.368421052631575,ok,cvae,2,42
758,60,80.0,True,20.0,ok,cvae,2,42
759,60,76.8,True,16.799999999999997,ok,cvae,2,42
760,60,83.47826086956522,True,23.47826086956522,ok,cvae,2,42
761,60,76.8,True,16.799999999999997,ok,cvae,2,42
762,60,73.84615384615384,True,13.84615384615384,ok,cvae,2,42
763,60,83.47826086956522,True,23.47826086956522,ok,cvae,2,42
764,60,87.27272727272727,True,27.272727272727266,ok,cvae,2,42
765,60,68.57142857142857,True,8.57142857142857,ok,cvae,2,42
766,60,80.0,True,20.0,ok,cvae,2,42
767,60,83.47826086956522,True,23.47826086956522,ok,cvae,2,42
768,60,89.30232558139535,True,29.30232558139535,ok,cvae,2,42
769,60,68.57142857142857,True,8.57142857142857,ok,cvae,2,42
770,60,73.84615384615384,True,13.84615384615384,ok,cvae,2,42
771,60,90.3529411764706,True,30.352941176470594,ok,cvae,2,42
772,60,80.0,True,20.0,ok,cvae,2,42
773,60,83.47826086956522,True,23.47826086956522,ok,cvae,2,42
774,60,81.70212765957447,True,21.702127659574472,ok,cvae,2,42
775,60,76.8,True,16.799999999999997,ok,cvae,2,42
776,60,74.5631067961165,True,14.5631067961165,ok,cvae,2,42
777,60,78.36734693877551,True,18.367346938775512,ok,cvae,2,42
778,60,73.84615384615384,True,13.84615384615384,ok,cvae,2,42
779,60,58.18181818181818,True,1.8181818181818201,ok,cvae,2,42
780,60,71.11111111111111,True,11.111111111111114,ok,cvae,2,42
781,60,75.29411764705883,True,15.294117647058826,ok,cvae,2,42
782,60,73.84615384615384,True,13.84615384615384,ok,cvae,2,42
783,60,83.47826086956522,True,23.47826086956522,ok,cvae,2,42
784,60,80.0,True,20.0,ok,cvae,2,42
785,60,62.950819672131146,True,2.9508196721311464,ok,cvae,2,42
786,60,98.46153846153847,True,38.46153846153847,ok,cvae,2,42
787,60,71.11111111111111,True,11.111111111111114,ok,cvae,2,42
788,60,74.5631067961165,True,14.5631067961165,ok,cvae,2,42
789,60,84.3956043956044,True,24.395604395604394,ok,cvae,2,42
790,60,66.20689655172414,True,6.206896551724142,ok,cvae,2,42
791,60,76.8,True,16.799999999999997,ok,cvae,2,42
792,60,83.47826086956522,True,23.47826086956522,ok,cvae,2,42
793,60,83.47826086956522,True,23.47826086956522,ok,cvae,2,42
794,60,61.935483870967744,True,1.9354838709677438,ok,cvae,2,42
795,60,80.0,True,20.0,ok,cvae,2,42
796,60,91.42857142857143,True,31.42857142857143,ok,cvae,2,42
797,60,76.8,True,16.799999999999997,ok,cvae,2,42
798,60,73.84615384615384,True,13.84615384615384,ok,cvae,2,42
799,60,80.0,True,20.0,ok,cvae,2,42
800,60,83.47826086956522,True,23.47826086956522,ok,cvae,2,42
801,60,67.36842105263158,True,7.368421052631575,ok,cvae,2,42
802,60,85.33333333333333,True,25.33333333333333,ok,cvae,2,42
803,60,83.47826086956522,True,23.47826086956522,ok,cvae,2,42
804,60,83.47826086956522,True,23.47826086956522,ok,cvae,2,42
805,60,70.45871559633028,True,10.45871559633028,ok,cvae,2,42
806,60,81.70212765957447,True,21.702127659574472,ok,cvae,2,42
807,60,76.8,True,16.799999999999997,ok,cvae,2,42
808,60,73.84615384615384,True,13.84615384615384,ok,cvae,2,42
809,60,87.27272727272727,True,27.272727272727266,ok,cvae,2,42
810,60,66.20689655172414,True,6.206896551724142,ok,cvae,2,42
811,60,87.27272727272727,True,27.272727272727266,ok,cvae,2,42
812,60,96.0,True,36.0,ok,cvae,2,42
813,60,80.0,True,20.0,ok,cvae,2,42
814,60,73.84615384615384,True,13.84615384615384,ok,cvae,2,42
815,60,76.8,True,16.799999999999997,ok,cvae,2,42
816,60,87.27272727272727,True,27.272727272727266,ok,cvae,2,42
817,60,73.84615384615384,True,13.84615384615384,ok,cvae,2,42
818,60,76.8,True,16.799999999999997,ok,cvae,2,42
819,60,87.27272727272727,True,27.272727272727266,ok,cvae,2,42
820,60,62.4390243902439,True,2.439024390243901,ok,cvae,2,42
821,60,69.81818181818181,True,9.818181818181813,ok,cvae,2,42
822,60,85.33333333333333,True,25.33333333333333,ok,cvae,2,42
823,60,83.47826086956522,True,23.47826086956522,ok,cvae,2,42
824,60,85.33333333333333,True,25.33333333333333,ok,cvae,2,42
825,60,80.0,True,20.0,ok,cvae,2,42
826,60,71.11111111111111,True,11.111111111111114,ok,cvae,2,42
827,60,87.27272727272727,True,27.272727272727266,ok,cvae,2,42
828,60,60.0,True,0.0,ok,cvae,2,42
829,60,75.29411764705883,True,15.294117647058826,ok,cvae,2,42
830,60,75.29411764705883,True,15.294117647058826,ok,cvae,2,42
831,60,76.8,True,16.799999999999997,ok,cvae,2,42
832,60,77.57575757575758,True,17.575757575757578,ok,cvae,2,42
833,60,80.84210526315789,True,20.84210526315789,ok,cvae,2,42
834,60,83.47826086956522,True,23.47826086956522,ok,cvae,2,42
835,60,71.11111111111111,True,11.111111111111114,ok,cvae,2,42
836,60,69.81818181818181,True,9.818181818181813,ok,cvae,2,42
837,60,81.70212765957447,True,21.702127659574472,ok,cvae,2,42
838,60,83.47826086956522,True,23.47826086956522,ok,cvae,2,42
839,60,65.08474576271186,True,5.0847457627118615,ok,cvae,2,42
840,60,73.84615384615384,True,13.84615384615384,ok,cvae,2,42
841,60,87.27272727272727,True,27.272727272727266,ok,cvae,2,42
842,60,87.27272727272727,True,27.272727272727266,ok,cvae,2,42
843,60,87.27272727272727,True,27.272727272727266,ok,cvae,2,42
844,60,89.30232558139535,True,29.30232558139535,ok,cvae,2,42
845,60,69.81818181818181,True,9.818181818181813,ok,cvae,2,42
846,60,83.47826086956522,True,23.47826086956522,ok,cvae,2,42
847,60,67.36842105263158,True,7.368421052631575,ok,cvae,2,42
848,60,80.0,True,20.0,ok,cvae,2,42
849,60,60.95238095238095,True,0.952380952380949,ok,cvae,2,42
850,60,73.84615384615384,True,13.84615384615384,ok,cvae,2,42
851,60,72.45283018867924,True,12.452830188679243,ok,cvae,2,42
852,60,73.84615384615384,True,13.84615384615384,ok,cvae,2,42
853,60,81.70212765957447,True,21.702127659574472,ok,cvae,2,42
854,60,71.11111111111111,True,11.111111111111114,ok,cvae,2,42
855,60,51.891891891891895,True,8.108108108108105,ok,cvae,2,42
856,60,76.8,True,16.799999999999997,ok,cvae,2,42
857,60,71.11111111111111,True,11.111111111111114,ok,cvae,2,42
858,60,73.84615384615384,True,13.84615384615384,ok,cvae,2,42
859,60,56.470588235294116,True,3.529411764705884,ok,cvae,2,42
860,60,85.33333333333333,True,25.33333333333333,ok,cvae,2,42
861,60,76.8,True,16.799999999999997,ok,cvae,2,42
862,60,75.29411764705883,True,15.294117647058826,ok,cvae,2,42
863,60,66.20689655172414,True,6.206896551724142,ok,cvae,2,42
864,60,71.11111111111111,True,11.111111111111114,ok,cvae,2,42
865,60,80.0,True,20.0,ok,cvae,2,42
866,60,74.5631067961165,True,14.5631067961165,ok,cvae,2,42
867,60,78.36734693877551,True,18.367346938775512,ok,cvae,2,42
868,60,80.0,True,20.0,ok,cvae,2,42
869,60,68.57142857142857,True,8.57142857142857,ok,cvae,2,42
870,60,80.0,True,20.0,ok,cvae,2,42
871,60,75.29411764705883,True,15.294117647058826,ok,cvae,2,42
872,60,83.47826086956522,True,23.47826086956522,ok,cvae,2,42
873,60,67.36842105263158,True,7.368421052631575,ok,cvae,2,42
874,60,81.70212765957447,True,21.702127659574472,ok,cvae,2,42
875,60,78.36734693877551,True,18.367346938775512,ok,cvae,2,42
876,60,72.45283018867924,True,12.452830188679243,ok,cvae,2,42
877,60,76.8,True,16.799999999999997,ok,cvae,2,42
878,60,64.0,True,4.0,ok,cvae,2,42
879,60,73.84615384615384,True,13.84615384615384,ok,cvae,2,42
880,60,87.27272727272727,True,27.272727272727266,ok,cvae,2,42
881,60,66.20689655172414,True,6.206896551724142,ok,cvae,2,42
882,60,85.33333333333333,True,25.33333333333333,ok,cvae,2,42
883,60,80.0,True,20.0,ok,cvae,2,42
884,60,77.57575757575758,True,17.575757575757578,ok,cvae,2,42
885,60,77.57575757575758,True,17.575757575757578,ok,cvae,2,42
886,60,73.84615384615384,True,13.84615384615384,ok,cvae,2,42
887,60,96.0,True,36.0,ok,cvae,2,42
888,60,68.57142857142857,True,8.57142857142857,ok,cvae,2,42
889,60,76.8,True,16.799999999999997,ok,cvae,2,42
890,60,64.0,True,4.0,ok,cvae,2,42
891,60,75.29411764705883,True,15.294117647058826,ok,cvae,2,42
892,60,78.36734693877551,True,18.367346938775512,ok,cvae,2,42
893,60,76.8,True,16.799999999999997,ok,cvae,2,42
894,60,65.64102564102564,True,5.641025641025635,ok,cvae,2,42
895,60,71.11111111111111,True,11.111111111111114,ok,cvae,2,42
896,60,87.27272727272727,True,27.272727272727266,ok,cvae,2,42
897,60,80.0,True,20.0,ok,cvae,2,42
898,60,81.70212765957447,True,21.702127659574472,ok,cvae,2,42
899,60,65.08474576271186,True,5.0847457627118615,ok,cvae,2,42
900,60,76.8,True,16.799999999999997,ok,cvae,2,42
901,60,78.36734693877551,True,18.367346938775512,ok,cvae,2,42
902,60,76.8,True,16.799999999999997,ok,cvae,2,42
903,60,91.42857142857143,True,31.42857142857143,ok,cvae,2,42
904,60,63.47107438016529,True,3.471074380165291,ok,cvae,2,42
905,60,80.0,True,20.0,ok,cvae,2,42
906,60,72.45283018867924,True,12.452830188679243,ok,cvae,2,42
907,60,76.8,True,16.799999999999997,ok,cvae,2,42
908,60,70.45871559633028,True,10.45871559633028,ok,cvae,2,42
909,60,76.8,True,16.799999999999997,ok,cvae,2,42
910,60,87.27272727272727,True,27.272727272727266,ok,cvae,2,42
911,60,69.81818181818181,True,9.818181818181813,ok,cvae,2,42
912,60,89.30232558139535,True,29.30232558139535,ok,cvae,2,42
913,60,62.4390243902439,True,2.439024390243901,ok,cvae,2,42
914,60,85.33333333333333,True,25.33333333333333,ok,cvae,2,42
915,60,88.27586206896552,True,28.275862068965523,ok,cvae,2,42
916,60,76.8,True,16.799999999999997,ok,cvae,2,42
917,60,73.84615384615384,True,13.84615384615384,ok,cvae,2,42
918,60,75.29411764705883,True,15.294117647058826,ok,cvae,2,42
919,60,71.11111111111111,True,11.111111111111114,ok,cvae,2,42
920,60,71.11111111111111,True,11.111111111111114,ok,cvae,2,42
921,60,76.8,True,16.799999999999997,ok,cvae,2,42
922,60,87.27272727272727,True,27.272727272727266,ok,cvae,2,42
923,60,67.36842105263158,True,7.368421052631575,ok,cvae,2,42
924,60,76.8,True,16.799999999999997,ok,cvae,2,42
925,60,76.8,True,16.799999999999997,ok,cvae,2,42
926,60,77.57575757575758,True,17.575757575757578,ok,cvae,2,42
927,60,83.47826086956522,True,23.47826086956522,ok,cvae,2,42
928,60,76.8,True,16.799999999999997,ok,cvae,2,42
929,60,81.70212765957447,True,21.702127659574472,ok,cvae,2,42
930,60,80.0,True,20.0,ok,cvae,2,42
931,60,83.47826086956522,True,23.47826086956522,ok,cvae,2,42
932,60,73.84615384615384,True,13.84615384615384,ok,cvae,2,42
933,60,78.36734693877551,True,18.367346938775512,ok,cvae,2,42
934,60,60.0,True,0.0,ok,cvae,2,42
935,60,69.81818181818181,True,9.818181818181813,ok,cvae,2,42
936,60,72.45283018867924,True,12.452830188679243,ok,cvae,2,42
937,60,80.0,True,20.0,ok,cvae,2,42
938,60,80.0,True,20.0,ok,cvae,2,42
939,60,83.47826086956522,True,23.47826086956522,ok,cvae,2,42
940,60,85.33333333333333,True,25.33333333333333,ok,cvae,2,42
941,60,73.84615384615384,True,13.84615384615384,ok,cvae,2,42
942,60,75.29411764705883,True,15.294117647058826,ok,cvae,2,42
943,60,65.08474576271186,True,5.0847457627118615,ok,cvae,2,42
944,60,96.0,True,36.0,ok,cvae,2,42
945,60,73.84615384615384,True,13.84615384615384,ok,cvae,2,42
946,60,69.1891891891892,True,9.189189189189193,ok,cvae,2,42
947,60,79.17525773195877,True,19.175257731958766,ok,cvae,2,42
948,60,76.8,True,16.799999999999997,ok,cvae,2,42
949,60,73.84615384615384,True,13.84615384615384,ok,cvae,2,42
950,60,80.0,True,20.0,ok,cvae,2,42
951,60,73.84615384615384,True,13.84615384615384,ok,cvae,2,42
952,60,79.17525773195877,True,19.175257731958766,ok,cvae,2,42
953,60,76.8,True,16.799999999999997,ok,cvae,2,42
954,60,79.17525773195877,True,19.175257731958766,ok,cvae,2,42
955,60,80.0,True,20.0,ok,cvae,2,42
956,60,87.27272727272727,True,27.272727272727266,ok,cvae,2,42
957,60,76.8,True,16.799999999999997,ok,cvae,2,42
958,60,77.57575757575758,True,17.575757575757578,ok,cvae,2,42
959,60,53.333333333333336,True,6.666666666666664,ok,cvae,2,42
960,60,83.47826086956522,True,23.47826086956522,ok,cvae,2,42
961,60,83.47826086956522,True,23.47826086956522,ok,cvae,2,42
962,60,83.47826086956522,True,23.47826086956522,ok,cvae,2,42
963,60,80.0,True,20.0,ok,cvae,2,42
964,60,76.8,True,16.799999999999997,ok,cvae,2,42
965,60,72.45283018867924,True,12.452830188679243,ok,cvae,2,42
966,60,83.47826086956522,True,23.47826086956522,ok,cvae,2,42
967,60,80.84210526315789,True,20.84210526315789,ok,cvae,2,42
968,60,72.45283018867924,True,12.452830188679243,ok,cvae,2,42
969,60,83.47826086956522,True,23.47826086956522,ok,cvae,2,42
970,60,68.57142857142857,True,8.57142857142857,ok,cvae,2,42
971,60,76.03960396039604,True,16.039603960396036,ok,cvae,2,42
972,60,83.47826086956522,True,23.47826086956522,ok,cvae,2,42
973,60,76.8,True,16.799999999999997,ok,cvae,2,42
974,60,73.84615384615384,True,13.84615384615384,ok,cvae,2,42
975,60,78.36734693877551,True,18.367346938775512,ok,cvae,2,42
976,60,83.47826086956522,True,23.47826086956522,ok,cvae,2,42
977,60,78.36734693877551,True,18.367346938775512,ok,cvae,2,42
978,60,90.3529411764706,True,30.352941176470594,ok,cvae,2,42
979,60,83.47826086956522,True,23.47826086956522,ok,cvae,2,42
980,60,65.08474576271186,True,5.0847457627118615,ok,cvae,2,42
981,60,73.84615384615384,True,13.84615384615384,ok,cvae,2,42
982,60,83.47826086956522,True,23.47826086956522,ok,cvae,2,42
983,60,63.47107438016529,True,3.471074380165291,ok,cvae,2,42
984,60,83.47826086956522,True,23.47826086956522,ok,cvae,2,42
985,60,85.33333333333333,True,25.33333333333333,ok,cvae,2,42
986,60,67.36842105263158,True,7.368421052631575,ok,cvae,2,42
987,60,83.47826086956522,True,23.47826086956522,ok,cvae,2,42
988,60,67.36842105263158,True,7.368421052631575,ok,cvae,2,42
989,60,85.33333333333333,True,25.33333333333333,ok,cvae,2,42
990,60,72.45283018867924,True,12.452830188679243,ok,cvae,2,42
991,60,68.57142857142857,True,8.57142857142857,ok,cvae,2,42
992,60,77.57575757575758,True,17.575757575757578,ok,cvae,2,42
993,60,85.33333333333333,True,25.33333333333333,ok,cvae,2,42
994,60,78.36734693877551,True,18.367346938775512,ok,cvae,2,42
995,60,72.45283018867924,True,12.452830188679243,ok,cvae,2,42
996,60,76.8,True,16.799999999999997,ok,cvae,2,42
997,60,65.08474576271186,True,5.0847457627118615,ok,cvae,2,42
998,60,80.0,True,20.0,ok,cvae,2,42
999,60,72.45283018867924,True,12.452830188679243,ok,cvae,2,42
0,80,77.57575757575758,True,2.424242424242422,ok,cvae,2,42
1,80,74.5631067961165,True,5.4368932038835,ok,cvae,2,42
2,80,69.81818181818181,True,10.181818181818187,ok,cvae,2,42
3,80,65.64102564102564,True,14.358974358974365,ok,cvae,2,42
4,80,80.0,True,0.0,ok,cvae,2,42
5,80,85.33333333333333,True,5.333333333333329,ok,cvae,2,42
6,80,64.0,True,16.0,ok,cvae,2,42
7,80,73.84615384615384,True,6.15384615384616,ok,cvae,2,42
8,80,71.11111111111111,True,8.888888888888886,ok,cvae,2,42
9,80,93.65853658536585,True,13.658536585365852,ok,cvae,2,42
10,80,79.17525773195877,True,0.8247422680412342,ok,cvae,2,42
11,80,80.84210526315789,True,0.8421052631578902,ok,cvae,2,42
12,80,85.33333333333333,True,5.333333333333329,ok,cvae,2,42
13,80,80.0,True,0.0,ok,cvae,2,42
14,80,71.11111111111111,True,8.888888888888886,ok,cvae,2,42
15,80,78.36734693877551,True,1.632653061224488,ok,cvae,2,42
16,80,73.84615384615384,True,6.15384615384616,ok,cvae,2,42
17,80,84.3956043956044,True,4.395604395604394,ok,cvae,2,42
18,80,75.29411764705883,True,4.705882352941174,ok,cvae,2,42
19,80,77.57575757575758,True,2.424242424242422,ok,cvae,2,42
20,80,77.57575757575758,True,2.424242424242422,ok,cvae,2,42
21,80,81.70212765957447,True,1.7021276595744723,ok,cvae,2,42
22,80,91.42857142857143,True,11.42857142857143,ok,cvae,2,42
23,80,80.0,True,0.0,ok,cvae,2,42
24,80,83.47826086956522,True,3.4782608695652186,ok,cvae,2,42
25,80,71.11111111111111,True,8.888888888888886,ok,cvae,2,42
26,80,71.11111111111111,True,8.888888888888886,ok,cvae,2,42
27,80,67.36842105263158,True,12.631578947368425,ok,cvae,2,42
28,80,87.27272727272727,True,7.272727272727266,ok,cvae,2,42
29,80,68.57142857142857,True,11.42857142857143,ok,cvae,2,42
30,80,67.36842105263158,True,12.631578947368425,ok,cvae,2,42
31,80,80.0,True,0.0,ok,cvae,2,42
32,80,78.36734693877551,True,1.632653061224488,ok,cvae,2,42
33,80,87.27272727272727,True,7.272727272727266,ok,cvae,2,42
34,80,83.47826086956522,True,3.4782608695652186,ok,cvae,2,42
35,80,69.81818181818181,True,10.181818181818187,ok,cvae,2,42
36,80,78.36734693877551,True,1.632653061224488,ok,cvae,2,42
37,80,75.29411764705883,True,4.705882352941174,ok,cvae,2,42
38,80,80.0,True,0.0,ok,cvae,2,42
39,80,76.8,True,3.200000000000003,ok,cvae,2,42
40,80,87.27272727272727,True,7.272727272727266,ok,cvae,2,42
41,80,81.70212765957447,True,1.7021276595744723,ok,cvae,2,42
42,80,71.11111111111111,True,8.888888888888886,ok,cvae,2,42
43,80,74.5631067961165,True,5.4368932038835,ok,cvae,2,42
44,80,80.0,True,0.0,ok,cvae,2,42
45,80,80.0,True,0.0,ok,cvae,2,42
46,80,80.0,True,0.0,ok,cvae,2,42
47,80,71.11111111111111,True,8.888888888888886,ok,cvae,2,42
48,80,75.29411764705883,True,4.705882352941174,ok,cvae,2,42
49,80,80.0,True,0.0,ok,cvae,2,42
50,80,69.1891891891892,True,10.810810810810807,ok,cvae,2,42
51,80,81.70212765957447,True,1.7021276595744723,ok,cvae,2,42
52,80,65.08474576271186,True,14.915254237288138,ok,cvae,2,42
53,80,87.27272727272727,True,7.272727272727266,ok,cvae,2,42
54,80,77.57575757575758,True,2.424242424242422,ok,cvae,2,42
55,80,74.5631067961165,True,5.4368932038835,ok,cvae,2,42
56,80,69.81818181818181,True,10.181818181818187,ok,cvae,2,42
57,80,81.70212765957447,True,1.7021276595744723,ok,cvae,2,42
58,80,80.0,True,0.0,ok,cvae,2,42
59,80,80.0,True,0.0,ok,cvae,2,42
60,80,53.333333333333336,True,26.666666666666664,ok,cvae,2,42
61,80,82.58064516129032,True,2.5806451612903203,ok,cvae,2,42
62,80,79.17525773195877,True,0.8247422680412342,ok,cvae,2,42
63,80,75.29411764705883,True,4.705882352941174,ok,cvae,2,42
64,80,76.8,True,3.200000000000003,ok,cvae,2,42
65,80,76.8,True,3.200000000000003,ok,cvae,2,42
66,80,80.84210526315789,True,0.8421052631578902,ok,cvae,2,42
67,80,80.0,True,0.0,ok,cvae,2,42
68,80,64.53781512605042,True,15.462184873949582,ok,cvae,2,42
69,80,81.70212765957447,True,1.7021276595744723,ok,cvae,2,42
70,80,81.70212765957447,True,1.7021276595744723,ok,cvae,2,42
71,80,66.20689655172414,True,13.793103448275858,ok,cvae,2,42
72,80,73.84615384615384,True,6.15384615384616,ok,cvae,2,42
73,80,68.57142857142857,True,11.42857142857143,ok,cvae,2,42
74,80,77.57575757575758,True,2.424242424242422,ok,cvae,2,42
75,80,85.33333333333333,True,5.333333333333329,ok,cvae,2,42
76,80,78.36734693877551,True,1.632653061224488,ok,cvae,2,42
77,80,75.29411764705883,True,4.705882352941174,ok,cvae,2,42
78,80,75.29411764705883,True,4.705882352941174,ok,cvae,2,42
79,80,71.77570093457943,True,8.224299065420567,ok,cvae,2,42
80,80,52.602739726027394,True,27.397260273972606,ok,cvae,2,42
81,80,81.70212765957447,True,1.7021276595744723,ok,cvae,2,42
82,80,76.8,True,3.200000000000003,ok,cvae,2,42
83,80,64.0,True,16.0,ok,cvae,2,42
84,80,80.0,True,0.0,ok,cvae,2,42
85,80,74.5631067961165,True,5.4368932038835,ok,cvae,2,42
86,80,73.84615384615384,True,6.15384615384616,ok,cvae,2,42
87,80,80.0,True,0.0,ok,cvae,2,42
88,80,79.17525773195877,True,0.8247422680412342,ok,cvae,2,42
89,80,80.0,True,0.0,ok,cvae,2,42
90,80,65.08474576271186,True,14.915254237288138,ok,cvae,2,42
91,80,85.33333333333333,True,5.333333333333329,ok,cvae,2,42
92,80,76.8,True,3.200000000000003,ok,cvae,2,42
93,80,80.0,True,0.0,ok,cvae,2,42
94,80,60.95238095238095,True,19.04761904761905,ok,cvae,2,42
95,80,86.29213483146067,True,6.292134831460672,ok,cvae,2,42
96,80,60.95238095238095,True,19.04761904761905,ok,cvae,2,42
97,80,81.70212765957447,True,1.7021276595744723,ok,cvae,2,42
98,80,78.36734693877551,True,1.632653061224488,ok,cvae,2,42
99,80,72.45283018867924,True,7.547169811320757,ok,cvae,2,42
100,80,73.84615384615384,True,6.15384615384616,ok,cvae,2,42
101,80,82.58064516129032,True,2.5806451612903203,ok,cvae,2,42
102,80,76.03960396039604,True,3.960396039603964,ok,cvae,2,42
103,80,60.0,True,20.0,ok,cvae,2,42
104,80,78.36734693877551,True,1.632653061224488,ok,cvae,2,42
105,80,69.81818181818181,True,10.181818181818187,ok,cvae,2,42
106,80,51.2,True,28.799999999999997,ok,cvae,2,42
107,80,66.20689655172414,True,13.793103448275858,ok,cvae,2,42
108,80,80.0,True,0.0,ok,cvae,2,42
109,80,78.36734693877551,True,1.632653061224488,ok,cvae,2,42
110,80,78.36734693877551,True,1.632653061224488,ok,cvae,2,42
111,80,75.29411764705883,True,4.705882352941174,ok,cvae,2,42
112,80,66.78260869565217,True,13.217391304347828,ok,cvae,2,42
113,80,68.57142857142857,True,11.42857142857143,ok,cvae,2,42
114,80,85.33333333333333,True,5.333333333333329,ok,cvae,2,42
115,80,64.0,True,16.0,ok,cvae,2,42
116,80,71.11111111111111,True,8.888888888888886,ok,cvae,2,42
117,80,69.1891891891892,True,10.810810810810807,ok,cvae,2,42
118,80,81.70212765957447,True,1.7021276595744723,ok,cvae,2,42
119,80,73.14285714285714,True,6.857142857142861,ok,cvae,2,42
120,80,79.17525773195877,True,0.8247422680412342,ok,cvae,2,42
121,80,64.0,True,16.0,ok,cvae,2,42
122,80,66.20689655172414,True,13.793103448275858,ok,cvae,2,42
123,80,75.29411764705883,True,4.705882352941174,ok,cvae,2,42
124,80,87.27272727272727,True,7.272727272727266,ok,cvae,2,42
125,80,81.70212765957447,True,1.7021276595744723,ok,cvae,2,42
126,80,68.57142857142857,True,11.42857142857143,ok,cvae,2,42
127,80,78.36734693877551,True,1.632653061224488,ok,cvae,2,42
128,80,75.29411764705883,True,4.705882352941174,ok,cvae,2,42
129,80,80.84210526315789,True,0.8421052631578902,ok,cvae,2,42
130,80,81.70212765957447,True,1.7021276595744723,ok,cvae,2,42
131,80,80.0,True,0.0,ok,cvae,2,42
132,80,73.84615384615384,True,6.15384615384616,ok,cvae,2,42
133,80,71.77570093457943,True,8.224299065420567,ok,cvae,2,42
134,80,78.36734693877551,True,1.632653061224488,ok,cvae,2,42
135,80,86.29213483146067,True,6.292134831460672,ok,cvae,2,42
136,80,80.0,True,0.0,ok,cvae,2,42
137,80,59.07692307692308,True,20.92307692307692,ok,cvae,2,42
138,80,78.36734693877551,True,1.632653061224488,ok,cvae,2,42
139,80,72.45283018867924,True,7.547169811320757,ok,cvae,2,42
140,80,71.77570093457943,True,8.224299065420567,ok,cvae,2,42
141,80,77.57575757575758,True,2.424242424242422,ok,cvae,2,42
142,80,80.0,True,0.0,ok,cvae,2,42
143,80,75.29411764705883,True,4.705882352941174,ok,cvae,2,42
144,80,73.84615384615384,True,6.15384615384616,ok,cvae,2,42
145,80,83.47826086956522,True,3.4782608695652186,ok,cvae,2,42
146,80,75.29411764705883,True,4.705882352941174,ok,cvae,2,42
147,80,71.11111111111111,True,8.888888888888886,ok,cvae,2,42
148,80,87.27272727272727,True,7.272727272727266,ok,cvae,2,42
149,80,71.11111111111111,True,8.888888888888886,ok,cvae,2,42
150,80,80.0,True,0.0,ok,cvae,2,42
151,80,80.0,True,0.0,ok,cvae,2,42
152,80,89.30232558139535,True,9.302325581395351,ok,cvae,2,42
153,80,75.29411764705883,True,4.705882352941174,ok,cvae,2,42
154,80,68.57142857142857,True,11.42857142857143,ok,cvae,2,42
155,80,79.17525773195877,True,0.8247422680412342,ok,cvae,2,42
156,80,77.57575757575758,True,2.424242424242422,ok,cvae,2,42
157,80,73.84615384615384,True,6.15384615384616,ok,cvae,2,42
158,80,82.58064516129032,True,2.5806451612903203,ok,cvae,2,42
159,80,66.20689655172414,True,13.793103448275858,ok,cvae,2,42
160,80,91.42857142857143,True,11.42857142857143,ok,cvae,2,42
161,80,69.81818181818181,True,10.181818181818187,ok,cvae,2,42
162,80,88.27586206896552,True,8.275862068965523,ok,cvae,2,42
163,80,76.8,True,3.200000000000003,ok,cvae,2,42
164,80,79.17525773195877,True,0.8247422680412342,ok,cvae,2,42
165,80,80.0,True,0.0,ok,cvae,2,42
166,80,64.0,True,16.0,ok,cvae,2,42
167,80,77.57575757575758,True,2.424242424242422,ok,cvae,2,42
168,80,67.96460176991151,True,12.03539823008849,ok,cvae,2,42
169,80,73.84615384615384,True,6.15384615384616,ok,cvae,2,42
170,80,80.0,True,0.0,ok,cvae,2,42
171,80,81.70212765957447,True,1.7021276595744723,ok,cvae,2,42
172,80,91.42857142857143,True,11.42857142857143,ok,cvae,2,42
173,80,66.20689655172414,True,13.793103448275858,ok,cvae,2,42
174,80,73.84615384615384,True,6.15384615384616,ok,cvae,2,42
175,80,72.45283018867924,True,7.547169811320757,ok,cvae,2,42
176,80,75.29411764705883,True,4.705882352941174,ok,cvae,2,42
177,80,80.0,True,0.0,ok,cvae,2,42
178,80,71.11111111111111,True,8.888888888888886,ok,cvae,2,42
179,80,73.14285714285714,True,6.857142857142861,ok,cvae,2,42
180,80,56.470588235294116,True,23.529411764705884,ok,cvae,2,42
181,80,80.0,True,0.0,ok,cvae,2,42
182,80,84.3956043956044,True,4.395604395604394,ok,cvae,2,42
183,80,61.935483870967744,True,18.064516129032256,ok,cvae,2,42
184,80,69.1891891891892,True,10.810810810810807,ok,cvae,2,42
185,80,68.57142857142857,True,11.42857142857143,ok,cvae,2,42
186,80,75.29411764705883,True,4.705882352941174,ok,cvae,2,42
187,80,72.45283018867924,True,7.547169811320757,ok,cvae,2,42
188,80,67.36842105263158,True,12.631578947368425,ok,cvae,2,42
189,80,81.70212765957447,True,1.7021276595744723,ok,cvae,2,42
190,80,69.81818181818181,True,10.181818181818187,ok,cvae,2,42
191,80,74.5631067961165,True,5.4368932038835,ok,cvae,2,42
192,80,74.5631067961165,True,5.4368932038835,ok,cvae,2,42
193,80,80.0,True,0.0,ok,cvae,2,42
194,80,81.70212765957447,True,1.7021276595744723,ok,cvae,2,42
195,80,60.0,True,20.0,ok,cvae,2,42
196,80,78.36734693877551,True,1.632653061224488,ok,cvae,2,42
197,80,85.33333333333333,True,5.333333333333329,ok,cvae,2,42
198,80,78.36734693877551,True,1.632653061224488,ok,cvae,2,42
199,80,80.0,True,0.0,ok,cvae,2,42
200,80,67.96460176991151,True,12.03539823008849,ok,cvae,2,42
201,80,65.08474576271186,True,14.915254237288138,ok,cvae,2,42
202,80,76.8,True,3.200000000000003,ok,cvae,2,42
203,80,76.8,True,3.200000000000003,ok,cvae,2,42
204,80,73.84615384615384,True,6.15384615384616,ok,cvae,2,42
205,80,81.70212765957447,True,1.7021276595744723,ok,cvae,2,42
206,80,81.70212765957447,True,1.7021276595744723,ok,cvae,2,42
207,80,61.44,True,18.560000000000002,ok,cvae,2,42
208,80,81.70212765957447,True,1.7021276595744723,ok,cvae,2,42
209,80,78.36734693877551,True,1.632653061224488,ok,cvae,2,42
210,80,58.18181818181818,True,21.81818181818182,ok,cvae,2,42
211,80,79.17525773195877,True,0.8247422680412342,ok,cvae,2,42
212,80,80.0,True,0.0,ok,cvae,2,42
213,80,74.5631067961165,True,5.4368932038835,ok,cvae,2,42
214,80,87.27272727272727,True,7.272727272727266,ok,cvae,2,42
215,80,75.29411764705883,True,4.705882352941174,ok,cvae,2,42
216,80,85.33333333333333,True,5.333333333333329,ok,cvae,2,42
217,80,83.47826086956522,True,3.4782608695652186,ok,cvae,2,42
218,80,74.5631067961165,True,5.4368932038835,ok,cvae,2,42
219,80,60.0,True,20.0,ok,cvae,2,42
220,80,83.47826086956522,True,3.4782608695652186,ok,cvae,2,42
221,80,71.77570093457943,True,8.224299065420567,ok,cvae,2,42
222,80,85.33333333333333,True,5.333333333333329,ok,cvae,2,42
223,80,71.11111111111111,True,8.888888888888886,ok,cvae,2,42
224,80,89.30232558139535,True,9.302325581395351,ok,cvae,2,42
225,80,64.0,True,16.0,ok,cvae,2,42
226,80,61.935483870967744,True,18.064516129032256,ok,cvae,2,42
227,80,76.8,True,3.200000000000003,ok,cvae,2,42
228,80,71.11111111111111,True,8.888888888888886,ok,cvae,2,42
229,80,76.8,True,3.200000000000003,ok,cvae,2,42
230,80,80.0,True,0.0,ok,cvae,2,42
231,80,80.0,True,0.0,ok,cvae,2,42
232,80,87.27272727272727,True,7.272727272727266,ok,cvae,2,42
233,80,81.70212765957447,True,1.7021276595744723,ok,cvae,2,42
234,80,80.0,True,0.0,ok,cvae,2,42
235,80,88.27586206896552,True,8.275862068965523,ok,cvae,2,42
236,80,73.84615384615384,True,6.15384615384616,ok,cvae,2,42
237,80,71.11111111111111,True,8.888888888888886,ok,cvae,2,42
238,80,76.8,True,3.200000000000003,ok,cvae,2,42
239,80,72.45283018867924,True,7.547169811320757,ok,cvae,2,42
240,80,67.36842105263158,True,12.631578947368425,ok,cvae,2,42
241,80,86.29213483146067,True,6.292134831460672,ok,cvae,2,42
242,80,73.84615384615384,True,6.15384615384616,ok,cvae,2,42
243,80,86.29213483146067,True,6.292134831460672,ok,cvae,2,42
244,80,80.0,True,0.0,ok,cvae,2,42
245,80,80.0,True,0.0,ok,cvae,2,42
246,80,60.0,True,20.0,ok,cvae,2,42
247,80,69.81818181818181,True,10.181818181818187,ok,cvae,2,42
248,80,81.70212765957447,True,1.7021276595744723,ok,cvae,2,42
249,80,79.17525773195877,True,0.8247422680412342,ok,cvae,2,42
250,80,55.65217391304348,True,24.347826086956523,ok,cvae,2,42
251,80,78.36734693877551,True,1.632653061224488,ok,cvae,2,42
252,80,73.84615384615384,True,6.15384615384616,ok,cvae,2,42
253,80,77.57575757575758,True,2.424242424242422,ok,cvae,2,42
254,80,92.53012048192771,True,12.53012048192771,ok,cvae,2,42
255,80,76.8,True,3.200000000000003,ok,cvae,2,42
256,80,68.57142857142857,True,11.42857142857143,ok,cvae,2,42
257,80,77.57575757575758,True,2.424242424242422,ok,cvae,2,42
258,80,75.29411764705883,True,4.705882352941174,ok,cvae,2,42
259,80,75.29411764705883,True,4.705882352941174,ok,cvae,2,42
260,80,78.36734693877551,True,1.632653061224488,ok,cvae,2,42
261,80,66.20689655172414,True,13.793103448275858,ok,cvae,2,42
262,80,80.0,True,0.0,ok,cvae,2,42
263,80,80.84210526315789,True,0.8421052631578902,ok,cvae,2,42
264,80,83.47826086956522,True,3.4782608695652186,ok,cvae,2,42
265,80,76.8,True,3.200000000000003,ok,cvae,2,42
266,80,73.84615384615384,True,6.15384615384616,ok,cvae,2,42
267,80,72.45283018867924,True,7.547169811320757,ok,cvae,2,42
268,80,81.70212765957447,True,1.7021276595744723,ok,cvae,2,42
269,80,80.0,True,0.0,ok,cvae,2,42
270,80,77.57575757575758,True,2.424242424242422,ok,cvae,2,42
271,80,93.65853658536585,True,13.658536585365852,ok,cvae,2,42
272,80,87.27272727272727,True,7.272727272727266,ok,cvae,2,42
273,80,84.3956043956044,True,4.395604395604394,ok,cvae,2,42
274,80,80.0,True,0.0,ok,cvae,2,42
275,80,80.0,True,0.0,ok,cvae,2,42
276,80,80.0,True,0.0,ok,cvae,2,42
277,80,76.8,True,3.200000000000003,ok,cvae,2,42
278,80,68.57142857142857,True,11.42857142857143,ok,cvae,2,42
279,80,80.0,True,0.0,ok,cvae,2,42
280,80,90.3529411764706,True,10.352941176470594,ok,cvae,2,42
281,80,69.81818181818181,True,10.181818181818187,ok,cvae,2,42
282,80,71.11111111111111,True,8.888888888888886,ok,cvae,2,42
283,80,79.17525773195877,True,0.8247422680412342,ok,cvae,2,42
284,80,81.70212765957447,True,1.7021276595744723,ok,cvae,2,42
285,80,76.8,True,3.200000000000003,ok,cvae,2,42
286,80,92.53012048192771,True,12.53012048192771,ok,cvae,2,42
287,80,90.3529411764706,True,10.352941176470594,ok,cvae,2,42
288,80,80.84210526315789,True,0.8421052631578902,ok,cvae,2,42
289,80,80.0,True,0.0,ok,cvae,2,42
290,80,78.36734693877551,True,1.632653061224488,ok,cvae,2,42
291,80,68.57142857142857,True,11.42857142857143,ok,cvae,2,42
292,80,83.47826086956522,True,3.4782608695652186,ok,cvae,2,42
293,80,80.0,True,0.0,ok,cvae,2,42
294,80,92.53012048192771,True,12.53012048192771,ok,cvae,2,42
295,80,83.47826086956522,True,3.4782608695652186,ok,cvae,2,42
296,80,73.84615384615384,True,6.15384615384616,ok,cvae,2,42
297,80,58.18181818181818,True,21.81818181818182,ok,cvae,2,42
298,80,60.0,True,20.0,ok,cvae,2,42
299,80,75.29411764705883,True,4.705882352941174,ok,cvae,2,42
300,80,61.935483870967744,True,18.064516129032256,ok,cvae,2,42
301,80,80.0,True,0.0,ok,cvae,2,42
302,80,80.0,True,0.0,ok,cvae,2,42
303,80,74.5631067961165,True,5.4368932038835,ok,cvae,2,42
304,80,68.57142857142857,True,11.42857142857143,ok,cvae,2,42
305,80,60.95238095238095,True,19.04761904761905,ok,cvae,2,42
306,80,84.3956043956044,True,4.395604395604394,ok,cvae,2,42
307,80,60.0,True,20.0,ok,cvae,2,42
308,80,69.81818181818181,True,10.181818181818187,ok,cvae,2,42
309,80,66.78260869565217,True,13.217391304347828,ok,cvae,2,42
310,80,79.17525773195877,True,0.8247422680412342,ok,cvae,2,42
311,80,78.36734693877551,True,1.632653061224488,ok,cvae,2,42
312,80,75.29411764705883,True,4.705882352941174,ok,cvae,2,42
313,80,66.20689655172414,True,13.793103448275858,ok,cvae,2,42
314,80,87.27272727272727,True,7.272727272727266,ok,cvae,2,42
315,80,78.36734693877551,True,1.632653061224488,ok,cvae,2,42
316,80,71.11111111111111,True,8.888888888888886,ok,cvae,2,42
317,80,71.11111111111111,True,8.888888888888886,ok,cvae,2,42
318,80,76.8,True,3.200000000000003,ok,cvae,2,42
319,80,71.11111111111111,True,8.888888888888886,ok,cvae,2,42
320,80,68.57142857142857,True,11.42857142857143,ok,cvae,2,42
321,80,79.17525773195877,True,0.8247422680412342,ok,cvae,2,42
322,80,85.33333333333333,True,5.333333333333329,ok,cvae,2,42
323,80,83.47826086956522,True,3.4782608695652186,ok,cvae,2,42
324,80,67.36842105263158,True,12.631578947368425,ok,cvae,2,42
325,80,81.70212765957447,True,1.7021276595744723,ok,cvae,2,42
326,80,78.36734693877551,True,1.632653061224488,ok,cvae,2,42
327,80,75.29411764705883,True,4.705882352941174,ok,cvae,2,42
328,80,68.57142857142857,True,11.42857142857143,ok,cvae,2,42
329,80,68.57142857142857,True,11.42857142857143,ok,cvae,2,42
330,80,85.33333333333333,True,5.333333333333329,ok,cvae,2,42
331,80,80.84210526315789,True,0.8421052631578902,ok,cvae,2,42
332,80,69.1891891891892,True,10.810810810810807,ok,cvae,2,42
333,80,85.33333333333333,True,5.333333333333329,ok,cvae,2,42
334,80,70.45871559633028,True,9.54128440366972,ok,cvae,2,42
335,80,77.57575757575758,True,2.424242424242422,ok,cvae,2,42
336,80,75.29411764705883,True,4.705882352941174,ok,cvae,2,42
337,80,80.84210526315789,True,0.8421052631578902,ok,cvae,2,42
338,80,68.57142857142857,True,11.42857142857143,ok,cvae,2,42
339,80,60.0,True,20.0,ok,cvae,2,42
340,80,49.54838709677419,True,30.451612903225808,ok,cvae,2,42
341,80,80.0,True,0.0,ok,cvae,2,42
342,80,67.36842105263158,True,12.631578947368425,ok,cvae,2,42
343,80,74.5631067961165,True,5.4368932038835,ok,cvae,2,42
344,80,73.84615384615384,True,6.15384615384616,ok,cvae,2,42
345,80,85.33333333333333,True,5.333333333333329,ok,cvae,2,42
346,80,60.0,True,20.0,ok,cvae,2,42
347,80,53.333333333333336,True,26.666666666666664,ok,cvae,2,42
348,80,74.5631067961165,True,5.4368932038835,ok,cvae,2,42
349,80,77.57575757575758,True,2.424242424242422,ok,cvae,2,42
350,80,65.08474576271186,True,14.915254237288138,ok,cvae,2,42
351,80,69.81818181818181,True,10.181818181818187,ok,cvae,2,42
352,80,75.29411764705883,True,4.705882352941174,ok,cvae,2,42
353,80,69.1891891891892,True,10.810810810810807,ok,cvae,2,42
354,80,66.20689655172414,True,13.793103448275858,ok,cvae,2,42
355,80,73.84615384615384,True,6.15384615384616,ok,cvae,2,42
356,80,67.36842105263158,True,12.631578947368425,ok,cvae,2,42
357,80,89.30232558139535,True,9.302325581395351,ok,cvae,2,42
358,80,65.08474576271186,True,14.915254237288138,ok,cvae,2,42
359,80,72.45283018867924,True,7.547169811320757,ok,cvae,2,42
360,80,76.8,True,3.200000000000003,ok,cvae,2,42
361,80,76.03960396039604,True,3.960396039603964,ok,cvae,2,42
362,80,80.84210526315789,True,0.8421052631578902,ok,cvae,2,42
363,80,80.0,True,0.0,ok,cvae,2,42
364,80,66.78260869565217,True,13.217391304347828,ok,cvae,2,42
365,80,75.29411764705883,True,4.705882352941174,ok,cvae,2,42
366,80,80.0,True,0.0,ok,cvae,2,42
367,80,66.20689655172414,True,13.793103448275858,ok,cvae,2,42
368,80,69.1891891891892,True,10.810810810810807,ok,cvae,2,42
369,80,71.11111111111111,True,8.888888888888886,ok,cvae,2,42
370,80,83.47826086956522,True,3.4782608695652186,ok,cvae,2,42
371,80,80.84210526315789,True,0.8421052631578902,ok,cvae,2,42
372,80,80.0,True,0.0,ok,cvae,2,42
373,80,74.5631067961165,True,5.4368932038835,ok,cvae,2,42
374,80,83.47826086956522,True,3.4782608695652186,ok,cvae,2,42
375,80,91.42857142857143,True,11.42857142857143,ok,cvae,2,42
376,80,76.03960396039604,True,3.960396039603964,ok,cvae,2,42
377,80,60.0,True,20.0,ok,cvae,2,42
378,80,73.84615384615384,True,6.15384615384616,ok,cvae,2,42
379,80,67.36842105263158,True,12.631578947368425,ok,cvae,2,42
380,80,53.333333333333336,True,26.666666666666664,ok,cvae,2,42
381,80,64.0,True,16.0,ok,cvae,2,42
382,80,69.81818181818181,True,10.181818181818187,ok,cvae,2,42
383,80,80.0,True,0.0,ok,cvae,2,42
384,80,69.1891891891892,True,10.810810810810807,ok,cvae,2,42
385,80,76.8,True,3.200000000000003,ok,cvae,2,42
386,80,56.470588235294116,True,23.529411764705884,ok,cvae,2,42
387,80,71.77570093457943,True,8.224299065420567,ok,cvae,2,42
388,80,80.0,True,0.0,ok,cvae,2,42
389,80,62.950819672131146,True,17.049180327868854,ok,cvae,2,42
390,80,71.11111111111111,True,8.888888888888886,ok,cvae,2,42
391,80,80.0,True,0.0,ok,cvae,2,42
392,80,75.29411764705883,True,4.705882352941174,ok,cvae,2,42
393,80,71.77570093457943,True,8.224299065420567,ok,cvae,2,42
394,80,64.0,True,16.0,ok,cvae,2,42
395,80,83.47826086956522,True,3.4782608695652186,ok,cvae,2,42
396,80,85.33333333333333,True,5.333333333333329,ok,cvae,2,42
397,80,63.47107438016529,True,16.52892561983471,ok,cvae,2,42
398,80,76.03960396039604,True,3.960396039603964,ok,cvae,2,42
399,80,62.950819672131146,True,17.049180327868854,ok,cvae,2,42
400,80,81.70212765957447,True,1.7021276595744723,ok,cvae,2,42
401,80,60.95238095238095,True,19.04761904761905,ok,cvae,2,42
402,80,84.3956043956044,True,4.395604395604394,ok,cvae,2,42
403,80,91.42857142857143,True,11.42857142857143,ok,cvae,2,42
404,80,83.47826086956522,True,3.4782608695652186,ok,cvae,2,42
405,80,84.3956043956044,True,4.395604395604394,ok,cvae,2,42
406,80,60.0,True,20.0,ok,cvae,2,42
407,80,63.47107438016529,True,16.52892561983471,ok,cvae,2,42
408,80,73.14285714285714,True,6.857142857142861,ok,cvae,2,42
409,80,78.36734693877551,True,1.632653061224488,ok,cvae,2,42
410,80,89.30232558139535,True,9.302325581395351,ok,cvae,2,42
411,80,83.47826086956522,True,3.4782608695652186,ok,cvae,2,42
412,80,78.36734693877551,True,1.632653061224488,ok,cvae,2,42
413,80,73.84615384615384,True,6.15384615384616,ok,cvae,2,42
414,80,78.36734693877551,True,1.632653061224488,ok,cvae,2,42
415,80,80.84210526315789,True,0.8421052631578902,ok,cvae,2,42
416,80,67.36842105263158,True,12.631578947368425,ok,cvae,2,42
417,80,72.45283018867924,True,7.547169811320757,ok,cvae,2,42
418,80,70.45871559633028,True,9.54128440366972,ok,cvae,2,42
419,80,80.0,True,0.0,ok,cvae,2,42
420,80,68.57142857142857,True,11.42857142857143,ok,cvae,2,42
421,80,78.36734693877551,True,1.632653061224488,ok,cvae,2,42
422,80,75.29411764705883,True,4.705882352941174,ok,cvae,2,42
423,80,78.36734693877551,True,1.632653061224488,ok,cvae,2,42
424,80,82.58064516129032,True,2.5806451612903203,ok,cvae,2,42
425,80,89.30232558139535,True,9.302325581395351,ok,cvae,2,42
426,80,80.0,True,0.0,ok,cvae,2,42
427,80,85.33333333333333,True,5.333333333333329,ok,cvae,2,42
428,80,69.81818181818181,True,10.181818181818187,ok,cvae,2,42
429,80,60.0,True,20.0,ok,cvae,2,42
430,80,75.29411764705883,True,4.705882352941174,ok,cvae,2,42
431,80,81.70212765957447,True,1.7021276595744723,ok,cvae,2,42
432,80,55.65217391304348,True,24.347826086956523,ok,cvae,2,42
433,80,81.70212765957447,True,1.7021276595744723,ok,cvae,2,42
434,80,78.36734693877551,True,1.632653061224488,ok,cvae,2,42
435,80,89.30232558139535,True,9.302325581395351,ok,cvae,2,42
436,80,68.57142857142857,True,11.42857142857143,ok,cvae,2,42
437,80,80.0,True,0.0,ok,cvae,2,42
438,80,83.47826086956522,True,3.4782608695652186,ok,cvae,2,42
439,80,65.64102564102564,True,14.358974358974365,ok,cvae,2,42
440,80,85.33333333333333,True,5.333333333333329,ok,cvae,2,42
441,80,85.33333333333333,True,5.333333333333329,ok,cvae,2,42
442,80,75.29411764705883,True,4.705882352941174,ok,cvae,2,42
443,80,67.36842105263158,True,12.631578947368425,ok,cvae,2,42
444,80,76.03960396039604,True,3.960396039603964,ok,cvae,2,42
445,80,70.45871559633028,True,9.54128440366972,ok,cvae,2,42
446,80,83.47826086956522,True,3.4782608695652186,ok,cvae,2,42
447,80,79.17525773195877,True,0.8247422680412342,ok,cvae,2,42
448,80,54.46808510638298,True,25.53191489361702,ok,cvae,2,42
449,80,60.0,True,20.0,ok,cvae,2,42
450,80,80.0,True,0.0,ok,cvae,2,42
451,80,83.47826086956522,True,3.4782608695652186,ok,cvae,2,42
452,80,80.0,True,0.0,ok,cvae,2,42
453,80,75.29411764705883,True,4.705882352941174,ok,cvae,2,42
454,80,85.33333333333333,True,5.333333333333329,ok,cvae,2,42
455,80,69.81818181818181,True,10.181818181818187,ok,cvae,2,42
456,80,84.3956043956044,True,4.395604395604394,ok,cvae,2,42
457,80,77.57575757575758,True,2.424242424242422,ok,cvae,2,42
458,80,87.27272727272727,True,7.272727272727266,ok,cvae,2,42
459,80,76.8,True,3.200000000000003,ok,cvae,2,42
460,80,58.18181818181818,True,21.81818181818182,ok,cvae,2,42
461,80,85.33333333333333,True,5.333333333333329,ok,cvae,2,42
462,80,73.84615384615384,True,6.15384615384616,ok,cvae,2,42
463,80,61.935483870967744,True,18.064516129032256,ok,cvae,2,42
464,80,71.11111111111111,True,8.888888888888886,ok,cvae,2,42
465,80,61.935483870967744,True,18.064516129032256,ok,cvae,2,42
466,80,67.96460176991151,True,12.03539823008849,ok,cvae,2,42
467,80,78.36734693877551,True,1.632653061224488,ok,cvae,2,42
468,80,76.03960396039604,True,3.960396039603964,ok,cvae,2,42
469,80,72.45283018867924,True,7.547169811320757,ok,cvae,2,42
470,80,60.0,True,20.0,ok,cvae,2,42
471,80,78.36734693877551,True,1.632653061224488,ok,cvae,2,42
472,80,96.0,True,16.0,ok,cvae,2,42
473,80,55.25179856115108,True,24.748201438848923,ok,cvae,2,42
474,80,75.29411764705883,True,4.705882352941174,ok,cvae,2,42
475,80,85.33333333333333,True,5.333333333333329,ok,cvae,2,42
476,80,73.84615384615384,True,6.15384615384616,ok,cvae,2,42
477,80,70.45871559633028,True,9.54128440366972,ok,cvae,2,42
478,80,71.11111111111111,True,8.888888888888886,ok,cvae,2,42
479,80,87.27272727272727,True,7.272727272727266,ok,cvae,2,42
480,80,81.70212765957447,True,1.7021276595744723,ok,cvae,2,42
481,80,55.65217391304348,True,24.347826086956523,ok,cvae,2,42
482,80,75.29411764705883,True,4.705882352941174,ok,cvae,2,42
483,80,85.33333333333333,True,5.333333333333329,ok,cvae,2,42
484,80,71.11111111111111,True,8.888888888888886,ok,cvae,2,42
485,80,81.70212765957447,True,1.7021276595744723,ok,cvae,2,42
486,80,81.70212765957447,True,1.7021276595744723,ok,cvae,2,42
487,80,61.44,True,18.560000000000002,ok,cvae,2,42
488,80,62.950819672131146,True,17.049180327868854,ok,cvae,2,42
489,80,72.45283018867924,True,7.547169811320757,ok,cvae,2,42
490,80,80.0,True,0.0,ok,cvae,2,42
491,80,76.8,True,3.200000000000003,ok,cvae,2,42
492,80,81.70212765957447,True,1.7021276595744723,ok,cvae,2,42
493,80,81.70212765957447,True,1.7021276595744723,ok,cvae,2,42
494,80,75.29411764705883,True,4.705882352941174,ok,cvae,2,42
495,80,63.47107438016529,True,16.52892561983471,ok,cvae,2,42
496,80,83.47826086956522,True,3.4782608695652186,ok,cvae,2,42
497,80,77.57575757575758,True,2.424242424242422,ok,cvae,2,42
498,80,57.744360902255636,True,22.255639097744364,ok,cvae,2,42
499,80,71.11111111111111,True,8.888888888888886,ok,cvae,2,42
500,80,81.70212765957447,True,1.7021276595744723,ok,cvae,2,42
501,80,76.8,True,3.200000000000003,ok,cvae,2,42
502,80,83.47826086956522,True,3.4782608695652186,ok,cvae,2,42
503,80,53.333333333333336,True,26.666666666666664,ok,cvae,2,42
504,80,80.0,True,0.0,ok,cvae,2,42
505,80,85.33333333333333,True,5.333333333333329,ok,cvae,2,42
506,80,68.57142857142857,True,11.42857142857143,ok,cvae,2,42
507,80,66.78260869565217,True,13.217391304347828,ok,cvae,2,42
508,80,72.45283018867924,True,7.547169811320757,ok,cvae,2,42
509,80,79.17525773195877,True,0.8247422680412342,ok,cvae,2,42
510,80,84.3956043956044,True,4.395604395604394,ok,cvae,2,42
511,80,58.18181818181818,True,21.81818181818182,ok,cvae,2,42
512,80,78.36734693877551,True,1.632653061224488,ok,cvae,2,42
513,80,80.0,True,0.0,ok,cvae,2,42
514,80,76.8,True,3.200000000000003,ok,cvae,2,42
515,80,78.36734693877551,True,1.632653061224488,ok,cvae,2,42
516,80,65.64102564102564,True,14.358974358974365,ok,cvae,2,42
517,80,68.57142857142857,True,11.42857142857143,ok,cvae,2,42
518,80,71.11111111111111,True,8.888888888888886,ok,cvae,2,42
519,80,64.0,True,16.0,ok,cvae,2,42
520,80,82.58064516129032,True,2.5806451612903203,ok,cvae,2,42
521,80,70.45871559633028,True,9.54128440366972,ok,cvae,2,42
522,80,78.36734693877551,True,1.632653061224488,ok,cvae,2,42
523,80,64.53781512605042,True,15.462184873949582,ok,cvae,2,42
524,80,65.64102564102564,True,14.358974358974365,ok,cvae,2,42
525,80,80.84210526315789,True,0.8421052631578902,ok,cvae,2,42
526,80,69.81818181818181,True,10.181818181818187,ok,cvae,2,42
527,80,81.70212765957447,True,1.7021276595744723,ok,cvae,2,42
528,80,85.33333333333333,True,5.333333333333329,ok,cvae,2,42
529,80,80.0,True,0.0,ok,cvae,2,42
530,80,76.03960396039604,True,3.960396039603964,ok,cvae,2,42
531,80,75.29411764705883,True,4.705882352941174,ok,cvae,2,42
532,80,66.20689655172414,True,13.793103448275858,ok,cvae,2,42
533,80,73.84615384615384,True,6.15384615384616,ok,cvae,2,42
534,80,66.20689655172414,True,13.793103448275858,ok,cvae,2,42
535,80,80.0,True,0.0,ok,cvae,2,42
536,80,80.0,True,0.0,ok,cvae,2,42
537,80,71.11111111111111,True,8.888888888888886,ok,cvae,2,42
538,80,77.57575757575758,True,2.424242424242422,ok,cvae,2,42
539,80,78.36734693877551,True,1.632653061224488,ok,cvae,2,42
540,80,66.78260869565217,True,13.217391304347828,ok,cvae,2,42
541,80,71.11111111111111,True,8.888888888888886,ok,cvae,2,42
542,80,78.36734693877551,True,1.632653061224488,ok,cvae,2,42
543,80,97.21518987341773,True,17.215189873417728,ok,cvae,2,42
544,80,76.8,True,3.200000000000003,ok,cvae,2,42
545,80,80.0,True,0.0,ok,cvae,2,42
546,80,76.8,True,3.200000000000003,ok,cvae,2,42
547,80,96.0,True,16.0,ok,cvae,2,42
548,80,80.0,True,0.0,ok,cvae,2,42
549,80,85.33333333333333,True,5.333333333333329,ok,cvae,2,42
550,80,66.78260869565217,True,13.217391304347828,ok,cvae,2,42
551,80,66.20689655172414,True,13.793103448275858,ok,cvae,2,42
552,80,73.84615384615384,True,6.15384615384616,ok,cvae,2,42
553,80,82.58064516129032,True,2.5806451612903203,ok,cvae,2,42
554,80,75.29411764705883,True,4.705882352941174,ok,cvae,2,42
555,80,80.0,True,0.0,ok,cvae,2,42
556,80,80.0,True,0.0,ok,cvae,2,42
557,80,91.42857142857143,True,11.42857142857143,ok,cvae,2,42
558,80,78.36734693877551,True,1.632653061224488,ok,cvae,2,42
559,80,85.33333333333333,True,5.333333333333329,ok,cvae,2,42
560,80,70.45871559633028,True,9.54128440366972,ok,cvae,2,42
561,80,71.11111111111111,True,8.888888888888886,ok,cvae,2,42
562,80,69.1891891891892,True,10.810810810810807,ok,cvae,2,42
563,80,72.45283018867924,True,7.547169811320757,ok,cvae,2,42
564,80,80.84210526315789,True,0.8421052631578902,ok,cvae,2,42
565,80,71.11111111111111,True,8.888888888888886,ok,cvae,2,42
566,80,71.11111111111111,True,8.888888888888886,ok,cvae,2,42
567,80,80.0,True,0.0,ok,cvae,2,42
568,80,67.36842105263158,True,12.631578947368425,ok,cvae,2,42
569,80,78.36734693877551,True,1.632653061224488,ok,cvae,2,42
570,80,83.47826086956522,True,3.4782608695652186,ok,cvae,2,42
571,80,68.57142857142857,True,11.42857142857143,ok,cvae,2,42
572,80,82.58064516129032,True,2.5806451612903203,ok,cvae,2,42
573,80,60.0,True,20.0,ok,cvae,2,42
574,80,76.8,True,3.200000000000003,ok,cvae,2,42
575,80,75.29411764705883,True,4.705882352941174,ok,cvae,2,42
576,80,66.20689655172414,True,13.793103448275858,ok,cvae,2,42
577,80,75.29411764705883,True,4.705882352941174,ok,cvae,2,42
578,80,85.33333333333333,True,5.333333333333329,ok,cvae,2,42
579,80,80.0,True,0.0,ok,cvae,2,42
580,80,72.45283018867924,True,7.547169811320757,ok,cvae,2,42
581,80,79.17525773195877,True,0.8247422680412342,ok,cvae,2,42
582,80,71.11111111111111,True,8.888888888888886,ok,cvae,2,42
583,80,48.0,True,32.0,ok,cvae,2,42
584,80,80.0,True,0.0,ok,cvae,2,42
585,80,80.0,True,0.0,ok,cvae,2,42
586,80,80.0,True,0.0,ok,cvae,2,42
587,80,80.0,True,0.0,ok,cvae,2,42
588,80,71.77570093457943,True,8.224299065420567,ok,cvae,2,42
589,80,71.11111111111111,True,8.888888888888886,ok,cvae,2,42
590,80,62.4390243902439,True,17.5609756097561,ok,cvae,2,42
591,80,80.84210526315789,True,0.8421052631578902,ok,cvae,2,42
592,80,78.36734693877551,True,1.632653061224488,ok,cvae,2,42
593,80,78.36734693877551,True,1.632653061224488,ok,cvae,2,42
594,80,63.47107438016529,True,16.52892561983471,ok,cvae,2,42
595,80,70.45871559633028,True,9.54128440366972,ok,cvae,2,42
596,80,89.30232558139535,True,9.302325581395351,ok,cvae,2,42
597,80,80.0,True,0.0,ok,cvae,2,42
598,80,80.0,True,0.0,ok,cvae,2,42
599,80,72.45283018867924,True,7.547169811320757,ok,cvae,2,42
600,80,71.11111111111111,True,8.888888888888886,ok,cvae,2,42
601,80,71.11111111111111,True,8.888888888888886,ok,cvae,2,42
602,80,80.84210526315789,True,0.8421052631578902,ok,cvae,2,42
603,80,81.70212765957447,True,1.7021276595744723,ok,cvae,2,42
604,80,75.29411764705883,True,4.705882352941174,ok,cvae,2,42
605,80,72.45283018867924,True,7.547169811320757,ok,cvae,2,42
606,80,58.18181818181818,True,21.81818181818182,ok,cvae,2,42
607,80,80.84210526315789,True,0.8421052631578902,ok,cvae,2,42
608,80,73.84615384615384,True,6.15384615384616,ok,cvae,2,42
609,80,83.47826086956522,True,3.4782608695652186,ok,cvae,2,42
610,80,78.36734693877551,True,1.632653061224488,ok,cvae,2,42
611,80,78.36734693877551,True,1.632653061224488,ok,cvae,2,42
612,80,84.3956043956044,True,4.395604395604394,ok,cvae,2,42
613,80,76.8,True,3.200000000000003,ok,cvae,2,42
614,80,65.08474576271186,True,14.915254237288138,ok,cvae,2,42
615,80,80.84210526315789,True,0.8421052631578902,ok,cvae,2,42
616,80,83.47826086956522,True,3.4782608695652186,ok,cvae,2,42
617,80,58.18181818181818,True,21.81818181818182,ok,cvae,2,42
618,80,90.3529411764706,True,10.352941176470594,ok,cvae,2,42
619,80,76.8,True,3.200000000000003,ok,cvae,2,42
620,80,81.70212765957447,True,1.7021276595744723,ok,cvae,2,42
621,80,72.45283018867924,True,7.547169811320757,ok,cvae,2,42
622,80,68.57142857142857,True,11.42857142857143,ok,cvae,2,42
623,80,83.47826086956522,True,3.4782608695652186,ok,cvae,2,42
624,80,60.0,True,20.0,ok,cvae,2,42
625,80,70.45871559633028,True,9.54128440366972,ok,cvae,2,42
626,80,78.36734693877551,True,1.632653061224488,ok,cvae,2,42
627,80,70.45871559633028,True,9.54128440366972,ok,cvae,2,42
628,80,78.36734693877551,True,1.632653061224488,ok,cvae,2,42
629,80,85.33333333333333,True,5.333333333333329,ok,cvae,2,42
630,80,61.935483870967744,True,18.064516129032256,ok,cvae,2,42
631,80,83.47826086956522,True,3.4782608695652186,ok,cvae,2,42
632,80,80.0,True,0.0,ok,cvae,2,42
633,80,76.8,True,3.200000000000003,ok,cvae,2,42
634,80,64.0,True,16.0,ok,cvae,2,42
635,80,69.81818181818181,True,10.181818181818187,ok,cvae,2,42
636,80,73.84615384615384,True,6.15384615384616,ok,cvae,2,42
637,80,81.70212765957447,True,1.7021276595744723,ok,cvae,2,42
638,80,83.47826086956522,True,3.4782608695652186,ok,cvae,2,42
639,80,68.57142857142857,True,11.42857142857143,ok,cvae,2,42
640,80,60.0,True,20.0,ok,cvae,2,42
641,80,87.27272727272727,True,7.272727272727266,ok,cvae,2,42
642,80,112.94117647058823,True,32.94117647058823,ok,cvae,2,42
643,80,79.17525773195877,True,0.8247422680412342,ok,cvae,2,42
644,80,68.57142857142857,True,11.42857142857143,ok,cvae,2,42
645,80,82.58064516129032,True,2.5806451612903203,ok,cvae,2,42
646,80,80.0,True,0.0,ok,cvae,2,42
647,80,71.11111111111111,True,8.888888888888886,ok,cvae,2,42
648,80,82.58064516129032,True,2.5806451612903203,ok,cvae,2,42
649,80,72.45283018867924,True,7.547169811320757,ok,cvae,2,42
650,80,48.0,True,32.0,ok,cvae,2,42
651,80,55.65217391304348,True,24.347826086956523,ok,cvae,2,42
652,80,64.0,True,16.0,ok,cvae,2,42
653,80,89.30232558139535,True,9.302325581395351,ok,cvae,2,42
654,80,62.950819672131146,True,17.049180327868854,ok,cvae,2,42
655,80,75.29411764705883,True,4.705882352941174,ok,cvae,2,42
656,80,68.57142857142857,True,11.42857142857143,ok,cvae,2,42
657,80,84.3956043956044,True,4.395604395604394,ok,cvae,2,42
658,80,69.81818181818181,True,10.181818181818187,ok,cvae,2,42
659,80,81.70212765957447,True,1.7021276595744723,ok,cvae,2,42
660,80,78.36734693877551,True,1.632653061224488,ok,cvae,2,42
661,80,83.47826086956522,True,3.4782608695652186,ok,cvae,2,42
662,80,80.0,True,0.0,ok,cvae,2,42
663,80,76.8,True,3.200000000000003,ok,cvae,2,42
664,80,81.70212765957447,True,1.7021276595744723,ok,cvae,2,42
665,80,75.29411764705883,True,4.705882352941174,ok,cvae,2,42
666,80,76.8,True,3.200000000000003,ok,cvae,2,42
667,80,80.0,True,0.0,ok,cvae,2,42
668,80,81.70212765957447,True,1.7021276595744723,ok,cvae,2,42
669,80,75.29411764705883,True,4.705882352941174,ok,cvae,2,42
670,80,60.0,True,20.0,ok,cvae,2,42
671,80,65.08474576271186,True,14.915254237288138,ok,cvae,2,42
672,80,71.11111111111111,True,8.888888888888886,ok,cvae,2,42
673,80,73.84615384615384,True,6.15384615384616,ok,cvae,2,42
674,80,72.45283018867924,True,7.547169811320757,ok,cvae,2,42
675,80,78.36734693877551,True,1.632653061224488,ok,cvae,2,42
676,80,73.84615384615384,True,6.15384615384616,ok,cvae,2,42
677,80,76.8,True,3.200000000000003,ok,cvae,2,42
678,80,72.45283018867924,True,7.547169811320757,ok,cvae,2,42
679,80,71.11111111111111,True,8.888888888888886,ok,cvae,2,42
680,80,78.36734693877551,True,1.632653061224488,ok,cvae,2,42
681,80,78.36734693877551,True,1.632653061224488,ok,cvae,2,42
682,80,81.70212765957447,True,1.7021276595744723,ok,cvae,2,42
683,80,66.20689655172414,True,13.793103448275858,ok,cvae,2,42
684,80,87.27272727272727,True,7.272727272727266,ok,cvae,2,42
685,80,78.36734693877551,True,1.632653061224488,ok,cvae,2,42
686,80,68.57142857142857,True,11.42857142857143,ok,cvae,2,42
687,80,82.58064516129032,True,2.5806451612903203,ok,cvae,2,42
688,80,86.29213483146067,True,6.292134831460672,ok,cvae,2,42
689,80,80.84210526315789,True,0.8421052631578902,ok,cvae,2,42
690,80,72.45283018867924,True,7.547169811320757,ok,cvae,2,42
691,80,80.0,True,0.0,ok,cvae,2,42
692,80,69.1891891891892,True,10.810810810810807,ok,cvae,2,42
693,80,87.27272727272727,True,7.272727272727266,ok,cvae,2,42
694,80,60.95238095238095,True,19.04761904761905,ok,cvae,2,42
695,80,81.70212765957447,True,1.7021276595744723,ok,cvae,2,42
696,80,76.8,True,3.200000000000003,ok,cvae,2,42
697,80,78.36734693877551,True,1.632653061224488,ok,cvae,2,42
698,80,62.950819672131146,True,17.049180327868854,ok,cvae,2,42
699,80,61.935483870967744,True,18.064516129032256,ok,cvae,2,42
700,80,67.36842105263158,True,12.631578947368425,ok,cvae,2,42
701,80,83.47826086956522,True,3.4782608695652186,ok,cvae,2,42
702,80,85.33333333333333,True,5.333333333333329,ok,cvae,2,42
703,80,80.0,True,0.0,ok,cvae,2,42
704,80,75.29411764705883,True,4.705882352941174,ok,cvae,2,42
705,80,78.36734693877551,True,1.632653061224488,ok,cvae,2,42
706,80,83.47826086956522,True,3.4782608695652186,ok,cvae,2,42
707,80,73.84615384615384,True,6.15384615384616,ok,cvae,2,42
708,80,58.62595419847328,True,21.37404580152672,ok,cvae,2,42
709,80,76.8,True,3.200000000000003,ok,cvae,2,42
710,80,77.57575757575758,True,2.424242424242422,ok,cvae,2,42
711,80,89.30232558139535,True,9.302325581395351,ok,cvae,2,42
712,80,89.30232558139535,True,9.302325581395351,ok,cvae,2,42
713,80,78.36734693877551,True,1.632653061224488,ok,cvae,2,42
714,80,78.36734693877551,True,1.632653061224488,ok,cvae,2,42
715,80,76.8,True,3.200000000000003,ok,cvae,2,42
716,80,81.70212765957447,True,1.7021276595744723,ok,cvae,2,42
717,80,78.36734693877551,True,1.632653061224488,ok,cvae,2,42
718,80,66.20689655172414,True,13.793103448275858,ok,cvae,2,42
719,80,81.70212765957447,True,1.7021276595744723,ok,cvae,2,42
720,80,78.36734693877551,True,1.632653061224488,ok,cvae,2,42
721,80,83.47826086956522,True,3.4782608695652186,ok,cvae,2,42
722,80,73.14285714285714,True,6.857142857142861,ok,cvae,2,42
723,80,80.0,True,0.0,ok,cvae,2,42
724,80,60.0,True,20.0,ok,cvae,2,42
725,80,76.03960396039604,True,3.960396039603964,ok,cvae,2,42
726,80,57.3134328358209,True,22.686567164179102,ok,cvae,2,42
727,80,89.30232558139535,True,9.302325581395351,ok,cvae,2,42
728,80,80.0,True,0.0,ok,cvae,2,42
729,80,71.11111111111111,True,8.888888888888886,ok,cvae,2,42
730,80,81.70212765957447,True,1.7021276595744723,ok,cvae,2,42
731,80,71.77570093457943,True,8.224299065420567,ok,cvae,2,42
732,80,67.36842105263158,True,12.631578947368425,ok,cvae,2,42
733,80,81.70212765957447,True,1.7021276595744723,ok,cvae,2,42
734,80,68.57142857142857,True,11.42857142857143,ok,cvae,2,42
735,80,60.0,True,20.0,ok,cvae,2,42
736,80,76.8,True,3.200000000000003,ok,cvae,2,42
737,80,67.96460176991151,True,12.03539823008849,ok,cvae,2,42
738,80,60.0,True,20.0,ok,cvae,2,42
739,80,66.78260869565217,True,13.217391304347828,ok,cvae,2,42
740,80,71.11111111111111,True,8.888888888888886,ok,cvae,2,42
741,80,83.47826086956522,True,3.4782608695652186,ok,cvae,2,42
742,80,64.53781512605042,True,15.462184873949582,ok,cvae,2,42
743,80,85.33333333333333,True,5.333333333333329,ok,cvae,2,42
744,80,73.84615384615384,True,6.15384615384616,ok,cvae,2,42
745,80,75.29411764705883,True,4.705882352941174,ok,cvae,2,42
746,80,80.0,True,0.0,ok,cvae,2,42
747,80,78.36734693877551,True,1.632653061224488,ok,cvae,2,42
748,80,93.65853658536585,True,13.658536585365852,ok,cvae,2,42
749,80,84.3956043956044,True,4.395604395604394,ok,cvae,2,42
750,80,89.30232558139535,True,9.302325581395351,ok,cvae,2,42
751,80,78.36734693877551,True,1.632653061224488,ok,cvae,2,42
752,80,78.36734693877551,True,1.632653061224488,ok,cvae,2,42
753,80,71.11111111111111,True,8.888888888888886,ok,cvae,2,42
754,80,76.8,True,3.200000000000003,ok,cvae,2,42
755,80,85.33333333333333,True,5.333333333333329,ok,cvae,2,42
756,80,80.0,True,0.0,ok,cvae,2,42
757,80,65.08474576271186,True,14.915254237288138,ok,cvae,2,42
758,80,71.77570093457943,True,8.224299065420567,ok,cvae,2,42
759,80,80.0,True,0.0,ok,cvae,2,42
760,80,82.58064516129032,True,2.5806451612903203,ok,cvae,2,42
761,80,78.36734693877551,True,1.632653061224488,ok,cvae,2,42
762,80,75.29411764705883,True,4.705882352941174,ok,cvae,2,42
763,80,82.58064516129032,True,2.5806451612903203,ok,cvae,2,42
764,80,69.1891891891892,True,10.810810810810807,ok,cvae,2,42
765,80,68.57142857142857,True,11.42857142857143,ok,cvae,2,42
766,80,78.36734693877551,True,1.632653061224488,ok,cvae,2,42
767,80,83.47826086956522,True,3.4782608695652186,ok,cvae,2,42
768,80,87.27272727272727,True,7.272727272727266,ok,cvae,2,42
769,80,73.84615384615384,True,6.15384615384616,ok,cvae,2,42
770,80,81.70212765957447,True,1.7021276595744723,ok,cvae,2,42
771,80,81.70212765957447,True,1.7021276595744723,ok,cvae,2,42
772,80,83.47826086956522,True,3.4782608695652186,ok,cvae,2,42
773,80,76.8,True,3.200000000000003,ok,cvae,2,42
774,80,79.17525773195877,True,0.8247422680412342,ok,cvae,2,42
775,80,62.950819672131146,True,17.049180327868854,ok,cvae,2,42
776,80,80.0,True,0.0,ok,cvae,2,42
777,80,66.20689655172414,True,13.793103448275858,ok,cvae,2,42
778,80,73.84615384615384,True,6.15384615384616,ok,cvae,2,42
779,80,60.0,True,20.0,ok,cvae,2,42
780,80,72.45283018867924,True,7.547169811320757,ok,cvae,2,42
781,80,71.77570093457943,True,8.224299065420567,ok,cvae,2,42
782,80,80.0,True,0.0,ok,cvae,2,42
783,80,60.0,True,20.0,ok,cvae,2,42
784,80,80.0,True,0.0,ok,cvae,2,42
785,80,65.08474576271186,True,14.915254237288138,ok,cvae,2,42
786,80,80.84210526315789,True,0.8421052631578902,ok,cvae,2,42
787,80,75.29411764705883,True,4.705882352941174,ok,cvae,2,42
788,80,76.03960396039604,True,3.960396039603964,ok,cvae,2,42
789,80,81.70212765957447,True,1.7021276595744723,ok,cvae,2,42
790,80,59.53488372093023,True,20.46511627906977,ok,cvae,2,42
791,80,77.57575757575758,True,2.424242424242422,ok,cvae,2,42
792,80,80.84210526315789,True,0.8421052631578902,ok,cvae,2,42
793,80,81.70212765957447,True,1.7021276595744723,ok,cvae,2,42
794,80,64.0,True,16.0,ok,cvae,2,42
795,80,78.36734693877551,True,1.632653061224488,ok,cvae,2,42
796,80,90.3529411764706,True,10.352941176470594,ok,cvae,2,42
797,80,73.84615384615384,True,6.15384615384616,ok,cvae,2,42
798,80,76.8,True,3.200000000000003,ok,cvae,2,42
799,80,78.36734693877551,True,1.632653061224488,ok,cvae,2,42
800,80,85.33333333333333,True,5.333333333333329,ok,cvae,2,42
801,80,72.45283018867924,True,7.547169811320757,ok,cvae,2,42
802,80,64.53781512605042,True,15.462184873949582,ok,cvae,2,42
803,80,69.1891891891892,True,10.810810810810807,ok,cvae,2,42
804,80,76.8,True,3.200000000000003,ok,cvae,2,42
805,80,62.950819672131146,True,17.049180327868854,ok,cvae,2,42
806,80,78.36734693877551,True,1.632653061224488,ok,cvae,2,42
807,80,76.03960396039604,True,3.960396039603964,ok,cvae,2,42
808,80,73.84615384615384,True,6.15384615384616,ok,cvae,2,42
809,80,90.3529411764706,True,10.352941176470594,ok,cvae,2,42
810,80,71.77570093457943,True,8.224299065420567,ok,cvae,2,42
811,80,81.70212765957447,True,1.7021276595744723,ok,cvae,2,42
812,80,86.29213483146067,True,6.292134831460672,ok,cvae,2,42
813,80,80.0,True,0.0,ok,cvae,2,42
814,80,78.36734693877551,True,1.632653061224488,ok,cvae,2,42
815,80,67.96460176991151,True,12.03539823008849,ok,cvae,2,42
816,80,89.30232558139535,True,9.302325581395351,ok,cvae,2,42
817,80,81.70212765957447,True,1.7021276595744723,ok,cvae,2,42
818,80,80.0,True,0.0,ok,cvae,2,42
819,80,86.29213483146067,True,6.292134831460672,ok,cvae,2,42
820,80,59.07692307692308,True,20.92307692307692,ok,cvae,2,42
821,80,70.45871559633028,True,9.54128440366972,ok,cvae,2,42
822,80,84.3956043956044,True,4.395604395604394,ok,cvae,2,42
823,80,78.36734693877551,True,1.632653061224488,ok,cvae,2,42
824,80,80.0,True,0.0,ok,cvae,2,42
825,80,78.36734693877551,True,1.632653061224488,ok,cvae,2,42
826,80,71.77570093457943,True,8.224299065420567,ok,cvae,2,42
827,80,81.70212765957447,True,1.7021276595744723,ok,cvae,2,42
828,80,67.96460176991151,True,12.03539823008849,ok,cvae,2,42
829,80,73.84615384615384,True,6.15384615384616,ok,cvae,2,42
830,80,78.36734693877551,True,1.632653061224488,ok,cvae,2,42
831,80,82.58064516129032,True,2.5806451612903203,ok,cvae,2,42
832,80,80.0,True,0.0,ok,cvae,2,42
833,80,78.36734693877551,True,1.632653061224488,ok,cvae,2,42
834,80,81.70212765957447,True,1.7021276595744723,ok,cvae,2,42
835,80,81.70212765957447,True,1.7021276595744723,ok,cvae,2,42
836,80,81.70212765957447,True,1.7021276595744723,ok,cvae,2,42
837,80,79.17525773195877,True,0.8247422680412342,ok,cvae,2,42
838,80,65.64102564102564,True,14.358974358974365,ok,cvae,2,42
839,80,64.0,True,16.0,ok,cvae,2,42
840,80,80.84210526315789,True,0.8421052631578902,ok,cvae,2,42
841,80,80.0,True,0.0,ok,cvae,2,42
842,80,85.33333333333333,True,5.333333333333329,ok,cvae,2,42
843,80,88.27586206896552,True,8.275862068965523,ok,cvae,2,42
844,80,83.47826086956522,True,3.4782608695652186,ok,cvae,2,42
845,80,80.0,True,0.0,ok,cvae,2,42
846,80,83.47826086956522,True,3.4782608695652186,ok,cvae,2,42
847,80,67.96460176991151,True,12.03539823008849,ok,cvae,2,42
848,80,80.0,True,0.0,ok,cvae,2,42
849,80,68.57142857142857,True,11.42857142857143,ok,cvae,2,42
850,80,73.14285714285714,True,6.857142857142861,ok,cvae,2,42
851,80,80.0,True,0.0,ok,cvae,2,42
852,80,76.8,True,3.200000000000003,ok,cvae,2,42
853,80,81.70212765957447,True,1.7021276595744723,ok,cvae,2,42
854,80,72.45283018867924,True,7.547169811320757,ok,cvae,2,42
855,80,58.18181818181818,True,21.81818181818182,ok,cvae,2,42
856,80,78.36734693877551,True,1.632653061224488,ok,cvae,2,42
857,80,71.11111111111111,True,8.888888888888886,ok,cvae,2,42
858,80,73.84615384615384,True,6.15384615384616,ok,cvae,2,42
859,80,55.65217391304348,True,24.347826086956523,ok,cvae,2,42
860,80,78.36734693877551,True,1.632653061224488,ok,cvae,2,42
861,80,78.36734693877551,True,1.632653061224488,ok,cvae,2,42
862,80,75.29411764705883,True,4.705882352941174,ok,cvae,2,42
863,80,64.53781512605042,True,15.462184873949582,ok,cvae,2,42
864,80,66.20689655172414,True,13.793103448275858,ok,cvae,2,42
865,80,76.8,True,3.200000000000003,ok,cvae,2,42
866,80,75.29411764705883,True,4.705882352941174,ok,cvae,2,42
867,80,76.8,True,3.200000000000003,ok,cvae,2,42
868,80,78.36734693877551,True,1.632653061224488,ok,cvae,2,42
869,80,61.935483870967744,True,18.064516129032256,ok,cvae,2,42
870,80,80.0,True,0.0,ok,cvae,2,42
871,80,72.45283018867924,True,7.547169811320757,ok,cvae,2,42
872,80,80.0,True,0.0,ok,cvae,2,42
873,80,68.57142857142857,True,11.42857142857143,ok,cvae,2,42
874,80,79.17525773195877,True,0.8247422680412342,ok,cvae,2,42
875,80,70.45871559633028,True,9.54128440366972,ok,cvae,2,42
876,80,60.0,True,20.0,ok,cvae,2,42
877,80,76.8,True,3.200000000000003,ok,cvae,2,42
878,80,66.20689655172414,True,13.793103448275858,ok,cvae,2,42
879,80,73.14285714285714,True,6.857142857142861,ok,cvae,2,42
880,80,79.17525773195877,True,0.8247422680412342,ok,cvae,2,42
881,80,76.8,True,3.200000000000003,ok,cvae,2,42
882,80,78.36734693877551,True,1.632653061224488,ok,cvae,2,42
883,80,80.84210526315789,True,0.8421052631578902,ok,cvae,2,42
884,80,76.8,True,3.200000000000003,ok,cvae,2,42
885,80,78.36734693877551,True,1.632653061224488,ok,cvae,2,42
886,80,78.36734693877551,True,1.632653061224488,ok,cvae,2,42
887,80,93.65853658536585,True,13.658536585365852,ok,cvae,2,42
888,80,66.20689655172414,True,13.793103448275858,ok,cvae,2,42
889,80,64.53781512605042,True,15.462184873949582,ok,cvae,2,42
890,80,49.87012987012987,True,30.129870129870127,ok,cvae,2,42
891,80,78.36734693877551,True,1.632653061224488,ok,cvae,2,42
892,80,75.29411764705883,True,4.705882352941174,ok,cvae,2,42
893,80,72.45283018867924,True,7.547169811320757,ok,cvae,2,42
894,80,69.81818181818181,True,10.181818181818187,ok,cvae,2,42
895,80,85.33333333333333,True,5.333333333333329,ok,cvae,2,42
896,80,71.11111111111111,True,8.888888888888886,ok,cvae,2,42
897,80,80.0,True,0.0,ok,cvae,2,42
898,80,78.36734693877551,True,1.632653061224488,ok,cvae,2,42
899,80,83.47826086956522,True,3.4782608695652186,ok,cvae,2,42
900,80,77.57575757575758,True,2.424242424242422,ok,cvae,2,42
901,80,83.47826086956522,True,3.4782608695652186,ok,cvae,2,42
902,80,81.70212765957447,True,1.7021276595744723,ok,cvae,2,42
903,80,87.27272727272727,True,7.272727272727266,ok,cvae,2,42
904,80,64.0,True,16.0,ok,cvae,2,42
905,80,78.36734693877551,True,1.632653061224488,ok,cvae,2,42
906,80,80.0,True,0.0,ok,cvae,2,42
907,80,71.11111111111111,True,8.888888888888886,ok,cvae,2,42
908,80,75.29411764705883,True,4.705882352941174,ok,cvae,2,42
909,80,76.8,True,3.200000000000003,ok,cvae,2,42
910,80,78.36734693877551,True,1.632653061224488,ok,cvae,2,42
911,80,85.33333333333333,True,5.333333333333329,ok,cvae,2,42
912,80,66.20689655172414,True,13.793103448275858,ok,cvae,2,42
913,80,62.950819672131146,True,17.049180327868854,ok,cvae,2,42
914,80,96.0,True,16.0,ok,cvae,2,42
915,80,80.0,True,0.0,ok,cvae,2,42
916,80,63.47107438016529,True,16.52892561983471,ok,cvae,2,42
917,80,65.08474576271186,True,14.915254237288138,ok,cvae,2,42
918,80,64.0,True,16.0,ok,cvae,2,42
919,80,54.857142857142854,True,25.142857142857146,ok,cvae,2,42
920,80,71.11111111111111,True,8.888888888888886,ok,cvae,2,42
921,80,80.0,True,0.0,ok,cvae,2,42
922,80,85.33333333333333,True,5.333333333333329,ok,cvae,2,42
923,80,76.8,True,3.200000000000003,ok,cvae,2,42
924,80,76.03960396039604,True,3.960396039603964,ok,cvae,2,42
925,80,71.11111111111111,True,8.888888888888886,ok,cvae,2,42
926,80,79.17525773195877,True,0.8247422680412342,ok,cvae,2,42
927,80,84.3956043956044,True,4.395604395604394,ok,cvae,2,42
928,80,78.36734693877551,True,1.632653061224488,ok,cvae,2,42
929,80,79.17525773195877,True,0.8247422680412342,ok,cvae,2,42
930,80,76.8,True,3.200000000000003,ok,cvae,2,42
931,80,85.33333333333333,True,5.333333333333329,ok,cvae,2,42
932,80,76.8,True,3.200000000000003,ok,cvae,2,42
933,80,80.0,True,0.0,ok,cvae,2,42
934,80,82.58064516129032,True,2.5806451612903203,ok,cvae,2,42
935,80,65.08474576271186,True,14.915254237288138,ok,cvae,2,42
936,80,75.29411764705883,True,4.705882352941174,ok,cvae,2,42
937,80,83.47826086956522,True,3.4782608695652186,ok,cvae,2,42
938,80,78.36734693877551,True,1.632653061224488,ok,cvae,2,42
939,80,73.84615384615384,True,6.15384615384616,ok,cvae,2,42
940,80,83.47826086956522,True,3.4782608695652186,ok,cvae,2,42
941,80,80.0,True,0.0,ok,cvae,2,42
942,80,73.14285714285714,True,6.857142857142861,ok,cvae,2,42
943,80,64.0,True,16.0,ok,cvae,2,42
944,80,87.27272727272727,True,7.272727272727266,ok,cvae,2,42
945,80,72.45283018867924,True,7.547169811320757,ok,cvae,2,42
946,80,66.78260869565217,True,13.217391304347828,ok,cvae,2,42
947,80,76.8,True,3.200000000000003,ok,cvae,2,42
948,80,67.36842105263158,True,12.631578947368425,ok,cvae,2,42
949,80,71.77570093457943,True,8.224299065420567,ok,cvae,2,42
950,80,80.0,True,0.0,ok,cvae,2,42
951,80,69.81818181818181,True,10.181818181818187,ok,cvae,2,42
952,80,75.29411764705883,True,4.705882352941174,ok,cvae,2,42
953,80,78.36734693877551,True,1.632653061224488,ok,cvae,2,42
954,80,78.36734693877551,True,1.632653061224488,ok,cvae,2,42
955,80,78.36734693877551,True,1.632653061224488,ok,cvae,2,42
956,80,81.70212765957447,True,1.7021276595744723,ok,cvae,2,42
957,80,69.1891891891892,True,10.810810810810807,ok,cvae,2,42
958,80,76.8,True,3.200000000000003,ok,cvae,2,42
959,80,48.607594936708864,True,31.392405063291136,ok,cvae,2,42
960,80,78.36734693877551,True,1.632653061224488,ok,cvae,2,42
961,80,81.70212765957447,True,1.7021276595744723,ok,cvae,2,42
962,80,85.33333333333333,True,5.333333333333329,ok,cvae,2,42
963,80,80.84210526315789,True,0.8421052631578902,ok,cvae,2,42
964,80,80.0,True,0.0,ok,cvae,2,42
965,80,72.45283018867924,True,7.547169811320757,ok,cvae,2,42
966,80,75.29411764705883,True,4.705882352941174,ok,cvae,2,42
967,80,80.0,True,0.0,ok,cvae,2,42
968,80,75.29411764705883,True,4.705882352941174,ok,cvae,2,42
969,80,78.36734693877551,True,1.632653061224488,ok,cvae,2,42
970,80,69.1891891891892,True,10.810810810810807,ok,cvae,2,42
971,80,76.8,True,3.200000000000003,ok,cvae,2,42
972,80,83.47826086956522,True,3.4782608695652186,ok,cvae,2,42
973,80,80.0,True,0.0,ok,cvae,2,42
974,80,80.84210526315789,True,0.8421052631578902,ok,cvae,2,42
975,80,84.3956043956044,True,4.395604395604394,ok,cvae,2,42
976,80,89.30232558139535,True,9.302325581395351,ok,cvae,2,42
977,80,76.8,True,3.200000000000003,ok,cvae,2,42
978,80,89.30232558139535,True,9.302325581395351,ok,cvae,2,42
979,80,79.17525773195877,True,0.8247422680412342,ok,cvae,2,42
980,80,69.81818181818181,True,10.181818181818187,ok,cvae,2,42
981,80,81.70212765957447,True,1.7021276595744723,ok,cvae,2,42
982,80,89.30232558139535,True,9.302325581395351,ok,cvae,2,42
983,80,80.0,True,0.0,ok,cvae,2,42
984,80,57.3134328358209,True,22.686567164179102,ok,cvae,2,42
985,80,84.3956043956044,True,4.395604395604394,ok,cvae,2,42
986,80,66.20689655172414,True,13.793103448275858,ok,cvae,2,42
987,80,88.27586206896552,True,8.275862068965523,ok,cvae,2,42
988,80,67.96460176991151,True,12.03539823008849,ok,cvae,2,42
989,80,69.1891891891892,True,10.810810810810807,ok,cvae,2,42
990,80,75.29411764705883,True,4.705882352941174,ok,cvae,2,42
991,80,72.45283018867924,True,7.547169811320757,ok,cvae,2,42
992,80,76.03960396039604,True,3.960396039603964,ok,cvae,2,42
993,80,81.70212765957447,True,1.7021276595744723,ok,cvae,2,42
994,80,80.0,True,0.0,ok,cvae,2,42
995,80,72.45283018867924,True,7.547169811320757,ok,cvae,2,42
996,80,76.8,True,3.200000000000003,ok,cvae,2,42
997,80,66.20689655172414,True,13.793103448275858,ok,cvae,2,42
998,80,81.70212765957447,True,1.7021276595744723,ok,cvae,2,42
999,80,68.57142857142857,True,11.42857142857143,ok,cvae,2,42
0,120,85.33333333333333,True,34.66666666666667,ok,cvae,2,42
1,120,120.0,True,0.0,ok,cvae,2,42
2,120,120.0,True,0.0,ok,cvae,2,42
3,120,103.78378378378379,True,16.21621621621621,ok,cvae,2,42
4,120,83.47826086956522,True,36.52173913043478,ok,cvae,2,42
5,120,80.0,True,40.0,ok,cvae,2,42
6,120,80.0,True,40.0,ok,cvae,2,42
7,120,91.42857142857143,True,28.57142857142857,ok,cvae,2,42
8,120,71.11111111111111,True,48.888888888888886,ok,cvae,2,42
9,120,112.94117647058823,True,7.058823529411768,ok,cvae,2,42
10,120,87.27272727272727,True,32.727272727272734,ok,cvae,2,42
11,120,112.94117647058823,True,7.058823529411768,ok,cvae,2,42
12,120,96.0,True,24.0,ok,cvae,2,42
13,120,87.27272727272727,True,32.727272727272734,ok,cvae,2,42
14,120,64.0,True,56.0,ok,cvae,2,42
15,120,76.8,True,43.2,ok,cvae,2,42
16,120,109.71428571428571,True,10.285714285714292,ok,cvae,2,42
17,120,96.0,True,24.0,ok,cvae,2,42
18,120,68.57142857142857,True,51.42857142857143,ok,cvae,2,42
19,120,96.0,True,24.0,ok,cvae,2,42
20,120,80.0,True,40.0,ok,cvae,2,42
21,120,91.42857142857143,True,28.57142857142857,ok,cvae,2,42
22,120,83.47826086956522,True,36.52173913043478,ok,cvae,2,42
23,120,96.0,True,24.0,ok,cvae,2,42
24,120,93.65853658536585,True,26.34146341463415,ok,cvae,2,42
25,120,96.0,True,24.0,ok,cvae,2,42
26,120,80.0,True,40.0,ok,cvae,2,42
27,120,80.0,True,40.0,ok,cvae,2,42
28,120,96.0,True,24.0,ok,cvae,2,42
29,120,83.47826086956522,True,36.52173913043478,ok,cvae,2,42
30,120,75.29411764705883,True,44.705882352941174,ok,cvae,2,42
31,120,103.78378378378379,True,16.21621621621621,ok,cvae,2,42
32,120,123.87096774193549,True,3.8709677419354875,ok,cvae,2,42
33,120,96.0,True,24.0,ok,cvae,2,42
34,120,96.0,True,24.0,ok,cvae,2,42
35,120,101.05263157894737,True,18.94736842105263,ok,cvae,2,42
36,120,80.0,True,40.0,ok,cvae,2,42
37,120,80.0,True,40.0,ok,cvae,2,42
38,120,153.6,True,33.599999999999994,ok,cvae,2,42
39,120,91.42857142857143,True,28.57142857142857,ok,cvae,2,42
40,120,98.46153846153847,True,21.538461538461533,ok,cvae,2,42
41,120,128.0,True,8.0,ok,cvae,2,42
42,120,96.0,True,24.0,ok,cvae,2,42
43,120,96.0,True,24.0,ok,cvae,2,42
44,120,96.0,True,24.0,ok,cvae,2,42
45,120,98.46153846153847,True,21.538461538461533,ok,cvae,2,42
46,120,101.05263157894737,True,18.94736842105263,ok,cvae,2,42
47,120,87.27272727272727,True,32.727272727272734,ok,cvae,2,42
48,120,73.84615384615384,True,46.15384615384616,ok,cvae,2,42
49,120,96.0,True,24.0,ok,cvae,2,42
50,120,120.0,True,0.0,ok,cvae,2,42
51,120,106.66666666666667,True,13.333333333333329,ok,cvae,2,42
52,120,83.47826086956522,True,36.52173913043478,ok,cvae,2,42
53,120,137.14285714285714,True,17.14285714285714,ok,cvae,2,42
54,120,153.6,True,33.599999999999994,ok,cvae,2,42
55,120,96.0,True,24.0,ok,cvae,2,42
56,120,91.42857142857143,True,28.57142857142857,ok,cvae,2,42
57,120,96.0,True,24.0,ok,cvae,2,42
58,120,80.0,True,40.0,ok,cvae,2,42
59,120,101.05263157894737,True,18.94736842105263,ok,cvae,2,42
60,120,96.0,True,24.0,ok,cvae,2,42
61,120,132.41379310344828,True,12.413793103448285,ok,cvae,2,42
62,120,123.87096774193549,True,3.8709677419354875,ok,cvae,2,42
63,120,80.0,True,40.0,ok,cvae,2,42
64,120,96.0,True,24.0,ok,cvae,2,42
65,120,80.0,True,40.0,ok,cvae,2,42
66,120,103.78378378378379,True,16.21621621621621,ok,cvae,2,42
67,120,96.0,True,24.0,ok,cvae,2,42
68,120,83.47826086956522,True,36.52173913043478,ok,cvae,2,42
69,120,101.05263157894737,True,18.94736842105263,ok,cvae,2,42
70,120,103.78378378378379,True,16.21621621621621,ok,cvae,2,42
71,120,120.0,True,0.0,ok,cvae,2,42
72,120,120.0,True,0.0,ok,cvae,2,42
73,120,80.0,True,40.0,ok,cvae,2,42
74,120,91.42857142857143,True,28.57142857142857,ok,cvae,2,42
75,120,101.05263157894737,True,18.94736842105263,ok,cvae,2,42
76,120,120.0,True,0.0,ok,cvae,2,42
77,120,87.27272727272727,True,32.727272727272734,ok,cvae,2,42
78,120,80.0,True,40.0,ok,cvae,2,42
79,120,80.0,True,40.0,ok,cvae,2,42
80,120,80.0,True,40.0,ok,cvae,2,42
81,120,80.0,True,40.0,ok,cvae,2,42
82,120,91.42857142857143,True,28.57142857142857,ok,cvae,2,42
83,120,73.84615384615384,True,46.15384615384616,ok,cvae,2,42
84,120,76.8,True,43.2,ok,cvae,2,42
85,120,147.69230769230768,True,27.69230769230768,ok,cvae,2,42
86,120,76.8,True,43.2,ok,cvae,2,42
87,120,101.05263157894737,True,18.94736842105263,ok,cvae,2,42
88,120,91.42857142857143,True,28.57142857142857,ok,cvae,2,42
89,120,120.0,True,0.0,ok,cvae,2,42
90,120,153.6,True,33.599999999999994,ok,cvae,2,42
91,120,91.42857142857143,True,28.57142857142857,ok,cvae,2,42
92,120,91.42857142857143,True,28.57142857142857,ok,cvae,2,42
93,120,83.47826086956522,True,36.52173913043478,ok,cvae,2,42
94,120,64.0,True,56.0,ok,cvae,2,42
95,120,98.46153846153847,True,21.538461538461533,ok,cvae,2,42
96,120,147.69230769230768,True,27.69230769230768,ok,cvae,2,42
97,120,98.46153846153847,True,21.538461538461533,ok,cvae,2,42
98,120,81.70212765957447,True,38.29787234042553,ok,cvae,2,42
99,120,96.0,True,24.0,ok,cvae,2,42
100,120,112.94117647058823,True,7.058823529411768,ok,cvae,2,42
101,120,101.05263157894737,True,18.94736842105263,ok,cvae,2,42
102,120,91.42857142857143,True,28.57142857142857,ok,cvae,2,42
103,120,87.27272727272727,True,32.727272727272734,ok,cvae,2,42
104,120,80.0,True,40.0,ok,cvae,2,42
105,120,96.0,True,24.0,ok,cvae,2,42
106,120,67.36842105263158,True,52.631578947368425,ok,cvae,2,42
107,120,65.08474576271186,True,54.91525423728814,ok,cvae,2,42
108,120,91.42857142857143,True,28.57142857142857,ok,cvae,2,42
109,120,96.0,True,24.0,ok,cvae,2,42
110,120,93.65853658536585,True,26.34146341463415,ok,cvae,2,42
111,120,103.78378378378379,True,16.21621621621621,ok,cvae,2,42
112,120,91.42857142857143,True,28.57142857142857,ok,cvae,2,42
113,120,106.66666666666667,True,13.333333333333329,ok,cvae,2,42
114,120,101.05263157894737,True,18.94736842105263,ok,cvae,2,42
115,120,89.30232558139535,True,30.69767441860465,ok,cvae,2,42
116,120,91.42857142857143,True,28.57142857142857,ok,cvae,2,42
117,120,80.0,True,40.0,ok,cvae,2,42
118,120,112.94117647058823,True,7.058823529411768,ok,cvae,2,42
119,120,80.0,True,40.0,ok,cvae,2,42
120,120,80.0,True,40.0,ok,cvae,2,42
121,120,120.0,True,0.0,ok,cvae,2,42
122,120,67.36842105263158,True,52.631578947368425,ok,cvae,2,42
123,120,80.0,True,40.0,ok,cvae,2,42
124,120,109.71428571428571,True,10.285714285714292,ok,cvae,2,42
125,120,80.84210526315789,True,39.15789473684211,ok,cvae,2,42
126,120,120.0,True,0.0,ok,cvae,2,42
127,120,80.0,True,40.0,ok,cvae,2,42
128,120,128.0,True,8.0,ok,cvae,2,42
129,120,106.66666666666667,True,13.333333333333329,ok,cvae,2,42
130,120,101.05263157894737,True,18.94736842105263,ok,cvae,2,42
131,120,96.0,True,24.0,ok,cvae,2,42
132,120,96.0,True,24.0,ok,cvae,2,42
133,120,109.71428571428571,True,10.285714285714292,ok,cvae,2,42
134,120,112.94117647058823,True,7.058823529411768,ok,cvae,2,42
135,120,80.0,True,40.0,ok,cvae,2,42
136,120,87.27272727272727,True,32.727272727272734,ok,cvae,2,42
137,120,80.0,True,40.0,ok,cvae,2,42
138,120,91.42857142857143,True,28.57142857142857,ok,cvae,2,42
139,120,112.94117647058823,True,7.058823529411768,ok,cvae,2,42
140,120,80.0,True,40.0,ok,cvae,2,42
141,120,80.0,True,40.0,ok,cvae,2,42
142,120,94.81481481481481,True,25.18518518518519,ok,cvae,2,42
143,120,80.0,True,40.0,ok,cvae,2,42
144,120,91.42857142857143,True,28.57142857142857,ok,cvae,2,42
145,120,120.0,True,0.0,ok,cvae,2,42
146,120,76.8,True,43.2,ok,cvae,2,42
147,120,160.0,True,40.0,ok,cvae,2,42
148,120,96.0,True,24.0,ok,cvae,2,42
149,120,120.0,True,0.0,ok,cvae,2,42
150,120,137.14285714285714,True,17.14285714285714,ok,cvae,2,42
151,120,120.0,True,0.0,ok,cvae,2,42
152,120,101.05263157894737,True,18.94736842105263,ok,cvae,2,42
153,120,91.42857142857143,True,28.57142857142857,ok,cvae,2,42
154,120,116.36363636363636,True,3.6363636363636402,ok,cvae,2,42
155,120,120.0,True,0.0,ok,cvae,2,42
156,120,83.47826086956522,True,36.52173913043478,ok,cvae,2,42
157,120,103.78378378378379,True,16.21621621621621,ok,cvae,2,42
158,120,78.36734693877551,True,41.63265306122449,ok,cvae,2,42
159,120,71.11111111111111,True,48.888888888888886,ok,cvae,2,42
160,120,91.42857142857143,True,28.57142857142857,ok,cvae,2,42
161,120,80.0,True,40.0,ok,cvae,2,42
162,120,101.05263157894737,True,18.94736842105263,ok,cvae,2,42
163,120,80.0,True,40.0,ok,cvae,2,42
164,120,91.42857142857143,True,28.57142857142857,ok,cvae,2,42
165,120,153.6,True,33.599999999999994,ok,cvae,2,42
166,120,69.81818181818181,True,50.18181818181819,ok,cvae,2,42
167,120,96.0,True,24.0,ok,cvae,2,42
168,120,137.14285714285714,True,17.14285714285714,ok,cvae,2,42
169,120,120.0,True,0.0,ok,cvae,2,42
170,120,96.0,True,24.0,ok,cvae,2,42
171,120,91.42857142857143,True,28.57142857142857,ok,cvae,2,42
172,120,120.0,True,0.0,ok,cvae,2,42
173,120,67.36842105263158,True,52.631578947368425,ok,cvae,2,42
174,120,147.69230769230768,True,27.69230769230768,ok,cvae,2,42
175,120,81.70212765957447,True,38.29787234042553,ok,cvae,2,42
176,120,76.8,True,43.2,ok,cvae,2,42
177,120,93.65853658536585,True,26.34146341463415,ok,cvae,2,42
178,120,80.0,True,40.0,ok,cvae,2,42
179,120,96.0,True,24.0,ok,cvae,2,42
180,120,61.935483870967744,True,58.064516129032256,ok,cvae,2,42
181,120,120.0,True,0.0,ok,cvae,2,42
182,120,101.05263157894737,True,18.94736842105263,ok,cvae,2,42
183,120,76.8,True,43.2,ok,cvae,2,42
184,120,128.0,True,8.0,ok,cvae,2,42
185,120,80.0,True,40.0,ok,cvae,2,42
186,120,80.0,True,40.0,ok,cvae,2,42
187,120,98.46153846153847,True,21.538461538461533,ok,cvae,2,42
188,120,80.0,True,40.0,ok,cvae,2,42
189,120,83.47826086956522,True,36.52173913043478,ok,cvae,2,42
190,120,80.0,True,40.0,ok,cvae,2,42
191,120,96.0,True,24.0,ok,cvae,2,42
192,120,78.36734693877551,True,41.63265306122449,ok,cvae,2,42
193,120,147.69230769230768,True,27.69230769230768,ok,cvae,2,42
194,120,96.0,True,24.0,ok,cvae,2,42
195,120,80.0,True,40.0,ok,cvae,2,42
196,120,80.0,True,40.0,ok,cvae,2,42
197,120,106.66666666666667,True,13.333333333333329,ok,cvae,2,42
198,120,147.69230769230768,True,27.69230769230768,ok,cvae,2,42
199,120,120.0,True,0.0,ok,cvae,2,42
200,120,103.78378378378379,True,16.21621621621621,ok,cvae,2,42
201,120,60.0,True,60.0,ok,cvae,2,42
202,120,80.0,True,40.0,ok,cvae,2,42
203,120,80.0,True,40.0,ok,cvae,2,42
204,120,80.0,True,40.0,ok,cvae,2,42
205,120,137.14285714285714,True,17.14285714285714,ok,cvae,2,42
206,120,91.42857142857143,True,28.57142857142857,ok,cvae,2,42
207,120,80.0,True,40.0,ok,cvae,2,42
208,120,96.0,True,24.0,ok,cvae,2,42
209,120,89.30232558139535,True,30.69767441860465,ok,cvae,2,42
210,120,76.03960396039604,True,43.960396039603964,ok,cvae,2,42
211,120,101.05263157894737,True,18.94736842105263,ok,cvae,2,42
212,120,101.05263157894737,True,18.94736842105263,ok,cvae,2,42
213,120,93.65853658536585,True,26.34146341463415,ok,cvae,2,42
214,120,96.0,True,24.0,ok,cvae,2,42
215,120,80.0,True,40.0,ok,cvae,2,42
216,120,96.0,True,24.0,ok,cvae,2,42
217,120,96.0,True,24.0,ok,cvae,2,42
218,120,120.0,True,0.0,ok,cvae,2,42
219,120,103.78378378378379,True,16.21621621621621,ok,cvae,2,42
220,120,96.0,True,24.0,ok,cvae,2,42
221,120,76.8,True,43.2,ok,cvae,2,42
222,120,96.0,True,24.0,ok,cvae,2,42
223,120,80.0,True,40.0,ok,cvae,2,42
224,120,101.05263157894737,True,18.94736842105263,ok,cvae,2,42
225,120,71.11111111111111,True,48.888888888888886,ok,cvae,2,42
226,120,80.0,True,40.0,ok,cvae,2,42
227,120,153.6,True,33.599999999999994,ok,cvae,2,42
228,120,80.0,True,40.0,ok,cvae,2,42
229,120,81.70212765957447,True,38.29787234042553,ok,cvae,2,42
230,120,96.0,True,24.0,ok,cvae,2,42
231,120,101.05263157894737,True,18.94736842105263,ok,cvae,2,42
232,120,83.47826086956522,True,36.52173913043478,ok,cvae,2,42
233,120,87.27272727272727,True,32.727272727272734,ok,cvae,2,42
234,120,96.0,True,24.0,ok,cvae,2,42
235,120,96.0,True,24.0,ok,cvae,2,42
236,120,91.42857142857143,True,28.57142857142857,ok,cvae,2,42
237,120,96.0,True,24.0,ok,cvae,2,42
238,120,85.33333333333333,True,34.66666666666667,ok,cvae,2,42
239,120,80.0,True,40.0,ok,cvae,2,42
240,120,120.0,True,0.0,ok,cvae,2,42
241,120,96.0,True,24.0,ok,cvae,2,42
242,120,147.69230769230768,True,27.69230769230768,ok,cvae,2,42
243,120,96.0,True,24.0,ok,cvae,2,42
244,120,80.0,True,40.0,ok,cvae,2,42
245,120,93.65853658536585,True,26.34146341463415,ok,cvae,2,42
246,120,76.8,True,43.2,ok,cvae,2,42
247,120,89.30232558139535,True,30.69767441860465,ok,cvae,2,42
248,120,91.42857142857143,True,28.57142857142857,ok,cvae,2,42
249,120,96.0,True,24.0,ok,cvae,2,42
250,120,96.0,True,24.0,ok,cvae,2,42
251,120,83.47826086956522,True,36.52173913043478,ok,cvae,2,42
252,120,75.29411764705883,True,44.705882352941174,ok,cvae,2,42
253,120,91.42857142857143,True,28.57142857142857,ok,cvae,2,42
254,120,106.66666666666667,True,13.333333333333329,ok,cvae,2,42
255,120,80.0,True,40.0,ok,cvae,2,42
256,120,96.0,True,24.0,ok,cvae,2,42
257,120,93.65853658536585,True,26.34146341463415,ok,cvae,2,42
258,120,91.42857142857143,True,28.57142857142857,ok,cvae,2,42
259,120,91.42857142857143,True,28.57142857142857,ok,cvae,2,42
260,120,81.70212765957447,True,38.29787234042553,ok,cvae,2,42
261,120,92.53012048192771,True,27.46987951807229,ok,cvae,2,42
262,120,96.0,True,24.0,ok,cvae,2,42
263,120,78.36734693877551,True,41.63265306122449,ok,cvae,2,42
264,120,101.05263157894737,True,18.94736842105263,ok,cvae,2,42
265,120,89.30232558139535,True,30.69767441860465,ok,cvae,2,42
266,120,103.78378378378379,True,16.21621621621621,ok,cvae,2,42
267,120,120.0,True,0.0,ok,cvae,2,42
268,120,73.84615384615384,True,46.15384615384616,ok,cvae,2,42
269,120,87.27272727272727,True,32.727272727272734,ok,cvae,2,42
270,120,112.94117647058823,True,7.058823529411768,ok,cvae,2,42
271,120,120.0,True,0.0,ok,cvae,2,42
272,120,96.0,True,24.0,ok,cvae,2,42
273,120,83.47826086956522,True,36.52173913043478,ok,cvae,2,42
274,120,96.0,True,24.0,ok,cvae,2,42
275,120,96.0,True,24.0,ok,cvae,2,42
276,120,80.0,True,40.0,ok,cvae,2,42
277,120,106.66666666666667,True,13.333333333333329,ok,cvae,2,42
278,120,80.0,True,40.0,ok,cvae,2,42
279,120,112.94117647058823,True,7.058823529411768,ok,cvae,2,42
280,120,120.0,True,0.0,ok,cvae,2,42
281,120,80.0,True,40.0,ok,cvae,2,42
282,120,80.0,True,40.0,ok,cvae,2,42
283,120,128.0,True,8.0,ok,cvae,2,42
284,120,147.69230769230768,True,27.69230769230768,ok,cvae,2,42
285,120,87.27272727272727,True,32.727272727272734,ok,cvae,2,42
286,120,96.0,True,24.0,ok,cvae,2,42
287,120,120.0,True,0.0,ok,cvae,2,42
288,120,103.78378378378379,True,16.21621621621621,ok,cvae,2,42
289,120,101.05263157894737,True,18.94736842105263,ok,cvae,2,42
290,120,101.05263157894737,True,18.94736842105263,ok,cvae,2,42
291,120,120.0,True,0.0,ok,cvae,2,42
292,120,96.0,True,24.0,ok,cvae,2,42
293,120,91.42857142857143,True,28.57142857142857,ok,cvae,2,42
294,120,96.0,True,24.0,ok,cvae,2,42
295,120,160.0,True,40.0,ok,cvae,2,42
296,120,80.0,True,40.0,ok,cvae,2,42
297,120,120.0,True,0.0,ok,cvae,2,42
298,120,80.0,True,40.0,ok,cvae,2,42
299,120,147.69230769230768,True,27.69230769230768,ok,cvae,2,42
300,120,65.08474576271186,True,54.91525423728814,ok,cvae,2,42
301,120,85.33333333333333,True,34.66666666666667,ok,cvae,2,42
302,120,83.47826086956522,True,36.52173913043478,ok,cvae,2,42
303,120,120.0,True,0.0,ok,cvae,2,42
304,120,80.0,True,40.0,ok,cvae,2,42
305,120,80.0,True,40.0,ok,cvae,2,42
306,120,83.47826086956522,True,36.52173913043478,ok,cvae,2,42
307,120,96.0,True,24.0,ok,cvae,2,42
308,120,96.0,True,24.0,ok,cvae,2,42
309,120,112.94117647058823,True,7.058823529411768,ok,cvae,2,42
310,120,96.0,True,24.0,ok,cvae,2,42
311,120,81.70212765957447,True,38.29787234042553,ok,cvae,2,42
312,120,120.0,True,0.0,ok,cvae,2,42
313,120,71.11111111111111,True,48.888888888888886,ok,cvae,2,42
314,120,91.42857142857143,True,28.57142857142857,ok,cvae,2,42
315,120,80.0,True,40.0,ok,cvae,2,42
316,120,85.33333333333333,True,34.66666666666667,ok,cvae,2,42
317,120,80.0,True,40.0,ok,cvae,2,42
318,120,98.46153846153847,True,21.538461538461533,ok,cvae,2,42
319,120,72.45283018867924,True,47.54716981132076,ok,cvae,2,42
320,120,121.9047619047619,True,1.904761904761898,ok,cvae,2,42
321,120,120.0,True,0.0,ok,cvae,2,42
322,120,96.0,True,24.0,ok,cvae,2,42
323,120,120.0,True,0.0,ok,cvae,2,42
324,120,106.66666666666667,True,13.333333333333329,ok,cvae,2,42
325,120,91.42857142857143,True,28.57142857142857,ok,cvae,2,42
326,120,91.42857142857143,True,28.57142857142857,ok,cvae,2,42
327,120,96.0,True,24.0,ok,cvae,2,42
328,120,80.0,True,40.0,ok,cvae,2,42
329,120,120.0,True,0.0,ok,cvae,2,42
330,120,106.66666666666667,True,13.333333333333329,ok,cvae,2,42
331,120,116.36363636363636,True,3.6363636363636402,ok,cvae,2,42
332,120,80.0,True,40.0,ok,cvae,2,42
333,120,93.65853658536585,True,26.34146341463415,ok,cvae,2,42
334,120,76.8,True,43.2,ok,cvae,2,42
335,120,93.65853658536585,True,26.34146341463415,ok,cvae,2,42
336,120,80.0,True,40.0,ok,cvae,2,42
337,120,85.33333333333333,True,34.66666666666667,ok,cvae,2,42
338,120,120.0,True,0.0,ok,cvae,2,42
339,120,67.36842105263158,True,52.631578947368425,ok,cvae,2,42
340,120,96.0,True,24.0,ok,cvae,2,42
341,120,91.42857142857143,True,28.57142857142857,ok,cvae,2,42
342,120,91.42857142857143,True,28.57142857142857,ok,cvae,2,42
343,120,80.0,True,40.0,ok,cvae,2,42
344,120,98.46153846153847,True,21.538461538461533,ok,cvae,2,42
345,120,98.46153846153847,True,21.538461538461533,ok,cvae,2,42
346,120,120.0,True,0.0,ok,cvae,2,42
347,120,72.45283018867924,True,47.54716981132076,ok,cvae,2,42
348,120,87.27272727272727,True,32.727272727272734,ok,cvae,2,42
349,120,80.0,True,40.0,ok,cvae,2,42
350,120,120.0,True,0.0,ok,cvae,2,42
351,120,69.81818181818181,True,50.18181818181819,ok,cvae,2,42
352,120,73.84615384615384,True,46.15384615384616,ok,cvae,2,42
353,120,80.0,True,40.0,ok,cvae,2,42
354,120,101.05263157894737,True,18.94736842105263,ok,cvae,2,42
355,120,80.0,True,40.0,ok,cvae,2,42
356,120,80.0,True,40.0,ok,cvae,2,42
357,120,93.65853658536585,True,26.34146341463415,ok,cvae,2,42
358,120,116.36363636363636,True,3.6363636363636402,ok,cvae,2,42
359,120,91.42857142857143,True,28.57142857142857,ok,cvae,2,42
360,120,83.47826086956522,True,36.52173913043478,ok,cvae,2,42
361,120,96.0,True,24.0,ok,cvae,2,42
362,120,96.0,True,24.0,ok,cvae,2,42
363,120,83.47826086956522,True,36.52173913043478,ok,cvae,2,42
364,120,71.11111111111111,True,48.888888888888886,ok,cvae,2,42
365,120,96.0,True,24.0,ok,cvae,2,42
366,120,98.46153846153847,True,21.538461538461533,ok,cvae,2,42
367,120,85.33333333333333,True,34.66666666666667,ok,cvae,2,42
368,120,81.70212765957447,True,38.29787234042553,ok,cvae,2,42
369,120,85.33333333333333,True,34.66666666666667,ok,cvae,2,42
370,120,96.0,True,24.0,ok,cvae,2,42
371,120,98.46153846153847,True,21.538461538461533,ok,cvae,2,42
372,120,120.0,True,0.0,ok,cvae,2,42
373,120,123.87096774193549,True,3.8709677419354875,ok,cvae,2,42
374,120,93.65853658536585,True,26.34146341463415,ok,cvae,2,42
375,120,96.0,True,24.0,ok,cvae,2,42
376,120,80.0,True,40.0,ok,cvae,2,42
377,120,60.0,True,60.0,ok,cvae,2,42
378,120,76.8,True,43.2,ok,cvae,2,42
379,120,98.46153846153847,True,21.538461538461533,ok,cvae,2,42
380,120,80.0,True,40.0,ok,cvae,2,42
381,120,80.0,True,40.0,ok,cvae,2,42
382,120,83.47826086956522,True,36.52173913043478,ok,cvae,2,42
383,120,160.0,True,40.0,ok,cvae,2,42
384,120,128.0,True,8.0,ok,cvae,2,42
385,120,137.14285714285714,True,17.14285714285714,ok,cvae,2,42
386,120,71.11111111111111,True,48.888888888888886,ok,cvae,2,42
387,120,80.0,True,40.0,ok,cvae,2,42
388,120,91.42857142857143,True,28.57142857142857,ok,cvae,2,42
389,120,96.0,True,24.0,ok,cvae,2,42
390,120,96.0,True,24.0,ok,cvae,2,42
391,120,112.94117647058823,True,7.058823529411768,ok,cvae,2,42
392,120,120.0,True,0.0,ok,cvae,2,42
393,120,91.42857142857143,True,28.57142857142857,ok,cvae,2,42
394,120,83.47826086956522,True,36.52173913043478,ok,cvae,2,42
395,120,80.0,True,40.0,ok,cvae,2,42
396,120,91.42857142857143,True,28.57142857142857,ok,cvae,2,42
397,120,89.30232558139535,True,30.69767441860465,ok,cvae,2,42
398,120,96.0,True,24.0,ok,cvae,2,42
399,120,80.0,True,40.0,ok,cvae,2,42
400,120,153.6,True,33.599999999999994,ok,cvae,2,42
401,120,83.47826086956522,True,36.52173913043478,ok,cvae,2,42
402,120,137.14285714285714,True,17.14285714285714,ok,cvae,2,42
403,120,106.66666666666667,True,13.333333333333329,ok,cvae,2,42
404,120,85.33333333333333,True,34.66666666666667,ok,cvae,2,42
405,120,120.0,True,0.0,ok,cvae,2,42
406,120,96.0,True,24.0,ok,cvae,2,42
407,120,96.0,True,24.0,ok,cvae,2,42
408,120,128.0,True,8.0,ok,cvae,2,42
409,120,98.46153846153847,True,21.538461538461533,ok,cvae,2,42
410,120,80.0,True,40.0,ok,cvae,2,42
411,120,112.94117647058823,True,7.058823529411768,ok,cvae,2,42
412,120,85.33333333333333,True,34.66666666666667,ok,cvae,2,42
413,120,87.27272727272727,True,32.727272727272734,ok,cvae,2,42
414,120,96.0,True,24.0,ok,cvae,2,42
415,120,93.65853658536585,True,26.34146341463415,ok,cvae,2,42
416,120,91.42857142857143,True,28.57142857142857,ok,cvae,2,42
417,120,96.0,True,24.0,ok,cvae,2,42
418,120,101.05263157894737,True,18.94736842105263,ok,cvae,2,42
419,120,80.0,True,40.0,ok,cvae,2,42
420,120,81.70212765957447,True,38.29787234042553,ok,cvae,2,42
421,120,147.69230769230768,True,27.69230769230768,ok,cvae,2,42
422,120,103.78378378378379,True,16.21621621621621,ok,cvae,2,42
423,120,81.70212765957447,True,38.29787234042553,ok,cvae,2,42
424,120,120.0,True,0.0,ok,cvae,2,42
425,120,96.0,True,24.0,ok,cvae,2,42
426,120,89.30232558139535,True,30.69767441860465,ok,cvae,2,42
427,120,91.42857142857143,True,28.57142857142857,ok,cvae,2,42
428,120,78.36734693877551,True,41.63265306122449,ok,cvae,2,42
429,120,83.47826086956522,True,36.52173913043478,ok,cvae,2,42
430,120,80.0,True,40.0,ok,cvae,2,42
431,120,89.30232558139535,True,30.69767441860465,ok,cvae,2,42
432,120,80.0,True,40.0,ok,cvae,2,42
433,120,91.42857142857143,True,28.57142857142857,ok,cvae,2,42
434,120,80.0,True,40.0,ok,cvae,2,42
435,120,96.0,True,24.0,ok,cvae,2,42
436,120,80.0,True,40.0,ok,cvae,2,42
437,120,147.69230769230768,True,27.69230769230768,ok,cvae,2,42
438,120,96.0,True,24.0,ok,cvae,2,42
439,120,81.70212765957447,True,38.29787234042553,ok,cvae,2,42
440,120,120.0,True,0.0,ok,cvae,2,42
441,120,120.0,True,0.0,ok,cvae,2,42
442,120,96.0,True,24.0,ok,cvae,2,42
443,120,75.29411764705883,True,44.705882352941174,ok,cvae,2,42
444,120,142.22222222222223,True,22.22222222222223,ok,cvae,2,42
445,120,80.0,True,40.0,ok,cvae,2,42
446,120,91.42857142857143,True,28.57142857142857,ok,cvae,2,42
447,120,96.0,True,24.0,ok,cvae,2,42
448,120,80.0,True,40.0,ok,cvae,2,42
449,120,80.0,True,40.0,ok,cvae,2,42
450,120,85.33333333333333,True,34.66666666666667,ok,cvae,2,42
451,120,96.0,True,24.0,ok,cvae,2,42
452,120,120.0,True,0.0,ok,cvae,2,42
453,120,120.0,True,0.0,ok,cvae,2,42
454,120,120.0,True,0.0,ok,cvae,2,42
455,120,80.0,True,40.0,ok,cvae,2,42
456,120,120.0,True,0.0,ok,cvae,2,42
457,120,75.29411764705883,True,44.705882352941174,ok,cvae,2,42
458,120,94.81481481481481,True,25.18518518518519,ok,cvae,2,42
459,120,120.0,True,0.0,ok,cvae,2,42
460,120,75.29411764705883,True,44.705882352941174,ok,cvae,2,42
461,120,120.0,True,0.0,ok,cvae,2,42
462,120,93.65853658536585,True,26.34146341463415,ok,cvae,2,42
463,120,101.05263157894737,True,18.94736842105263,ok,cvae,2,42
464,120,120.0,True,0.0,ok,cvae,2,42
465,120,80.0,True,40.0,ok,cvae,2,42
466,120,101.05263157894737,True,18.94736842105263,ok,cvae,2,42
467,120,96.0,True,24.0,ok,cvae,2,42
468,120,96.0,True,24.0,ok,cvae,2,42
469,120,120.0,True,0.0,ok,cvae,2,42
470,120,60.0,True,60.0,ok,cvae,2,42
471,120,147.69230769230768,True,27.69230769230768,ok,cvae,2,42
472,120,96.0,True,24.0,ok,cvae,2,42
473,120,83.47826086956522,True,36.52173913043478,ok,cvae,2,42
474,120,80.0,True,40.0,ok,cvae,2,42
475,120,80.0,True,40.0,ok,cvae,2,42
476,120,75.29411764705883,True,44.705882352941174,ok,cvae,2,42
477,120,83.47826086956522,True,36.52173913043478,ok,cvae,2,42
478,120,147.69230769230768,True,27.69230769230768,ok,cvae,2,42
479,120,132.41379310344828,True,12.413793103448285,ok,cvae,2,42
480,120,123.87096774193549,True,3.8709677419354875,ok,cvae,2,42
481,120,80.0,True,40.0,ok,cvae,2,42
482,120,101.05263157894737,True,18.94736842105263,ok,cvae,2,42
483,120,80.0,True,40.0,ok,cvae,2,42
484,120,147.69230769230768,True,27.69230769230768,ok,cvae,2,42
485,120,80.0,True,40.0,ok,cvae,2,42
486,120,93.65853658536585,True,26.34146341463415,ok,cvae,2,42
487,120,80.0,True,40.0,ok,cvae,2,42
488,120,132.41379310344828,True,12.413793103448285,ok,cvae,2,42
489,120,147.69230769230768,True,27.69230769230768,ok,cvae,2,42
490,120,120.0,True,0.0,ok,cvae,2,42
491,120,80.0,True,40.0,ok,cvae,2,42
492,120,83.47826086956522,True,36.52173913043478,ok,cvae,2,42
493,120,91.42857142857143,True,28.57142857142857,ok,cvae,2,42
494,120,80.0,True,40.0,ok,cvae,2,42
495,120,91.42857142857143,True,28.57142857142857,ok,cvae,2,42
496,120,109.71428571428571,True,10.285714285714292,ok,cvae,2,42
497,120,96.0,True,24.0,ok,cvae,2,42
498,120,109.71428571428571,True,10.285714285714292,ok,cvae,2,42
499,120,120.0,True,0.0,ok,cvae,2,42
500,120,103.78378378378379,True,16.21621621621621,ok,cvae,2,42
501,120,120.0,True,0.0,ok,cvae,2,42
502,120,96.0,True,24.0,ok,cvae,2,42
503,120,80.0,True,40.0,ok,cvae,2,42
504,120,80.0,True,40.0,ok,cvae,2,42
505,120,132.41379310344828,True,12.413793103448285,ok,cvae,2,42
506,120,80.0,True,40.0,ok,cvae,2,42
507,120,60.0,True,60.0,ok,cvae,2,42
508,120,75.29411764705883,True,44.705882352941174,ok,cvae,2,42
509,120,93.65853658536585,True,26.34146341463415,ok,cvae,2,42
510,120,160.0,True,40.0,ok,cvae,2,42
511,120,80.0,True,40.0,ok,cvae,2,42
512,120,87.27272727272727,True,32.727272727272734,ok,cvae,2,42
513,120,83.47826086956522,True,36.52173913043478,ok,cvae,2,42
514,120,112.94117647058823,True,7.058823529411768,ok,cvae,2,42
515,120,96.0,True,24.0,ok,cvae,2,42
516,120,87.27272727272727,True,32.727272727272734,ok,cvae,2,42
517,120,80.0,True,40.0,ok,cvae,2,42
518,120,120.0,True,0.0,ok,cvae,2,42
519,120,103.78378378378379,True,16.21621621621621,ok,cvae,2,42
520,120,96.0,True,24.0,ok,cvae,2,42
521,120,80.0,True,40.0,ok,cvae,2,42
522,120,120.0,True,0.0,ok,cvae,2,42
523,120,120.0,True,0.0,ok,cvae,2,42
524,120,112.94117647058823,True,7.058823529411768,ok,cvae,2,42
525,120,83.47826086956522,True,36.52173913043478,ok,cvae,2,42
526,120,71.11111111111111,True,48.888888888888886,ok,cvae,2,42
527,120,83.47826086956522,True,36.52173913043478,ok,cvae,2,42
528,120,93.65853658536585,True,26.34146341463415,ok,cvae,2,42
529,120,80.0,True,40.0,ok,cvae,2,42
530,120,120.0,True,0.0,ok,cvae,2,42
531,120,78.36734693877551,True,41.63265306122449,ok,cvae,2,42
532,120,91.42857142857143,True,28.57142857142857,ok,cvae,2,42
533,120,101.05263157894737,True,18.94736842105263,ok,cvae,2,42
534,120,69.81818181818181,True,50.18181818181819,ok,cvae,2,42
535,120,120.0,True,0.0,ok,cvae,2,42
536,120,80.0,True,40.0,ok,cvae,2,42
537,120,147.69230769230768,True,27.69230769230768,ok,cvae,2,42
538,120,75.29411764705883,True,44.705882352941174,ok,cvae,2,42
539,120,80.0,True,40.0,ok,cvae,2,42
540,120,64.0,True,56.0,ok,cvae,2,42
541,120,132.41379310344828,True,12.413793103448285,ok,cvae,2,42
542,120,120.0,True,0.0,ok,cvae,2,42
543,120,106.66666666666667,True,13.333333333333329,ok,cvae,2,42
544,120,80.0,True,40.0,ok,cvae,2,42
545,120,109.71428571428571,True,10.285714285714292,ok,cvae,2,42
546,120,80.0,True,40.0,ok,cvae,2,42
547,120,102.4,True,17.599999999999994,ok,cvae,2,42
548,120,101.05263157894737,True,18.94736842105263,ok,cvae,2,42
549,120,87.27272727272727,True,32.727272727272734,ok,cvae,2,42
550,120,80.0,True,40.0,ok,cvae,2,42
551,120,80.0,True,40.0,ok,cvae,2,42
552,120,85.33333333333333,True,34.66666666666667,ok,cvae,2,42
553,120,112.94117647058823,True,7.058823529411768,ok,cvae,2,42
554,120,87.27272727272727,True,32.727272727272734,ok,cvae,2,42
555,120,96.0,True,24.0,ok,cvae,2,42
556,120,80.0,True,40.0,ok,cvae,2,42
557,120,160.0,True,40.0,ok,cvae,2,42
558,120,80.0,True,40.0,ok,cvae,2,42
559,120,80.0,True,40.0,ok,cvae,2,42
560,120,91.42857142857143,True,28.57142857142857,ok,cvae,2,42
561,120,128.0,True,8.0,ok,cvae,2,42
562,120,96.0,True,24.0,ok,cvae,2,42
563,120,80.0,True,40.0,ok,cvae,2,42
564,120,116.36363636363636,True,3.6363636363636402,ok,cvae,2,42
565,120,106.66666666666667,True,13.333333333333329,ok,cvae,2,42
566,120,112.94117647058823,True,7.058823529411768,ok,cvae,2,42
567,120,91.42857142857143,True,28.57142857142857,ok,cvae,2,42
568,120,120.0,True,0.0,ok,cvae,2,42
569,120,91.42857142857143,True,28.57142857142857,ok,cvae,2,42
570,120,91.42857142857143,True,28.57142857142857,ok,cvae,2,42
571,120,87.27272727272727,True,32.727272727272734,ok,cvae,2,42
572,120,83.47826086956522,True,36.52173913043478,ok,cvae,2,42
573,120,80.0,True,40.0,ok,cvae,2,42
574,120,109.71428571428571,True,10.285714285714292,ok,cvae,2,42
575,120,78.36734693877551,True,41.63265306122449,ok,cvae,2,42
576,120,98.46153846153847,True,21.538461538461533,ok,cvae,2,42
577,120,96.0,True,24.0,ok,cvae,2,42
578,120,91.42857142857143,True,28.57142857142857,ok,cvae,2,42
579,120,80.0,True,40.0,ok,cvae,2,42
580,120,83.47826086956522,True,36.52173913043478,ok,cvae,2,42
581,120,96.0,True,24.0,ok,cvae,2,42
582,120,91.42857142857143,True,28.57142857142857,ok,cvae,2,42
583,120,96.0,True,24.0,ok,cvae,2,42
584,120,147.69230769230768,True,27.69230769230768,ok,cvae,2,42
585,120,106.66666666666667,True,13.333333333333329,ok,cvae,2,42
586,120,101.05263157894737,True,18.94736842105263,ok,cvae,2,42
587,120,96.0,True,24.0,ok,cvae,2,42
588,120,85.33333333333333,True,34.66666666666667,ok,cvae,2,42
589,120,71.11111111111111,True,48.888888888888886,ok,cvae,2,42
590,120,80.0,True,40.0,ok,cvae,2,42
591,120,81.70212765957447,True,38.29787234042553,ok,cvae,2,42
592,120,120.0,True,0.0,ok,cvae,2,42
593,120,93.65853658536585,True,26.34146341463415,ok,cvae,2,42
594,120,147.69230769230768,True,27.69230769230768,ok,cvae,2,42
595,120,96.0,True,24.0,ok,cvae,2,42
596,120,96.0,True,24.0,ok,cvae,2,42
597,120,96.0,True,24.0,ok,cvae,2,42
598,120,85.33333333333333,True,34.66666666666667,ok,cvae,2,42
599,120,89.30232558139535,True,30.69767441860465,ok,cvae,2,42
600,120,103.78378378378379,True,16.21621621621621,ok,cvae,2,42
601,120,96.0,True,24.0,ok,cvae,2,42
602,120,101.05263157894737,True,18.94736842105263,ok,cvae,2,42
603,120,120.0,True,0.0,ok,cvae,2,42
604,120,96.0,True,24.0,ok,cvae,2,42
605,120,98.46153846153847,True,21.538461538461533,ok,cvae,2,42
606,120,81.70212765957447,True,38.29787234042553,ok,cvae,2,42
607,120,147.69230769230768,True,27.69230769230768,ok,cvae,2,42
608,120,68.57142857142857,True,51.42857142857143,ok,cvae,2,42
609,120,91.42857142857143,True,28.57142857142857,ok,cvae,2,42
610,120,80.0,True,40.0,ok,cvae,2,42
611,120,112.94117647058823,True,7.058823529411768,ok,cvae,2,42
612,120,128.0,True,8.0,ok,cvae,2,42
613,120,93.65853658536585,True,26.34146341463415,ok,cvae,2,42
614,120,103.78378378378379,True,16.21621621621621,ok,cvae,2,42
615,120,147.69230769230768,True,27.69230769230768,ok,cvae,2,42
616,120,81.70212765957447,True,38.29787234042553,ok,cvae,2,42
617,120,120.0,True,0.0,ok,cvae,2,42
618,120,91.42857142857143,True,28.57142857142857,ok,cvae,2,42
619,120,98.46153846153847,True,21.538461538461533,ok,cvae,2,42
620,120,160.0,True,40.0,ok,cvae,2,42
621,120,147.69230769230768,True,27.69230769230768,ok,cvae,2,42
622,120,80.0,True,40.0,ok,cvae,2,42
623,120,87.27272727272727,True,32.727272727272734,ok,cvae,2,42
624,120,80.0,True,40.0,ok,cvae,2,42
625,120,76.8,True,43.2,ok,cvae,2,42
626,120,106.66666666666667,True,13.333333333333329,ok,cvae,2,42
627,120,68.57142857142857,True,51.42857142857143,ok,cvae,2,42
628,120,89.30232558139535,True,30.69767441860465,ok,cvae,2,42
629,120,85.33333333333333,True,34.66666666666667,ok,cvae,2,42
630,120,68.57142857142857,True,51.42857142857143,ok,cvae,2,42
631,120,91.42857142857143,True,28.57142857142857,ok,cvae,2,42
632,120,91.42857142857143,True,28.57142857142857,ok,cvae,2,42
633,120,123.87096774193549,True,3.8709677419354875,ok,cvae,2,42
634,120,89.30232558139535,True,30.69767441860465,ok,cvae,2,42
635,120,147.69230769230768,True,27.69230769230768,ok,cvae,2,42
636,120,132.41379310344828,True,12.413793103448285,ok,cvae,2,42
637,120,91.42857142857143,True,28.57142857142857,ok,cvae,2,42
638,120,91.42857142857143,True,28.57142857142857,ok,cvae,2,42
639,120,80.0,True,40.0,ok,cvae,2,42
640,120,60.0,True,60.0,ok,cvae,2,42
641,120,91.42857142857143,True,28.57142857142857,ok,cvae,2,42
642,120,120.0,True,0.0,ok,cvae,2,42
643,120,80.0,True,40.0,ok,cvae,2,42
644,120,80.0,True,40.0,ok,cvae,2,42
645,120,91.42857142857143,True,28.57142857142857,ok,cvae,2,42
646,120,97.21518987341773,True,22.784810126582272,ok,cvae,2,42
647,120,80.0,True,40.0,ok,cvae,2,42
648,120,101.05263157894737,True,18.94736842105263,ok,cvae,2,42
649,120,153.6,True,33.599999999999994,ok,cvae,2,42
650,120,80.0,True,40.0,ok,cvae,2,42
651,120,80.0,True,40.0,ok,cvae,2,42
652,120,83.47826086956522,True,36.52173913043478,ok,cvae,2,42
653,120,80.84210526315789,True,39.15789473684211,ok,cvae,2,42
654,120,80.0,True,40.0,ok,cvae,2,42
655,120,101.05263157894737,True,18.94736842105263,ok,cvae,2,42
656,120,85.33333333333333,True,34.66666666666667,ok,cvae,2,42
657,120,120.0,True,0.0,ok,cvae,2,42
658,120,128.0,True,8.0,ok,cvae,2,42
659,120,87.27272727272727,True,32.727272727272734,ok,cvae,2,42
660,120,93.65853658536585,True,26.34146341463415,ok,cvae,2,42
661,120,91.42857142857143,True,28.57142857142857,ok,cvae,2,42
662,120,91.42857142857143,True,28.57142857142857,ok,cvae,2,42
663,120,83.47826086956522,True,36.52173913043478,ok,cvae,2,42
664,120,87.27272727272727,True,32.727272727272734,ok,cvae,2,42
665,120,91.42857142857143,True,28.57142857142857,ok,cvae,2,42
666,120,73.84615384615384,True,46.15384615384616,ok,cvae,2,42
667,120,80.0,True,40.0,ok,cvae,2,42
668,120,120.0,True,0.0,ok,cvae,2,42
669,120,91.42857142857143,True,28.57142857142857,ok,cvae,2,42
670,120,132.41379310344828,True,12.413793103448285,ok,cvae,2,42
671,120,87.27272727272727,True,32.727272727272734,ok,cvae,2,42
672,120,87.27272727272727,True,32.727272727272734,ok,cvae,2,42
673,120,71.11111111111111,True,48.888888888888886,ok,cvae,2,42
674,120,81.70212765957447,True,38.29787234042553,ok,cvae,2,42
675,120,96.0,True,24.0,ok,cvae,2,42
676,120,106.66666666666667,True,13.333333333333329,ok,cvae,2,42
677,120,81.70212765957447,True,38.29787234042553,ok,cvae,2,42
678,120,80.0,True,40.0,ok,cvae,2,42
679,120,80.0,True,40.0,ok,cvae,2,42
680,120,75.29411764705883,True,44.705882352941174,ok,cvae,2,42
681,120,91.42857142857143,True,28.57142857142857,ok,cvae,2,42
682,120,83.47826086956522,True,36.52173913043478,ok,cvae,2,42
683,120,96.0,True,24.0,ok,cvae,2,42
684,120,112.94117647058823,True,7.058823529411768,ok,cvae,2,42
685,120,75.29411764705883,True,44.705882352941174,ok,cvae,2,42
686,120,87.27272727272727,True,32.727272727272734,ok,cvae,2,42
687,120,96.0,True,24.0,ok,cvae,2,42
688,120,87.27272727272727,True,32.727272727272734,ok,cvae,2,42
689,120,87.27272727272727,True,32.727272727272734,ok,cvae,2,42
690,120,120.0,True,0.0,ok,cvae,2,42
691,120,96.0,True,24.0,ok,cvae,2,42
692,120,85.33333333333333,True,34.66666666666667,ok,cvae,2,42
693,120,96.0,True,24.0,ok,cvae,2,42
694,120,73.84615384615384,True,46.15384615384616,ok,cvae,2,42
695,120,83.47826086956522,True,36.52173913043478,ok,cvae,2,42
696,120,80.0,True,40.0,ok,cvae,2,42
697,120,96.0,True,24.0,ok,cvae,2,42
698,120,61.935483870967744,True,58.064516129032256,ok,cvae,2,42
699,120,147.69230769230768,True,27.69230769230768,ok,cvae,2,42
700,120,120.0,True,0.0,ok,cvae,2,42
701,120,101.05263157894737,True,18.94736842105263,ok,cvae,2,42
702,120,85.33333333333333,True,34.66666666666667,ok,cvae,2,42
703,120,91.42857142857143,True,28.57142857142857,ok,cvae,2,42
704,120,112.94117647058823,True,7.058823529411768,ok,cvae,2,42
705,120,96.0,True,24.0,ok,cvae,2,42
706,120,80.0,True,40.0,ok,cvae,2,42
707,120,108.16901408450704,True,11.83098591549296,ok,cvae,2,42
708,120,96.0,True,24.0,ok,cvae,2,42
709,120,80.0,True,40.0,ok,cvae,2,42
710,120,80.0,True,40.0,ok,cvae,2,42
711,120,96.0,True,24.0,ok,cvae,2,42
712,120,96.0,True,24.0,ok,cvae,2,42
713,120,83.47826086956522,True,36.52173913043478,ok,cvae,2,42
714,120,109.71428571428571,True,10.285714285714292,ok,cvae,2,42
715,120,85.33333333333333,True,34.66666666666667,ok,cvae,2,42
716,120,80.0,True,40.0,ok,cvae,2,42
717,120,98.46153846153847,True,21.538461538461533,ok,cvae,2,42
718,120,80.0,True,40.0,ok,cvae,2,42
719,120,96.0,True,24.0,ok,cvae,2,42
720,120,80.0,True,40.0,ok,cvae,2,42
721,120,101.05263157894737,True,18.94736842105263,ok,cvae,2,42
722,120,80.0,True,40.0,ok,cvae,2,42
723,120,120.0,True,0.0,ok,cvae,2,42
724,120,64.0,True,56.0,ok,cvae,2,42
725,120,80.0,True,40.0,ok,cvae,2,42
726,120,58.18181818181818,True,61.81818181818182,ok,cvae,2,42
727,120,106.66666666666667,True,13.333333333333329,ok,cvae,2,42
728,120,80.0,True,40.0,ok,cvae,2,42
729,120,80.0,True,40.0,ok,cvae,2,42
730,120,101.05263157894737,True,18.94736842105263,ok,cvae,2,42
731,120,91.42857142857143,True,28.57142857142857,ok,cvae,2,42
732,120,78.36734693877551,True,41.63265306122449,ok,cvae,2,42
733,120,91.42857142857143,True,28.57142857142857,ok,cvae,2,42
734,120,112.94117647058823,True,7.058823529411768,ok,cvae,2,42
735,120,60.0,True,60.0,ok,cvae,2,42
736,120,75.29411764705883,True,44.705882352941174,ok,cvae,2,42
737,120,153.6,True,33.599999999999994,ok,cvae,2,42
738,120,120.0,True,0.0,ok,cvae,2,42
739,120,91.42857142857143,True,28.57142857142857,ok,cvae,2,42
740,120,87.27272727272727,True,32.727272727272734,ok,cvae,2,42
741,120,96.0,True,24.0,ok,cvae,2,42
742,120,80.0,True,40.0,ok,cvae,2,42
743,120,96.0,True,24.0,ok,cvae,2,42
744,120,81.70212765957447,True,38.29787234042553,ok,cvae,2,42
745,120,128.0,True,8.0,ok,cvae,2,42
746,120,80.0,True,40.0,ok,cvae,2,42
747,120,91.42857142857143,True,28.57142857142857,ok,cvae,2,42
748,120,91.42857142857143,True,28.57142857142857,ok,cvae,2,42
749,120,106.66666666666667,True,13.333333333333329,ok,cvae,2,42
750,120,96.0,True,24.0,ok,cvae,2,42
751,120,83.47826086956522,True,36.52173913043478,ok,cvae,2,42
752,120,106.66666666666667,True,13.333333333333329,ok,cvae,2,42
753,120,128.0,True,8.0,ok,cvae,2,42
754,120,81.70212765957447,True,38.29787234042553,ok,cvae,2,42
755,120,80.0,True,40.0,ok,cvae,2,42
756,120,91.42857142857143,True,28.57142857142857,ok,cvae,2,42
757,120,91.42857142857143,True,28.57142857142857,ok,cvae,2,42
758,120,98.46153846153847,True,21.538461538461533,ok,cvae,2,42
759,120,87.27272727272727,True,32.727272727272734,ok,cvae,2,42
760,120,120.0,True,0.0,ok,cvae,2,42
761,120,147.69230769230768,True,27.69230769230768,ok,cvae,2,42
762,120,83.47826086956522,True,36.52173913043478,ok,cvae,2,42
763,120,91.42857142857143,True,28.57142857142857,ok,cvae,2,42
764,120,80.0,True,40.0,ok,cvae,2,42
765,120,85.33333333333333,True,34.66666666666667,ok,cvae,2,42
766,120,80.0,True,40.0,ok,cvae,2,42
767,120,96.0,True,24.0,ok,cvae,2,42
768,120,96.0,True,24.0,ok,cvae,2,42
769,120,80.0,True,40.0,ok,cvae,2,42
770,120,83.47826086956522,True,36.52173913043478,ok,cvae,2,42
771,120,96.0,True,24.0,ok,cvae,2,42
772,120,89.30232558139535,True,30.69767441860465,ok,cvae,2,42
773,120,80.0,True,40.0,ok,cvae,2,42
774,120,89.30232558139535,True,30.69767441860465,ok,cvae,2,42
775,120,80.0,True,40.0,ok,cvae,2,42
776,120,75.29411764705883,True,44.705882352941174,ok,cvae,2,42
777,120,80.0,True,40.0,ok,cvae,2,42
778,120,93.65853658536585,True,26.34146341463415,ok,cvae,2,42
779,120,80.0,True,40.0,ok,cvae,2,42
780,120,80.0,True,40.0,ok,cvae,2,42
781,120,109.71428571428571,True,10.285714285714292,ok,cvae,2,42
782,120,83.47826086956522,True,36.52173913043478,ok,cvae,2,42
783,120,106.66666666666667,True,13.333333333333329,ok,cvae,2,42
784,120,80.0,True,40.0,ok,cvae,2,42
785,120,68.57142857142857,True,51.42857142857143,ok,cvae,2,42
786,120,109.71428571428571,True,10.285714285714292,ok,cvae,2,42
787,120,103.78378378378379,True,16.21621621621621,ok,cvae,2,42
788,120,101.05263157894737,True,18.94736842105263,ok,cvae,2,42
789,120,96.0,True,24.0,ok,cvae,2,42
790,120,81.70212765957447,True,38.29787234042553,ok,cvae,2,42
791,120,83.47826086956522,True,36.52173913043478,ok,cvae,2,42
792,120,112.94117647058823,True,7.058823529411768,ok,cvae,2,42
793,120,80.0,True,40.0,ok,cvae,2,42
794,120,68.57142857142857,True,51.42857142857143,ok,cvae,2,42
795,120,96.0,True,24.0,ok,cvae,2,42
796,120,96.0,True,24.0,ok,cvae,2,42
797,120,81.70212765957447,True,38.29787234042553,ok,cvae,2,42
798,120,109.71428571428571,True,10.285714285714292,ok,cvae,2,42
799,120,112.94117647058823,True,7.058823529411768,ok,cvae,2,42
800,120,87.27272727272727,True,32.727272727272734,ok,cvae,2,42
801,120,80.0,True,40.0,ok,cvae,2,42
802,120,80.0,True,40.0,ok,cvae,2,42
803,120,80.0,True,40.0,ok,cvae,2,42
804,120,120.0,True,0.0,ok,cvae,2,42
805,120,120.0,True,0.0,ok,cvae,2,42
806,120,120.0,True,0.0,ok,cvae,2,42
807,120,91.42857142857143,True,28.57142857142857,ok,cvae,2,42
808,120,116.36363636363636,True,3.6363636363636402,ok,cvae,2,42
809,120,91.42857142857143,True,28.57142857142857,ok,cvae,2,42
810,120,96.0,True,24.0,ok,cvae,2,42
811,120,123.87096774193549,True,3.8709677419354875,ok,cvae,2,42
812,120,103.78378378378379,True,16.21621621621621,ok,cvae,2,42
813,120,80.0,True,40.0,ok,cvae,2,42
814,120,85.33333333333333,True,34.66666666666667,ok,cvae,2,42
815,120,92.53012048192771,True,27.46987951807229,ok,cvae,2,42
816,120,112.94117647058823,True,7.058823529411768,ok,cvae,2,42
817,120,96.0,True,24.0,ok,cvae,2,42
818,120,80.0,True,40.0,ok,cvae,2,42
819,120,98.46153846153847,True,21.538461538461533,ok,cvae,2,42
820,120,71.11111111111111,True,48.888888888888886,ok,cvae,2,42
821,120,69.81818181818181,True,50.18181818181819,ok,cvae,2,42
822,120,120.0,True,0.0,ok,cvae,2,42
823,120,81.70212765957447,True,38.29787234042553,ok,cvae,2,42
824,120,85.33333333333333,True,34.66666666666667,ok,cvae,2,42
825,120,128.0,True,8.0,ok,cvae,2,42
826,120,120.0,True,0.0,ok,cvae,2,42
827,120,96.0,True,24.0,ok,cvae,2,42
828,120,86.29213483146067,True,33.70786516853933,ok,cvae,2,42
829,120,76.8,True,43.2,ok,cvae,2,42
830,120,85.33333333333333,True,34.66666666666667,ok,cvae,2,42
831,120,106.66666666666667,True,13.333333333333329,ok,cvae,2,42
832,120,80.0,True,40.0,ok,cvae,2,42
833,120,96.0,True,24.0,ok,cvae,2,42
834,120,96.0,True,24.0,ok,cvae,2,42
835,120,80.0,True,40.0,ok,cvae,2,42
836,120,80.0,True,40.0,ok,cvae,2,42
837,120,80.0,True,40.0,ok,cvae,2,42
838,120,91.42857142857143,True,28.57142857142857,ok,cvae,2,42
839,120,62.950819672131146,True,57.049180327868854,ok,cvae,2,42
840,120,80.0,True,40.0,ok,cvae,2,42
841,120,137.14285714285714,True,17.14285714285714,ok,cvae,2,42
842,120,112.94117647058823,True,7.058823529411768,ok,cvae,2,42
843,120,106.66666666666667,True,13.333333333333329,ok,cvae,2,42
844,120,80.0,True,40.0,ok,cvae,2,42
845,120,103.78378378378379,True,16.21621621621621,ok,cvae,2,42
846,120,96.0,True,24.0,ok,cvae,2,42
847,120,80.0,True,40.0,ok,cvae,2,42
848,120,87.27272727272727,True,32.727272727272734,ok,cvae,2,42
849,120,96.0,True,24.0,ok,cvae,2,42
850,120,91.42857142857143,True,28.57142857142857,ok,cvae,2,42
851,120,120.0,True,0.0,ok,cvae,2,42
852,120,80.0,True,40.0,ok,cvae,2,42
853,120,91.42857142857143,True,28.57142857142857,ok,cvae,2,42
854,120,85.33333333333333,True,34.66666666666667,ok,cvae,2,42
855,120,75.29411764705883,True,44.705882352941174,ok,cvae,2,42
856,120,109.71428571428571,True,10.285714285714292,ok,cvae,2,42
857,120,80.0,True,40.0,ok,cvae,2,42
858,120,132.41379310344828,True,12.413793103448285,ok,cvae,2,42
859,120,68.57142857142857,True,51.42857142857143,ok,cvae,2,42
860,120,137.14285714285714,True,17.14285714285714,ok,cvae,2,42
861,120,80.0,True,40.0,ok,cvae,2,42
862,120,120.0,True,0.0,ok,cvae,2,42
863,120,71.11111111111111,True,48.888888888888886,ok,cvae,2,42
864,120,80.0,True,40.0,ok,cvae,2,42
865,120,75.29411764705883,True,44.705882352941174,ok,cvae,2,42
866,120,116.36363636363636,True,3.6363636363636402,ok,cvae,2,42
867,120,93.65853658536585,True,26.34146341463415,ok,cvae,2,42
868,120,89.30232558139535,True,30.69767441860465,ok,cvae,2,42
869,120,80.0,True,40.0,ok,cvae,2,42
870,120,80.0,True,40.0,ok,cvae,2,42
871,120,91.42857142857143,True,28.57142857142857,ok,cvae,2,42
872,120,120.0,True,0.0,ok,cvae,2,42
873,120,147.69230769230768,True,27.69230769230768,ok,cvae,2,42
874,120,160.0,True,40.0,ok,cvae,2,42
875,120,101.05263157894737,True,18.94736842105263,ok,cvae,2,42
876,120,80.0,True,40.0,ok,cvae,2,42
877,120,96.0,True,24.0,ok,cvae,2,42
878,120,147.69230769230768,True,27.69230769230768,ok,cvae,2,42
879,120,87.27272727272727,True,32.727272727272734,ok,cvae,2,42
880,120,106.66666666666667,True,13.333333333333329,ok,cvae,2,42
881,120,96.0,True,24.0,ok,cvae,2,42
882,120,80.0,True,40.0,ok,cvae,2,42
883,120,89.30232558139535,True,30.69767441860465,ok,cvae,2,42
884,120,91.42857142857143,True,28.57142857142857,ok,cvae,2,42
885,120,89.30232558139535,True,30.69767441860465,ok,cvae,2,42
886,120,80.0,True,40.0,ok,cvae,2,42
887,120,109.71428571428571,True,10.285714285714292,ok,cvae,2,42
888,120,80.0,True,40.0,ok,cvae,2,42
889,120,96.0,True,24.0,ok,cvae,2,42
890,120,112.94117647058823,True,7.058823529411768,ok,cvae,2,42
891,120,83.47826086956522,True,36.52173913043478,ok,cvae,2,42
892,120,80.0,True,40.0,ok,cvae,2,42
893,120,98.46153846153847,True,21.538461538461533,ok,cvae,2,42
894,120,71.11111111111111,True,48.888888888888886,ok,cvae,2,42
895,120,80.0,True,40.0,ok,cvae,2,42
896,120,80.0,True,40.0,ok,cvae,2,42
897,120,128.0,True,8.0,ok,cvae,2,42
898,120,106.66666666666667,True,13.333333333333329,ok,cvae,2,42
899,120,87.27272727272727,True,32.727272727272734,ok,cvae,2,42
900,120,112.94117647058823,True,7.058823529411768,ok,cvae,2,42
901,120,80.0,True,40.0,ok,cvae,2,42
902,120,147.69230769230768,True,27.69230769230768,ok,cvae,2,42
903,120,109.71428571428571,True,10.285714285714292,ok,cvae,2,42
904,120,80.0,True,40.0,ok,cvae,2,42
905,120,90.3529411764706,True,29.647058823529406,ok,cvae,2,42
906,120,153.6,True,33.599999999999994,ok,cvae,2,42
907,120,87.27272727272727,True,32.727272727272734,ok,cvae,2,42
908,120,80.0,True,40.0,ok,cvae,2,42
909,120,80.0,True,40.0,ok,cvae,2,42
910,120,106.66666666666667,True,13.333333333333329,ok,cvae,2,42
911,120,147.69230769230768,True,27.69230769230768,ok,cvae,2,42
912,120,91.42857142857143,True,28.57142857142857,ok,cvae,2,42
913,120,83.47826086956522,True,36.52173913043478,ok,cvae,2,42
914,120,101.05263157894737,True,18.94736842105263,ok,cvae,2,42
915,120,91.42857142857143,True,28.57142857142857,ok,cvae,2,42
916,120,80.0,True,40.0,ok,cvae,2,42
917,120,60.0,True,60.0,ok,cvae,2,42
918,120,91.42857142857143,True,28.57142857142857,ok,cvae,2,42
919,120,81.70212765957447,True,38.29787234042553,ok,cvae,2,42
920,120,120.0,True,0.0,ok,cvae,2,42
921,120,80.0,True,40.0,ok,cvae,2,42
922,120,89.30232558139535,True,30.69767441860465,ok,cvae,2,42
923,120,91.42857142857143,True,28.57142857142857,ok,cvae,2,42
924,120,112.94117647058823,True,7.058823529411768,ok,cvae,2,42
925,120,120.0,True,0.0,ok,cvae,2,42
926,120,96.0,True,24.0,ok,cvae,2,42
927,120,80.0,True,40.0,ok,cvae,2,42
928,120,98.46153846153847,True,21.538461538461533,ok,cvae,2,42
929,120,137.14285714285714,True,17.14285714285714,ok,cvae,2,42
930,120,80.0,True,40.0,ok,cvae,2,42
931,120,80.0,True,40.0,ok,cvae,2,42
932,120,98.46153846153847,True,21.538461538461533,ok,cvae,2,42
933,120,83.47826086956522,True,36.52173913043478,ok,cvae,2,42
934,120,123.87096774193549,True,3.8709677419354875,ok,cvae,2,42
935,120,120.0,True,0.0,ok,cvae,2,42
936,120,106.66666666666667,True,13.333333333333329,ok,cvae,2,42
937,120,147.69230769230768,True,27.69230769230768,ok,cvae,2,42
938,120,106.66666666666667,True,13.333333333333329,ok,cvae,2,42
939,120,83.47826086956522,True,36.52173913043478,ok,cvae,2,42
940,120,92.53012048192771,True,27.46987951807229,ok,cvae,2,42
941,120,137.14285714285714,True,17.14285714285714,ok,cvae,2,42
942,120,96.0,True,24.0,ok,cvae,2,42
943,120,72.45283018867924,True,47.54716981132076,ok,cvae,2,42
944,120,93.65853658536585,True,26.34146341463415,ok,cvae,2,42
945,120,91.42857142857143,True,28.57142857142857,ok,cvae,2,42
946,120,93.65853658536585,True,26.34146341463415,ok,cvae,2,42
947,120,103.78378378378379,True,16.21621621621621,ok,cvae,2,42
948,120,87.27272727272727,True,32.727272727272734,ok,cvae,2,42
949,120,89.30232558139535,True,30.69767441860465,ok,cvae,2,42
950,120,80.0,True,40.0,ok,cvae,2,42
951,120,71.11111111111111,True,48.888888888888886,ok,cvae,2,42
952,120,83.47826086956522,True,36.52173913043478,ok,cvae,2,42
953,120,96.0,True,24.0,ok,cvae,2,42
954,120,91.42857142857143,True,28.57142857142857,ok,cvae,2,42
955,120,91.42857142857143,True,28.57142857142857,ok,cvae,2,42
956,120,96.0,True,24.0,ok,cvae,2,42
957,120,96.0,True,24.0,ok,cvae,2,42
958,120,147.69230769230768,True,27.69230769230768,ok,cvae,2,42
959,120,87.27272727272727,True,32.727272727272734,ok,cvae,2,42
960,120,80.0,True,40.0,ok,cvae,2,42
961,120,109.71428571428571,True,10.285714285714292,ok,cvae,2,42
962,120,81.70212765957447,True,38.29787234042553,ok,cvae,2,42
963,120,98.46153846153847,True,21.538461538461533,ok,cvae,2,42
964,120,96.0,True,24.0,ok,cvae,2,42
965,120,80.0,True,40.0,ok,cvae,2,42
966,120,91.42857142857143,True,28.57142857142857,ok,cvae,2,42
967,120,80.0,True,40.0,ok,cvae,2,42
968,120,106.66666666666667,True,13.333333333333329,ok,cvae,2,42
969,120,87.27272727272727,True,32.727272727272734,ok,cvae,2,42
970,120,120.0,True,0.0,ok,cvae,2,42
971,120,98.46153846153847,True,21.538461538461533,ok,cvae,2,42
972,120,96.0,True,24.0,ok,cvae,2,42
973,120,80.0,True,40.0,ok,cvae,2,42
974,120,96.0,True,24.0,ok,cvae,2,42
975,120,83.47826086956522,True,36.52173913043478,ok,cvae,2,42
976,120,120.0,True,0.0,ok,cvae,2,42
977,120,80.0,True,40.0,ok,cvae,2,42
978,120,106.66666666666667,True,13.333333333333329,ok,cvae,2,42
979,120,81.70212765957447,True,38.29787234042553,ok,cvae,2,42
980,120,78.36734693877551,True,41.63265306122449,ok,cvae,2,42
981,120,91.42857142857143,True,28.57142857142857,ok,cvae,2,42
982,120,98.46153846153847,True,21.538461538461533,ok,cvae,2,42
983,120,71.11111111111111,True,48.888888888888886,ok,cvae,2,42
984,120,112.94117647058823,True,7.058823529411768,ok,cvae,2,42
985,120,96.0,True,24.0,ok,cvae,2,42
986,120,76.8,True,43.2,ok,cvae,2,42
987,120,120.0,True,0.0,ok,cvae,2,42
988,120,80.0,True,40.0,ok,cvae,2,42
989,120,106.66666666666667,True,13.333333333333329,ok,cvae,2,42
990,120,153.6,True,33.599999999999994,ok,cvae,2,42
991,120,91.42857142857143,True,28.57142857142857,ok,cvae,2,42
992,120,89.30232558139535,True,30.69767441860465,ok,cvae,2,42
993,120,96.0,True,24.0,ok,cvae,2,42
994,120,160.0,True,40.0,ok,cvae,2,42
995,120,123.87096774193549,True,3.8709677419354875,ok,cvae,2,42
996,120,83.47826086956522,True,36.52173913043478,ok,cvae,2,42
997,120,81.70212765957447,True,38.29787234042553,ok,cvae,2,42
998,120,80.0,True,40.0,ok,cvae,2,42
999,120,96.0,True,24.0,ok,cvae,2,42
