index,target_hr,method,fold,seed,rise_time_s,width50_s,rise_cycle_ratio,beat_extraction_success,amplitude_range,amplitude_std
0,60,gaussian,1,44,0.515625,0.59375,0.515625,1.0,1.0175362825393677,0.3516087234020233
1,60,gaussian,1,44,0.296875,0.5,0.296875,1.0,0.5442512631416321,0.17374804615974426
2,60,gaussian,1,44,0.5,0.46875,0.5,1.0,1.4331109523773193,0.48263585567474365
3,60,gaussian,1,44,0.265625,0.59375,0.265625,1.0,2.137181282043457,0.7478921413421631
4,60,gaussian,1,44,0.21875,0.1875,0.7,1.0,3.083648681640625,0.9555655717849731
5,60,gaussian,1,44,0.28125,0.609375,0.28125,1.0,0.9670314192771912,0.33939504623413086
6,60,gaussian,1,44,0.703125,0.625,0.703125,1.0,2.2245330810546875,0.7215526700019836
7,60,gaussian,1,44,0.34375,0.515625,0.34375,1.0,4.320277690887451,1.3854387998580933
8,60,gaussian,1,44,0.21875,0.1875,0.3783783783783784,1.0,2.6621227264404297,0.8698555827140808
9,60,gaussian,1,44,0.53125,0.578125,0.53125,1.0,0.2548868656158447,0.08843197673559189
10,60,gaussian,1,44,0.328125,0.59375,0.328125,1.0,0.6353681087493896,0.2089425027370453
11,60,gaussian,1,44,0.25,0.609375,0.25,1.0,1.261681318283081,0.42354270815849304
12,60,gaussian,1,44,0.625,0.546875,0.625,1.0,6.880826473236084,2.1651930809020996
13,60,gaussian,1,44,0.328125,0.59375,0.328125,1.0,0.6828248500823975,0.22119741141796112
14,60,gaussian,1,44,0.140625,0.109375,0.2727272727272727,1.0,4.062536239624023,1.2538644075393677
15,60,gaussian,1,44,0.390625,0.609375,0.390625,1.0,6.4131669998168945,2.317805767059326
16,60,gaussian,1,44,0.328125,0.5625,0.328125,1.0,1.736828088760376,0.5816274285316467
17,60,gaussian,1,44,0.484375,0.53125,0.484375,1.0,0.7258445024490356,0.24549369513988495
18,60,gaussian,1,44,0.40625,0.34375,0.6842105263157895,1.0,3.326253652572632,1.1142836809158325
19,60,gaussian,1,44,0.578125,0.609375,0.578125,1.0,0.6424821019172668,0.22473907470703125
20,60,gaussian,1,44,0.265625,0.578125,0.265625,1.0,2.337399959564209,0.7557627558708191
21,60,gaussian,1,44,0.34375,0.640625,0.34375,1.0,2.2138993740081787,0.7335115671157837
22,60,gaussian,1,44,0.34375,0.375,0.34375,1.0,1.1202397346496582,0.3426576554775238
23,60,gaussian,1,44,0.328125,0.59375,0.328125,1.0,5.017154216766357,1.6939834356307983
24,60,gaussian,1,44,0.25,0.265625,0.6153846153846154,1.0,1.3457311391830444,0.42714598774909973
25,60,gaussian,1,44,0.296875,0.3125,0.59375,1.0,0.884576141834259,0.2810325622558594
26,60,gaussian,1,44,0.53125,0.53125,0.53125,1.0,1.1240599155426025,0.3784044682979584
27,60,gaussian,1,44,0.265625,0.59375,0.265625,1.0,2.5267715454101562,0.825227677822113
28,60,gaussian,1,44,0.6875,0.640625,0.6875,1.0,0.7156192660331726,0.2540087103843689
29,60,gaussian,1,44,0.34375,0.421875,0.34375,1.0,2.148233413696289,0.6833860874176025
30,60,gaussian,1,44,0.671875,0.546875,0.671875,1.0,3.092407703399658,0.994309663772583
31,60,gaussian,1,44,0.265625,0.625,0.265625,1.0,1.5512878894805908,0.4894073009490967
32,60,gaussian,1,44,0.28125,0.234375,0.28125,1.0,1.5402941703796387,0.4493439793586731
33,60,gaussian,1,44,0.5,0.46875,0.5,1.0,2.329993724822998,0.8156629204750061
34,60,gaussian,1,44,0.359375,0.375,0.359375,1.0,3.893383026123047,1.2560795545578003
35,60,gaussian,1,44,0.28125,0.609375,0.28125,1.0,2.6837568283081055,0.8868424892425537
36,60,gaussian,1,44,0.265625,0.59375,0.265625,1.0,2.0669307708740234,0.6823208928108215
37,60,gaussian,1,44,0.515625,0.578125,0.515625,1.0,3.730318546295166,1.2777098417282104
38,60,gaussian,1,44,0.703125,0.625,0.703125,1.0,2.2246954441070557,0.7215526700019836
39,60,gaussian,1,44,0.40625,0.609375,0.40625,1.0,2.9714927673339844,1.0053991079330444
40,60,gaussian,1,44,0.3125,0.59375,0.3125,1.0,1.1542572975158691,0.40454134345054626
41,60,gaussian,1,44,0.3125,0.3125,0.3125,1.0,3.9868710041046143,1.1794668436050415
42,60,gaussian,1,44,0.21875,0.578125,0.21875,1.0,1.8550779819488525,0.6433864831924438
43,60,gaussian,1,44,0.28125,0.5625,0.28125,1.0,2.209123373031616,0.7111892104148865
44,60,gaussian,1,44,0.28125,0.609375,0.28125,1.0,0.9794706106185913,0.3407631516456604
45,60,gaussian,1,44,0.328125,0.625,0.328125,1.0,0.8454331755638123,0.297735333442688
46,60,gaussian,1,44,0.265625,0.5625,0.265625,1.0,0.5998357534408569,0.19633039832115173
47,60,gaussian,1,44,0.546875,0.53125,0.546875,1.0,3.4866762161254883,1.2590175867080688
48,60,gaussian,1,44,0.40625,0.609375,0.40625,1.0,2.9708786010742188,1.0053991079330444
49,60,gaussian,1,44,0.46875,0.359375,0.46875,1.0,1.025523066520691,0.357885479927063
50,60,gaussian,1,44,0.5,0.546875,0.5,1.0,0.7256494760513306,0.24549369513988495
51,60,gaussian,1,44,0.328125,0.59375,0.328125,1.0,2.861114501953125,0.9518041014671326
52,60,gaussian,1,44,0.3125,0.59375,0.3125,1.0,2.0933008193969727,0.7192129492759705
53,60,gaussian,1,44,0.2734375,0.1640625,0.4818840579710145,1.0,2.8767216205596924,0.9541831016540527
54,60,gaussian,1,44,0.4375,0.46875,0.4375,1.0,2.4322664737701416,0.8317863345146179
55,60,gaussian,1,44,0.328125,0.59375,0.328125,1.0,3.3710720539093018,1.1246880292892456
56,60,gaussian,1,44,0.3125,0.578125,0.3125,1.0,0.9567550420761108,0.3232263922691345
57,60,gaussian,1,44,0.25,0.234375,0.6956521739130435,1.0,4.851635456085205,1.4879250526428223
58,60,gaussian,1,44,0.40625,0.625,0.40625,1.0,0.996925950050354,0.3395322859287262
59,60,gaussian,1,44,,,,0.0,3.326261520385742,1.1142836809158325
60,60,gaussian,1,44,0.234375,0.609375,0.234375,1.0,2.1298060417175293,0.7477774024009705
61,60,gaussian,1,44,0.34375,0.375,0.34375,1.0,1.1203505992889404,0.3426576554775238
62,60,gaussian,1,44,0.375,0.640625,0.375,1.0,2.2276830673217773,0.6943051218986511
63,60,gaussian,1,44,0.296875,0.546875,0.296875,1.0,1.491075038909912,0.4570489525794983
64,60,gaussian,1,44,0.703125,0.640625,0.703125,1.0,2.2241299152374268,0.7215526700019836
65,60,gaussian,1,44,0.359375,0.53125,0.359375,1.0,2.678950309753418,0.906391978263855
66,60,gaussian,1,44,0.265625,0.46875,0.265625,1.0,1.5302733182907104,0.4551909863948822
67,60,gaussian,1,44,0.34375,0.59375,0.34375,1.0,0.7765992879867554,0.2502507269382477
68,60,gaussian,1,44,0.3125,0.59375,0.3125,1.0,3.4894766807556152,1.132073998451233
69,60,gaussian,1,44,,,,0.0,1.0622591972351074,0.35579797625541687
70,60,gaussian,1,44,0.25,0.609375,0.25,1.0,1.9862704277038574,0.6326796412467957
71,60,gaussian,1,44,0.453125,0.375,0.453125,1.0,0.8952841758728027,0.3588749170303345
72,60,gaussian,1,44,0.2734375,0.1640625,0.4818840579710145,1.0,2.8751845359802246,0.954183042049408
73,60,gaussian,1,44,0.171875,0.140625,0.3055555555555556,1.0,1.425674319267273,0.4594738185405731
74,60,gaussian,1,44,0.25,0.2265625,0.5,1.0,3.927686929702759,1.2443922758102417
75,60,gaussian,1,44,0.28125,0.59375,0.28125,1.0,1.4641859531402588,0.47281065583229065
76,60,gaussian,1,44,0.359375,0.34375,0.359375,1.0,2.608963966369629,0.881791353225708
77,60,gaussian,1,44,0.359375,0.296875,0.359375,1.0,0.5265152454376221,0.19282180070877075
78,60,gaussian,1,44,0.390625,0.3125,0.390625,1.0,3.9390690326690674,1.329843521118164
79,60,gaussian,1,44,0.578125,0.578125,0.578125,1.0,6.224948883056641,2.0629372596740723
80,60,gaussian,1,44,0.296875,0.59375,0.296875,1.0,3.485901355743408,1.132073998451233
81,60,gaussian,1,44,0.34375,0.609375,0.34375,1.0,0.9048243761062622,0.31607916951179504
82,60,gaussian,1,44,0.234375,0.21875,0.42857142857142855,1.0,1.1640433073043823,0.32903119921684265
83,60,gaussian,1,44,0.171875,0.15625,0.2972972972972973,1.0,0.8875588178634644,0.29389268159866333
84,60,gaussian,1,44,0.46875,0.453125,0.46875,1.0,3.3402323722839355,1.1407110691070557
85,60,gaussian,1,44,0.25,0.25,0.4841269841269842,1.0,1.2818727493286133,0.4110652208328247
86,60,gaussian,1,44,0.53125,0.59375,0.53125,1.0,1.1151702404022217,0.38703545928001404
87,60,gaussian,1,44,0.34375,0.484375,0.34375,1.0,1.7683719396591187,0.5693441033363342
88,60,gaussian,1,44,0.5,0.421875,0.5,1.0,0.4080444276332855,0.14545348286628723
89,60,gaussian,1,44,0.578125,0.625,0.578125,1.0,1.4219202995300293,0.446934312582016
90,60,gaussian,1,44,0.296875,0.59375,0.296875,1.0,0.7885879278182983,0.2479552924633026
91,60,gaussian,1,44,0.40625,0.5625,0.40625,1.0,3.325263500213623,1.1142836809158325
92,60,gaussian,1,44,0.65625,0.484375,0.65625,1.0,15.219820022583008,4.890635013580322
93,60,gaussian,1,44,0.28125,0.234375,0.28125,1.0,1.5407929420471191,0.4493439793586731
94,60,gaussian,1,44,0.28125,0.546875,0.28125,1.0,0.5870086550712585,0.1739693582057953
95,60,gaussian,1,44,0.359375,0.40625,0.359375,1.0,5.176193714141846,1.6895873546600342
96,60,gaussian,1,44,0.390625,0.3125,0.390625,1.0,3.9419918060302734,1.329843521118164
97,60,gaussian,1,44,0.390625,0.640625,0.390625,1.0,1.3685202598571777,0.45219579339027405
98,60,gaussian,1,44,0.2578125,0.2578125,0.5216748768472906,1.0,0.8765155673027039,0.2513788640499115
99,60,gaussian,1,44,0.359375,0.1875,0.359375,1.0,5.434151649475098,1.7449796199798584
100,60,gaussian,1,44,0.28125,0.609375,0.28125,1.0,1.0786399841308594,0.35915425419807434
101,60,gaussian,1,44,0.28125,0.421875,0.28125,1.0,1.773650884628296,0.5301382541656494
102,60,gaussian,1,44,0.515625,0.59375,0.515625,1.0,0.442894846200943,0.15965035557746887
103,60,gaussian,1,44,0.078125,0.0625,0.2777777777777778,1.0,2.8809266090393066,0.9541831016540527
104,60,gaussian,1,44,,,,0.0,1.204270362854004,0.41919246315956116
105,60,gaussian,1,44,0.5,0.421875,0.5,1.0,0.4080386757850647,0.14545348286628723
106,60,gaussian,1,44,0.265625,0.515625,0.265625,1.0,1.0980767011642456,0.3584064245223999
107,60,gaussian,1,44,0.4375,0.65625,0.4375,1.0,0.7453824281692505,0.2489704042673111
108,60,gaussian,1,44,0.328125,0.578125,0.328125,1.0,1.8091931343078613,0.6145297884941101
109,60,gaussian,1,44,0.5,0.546875,0.5,1.0,0.725647509098053,0.24549369513988495
110,60,gaussian,1,44,0.328125,0.609375,0.328125,1.0,0.458996057510376,0.15517884492874146
111,60,gaussian,1,44,0.234375,0.2265625,0.48177339901477834,1.0,1.086459994316101,0.3530712425708771
112,60,gaussian,1,44,0.171875,0.140625,0.2972972972972973,1.0,1.4269812107086182,0.4594738185405731
113,60,gaussian,1,44,0.5,0.46875,0.5,1.0,1.4325730800628662,0.48263585567474365
114,60,gaussian,1,44,0.25,0.59375,0.25,1.0,2.0676612854003906,0.6823208332061768
115,60,gaussian,1,44,0.46875,0.609375,0.46875,1.0,0.974316418170929,0.32987305521965027
116,60,gaussian,1,44,0.5625,0.578125,0.5625,1.0,0.8464230298995972,0.2849869132041931
117,60,gaussian,1,44,0.265625,0.578125,0.265625,1.0,2.964107036590576,0.9879330396652222
118,60,gaussian,1,44,0.25,0.5625,0.25,1.0,2.6329798698425293,0.867691695690155
119,60,gaussian,1,44,0.5,0.5,0.5,1.0,2.274214744567871,0.775098979473114
120,60,gaussian,1,44,0.28125,0.578125,0.28125,1.0,2.433929443359375,0.7798635959625244
121,60,gaussian,1,44,0.296875,0.296875,0.296875,1.0,0.16477590799331665,0.04736306890845299
122,60,gaussian,1,44,0.625,0.578125,0.625,1.0,3.000422477722168,1.0942633152008057
123,60,gaussian,1,44,0.265625,0.59375,0.265625,1.0,0.9681995511054993,0.33939504623413086
124,60,gaussian,1,44,0.515625,0.609375,0.515625,1.0,2.5665135383605957,0.9514796137809753
125,60,gaussian,1,44,0.546875,0.640625,0.546875,1.0,0.6672422885894775,0.22425967454910278
126,60,gaussian,1,44,,,,0.0,1.2735892534255981,0.41800767183303833
127,60,gaussian,1,44,0.59375,0.421875,0.59375,1.0,1.0436261892318726,0.32954296469688416
128,60,gaussian,1,44,0.109375,0.09375,0.3181818181818182,1.0,2.461185932159424,0.7464252710342407
129,60,gaussian,1,44,0.421875,0.5,0.421875,1.0,0.9091591238975525,0.29741325974464417
130,60,gaussian,1,44,0.328125,0.59375,0.328125,1.0,0.4669491648674011,0.14917464554309845
131,60,gaussian,1,44,0.3125,0.59375,0.3125,1.0,2.860381603240967,0.9518041014671326
132,60,gaussian,1,44,0.421875,0.484375,0.421875,1.0,3.2675461769104004,1.0559587478637695
133,60,gaussian,1,44,0.296875,0.59375,0.296875,1.0,3.486036777496338,1.132073998451233
134,60,gaussian,1,44,0.34375,0.625,0.34375,1.0,0.9052931070327759,0.31607916951179504
135,60,gaussian,1,44,0.703125,0.625,0.703125,1.0,2.2247424125671387,0.7215526700019836
136,60,gaussian,1,44,0.203125,0.203125,0.34210526315789475,1.0,1.3399302959442139,0.44140076637268066
137,60,gaussian,1,44,,,,0.0,3.6458396911621094,1.255588173866272
138,60,gaussian,1,44,0.359375,0.625,0.359375,1.0,1.5852484703063965,0.5603402853012085
139,60,gaussian,1,44,0.234375,0.265625,0.43333333333333335,1.0,3.6647379398345947,1.108033537864685
140,60,gaussian,1,44,0.2421875,0.2578125,0.5476190476190476,1.0,1.509009599685669,0.4838460385799408
141,60,gaussian,1,44,0.359375,0.375,0.359375,1.0,3.8931076526641846,1.2560795545578003
142,60,gaussian,1,44,0.515625,0.609375,0.515625,1.0,2.567686080932617,0.9514796137809753
143,60,gaussian,1,44,0.59375,0.625,0.59375,1.0,0.6888272166252136,0.22890017926692963
144,60,gaussian,1,44,0.28125,0.578125,0.28125,1.0,3.254734516143799,1.0514594316482544
145,60,gaussian,1,44,0.65625,0.609375,0.65625,1.0,2.1546876430511475,0.7217497229576111
146,60,gaussian,1,44,0.3125,0.328125,0.3125,1.0,3.730271816253662,1.158577799797058
147,60,gaussian,1,44,0.703125,0.625,0.703125,1.0,2.2245168685913086,0.7215526700019836
148,60,gaussian,1,44,0.515625,0.484375,0.515625,1.0,2.9569034576416016,1.0764422416687012
149,60,gaussian,1,44,0.234375,0.25,0.625,1.0,2.173238515853882,0.6467058658599854
150,60,gaussian,1,44,0.25,0.609375,0.25,1.0,1.2610557079315186,0.42354270815849304
151,60,gaussian,1,44,0.546875,0.625,0.546875,1.0,0.6126840114593506,0.19749173521995544
152,60,gaussian,1,44,0.25,0.2421875,0.5024437927663734,1.0,0.8856449127197266,0.2810325622558594
153,60,gaussian,1,44,0.3125,0.578125,0.3125,1.0,1.407081127166748,0.4756790101528168
154,60,gaussian,1,44,0.453125,0.234375,0.453125,1.0,0.11760853976011276,0.04371132329106331
155,60,gaussian,1,44,,,,0.0,3.6521384716033936,1.1947077512741089
156,60,gaussian,1,44,0.328125,0.546875,0.328125,1.0,2.0413103103637695,0.6471436023712158
157,60,gaussian,1,44,0.359375,0.5625,0.359375,1.0,1.1080210208892822,0.3619183599948883
158,60,gaussian,1,44,0.328125,0.3125,0.328125,1.0,0.40960076451301575,0.12514282763004303
159,60,gaussian,1,44,0.34375,0.28125,0.34375,1.0,2.53709077835083,0.826026976108551
160,60,gaussian,1,44,0.34375,0.59375,0.34375,1.0,0.37390995025634766,0.11962015181779861
161,60,gaussian,1,44,0.40625,0.40625,0.40625,1.0,0.6123169660568237,0.1960570067167282
162,60,gaussian,1,44,0.3125,0.59375,0.3125,1.0,0.6359723806381226,0.2089425027370453
163,60,gaussian,1,44,0.3125,0.53125,0.3125,1.0,1.887779951095581,0.5861643552780151
164,60,gaussian,1,44,0.375,0.40625,0.375,1.0,5.171599864959717,1.6895873546600342
165,60,gaussian,1,44,0.265625,0.578125,0.265625,1.0,3.328676223754883,1.0406773090362549
166,60,gaussian,1,44,0.515625,0.328125,0.515625,1.0,2.8450980186462402,1.034978985786438
167,60,gaussian,1,44,0.34375,0.5625,0.34375,1.0,2.986790180206299,1.0046526193618774
168,60,gaussian,1,44,0.328125,0.59375,0.328125,1.0,5.013551712036133,1.6939834356307983
169,60,gaussian,1,44,0.53125,0.59375,0.53125,1.0,0.25479376316070557,0.08843199163675308
170,60,gaussian,1,44,0.515625,0.578125,0.515625,1.0,0.4165331721305847,0.15137258172035217
171,60,gaussian,1,44,0.53125,0.5,0.53125,1.0,2.616074562072754,0.8547807335853577
172,60,gaussian,1,44,0.359375,0.578125,0.359375,1.0,2.236231803894043,0.7328566908836365
173,60,gaussian,1,44,0.15625,0.125,0.37037037037037035,1.0,1.897507667541504,0.6209120154380798
174,60,gaussian,1,44,0.234375,0.2265625,0.48177339901477834,1.0,1.0865437984466553,0.3530712425708771
175,60,gaussian,1,44,0.40625,0.453125,0.40625,1.0,1.7309291362762451,0.5800822973251343
176,60,gaussian,1,44,0.34375,0.640625,0.34375,1.0,2.2148914337158203,0.7335115671157837
177,60,gaussian,1,44,0.3125,0.5625,0.3125,1.0,2.9762320518493652,0.9458302855491638
178,60,gaussian,1,44,0.296875,0.5625,0.296875,1.0,1.9231197834014893,0.642183244228363
179,60,gaussian,1,44,0.5625,0.640625,0.5625,1.0,1.7768107652664185,0.5812349319458008
180,60,gaussian,1,44,0.515625,0.375,0.515625,1.0,4.946866512298584,1.7736482620239258
181,60,gaussian,1,44,0.328125,0.5625,0.328125,1.0,0.6484909653663635,0.21652278304100037
182,60,gaussian,1,44,0.2421875,0.2734375,0.46205128205128204,1.0,5.30261754989624,1.5892510414123535
183,60,gaussian,1,44,0.515625,0.59375,0.515625,1.0,1.0125714540481567,0.3613377809524536
184,60,gaussian,1,44,0.328125,0.59375,0.328125,1.0,0.46696317195892334,0.14917464554309845
185,60,gaussian,1,44,0.515625,0.59375,0.515625,1.0,2.5668301582336426,0.9514796733856201
186,60,gaussian,1,44,0.234375,0.2578125,0.4854854854854855,1.0,0.5942423343658447,0.18930187821388245
187,60,gaussian,1,44,0.1875,0.203125,0.3076923076923077,1.0,0.5720723867416382,0.17580732703208923
188,60,gaussian,1,44,0.203125,0.203125,0.40957966764418374,1.0,1.4382003545761108,0.39355459809303284
189,60,gaussian,1,44,0.4375,0.59375,0.4375,1.0,0.7316656112670898,0.23785224556922913
190,60,gaussian,1,44,0.28125,0.578125,0.28125,1.0,1.0888607501983643,0.3314951956272125
191,60,gaussian,1,44,0.640625,0.65625,0.640625,1.0,1.980116605758667,0.6561064720153809
192,60,gaussian,1,44,0.59375,0.515625,0.59375,1.0,3.979588031768799,1.3409349918365479
193,60,gaussian,1,44,0.328125,0.40625,0.328125,1.0,0.9677169322967529,0.34201377630233765
194,60,gaussian,1,44,0.359375,0.546875,0.359375,1.0,1.8472461700439453,0.6259272694587708
195,60,gaussian,1,44,0.546875,0.53125,0.546875,1.0,1.2071361541748047,0.4588533341884613
196,60,gaussian,1,44,0.296875,0.53125,0.296875,1.0,5.08536958694458,1.6055541038513184
197,60,gaussian,1,44,0.375,0.640625,0.375,1.0,1.8004467487335205,0.5762497186660767
198,60,gaussian,1,44,0.28125,0.609375,0.28125,1.0,1.216835618019104,0.3910408020019531
199,60,gaussian,1,44,0.3125,0.546875,0.3125,1.0,0.6481019258499146,0.21652278304100037
200,60,gaussian,1,44,0.375,0.546875,0.375,1.0,1.2441898584365845,0.4218868613243103
201,60,gaussian,1,44,0.453125,0.390625,0.453125,1.0,6.076057434082031,2.1385254859924316
202,60,gaussian,1,44,0.65625,0.46875,0.65625,1.0,15.242032051086426,4.890635013580322
203,60,gaussian,1,44,0.265625,0.59375,0.265625,1.0,2.5265419483184814,0.8252277374267578
204,60,gaussian,1,44,0.328125,0.5625,0.328125,1.0,2.0427489280700684,0.6471436619758606
205,60,gaussian,1,44,0.28125,0.625,0.28125,1.0,1.614259958267212,0.5127492547035217
206,60,gaussian,1,44,0.453125,0.453125,0.453125,1.0,2.141741991043091,0.751731276512146
207,60,gaussian,1,44,0.390625,0.65625,0.390625,1.0,0.48839807510375977,0.14776141941547394
208,60,gaussian,1,44,0.53125,0.46875,0.53125,1.0,0.745492160320282,0.24860000610351562
209,60,gaussian,1,44,0.25,0.5625,0.25,1.0,1.2589356899261475,0.3960251808166504
210,60,gaussian,1,44,0.546875,0.609375,0.546875,1.0,7.191776275634766,2.38603138923645
211,60,gaussian,1,44,0.375,0.421875,0.375,1.0,2.0626707077026367,0.6580610871315002
212,60,gaussian,1,44,0.40625,0.421875,0.40625,1.0,1.7032394409179688,0.5638735294342041
213,60,gaussian,1,44,0.5,0.546875,0.5,1.0,1.29744291305542,0.45391595363616943
214,60,gaussian,1,44,0.296875,0.59375,0.296875,1.0,1.1529343128204346,0.40454134345054626
215,60,gaussian,1,44,0.703125,0.625,0.703125,1.0,0.40106654167175293,0.14424189925193787
216,60,gaussian,1,44,0.3125,0.59375,0.3125,1.0,1.47230863571167,0.4925076365470886
217,60,gaussian,1,44,0.28125,0.578125,0.28125,1.0,2.4333348274230957,0.7798635959625244
218,60,gaussian,1,44,0.546875,0.578125,0.546875,1.0,0.6925383806228638,0.23976503312587738
219,60,gaussian,1,44,0.34375,0.578125,0.34375,1.0,0.5816132426261902,0.198351189494133
220,60,gaussian,1,44,0.28125,0.578125,0.28125,1.0,1.4377020597457886,0.4109717607498169
221,60,gaussian,1,44,0.703125,0.609375,0.703125,1.0,0.9076860547065735,0.28176480531692505
222,60,gaussian,1,44,0.09375,0.046875,0.375,1.0,2.0550413131713867,0.6698140501976013
223,60,gaussian,1,44,0.2578125,0.28125,0.47943722943722944,1.0,2.460096836090088,0.7464252710342407
224,60,gaussian,1,44,0.265625,0.578125,0.265625,1.0,0.6004869937896729,0.19633041322231293
225,60,gaussian,1,44,0.3125,0.578125,0.3125,1.0,1.6514698266983032,0.5510165095329285
226,60,gaussian,1,44,0.734375,0.65625,0.734375,1.0,0.7655363082885742,0.2584344446659088
227,60,gaussian,1,44,0.265625,0.578125,0.265625,1.0,3.329146385192871,1.0406773090362549
228,60,gaussian,1,44,0.21875,0.2109375,0.46346346346346345,1.0,1.425174593925476,0.4594738483428955
229,60,gaussian,1,44,0.546875,0.515625,0.546875,1.0,1.6101160049438477,0.5573310852050781
230,60,gaussian,1,44,0.40625,0.5625,0.40625,1.0,0.48078569769859314,0.16770228743553162
231,60,gaussian,1,44,0.5625,0.53125,0.5625,1.0,3.4876961708068848,1.2590175867080688
232,60,gaussian,1,44,0.59375,0.421875,0.59375,1.0,1.0426735877990723,0.32954296469688416
233,60,gaussian,1,44,0.59375,0.4375,0.59375,1.0,3.0464138984680176,1.053959846496582
234,60,gaussian,1,44,0.328125,0.40625,0.6,1.0,0.3388254940509796,0.09121035039424896
235,60,gaussian,1,44,0.34375,0.5625,0.34375,1.0,2.988415241241455,1.0046526193618774
236,60,gaussian,1,44,0.2109375,0.2421875,0.41274509803921566,1.0,2.102187156677246,0.6215579509735107
237,60,gaussian,1,44,0.484375,0.59375,0.484375,1.0,0.47959834337234497,0.1638273298740387
238,60,gaussian,1,44,0.296875,0.296875,0.296875,1.0,0.2917235195636749,0.08795788139104843
239,60,gaussian,1,44,0.25,0.234375,0.5076023391812865,1.0,2.668724298477173,0.9446226358413696
240,60,gaussian,1,44,0.328125,0.59375,0.328125,1.0,5.01564359664917,1.6939834356307983
241,60,gaussian,1,44,0.34375,0.484375,0.34375,1.0,1.7688355445861816,0.5693441033363342
242,60,gaussian,1,44,0.453125,0.625,0.453125,1.0,4.662954807281494,1.6733280420303345
243,60,gaussian,1,44,0.2734375,0.234375,0.4496598639455782,1.0,2.297117233276367,0.760219395160675
244,60,gaussian,1,44,0.546875,0.484375,0.546875,1.0,1.0522547960281372,0.3614308536052704
245,60,gaussian,1,44,0.28125,0.609375,0.28125,1.0,1.0798649787902832,0.35915425419807434
246,60,gaussian,1,44,0.65625,0.484375,0.65625,1.0,15.216115951538086,4.8906354904174805
247,60,gaussian,1,44,0.625,0.65625,0.625,1.0,2.510833978652954,0.8670839071273804
248,60,gaussian,1,44,0.34375,0.5625,0.34375,1.0,3.9689903259277344,1.2741868495941162
249,60,gaussian,1,44,0.328125,0.640625,0.328125,1.0,1.3392452001571655,0.4696386158466339
250,60,gaussian,1,44,0.515625,0.5,0.515625,1.0,4.748560905456543,1.6814554929733276
251,60,gaussian,1,44,0.265625,0.59375,0.265625,1.0,1.4958431720733643,0.48185038566589355
252,60,gaussian,1,44,0.375,0.484375,0.375,1.0,2.251066207885742,0.7914089560508728
253,60,gaussian,1,44,0.21875,0.1953125,0.49567099567099565,1.0,3.64453125,1.255588173866272
254,60,gaussian,1,44,,,,0.0,1.2720855474472046,0.41800767183303833
255,60,gaussian,1,44,0.296875,0.46875,0.296875,1.0,2.85202693939209,0.8512217998504639
256,60,gaussian,1,44,0.296875,0.546875,0.296875,1.0,4.340155601501465,1.3665751218795776
257,60,gaussian,1,44,0.515625,0.5,0.515625,1.0,2.9558892250061035,1.0764422416687012
258,60,gaussian,1,44,0.390625,0.4375,0.390625,1.0,1.6151790618896484,0.5127710103988647
259,60,gaussian,1,44,0.203125,0.2109375,0.4156862745098039,1.0,2.22177791595459,0.6573672294616699
260,60,gaussian,1,44,0.4375,0.59375,0.4375,1.0,0.7321624159812927,0.23785223066806793
261,60,gaussian,1,44,0.4375,0.59375,0.4375,1.0,0.7315061092376709,0.23785224556922913
262,60,gaussian,1,44,0.265625,0.609375,0.265625,1.0,2.1365442276000977,0.7478921413421631
263,60,gaussian,1,44,0.734375,0.515625,0.734375,1.0,4.066963195800781,1.2652599811553955
264,60,gaussian,1,44,0.609375,0.40625,0.609375,1.0,1.3129184246063232,0.40940406918525696
265,60,gaussian,1,44,0.2421875,0.2578125,0.493993993993994,1.0,3.1948370933532715,0.9846563339233398
266,60,gaussian,1,44,0.34375,0.578125,0.34375,1.0,0.5810481905937195,0.198351189494133
267,60,gaussian,1,44,0.359375,0.578125,0.359375,1.0,0.469914972782135,0.1627407819032669
268,60,gaussian,1,44,0.234375,0.515625,0.234375,1.0,0.6272225379943848,0.18517933785915375
269,60,gaussian,1,44,0.328125,0.515625,0.328125,1.0,4.321354866027832,1.3854387998580933
270,60,gaussian,1,44,0.328125,0.28125,0.328125,1.0,2.2442617416381836,0.7233791351318359
271,60,gaussian,1,44,0.3125,0.5625,0.3125,1.0,1.3145979642868042,0.4333727955818176
272,60,gaussian,1,44,0.265625,0.2578125,0.5095095095095095,1.0,1.8977597951889038,0.6209119558334351
273,60,gaussian,1,44,0.34375,0.390625,0.34375,1.0,0.9993463158607483,0.2997701168060303
274,60,gaussian,1,44,0.5625,0.640625,0.5625,1.0,1.7766859531402588,0.581234872341156
275,60,gaussian,1,44,0.625,0.578125,0.625,1.0,0.9508559107780457,0.306283563375473
276,60,gaussian,1,44,0.328125,0.5625,0.328125,1.0,0.2467939555644989,0.08155831694602966
277,60,gaussian,1,44,0.421875,0.40625,0.421875,1.0,0.6119769811630249,0.1960570067167282
278,60,gaussian,1,44,0.484375,0.5,0.484375,1.0,1.0386615991592407,0.35948023200035095
279,60,gaussian,1,44,0.3125,0.296875,0.3125,1.0,0.4102216958999634,0.12514282763004303
280,60,gaussian,1,44,0.4375,0.640625,0.4375,1.0,0.4308509826660156,0.13988879323005676
281,60,gaussian,1,44,0.328125,0.59375,0.328125,1.0,2.8611109256744385,0.9518041014671326
282,60,gaussian,1,44,,,,0.0,3.933314323425293,1.3691399097442627
283,60,gaussian,1,44,0.703125,0.5,0.703125,1.0,2.1007847785949707,0.6984643936157227
284,60,gaussian,1,44,0.53125,0.625,0.53125,1.0,1.3341447114944458,0.4710029363632202
285,60,gaussian,1,44,0.40625,0.390625,0.40625,1.0,2.606081008911133,0.8804490566253662
286,60,gaussian,1,44,0.40625,0.453125,0.40625,1.0,1.7298301458358765,0.5800822973251343
287,60,gaussian,1,44,0.2421875,0.234375,0.504004004004004,1.0,0.8127419352531433,0.26791107654571533
288,60,gaussian,1,44,0.28125,0.640625,0.28125,1.0,0.9982118010520935,0.3449229300022125
289,60,gaussian,1,44,0.5625,0.515625,0.5625,1.0,3.488964557647705,1.2590174674987793
290,60,gaussian,1,44,0.671875,0.28125,0.671875,1.0,1.8116672039031982,0.5941817164421082
291,60,gaussian,1,44,0.53125,0.625,0.53125,1.0,0.33987218141555786,0.11560230702161789
292,60,gaussian,1,44,0.546875,0.53125,0.546875,1.0,3.4874606132507324,1.2590175867080688
293,60,gaussian,1,44,0.4375,0.59375,0.4375,1.0,0.25909626483917236,0.08283542096614838
294,60,gaussian,1,44,0.265625,0.59375,0.265625,1.0,2.036371946334839,0.6780808568000793
295,60,gaussian,1,44,0.625,0.578125,0.625,1.0,3.0748510360717773,1.0646185874938965
296,60,gaussian,1,44,,,,0.0,2.760392427444458,0.9757277369499207
297,60,gaussian,1,44,0.296875,0.296875,0.6551724137931034,1.0,1.2033274173736572,0.41919246315956116
298,60,gaussian,1,44,0.421875,0.4375,0.421875,1.0,2.0388264656066895,0.6808997392654419
299,60,gaussian,1,44,0.34375,0.328125,0.34375,1.0,1.8610131740570068,0.6200043559074402
300,60,gaussian,1,44,0.4375,0.609375,0.4375,1.0,0.9210422039031982,0.32737624645233154
301,60,gaussian,1,44,0.46875,0.484375,0.6521739130434783,1.0,1.272447943687439,0.41800767183303833
302,60,gaussian,1,44,0.5625,0.53125,0.5625,1.0,3.644563674926758,1.3084304332733154
303,60,gaussian,1,44,,,,0.0,3.6494197845458984,1.1947077512741089
304,60,gaussian,1,44,,,,0.0,2.539130687713623,0.853732168674469
305,60,gaussian,1,44,0.375,0.4375,0.375,1.0,2.8075461387634277,0.931291937828064
306,60,gaussian,1,44,,,,0.0,5.177910804748535,1.6725828647613525
307,60,gaussian,1,44,0.34375,0.59375,0.34375,1.0,0.3738926649093628,0.11962015181779861
308,60,gaussian,1,44,0.40625,0.609375,0.40625,1.0,0.37491869926452637,0.12421581894159317
309,60,gaussian,1,44,0.359375,0.546875,0.359375,1.0,1.8464815616607666,0.6259273290634155
310,60,gaussian,1,44,0.25,0.59375,0.25,1.0,1.7328789234161377,0.5715391039848328
311,60,gaussian,1,44,0.28125,0.5,0.28125,1.0,1.0945923328399658,0.3584064245223999
312,60,gaussian,1,44,0.34375,0.578125,0.34375,1.0,2.2359397411346436,0.7328567504882812
313,60,gaussian,1,44,0.671875,0.375,0.671875,1.0,3.8177056312561035,1.1939916610717773
314,60,gaussian,1,44,0.2734375,0.1640625,0.4818840579710145,1.0,2.87803316116333,0.9541831016540527
315,60,gaussian,1,44,0.484375,0.375,0.484375,1.0,1.0266894102096558,0.3578855097293854
316,60,gaussian,1,44,0.296875,0.609375,0.296875,1.0,2.1636111736297607,0.7258647680282593
317,60,gaussian,1,44,0.296875,0.640625,0.296875,1.0,0.6056557893753052,0.1897205412387848
318,60,gaussian,1,44,0.2421875,0.234375,0.48533724340175954,1.0,3.4564321041107178,1.081043004989624
319,60,gaussian,1,44,0.6875,0.328125,0.6875,1.0,0.7021899223327637,0.20553815364837646
320,60,gaussian,1,44,0.265625,0.578125,0.265625,1.0,2.9620890617370605,0.9879330396652222
321,60,gaussian,1,44,0.359375,0.59375,0.359375,1.0,1.4728453159332275,0.47676071524620056
322,60,gaussian,1,44,0.3125,0.28125,0.3125,1.0,2.244367837905884,0.7233791351318359
323,60,gaussian,1,44,0.2578125,0.234375,0.5166177908113392,1.0,3.4561262130737305,1.081043004989624
324,60,gaussian,1,44,0.53125,0.578125,0.53125,1.0,8.429975509643555,2.9245388507843018
325,60,gaussian,1,44,0.328125,0.40625,0.328125,1.0,0.9671807885169983,0.34201377630233765
326,60,gaussian,1,44,0.71875,0.5,0.71875,1.0,4.075013637542725,1.2652599811553955
327,60,gaussian,1,44,0.390625,0.4375,0.390625,1.0,2.9920647144317627,1.083630084991455
328,60,gaussian,1,44,0.25,0.2578125,0.48785425101214575,1.0,1.0790536403656006,0.3276803195476532
329,60,gaussian,1,44,0.2109375,0.21875,0.42668621700879766,1.0,4.063590049743652,1.2538644075393677
330,60,gaussian,1,44,0.53125,0.484375,0.53125,1.0,1.0524473190307617,0.3614308834075928
331,60,gaussian,1,44,,,,0.0,0.9967311024665833,0.3449229598045349
332,60,gaussian,1,44,0.453125,0.390625,0.453125,1.0,6.082178115844727,2.1385257244110107
333,60,gaussian,1,44,0.515625,0.53125,0.515625,1.0,1.1238185167312622,0.3784044682979584
334,60,gaussian,1,44,,,,0.0,1.3457815647125244,0.42714598774909973
335,60,gaussian,1,44,0.5625,0.625,0.5625,1.0,1.421654224395752,0.446934312582016
336,60,gaussian,1,44,0.40625,0.609375,0.40625,1.0,6.412691116333008,2.3178060054779053
337,60,gaussian,1,44,0.328125,0.5625,0.328125,1.0,0.6613641977310181,0.20631785690784454
338,60,gaussian,1,44,0.640625,0.65625,0.640625,1.0,1.9796323776245117,0.6561064720153809
339,60,gaussian,1,44,0.328125,0.609375,0.328125,1.0,2.673119068145752,0.931484580039978
340,60,gaussian,1,44,0.296875,0.28125,0.296875,1.0,0.2916067838668823,0.08795788139104843
341,60,gaussian,1,44,0.359375,0.53125,0.359375,1.0,0.6287051439285278,0.21381822228431702
342,60,gaussian,1,44,0.71875,0.640625,0.71875,1.0,0.7644195556640625,0.2584344446659088
343,60,gaussian,1,44,0.484375,0.3125,0.484375,1.0,1.0593785047531128,0.36701738834381104
344,60,gaussian,1,44,0.59375,0.453125,0.59375,1.0,3.0458498001098633,1.053959846496582
345,60,gaussian,1,44,0.390625,0.4375,0.390625,1.0,1.6151589155197144,0.51277095079422
346,60,gaussian,1,44,0.328125,0.609375,0.328125,1.0,1.471866488456726,0.492507666349411
347,60,gaussian,1,44,0.234375,0.59375,0.234375,1.0,2.4240331649780273,0.7474327087402344
348,60,gaussian,1,44,0.359375,0.5625,0.359375,1.0,5.177192687988281,1.7771198749542236
349,60,gaussian,1,44,0.328125,0.390625,0.328125,1.0,0.9976497888565063,0.2997701168060303
350,60,gaussian,1,44,0.296875,0.5625,0.296875,1.0,2.9767277240753174,0.9458302855491638
351,60,gaussian,1,44,0.640625,0.671875,0.640625,1.0,0.35124659538269043,0.10898494720458984
352,60,gaussian,1,44,0.34375,0.578125,0.34375,1.0,3.370853900909424,1.1246880292892456
353,60,gaussian,1,44,0.2109375,0.1953125,0.4247311827956989,1.0,1.4356777667999268,0.39355459809303284
354,60,gaussian,1,44,0.40625,0.65625,0.40625,1.0,0.783484697341919,0.2658153772354126
355,60,gaussian,1,44,0.265625,0.265625,0.6538461538461539,1.0,2.275892972946167,0.7750106453895569
356,60,gaussian,1,44,0.421875,0.5625,0.421875,1.0,3.321500778198242,1.1142836809158325
357,60,gaussian,1,44,0.265625,0.59375,0.265625,1.0,1.495856761932373,0.48185041546821594
358,60,gaussian,1,44,0.453125,0.578125,0.453125,1.0,2.5718421936035156,0.8924452662467957
359,60,gaussian,1,44,0.65625,0.46875,0.65625,1.0,15.233274459838867,4.890635013580322
360,60,gaussian,1,44,0.28125,0.59375,0.28125,1.0,2.5244765281677246,0.8252277374267578
361,60,gaussian,1,44,0.359375,0.578125,0.359375,1.0,0.47010675072669983,0.1627407819032669
362,60,gaussian,1,44,0.390625,0.40625,0.390625,1.0,0.5724137425422668,0.20059597492218018
363,60,gaussian,1,44,0.2578125,0.265625,0.4568106312292359,1.0,2.5827059745788574,0.8090972304344177
364,60,gaussian,1,44,0.515625,0.625,0.515625,1.0,1.334303855895996,0.4710029065608978
365,60,gaussian,1,44,0.390625,0.484375,0.390625,1.0,2.1379106044769287,0.732180118560791
366,60,gaussian,1,44,0.234375,0.265625,0.5142857142857142,1.0,1.5101855993270874,0.4838460385799408
367,60,gaussian,1,44,0.375,0.3125,0.375,1.0,3.9414138793945312,1.329843521118164
368,60,gaussian,1,44,0.28125,0.546875,0.28125,1.0,1.4877650737762451,0.4570489525794983
369,60,gaussian,1,44,0.328125,0.59375,0.328125,1.0,5.019184112548828,1.6939834356307983
370,60,gaussian,1,44,0.28125,0.578125,0.28125,1.0,2.433292865753174,0.7798635959625244
371,60,gaussian,1,44,0.3125,0.578125,0.3125,1.0,0.9566389322280884,0.3232263922691345
372,60,gaussian,1,44,0.375,0.546875,0.375,1.0,1.245327115058899,0.4218868613243103
373,60,gaussian,1,44,0.1875,0.1875,0.2926829268292683,1.0,1.903960943222046,0.606056809425354
374,60,gaussian,1,44,0.609375,0.546875,0.609375,1.0,6.870120525360107,2.1651928424835205
375,60,gaussian,1,44,0.703125,0.609375,0.703125,1.0,0.5249276757240295,0.1936076283454895
376,60,gaussian,1,44,0.609375,0.40625,0.609375,1.0,1.3120677471160889,0.40940406918525696
377,60,gaussian,1,44,0.3125,0.546875,0.3125,1.0,1.9859931468963623,0.6202473044395447
378,60,gaussian,1,44,0.140625,0.125,0.42857142857142855,1.0,3.0314855575561523,0.9229884743690491
379,60,gaussian,1,44,0.578125,0.5,0.578125,1.0,1.0934652090072632,0.37970107793807983
380,60,gaussian,1,44,0.265625,0.609375,0.265625,1.0,0.7983851432800293,0.24908705055713654
381,60,gaussian,1,44,0.328125,0.59375,0.328125,1.0,0.6354449987411499,0.2089425027370453
382,60,gaussian,1,44,0.28125,0.296875,0.28125,1.0,2.406418561935425,0.708076000213623
383,60,gaussian,1,44,0.515625,0.359375,0.515625,1.0,4.9507293701171875,1.7736482620239258
384,60,gaussian,1,44,0.359375,0.578125,0.359375,1.0,0.4700653851032257,0.1627407819032669
385,60,gaussian,1,44,0.265625,0.59375,0.265625,1.0,3.250833034515381,1.0903656482696533
386,60,gaussian,1,44,0.2421875,0.2578125,0.5414285714285715,1.0,1.5095722675323486,0.4838460385799408
387,60,gaussian,1,44,0.34375,0.390625,0.34375,1.0,0.9993929862976074,0.2997701168060303
388,60,gaussian,1,44,0.5,0.578125,0.5,1.0,0.43957215547561646,0.15039485692977905
389,60,gaussian,1,44,0.28125,0.625,0.28125,1.0,2.1146717071533203,0.7174201607704163
390,60,gaussian,1,44,0.3125,0.609375,0.3125,1.0,1.4732600450515747,0.4925076365470886
391,60,gaussian,1,44,0.46875,0.46875,0.46875,1.0,0.47768038511276245,0.16198040544986725
392,60,gaussian,1,44,0.2265625,0.234375,0.47874493927125505,1.0,1.3407182693481445,0.4414007365703583
393,60,gaussian,1,44,0.34375,0.484375,0.34375,1.0,1.7694430351257324,0.5693441033363342
394,60,gaussian,1,44,0.375,0.59375,0.375,1.0,1.1306358575820923,0.36708855628967285
395,60,gaussian,1,44,0.53125,0.609375,0.53125,1.0,0.4426984190940857,0.15965035557746887
396,60,gaussian,1,44,0.4375,0.625,0.4375,1.0,1.4710583686828613,0.4644108712673187
397,60,gaussian,1,44,0.296875,0.3125,0.296875,1.0,2.6454720497131348,0.8069853186607361
398,60,gaussian,1,44,0.328125,0.609375,0.328125,1.0,0.45902782678604126,0.15517884492874146
399,60,gaussian,1,44,0.34375,0.578125,0.34375,1.0,1.2995362281799316,0.424254447221756
400,60,gaussian,1,44,0.328125,0.59375,0.328125,1.0,5.0184478759765625,1.6939834356307983
401,60,gaussian,1,44,0.515625,0.40625,0.515625,1.0,0.40777772665023804,0.14545348286628723
402,60,gaussian,1,44,0.25,0.59375,0.25,1.0,2.1096067428588867,0.7304341793060303
403,60,gaussian,1,44,0.2421875,0.21875,0.49901477832512314,1.0,1.203060269355774,0.41919246315956116
404,60,gaussian,1,44,0.375,0.625,0.375,1.0,0.9971494674682617,0.31358131766319275
405,60,gaussian,1,44,0.34375,0.5625,0.34375,1.0,3.9716696739196777,1.2741868495941162
406,60,gaussian,1,44,0.328125,0.59375,0.328125,1.0,3.3708200454711914,1.1246880292892456
407,60,gaussian,1,44,0.265625,0.578125,0.265625,1.0,2.4303479194641113,0.7798635959625244
408,60,gaussian,1,44,0.28125,0.421875,0.28125,1.0,1.7748439311981201,0.5301381945610046
409,60,gaussian,1,44,0.375,0.390625,0.375,1.0,1.1902332305908203,0.3775847256183624
410,60,gaussian,1,44,0.65625,0.375,0.65625,1.0,3.815782070159912,1.1939916610717773
411,60,gaussian,1,44,0.3125,0.3125,0.3125,1.0,0.4099639058113098,0.12514282763004303
412,60,gaussian,1,44,0.328125,0.609375,0.328125,1.0,0.4588952660560608,0.15517884492874146
413,60,gaussian,1,44,0.3125,0.546875,0.3125,1.0,1.985692024230957,0.6202473044395447
414,60,gaussian,1,44,0.296875,0.546875,0.296875,1.0,4.3968963623046875,1.394054889678955
415,60,gaussian,1,44,0.2734375,0.203125,0.5654761904761905,1.0,1.4064459800720215,0.4268549084663391
416,60,gaussian,1,44,0.5,0.375,0.5,1.0,4.947321891784668,1.7736482620239258
417,60,gaussian,1,44,0.296875,0.546875,0.296875,1.0,1.4909791946411133,0.4570489525794983
418,60,gaussian,1,44,0.265625,0.578125,0.265625,1.0,1.2988530397415161,0.4172990620136261
419,60,gaussian,1,44,0.578125,0.578125,0.578125,1.0,6.2220916748046875,2.0629372596740723
420,60,gaussian,1,44,0.328125,0.609375,0.328125,1.0,2.673133373260498,0.931484580039978
421,60,gaussian,1,44,0.328125,0.375,0.328125,1.0,4.513206958770752,1.410272479057312
422,60,gaussian,1,44,0.296875,0.546875,0.296875,1.0,4.39644718170166,1.394054889678955
423,60,gaussian,1,44,0.34375,0.5625,0.34375,1.0,3.966493844985962,1.2741868495941162
424,60,gaussian,1,44,0.390625,0.5625,0.390625,1.0,0.6952756643295288,0.22600243985652924
425,60,gaussian,1,44,,,,0.0,1.062086582183838,0.35579797625541687
426,60,gaussian,1,44,0.59375,0.4375,0.59375,1.0,2.938652515411377,0.9399842023849487
427,60,gaussian,1,44,0.375,0.46875,0.375,1.0,0.10762663930654526,0.03692401200532913
428,60,gaussian,1,44,0.296875,0.53125,0.296875,1.0,5.085762023925781,1.6055541038513184
429,60,gaussian,1,44,,,,0.0,3.652167558670044,1.1947077512741089
430,60,gaussian,1,44,0.328125,0.546875,0.328125,1.0,1.737419605255127,0.5816274285316467
431,60,gaussian,1,44,0.3125,0.546875,0.3125,1.0,2.7844715118408203,0.8686729073524475
432,60,gaussian,1,44,0.109375,0.09375,0.21212121212121213,1.0,4.188967704772949,1.2769149541854858
433,60,gaussian,1,44,0.5,0.546875,0.5,1.0,1.2975006103515625,0.45391595363616943
434,60,gaussian,1,44,0.34375,0.578125,0.34375,1.0,1.055116891860962,0.32252177596092224
435,60,gaussian,1,44,0.2734375,0.1640625,0.4818840579710145,1.0,2.8797454833984375,0.9541831016540527
436,60,gaussian,1,44,0.25,0.59375,0.25,1.0,2.070439338684082,0.6823208332061768
437,60,gaussian,1,44,0.296875,0.625,0.296875,1.0,1.6138055324554443,0.5127493143081665
438,60,gaussian,1,44,0.328125,0.3125,0.328125,1.0,3.729684352874756,1.158577799797058
439,60,gaussian,1,44,0.296875,0.21875,0.296875,1.0,0.981791615486145,0.28719931840896606
440,60,gaussian,1,44,0.203125,0.21875,0.44166666666666665,1.0,0.571251630783081,0.17580732703208923
441,60,gaussian,1,44,0.265625,0.59375,0.265625,1.0,2.0694260597229004,0.6823208928108215
442,60,gaussian,1,44,0.296875,0.5625,0.296875,1.0,1.9198628664016724,0.642183244228363
443,60,gaussian,1,44,0.546875,0.5,0.546875,1.0,1.0105721950531006,0.341830849647522
444,60,gaussian,1,44,0.546875,0.578125,0.546875,1.0,0.2546226978302002,0.08843197673559189
445,60,gaussian,1,44,0.3125,0.609375,0.3125,1.0,2.992588758468628,1.027803659439087
446,60,gaussian,1,44,0.375,0.453125,0.375,1.0,1.4127066135406494,0.4795898199081421
447,60,gaussian,1,44,0.265625,0.5625,0.265625,1.0,2.2087721824645996,0.7111892104148865
448,60,gaussian,1,44,0.34375,0.59375,0.34375,1.0,0.7827677726745605,0.25871774554252625
449,60,gaussian,1,44,0.265625,0.609375,0.265625,1.0,1.4935667514801025,0.48185041546821594
450,60,gaussian,1,44,0.375,0.59375,0.375,1.0,1.1301289796829224,0.36708855628967285
451,60,gaussian,1,44,0.546875,0.625,0.546875,1.0,0.6128383278846741,0.19749173521995544
452,60,gaussian,1,44,0.40625,0.390625,0.40625,1.0,0.5721385478973389,0.20059597492218018
453,60,gaussian,1,44,0.40625,0.484375,0.40625,1.0,2.137373924255371,0.732180118560791
454,60,gaussian,1,44,0.28125,0.578125,0.28125,1.0,0.9079898595809937,0.3399078845977783
455,60,gaussian,1,44,0.375,0.453125,0.375,1.0,0.1075931042432785,0.03692401200532913
456,60,gaussian,1,44,0.625,0.546875,0.625,1.0,6.878628730773926,2.1651930809020996
457,60,gaussian,1,44,0.546875,0.609375,0.546875,1.0,0.613020658493042,0.19749173521995544
458,60,gaussian,1,44,0.296875,0.546875,0.296875,1.0,0.5866620540618896,0.17396937310695648
459,60,gaussian,1,44,0.703125,0.515625,0.703125,1.0,2.643444061279297,0.9125421643257141
460,60,gaussian,1,44,0.3125,0.5625,0.3125,1.0,0.6480274200439453,0.21652276813983917
461,60,gaussian,1,44,0.296875,0.59375,0.296875,1.0,1.1650155782699585,0.4067686200141907
462,60,gaussian,1,44,0.578125,0.578125,0.578125,1.0,6.225986480712891,2.0629372596740723
463,60,gaussian,1,44,0.546875,0.578125,0.546875,1.0,0.6919556856155396,0.23976504802703857
464,60,gaussian,1,44,0.2421875,0.2421875,0.492914979757085,1.0,0.4343610405921936,0.12356246262788773
465,60,gaussian,1,44,0.34375,0.3125,0.34375,1.0,0.5243161916732788,0.19282181560993195
466,60,gaussian,1,44,0.359375,0.171875,0.359375,1.0,5.45088005065918,1.7449796199798584
467,60,gaussian,1,44,0.734375,0.5625,0.734375,1.0,6.798336505889893,2.0703816413879395
468,60,gaussian,1,44,0.5625,0.640625,0.5625,1.0,1.4230303764343262,0.446934312582016
469,60,gaussian,1,44,0.390625,0.40625,0.390625,1.0,0.5726103782653809,0.20059596002101898
470,60,gaussian,1,44,0.34375,0.625,0.34375,1.0,0.9954982995986938,0.3565085232257843
471,60,gaussian,1,44,0.328125,0.59375,0.328125,1.0,5.017845153808594,1.6939834356307983
472,60,gaussian,1,44,0.359375,0.578125,0.359375,1.0,2.2359395027160645,0.7328567504882812
473,60,gaussian,1,44,0.328125,0.5625,0.328125,1.0,1.534982442855835,0.47242027521133423
474,60,gaussian,1,44,0.40625,0.640625,0.40625,1.0,2.5390124320983887,0.8660001158714294
475,60,gaussian,1,44,0.40625,0.5625,0.40625,1.0,6.551891326904297,2.08365535736084
476,60,gaussian,1,44,0.328125,0.546875,0.328125,1.0,2.7826123237609863,0.8686729073524475
477,60,gaussian,1,44,0.359375,0.375,0.359375,1.0,3.8935012817382812,1.2560795545578003
478,60,gaussian,1,44,0.546875,0.53125,0.546875,1.0,1.2077398300170898,0.4588533341884613
479,60,gaussian,1,44,0.359375,0.65625,0.359375,1.0,3.2371671199798584,1.0621241331100464
480,60,gaussian,1,44,0.34375,0.59375,0.34375,1.0,3.3706436157226562,1.1246880292892456
481,60,gaussian,1,44,0.359375,0.640625,0.359375,1.0,3.2356321811676025,1.0621241331100464
482,60,gaussian,1,44,0.21875,0.25,0.5833333333333334,1.0,0.5717843770980835,0.17580732703208923
483,60,gaussian,1,44,0.578125,0.578125,0.578125,1.0,6.2201762199401855,2.0629372596740723
484,60,gaussian,1,44,0.515625,0.578125,0.515625,1.0,0.8007521629333496,0.26684680581092834
485,60,gaussian,1,44,0.421875,0.4375,0.421875,1.0,2.0389723777770996,0.6808997988700867
486,60,gaussian,1,44,0.359375,0.5,0.359375,1.0,2.251103162765503,0.7914089560508728
487,60,gaussian,1,44,0.2421875,0.2734375,0.4541666666666666,1.0,5.303961753845215,1.5892510414123535
488,60,gaussian,1,44,0.40625,0.515625,0.40625,1.0,3.309502601623535,1.1310014724731445
489,60,gaussian,1,44,0.328125,0.40625,0.328125,1.0,0.9672606587409973,0.34201377630233765
490,60,gaussian,1,44,0.328125,0.265625,0.328125,1.0,7.732326507568359,2.3642730712890625
491,60,gaussian,1,44,0.40625,0.453125,0.40625,1.0,1.0737545490264893,0.3498137891292572
492,60,gaussian,1,44,0.46875,0.53125,0.46875,1.0,0.5305293202400208,0.18881584703922272
493,60,gaussian,1,44,0.25,0.296875,0.5714285714285714,1.0,0.8752219676971436,0.2513788640499115
494,60,gaussian,1,44,0.59375,0.625,0.59375,1.0,0.33621925115585327,0.10481635481119156
495,60,gaussian,1,44,0.5,0.46875,0.5,1.0,2.3303680419921875,0.8156629204750061
496,60,gaussian,1,44,0.28125,0.5625,0.28125,1.0,3.1024796962738037,0.9908080697059631
497,60,gaussian,1,44,,,,0.0,5.181366920471191,1.6725828647613525
498,60,gaussian,1,44,0.453125,0.390625,0.453125,1.0,6.078309059143066,2.1385254859924316
499,60,gaussian,1,44,,,,0.0,4.180295944213867,1.2769148349761963
500,60,gaussian,1,44,0.25,0.234375,0.5,1.0,0.7505186796188354,0.24939514696598053
501,60,gaussian,1,44,0.2109375,0.234375,0.41788856304985333,1.0,2.099968433380127,0.6215580105781555
502,60,gaussian,1,44,0.28125,0.609375,0.28125,1.0,1.0800471305847168,0.35915425419807434
503,60,gaussian,1,44,0.421875,0.46875,0.421875,1.0,2.4330027103424072,0.8317863345146179
504,60,gaussian,1,44,0.53125,0.609375,0.53125,1.0,1.4981110095977783,0.5471937656402588
505,60,gaussian,1,44,,,,0.0,1.3669297695159912,0.4626970887184143
506,60,gaussian,1,44,0.34375,0.5625,0.34375,1.0,3.9672255516052246,1.2741868495941162
507,60,gaussian,1,44,0.625,0.65625,0.625,1.0,0.8824217915534973,0.27559131383895874
508,60,gaussian,1,44,0.265625,0.1640625,0.45410628019323673,1.0,2.878600597381592,0.9541831016540527
509,60,gaussian,1,44,0.1953125,0.2265625,0.40098039215686276,1.0,2.2198495864868164,0.6573672890663147
510,60,gaussian,1,44,0.265625,0.609375,0.265625,1.0,1.4918673038482666,0.48185041546821594
511,60,gaussian,1,44,0.625,0.5625,0.625,1.0,2.5434226989746094,0.827955424785614
512,60,gaussian,1,44,0.390625,0.453125,0.390625,1.0,0.10747499763965607,0.03692401573061943
513,60,gaussian,1,44,0.3125,0.3125,0.3125,1.0,3.7298216819763184,1.158577799797058
514,60,gaussian,1,44,0.453125,0.640625,0.453125,1.0,1.8372197151184082,0.6367589831352234
515,60,gaussian,1,44,0.296875,0.546875,0.296875,1.0,1.4893845319747925,0.4570489227771759
516,60,gaussian,1,44,0.203125,0.203125,0.65,1.0,3.0814619064331055,0.9555655121803284
517,60,gaussian,1,44,0.421875,0.46875,0.421875,1.0,2.4331321716308594,0.8317863345146179
518,60,gaussian,1,44,0.28125,0.3125,0.28125,1.0,2.4067842960357666,0.7080760598182678
519,60,gaussian,1,44,0.390625,0.578125,0.390625,1.0,2.043402671813965,0.6642747521400452
520,60,gaussian,1,44,0.25,0.59375,0.25,1.0,1.7331516742706299,0.5715391039848328
521,60,gaussian,1,44,0.28125,0.609375,0.28125,1.0,2.7092549800872803,0.8979184031486511
522,60,gaussian,1,44,0.28125,0.2109375,0.5833333333333334,1.0,1.410719871520996,0.4268548786640167
523,60,gaussian,1,44,0.4375,0.578125,0.4375,1.0,0.40664100646972656,0.1420428603887558
524,60,gaussian,1,44,0.2421875,0.2421875,0.4564777327935223,1.0,1.4353561401367188,0.4469276964664459
525,60,gaussian,1,44,0.46875,0.453125,0.46875,1.0,3.3406519889831543,1.1407109498977661
526,60,gaussian,1,44,0.21875,0.1953125,0.4408602150537634,1.0,1.4368281364440918,0.39355459809303284
527,60,gaussian,1,44,,,,0.0,1.3434007167816162,0.42714598774909973
528,60,gaussian,1,44,0.578125,0.625,0.578125,1.0,0.6419071555137634,0.22473908960819244
529,60,gaussian,1,44,,,,0.0,2.2789745330810547,0.7750107049942017
530,60,gaussian,1,44,0.515625,0.359375,0.515625,1.0,4.950672149658203,1.7736482620239258
531,60,gaussian,1,44,0.484375,0.546875,0.484375,1.0,1.7553796768188477,0.6520154476165771
532,60,gaussian,1,44,0.46875,0.625,0.46875,1.0,1.5305261611938477,0.5190970301628113
533,60,gaussian,1,44,0.296875,0.546875,0.296875,1.0,4.338359355926514,1.3665751218795776
534,60,gaussian,1,44,0.546875,0.453125,0.546875,1.0,3.2490105628967285,1.196162223815918
535,60,gaussian,1,44,0.2578125,0.2421875,0.5187134502923976,1.0,2.6692304611206055,0.9446226358413696
536,60,gaussian,1,44,0.265625,0.59375,0.265625,1.0,1.7306861877441406,0.5715391039848328
537,60,gaussian,1,44,0.34375,0.328125,0.34375,1.0,1.861081600189209,0.6200043559074402
538,60,gaussian,1,44,0.6875,0.609375,0.6875,1.0,0.9057416915893555,0.28176483511924744
539,60,gaussian,1,44,0.46875,0.625,0.46875,1.0,1.5296318531036377,0.5190969705581665
540,60,gaussian,1,44,0.34375,0.328125,0.34375,1.0,1.2768406867980957,0.4114142954349518
541,60,gaussian,1,44,,,,0.0,2.496631145477295,0.854820966720581
542,60,gaussian,1,44,0.4375,0.46875,0.4375,1.0,4.050834655761719,1.3662489652633667
543,60,gaussian,1,44,0.296875,0.296875,0.5277777777777778,1.0,0.7488604784011841,0.2155941128730774
544,60,gaussian,1,44,0.2421875,0.265625,0.493993993993994,1.0,3.1940295696258545,0.9846563339233398
545,60,gaussian,1,44,0.25,0.5625,0.25,1.0,0.23460161685943604,0.07070665806531906
546,60,gaussian,1,44,0.5625,0.5625,0.5625,1.0,0.8465935587882996,0.2849869430065155
547,60,gaussian,1,44,0.34375,0.640625,0.34375,1.0,1.3385889530181885,0.4696386158466339
548,60,gaussian,1,44,0.3125,0.3125,0.3125,1.0,3.7289018630981445,1.158577799797058
549,60,gaussian,1,44,0.359375,0.578125,0.359375,1.0,1.1077362298965454,0.3619183301925659
550,60,gaussian,1,44,0.421875,0.4375,0.5869565217391305,1.0,0.5878578424453735,0.17903099954128265
551,60,gaussian,1,44,0.3125,0.296875,0.3125,1.0,2.2461562156677246,0.7233791351318359
552,60,gaussian,1,44,0.375,0.4375,0.375,1.0,0.9998641014099121,0.33865776658058167
553,60,gaussian,1,44,0.65625,0.5625,0.65625,1.0,2.915043354034424,1.0306659936904907
554,60,gaussian,1,44,0.578125,0.5,0.578125,1.0,1.0932492017745972,0.37970107793807983
555,60,gaussian,1,44,0.484375,0.484375,0.484375,1.0,2.329699754714966,0.8156629204750061
556,60,gaussian,1,44,0.34375,0.5625,0.34375,1.0,1.4783453941345215,0.49368175864219666
557,60,gaussian,1,44,0.2421875,0.2265625,0.48684210526315785,1.0,3.9239020347595215,1.2443922758102417
558,60,gaussian,1,44,0.3125,0.609375,0.3125,1.0,1.5939693450927734,0.5418188571929932
559,60,gaussian,1,44,0.2421875,0.1953125,0.5307529162248144,1.0,2.737086772918701,0.8673968315124512
560,60,gaussian,1,44,0.390625,0.59375,0.390625,1.0,2.0443062782287598,0.6642747521400452
561,60,gaussian,1,44,0.3125,0.59375,0.3125,1.0,1.1541008949279785,0.40454134345054626
562,60,gaussian,1,44,0.375,0.46875,0.375,1.0,0.10761764645576477,0.03692401573061943
563,60,gaussian,1,44,0.390625,0.4375,0.390625,1.0,2.9899368286132812,1.083630084991455
564,60,gaussian,1,44,0.3125,0.5625,0.3125,1.0,1.9884328842163086,0.6202473640441895
565,60,gaussian,1,44,,,,0.0,2.49469256401062,0.854820966720581
566,60,gaussian,1,44,0.40625,0.453125,0.40625,1.0,1.7298827171325684,0.5800822973251343
567,60,gaussian,1,44,0.234375,0.5625,0.234375,1.0,0.23475363850593567,0.07070665806531906
568,60,gaussian,1,44,0.28125,0.609375,0.28125,1.0,0.9671634435653687,0.33939504623413086
569,60,gaussian,1,44,0.625,0.640625,0.625,1.0,0.7409055829048157,0.246124267578125
570,60,gaussian,1,44,0.296875,0.578125,0.296875,1.0,0.7264724373817444,0.24020566046237946
571,60,gaussian,1,44,0.421875,0.5,0.421875,1.0,0.9091775417327881,0.29741325974464417
572,60,gaussian,1,44,0.421875,0.46875,0.421875,1.0,0.2934698760509491,0.08988106995820999
573,60,gaussian,1,44,0.2734375,0.265625,0.521255060728745,1.0,2.856369733810425,0.882222056388855
574,60,gaussian,1,44,0.375,0.390625,0.375,1.0,1.1911835670471191,0.3775847256183624
575,60,gaussian,1,44,0.328125,0.59375,0.328125,1.0,5.0192742347717285,1.6939834356307983
576,60,gaussian,1,44,0.328125,0.546875,0.328125,1.0,2.041144609451294,0.6471436023712158
577,60,gaussian,1,44,0.453125,0.46875,0.453125,1.0,1.5963945388793945,0.5471730828285217
578,60,gaussian,1,44,0.390625,0.421875,0.390625,1.0,3.6690690517425537,1.2229821681976318
579,60,gaussian,1,44,0.4375,0.5,0.4375,1.0,0.6391333341598511,0.23355405032634735
580,60,gaussian,1,44,0.328125,0.578125,0.328125,1.0,0.9565858840942383,0.3232263922691345
581,60,gaussian,1,44,0.5,0.578125,0.5,1.0,0.4396406412124634,0.15039487183094025
582,60,gaussian,1,44,0.25,0.234375,0.5225225225225225,1.0,2.663255453109741,0.8698555827140808
583,60,gaussian,1,44,0.671875,0.265625,0.671875,1.0,3.549028158187866,1.1323788166046143
584,60,gaussian,1,44,0.453125,0.484375,0.453125,1.0,1.1237050294876099,0.3841545879840851
585,60,gaussian,1,44,0.5625,0.53125,0.5625,1.0,2.7747907638549805,0.9722275137901306
586,60,gaussian,1,44,0.34375,0.609375,0.34375,1.0,2.320863723754883,0.8068695068359375
587,60,gaussian,1,44,0.2578125,0.21875,0.5192307692307692,1.0,3.92630934715271,1.2443922758102417
588,60,gaussian,1,44,0.28125,0.25,0.28125,1.0,1.3477933406829834,0.40757203102111816
589,60,gaussian,1,44,0.296875,0.28125,0.296875,1.0,3.720256805419922,1.1445316076278687
590,60,gaussian,1,44,0.4375,0.609375,0.4375,1.0,0.9207258224487305,0.32737624645233154
591,60,gaussian,1,44,0.34375,0.359375,0.34375,1.0,1.6517034769058228,0.5026766061782837
592,60,gaussian,1,44,0.171875,0.171875,0.3333333333333333,1.0,1.436630129814148,0.39355459809303284
593,60,gaussian,1,44,0.25,0.2578125,0.5079365079365079,1.0,0.8751649856567383,0.2513788640499115
594,60,gaussian,1,44,0.21875,0.578125,0.21875,1.0,1.8508827686309814,0.6433864235877991
595,60,gaussian,1,44,0.40625,0.4375,0.40625,1.0,1.0731825828552246,0.3498137891292572
596,60,gaussian,1,44,0.46875,0.5625,0.46875,1.0,0.3406527042388916,0.12094991654157639
597,60,gaussian,1,44,0.296875,0.59375,0.296875,1.0,2.796492576599121,0.8877378702163696
598,60,gaussian,1,44,0.359375,0.578125,0.359375,1.0,0.4694688320159912,0.1627407819032669
599,60,gaussian,1,44,0.34375,0.484375,0.34375,1.0,1.7684149742126465,0.5693441033363342
600,60,gaussian,1,44,0.375,0.65625,0.375,1.0,0.4879188537597656,0.14776141941547394
601,60,gaussian,1,44,0.2265625,0.1875,0.4955703211517165,1.0,2.5954713821411133,0.8293046951293945
602,60,gaussian,1,44,0.515625,0.59375,0.515625,1.0,1.0175588130950928,0.3516086935997009
603,60,gaussian,1,44,0.53125,0.609375,0.53125,1.0,1.3343569040298462,0.4710029065608978
604,60,gaussian,1,44,0.25,0.578125,0.25,1.0,1.1137044429779053,0.37282460927963257
605,60,gaussian,1,44,0.5,0.5625,0.5,1.0,0.6483900547027588,0.22398334741592407
606,60,gaussian,1,44,0.265625,0.625,0.265625,1.0,1.0785369873046875,0.35915425419807434
607,60,gaussian,1,44,0.265625,0.578125,0.265625,1.0,2.6811282634735107,0.8880186080932617
608,60,gaussian,1,44,0.4375,0.609375,0.4375,1.0,0.92115718126297,0.32737624645233154
609,60,gaussian,1,44,0.5625,0.515625,0.5625,1.0,3.488520860671997,1.2590175867080688
610,60,gaussian,1,44,0.328125,0.328125,0.328125,1.0,3.792860984802246,1.1805291175842285
611,60,gaussian,1,44,,,,0.0,3.3262035846710205,1.1142836809158325
612,60,gaussian,1,44,,,,0.0,5.78480339050293,1.890779733657837
613,60,gaussian,1,44,0.65625,0.609375,0.65625,1.0,0.3900894522666931,0.13604682683944702
614,60,gaussian,1,44,0.265625,0.59375,0.265625,1.0,1.9856973886489868,0.6356554627418518
615,60,gaussian,1,44,0.46875,0.53125,0.46875,1.0,0.5300472974777222,0.18881584703922272
616,60,gaussian,1,44,0.234375,0.625,0.234375,1.0,0.4080876410007477,0.1402009129524231
617,60,gaussian,1,44,,,,0.0,0.9965783357620239,0.3449229598045349
618,60,gaussian,1,44,0.671875,0.546875,0.671875,1.0,3.0946316719055176,0.994309663772583
619,60,gaussian,1,44,0.3125,0.59375,0.3125,1.0,1.1532403230667114,0.4045413136482239
620,60,gaussian,1,44,0.296875,0.28125,0.5,1.0,1.2378042936325073,0.3825078010559082
621,60,gaussian,1,44,0.59375,0.515625,0.59375,1.0,1.9077706336975098,0.6672065854072571
622,60,gaussian,1,44,0.375,0.546875,0.375,1.0,1.244596004486084,0.4218868613243103
623,60,gaussian,1,44,,,,0.0,2.7378103733062744,0.867396891117096
624,60,gaussian,1,44,0.296875,0.59375,0.296875,1.0,2.0691614151000977,0.6832566857337952
625,60,gaussian,1,44,0.546875,0.46875,0.546875,1.0,3.2493810653686523,1.196162223815918
626,60,gaussian,1,44,0.453125,0.375,0.453125,1.0,0.8952569961547852,0.3588749170303345
627,60,gaussian,1,44,0.703125,0.515625,0.703125,1.0,2.6437530517578125,0.9125421643257141
628,60,gaussian,1,44,0.265625,0.25,0.5020242914979758,1.0,1.139915943145752,0.3806523382663727
629,60,gaussian,1,44,0.453125,0.390625,0.453125,1.0,6.081981658935547,2.1385257244110107
630,60,gaussian,1,44,0.234375,0.2265625,0.5090137857900319,1.0,1.5776251554489136,0.5093807578086853
631,60,gaussian,1,44,0.40625,0.453125,0.40625,1.0,1.073589563369751,0.3498137891292572
632,60,gaussian,1,44,0.25,0.609375,0.25,1.0,1.8639700412750244,0.6194067597389221
633,60,gaussian,1,44,0.3125,0.5625,0.3125,1.0,2.7340049743652344,0.9053817987442017
634,60,gaussian,1,44,0.390625,0.421875,0.390625,1.0,1.7033789157867432,0.5638735294342041
635,60,gaussian,1,44,0.4375,0.25,0.4375,1.0,0.11756757646799088,0.04371132329106331
636,60,gaussian,1,44,0.40625,0.421875,0.40625,1.0,1.7034339904785156,0.5638735294342041
637,60,gaussian,1,44,0.421875,0.515625,0.421875,1.0,3.3070263862609863,1.1310014724731445
638,60,gaussian,1,44,0.1875,0.1875,0.3157894736842105,1.0,2.2767856121063232,0.7750107049942017
639,60,gaussian,1,44,0.15625,0.125,0.35714285714285715,1.0,0.5772030353546143,0.19296810030937195
640,60,gaussian,1,44,0.28125,0.625,0.28125,1.0,1.5589128732681274,0.48135778307914734
641,60,gaussian,1,44,0.546875,0.578125,0.546875,1.0,0.20865418016910553,0.06824370473623276
642,60,gaussian,1,44,0.59375,0.421875,0.59375,1.0,1.043644666671753,0.32954296469688416
643,60,gaussian,1,44,0.5,0.625,0.5,1.0,0.21796244382858276,0.07155760377645493
644,60,gaussian,1,44,0.765625,0.5625,0.765625,1.0,0.407246470451355,0.13902129232883453
645,60,gaussian,1,44,0.5,0.421875,0.5,1.0,0.4077831506729126,0.14545348286628723
646,60,gaussian,1,44,0.578125,0.578125,0.578125,1.0,6.224761009216309,2.0629372596740723
647,60,gaussian,1,44,0.3125,0.609375,0.3125,1.0,1.595024585723877,0.5418188571929932
648,60,gaussian,1,44,0.2109375,0.234375,0.41788856304985333,1.0,2.099726438522339,0.6215579509735107
649,60,gaussian,1,44,0.234375,0.234375,0.4764705882352941,1.0,1.08524489402771,0.3530712127685547
650,60,gaussian,1,44,0.5625,0.421875,0.5625,1.0,2.3359215259552,0.8109400272369385
651,60,gaussian,1,44,0.328125,0.375,0.328125,1.0,4.511974334716797,1.410272479057312
652,60,gaussian,1,44,0.171875,0.15625,0.4230769230769231,1.0,1.2375295162200928,0.3825078010559082
653,60,gaussian,1,44,0.359375,0.296875,0.359375,1.0,0.5269550085067749,0.19282180070877075
654,60,gaussian,1,44,0.46875,0.46875,0.46875,1.0,1.5957486629486084,0.5471730828285217
655,60,gaussian,1,44,0.28125,0.234375,0.28125,1.0,1.3475055694580078,0.40757203102111816
656,60,gaussian,1,44,0.2265625,0.1875,0.4955703211517165,1.0,2.597586154937744,0.8293046355247498
657,60,gaussian,1,44,0.265625,0.609375,0.265625,1.0,1.532207727432251,0.5257356762886047
658,60,gaussian,1,44,0.453125,0.4375,0.453125,1.0,1.0839344263076782,0.380225270986557
659,60,gaussian,1,44,0.28125,0.546875,0.28125,1.0,4.403573036193848,1.394054889678955
660,60,gaussian,1,44,0.25,0.25,0.4841269841269842,1.0,1.2817504405975342,0.4110652208328247
661,60,gaussian,1,44,0.359375,0.578125,0.359375,1.0,0.470114529132843,0.1627407968044281
662,60,gaussian,1,44,0.265625,0.5625,0.265625,1.0,0.9090499877929688,0.3399078845977783
663,60,gaussian,1,44,0.359375,0.5,0.359375,1.0,2.251296281814575,0.7914089560508728
664,60,gaussian,1,44,0.5,0.546875,0.5,1.0,1.2974860668182373,0.45391592383384705
665,60,gaussian,1,44,0.21875,0.515625,0.21875,1.0,0.6278300285339355,0.18517935276031494
666,60,gaussian,1,44,0.703125,0.328125,0.703125,1.0,0.7012229561805725,0.20553816854953766
667,60,gaussian,1,44,0.234375,0.265625,0.43333333333333335,1.0,3.6674036979675293,1.108033537864685
668,60,gaussian,1,44,0.359375,0.5625,0.359375,1.0,1.4780182838439941,0.49368178844451904
669,60,gaussian,1,44,0.265625,0.625,0.265625,1.0,1.0785456895828247,0.35915425419807434
670,60,gaussian,1,44,0.375,0.640625,0.375,1.0,2.2297604084014893,0.6943051815032959
671,60,gaussian,1,44,0.25,0.5625,0.25,1.0,1.1157699823379517,0.37282460927963257
672,60,gaussian,1,44,0.375,0.625,0.375,1.0,1.802058219909668,0.5762497186660767
673,60,gaussian,1,44,0.578125,0.5,0.578125,1.0,3.97420334815979,1.3409349918365479
674,60,gaussian,1,44,0.125,0.09375,0.42105263157894735,1.0,0.587962806224823,0.17903101444244385
675,60,gaussian,1,44,0.25,0.609375,0.25,1.0,1.8511128425598145,0.6638737320899963
676,60,gaussian,1,44,0.578125,0.640625,0.578125,1.0,3.555973768234253,1.2913000583648682
677,60,gaussian,1,44,0.40625,0.53125,0.40625,1.0,3.3109524250030518,1.1310014724731445
678,60,gaussian,1,44,0.171875,0.15625,0.39285714285714285,1.0,0.7472167015075684,0.2155940979719162
679,60,gaussian,1,44,0.3125,0.59375,0.3125,1.0,2.095355272293091,0.7192129492759705
680,60,gaussian,1,44,0.171875,0.140625,0.3333333333333333,1.0,2.4955897331237793,0.854820966720581
681,60,gaussian,1,44,0.515625,0.484375,0.515625,1.0,2.9581193923950195,1.0764422416687012
682,60,gaussian,1,44,0.3125,0.578125,0.3125,1.0,0.9563416242599487,0.3232263922691345
683,60,gaussian,1,44,0.53125,0.609375,0.53125,1.0,0.8307804465293884,0.2952440679073334
684,60,gaussian,1,44,0.390625,0.40625,0.390625,1.0,0.3480210304260254,0.11180267482995987
685,60,gaussian,1,44,0.265625,0.25,0.5020242914979758,1.0,1.139967441558838,0.3806523382663727
686,60,gaussian,1,44,0.296875,0.625,0.296875,1.0,6.098642349243164,2.034385919570923
687,60,gaussian,1,44,0.53125,0.578125,0.53125,1.0,0.8007586002349854,0.26684680581092834
688,60,gaussian,1,44,0.703125,0.625,0.703125,1.0,2.2241909503936768,0.7215527296066284
689,60,gaussian,1,44,0.515625,0.578125,0.515625,1.0,0.8011373281478882,0.26684680581092834
690,60,gaussian,1,44,0.515625,0.46875,0.515625,1.0,0.7459233999252319,0.24859999120235443
691,60,gaussian,1,44,0.25,0.25,0.4774774774774775,1.0,1.4365041255950928,0.4469276964664459
692,60,gaussian,1,44,0.40625,0.546875,0.40625,1.0,0.6945308446884155,0.22600243985652924
693,60,gaussian,1,44,0.5,0.546875,0.5,1.0,1.29737389087677,0.45391592383384705
694,60,gaussian,1,44,0.265625,0.609375,0.265625,1.0,1.0782556533813477,0.35915425419807434
695,60,gaussian,1,44,0.3125,0.578125,0.3125,1.0,1.6523818969726562,0.5510165095329285
696,60,gaussian,1,44,0.546875,0.578125,0.546875,1.0,0.6925562024116516,0.23976503312587738
697,60,gaussian,1,44,0.234375,0.5625,0.234375,1.0,0.23466980457305908,0.07070665806531906
698,60,gaussian,1,44,0.1875,0.203125,0.6,1.0,0.3575170636177063,0.10909299552440643
699,60,gaussian,1,44,0.25,0.609375,0.25,1.0,2.135796308517456,0.7478921413421631
700,60,gaussian,1,44,0.40625,0.5625,0.40625,1.0,0.48076131939888,0.16770228743553162
701,60,gaussian,1,44,0.328125,0.609375,0.328125,1.0,2.3211684226989746,0.8068695068359375
702,60,gaussian,1,44,0.4375,0.453125,0.4375,1.0,2.1407885551452637,0.751731276512146
703,60,gaussian,1,44,0.3125,0.609375,0.3125,1.0,1.5848157405853271,0.5685566067695618
704,60,gaussian,1,44,0.265625,0.46875,0.265625,1.0,1.5306549072265625,0.4551909863948822
705,60,gaussian,1,44,0.28125,0.421875,0.28125,1.0,1.7734001874923706,0.5301382541656494
706,60,gaussian,1,44,0.296875,0.59375,0.296875,1.0,1.9684748649597168,0.5825971364974976
707,60,gaussian,1,44,0.234375,0.578125,0.234375,1.0,2.4289298057556152,0.7474327087402344
708,60,gaussian,1,44,0.421875,0.625,0.421875,1.0,2.3283371925354004,0.7336642146110535
709,60,gaussian,1,44,0.328125,0.3125,0.328125,1.0,3.7259469032287598,1.158577799797058
710,60,gaussian,1,44,0.2734375,0.2421875,0.579004329004329,1.0,4.858863353729248,1.4879250526428223
711,60,gaussian,1,44,0.515625,0.59375,0.515625,1.0,1.017606258392334,0.3516087234020233
712,60,gaussian,1,44,0.28125,0.640625,0.28125,1.0,1.2169100046157837,0.4078541696071625
713,60,gaussian,1,44,0.21875,0.578125,0.21875,1.0,1.8530569076538086,0.6433864235877991
714,60,gaussian,1,44,0.234375,0.1796875,0.5086580086580086,1.0,2.5997605323791504,0.8293046951293945
715,60,gaussian,1,44,0.515625,0.3125,0.515625,1.0,2.848043918609619,1.034978985786438
716,60,gaussian,1,44,0.375,0.640625,0.375,1.0,1.8001891374588013,0.5762497186660767
717,60,gaussian,1,44,0.25,0.21875,0.5416666666666667,1.0,4.1210551261901855,1.3195257186889648
718,60,gaussian,1,44,0.40625,0.5625,0.40625,1.0,1.5459227561950684,0.497736394405365
719,60,gaussian,1,44,0.25,0.21875,0.4939271255060729,1.0,1.2371224164962769,0.3825078010559082
720,60,gaussian,1,44,0.28125,0.640625,0.28125,1.0,0.9982051253318787,0.3449229598045349
721,60,gaussian,1,44,0.390625,0.4375,0.390625,1.0,1.6131513118743896,0.5127710103988647
722,60,gaussian,1,44,0.2578125,0.2578125,0.498015873015873,1.0,0.5774990916252136,0.19296810030937195
723,60,gaussian,1,44,0.734375,0.65625,0.734375,1.0,0.7652523517608643,0.2584344446659088
724,60,gaussian,1,44,0.2421875,0.2265625,0.49901477832512314,1.0,0.9448374509811401,0.3147042691707611
725,60,gaussian,1,44,0.3125,0.421875,0.3125,1.0,0.9645025730133057,0.34201377630233765
726,60,gaussian,1,44,0.484375,0.546875,0.484375,1.0,0.2924532890319824,0.09871941059827805
727,60,gaussian,1,44,0.640625,0.46875,0.640625,1.0,6.7838568687438965,2.347736358642578
728,60,gaussian,1,44,0.234375,0.578125,0.234375,1.0,1.2559071779251099,0.396025151014328
729,60,gaussian,1,44,0.359375,0.5625,0.359375,1.0,5.176715850830078,1.7771198749542236
730,60,gaussian,1,44,0.265625,0.59375,0.265625,1.0,1.9874674081802368,0.635655403137207
731,60,gaussian,1,44,0.609375,0.625,0.609375,1.0,4.333693027496338,1.4456032514572144
732,60,gaussian,1,44,0.28125,0.609375,0.28125,1.0,2.682936429977417,0.8868424892425537
733,60,gaussian,1,44,0.484375,0.546875,0.484375,1.0,1.7554157972335815,0.6520154476165771
734,60,gaussian,1,44,0.28125,0.609375,0.28125,1.0,2.6848409175872803,0.8868424892425537
735,60,gaussian,1,44,0.3125,0.3125,0.3125,1.0,0.40993189811706543,0.12514282763004303
736,60,gaussian,1,44,0.390625,0.4375,0.390625,1.0,3.6679515838623047,1.2229821681976318
737,60,gaussian,1,44,0.6875,0.640625,0.6875,1.0,0.7156435251235962,0.2540087103843689
738,60,gaussian,1,44,0.453125,0.640625,0.453125,1.0,1.8372437953948975,0.6367589831352234
739,60,gaussian,1,44,0.5625,0.421875,0.5625,1.0,2.3358981609344482,0.8109399676322937
740,60,gaussian,1,44,0.703125,0.625,0.703125,1.0,2.2219176292419434,0.7215527296066284
741,60,gaussian,1,44,0.4375,0.421875,0.4375,1.0,0.954459547996521,0.34244096279144287
742,60,gaussian,1,44,0.5,0.421875,0.5,1.0,0.4080759882926941,0.14545348286628723
743,60,gaussian,1,44,0.359375,0.53125,0.359375,1.0,0.6292248964309692,0.21381822228431702
744,60,gaussian,1,44,0.28125,0.640625,0.28125,1.0,0.605457067489624,0.1897205412387848
745,60,gaussian,1,44,0.28125,0.609375,0.28125,1.0,0.9794398546218872,0.3407631516456604
746,60,gaussian,1,44,0.34375,0.5625,0.34375,1.0,1.299790620803833,0.424254447221756
747,60,gaussian,1,44,0.25,0.5625,0.25,1.0,2.6326823234558105,0.8676917552947998
748,60,gaussian,1,44,0.25,0.59375,0.25,1.0,1.7349672317504883,0.5715391039848328
749,60,gaussian,1,44,0.484375,0.515625,0.484375,1.0,0.3943701982498169,0.13647978007793427
750,60,gaussian,1,44,0.296875,0.640625,0.296875,1.0,0.6058615446090698,0.1897205412387848
751,60,gaussian,1,44,0.5,0.46875,0.5,1.0,2.330017566680908,0.8156629204750061
752,60,gaussian,1,44,0.5625,0.5625,0.5625,1.0,0.8467050790786743,0.2849869132041931
753,60,gaussian,1,44,0.296875,0.59375,0.296875,1.0,0.788844108581543,0.2479552924633026
754,60,gaussian,1,44,0.40625,0.578125,0.40625,1.0,0.4806593954563141,0.16770228743553162
755,60,gaussian,1,44,0.328125,0.59375,0.328125,1.0,0.3743036389350891,0.11962015181779861
756,60,gaussian,1,44,0.28125,0.578125,0.28125,1.0,0.9084063172340393,0.3399078845977783
757,60,gaussian,1,44,,,,0.0,2.7592220306396484,0.9757277369499207
758,60,gaussian,1,44,0.296875,0.46875,0.296875,1.0,2.852588653564453,0.8512217998504639
759,60,gaussian,1,44,0.53125,0.578125,0.53125,1.0,1.1155388355255127,0.38703545928001404
760,60,gaussian,1,44,0.2421875,0.25,0.463963963963964,1.0,1.4339649677276611,0.4469276964664459
761,60,gaussian,1,44,0.296875,0.625,0.296875,1.0,2.994541645050049,1.027803659439087
762,60,gaussian,1,44,0.46875,0.625,0.46875,1.0,1.5304417610168457,0.5190969705581665
763,60,gaussian,1,44,0.28125,0.609375,0.28125,1.0,0.9793353080749512,0.3407631516456604
764,60,gaussian,1,44,0.390625,0.5625,0.390625,1.0,0.6953028440475464,0.22600243985652924
765,60,gaussian,1,44,,,,0.0,3.3243517875671387,1.1142836809158325
766,60,gaussian,1,44,0.328125,0.59375,0.328125,1.0,3.371138095855713,1.1246880292892456
767,60,gaussian,1,44,0.34375,0.5625,0.34375,1.0,0.6489498019218445,0.21842092275619507
768,60,gaussian,1,44,0.640625,0.59375,0.640625,1.0,1.2435675859451294,0.42627495527267456
769,60,gaussian,1,44,0.375,0.609375,0.375,1.0,1.1289923191070557,0.36708858609199524
770,60,gaussian,1,44,0.296875,0.578125,0.296875,1.0,1.966653823852539,0.5825971364974976
771,60,gaussian,1,44,0.28125,0.265625,0.5208333333333333,1.0,1.627821922302246,0.4285542368888855
772,60,gaussian,1,44,0.296875,0.59375,0.296875,1.0,3.259671211242676,1.0514593124389648
773,60,gaussian,1,44,0.5,0.46875,0.5,1.0,2.3305959701538086,0.8156629204750061
774,60,gaussian,1,44,0.28125,0.640625,0.28125,1.0,1.2158535718917847,0.4078541696071625
775,60,gaussian,1,44,0.234375,0.609375,0.234375,1.0,0.6425725221633911,0.22000110149383545
776,60,gaussian,1,44,0.21875,0.609375,0.21875,1.0,0.4090713858604431,0.1402009129524231
777,60,gaussian,1,44,0.46875,0.609375,0.46875,1.0,0.9747698903083801,0.3298730254173279
778,60,gaussian,1,44,0.3125,0.59375,0.3125,1.0,2.0952036380767822,0.7192129492759705
779,60,gaussian,1,44,0.59375,0.453125,0.59375,1.0,2.944241523742676,0.9399842023849487
780,60,gaussian,1,44,0.40625,0.515625,0.40625,1.0,1.6658244132995605,0.5774274468421936
781,60,gaussian,1,44,0.296875,0.59375,0.296875,1.0,3.25844144821167,1.0514594316482544
782,60,gaussian,1,44,0.4375,0.59375,0.4375,1.0,0.2591031789779663,0.08283542841672897
783,60,gaussian,1,44,0.328125,0.5625,0.328125,1.0,1.5351135730743408,0.47242024540901184
784,60,gaussian,1,44,0.515625,0.484375,0.515625,1.0,2.9579672813415527,1.0764422416687012
785,60,gaussian,1,44,,,,0.0,2.5403623580932617,0.853732168674469
786,60,gaussian,1,44,0.390625,0.421875,0.390625,1.0,1.7038918733596802,0.5638735294342041
787,60,gaussian,1,44,0.25,0.609375,0.25,1.0,1.8567696809768677,0.6638737320899963
788,60,gaussian,1,44,0.234375,0.625,0.234375,1.0,0.40888065099716187,0.1402009129524231
789,60,gaussian,1,44,0.328125,0.609375,0.328125,1.0,2.5312061309814453,0.7681835889816284
790,60,gaussian,1,44,0.390625,0.4375,0.390625,1.0,1.6146162748336792,0.51277095079422
791,60,gaussian,1,44,0.46875,0.328125,0.46875,1.0,1.0537481307983398,0.35867613554000854
792,60,gaussian,1,44,0.3125,0.4375,0.3125,1.0,1.5179579257965088,0.46217697858810425
793,60,gaussian,1,44,0.671875,0.203125,0.671875,1.0,0.9776688814163208,0.2990044951438904
794,60,gaussian,1,44,0.421875,0.484375,0.421875,1.0,3.2673394680023193,1.0559587478637695
795,60,gaussian,1,44,,,,0.0,5.178574562072754,1.6725828647613525
796,60,gaussian,1,44,0.515625,0.578125,0.515625,1.0,0.4165593087673187,0.15137259662151337
797,60,gaussian,1,44,0.265625,0.59375,0.265625,1.0,2.5256567001342773,0.825227677822113
798,60,gaussian,1,44,0.390625,0.546875,0.390625,1.0,1.2441716194152832,0.4218868613243103
799,60,gaussian,1,44,0.34375,0.546875,0.34375,1.0,1.019858956336975,0.3578401505947113
800,60,gaussian,1,44,,,,0.0,1.5307129621505737,0.5190969705581665
801,60,gaussian,1,44,0.59375,0.46875,0.59375,1.0,0.1360282152891159,0.042324554175138474
802,60,gaussian,1,44,0.3125,0.578125,0.3125,1.0,1.6521527767181396,0.5510165095329285
803,60,gaussian,1,44,0.390625,0.4375,0.390625,1.0,1.6136753559112549,0.5127710103988647
804,60,gaussian,1,44,0.28125,0.234375,0.28125,1.0,1.3487796783447266,0.4075720012187958
805,60,gaussian,1,44,0.4375,0.421875,0.4375,1.0,0.9547181129455566,0.34244096279144287
806,60,gaussian,1,44,0.25,0.5625,0.25,1.0,0.599168062210083,0.19633041322231293
807,60,gaussian,1,44,0.28125,0.5625,0.28125,1.0,4.336496829986572,1.3665751218795776
808,60,gaussian,1,44,0.3125,0.609375,0.3125,1.0,1.0626287460327148,0.3629729449748993
809,60,gaussian,1,44,0.28125,0.3125,0.28125,1.0,2.4060745239257812,0.708076000213623
810,60,gaussian,1,44,0.3125,0.609375,0.3125,1.0,1.5847913026809692,0.5685566067695618
811,60,gaussian,1,44,0.296875,0.59375,0.296875,1.0,2.065579652786255,0.6832566857337952
812,60,gaussian,1,44,0.4375,0.421875,0.4375,1.0,0.9545092582702637,0.34244099259376526
813,60,gaussian,1,44,0.40625,0.25,0.40625,1.0,1.6546146869659424,0.5755638480186462
814,60,gaussian,1,44,,,,0.0,0.9983344674110413,0.3449229598045349
815,60,gaussian,1,44,0.265625,0.640625,0.265625,1.0,1.5569096803665161,0.4813578128814697
816,60,gaussian,1,44,0.265625,0.578125,0.265625,1.0,0.45417994260787964,0.15016692876815796
817,60,gaussian,1,44,0.390625,0.5625,0.390625,1.0,1.5941014289855957,0.5461234450340271
818,60,gaussian,1,44,0.234375,0.1875,0.4166666666666667,1.0,1.4102897644042969,0.4268548786640167
819,60,gaussian,1,44,0.53125,0.46875,0.53125,1.0,0.7456355094909668,0.24859999120235443
820,60,gaussian,1,44,0.328125,0.625,0.328125,1.0,0.9949896335601807,0.3565085232257843
821,60,gaussian,1,44,0.421875,0.671875,0.421875,1.0,0.21616706252098083,0.06841857731342316
822,60,gaussian,1,44,0.578125,0.515625,0.578125,1.0,2.774336338043213,0.9722275733947754
823,60,gaussian,1,44,0.640625,0.46875,0.640625,1.0,6.7835540771484375,2.347736358642578
824,60,gaussian,1,44,0.296875,0.546875,0.296875,1.0,0.5870777368545532,0.17396937310695648
825,60,gaussian,1,44,0.453125,0.390625,0.453125,1.0,6.081702709197998,2.1385257244110107
826,60,gaussian,1,44,0.40625,0.5625,0.40625,1.0,1.6564466953277588,0.587451159954071
827,60,gaussian,1,44,0.59375,0.453125,0.59375,1.0,3.04563307762146,1.053959846496582
828,60,gaussian,1,44,0.3125,0.328125,0.3125,1.0,2.6477038860321045,0.8069853186607361
829,60,gaussian,1,44,0.625,0.390625,0.625,1.0,1.3106911182403564,0.40940406918525696
830,60,gaussian,1,44,0.28125,0.5625,0.28125,1.0,2.208906888961792,0.7111892104148865
831,60,gaussian,1,44,0.5625,0.625,0.5625,1.0,5.736611366271973,1.9582089185714722
832,60,gaussian,1,44,0.484375,0.515625,0.484375,1.0,0.3943997621536255,0.13647978007793427
833,60,gaussian,1,44,0.46875,0.46875,0.6666666666666666,1.0,1.2731252908706665,0.41800767183303833
834,60,gaussian,1,44,0.515625,0.578125,0.515625,1.0,0.6488441824913025,0.22398334741592407
835,60,gaussian,1,44,0.46875,0.46875,0.46875,1.0,0.47762513160705566,0.16198040544986725
836,60,gaussian,1,44,0.234375,0.578125,0.234375,1.0,1.255582571029663,0.396025151014328
837,60,gaussian,1,44,0.25,0.25,0.525,1.0,2.174391269683838,0.6467058658599854
838,60,gaussian,1,44,0.578125,0.625,0.578125,1.0,2.192399263381958,0.7032486796379089
839,60,gaussian,1,44,0.59375,0.421875,0.59375,1.0,1.0434894561767578,0.32954296469688416
840,60,gaussian,1,44,0.546875,0.640625,0.546875,1.0,0.3397754430770874,0.11560230702161789
841,60,gaussian,1,44,0.671875,0.375,0.671875,1.0,3.817300796508789,1.1939916610717773
842,60,gaussian,1,44,0.515625,0.5,0.515625,1.0,2.955958843231201,1.0764422416687012
843,60,gaussian,1,44,0.65625,0.65625,0.65625,1.0,0.48335540294647217,0.14745914936065674
844,60,gaussian,1,44,0.09375,0.0625,0.2857142857142857,1.0,2.5826196670532227,0.8090972304344177
845,60,gaussian,1,44,0.296875,0.59375,0.296875,1.0,0.7883353233337402,0.2479552924633026
846,60,gaussian,1,44,0.296875,0.609375,0.296875,1.0,2.163465976715088,0.7258647680282593
847,60,gaussian,1,44,0.5625,0.515625,0.5625,1.0,2.7759618759155273,0.9722275733947754
848,60,gaussian,1,44,0.328125,0.359375,0.328125,1.0,4.513184070587158,1.410272479057312
849,60,gaussian,1,44,0.25,0.25,0.4841269841269842,1.0,1.2820091247558594,0.4110652208328247
850,60,gaussian,1,44,0.3125,0.609375,0.3125,1.0,3.378091812133789,1.145105004310608
851,60,gaussian,1,44,0.640625,0.59375,0.640625,1.0,1.2435948848724365,0.42627495527267456
852,60,gaussian,1,44,0.515625,0.578125,0.515625,1.0,1.0129399299621582,0.3613377809524536
853,60,gaussian,1,44,0.328125,0.5625,0.328125,1.0,0.24678844213485718,0.08155831694602966
854,60,gaussian,1,44,0.296875,0.609375,0.296875,1.0,2.0686769485473633,0.6832566857337952
855,60,gaussian,1,44,0.390625,0.609375,0.390625,1.0,1.5601954460144043,0.4914318323135376
856,60,gaussian,1,44,0.328125,0.59375,0.328125,1.0,2.5283617973327637,0.7681836485862732
857,60,gaussian,1,44,0.28125,0.59375,0.28125,1.0,1.3432021141052246,0.4306492507457733
858,60,gaussian,1,44,0.3125,0.5625,0.3125,1.0,1.9884254932403564,0.6202473044395447
859,60,gaussian,1,44,0.40625,0.640625,0.40625,1.0,1.3680188655853271,0.45219582319259644
860,60,gaussian,1,44,0.296875,0.265625,0.296875,1.0,1.5478267669677734,0.47155678272247314
861,60,gaussian,1,44,0.734375,0.640625,0.734375,1.0,0.7653294205665588,0.2584344148635864
862,60,gaussian,1,44,0.28125,0.2421875,0.6017316017316017,1.0,4.859304428100586,1.4879249334335327
863,60,gaussian,1,44,0.375,0.625,0.375,1.0,1.5871624946594238,0.5603402853012085
864,60,gaussian,1,44,0.46875,0.328125,0.46875,1.0,1.054024338722229,0.35867613554000854
865,60,gaussian,1,44,0.5,0.578125,0.5,1.0,0.4395129680633545,0.15039485692977905
866,60,gaussian,1,44,0.25,0.265625,0.49411764705882355,1.0,1.6711759567260742,0.5103075504302979
867,60,gaussian,1,44,0.28125,0.296875,0.5806451612903226,1.0,0.8849272727966309,0.2810325622558594
868,60,gaussian,1,44,0.265625,0.5625,0.265625,1.0,2.2086501121520996,0.7111892104148865
869,60,gaussian,1,44,0.46875,0.5,0.46875,1.0,1.1231887340545654,0.3841545879840851
870,60,gaussian,1,44,0.578125,0.640625,0.578125,1.0,3.555840492248535,1.2913000583648682
871,60,gaussian,1,44,0.28125,0.5625,0.28125,1.0,4.40464973449707,1.394054889678955
872,60,gaussian,1,44,0.234375,0.265625,0.6,1.0,0.6274914741516113,0.18992917239665985
873,60,gaussian,1,44,0.34375,0.578125,0.34375,1.0,1.3003605604171753,0.424254447221756
874,60,gaussian,1,44,0.609375,0.40625,0.609375,1.0,1.3126740455627441,0.40940406918525696
875,60,gaussian,1,44,0.34375,0.609375,0.34375,1.0,2.3197832107543945,0.8068695068359375
876,60,gaussian,1,44,0.40625,0.640625,0.40625,1.0,1.3683147430419922,0.45219582319259644
877,60,gaussian,1,44,0.2734375,0.171875,0.4818840579710145,1.0,2.880631923675537,0.9541831016540527
878,60,gaussian,1,44,0.296875,0.625,0.296875,1.0,6.094986438751221,2.034385919570923
879,60,gaussian,1,44,0.328125,0.625,0.328125,1.0,0.8452212810516357,0.297735333442688
880,60,gaussian,1,44,0.703125,0.609375,0.703125,1.0,0.9062236547470093,0.28176480531692505
881,60,gaussian,1,44,0.2578125,0.21875,0.5192307692307692,1.0,3.927490711212158,1.2443922758102417
882,60,gaussian,1,44,0.296875,0.25,0.296875,1.0,1.5469660758972168,0.47155678272247314
883,60,gaussian,1,44,0.484375,0.546875,0.484375,1.0,0.7258381247520447,0.24549369513988495
884,60,gaussian,1,44,0.34375,0.578125,0.34375,1.0,1.4782109260559082,0.49368178844451904
885,60,gaussian,1,44,0.203125,0.171875,0.3333333333333333,1.0,2.2790684700012207,0.7750107049942017
886,60,gaussian,1,44,0.359375,0.359375,0.359375,1.0,1.12006413936615,0.3426576554775238
887,60,gaussian,1,44,0.3125,0.3125,0.3125,1.0,0.41013598442077637,0.12514282763004303
888,60,gaussian,1,44,0.34375,0.625,0.34375,1.0,0.9958189725875854,0.3565085232257843
889,60,gaussian,1,44,0.453125,0.46875,0.453125,1.0,4.048693656921387,1.3662489652633667
890,60,gaussian,1,44,0.390625,0.65625,0.390625,1.0,0.4883992671966553,0.14776141941547394
891,60,gaussian,1,44,0.296875,0.296875,0.296875,1.0,0.16455674171447754,0.04736306890845299
892,60,gaussian,1,44,,,,0.0,1.2035202980041504,0.41919249296188354
893,60,gaussian,1,44,0.390625,0.421875,0.390625,1.0,2.0649218559265137,0.6580610871315002
894,60,gaussian,1,44,0.25,0.578125,0.25,1.0,1.2985105514526367,0.4172990620136261
895,60,gaussian,1,44,0.21875,0.234375,0.4330400782013686,1.0,2.1017069816589355,0.6215579509735107
896,60,gaussian,1,44,0.328125,0.546875,0.328125,1.0,0.24643421173095703,0.08155831694602966
897,60,gaussian,1,44,0.34375,0.5625,0.34375,1.0,2.984806537628174,1.0046526193618774
898,60,gaussian,1,44,0.546875,0.578125,0.546875,1.0,0.6925445795059204,0.23976503312587738
899,60,gaussian,1,44,0.71875,0.640625,0.71875,1.0,0.7644158601760864,0.2584344446659088
900,60,gaussian,1,44,0.25,0.21875,0.5416666666666667,1.0,4.120999813079834,1.3195258378982544
901,60,gaussian,1,44,0.359375,0.578125,0.359375,1.0,1.1077826023101807,0.3619183599948883
902,60,gaussian,1,44,0.25,0.1875,0.6956521739130435,1.0,2.7359931468963623,0.867396891117096
903,60,gaussian,1,44,0.265625,0.59375,0.265625,1.0,1.7315127849578857,0.5715391039848328
904,60,gaussian,1,44,0.421875,0.46875,0.627906976744186,1.0,2.581789016723633,0.8090972304344177
905,60,gaussian,1,44,0.234375,0.265625,0.43333333333333335,1.0,3.6675028800964355,1.108033537864685
906,60,gaussian,1,44,0.234375,0.25,0.4652981427174976,1.0,4.462770462036133,1.3797106742858887
907,60,gaussian,1,44,0.234375,0.2265625,0.5090137857900319,1.0,1.5768978595733643,0.5093807578086853
908,60,gaussian,1,44,0.34375,0.5625,0.34375,1.0,1.4779179096221924,0.49368178844451904
909,60,gaussian,1,44,0.546875,0.453125,0.546875,1.0,3.248995304107666,1.196162223815918
910,60,gaussian,1,44,0.25,0.59375,0.25,1.0,1.9902153015136719,0.6326796412467957
911,60,gaussian,1,44,0.28125,0.625,0.28125,1.0,2.1130189895629883,0.7174201607704163
912,60,gaussian,1,44,0.5625,0.640625,0.5625,1.0,0.6675151586532593,0.22425968945026398
913,60,gaussian,1,44,0.3125,0.625,0.3125,1.0,1.7011274099349976,0.5613232851028442
914,60,gaussian,1,44,0.625,0.640625,0.625,1.0,0.8830140829086304,0.27559131383895874
915,60,gaussian,1,44,0.40625,0.4375,0.40625,1.0,2.0382652282714844,0.6808997988700867
916,60,gaussian,1,44,0.25,0.5625,0.25,1.0,0.4544181823730469,0.15016692876815796
917,60,gaussian,1,44,0.328125,0.609375,0.328125,1.0,1.062657117843628,0.3629729449748993
918,60,gaussian,1,44,0.625,0.453125,0.625,1.0,6.781063079833984,2.347736358642578
919,60,gaussian,1,44,0.3125,0.3125,0.3125,1.0,2.6474502086639404,0.8069853186607361
920,60,gaussian,1,44,0.28125,0.625,0.28125,1.0,2.1129372119903564,0.7174201607704163
921,60,gaussian,1,44,0.2421875,0.1796875,0.5310077519379844,1.0,2.597132682800293,0.8293046951293945
922,60,gaussian,1,44,0.296875,0.53125,0.296875,1.0,5.07930850982666,1.6055541038513184
923,60,gaussian,1,44,0.328125,0.421875,0.328125,1.0,0.9663072824478149,0.34201377630233765
924,60,gaussian,1,44,0.2265625,0.2265625,0.49681866383881235,1.0,1.5760486125946045,0.5093807578086853
925,60,gaussian,1,44,0.390625,0.5625,0.390625,1.0,6.547350883483887,2.083655595779419
926,60,gaussian,1,44,0.265625,0.2578125,0.5158730158730158,1.0,0.5778087377548218,0.19296810030937195
927,60,gaussian,1,44,0.171875,0.125,0.39285714285714285,1.0,0.5776420831680298,0.19296810030937195
928,60,gaussian,1,44,0.328125,0.609375,0.328125,1.0,1.6995388269424438,0.5613232851028442
929,60,gaussian,1,44,0.4375,0.484375,0.4375,1.0,0.6388416290283203,0.23355406522750854
930,60,gaussian,1,44,0.25,0.234375,0.5,1.0,1.8335974216461182,0.6312980651855469
931,60,gaussian,1,44,0.328125,0.640625,0.328125,1.0,1.3379877805709839,0.4696386158466339
932,60,gaussian,1,44,0.40625,0.421875,0.40625,1.0,0.6121900081634521,0.1960570067167282
933,60,gaussian,1,44,,,,0.0,1.3463866710662842,0.42714598774909973
934,60,gaussian,1,44,0.46875,0.4375,0.46875,1.0,1.0836118459701538,0.380225270986557
935,60,gaussian,1,44,0.578125,0.5,0.578125,1.0,1.093287706375122,0.3797011077404022
936,60,gaussian,1,44,0.40625,0.578125,0.40625,1.0,1.5444060564041138,0.497736394405365
937,60,gaussian,1,44,,,,0.0,1.3676822185516357,0.4626970887184143
938,60,gaussian,1,44,0.625,0.578125,0.625,1.0,2.5402588844299316,0.827955424785614
939,60,gaussian,1,44,0.375,0.53125,0.375,1.0,2.6746811866760254,0.906391978263855
940,60,gaussian,1,44,0.453125,0.234375,0.453125,1.0,0.11765845119953156,0.04371132329106331
941,60,gaussian,1,44,0.3125,0.546875,0.3125,1.0,0.6611602902412415,0.20631785690784454
942,60,gaussian,1,44,0.171875,0.125,0.3793103448275862,1.0,1.2795345783233643,0.4110652208328247
943,60,gaussian,1,44,0.28125,0.625,0.28125,1.0,1.5593793392181396,0.4813578128814697
944,60,gaussian,1,44,0.40625,0.53125,0.40625,1.0,3.3111119270324707,1.1310014724731445
945,60,gaussian,1,44,0.578125,0.625,0.578125,1.0,2.2837486267089844,0.7751423120498657
946,60,gaussian,1,44,0.2578125,0.2109375,0.521505376344086,1.0,2.4940686225891113,0.854820966720581
947,60,gaussian,1,44,0.234375,0.2265625,0.4604604604604604,1.0,0.7487812042236328,0.2155940979719162
948,60,gaussian,1,44,,,,0.0,1.986854076385498,0.6326796412467957
949,60,gaussian,1,44,0.390625,0.4375,0.390625,1.0,1.614271879196167,0.5127710103988647
950,60,gaussian,1,44,0.546875,0.578125,0.546875,1.0,0.6924219727516174,0.23976503312587738
951,60,gaussian,1,44,0.40625,0.625,0.40625,1.0,0.9982630014419556,0.3395322859287262
952,60,gaussian,1,44,0.515625,0.578125,0.515625,1.0,0.8011109828948975,0.26684680581092834
953,60,gaussian,1,44,0.40625,0.609375,0.40625,1.0,0.37491196393966675,0.12421582639217377
954,60,gaussian,1,44,0.234375,0.59375,0.234375,1.0,3.309645652770996,1.1072630882263184
955,60,gaussian,1,44,0.375,0.390625,0.375,1.0,1.1909127235412598,0.3775847256183624
956,60,gaussian,1,44,0.671875,0.5625,0.671875,1.0,3.095386505126953,0.994309663772583
957,60,gaussian,1,44,0.34375,0.390625,0.34375,1.0,0.9989273548126221,0.2997701168060303
958,60,gaussian,1,44,0.375,0.578125,0.375,1.0,5.181281566619873,1.7771198749542236
959,60,gaussian,1,44,0.53125,0.578125,0.53125,1.0,0.6839883327484131,0.23604105412960052
960,60,gaussian,1,44,0.265625,0.28125,0.6296296296296297,1.0,0.8121551871299744,0.26791107654571533
961,60,gaussian,1,44,0.40625,0.390625,0.40625,1.0,2.2882282733917236,0.7572996616363525
962,60,gaussian,1,44,0.421875,0.46875,0.421875,1.0,1.1249654293060303,0.3646370768547058
963,60,gaussian,1,44,0.296875,0.53125,0.296875,1.0,5.085395336151123,1.6055541038513184
964,60,gaussian,1,44,0.328125,0.328125,0.328125,1.0,3.7923429012298584,1.1805291175842285
965,60,gaussian,1,44,0.28125,0.609375,0.28125,1.0,0.9795932769775391,0.3407631516456604
966,60,gaussian,1,44,0.40625,0.25,0.40625,1.0,1.6523826122283936,0.5755638480186462
967,60,gaussian,1,44,0.234375,0.21875,0.42857142857142855,1.0,1.1644123792648315,0.32903119921684265
968,60,gaussian,1,44,0.28125,0.5625,0.28125,1.0,1.0658286809921265,0.36085936427116394
969,60,gaussian,1,44,0.359375,0.578125,0.359375,1.0,1.106723666191101,0.3619183599948883
970,60,gaussian,1,44,0.25,0.609375,0.25,1.0,0.6429600715637207,0.22000110149383545
971,60,gaussian,1,44,0.25,0.21875,0.5053763440860215,1.0,2.495148181915283,0.854820966720581
972,60,gaussian,1,44,0.296875,0.625,0.296875,1.0,6.099414348602295,2.034385919570923
973,60,gaussian,1,44,0.2421875,0.1953125,0.5307529162248144,1.0,2.7398598194122314,0.8673968315124512
974,60,gaussian,1,44,0.40625,0.4375,0.40625,1.0,2.0386133193969727,0.6808997392654419
975,60,gaussian,1,44,0.25,0.578125,0.25,1.0,1.1142172813415527,0.37282460927963257
976,60,gaussian,1,44,0.28125,0.2734375,0.5,1.0,1.5417134761810303,0.49075010418891907
977,60,gaussian,1,44,0.40625,0.4375,0.40625,1.0,1.0732001066207886,0.3498137891292572
978,60,gaussian,1,44,0.28125,0.5625,0.28125,1.0,6.198531150817871,1.986939549446106
979,60,gaussian,1,44,0.2265625,0.234375,0.47874493927125505,1.0,1.3405070304870605,0.4414007365703583
980,60,gaussian,1,44,0.359375,0.296875,0.359375,1.0,0.5270799994468689,0.19282181560993195
981,60,gaussian,1,44,0.515625,0.578125,0.515625,1.0,0.6491762399673462,0.22398333251476288
982,60,gaussian,1,44,0.453125,0.609375,0.453125,1.0,0.9743232727050781,0.32987305521965027
983,60,gaussian,1,44,0.421875,0.484375,0.421875,1.0,3.2665090560913086,1.0559587478637695
984,60,gaussian,1,44,,,,0.0,8.39215087890625,2.6922895908355713
985,60,gaussian,1,44,0.25,0.2265625,0.4939271255060729,1.0,1.2365820407867432,0.3825078010559082
986,60,gaussian,1,44,0.34375,0.5625,0.34375,1.0,0.6489726901054382,0.21842092275619507
987,60,gaussian,1,44,,,,0.0,0.8864040970802307,0.29389268159866333
988,60,gaussian,1,44,0.328125,0.578125,0.328125,1.0,1.8080518245697021,0.6145297884941101
989,60,gaussian,1,44,0.296875,0.625,0.296875,1.0,2.7113919258117676,0.8979184031486511
990,60,gaussian,1,44,0.328125,0.609375,0.328125,1.0,0.7831088304519653,0.25871771574020386
991,60,gaussian,1,44,0.296875,0.609375,0.296875,1.0,2.0925071239471436,0.7192129492759705
992,60,gaussian,1,44,0.234375,0.625,0.234375,1.0,0.4088180363178253,0.1402009129524231
993,60,gaussian,1,44,0.25,0.234375,0.5198412698412699,1.0,0.9453490972518921,0.3147042691707611
994,60,gaussian,1,44,,,,0.0,2.2771739959716797,0.7750106453895569
995,60,gaussian,1,44,0.28125,0.265625,0.5208333333333333,1.0,1.6268351078033447,0.4285542368888855
996,60,gaussian,1,44,0.265625,0.578125,0.265625,1.0,2.3335413932800293,0.7557627558708191
997,60,gaussian,1,44,0.28125,0.2578125,0.5261538461538462,1.0,2.5396652221679688,0.853732168674469
998,60,gaussian,1,44,0.453125,0.46875,0.453125,1.0,4.048690319061279,1.3662489652633667
999,60,gaussian,1,44,0.328125,0.515625,0.328125,1.0,1.670933723449707,0.5193136930465698
0,80,gaussian,1,44,0.375,0.453125,0.5,1.0,1.0178231000900269,0.3485985994338989
1,80,gaussian,1,44,0.234375,0.375,0.3125,1.0,0.5441519021987915,0.17279982566833496
2,80,gaussian,1,44,0.375,0.34375,0.5,1.0,1.4331109523773193,0.48509466648101807
3,80,gaussian,1,44,0.203125,0.4375,0.2708333333333333,1.0,2.1318399906158447,0.74787437915802
4,80,gaussian,1,44,0.4375,0.46875,0.5833333333333334,1.0,3.0864100456237793,0.9460386037826538
5,80,gaussian,1,44,0.203125,0.453125,0.2708333333333333,1.0,0.966147780418396,0.34208887815475464
6,80,gaussian,1,44,0.53125,0.46875,0.7083333333333334,1.0,2.223252773284912,0.715137779712677
7,80,gaussian,1,44,0.25,0.390625,0.3333333333333333,1.0,4.316005706787109,1.3798431158065796
8,80,gaussian,1,44,0.46875,0.484375,0.625,1.0,2.661350727081299,0.8758094906806946
9,80,gaussian,1,44,0.390625,0.4375,0.5208333333333334,1.0,0.25469088554382324,0.08820170164108276
10,80,gaussian,1,44,0.234375,0.4375,0.3125,1.0,0.6360526084899902,0.20970793068408966
11,80,gaussian,1,44,0.1875,0.453125,0.25,1.0,1.261681318283081,0.4249332845211029
12,80,gaussian,1,44,0.46875,0.40625,0.625,1.0,6.876252174377441,2.1616508960723877
13,80,gaussian,1,44,0.234375,0.4375,0.3125,1.0,0.6809496879577637,0.22246761620044708
14,80,gaussian,1,44,0.203125,0.484375,0.2708333333333333,1.0,4.052730560302734,1.2651487588882446
15,80,gaussian,1,44,0.296875,0.453125,0.3958333333333333,1.0,6.405875205993652,2.2937114238739014
16,80,gaussian,1,44,0.25,0.40625,0.3333333333333333,1.0,1.7355338335037231,0.5880923271179199
17,80,gaussian,1,44,0.359375,0.40625,0.4791666666666667,1.0,0.7253975868225098,0.24610331654548645
18,80,gaussian,1,44,0.3125,0.421875,0.4166666666666667,1.0,3.324284553527832,1.1153759956359863
19,80,gaussian,1,44,0.421875,0.46875,0.5625,1.0,0.641562819480896,0.2231568843126297
20,80,gaussian,1,44,0.203125,0.421875,0.2708333333333333,1.0,2.3381872177124023,0.7482892274856567
21,80,gaussian,1,44,0.265625,0.484375,0.3541666666666667,1.0,2.2140040397644043,0.7395256757736206
22,80,gaussian,1,44,0.265625,0.28125,0.3541666666666667,1.0,1.1177204847335815,0.34158602356910706
23,80,gaussian,1,44,0.25,0.453125,0.3333333333333333,1.0,5.011353015899658,1.6917084455490112
24,80,gaussian,1,44,0.1875,0.484375,0.25,1.0,1.3418290615081787,0.4214131236076355
25,80,gaussian,1,44,0.21875,0.21875,0.5833333333333334,1.0,0.885686993598938,0.2786068320274353
26,80,gaussian,1,44,0.390625,0.390625,0.5208333333333334,1.0,1.123531460762024,0.3774573504924774
27,80,gaussian,1,44,0.203125,0.4375,0.2708333333333333,1.0,2.5214498043060303,0.818224310874939
28,80,gaussian,1,44,0.515625,0.46875,0.6875,1.0,0.7145189046859741,0.2545691430568695
29,80,gaussian,1,44,0.265625,0.328125,0.3541666666666667,1.0,2.1490349769592285,0.6925906538963318
30,80,gaussian,1,44,0.515625,0.421875,0.6875,1.0,3.0914559364318848,1.003955364227295
31,80,gaussian,1,44,0.203125,0.46875,0.2708333333333333,1.0,1.5525157451629639,0.4826657772064209
32,80,gaussian,1,44,0.203125,0.171875,0.2708333333333333,1.0,1.5409458875656128,0.45568451285362244
33,80,gaussian,1,44,0.375,0.34375,0.5,1.0,2.3282597064971924,0.8165925741195679
34,80,gaussian,1,44,0.28125,0.28125,0.375,1.0,3.8829216957092285,1.2553038597106934
35,80,gaussian,1,44,0.203125,0.453125,0.2708333333333333,1.0,2.6852777004241943,0.8772229552268982
36,80,gaussian,1,44,0.203125,0.4375,0.2708333333333333,1.0,2.065312385559082,0.6810051202774048
37,80,gaussian,1,44,0.390625,0.421875,0.5208333333333334,1.0,3.7297120094299316,1.2760511636734009
38,80,gaussian,1,44,0.515625,0.46875,0.6875,1.0,2.220156669616699,0.7270812392234802
39,80,gaussian,1,44,0.296875,0.4375,0.3958333333333333,1.0,2.969907283782959,1.0088075399398804
40,80,gaussian,1,44,0.234375,0.4375,0.3125,1.0,1.1524782180786133,0.4069209694862366
41,80,gaussian,1,44,0.234375,0.234375,0.3125,1.0,3.988961696624756,1.1790505647659302
42,80,gaussian,1,44,0.171875,0.4375,0.22916666666666666,1.0,1.8501224517822266,0.6472833752632141
43,80,gaussian,1,44,0.203125,0.40625,0.2708333333333333,1.0,2.2114171981811523,0.7158821821212769
44,80,gaussian,1,44,0.203125,0.453125,0.2708333333333333,1.0,0.9797821044921875,0.3372332751750946
45,80,gaussian,1,44,0.25,0.46875,0.3333333333333333,1.0,0.8449754118919373,0.2973254919052124
46,80,gaussian,1,44,0.203125,0.421875,0.2708333333333333,1.0,0.5996139645576477,0.1981227546930313
47,80,gaussian,1,44,0.421875,0.390625,0.5625,1.0,3.488811492919922,1.2655208110809326
48,80,gaussian,1,44,0.3125,0.453125,0.4166666666666667,1.0,2.9691162109375,1.0047694444656372
49,80,gaussian,1,44,0.359375,0.28125,0.4791666666666667,1.0,1.026650309562683,0.3583580255508423
50,80,gaussian,1,44,0.375,0.390625,0.5,1.0,0.7255827188491821,0.2441115379333496
51,80,gaussian,1,44,0.234375,0.4375,0.3125,1.0,2.858874797821045,0.9511682987213135
52,80,gaussian,1,44,0.234375,0.453125,0.3125,1.0,2.095592498779297,0.7173589468002319
53,80,gaussian,1,44,0.34375,0.1875,0.4583333333333333,1.0,2.8799195289611816,0.9390046000480652
54,80,gaussian,1,44,0.328125,0.34375,0.4375,1.0,2.4322664737701416,0.833467960357666
55,80,gaussian,1,44,0.25,0.4375,0.3333333333333333,1.0,3.372589111328125,1.1282254457473755
56,80,gaussian,1,44,0.25,0.421875,0.3333333333333333,1.0,0.9551999568939209,0.3264472782611847
57,80,gaussian,1,44,0.1875,0.171875,0.7058823529411765,1.0,4.854876518249512,1.4889599084854126
58,80,gaussian,1,44,0.3125,0.453125,0.4166666666666667,1.0,0.9975615739822388,0.3350863754749298
59,80,gaussian,1,44,0.3125,0.421875,0.4166666666666667,1.0,3.324648141860962,1.10216224193573
60,80,gaussian,1,44,0.171875,0.453125,0.22916666666666666,1.0,2.1296322345733643,0.7504627704620361
61,80,gaussian,1,44,0.265625,0.28125,0.3541666666666667,1.0,1.1180411577224731,0.3449772894382477
62,80,gaussian,1,44,0.28125,0.46875,0.375,1.0,2.2282495498657227,0.6940283179283142
63,80,gaussian,1,44,0.21875,0.40625,0.2916666666666667,1.0,1.4869592189788818,0.46131235361099243
64,80,gaussian,1,44,0.53125,0.46875,0.7083333333333334,1.0,2.2233505249023438,0.7231001853942871
65,80,gaussian,1,44,0.28125,0.390625,0.375,1.0,2.674561023712158,0.8997079133987427
66,80,gaussian,1,44,0.203125,0.34375,0.2708333333333333,1.0,1.527381420135498,0.4613487422466278
67,80,gaussian,1,44,0.265625,0.4375,0.3541666666666667,1.0,0.7765918970108032,0.24952223896980286
68,80,gaussian,1,44,0.234375,0.4375,0.3125,1.0,3.4842684268951416,1.1319576501846313
69,80,gaussian,1,44,0.390625,0.46875,0.5208333333333334,1.0,1.0622870922088623,0.3557355999946594
70,80,gaussian,1,44,0.1875,0.453125,0.25,1.0,1.9907870292663574,0.6242526769638062
71,80,gaussian,1,44,0.328125,0.28125,0.4375,1.0,0.8949289321899414,0.3590652346611023
72,80,gaussian,1,44,0.34375,0.1875,0.4583333333333333,1.0,2.8805103302001953,0.9562651515007019
73,80,gaussian,1,44,0.203125,0.484375,0.2708333333333333,1.0,1.4240448474884033,0.4616512060165405
74,80,gaussian,1,44,0.1953125,0.1640625,0.5217785843920145,1.0,3.9173314571380615,1.2517565488815308
75,80,gaussian,1,44,0.203125,0.453125,0.2708333333333333,1.0,1.4643187522888184,0.46782612800598145
76,80,gaussian,1,44,0.265625,0.25,0.3541666666666667,1.0,2.6021814346313477,0.8833861351013184
77,80,gaussian,1,44,0.265625,0.21875,0.3541666666666667,1.0,0.5265153646469116,0.19444051384925842
78,80,gaussian,1,44,0.28125,0.234375,0.375,1.0,3.941307544708252,1.3121871948242188
79,80,gaussian,1,44,0.4375,0.4375,0.5833333333333334,1.0,6.219053268432617,2.0608246326446533
80,80,gaussian,1,44,0.234375,0.453125,0.3125,1.0,3.4853811264038086,1.1420543193817139
81,80,gaussian,1,44,0.25,0.46875,0.3333333333333333,1.0,0.904249370098114,0.3160861134529114
82,80,gaussian,1,44,0.171875,0.15625,0.4230769230769231,1.0,1.163481593132019,0.33207783102989197
83,80,gaussian,1,44,0.203125,0.484375,0.2708333333333333,1.0,0.8861249089241028,0.2953033447265625
84,80,gaussian,1,44,0.359375,0.328125,0.4791666666666667,1.0,3.3375468254089355,1.146821141242981
85,80,gaussian,1,44,0.25,0.5,0.3333333333333333,1.0,1.2798213958740234,0.40456363558769226
86,80,gaussian,1,44,0.390625,0.4375,0.5208333333333334,1.0,1.1138614416122437,0.3837401270866394
87,80,gaussian,1,44,0.25,0.359375,0.3333333333333333,1.0,1.76698899269104,0.5764566659927368
88,80,gaussian,1,44,0.375,0.296875,0.5,1.0,0.4080444276332855,0.14634999632835388
89,80,gaussian,1,44,0.421875,0.46875,0.5625,1.0,1.4232374429702759,0.4529449939727783
90,80,gaussian,1,44,0.21875,0.4375,0.2916666666666667,1.0,0.7892479300498962,0.25067973136901855
91,80,gaussian,1,44,0.296875,0.40625,0.3958333333333333,1.0,3.3207199573516846,1.1101689338684082
92,80,gaussian,1,44,0.5,0.34375,0.6666666666666666,1.0,15.227191925048828,4.9503631591796875
93,80,gaussian,1,44,0.21875,0.171875,0.2916666666666667,1.0,1.5354888439178467,0.4558347761631012
94,80,gaussian,1,44,0.21875,0.40625,0.2916666666666667,1.0,0.587185263633728,0.17568176984786987
95,80,gaussian,1,44,0.28125,0.296875,0.375,1.0,5.171603202819824,1.707945704460144
96,80,gaussian,1,44,0.28125,0.21875,0.375,1.0,3.9391448497772217,1.3261003494262695
97,80,gaussian,1,44,0.296875,0.484375,0.3958333333333333,1.0,1.3678724765777588,0.4458225667476654
98,80,gaussian,1,44,0.1875,0.15625,0.46153846153846156,1.0,0.8763595819473267,0.24888506531715393
99,80,gaussian,1,44,0.265625,0.140625,0.3541666666666667,1.0,5.434165000915527,1.730862021446228
100,80,gaussian,1,44,0.21875,0.453125,0.2916666666666667,1.0,1.0777275562286377,0.35431817173957825
101,80,gaussian,1,44,0.21875,0.296875,0.2916666666666667,1.0,1.7758231163024902,0.5250292420387268
102,80,gaussian,1,44,0.390625,0.453125,0.5208333333333334,1.0,0.4419851303100586,0.16052590310573578
103,80,gaussian,1,44,0.34375,0.203125,0.4583333333333333,1.0,2.8764610290527344,0.9559823274612427
104,80,gaussian,1,44,0.46875,0.484375,0.625,1.0,1.2045562267303467,0.4142453074455261
105,80,gaussian,1,44,0.375,0.3125,0.5,1.0,0.40756845474243164,0.14402922987937927
106,80,gaussian,1,44,0.1875,0.375,0.25,1.0,1.092328429222107,0.35630130767822266
107,80,gaussian,1,44,0.3125,0.46875,0.4166666666666667,1.0,0.7451764941215515,0.24657177925109863
108,80,gaussian,1,44,0.25,0.421875,0.3333333333333333,1.0,1.8097648620605469,0.6073196530342102
109,80,gaussian,1,44,0.375,0.390625,0.5,1.0,0.725585401058197,0.2464652955532074
110,80,gaussian,1,44,0.234375,0.453125,0.3125,1.0,0.4583146572113037,0.1555279791355133
111,80,gaussian,1,44,0.203125,0.5,0.2708333333333333,1.0,1.0853593349456787,0.3479659855365753
112,80,gaussian,1,44,0.203125,0.484375,0.2708333333333333,1.0,1.427349328994751,0.46158453822135925
113,80,gaussian,1,44,0.375,0.34375,0.5,1.0,1.4332563877105713,0.4852631390094757
114,80,gaussian,1,44,0.203125,0.4375,0.2708333333333333,1.0,2.06412410736084,0.6840401887893677
115,80,gaussian,1,44,0.34375,0.453125,0.4583333333333333,1.0,0.9746639132499695,0.3309752345085144
116,80,gaussian,1,44,0.4375,0.421875,0.5833333333333334,1.0,0.8453826308250427,0.2858212888240814
117,80,gaussian,1,44,0.1875,0.4375,0.25,1.0,2.952117443084717,0.997349202632904
118,80,gaussian,1,44,0.1875,0.421875,0.25,1.0,2.6295113563537598,0.864313006401062
119,80,gaussian,1,44,0.375,0.375,0.5,1.0,2.272510051727295,0.7765066027641296
120,80,gaussian,1,44,0.203125,0.4375,0.2708333333333333,1.0,2.431304454803467,0.7789121866226196
121,80,gaussian,1,44,0.21875,0.21875,0.2916666666666667,1.0,0.1645580381155014,0.04714915528893471
122,80,gaussian,1,44,0.453125,0.4375,0.6041666666666666,1.0,2.9974021911621094,1.0829859972000122
123,80,gaussian,1,44,0.203125,0.453125,0.2708333333333333,1.0,0.9673752188682556,0.33508506417274475
124,80,gaussian,1,44,0.390625,0.453125,0.5208333333333334,1.0,2.568023681640625,0.9451358318328857
125,80,gaussian,1,44,0.421875,0.46875,0.5625,1.0,0.6677391529083252,0.22547227144241333
126,80,gaussian,1,44,0.34375,0.46875,0.4583333333333333,1.0,1.272011160850525,0.42073869705200195
127,80,gaussian,1,44,0.4375,0.3125,0.5833333333333334,1.0,1.0424286127090454,0.3268786370754242
128,80,gaussian,1,44,0.28125,0.484375,0.375,1.0,2.4567413330078125,0.7563513517379761
129,80,gaussian,1,44,0.3125,0.359375,0.4166666666666667,1.0,0.9087265729904175,0.29646170139312744
130,80,gaussian,1,44,0.234375,0.4375,0.3125,1.0,0.4661165475845337,0.14760218560695648
131,80,gaussian,1,44,0.25,0.4375,0.3333333333333333,1.0,2.858880043029785,0.9500288963317871
132,80,gaussian,1,44,0.3125,0.375,0.4166666666666667,1.0,3.2660164833068848,1.0570712089538574
133,80,gaussian,1,44,0.21875,0.4375,0.2916666666666667,1.0,3.4811809062957764,1.1218020915985107
134,80,gaussian,1,44,0.25,0.46875,0.3333333333333333,1.0,0.9040830135345459,0.3129028379917145
135,80,gaussian,1,44,0.53125,0.46875,0.7083333333333334,1.0,2.222987651824951,0.7226181626319885
136,80,gaussian,1,44,0.1875,0.515625,0.25,1.0,1.3348991870880127,0.4447740912437439
137,80,gaussian,1,44,0.40625,0.46875,0.5416666666666666,1.0,3.6468911170959473,1.2617664337158203
138,80,gaussian,1,44,0.28125,0.46875,0.375,1.0,1.5851433277130127,0.5645570158958435
139,80,gaussian,1,44,0.265625,0.46875,0.3541666666666667,1.0,3.6600942611694336,1.0974831581115723
140,80,gaussian,1,44,,,,0.0,1.5101937055587769,0.4832257330417633
141,80,gaussian,1,44,0.265625,0.28125,0.3541666666666667,1.0,3.8907852172851562,1.2436960935592651
142,80,gaussian,1,44,0.390625,0.453125,0.5208333333333334,1.0,2.5677530765533447,0.9538543820381165
143,80,gaussian,1,44,0.453125,0.46875,0.6041666666666666,1.0,0.6882078051567078,0.229584202170372
144,80,gaussian,1,44,0.21875,0.4375,0.2916666666666667,1.0,3.2535226345062256,1.0430253744125366
145,80,gaussian,1,44,0.484375,0.46875,0.6458333333333334,1.0,2.1526784896850586,0.7228736281394958
146,80,gaussian,1,44,0.234375,0.234375,0.3125,1.0,3.726930856704712,1.1569191217422485
147,80,gaussian,1,44,0.53125,0.46875,0.7083333333333334,1.0,2.223262310028076,0.7293565273284912
148,80,gaussian,1,44,0.390625,0.359375,0.5208333333333334,1.0,2.9577043056488037,1.0695736408233643
149,80,gaussian,1,44,0.171875,0.1875,0.6111111111111112,1.0,2.1727569103240967,0.6411126852035522
150,80,gaussian,1,44,0.203125,0.453125,0.2708333333333333,1.0,1.258786916732788,0.42538660764694214
151,80,gaussian,1,44,0.40625,0.453125,0.5416666666666666,1.0,0.6126182675361633,0.1970624029636383
152,80,gaussian,1,44,0.21875,0.234375,0.6086956521739131,1.0,0.8840771913528442,0.2807757258415222
153,80,gaussian,1,44,0.234375,0.4375,0.3125,1.0,1.407081127166748,0.4702194929122925
154,80,gaussian,1,44,0.328125,0.171875,0.4375,1.0,0.11784365028142929,0.04405665770173073
155,80,gaussian,1,44,0.46875,0.46875,0.625,1.0,3.6461901664733887,1.1800734996795654
156,80,gaussian,1,44,0.234375,0.421875,0.3125,1.0,2.0394771099090576,0.6506280303001404
157,80,gaussian,1,44,0.265625,0.421875,0.3541666666666667,1.0,1.1062588691711426,0.36494842171669006
158,80,gaussian,1,44,0.234375,0.234375,0.3125,1.0,0.4100886583328247,0.12532882392406464
159,80,gaussian,1,44,0.25,0.203125,0.3333333333333333,1.0,2.536804437637329,0.8339332938194275
160,80,gaussian,1,44,0.25,0.4375,0.3333333333333333,1.0,0.37380218505859375,0.12040145695209503
161,80,gaussian,1,44,0.296875,0.3125,0.3958333333333333,1.0,0.6112238168716431,0.19627462327480316
162,80,gaussian,1,44,0.25,0.4375,0.3333333333333333,1.0,0.6345834732055664,0.20835258066654205
163,80,gaussian,1,44,0.234375,0.390625,0.3125,1.0,1.887779951095581,0.5813464522361755
164,80,gaussian,1,44,0.265625,0.3125,0.3541666666666667,1.0,5.175169944763184,1.6782281398773193
165,80,gaussian,1,44,0.203125,0.4375,0.2708333333333333,1.0,3.3187336921691895,1.052087664604187
166,80,gaussian,1,44,0.390625,0.25,0.5208333333333334,1.0,2.8476147651672363,1.0362944602966309
167,80,gaussian,1,44,0.265625,0.421875,0.3541666666666667,1.0,2.98518705368042,1.0099996328353882
168,80,gaussian,1,44,0.25,0.4375,0.3333333333333333,1.0,5.01647424697876,1.688181757926941
169,80,gaussian,1,44,0.40625,0.4375,0.5416666666666666,1.0,0.2546759843826294,0.0883718729019165
170,80,gaussian,1,44,0.375,0.4375,0.5,1.0,0.416204571723938,0.15211771428585052
171,80,gaussian,1,44,0.390625,0.375,0.5208333333333334,1.0,2.6142284870147705,0.8549062609672546
172,80,gaussian,1,44,0.265625,0.4375,0.3541666666666667,1.0,2.2321319580078125,0.7249827980995178
173,80,gaussian,1,44,0.546875,0.5,0.7291666666666666,1.0,1.8925175666809082,0.6254590153694153
174,80,gaussian,1,44,0.203125,0.5,0.2708333333333333,1.0,1.083683967590332,0.35587799549102783
175,80,gaussian,1,44,0.296875,0.34375,0.3958333333333333,1.0,1.7311173677444458,0.5842880010604858
176,80,gaussian,1,44,0.265625,0.46875,0.3541666666666667,1.0,2.2136940956115723,0.735787034034729
177,80,gaussian,1,44,0.21875,0.421875,0.2916666666666667,1.0,2.971526622772217,0.9389540553092957
178,80,gaussian,1,44,0.234375,0.40625,0.3125,1.0,1.91843843460083,0.647972822189331
179,80,gaussian,1,44,0.421875,0.46875,0.5625,1.0,1.7768107652664185,0.5825819969177246
180,80,gaussian,1,44,0.390625,0.265625,0.5208333333333334,1.0,4.949703216552734,1.7719080448150635
181,80,gaussian,1,44,0.25,0.40625,0.3333333333333333,1.0,0.6483126878738403,0.21457307040691376
182,80,gaussian,1,44,0.265625,0.484375,0.3541666666666667,1.0,5.291512489318848,1.576465129852295
183,80,gaussian,1,44,0.390625,0.4375,0.5208333333333334,1.0,1.01207435131073,0.3614189624786377
184,80,gaussian,1,44,0.234375,0.453125,0.3125,1.0,0.4661082625389099,0.15068794786930084
185,80,gaussian,1,44,0.390625,0.4375,0.5208333333333334,1.0,2.563871383666992,0.942102313041687
186,80,gaussian,1,44,0.484375,0.515625,0.6458333333333334,1.0,0.5944957733154297,0.1897934228181839
187,80,gaussian,1,44,0.171875,0.484375,0.22916666666666666,1.0,0.571058452129364,0.17701455950737
188,80,gaussian,1,44,0.1875,0.1875,0.25,1.0,1.4343029260635376,0.39886990189552307
189,80,gaussian,1,44,0.34375,0.4375,0.4583333333333333,1.0,0.7298728227615356,0.24024900794029236
190,80,gaussian,1,44,0.21875,0.421875,0.2916666666666667,1.0,1.0856423377990723,0.3305142819881439
191,80,gaussian,1,44,0.46875,0.484375,0.625,1.0,1.9773006439208984,0.6476207375526428
192,80,gaussian,1,44,0.4375,0.390625,0.5833333333333334,1.0,3.9773876667022705,1.330713152885437
193,80,gaussian,1,44,0.25,0.3125,0.3333333333333333,1.0,0.9677053093910217,0.3407948911190033
194,80,gaussian,1,44,0.265625,0.40625,0.3541666666666667,1.0,1.845349907875061,0.6240891814231873
195,80,gaussian,1,44,0.40625,0.390625,0.5416666666666666,1.0,1.2073447704315186,0.45803892612457275
196,80,gaussian,1,44,0.21875,0.390625,0.2916666666666667,1.0,5.081158638000488,1.610848307609558
197,80,gaussian,1,44,0.296875,0.484375,0.3958333333333333,1.0,1.7978951930999756,0.5772547721862793
198,80,gaussian,1,44,0.203125,0.453125,0.2708333333333333,1.0,1.2129437923431396,0.3950899541378021
199,80,gaussian,1,44,0.234375,0.40625,0.3125,1.0,0.6474974155426025,0.21613052487373352
200,80,gaussian,1,44,0.28125,0.40625,0.375,1.0,1.2431485652923584,0.4213810861110687
201,80,gaussian,1,44,0.34375,0.296875,0.4583333333333333,1.0,6.078536033630371,2.1499156951904297
202,80,gaussian,1,44,0.484375,0.359375,0.6458333333333334,1.0,15.225702285766602,4.8756327629089355
203,80,gaussian,1,44,0.203125,0.4375,0.2708333333333333,1.0,2.527524471282959,0.8307427167892456
204,80,gaussian,1,44,0.25,0.40625,0.3333333333333333,1.0,2.040506362915039,0.6544591188430786
205,80,gaussian,1,44,0.21875,0.453125,0.2916666666666667,1.0,1.6140886545181274,0.5133076310157776
206,80,gaussian,1,44,0.34375,0.34375,0.4583333333333333,1.0,2.1426284313201904,0.754482090473175
207,80,gaussian,1,44,0.28125,0.484375,0.375,1.0,0.48812031745910645,0.14621642231941223
208,80,gaussian,1,44,0.390625,0.34375,0.5208333333333334,1.0,0.7459321618080139,0.24693839251995087
209,80,gaussian,1,44,0.1875,0.421875,0.25,1.0,1.2589356899261475,0.39969462156295776
210,80,gaussian,1,44,0.421875,0.453125,0.5625,1.0,7.182084083557129,2.362990379333496
211,80,gaussian,1,44,0.296875,0.3125,0.3958333333333333,1.0,2.0637779235839844,0.654789388179779
212,80,gaussian,1,44,0.296875,0.3125,0.3958333333333333,1.0,1.700855016708374,0.5635976195335388
213,80,gaussian,1,44,0.375,0.40625,0.5,1.0,1.2973957061767578,0.4494468569755554
214,80,gaussian,1,44,0.234375,0.453125,0.3125,1.0,1.1541602611541748,0.4052584767341614
215,80,gaussian,1,44,0.53125,0.46875,0.7083333333333334,1.0,0.4013468325138092,0.14505532383918762
216,80,gaussian,1,44,0.234375,0.453125,0.3125,1.0,1.47230863571167,0.4865838289260864
217,80,gaussian,1,44,0.203125,0.4375,0.2708333333333333,1.0,2.4319543838500977,0.7877734899520874
218,80,gaussian,1,44,0.40625,0.4375,0.5416666666666666,1.0,0.6920195817947388,0.2389516532421112
219,80,gaussian,1,44,0.25,0.4375,0.3333333333333333,1.0,0.5810480117797852,0.19856290519237518
220,80,gaussian,1,44,0.203125,0.421875,0.2708333333333333,1.0,1.438956379890442,0.40552234649658203
221,80,gaussian,1,44,0.515625,0.453125,0.6875,1.0,0.9057388305664062,0.27841809391975403
222,80,gaussian,1,44,0.375,0.46875,0.5,1.0,2.052656888961792,0.6734969019889832
223,80,gaussian,1,44,0.28125,0.484375,0.375,1.0,2.4643406867980957,0.7451696395874023
224,80,gaussian,1,44,0.1875,0.421875,0.25,1.0,0.5980979204177856,0.1981889009475708
225,80,gaussian,1,44,0.234375,0.4375,0.3125,1.0,1.6511921882629395,0.5510785579681396
226,80,gaussian,1,44,0.546875,0.46875,0.7291666666666666,1.0,0.7632894515991211,0.2546340525150299
227,80,gaussian,1,44,0.1875,0.4375,0.25,1.0,3.315244674682617,1.05111563205719
228,80,gaussian,1,44,0.203125,0.484375,0.2708333333333333,1.0,1.4262580871582031,0.4563072621822357
229,80,gaussian,1,44,0.40625,0.390625,0.5416666666666666,1.0,1.6107234954833984,0.5543302297592163
230,80,gaussian,1,44,0.296875,0.421875,0.3958333333333333,1.0,0.4804089069366455,0.16652065515518188
231,80,gaussian,1,44,0.40625,0.390625,0.5416666666666666,1.0,3.484557867050171,1.258677363395691
232,80,gaussian,1,44,0.4375,0.3125,0.5833333333333334,1.0,1.0424749851226807,0.32710888981819153
233,80,gaussian,1,44,0.453125,0.328125,0.6041666666666666,1.0,3.0448384284973145,1.0612988471984863
234,80,gaussian,1,44,0.234375,0.296875,0.5769230769230769,1.0,0.3388254940509796,0.09052211046218872
235,80,gaussian,1,44,0.25,0.421875,0.3333333333333333,1.0,2.985255241394043,1.004393458366394
236,80,gaussian,1,44,0.21875,0.46875,0.2916666666666667,1.0,2.1008553504943848,0.618956446647644
237,80,gaussian,1,44,0.375,0.453125,0.5,1.0,0.4788718819618225,0.164104625582695
238,80,gaussian,1,44,0.234375,0.21875,0.3125,1.0,0.29133304953575134,0.08662211149930954
239,80,gaussian,1,44,0.1875,0.1796875,0.5,1.0,2.669955253601074,0.9498026967048645
240,80,gaussian,1,44,0.234375,0.4375,0.3125,1.0,5.008971214294434,1.693887710571289
241,80,gaussian,1,44,0.265625,0.359375,0.3541666666666667,1.0,1.7677531242370605,0.565768837928772
242,80,gaussian,1,44,0.34375,0.453125,0.4583333333333333,1.0,4.662162780761719,1.6526851654052734
243,80,gaussian,1,44,0.359375,0.328125,0.4791666666666667,1.0,2.2944421768188477,0.7683582305908203
244,80,gaussian,1,44,0.40625,0.359375,0.5416666666666666,1.0,1.0530271530151367,0.3587559163570404
245,80,gaussian,1,44,0.203125,0.46875,0.2708333333333333,1.0,1.0796681642532349,0.3601648509502411
246,80,gaussian,1,44,0.484375,0.359375,0.6458333333333334,1.0,15.225523948669434,4.897053241729736
247,80,gaussian,1,44,0.46875,0.484375,0.625,1.0,2.5108742713928223,0.8541688919067383
248,80,gaussian,1,44,0.25,0.421875,0.3333333333333333,1.0,3.96474289894104,1.2829406261444092
249,80,gaussian,1,44,0.25,0.46875,0.3333333333333333,1.0,1.335688591003418,0.4708575904369354
250,80,gaussian,1,44,0.390625,0.359375,0.5208333333333334,1.0,4.746760845184326,1.6927095651626587
251,80,gaussian,1,44,0.1875,0.453125,0.25,1.0,1.4916977882385254,0.4755651354789734
252,80,gaussian,1,44,0.265625,0.359375,0.3541666666666667,1.0,2.249863624572754,0.7854669094085693
253,80,gaussian,1,44,0.40625,0.484375,0.5416666666666666,1.0,3.6391968727111816,1.265768051147461
254,80,gaussian,1,44,0.359375,0.46875,0.4791666666666667,1.0,1.2724792957305908,0.4127812683582306
255,80,gaussian,1,44,0.21875,0.34375,0.2916666666666667,1.0,2.8499755859375,0.8512712121009827
256,80,gaussian,1,44,0.21875,0.421875,0.2916666666666667,1.0,4.335326194763184,1.3835148811340332
257,80,gaussian,1,44,0.375,0.359375,0.5,1.0,2.95452880859375,1.069144368171692
258,80,gaussian,1,44,0.296875,0.328125,0.3958333333333333,1.0,1.6122568845748901,0.5142250657081604
259,80,gaussian,1,44,0.203125,0.4375,0.2708333333333333,1.0,2.220963954925537,0.6501333117485046
260,80,gaussian,1,44,0.328125,0.4375,0.4375,1.0,0.7319616675376892,0.23731006681919098
261,80,gaussian,1,44,0.328125,0.4375,0.4375,1.0,0.7315061092376709,0.24053668975830078
262,80,gaussian,1,44,0.1875,0.453125,0.25,1.0,2.136003255844116,0.7498744130134583
263,80,gaussian,1,44,0.53125,0.390625,0.7083333333333334,1.0,4.063736915588379,1.2809083461761475
264,80,gaussian,1,44,0.453125,0.296875,0.6041666666666666,1.0,1.3118013143539429,0.40710577368736267
265,80,gaussian,1,44,0.1875,0.1875,0.42857142857142855,1.0,3.193744421005249,0.9749115109443665
266,80,gaussian,1,44,0.25,0.4375,0.3333333333333333,1.0,0.5808305740356445,0.19972220063209534
267,80,gaussian,1,44,0.28125,0.4375,0.375,1.0,0.4691253900527954,0.1642380803823471
268,80,gaussian,1,44,0.171875,0.375,0.22916666666666666,1.0,0.6300598382949829,0.182927206158638
269,80,gaussian,1,44,0.25,0.375,0.3333333333333333,1.0,4.321024417877197,1.3798818588256836
270,80,gaussian,1,44,0.234375,0.203125,0.3125,1.0,2.242069959640503,0.731504499912262
271,80,gaussian,1,44,0.234375,0.40625,0.3125,1.0,1.3137969970703125,0.4325854778289795
272,80,gaussian,1,44,0.546875,0.5,0.7291666666666666,1.0,1.8941707611083984,0.6237600445747375
273,80,gaussian,1,44,0.25,0.296875,0.3333333333333333,1.0,0.9982755780220032,0.3040928542613983
274,80,gaussian,1,44,0.4375,0.46875,0.5833333333333334,1.0,1.7764241695404053,0.5877923965454102
275,80,gaussian,1,44,0.46875,0.4375,0.625,1.0,0.9508559107780457,0.3097599446773529
276,80,gaussian,1,44,0.25,0.421875,0.3333333333333333,1.0,0.24623426795005798,0.08130264282226562
277,80,gaussian,1,44,0.296875,0.3125,0.3958333333333333,1.0,0.6112554669380188,0.19478775560855865
278,80,gaussian,1,44,0.359375,0.375,0.4791666666666667,1.0,1.038832187652588,0.35841259360313416
279,80,gaussian,1,44,0.234375,0.234375,0.3125,1.0,0.4102216958999634,0.12526793777942657
280,80,gaussian,1,44,0.328125,0.46875,0.4375,1.0,0.4298960566520691,0.14083321392536163
281,80,gaussian,1,44,0.234375,0.4375,0.3125,1.0,2.858867645263672,0.9566326141357422
282,80,gaussian,1,44,0.21875,0.453125,0.2916666666666667,1.0,3.927345037460327,1.3782984018325806
283,80,gaussian,1,44,0.53125,0.375,0.7083333333333334,1.0,2.1018452644348145,0.693191409111023
284,80,gaussian,1,44,0.40625,0.453125,0.5416666666666666,1.0,1.3318672180175781,0.4730648100376129
285,80,gaussian,1,44,0.296875,0.296875,0.3958333333333333,1.0,2.6090192794799805,0.8891244530677795
286,80,gaussian,1,44,0.3125,0.34375,0.4166666666666667,1.0,1.729417085647583,0.5770216584205627
287,80,gaussian,1,44,0.484375,0.515625,0.6458333333333334,1.0,0.8134577870368958,0.2703167796134949
288,80,gaussian,1,44,0.21875,0.484375,0.2916666666666667,1.0,0.9960691332817078,0.33980777859687805
289,80,gaussian,1,44,0.421875,0.390625,0.5625,1.0,3.488964557647705,1.2574985027313232
290,80,gaussian,1,44,0.5,0.203125,0.6666666666666666,1.0,1.8117167949676514,0.5956135392189026
291,80,gaussian,1,44,0.40625,0.46875,0.5416666666666666,1.0,0.33943164348602295,0.11409332603216171
292,80,gaussian,1,44,0.421875,0.390625,0.5625,1.0,3.4889469146728516,1.2599749565124512
293,80,gaussian,1,44,0.328125,0.453125,0.4375,1.0,0.25909626483917236,0.08292162418365479
294,80,gaussian,1,44,0.1875,0.4375,0.25,1.0,2.0348339080810547,0.6807242035865784
295,80,gaussian,1,44,0.453125,0.4375,0.6041666666666666,1.0,3.0768022537231445,1.0732247829437256
296,80,gaussian,1,44,0.265625,0.125,0.3541666666666667,1.0,2.746645212173462,0.9727439284324646
297,80,gaussian,1,44,0.46875,0.5,0.625,1.0,1.2021982669830322,0.4136333167552948
298,80,gaussian,1,44,0.3125,0.3125,0.4166666666666667,1.0,2.0394625663757324,0.6783609986305237
299,80,gaussian,1,44,0.265625,0.25,0.3541666666666667,1.0,1.8595218658447266,0.6250349879264832
300,80,gaussian,1,44,0.328125,0.453125,0.4375,1.0,0.9210806488990784,0.32367607951164246
301,80,gaussian,1,44,0.359375,0.46875,0.4791666666666667,1.0,1.2728320360183716,0.41890063881874084
302,80,gaussian,1,44,0.4375,0.390625,0.5833333333333334,1.0,3.6449360847473145,1.2972145080566406
303,80,gaussian,1,44,0.46875,0.46875,0.625,1.0,3.652373790740967,1.1781880855560303
304,80,gaussian,1,44,0.3125,0.5,0.4166666666666667,1.0,2.5400397777557373,0.8484221696853638
305,80,gaussian,1,44,0.28125,0.328125,0.375,1.0,2.807960033416748,0.9418583512306213
306,80,gaussian,1,44,0.421875,0.25,0.5625,1.0,5.165897846221924,1.6628421545028687
307,80,gaussian,1,44,0.25,0.4375,0.3333333333333333,1.0,0.3732820153236389,0.11931672692298889
308,80,gaussian,1,44,0.296875,0.453125,0.3958333333333333,1.0,0.37426355481147766,0.12275692075490952
309,80,gaussian,1,44,0.265625,0.40625,0.3541666666666667,1.0,1.8468432426452637,0.6254902482032776
310,80,gaussian,1,44,0.203125,0.4375,0.2708333333333333,1.0,1.727043867111206,0.576556921005249
311,80,gaussian,1,44,0.1875,0.375,0.25,1.0,1.0933865308761597,0.3617193102836609
312,80,gaussian,1,44,0.25,0.4375,0.3333333333333333,1.0,2.230705738067627,0.7267981767654419
313,80,gaussian,1,44,0.5,0.265625,0.6666666666666666,1.0,3.8212227821350098,1.187239408493042
314,80,gaussian,1,44,0.34375,0.1875,0.4583333333333333,1.0,2.881206750869751,0.9404432773590088
315,80,gaussian,1,44,0.359375,0.28125,0.4791666666666667,1.0,1.0266107320785522,0.35596704483032227
316,80,gaussian,1,44,0.21875,0.453125,0.2916666666666667,1.0,2.162757158279419,0.7261180281639099
317,80,gaussian,1,44,0.203125,0.484375,0.2708333333333333,1.0,0.6039329767227173,0.1907203644514084
318,80,gaussian,1,44,0.203125,0.1875,0.5652173913043478,1.0,3.459115743637085,1.0751550197601318
319,80,gaussian,1,44,0.515625,0.25,0.6875,1.0,0.7023005485534668,0.20855025947093964
320,80,gaussian,1,44,0.1875,0.4375,0.25,1.0,2.9591870307922363,0.9868562817573547
321,80,gaussian,1,44,0.25,0.453125,0.3333333333333333,1.0,1.4688547849655151,0.4756413996219635
322,80,gaussian,1,44,0.234375,0.203125,0.3125,1.0,2.2464914321899414,0.7260072231292725
323,80,gaussian,1,44,0.1875,0.1875,0.5217391304347826,1.0,3.4423766136169434,1.0845681428909302
324,80,gaussian,1,44,0.40625,0.4375,0.5416666666666666,1.0,8.429825782775879,2.8914051055908203
325,80,gaussian,1,44,0.25,0.3125,0.3333333333333333,1.0,0.967631459236145,0.34147346019744873
326,80,gaussian,1,44,0.53125,0.390625,0.7083333333333334,1.0,4.06465482711792,1.2584922313690186
327,80,gaussian,1,44,0.296875,0.328125,0.3958333333333333,1.0,2.989614963531494,1.0787034034729004
328,80,gaussian,1,44,,,,0.0,1.0791306495666504,0.3238009214401245
329,80,gaussian,1,44,0.21875,0.46875,0.2916666666666667,1.0,4.0567827224731445,1.2664549350738525
330,80,gaussian,1,44,0.40625,0.359375,0.5416666666666666,1.0,1.053067684173584,0.36000490188598633
331,80,gaussian,1,44,0.203125,0.484375,0.2708333333333333,1.0,0.9975703954696655,0.34024518728256226
332,80,gaussian,1,44,0.34375,0.28125,0.4583333333333333,1.0,6.080592632293701,2.1144814491271973
333,80,gaussian,1,44,0.390625,0.390625,0.5208333333333334,1.0,1.1243177652359009,0.3788883090019226
334,80,gaussian,1,44,0.1875,0.46875,0.25,1.0,1.3409700393676758,0.4237927794456482
335,80,gaussian,1,44,0.4375,0.46875,0.5833333333333334,1.0,1.4207134246826172,0.4422037899494171
336,80,gaussian,1,44,0.296875,0.453125,0.3958333333333333,1.0,6.410181045532227,2.3349609375
337,80,gaussian,1,44,0.234375,0.40625,0.3125,1.0,0.6613500714302063,0.20531249046325684
338,80,gaussian,1,44,0.484375,0.484375,0.6458333333333334,1.0,1.9796388149261475,0.6543480157852173
339,80,gaussian,1,44,0.25,0.453125,0.3333333333333333,1.0,2.669367551803589,0.9252777695655823
340,80,gaussian,1,44,0.21875,0.203125,0.2916666666666667,1.0,0.29141321778297424,0.08887798339128494
341,80,gaussian,1,44,0.265625,0.390625,0.3541666666666667,1.0,0.6282310485839844,0.21340404450893402
342,80,gaussian,1,44,0.546875,0.484375,0.7291666666666666,1.0,0.7656445503234863,0.25999900698661804
343,80,gaussian,1,44,0.359375,0.234375,0.4791666666666667,1.0,1.0593254566192627,0.36284273862838745
344,80,gaussian,1,44,0.4375,0.328125,0.5833333333333334,1.0,3.0426440238952637,1.0544217824935913
345,80,gaussian,1,44,0.296875,0.328125,0.3958333333333333,1.0,1.6124632358551025,0.5125267505645752
346,80,gaussian,1,44,0.25,0.4375,0.3333333333333333,1.0,1.4700117111206055,0.48944777250289917
347,80,gaussian,1,44,0.1875,0.4375,0.25,1.0,2.427306652069092,0.7383826971054077
348,80,gaussian,1,44,0.28125,0.421875,0.375,1.0,5.174042224884033,1.792538046836853
349,80,gaussian,1,44,0.25,0.296875,0.3333333333333333,1.0,0.9983436465263367,0.30094316601753235
350,80,gaussian,1,44,0.21875,0.421875,0.2916666666666667,1.0,2.973917007446289,0.9551318883895874
351,80,gaussian,1,44,0.484375,0.5,0.6458333333333334,1.0,0.35086923837661743,0.10832139104604721
352,80,gaussian,1,44,0.25,0.4375,0.3333333333333333,1.0,3.3661129474639893,1.1251996755599976
353,80,gaussian,1,44,0.1875,0.1875,0.25,1.0,1.4356777667999268,0.39551088213920593
354,80,gaussian,1,44,0.296875,0.484375,0.3958333333333333,1.0,0.7829423546791077,0.26831403374671936
355,80,gaussian,1,44,0.4375,0.5,0.5833333333333334,1.0,2.277125120162964,0.7644491791725159
356,80,gaussian,1,44,0.3125,0.421875,0.4166666666666667,1.0,3.3250975608825684,1.1235324144363403
357,80,gaussian,1,44,0.203125,0.453125,0.2708333333333333,1.0,1.494217872619629,0.4818422198295593
358,80,gaussian,1,44,0.34375,0.4375,0.4583333333333333,1.0,2.5722033977508545,0.8907685279846191
359,80,gaussian,1,44,0.5,0.359375,0.6666666666666666,1.0,15.230188369750977,4.867520809173584
360,80,gaussian,1,44,0.203125,0.4375,0.2708333333333333,1.0,2.527130126953125,0.8336021304130554
361,80,gaussian,1,44,0.28125,0.4375,0.375,1.0,0.4692385196685791,0.16304758191108704
362,80,gaussian,1,44,0.296875,0.296875,0.3958333333333333,1.0,0.5724349617958069,0.20047973096370697
363,80,gaussian,1,44,0.3125,0.484375,0.4166666666666667,1.0,2.5814783573150635,0.7991148829460144
364,80,gaussian,1,44,0.390625,0.46875,0.5208333333333334,1.0,1.3346575498580933,0.4671313464641571
365,80,gaussian,1,44,0.296875,0.359375,0.3958333333333333,1.0,2.134427070617676,0.7267844676971436
366,80,gaussian,1,44,0.25,0.265625,0.43243243243243246,1.0,1.5079994201660156,0.48507341742515564
367,80,gaussian,1,44,0.296875,0.234375,0.3958333333333333,1.0,3.9405932426452637,1.3338085412979126
368,80,gaussian,1,44,0.21875,0.40625,0.2916666666666667,1.0,1.489795446395874,0.4532415270805359
369,80,gaussian,1,44,0.25,0.453125,0.3333333333333333,1.0,5.0155792236328125,1.6947704553604126
370,80,gaussian,1,44,0.203125,0.421875,0.2708333333333333,1.0,2.4340319633483887,0.770584225654602
371,80,gaussian,1,44,0.234375,0.4375,0.3125,1.0,0.9566389322280884,0.32252436876296997
372,80,gaussian,1,44,0.28125,0.40625,0.375,1.0,1.2442607879638672,0.4229567348957062
373,80,gaussian,1,44,0.171875,0.46875,0.22916666666666666,1.0,1.9004693031311035,0.6090521216392517
374,80,gaussian,1,44,0.46875,0.40625,0.625,1.0,6.880057334899902,2.151355266571045
375,80,gaussian,1,44,0.53125,0.4375,0.7083333333333334,1.0,0.5243522524833679,0.1924057900905609
376,80,gaussian,1,44,0.453125,0.296875,0.6041666666666666,1.0,1.3123350143432617,0.4072011411190033
377,80,gaussian,1,44,0.234375,0.421875,0.3125,1.0,1.988487720489502,0.6285399794578552
378,80,gaussian,1,44,0.109375,0.09375,0.4375,1.0,3.0314855575561523,0.9327221512794495
379,80,gaussian,1,44,0.4375,0.375,0.5833333333333334,1.0,1.0932159423828125,0.3794086277484894
380,80,gaussian,1,44,0.203125,0.453125,0.2708333333333333,1.0,0.7995786070823669,0.25182852149009705
381,80,gaussian,1,44,0.25,0.4375,0.3333333333333333,1.0,0.6345934867858887,0.20729638636112213
382,80,gaussian,1,44,0.21875,0.234375,0.2916666666666667,1.0,2.4050307273864746,0.7002284526824951
383,80,gaussian,1,44,0.375,0.28125,0.5,1.0,4.948703289031982,1.76075279712677
384,80,gaussian,1,44,0.265625,0.4375,0.3541666666666667,1.0,0.46985188126564026,0.16276121139526367
385,80,gaussian,1,44,0.203125,0.4375,0.2708333333333333,1.0,3.246891975402832,1.0929083824157715
386,80,gaussian,1,44,0.25,0.265625,0.43243243243243246,1.0,1.5057481527328491,0.4850272536277771
387,80,gaussian,1,44,0.25,0.296875,0.3333333333333333,1.0,0.9979156255722046,0.30126482248306274
388,80,gaussian,1,44,0.375,0.4375,0.5,1.0,0.43969911336898804,0.1516910195350647
389,80,gaussian,1,44,0.203125,0.46875,0.2708333333333333,1.0,2.1108617782592773,0.7186587452888489
390,80,gaussian,1,44,0.234375,0.453125,0.3125,1.0,1.4732600450515747,0.4866676330566406
391,80,gaussian,1,44,0.359375,0.34375,0.4791666666666667,1.0,0.4771454930305481,0.16279380023479462
392,80,gaussian,1,44,0.1875,0.5,0.25,1.0,1.3385887145996094,0.4440765082836151
393,80,gaussian,1,44,0.265625,0.375,0.3541666666666667,1.0,1.7693026065826416,0.5673683285713196
394,80,gaussian,1,44,0.28125,0.453125,0.375,1.0,1.12806236743927,0.36711636185646057
395,80,gaussian,1,44,0.390625,0.453125,0.5208333333333334,1.0,0.4427558183670044,0.16058729588985443
396,80,gaussian,1,44,0.328125,0.46875,0.4375,1.0,1.4710583686828613,0.470194548368454
397,80,gaussian,1,44,0.21875,0.234375,0.2916666666666667,1.0,2.64322566986084,0.7973989844322205
398,80,gaussian,1,44,0.25,0.453125,0.3333333333333333,1.0,0.45874202251434326,0.15553054213523865
399,80,gaussian,1,44,0.25,0.421875,0.3333333333333333,1.0,1.2989764213562012,0.42329141497612
400,80,gaussian,1,44,0.234375,0.4375,0.3125,1.0,5.011257171630859,1.6922062635421753
401,80,gaussian,1,44,0.375,0.3125,0.5,1.0,0.4077056646347046,0.14611613750457764
402,80,gaussian,1,44,0.1875,0.4375,0.25,1.0,2.1096067428588867,0.7323778867721558
403,80,gaussian,1,44,0.46875,0.5,0.625,1.0,1.2023892402648926,0.4209866225719452
404,80,gaussian,1,44,0.28125,0.453125,0.375,1.0,0.9971494674682617,0.31294432282447815
405,80,gaussian,1,44,0.265625,0.421875,0.3541666666666667,1.0,3.965073585510254,1.2677321434020996
406,80,gaussian,1,44,0.265625,0.4375,0.3541666666666667,1.0,3.364943504333496,1.113548755645752
407,80,gaussian,1,44,0.21875,0.4375,0.2916666666666667,1.0,2.4298925399780273,0.7827145457267761
408,80,gaussian,1,44,0.21875,0.296875,0.2916666666666667,1.0,1.775611400604248,0.5289240479469299
409,80,gaussian,1,44,0.28125,0.296875,0.375,1.0,1.1912956237792969,0.37633946537971497
410,80,gaussian,1,44,0.5,0.265625,0.6666666666666666,1.0,3.822463274002075,1.1893318891525269
411,80,gaussian,1,44,0.234375,0.21875,0.3125,1.0,0.4095671772956848,0.12412821501493454
412,80,gaussian,1,44,0.25,0.46875,0.3333333333333333,1.0,0.45881426334381104,0.1549871861934662
413,80,gaussian,1,44,0.234375,0.421875,0.3125,1.0,1.9884597063064575,0.6285396218299866
414,80,gaussian,1,44,0.203125,0.40625,0.2708333333333333,1.0,4.3990278244018555,1.4036259651184082
415,80,gaussian,1,44,0.5,0.15625,0.6666666666666666,1.0,1.406130075454712,0.4190610647201538
416,80,gaussian,1,44,0.390625,0.265625,0.5208333333333334,1.0,4.949174880981445,1.7819832563400269
417,80,gaussian,1,44,0.21875,0.40625,0.2916666666666667,1.0,1.4894485473632812,0.4628147482872009
418,80,gaussian,1,44,0.1875,0.4375,0.25,1.0,1.2980248928070068,0.41766104102134705
419,80,gaussian,1,44,0.4375,0.4375,0.5833333333333334,1.0,6.222875118255615,2.056624174118042
420,80,gaussian,1,44,0.25,0.4375,0.3333333333333333,1.0,2.672929286956787,0.9330145716667175
421,80,gaussian,1,44,0.25,0.265625,0.3333333333333333,1.0,4.512435436248779,1.4075405597686768
422,80,gaussian,1,44,0.203125,0.40625,0.2708333333333333,1.0,4.398946762084961,1.3905824422836304
423,80,gaussian,1,44,0.265625,0.421875,0.3541666666666667,1.0,3.968338966369629,1.2676242589950562
424,80,gaussian,1,44,0.296875,0.421875,0.3958333333333333,1.0,0.6949099898338318,0.22396215796470642
425,80,gaussian,1,44,0.390625,0.46875,0.5208333333333334,1.0,1.063097596168518,0.35100898146629333
426,80,gaussian,1,44,0.4375,0.328125,0.5833333333333334,1.0,2.941070795059204,0.9407702684402466
427,80,gaussian,1,44,0.28125,0.34375,0.375,1.0,0.10729657113552094,0.036651063710451126
428,80,gaussian,1,44,0.234375,0.390625,0.3125,1.0,5.072187423706055,1.5989824533462524
429,80,gaussian,1,44,0.46875,0.46875,0.625,1.0,3.646393299102783,1.1956344842910767
430,80,gaussian,1,44,0.25,0.40625,0.3333333333333333,1.0,1.7360222339630127,0.5804681777954102
431,80,gaussian,1,44,0.234375,0.40625,0.3125,1.0,2.780153751373291,0.8801789283752441
432,80,gaussian,1,44,0.21875,0.453125,0.2916666666666667,1.0,4.1823906898498535,1.2771637439727783
433,80,gaussian,1,44,0.375,0.40625,0.5,1.0,1.2975006103515625,0.45738014578819275
434,80,gaussian,1,44,0.25,0.421875,0.3333333333333333,1.0,1.0544755458831787,0.3267698884010315
435,80,gaussian,1,44,0.34375,0.1875,0.4583333333333333,1.0,2.881094455718994,0.9599836468696594
436,80,gaussian,1,44,0.203125,0.4375,0.2708333333333333,1.0,2.062863826751709,0.686133861541748
437,80,gaussian,1,44,0.21875,0.46875,0.2916666666666667,1.0,1.6102172136306763,0.5137389302253723
438,80,gaussian,1,44,0.234375,0.234375,0.3125,1.0,3.723813533782959,1.1432156562805176
439,80,gaussian,1,44,0.21875,0.15625,0.2916666666666667,1.0,0.9819539785385132,0.2911764979362488
440,80,gaussian,1,44,0.171875,0.46875,0.22916666666666666,1.0,0.5702613592147827,0.17347033321857452
441,80,gaussian,1,44,0.1875,0.4375,0.25,1.0,2.0681867599487305,0.676035463809967
442,80,gaussian,1,44,0.21875,0.421875,0.2916666666666667,1.0,1.9200656414031982,0.6374120116233826
443,80,gaussian,1,44,0.40625,0.359375,0.5416666666666666,1.0,1.0109531879425049,0.34330976009368896
444,80,gaussian,1,44,0.40625,0.4375,0.5416666666666666,1.0,0.2547879219055176,0.08763112127780914
445,80,gaussian,1,44,0.21875,0.453125,0.2916666666666667,1.0,2.991947650909424,1.0351121425628662
446,80,gaussian,1,44,0.28125,0.34375,0.375,1.0,1.4127066135406494,0.4781283140182495
447,80,gaussian,1,44,0.21875,0.421875,0.2916666666666667,1.0,2.206835985183716,0.7102200388908386
448,80,gaussian,1,44,0.25,0.453125,0.3333333333333333,1.0,0.7834916114807129,0.2554240822792053
449,80,gaussian,1,44,0.203125,0.453125,0.2708333333333333,1.0,1.4944236278533936,0.4827285706996918
450,80,gaussian,1,44,0.28125,0.453125,0.375,1.0,1.1274425983428955,0.36977291107177734
451,80,gaussian,1,44,0.40625,0.453125,0.5416666666666666,1.0,0.6127349138259888,0.19675089418888092
452,80,gaussian,1,44,0.296875,0.296875,0.3958333333333333,1.0,0.5719494223594666,0.20038335025310516
453,80,gaussian,1,44,0.296875,0.359375,0.3958333333333333,1.0,2.1379032135009766,0.7283381223678589
454,80,gaussian,1,44,0.203125,0.421875,0.2708333333333333,1.0,0.9093815088272095,0.34255126118659973
455,80,gaussian,1,44,0.28125,0.34375,0.375,1.0,0.107447549700737,0.03671770915389061
456,80,gaussian,1,44,0.46875,0.40625,0.625,1.0,6.868527412414551,2.1858694553375244
457,80,gaussian,1,44,0.40625,0.453125,0.5416666666666666,1.0,0.6125872135162354,0.19711998105049133
458,80,gaussian,1,44,0.21875,0.40625,0.2916666666666667,1.0,0.5873775482177734,0.17284196615219116
459,80,gaussian,1,44,0.53125,0.375,0.7083333333333334,1.0,2.6428918838500977,0.9111761450767517
460,80,gaussian,1,44,0.25,0.40625,0.3333333333333333,1.0,0.6478542685508728,0.2148788571357727
461,80,gaussian,1,44,0.234375,0.4375,0.3125,1.0,1.1640204191207886,0.41058170795440674
462,80,gaussian,1,44,0.4375,0.4375,0.5833333333333334,1.0,6.222947120666504,2.0640127658843994
463,80,gaussian,1,44,0.421875,0.4375,0.5625,1.0,0.6917440295219421,0.23932313919067383
464,80,gaussian,1,44,0.171875,0.140625,0.55,1.0,0.43304285407066345,0.12264298647642136
465,80,gaussian,1,44,0.265625,0.234375,0.3541666666666667,1.0,0.524316132068634,0.19014646112918854
466,80,gaussian,1,44,0.28125,0.125,0.375,1.0,5.435969352722168,1.730627417564392
467,80,gaussian,1,44,0.546875,0.421875,0.7291666666666666,1.0,6.790032863616943,2.0653321743011475
468,80,gaussian,1,44,0.421875,0.46875,0.5625,1.0,1.4230382442474365,0.4455934762954712
469,80,gaussian,1,44,0.296875,0.296875,0.3958333333333333,1.0,0.5726912617683411,0.20117971301078796
470,80,gaussian,1,44,0.25,0.46875,0.3333333333333333,1.0,0.996012270450592,0.3538074791431427
471,80,gaussian,1,44,0.25,0.453125,0.3333333333333333,1.0,5.012533664703369,1.682297945022583
472,80,gaussian,1,44,0.265625,0.421875,0.3541666666666667,1.0,2.235661506652832,0.7250034213066101
473,80,gaussian,1,44,0.25,0.40625,0.3333333333333333,1.0,1.5335450172424316,0.4697575569152832
474,80,gaussian,1,44,0.3125,0.484375,0.4166666666666667,1.0,2.5399558544158936,0.8557384014129639
475,80,gaussian,1,44,0.3125,0.421875,0.4166666666666667,1.0,6.540201663970947,2.0949199199676514
476,80,gaussian,1,44,0.234375,0.40625,0.3125,1.0,2.782341241836548,0.8620815277099609
477,80,gaussian,1,44,0.265625,0.28125,0.3541666666666667,1.0,3.893235683441162,1.2538422346115112
478,80,gaussian,1,44,0.421875,0.390625,0.5625,1.0,1.2070786952972412,0.46121588349342346
479,80,gaussian,1,44,0.265625,0.484375,0.3541666666666667,1.0,3.235257625579834,1.0686750411987305
480,80,gaussian,1,44,0.25,0.4375,0.3333333333333333,1.0,3.367823600769043,1.1202927827835083
481,80,gaussian,1,44,0.28125,0.484375,0.375,1.0,3.233820915222168,1.0638923645019531
482,80,gaussian,1,44,0.171875,0.484375,0.22916666666666666,1.0,0.5714905261993408,0.17337915301322937
483,80,gaussian,1,44,0.4375,0.421875,0.5833333333333334,1.0,6.213520050048828,2.0689382553100586
484,80,gaussian,1,44,0.390625,0.421875,0.5208333333333334,1.0,0.801026463508606,0.26604312658309937
485,80,gaussian,1,44,0.3125,0.328125,0.4166666666666667,1.0,2.038939952850342,0.6752281785011292
486,80,gaussian,1,44,0.265625,0.359375,0.3541666666666667,1.0,2.249864101409912,0.7898174524307251
487,80,gaussian,1,44,0.265625,0.484375,0.3541666666666667,1.0,5.299382209777832,1.6035094261169434
488,80,gaussian,1,44,0.3125,0.390625,0.4166666666666667,1.0,3.308256149291992,1.1320842504501343
489,80,gaussian,1,44,0.234375,0.3125,0.3125,1.0,0.9672502279281616,0.34371134638786316
490,80,gaussian,1,44,0.25,0.1875,0.3333333333333333,1.0,7.728816986083984,2.3942670822143555
491,80,gaussian,1,44,0.3125,0.328125,0.4166666666666667,1.0,1.0726238489151,0.350037157535553
492,80,gaussian,1,44,0.359375,0.375,0.4791666666666667,1.0,0.5302519202232361,0.1880621463060379
493,80,gaussian,1,44,0.203125,0.234375,0.5909090909090909,1.0,0.8754167556762695,0.25076615810394287
494,80,gaussian,1,44,0.453125,0.453125,0.6041666666666666,1.0,0.33550959825515747,0.10477638244628906
495,80,gaussian,1,44,0.359375,0.359375,0.4791666666666667,1.0,2.3280975818634033,0.8138453960418701
496,80,gaussian,1,44,0.203125,0.421875,0.2708333333333333,1.0,3.103024959564209,0.9878065586090088
497,80,gaussian,1,44,0.421875,0.234375,0.5625,1.0,5.175797939300537,1.6633020639419556
498,80,gaussian,1,44,0.34375,0.296875,0.4583333333333333,1.0,6.079360008239746,2.139176845550537
499,80,gaussian,1,44,0.21875,0.453125,0.2916666666666667,1.0,4.183921813964844,1.2684211730957031
500,80,gaussian,1,44,0.171875,0.140625,0.5238095238095238,1.0,0.7488812804222107,0.25103673338890076
501,80,gaussian,1,44,0.21875,0.453125,0.2916666666666667,1.0,2.1031570434570312,0.6302021145820618
502,80,gaussian,1,44,0.203125,0.46875,0.2708333333333333,1.0,1.0795753002166748,0.3619830310344696
503,80,gaussian,1,44,0.328125,0.34375,0.4375,1.0,2.4323678016662598,0.8320267796516418
504,80,gaussian,1,44,0.40625,0.453125,0.5416666666666666,1.0,1.4968812465667725,0.5486839413642883
505,80,gaussian,1,44,0.3125,0.484375,0.4166666666666667,1.0,1.3641659021377563,0.46618616580963135
506,80,gaussian,1,44,0.265625,0.421875,0.3541666666666667,1.0,3.968433141708374,1.264750361442566
507,80,gaussian,1,44,0.453125,0.484375,0.6041666666666666,1.0,0.8802242279052734,0.272980660200119
508,80,gaussian,1,44,0.34375,0.203125,0.4583333333333333,1.0,2.878140449523926,0.9407477974891663
509,80,gaussian,1,44,0.203125,0.4375,0.2708333333333333,1.0,2.2136309146881104,0.655914843082428
510,80,gaussian,1,44,0.203125,0.453125,0.2708333333333333,1.0,1.4917316436767578,0.484048068523407
511,80,gaussian,1,44,0.46875,0.421875,0.625,1.0,2.5434226989746094,0.8370538353919983
512,80,gaussian,1,44,0.28125,0.34375,0.375,1.0,0.10736940801143646,0.03707975521683693
513,80,gaussian,1,44,0.25,0.234375,0.3333333333333333,1.0,3.721318244934082,1.160746693611145
514,80,gaussian,1,44,0.34375,0.46875,0.4583333333333333,1.0,1.8364918231964111,0.6387354731559753
515,80,gaussian,1,44,0.21875,0.40625,0.2916666666666667,1.0,1.490201473236084,0.4584716856479645
516,80,gaussian,1,44,0.4375,0.484375,0.5833333333333334,1.0,3.079862117767334,0.9479555487632751
517,80,gaussian,1,44,0.328125,0.34375,0.4375,1.0,2.432283878326416,0.8381665349006653
518,80,gaussian,1,44,0.21875,0.234375,0.2916666666666667,1.0,2.405161142349243,0.7047680616378784
519,80,gaussian,1,44,0.296875,0.421875,0.3958333333333333,1.0,2.0432162284851074,0.6639114022254944
520,80,gaussian,1,44,0.1875,0.453125,0.25,1.0,1.7361400127410889,0.5739786028862
521,80,gaussian,1,44,0.21875,0.46875,0.2916666666666667,1.0,2.7008683681488037,0.8918310403823853
522,80,gaussian,1,44,0.5,0.15625,0.6666666666666666,1.0,1.4106124639511108,0.4217357039451599
523,80,gaussian,1,44,0.328125,0.4375,0.4375,1.0,0.4063956141471863,0.14117476344108582
524,80,gaussian,1,44,0.265625,0.46875,0.3541666666666667,1.0,1.4362807273864746,0.4432898461818695
525,80,gaussian,1,44,0.359375,0.34375,0.4791666666666667,1.0,3.338312864303589,1.1342304944992065
526,80,gaussian,1,44,0.1875,0.1875,0.25,1.0,1.4346137046813965,0.38883674144744873
527,80,gaussian,1,44,0.1875,0.46875,0.25,1.0,1.345443844795227,0.4219073951244354
528,80,gaussian,1,44,0.421875,0.453125,0.5625,1.0,0.6421282291412354,0.22540345788002014
529,80,gaussian,1,44,0.4375,0.5,0.5833333333333334,1.0,2.2781801223754883,0.7799501419067383
530,80,gaussian,1,44,0.375,0.28125,0.5,1.0,4.944591045379639,1.7842764854431152
531,80,gaussian,1,44,0.375,0.390625,0.5,1.0,1.7551541328430176,0.650450587272644
532,80,gaussian,1,44,0.34375,0.46875,0.4583333333333333,1.0,1.5273619890213013,0.5222136378288269
533,80,gaussian,1,44,0.21875,0.421875,0.2916666666666667,1.0,4.338325500488281,1.3557912111282349
534,80,gaussian,1,44,0.40625,0.328125,0.5416666666666666,1.0,3.248525619506836,1.204732060432434
535,80,gaussian,1,44,0.25,0.25,0.48484848484848486,1.0,2.6682255268096924,0.9334130883216858
536,80,gaussian,1,44,0.1875,0.4375,0.25,1.0,1.7305877208709717,0.5765792727470398
537,80,gaussian,1,44,0.265625,0.25,0.3541666666666667,1.0,1.8598350286483765,0.619457483291626
538,80,gaussian,1,44,0.53125,0.453125,0.7083333333333334,1.0,0.9063407182693481,0.2781605124473572
539,80,gaussian,1,44,0.34375,0.46875,0.4583333333333333,1.0,1.5310673713684082,0.5214961767196655
540,80,gaussian,1,44,0.265625,0.25,0.3541666666666667,1.0,1.2763967514038086,0.4147249460220337
541,80,gaussian,1,44,0.5,0.453125,0.6666666666666666,1.0,2.493110418319702,0.8579648733139038
542,80,gaussian,1,44,0.328125,0.34375,0.4375,1.0,4.048819541931152,1.3622692823410034
543,80,gaussian,1,44,0.21875,0.203125,0.5185185185185185,1.0,0.7486937046051025,0.21291330456733704
544,80,gaussian,1,44,0.171875,0.21875,0.55,1.0,3.1891584396362305,0.9923616647720337
545,80,gaussian,1,44,0.1875,0.4375,0.25,1.0,0.23460161685943604,0.07147209346294403
546,80,gaussian,1,44,0.421875,0.421875,0.5625,1.0,0.8455967307090759,0.28747275471687317
547,80,gaussian,1,44,0.25,0.484375,0.3333333333333333,1.0,1.3385370969772339,0.4667176306247711
548,80,gaussian,1,44,0.234375,0.234375,0.3125,1.0,3.7289018630981445,1.1694258451461792
549,80,gaussian,1,44,0.265625,0.421875,0.3541666666666667,1.0,1.1076507568359375,0.3605104982852936
550,80,gaussian,1,44,0.3125,0.328125,0.5882352941176471,1.0,0.5872529745101929,0.17912989854812622
551,80,gaussian,1,44,0.25,0.21875,0.3333333333333333,1.0,2.2431230545043945,0.7296297550201416
552,80,gaussian,1,44,0.28125,0.328125,0.375,1.0,0.9982613325119019,0.33609750866889954
553,80,gaussian,1,44,0.5,0.40625,0.6666666666666666,1.0,2.9149296283721924,1.0389251708984375
554,80,gaussian,1,44,0.421875,0.375,0.5625,1.0,1.0926963090896606,0.3795258402824402
555,80,gaussian,1,44,0.359375,0.359375,0.4791666666666667,1.0,2.3281006813049316,0.8199784755706787
556,80,gaussian,1,44,0.265625,0.421875,0.3541666666666667,1.0,1.4788930416107178,0.4924651086330414
557,80,gaussian,1,44,0.21875,0.1875,0.5,1.0,3.9247865676879883,1.2359769344329834
558,80,gaussian,1,44,0.234375,0.453125,0.3125,1.0,1.5957058668136597,0.5445939302444458
559,80,gaussian,1,44,0.453125,0.203125,0.6041666666666666,1.0,2.7366762161254883,0.8668227791786194
560,80,gaussian,1,44,0.296875,0.4375,0.3958333333333333,1.0,2.0430402755737305,0.6570068001747131
561,80,gaussian,1,44,0.234375,0.4375,0.3125,1.0,1.1519914865493774,0.4064003825187683
562,80,gaussian,1,44,0.28125,0.34375,0.375,1.0,0.1075870543718338,0.03714695945382118
563,80,gaussian,1,44,0.28125,0.328125,0.375,1.0,2.9894800186157227,1.0791372060775757
564,80,gaussian,1,44,0.234375,0.421875,0.3125,1.0,1.9870028495788574,0.6159136295318604
565,80,gaussian,1,44,0.5,0.453125,0.6666666666666666,1.0,2.495006799697876,0.8469769954681396
566,80,gaussian,1,44,0.296875,0.34375,0.3958333333333333,1.0,1.7310752868652344,0.5751889944076538
567,80,gaussian,1,44,0.1875,0.4375,0.25,1.0,0.23442211747169495,0.06986470520496368
568,80,gaussian,1,44,0.203125,0.453125,0.2708333333333333,1.0,0.9685492515563965,0.3398439586162567
569,80,gaussian,1,44,0.484375,0.484375,0.6458333333333334,1.0,0.7417064905166626,0.24247224628925323
570,80,gaussian,1,44,0.234375,0.4375,0.3125,1.0,0.7247448563575745,0.2393924444913864
571,80,gaussian,1,44,0.3125,0.359375,0.4166666666666667,1.0,0.9086666703224182,0.2979123294353485
572,80,gaussian,1,44,0.296875,0.359375,0.3958333333333333,1.0,0.29357361793518066,0.08955468982458115
573,80,gaussian,1,44,0.578125,0.484375,0.7708333333333334,1.0,2.856179714202881,0.8896893858909607
574,80,gaussian,1,44,0.265625,0.28125,0.3541666666666667,1.0,1.1886866092681885,0.38221970200538635
575,80,gaussian,1,44,0.234375,0.4375,0.3125,1.0,5.010438919067383,1.6901750564575195
576,80,gaussian,1,44,0.234375,0.421875,0.3125,1.0,2.0395426750183105,0.6448026895523071
577,80,gaussian,1,44,0.328125,0.34375,0.4375,1.0,1.5931956768035889,0.5481653213500977
578,80,gaussian,1,44,0.28125,0.3125,0.375,1.0,3.6652238368988037,1.2289166450500488
579,80,gaussian,1,44,0.328125,0.359375,0.4375,1.0,0.6391333341598511,0.2330401986837387
580,80,gaussian,1,44,0.25,0.421875,0.3333333333333333,1.0,0.9556154012680054,0.3225651681423187
581,80,gaussian,1,44,0.375,0.421875,0.5,1.0,0.4396406412124634,0.14995740354061127
582,80,gaussian,1,44,0.46875,0.484375,0.625,1.0,2.6616930961608887,0.8731624484062195
583,80,gaussian,1,44,0.5,0.203125,0.6666666666666666,1.0,3.5512125492095947,1.1194188594818115
584,80,gaussian,1,44,0.34375,0.375,0.4583333333333333,1.0,1.123607873916626,0.3857496678829193
585,80,gaussian,1,44,0.421875,0.390625,0.5625,1.0,2.7747907638549805,0.9740283489227295
586,80,gaussian,1,44,0.25,0.453125,0.3333333333333333,1.0,2.3172738552093506,0.8063465356826782
587,80,gaussian,1,44,0.15625,0.140625,0.5,1.0,3.924959659576416,1.2546136379241943
588,80,gaussian,1,44,0.21875,0.171875,0.2916666666666667,1.0,1.3465139865875244,0.4097193777561188
589,80,gaussian,1,44,0.234375,0.203125,0.3125,1.0,3.7212939262390137,1.1479092836380005
590,80,gaussian,1,44,0.328125,0.453125,0.4375,1.0,0.9204272031784058,0.3244873881340027
591,80,gaussian,1,44,0.25,0.28125,0.3333333333333333,1.0,1.6512309312820435,0.49953681230545044
592,80,gaussian,1,44,0.1875,0.1875,0.25,1.0,1.4365192651748657,0.39438241720199585
593,80,gaussian,1,44,0.1875,0.171875,0.46153846153846156,1.0,0.8755087852478027,0.24874673783779144
594,80,gaussian,1,44,0.15625,0.421875,0.20833333333333334,1.0,1.8536789417266846,0.6452032923698425
595,80,gaussian,1,44,0.3125,0.328125,0.4166666666666667,1.0,1.0738325119018555,0.3525138795375824
596,80,gaussian,1,44,0.34375,0.40625,0.4583333333333333,1.0,0.3405296802520752,0.12087178230285645
597,80,gaussian,1,44,0.21875,0.4375,0.2916666666666667,1.0,2.7993831634521484,0.8837643265724182
598,80,gaussian,1,44,0.265625,0.4375,0.3541666666666667,1.0,0.4696715474128723,0.1633055955171585
599,80,gaussian,1,44,0.265625,0.359375,0.3541666666666667,1.0,1.7682175636291504,0.5736889243125916
600,80,gaussian,1,44,0.296875,0.484375,0.3958333333333333,1.0,0.4880151152610779,0.14759694039821625
601,80,gaussian,1,44,0.4375,0.1875,0.5833333333333334,1.0,2.5986576080322266,0.8185771107673645
602,80,gaussian,1,44,0.390625,0.4375,0.5208333333333334,1.0,1.017073154449463,0.353783518075943
603,80,gaussian,1,44,0.390625,0.46875,0.5208333333333334,1.0,1.333675503730774,0.4664454758167267
604,80,gaussian,1,44,0.1875,0.421875,0.25,1.0,1.1137044429779053,0.36886066198349
605,80,gaussian,1,44,0.390625,0.4375,0.5208333333333334,1.0,0.6487010717391968,0.22488799691200256
606,80,gaussian,1,44,0.203125,0.453125,0.2708333333333333,1.0,1.0791332721710205,0.35670265555381775
607,80,gaussian,1,44,0.203125,0.421875,0.2708333333333333,1.0,2.6830220222473145,0.8968302011489868
608,80,gaussian,1,44,0.328125,0.453125,0.4375,1.0,0.92115718126297,0.32772111892700195
609,80,gaussian,1,44,0.421875,0.390625,0.5625,1.0,3.4854483604431152,1.263629674911499
610,80,gaussian,1,44,0.234375,0.25,0.3125,1.0,3.784519910812378,1.170275092124939
611,80,gaussian,1,44,0.3125,0.40625,0.4166666666666667,1.0,3.3181605339050293,1.1103671789169312
612,80,gaussian,1,44,0.40625,0.46875,0.5416666666666666,1.0,5.782649993896484,1.8717632293701172
613,80,gaussian,1,44,0.5,0.453125,0.6666666666666666,1.0,0.38960158824920654,0.13435295224189758
614,80,gaussian,1,44,0.203125,0.4375,0.2708333333333333,1.0,1.9832521677017212,0.6414403319358826
615,80,gaussian,1,44,0.359375,0.390625,0.4791666666666667,1.0,0.5301433205604553,0.1880762279033661
616,80,gaussian,1,44,0.171875,0.453125,0.22916666666666666,1.0,0.40921568870544434,0.14115306735038757
617,80,gaussian,1,44,0.203125,0.484375,0.2708333333333333,1.0,0.9978903532028198,0.3398893475532532
618,80,gaussian,1,44,0.5,0.40625,0.6666666666666666,1.0,3.093757390975952,1.005755066871643
619,80,gaussian,1,44,0.21875,0.4375,0.2916666666666667,1.0,1.1513067483901978,0.40133270621299744
620,80,gaussian,1,44,0.21875,0.203125,0.5,1.0,1.2359288930892944,0.3797574043273926
621,80,gaussian,1,44,0.4375,0.375,0.5833333333333334,1.0,1.906623125076294,0.6734489798545837
622,80,gaussian,1,44,0.28125,0.40625,0.375,1.0,1.245112419128418,0.4216573238372803
623,80,gaussian,1,44,0.4375,0.1875,0.5833333333333334,1.0,2.741572380065918,0.8589867949485779
624,80,gaussian,1,44,0.234375,0.453125,0.3125,1.0,2.0627267360687256,0.6825281381607056
625,80,gaussian,1,44,0.40625,0.34375,0.5416666666666666,1.0,3.249401092529297,1.1910696029663086
626,80,gaussian,1,44,0.34375,0.28125,0.4583333333333333,1.0,0.8944967985153198,0.359286904335022
627,80,gaussian,1,44,0.53125,0.390625,0.7083333333333334,1.0,2.6414177417755127,0.9120659232139587
628,80,gaussian,1,44,0.296875,0.5,0.3958333333333333,1.0,1.1403710842132568,0.3834300637245178
629,80,gaussian,1,44,0.328125,0.296875,0.4375,1.0,6.07232666015625,2.148695468902588
630,80,gaussian,1,44,0.4375,0.5,0.5833333333333334,1.0,1.5777223110198975,0.5040292739868164
631,80,gaussian,1,44,0.3125,0.328125,0.4166666666666667,1.0,1.0731549263000488,0.35023826360702515
632,80,gaussian,1,44,0.1875,0.453125,0.25,1.0,1.8619047403335571,0.6246072053909302
633,80,gaussian,1,44,0.21875,0.40625,0.2916666666666667,1.0,2.7282769680023193,0.8978344798088074
634,80,gaussian,1,44,0.296875,0.3125,0.3958333333333333,1.0,1.6997959613800049,0.5638153553009033
635,80,gaussian,1,44,0.34375,0.171875,0.4583333333333333,1.0,0.11706452071666718,0.044056154787540436
636,80,gaussian,1,44,0.296875,0.3125,0.3958333333333333,1.0,1.7036662101745605,0.5610855221748352
637,80,gaussian,1,44,0.296875,0.390625,0.3958333333333333,1.0,3.307234764099121,1.1324704885482788
638,80,gaussian,1,44,0.453125,0.5,0.6041666666666666,1.0,2.2753825187683105,0.7794068455696106
639,80,gaussian,1,44,0.265625,0.5,0.3541666666666667,1.0,0.5765321850776672,0.19454583525657654
640,80,gaussian,1,44,0.21875,0.453125,0.2916666666666667,1.0,1.5548763275146484,0.480339914560318
641,80,gaussian,1,44,0.40625,0.4375,0.5416666666666666,1.0,0.2088688462972641,0.06890574097633362
642,80,gaussian,1,44,0.4375,0.3125,0.5833333333333334,1.0,1.0420359373092651,0.32706356048583984
643,80,gaussian,1,44,0.359375,0.46875,0.4791666666666667,1.0,0.21794694662094116,0.07071874290704727
644,80,gaussian,1,44,0.578125,0.421875,0.7708333333333334,1.0,0.4058462381362915,0.1394263207912445
645,80,gaussian,1,44,0.375,0.3125,0.5,1.0,0.40807709097862244,0.14564275741577148
646,80,gaussian,1,44,0.4375,0.4375,0.5833333333333334,1.0,6.22430419921875,2.055325746536255
647,80,gaussian,1,44,0.234375,0.453125,0.3125,1.0,1.5928397178649902,0.5361544489860535
648,80,gaussian,1,44,0.21875,0.46875,0.2916666666666667,1.0,2.096052408218384,0.6232624650001526
649,80,gaussian,1,44,0.21875,0.5,0.2916666666666667,1.0,1.0845659971237183,0.3552390933036804
650,80,gaussian,1,44,0.421875,0.3125,0.5625,1.0,2.3359215259552,0.8059261441230774
651,80,gaussian,1,44,0.25,0.28125,0.3333333333333333,1.0,4.498936653137207,1.4042543172836304
652,80,gaussian,1,44,0.140625,0.109375,0.45,1.0,1.2363674640655518,0.38644105195999146
653,80,gaussian,1,44,0.265625,0.21875,0.3541666666666667,1.0,0.5269550085067749,0.1903509646654129
654,80,gaussian,1,44,0.34375,0.359375,0.4583333333333333,1.0,1.5971050262451172,0.5438830256462097
655,80,gaussian,1,44,0.21875,0.1875,0.2916666666666667,1.0,1.347660779953003,0.4127125144004822
656,80,gaussian,1,44,0.4375,0.203125,0.5833333333333334,1.0,2.5896925926208496,0.8385908603668213
657,80,gaussian,1,44,0.1875,0.453125,0.25,1.0,1.5350115299224854,0.5277628898620605
658,80,gaussian,1,44,0.34375,0.328125,0.4583333333333333,1.0,1.0817700624465942,0.3798660635948181
659,80,gaussian,1,44,0.203125,0.40625,0.2708333333333333,1.0,4.392943382263184,1.38797128200531
660,80,gaussian,1,44,0.25,0.5,0.3333333333333333,1.0,1.280390739440918,0.40497419238090515
661,80,gaussian,1,44,0.265625,0.4375,0.3541666666666667,1.0,0.46910375356674194,0.16322718560695648
662,80,gaussian,1,44,0.203125,0.421875,0.2708333333333333,1.0,0.9093723297119141,0.3401700258255005
663,80,gaussian,1,44,0.265625,0.359375,0.3541666666666667,1.0,2.2489285469055176,0.7950582504272461
664,80,gaussian,1,44,0.375,0.421875,0.5,1.0,1.2957959175109863,0.45074793696403503
665,80,gaussian,1,44,0.171875,0.375,0.22916666666666666,1.0,0.6272827386856079,0.1847214698791504
666,80,gaussian,1,44,0.515625,0.25,0.6875,1.0,0.7020264267921448,0.20549550652503967
667,80,gaussian,1,44,0.265625,0.453125,0.3541666666666667,1.0,3.664940118789673,1.0961530208587646
668,80,gaussian,1,44,0.265625,0.421875,0.3541666666666667,1.0,1.4789752960205078,0.4993225932121277
669,80,gaussian,1,44,0.21875,0.453125,0.2916666666666667,1.0,1.0777664184570312,0.35528573393821716
670,80,gaussian,1,44,0.28125,0.46875,0.375,1.0,2.229602813720703,0.7029478549957275
671,80,gaussian,1,44,0.203125,0.421875,0.2708333333333333,1.0,1.1146215200424194,0.3754056394100189
672,80,gaussian,1,44,0.296875,0.484375,0.3958333333333333,1.0,1.7982274293899536,0.5815426111221313
673,80,gaussian,1,44,0.4375,0.375,0.5833333333333334,1.0,3.9769949913024902,1.3342454433441162
674,80,gaussian,1,44,,,,0.0,0.5882877111434937,0.18108101189136505
675,80,gaussian,1,44,0.1875,0.453125,0.25,1.0,1.8560898303985596,0.6667326092720032
676,80,gaussian,1,44,0.4375,0.484375,0.5833333333333334,1.0,3.556720018386841,1.2934792041778564
677,80,gaussian,1,44,0.296875,0.390625,0.3958333333333333,1.0,3.3076977729797363,1.121687889099121
678,80,gaussian,1,44,0.1796875,0.1640625,0.4735449735449735,1.0,0.7486364841461182,0.21778522431850433
679,80,gaussian,1,44,0.234375,0.453125,0.3125,1.0,2.095355272293091,0.7261887788772583
680,80,gaussian,1,44,0.5,0.453125,0.6666666666666666,1.0,2.496316909790039,0.8585284948348999
681,80,gaussian,1,44,0.390625,0.359375,0.5208333333333334,1.0,2.957709312438965,1.0735371112823486
682,80,gaussian,1,44,0.234375,0.421875,0.3125,1.0,0.9553965330123901,0.31947824358940125
683,80,gaussian,1,44,0.390625,0.453125,0.5208333333333334,1.0,0.8304122686386108,0.297265887260437
684,80,gaussian,1,44,0.296875,0.296875,0.3958333333333333,1.0,0.347470760345459,0.1114177480340004
685,80,gaussian,1,44,0.296875,0.5,0.3958333333333333,1.0,1.1387625932693481,0.3821735084056854
686,80,gaussian,1,44,0.21875,0.46875,0.2916666666666667,1.0,6.10233211517334,2.040722131729126
687,80,gaussian,1,44,0.390625,0.4375,0.5208333333333334,1.0,0.7992366552352905,0.2650648057460785
688,80,gaussian,1,44,0.515625,0.46875,0.6875,1.0,2.2212705612182617,0.7259752154350281
689,80,gaussian,1,44,0.390625,0.4375,0.5208333333333334,1.0,0.8003912568092346,0.2665770947933197
690,80,gaussian,1,44,0.390625,0.34375,0.5208333333333334,1.0,0.7450201511383057,0.2509169578552246
691,80,gaussian,1,44,0.265625,0.46875,0.3541666666666667,1.0,1.4347703456878662,0.4412880539894104
692,80,gaussian,1,44,0.296875,0.421875,0.3958333333333333,1.0,0.6950731873512268,0.22456933557987213
693,80,gaussian,1,44,0.375,0.40625,0.5,1.0,1.2961543798446655,0.45397889614105225
694,80,gaussian,1,44,0.203125,0.453125,0.2708333333333333,1.0,1.077903151512146,0.36187872290611267
695,80,gaussian,1,44,0.234375,0.4375,0.3125,1.0,1.6523818969726562,0.5509828329086304
696,80,gaussian,1,44,0.40625,0.421875,0.5416666666666666,1.0,0.6923933029174805,0.23731161653995514
697,80,gaussian,1,44,0.171875,0.421875,0.22916666666666666,1.0,0.23497650027275085,0.07139942795038223
698,80,gaussian,1,44,0.140625,0.484375,0.1875,1.0,0.3575170636177063,0.10747005045413971
699,80,gaussian,1,44,0.203125,0.4375,0.2708333333333333,1.0,2.1356377601623535,0.7403962016105652
700,80,gaussian,1,44,0.3125,0.421875,0.4166666666666667,1.0,0.4802524149417877,0.16716733574867249
701,80,gaussian,1,44,0.25,0.453125,0.3333333333333333,1.0,2.319836378097534,0.8116891980171204
702,80,gaussian,1,44,0.34375,0.328125,0.4583333333333333,1.0,2.1413679122924805,0.751028835773468
703,80,gaussian,1,44,0.234375,0.453125,0.3125,1.0,1.5838855504989624,0.5680462718009949
704,80,gaussian,1,44,0.1875,0.34375,0.25,1.0,1.5241676568984985,0.4517269730567932
705,80,gaussian,1,44,0.21875,0.3125,0.2916666666666667,1.0,1.7744601964950562,0.537054717540741
706,80,gaussian,1,44,0.21875,0.4375,0.2916666666666667,1.0,1.969934344291687,0.5910641551017761
707,80,gaussian,1,44,0.1875,0.4375,0.25,1.0,2.416783332824707,0.7383508682250977
708,80,gaussian,1,44,0.3125,0.46875,0.4166666666666667,1.0,2.3280751705169678,0.7307347655296326
709,80,gaussian,1,44,0.234375,0.234375,0.3125,1.0,3.7302958965301514,1.1657713651657104
710,80,gaussian,1,44,0.234375,0.203125,0.4838709677419355,1.0,4.856325149536133,1.472891926765442
711,80,gaussian,1,44,0.375,0.453125,0.5,1.0,1.0178508758544922,0.35451650619506836
712,80,gaussian,1,44,0.21875,0.46875,0.2916666666666667,1.0,1.2161108255386353,0.40215015411376953
713,80,gaussian,1,44,0.15625,0.421875,0.20833333333333334,1.0,1.8475261926651,0.636939525604248
714,80,gaussian,1,44,0.4375,0.1875,0.5833333333333334,1.0,2.5966360569000244,0.83176589012146
715,80,gaussian,1,44,0.390625,0.234375,0.5208333333333334,1.0,2.84804630279541,1.0410083532333374
716,80,gaussian,1,44,0.28125,0.46875,0.375,1.0,1.8001891374588013,0.5816100239753723
717,80,gaussian,1,44,0.453125,0.484375,0.6041666666666666,1.0,4.122670650482178,1.3012160062789917
718,80,gaussian,1,44,0.296875,0.421875,0.3958333333333333,1.0,1.544822335243225,0.49691346287727356
719,80,gaussian,1,44,0.140625,0.109375,0.47368421052631576,1.0,1.2361016273498535,0.38376379013061523
720,80,gaussian,1,44,0.203125,0.484375,0.2708333333333333,1.0,0.9972805976867676,0.34250974655151367
721,80,gaussian,1,44,0.296875,0.328125,0.3958333333333333,1.0,1.6144752502441406,0.5111983418464661
722,80,gaussian,1,44,0.28125,0.5,0.375,1.0,0.5764700174331665,0.1899399608373642
723,80,gaussian,1,44,0.546875,0.484375,0.7291666666666666,1.0,0.7647002935409546,0.26060181856155396
724,80,gaussian,1,44,0.484375,0.5,0.6458333333333334,1.0,0.9453331828117371,0.3140239119529724
725,80,gaussian,1,44,0.25,0.3125,0.3333333333333333,1.0,0.9668882489204407,0.343086838722229
726,80,gaussian,1,44,0.359375,0.40625,0.4791666666666667,1.0,0.29257315397262573,0.09900626540184021
727,80,gaussian,1,44,0.484375,0.34375,0.6458333333333334,1.0,6.776846885681152,2.3381402492523193
728,80,gaussian,1,44,0.1875,0.421875,0.25,1.0,1.258333683013916,0.39863359928131104
729,80,gaussian,1,44,0.28125,0.421875,0.375,1.0,5.175378322601318,1.7772026062011719
730,80,gaussian,1,44,0.1875,0.4375,0.25,1.0,1.9867178201675415,0.628713071346283
731,80,gaussian,1,44,0.453125,0.46875,0.6041666666666666,1.0,4.335022449493408,1.4376295804977417
732,80,gaussian,1,44,0.21875,0.453125,0.2916666666666667,1.0,2.6774392127990723,0.87666255235672
733,80,gaussian,1,44,0.375,0.40625,0.5,1.0,1.754313349723816,0.6544736623764038
734,80,gaussian,1,44,0.203125,0.453125,0.2708333333333333,1.0,2.6794748306274414,0.8799586296081543
735,80,gaussian,1,44,0.234375,0.234375,0.3125,1.0,0.4102989435195923,0.12368465960025787
736,80,gaussian,1,44,0.28125,0.3125,0.375,1.0,3.6652207374572754,1.2133291959762573
737,80,gaussian,1,44,0.515625,0.46875,0.6875,1.0,0.7135342955589294,0.25284427404403687
738,80,gaussian,1,44,0.34375,0.484375,0.4583333333333333,1.0,1.8340904712677002,0.6416627764701843
739,80,gaussian,1,44,0.421875,0.3125,0.5625,1.0,2.3333234786987305,0.8093191981315613
740,80,gaussian,1,44,0.515625,0.46875,0.6875,1.0,2.2207229137420654,0.7231077551841736
741,80,gaussian,1,44,0.328125,0.3125,0.4375,1.0,0.9533400535583496,0.3441842794418335
742,80,gaussian,1,44,0.375,0.3125,0.5,1.0,0.4077734649181366,0.1450692117214203
743,80,gaussian,1,44,0.28125,0.390625,0.375,1.0,0.6277691125869751,0.2155928611755371
744,80,gaussian,1,44,0.21875,0.46875,0.2916666666666667,1.0,0.6062630414962769,0.1917889267206192
745,80,gaussian,1,44,0.203125,0.453125,0.2708333333333333,1.0,0.9797629117965698,0.34128472208976746
746,80,gaussian,1,44,0.25,0.421875,0.3333333333333333,1.0,1.300302505493164,0.42352744936943054
747,80,gaussian,1,44,0.1875,0.4375,0.25,1.0,2.6326823234558105,0.8690875172615051
748,80,gaussian,1,44,0.1875,0.453125,0.25,1.0,1.7349672317504883,0.5641065239906311
749,80,gaussian,1,44,0.359375,0.375,0.4791666666666667,1.0,0.3945642113685608,0.13646355271339417
750,80,gaussian,1,44,0.21875,0.484375,0.2916666666666667,1.0,0.6050999164581299,0.18754702806472778
751,80,gaussian,1,44,0.375,0.34375,0.5,1.0,2.328212261199951,0.8105415105819702
752,80,gaussian,1,44,0.421875,0.4375,0.5625,1.0,0.8467050790786743,0.281965047121048
753,80,gaussian,1,44,0.21875,0.4375,0.2916666666666667,1.0,0.7893785238265991,0.251029908657074
754,80,gaussian,1,44,0.296875,0.421875,0.3958333333333333,1.0,0.4801904261112213,0.1683235764503479
755,80,gaussian,1,44,0.25,0.4375,0.3333333333333333,1.0,0.3743704557418823,0.11933092027902603
756,80,gaussian,1,44,0.203125,0.421875,0.2708333333333333,1.0,0.9086387157440186,0.3424222767353058
757,80,gaussian,1,44,0.265625,0.125,0.3541666666666667,1.0,2.759237051010132,0.9765546917915344
758,80,gaussian,1,44,0.21875,0.34375,0.2916666666666667,1.0,2.8518877029418945,0.863015353679657
759,80,gaussian,1,44,0.40625,0.4375,0.5416666666666666,1.0,1.1154009103775024,0.384194016456604
760,80,gaussian,1,44,0.265625,0.46875,0.3541666666666667,1.0,1.4351621866226196,0.4431995749473572
761,80,gaussian,1,44,0.21875,0.453125,0.2916666666666667,1.0,2.992602825164795,1.0341904163360596
762,80,gaussian,1,44,0.34375,0.46875,0.4583333333333333,1.0,1.5302512645721436,0.5121752619743347
763,80,gaussian,1,44,0.203125,0.453125,0.2708333333333333,1.0,0.9797571897506714,0.3412328064441681
764,80,gaussian,1,44,0.28125,0.40625,0.375,1.0,0.6937048435211182,0.22880230844020844
765,80,gaussian,1,44,0.3125,0.421875,0.4166666666666667,1.0,3.324634552001953,1.1258662939071655
766,80,gaussian,1,44,0.25,0.4375,0.3333333333333333,1.0,3.3722238540649414,1.133502721786499
767,80,gaussian,1,44,0.25,0.421875,0.3333333333333333,1.0,0.6487184166908264,0.21783654391765594
768,80,gaussian,1,44,0.484375,0.4375,0.6458333333333334,1.0,1.2424811124801636,0.4242331087589264
769,80,gaussian,1,44,0.28125,0.4375,0.375,1.0,1.1306729316711426,0.36715319752693176
770,80,gaussian,1,44,0.21875,0.4375,0.2916666666666667,1.0,1.966342806816101,0.5793584585189819
771,80,gaussian,1,44,0.34375,0.34375,0.6111111111111112,1.0,1.597945213317871,0.4316237270832062
772,80,gaussian,1,44,0.21875,0.4375,0.2916666666666667,1.0,3.2606687545776367,1.0616532564163208
773,80,gaussian,1,44,0.359375,0.359375,0.4791666666666667,1.0,2.328179121017456,0.8138371706008911
774,80,gaussian,1,44,0.21875,0.46875,0.2916666666666667,1.0,1.2162840366363525,0.4111988842487335
775,80,gaussian,1,44,0.171875,0.453125,0.22916666666666666,1.0,0.6421234607696533,0.21969261765480042
776,80,gaussian,1,44,0.171875,0.453125,0.22916666666666666,1.0,0.40914881229400635,0.1409822404384613
777,80,gaussian,1,44,0.34375,0.4375,0.4583333333333333,1.0,0.9739721417427063,0.32748913764953613
778,80,gaussian,1,44,0.234375,0.4375,0.3125,1.0,2.09141206741333,0.7236624360084534
779,80,gaussian,1,44,0.453125,0.34375,0.6041666666666666,1.0,2.941154956817627,0.9469625353813171
780,80,gaussian,1,44,0.3125,0.390625,0.4166666666666667,1.0,1.6666550636291504,0.5743685960769653
781,80,gaussian,1,44,0.21875,0.4375,0.2916666666666667,1.0,3.2577412128448486,1.050101399421692
782,80,gaussian,1,44,0.3125,0.4375,0.4166666666666667,1.0,0.25936049222946167,0.08201586455106735
783,80,gaussian,1,44,0.234375,0.40625,0.3125,1.0,1.5354619026184082,0.4696509540081024
784,80,gaussian,1,44,0.390625,0.359375,0.5208333333333334,1.0,2.9579732418060303,1.069231390953064
785,80,gaussian,1,44,0.3125,0.5,0.4166666666666667,1.0,2.5415542125701904,0.8416869044303894
786,80,gaussian,1,44,0.296875,0.3125,0.3958333333333333,1.0,1.7021530866622925,0.5702084302902222
787,80,gaussian,1,44,0.1875,0.453125,0.25,1.0,1.8553751707077026,0.6675168871879578
788,80,gaussian,1,44,0.171875,0.453125,0.22916666666666666,1.0,0.40830594301223755,0.13854478299617767
789,80,gaussian,1,44,0.25,0.453125,0.3333333333333333,1.0,2.5262064933776855,0.7638977766036987
790,80,gaussian,1,44,0.296875,0.328125,0.3958333333333333,1.0,1.6138801574707031,0.5140677094459534
791,80,gaussian,1,44,0.34375,0.234375,0.4583333333333333,1.0,1.0518747568130493,0.35901379585266113
792,80,gaussian,1,44,0.234375,0.328125,0.3125,1.0,1.5179579257965088,0.4597350060939789
793,80,gaussian,1,44,0.515625,0.15625,0.6875,1.0,0.9794893264770508,0.2998135983943939
794,80,gaussian,1,44,0.3125,0.359375,0.4166666666666667,1.0,3.269623279571533,1.0575950145721436
795,80,gaussian,1,44,0.421875,0.234375,0.5625,1.0,5.178574562072754,1.6691195964813232
796,80,gaussian,1,44,0.375,0.4375,0.5,1.0,0.4160167872905731,0.15166014432907104
797,80,gaussian,1,44,0.203125,0.4375,0.2708333333333333,1.0,2.514087200164795,0.8251384496688843
798,80,gaussian,1,44,0.28125,0.40625,0.375,1.0,1.245522141456604,0.4214119613170624
799,80,gaussian,1,44,0.25,0.40625,0.3333333333333333,1.0,1.0188876390457153,0.35762813687324524
800,80,gaussian,1,44,0.34375,0.46875,0.4583333333333333,1.0,1.530271291732788,0.5166555047035217
801,80,gaussian,1,44,0.4375,0.328125,0.5833333333333334,1.0,0.13596607744693756,0.04203496128320694
802,80,gaussian,1,44,0.234375,0.4375,0.3125,1.0,1.6521527767181396,0.5556217432022095
803,80,gaussian,1,44,0.296875,0.328125,0.3958333333333333,1.0,1.6142075061798096,0.5180044174194336
804,80,gaussian,1,44,0.21875,0.1875,0.2916666666666667,1.0,1.3436133861541748,0.40726932883262634
805,80,gaussian,1,44,0.328125,0.3125,0.4375,1.0,0.953376054763794,0.3428378701210022
806,80,gaussian,1,44,0.203125,0.421875,0.2708333333333333,1.0,0.5999709963798523,0.19739249348640442
807,80,gaussian,1,44,0.21875,0.40625,0.2916666666666667,1.0,4.337612628936768,1.3618414402008057
808,80,gaussian,1,44,0.234375,0.453125,0.3125,1.0,1.0611882209777832,0.36304765939712524
809,80,gaussian,1,44,0.203125,0.21875,0.2708333333333333,1.0,2.398320198059082,0.7002083659172058
810,80,gaussian,1,44,0.234375,0.46875,0.3125,1.0,1.5847913026809692,0.5614084005355835
811,80,gaussian,1,44,0.21875,0.4375,0.2916666666666667,1.0,2.0680594444274902,0.6901800036430359
812,80,gaussian,1,44,0.328125,0.3125,0.4375,1.0,0.9532524943351746,0.3402259349822998
813,80,gaussian,1,44,0.3125,0.1875,0.4166666666666667,1.0,1.6546142101287842,0.5789265036582947
814,80,gaussian,1,44,0.203125,0.484375,0.2708333333333333,1.0,0.9979320168495178,0.3402401804924011
815,80,gaussian,1,44,0.203125,0.46875,0.2708333333333333,1.0,1.558826208114624,0.4865474998950958
816,80,gaussian,1,44,0.1875,0.421875,0.25,1.0,0.4543340802192688,0.15021547675132751
817,80,gaussian,1,44,0.28125,0.421875,0.375,1.0,1.5940814018249512,0.5468354225158691
818,80,gaussian,1,44,0.515625,0.15625,0.6875,1.0,1.4053974151611328,0.42229580879211426
819,80,gaussian,1,44,0.390625,0.34375,0.5208333333333334,1.0,0.746059000492096,0.25104743242263794
820,80,gaussian,1,44,0.25,0.46875,0.3333333333333333,1.0,0.9960495233535767,0.3569076359272003
821,80,gaussian,1,44,0.3125,0.5,0.4166666666666667,1.0,0.21591655910015106,0.06895469129085541
822,80,gaussian,1,44,0.421875,0.375,0.5625,1.0,2.775899648666382,0.9645429253578186
823,80,gaussian,1,44,0.484375,0.34375,0.6458333333333334,1.0,6.774692535400391,2.339682102203369
824,80,gaussian,1,44,0.21875,0.40625,0.2916666666666667,1.0,0.587337851524353,0.1764523983001709
825,80,gaussian,1,44,0.328125,0.296875,0.4375,1.0,6.072194576263428,2.150491714477539
826,80,gaussian,1,44,0.3125,0.40625,0.4166666666666667,1.0,1.6572000980377197,0.5925875306129456
827,80,gaussian,1,44,0.4375,0.328125,0.5833333333333334,1.0,3.0433831214904785,1.048009991645813
828,80,gaussian,1,44,0.234375,0.234375,0.3125,1.0,2.6477038860321045,0.8041043281555176
829,80,gaussian,1,44,0.46875,0.28125,0.625,1.0,1.3106911182403564,0.40833717584609985
830,80,gaussian,1,44,0.21875,0.421875,0.2916666666666667,1.0,2.2100143432617188,0.7167677283287048
831,80,gaussian,1,44,0.421875,0.46875,0.5625,1.0,5.736611366271973,1.969115138053894
832,80,gaussian,1,44,0.359375,0.375,0.4791666666666667,1.0,0.3945450186729431,0.13759693503379822
833,80,gaussian,1,44,0.34375,0.46875,0.4583333333333333,1.0,1.2720712423324585,0.4201609492301941
834,80,gaussian,1,44,0.390625,0.421875,0.5208333333333334,1.0,0.6489765644073486,0.2214626669883728
835,80,gaussian,1,44,0.359375,0.34375,0.4791666666666667,1.0,0.4777059555053711,0.16060799360275269
836,80,gaussian,1,44,0.1875,0.421875,0.25,1.0,1.2585492134094238,0.39941197633743286
837,80,gaussian,1,44,,,,0.0,2.1676807403564453,0.6405867338180542
838,80,gaussian,1,44,0.453125,0.46875,0.6041666666666666,1.0,2.1873035430908203,0.7069482207298279
839,80,gaussian,1,44,0.4375,0.3125,0.5833333333333334,1.0,1.042199730873108,0.33406758308410645
840,80,gaussian,1,44,0.40625,0.46875,0.5416666666666666,1.0,0.3399312198162079,0.11589816212654114
841,80,gaussian,1,44,0.5,0.265625,0.6666666666666666,1.0,3.824408769607544,1.2090946435928345
842,80,gaussian,1,44,0.390625,0.375,0.5208333333333334,1.0,2.9561800956726074,1.076446533203125
843,80,gaussian,1,44,0.484375,0.484375,0.6458333333333334,1.0,0.4836254119873047,0.14944490790367126
844,80,gaussian,1,44,0.3125,0.484375,0.4166666666666667,1.0,2.573906660079956,0.8150270581245422
845,80,gaussian,1,44,0.234375,0.4375,0.3125,1.0,0.7878062725067139,0.24649150669574738
846,80,gaussian,1,44,0.21875,0.453125,0.2916666666666667,1.0,2.1629440784454346,0.7260558009147644
847,80,gaussian,1,44,0.421875,0.390625,0.5625,1.0,2.7725918292999268,0.9650344848632812
848,80,gaussian,1,44,0.25,0.265625,0.3333333333333333,1.0,4.513521194458008,1.403469443321228
849,80,gaussian,1,44,0.265625,0.5,0.3541666666666667,1.0,1.2806730270385742,0.4130091369152069
850,80,gaussian,1,44,0.234375,0.453125,0.3125,1.0,3.377654552459717,1.1460635662078857
851,80,gaussian,1,44,0.484375,0.4375,0.6458333333333334,1.0,1.2423133850097656,0.4303743541240692
852,80,gaussian,1,44,0.390625,0.4375,0.5208333333333334,1.0,1.0112757682800293,0.3613027036190033
853,80,gaussian,1,44,0.234375,0.421875,0.3125,1.0,0.24623771011829376,0.08124853670597076
854,80,gaussian,1,44,0.21875,0.4375,0.2916666666666667,1.0,2.069344997406006,0.684029757976532
855,80,gaussian,1,44,0.296875,0.453125,0.3958333333333333,1.0,1.5606465339660645,0.4947865307331085
856,80,gaussian,1,44,0.25,0.453125,0.3333333333333333,1.0,2.530167818069458,0.7778944969177246
857,80,gaussian,1,44,0.203125,0.4375,0.2708333333333333,1.0,1.3417412042617798,0.4307607412338257
858,80,gaussian,1,44,0.234375,0.40625,0.3125,1.0,1.9870316982269287,0.6171716451644897
859,80,gaussian,1,44,0.296875,0.484375,0.3958333333333333,1.0,1.367297649383545,0.4557803273200989
860,80,gaussian,1,44,0.234375,0.1875,0.3125,1.0,1.5437159538269043,0.4766859710216522
861,80,gaussian,1,44,0.5625,0.46875,0.75,1.0,0.7617589831352234,0.2571490406990051
862,80,gaussian,1,44,0.21875,0.1875,0.45161290322580644,1.0,4.851410865783691,1.4772098064422607
863,80,gaussian,1,44,0.28125,0.453125,0.375,1.0,1.5871624946594238,0.5609039068222046
864,80,gaussian,1,44,0.359375,0.234375,0.4791666666666667,1.0,1.0524150133132935,0.3588350713253021
865,80,gaussian,1,44,0.375,0.421875,0.5,1.0,0.4395129680633545,0.15077178180217743
866,80,gaussian,1,44,,,,0.0,1.6711759567260742,0.5031803846359253
867,80,gaussian,1,44,0.21875,0.21875,0.5833333333333334,1.0,0.885745644569397,0.278039813041687
868,80,gaussian,1,44,0.203125,0.40625,0.2708333333333333,1.0,2.2102203369140625,0.7054213881492615
869,80,gaussian,1,44,0.34375,0.375,0.4583333333333333,1.0,1.1237717866897583,0.38516736030578613
870,80,gaussian,1,44,0.4375,0.484375,0.5833333333333334,1.0,3.555800437927246,1.2745952606201172
871,80,gaussian,1,44,0.21875,0.40625,0.2916666666666667,1.0,4.399025917053223,1.3825480937957764
872,80,gaussian,1,44,0.171875,0.5,0.22916666666666666,1.0,0.6274018287658691,0.18741703033447266
873,80,gaussian,1,44,0.25,0.421875,0.3333333333333333,1.0,1.3001377582550049,0.4233211576938629
874,80,gaussian,1,44,0.46875,0.28125,0.625,1.0,1.3106892108917236,0.4113020598888397
875,80,gaussian,1,44,0.25,0.453125,0.3333333333333333,1.0,2.321821689605713,0.803626298904419
876,80,gaussian,1,44,0.3125,0.46875,0.4166666666666667,1.0,1.366790771484375,0.4491644501686096
877,80,gaussian,1,44,0.328125,0.203125,0.4375,1.0,2.8750202655792236,0.9594489336013794
878,80,gaussian,1,44,0.21875,0.46875,0.2916666666666667,1.0,6.101839065551758,2.0342042446136475
879,80,gaussian,1,44,0.25,0.46875,0.3333333333333333,1.0,0.8456032276153564,0.29679375886917114
880,80,gaussian,1,44,0.53125,0.453125,0.7083333333333334,1.0,0.9066991806030273,0.2789662480354309
881,80,gaussian,1,44,0.15625,0.125,0.5263157894736842,1.0,3.9190621376037598,1.2552896738052368
882,80,gaussian,1,44,0.234375,0.1875,0.3125,1.0,1.5444002151489258,0.4639834761619568
883,80,gaussian,1,44,0.359375,0.40625,0.4791666666666667,1.0,0.7253764867782593,0.24654407799243927
884,80,gaussian,1,44,0.265625,0.421875,0.3541666666666667,1.0,1.4768097400665283,0.4944292902946472
885,80,gaussian,1,44,0.453125,0.5,0.6041666666666666,1.0,2.2754061222076416,0.7797309160232544
886,80,gaussian,1,44,0.265625,0.28125,0.3541666666666667,1.0,1.1182739734649658,0.3434012532234192
887,80,gaussian,1,44,0.234375,0.21875,0.3125,1.0,0.4089992046356201,0.1266062706708908
888,80,gaussian,1,44,0.25,0.46875,0.3333333333333333,1.0,0.9959807395935059,0.35246309638023376
889,80,gaussian,1,44,0.328125,0.34375,0.4375,1.0,4.050023555755615,1.3663400411605835
890,80,gaussian,1,44,0.296875,0.5,0.3958333333333333,1.0,0.4877544045448303,0.14638544619083405
891,80,gaussian,1,44,0.21875,0.234375,0.2916666666666667,1.0,0.16437549889087677,0.04703769087791443
892,80,gaussian,1,44,0.46875,0.5,0.625,1.0,1.2047375440597534,0.41736677289009094
893,80,gaussian,1,44,0.28125,0.3125,0.375,1.0,2.0624897480010986,0.6552553772926331
894,80,gaussian,1,44,0.1875,0.4375,0.25,1.0,1.2990243434906006,0.4175940155982971
895,80,gaussian,1,44,0.234375,0.46875,0.3125,1.0,2.093039035797119,0.6184395551681519
896,80,gaussian,1,44,0.25,0.40625,0.3333333333333333,1.0,0.24672254920005798,0.08194119483232498
897,80,gaussian,1,44,0.265625,0.421875,0.3541666666666667,1.0,2.9872219562530518,1.0017105340957642
898,80,gaussian,1,44,0.40625,0.4375,0.5416666666666666,1.0,0.692044198513031,0.24077507853507996
899,80,gaussian,1,44,0.546875,0.484375,0.7291666666666666,1.0,0.7645514607429504,0.2596821188926697
900,80,gaussian,1,44,0.453125,0.484375,0.6041666666666666,1.0,4.112809181213379,1.311907172203064
901,80,gaussian,1,44,0.265625,0.421875,0.3541666666666667,1.0,1.1067085266113281,0.3585253953933716
902,80,gaussian,1,44,0.4375,0.1875,0.5833333333333334,1.0,2.7411575317382812,0.8684000968933105
903,80,gaussian,1,44,0.1875,0.4375,0.25,1.0,1.728238582611084,0.5728852152824402
904,80,gaussian,1,44,0.3125,0.46875,0.4166666666666667,1.0,2.5830745697021484,0.8095593452453613
905,80,gaussian,1,44,0.265625,0.46875,0.3541666666666667,1.0,3.655334949493408,1.1013169288635254
906,80,gaussian,1,44,0.21875,0.5,0.2916666666666667,1.0,4.457582950592041,1.3946781158447266
907,80,gaussian,1,44,0.4375,0.484375,0.5833333333333334,1.0,1.577583909034729,0.5109281539916992
908,80,gaussian,1,44,0.265625,0.421875,0.3541666666666667,1.0,1.4787390232086182,0.4921231269836426
909,80,gaussian,1,44,0.40625,0.34375,0.5416666666666666,1.0,3.2480902671813965,1.1925644874572754
910,80,gaussian,1,44,0.1875,0.453125,0.25,1.0,1.9898269176483154,0.6251741647720337
911,80,gaussian,1,44,0.21875,0.46875,0.2916666666666667,1.0,2.1092638969421387,0.7207505702972412
912,80,gaussian,1,44,0.40625,0.46875,0.5416666666666666,1.0,0.6671379804611206,0.2215135395526886
913,80,gaussian,1,44,0.234375,0.453125,0.3125,1.0,1.6987247467041016,0.5661844611167908
914,80,gaussian,1,44,0.46875,0.46875,0.625,1.0,0.882352352142334,0.271942675113678
915,80,gaussian,1,44,0.3125,0.328125,0.4166666666666667,1.0,2.037198543548584,0.6806482672691345
916,80,gaussian,1,44,0.1875,0.421875,0.25,1.0,0.4535104036331177,0.15127459168434143
917,80,gaussian,1,44,0.234375,0.453125,0.3125,1.0,1.0629738569259644,0.3600390553474426
918,80,gaussian,1,44,0.46875,0.34375,0.625,1.0,6.769922256469727,2.3484482765197754
919,80,gaussian,1,44,0.234375,0.234375,0.3125,1.0,2.6474502086639404,0.8022652864456177
920,80,gaussian,1,44,0.21875,0.46875,0.2916666666666667,1.0,2.1130800247192383,0.7221904397010803
921,80,gaussian,1,44,0.4375,0.1875,0.5833333333333334,1.0,2.5977230072021484,0.8168949484825134
922,80,gaussian,1,44,0.21875,0.390625,0.2916666666666667,1.0,5.082806587219238,1.5933510065078735
923,80,gaussian,1,44,0.25,0.3125,0.3333333333333333,1.0,0.9654068946838379,0.34272587299346924
924,80,gaussian,1,44,0.453125,0.5,0.6041666666666666,1.0,1.5742510557174683,0.5019373297691345
925,80,gaussian,1,44,0.296875,0.421875,0.3958333333333333,1.0,6.550994873046875,2.0750157833099365
926,80,gaussian,1,44,0.265625,0.515625,0.3541666666666667,1.0,0.5776327848434448,0.19023291766643524
927,80,gaussian,1,44,0.265625,0.515625,0.3541666666666667,1.0,0.5769414901733398,0.19449663162231445
928,80,gaussian,1,44,0.234375,0.453125,0.3125,1.0,1.6993725299835205,0.5565236806869507
929,80,gaussian,1,44,0.328125,0.359375,0.4375,1.0,0.6388416290283203,0.23418360948562622
930,80,gaussian,1,44,0.25,0.5,0.3333333333333333,1.0,1.8322820663452148,0.6357149481773376
931,80,gaussian,1,44,0.25,0.46875,0.3333333333333333,1.0,1.337117314338684,0.47070008516311646
932,80,gaussian,1,44,0.3125,0.296875,0.4166666666666667,1.0,0.6111401319503784,0.19576726853847504
933,80,gaussian,1,44,0.1875,0.46875,0.25,1.0,1.3463866710662842,0.43092843890190125
934,80,gaussian,1,44,0.34375,0.328125,0.4583333333333333,1.0,1.0836442708969116,0.37672629952430725
935,80,gaussian,1,44,0.4375,0.375,0.5833333333333334,1.0,1.0927306413650513,0.3799101412296295
936,80,gaussian,1,44,0.296875,0.421875,0.3958333333333333,1.0,1.544581413269043,0.49283987283706665
937,80,gaussian,1,44,0.296875,0.5,0.3958333333333333,1.0,1.3679490089416504,0.4583527147769928
938,80,gaussian,1,44,0.46875,0.421875,0.625,1.0,2.5434255599975586,0.8376744985580444
939,80,gaussian,1,44,0.265625,0.390625,0.3541666666666667,1.0,2.676377773284912,0.9056860208511353
940,80,gaussian,1,44,0.34375,0.171875,0.4583333333333333,1.0,0.11710242927074432,0.04288871958851814
941,80,gaussian,1,44,0.25,0.40625,0.3333333333333333,1.0,0.6605241298675537,0.20528845489025116
942,80,gaussian,1,44,0.265625,0.5,0.3541666666666667,1.0,1.2795989513397217,0.4147772490978241
943,80,gaussian,1,44,0.21875,0.46875,0.2916666666666667,1.0,1.5557786226272583,0.476529061794281
944,80,gaussian,1,44,0.3125,0.390625,0.4166666666666667,1.0,3.3095006942749023,1.1252110004425049
945,80,gaussian,1,44,0.4375,0.46875,0.5833333333333334,1.0,2.2838873863220215,0.7787572145462036
946,80,gaussian,1,44,0.5,0.453125,0.6666666666666666,1.0,2.4945127964019775,0.8619343042373657
947,80,gaussian,1,44,0.125,0.125,0.4,1.0,0.7468090653419495,0.21675607562065125
948,80,gaussian,1,44,0.1875,0.453125,0.25,1.0,1.9905681610107422,0.6242581605911255
949,80,gaussian,1,44,0.296875,0.328125,0.3958333333333333,1.0,1.6145433187484741,0.5095693469047546
950,80,gaussian,1,44,0.421875,0.4375,0.5625,1.0,0.6916624307632446,0.23920701444149017
951,80,gaussian,1,44,0.3125,0.453125,0.4166666666666667,1.0,0.996756911277771,0.3401934802532196
952,80,gaussian,1,44,0.390625,0.4375,0.5208333333333334,1.0,0.8007739782333374,0.2695620656013489
953,80,gaussian,1,44,0.296875,0.453125,0.3958333333333333,1.0,0.3740495443344116,0.12276214361190796
954,80,gaussian,1,44,0.171875,0.4375,0.22916666666666666,1.0,3.3202567100524902,1.0929352045059204
955,80,gaussian,1,44,0.28125,0.28125,0.375,1.0,1.1888971328735352,0.3784230351448059
956,80,gaussian,1,44,0.515625,0.421875,0.6875,1.0,3.0912280082702637,1.0052478313446045
957,80,gaussian,1,44,0.25,0.28125,0.3333333333333333,1.0,0.9981831908226013,0.29716479778289795
958,80,gaussian,1,44,0.265625,0.421875,0.3541666666666667,1.0,5.172643661499023,1.7811815738677979
959,80,gaussian,1,44,0.40625,0.4375,0.5416666666666666,1.0,0.683988094329834,0.23741517961025238
960,80,gaussian,1,44,0.484375,0.515625,0.6458333333333334,1.0,0.8135910034179688,0.26390600204467773
961,80,gaussian,1,44,0.3125,0.28125,0.4166666666666667,1.0,2.2895846366882324,0.7534253597259521
962,80,gaussian,1,44,0.3125,0.34375,0.4166666666666667,1.0,1.1249321699142456,0.36532098054885864
963,80,gaussian,1,44,0.21875,0.390625,0.2916666666666667,1.0,5.081219673156738,1.6108561754226685
964,80,gaussian,1,44,0.25,0.234375,0.3333333333333333,1.0,3.7899274826049805,1.1731129884719849
965,80,gaussian,1,44,0.203125,0.453125,0.2708333333333333,1.0,0.978392481803894,0.3414510488510132
966,80,gaussian,1,44,0.296875,0.1875,0.3958333333333333,1.0,1.6523821353912354,0.580163300037384
967,80,gaussian,1,44,0.171875,0.171875,0.4230769230769231,1.0,1.1551519632339478,0.3321741819381714
968,80,gaussian,1,44,0.203125,0.421875,0.2708333333333333,1.0,1.0649333000183105,0.3643852770328522
969,80,gaussian,1,44,0.265625,0.421875,0.3541666666666667,1.0,1.107127070426941,0.3606439530849457
970,80,gaussian,1,44,0.171875,0.453125,0.22916666666666666,1.0,0.6405940055847168,0.22145019471645355
971,80,gaussian,1,44,0.5,0.453125,0.6666666666666666,1.0,2.494015693664551,0.8618469834327698
972,80,gaussian,1,44,0.21875,0.46875,0.2916666666666667,1.0,6.1017608642578125,2.008671760559082
973,80,gaussian,1,44,0.453125,0.203125,0.6041666666666666,1.0,2.732481002807617,0.8791589140892029
974,80,gaussian,1,44,0.3125,0.328125,0.4166666666666667,1.0,2.0357375144958496,0.6867126226425171
975,80,gaussian,1,44,0.1875,0.421875,0.25,1.0,1.1142172813415527,0.37276867032051086
976,80,gaussian,1,44,0.359375,0.359375,0.4791666666666667,1.0,1.5376205444335938,0.4904593825340271
977,80,gaussian,1,44,0.3125,0.3125,0.4166666666666667,1.0,1.073599934577942,0.3478550910949707
978,80,gaussian,1,44,0.203125,0.421875,0.2708333333333333,1.0,6.204486846923828,2.009194850921631
979,80,gaussian,1,44,0.1875,0.515625,0.25,1.0,1.336763620376587,0.4449155628681183
980,80,gaussian,1,44,0.265625,0.21875,0.3541666666666667,1.0,0.5215866565704346,0.19167757034301758
981,80,gaussian,1,44,0.390625,0.421875,0.5208333333333334,1.0,0.6485914587974548,0.22501365840435028
982,80,gaussian,1,44,0.359375,0.453125,0.4791666666666667,1.0,0.9732537865638733,0.32719963788986206
983,80,gaussian,1,44,0.3125,0.359375,0.4166666666666667,1.0,3.2693541049957275,1.0680896043777466
984,80,gaussian,1,44,0.40625,0.453125,0.5416666666666666,1.0,8.382291793823242,2.688342809677124
985,80,gaussian,1,44,0.140625,0.109375,0.47368421052631576,1.0,1.2369247674942017,0.38668733835220337
986,80,gaussian,1,44,0.265625,0.421875,0.3541666666666667,1.0,0.6485360860824585,0.21808265149593353
987,80,gaussian,1,44,0.203125,0.484375,0.2708333333333333,1.0,0.8865809440612793,0.29589027166366577
988,80,gaussian,1,44,0.234375,0.4375,0.3125,1.0,1.806471347808838,0.6119494438171387
989,80,gaussian,1,44,0.21875,0.46875,0.2916666666666667,1.0,2.704345703125,0.8889693021774292
990,80,gaussian,1,44,0.265625,0.453125,0.3541666666666667,1.0,0.7814068794250488,0.25784412026405334
991,80,gaussian,1,44,0.234375,0.4375,0.3125,1.0,2.091641664505005,0.7125393748283386
992,80,gaussian,1,44,0.171875,0.453125,0.22916666666666666,1.0,0.4090840220451355,0.1389770656824112
993,80,gaussian,1,44,0.484375,0.5,0.6458333333333334,1.0,0.9452396631240845,0.31756171584129333
994,80,gaussian,1,44,0.453125,0.5,0.6041666666666666,1.0,2.2755205631256104,0.7745035886764526
995,80,gaussian,1,44,0.640625,0.0625,0.8541666666666666,1.0,1.6226366758346558,0.42175519466400146
996,80,gaussian,1,44,0.1875,0.4375,0.25,1.0,2.331179141998291,0.7628733515739441
997,80,gaussian,1,44,0.3125,0.484375,0.4166666666666667,1.0,2.534703254699707,0.8573369979858398
998,80,gaussian,1,44,0.328125,0.34375,0.4375,1.0,4.046820163726807,1.3711504936218262
999,80,gaussian,1,44,0.234375,0.375,0.3125,1.0,1.6732099056243896,0.5153737664222717
0,120,gaussian,1,44,0.25,0.28125,0.5,1.0,1.0144991874694824,0.3516086935997009
1,120,gaussian,1,44,0.15625,0.234375,0.3125,1.0,0.5408782958984375,0.17374804615974426
2,120,gaussian,1,44,0.25,0.21875,0.5,1.0,1.4331109523773193,0.48263585567474365
3,120,gaussian,1,44,0.125,0.296875,0.25,1.0,2.1287028789520264,0.7478921413421631
4,120,gaussian,1,44,0.28125,0.3125,0.5625,1.0,3.0729176998138428,0.9555655717849731
5,120,gaussian,1,44,0.140625,0.296875,0.28125,1.0,0.9670314192771912,0.33939504623413086
6,120,gaussian,1,44,0.34375,0.3125,0.6875,1.0,2.2133443355560303,0.7215526700019836
7,120,gaussian,1,44,0.171875,0.25,0.34375,1.0,4.320277690887451,1.3854387998580933
8,120,gaussian,1,44,0.3125,0.328125,0.625,1.0,2.661350727081299,0.8698555827140808
9,120,gaussian,1,44,0.265625,0.28125,0.53125,1.0,0.2548868656158447,0.08843197673559189
10,120,gaussian,1,44,0.15625,0.296875,0.3125,1.0,0.6338177919387817,0.2089425027370453
11,120,gaussian,1,44,0.125,0.296875,0.25,1.0,1.261681318283081,0.42354270815849304
12,120,gaussian,1,44,0.296875,0.265625,0.59375,1.0,6.8310160636901855,2.1651930809020996
13,120,gaussian,1,44,0.171875,0.28125,0.34375,1.0,0.6815325021743774,0.22119741141796112
14,120,gaussian,1,44,0.140625,0.3125,0.28125,1.0,4.062536239624023,1.2538644075393677
15,120,gaussian,1,44,0.203125,0.296875,0.40625,1.0,6.410337924957275,2.317805767059326
16,120,gaussian,1,44,0.15625,0.265625,0.3125,1.0,1.7335455417633057,0.5816274285316467
17,120,gaussian,1,44,0.25,0.265625,0.5,1.0,0.7247982621192932,0.24549369513988495
18,120,gaussian,1,44,0.203125,0.265625,0.40625,1.0,3.326253652572632,1.1142836809158325
19,120,gaussian,1,44,0.28125,0.296875,0.5625,1.0,0.6417402625083923,0.22473908960819244
20,120,gaussian,1,44,0.125,0.28125,0.25,1.0,2.3258347511291504,0.7557627558708191
21,120,gaussian,1,44,0.171875,0.3125,0.34375,1.0,2.2051572799682617,0.7335115671157837
22,120,gaussian,1,44,0.171875,0.171875,0.34375,1.0,1.1202397346496582,0.3426576554775238
23,120,gaussian,1,44,0.15625,0.28125,0.3125,1.0,5.008418083190918,1.6939834356307983
24,120,gaussian,1,44,0.125,0.3125,0.25,1.0,1.3457311391830444,0.42714598774909973
25,120,gaussian,1,44,0.359375,0.15625,0.71875,1.0,0.8835635781288147,0.2810325622558594
26,120,gaussian,1,44,0.265625,0.265625,0.53125,1.0,1.1212210655212402,0.3784044682979584
27,120,gaussian,1,44,0.140625,0.28125,0.28125,1.0,2.5187466144561768,0.8252277374267578
28,120,gaussian,1,44,0.34375,0.3125,0.6875,1.0,0.7105029821395874,0.2540087103843689
29,120,gaussian,1,44,0.171875,0.203125,0.34375,1.0,2.148233413696289,0.6833861470222473
30,120,gaussian,1,44,0.34375,0.265625,0.6875,1.0,3.0914559364318848,0.994309663772583
31,120,gaussian,1,44,0.140625,0.3125,0.28125,1.0,1.5496742725372314,0.4894073009490967
32,120,gaussian,1,44,0.125,0.109375,0.25,1.0,1.5248353481292725,0.4493439793586731
33,120,gaussian,1,44,0.25,0.21875,0.5,1.0,2.329993724822998,0.8156629204750061
34,120,gaussian,1,44,0.171875,0.1875,0.34375,1.0,3.886484146118164,1.2560795545578003
35,120,gaussian,1,44,0.125,0.296875,0.25,1.0,2.6664302349090576,0.8868424296379089
36,120,gaussian,1,44,0.125,0.28125,0.25,1.0,2.0603878498077393,0.6823208928108215
37,120,gaussian,1,44,0.265625,0.28125,0.53125,1.0,3.722372531890869,1.2777098417282104
38,120,gaussian,1,44,0.34375,0.296875,0.6875,1.0,2.2168710231781006,0.7215526700019836
39,120,gaussian,1,44,0.203125,0.296875,0.40625,1.0,2.9612369537353516,1.0053991079330444
40,120,gaussian,1,44,0.15625,0.296875,0.3125,1.0,1.1468908786773682,0.40454134345054626
41,120,gaussian,1,44,0.15625,0.15625,0.3125,1.0,3.9408953189849854,1.1794668436050415
42,120,gaussian,1,44,0.109375,0.28125,0.21875,1.0,1.8158187866210938,0.6433864831924438
43,120,gaussian,1,44,0.140625,0.28125,0.28125,1.0,2.2044191360473633,0.7111892104148865
44,120,gaussian,1,44,0.125,0.296875,0.25,1.0,0.9728215932846069,0.3407631516456604
45,120,gaussian,1,44,0.171875,0.3125,0.34375,1.0,0.8413265347480774,0.297735333442688
46,120,gaussian,1,44,0.140625,0.265625,0.28125,1.0,0.5979178547859192,0.19633041322231293
47,120,gaussian,1,44,0.28125,0.265625,0.5625,1.0,3.484351634979248,1.2590175867080688
48,120,gaussian,1,44,0.203125,0.296875,0.40625,1.0,2.9708786010742188,1.0053991079330444
49,120,gaussian,1,44,0.25,0.171875,0.5,1.0,1.024568796157837,0.357885479927063
50,120,gaussian,1,44,0.234375,0.265625,0.46875,1.0,0.7236891984939575,0.24549369513988495
51,120,gaussian,1,44,0.15625,0.28125,0.3125,1.0,2.858733892440796,0.9518041014671326
52,120,gaussian,1,44,0.15625,0.296875,0.3125,1.0,2.0880298614501953,0.7192129492759705
53,120,gaussian,1,44,0.21875,0.125,0.4375,1.0,2.8764209747314453,0.9541831016540527
54,120,gaussian,1,44,0.21875,0.21875,0.4375,1.0,2.4322664737701416,0.8317863345146179
55,120,gaussian,1,44,0.171875,0.28125,0.34375,1.0,3.3672618865966797,1.124687910079956
56,120,gaussian,1,44,0.171875,0.28125,0.34375,1.0,0.9524921774864197,0.3232264220714569
57,120,gaussian,1,44,0.328125,0.171875,0.65625,1.0,4.845800399780273,1.4879249334335327
58,120,gaussian,1,44,0.203125,0.296875,0.40625,1.0,0.9960688948631287,0.3395322859287262
59,120,gaussian,1,44,0.21875,0.265625,0.4375,1.0,3.3041727542877197,1.1142836809158325
60,120,gaussian,1,44,0.125,0.296875,0.25,1.0,2.129373073577881,0.7477774024009705
61,120,gaussian,1,44,0.1875,0.1875,0.375,1.0,1.1136116981506348,0.3426576554775238
62,120,gaussian,1,44,0.1875,0.3125,0.375,1.0,2.2276830673217773,0.6943051815032959
63,120,gaussian,1,44,0.140625,0.265625,0.28125,1.0,1.4850801229476929,0.4570489525794983
64,120,gaussian,1,44,0.359375,0.296875,0.71875,1.0,2.213696241378784,0.7215526700019836
65,120,gaussian,1,44,0.171875,0.265625,0.34375,1.0,2.670474052429199,0.906391978263855
66,120,gaussian,1,44,0.125,0.234375,0.25,1.0,1.5266172885894775,0.4551909863948822
67,120,gaussian,1,44,0.171875,0.28125,0.34375,1.0,0.7765992879867554,0.2502507269382477
68,120,gaussian,1,44,0.140625,0.296875,0.28125,1.0,3.4653992652893066,1.132073998451233
69,120,gaussian,1,44,0.265625,0.3125,0.53125,1.0,1.0605727434158325,0.35579797625541687
70,120,gaussian,1,44,0.125,0.296875,0.25,1.0,1.9793014526367188,0.6326796412467957
71,120,gaussian,1,44,0.234375,0.171875,0.46875,1.0,0.890934944152832,0.3588749170303345
72,120,gaussian,1,44,0.234375,0.125,0.46875,1.0,2.875054359436035,0.954183042049408
73,120,gaussian,1,44,0.140625,0.3125,0.28125,1.0,1.4223765134811401,0.4594738185405731
74,120,gaussian,1,44,0.34375,0.125,0.6875,1.0,3.9170684814453125,1.2443922758102417
75,120,gaussian,1,44,0.140625,0.296875,0.28125,1.0,1.4641859531402588,0.4728105962276459
76,120,gaussian,1,44,0.171875,0.171875,0.34375,1.0,2.6043128967285156,0.881791353225708
77,120,gaussian,1,44,0.171875,0.140625,0.34375,1.0,0.5265152454376221,0.19282180070877075
78,120,gaussian,1,44,0.1875,0.15625,0.375,1.0,3.9314253330230713,1.329843521118164
79,120,gaussian,1,44,0.28125,0.28125,0.5625,1.0,6.208771705627441,2.0629372596740723
80,120,gaussian,1,44,0.15625,0.28125,0.3125,1.0,3.4853811264038086,1.132073998451233
81,120,gaussian,1,44,0.171875,0.296875,0.34375,1.0,0.9048243761062622,0.31607916951179504
82,120,gaussian,1,44,0.125,0.078125,0.25,1.0,1.1470311880111694,0.32903119921684265
83,120,gaussian,1,44,0.125,0.3125,0.25,1.0,0.8829103708267212,0.29389268159866333
84,120,gaussian,1,44,0.234375,0.21875,0.46875,1.0,3.3402323722839355,1.1407109498977661
85,120,gaussian,1,44,0.171875,0.328125,0.34375,1.0,1.2719029188156128,0.4110652208328247
86,120,gaussian,1,44,0.265625,0.296875,0.53125,1.0,1.1151702404022217,0.38703545928001404
87,120,gaussian,1,44,0.171875,0.234375,0.34375,1.0,1.7683719396591187,0.5693441033363342
88,120,gaussian,1,44,0.25,0.203125,0.5,1.0,0.4080444276332855,0.14545348286628723
89,120,gaussian,1,44,0.28125,0.296875,0.5625,1.0,1.4195473194122314,0.446934312582016
90,120,gaussian,1,44,0.140625,0.296875,0.28125,1.0,0.787298321723938,0.2479552924633026
91,120,gaussian,1,44,0.203125,0.265625,0.40625,1.0,3.325263500213623,1.1142836809158325
92,120,gaussian,1,44,0.328125,0.234375,0.65625,1.0,15.204754829406738,4.8906354904174805
93,120,gaussian,1,44,0.125,0.109375,0.25,1.0,1.5224149227142334,0.4493439793586731
94,120,gaussian,1,44,0.140625,0.265625,0.28125,1.0,0.5870086550712585,0.17396937310695648
95,120,gaussian,1,44,0.171875,0.203125,0.34375,1.0,5.1572065353393555,1.6895873546600342
96,120,gaussian,1,44,0.203125,0.15625,0.40625,1.0,3.915668487548828,1.329843521118164
97,120,gaussian,1,44,0.203125,0.3125,0.40625,1.0,1.3665096759796143,0.45219579339027405
98,120,gaussian,1,44,0.359375,0.140625,0.71875,1.0,0.8715697526931763,0.2513788938522339
99,120,gaussian,1,44,0.171875,0.078125,0.34375,1.0,5.43411922454834,1.7449796199798584
100,120,gaussian,1,44,0.140625,0.296875,0.28125,1.0,1.0786399841308594,0.35915425419807434
101,120,gaussian,1,44,0.140625,0.203125,0.28125,1.0,1.773650884628296,0.5301382541656494
102,120,gaussian,1,44,0.265625,0.28125,0.53125,1.0,0.4420980215072632,0.15965035557746887
103,120,gaussian,1,44,0.21875,0.140625,0.4375,1.0,2.8621463775634766,0.9541831016540527
104,120,gaussian,1,44,0.3125,0.3125,0.625,1.0,1.197877049446106,0.41919252276420593
105,120,gaussian,1,44,0.25,0.203125,0.5,1.0,0.4080386757850647,0.14545348286628723
106,120,gaussian,1,44,0.140625,0.25,0.28125,1.0,1.096752405166626,0.3584064245223999
107,120,gaussian,1,44,0.21875,0.3125,0.4375,1.0,0.7453824281692505,0.2489704042673111
108,120,gaussian,1,44,0.15625,0.28125,0.3125,1.0,1.8060413599014282,0.6145297884941101
109,120,gaussian,1,44,0.234375,0.265625,0.46875,1.0,0.7236858606338501,0.24549369513988495
110,120,gaussian,1,44,0.171875,0.296875,0.34375,1.0,0.4573829174041748,0.15517883002758026
111,120,gaussian,1,44,0.140625,0.328125,0.28125,1.0,1.074938416481018,0.3530712425708771
112,120,gaussian,1,44,0.140625,0.3125,0.28125,1.0,1.422605276107788,0.4594738185405731
113,120,gaussian,1,44,0.25,0.234375,0.5,1.0,1.4296789169311523,0.48263585567474365
114,120,gaussian,1,44,0.125,0.28125,0.25,1.0,2.0571129322052,0.6823208332061768
115,120,gaussian,1,44,0.234375,0.296875,0.46875,1.0,0.974316418170929,0.32987305521965027
116,120,gaussian,1,44,0.28125,0.28125,0.5625,1.0,0.8437473177909851,0.2849869132041931
117,120,gaussian,1,44,0.125,0.28125,0.25,1.0,2.9567277431488037,0.9879330396652222
118,120,gaussian,1,44,0.140625,0.28125,0.28125,1.0,2.6004445552825928,0.867691695690155
119,120,gaussian,1,44,0.25,0.234375,0.5,1.0,2.274214744567871,0.775098979473114
120,120,gaussian,1,44,0.140625,0.28125,0.28125,1.0,2.4203829765319824,0.7798636555671692
121,120,gaussian,1,44,0.15625,0.15625,0.3125,1.0,0.16387932002544403,0.04736306890845299
122,120,gaussian,1,44,0.3125,0.28125,0.625,1.0,2.9894301891326904,1.0942633152008057
123,120,gaussian,1,44,0.140625,0.296875,0.28125,1.0,0.9616119861602783,0.33939507603645325
124,120,gaussian,1,44,0.265625,0.296875,0.53125,1.0,2.5642127990722656,0.9514796733856201
125,120,gaussian,1,44,0.28125,0.3125,0.5625,1.0,0.6657829284667969,0.22425968945026398
126,120,gaussian,1,44,0.25,0.3125,0.5,1.0,1.2654955387115479,0.41800767183303833
127,120,gaussian,1,44,0.296875,0.203125,0.59375,1.0,1.0369616746902466,0.32954296469688416
128,120,gaussian,1,44,0.1875,0.3125,0.375,1.0,2.4567413330078125,0.7464252710342407
129,120,gaussian,1,44,0.21875,0.234375,0.4375,1.0,0.9070320129394531,0.29741325974464417
130,120,gaussian,1,44,0.171875,0.28125,0.34375,1.0,0.4649716317653656,0.14917464554309845
131,120,gaussian,1,44,0.171875,0.28125,0.34375,1.0,2.8486695289611816,0.9518041014671326
132,120,gaussian,1,44,0.21875,0.234375,0.4375,1.0,3.2587382793426514,1.0559587478637695
133,120,gaussian,1,44,0.15625,0.296875,0.3125,1.0,3.476562976837158,1.132073998451233
134,120,gaussian,1,44,0.171875,0.296875,0.34375,1.0,0.9052931070327759,0.31607916951179504
135,120,gaussian,1,44,0.34375,0.296875,0.6875,1.0,2.2144956588745117,0.7215527296066284
136,120,gaussian,1,44,0.125,0.328125,0.25,1.0,1.3269164562225342,0.4414007365703583
137,120,gaussian,1,44,0.265625,0.3125,0.53125,1.0,3.6428818702697754,1.255588173866272
138,120,gaussian,1,44,0.1875,0.296875,0.375,1.0,1.5851433277130127,0.5603403449058533
139,120,gaussian,1,44,0.1875,0.3125,0.375,1.0,3.6520626544952393,1.108033537864685
140,120,gaussian,1,44,0.28125,0.234375,0.5625,1.0,1.5024468898773193,0.4838460385799408
141,120,gaussian,1,44,0.1875,0.171875,0.375,1.0,3.8828883171081543,1.2560794353485107
142,120,gaussian,1,44,0.265625,0.296875,0.53125,1.0,2.561232566833496,0.9514796733856201
143,120,gaussian,1,44,0.296875,0.296875,0.59375,1.0,0.6888272166252136,0.22890017926692963
144,120,gaussian,1,44,0.140625,0.28125,0.28125,1.0,3.254734516143799,1.0514594316482544
145,120,gaussian,1,44,0.328125,0.296875,0.65625,1.0,2.1546876430511475,0.7217497229576111
146,120,gaussian,1,44,0.171875,0.15625,0.34375,1.0,3.7093491554260254,1.158577799797058
147,120,gaussian,1,44,0.34375,0.3125,0.6875,1.0,2.2132599353790283,0.7215526700019836
148,120,gaussian,1,44,0.265625,0.234375,0.53125,1.0,2.955580711364746,1.0764422416687012
149,120,gaussian,1,44,0.328125,0.1875,0.65625,1.0,2.173238515853882,0.6467058658599854
150,120,gaussian,1,44,0.140625,0.296875,0.28125,1.0,1.255581259727478,0.42354270815849304
151,120,gaussian,1,44,0.28125,0.296875,0.5625,1.0,0.6116496324539185,0.19749173521995544
152,120,gaussian,1,44,0.34375,0.140625,0.6875,1.0,0.8816773891448975,0.2810325622558594
153,120,gaussian,1,44,0.15625,0.28125,0.3125,1.0,1.407081127166748,0.47567903995513916
154,120,gaussian,1,44,0.21875,0.109375,0.4375,1.0,0.11678197234869003,0.04371132329106331
155,120,gaussian,1,44,0.328125,0.3125,0.65625,1.0,3.6318416595458984,1.1947077512741089
156,120,gaussian,1,44,0.15625,0.265625,0.3125,1.0,2.0394771099090576,0.6471436023712158
157,120,gaussian,1,44,0.1875,0.265625,0.375,1.0,1.1047314405441284,0.3619183301925659
158,120,gaussian,1,44,0.15625,0.15625,0.3125,1.0,0.4093497395515442,0.12514282763004303
159,120,gaussian,1,44,0.171875,0.125,0.34375,1.0,2.53709077835083,0.826026976108551
160,120,gaussian,1,44,0.171875,0.28125,0.34375,1.0,0.37390995025634766,0.11962015181779861
161,120,gaussian,1,44,0.21875,0.1875,0.4375,1.0,0.6093230247497559,0.1960570216178894
162,120,gaussian,1,44,0.15625,0.28125,0.3125,1.0,0.6359723806381226,0.2089425027370453
163,120,gaussian,1,44,0.15625,0.25,0.3125,1.0,1.887779951095581,0.5861642956733704
164,120,gaussian,1,44,0.1875,0.1875,0.375,1.0,5.171599864959717,1.6895873546600342
165,120,gaussian,1,44,0.125,0.28125,0.25,1.0,3.318199396133423,1.0406773090362549
166,120,gaussian,1,44,0.25,0.15625,0.5,1.0,2.844892978668213,1.034978985786438
167,120,gaussian,1,44,0.171875,0.265625,0.34375,1.0,2.9792823791503906,1.0046526193618774
168,120,gaussian,1,44,0.15625,0.28125,0.3125,1.0,5.010751247406006,1.6939834356307983
169,120,gaussian,1,44,0.265625,0.28125,0.53125,1.0,0.2540934085845947,0.08843199163675308
170,120,gaussian,1,44,0.25,0.28125,0.5,1.0,0.41562461853027344,0.15137258172035217
171,120,gaussian,1,44,0.265625,0.25,0.53125,1.0,2.616074562072754,0.8547807335853577
172,120,gaussian,1,44,0.171875,0.28125,0.34375,1.0,2.2315926551818848,0.7328566908836365
173,120,gaussian,1,44,0.375,0.328125,0.75,1.0,1.892484188079834,0.6209119558334351
174,120,gaussian,1,44,0.140625,0.328125,0.28125,1.0,1.0865437984466553,0.3530712425708771
175,120,gaussian,1,44,0.203125,0.21875,0.40625,1.0,1.7309291362762451,0.5800822973251343
176,120,gaussian,1,44,0.171875,0.3125,0.34375,1.0,2.2148914337158203,0.7335115671157837
177,120,gaussian,1,44,0.15625,0.265625,0.3125,1.0,2.9762320518493652,0.9458302855491638
178,120,gaussian,1,44,0.140625,0.28125,0.28125,1.0,1.916818380355835,0.642183244228363
179,120,gaussian,1,44,0.28125,0.3125,0.5625,1.0,1.7768107652664185,0.581234872341156
180,120,gaussian,1,44,0.25,0.1875,0.5,1.0,4.944934368133545,1.7736482620239258
181,120,gaussian,1,44,0.171875,0.28125,0.34375,1.0,0.6464443802833557,0.21652276813983917
182,120,gaussian,1,44,0.1875,0.328125,0.375,1.0,5.277892112731934,1.5892510414123535
183,120,gaussian,1,44,0.25,0.296875,0.5,1.0,1.0109707117080688,0.3613377809524536
184,120,gaussian,1,44,0.15625,0.296875,0.3125,1.0,0.4647866487503052,0.14917464554309845
185,120,gaussian,1,44,0.265625,0.28125,0.53125,1.0,2.566354751586914,0.9514796137809753
186,120,gaussian,1,44,0.328125,0.328125,0.65625,1.0,0.5935225486755371,0.18930184841156006
187,120,gaussian,1,44,0.109375,0.3125,0.21875,1.0,0.5655722618103027,0.17580732703208923
188,120,gaussian,1,44,0.140625,0.125,0.28125,1.0,1.4235246181488037,0.39355459809303284
189,120,gaussian,1,44,0.21875,0.28125,0.4375,1.0,0.7296984195709229,0.23785224556922913
190,120,gaussian,1,44,0.140625,0.28125,0.28125,1.0,1.0888607501983643,0.3314951956272125
191,120,gaussian,1,44,0.328125,0.328125,0.65625,1.0,1.9709680080413818,0.6561064720153809
192,120,gaussian,1,44,0.296875,0.25,0.59375,1.0,3.9589428901672363,1.3409348726272583
193,120,gaussian,1,44,0.15625,0.1875,0.3125,1.0,0.9676999449729919,0.34201377630233765
194,120,gaussian,1,44,0.171875,0.265625,0.34375,1.0,1.841342806816101,0.6259272694587708
195,120,gaussian,1,44,0.265625,0.25,0.53125,1.0,1.2061073780059814,0.4588533341884613
196,120,gaussian,1,44,0.15625,0.265625,0.3125,1.0,5.074073791503906,1.6055541038513184
197,120,gaussian,1,44,0.1875,0.3125,0.375,1.0,1.79508376121521,0.5762497186660767
198,120,gaussian,1,44,0.125,0.296875,0.25,1.0,1.2120656967163086,0.3910408020019531
199,120,gaussian,1,44,0.171875,0.28125,0.34375,1.0,0.6466262936592102,0.21652276813983917
200,120,gaussian,1,44,0.1875,0.265625,0.375,1.0,1.2431485652923584,0.4218868613243103
201,120,gaussian,1,44,0.234375,0.1875,0.46875,1.0,6.073488235473633,2.1385254859924316
202,120,gaussian,1,44,0.328125,0.21875,0.65625,1.0,15.149679183959961,4.8906354904174805
203,120,gaussian,1,44,0.140625,0.296875,0.28125,1.0,2.5164012908935547,0.8252277374267578
204,120,gaussian,1,44,0.15625,0.265625,0.3125,1.0,2.0370798110961914,0.6471436619758606
205,120,gaussian,1,44,0.140625,0.3125,0.28125,1.0,1.614259958267212,0.5127493143081665
206,120,gaussian,1,44,0.21875,0.21875,0.4375,1.0,2.1403350830078125,0.751731276512146
207,120,gaussian,1,44,0.1875,0.3125,0.375,1.0,0.48582762479782104,0.14776141941547394
208,120,gaussian,1,44,0.25,0.234375,0.5,1.0,0.7436680793762207,0.24860000610351562
209,120,gaussian,1,44,0.125,0.28125,0.25,1.0,1.2589356899261475,0.396025151014328
210,120,gaussian,1,44,0.265625,0.296875,0.53125,1.0,7.1816864013671875,2.38603138923645
211,120,gaussian,1,44,0.1875,0.203125,0.375,1.0,2.0626707077026367,0.6580610871315002
212,120,gaussian,1,44,0.203125,0.203125,0.40625,1.0,1.7032394409179688,0.5638735294342041
213,120,gaussian,1,44,0.25,0.265625,0.5,1.0,1.2931245565414429,0.45391595363616943
214,120,gaussian,1,44,0.15625,0.296875,0.3125,1.0,1.1518030166625977,0.40454134345054626
215,120,gaussian,1,44,0.359375,0.3125,0.71875,1.0,0.4009232223033905,0.14424189925193787
216,120,gaussian,1,44,0.15625,0.28125,0.3125,1.0,1.47230863571167,0.4925076365470886
217,120,gaussian,1,44,0.140625,0.28125,0.28125,1.0,2.42189884185791,0.7798635959625244
218,120,gaussian,1,44,0.28125,0.28125,0.5625,1.0,0.6903169751167297,0.23976504802703857
219,120,gaussian,1,44,0.171875,0.28125,0.34375,1.0,0.5816132426261902,0.198351189494133
220,120,gaussian,1,44,0.140625,0.28125,0.28125,1.0,1.4377020597457886,0.4109717905521393
221,120,gaussian,1,44,0.34375,0.296875,0.6875,1.0,0.9026902318000793,0.28176483511924744
222,120,gaussian,1,44,0.234375,0.296875,0.46875,1.0,2.0466132164001465,0.6698139905929565
223,120,gaussian,1,44,0.1875,0.328125,0.375,1.0,2.459641933441162,0.7464252710342407
224,120,gaussian,1,44,0.125,0.28125,0.25,1.0,0.5998523831367493,0.19633041322231293
225,120,gaussian,1,44,0.15625,0.28125,0.3125,1.0,1.6514698266983032,0.5510165095329285
226,120,gaussian,1,44,0.359375,0.3125,0.71875,1.0,0.7619295716285706,0.2584344148635864
227,120,gaussian,1,44,0.140625,0.28125,0.28125,1.0,3.3156824111938477,1.0406773090362549
228,120,gaussian,1,44,0.140625,0.3125,0.28125,1.0,1.4228603839874268,0.4594738185405731
229,120,gaussian,1,44,0.265625,0.25,0.53125,1.0,1.609121322631836,0.5573310852050781
230,120,gaussian,1,44,0.203125,0.265625,0.40625,1.0,0.48078569769859314,0.16770228743553162
231,120,gaussian,1,44,0.28125,0.265625,0.5625,1.0,3.4817309379577637,1.2590175867080688
232,120,gaussian,1,44,0.296875,0.203125,0.59375,1.0,1.0426735877990723,0.32954296469688416
233,120,gaussian,1,44,0.296875,0.203125,0.59375,1.0,3.0296850204467773,1.053959846496582
234,120,gaussian,1,44,0.375,0.109375,0.75,1.0,0.3388254940509796,0.09121034294366837
235,120,gaussian,1,44,0.171875,0.265625,0.34375,1.0,2.9748926162719727,1.0046526193618774
236,120,gaussian,1,44,0.15625,0.296875,0.3125,1.0,2.0910909175872803,0.6215579509735107
237,120,gaussian,1,44,0.234375,0.28125,0.46875,1.0,0.47833073139190674,0.1638273298740387
238,120,gaussian,1,44,0.15625,0.140625,0.3125,1.0,0.2908931076526642,0.08795788139104843
239,120,gaussian,1,44,0.328125,0.171875,0.65625,1.0,2.664123773574829,0.9446226358413696
240,120,gaussian,1,44,0.15625,0.296875,0.3125,1.0,5.008971214294434,1.6939834356307983
241,120,gaussian,1,44,0.171875,0.234375,0.34375,1.0,1.7621318101882935,0.5693441033363342
242,120,gaussian,1,44,0.21875,0.296875,0.4375,1.0,4.661477088928223,1.6733280420303345
243,120,gaussian,1,44,0.25,0.21875,0.5,1.0,2.29483699798584,0.760219395160675
244,120,gaussian,1,44,0.265625,0.234375,0.53125,1.0,1.0521259307861328,0.3614308536052704
245,120,gaussian,1,44,0.140625,0.296875,0.28125,1.0,1.0708088874816895,0.35915425419807434
246,120,gaussian,1,44,0.328125,0.234375,0.65625,1.0,15.216115951538086,4.8906354904174805
247,120,gaussian,1,44,0.3125,0.328125,0.625,1.0,2.4969499111175537,0.8670839071273804
248,120,gaussian,1,44,0.171875,0.265625,0.34375,1.0,3.9545578956604004,1.2741868495941162
249,120,gaussian,1,44,0.171875,0.3125,0.34375,1.0,1.3383852243423462,0.4696386158466339
250,120,gaussian,1,44,0.25,0.234375,0.5,1.0,4.740664958953857,1.6814554929733276
251,120,gaussian,1,44,0.140625,0.296875,0.28125,1.0,1.4843226671218872,0.48185041546821594
252,120,gaussian,1,44,0.1875,0.234375,0.375,1.0,2.2427124977111816,0.7914089560508728
253,120,gaussian,1,44,0.265625,0.3125,0.53125,1.0,3.644017219543457,1.2555880546569824
254,120,gaussian,1,44,0.234375,0.3125,0.46875,1.0,1.2711387872695923,0.41800767183303833
255,120,gaussian,1,44,0.15625,0.234375,0.3125,1.0,2.833996295928955,0.8512217998504639
256,120,gaussian,1,44,0.140625,0.265625,0.28125,1.0,4.323630332946777,1.3665751218795776
257,120,gaussian,1,44,0.25,0.234375,0.5,1.0,2.95452880859375,1.0764422416687012
258,120,gaussian,1,44,0.1875,0.203125,0.375,1.0,1.6076223850250244,0.51277095079422
259,120,gaussian,1,44,0.140625,0.28125,0.28125,1.0,2.2122530937194824,0.6573672294616699
260,120,gaussian,1,44,0.21875,0.28125,0.4375,1.0,0.7279384136199951,0.23785224556922913
261,120,gaussian,1,44,0.21875,0.296875,0.4375,1.0,0.7315061092376709,0.23785224556922913
262,120,gaussian,1,44,0.125,0.296875,0.25,1.0,2.136003255844116,0.7478921413421631
263,120,gaussian,1,44,0.359375,0.25,0.71875,1.0,4.0618391036987305,1.2652599811553955
264,120,gaussian,1,44,0.3125,0.203125,0.625,1.0,1.3085975646972656,0.40940406918525696
265,120,gaussian,1,44,0.328125,0.1875,0.65625,1.0,3.182404041290283,0.9846563935279846
266,120,gaussian,1,44,0.171875,0.28125,0.34375,1.0,0.5800639390945435,0.198351189494133
267,120,gaussian,1,44,0.171875,0.28125,0.34375,1.0,0.469075083732605,0.1627407819032669
268,120,gaussian,1,44,0.109375,0.25,0.21875,1.0,0.6256252527236938,0.18517933785915375
269,120,gaussian,1,44,0.171875,0.25,0.34375,1.0,4.306602478027344,1.3854387998580933
270,120,gaussian,1,44,0.15625,0.140625,0.3125,1.0,2.242069959640503,0.7233791351318359
271,120,gaussian,1,44,0.15625,0.265625,0.3125,1.0,1.3145979642868042,0.4333727955818176
272,120,gaussian,1,44,0.375,0.328125,0.75,1.0,1.8880971670150757,0.6209119558334351
273,120,gaussian,1,44,0.171875,0.1875,0.34375,1.0,0.9993463158607483,0.2997701168060303
274,120,gaussian,1,44,0.28125,0.3125,0.5625,1.0,1.7766859531402588,0.5812349319458008
275,120,gaussian,1,44,0.3125,0.28125,0.625,1.0,0.9508559107780457,0.306283563375473
276,120,gaussian,1,44,0.15625,0.28125,0.3125,1.0,0.2459055781364441,0.08155831694602966
277,120,gaussian,1,44,0.203125,0.203125,0.40625,1.0,0.6116271615028381,0.1960570067167282
278,120,gaussian,1,44,0.234375,0.25,0.46875,1.0,1.0374503135681152,0.35948023200035095
279,120,gaussian,1,44,0.15625,0.140625,0.3125,1.0,0.4102216958999634,0.12514282763004303
280,120,gaussian,1,44,0.21875,0.3125,0.4375,1.0,0.42897939682006836,0.13988879323005676
281,120,gaussian,1,44,0.15625,0.28125,0.3125,1.0,2.858741283416748,0.9518040418624878
282,120,gaussian,1,44,0.140625,0.296875,0.28125,1.0,3.9148402214050293,1.3691399097442627
283,120,gaussian,1,44,0.359375,0.234375,0.71875,1.0,2.0973925590515137,0.6984643936157227
284,120,gaussian,1,44,0.265625,0.296875,0.53125,1.0,1.3341447114944458,0.4710029363632202
285,120,gaussian,1,44,0.1875,0.1875,0.375,1.0,2.603191614151001,0.8804490566253662
286,120,gaussian,1,44,0.203125,0.21875,0.40625,1.0,1.7280385494232178,0.5800822973251343
287,120,gaussian,1,44,0.328125,0.34375,0.65625,1.0,0.8111611008644104,0.26791107654571533
288,120,gaussian,1,44,0.140625,0.3125,0.28125,1.0,0.9889472126960754,0.3449229300022125
289,120,gaussian,1,44,0.28125,0.25,0.5625,1.0,3.488964557647705,1.2590174674987793
290,120,gaussian,1,44,0.328125,0.140625,0.65625,1.0,1.8096072673797607,0.5941816568374634
291,120,gaussian,1,44,0.265625,0.296875,0.53125,1.0,0.33987218141555786,0.11560230702161789
292,120,gaussian,1,44,0.28125,0.25,0.5625,1.0,3.4832189083099365,1.2590175867080688
293,120,gaussian,1,44,0.21875,0.296875,0.4375,1.0,0.25909626483917236,0.08283542841672897
294,120,gaussian,1,44,0.125,0.28125,0.25,1.0,2.0348339080810547,0.6780808568000793
295,120,gaussian,1,44,0.296875,0.28125,0.59375,1.0,3.0736780166625977,1.064618706703186
296,120,gaussian,1,44,0.171875,0.078125,0.34375,1.0,2.7283124923706055,0.9757277369499207
297,120,gaussian,1,44,0.3125,0.328125,0.625,1.0,1.2021982669830322,0.41919246315956116
298,120,gaussian,1,44,0.203125,0.21875,0.40625,1.0,2.033489227294922,0.6808997392654419
299,120,gaussian,1,44,0.171875,0.15625,0.34375,1.0,1.8467673063278198,0.6200043559074402
300,120,gaussian,1,44,0.21875,0.296875,0.4375,1.0,0.9174280166625977,0.32737624645233154
301,120,gaussian,1,44,0.234375,0.3125,0.46875,1.0,1.2697949409484863,0.41800767183303833
302,120,gaussian,1,44,0.296875,0.25,0.59375,1.0,3.640397071838379,1.3084304332733154
303,120,gaussian,1,44,0.3125,0.3125,0.625,1.0,3.6411192417144775,1.1947077512741089
304,120,gaussian,1,44,0.203125,0.328125,0.40625,1.0,2.539130687713623,0.853732168674469
305,120,gaussian,1,44,0.1875,0.21875,0.375,1.0,2.7955052852630615,0.9312919974327087
306,120,gaussian,1,44,0.28125,0.15625,0.5625,1.0,5.162440776824951,1.6725828647613525
307,120,gaussian,1,44,0.15625,0.28125,0.3125,1.0,0.3730332553386688,0.11962015181779861
308,120,gaussian,1,44,0.1875,0.296875,0.375,1.0,0.37364456057548523,0.12421581894159317
309,120,gaussian,1,44,0.1875,0.265625,0.375,1.0,1.8416004180908203,0.6259272694587708
310,120,gaussian,1,44,0.125,0.28125,0.25,1.0,1.7259031534194946,0.5715391039848328
311,120,gaussian,1,44,0.125,0.234375,0.25,1.0,1.0933865308761597,0.3584064245223999
312,120,gaussian,1,44,0.1875,0.28125,0.375,1.0,2.227909803390503,0.7328567504882812
313,120,gaussian,1,44,0.328125,0.171875,0.65625,1.0,3.817070484161377,1.1939916610717773
314,120,gaussian,1,44,0.234375,0.125,0.46875,1.0,2.871448040008545,0.9541831016540527
315,120,gaussian,1,44,0.234375,0.1875,0.46875,1.0,1.0253573656082153,0.357885479927063
316,120,gaussian,1,44,0.140625,0.296875,0.28125,1.0,2.152799129486084,0.7258647680282593
317,120,gaussian,1,44,0.140625,0.3125,0.28125,1.0,0.605331540107727,0.1897205412387848
318,120,gaussian,1,44,0.375,0.140625,0.75,1.0,3.4275920391082764,1.081043004989624
319,120,gaussian,1,44,0.34375,0.15625,0.6875,1.0,0.6973036527633667,0.20553815364837646
320,120,gaussian,1,44,0.125,0.28125,0.25,1.0,2.9591870307922363,0.9879330396652222
321,120,gaussian,1,44,0.171875,0.296875,0.34375,1.0,1.4713246822357178,0.47676071524620056
322,120,gaussian,1,44,0.171875,0.125,0.34375,1.0,2.234771966934204,0.7233791351318359
323,120,gaussian,1,44,0.359375,0.125,0.71875,1.0,3.4465065002441406,1.081043004989624
324,120,gaussian,1,44,0.265625,0.28125,0.53125,1.0,8.401835441589355,2.9245388507843018
325,120,gaussian,1,44,0.15625,0.203125,0.3125,1.0,0.9559099674224854,0.34201377630233765
326,120,gaussian,1,44,0.359375,0.25,0.71875,1.0,4.042333126068115,1.2652599811553955
327,120,gaussian,1,44,0.1875,0.203125,0.375,1.0,2.982912063598633,1.083630084991455
328,120,gaussian,1,44,0.171875,0.171875,0.34375,1.0,1.0731890201568604,0.3276803195476532
329,120,gaussian,1,44,0.140625,0.3125,0.28125,1.0,4.063590049743652,1.2538644075393677
330,120,gaussian,1,44,0.265625,0.234375,0.53125,1.0,1.0524473190307617,0.3614308536052704
331,120,gaussian,1,44,0.140625,0.328125,0.28125,1.0,0.9954144954681396,0.3449229598045349
332,120,gaussian,1,44,0.234375,0.1875,0.46875,1.0,6.067444801330566,2.1385257244110107
333,120,gaussian,1,44,0.265625,0.25,0.53125,1.0,1.1234290599822998,0.3784044682979584
334,120,gaussian,1,44,0.125,0.3125,0.25,1.0,1.332697868347168,0.42714598774909973
335,120,gaussian,1,44,0.28125,0.296875,0.5625,1.0,1.4185481071472168,0.446934312582016
336,120,gaussian,1,44,0.203125,0.296875,0.40625,1.0,6.412691116333008,2.317805767059326
337,120,gaussian,1,44,0.15625,0.265625,0.3125,1.0,0.659787654876709,0.20631785690784454
338,120,gaussian,1,44,0.328125,0.3125,0.65625,1.0,1.9722414016723633,0.6561064720153809
339,120,gaussian,1,44,0.171875,0.296875,0.34375,1.0,2.6688222885131836,0.931484580039978
340,120,gaussian,1,44,0.15625,0.140625,0.3125,1.0,0.2903808057308197,0.08795788139104843
341,120,gaussian,1,44,0.171875,0.265625,0.34375,1.0,0.628188967704773,0.21381822228431702
342,120,gaussian,1,44,0.375,0.3125,0.75,1.0,0.7616168856620789,0.2584344148635864
343,120,gaussian,1,44,0.25,0.140625,0.5,1.0,1.0590643882751465,0.36701738834381104
344,120,gaussian,1,44,0.296875,0.21875,0.59375,1.0,3.033534049987793,1.053959846496582
345,120,gaussian,1,44,0.1875,0.203125,0.375,1.0,1.6079000234603882,0.5127710103988647
346,120,gaussian,1,44,0.15625,0.296875,0.3125,1.0,1.4688220024108887,0.4925076365470886
347,120,gaussian,1,44,0.109375,0.28125,0.21875,1.0,2.414968490600586,0.7474327087402344
348,120,gaussian,1,44,0.1875,0.265625,0.375,1.0,5.174042224884033,1.7771198749542236
349,120,gaussian,1,44,0.171875,0.1875,0.34375,1.0,0.9967525005340576,0.2997701168060303
350,120,gaussian,1,44,0.15625,0.265625,0.3125,1.0,2.9692981243133545,0.945830225944519
351,120,gaussian,1,44,0.3125,0.328125,0.625,1.0,0.3507845997810364,0.10898494720458984
352,120,gaussian,1,44,0.15625,0.28125,0.3125,1.0,3.3557167053222656,1.1246880292892456
353,120,gaussian,1,44,0.125,0.109375,0.25,1.0,1.4356777667999268,0.39355459809303284
354,120,gaussian,1,44,0.203125,0.328125,0.40625,1.0,0.783484697341919,0.2658153772354126
355,120,gaussian,1,44,0.296875,0.3125,0.59375,1.0,2.2714226245880127,0.7750107049942017
356,120,gaussian,1,44,0.203125,0.28125,0.40625,1.0,3.3200955390930176,1.1142836809158325
357,120,gaussian,1,44,0.125,0.296875,0.25,1.0,1.483445167541504,0.48185041546821594
358,120,gaussian,1,44,0.234375,0.28125,0.46875,1.0,2.571575164794922,0.8924452662467957
359,120,gaussian,1,44,0.328125,0.234375,0.65625,1.0,15.233274459838867,4.8906354904174805
360,120,gaussian,1,44,0.125,0.28125,0.25,1.0,2.5111708641052246,0.8252277374267578
361,120,gaussian,1,44,0.171875,0.28125,0.34375,1.0,0.46849325299263,0.1627407968044281
362,120,gaussian,1,44,0.1875,0.203125,0.375,1.0,0.5708374381065369,0.20059597492218018
363,120,gaussian,1,44,0.203125,0.3125,0.40625,1.0,2.5689516067504883,0.8090972304344177
364,120,gaussian,1,44,0.265625,0.296875,0.53125,1.0,1.331716775894165,0.4710029363632202
365,120,gaussian,1,44,0.203125,0.234375,0.40625,1.0,2.1354923248291016,0.732180118560791
366,120,gaussian,1,44,0.28125,0.234375,0.5625,1.0,1.4976131916046143,0.4838460385799408
367,120,gaussian,1,44,0.203125,0.15625,0.40625,1.0,3.9219112396240234,1.329843521118164
368,120,gaussian,1,44,0.140625,0.265625,0.28125,1.0,1.4877650737762451,0.4570489525794983
369,120,gaussian,1,44,0.15625,0.28125,0.3125,1.0,5.002955913543701,1.6939834356307983
370,120,gaussian,1,44,0.140625,0.28125,0.28125,1.0,2.433292865753174,0.7798635959625244
371,120,gaussian,1,44,0.15625,0.28125,0.3125,1.0,0.9566389322280884,0.3232263922691345
372,120,gaussian,1,44,0.1875,0.265625,0.375,1.0,1.245327115058899,0.4218868613243103
373,120,gaussian,1,44,0.109375,0.296875,0.21875,1.0,1.903960943222046,0.606056809425354
374,120,gaussian,1,44,0.3125,0.265625,0.625,1.0,6.864197731018066,2.1651928424835205
375,120,gaussian,1,44,0.34375,0.296875,0.6875,1.0,0.5238396525382996,0.1936076283454895
376,120,gaussian,1,44,0.296875,0.1875,0.59375,1.0,1.3092548847198486,0.40940403938293457
377,120,gaussian,1,44,0.15625,0.265625,0.3125,1.0,1.9803115129470825,0.6202473044395447
378,120,gaussian,1,44,0.1875,0.203125,0.375,1.0,3.0314855575561523,0.9229884147644043
379,120,gaussian,1,44,0.296875,0.25,0.59375,1.0,1.0907702445983887,0.3797011077404022
380,120,gaussian,1,44,0.125,0.296875,0.25,1.0,0.7955667972564697,0.24908705055713654
381,120,gaussian,1,44,0.15625,0.296875,0.3125,1.0,0.6342942714691162,0.2089425027370453
382,120,gaussian,1,44,0.140625,0.140625,0.28125,1.0,2.406418561935425,0.708076000213623
383,120,gaussian,1,44,0.25,0.171875,0.5,1.0,4.9320244789123535,1.7736482620239258
384,120,gaussian,1,44,0.1875,0.28125,0.375,1.0,0.46903327107429504,0.1627407819032669
385,120,gaussian,1,44,0.125,0.28125,0.25,1.0,3.24830961227417,1.0903656482696533
386,120,gaussian,1,44,0.28125,0.21875,0.5625,1.0,1.5013816356658936,0.4838460087776184
387,120,gaussian,1,44,0.171875,0.1875,0.34375,1.0,0.9993929862976074,0.2997701168060303
388,120,gaussian,1,44,0.25,0.28125,0.5,1.0,0.43844425678253174,0.15039487183094025
389,120,gaussian,1,44,0.15625,0.296875,0.3125,1.0,2.0957865715026855,0.717420220375061
390,120,gaussian,1,44,0.15625,0.296875,0.3125,1.0,1.4732600450515747,0.492507666349411
391,120,gaussian,1,44,0.234375,0.234375,0.46875,1.0,0.4759957194328308,0.16198042035102844
392,120,gaussian,1,44,0.109375,0.328125,0.21875,1.0,1.323791742324829,0.44140076637268066
393,120,gaussian,1,44,0.171875,0.234375,0.34375,1.0,1.7600613832473755,0.5693441033363342
394,120,gaussian,1,44,0.1875,0.28125,0.375,1.0,1.1306358575820923,0.36708858609199524
395,120,gaussian,1,44,0.265625,0.296875,0.53125,1.0,0.4426984190940857,0.15965035557746887
396,120,gaussian,1,44,0.21875,0.296875,0.4375,1.0,1.4710583686828613,0.4644108712673187
397,120,gaussian,1,44,0.15625,0.15625,0.3125,1.0,2.641108512878418,0.8069853186607361
398,120,gaussian,1,44,0.15625,0.296875,0.3125,1.0,0.45691680908203125,0.15517884492874146
399,120,gaussian,1,44,0.171875,0.28125,0.34375,1.0,1.2962061166763306,0.424254447221756
400,120,gaussian,1,44,0.171875,0.296875,0.34375,1.0,5.000417709350586,1.6939834356307983
401,120,gaussian,1,44,0.25,0.203125,0.5,1.0,0.4077056646347046,0.14545348286628723
402,120,gaussian,1,44,0.125,0.296875,0.25,1.0,2.1096067428588867,0.7304341793060303
403,120,gaussian,1,44,0.3125,0.328125,0.625,1.0,1.2023892402648926,0.41919246315956116
404,120,gaussian,1,44,0.1875,0.296875,0.375,1.0,0.9971494674682617,0.31358131766319275
405,120,gaussian,1,44,0.171875,0.28125,0.34375,1.0,3.9716696739196777,1.2741868495941162
406,120,gaussian,1,44,0.171875,0.28125,0.34375,1.0,3.3684465885162354,1.1246880292892456
407,120,gaussian,1,44,0.140625,0.28125,0.28125,1.0,2.4290013313293457,0.7798635959625244
408,120,gaussian,1,44,0.140625,0.203125,0.28125,1.0,1.7674474716186523,0.5301381945610046
409,120,gaussian,1,44,0.1875,0.1875,0.375,1.0,1.1863539218902588,0.3775847256183624
410,120,gaussian,1,44,0.328125,0.171875,0.65625,1.0,3.815782070159912,1.1939916610717773
411,120,gaussian,1,44,0.15625,0.140625,0.3125,1.0,0.4099639058113098,0.12514282763004303
412,120,gaussian,1,44,0.171875,0.296875,0.34375,1.0,0.4575655460357666,0.15517884492874146
413,120,gaussian,1,44,0.15625,0.265625,0.3125,1.0,1.9808346033096313,0.6202473044395447
414,120,gaussian,1,44,0.140625,0.265625,0.28125,1.0,4.394888877868652,1.3940547704696655
415,120,gaussian,1,44,0.328125,0.09375,0.65625,1.0,1.4060957431793213,0.4268548786640167
416,120,gaussian,1,44,0.25,0.1875,0.5,1.0,4.947321891784668,1.7736482620239258
417,120,gaussian,1,44,0.15625,0.265625,0.3125,1.0,1.4819014072418213,0.4570489525794983
418,120,gaussian,1,44,0.125,0.28125,0.25,1.0,1.296255111694336,0.4172990620136261
419,120,gaussian,1,44,0.28125,0.28125,0.5625,1.0,6.213184356689453,2.0629372596740723
420,120,gaussian,1,44,0.171875,0.296875,0.34375,1.0,2.664459705352783,0.931484580039978
421,120,gaussian,1,44,0.171875,0.171875,0.34375,1.0,4.494658470153809,1.410272479057312
422,120,gaussian,1,44,0.140625,0.265625,0.28125,1.0,4.393546104431152,1.3940547704696655
423,120,gaussian,1,44,0.171875,0.28125,0.34375,1.0,3.966493844985962,1.2741868495941162
424,120,gaussian,1,44,0.1875,0.28125,0.375,1.0,0.6934501528739929,0.22600243985652924
425,120,gaussian,1,44,0.265625,0.296875,0.53125,1.0,1.0618038177490234,0.3557979464530945
426,120,gaussian,1,44,0.296875,0.21875,0.59375,1.0,2.937565326690674,0.9399842023849487
427,120,gaussian,1,44,0.1875,0.21875,0.375,1.0,0.10762663930654526,0.03692401200532913
428,120,gaussian,1,44,0.15625,0.265625,0.3125,1.0,5.070975303649902,1.6055541038513184
429,120,gaussian,1,44,0.328125,0.3125,0.65625,1.0,3.630502223968506,1.1947077512741089
430,120,gaussian,1,44,0.15625,0.265625,0.3125,1.0,1.7332438230514526,0.5816274285316467
431,120,gaussian,1,44,0.171875,0.265625,0.34375,1.0,2.766908645629883,0.8686729073524475
432,120,gaussian,1,44,0.140625,0.296875,0.28125,1.0,4.155404567718506,1.2769149541854858
433,120,gaussian,1,44,0.25,0.265625,0.5,1.0,1.2975006103515625,0.45391592383384705
434,120,gaussian,1,44,0.171875,0.28125,0.34375,1.0,1.0515477657318115,0.32252177596092224
435,120,gaussian,1,44,0.234375,0.125,0.46875,1.0,2.867699146270752,0.9541831016540527
436,120,gaussian,1,44,0.125,0.28125,0.25,1.0,2.070439338684082,0.6823208928108215
437,120,gaussian,1,44,0.140625,0.3125,0.28125,1.0,1.6096100807189941,0.5127493143081665
438,120,gaussian,1,44,0.15625,0.140625,0.3125,1.0,3.7278366088867188,1.1585779190063477
439,120,gaussian,1,44,0.140625,0.109375,0.28125,1.0,0.9815278649330139,0.28719931840896606
440,120,gaussian,1,44,0.109375,0.3125,0.21875,1.0,0.571251630783081,0.17580732703208923
441,120,gaussian,1,44,0.125,0.28125,0.25,1.0,2.0681867599487305,0.6823208332061768
442,120,gaussian,1,44,0.140625,0.28125,0.28125,1.0,1.9184331893920898,0.642183244228363
443,120,gaussian,1,44,0.265625,0.234375,0.53125,1.0,1.009166955947876,0.341830849647522
444,120,gaussian,1,44,0.265625,0.28125,0.53125,1.0,0.254443883895874,0.08843197673559189
445,120,gaussian,1,44,0.140625,0.296875,0.28125,1.0,2.9811644554138184,1.027803659439087
446,120,gaussian,1,44,0.1875,0.21875,0.375,1.0,1.4127066135406494,0.4795897901058197
447,120,gaussian,1,44,0.140625,0.28125,0.28125,1.0,2.2053141593933105,0.7111892104148865
448,120,gaussian,1,44,0.171875,0.296875,0.34375,1.0,0.7827677726745605,0.25871771574020386
449,120,gaussian,1,44,0.125,0.296875,0.25,1.0,1.491694450378418,0.48185041546821594
450,120,gaussian,1,44,0.1875,0.296875,0.375,1.0,1.125802993774414,0.36708855628967285
451,120,gaussian,1,44,0.265625,0.3125,0.53125,1.0,0.6114664077758789,0.19749173521995544
452,120,gaussian,1,44,0.203125,0.1875,0.40625,1.0,0.5721385478973389,0.20059597492218018
453,120,gaussian,1,44,0.203125,0.234375,0.40625,1.0,2.130544662475586,0.732180118560791
454,120,gaussian,1,44,0.125,0.28125,0.25,1.0,0.9043354988098145,0.3399078845977783
455,120,gaussian,1,44,0.1875,0.21875,0.375,1.0,0.1075931042432785,0.03692401200532913
456,120,gaussian,1,44,0.3125,0.265625,0.625,1.0,6.878628730773926,2.1651930809020996
457,120,gaussian,1,44,0.28125,0.296875,0.5625,1.0,0.6102017164230347,0.19749173521995544
458,120,gaussian,1,44,0.15625,0.265625,0.3125,1.0,0.5845388174057007,0.17396937310695648
459,120,gaussian,1,44,0.34375,0.25,0.6875,1.0,2.638131618499756,0.9125421643257141
460,120,gaussian,1,44,0.171875,0.28125,0.34375,1.0,0.6467127799987793,0.21652276813983917
461,120,gaussian,1,44,0.15625,0.28125,0.3125,1.0,1.1640204191207886,0.4067686200141907
462,120,gaussian,1,44,0.28125,0.28125,0.5625,1.0,6.2096757888793945,2.0629372596740723
463,120,gaussian,1,44,0.28125,0.28125,0.5625,1.0,0.6917440295219421,0.23976504802703857
464,120,gaussian,1,44,0.109375,0.09375,0.21875,1.0,0.4343610405921936,0.12356247007846832
465,120,gaussian,1,44,0.171875,0.15625,0.34375,1.0,0.5243161916732788,0.19282181560993195
466,120,gaussian,1,44,0.171875,0.078125,0.34375,1.0,5.3565497398376465,1.7449796199798584
467,120,gaussian,1,44,0.375,0.265625,0.75,1.0,6.788591384887695,2.0703814029693604
468,120,gaussian,1,44,0.28125,0.3125,0.5625,1.0,1.41458261013031,0.446934312582016
469,120,gaussian,1,44,0.203125,0.1875,0.40625,1.0,0.5715312957763672,0.20059596002101898
470,120,gaussian,1,44,0.171875,0.296875,0.34375,1.0,0.9954982995986938,0.3565085232257843
471,120,gaussian,1,44,0.15625,0.28125,0.3125,1.0,5.0074334144592285,1.6939834356307983
472,120,gaussian,1,44,0.171875,0.28125,0.34375,1.0,2.229444980621338,0.7328567504882812
473,120,gaussian,1,44,0.15625,0.265625,0.3125,1.0,1.5280674695968628,0.47242027521133423
474,120,gaussian,1,44,0.203125,0.3125,0.40625,1.0,2.5390124320983887,0.8660001158714294
475,120,gaussian,1,44,0.203125,0.28125,0.40625,1.0,6.520476341247559,2.083655595779419
476,120,gaussian,1,44,0.15625,0.265625,0.3125,1.0,2.7806947231292725,0.8686729073524475
477,120,gaussian,1,44,0.1875,0.171875,0.375,1.0,3.8790740966796875,1.2560795545578003
478,120,gaussian,1,44,0.28125,0.265625,0.5625,1.0,1.2070786952972412,0.4588533341884613
479,120,gaussian,1,44,0.171875,0.328125,0.34375,1.0,3.2194628715515137,1.0621241331100464
480,120,gaussian,1,44,0.171875,0.296875,0.34375,1.0,3.3552584648132324,1.124687910079956
481,120,gaussian,1,44,0.171875,0.3125,0.34375,1.0,3.2228245735168457,1.0621241331100464
482,120,gaussian,1,44,0.109375,0.3125,0.21875,1.0,0.5717843770980835,0.17580732703208923
483,120,gaussian,1,44,0.296875,0.28125,0.59375,1.0,6.2118000984191895,2.0629372596740723
484,120,gaussian,1,44,0.25,0.28125,0.5,1.0,0.7990745306015015,0.26684680581092834
485,120,gaussian,1,44,0.203125,0.21875,0.40625,1.0,2.031644105911255,0.6808997392654419
486,120,gaussian,1,44,0.1875,0.25,0.375,1.0,2.248034715652466,0.7914089560508728
487,120,gaussian,1,44,0.171875,0.3125,0.34375,1.0,5.286957740783691,1.5892510414123535
488,120,gaussian,1,44,0.203125,0.25,0.40625,1.0,3.300912857055664,1.1310014724731445
489,120,gaussian,1,44,0.15625,0.1875,0.3125,1.0,0.9672502279281616,0.34201377630233765
490,120,gaussian,1,44,0.15625,0.125,0.3125,1.0,7.7255024909973145,2.3642730712890625
491,120,gaussian,1,44,0.203125,0.21875,0.40625,1.0,1.0737545490264893,0.3498137891292572
492,120,gaussian,1,44,0.234375,0.25,0.46875,1.0,0.5305293202400208,0.18881584703922272
493,120,gaussian,1,44,0.359375,0.140625,0.71875,1.0,0.8731257915496826,0.2513788938522339
494,120,gaussian,1,44,0.296875,0.3125,0.59375,1.0,0.33621925115585327,0.10481635481119156
495,120,gaussian,1,44,0.25,0.21875,0.5,1.0,2.3303680419921875,0.8156629204750061
496,120,gaussian,1,44,0.140625,0.265625,0.28125,1.0,3.1024796962738037,0.9908080697059631
497,120,gaussian,1,44,0.28125,0.15625,0.5625,1.0,5.146768569946289,1.6725828647613525
498,120,gaussian,1,44,0.21875,0.1875,0.4375,1.0,6.072177886962891,2.1385257244110107
499,120,gaussian,1,44,0.140625,0.28125,0.28125,1.0,4.174793243408203,1.2769149541854858
500,120,gaussian,1,44,0.140625,0.125,0.28125,1.0,0.7505186796188354,0.24939516186714172
501,120,gaussian,1,44,0.15625,0.296875,0.3125,1.0,2.092839241027832,0.6215580105781555
502,120,gaussian,1,44,0.125,0.296875,0.25,1.0,1.0698206424713135,0.35915425419807434
503,120,gaussian,1,44,0.21875,0.234375,0.4375,1.0,2.4259519577026367,0.8317863345146179
504,120,gaussian,1,44,0.265625,0.296875,0.53125,1.0,1.4981110095977783,0.5471937656402588
505,120,gaussian,1,44,0.203125,0.3125,0.40625,1.0,1.36576247215271,0.4626970589160919
506,120,gaussian,1,44,0.171875,0.28125,0.34375,1.0,3.9672255516052246,1.2741868495941162
507,120,gaussian,1,44,0.3125,0.328125,0.625,1.0,0.8786711692810059,0.27559131383895874
508,120,gaussian,1,44,0.234375,0.125,0.46875,1.0,2.8785042762756348,0.9541831016540527
509,120,gaussian,1,44,0.140625,0.296875,0.28125,1.0,2.217442512512207,0.6573672890663147
510,120,gaussian,1,44,0.140625,0.296875,0.28125,1.0,1.4904179573059082,0.48185041546821594
511,120,gaussian,1,44,0.3125,0.265625,0.625,1.0,2.5434226989746094,0.827955424785614
512,120,gaussian,1,44,0.1875,0.21875,0.375,1.0,0.10736940801143646,0.03692401573061943
513,120,gaussian,1,44,0.15625,0.140625,0.3125,1.0,3.7298216819763184,1.158577799797058
514,120,gaussian,1,44,0.234375,0.3125,0.46875,1.0,1.8282222747802734,0.6367589831352234
515,120,gaussian,1,44,0.15625,0.265625,0.3125,1.0,1.4864821434020996,0.4570489525794983
516,120,gaussian,1,44,0.28125,0.3125,0.5625,1.0,3.074629306793213,0.9555655717849731
517,120,gaussian,1,44,0.21875,0.21875,0.4375,1.0,2.4273500442504883,0.8317863345146179
518,120,gaussian,1,44,0.140625,0.15625,0.28125,1.0,2.4067842960357666,0.7080760598182678
519,120,gaussian,1,44,0.203125,0.28125,0.40625,1.0,2.038740873336792,0.6642747521400452
520,120,gaussian,1,44,0.125,0.296875,0.25,1.0,1.725156545639038,0.5715391039848328
521,120,gaussian,1,44,0.15625,0.296875,0.3125,1.0,2.699373722076416,0.8979184031486511
522,120,gaussian,1,44,0.328125,0.09375,0.65625,1.0,1.4097867012023926,0.4268548786640167
523,120,gaussian,1,44,0.21875,0.28125,0.4375,1.0,0.40428099036216736,0.1420428603887558
524,120,gaussian,1,44,0.171875,0.3125,0.34375,1.0,1.4335150718688965,0.4469276964664459
525,120,gaussian,1,44,0.234375,0.21875,0.46875,1.0,3.325181484222412,1.1407109498977661
526,120,gaussian,1,44,0.125,0.109375,0.25,1.0,1.4366689920425415,0.39355459809303284
527,120,gaussian,1,44,0.125,0.3125,0.25,1.0,1.3424646854400635,0.42714598774909973
528,120,gaussian,1,44,0.296875,0.3125,0.59375,1.0,0.6410280466079712,0.22473908960819244
529,120,gaussian,1,44,0.296875,0.328125,0.59375,1.0,2.2789745330810547,0.7750107049942017
530,120,gaussian,1,44,0.25,0.171875,0.5,1.0,4.948561668395996,1.7736482620239258
531,120,gaussian,1,44,0.234375,0.265625,0.46875,1.0,1.7534821033477783,0.6520154476165771
532,120,gaussian,1,44,0.21875,0.3125,0.4375,1.0,1.525259017944336,0.5190969705581665
533,120,gaussian,1,44,0.15625,0.265625,0.3125,1.0,4.324003219604492,1.3665751218795776
534,120,gaussian,1,44,0.28125,0.21875,0.5625,1.0,3.2454833984375,1.196162223815918
535,120,gaussian,1,44,0.328125,0.15625,0.65625,1.0,2.66045880317688,0.9446226358413696
536,120,gaussian,1,44,0.125,0.296875,0.25,1.0,1.7305877208709717,0.5715391039848328
537,120,gaussian,1,44,0.1875,0.15625,0.375,1.0,1.8465511798858643,0.620004415512085
538,120,gaussian,1,44,0.359375,0.296875,0.71875,1.0,0.9046288728713989,0.28176480531692505
539,120,gaussian,1,44,0.21875,0.3125,0.4375,1.0,1.5261635780334473,0.5190969705581665
540,120,gaussian,1,44,0.171875,0.15625,0.34375,1.0,1.2709909677505493,0.4114142954349518
541,120,gaussian,1,44,0.328125,0.296875,0.65625,1.0,2.496631145477295,0.854820966720581
542,120,gaussian,1,44,0.234375,0.234375,0.46875,1.0,4.033339023590088,1.3662489652633667
543,120,gaussian,1,44,0.140625,0.140625,0.28125,1.0,0.7454684376716614,0.2155941128730774
544,120,gaussian,1,44,0.34375,0.1875,0.6875,1.0,3.174346923828125,0.9846563339233398
545,120,gaussian,1,44,0.125,0.28125,0.25,1.0,0.23460161685943604,0.07070666551589966
546,120,gaussian,1,44,0.28125,0.28125,0.5625,1.0,0.8465935587882996,0.2849869132041931
547,120,gaussian,1,44,0.171875,0.3125,0.34375,1.0,1.3385889530181885,0.4696386158466339
548,120,gaussian,1,44,0.15625,0.15625,0.3125,1.0,3.7289018630981445,1.158577799797058
549,120,gaussian,1,44,0.171875,0.28125,0.34375,1.0,1.1042767763137817,0.3619183301925659
550,120,gaussian,1,44,0.203125,0.203125,0.40625,1.0,0.587188720703125,0.17903099954128265
551,120,gaussian,1,44,0.171875,0.140625,0.34375,1.0,2.229304552078247,0.7233791351318359
552,120,gaussian,1,44,0.1875,0.21875,0.375,1.0,0.9998641014099121,0.33865776658058167
553,120,gaussian,1,44,0.328125,0.265625,0.65625,1.0,2.908864974975586,1.0306659936904907
554,120,gaussian,1,44,0.296875,0.234375,0.59375,1.0,1.090908169746399,0.3797011077404022
555,120,gaussian,1,44,0.25,0.234375,0.5,1.0,2.326037645339966,0.8156629204750061
556,120,gaussian,1,44,0.1875,0.265625,0.375,1.0,1.4726877212524414,0.49368175864219666
557,120,gaussian,1,44,0.34375,0.125,0.6875,1.0,3.9239020347595215,1.2443922758102417
558,120,gaussian,1,44,0.15625,0.296875,0.3125,1.0,1.5896294116973877,0.5418189167976379
559,120,gaussian,1,44,0.296875,0.125,0.59375,1.0,2.737086772918701,0.867396891117096
560,120,gaussian,1,44,0.1875,0.296875,0.375,1.0,2.0396969318389893,0.6642747521400452
561,120,gaussian,1,44,0.15625,0.28125,0.3125,1.0,1.1541008949279785,0.40454134345054626
562,120,gaussian,1,44,0.1875,0.234375,0.375,1.0,0.10694275796413422,0.03692401200532913
563,120,gaussian,1,44,0.1875,0.203125,0.375,1.0,2.9894800186157227,1.083630084991455
564,120,gaussian,1,44,0.15625,0.28125,0.3125,1.0,1.9711345434188843,0.6202473044395447
565,120,gaussian,1,44,0.328125,0.296875,0.65625,1.0,2.4859120845794678,0.8548209071159363
566,120,gaussian,1,44,0.203125,0.21875,0.40625,1.0,1.7298827171325684,0.5800822973251343
567,120,gaussian,1,44,0.125,0.28125,0.25,1.0,0.23442211747169495,0.07070665806531906
568,120,gaussian,1,44,0.125,0.296875,0.25,1.0,0.9638805389404297,0.33939504623413086
569,120,gaussian,1,44,0.3125,0.3125,0.625,1.0,0.7409055829048157,0.246124267578125
570,120,gaussian,1,44,0.140625,0.28125,0.28125,1.0,0.7249475717544556,0.24020566046237946
571,120,gaussian,1,44,0.21875,0.25,0.4375,1.0,0.9051904082298279,0.29741325974464417
572,120,gaussian,1,44,0.203125,0.21875,0.40625,1.0,0.29319414496421814,0.08988107740879059
573,120,gaussian,1,44,0.390625,0.328125,0.78125,1.0,2.8344197273254395,0.882222056388855
574,120,gaussian,1,44,0.1875,0.1875,0.375,1.0,1.1911835670471191,0.3775847256183624
575,120,gaussian,1,44,0.15625,0.296875,0.3125,1.0,4.99880838394165,1.6939834356307983
576,120,gaussian,1,44,0.15625,0.265625,0.3125,1.0,2.0395426750183105,0.6471436023712158
577,120,gaussian,1,44,0.234375,0.234375,0.46875,1.0,1.5939205884933472,0.5471730828285217
578,120,gaussian,1,44,0.203125,0.203125,0.40625,1.0,3.6639139652252197,1.2229821681976318
579,120,gaussian,1,44,0.21875,0.25,0.4375,1.0,0.6391333341598511,0.23355405032634735
580,120,gaussian,1,44,0.15625,0.28125,0.3125,1.0,0.9537767171859741,0.3232263922691345
581,120,gaussian,1,44,0.25,0.28125,0.5,1.0,0.4396406412124634,0.15039487183094025
582,120,gaussian,1,44,0.3125,0.328125,0.625,1.0,2.6489574909210205,0.8698555827140808
583,120,gaussian,1,44,0.34375,0.125,0.6875,1.0,3.5319926738739014,1.1323788166046143
584,120,gaussian,1,44,0.234375,0.234375,0.46875,1.0,1.1214299201965332,0.3841545879840851
585,120,gaussian,1,44,0.28125,0.265625,0.5625,1.0,2.7747907638549805,0.9722275137901306
586,120,gaussian,1,44,0.15625,0.296875,0.3125,1.0,2.3124661445617676,0.8068695068359375
587,120,gaussian,1,44,0.359375,0.125,0.71875,1.0,3.9014456272125244,1.2443922758102417
588,120,gaussian,1,44,0.140625,0.109375,0.28125,1.0,1.3381273746490479,0.40757203102111816
589,120,gaussian,1,44,0.15625,0.125,0.3125,1.0,3.703108310699463,1.1445316076278687
590,120,gaussian,1,44,0.21875,0.296875,0.4375,1.0,0.9207258224487305,0.32737624645233154
591,120,gaussian,1,44,0.171875,0.171875,0.34375,1.0,1.6487340927124023,0.5026766061782837
592,120,gaussian,1,44,0.125,0.109375,0.25,1.0,1.4348183870315552,0.39355459809303284
593,120,gaussian,1,44,0.359375,0.140625,0.71875,1.0,0.8731287121772766,0.2513788640499115
594,120,gaussian,1,44,0.109375,0.28125,0.21875,1.0,1.834470510482788,0.6433864235877991
595,120,gaussian,1,44,0.203125,0.203125,0.40625,1.0,1.0731825828552246,0.3498137891292572
596,120,gaussian,1,44,0.234375,0.28125,0.46875,1.0,0.3406527042388916,0.12094992399215698
597,120,gaussian,1,44,0.140625,0.296875,0.28125,1.0,2.792782783508301,0.8877378702163696
598,120,gaussian,1,44,0.171875,0.28125,0.34375,1.0,0.46945443749427795,0.1627407819032669
599,120,gaussian,1,44,0.171875,0.234375,0.34375,1.0,1.7631382942199707,0.5693441033363342
600,120,gaussian,1,44,0.1875,0.3125,0.375,1.0,0.4879188537597656,0.14776140451431274
601,120,gaussian,1,44,0.296875,0.125,0.59375,1.0,2.5943424701690674,0.8293046951293945
602,120,gaussian,1,44,0.25,0.296875,0.5,1.0,1.015674352645874,0.3516086935997009
603,120,gaussian,1,44,0.265625,0.296875,0.53125,1.0,1.3343569040298462,0.4710029363632202
604,120,gaussian,1,44,0.125,0.28125,0.25,1.0,1.1137044429779053,0.37282460927963257
605,120,gaussian,1,44,0.265625,0.28125,0.53125,1.0,0.6482064723968506,0.22398333251476288
606,120,gaussian,1,44,0.140625,0.296875,0.28125,1.0,1.075614333152771,0.35915425419807434
607,120,gaussian,1,44,0.140625,0.28125,0.28125,1.0,2.6724772453308105,0.8880186080932617
608,120,gaussian,1,44,0.21875,0.296875,0.4375,1.0,0.92115718126297,0.32737624645233154
609,120,gaussian,1,44,0.28125,0.25,0.5625,1.0,3.488520860671997,1.2590175867080688
610,120,gaussian,1,44,0.171875,0.15625,0.34375,1.0,3.782641887664795,1.1805291175842285
611,120,gaussian,1,44,0.203125,0.265625,0.40625,1.0,3.3262035846710205,1.1142836809158325
612,120,gaussian,1,44,0.28125,0.3125,0.5625,1.0,5.751039981842041,1.890779733657837
613,120,gaussian,1,44,0.328125,0.296875,0.65625,1.0,0.3875862956047058,0.13604682683944702
614,120,gaussian,1,44,0.125,0.28125,0.25,1.0,1.9816181659698486,0.6356554627418518
615,120,gaussian,1,44,0.234375,0.25,0.46875,1.0,0.5300472974777222,0.18881584703922272
616,120,gaussian,1,44,0.109375,0.296875,0.21875,1.0,0.4076143801212311,0.1402009129524231
617,120,gaussian,1,44,0.140625,0.3125,0.28125,1.0,0.9965329766273499,0.3449229598045349
618,120,gaussian,1,44,0.328125,0.265625,0.65625,1.0,3.0823004245758057,0.994309663772583
619,120,gaussian,1,44,0.15625,0.296875,0.3125,1.0,1.1502623558044434,0.40454134345054626
620,120,gaussian,1,44,0.15625,0.140625,0.3125,1.0,1.2314906120300293,0.3825078010559082
621,120,gaussian,1,44,0.296875,0.25,0.59375,1.0,1.901350975036621,0.6672065854072571
622,120,gaussian,1,44,0.1875,0.265625,0.375,1.0,1.244596004486084,0.4218868613243103
623,120,gaussian,1,44,0.296875,0.125,0.59375,1.0,2.7333548069000244,0.867396891117096
624,120,gaussian,1,44,0.140625,0.296875,0.28125,1.0,2.063169479370117,0.6832566857337952
625,120,gaussian,1,44,0.265625,0.234375,0.53125,1.0,3.2463932037353516,1.1961621046066284
626,120,gaussian,1,44,0.21875,0.171875,0.4375,1.0,0.8910378217697144,0.3588749170303345
627,120,gaussian,1,44,0.34375,0.25,0.6875,1.0,2.6246819496154785,0.9125421643257141
628,120,gaussian,1,44,0.203125,0.328125,0.40625,1.0,1.139109492301941,0.3806523382663727
629,120,gaussian,1,44,0.234375,0.1875,0.46875,1.0,6.061831474304199,2.1385254859924316
630,120,gaussian,1,44,0.296875,0.328125,0.59375,1.0,1.5776251554489136,0.5093807578086853
631,120,gaussian,1,44,0.203125,0.21875,0.40625,1.0,1.073589563369751,0.3498137891292572
632,120,gaussian,1,44,0.109375,0.296875,0.21875,1.0,1.8425087928771973,0.6194067597389221
633,120,gaussian,1,44,0.15625,0.265625,0.3125,1.0,2.7340049743652344,0.9053818583488464
634,120,gaussian,1,44,0.203125,0.203125,0.40625,1.0,1.7028687000274658,0.5638735294342041
635,120,gaussian,1,44,0.21875,0.109375,0.4375,1.0,0.11706452071666718,0.04371132329106331
636,120,gaussian,1,44,0.203125,0.203125,0.40625,1.0,1.7034339904785156,0.5638735294342041
637,120,gaussian,1,44,0.203125,0.25,0.40625,1.0,3.3053219318389893,1.1310014724731445
638,120,gaussian,1,44,0.296875,0.328125,0.59375,1.0,2.2767856121063232,0.7750107049942017
639,120,gaussian,1,44,0.171875,0.328125,0.34375,1.0,0.5765520334243774,0.19296810030937195
640,120,gaussian,1,44,0.140625,0.296875,0.28125,1.0,1.5462309122085571,0.4813578128814697
641,120,gaussian,1,44,0.28125,0.28125,0.5625,1.0,0.2085610181093216,0.06824370473623276
642,120,gaussian,1,44,0.296875,0.203125,0.59375,1.0,1.043644666671753,0.32954296469688416
643,120,gaussian,1,44,0.234375,0.296875,0.46875,1.0,0.2175479382276535,0.07155759632587433
644,120,gaussian,1,44,0.375,0.28125,0.75,1.0,0.4021548628807068,0.13902129232883453
645,120,gaussian,1,44,0.25,0.203125,0.5,1.0,0.4073578119277954,0.14545348286628723
646,120,gaussian,1,44,0.296875,0.28125,0.59375,1.0,6.206717491149902,2.0629372596740723
647,120,gaussian,1,44,0.15625,0.296875,0.3125,1.0,1.595024585723877,0.5418188571929932
648,120,gaussian,1,44,0.15625,0.296875,0.3125,1.0,2.092348575592041,0.6215579509735107
649,120,gaussian,1,44,0.140625,0.328125,0.28125,1.0,1.08524489402771,0.3530712425708771
650,120,gaussian,1,44,0.28125,0.203125,0.5625,1.0,2.3359215259552,0.8109399676322937
651,120,gaussian,1,44,0.171875,0.1875,0.34375,1.0,4.5098395347595215,1.410272479057312
652,120,gaussian,1,44,0.15625,0.140625,0.3125,1.0,1.2290992736816406,0.3825078010559082
653,120,gaussian,1,44,0.171875,0.140625,0.34375,1.0,0.5269545316696167,0.19282181560993195
654,120,gaussian,1,44,0.21875,0.21875,0.4375,1.0,1.5933549404144287,0.5471730828285217
655,120,gaussian,1,44,0.140625,0.109375,0.28125,1.0,1.3388266563415527,0.40757203102111816
656,120,gaussian,1,44,0.296875,0.125,0.59375,1.0,2.589259624481201,0.8293046951293945
657,120,gaussian,1,44,0.125,0.296875,0.25,1.0,1.5285677909851074,0.5257356762886047
658,120,gaussian,1,44,0.234375,0.21875,0.46875,1.0,1.0830156803131104,0.380225270986557
659,120,gaussian,1,44,0.140625,0.265625,0.28125,1.0,4.374905586242676,1.394054889678955
660,120,gaussian,1,44,0.171875,0.328125,0.34375,1.0,1.2817504405975342,0.4110652208328247
661,120,gaussian,1,44,0.171875,0.28125,0.34375,1.0,0.4689216613769531,0.1627407819032669
662,120,gaussian,1,44,0.140625,0.28125,0.28125,1.0,0.9084885120391846,0.3399078845977783
663,120,gaussian,1,44,0.1875,0.234375,0.375,1.0,2.247311592102051,0.7914089560508728
664,120,gaussian,1,44,0.25,0.265625,0.5,1.0,1.2974860668182373,0.45391595363616943
665,120,gaussian,1,44,0.109375,0.25,0.21875,1.0,0.6278300285339355,0.18517933785915375
666,120,gaussian,1,44,0.34375,0.15625,0.6875,1.0,0.7010148167610168,0.20553816854953766
667,120,gaussian,1,44,0.1875,0.296875,0.375,1.0,3.648169755935669,1.108033537864685
668,120,gaussian,1,44,0.171875,0.265625,0.34375,1.0,1.4769458770751953,0.49368178844451904
669,120,gaussian,1,44,0.140625,0.3125,0.28125,1.0,1.0779163837432861,0.35915425419807434
670,120,gaussian,1,44,0.1875,0.3125,0.375,1.0,2.215749740600586,0.6943051218986511
671,120,gaussian,1,44,0.140625,0.265625,0.28125,1.0,1.1058777570724487,0.37282460927963257
672,120,gaussian,1,44,0.1875,0.3125,0.375,1.0,1.802058219909668,0.5762497186660767
673,120,gaussian,1,44,0.296875,0.234375,0.59375,1.0,3.97324275970459,1.3409349918365479
674,120,gaussian,1,44,0.203125,0.21875,0.40625,1.0,0.5857016444206238,0.17903101444244385
675,120,gaussian,1,44,0.125,0.296875,0.25,1.0,1.8511128425598145,0.6638737320899963
676,120,gaussian,1,44,0.296875,0.3125,0.59375,1.0,3.5545406341552734,1.2913000583648682
677,120,gaussian,1,44,0.203125,0.25,0.40625,1.0,3.3109524250030518,1.1310014724731445
678,120,gaussian,1,44,0.15625,0.140625,0.3125,1.0,0.7468438148498535,0.2155941128730774
679,120,gaussian,1,44,0.15625,0.28125,0.3125,1.0,2.095355272293091,0.7192129492759705
680,120,gaussian,1,44,0.328125,0.296875,0.65625,1.0,2.4955897331237793,0.8548209071159363
681,120,gaussian,1,44,0.265625,0.234375,0.53125,1.0,2.9532017707824707,1.0764422416687012
682,120,gaussian,1,44,0.15625,0.28125,0.3125,1.0,0.9563416242599487,0.3232263922691345
683,120,gaussian,1,44,0.265625,0.296875,0.53125,1.0,0.8307804465293884,0.295244038105011
684,120,gaussian,1,44,0.1875,0.1875,0.375,1.0,0.34725725650787354,0.11180267482995987
685,120,gaussian,1,44,0.203125,0.328125,0.40625,1.0,1.1336710453033447,0.3806523382663727
686,120,gaussian,1,44,0.140625,0.3125,0.28125,1.0,6.086535930633545,2.034385919570923
687,120,gaussian,1,44,0.25,0.28125,0.5,1.0,0.7990243434906006,0.26684680581092834
688,120,gaussian,1,44,0.359375,0.3125,0.71875,1.0,2.2134227752685547,0.7215527296066284
689,120,gaussian,1,44,0.265625,0.28125,0.53125,1.0,0.7995576858520508,0.26684680581092834
690,120,gaussian,1,44,0.265625,0.21875,0.53125,1.0,0.7443899512290955,0.24859999120235443
691,120,gaussian,1,44,0.1875,0.3125,0.375,1.0,1.4309298992156982,0.4469276964664459
692,120,gaussian,1,44,0.203125,0.265625,0.40625,1.0,0.6945308446884155,0.22600243985652924
693,120,gaussian,1,44,0.25,0.265625,0.5,1.0,1.29737389087677,0.45391592383384705
694,120,gaussian,1,44,0.140625,0.296875,0.28125,1.0,1.076122760772705,0.35915425419807434
695,120,gaussian,1,44,0.15625,0.28125,0.3125,1.0,1.6523818969726562,0.5510165095329285
696,120,gaussian,1,44,0.265625,0.28125,0.53125,1.0,0.6911489963531494,0.23976503312587738
697,120,gaussian,1,44,0.109375,0.265625,0.21875,1.0,0.23437196016311646,0.07070665806531906
698,120,gaussian,1,44,0.09375,0.3125,0.1875,1.0,0.3575170636177063,0.10909300297498703
699,120,gaussian,1,44,0.125,0.296875,0.25,1.0,2.135796308517456,0.7478921413421631
700,120,gaussian,1,44,0.203125,0.265625,0.40625,1.0,0.48076131939888,0.16770228743553162
701,120,gaussian,1,44,0.15625,0.296875,0.3125,1.0,2.310574769973755,0.8068695664405823
702,120,gaussian,1,44,0.234375,0.21875,0.46875,1.0,2.140063762664795,0.751731276512146
703,120,gaussian,1,44,0.140625,0.296875,0.28125,1.0,1.574296474456787,0.5685566663742065
704,120,gaussian,1,44,0.140625,0.21875,0.28125,1.0,1.528793454170227,0.4551909863948822
705,120,gaussian,1,44,0.140625,0.203125,0.28125,1.0,1.7734001874923706,0.5301382541656494
706,120,gaussian,1,44,0.140625,0.296875,0.28125,1.0,1.9640172719955444,0.5825971364974976
707,120,gaussian,1,44,0.125,0.28125,0.25,1.0,2.4267964363098145,0.7474327087402344
708,120,gaussian,1,44,0.203125,0.296875,0.40625,1.0,2.323270559310913,0.7336642146110535
709,120,gaussian,1,44,0.15625,0.140625,0.3125,1.0,3.714536428451538,1.158577799797058
710,120,gaussian,1,44,0.328125,0.15625,0.65625,1.0,4.823437213897705,1.4879250526428223
711,120,gaussian,1,44,0.25,0.28125,0.5,1.0,1.014819622039795,0.3516086935997009
712,120,gaussian,1,44,0.140625,0.3125,0.28125,1.0,1.2169100046157837,0.4078541696071625
713,120,gaussian,1,44,0.109375,0.28125,0.21875,1.0,1.8530569076538086,0.6433864235877991
714,120,gaussian,1,44,0.28125,0.109375,0.5625,1.0,2.5774149894714355,0.8293046355247498
715,120,gaussian,1,44,0.265625,0.140625,0.53125,1.0,2.847870349884033,1.034978985786438
716,120,gaussian,1,44,0.1875,0.3125,0.375,1.0,1.8001891374588013,0.5762497186660767
717,120,gaussian,1,44,0.296875,0.328125,0.59375,1.0,4.117713928222656,1.3195258378982544
718,120,gaussian,1,44,0.203125,0.265625,0.40625,1.0,1.5459227561950684,0.497736394405365
719,120,gaussian,1,44,0.140625,0.140625,0.28125,1.0,1.2309424877166748,0.3825078010559082
720,120,gaussian,1,44,0.140625,0.3125,0.28125,1.0,0.9982051253318787,0.3449229598045349
721,120,gaussian,1,44,0.1875,0.21875,0.375,1.0,1.6121439933776855,0.51277095079422
722,120,gaussian,1,44,0.171875,0.328125,0.34375,1.0,0.5765050649642944,0.19296810030937195
723,120,gaussian,1,44,0.375,0.3125,0.75,1.0,0.7610116004943848,0.2584344446659088
724,120,gaussian,1,44,0.328125,0.328125,0.65625,1.0,0.9442275166511536,0.3147042691707611
725,120,gaussian,1,44,0.15625,0.203125,0.3125,1.0,0.9645025730133057,0.34201377630233765
726,120,gaussian,1,44,0.234375,0.265625,0.46875,1.0,0.29232364892959595,0.09871941059827805
727,120,gaussian,1,44,0.3125,0.234375,0.625,1.0,6.7520527839660645,2.347736358642578
728,120,gaussian,1,44,0.125,0.28125,0.25,1.0,1.2547016143798828,0.396025151014328
729,120,gaussian,1,44,0.1875,0.265625,0.375,1.0,5.175378322601318,1.7771198749542236
730,120,gaussian,1,44,0.125,0.28125,0.25,1.0,1.9867178201675415,0.6356554627418518
731,120,gaussian,1,44,0.296875,0.296875,0.59375,1.0,4.322300910949707,1.4456031322479248
732,120,gaussian,1,44,0.140625,0.296875,0.28125,1.0,2.682936429977417,0.8868424296379089
733,120,gaussian,1,44,0.25,0.265625,0.5,1.0,1.754313349723816,0.6520154476165771
734,120,gaussian,1,44,0.140625,0.296875,0.28125,1.0,2.6848409175872803,0.8868424892425537
735,120,gaussian,1,44,0.15625,0.140625,0.3125,1.0,0.40788599848747253,0.12514282763004303
736,120,gaussian,1,44,0.1875,0.203125,0.375,1.0,3.6652207374572754,1.2229821681976318
737,120,gaussian,1,44,0.34375,0.3125,0.6875,1.0,0.7156435251235962,0.2540087103843689
738,120,gaussian,1,44,0.21875,0.3125,0.4375,1.0,1.8277587890625,0.6367589831352234
739,120,gaussian,1,44,0.265625,0.203125,0.53125,1.0,2.328559160232544,0.8109399676322937
740,120,gaussian,1,44,0.34375,0.296875,0.6875,1.0,2.2207229137420654,0.7215526700019836
741,120,gaussian,1,44,0.21875,0.203125,0.4375,1.0,0.9533400535583496,0.34244096279144287
742,120,gaussian,1,44,0.25,0.203125,0.5,1.0,0.4063875079154968,0.14545348286628723
743,120,gaussian,1,44,0.171875,0.265625,0.34375,1.0,0.6275300979614258,0.21381822228431702
744,120,gaussian,1,44,0.140625,0.3125,0.28125,1.0,0.605457067489624,0.1897205412387848
745,120,gaussian,1,44,0.125,0.296875,0.25,1.0,0.972831130027771,0.3407631516456604
746,120,gaussian,1,44,0.171875,0.28125,0.34375,1.0,1.299790620803833,0.4242544174194336
747,120,gaussian,1,44,0.125,0.28125,0.25,1.0,2.6326823234558105,0.867691695690155
748,120,gaussian,1,44,0.125,0.296875,0.25,1.0,1.7349672317504883,0.5715391039848328
749,120,gaussian,1,44,0.234375,0.25,0.46875,1.0,0.39410415291786194,0.13647978007793427
750,120,gaussian,1,44,0.140625,0.3125,0.28125,1.0,0.6033051609992981,0.1897205412387848
751,120,gaussian,1,44,0.25,0.21875,0.5,1.0,2.330017566680908,0.8156629204750061
752,120,gaussian,1,44,0.28125,0.28125,0.5625,1.0,0.8467050790786743,0.2849869132041931
753,120,gaussian,1,44,0.15625,0.28125,0.3125,1.0,0.7873519659042358,0.2479552924633026
754,120,gaussian,1,44,0.203125,0.28125,0.40625,1.0,0.47909215092658997,0.16770228743553162
755,120,gaussian,1,44,0.171875,0.296875,0.34375,1.0,0.37336668372154236,0.11962015181779861
756,120,gaussian,1,44,0.140625,0.28125,0.28125,1.0,0.9084063172340393,0.3399078845977783
757,120,gaussian,1,44,0.171875,0.078125,0.34375,1.0,2.7592172622680664,0.9757277369499207
758,120,gaussian,1,44,0.140625,0.234375,0.28125,1.0,2.8427624702453613,0.8512217998504639
759,120,gaussian,1,44,0.28125,0.28125,0.5625,1.0,1.1105482578277588,0.38703545928001404
760,120,gaussian,1,44,0.171875,0.3125,0.34375,1.0,1.4339649677276611,0.4469276964664459
761,120,gaussian,1,44,0.15625,0.296875,0.3125,1.0,2.9814958572387695,1.027803659439087
762,120,gaussian,1,44,0.234375,0.296875,0.46875,1.0,1.5304417610168457,0.5190969705581665
763,120,gaussian,1,44,0.140625,0.296875,0.28125,1.0,0.9793353080749512,0.3407631516456604
764,120,gaussian,1,44,0.203125,0.265625,0.40625,1.0,0.693707287311554,0.22600245475769043
765,120,gaussian,1,44,0.203125,0.265625,0.40625,1.0,3.312819004058838,1.1142836809158325
766,120,gaussian,1,44,0.171875,0.28125,0.34375,1.0,3.3661048412323,1.1246880292892456
767,120,gaussian,1,44,0.171875,0.265625,0.34375,1.0,0.6470204591751099,0.21842092275619507
768,120,gaussian,1,44,0.328125,0.28125,0.65625,1.0,1.2408698797225952,0.42627495527267456
769,120,gaussian,1,44,0.1875,0.296875,0.375,1.0,1.1278471946716309,0.36708858609199524
770,120,gaussian,1,44,0.140625,0.28125,0.28125,1.0,1.9659229516983032,0.5825971364974976
771,120,gaussian,1,44,0.4375,0.03125,0.875,1.0,1.6193571090698242,0.4285542666912079
772,120,gaussian,1,44,0.140625,0.296875,0.28125,1.0,3.248427629470825,1.0514593124389648
773,120,gaussian,1,44,0.25,0.21875,0.5,1.0,2.3305959701538086,0.8156629204750061
774,120,gaussian,1,44,0.140625,0.3125,0.28125,1.0,1.2158535718917847,0.4078541696071625
775,120,gaussian,1,44,0.125,0.296875,0.25,1.0,0.6404477953910828,0.22000110149383545
776,120,gaussian,1,44,0.125,0.296875,0.25,1.0,0.40453463792800903,0.1402009129524231
777,120,gaussian,1,44,0.234375,0.296875,0.46875,1.0,0.9747698903083801,0.32987305521965027
778,120,gaussian,1,44,0.15625,0.296875,0.3125,1.0,2.0820324420928955,0.7192128896713257
779,120,gaussian,1,44,0.296875,0.21875,0.59375,1.0,2.944241523742676,0.9399842023849487
780,120,gaussian,1,44,0.203125,0.25,0.40625,1.0,1.6658244132995605,0.5774274468421936
781,120,gaussian,1,44,0.15625,0.28125,0.3125,1.0,3.2475767135620117,1.0514594316482544
782,120,gaussian,1,44,0.21875,0.296875,0.4375,1.0,0.2591031789779663,0.08283542096614838
783,120,gaussian,1,44,0.15625,0.265625,0.3125,1.0,1.5288283824920654,0.47242024540901184
784,120,gaussian,1,44,0.265625,0.234375,0.53125,1.0,2.953808546066284,1.0764422416687012
785,120,gaussian,1,44,0.21875,0.3125,0.4375,1.0,2.536482334136963,0.853732168674469
786,120,gaussian,1,44,0.203125,0.203125,0.40625,1.0,1.6990153789520264,0.5638735294342041
787,120,gaussian,1,44,0.125,0.296875,0.25,1.0,1.8348150253295898,0.6638737320899963
788,120,gaussian,1,44,0.109375,0.296875,0.21875,1.0,0.4037652015686035,0.1402009129524231
789,120,gaussian,1,44,0.15625,0.296875,0.3125,1.0,2.518878221511841,0.7681835889816284
790,120,gaussian,1,44,0.1875,0.203125,0.375,1.0,1.6099352836608887,0.51277095079422
791,120,gaussian,1,44,0.234375,0.15625,0.46875,1.0,1.051206350326538,0.35867613554000854
792,120,gaussian,1,44,0.15625,0.203125,0.3125,1.0,1.5179579257965088,0.46217697858810425
793,120,gaussian,1,44,0.34375,0.09375,0.6875,1.0,0.9773915410041809,0.299004465341568
794,120,gaussian,1,44,0.203125,0.234375,0.40625,1.0,3.264235019683838,1.0559587478637695
795,120,gaussian,1,44,0.28125,0.15625,0.5625,1.0,5.178574562072754,1.6725828647613525
796,120,gaussian,1,44,0.25,0.28125,0.5,1.0,0.41597843170166016,0.15137259662151337
797,120,gaussian,1,44,0.140625,0.296875,0.28125,1.0,2.518681526184082,0.825227677822113
798,120,gaussian,1,44,0.1875,0.265625,0.375,1.0,1.2438371181488037,0.4218868613243103
799,120,gaussian,1,44,0.171875,0.265625,0.34375,1.0,1.0162005424499512,0.3578401505947113
800,120,gaussian,1,44,0.21875,0.3125,0.4375,1.0,1.523313045501709,0.5190969705581665
801,120,gaussian,1,44,0.28125,0.21875,0.5625,1.0,0.13500478863716125,0.042324554175138474
802,120,gaussian,1,44,0.15625,0.28125,0.3125,1.0,1.6521527767181396,0.5510165095329285
803,120,gaussian,1,44,0.203125,0.21875,0.40625,1.0,1.6117526292800903,0.51277095079422
804,120,gaussian,1,44,0.140625,0.109375,0.28125,1.0,1.3487796783447266,0.4075720012187958
805,120,gaussian,1,44,0.21875,0.203125,0.4375,1.0,0.952849268913269,0.34244099259376526
806,120,gaussian,1,44,0.125,0.28125,0.25,1.0,0.599168062210083,0.19633041322231293
807,120,gaussian,1,44,0.140625,0.28125,0.28125,1.0,4.336496829986572,1.3665751218795776
808,120,gaussian,1,44,0.15625,0.296875,0.3125,1.0,1.0626287460327148,0.3629729151725769
809,120,gaussian,1,44,0.140625,0.15625,0.28125,1.0,2.4060745239257812,0.7080760598182678
810,120,gaussian,1,44,0.15625,0.296875,0.3125,1.0,1.5847913026809692,0.5685566067695618
811,120,gaussian,1,44,0.140625,0.296875,0.28125,1.0,2.0651795864105225,0.6832566857337952
812,120,gaussian,1,44,0.21875,0.203125,0.4375,1.0,0.9532524943351746,0.34244099259376526
813,120,gaussian,1,44,0.203125,0.125,0.40625,1.0,1.6546146869659424,0.5755638480186462
814,120,gaussian,1,44,0.125,0.3125,0.25,1.0,0.9889387488365173,0.3449229598045349
815,120,gaussian,1,44,0.140625,0.3125,0.28125,1.0,1.555198311805725,0.48135778307914734
816,120,gaussian,1,44,0.125,0.28125,0.25,1.0,0.4536758065223694,0.15016692876815796
817,120,gaussian,1,44,0.1875,0.28125,0.375,1.0,1.5940814018249512,0.5461234450340271
818,120,gaussian,1,44,0.328125,0.109375,0.65625,1.0,1.3992047309875488,0.4268549084663391
819,120,gaussian,1,44,0.265625,0.21875,0.53125,1.0,0.7456355094909668,0.24859999120235443
820,120,gaussian,1,44,0.171875,0.296875,0.34375,1.0,0.9948428869247437,0.3565085232257843
821,120,gaussian,1,44,0.203125,0.328125,0.40625,1.0,0.21561703085899353,0.06841857731342316
822,120,gaussian,1,44,0.28125,0.25,0.5625,1.0,2.773184299468994,0.9722275733947754
823,120,gaussian,1,44,0.3125,0.234375,0.625,1.0,6.756797790527344,2.347736358642578
824,120,gaussian,1,44,0.15625,0.265625,0.3125,1.0,0.5833547115325928,0.1739693582057953
825,120,gaussian,1,44,0.234375,0.1875,0.46875,1.0,6.063437461853027,2.1385254859924316
826,120,gaussian,1,44,0.21875,0.265625,0.4375,1.0,1.6530122756958008,0.587451159954071
827,120,gaussian,1,44,0.296875,0.21875,0.59375,1.0,3.04563307762146,1.053959846496582
828,120,gaussian,1,44,0.15625,0.15625,0.3125,1.0,2.6477038860321045,0.8069853186607361
829,120,gaussian,1,44,0.3125,0.1875,0.625,1.0,1.3106911182403564,0.40940403938293457
830,120,gaussian,1,44,0.140625,0.265625,0.28125,1.0,2.208906888961792,0.7111892104148865
831,120,gaussian,1,44,0.28125,0.3125,0.5625,1.0,5.736611366271973,1.9582089185714722
832,120,gaussian,1,44,0.234375,0.25,0.46875,1.0,0.3939887285232544,0.13647978007793427
833,120,gaussian,1,44,0.234375,0.296875,0.46875,1.0,1.2731252908706665,0.41800767183303833
834,120,gaussian,1,44,0.25,0.28125,0.5,1.0,0.6483794450759888,0.22398334741592407
835,120,gaussian,1,44,0.234375,0.234375,0.46875,1.0,0.4761695861816406,0.16198040544986725
836,120,gaussian,1,44,0.125,0.28125,0.25,1.0,1.2541232109069824,0.396025151014328
837,120,gaussian,1,44,0.328125,0.203125,0.65625,1.0,2.167915105819702,0.6467058658599854
838,120,gaussian,1,44,0.296875,0.296875,0.59375,1.0,2.1908717155456543,0.7032487392425537
839,120,gaussian,1,44,0.296875,0.203125,0.59375,1.0,1.037783145904541,0.32954299449920654
840,120,gaussian,1,44,0.265625,0.3125,0.53125,1.0,0.339668333530426,0.11560230702161789
841,120,gaussian,1,44,0.34375,0.1875,0.6875,1.0,3.8138415813446045,1.1939916610717773
842,120,gaussian,1,44,0.265625,0.25,0.53125,1.0,2.955827474594116,1.0764422416687012
843,120,gaussian,1,44,0.328125,0.3125,0.65625,1.0,0.48335540294647217,0.14745914936065674
844,120,gaussian,1,44,0.203125,0.3125,0.40625,1.0,2.579796552658081,0.8090972304344177
845,120,gaussian,1,44,0.15625,0.28125,0.3125,1.0,0.7878062725067139,0.2479552924633026
846,120,gaussian,1,44,0.140625,0.296875,0.28125,1.0,2.1537089347839355,0.7258647680282593
847,120,gaussian,1,44,0.28125,0.25,0.5625,1.0,2.766674041748047,0.9722275733947754
848,120,gaussian,1,44,0.171875,0.171875,0.34375,1.0,4.503380298614502,1.4102725982666016
849,120,gaussian,1,44,0.171875,0.328125,0.34375,1.0,1.2820091247558594,0.4110652208328247
850,120,gaussian,1,44,0.15625,0.296875,0.3125,1.0,3.3561935424804688,1.145105004310608
851,120,gaussian,1,44,0.328125,0.296875,0.65625,1.0,1.2409348487854004,0.42627495527267456
852,120,gaussian,1,44,0.265625,0.28125,0.53125,1.0,1.0109602212905884,0.3613377809524536
853,120,gaussian,1,44,0.171875,0.28125,0.34375,1.0,0.24597325921058655,0.08155831694602966
854,120,gaussian,1,44,0.140625,0.296875,0.28125,1.0,2.062506675720215,0.6832566857337952
855,120,gaussian,1,44,0.1875,0.296875,0.375,1.0,1.5565147399902344,0.4914318323135376
856,120,gaussian,1,44,0.171875,0.296875,0.34375,1.0,2.5252249240875244,0.7681835889816284
857,120,gaussian,1,44,0.140625,0.28125,0.28125,1.0,1.3394124507904053,0.4306492507457733
858,120,gaussian,1,44,0.15625,0.28125,0.3125,1.0,1.9710276126861572,0.6202473044395447
859,120,gaussian,1,44,0.203125,0.3125,0.40625,1.0,1.3643255233764648,0.45219579339027405
860,120,gaussian,1,44,0.140625,0.125,0.28125,1.0,1.5379395484924316,0.47155678272247314
861,120,gaussian,1,44,0.359375,0.3125,0.71875,1.0,0.763579249382019,0.2584344446659088
862,120,gaussian,1,44,0.328125,0.171875,0.65625,1.0,4.820013999938965,1.4879250526428223
863,120,gaussian,1,44,0.1875,0.296875,0.375,1.0,1.5871624946594238,0.5603402853012085
864,120,gaussian,1,44,0.234375,0.15625,0.46875,1.0,1.0504176616668701,0.35867613554000854
865,120,gaussian,1,44,0.25,0.28125,0.5,1.0,0.4395129680633545,0.15039485692977905
866,120,gaussian,1,44,0.15625,0.34375,0.3125,1.0,1.6711759567260742,0.5103074908256531
867,120,gaussian,1,44,0.359375,0.140625,0.71875,1.0,0.8837217688560486,0.28103259205818176
868,120,gaussian,1,44,0.140625,0.265625,0.28125,1.0,2.2080698013305664,0.7111892104148865
869,120,gaussian,1,44,0.21875,0.25,0.4375,1.0,1.1204628944396973,0.3841545879840851
870,120,gaussian,1,44,0.296875,0.3125,0.59375,1.0,3.5518598556518555,1.2913000583648682
871,120,gaussian,1,44,0.140625,0.265625,0.28125,1.0,4.3694562911987305,1.394054889678955
872,120,gaussian,1,44,0.109375,0.328125,0.21875,1.0,0.6242510080337524,0.18992917239665985
873,120,gaussian,1,44,0.171875,0.28125,0.34375,1.0,1.3003605604171753,0.424254447221756
874,120,gaussian,1,44,0.296875,0.1875,0.59375,1.0,1.3085739612579346,0.40940406918525696
875,120,gaussian,1,44,0.15625,0.296875,0.3125,1.0,2.3134403228759766,0.8068695068359375
876,120,gaussian,1,44,0.203125,0.3125,0.40625,1.0,1.3683147430419922,0.45219579339027405
877,120,gaussian,1,44,0.234375,0.125,0.46875,1.0,2.8643550872802734,0.9541831016540527
878,120,gaussian,1,44,0.140625,0.3125,0.28125,1.0,6.092978000640869,2.034385919570923
879,120,gaussian,1,44,0.171875,0.296875,0.34375,1.0,0.843576192855835,0.297735333442688
880,120,gaussian,1,44,0.359375,0.296875,0.71875,1.0,0.9045699238777161,0.28176483511924744
881,120,gaussian,1,44,0.34375,0.125,0.6875,1.0,3.9247589111328125,1.2443922758102417
882,120,gaussian,1,44,0.140625,0.109375,0.28125,1.0,1.544777512550354,0.47155678272247314
883,120,gaussian,1,44,0.25,0.265625,0.5,1.0,0.7240508198738098,0.24549369513988495
884,120,gaussian,1,44,0.171875,0.28125,0.34375,1.0,1.4782109260559082,0.49368178844451904
885,120,gaussian,1,44,0.28125,0.328125,0.5625,1.0,2.2622509002685547,0.7750107049942017
886,120,gaussian,1,44,0.171875,0.171875,0.34375,1.0,1.117099404335022,0.3426576554775238
887,120,gaussian,1,44,0.15625,0.140625,0.3125,1.0,0.40723806619644165,0.12514282763004303
888,120,gaussian,1,44,0.171875,0.3125,0.34375,1.0,0.9916443824768066,0.3565085232257843
889,120,gaussian,1,44,0.21875,0.21875,0.4375,1.0,4.044978618621826,1.3662489652633667
890,120,gaussian,1,44,0.1875,0.3125,0.375,1.0,0.48596441745758057,0.14776141941547394
891,120,gaussian,1,44,0.140625,0.140625,0.28125,1.0,0.1643831878900528,0.04736306890845299
892,120,gaussian,1,44,0.3125,0.328125,0.625,1.0,1.199857473373413,0.41919249296188354
893,120,gaussian,1,44,0.1875,0.203125,0.375,1.0,2.0575497150421143,0.6580610871315002
894,120,gaussian,1,44,0.140625,0.28125,0.28125,1.0,1.2909672260284424,0.4172990620136261
895,120,gaussian,1,44,0.140625,0.3125,0.28125,1.0,2.0971181392669678,0.6215579509735107
896,120,gaussian,1,44,0.15625,0.265625,0.3125,1.0,0.2462579905986786,0.08155831694602966
897,120,gaussian,1,44,0.171875,0.265625,0.34375,1.0,2.984806537628174,1.0046526193618774
898,120,gaussian,1,44,0.28125,0.28125,0.5625,1.0,0.6902691721916199,0.23976503312587738
899,120,gaussian,1,44,0.359375,0.3125,0.71875,1.0,0.7644158601760864,0.2584344446659088
900,120,gaussian,1,44,0.296875,0.328125,0.59375,1.0,4.117733478546143,1.3195258378982544
901,120,gaussian,1,44,0.1875,0.28125,0.375,1.0,1.105964183807373,0.3619183301925659
902,120,gaussian,1,44,0.296875,0.125,0.59375,1.0,2.735745668411255,0.867396891117096
903,120,gaussian,1,44,0.125,0.296875,0.25,1.0,1.728238582611084,0.5715391039848328
904,120,gaussian,1,44,0.203125,0.3125,0.40625,1.0,2.5807840824127197,0.8090972304344177
905,120,gaussian,1,44,0.171875,0.296875,0.34375,1.0,3.658121347427368,1.108033537864685
906,120,gaussian,1,44,0.15625,0.328125,0.3125,1.0,4.457289218902588,1.3797106742858887
907,120,gaussian,1,44,0.296875,0.3125,0.59375,1.0,1.5768978595733643,0.5093807578086853
908,120,gaussian,1,44,0.171875,0.265625,0.34375,1.0,1.4779179096221924,0.49368175864219666
909,120,gaussian,1,44,0.28125,0.21875,0.5625,1.0,3.245502233505249,1.196162223815918
910,120,gaussian,1,44,0.125,0.28125,0.25,1.0,1.969102144241333,0.6326796412467957
911,120,gaussian,1,44,0.140625,0.296875,0.28125,1.0,2.1020915508270264,0.7174201607704163
912,120,gaussian,1,44,0.28125,0.3125,0.5625,1.0,0.6675151586532593,0.22425968945026398
913,120,gaussian,1,44,0.171875,0.296875,0.34375,1.0,1.6908800601959229,0.5613232851028442
914,120,gaussian,1,44,0.296875,0.3125,0.59375,1.0,0.8761802315711975,0.27559131383895874
915,120,gaussian,1,44,0.203125,0.21875,0.40625,1.0,2.0382652282714844,0.6808997392654419
916,120,gaussian,1,44,0.125,0.28125,0.25,1.0,0.4544181823730469,0.15016692876815796
917,120,gaussian,1,44,0.15625,0.296875,0.3125,1.0,1.0601063966751099,0.3629729449748993
918,120,gaussian,1,44,0.328125,0.21875,0.65625,1.0,6.759544372558594,2.347736358642578
919,120,gaussian,1,44,0.15625,0.15625,0.3125,1.0,2.6474502086639404,0.8069853186607361
920,120,gaussian,1,44,0.140625,0.3125,0.28125,1.0,2.1129372119903564,0.717420220375061
921,120,gaussian,1,44,0.296875,0.125,0.59375,1.0,2.597132682800293,0.8293046951293945
922,120,gaussian,1,44,0.15625,0.25,0.3125,1.0,5.072122573852539,1.6055541038513184
923,120,gaussian,1,44,0.15625,0.203125,0.3125,1.0,0.9663052558898926,0.34201377630233765
924,120,gaussian,1,44,0.296875,0.328125,0.59375,1.0,1.5739085674285889,0.5093807578086853
925,120,gaussian,1,44,0.203125,0.28125,0.40625,1.0,6.545003890991211,2.08365535736084
926,120,gaussian,1,44,0.171875,0.34375,0.34375,1.0,0.574665367603302,0.19296810030937195
927,120,gaussian,1,44,0.1875,0.328125,0.375,1.0,0.5764201283454895,0.19296810030937195
928,120,gaussian,1,44,0.15625,0.296875,0.3125,1.0,1.6993930339813232,0.561323344707489
929,120,gaussian,1,44,0.21875,0.234375,0.4375,1.0,0.6388416290283203,0.23355405032634735
930,120,gaussian,1,44,0.15625,0.328125,0.3125,1.0,1.8283348083496094,0.6312980651855469
931,120,gaussian,1,44,0.15625,0.3125,0.3125,1.0,1.3351062536239624,0.4696386158466339
932,120,gaussian,1,44,0.21875,0.1875,0.4375,1.0,0.6092584133148193,0.1960570216178894
933,120,gaussian,1,44,0.125,0.3125,0.25,1.0,1.3463866710662842,0.42714598774909973
934,120,gaussian,1,44,0.234375,0.21875,0.46875,1.0,1.0836118459701538,0.380225270986557
935,120,gaussian,1,44,0.28125,0.25,0.5625,1.0,1.092421054840088,0.3797011077404022
936,120,gaussian,1,44,0.203125,0.28125,0.40625,1.0,1.541110873222351,0.497736394405365
937,120,gaussian,1,44,0.1875,0.328125,0.375,1.0,1.3603332042694092,0.4626970887184143
938,120,gaussian,1,44,0.3125,0.28125,0.625,1.0,2.5365524291992188,0.827955424785614
939,120,gaussian,1,44,0.171875,0.265625,0.34375,1.0,2.6741342544555664,0.906391978263855
940,120,gaussian,1,44,0.21875,0.109375,0.4375,1.0,0.1166384369134903,0.04371132329106331
941,120,gaussian,1,44,0.15625,0.265625,0.3125,1.0,0.6611602902412415,0.20631785690784454
942,120,gaussian,1,44,0.171875,0.328125,0.34375,1.0,1.2778762578964233,0.4110652208328247
943,120,gaussian,1,44,0.125,0.296875,0.25,1.0,1.5436608791351318,0.48135778307914734
944,120,gaussian,1,44,0.203125,0.265625,0.40625,1.0,3.2934837341308594,1.1310014724731445
945,120,gaussian,1,44,0.296875,0.296875,0.59375,1.0,2.2803525924682617,0.7751423120498657
946,120,gaussian,1,44,0.328125,0.296875,0.65625,1.0,2.4871959686279297,0.8548209071159363
947,120,gaussian,1,44,0.140625,0.140625,0.28125,1.0,0.7456462383270264,0.2155941128730774
948,120,gaussian,1,44,0.125,0.296875,0.25,1.0,1.980963945388794,0.6326796412467957
949,120,gaussian,1,44,0.203125,0.21875,0.40625,1.0,1.6115694046020508,0.51277095079422
950,120,gaussian,1,44,0.265625,0.28125,0.53125,1.0,0.6913912892341614,0.23976503312587738
951,120,gaussian,1,44,0.203125,0.3125,0.40625,1.0,0.9982630014419556,0.3395322859287262
952,120,gaussian,1,44,0.265625,0.28125,0.53125,1.0,0.7981321811676025,0.26684680581092834
953,120,gaussian,1,44,0.1875,0.296875,0.375,1.0,0.3737361431121826,0.12421581894159317
954,120,gaussian,1,44,0.109375,0.28125,0.21875,1.0,3.3049283027648926,1.1072630882263184
955,120,gaussian,1,44,0.1875,0.1875,0.375,1.0,1.1909127235412598,0.3775847256183624
956,120,gaussian,1,44,0.34375,0.28125,0.6875,1.0,3.0838546752929688,0.9943096041679382
957,120,gaussian,1,44,0.171875,0.1875,0.34375,1.0,0.9932924509048462,0.2997701168060303
958,120,gaussian,1,44,0.1875,0.28125,0.375,1.0,5.181281566619873,1.7771198749542236
959,120,gaussian,1,44,0.28125,0.28125,0.5625,1.0,0.681092381477356,0.23604105412960052
960,120,gaussian,1,44,0.3125,0.328125,0.625,1.0,0.8121551871299744,0.26791107654571533
961,120,gaussian,1,44,0.203125,0.1875,0.40625,1.0,2.2882282733917236,0.7572996616363525
962,120,gaussian,1,44,0.203125,0.21875,0.40625,1.0,1.1226904392242432,0.3646370768547058
963,120,gaussian,1,44,0.15625,0.265625,0.3125,1.0,5.074002265930176,1.6055541038513184
964,120,gaussian,1,44,0.15625,0.15625,0.3125,1.0,3.7785820960998535,1.1805291175842285
965,120,gaussian,1,44,0.140625,0.296875,0.28125,1.0,0.9795932769775391,0.3407631516456604
966,120,gaussian,1,44,0.203125,0.125,0.40625,1.0,1.6523826122283936,0.5755638480186462
967,120,gaussian,1,44,0.125,0.09375,0.25,1.0,1.1644123792648315,0.32903119921684265
968,120,gaussian,1,44,0.140625,0.265625,0.28125,1.0,1.0658286809921265,0.36085936427116394
969,120,gaussian,1,44,0.171875,0.28125,0.34375,1.0,1.1052913665771484,0.3619183301925659
970,120,gaussian,1,44,0.125,0.296875,0.25,1.0,0.6429600715637207,0.22000110149383545
971,120,gaussian,1,44,0.328125,0.296875,0.65625,1.0,2.4850785732269287,0.854820966720581
972,120,gaussian,1,44,0.140625,0.296875,0.28125,1.0,6.084824562072754,2.034385919570923
973,120,gaussian,1,44,0.296875,0.125,0.59375,1.0,2.7282960414886475,0.867396891117096
974,120,gaussian,1,44,0.203125,0.203125,0.40625,1.0,2.0386133193969727,0.6808997392654419
975,120,gaussian,1,44,0.125,0.28125,0.25,1.0,1.1142172813415527,0.37282460927963257
976,120,gaussian,1,44,0.21875,0.234375,0.4375,1.0,1.5348163843154907,0.49075013399124146
977,120,gaussian,1,44,0.203125,0.203125,0.40625,1.0,1.0689582824707031,0.3498137891292572
978,120,gaussian,1,44,0.140625,0.28125,0.28125,1.0,6.198531150817871,1.986939549446106
979,120,gaussian,1,44,0.109375,0.328125,0.21875,1.0,1.3243248462677002,0.4414007365703583
980,120,gaussian,1,44,0.171875,0.140625,0.34375,1.0,0.5270795822143555,0.19282180070877075
981,120,gaussian,1,44,0.25,0.28125,0.5,1.0,0.6481064558029175,0.22398334741592407
982,120,gaussian,1,44,0.234375,0.296875,0.46875,1.0,0.9741844534873962,0.32987305521965027
983,120,gaussian,1,44,0.203125,0.234375,0.40625,1.0,3.265076160430908,1.0559587478637695
984,120,gaussian,1,44,0.28125,0.296875,0.5625,1.0,8.35611343383789,2.6922895908355713
985,120,gaussian,1,44,0.140625,0.140625,0.28125,1.0,1.2312228679656982,0.3825078010559082
986,120,gaussian,1,44,0.171875,0.28125,0.34375,1.0,0.6489726901054382,0.21842092275619507
987,120,gaussian,1,44,0.125,0.3125,0.25,1.0,0.8854371905326843,0.29389268159866333
988,120,gaussian,1,44,0.15625,0.28125,0.3125,1.0,1.806471347808838,0.6145297884941101
989,120,gaussian,1,44,0.140625,0.296875,0.28125,1.0,2.7031517028808594,0.8979184031486511
990,120,gaussian,1,44,0.171875,0.296875,0.34375,1.0,0.7825244665145874,0.25871774554252625
991,120,gaussian,1,44,0.15625,0.296875,0.3125,1.0,2.091641664505005,0.7192129492759705
992,120,gaussian,1,44,0.109375,0.296875,0.21875,1.0,0.40558671951293945,0.1402009129524231
993,120,gaussian,1,44,0.328125,0.328125,0.65625,1.0,0.9410099983215332,0.3147042691707611
994,120,gaussian,1,44,0.296875,0.328125,0.59375,1.0,2.2771739959716797,0.7750107049942017
995,120,gaussian,1,44,0.421875,0.046875,0.84375,1.0,1.55277681350708,0.4285542070865631
996,120,gaussian,1,44,0.125,0.28125,0.25,1.0,2.331179141998291,0.7557627558708191
997,120,gaussian,1,44,0.21875,0.3125,0.4375,1.0,2.534046173095703,0.853732168674469
998,120,gaussian,1,44,0.21875,0.21875,0.4375,1.0,4.046820163726807,1.3662489652633667
999,120,gaussian,1,44,0.15625,0.25,0.3125,1.0,1.6686325073242188,0.5193136930465698
