index,target_hr,method,fold,seed,rise_time_s,width50_s,rise_cycle_ratio,beat_extraction_success,amplitude_range,amplitude_std
0,60,no_hr_loss,3,42,0.296875,0.359375,0.39705882352941174,1.0,4.685744762420654,0.9890422821044922
1,60,no_hr_loss,3,42,0.359375,0.46875,0.36363636363636365,1.0,3.739914655685425,0.7209908962249756
2,60,no_hr_loss,3,42,0.40625,0.5078125,0.4514814814814815,1.0,5.121881484985352,0.8986959457397461
3,60,no_hr_loss,3,42,0.3125,0.4765625,0.4935897435897436,1.0,2.640073299407959,0.7088910341262817
4,60,no_hr_loss,3,42,0.3984375,0.5234375,0.4485111662531017,1.0,3.4592573642730713,0.7621973156929016
5,60,no_hr_loss,3,42,0.5546875,0.6328125,0.5135021097046414,1.0,3.2291934490203857,0.6427395343780518
6,60,no_hr_loss,3,42,0.34375,0.5,0.4,1.0,4.2230424880981445,0.7522057890892029
7,60,no_hr_loss,3,42,0.25,0.359375,0.3633540372670807,1.0,2.7699906826019287,0.503557562828064
8,60,no_hr_loss,3,42,0.375,0.46875,0.43636363636363634,1.0,5.539436340332031,0.9527323842048645
9,60,no_hr_loss,3,42,0.3828125,0.625,0.4494949494949495,1.0,3.8704757690429688,0.8450660109519958
10,60,no_hr_loss,3,42,0.296875,0.375,0.48484848484848486,1.0,5.6566338539123535,0.8816124796867371
11,60,no_hr_loss,3,42,0.328125,0.359375,0.42,1.0,4.255321025848389,0.8346678018569946
12,60,no_hr_loss,3,42,0.359375,0.5078125,0.4420454545454545,1.0,3.4584641456604004,0.7965027093887329
13,60,no_hr_loss,3,42,0.3359375,0.40625,0.45993589743589747,1.0,4.207278251647949,0.9132612347602844
14,60,no_hr_loss,3,42,0.328125,0.453125,0.4411111111111111,1.0,3.591038942337036,0.8255943059921265
15,60,no_hr_loss,3,42,0.3359375,0.4296875,0.4140689089417555,1.0,3.288577079772949,0.6231027245521545
16,60,no_hr_loss,3,42,0.4375,0.625,0.3684210526315789,1.0,4.785518646240234,0.8574748039245605
17,60,no_hr_loss,3,42,0.3671875,0.515625,0.4446428571428571,1.0,4.5641374588012695,0.9528273940086365
18,60,no_hr_loss,3,42,0.25,0.421875,0.34782608695652173,1.0,3.807255744934082,0.728959321975708
19,60,no_hr_loss,3,42,0.2890625,0.4921875,0.3762719703977798,1.0,4.945436477661133,0.9703346490859985
20,60,no_hr_loss,3,42,0.34375,0.515625,0.3793103448275862,1.0,3.341980457305908,0.6400179266929626
21,60,no_hr_loss,3,42,0.296875,0.484375,0.41818181818181815,1.0,2.7953221797943115,0.5854588150978088
22,60,no_hr_loss,3,42,0.390625,0.453125,0.43103448275862066,1.0,4.022250175476074,0.8223235011100769
23,60,no_hr_loss,3,42,0.546875,0.578125,0.5023291925465838,1.0,3.3980441093444824,0.7628840208053589
24,60,no_hr_loss,3,42,0.265625,0.453125,0.4444444444444444,1.0,5.149780750274658,0.8985059857368469
25,60,no_hr_loss,3,42,0.4296875,0.484375,0.5103021978021978,1.0,3.38625431060791,0.6250935792922974
26,60,no_hr_loss,3,42,0.375,0.5390625,0.49,1.0,3.400120258331299,0.6259672045707703
27,60,no_hr_loss,3,42,0.2734375,0.421875,0.39767441860465114,1.0,4.265701770782471,0.7668526768684387
28,60,no_hr_loss,3,42,0.3203125,0.4375,0.41428571428571426,1.0,3.639068126678467,0.6820052862167358
29,60,no_hr_loss,3,42,0.28125,0.375,0.4186046511627907,1.0,6.125263214111328,1.16678786277771
30,60,no_hr_loss,3,42,0.390625,0.453125,0.43040293040293043,1.0,3.4050779342651367,0.655787467956543
31,60,no_hr_loss,3,42,0.46875,0.46875,0.3953488372093023,1.0,4.837223052978516,0.9360600709915161
32,60,no_hr_loss,3,42,0.390625,0.578125,0.46938775510204084,1.0,3.3379058837890625,0.7136745452880859
33,60,no_hr_loss,3,42,0.3046875,0.4296875,0.4818796068796069,1.0,4.4135565757751465,1.0301154851913452
34,60,no_hr_loss,3,42,0.359375,0.421875,0.4406779661016949,1.0,4.2630767822265625,0.9651002883911133
35,60,no_hr_loss,3,42,0.296875,0.3125,0.42857142857142855,1.0,5.375044822692871,0.8087034225463867
36,60,no_hr_loss,3,42,0.28125,0.4765625,0.37789661319073087,1.0,3.5103437900543213,0.7534736394882202
37,60,no_hr_loss,3,42,0.328125,0.40625,0.45,1.0,3.482194423675537,0.7103840112686157
38,60,no_hr_loss,3,42,0.3203125,0.34375,0.45170731707317074,1.0,6.916929721832275,1.0922943353652954
39,60,no_hr_loss,3,42,0.2734375,0.421875,0.38467117988394584,1.0,3.449718475341797,0.6095564365386963
40,60,no_hr_loss,3,42,0.3203125,0.4453125,0.4410268270120259,1.0,3.6286048889160156,0.738623321056366
41,60,no_hr_loss,3,42,0.359375,0.53125,0.49019607843137253,1.0,4.7067060470581055,0.7394833564758301
42,60,no_hr_loss,3,42,0.28125,0.4375,0.4,1.0,4.842963218688965,0.9905221462249756
43,60,no_hr_loss,3,42,0.3046875,0.46875,0.3717105263157895,1.0,5.260311126708984,1.050876259803772
44,60,no_hr_loss,3,42,0.25,0.34375,0.39473684210526316,1.0,3.808591842651367,0.7567690014839172
45,60,no_hr_loss,3,42,0.34375,0.4375,0.45340425531914896,1.0,4.0019121170043945,0.7823830246925354
46,60,no_hr_loss,3,42,0.328125,0.40625,0.4375,1.0,5.724093437194824,1.0528463125228882
47,60,no_hr_loss,3,42,0.3125,0.46875,0.37037037037037035,1.0,4.017035484313965,0.9009708166122437
48,60,no_hr_loss,3,42,0.328125,0.453125,0.4222222222222222,1.0,4.439915180206299,0.888445258140564
49,60,no_hr_loss,3,42,0.296875,0.46875,0.4230769230769231,1.0,4.866623878479004,0.8356351852416992
50,60,no_hr_loss,3,42,0.3203125,0.4765625,0.3917410714285714,1.0,2.3865721225738525,0.6214475035667419
51,60,no_hr_loss,3,42,0.328125,0.46875,0.43137254901960786,1.0,4.655141353607178,0.9858616590499878
52,60,no_hr_loss,3,42,0.359375,0.421875,0.46,1.0,3.035034656524658,0.585352897644043
53,60,no_hr_loss,3,42,0.578125,0.4609375,0.5531707317073171,1.0,4.119505882263184,0.8609998822212219
54,60,no_hr_loss,3,42,0.3203125,0.4453125,0.4223809523809524,1.0,4.28475284576416,0.904349148273468
55,60,no_hr_loss,3,42,0.34375,0.53125,0.36363636363636365,1.0,4.199736595153809,1.0383800268173218
56,60,no_hr_loss,3,42,0.3828125,0.484375,0.446585672392124,1.0,5.246582984924316,1.0151036977767944
57,60,no_hr_loss,3,42,0.3125,0.390625,0.4049886621315193,1.0,4.125158786773682,0.9975162148475647
58,60,no_hr_loss,3,42,0.4375,0.5,0.409297052154195,1.0,2.9580044746398926,0.7132412791252136
59,60,no_hr_loss,3,42,0.390625,0.4375,0.46296296296296297,1.0,3.665013551712036,0.5973358154296875
60,60,no_hr_loss,3,42,0.34375,0.4921875,0.4377462568951931,1.0,3.2904624938964844,0.6819329261779785
61,60,no_hr_loss,3,42,0.34375,0.34375,0.4489795918367347,1.0,5.768407821655273,1.1447187662124634
62,60,no_hr_loss,3,42,0.28125,0.359375,0.3902439024390244,1.0,3.6441900730133057,0.7069976925849915
63,60,no_hr_loss,3,42,0.453125,0.515625,0.48333333333333334,1.0,3.2580981254577637,0.6518856883049011
64,60,no_hr_loss,3,42,0.3125,0.3828125,0.4605899419729207,1.0,3.625941753387451,0.67172771692276
65,60,no_hr_loss,3,42,0.2734375,0.390625,0.38215102974828374,1.0,4.143893718719482,0.8175515532493591
66,60,no_hr_loss,3,42,0.3515625,0.40625,0.4559018567639257,1.0,4.643263816833496,0.8437343835830688
67,60,no_hr_loss,3,42,0.34375,0.46875,0.3902439024390244,1.0,2.936150074005127,0.6080322265625
68,60,no_hr_loss,3,42,0.75,0.546875,0.46601941747572817,1.0,3.7631287574768066,0.841442346572876
69,60,no_hr_loss,3,42,0.3359375,0.4375,0.3900928792569659,1.0,4.725419044494629,0.7689034938812256
70,60,no_hr_loss,3,42,0.2890625,0.328125,0.4331597222222222,1.0,4.824196815490723,0.9891270995140076
71,60,no_hr_loss,3,42,0.5,0.6875,0.484375,1.0,3.495556354522705,0.6614395976066589
72,60,no_hr_loss,3,42,0.265625,0.390625,0.425531914893617,1.0,5.341581344604492,1.1150999069213867
73,60,no_hr_loss,3,42,0.40625,0.515625,0.38461538461538464,1.0,4.043034553527832,0.9083177447319031
74,60,no_hr_loss,3,42,0.3125,0.40625,0.44,1.0,3.9368643760681152,0.7961722612380981
75,60,no_hr_loss,3,42,0.375,0.46875,0.4166666666666667,1.0,4.767416000366211,0.8844574689865112
76,60,no_hr_loss,3,42,0.25,0.421875,0.32653061224489793,1.0,4.795168876647949,0.7496393322944641
77,60,no_hr_loss,3,42,0.3671875,0.40625,0.530764029749831,1.0,4.707300662994385,0.8964798450469971
78,60,no_hr_loss,3,42,0.40625,0.390625,0.59375,1.0,3.3908843994140625,0.6877338886260986
79,60,no_hr_loss,3,42,0.28125,0.421875,0.36,1.0,4.708881855010986,1.0407975912094116
80,60,no_hr_loss,3,42,0.3125,0.40625,0.40816326530612246,1.0,3.284761428833008,0.6356657147407532
81,60,no_hr_loss,3,42,0.265625,0.453125,0.37209302325581395,1.0,3.045490264892578,0.6054532527923584
82,60,no_hr_loss,3,42,0.3125,0.5,0.39215686274509803,1.0,3.5107622146606445,0.747880220413208
83,60,no_hr_loss,3,42,0.3515625,0.421875,0.4092346616065781,1.0,4.552642822265625,0.9849852919578552
84,60,no_hr_loss,3,42,0.296875,0.484375,0.4117647058823529,1.0,2.6048226356506348,0.5155601501464844
85,60,no_hr_loss,3,42,0.3125,0.40625,0.5,1.0,3.0868844985961914,0.5872243046760559
86,60,no_hr_loss,3,42,0.375,0.453125,0.4444444444444444,1.0,6.532735347747803,1.1870561838150024
87,60,no_hr_loss,3,42,0.328125,0.453125,0.4166666666666667,1.0,3.9299545288085938,0.7987940907478333
88,60,no_hr_loss,3,42,0.40625,0.4921875,0.4627438439398785,1.0,2.7619807720184326,0.5606194138526917
89,60,no_hr_loss,3,42,0.2890625,0.390625,0.3851744186046512,1.0,5.67861795425415,0.9312818646430969
90,60,no_hr_loss,3,42,0.3046875,0.4140625,0.4,1.0,2.52705454826355,0.47096845507621765
91,60,no_hr_loss,3,42,0.296875,0.390625,0.3958333333333333,1.0,3.3688621520996094,0.7457988858222961
92,60,no_hr_loss,3,42,0.296875,0.421875,0.39285714285714285,1.0,4.895005702972412,0.8306078910827637
93,60,no_hr_loss,3,42,0.4296875,0.5390625,0.5195866378274453,1.0,3.2867913246154785,0.6737990379333496
94,60,no_hr_loss,3,42,0.375,0.484375,0.43636363636363634,1.0,5.088832855224609,0.9124130010604858
95,60,no_hr_loss,3,42,0.359375,0.484375,0.43859649122807015,1.0,6.391366958618164,1.0468878746032715
96,60,no_hr_loss,3,42,0.375,0.46875,0.4915254237288136,1.0,6.473569869995117,1.1507655382156372
97,60,no_hr_loss,3,42,0.28125,0.40625,0.390224358974359,1.0,3.5793590545654297,0.7695977687835693
98,60,no_hr_loss,3,42,0.3515625,0.53125,0.3979166666666667,1.0,4.271832466125488,0.7735003232955933
99,60,no_hr_loss,3,42,0.375,0.421875,0.5098039215686274,1.0,4.226042747497559,0.9123439192771912
100,60,no_hr_loss,3,42,0.2421875,0.375,0.3482323232323232,1.0,3.529127597808838,0.760758101940155
101,60,no_hr_loss,3,42,0.328125,0.484375,0.4339622641509434,1.0,3.2415342330932617,0.7885420918464661
102,60,no_hr_loss,3,42,0.28125,0.46875,0.3979166666666667,1.0,3.0632033348083496,0.6282520294189453
103,60,no_hr_loss,3,42,0.34375,0.40625,0.4195969125214408,1.0,2.9087729454040527,0.5902602672576904
104,60,no_hr_loss,3,42,0.296875,0.4296875,0.39600521059487626,1.0,3.4637670516967773,0.7085168957710266
105,60,no_hr_loss,3,42,0.296875,0.359375,0.5217391304347826,1.0,4.284733295440674,0.7632107138633728
106,60,no_hr_loss,3,42,0.375,0.5,0.46153846153846156,1.0,4.111884593963623,0.84061598777771
107,60,no_hr_loss,3,42,0.296875,0.390625,0.42424242424242425,1.0,4.187590599060059,0.8140175938606262
108,60,no_hr_loss,3,42,0.3203125,0.421875,0.39438791242676535,1.0,4.199129104614258,0.807216227054596
109,60,no_hr_loss,3,42,0.40625,0.4453125,0.5196920873612603,1.0,6.818569183349609,1.4059785604476929
110,60,no_hr_loss,3,42,0.4609375,0.453125,0.42735042735042733,1.0,3.5876564979553223,0.6375889182090759
111,60,no_hr_loss,3,42,0.46875,0.671875,0.4838709677419355,1.0,3.3193118572235107,0.646072268486023
112,60,no_hr_loss,3,42,0.359375,0.390625,0.41304347826086957,1.0,4.075708866119385,0.7955661416053772
113,60,no_hr_loss,3,42,0.2890625,0.375,0.4080100125156445,1.0,7.345666885375977,1.0440388917922974
114,60,no_hr_loss,3,42,0.359375,0.53125,0.45098039215686275,1.0,4.314345359802246,0.7852714657783508
115,60,no_hr_loss,3,42,0.296875,0.46875,0.40425531914893614,1.0,3.7744362354278564,0.7747291326522827
116,60,no_hr_loss,3,42,0.34375,0.5,0.46808510638297873,1.0,4.83176851272583,0.7549883723258972
117,60,no_hr_loss,3,42,0.28125,0.4765625,0.35271467077396995,1.0,3.4383766651153564,0.689965546131134
118,60,no_hr_loss,3,42,0.375,0.390625,0.423728813559322,1.0,4.0372185707092285,0.8304324746131897
119,60,no_hr_loss,3,42,0.296875,0.4375,0.3695652173913043,1.0,2.8791399002075195,0.645792543888092
120,60,no_hr_loss,3,42,0.34375,0.4375,0.4634146341463415,1.0,3.3301713466644287,0.71792072057724
121,60,no_hr_loss,3,42,0.3515625,0.4296875,0.4935897435897436,1.0,6.044550895690918,1.2502377033233643
122,60,no_hr_loss,3,42,0.28125,0.4375,0.3695652173913043,1.0,3.0146164894104004,0.6904832124710083
123,60,no_hr_loss,3,42,0.3125,0.484375,0.43902439024390244,1.0,4.17445182800293,0.7324299812316895
124,60,no_hr_loss,3,42,0.265625,0.375,0.4883720930232558,1.0,3.174072265625,0.696299135684967
125,60,no_hr_loss,3,42,0.28125,0.34375,0.42857142857142855,1.0,3.880519390106201,0.6030892133712769
126,60,no_hr_loss,3,42,0.359375,0.515625,0.3787878787878788,1.0,3.509977340698242,0.729239284992218
127,60,no_hr_loss,3,42,0.3046875,0.4140625,0.39285714285714285,1.0,2.749821186065674,0.5076813101768494
128,60,no_hr_loss,3,42,0.2890625,0.4140625,0.4574468085106383,1.0,3.211491107940674,0.7214427590370178
129,60,no_hr_loss,3,42,0.328125,0.453125,0.41935483870967744,1.0,4.056133270263672,0.8116471171379089
130,60,no_hr_loss,3,42,0.3359375,0.453125,0.4907407407407407,1.0,4.041613578796387,0.6610613465309143
131,60,no_hr_loss,3,42,0.3125,0.453125,0.4037467700258398,1.0,4.342089653015137,0.8101414442062378
132,60,no_hr_loss,3,42,0.5546875,0.6953125,0.4836996336996337,1.0,3.628661632537842,0.8323939442634583
133,60,no_hr_loss,3,42,0.296875,0.453125,0.3686792452830189,1.0,4.116507530212402,0.8848699331283569
134,60,no_hr_loss,3,42,0.34375,0.390625,0.39285714285714285,1.0,5.499255180358887,0.8858591914176941
135,60,no_hr_loss,3,42,0.3671875,0.578125,0.42810734463276834,1.0,3.770479202270508,0.780750572681427
136,60,no_hr_loss,3,42,0.265625,0.40625,0.34782608695652173,1.0,3.7572388648986816,0.7882602214813232
137,60,no_hr_loss,3,42,0.328125,0.453125,0.4189189189189189,1.0,3.6320762634277344,0.8773433566093445
138,60,no_hr_loss,3,42,0.40625,0.5625,0.48,1.0,3.126498222351074,0.7854565382003784
139,60,no_hr_loss,3,42,0.34375,0.546875,0.37753587333003463,1.0,3.681218147277832,0.7559311985969543
140,60,no_hr_loss,3,42,0.3359375,0.40625,0.51,1.0,3.1698803901672363,0.6583596467971802
141,60,no_hr_loss,3,42,0.3828125,0.5,0.430614406779661,1.0,3.496027946472168,0.6683474779129028
142,60,no_hr_loss,3,42,0.359375,0.453125,0.4423076923076923,1.0,3.7983591556549072,0.6608776450157166
143,60,no_hr_loss,3,42,0.3125,0.40625,0.43768634466308887,1.0,4.188304901123047,0.8105546832084656
144,60,no_hr_loss,3,42,0.34375,0.375,0.4166666666666667,1.0,3.719496726989746,0.7134924530982971
145,60,no_hr_loss,3,42,0.3828125,0.3984375,0.4787775891341256,1.0,6.520546913146973,1.0103541612625122
146,60,no_hr_loss,3,42,0.3125,0.3828125,0.44771241830065356,1.0,5.9317402839660645,0.8857806324958801
147,60,no_hr_loss,3,42,0.375,0.515625,0.42105263157894735,1.0,4.48968505859375,0.8730653524398804
148,60,no_hr_loss,3,42,0.3046875,0.4609375,0.4045086119554204,1.0,5.353898048400879,0.8717339634895325
149,60,no_hr_loss,3,42,0.3125,0.40625,0.38636363636363635,1.0,3.990152597427368,0.7740898728370667
150,60,no_hr_loss,3,42,0.265625,0.421875,0.37777777777777777,1.0,3.695128917694092,0.736829936504364
151,60,no_hr_loss,3,42,0.3125,0.53125,0.36585365853658536,1.0,4.351800918579102,0.7981176376342773
152,60,no_hr_loss,3,42,0.3984375,0.5390625,0.4451058201058201,1.0,4.725545883178711,0.9110397696495056
153,60,no_hr_loss,3,42,0.328125,0.5703125,0.34748010610079577,1.0,3.8595991134643555,0.7391460537910461
154,60,no_hr_loss,3,42,0.34375,0.515625,0.3958333333333333,1.0,3.4697153568267822,0.7803403735160828
155,60,no_hr_loss,3,42,0.3125,0.40625,0.4352159468438538,1.0,3.250436544418335,0.6722381711006165
156,60,no_hr_loss,3,42,0.34375,0.53125,0.4594594594594595,1.0,4.217537879943848,0.815087080001831
157,60,no_hr_loss,3,42,0.3046875,0.421875,0.45951536643026003,1.0,5.27840518951416,0.9898476004600525
158,60,no_hr_loss,3,42,0.328125,0.390625,0.4375,1.0,5.068502426147461,1.0700852870941162
159,60,no_hr_loss,3,42,0.3125,0.40625,0.40425531914893614,1.0,3.50472354888916,0.6385449171066284
160,60,no_hr_loss,3,42,0.28125,0.515625,0.3,1.0,6.52799654006958,0.9208984971046448
161,60,no_hr_loss,3,42,0.328125,0.5,0.43137254901960786,1.0,3.5401790142059326,0.8643301129341125
162,60,no_hr_loss,3,42,0.296875,0.46875,0.40425531914893614,1.0,5.924198150634766,1.0304818153381348
163,60,no_hr_loss,3,42,0.359375,0.484375,0.43548387096774194,1.0,4.455428123474121,0.931875467300415
164,60,no_hr_loss,3,42,0.28125,0.375,0.4090909090909091,1.0,4.314825534820557,0.8229327201843262
165,60,no_hr_loss,3,42,0.2734375,0.4453125,0.39332659251769464,1.0,3.062375783920288,0.6393314599990845
166,60,no_hr_loss,3,42,0.3828125,0.3984375,0.4542195256480971,1.0,2.8839640617370605,0.538003146648407
167,60,no_hr_loss,3,42,0.28125,0.375,0.4411764705882353,1.0,3.1478633880615234,0.6365481019020081
168,60,no_hr_loss,3,42,0.46875,0.46875,0.4349943534726144,1.0,5.257687568664551,1.1559354066848755
169,60,no_hr_loss,3,42,0.546875,0.59375,0.4247787610619469,1.0,2.934568405151367,0.6015965342521667
170,60,no_hr_loss,3,42,0.296875,0.46875,0.41304347826086957,1.0,4.331995964050293,0.8341572880744934
171,60,no_hr_loss,3,42,0.296875,0.3828125,0.4369034994697773,1.0,6.661736488342285,1.2999894618988037
172,60,no_hr_loss,3,42,0.265625,0.390625,0.38636363636363635,1.0,5.2989959716796875,1.2050012350082397
173,60,no_hr_loss,3,42,0.4375,0.484375,0.5128205128205128,1.0,2.5558528900146484,0.5305776596069336
174,60,no_hr_loss,3,42,0.359375,0.5,0.45098039215686275,1.0,3.6353979110717773,0.7244687080383301
175,60,no_hr_loss,3,42,0.40625,0.5546875,0.38655462184873945,1.0,4.27508544921875,0.906927227973938
176,60,no_hr_loss,3,42,0.3828125,0.5703125,0.4219063545150502,1.0,3.8795008659362793,0.8097999691963196
177,60,no_hr_loss,3,42,0.265625,0.453125,0.39473684210526316,1.0,3.6758499145507812,0.6459974646568298
178,60,no_hr_loss,3,42,0.28125,0.390625,0.4473684210526316,1.0,5.358354568481445,0.8673823475837708
179,60,no_hr_loss,3,42,0.28125,0.4765625,0.3711734693877551,1.0,4.5355939865112305,0.9617407321929932
180,60,no_hr_loss,3,42,0.296875,0.390625,0.40425531914893614,1.0,3.583569049835205,0.7425340414047241
181,60,no_hr_loss,3,42,0.3125,0.40625,0.425531914893617,1.0,4.6399383544921875,0.894527792930603
182,60,no_hr_loss,3,42,0.328125,0.40625,0.4444444444444444,1.0,4.238566875457764,0.8443374037742615
183,60,no_hr_loss,3,42,0.3359375,0.4296875,0.41571194762684127,1.0,4.488021373748779,0.840394914150238
184,60,no_hr_loss,3,42,0.3125,0.421875,0.43799019607843137,1.0,6.6182861328125,1.1751887798309326
185,60,no_hr_loss,3,42,0.484375,0.625,0.5003511852502195,1.0,5.263294696807861,0.956344723701477
186,60,no_hr_loss,3,42,0.359375,0.46875,0.4791666666666667,1.0,4.632284164428711,1.0029284954071045
187,60,no_hr_loss,3,42,0.453125,0.5390625,0.48846675712347354,1.0,3.100787878036499,0.6761681437492371
188,60,no_hr_loss,3,42,0.375,0.390625,0.391304347826087,1.0,4.317180633544922,0.9267619848251343
189,60,no_hr_loss,3,42,0.296875,0.328125,0.42,1.0,3.5890841484069824,0.7710847854614258
190,60,no_hr_loss,3,42,0.3515625,0.4765625,0.3835139318885449,1.0,4.072081565856934,0.789219319820404
191,60,no_hr_loss,3,42,0.3671875,0.40625,0.5018648018648019,1.0,3.778846263885498,0.7613357305526733
192,60,no_hr_loss,3,42,0.3203125,0.5078125,0.45031446540880504,1.0,2.528514862060547,0.5954936146736145
193,60,no_hr_loss,3,42,0.359375,0.421875,0.4591346153846154,1.0,4.164084434509277,0.902685284614563
194,60,no_hr_loss,3,42,0.328125,0.484375,0.4666666666666667,1.0,4.140779495239258,0.887084424495697
195,60,no_hr_loss,3,42,0.296875,0.359375,0.391304347826087,1.0,4.18072509765625,0.6636396050453186
196,60,no_hr_loss,3,42,0.453125,0.4375,0.4264705882352941,1.0,3.114776372909546,0.6235989332199097
197,60,no_hr_loss,3,42,0.21875,0.375,0.34146341463414637,1.0,5.524782180786133,1.132642388343811
198,60,no_hr_loss,3,42,0.375,0.515625,0.4528301886792453,1.0,4.632294654846191,0.9555822014808655
199,60,no_hr_loss,3,42,0.3125,0.421875,0.36764705882352944,1.0,4.018023490905762,0.8320274353027344
200,60,no_hr_loss,3,42,0.421875,0.4296875,0.5394957983193277,1.0,4.9474945068359375,1.0055124759674072
201,60,no_hr_loss,3,42,0.328125,0.390625,0.4231601731601732,1.0,3.9591927528381348,0.8261761665344238
202,60,no_hr_loss,3,42,0.328125,0.5,0.43137254901960786,1.0,5.828141212463379,0.9325159192085266
203,60,no_hr_loss,3,42,0.25,0.390625,0.41025641025641024,1.0,4.1114821434021,0.7684703469276428
204,60,no_hr_loss,3,42,0.3671875,0.453125,0.37777777777777777,1.0,3.651219367980957,0.73023921251297
205,60,no_hr_loss,3,42,0.3359375,0.453125,0.44846261355695316,1.0,4.389471530914307,0.8324768543243408
206,60,no_hr_loss,3,42,0.3125,0.421875,0.3953488372093023,1.0,3.3190131187438965,0.5647050142288208
207,60,no_hr_loss,3,42,0.296875,0.453125,0.3953488372093023,1.0,3.3694052696228027,0.6958619356155396
208,60,no_hr_loss,3,42,0.296875,0.421875,0.4,1.0,4.606890678405762,0.9370149970054626
209,60,no_hr_loss,3,42,0.328125,0.40625,0.42857142857142855,1.0,4.958897113800049,0.8614798188209534
210,60,no_hr_loss,3,42,0.375,0.5078125,0.44007569386038686,1.0,3.377286434173584,0.7591484189033508
211,60,no_hr_loss,3,42,0.3046875,0.4765625,0.4539295392953929,1.0,4.701483249664307,0.981562077999115
212,60,no_hr_loss,3,42,0.296875,0.453125,0.4146341463414634,1.0,3.6352615356445312,0.7191612124443054
213,60,no_hr_loss,3,42,0.46875,0.71875,0.425,1.0,3.0703046321868896,0.6290609240531921
214,60,no_hr_loss,3,42,0.3203125,0.4609375,0.4267161410018553,1.0,3.6921069622039795,0.7396124005317688
215,60,no_hr_loss,3,42,0.25,0.421875,0.375,1.0,4.38582181930542,0.876719057559967
216,60,no_hr_loss,3,42,0.3125,0.359375,0.5,1.0,4.0624470710754395,0.8058582544326782
217,60,no_hr_loss,3,42,0.328125,0.40625,0.42,1.0,2.859130859375,0.6241138577461243
218,60,no_hr_loss,3,42,0.375,0.578125,0.4067796610169492,1.0,4.148377895355225,0.7078946828842163
219,60,no_hr_loss,3,42,0.265625,0.34375,0.4166666666666667,1.0,5.03428840637207,0.880332350730896
220,60,no_hr_loss,3,42,0.2734375,0.3828125,0.42428571428571427,1.0,3.4855551719665527,0.7324210405349731
221,60,no_hr_loss,3,42,0.46875,0.484375,0.37254901960784315,1.0,4.350102424621582,0.9268577694892883
222,60,no_hr_loss,3,42,0.359375,0.4296875,0.4308510638297872,1.0,1.9997519254684448,0.5064529776573181
223,60,no_hr_loss,3,42,0.4921875,0.6015625,0.4151643690349947,1.0,3.3920626640319824,0.8482091426849365
224,60,no_hr_loss,3,42,0.3125,0.40625,0.42857142857142855,1.0,3.3210010528564453,0.6865766048431396
225,60,no_hr_loss,3,42,0.34375,0.390625,0.47368421052631576,1.0,4.5432538986206055,0.8638380765914917
226,60,no_hr_loss,3,42,0.4296875,0.484375,0.4861780777884925,1.0,3.4619078636169434,0.6582625508308411
227,60,no_hr_loss,3,42,0.28125,0.34375,0.4408236705317873,1.0,7.228346824645996,1.1518610715866089
228,60,no_hr_loss,3,42,0.3125,0.3671875,0.45782312925170066,1.0,4.975240707397461,0.9816570281982422
229,60,no_hr_loss,3,42,0.375,0.5,0.4074074074074074,1.0,2.483473777770996,0.6048792004585266
230,60,no_hr_loss,3,42,0.4140625,0.5078125,0.5532150776053215,1.0,4.4737091064453125,0.8973328471183777
231,60,no_hr_loss,3,42,0.3515625,0.5859375,0.34976525821596244,1.0,3.296335220336914,0.6892322301864624
232,60,no_hr_loss,3,42,0.3125,0.375,0.47368421052631576,1.0,4.175424575805664,0.8251726627349854
233,60,no_hr_loss,3,42,0.421875,0.5625,0.5,1.0,3.4145846366882324,0.7573198080062866
234,60,no_hr_loss,3,42,0.3125,0.4140625,0.554978354978355,1.0,3.6346445083618164,0.7376906275749207
235,60,no_hr_loss,3,42,0.25,0.390625,0.3958333333333333,1.0,4.8589887619018555,0.8541545271873474
236,60,no_hr_loss,3,42,0.328125,0.5,0.40350877192982454,1.0,3.542818069458008,0.8914363980293274
237,60,no_hr_loss,3,42,0.34375,0.5,0.4418604651162791,1.0,3.843761444091797,0.7551797032356262
238,60,no_hr_loss,3,42,0.34375,0.4375,0.44594594594594594,1.0,5.179598808288574,0.9656834602355957
239,60,no_hr_loss,3,42,0.3046875,0.3984375,0.4285714285714286,1.0,4.974610328674316,0.9847232103347778
240,60,no_hr_loss,3,42,0.3125,0.4375,0.4222222222222222,1.0,3.1649203300476074,0.6802853345870972
241,60,no_hr_loss,3,42,0.421875,0.4765625,0.491156462585034,1.0,4.390337944030762,0.8359978795051575
242,60,no_hr_loss,3,42,0.359375,0.484375,0.423728813559322,1.0,4.658628463745117,0.8779473304748535
243,60,no_hr_loss,3,42,0.328125,0.484375,0.3556547619047619,1.0,3.6970014572143555,0.7031940817832947
244,60,no_hr_loss,3,42,0.3125,0.34375,0.43379446640316205,1.0,4.800480842590332,0.8415916562080383
245,60,no_hr_loss,3,42,0.6875,0.796875,0.6153846153846154,1.0,5.8368072509765625,0.9927363395690918
246,60,no_hr_loss,3,42,0.375,0.5,0.4528301886792453,1.0,4.138185977935791,0.8423894047737122
247,60,no_hr_loss,3,42,0.3671875,0.421875,0.41657397107897665,1.0,4.321983337402344,0.8375823497772217
248,60,no_hr_loss,3,42,0.390625,0.421875,0.5017482517482518,1.0,3.508681297302246,0.7445889711380005
249,60,no_hr_loss,3,42,0.359375,0.484375,0.43859649122807015,1.0,3.9725379943847656,0.580244779586792
250,60,no_hr_loss,3,42,0.359375,0.46875,0.40425531914893614,1.0,4.98294734954834,0.9952557682991028
251,60,no_hr_loss,3,42,0.4140625,0.453125,0.503968253968254,1.0,4.219130516052246,0.8616623878479004
252,60,no_hr_loss,3,42,0.328125,0.4375,0.42,1.0,4.199112415313721,0.8546999096870422
253,60,no_hr_loss,3,42,0.40625,0.53125,0.4854368932038835,1.0,3.6239609718322754,0.7495569586753845
254,60,no_hr_loss,3,42,0.3125,0.4140625,0.4158823529411765,1.0,3.8845248222351074,0.8625762462615967
255,60,no_hr_loss,3,42,0.28125,0.359375,0.4090909090909091,1.0,5.059013366699219,0.9210626482963562
256,60,no_hr_loss,3,42,0.328125,0.390625,0.43137254901960786,1.0,3.9631853103637695,0.9045048952102661
257,60,no_hr_loss,3,42,0.28125,0.453125,0.41025641025641024,1.0,4.345495223999023,0.8403452038764954
258,60,no_hr_loss,3,42,0.265625,0.359375,0.3695652173913043,1.0,3.6712539196014404,0.7284731864929199
259,60,no_hr_loss,3,42,0.3125,0.421875,0.4218235681369322,1.0,3.3824591636657715,0.718701183795929
260,60,no_hr_loss,3,42,0.3203125,0.40625,0.4142156862745098,1.0,5.024096965789795,1.055518388748169
261,60,no_hr_loss,3,42,0.484375,0.453125,0.5423728813559322,1.0,4.950584411621094,1.0167386531829834
262,60,no_hr_loss,3,42,0.328125,0.421875,0.5,1.0,4.14030647277832,0.8848758935928345
263,60,no_hr_loss,3,42,0.328125,0.421875,0.4307692307692308,1.0,4.021198272705078,0.838858962059021
264,60,no_hr_loss,3,42,0.421875,0.484375,0.5192307692307693,1.0,4.853147506713867,0.7668864727020264
265,60,no_hr_loss,3,42,0.359375,0.59375,0.4530187924830068,1.0,3.1112656593322754,0.7796233296394348
266,60,no_hr_loss,3,42,0.4375,0.484375,0.4745762711864407,1.0,5.21868896484375,1.052890658378601
267,60,no_hr_loss,3,42,0.296875,0.40625,0.3953488372093023,1.0,3.3799543380737305,0.7082551121711731
268,60,no_hr_loss,3,42,0.34375,0.4140625,0.3947826086956522,1.0,3.0061028003692627,0.7353187203407288
269,60,no_hr_loss,3,42,0.3828125,0.46875,0.4974974974974975,1.0,4.119236946105957,0.7876606583595276
270,60,no_hr_loss,3,42,0.34375,0.4375,0.48001355013550134,1.0,5.282354831695557,0.9530550837516785
271,60,no_hr_loss,3,42,0.2578125,0.375,0.3642697881828316,1.0,5.038447380065918,0.9612472653388977
272,60,no_hr_loss,3,42,0.3359375,0.4140625,0.4116004962779156,1.0,4.27951192855835,0.7322134971618652
273,60,no_hr_loss,3,42,0.34375,0.53125,0.4888003982080637,1.0,2.2986159324645996,0.4855353832244873
274,60,no_hr_loss,3,42,0.3125,0.4140625,0.4226190476190476,1.0,2.764136791229248,0.6567485332489014
275,60,no_hr_loss,3,42,0.28125,0.390625,0.375,1.0,4.1501359939575195,0.7261074781417847
276,60,no_hr_loss,3,42,0.328125,0.5,0.39250700280112044,1.0,2.9200167655944824,0.6262096166610718
277,60,no_hr_loss,3,42,0.328125,0.4921875,0.3877450980392157,1.0,3.201094627380371,0.699277937412262
278,60,no_hr_loss,3,42,0.328125,0.359375,0.4146341463414634,1.0,2.2459325790405273,0.4451417028903961
279,60,no_hr_loss,3,42,0.25,0.359375,0.38636363636363635,1.0,5.916769504547119,0.8942974209785461
280,60,no_hr_loss,3,42,0.390625,0.421875,0.42424242424242425,1.0,3.8344287872314453,0.8279126286506653
281,60,no_hr_loss,3,42,0.34375,0.40625,0.47427721088435376,1.0,4.462950229644775,0.7473787665367126
282,60,no_hr_loss,3,42,0.3046875,0.4140625,0.40454545454545454,1.0,3.594237804412842,0.645736575126648
283,60,no_hr_loss,3,42,0.28125,0.375,0.4473684210526316,1.0,5.590843200683594,1.0811340808868408
284,60,no_hr_loss,3,42,0.3359375,0.53125,0.37477231329690347,1.0,5.441567420959473,0.9778926372528076
285,60,no_hr_loss,3,42,0.296875,0.421875,0.35714285714285715,1.0,4.116695880889893,0.7321392297744751
286,60,no_hr_loss,3,42,0.578125,0.515625,0.5068493150684932,1.0,2.7818055152893066,0.646216869354248
287,60,no_hr_loss,3,42,0.40625,0.4609375,0.4731682146542827,1.0,4.4632978439331055,0.8388804197311401
288,60,no_hr_loss,3,42,0.25,0.421875,0.38095238095238093,1.0,4.525726318359375,0.794941246509552
289,60,no_hr_loss,3,42,0.34375,0.546875,0.3582089552238806,1.0,4.339359283447266,0.8561510443687439
290,60,no_hr_loss,3,42,0.359375,0.40625,0.4716981132075472,1.0,4.179431915283203,0.9194228649139404
291,60,no_hr_loss,3,42,0.34375,0.390625,0.4583333333333333,1.0,4.190733909606934,0.9306408166885376
292,60,no_hr_loss,3,42,0.328125,0.4296875,0.4253246753246753,1.0,4.939474105834961,0.9504756331443787
293,60,no_hr_loss,3,42,0.3046875,0.4375,0.38117283950617287,1.0,2.43424129486084,0.5479651689529419
294,60,no_hr_loss,3,42,0.34375,0.4765625,0.4423809523809524,1.0,4.724796295166016,1.010368824005127
295,60,no_hr_loss,3,42,0.34375,0.4375,0.4339622641509434,1.0,4.635074615478516,1.0446653366088867
296,60,no_hr_loss,3,42,0.328125,0.34375,0.475,1.0,5.630965232849121,0.9622495770454407
297,60,no_hr_loss,3,42,0.359375,0.4375,0.3953488372093023,1.0,3.7567663192749023,0.7974432110786438
298,60,no_hr_loss,3,42,0.4375,0.640625,0.5384615384615384,1.0,2.8873305320739746,0.6564845442771912
299,60,no_hr_loss,3,42,0.328125,0.46875,0.42,1.0,3.4754037857055664,0.7269924879074097
300,60,no_hr_loss,3,42,0.359375,0.421875,0.5111111111111111,1.0,4.7640886306762695,0.9664909839630127
301,60,no_hr_loss,3,42,0.25,0.375,0.40625,1.0,6.696493625640869,1.1813799142837524
302,60,no_hr_loss,3,42,0.3125,0.421875,0.4186046511627907,1.0,3.572932243347168,0.8933765888214111
303,60,no_hr_loss,3,42,0.4375,0.4453125,0.4422222222222222,1.0,5.516908645629883,1.0223026275634766
304,60,no_hr_loss,3,42,0.3125,0.359375,0.42986111111111114,1.0,5.254744529724121,0.9801521301269531
305,60,no_hr_loss,3,42,0.296875,0.40625,0.3953488372093023,1.0,2.941603183746338,0.6169223785400391
306,60,no_hr_loss,3,42,0.515625,0.4765625,0.4935897435897436,1.0,3.413620948791504,0.689568817615509
307,60,no_hr_loss,3,42,0.59375,0.671875,0.4074074074074074,1.0,2.7083911895751953,0.561966598033905
308,60,no_hr_loss,3,42,0.28125,0.421875,0.3960348162475822,1.0,3.3740429878234863,0.7210246324539185
309,60,no_hr_loss,3,42,0.34375,0.46875,0.4342105263157895,1.0,4.188867092132568,0.8843886852264404
310,60,no_hr_loss,3,42,0.5,0.703125,0.425,1.0,4.221412658691406,0.7697117328643799
311,60,no_hr_loss,3,42,0.265625,0.3828125,0.3362600854295207,1.0,4.236206531524658,0.6752793192863464
312,60,no_hr_loss,3,42,0.3125,0.390625,0.425531914893617,1.0,4.347322463989258,0.884212076663971
313,60,no_hr_loss,3,42,0.4375,0.5,0.43478260869565216,1.0,5.999989032745361,0.9897751212120056
314,60,no_hr_loss,3,42,0.3046875,0.3984375,0.3746498599439776,1.0,3.660426616668701,0.8466045260429382
315,60,no_hr_loss,3,42,0.2578125,0.453125,0.3883037694013304,1.0,4.938218116760254,1.1244715452194214
316,60,no_hr_loss,3,42,0.34375,0.4140625,0.4889445139758031,1.0,3.4604766368865967,0.737198531627655
317,60,no_hr_loss,3,42,0.28125,0.421875,0.39344262295081966,1.0,5.022340774536133,0.9873589277267456
318,60,no_hr_loss,3,42,0.296875,0.359375,0.4528301886792453,1.0,5.593296051025391,1.0101817846298218
319,60,no_hr_loss,3,42,0.375,0.46875,0.43636363636363634,1.0,6.674628257751465,0.9337790012359619
320,60,no_hr_loss,3,42,0.28125,0.390625,0.4109375,1.0,3.9446065425872803,0.760204017162323
321,60,no_hr_loss,3,42,0.390625,0.53125,0.3333333333333333,1.0,7.141620635986328,1.2402622699737549
322,60,no_hr_loss,3,42,0.453125,0.5,0.43859649122807015,1.0,4.440923690795898,0.9107682108879089
323,60,no_hr_loss,3,42,0.390625,0.546875,0.4250783699059561,1.0,5.506644248962402,1.089349627494812
324,60,no_hr_loss,3,42,0.40625,0.453125,0.42857142857142855,1.0,4.017220497131348,0.6827667951583862
325,60,no_hr_loss,3,42,0.3125,0.5625,0.4523809523809524,1.0,3.3808512687683105,0.6875366568565369
326,60,no_hr_loss,3,42,0.3359375,0.421875,0.4707692307692308,1.0,6.379034519195557,1.1717703342437744
327,60,no_hr_loss,3,42,0.328125,0.375,0.44448979591836735,1.0,3.261828899383545,0.7071055173873901
328,60,no_hr_loss,3,42,0.359375,0.359375,0.4339622641509434,1.0,6.065025806427002,1.0738921165466309
329,60,no_hr_loss,3,42,0.296875,0.40625,0.425,1.0,3.875649929046631,0.7415139079093933
330,60,no_hr_loss,3,42,0.328125,0.390625,0.44680851063829785,1.0,5.350738525390625,1.1313743591308594
331,60,no_hr_loss,3,42,0.3046875,0.4609375,0.40816326530612246,1.0,3.203388214111328,0.7279874086380005
332,60,no_hr_loss,3,42,0.3125,0.359375,0.4807692307692308,1.0,3.2425577640533447,0.61183100938797
333,60,no_hr_loss,3,42,0.375,0.484375,0.41379310344827586,1.0,4.852128028869629,0.9796350002288818
334,60,no_hr_loss,3,42,0.3828125,0.4375,0.45800889877641826,1.0,6.061663627624512,1.2498351335525513
335,60,no_hr_loss,3,42,0.296875,0.46875,0.4339622641509434,1.0,3.3581628799438477,0.761158287525177
336,60,no_hr_loss,3,42,0.28125,0.40625,0.391304347826087,1.0,3.671454429626465,0.7949345707893372
337,60,no_hr_loss,3,42,0.3046875,0.421875,0.3951048951048951,1.0,3.215909957885742,0.7808464765548706
338,60,no_hr_loss,3,42,0.375,0.484375,0.425891181988743,1.0,5.115287780761719,0.9796028137207031
339,60,no_hr_loss,3,42,0.3515625,0.5078125,0.3792109929078014,1.0,2.640327215194702,0.5665040612220764
340,60,no_hr_loss,3,42,0.3125,0.421875,0.40816326530612246,1.0,2.372175693511963,0.47756582498550415
341,60,no_hr_loss,3,42,0.328125,0.46875,0.4375,1.0,4.661527156829834,0.8365207314491272
342,60,no_hr_loss,3,42,0.3125,0.4375,0.38298245614035087,1.0,3.7438669204711914,0.8485566973686218
343,60,no_hr_loss,3,42,0.34375,0.40625,0.46296296296296297,1.0,4.225738048553467,0.7269178628921509
344,60,no_hr_loss,3,42,0.34375,0.421875,0.44400199104031857,1.0,4.013152122497559,0.8887668251991272
345,60,no_hr_loss,3,42,0.3984375,0.421875,0.5337837837837838,1.0,3.3236336708068848,0.7223681807518005
346,60,no_hr_loss,3,42,0.3671875,0.5546875,0.39757525083612044,1.0,5.671387195587158,1.1312588453292847
347,60,no_hr_loss,3,42,0.296875,0.5,0.43902439024390244,1.0,3.0835952758789062,0.6537158489227295
348,60,no_hr_loss,3,42,0.296875,0.3125,0.4375,1.0,6.968934059143066,1.2305678129196167
349,60,no_hr_loss,3,42,0.375,0.40625,0.42857142857142855,1.0,4.366528511047363,0.83965665102005
350,60,no_hr_loss,3,42,0.328125,0.484375,0.41304347826086957,1.0,4.435702800750732,0.9435679912567139
351,60,no_hr_loss,3,42,0.296875,0.3828125,0.3571428571428571,1.0,4.950024127960205,0.9770941138267517
352,60,no_hr_loss,3,42,0.359375,0.4921875,0.40617848970251713,1.0,3.569345712661743,0.697577714920044
353,60,no_hr_loss,3,42,0.296875,0.4375,0.3870967741935484,1.0,4.680978298187256,0.8965338468551636
354,60,no_hr_loss,3,42,0.3203125,0.4453125,0.40474308300395256,1.0,3.7677645683288574,0.8763900399208069
355,60,no_hr_loss,3,42,0.3125,0.4296875,0.3795883361921098,1.0,3.1982741355895996,0.6666778922080994
356,60,no_hr_loss,3,42,0.375,0.484375,0.4575289575289575,1.0,5.021972179412842,1.0174604654312134
357,60,no_hr_loss,3,42,0.296875,0.390625,0.37254901960784315,1.0,4.631059169769287,1.0072814226150513
358,60,no_hr_loss,3,42,0.296875,0.4140625,0.41428571428571426,1.0,4.380209922790527,0.9142323136329651
359,60,no_hr_loss,3,42,0.3671875,0.3671875,0.46003134796238243,1.0,3.848690986633301,0.8660256862640381
360,60,no_hr_loss,3,42,0.265625,0.40625,0.34,1.0,4.070984840393066,0.7840856909751892
361,60,no_hr_loss,3,42,0.3984375,0.421875,0.4458230958230958,1.0,4.089788913726807,0.7527220845222473
362,60,no_hr_loss,3,42,0.46875,0.546875,0.5168650793650793,1.0,4.117542266845703,0.7106844186782837
363,60,no_hr_loss,3,42,0.3671875,0.4140625,0.45967741935483875,1.0,4.694025993347168,0.9314463138580322
364,60,no_hr_loss,3,42,0.375,0.46875,0.410958904109589,1.0,4.05175256729126,0.7793014645576477
365,60,no_hr_loss,3,42,0.265625,0.390625,0.375,1.0,2.410989284515381,0.5670324563980103
366,60,no_hr_loss,3,42,0.4140625,0.921875,0.37884024577572967,1.0,3.054396390914917,0.5735964775085449
367,60,no_hr_loss,3,42,0.28125,0.421875,0.391304347826087,1.0,5.071169376373291,0.9180750846862793
368,60,no_hr_loss,3,42,0.328125,0.421875,0.42,1.0,3.953664779663086,0.6161426901817322
369,60,no_hr_loss,3,42,0.3671875,0.359375,0.5551020408163265,1.0,3.584547519683838,0.7219229936599731
370,60,no_hr_loss,3,42,0.359375,0.53125,0.3958333333333333,1.0,6.224535942077637,1.0559346675872803
371,60,no_hr_loss,3,42,0.34375,0.375,0.4423076923076923,1.0,4.219361782073975,0.7931275367736816
372,60,no_hr_loss,3,42,0.3125,0.40625,0.45098039215686275,1.0,5.06514835357666,0.9121948480606079
373,60,no_hr_loss,3,42,0.3359375,0.4296875,0.37982289690069576,1.0,4.11870002746582,0.842698872089386
374,60,no_hr_loss,3,42,0.28125,0.4921875,0.32874935132330046,1.0,4.184126377105713,0.7086070775985718
375,60,no_hr_loss,3,42,0.3359375,0.4140625,0.4148550724637681,1.0,4.815832138061523,0.9384623765945435
376,60,no_hr_loss,3,42,0.3125,0.484375,0.390625,1.0,3.2025885581970215,0.690331757068634
377,60,no_hr_loss,3,42,0.390625,0.5,0.4807692307692308,1.0,3.762467861175537,0.684072732925415
378,60,no_hr_loss,3,42,0.296875,0.46875,0.3405797101449275,1.0,3.7393484115600586,0.8200697898864746
379,60,no_hr_loss,3,42,0.3359375,0.4453125,0.3655122655122655,1.0,4.430515289306641,0.9227390885353088
380,60,no_hr_loss,3,42,0.359375,0.3828125,0.44698113207547174,1.0,2.742474317550659,0.6396574378013611
381,60,no_hr_loss,3,42,0.40625,0.46875,0.5141096979332274,1.0,4.724967956542969,0.8731324672698975
382,60,no_hr_loss,3,42,0.5,0.46875,0.5245901639344263,1.0,4.495436191558838,0.8415460586547852
383,60,no_hr_loss,3,42,0.328125,0.46875,0.45208333333333334,1.0,2.704409599304199,0.5787945985794067
384,60,no_hr_loss,3,42,0.6171875,0.59375,0.5810871518418688,1.0,3.5054988861083984,0.6847953200340271
385,60,no_hr_loss,3,42,0.359375,0.53125,0.4489795918367347,1.0,5.420325756072998,0.7749958634376526
386,60,no_hr_loss,3,42,0.328125,0.421875,0.4321266968325792,1.0,4.1219682693481445,0.8151493072509766
387,60,no_hr_loss,3,42,0.2890625,0.4609375,0.3617886178861789,1.0,4.240317344665527,0.9531804919242859
388,60,no_hr_loss,3,42,0.28125,0.40625,0.42857142857142855,1.0,2.043625831604004,0.43129244446754456
389,60,no_hr_loss,3,42,0.3125,0.3828125,0.4536878216123499,1.0,3.955153226852417,0.7055025696754456
390,60,no_hr_loss,3,42,0.3046875,0.4609375,0.40652173913043477,1.0,3.6858558654785156,0.6716141700744629
391,60,no_hr_loss,3,42,0.34375,0.40625,0.45227272727272727,1.0,3.096395969390869,0.6278311014175415
392,60,no_hr_loss,3,42,0.28125,0.40625,0.3953488372093023,1.0,3.2584452629089355,0.8294205665588379
393,60,no_hr_loss,3,42,0.3046875,0.421875,0.4147597254004577,1.0,3.407810926437378,0.7588512897491455
394,60,no_hr_loss,3,42,0.328125,0.5,0.3620689655172414,1.0,5.573394775390625,1.0270380973815918
395,60,no_hr_loss,3,42,0.359375,0.5078125,0.4507692307692308,1.0,3.1198184490203857,0.6411988139152527
396,60,no_hr_loss,3,42,0.375,0.390625,0.4473684210526316,1.0,4.632283687591553,0.971479058265686
397,60,no_hr_loss,3,42,0.328125,0.359375,0.4470108695652174,1.0,3.115046977996826,0.6254463791847229
398,60,no_hr_loss,3,42,0.3125,0.40625,0.42857142857142855,1.0,3.5128822326660156,0.6181327104568481
399,60,no_hr_loss,3,42,0.5390625,0.484375,0.5540752351097179,1.0,4.506782531738281,0.9390017986297607
400,60,no_hr_loss,3,42,0.296875,0.375,0.4418604651162791,1.0,3.3892412185668945,0.6358593702316284
401,60,no_hr_loss,3,42,0.359375,0.46875,0.4339622641509434,1.0,2.683950424194336,0.6144810318946838
402,60,no_hr_loss,3,42,0.3203125,0.4921875,0.39610389610389607,1.0,5.074339866638184,1.0685890913009644
403,60,no_hr_loss,3,42,0.453125,0.5,0.45614035087719296,1.0,4.89273738861084,0.7339766025543213
404,60,no_hr_loss,3,42,0.3125,0.4375,0.45614035087719296,1.0,5.3952202796936035,1.02700936794281
405,60,no_hr_loss,3,42,0.2734375,0.3984375,0.3934468524251806,1.0,4.959574222564697,0.9709112048149109
406,60,no_hr_loss,3,42,0.34375,0.484375,0.369774011299435,1.0,5.446299076080322,0.8958185911178589
407,60,no_hr_loss,3,42,0.296875,0.390625,0.41304347826086957,1.0,3.48249888420105,0.7644863724708557
408,60,no_hr_loss,3,42,0.265625,0.4375,0.3877551020408163,1.0,4.448336124420166,0.8237287998199463
409,60,no_hr_loss,3,42,0.3125,0.453125,0.29213483146067415,1.0,2.899869918823242,0.5211851596832275
410,60,no_hr_loss,3,42,0.375,0.53125,0.4166666666666667,1.0,6.515220642089844,1.136483907699585
411,60,no_hr_loss,3,42,0.34375,0.59375,0.43137254901960786,1.0,5.039087772369385,0.8875234723091125
412,60,no_hr_loss,3,42,0.328125,0.4375,0.42181695373184735,1.0,4.288266181945801,0.9674900770187378
413,60,no_hr_loss,3,42,0.28125,0.40625,0.3829787234042553,1.0,4.816244602203369,1.0455621480941772
414,60,no_hr_loss,3,42,0.34375,0.53125,0.41944444444444445,1.0,4.28965950012207,0.808098554611206
415,60,no_hr_loss,3,42,0.34375,0.4375,0.42,1.0,2.672708511352539,0.4736885726451874
416,60,no_hr_loss,3,42,0.328125,0.4921875,0.4523809523809524,1.0,4.441290855407715,1.1133111715316772
417,60,no_hr_loss,3,42,0.2734375,0.390625,0.3875,1.0,3.9318928718566895,0.9039264917373657
418,60,no_hr_loss,3,42,0.375,0.46875,0.45818048422597213,1.0,5.340137481689453,0.8124322295188904
419,60,no_hr_loss,3,42,0.296875,0.4375,0.38,1.0,5.2728271484375,0.9231738448143005
420,60,no_hr_loss,3,42,0.390625,0.75,0.4,1.0,5.187567234039307,0.8425953984260559
421,60,no_hr_loss,3,42,0.3984375,0.4453125,0.47909604519774013,1.0,4.823618412017822,0.9591265320777893
422,60,no_hr_loss,3,42,0.3125,0.46875,0.42857142857142855,1.0,3.7539422512054443,0.8479441404342651
423,60,no_hr_loss,3,42,0.2890625,0.3671875,0.37986270022883295,1.0,2.289799213409424,0.5043519735336304
424,60,no_hr_loss,3,42,0.3515625,0.5,0.4928030303030303,1.0,3.143115520477295,0.5884826183319092
425,60,no_hr_loss,3,42,0.4375,0.4921875,0.5147169811320755,1.0,4.492708206176758,0.8039424419403076
426,60,no_hr_loss,3,42,0.421875,0.46875,0.46938775510204084,1.0,3.5482892990112305,0.671085000038147
427,60,no_hr_loss,3,42,0.2578125,0.3671875,0.3811965811965812,1.0,4.09403133392334,0.794588565826416
428,60,no_hr_loss,3,42,0.546875,0.6015625,0.5603227459016393,1.0,3.870293617248535,0.844185471534729
429,60,no_hr_loss,3,42,0.359375,0.484375,0.48,1.0,2.7883214950561523,0.5994504690170288
430,60,no_hr_loss,3,42,0.296875,0.421875,0.4079391891891892,1.0,3.623124599456787,0.6814795136451721
431,60,no_hr_loss,3,42,0.375,0.484375,0.42592592592592593,1.0,6.592456340789795,0.9975733160972595
432,60,no_hr_loss,3,42,0.3671875,0.4375,0.4152424136728287,1.0,4.299802780151367,0.9096494317054749
433,60,no_hr_loss,3,42,0.296875,0.4375,0.32608695652173914,1.0,4.642585277557373,1.0444086790084839
434,60,no_hr_loss,3,42,0.421875,0.546875,0.5094339622641509,1.0,5.188871383666992,0.7340406775474548
435,60,no_hr_loss,3,42,0.3125,0.453125,0.46511627906976744,1.0,3.9364585876464844,0.8058682084083557
436,60,no_hr_loss,3,42,0.375,0.5,0.45614035087719296,1.0,2.5353012084960938,0.5531434416770935
437,60,no_hr_loss,3,42,0.265625,0.453125,0.375,1.0,4.20203161239624,1.060608983039856
438,60,no_hr_loss,3,42,0.28125,0.390625,0.4090909090909091,1.0,3.3516509532928467,0.7898703813552856
439,60,no_hr_loss,3,42,0.2578125,0.3828125,0.3367037411526795,1.0,2.277035713195801,0.4861965477466583
440,60,no_hr_loss,3,42,0.359375,0.453125,0.4406779661016949,1.0,3.8029584884643555,0.7391294836997986
441,60,no_hr_loss,3,42,0.390625,0.46875,0.4807692307692308,1.0,3.2897090911865234,0.7095524072647095
442,60,no_hr_loss,3,42,0.3125,0.40625,0.46511627906976744,1.0,4.585263729095459,0.8851180672645569
443,60,no_hr_loss,3,42,0.25,0.40625,0.43243243243243246,1.0,3.063871383666992,0.6116806268692017
444,60,no_hr_loss,3,42,0.4140625,0.515625,0.4536878216123499,1.0,6.245944023132324,0.9927657246589661
445,60,no_hr_loss,3,42,0.3359375,0.5078125,0.3771929824561403,1.0,3.2022645473480225,0.5521539449691772
446,60,no_hr_loss,3,42,0.359375,0.515625,0.4583333333333333,1.0,3.806851863861084,0.7530146837234497
447,60,no_hr_loss,3,42,0.34375,0.4375,0.4839193825042882,1.0,5.284060955047607,1.0477458238601685
448,60,no_hr_loss,3,42,0.390625,0.46875,0.4807692307692308,1.0,3.381460666656494,0.6317256689071655
449,60,no_hr_loss,3,42,0.328125,0.4609375,0.39604651162790694,1.0,2.986776351928711,0.541564404964447
450,60,no_hr_loss,3,42,0.3359375,0.390625,0.42297551789077215,1.0,3.6769602298736572,0.7793592810630798
451,60,no_hr_loss,3,42,0.296875,0.359375,0.4418604651162791,1.0,3.122727394104004,0.5849195122718811
452,60,no_hr_loss,3,42,0.25,0.359375,0.3695652173913043,1.0,3.5582571029663086,0.7222543954849243
453,60,no_hr_loss,3,42,0.359375,0.546875,0.45,1.0,5.464677810668945,0.9338992238044739
454,60,no_hr_loss,3,42,0.296875,0.359375,0.4186046511627907,1.0,4.243468761444092,0.9048793315887451
455,60,no_hr_loss,3,42,0.25,0.4375,0.35555555555555557,1.0,4.076611042022705,0.8129892349243164
456,60,no_hr_loss,3,42,0.359375,0.5,0.4146341463414634,1.0,4.143697261810303,0.8634252548217773
457,60,no_hr_loss,3,42,0.3359375,0.4140625,0.45742753623188404,1.0,3.740880012512207,0.6515969038009644
458,60,no_hr_loss,3,42,0.3359375,0.4921875,0.4151785714285714,1.0,2.6322388648986816,0.5864784121513367
459,60,no_hr_loss,3,42,0.28125,0.3515625,0.42251950947603123,1.0,4.259405136108398,0.9683020710945129
460,60,no_hr_loss,3,42,0.3203125,0.5,0.3983333333333333,1.0,5.1807403564453125,0.9325902462005615
461,60,no_hr_loss,3,42,0.359375,0.390625,0.4644101543056247,1.0,4.672019958496094,0.9762343168258667
462,60,no_hr_loss,3,42,0.3671875,0.5390625,0.45,1.0,5.943343639373779,1.192814826965332
463,60,no_hr_loss,3,42,0.28125,0.578125,0.36585365853658536,1.0,2.9683947563171387,0.6649181842803955
464,60,no_hr_loss,3,42,0.6484375,0.5,0.6045966228893058,1.0,4.18610954284668,0.7779300808906555
465,60,no_hr_loss,3,42,0.359375,0.515625,0.4107142857142857,1.0,5.520478248596191,0.8755518198013306
466,60,no_hr_loss,3,42,0.3125,0.4375,0.42857142857142855,1.0,6.5906243324279785,1.0345479249954224
467,60,no_hr_loss,3,42,0.34375,0.359375,0.4698996655518395,1.0,4.367290019989014,1.003060221672058
468,60,no_hr_loss,3,42,0.34375,0.515625,0.4703525641025641,1.0,4.493659496307373,0.8598347902297974
469,60,no_hr_loss,3,42,0.390625,0.484375,0.40476190476190477,1.0,4.656961441040039,0.9074786305427551
470,60,no_hr_loss,3,42,0.3125,0.421875,0.3634920634920635,1.0,3.094804286956787,0.7624216675758362
471,60,no_hr_loss,3,42,0.453125,0.59375,0.4680503144654088,1.0,5.3957319259643555,0.9450826048851013
472,60,no_hr_loss,3,42,0.2734375,0.421875,0.4549019607843137,1.0,4.228482246398926,0.7352879047393799
473,60,no_hr_loss,3,42,0.3125,0.359375,0.4156521739130435,1.0,3.6546850204467773,0.7816630601882935
474,60,no_hr_loss,3,42,0.3125,0.40625,0.425531914893617,1.0,3.757282018661499,0.7186939120292664
475,60,no_hr_loss,3,42,0.3125,0.3828125,0.3797373358348968,1.0,4.316418647766113,0.7765757441520691
476,60,no_hr_loss,3,42,0.328125,0.546875,0.3544106167056986,1.0,3.5734517574310303,0.8639960289001465
477,60,no_hr_loss,3,42,0.359375,0.4765625,0.39388173302107726,1.0,5.061999320983887,0.9353224039077759
478,60,no_hr_loss,3,42,0.34375,0.453125,0.410958904109589,1.0,5.3407087326049805,0.9873927235603333
479,60,no_hr_loss,3,42,0.390625,0.5,0.3670886075949367,1.0,3.6588101387023926,0.7391131520271301
480,60,no_hr_loss,3,42,0.265625,0.34375,0.3953488372093023,1.0,4.826789855957031,0.9223244786262512
481,60,no_hr_loss,3,42,0.375,0.4375,0.5675675675675675,1.0,4.690094470977783,0.9394122362136841
482,60,no_hr_loss,3,42,0.40625,0.4375,0.4909090909090909,1.0,5.49422025680542,0.9879770278930664
483,60,no_hr_loss,3,42,0.265625,0.359375,0.4358974358974359,1.0,3.2879486083984375,0.7604771256446838
484,60,no_hr_loss,3,42,0.2734375,0.4296875,0.42160278745644597,1.0,2.766580581665039,0.6342403888702393
485,60,no_hr_loss,3,42,0.3125,0.4375,0.4166666666666667,1.0,3.9388701915740967,0.7702259421348572
486,60,no_hr_loss,3,42,0.359375,0.40625,0.46296296296296297,1.0,3.1440677642822266,0.5629398226737976
487,60,no_hr_loss,3,42,0.4375,0.6328125,0.43393939393939396,1.0,3.14813232421875,0.5891190767288208
488,60,no_hr_loss,3,42,0.359375,0.4296875,0.4195238095238095,1.0,4.8633341789245605,0.9230127334594727
489,60,no_hr_loss,3,42,0.328125,0.5,0.47368421052631576,1.0,3.18562650680542,0.6833641529083252
490,60,no_hr_loss,3,42,0.3125,0.421875,0.3829787234042553,1.0,3.793088436126709,0.7663329839706421
491,60,no_hr_loss,3,42,0.3671875,0.4375,0.43333333333333335,1.0,3.6690754890441895,0.8330317735671997
492,60,no_hr_loss,3,42,0.390625,0.515625,0.4807692307692308,1.0,3.097500801086426,0.6770045161247253
493,60,no_hr_loss,3,42,0.3515625,0.3359375,0.45511363636363633,1.0,5.348289966583252,0.8268532156944275
494,60,no_hr_loss,3,42,0.3828125,0.4140625,0.5174418604651163,1.0,5.02421236038208,0.8724538683891296
495,60,no_hr_loss,3,42,0.375,0.515625,0.3958333333333333,1.0,3.254667282104492,0.7726160287857056
496,60,no_hr_loss,3,42,0.546875,0.53125,0.5645161290322581,1.0,3.572309970855713,0.8839200735092163
497,60,no_hr_loss,3,42,0.265625,0.375,0.41025641025641024,1.0,5.066566467285156,0.9695003032684326
498,60,no_hr_loss,3,42,0.3828125,0.5390625,0.5053191489361701,1.0,2.8595681190490723,0.6121739149093628
499,60,no_hr_loss,3,42,0.265625,0.4375,0.3752587991718426,1.0,3.414198398590088,0.712757408618927
500,60,no_hr_loss,3,42,0.40625,0.4375,0.3953488372093023,1.0,3.341449499130249,0.6747344136238098
501,60,no_hr_loss,3,42,0.421875,0.546875,0.4909090909090909,1.0,4.646541595458984,0.8138625621795654
502,60,no_hr_loss,3,42,0.3046875,0.34375,0.3940298507462687,1.0,4.6847052574157715,0.8196072578430176
503,60,no_hr_loss,3,42,0.390625,0.453125,0.47058823529411764,1.0,3.137263536453247,0.5143476128578186
504,60,no_hr_loss,3,42,0.328125,0.375,0.46511627906976744,1.0,3.778468608856201,0.782572865486145
505,60,no_hr_loss,3,42,0.34375,0.453125,0.4583333333333333,1.0,2.6899282932281494,0.6237272620201111
506,60,no_hr_loss,3,42,0.359375,0.5,0.46938775510204084,1.0,4.6211652755737305,0.7593135833740234
507,60,no_hr_loss,3,42,0.390625,0.5,0.4098360655737705,1.0,3.7873592376708984,0.9511228203773499
508,60,no_hr_loss,3,42,0.3125,0.421875,0.40097856477166827,1.0,5.933068752288818,1.1275975704193115
509,60,no_hr_loss,3,42,0.390625,0.484375,0.3830676770316175,1.0,3.128875494003296,0.5746734142303467
510,60,no_hr_loss,3,42,0.328125,0.484375,0.3953488372093023,1.0,3.256369113922119,0.7639949321746826
511,60,no_hr_loss,3,42,0.3671875,0.4765625,0.41468903436988547,1.0,3.9920458793640137,0.8125762939453125
512,60,no_hr_loss,3,42,0.2578125,0.3359375,0.39556277056277056,1.0,2.8429207801818848,0.6928072571754456
513,60,no_hr_loss,3,42,0.375,0.53125,0.42105263157894735,1.0,4.40313720703125,0.9209483861923218
514,60,no_hr_loss,3,42,0.34375,0.484375,0.4512032085561497,1.0,5.8723835945129395,1.1029224395751953
515,60,no_hr_loss,3,42,0.359375,0.484375,0.47619047619047616,1.0,3.7059240341186523,0.7145734429359436
516,60,no_hr_loss,3,42,0.296875,0.4375,0.37254901960784315,1.0,4.861647605895996,0.9924634695053101
517,60,no_hr_loss,3,42,0.4140625,0.5625,0.4506340579710145,1.0,3.1415114402770996,0.6206046938896179
518,60,no_hr_loss,3,42,0.3046875,0.4453125,0.38673020527859236,1.0,4.6317362785339355,0.9137787818908691
519,60,no_hr_loss,3,42,0.265625,0.3671875,0.36818181818181817,1.0,4.319441318511963,0.8292790651321411
520,60,no_hr_loss,3,42,0.296875,0.421875,0.41382575757575757,1.0,3.994502544403076,0.8347619771957397
521,60,no_hr_loss,3,42,0.359375,0.515625,0.4146341463414634,1.0,2.9146950244903564,0.6781246662139893
522,60,no_hr_loss,3,42,0.5078125,0.546875,0.4386792452830189,1.0,4.881982803344727,1.0288383960723877
523,60,no_hr_loss,3,42,0.390625,0.453125,0.5,1.0,3.4448115825653076,0.7045690417289734
524,60,no_hr_loss,3,42,0.375,0.453125,0.48,1.0,7.210718631744385,1.203963041305542
525,60,no_hr_loss,3,42,0.3359375,0.421875,0.47117516629711753,1.0,3.1785473823547363,0.5548783540725708
526,60,no_hr_loss,3,42,0.375,0.5546875,0.42641509433962266,1.0,4.815201759338379,0.8077200651168823
527,60,no_hr_loss,3,42,0.3828125,0.4765625,0.4387888707037643,1.0,4.889790058135986,0.7552823424339294
528,60,no_hr_loss,3,42,0.4140625,0.4609375,0.4597285067873303,1.0,3.772596836090088,0.6993354558944702
529,60,no_hr_loss,3,42,0.4375,0.578125,0.45901639344262296,1.0,3.473808765411377,0.6919108033180237
530,60,no_hr_loss,3,42,0.28125,0.34375,0.4222222222222222,1.0,4.7943549156188965,0.8796756863594055
531,60,no_hr_loss,3,42,0.328125,0.390625,0.4356060606060606,1.0,4.221384525299072,0.8486090302467346
532,60,no_hr_loss,3,42,0.265625,0.390625,0.4,1.0,5.035533905029297,0.8740003705024719
533,60,no_hr_loss,3,42,0.328125,0.4453125,0.43790849673202614,1.0,4.488755226135254,1.0612868070602417
534,60,no_hr_loss,3,42,0.296875,0.375,0.41304347826086957,1.0,3.398406505584717,0.6984341740608215
535,60,no_hr_loss,3,42,0.3046875,0.4453125,0.45111111111111113,1.0,5.220453262329102,1.2008686065673828
536,60,no_hr_loss,3,42,0.328125,0.4375,0.3617021276595745,1.0,3.0236563682556152,0.6047288179397583
537,60,no_hr_loss,3,42,0.28125,0.4375,0.398989898989899,1.0,4.586617469787598,0.9926347136497498
538,60,no_hr_loss,3,42,0.390625,0.4375,0.43103448275862066,1.0,3.294930934906006,0.6009251475334167
539,60,no_hr_loss,3,42,0.40625,0.421875,0.4791666666666667,1.0,3.794341564178467,0.7590204477310181
540,60,no_hr_loss,3,42,0.328125,0.421875,0.42857142857142855,1.0,3.274847984313965,0.6500093340873718
541,60,no_hr_loss,3,42,0.3125,0.5,0.4358974358974359,1.0,4.638177871704102,0.9136829972267151
542,60,no_hr_loss,3,42,0.34375,0.515625,0.4375,1.0,3.125126361846924,0.6635414361953735
543,60,no_hr_loss,3,42,0.328125,0.484375,0.4166666666666667,1.0,6.427277565002441,1.3262450695037842
544,60,no_hr_loss,3,42,0.3125,0.34375,0.42857142857142855,1.0,4.711434364318848,0.7861175537109375
545,60,no_hr_loss,3,42,0.3359375,0.4140625,0.44345238095238093,1.0,4.690302848815918,0.9370955228805542
546,60,no_hr_loss,3,42,0.28125,0.4453125,0.42125199362041466,1.0,5.208473205566406,0.9349512457847595
547,60,no_hr_loss,3,42,0.3125,0.421875,0.425531914893617,1.0,4.386240482330322,1.0092260837554932
548,60,no_hr_loss,3,42,0.328125,0.515625,0.4222222222222222,1.0,5.565927505493164,0.8652318120002747
549,60,no_hr_loss,3,42,0.34375,0.515625,0.39622641509433965,1.0,3.597459316253662,0.7223646640777588
550,60,no_hr_loss,3,42,0.3125,0.421875,0.4318181818181818,1.0,5.183785438537598,0.8930886387825012
551,60,no_hr_loss,3,42,0.3203125,0.4296875,0.43768996960486317,1.0,3.4413070678710938,0.6386042833328247
552,60,no_hr_loss,3,42,0.34375,0.40625,0.4335807050092764,1.0,3.9919681549072266,0.6608797907829285
553,60,no_hr_loss,3,42,0.328125,0.453125,0.38461538461538464,1.0,4.628666877746582,0.8113032579421997
554,60,no_hr_loss,3,42,0.3984375,0.46875,0.4659244264507423,1.0,5.077507019042969,1.0667921304702759
555,60,no_hr_loss,3,42,0.3046875,0.4375,0.41568627450980394,1.0,4.3646955490112305,0.8054491281509399
556,60,no_hr_loss,3,42,0.34375,0.453125,0.375,1.0,3.254362106323242,0.5816159844398499
557,60,no_hr_loss,3,42,0.3359375,0.4609375,0.3811919504643963,1.0,4.898412704467773,1.1391173601150513
558,60,no_hr_loss,3,42,0.390625,0.4375,0.47368421052631576,1.0,4.431055068969727,0.9101489782333374
559,60,no_hr_loss,3,42,0.3984375,0.4453125,0.4778657968313141,1.0,4.3527679443359375,0.9452196359634399
560,60,no_hr_loss,3,42,0.3125,0.4375,0.4444444444444444,1.0,5.632101058959961,1.1291077136993408
561,60,no_hr_loss,3,42,0.3125,0.40625,0.36363636363636365,1.0,6.330462455749512,1.0554252862930298
562,60,no_hr_loss,3,42,0.2890625,0.46875,0.349002849002849,1.0,5.556014060974121,0.909665048122406
563,60,no_hr_loss,3,42,0.3125,0.375,0.43875,1.0,2.448091745376587,0.4936905801296234
564,60,no_hr_loss,3,42,0.3203125,0.3828125,0.48958333333333337,1.0,4.630817413330078,1.0097464323043823
565,60,no_hr_loss,3,42,0.421875,0.46875,0.45,1.0,4.182781219482422,0.8497899174690247
566,60,no_hr_loss,3,42,0.4375,0.609375,0.45499839279974286,1.0,5.514512062072754,0.8256787657737732
567,60,no_hr_loss,3,42,0.34375,0.4921875,0.38977987421383653,1.0,3.766202688217163,0.6992095112800598
568,60,no_hr_loss,3,42,0.3671875,0.4140625,0.4603174603174603,1.0,3.3464653491973877,0.6688309907913208
569,60,no_hr_loss,3,42,0.2578125,0.3671875,0.4092244418331375,1.0,5.893280029296875,1.154629111289978
570,60,no_hr_loss,3,42,0.3515625,0.484375,0.4223093371347113,1.0,2.959071159362793,0.6094561815261841
571,60,no_hr_loss,3,42,0.296875,0.4375,0.4060077519379845,1.0,4.192920684814453,0.7966387271881104
572,60,no_hr_loss,3,42,0.28125,0.390625,0.38095238095238093,1.0,5.528229713439941,1.222220778465271
573,60,no_hr_loss,3,42,0.3125,0.40625,0.375,1.0,6.246946334838867,0.9357142448425293
574,60,no_hr_loss,3,42,0.3203125,0.3828125,0.39897435897435896,1.0,4.924427032470703,0.9127193689346313
575,60,no_hr_loss,3,42,0.3125,0.5625,0.4098360655737705,1.0,5.8622846603393555,1.047123670578003
576,60,no_hr_loss,3,42,0.375,0.4296875,0.47656813266041814,1.0,4.900450706481934,1.0158101320266724
577,60,no_hr_loss,3,42,0.296875,0.375,0.4342105263157895,1.0,3.477994203567505,0.5867718458175659
578,60,no_hr_loss,3,42,0.34375,0.453125,0.41509433962264153,1.0,3.428595781326294,0.8238504528999329
579,60,no_hr_loss,3,42,0.4296875,0.578125,0.41834098737083814,1.0,3.0188958644866943,0.6164674162864685
580,60,no_hr_loss,3,42,0.34375,0.40625,0.4375,1.0,2.955029010772705,0.6101334691047668
581,60,no_hr_loss,3,42,0.328125,0.4375,0.44,1.0,3.2863547801971436,0.7534516453742981
582,60,no_hr_loss,3,42,0.3828125,0.3671875,0.44529411764705884,1.0,4.345612049102783,0.8190091848373413
583,60,no_hr_loss,3,42,0.296875,0.390625,0.40425531914893614,1.0,6.027925491333008,1.0379616022109985
584,60,no_hr_loss,3,42,0.375,0.484375,0.4642857142857143,1.0,3.394143581390381,0.7959805727005005
585,60,no_hr_loss,3,42,0.296875,0.453125,0.41304347826086957,1.0,3.304387092590332,0.7043818235397339
586,60,no_hr_loss,3,42,0.28125,0.46875,0.3191489361702128,1.0,3.207636833190918,0.6949941515922546
587,60,no_hr_loss,3,42,0.296875,0.421875,0.41304347826086957,1.0,3.4204766750335693,0.7913435697555542
588,60,no_hr_loss,3,42,0.296875,0.53125,0.36585365853658536,1.0,4.599677085876465,0.8205339908599854
589,60,no_hr_loss,3,42,0.2890625,0.4296875,0.35634920634920636,1.0,3.303439140319824,0.6721533536911011
590,60,no_hr_loss,3,42,0.359375,0.53125,0.390625,1.0,2.491358995437622,0.5703790187835693
591,60,no_hr_loss,3,42,0.328125,0.390625,0.4487044817927171,1.0,5.1899871826171875,0.9640755653381348
592,60,no_hr_loss,3,42,0.28125,0.3125,0.36363636363636365,1.0,7.513275623321533,1.079110026359558
593,60,no_hr_loss,3,42,0.421875,0.46875,0.4745762711864407,1.0,4.325482368469238,0.9690537452697754
594,60,no_hr_loss,3,42,0.3203125,0.46875,0.4409722222222222,1.0,4.973405838012695,1.004462480545044
595,60,no_hr_loss,3,42,0.3046875,0.3671875,0.4064625850340136,1.0,4.76472806930542,0.878139853477478
596,60,no_hr_loss,3,42,0.359375,0.421875,0.4339622641509434,1.0,5.687746047973633,0.9487013816833496
597,60,no_hr_loss,3,42,0.28125,0.484375,0.41000000000000003,1.0,4.591643333435059,0.893212080001831
598,60,no_hr_loss,3,42,0.3203125,0.46875,0.40100250626566414,1.0,5.840932846069336,1.1838237047195435
599,60,no_hr_loss,3,42,0.328125,0.5,0.4626865671641791,1.0,2.7287683486938477,0.5690747499465942
600,60,no_hr_loss,3,42,0.296875,0.453125,0.3684210526315789,1.0,4.085303783416748,0.8028059601783752
601,60,no_hr_loss,3,42,0.296875,0.421875,0.421037296037296,1.0,4.43543815612793,0.7709969282150269
602,60,no_hr_loss,3,42,0.2578125,0.390625,0.37412587412587417,1.0,3.791266441345215,0.7165215611457825
603,60,no_hr_loss,3,42,0.3359375,0.4375,0.4903483992467043,1.0,4.157839298248291,0.9491920471191406
604,60,no_hr_loss,3,42,0.3125,0.59375,0.3958333333333333,1.0,3.3809523582458496,0.7585494518280029
605,60,no_hr_loss,3,42,0.40625,0.515625,0.42028985507246375,1.0,2.478475570678711,0.46219542622566223
606,60,no_hr_loss,3,42,0.4375,0.53125,0.46511627906976744,1.0,3.5960960388183594,0.6776123046875
607,60,no_hr_loss,3,42,0.28125,0.375,0.4358974358974359,1.0,4.319545745849609,0.7961986660957336
608,60,no_hr_loss,3,42,0.34375,0.4296875,0.4421875,1.0,3.376217842102051,0.560992956161499
609,60,no_hr_loss,3,42,0.296875,0.484375,0.38,1.0,3.5704498291015625,0.8031377792358398
610,60,no_hr_loss,3,42,0.25,0.3515625,0.3717532467532467,1.0,3.4495530128479004,0.7945763468742371
611,60,no_hr_loss,3,42,0.3203125,0.4453125,0.38181818181818183,1.0,4.351352691650391,0.8399641513824463
612,60,no_hr_loss,3,42,0.515625,0.6171875,0.4839469178082192,1.0,4.185032844543457,0.7485703825950623
613,60,no_hr_loss,3,42,0.3125,0.515625,0.40816326530612246,1.0,3.177445888519287,0.7904471158981323
614,60,no_hr_loss,3,42,0.328125,0.515625,0.39622641509433965,1.0,2.4383721351623535,0.5814785957336426
615,60,no_hr_loss,3,42,0.3125,0.453125,0.40816326530612246,1.0,5.631756782531738,1.090571403503418
616,60,no_hr_loss,3,42,0.3359375,0.4609375,0.4370748299319728,1.0,3.3169453144073486,0.6892873644828796
617,60,no_hr_loss,3,42,0.328125,0.3515625,0.47916666666666663,1.0,5.731799125671387,0.9883034229278564
618,60,no_hr_loss,3,42,0.2421875,0.390625,0.35277777777777775,1.0,4.634768486022949,0.992969810962677
619,60,no_hr_loss,3,42,0.359375,0.390625,0.45454545454545453,1.0,4.159298896789551,0.7419196963310242
620,60,no_hr_loss,3,42,0.53125,0.546875,0.5,1.0,4.347105026245117,0.8302387595176697
621,60,no_hr_loss,3,42,0.3125,0.359375,0.5128205128205128,1.0,4.964286804199219,0.8690621256828308
622,60,no_hr_loss,3,42,0.390625,0.515625,0.5102040816326531,1.0,5.0896100997924805,0.841395914554596
623,60,no_hr_loss,3,42,0.265625,0.40625,0.37777777777777777,1.0,4.773402214050293,0.8535914421081543
624,60,no_hr_loss,3,42,0.3046875,0.453125,0.38618524332810045,1.0,4.052123069763184,0.686908483505249
625,60,no_hr_loss,3,42,0.3125,0.390625,0.42,1.0,3.0978355407714844,0.6726611256599426
626,60,no_hr_loss,3,42,0.3515625,0.4140625,0.4780701754385965,1.0,5.264342308044434,1.0977455377578735
627,60,no_hr_loss,3,42,0.2890625,0.3671875,0.44380639868744876,1.0,3.2517476081848145,0.6517539620399475
628,60,no_hr_loss,3,42,0.265625,0.421875,0.3684210526315789,1.0,2.783332109451294,0.5617251992225647
629,60,no_hr_loss,3,42,0.3125,0.34375,0.38095238095238093,1.0,3.9302115440368652,0.7573553323745728
630,60,no_hr_loss,3,42,0.28125,0.4296875,0.3931818181818182,1.0,3.2883384227752686,0.6402580738067627
631,60,no_hr_loss,3,42,0.28125,0.375,0.375,1.0,3.8060951232910156,0.7901731729507446
632,60,no_hr_loss,3,42,0.3125,0.421875,0.44712070874861576,1.0,6.261170387268066,1.1184561252593994
633,60,no_hr_loss,3,42,0.296875,0.4140625,0.40588235294117647,1.0,4.064425468444824,0.7850537300109863
634,60,no_hr_loss,3,42,0.4375,0.421875,0.39285714285714285,1.0,3.5222082138061523,0.877878725528717
635,60,no_hr_loss,3,42,0.328125,0.484375,0.3902439024390244,1.0,2.6484498977661133,0.5782150030136108
636,60,no_hr_loss,3,42,0.265625,0.421875,0.43478260869565216,1.0,5.329051494598389,1.0458042621612549
637,60,no_hr_loss,3,42,0.296875,0.421875,0.4365750528541226,1.0,4.688745975494385,0.9684818387031555
638,60,no_hr_loss,3,42,0.328125,0.453125,0.4322649572649573,1.0,3.1732969284057617,0.7523483037948608
639,60,no_hr_loss,3,42,0.3203125,0.3203125,0.4805718475073314,1.0,4.268194198608398,0.7532088756561279
640,60,no_hr_loss,3,42,0.3359375,0.5703125,0.3787677304964539,1.0,2.223942279815674,0.5000712871551514
641,60,no_hr_loss,3,42,0.265625,0.375,0.4318181818181818,1.0,3.621520519256592,0.7672408819198608
642,60,no_hr_loss,3,42,0.296875,0.390625,0.37315875613747956,1.0,5.829833984375,1.0212329626083374
643,60,no_hr_loss,3,42,0.40625,0.5,0.4306625577812019,1.0,1.6215593814849854,0.35279881954193115
644,60,no_hr_loss,3,42,0.3671875,0.6015625,0.3742857142857143,1.0,2.1223666667938232,0.5241863131523132
645,60,no_hr_loss,3,42,0.3203125,0.453125,0.4338578088578089,1.0,4.035929203033447,0.9446775317192078
646,60,no_hr_loss,3,42,0.328125,0.421875,0.45652173913043476,1.0,6.5402069091796875,1.2049190998077393
647,60,no_hr_loss,3,42,0.328125,0.375,0.45652173913043476,1.0,4.090265274047852,0.7723574042320251
648,60,no_hr_loss,3,42,0.375,0.421875,0.47058823529411764,1.0,7.310345649719238,1.1718597412109375
649,60,no_hr_loss,3,42,0.25,0.40625,0.3611111111111111,1.0,5.33786153793335,0.8464064002037048
650,60,no_hr_loss,3,42,0.453125,0.578125,0.46478174603174605,1.0,3.80295467376709,0.8729785084724426
651,60,no_hr_loss,3,42,0.390625,0.515625,0.5535714285714286,1.0,3.928772449493408,0.7087503671646118
652,60,no_hr_loss,3,42,0.34375,0.4375,0.3829787234042553,1.0,4.0782976150512695,0.8927082419395447
653,60,no_hr_loss,3,42,0.296875,0.390625,0.425,1.0,3.8182740211486816,0.702263355255127
654,60,no_hr_loss,3,42,0.3125,0.359375,0.43270658090054426,1.0,3.9930224418640137,0.767139732837677
655,60,no_hr_loss,3,42,0.2421875,0.3671875,0.38394584139264987,1.0,4.239908695220947,0.908425509929657
656,60,no_hr_loss,3,42,0.3359375,0.5546875,0.40428571428571425,1.0,5.408178329467773,0.9215025901794434
657,60,no_hr_loss,3,42,0.28125,0.359375,0.42105263157894735,1.0,4.233802795410156,0.8282167911529541
658,60,no_hr_loss,3,42,0.296875,0.3515625,0.46576086956521734,1.0,4.61207389831543,0.8638715744018555
659,60,no_hr_loss,3,42,0.359375,0.453125,0.42592592592592593,1.0,2.484807014465332,0.5608663558959961
660,60,no_hr_loss,3,42,0.3125,0.40625,0.42592592592592593,1.0,4.7188920974731445,0.8404123187065125
661,60,no_hr_loss,3,42,0.2890625,0.421875,0.4027027027027027,1.0,4.21968936920166,0.7036057114601135
662,60,no_hr_loss,3,42,0.5390625,0.6171875,0.46546546546546547,1.0,3.432225227355957,0.7856995463371277
663,60,no_hr_loss,3,42,0.3515625,0.4921875,0.3861185983827493,1.0,3.540321111679077,0.7377374768257141
664,60,no_hr_loss,3,42,0.421875,0.5,0.5192307692307693,1.0,3.714146614074707,0.7852280139923096
665,60,no_hr_loss,3,42,0.375,0.46875,0.49206349206349204,1.0,4.241118431091309,0.8362230658531189
666,60,no_hr_loss,3,42,0.34375,0.46875,0.4444444444444444,1.0,3.231046199798584,0.6833024024963379
667,60,no_hr_loss,3,42,0.265625,0.3125,0.4090909090909091,1.0,5.3477044105529785,0.832612156867981
668,60,no_hr_loss,3,42,0.375,0.421875,0.5342592592592592,1.0,3.587470054626465,0.8693752884864807
669,60,no_hr_loss,3,42,0.328125,0.46875,0.45454545454545453,1.0,5.263343334197998,0.9686893224716187
670,60,no_hr_loss,3,42,0.375,0.4765625,0.44148936170212766,1.0,3.520716667175293,0.6614968180656433
671,60,no_hr_loss,3,42,0.3828125,0.4140625,0.4676535087719298,1.0,3.7236499786376953,0.7682579159736633
672,60,no_hr_loss,3,42,0.375,0.5625,0.47058823529411764,1.0,3.0760159492492676,0.6775301098823547
673,60,no_hr_loss,3,42,0.296875,0.515625,0.375,1.0,3.848926067352295,0.8504332900047302
674,60,no_hr_loss,3,42,0.3125,0.4375,0.3829787234042553,1.0,3.245096206665039,0.7325640916824341
675,60,no_hr_loss,3,42,0.375,0.4375,0.46153846153846156,1.0,3.3945627212524414,0.7951894998550415
676,60,no_hr_loss,3,42,0.265625,0.453125,0.39215686274509803,1.0,2.3012499809265137,0.541405200958252
677,60,no_hr_loss,3,42,0.328125,0.40625,0.38,1.0,3.8038766384124756,0.7342767715454102
678,60,no_hr_loss,3,42,0.28125,0.5,0.35294117647058826,1.0,3.957490921020508,0.8493598103523254
679,60,no_hr_loss,3,42,0.484375,0.46875,0.5625,1.0,4.54552698135376,0.9243065118789673
680,60,no_hr_loss,3,42,0.515625,0.5625,0.559322033898305,1.0,2.857530117034912,0.6254114508628845
681,60,no_hr_loss,3,42,0.296875,0.390625,0.4523809523809524,1.0,3.547853946685791,0.7009855508804321
682,60,no_hr_loss,3,42,0.3125,0.375,0.4213209219858156,1.0,5.1187543869018555,0.9734821319580078
683,60,no_hr_loss,3,42,0.2734375,0.375,0.3766891891891892,1.0,3.731424331665039,0.6986716985702515
684,60,no_hr_loss,3,42,0.3515625,0.5078125,0.44886363636363635,1.0,4.599976539611816,0.8041982054710388
685,60,no_hr_loss,3,42,0.3125,0.390625,0.43333333333333335,1.0,5.055486679077148,0.9475699663162231
686,60,no_hr_loss,3,42,0.3984375,0.484375,0.4395833333333333,1.0,3.093599319458008,0.49232378602027893
687,60,no_hr_loss,3,42,0.328125,0.4375,0.4146718146718147,1.0,4.7884931564331055,0.8849688768386841
688,60,no_hr_loss,3,42,0.328125,0.453125,0.4375,1.0,4.026179313659668,0.8850164413452148
689,60,no_hr_loss,3,42,0.296875,0.40625,0.3888888888888889,1.0,3.489454984664917,0.634236216545105
690,60,no_hr_loss,3,42,0.3203125,0.375,0.43661650706794347,1.0,4.633988380432129,0.9845461249351501
691,60,no_hr_loss,3,42,0.3125,0.4453125,0.4328902229845626,1.0,4.205154895782471,0.9815230965614319
692,60,no_hr_loss,3,42,0.265625,0.375,0.37777777777777777,1.0,3.5303030014038086,0.6333451271057129
693,60,no_hr_loss,3,42,0.296875,0.421875,0.4,1.0,3.27313232421875,0.696783721446991
694,60,no_hr_loss,3,42,0.375,0.5,0.453125,1.0,3.608492851257324,0.7406381368637085
695,60,no_hr_loss,3,42,0.34375,0.4375,0.4312965722801788,1.0,3.201561212539673,0.6520017385482788
696,60,no_hr_loss,3,42,0.2734375,0.3828125,0.47073863636363633,1.0,3.0443100929260254,0.5500168204307556
697,60,no_hr_loss,3,42,0.34375,0.40625,0.43902439024390244,1.0,3.7751927375793457,0.6874911189079285
698,60,no_hr_loss,3,42,0.375,0.46875,0.4731906443071492,1.0,3.401538848876953,0.6593338847160339
699,60,no_hr_loss,3,42,0.328125,0.453125,0.42,1.0,4.612081050872803,1.0110224485397339
700,60,no_hr_loss,3,42,0.296875,0.4375,0.37777777777777777,1.0,4.572216033935547,0.8958812355995178
701,60,no_hr_loss,3,42,0.3046875,0.390625,0.43857240905971173,1.0,3.5188889503479004,0.8279597163200378
702,60,no_hr_loss,3,42,0.375,0.609375,0.4,1.0,4.383569717407227,0.912598192691803
703,60,no_hr_loss,3,42,0.3125,0.4375,0.4564393939393939,1.0,5.379720687866211,1.0398927927017212
704,60,no_hr_loss,3,42,0.2734375,0.3671875,0.36676136363636364,1.0,3.630828857421875,0.7098202109336853
705,60,no_hr_loss,3,42,0.3046875,0.5,0.3707070707070707,1.0,4.6086015701293945,0.9848987460136414
706,60,no_hr_loss,3,42,0.28125,0.359375,0.42,1.0,5.612854957580566,0.9859952330589294
707,60,no_hr_loss,3,42,0.265625,0.375,0.41025641025641024,1.0,5.38436222076416,0.9327990412712097
708,60,no_hr_loss,3,42,0.375,0.5,0.41025641025641024,1.0,2.6182494163513184,0.532595694065094
709,60,no_hr_loss,3,42,0.265625,0.484375,0.37777777777777777,1.0,6.222812652587891,1.0422165393829346
710,60,no_hr_loss,3,42,0.25,0.375,0.36363636363636365,1.0,3.5209298133850098,0.6342114806175232
711,60,no_hr_loss,3,42,0.296875,0.359375,0.4318181818181818,1.0,5.334810256958008,0.9657182693481445
712,60,no_hr_loss,3,42,0.34375,0.4609375,0.46411483253588515,1.0,4.933764457702637,0.9690539240837097
713,60,no_hr_loss,3,42,0.390625,0.46875,0.4473684210526316,1.0,3.827004909515381,0.7442747354507446
714,60,no_hr_loss,3,42,0.359375,0.4453125,0.43097643097643096,1.0,2.8753788471221924,0.609104573726654
715,60,no_hr_loss,3,42,0.265625,0.40625,0.3023255813953488,1.0,5.482091903686523,0.8529186844825745
716,60,no_hr_loss,3,42,0.3046875,0.390625,0.41530797101449274,1.0,3.285111427307129,0.6875109672546387
717,60,no_hr_loss,3,42,0.3984375,0.6640625,0.4533898305084746,1.0,6.091618537902832,1.0599603652954102
718,60,no_hr_loss,3,42,0.3203125,0.390625,0.40967365967365965,1.0,5.436643123626709,1.038987398147583
719,60,no_hr_loss,3,42,0.296875,0.390625,0.3902439024390244,1.0,3.2350611686706543,0.6429468989372253
720,60,no_hr_loss,3,42,0.40625,0.4921875,0.44728485233407433,1.0,4.249464988708496,0.713112473487854
721,60,no_hr_loss,3,42,0.265625,0.4375,0.38636363636363635,1.0,4.582819938659668,0.8923056125640869
722,60,no_hr_loss,3,42,0.28125,0.390625,0.4045086119554204,1.0,3.262636184692383,0.7040053009986877
723,60,no_hr_loss,3,42,0.3984375,0.421875,0.5030570652173914,1.0,4.156806468963623,0.7005685567855835
724,60,no_hr_loss,3,42,0.3203125,0.453125,0.3555555555555555,1.0,3.155339241027832,0.6025751829147339
725,60,no_hr_loss,3,42,0.3125,0.4609375,0.3979815708644142,1.0,3.459563732147217,0.7531360983848572
726,60,no_hr_loss,3,42,0.328125,0.484375,0.4420840787119857,1.0,4.143125534057617,0.7978217601776123
727,60,no_hr_loss,3,42,0.3125,0.359375,0.4152027027027027,1.0,4.1006598472595215,0.798735499382019
728,60,no_hr_loss,3,42,0.2890625,0.4609375,0.3823809523809524,1.0,4.180878639221191,0.7113674879074097
729,60,no_hr_loss,3,42,0.359375,0.421875,0.36538461538461536,1.0,3.841052770614624,0.8798115253448486
730,60,no_hr_loss,3,42,0.296875,0.3984375,0.38348416289592757,1.0,4.276402473449707,0.9007859826087952
731,60,no_hr_loss,3,42,0.3203125,0.40625,0.4042867701404287,1.0,4.252878189086914,0.9155011177062988
732,60,no_hr_loss,3,42,0.390625,0.609375,0.4,1.0,3.418210744857788,0.6320464611053467
733,60,no_hr_loss,3,42,0.3125,0.46875,0.3668627450980392,1.0,4.458571434020996,0.87972491979599
734,60,no_hr_loss,3,42,0.328125,0.4296875,0.42206828302820387,1.0,4.0485334396362305,0.883272111415863
735,60,no_hr_loss,3,42,0.4453125,0.4765625,0.5121212121212121,1.0,3.772538185119629,0.8283073306083679
736,60,no_hr_loss,3,42,0.4375,0.515625,0.42857142857142855,1.0,3.083775043487549,0.5824505090713501
737,60,no_hr_loss,3,42,0.265625,0.359375,0.3787878787878788,1.0,4.4790263175964355,0.9325722455978394
738,60,no_hr_loss,3,42,0.265625,0.40625,0.3125,1.0,3.3861141204833984,0.5792752504348755
739,60,no_hr_loss,3,42,0.375,0.609375,0.43333333333333335,1.0,4.464032173156738,0.7890475988388062
740,60,no_hr_loss,3,42,0.34375,0.5625,0.4888888888888889,1.0,3.6904096603393555,0.6491690278053284
741,60,no_hr_loss,3,42,0.2890625,0.3984375,0.4095849802371542,1.0,3.3674821853637695,0.5769195556640625
742,60,no_hr_loss,3,42,0.296875,0.3671875,0.40967365967365965,1.0,4.274039268493652,0.7689235806465149
743,60,no_hr_loss,3,42,0.3125,0.4375,0.375,1.0,3.7609400749206543,0.8105893135070801
744,60,no_hr_loss,3,42,0.3671875,0.6484375,0.45422535211267606,1.0,3.5877366065979004,0.7130724787712097
745,60,no_hr_loss,3,42,0.359375,0.46875,0.47011784511784516,1.0,3.468597888946533,0.6481302976608276
746,60,no_hr_loss,3,42,0.3046875,0.3515625,0.41522988505747127,1.0,3.5573387145996094,0.6768752336502075
747,60,no_hr_loss,3,42,0.3359375,0.4296875,0.3993558776167472,1.0,2.5981528759002686,0.5289362072944641
748,60,no_hr_loss,3,42,0.3203125,0.359375,0.42395264116575593,1.0,3.9648966789245605,0.8864564895629883
749,60,no_hr_loss,3,42,0.2421875,0.390625,0.3339160839160839,1.0,4.059391021728516,0.7964734435081482
750,60,no_hr_loss,3,42,0.296875,0.4140625,0.40667311411992263,1.0,4.507575035095215,0.829686164855957
751,60,no_hr_loss,3,42,0.359375,0.40625,0.45,1.0,3.3193793296813965,0.6657778024673462
752,60,no_hr_loss,3,42,0.359375,0.46875,0.4479857215706272,1.0,4.185884475708008,0.9696983098983765
753,60,no_hr_loss,3,42,0.34375,0.4765625,0.48380355276907006,1.0,4.924274444580078,1.0973068475723267
754,60,no_hr_loss,3,42,0.296875,0.40625,0.42,1.0,4.387058734893799,0.9140331149101257
755,60,no_hr_loss,3,42,0.390625,0.484375,0.39705882352941174,1.0,3.3407979011535645,0.8271027207374573
756,60,no_hr_loss,3,42,0.265625,0.421875,0.4146341463414634,1.0,3.62211275100708,0.7141382694244385
757,60,no_hr_loss,3,42,0.3125,0.453125,0.43478260869565216,1.0,4.73964262008667,0.8823970556259155
758,60,no_hr_loss,3,42,0.296875,0.453125,0.38,1.0,3.885497570037842,0.7253169417381287
759,60,no_hr_loss,3,42,0.2734375,0.359375,0.4160839160839161,1.0,4.221381187438965,0.8489963412284851
760,60,no_hr_loss,3,42,0.25,0.390625,0.36,1.0,2.693821430206299,0.5002501606941223
761,60,no_hr_loss,3,42,0.2734375,0.3828125,0.3861283643892339,1.0,5.261964797973633,0.9283850789070129
762,60,no_hr_loss,3,42,0.3671875,0.4375,0.44052631578947365,1.0,4.548757076263428,0.9882021546363831
763,60,no_hr_loss,3,42,0.296875,0.421875,0.43902439024390244,1.0,5.185537338256836,1.1725050210952759
764,60,no_hr_loss,3,42,0.28125,0.40625,0.3829787234042553,1.0,3.7363595962524414,0.718469500541687
765,60,no_hr_loss,3,42,0.296875,0.4375,0.3695652173913043,1.0,3.11651611328125,0.5624521374702454
766,60,no_hr_loss,3,42,0.3125,0.421875,0.40425531914893614,1.0,4.109644412994385,0.8283652663230896
767,60,no_hr_loss,3,42,0.25,0.46875,0.38461538461538464,1.0,3.0047426223754883,0.5817151069641113
768,60,no_hr_loss,3,42,0.2578125,0.40625,0.3782467532467533,1.0,2.4651291370391846,0.5852763652801514
769,60,no_hr_loss,3,42,0.34375,0.4375,0.43859649122807015,1.0,4.428318977355957,0.9238935708999634
770,60,no_hr_loss,3,42,0.3359375,0.34375,0.40970072239422084,1.0,4.513088226318359,0.7703002095222473
771,60,no_hr_loss,3,42,0.328125,0.4375,0.4375,1.0,3.4895339012145996,0.667273223400116
772,60,no_hr_loss,3,42,0.390625,0.4921875,0.4460227272727273,1.0,5.962663650512695,0.9112944006919861
773,60,no_hr_loss,3,42,0.28125,0.4375,0.4298245614035088,1.0,5.496845245361328,0.9438742399215698
774,60,no_hr_loss,3,42,0.3125,0.5,0.42424242424242425,1.0,5.8539581298828125,1.0922343730926514
775,60,no_hr_loss,3,42,0.28125,0.40625,0.34782608695652173,1.0,3.3046157360076904,0.6524006128311157
776,60,no_hr_loss,3,42,0.375,0.53125,0.43636363636363634,1.0,4.822012901306152,0.8799737095832825
777,60,no_hr_loss,3,42,0.390625,0.484375,0.46808510638297873,1.0,4.479028224945068,0.9287387132644653
778,60,no_hr_loss,3,42,0.3125,0.390625,0.4166666666666667,1.0,3.247969150543213,0.610829770565033
779,60,no_hr_loss,3,42,0.3125,0.34375,0.4119601328903654,1.0,4.03855037689209,0.9194045662879944
780,60,no_hr_loss,3,42,0.296875,0.375,0.38461538461538464,1.0,3.386476755142212,0.6421825885772705
781,60,no_hr_loss,3,42,0.390625,0.375,0.45454545454545453,1.0,2.97946834564209,0.672057032585144
782,60,no_hr_loss,3,42,0.296875,0.421875,0.40816326530612246,1.0,3.597118854522705,0.737117350101471
783,60,no_hr_loss,3,42,0.390625,0.609375,0.45776942355889727,1.0,2.6235146522521973,0.5187835693359375
784,60,no_hr_loss,3,42,0.3125,0.5078125,0.4337979094076655,1.0,3.9922165870666504,0.8295726776123047
785,60,no_hr_loss,3,42,0.359375,0.390625,0.45,1.0,4.223028182983398,0.9127065539360046
786,60,no_hr_loss,3,42,0.28125,0.328125,0.3973684210526316,1.0,5.145377159118652,0.9182627201080322
787,60,no_hr_loss,3,42,0.3203125,0.4765625,0.39181818181818184,1.0,4.032777786254883,0.7954912185668945
788,60,no_hr_loss,3,42,0.28125,0.390625,0.4222222222222222,1.0,3.995919704437256,0.8114675283432007
789,60,no_hr_loss,3,42,0.34375,0.4375,0.44680851063829785,1.0,5.441062927246094,1.0245004892349243
790,60,no_hr_loss,3,42,0.359375,0.5,0.3898305084745763,1.0,2.4842123985290527,0.49343863129615784
791,60,no_hr_loss,3,42,0.265625,0.390625,0.375234521575985,1.0,4.461787700653076,0.773928701877594
792,60,no_hr_loss,3,42,0.3828125,0.65625,0.42325971484484204,1.0,3.8419275283813477,0.6618185639381409
793,60,no_hr_loss,3,42,0.4609375,0.484375,0.5246166263115416,1.0,4.1128973960876465,0.8344259262084961
794,60,no_hr_loss,3,42,0.296875,0.390625,0.40476190476190477,1.0,5.849157810211182,0.8609098792076111
795,60,no_hr_loss,3,42,0.296875,0.4140625,0.42160087719298245,1.0,4.948459625244141,0.8344616293907166
796,60,no_hr_loss,3,42,0.328125,0.484375,0.42,1.0,5.415644645690918,0.9940990209579468
797,60,no_hr_loss,3,42,0.359375,0.515625,0.42689655172413793,1.0,5.327947616577148,1.0154545307159424
798,60,no_hr_loss,3,42,0.4453125,0.609375,0.4488833746898263,1.0,4.200810432434082,0.7724332213401794
799,60,no_hr_loss,3,42,0.3828125,0.453125,0.4348973607038123,1.0,4.014097213745117,0.7671928405761719
800,60,no_hr_loss,3,42,0.359375,0.53125,0.323943661971831,1.0,3.7341344356536865,0.8030732870101929
801,60,no_hr_loss,3,42,0.4453125,0.4296875,0.5223214285714286,1.0,3.466627597808838,0.5901632905006409
802,60,no_hr_loss,3,42,0.375,0.4140625,0.4168912848158131,1.0,3.421489953994751,0.66845703125
803,60,no_hr_loss,3,42,0.3359375,0.515625,0.4218568665377176,1.0,4.3853983879089355,0.7812088131904602
804,60,no_hr_loss,3,42,0.328125,0.40625,0.4603174603174603,1.0,3.3169960975646973,0.775431752204895
805,60,no_hr_loss,3,42,0.2890625,0.3671875,0.4124195942602672,1.0,4.352664947509766,0.8099876642227173
806,60,no_hr_loss,3,42,0.28125,0.40625,0.45,1.0,3.2887322902679443,0.6752189993858337
807,60,no_hr_loss,3,42,0.359375,0.46875,0.5,1.0,5.78812313079834,1.0040885210037231
808,60,no_hr_loss,3,42,0.4140625,0.578125,0.40491259795057266,1.0,3.609194278717041,0.7361767888069153
809,60,no_hr_loss,3,42,0.3046875,0.4375,0.42824730572887126,1.0,4.325715065002441,0.8551714420318604
810,60,no_hr_loss,3,42,0.2578125,0.328125,0.39109848484848486,1.0,4.404291152954102,0.7513909935951233
811,60,no_hr_loss,3,42,0.390625,0.46875,0.4576271186440678,1.0,7.929605484008789,1.2329332828521729
812,60,no_hr_loss,3,42,0.328125,0.484375,0.40384615384615385,1.0,2.7567811012268066,0.6466960906982422
813,60,no_hr_loss,3,42,0.2890625,0.3828125,0.39528508771929827,1.0,3.7549028396606445,0.7305845022201538
814,60,no_hr_loss,3,42,0.3671875,0.5546875,0.422962962962963,1.0,3.6116127967834473,0.7403750419616699
815,60,no_hr_loss,3,42,0.390625,0.546875,0.3968253968253968,1.0,3.5174732208251953,0.8401486277580261
816,60,no_hr_loss,3,42,0.296875,0.421875,0.4074074074074074,1.0,4.303559303283691,0.9784709215164185
817,60,no_hr_loss,3,42,0.359375,0.5,0.4642857142857143,1.0,4.631977558135986,0.8557493686676025
818,60,no_hr_loss,3,42,0.4375,0.5,0.4861111111111111,1.0,2.6747615337371826,0.5582568049430847
819,60,no_hr_loss,3,42,0.296875,0.375,0.42879604672057503,1.0,5.701201915740967,0.8597655296325684
820,60,no_hr_loss,3,42,0.328125,0.421875,0.4222222222222222,1.0,5.4302496910095215,0.983418881893158
821,60,no_hr_loss,3,42,0.3671875,0.4609375,0.5203419811320755,1.0,4.64077615737915,0.9178358912467957
822,60,no_hr_loss,3,42,0.296875,0.328125,0.4375,1.0,5.294965744018555,0.9622313976287842
823,60,no_hr_loss,3,42,0.3125,0.453125,0.3953488372093023,1.0,3.006336212158203,0.7332962155342102
824,60,no_hr_loss,3,42,0.265625,0.359375,0.4146341463414634,1.0,3.9745407104492188,0.852916419506073
825,60,no_hr_loss,3,42,0.40625,0.4375,0.4888888888888889,1.0,4.999549865722656,0.969731330871582
826,60,no_hr_loss,3,42,0.28125,0.453125,0.375,1.0,6.661109924316406,1.0636759996414185
827,60,no_hr_loss,3,42,0.328125,0.4765625,0.4385451505016722,1.0,2.487800121307373,0.5417590141296387
828,60,no_hr_loss,3,42,0.265625,0.40625,0.3617021276595745,1.0,4.183426856994629,0.8423753976821899
829,60,no_hr_loss,3,42,0.375,0.421875,0.4528301886792453,1.0,4.204109191894531,0.8051495552062988
830,60,no_hr_loss,3,42,0.3359375,0.4765625,0.376056338028169,1.0,3.469937801361084,0.5825544595718384
831,60,no_hr_loss,3,42,0.3125,0.546875,0.3620689655172414,1.0,3.3981542587280273,0.790570080280304
832,60,no_hr_loss,3,42,0.421875,0.5,0.4426229508196721,1.0,4.367525577545166,0.7977690100669861
833,60,no_hr_loss,3,42,0.3671875,0.4609375,0.47413793103448276,1.0,4.763395309448242,0.9997526407241821
834,60,no_hr_loss,3,42,0.296875,0.4140625,0.45814855875831484,1.0,3.809404134750366,0.839669942855835
835,60,no_hr_loss,3,42,0.28125,0.375,0.4090909090909091,1.0,3.4267308712005615,0.7475830912590027
836,60,no_hr_loss,3,42,0.28125,0.375,0.398546511627907,1.0,3.424478054046631,0.6087384223937988
837,60,no_hr_loss,3,42,0.359375,0.390625,0.4666666666666667,1.0,4.893451690673828,0.7970645427703857
838,60,no_hr_loss,3,42,0.296875,0.5,0.4,1.0,3.615483522415161,0.7419343590736389
839,60,no_hr_loss,3,42,0.40625,0.421875,0.5454545454545454,1.0,3.2199926376342773,0.7353833317756653
840,60,no_hr_loss,3,42,0.3125,0.390625,0.47068511198945984,1.0,4.323762893676758,0.8444496989250183
841,60,no_hr_loss,3,42,0.296875,0.375,0.4411764705882353,1.0,4.858545780181885,0.7665438055992126
842,60,no_hr_loss,3,42,0.59375,0.4375,0.5344827586206896,1.0,3.8450310230255127,0.9448906183242798
843,60,no_hr_loss,3,42,0.4375,0.484375,0.39436619718309857,1.0,4.188265800476074,0.9021490216255188
844,60,no_hr_loss,3,42,0.28125,0.46875,0.36363636363636365,1.0,3.663855791091919,0.7248831987380981
845,60,no_hr_loss,3,42,0.296875,0.421875,0.37735849056603776,1.0,3.683346748352051,0.8009123802185059
846,60,no_hr_loss,3,42,0.296875,0.40625,0.4222222222222222,1.0,4.396670341491699,0.9348007440567017
847,60,no_hr_loss,3,42,0.296875,0.4375,0.3170731707317073,1.0,2.371044158935547,0.5464274287223816
848,60,no_hr_loss,3,42,0.421875,0.515625,0.4444444444444444,1.0,4.4575395584106445,0.8723345994949341
849,60,no_hr_loss,3,42,0.3125,0.578125,0.4148550724637681,1.0,2.5617222785949707,0.5039010047912598
850,60,no_hr_loss,3,42,0.34375,0.484375,0.4522735161402291,1.0,3.426018714904785,0.7654029130935669
851,60,no_hr_loss,3,42,0.4296875,0.453125,0.4673400673400673,1.0,3.8343982696533203,0.9545779824256897
852,60,no_hr_loss,3,42,0.25,0.375,0.3684210526315789,1.0,5.339882850646973,0.926466703414917
853,60,no_hr_loss,3,42,0.3203125,0.421875,0.41699346405228754,1.0,3.189601421356201,0.7654060125350952
854,60,no_hr_loss,3,42,0.2890625,0.4609375,0.373546511627907,1.0,3.3553271293640137,0.7066168785095215
855,60,no_hr_loss,3,42,0.328125,0.46875,0.42428571428571427,1.0,3.605776786804199,0.728993833065033
856,60,no_hr_loss,3,42,0.2890625,0.4296875,0.3991228070175439,1.0,3.451399803161621,0.7608632445335388
857,60,no_hr_loss,3,42,0.375,0.5390625,0.426510989010989,1.0,4.421840190887451,0.9875921607017517
858,60,no_hr_loss,3,42,0.328125,0.421875,0.4365079365079365,1.0,4.295241355895996,0.9095796942710876
859,60,no_hr_loss,3,42,0.265625,0.484375,0.38636363636363635,1.0,3.9408347606658936,0.7350552082061768
860,60,no_hr_loss,3,42,0.4375,0.59375,0.5185185185185185,1.0,2.9241461753845215,0.6462404727935791
861,60,no_hr_loss,3,42,0.40625,0.4921875,0.4827437446074202,1.0,4.250631332397461,0.8093253374099731
862,60,no_hr_loss,3,42,0.3984375,0.5234375,0.43137254901960786,1.0,3.9537148475646973,0.8695220947265625
863,60,no_hr_loss,3,42,0.375,0.5,0.42592592592592593,1.0,2.892544746398926,0.581632673740387
864,60,no_hr_loss,3,42,0.4765625,0.53125,0.5104166666666667,1.0,1.8775911331176758,0.44524484872817993
865,60,no_hr_loss,3,42,0.28125,0.3671875,0.40408163265306124,1.0,5.285762310028076,0.987095832824707
866,60,no_hr_loss,3,42,0.34375,0.3984375,0.47943880019351715,1.0,4.789542198181152,1.0636789798736572
867,60,no_hr_loss,3,42,0.2890625,0.390625,0.40721040189125296,1.0,5.59283447265625,0.9700866937637329
868,60,no_hr_loss,3,42,0.421875,0.421875,0.5294117647058824,1.0,7.139034271240234,1.2182515859603882
869,60,no_hr_loss,3,42,0.3125,0.390625,0.3695652173913043,1.0,4.9301652908325195,0.8078529238700867
870,60,no_hr_loss,3,42,0.296875,0.484375,0.4523809523809524,1.0,3.5505824089050293,0.7338954210281372
871,60,no_hr_loss,3,42,0.34375,0.546875,0.43137254901960786,1.0,3.302459239959717,0.6870711445808411
872,60,no_hr_loss,3,42,0.328125,0.359375,0.4423197492163009,1.0,5.129156112670898,0.9531154036521912
873,60,no_hr_loss,3,42,0.28125,0.4296875,0.36274509803921573,1.0,4.256930351257324,1.018470287322998
874,60,no_hr_loss,3,42,0.2734375,0.359375,0.40398550724637683,1.0,4.951120376586914,0.8632321357727051
875,60,no_hr_loss,3,42,0.34375,0.390625,0.46,1.0,5.108141899108887,0.8403266668319702
876,60,no_hr_loss,3,42,0.34375,0.4609375,0.3875,1.0,4.1368303298950195,0.8043668270111084
877,60,no_hr_loss,3,42,0.390625,0.515625,0.45454545454545453,1.0,3.759979248046875,0.7051799297332764
878,60,no_hr_loss,3,42,0.359375,0.515625,0.37862669245647973,1.0,4.645333290100098,0.9631873965263367
879,60,no_hr_loss,3,42,0.25,0.4375,0.3269230769230769,1.0,3.3009138107299805,0.671147346496582
880,60,no_hr_loss,3,42,0.296875,0.40625,0.4222222222222222,1.0,4.606897354125977,0.7844216823577881
881,60,no_hr_loss,3,42,0.4765625,0.4921875,0.49049773755656106,1.0,5.014204978942871,0.9219183921813965
882,60,no_hr_loss,3,42,0.265625,0.390625,0.3695652173913043,1.0,2.570150375366211,0.6275315284729004
883,60,no_hr_loss,3,42,0.390625,0.46875,0.4791666666666667,1.0,3.136915683746338,0.6822769641876221
884,60,no_hr_loss,3,42,0.2890625,0.453125,0.3853669127225358,1.0,4.217852592468262,0.8606446981430054
885,60,no_hr_loss,3,42,0.421875,0.484375,0.4576271186440678,1.0,6.992912292480469,1.3323266506195068
886,60,no_hr_loss,3,42,0.375,0.4375,0.45098039215686275,1.0,4.33008337020874,0.8146964311599731
887,60,no_hr_loss,3,42,0.328125,0.5625,0.42857142857142855,1.0,4.1346259117126465,0.8749867081642151
888,60,no_hr_loss,3,42,0.28125,0.390625,0.3953488372093023,1.0,3.7725112438201904,0.8108051419258118
889,60,no_hr_loss,3,42,0.3125,0.546875,0.4,1.0,3.8659110069274902,0.8064599633216858
890,60,no_hr_loss,3,42,0.34375,0.484375,0.38636363636363635,1.0,4.118433952331543,0.8700840473175049
891,60,no_hr_loss,3,42,0.390625,0.5703125,0.4351676154332701,1.0,4.877065658569336,1.0026915073394775
892,60,no_hr_loss,3,42,0.3359375,0.484375,0.4107142857142857,1.0,3.472644329071045,0.8058860301971436
893,60,no_hr_loss,3,42,0.328125,0.421875,0.4264705882352941,1.0,4.985836029052734,1.177497148513794
894,60,no_hr_loss,3,42,0.375,0.46875,0.4444444444444444,1.0,3.63223934173584,0.7186911702156067
895,60,no_hr_loss,3,42,0.3046875,0.421875,0.41944444444444445,1.0,4.522520065307617,0.8105573654174805
896,60,no_hr_loss,3,42,0.375,0.46875,0.5136198547215496,1.0,3.5121042728424072,0.7222490906715393
897,60,no_hr_loss,3,42,0.2734375,0.3671875,0.3594224924012158,1.0,3.4584908485412598,0.7442944049835205
898,60,no_hr_loss,3,42,0.3046875,0.359375,0.45072463768115945,1.0,3.4307503700256348,0.567868173122406
899,60,no_hr_loss,3,42,0.296875,0.453125,0.38,1.0,3.1221556663513184,0.781326413154602
900,60,no_hr_loss,3,42,0.328125,0.4375,0.42857142857142855,1.0,4.189359188079834,0.9773872494697571
901,60,no_hr_loss,3,42,0.46875,0.5234375,0.5199692780337941,1.0,2.399862051010132,0.5677949786186218
902,60,no_hr_loss,3,42,0.3515625,0.3828125,0.45552884615384615,1.0,4.611410140991211,1.0581855773925781
903,60,no_hr_loss,3,42,0.3125,0.375,0.4117647058823529,1.0,6.421817302703857,1.070806622505188
904,60,no_hr_loss,3,42,0.34375,0.4375,0.40425531914893614,1.0,3.280632734298706,0.71096271276474
905,60,no_hr_loss,3,42,0.328125,0.453125,0.4375,1.0,4.820541858673096,0.8419475555419922
906,60,no_hr_loss,3,42,0.296875,0.40625,0.3958333333333333,1.0,4.260688304901123,0.8720334768295288
907,60,no_hr_loss,3,42,0.3515625,0.5078125,0.45077972709551656,1.0,3.5716586112976074,0.8066743016242981
908,60,no_hr_loss,3,42,0.34375,0.46875,0.3870967741935484,1.0,3.356529474258423,0.7468245625495911
909,60,no_hr_loss,3,42,0.2890625,0.3671875,0.3770903010033445,1.0,5.383333206176758,1.0921258926391602
910,60,no_hr_loss,3,42,0.3125,0.421875,0.4444444444444444,1.0,5.157703399658203,0.8943671584129333
911,60,no_hr_loss,3,42,0.3203125,0.390625,0.4366013071895425,1.0,4.6170654296875,0.9599925875663757
912,60,no_hr_loss,3,42,0.296875,0.375,0.4444444444444444,1.0,3.247994899749756,0.6856271028518677
913,60,no_hr_loss,3,42,0.3125,0.421875,0.4352159468438538,1.0,4.622314453125,0.8617531657218933
914,60,no_hr_loss,3,42,0.359375,0.59375,0.4107142857142857,1.0,5.333054542541504,1.1799442768096924
915,60,no_hr_loss,3,42,0.4375,0.546875,0.4291187739463601,1.0,4.741081237792969,0.9458456039428711
916,60,no_hr_loss,3,42,0.328125,0.4375,0.4303008070432869,1.0,3.7998552322387695,0.7477206587791443
917,60,no_hr_loss,3,42,0.3984375,0.4609375,0.4966666666666667,1.0,4.098580837249756,0.9077101349830627
918,60,no_hr_loss,3,42,0.328125,0.5234375,0.3847826086956522,1.0,4.3517842292785645,0.9303889870643616
919,60,no_hr_loss,3,42,0.34375,0.546875,0.4430379746835443,1.0,3.1465559005737305,0.621907651424408
920,60,no_hr_loss,3,42,0.296875,0.484375,0.38461538461538464,1.0,4.966194152832031,0.8266364336013794
921,60,no_hr_loss,3,42,0.28125,0.390625,0.40625,1.0,4.918647766113281,0.7674630880355835
922,60,no_hr_loss,3,42,0.3125,0.4140625,0.42220801364023874,1.0,5.055099964141846,1.103477120399475
923,60,no_hr_loss,3,42,0.34375,0.375,0.43137254901960786,1.0,3.7655529975891113,0.8550533056259155
924,60,no_hr_loss,3,42,0.265625,0.390625,0.38461538461538464,1.0,3.2752175331115723,0.6893092393875122
925,60,no_hr_loss,3,42,0.4453125,0.6171875,0.5053191489361701,1.0,3.01371431350708,0.696979820728302
926,60,no_hr_loss,3,42,0.28125,0.34375,0.42857142857142855,1.0,5.367786407470703,0.9986526370048523
927,60,no_hr_loss,3,42,0.328125,0.4453125,0.45178571428571423,1.0,3.978489398956299,0.8978710770606995
928,60,no_hr_loss,3,42,0.359375,0.453125,0.41818181818181815,1.0,5.364423751831055,0.9656164050102234
929,60,no_hr_loss,3,42,0.3671875,0.484375,0.4098258706467662,1.0,5.193113803863525,0.8564030528068542
930,60,no_hr_loss,3,42,0.40625,0.4375,0.48148148148148145,1.0,4.480160236358643,0.7465307116508484
931,60,no_hr_loss,3,42,0.453125,0.515625,0.46153846153846156,1.0,4.592282295227051,0.8522582054138184
932,60,no_hr_loss,3,42,0.546875,0.5078125,0.5588235294117647,1.0,3.626265525817871,0.8539532423019409
933,60,no_hr_loss,3,42,0.3125,0.453125,0.41379310344827586,1.0,2.7403650283813477,0.6558594107627869
934,60,no_hr_loss,3,42,0.3125,0.421875,0.4222222222222222,1.0,4.1688408851623535,0.9010539650917053
935,60,no_hr_loss,3,42,0.390625,0.484375,0.44642857142857145,1.0,5.101199626922607,0.8761356472969055
936,60,no_hr_loss,3,42,0.453125,0.515625,0.4807692307692308,1.0,5.046605587005615,1.1440075635910034
937,60,no_hr_loss,3,42,0.359375,0.40625,0.48936170212765956,1.0,7.816163539886475,1.180238962173462
938,60,no_hr_loss,3,42,0.3515625,0.5625,0.3854679802955665,1.0,5.353456497192383,0.857404351234436
939,60,no_hr_loss,3,42,0.328125,0.421875,0.44642857142857145,1.0,3.3995022773742676,0.6313948035240173
940,60,no_hr_loss,3,42,0.34375,0.46875,0.39285714285714285,1.0,5.062627792358398,0.7380321621894836
941,60,no_hr_loss,3,42,0.296875,0.3671875,0.3840108401084011,1.0,5.714704513549805,1.1952080726623535
942,60,no_hr_loss,3,42,0.296875,0.4375,0.41304347826086957,1.0,5.130771636962891,1.1657568216323853
943,60,no_hr_loss,3,42,0.34375,0.453125,0.4489795918367347,1.0,3.7507426738739014,0.8096820116043091
944,60,no_hr_loss,3,42,0.2890625,0.4296875,0.4005403579871665,1.0,3.3822107315063477,0.7503546476364136
945,60,no_hr_loss,3,42,0.3046875,0.4140625,0.4472222222222222,1.0,4.152688026428223,0.8190131187438965
946,60,no_hr_loss,3,42,0.25,0.34375,0.3783783783783784,1.0,5.48575496673584,1.1203962564468384
947,60,no_hr_loss,3,42,0.390625,0.4375,0.4736842105263158,1.0,7.263742923736572,1.2054725885391235
948,60,no_hr_loss,3,42,0.28125,0.40625,0.43768996960486317,1.0,4.39800500869751,0.9184615015983582
949,60,no_hr_loss,3,42,0.265625,0.421875,0.38095238095238093,1.0,2.843989849090576,0.6251474022865295
950,60,no_hr_loss,3,42,0.4921875,0.890625,0.449452736318408,1.0,2.1623716354370117,0.4794274866580963
951,60,no_hr_loss,3,42,0.3125,0.421875,0.39,1.0,2.6231513023376465,0.5265495181083679
952,60,no_hr_loss,3,42,0.3671875,0.3828125,0.46599842767295596,1.0,4.549229621887207,0.7792909145355225
953,60,no_hr_loss,3,42,0.28125,0.421875,0.35499537465309894,1.0,3.8315625190734863,0.8593300580978394
954,60,no_hr_loss,3,42,0.328125,0.375,0.4240196078431373,1.0,5.422871112823486,1.054396152496338
955,60,no_hr_loss,3,42,0.34375,0.484375,0.42857142857142855,1.0,3.301370859146118,0.6172708868980408
956,60,no_hr_loss,3,42,0.34375,0.375,0.45476190476190476,1.0,4.863664627075195,0.9219054579734802
957,60,no_hr_loss,3,42,0.2890625,0.453125,0.37367346938775514,1.0,2.85880184173584,0.5799800157546997
958,60,no_hr_loss,3,42,0.296875,0.46875,0.40384615384615385,1.0,4.716439247131348,0.9614125490188599
959,60,no_hr_loss,3,42,0.609375,0.5859375,0.535774647887324,1.0,2.623239040374756,0.5846807360649109
960,60,no_hr_loss,3,42,0.4140625,0.6015625,0.4273504273504274,1.0,1.8671386241912842,0.5219218730926514
961,60,no_hr_loss,3,42,0.359375,0.46875,0.4727272727272727,1.0,2.77980375289917,0.573319137096405
962,60,no_hr_loss,3,42,0.3359375,0.484375,0.4840748230535895,1.0,4.277009010314941,0.8612631559371948
963,60,no_hr_loss,3,42,0.40625,0.4375,0.5,1.0,4.271164894104004,0.8539406657218933
964,60,no_hr_loss,3,42,0.421875,0.5,0.5,1.0,3.9077417850494385,0.7999070882797241
965,60,no_hr_loss,3,42,0.28125,0.4375,0.36,1.0,2.69179105758667,0.5512840747833252
966,60,no_hr_loss,3,42,0.296875,0.4609375,0.41025641025641024,1.0,4.308642387390137,0.851494550704956
967,60,no_hr_loss,3,42,0.34375,0.4296875,0.45138888888888884,1.0,3.3447484970092773,0.564326822757721
968,60,no_hr_loss,3,42,0.3125,0.5703125,0.375,1.0,5.8973388671875,1.083543062210083
969,60,no_hr_loss,3,42,0.3828125,0.4375,0.44505494505494503,1.0,5.547539710998535,1.0557109117507935
970,60,no_hr_loss,3,42,0.5,0.546875,0.4266666666666667,1.0,4.3980712890625,0.7757546901702881
971,60,no_hr_loss,3,42,0.515625,0.5625,0.5,1.0,3.6401772499084473,0.8835391998291016
972,60,no_hr_loss,3,42,0.328125,0.4140625,0.42648221343873516,1.0,4.49885368347168,1.07298743724823
973,60,no_hr_loss,3,42,0.375,0.46875,0.44642857142857145,1.0,3.2473554611206055,0.6897791028022766
974,60,no_hr_loss,3,42,0.421875,0.46875,0.5192307692307693,1.0,3.475221633911133,0.7397255301475525
975,60,no_hr_loss,3,42,0.359375,0.5390625,0.41568627450980394,1.0,5.133874893188477,0.9360560774803162
976,60,no_hr_loss,3,42,0.390625,0.484375,0.40425531914893614,1.0,3.0635809898376465,0.5778972506523132
977,60,no_hr_loss,3,42,0.421875,0.46875,0.49019607843137253,1.0,4.7978620529174805,0.9398951530456543
978,60,no_hr_loss,3,42,0.296875,0.421875,0.3958333333333333,1.0,4.299089431762695,0.9087033867835999
979,60,no_hr_loss,3,42,0.390625,0.640625,0.4583333333333333,1.0,2.941397190093994,0.6331929564476013
980,60,no_hr_loss,3,42,0.4921875,0.6328125,0.5025025025025025,1.0,4.6669182777404785,0.9149128198623657
981,60,no_hr_loss,3,42,0.375,0.4609375,0.4289297658862876,1.0,3.305530071258545,0.5818590521812439
982,60,no_hr_loss,3,42,0.46875,0.546875,0.4166666666666667,1.0,4.017356872558594,0.7741184234619141
983,60,no_hr_loss,3,42,0.3359375,0.484375,0.4907407407407407,1.0,5.914555549621582,1.0302786827087402
984,60,no_hr_loss,3,42,0.3046875,0.421875,0.40588235294117647,1.0,4.003159046173096,0.7368959784507751
985,60,no_hr_loss,3,42,0.28125,0.3984375,0.37898936170212766,1.0,2.0940403938293457,0.48070356249809265
986,60,no_hr_loss,3,42,0.3125,0.46875,0.4489795918367347,1.0,3.2020208835601807,0.6867824196815491
987,60,no_hr_loss,3,42,0.3828125,0.5390625,0.43405765920826167,1.0,4.616172790527344,0.8050622344017029
988,60,no_hr_loss,3,42,0.2890625,0.4765625,0.3998397435897436,1.0,5.1215105056762695,0.9145423769950867
989,60,no_hr_loss,3,42,0.359375,0.421875,0.425531914893617,1.0,4.699652671813965,0.9543790817260742
990,60,no_hr_loss,3,42,0.3515625,0.5078125,0.39907094594594594,1.0,4.006298065185547,0.8989583849906921
991,60,no_hr_loss,3,42,0.328125,0.453125,0.42857142857142855,1.0,4.625499725341797,0.9335348606109619
992,60,no_hr_loss,3,42,0.390625,0.5078125,0.4510357815442561,1.0,5.181567192077637,0.9675735235214233
993,60,no_hr_loss,3,42,0.25,0.3359375,0.3824570273003033,1.0,5.254369258880615,0.9703930616378784
994,60,no_hr_loss,3,42,0.328125,0.421875,0.40425531914893614,1.0,4.887317657470703,0.975492000579834
995,60,no_hr_loss,3,42,0.328125,0.375,0.4666666666666667,1.0,5.5802788734436035,1.0890947580337524
996,60,no_hr_loss,3,42,0.359375,0.40625,0.46,1.0,4.873818397521973,0.8054832816123962
997,60,no_hr_loss,3,42,0.3359375,0.3984375,0.4767786561264822,1.0,5.254173278808594,1.033940076828003
998,60,no_hr_loss,3,42,0.4375,0.375,0.43636363636363634,1.0,3.2852559089660645,0.6680863499641418
999,60,no_hr_loss,3,42,0.3125,0.46875,0.40260047281323874,1.0,4.751229286193848,0.8231902122497559
0,80,no_hr_loss,3,42,0.3125,0.359375,0.38,1.0,4.732614994049072,0.9961986541748047
1,80,no_hr_loss,3,42,0.375,0.46875,0.38461538461538464,1.0,3.7345309257507324,0.7223930954933167
2,80,no_hr_loss,3,42,0.40625,0.4765625,0.4514814814814815,1.0,5.064756870269775,0.9000930190086365
3,80,no_hr_loss,3,42,0.3125,0.4765625,0.4935897435897436,1.0,2.6491951942443848,0.7115898728370667
4,80,no_hr_loss,3,42,0.359375,0.46875,0.42857142857142855,1.0,3.395780086517334,0.7621839046478271
5,80,no_hr_loss,3,42,0.5390625,0.6328125,0.5135021097046414,1.0,3.218005895614624,0.6503288745880127
6,80,no_hr_loss,3,42,0.3828125,0.46875,0.5161764705882352,1.0,4.262278079986572,0.766686201095581
7,80,no_hr_loss,3,42,0.25,0.359375,0.38636363636363635,1.0,2.8376126289367676,0.5201245546340942
8,80,no_hr_loss,3,42,0.375,0.46875,0.43636363636363634,1.0,5.52780294418335,0.959440290927887
9,80,no_hr_loss,3,42,0.375,0.5,0.42105263157894735,1.0,3.755093574523926,0.8394055962562561
10,80,no_hr_loss,3,42,0.28125,0.375,0.48484848484848486,1.0,5.707431793212891,0.8816264867782593
11,80,no_hr_loss,3,42,0.328125,0.375,0.40384615384615385,1.0,4.3062238693237305,0.8486587405204773
12,80,no_hr_loss,3,42,0.359375,0.5078125,0.4420454545454545,1.0,3.4545178413391113,0.7970832586288452
13,80,no_hr_loss,3,42,0.3203125,0.40625,0.4552590266875981,1.0,4.277463912963867,0.923274040222168
14,80,no_hr_loss,3,42,0.3359375,0.453125,0.4427659574468085,1.0,3.58880615234375,0.8307497501373291
15,80,no_hr_loss,3,42,0.328125,0.4296875,0.41699346405228754,1.0,3.3604133129119873,0.6306269764900208
16,80,no_hr_loss,3,42,0.4375,0.609375,0.3684210526315789,1.0,4.82553768157959,0.8572326898574829
17,80,no_hr_loss,3,42,0.3671875,0.5234375,0.4446428571428571,1.0,4.639218807220459,0.9589715003967285
18,80,no_hr_loss,3,42,0.25,0.4375,0.34782608695652173,1.0,3.8064427375793457,0.7329394221305847
19,80,no_hr_loss,3,42,0.28125,0.46875,0.3695652173913043,1.0,5.105389595031738,0.9895384311676025
20,80,no_hr_loss,3,42,0.3359375,0.4921875,0.3847771236333053,1.0,3.3198065757751465,0.6406048536300659
21,80,no_hr_loss,3,42,0.296875,0.46875,0.41818181818181815,1.0,2.799576759338379,0.5911964774131775
22,80,no_hr_loss,3,42,0.390625,0.453125,0.43103448275862066,1.0,3.966721534729004,0.8145201802253723
23,80,no_hr_loss,3,42,0.6015625,0.5703125,0.5357142857142857,1.0,3.4358139038085938,0.7747731804847717
24,80,no_hr_loss,3,42,0.328125,0.40625,0.4722222222222222,1.0,5.233881950378418,0.9115249514579773
25,80,no_hr_loss,3,42,0.4296875,0.4921875,0.5103021978021978,1.0,3.457577705383301,0.6300219297409058
26,80,no_hr_loss,3,42,0.375,0.5390625,0.5127272727272727,1.0,3.5186846256256104,0.637926459312439
27,80,no_hr_loss,3,42,0.265625,0.46875,0.3953488372093023,1.0,4.3009514808654785,0.7804840207099915
28,80,no_hr_loss,3,42,0.3203125,0.4296875,0.4658914728682171,1.0,3.653395652770996,0.6790886521339417
29,80,no_hr_loss,3,42,0.28125,0.375,0.4186046511627907,1.0,6.209558963775635,1.188442349433899
30,80,no_hr_loss,3,42,0.4140625,0.4765625,0.4370471014492754,1.0,3.425564765930176,0.6632415652275085
31,80,no_hr_loss,3,42,0.53125,0.46875,0.425531914893617,1.0,4.883091926574707,0.9447638392448425
32,80,no_hr_loss,3,42,0.65625,0.578125,0.56,1.0,3.38918399810791,0.7180101275444031
33,80,no_hr_loss,3,42,0.34375,0.421875,0.4885262621111678,1.0,4.495916366577148,1.0433452129364014
34,80,no_hr_loss,3,42,0.359375,0.421875,0.4406779661016949,1.0,4.225478172302246,0.9654327630996704
35,80,no_hr_loss,3,42,0.296875,0.3125,0.42857142857142855,1.0,5.4742231369018555,0.8248603940010071
36,80,no_hr_loss,3,42,0.2890625,0.484375,0.37789661319073087,1.0,3.5558199882507324,0.7563440799713135
37,80,no_hr_loss,3,42,0.3125,0.40625,0.43478260869565216,1.0,3.686041831970215,0.7309920191764832
38,80,no_hr_loss,3,42,0.3125,0.34375,0.44285714285714284,1.0,6.9544997215271,1.1015653610229492
39,80,no_hr_loss,3,42,0.296875,0.421875,0.3756998880179171,1.0,3.5879955291748047,0.620111882686615
40,80,no_hr_loss,3,42,0.3203125,0.4453125,0.43617021276595747,1.0,3.6767451763153076,0.7470885515213013
41,80,no_hr_loss,3,42,0.359375,0.515625,0.5094339622641509,1.0,4.710798740386963,0.7432752251625061
42,80,no_hr_loss,3,42,0.28125,0.4375,0.4,1.0,4.903356075286865,0.9975488185882568
43,80,no_hr_loss,3,42,0.3125,0.484375,0.40160183066361554,1.0,5.277384281158447,1.0642286539077759
44,80,no_hr_loss,3,42,0.265625,0.34375,0.40425531914893614,1.0,3.8499879837036133,0.7688196301460266
45,80,no_hr_loss,3,42,0.328125,0.390625,0.44680851063829785,1.0,4.036645889282227,0.7909871339797974
46,80,no_hr_loss,3,42,0.328125,0.40625,0.4375,1.0,5.848353862762451,1.0679047107696533
47,80,no_hr_loss,3,42,0.3125,0.46875,0.37735849056603776,1.0,4.041989326477051,0.8988304138183594
48,80,no_hr_loss,3,42,0.328125,0.4375,0.4222222222222222,1.0,4.430825233459473,0.8948627710342407
49,80,no_hr_loss,3,42,0.3125,0.46875,0.4230769230769231,1.0,4.995817184448242,0.8498551845550537
50,80,no_hr_loss,3,42,0.328125,0.46875,0.3859126984126984,1.0,2.389784336090088,0.6222297549247742
51,80,no_hr_loss,3,42,0.328125,0.46875,0.43137254901960786,1.0,4.663669586181641,0.9938570857048035
52,80,no_hr_loss,3,42,0.296875,0.390625,0.4489795918367347,1.0,3.0995287895202637,0.5953010320663452
53,80,no_hr_loss,3,42,0.578125,0.4609375,0.5531707317073171,1.0,4.167994022369385,0.8720595240592957
54,80,no_hr_loss,3,42,0.3203125,0.4296875,0.4223809523809524,1.0,4.324254512786865,0.9101860523223877
55,80,no_hr_loss,3,42,0.34375,0.53125,0.36363636363636365,1.0,4.269331932067871,1.0457664728164673
56,80,no_hr_loss,3,42,0.3828125,0.4921875,0.48404255319148937,1.0,5.325554370880127,1.027964472770691
57,80,no_hr_loss,3,42,0.3125,0.390625,0.4049886621315193,1.0,4.136785984039307,1.0138081312179565
58,80,no_hr_loss,3,42,0.421875,0.5078125,0.409297052154195,1.0,3.0984444618225098,0.7282693386077881
59,80,no_hr_loss,3,42,0.34375,0.4375,0.44680851063829785,1.0,3.8230552673339844,0.6168769598007202
60,80,no_hr_loss,3,42,0.34375,0.4921875,0.4377462568951931,1.0,3.3168864250183105,0.6885287761688232
61,80,no_hr_loss,3,42,0.34375,0.34375,0.4489795918367347,1.0,5.817530155181885,1.1531366109848022
62,80,no_hr_loss,3,42,0.265625,0.390625,0.3902439024390244,1.0,3.729029893875122,0.7178493142127991
63,80,no_hr_loss,3,42,0.453125,0.515625,0.48333333333333334,1.0,3.3056817054748535,0.6585761308670044
64,80,no_hr_loss,3,42,0.3203125,0.390625,0.47195357833655704,1.0,3.6477091312408447,0.6816147565841675
65,80,no_hr_loss,3,42,0.3125,0.390625,0.447463768115942,1.0,4.221752643585205,0.8273952603340149
66,80,no_hr_loss,3,42,0.3515625,0.3984375,0.4530172413793103,1.0,4.652244567871094,0.848268449306488
67,80,no_hr_loss,3,42,0.34375,0.453125,0.3902439024390244,1.0,2.9377291202545166,0.6180464625358582
68,80,no_hr_loss,3,42,0.75,0.546875,0.46601941747572817,1.0,3.852520227432251,0.8575984835624695
69,80,no_hr_loss,3,42,0.328125,0.4375,0.39338235294117646,1.0,4.821619987487793,0.7783294916152954
70,80,no_hr_loss,3,42,0.2890625,0.328125,0.4399641577060932,1.0,4.771415710449219,0.9960142374038696
71,80,no_hr_loss,3,42,0.625,0.8046875,0.5445218373493976,1.0,3.5390734672546387,0.6668094992637634
72,80,no_hr_loss,3,42,0.265625,0.390625,0.425531914893617,1.0,5.603989124298096,1.1409587860107422
73,80,no_hr_loss,3,42,0.40625,0.515625,0.38461538461538464,1.0,4.087784767150879,0.9149929285049438
74,80,no_hr_loss,3,42,0.3125,0.40625,0.44,1.0,3.968963623046875,0.8106265664100647
75,80,no_hr_loss,3,42,0.375,0.484375,0.41304347826086957,1.0,4.744253158569336,0.8913633823394775
76,80,no_hr_loss,3,42,0.25,0.40625,0.35714285714285715,1.0,4.815281391143799,0.7522905468940735
77,80,no_hr_loss,3,42,0.359375,0.40625,0.5209601081812035,1.0,4.695762634277344,0.9059368371963501
78,80,no_hr_loss,3,42,0.3515625,0.390625,0.5734707446808511,1.0,3.440216064453125,0.6925744414329529
79,80,no_hr_loss,3,42,0.296875,0.40625,0.3877551020408163,1.0,4.7790350914001465,1.059356689453125
80,80,no_hr_loss,3,42,0.3125,0.3984375,0.41836734693877553,1.0,3.354238510131836,0.6501914262771606
81,80,no_hr_loss,3,42,0.265625,0.453125,0.40425531914893614,1.0,3.1217005252838135,0.6122666001319885
82,80,no_hr_loss,3,42,0.296875,0.5,0.38,1.0,3.6090660095214844,0.7521930932998657
83,80,no_hr_loss,3,42,0.3515625,0.421875,0.42997198879551823,1.0,4.678106307983398,1.0033193826675415
84,80,no_hr_loss,3,42,0.28125,0.453125,0.4117647058823529,1.0,2.643419027328491,0.5214165449142456
85,80,no_hr_loss,3,42,0.3125,0.40625,0.5,1.0,3.1951844692230225,0.6055806279182434
86,80,no_hr_loss,3,42,0.375,0.46875,0.43636363636363634,1.0,6.542598724365234,1.1925394535064697
87,80,no_hr_loss,3,42,0.328125,0.421875,0.4166666666666667,1.0,3.974755048751831,0.815335750579834
88,80,no_hr_loss,3,42,0.359375,0.5,0.4118963863127598,1.0,2.8279552459716797,0.5639973282814026
89,80,no_hr_loss,3,42,0.296875,0.390625,0.4060077519379845,1.0,5.66385555267334,0.9445676803588867
90,80,no_hr_loss,3,42,0.3046875,0.40625,0.4,1.0,2.5681934356689453,0.46768203377723694
91,80,no_hr_loss,3,42,0.28125,0.390625,0.3829787234042553,1.0,3.3448262214660645,0.7494020462036133
92,80,no_hr_loss,3,42,0.296875,0.40625,0.4222222222222222,1.0,5.010286331176758,0.8477572202682495
93,80,no_hr_loss,3,42,0.4375,0.53125,0.523972602739726,1.0,3.3569107055664062,0.686430811882019
94,80,no_hr_loss,3,42,0.3984375,0.4765625,0.4946260635915808,1.0,5.1535844802856445,0.9196058511734009
95,80,no_hr_loss,3,42,0.359375,0.5,0.43859649122807015,1.0,6.427731513977051,1.0591291189193726
96,80,no_hr_loss,3,42,0.265625,0.46875,0.4528301886792453,1.0,6.604032516479492,1.1702134609222412
97,80,no_hr_loss,3,42,0.234375,0.40625,0.3798076923076923,1.0,3.596195936203003,0.7818267345428467
98,80,no_hr_loss,3,42,0.3671875,0.53125,0.3979166666666667,1.0,4.483351707458496,0.791354775428772
99,80,no_hr_loss,3,42,0.375,0.4375,0.5098039215686274,1.0,4.267901420593262,0.916709840297699
100,80,no_hr_loss,3,42,0.25,0.375,0.36160130718954253,1.0,3.6111764907836914,0.7730646133422852
101,80,no_hr_loss,3,42,0.3125,0.484375,0.43478260869565216,1.0,3.21671986579895,0.789825439453125
102,80,no_hr_loss,3,42,0.28125,0.4765625,0.3979166666666667,1.0,3.0824131965637207,0.6353968381881714
103,80,no_hr_loss,3,42,0.34375,0.40625,0.428475935828877,1.0,2.8435535430908203,0.5879507064819336
104,80,no_hr_loss,3,42,0.296875,0.4296875,0.4148077835785477,1.0,3.429049491882324,0.7123298048973083
105,80,no_hr_loss,3,42,0.390625,0.46875,0.5434782608695652,1.0,4.292623519897461,0.7623007893562317
106,80,no_hr_loss,3,42,0.375,0.5,0.46153846153846156,1.0,4.0287628173828125,0.838602602481842
107,80,no_hr_loss,3,42,0.3125,0.390625,0.425531914893617,1.0,4.3311052322387695,0.8244947791099548
108,80,no_hr_loss,3,42,0.3203125,0.421875,0.43061979648473636,1.0,4.277198314666748,0.8183168172836304
109,80,no_hr_loss,3,42,0.3984375,0.4375,0.5094880057286073,1.0,6.833341598510742,1.4050878286361694
110,80,no_hr_loss,3,42,0.4375,0.421875,0.449438202247191,1.0,3.7444190979003906,0.6541630625724792
111,80,no_hr_loss,3,42,0.46875,0.671875,0.4838709677419355,1.0,3.365823268890381,0.6543612480163574
112,80,no_hr_loss,3,42,0.2890625,0.3828125,0.3931818181818182,1.0,4.139528274536133,0.813723087310791
113,80,no_hr_loss,3,42,0.2890625,0.3828125,0.428743961352657,1.0,7.4799346923828125,1.0606869459152222
114,80,no_hr_loss,3,42,0.359375,0.5625,0.45098039215686275,1.0,4.34421443939209,0.7923671007156372
115,80,no_hr_loss,3,42,0.296875,0.46875,0.3958333333333333,1.0,3.7110588550567627,0.7751365900039673
116,80,no_hr_loss,3,42,0.34375,0.484375,0.46808510638297873,1.0,4.825310707092285,0.7550992369651794
117,80,no_hr_loss,3,42,0.296875,0.484375,0.36106346483704976,1.0,3.3678512573242188,0.6951944828033447
118,80,no_hr_loss,3,42,0.3125,0.34375,0.40476190476190477,1.0,4.065262317657471,0.8315069079399109
119,80,no_hr_loss,3,42,0.265625,0.453125,0.3695652173913043,1.0,2.893099784851074,0.6496145129203796
120,80,no_hr_loss,3,42,0.40625,0.46875,0.5150261324041812,1.0,3.380976915359497,0.726010262966156
121,80,no_hr_loss,3,42,0.3515625,0.4375,0.5003465003465003,1.0,6.24465274810791,1.2705057859420776
122,80,no_hr_loss,3,42,0.296875,0.4375,0.3695652173913043,1.0,3.084667205810547,0.7016707062721252
123,80,no_hr_loss,3,42,0.296875,0.484375,0.4418604651162791,1.0,4.1373610496521,0.7348974943161011
124,80,no_hr_loss,3,42,0.265625,0.375,0.48148148148148145,1.0,3.2022643089294434,0.7079931497573853
125,80,no_hr_loss,3,42,0.296875,0.34375,0.4318181818181818,1.0,3.9608821868896484,0.6141284704208374
126,80,no_hr_loss,3,42,0.3125,0.515625,0.3695652173913043,1.0,3.480053424835205,0.7264553308486938
127,80,no_hr_loss,3,42,0.3046875,0.421875,0.39285714285714285,1.0,2.7849934101104736,0.506732702255249
128,80,no_hr_loss,3,42,0.2890625,0.4140625,0.4200830306175402,1.0,3.273897647857666,0.7318064570426941
129,80,no_hr_loss,3,42,0.3125,0.453125,0.40425531914893614,1.0,4.114447116851807,0.8175442218780518
130,80,no_hr_loss,3,42,0.359375,0.484375,0.48148148148148145,1.0,4.023323059082031,0.6594480276107788
131,80,no_hr_loss,3,42,0.328125,0.4453125,0.41930232558139535,1.0,4.353564262390137,0.8174490332603455
132,80,no_hr_loss,3,42,0.5625,0.6875,0.4983031674208145,1.0,3.6748952865600586,0.8343337178230286
133,80,no_hr_loss,3,42,0.296875,0.4609375,0.3686792452830189,1.0,4.154719352722168,0.8922572731971741
134,80,no_hr_loss,3,42,0.328125,0.375,0.38181818181818183,1.0,5.475824356079102,0.892176628112793
135,80,no_hr_loss,3,42,0.34375,0.53125,0.4,1.0,3.898224353790283,0.7959994077682495
136,80,no_hr_loss,3,42,0.265625,0.390625,0.3617021276595745,1.0,3.8273861408233643,0.803229808807373
137,80,no_hr_loss,3,42,0.328125,0.453125,0.4189189189189189,1.0,3.6730704307556152,0.8824124336242676
138,80,no_hr_loss,3,42,0.390625,0.5625,0.48,1.0,3.147197723388672,0.7922524809837341
139,80,no_hr_loss,3,42,0.3359375,0.546875,0.37472575691092586,1.0,3.7368907928466797,0.770235538482666
140,80,no_hr_loss,3,42,0.3359375,0.40625,0.5174418604651163,1.0,3.2264819145202637,0.66810142993927
141,80,no_hr_loss,3,42,0.3828125,0.5,0.430614406779661,1.0,3.5031228065490723,0.6755964159965515
142,80,no_hr_loss,3,42,0.34375,0.453125,0.45098039215686275,1.0,3.8182473182678223,0.6639080047607422
143,80,no_hr_loss,3,42,0.3359375,0.40625,0.4398220826792255,1.0,4.148483753204346,0.8130725622177124
144,80,no_hr_loss,3,42,0.375,0.375,0.4264705882352941,1.0,3.715458869934082,0.7240607738494873
145,80,no_hr_loss,3,42,0.375,0.40625,0.501610305958132,1.0,6.495003700256348,1.0104811191558838
146,80,no_hr_loss,3,42,0.34375,0.390625,0.4554901960784314,1.0,6.083086013793945,0.903620183467865
147,80,no_hr_loss,3,42,0.375,0.515625,0.42105263157894735,1.0,4.564342975616455,0.8801892995834351
148,80,no_hr_loss,3,42,0.3203125,0.4453125,0.4363672182821119,1.0,5.462904453277588,0.8818221092224121
149,80,no_hr_loss,3,42,0.390625,0.40625,0.4444444444444444,1.0,4.045924663543701,0.7824923992156982
150,80,no_hr_loss,3,42,0.3125,0.421875,0.43478260869565216,1.0,3.721752166748047,0.7483536005020142
151,80,no_hr_loss,3,42,0.3125,0.53125,0.36585365853658536,1.0,4.41994047164917,0.8022927641868591
152,80,no_hr_loss,3,42,0.3984375,0.53125,0.4451058201058201,1.0,4.753843307495117,0.917041540145874
153,80,no_hr_loss,3,42,0.359375,0.546875,0.38461538461538464,1.0,3.9818973541259766,0.7489140629768372
154,80,no_hr_loss,3,42,0.34375,0.515625,0.41509433962264153,1.0,3.5188326835632324,0.7838892936706543
155,80,no_hr_loss,3,42,0.3046875,0.40625,0.4144786196549137,1.0,3.2941946983337402,0.6794159412384033
156,80,no_hr_loss,3,42,0.34375,0.53125,0.4594594594594595,1.0,4.290890693664551,0.8204747438430786
157,80,no_hr_loss,3,42,0.3203125,0.40625,0.45951536643026003,1.0,5.266220569610596,0.9912443161010742
158,80,no_hr_loss,3,42,0.328125,0.390625,0.45652173913043476,1.0,5.138457298278809,1.0841389894485474
159,80,no_hr_loss,3,42,0.34375,0.390625,0.4146341463414634,1.0,3.4846081733703613,0.636871874332428
160,80,no_hr_loss,3,42,0.3125,0.515625,0.3037974683544304,1.0,6.556853294372559,0.9196358919143677
161,80,no_hr_loss,3,42,0.328125,0.5,0.43137254901960786,1.0,3.6461219787597656,0.8798491358757019
162,80,no_hr_loss,3,42,0.3203125,0.421875,0.41865828092243185,1.0,6.042498588562012,1.0427745580673218
163,80,no_hr_loss,3,42,0.359375,0.5,0.43548387096774194,1.0,4.482009410858154,0.942846953868866
164,80,no_hr_loss,3,42,0.28125,0.375,0.4090909090909091,1.0,4.4065704345703125,0.8383785486221313
165,80,no_hr_loss,3,42,0.2734375,0.453125,0.40499149177538285,1.0,3.0478477478027344,0.6371666789054871
166,80,no_hr_loss,3,42,0.375,0.3984375,0.4424385138670853,1.0,2.9304821491241455,0.5472331047058105
167,80,no_hr_loss,3,42,0.28125,0.375,0.4411764705882353,1.0,3.1577537059783936,0.6477890610694885
168,80,no_hr_loss,3,42,0.46875,0.46875,0.4349943534726144,1.0,5.32984733581543,1.1764997243881226
169,80,no_hr_loss,3,42,0.546875,0.59375,0.4247787610619469,1.0,2.9379701614379883,0.6036387085914612
170,80,no_hr_loss,3,42,0.296875,0.453125,0.41304347826086957,1.0,4.357943534851074,0.8351651430130005
171,80,no_hr_loss,3,42,0.296875,0.3828125,0.4417344173441734,1.0,6.793465614318848,1.3155957460403442
172,80,no_hr_loss,3,42,0.265625,0.390625,0.38636363636363635,1.0,5.3186116218566895,1.2291158437728882
173,80,no_hr_loss,3,42,0.4375,0.484375,0.5,1.0,2.576711654663086,0.5354399085044861
174,80,no_hr_loss,3,42,0.359375,0.484375,0.45098039215686275,1.0,3.680069923400879,0.7314292788505554
175,80,no_hr_loss,3,42,0.4296875,0.5546875,0.4473975636766334,1.0,4.347431182861328,0.9192150831222534
176,80,no_hr_loss,3,42,0.4140625,0.5625,0.48134206219312603,1.0,3.926539897918701,0.8068273067474365
177,80,no_hr_loss,3,42,0.265625,0.4375,0.39473684210526316,1.0,3.695530891418457,0.6501191854476929
178,80,no_hr_loss,3,42,0.28125,0.390625,0.4444444444444444,1.0,5.468835830688477,0.8819153308868408
179,80,no_hr_loss,3,42,0.28125,0.5625,0.375,1.0,4.646908760070801,0.9802899956703186
180,80,no_hr_loss,3,42,0.3125,0.390625,0.41910879164993975,1.0,3.686756134033203,0.7592896819114685
181,80,no_hr_loss,3,42,0.3125,0.4140625,0.41661939875212706,1.0,4.728421211242676,0.9050937294960022
182,80,no_hr_loss,3,42,0.328125,0.421875,0.4444444444444444,1.0,4.318124771118164,0.8584045767784119
183,80,no_hr_loss,3,42,0.3359375,0.4296875,0.41571194762684127,1.0,4.503891944885254,0.8472949266433716
184,80,no_hr_loss,3,42,0.3125,0.421875,0.43799019607843137,1.0,6.7368669509887695,1.1863791942596436
185,80,no_hr_loss,3,42,0.484375,0.625,0.5447713463383435,1.0,5.31551456451416,0.9675780534744263
186,80,no_hr_loss,3,42,0.34375,0.484375,0.46808510638297873,1.0,4.725649356842041,1.021575927734375
187,80,no_hr_loss,3,42,0.3828125,0.546875,0.4537037037037037,1.0,3.0910234451293945,0.6841464042663574
188,80,no_hr_loss,3,42,0.359375,0.390625,0.39436619718309857,1.0,4.391051292419434,0.9376683235168457
189,80,no_hr_loss,3,42,0.3125,0.34375,0.42,1.0,3.605454921722412,0.776066780090332
190,80,no_hr_loss,3,42,0.3515625,0.4765625,0.37645833333333334,1.0,4.076077461242676,0.7900851368904114
191,80,no_hr_loss,3,42,0.8125,0.390625,0.5842696629213483,1.0,3.892240047454834,0.777732253074646
192,80,no_hr_loss,3,42,0.328125,0.4921875,0.443859649122807,1.0,2.6596555709838867,0.6072422862052917
193,80,no_hr_loss,3,42,0.3828125,0.4140625,0.4803846153846154,1.0,4.242495059967041,0.9137377738952637
194,80,no_hr_loss,3,42,0.359375,0.46875,0.46,1.0,4.194559574127197,0.8944363594055176
195,80,no_hr_loss,3,42,0.3125,0.359375,0.4166666666666667,1.0,4.207592964172363,0.671623170375824
196,80,no_hr_loss,3,42,0.359375,0.421875,0.42592592592592593,1.0,3.1272735595703125,0.6323431134223938
197,80,no_hr_loss,3,42,0.21875,0.359375,0.35,1.0,5.674111843109131,1.1607310771942139
198,80,no_hr_loss,3,42,0.375,0.5,0.4528301886792453,1.0,4.6318864822387695,0.9668652415275574
199,80,no_hr_loss,3,42,0.3125,0.4375,0.3673469387755102,1.0,4.186488628387451,0.8522830605506897
200,80,no_hr_loss,3,42,0.609375,0.765625,0.5492957746478874,1.0,5.064107418060303,1.0142707824707031
201,80,no_hr_loss,3,42,0.296875,0.421875,0.3787878787878788,1.0,4.05899715423584,0.8434117436408997
202,80,no_hr_loss,3,42,0.328125,0.5,0.41025641025641024,1.0,5.850847244262695,0.9312925934791565
203,80,no_hr_loss,3,42,0.25,0.375,0.41025641025641024,1.0,4.071633815765381,0.7611199021339417
204,80,no_hr_loss,3,42,0.40625,0.453125,0.39861111111111114,1.0,3.7252140045166016,0.7455394864082336
205,80,no_hr_loss,3,42,0.3359375,0.453125,0.44846261355695316,1.0,4.427285671234131,0.8376206755638123
206,80,no_hr_loss,3,42,0.359375,0.4375,0.45098039215686275,1.0,3.2628746032714844,0.5632068514823914
207,80,no_hr_loss,3,42,0.296875,0.453125,0.3953488372093023,1.0,3.4349851608276367,0.7020454406738281
208,80,no_hr_loss,3,42,0.296875,0.421875,0.36363636363636365,1.0,4.6434431076049805,0.9348406791687012
209,80,no_hr_loss,3,42,0.3359375,0.3984375,0.4432397959183674,1.0,4.969765663146973,0.8685833215713501
210,80,no_hr_loss,3,42,0.3203125,0.4375,0.42083333333333334,1.0,3.4407334327697754,0.7712011933326721
211,80,no_hr_loss,3,42,0.3046875,0.484375,0.4539295392953929,1.0,4.7236785888671875,0.9913862943649292
212,80,no_hr_loss,3,42,0.296875,0.453125,0.4146341463414634,1.0,3.555049419403076,0.7156010866165161
213,80,no_hr_loss,3,42,0.484375,0.71875,0.4146341463414634,1.0,3.0797133445739746,0.6328213810920715
214,80,no_hr_loss,3,42,0.328125,0.453125,0.4267161410018553,1.0,3.7593986988067627,0.7473134398460388
215,80,no_hr_loss,3,42,0.25,0.40625,0.375,1.0,4.462411880493164,0.8954267501831055
216,80,no_hr_loss,3,42,0.3125,0.375,0.5,1.0,4.1022725105285645,0.8165033459663391
217,80,no_hr_loss,3,42,0.328125,0.390625,0.44680851063829785,1.0,2.919969081878662,0.6314840316772461
218,80,no_hr_loss,3,42,0.375,0.578125,0.41379310344827586,1.0,4.204840660095215,0.7196146845817566
219,80,no_hr_loss,3,42,0.265625,0.34375,0.4222222222222222,1.0,5.17616081237793,0.9027880430221558
220,80,no_hr_loss,3,42,0.28125,0.3828125,0.4173170731707317,1.0,3.5464911460876465,0.7328120470046997
221,80,no_hr_loss,3,42,0.46875,0.484375,0.40384615384615385,1.0,4.39283561706543,0.9270862340927124
222,80,no_hr_loss,3,42,0.3828125,0.421875,0.4627659574468085,1.0,2.131969451904297,0.5272285342216492
223,80,no_hr_loss,3,42,0.515625,0.6015625,0.4182301438398999,1.0,3.427964687347412,0.8481907844543457
224,80,no_hr_loss,3,42,0.3125,0.40625,0.42857142857142855,1.0,3.4152708053588867,0.706423819065094
225,80,no_hr_loss,3,42,0.34375,0.390625,0.47368421052631576,1.0,4.578660011291504,0.8805219531059265
226,80,no_hr_loss,3,42,0.4140625,0.5,0.4783981389165836,1.0,3.4666366577148438,0.654590368270874
227,80,no_hr_loss,3,42,0.28125,0.34375,0.4337979094076655,1.0,7.377995491027832,1.170195460319519
228,80,no_hr_loss,3,42,0.3125,0.3671875,0.4669140383426098,1.0,5.090409278869629,0.9909854531288147
229,80,no_hr_loss,3,42,0.4140625,0.484375,0.45971479500891266,1.0,2.5202698707580566,0.606660008430481
230,80,no_hr_loss,3,42,0.3984375,0.5078125,0.512987012987013,1.0,4.476057529449463,0.905463457107544
231,80,no_hr_loss,3,42,0.3515625,0.5859375,0.34976525821596244,1.0,3.345052719116211,0.6971570253372192
232,80,no_hr_loss,3,42,0.3125,0.359375,0.45652173913043476,1.0,4.163963317871094,0.8348302841186523
233,80,no_hr_loss,3,42,0.421875,0.5625,0.48214285714285715,1.0,3.4093613624572754,0.7593160271644592
234,80,no_hr_loss,3,42,0.3203125,0.4140625,0.5595238095238095,1.0,3.692612648010254,0.7469211220741272
235,80,no_hr_loss,3,42,0.265625,0.390625,0.4,1.0,4.972719192504883,0.8763231039047241
236,80,no_hr_loss,3,42,0.390625,0.515625,0.42592592592592593,1.0,3.641834259033203,0.8935979008674622
237,80,no_hr_loss,3,42,0.34375,0.5,0.4444444444444444,1.0,3.8399806022644043,0.7530734539031982
238,80,no_hr_loss,3,42,0.359375,0.453125,0.4883720930232558,1.0,5.293425559997559,0.9825259447097778
239,80,no_hr_loss,3,42,0.3203125,0.390625,0.4401760704281713,1.0,4.987615585327148,0.9944456219673157
240,80,no_hr_loss,3,42,0.3125,0.4375,0.40816326530612246,1.0,3.178745746612549,0.6886772513389587
241,80,no_hr_loss,3,42,0.421875,0.4765625,0.491156462585034,1.0,4.46075439453125,0.8410813808441162
242,80,no_hr_loss,3,42,0.359375,0.484375,0.4107142857142857,1.0,4.663712501525879,0.889284074306488
243,80,no_hr_loss,3,42,0.3828125,0.4765625,0.373015873015873,1.0,3.7127742767333984,0.7032821774482727
244,80,no_hr_loss,3,42,0.3125,0.34375,0.4383838383838384,1.0,4.850555419921875,0.8548481464385986
245,80,no_hr_loss,3,42,0.6328125,0.7109375,0.6060794044665012,1.0,5.993451118469238,1.011204481124878
246,80,no_hr_loss,3,42,0.375,0.5,0.4444444444444444,1.0,4.084950923919678,0.847995400428772
247,80,no_hr_loss,3,42,0.3671875,0.4140625,0.41657397107897665,1.0,4.3260722160339355,0.8438365459442139
248,80,no_hr_loss,3,42,0.390625,0.421875,0.516465677179963,1.0,3.568004608154297,0.7589269280433655
249,80,no_hr_loss,3,42,0.359375,0.515625,0.43859649122807015,1.0,3.981779098510742,0.5837867259979248
250,80,no_hr_loss,3,42,0.359375,0.46875,0.3958333333333333,1.0,4.925628662109375,1.0018129348754883
251,80,no_hr_loss,3,42,0.4140625,0.4453125,0.503968253968254,1.0,4.27272891998291,0.8718194961547852
252,80,no_hr_loss,3,42,0.3125,0.4375,0.38636363636363635,1.0,4.274690628051758,0.8663495779037476
253,80,no_hr_loss,3,42,0.40625,0.5,0.4854368932038835,1.0,3.649177312850952,0.756190836429596
254,80,no_hr_loss,3,42,0.3046875,0.40625,0.40588235294117647,1.0,3.886758327484131,0.8671858906745911
255,80,no_hr_loss,3,42,0.28125,0.359375,0.4090909090909091,1.0,5.222342491149902,0.9454379677772522
256,80,no_hr_loss,3,42,0.3125,0.390625,0.44680851063829785,1.0,3.9551563262939453,0.9126933813095093
257,80,no_hr_loss,3,42,0.28125,0.453125,0.40816326530612246,1.0,4.379460334777832,0.8423564434051514
258,80,no_hr_loss,3,42,0.265625,0.375,0.37777777777777777,1.0,3.6747374534606934,0.7349205017089844
259,80,no_hr_loss,3,42,0.3046875,0.421875,0.41986959505833904,1.0,3.403839111328125,0.7226283550262451
260,80,no_hr_loss,3,42,0.3203125,0.40625,0.4226190476190476,1.0,5.074527740478516,1.0738897323608398
261,80,no_hr_loss,3,42,0.484375,0.453125,0.5272727272727272,1.0,4.986418724060059,1.0374321937561035
262,80,no_hr_loss,3,42,0.328125,0.421875,0.5,1.0,4.195693016052246,0.9011960625648499
263,80,no_hr_loss,3,42,0.328125,0.421875,0.4307692307692308,1.0,4.034850120544434,0.846260666847229
264,80,no_hr_loss,3,42,0.40625,0.5,0.5,1.0,4.834343433380127,0.7675617933273315
265,80,no_hr_loss,3,42,0.359375,0.59375,0.4530187924830068,1.0,3.106750011444092,0.7780784368515015
266,80,no_hr_loss,3,42,0.421875,0.46875,0.46808510638297873,1.0,5.298830986022949,1.0701286792755127
267,80,no_hr_loss,3,42,0.3125,0.40625,0.3953488372093023,1.0,3.3641324043273926,0.7095802426338196
268,80,no_hr_loss,3,42,0.34375,0.4140625,0.3947826086956522,1.0,3.0819954872131348,0.7446757555007935
269,80,no_hr_loss,3,42,0.3828125,0.4609375,0.5020397756246813,1.0,4.250470161437988,0.8091341853141785
270,80,no_hr_loss,3,42,0.328125,0.4375,0.4526375496313103,1.0,5.433924674987793,0.9706161022186279
271,80,no_hr_loss,3,42,0.2421875,0.375,0.3633540372670807,1.0,5.10013484954834,0.9877915978431702
272,80,no_hr_loss,3,42,0.328125,0.3984375,0.4096774193548387,1.0,4.30242919921875,0.7351564168930054
273,80,no_hr_loss,3,42,0.3515625,0.53125,0.4888003982080637,1.0,2.3203279972076416,0.4978000819683075
274,80,no_hr_loss,3,42,0.3125,0.40625,0.4166666666666667,1.0,2.8245906829833984,0.6701046228408813
275,80,no_hr_loss,3,42,0.296875,0.4375,0.4014500537056928,1.0,4.229203701019287,0.7253135442733765
276,80,no_hr_loss,3,42,0.328125,0.5,0.40476190476190477,1.0,2.9324798583984375,0.6335176825523376
277,80,no_hr_loss,3,42,0.34375,0.4921875,0.39679487179487183,1.0,3.163928985595703,0.7081422209739685
278,80,no_hr_loss,3,42,0.3125,0.359375,0.4146341463414634,1.0,2.2998178005218506,0.4578465521335602
279,80,no_hr_loss,3,42,0.265625,0.359375,0.3953488372093023,1.0,6.0391998291015625,0.9117958545684814
280,80,no_hr_loss,3,42,0.34375,0.421875,0.42424242424242425,1.0,3.813899517059326,0.8280618786811829
281,80,no_hr_loss,3,42,0.359375,0.40625,0.46958333333333335,1.0,4.51119327545166,0.7550377249717712
282,80,no_hr_loss,3,42,0.3046875,0.4140625,0.40454545454545454,1.0,3.663926124572754,0.6569311022758484
283,80,no_hr_loss,3,42,0.296875,0.375,0.4473684210526316,1.0,5.607640266418457,1.0916136503219604
284,80,no_hr_loss,3,42,0.3671875,0.53125,0.39359727806990413,1.0,5.5552496910095215,0.998329758644104
285,80,no_hr_loss,3,42,0.296875,0.4375,0.35714285714285715,1.0,4.079016208648682,0.7306724190711975
286,80,no_hr_loss,3,42,0.546875,0.515625,0.5068493150684932,1.0,2.7712478637695312,0.6477862000465393
287,80,no_hr_loss,3,42,0.421875,0.5,0.4909090909090909,1.0,4.60750675201416,0.8534294366836548
288,80,no_hr_loss,3,42,0.25,0.421875,0.38461538461538464,1.0,4.545830249786377,0.8010223507881165
289,80,no_hr_loss,3,42,0.34375,0.53125,0.3880597014925373,1.0,4.335877895355225,0.8668347597122192
290,80,no_hr_loss,3,42,0.359375,0.421875,0.46938775510204084,1.0,4.1930365562438965,0.9297406077384949
291,80,no_hr_loss,3,42,0.328125,0.390625,0.44680851063829785,1.0,4.295775413513184,0.9459546804428101
292,80,no_hr_loss,3,42,0.328125,0.421875,0.4253246753246753,1.0,4.978750705718994,0.9558269381523132
293,80,no_hr_loss,3,42,0.2890625,0.4375,0.38117283950617287,1.0,2.3658528327941895,0.5495572090148926
294,80,no_hr_loss,3,42,0.34375,0.4765625,0.4423809523809524,1.0,4.799500465393066,1.0148625373840332
295,80,no_hr_loss,3,42,0.34375,0.4375,0.4339622641509434,1.0,4.663646697998047,1.046347975730896
296,80,no_hr_loss,3,42,0.328125,0.34375,0.475,1.0,5.71028995513916,0.9817932844161987
297,80,no_hr_loss,3,42,0.359375,0.4375,0.3953488372093023,1.0,3.7352356910705566,0.8033385872840881
298,80,no_hr_loss,3,42,0.4375,0.640625,0.5384615384615384,1.0,2.923661708831787,0.657676100730896
299,80,no_hr_loss,3,42,0.328125,0.453125,0.42,1.0,3.5136308670043945,0.7408209443092346
300,80,no_hr_loss,3,42,0.359375,0.40625,0.5079365079365079,1.0,4.961207389831543,0.9940418004989624
301,80,no_hr_loss,3,42,0.25,0.375,0.42857142857142855,1.0,6.7911295890808105,1.1928558349609375
302,80,no_hr_loss,3,42,0.3125,0.421875,0.4186046511627907,1.0,3.6278531551361084,0.8956331014633179
303,80,no_hr_loss,3,42,0.4375,0.4375,0.44972972972972974,1.0,5.53011417388916,1.027665138244629
304,80,no_hr_loss,3,42,0.328125,0.359375,0.45069444444444445,1.0,5.294266223907471,0.9821595549583435
305,80,no_hr_loss,3,42,0.3203125,0.40625,0.46692506459948324,1.0,3.011873722076416,0.6155318021774292
306,80,no_hr_loss,3,42,0.515625,0.46875,0.4935897435897436,1.0,3.384486675262451,0.6885963678359985
307,80,no_hr_loss,3,42,0.59375,0.65625,0.4074074074074074,1.0,2.774062156677246,0.5656647086143494
308,80,no_hr_loss,3,42,0.2734375,0.4140625,0.41106719367588934,1.0,3.3729381561279297,0.7254892587661743
309,80,no_hr_loss,3,42,0.3125,0.46875,0.425,1.0,4.209042072296143,0.8950943946838379
310,80,no_hr_loss,3,42,0.5,0.703125,0.425,1.0,4.169050693511963,0.7744725346565247
311,80,no_hr_loss,3,42,0.265625,0.3828125,0.3362600854295207,1.0,4.395499229431152,0.6942748427391052
312,80,no_hr_loss,3,42,0.3125,0.390625,0.425531914893617,1.0,4.299787521362305,0.8817152976989746
313,80,no_hr_loss,3,42,0.4375,0.515625,0.43478260869565216,1.0,6.071322441101074,1.0044559240341187
314,80,no_hr_loss,3,42,0.296875,0.40625,0.3746498599439776,1.0,3.668726682662964,0.8498279452323914
315,80,no_hr_loss,3,42,0.2578125,0.453125,0.3838011965025311,1.0,4.914845943450928,1.125542402267456
316,80,no_hr_loss,3,42,0.34375,0.421875,0.48404255319148937,1.0,3.478654623031616,0.7393226027488708
317,80,no_hr_loss,3,42,0.3125,0.40625,0.4126984126984127,1.0,5.095025539398193,0.9980166554450989
318,80,no_hr_loss,3,42,0.296875,0.34375,0.4528301886792453,1.0,5.742626190185547,1.0329869985580444
319,80,no_hr_loss,3,42,0.34375,0.46875,0.42549889135254987,1.0,6.738497734069824,0.9428709745407104
320,80,no_hr_loss,3,42,0.28125,0.390625,0.4153846153846154,1.0,4.029735565185547,0.7743339538574219
321,80,no_hr_loss,3,42,0.390625,0.53125,0.3333333333333333,1.0,7.250798225402832,1.2426047325134277
322,80,no_hr_loss,3,42,0.421875,0.5,0.5084745762711864,1.0,4.436184883117676,0.9106696248054504
323,80,no_hr_loss,3,42,0.46875,0.65625,0.41379310344827586,1.0,5.49000358581543,1.089608907699585
324,80,no_hr_loss,3,42,0.40625,0.515625,0.41379310344827586,1.0,4.066551208496094,0.6929118037223816
325,80,no_hr_loss,3,42,0.3125,0.5625,0.4523809523809524,1.0,3.4160423278808594,0.6896764636039734
326,80,no_hr_loss,3,42,0.34375,0.4296875,0.4707692307692308,1.0,6.5205302238464355,1.192543625831604
327,80,no_hr_loss,3,42,0.28125,0.3671875,0.4196117471378795,1.0,3.267260789871216,0.718880832195282
328,80,no_hr_loss,3,42,0.390625,0.375,0.4716981132075472,1.0,6.118645191192627,1.0892709493637085
329,80,no_hr_loss,3,42,0.296875,0.421875,0.45161290322580644,1.0,3.922837257385254,0.7491657733917236
330,80,no_hr_loss,3,42,0.328125,0.390625,0.4444444444444444,1.0,5.438905239105225,1.155699372291565
331,80,no_hr_loss,3,42,0.28125,0.421875,0.3868055555555555,1.0,3.2072505950927734,0.7334368228912354
332,80,no_hr_loss,3,42,0.328125,0.359375,0.48214285714285715,1.0,3.199610710144043,0.6147781610488892
333,80,no_hr_loss,3,42,0.359375,0.484375,0.423728813559322,1.0,4.970799446105957,1.0004888772964478
334,80,no_hr_loss,3,42,0.34375,0.421875,0.4482758620689655,1.0,6.048642158508301,1.2597757577896118
335,80,no_hr_loss,3,42,0.2890625,0.4140625,0.43223443223443225,1.0,3.3778810501098633,0.7663403749465942
336,80,no_hr_loss,3,42,0.28125,0.40625,0.4146341463414634,1.0,3.7564010620117188,0.801506757736206
337,80,no_hr_loss,3,42,0.3046875,0.421875,0.3951048951048951,1.0,3.3115570545196533,0.8017502427101135
338,80,no_hr_loss,3,42,0.3828125,0.484375,0.474671669793621,1.0,5.168824672698975,0.9891895651817322
339,80,no_hr_loss,3,42,0.3359375,0.5078125,0.37990543735224586,1.0,2.67478084564209,0.5710400342941284
340,80,no_hr_loss,3,42,0.3125,0.421875,0.40540540540540543,1.0,2.479865550994873,0.4847017824649811
341,80,no_hr_loss,3,42,0.34375,0.484375,0.4375,1.0,4.644015312194824,0.8402058482170105
342,80,no_hr_loss,3,42,0.3046875,0.4375,0.40276595744680854,1.0,3.814425468444824,0.8559668660163879
343,80,no_hr_loss,3,42,0.328125,0.40625,0.45652173913043476,1.0,4.366953372955322,0.7401992082595825
344,80,no_hr_loss,3,42,0.34375,0.4296875,0.4337921214997627,1.0,4.041666030883789,0.9009313583374023
345,80,no_hr_loss,3,42,0.3828125,0.421875,0.48427518427518423,1.0,3.402956247329712,0.7297655344009399
346,80,no_hr_loss,3,42,0.3671875,0.546875,0.39757525083612044,1.0,5.778870582580566,1.1464072465896606
347,80,no_hr_loss,3,42,0.34375,0.5,0.4318181818181818,1.0,3.1699986457824707,0.663368821144104
348,80,no_hr_loss,3,42,0.3203125,0.3828125,0.4262820512820513,1.0,7.071868896484375,1.247424602508545
349,80,no_hr_loss,3,42,0.3125,0.421875,0.5,1.0,4.450629234313965,0.8464987874031067
350,80,no_hr_loss,3,42,0.328125,0.484375,0.41304347826086957,1.0,4.507404804229736,0.956375777721405
351,80,no_hr_loss,3,42,0.296875,0.375,0.3931788931788932,1.0,4.946697235107422,0.9847233891487122
352,80,no_hr_loss,3,42,0.34375,0.4921875,0.4029692470837752,1.0,3.6271748542785645,0.7092481255531311
353,80,no_hr_loss,3,42,0.3125,0.453125,0.3870967741935484,1.0,4.634891510009766,0.9053840637207031
354,80,no_hr_loss,3,42,0.3359375,0.4375,0.4,1.0,3.8299782276153564,0.8896617293357849
355,80,no_hr_loss,3,42,0.3203125,0.4375,0.39090909090909093,1.0,3.195594310760498,0.6718217134475708
356,80,no_hr_loss,3,42,0.359375,0.4921875,0.4434889434889435,1.0,5.016970634460449,1.0148040056228638
357,80,no_hr_loss,3,42,0.28125,0.390625,0.375,1.0,4.635130882263184,1.0042893886566162
358,80,no_hr_loss,3,42,0.3046875,0.421875,0.42428571428571427,1.0,4.475525856018066,0.9327685832977295
359,80,no_hr_loss,3,42,0.375,0.359375,0.4914046121593291,1.0,3.8296728134155273,0.8709638118743896
360,80,no_hr_loss,3,42,0.265625,0.390625,0.35294117647058826,1.0,4.0890045166015625,0.7855942845344543
361,80,no_hr_loss,3,42,0.359375,0.4296875,0.425125313283208,1.0,4.1255693435668945,0.7615799307823181
362,80,no_hr_loss,3,42,0.46875,0.5546875,0.5168650793650793,1.0,4.298323631286621,0.7316215634346008
363,80,no_hr_loss,3,42,0.3671875,0.421875,0.45967741935483875,1.0,4.711041450500488,0.9377890825271606
364,80,no_hr_loss,3,42,0.375,0.484375,0.410958904109589,1.0,4.067696571350098,0.7823876738548279
365,80,no_hr_loss,3,42,0.265625,0.390625,0.375,1.0,2.4816946983337402,0.5794145464897156
366,80,no_hr_loss,3,42,0.4140625,0.921875,0.375,1.0,3.0457682609558105,0.5802215337753296
367,80,no_hr_loss,3,42,0.28125,0.421875,0.391304347826087,1.0,5.103686332702637,0.9199508428573608
368,80,no_hr_loss,3,42,0.328125,0.40625,0.4375,1.0,4.023312568664551,0.6247164011001587
369,80,no_hr_loss,3,42,0.3671875,0.3515625,0.5551020408163265,1.0,3.6894617080688477,0.7358024716377258
370,80,no_hr_loss,3,42,0.359375,0.53125,0.3958333333333333,1.0,6.365255355834961,1.0668946504592896
371,80,no_hr_loss,3,42,0.3125,0.359375,0.4301572617946346,1.0,4.19193696975708,0.802936851978302
372,80,no_hr_loss,3,42,0.3125,0.40625,0.45098039215686275,1.0,5.176523685455322,0.9352021813392639
373,80,no_hr_loss,3,42,0.3828125,0.421875,0.4386464263124604,1.0,4.1167120933532715,0.8421759009361267
374,80,no_hr_loss,3,42,0.2890625,0.4921875,0.34221005475360877,1.0,4.215615749359131,0.7142873406410217
375,80,no_hr_loss,3,42,0.34375,0.4140625,0.4257246376811594,1.0,4.943422317504883,0.9577623009681702
376,80,no_hr_loss,3,42,0.3125,0.484375,0.390625,1.0,3.2454886436462402,0.7010055184364319
377,80,no_hr_loss,3,42,0.421875,0.5,0.5,1.0,3.7784056663513184,0.6905773878097534
378,80,no_hr_loss,3,42,0.3046875,0.46875,0.3723404255319149,1.0,3.7165703773498535,0.8304364681243896
379,80,no_hr_loss,3,42,0.34375,0.453125,0.36893203883495146,1.0,4.424483299255371,0.9214524626731873
380,80,no_hr_loss,3,42,0.3515625,0.390625,0.43114478114478116,1.0,2.7696969509124756,0.6421598196029663
381,80,no_hr_loss,3,42,0.40625,0.46875,0.5073529411764706,1.0,4.810446739196777,0.8786472678184509
382,80,no_hr_loss,3,42,0.3984375,0.4453125,0.4744897959183674,1.0,4.485394477844238,0.8518325090408325
383,80,no_hr_loss,3,42,0.3359375,0.484375,0.45068027210884354,1.0,2.712711811065674,0.581292450428009
384,80,no_hr_loss,3,42,0.6328125,0.578125,0.5999550763701706,1.0,3.569369316101074,0.6969015598297119
385,80,no_hr_loss,3,42,0.359375,0.515625,0.4489795918367347,1.0,5.56815242767334,0.7907004952430725
386,80,no_hr_loss,3,42,0.328125,0.421875,0.42365967365967366,1.0,4.155465126037598,0.8323221802711487
387,80,no_hr_loss,3,42,0.296875,0.4296875,0.37073170731707317,1.0,4.4543023109436035,0.9782603979110718
388,80,no_hr_loss,3,42,0.296875,0.40625,0.42857142857142855,1.0,2.1230077743530273,0.4456198513507843
389,80,no_hr_loss,3,42,0.34375,0.390625,0.4672727272727273,1.0,3.929455280303955,0.7026702165603638
390,80,no_hr_loss,3,42,0.3046875,0.4609375,0.40652173913043477,1.0,3.7034382820129395,0.6738634705543518
391,80,no_hr_loss,3,42,0.3125,0.421875,0.45227272727272727,1.0,3.100494384765625,0.6297712922096252
392,80,no_hr_loss,3,42,0.28125,0.40625,0.3953488372093023,1.0,3.239278793334961,0.8310339450836182
393,80,no_hr_loss,3,42,0.3046875,0.421875,0.4147597254004577,1.0,3.451392650604248,0.7640529274940491
394,80,no_hr_loss,3,42,0.328125,0.5,0.3673469387755102,1.0,5.575425148010254,1.0322248935699463
395,80,no_hr_loss,3,42,0.359375,0.515625,0.4507692307692308,1.0,3.1513938903808594,0.6467461585998535
396,80,no_hr_loss,3,42,0.3515625,0.3828125,0.47840119165839123,1.0,4.744508743286133,0.9784477949142456
397,80,no_hr_loss,3,42,0.3359375,0.359375,0.4470108695652174,1.0,3.2181508541107178,0.642627477645874
398,80,no_hr_loss,3,42,0.3125,0.40625,0.4444444444444444,1.0,3.565150737762451,0.6219977140426636
399,80,no_hr_loss,3,42,0.5390625,0.484375,0.5540752351097179,1.0,4.544946670532227,0.9398139119148254
400,80,no_hr_loss,3,42,0.296875,0.3515625,0.43333333333333335,1.0,3.365757942199707,0.641130268573761
401,80,no_hr_loss,3,42,0.34375,0.46875,0.417910447761194,1.0,2.6960866451263428,0.6203887462615967
402,80,no_hr_loss,3,42,0.3203125,0.484375,0.42142857142857143,1.0,5.113314628601074,1.0766485929489136
403,80,no_hr_loss,3,42,0.453125,0.515625,0.5087719298245614,1.0,4.918402671813965,0.7401492595672607
404,80,no_hr_loss,3,42,0.3125,0.4375,0.45454545454545453,1.0,5.356559753417969,1.0294517278671265
405,80,no_hr_loss,3,42,0.2890625,0.3984375,0.3934468524251806,1.0,5.005501747131348,0.985971212387085
406,80,no_hr_loss,3,42,0.3359375,0.484375,0.36418439716312057,1.0,5.496279716491699,0.9083297252655029
407,80,no_hr_loss,3,42,0.296875,0.4140625,0.43568840579710144,1.0,3.4842376708984375,0.7746361494064331
408,80,no_hr_loss,3,42,0.265625,0.4375,0.37777777777777777,1.0,4.428139686584473,0.8256857395172119
409,80,no_hr_loss,3,42,0.3125,0.453125,0.29213483146067415,1.0,2.909449577331543,0.5176259875297546
410,80,no_hr_loss,3,42,0.40625,0.53125,0.4262295081967213,1.0,6.439994812011719,1.1379669904708862
411,80,no_hr_loss,3,42,0.34375,0.609375,0.43137254901960786,1.0,5.106697082519531,0.8958075642585754
412,80,no_hr_loss,3,42,0.328125,0.453125,0.42181695373184735,1.0,4.3370680809021,0.9764112234115601
413,80,no_hr_loss,3,42,0.28125,0.40625,0.375,1.0,4.899385452270508,1.0638834238052368
414,80,no_hr_loss,3,42,0.34375,0.515625,0.43137254901960786,1.0,4.371768951416016,0.8182880878448486
415,80,no_hr_loss,3,42,0.34375,0.4375,0.42,1.0,2.6716737747192383,0.47197654843330383
416,80,no_hr_loss,3,42,0.328125,0.5,0.4523809523809524,1.0,4.534290790557861,1.1300431489944458
417,80,no_hr_loss,3,42,0.265625,0.390625,0.3826219512195122,1.0,3.982562780380249,0.915846586227417
418,80,no_hr_loss,3,42,0.3671875,0.4765625,0.45707442888725125,1.0,5.289129257202148,0.8115315437316895
419,80,no_hr_loss,3,42,0.296875,0.4375,0.38596491228070173,1.0,5.287814140319824,0.9299033880233765
420,80,no_hr_loss,3,42,0.40625,0.71875,0.4044943820224719,1.0,5.284824371337891,0.851959764957428
421,80,no_hr_loss,3,42,0.40625,0.4453125,0.4957627118644068,1.0,4.856087684631348,0.9610745906829834
422,80,no_hr_loss,3,42,0.3125,0.46875,0.4090909090909091,1.0,3.765688180923462,0.8617069721221924
423,80,no_hr_loss,3,42,0.2890625,0.3671875,0.40454545454545454,1.0,2.3532814979553223,0.5140095949172974
424,80,no_hr_loss,3,42,0.3515625,0.5,0.48371212121212115,1.0,3.1448545455932617,0.5856529474258423
425,80,no_hr_loss,3,42,0.421875,0.46875,0.5094339622641509,1.0,4.538022518157959,0.8051825165748596
426,80,no_hr_loss,3,42,0.375,0.46875,0.46938775510204084,1.0,3.5305588245391846,0.6622379422187805
427,80,no_hr_loss,3,42,0.2734375,0.3828125,0.3988294314381271,1.0,4.173239707946777,0.8055484890937805
428,80,no_hr_loss,3,42,0.578125,0.609375,0.546875,1.0,3.879579544067383,0.8547686338424683
429,80,no_hr_loss,3,42,0.359375,0.4765625,0.47,1.0,2.8953487873077393,0.6074761748313904
430,80,no_hr_loss,3,42,0.296875,0.4140625,0.4079391891891892,1.0,3.689295768737793,0.6935179233551025
431,80,no_hr_loss,3,42,0.515625,0.5,0.5121951219512195,1.0,6.6795244216918945,1.0089467763900757
432,80,no_hr_loss,3,42,0.390625,0.4375,0.46311475409836067,1.0,4.331376075744629,0.9183988571166992
433,80,no_hr_loss,3,42,0.3125,0.4375,0.32608695652173914,1.0,4.635342121124268,1.0546480417251587
434,80,no_hr_loss,3,42,0.3984375,0.4765625,0.4938474159146842,1.0,5.277316093444824,0.7508901953697205
435,80,no_hr_loss,3,42,0.3125,0.46875,0.45454545454545453,1.0,4.032205104827881,0.8138449788093567
436,80,no_hr_loss,3,42,0.375,0.5,0.45614035087719296,1.0,2.5021934509277344,0.5553629398345947
437,80,no_hr_loss,3,42,0.265625,0.453125,0.3902439024390244,1.0,4.283102989196777,1.0750361680984497
438,80,no_hr_loss,3,42,0.28125,0.375,0.4090909090909091,1.0,3.4200894832611084,0.7999599575996399
439,80,no_hr_loss,3,42,0.265625,0.3828125,0.3367037411526795,1.0,2.312145471572876,0.487082839012146
440,80,no_hr_loss,3,42,0.328125,0.4375,0.40425531914893614,1.0,3.863452434539795,0.7509780526161194
441,80,no_hr_loss,3,42,0.390625,0.484375,0.4807692307692308,1.0,3.3267688751220703,0.7179546356201172
442,80,no_hr_loss,3,42,0.3125,0.40625,0.46511627906976744,1.0,4.631444931030273,0.8943518400192261
443,80,no_hr_loss,3,42,0.265625,0.40625,0.43243243243243246,1.0,3.16880202293396,0.6219361424446106
444,80,no_hr_loss,3,42,0.421875,0.515625,0.44186602870813396,1.0,6.332250118255615,1.0038378238677979
445,80,no_hr_loss,3,42,0.3515625,0.5234375,0.3688259109311741,1.0,3.2133426666259766,0.5604063272476196
446,80,no_hr_loss,3,42,0.40625,0.515625,0.4583333333333333,1.0,3.8619580268859863,0.7607344388961792
447,80,no_hr_loss,3,42,0.34375,0.4296875,0.4839193825042882,1.0,5.312631607055664,1.0600719451904297
448,80,no_hr_loss,3,42,0.390625,0.46875,0.4807692307692308,1.0,3.401423931121826,0.6450791954994202
449,80,no_hr_loss,3,42,0.328125,0.4453125,0.4009090909090909,1.0,3.0227596759796143,0.5495368242263794
450,80,no_hr_loss,3,42,0.3203125,0.3828125,0.41944444444444445,1.0,3.772383689880371,0.8073932528495789
451,80,no_hr_loss,3,42,0.296875,0.359375,0.42857142857142855,1.0,3.1617674827575684,0.6002340912818909
452,80,no_hr_loss,3,42,0.25,0.359375,0.3695652173913043,1.0,3.5674915313720703,0.7227405309677124
453,80,no_hr_loss,3,42,0.359375,0.53125,0.4583333333333333,1.0,5.482044696807861,0.9369983077049255
454,80,no_hr_loss,3,42,0.296875,0.375,0.4186046511627907,1.0,4.315728664398193,0.9279122352600098
455,80,no_hr_loss,3,42,0.265625,0.4375,0.3695652173913043,1.0,4.050567626953125,0.8116743564605713
456,80,no_hr_loss,3,42,0.359375,0.53125,0.4146341463414634,1.0,4.214978218078613,0.8717991709709167
457,80,no_hr_loss,3,42,0.3359375,0.421875,0.4678030303030303,1.0,3.721919059753418,0.6576938033103943
458,80,no_hr_loss,3,42,0.34375,0.484375,0.4151785714285714,1.0,2.576948642730713,0.5830692052841187
459,80,no_hr_loss,3,42,0.265625,0.3515625,0.40512820512820513,1.0,4.257620334625244,0.9880350828170776
460,80,no_hr_loss,3,42,0.3515625,0.4921875,0.40929824561403505,1.0,5.252407073974609,0.9429432153701782
461,80,no_hr_loss,3,42,0.359375,0.390625,0.4644101543056247,1.0,4.775333404541016,0.9847402572631836
462,80,no_hr_loss,3,42,0.328125,0.53125,0.416233506597361,1.0,5.990854263305664,1.2129790782928467
463,80,no_hr_loss,3,42,0.34375,0.5625,0.36585365853658536,1.0,3.0388031005859375,0.6678865551948547
464,80,no_hr_loss,3,42,0.4375,0.421875,0.5490196078431373,1.0,4.195720672607422,0.7802208662033081
465,80,no_hr_loss,3,42,0.359375,0.484375,0.4107142857142857,1.0,5.540438652038574,0.882910966873169
466,80,no_hr_loss,3,42,0.3125,0.421875,0.42857142857142855,1.0,6.658499717712402,1.049577236175537
467,80,no_hr_loss,3,42,0.34375,0.359375,0.46923076923076923,1.0,4.3669281005859375,1.0085980892181396
468,80,no_hr_loss,3,42,0.328125,0.5078125,0.4313766019016122,1.0,4.525713920593262,0.8705805540084839
469,80,no_hr_loss,3,42,0.390625,0.484375,0.4186046511627907,1.0,4.681267738342285,0.9181902408599854
470,80,no_hr_loss,3,42,0.328125,0.4296875,0.38278388278388276,1.0,3.2103006839752197,0.7792344093322754
471,80,no_hr_loss,3,42,0.453125,0.578125,0.4680503144654088,1.0,5.459829330444336,0.9532779455184937
472,80,no_hr_loss,3,42,0.2734375,0.4140625,0.4549019607843137,1.0,4.257108688354492,0.7380030751228333
473,80,no_hr_loss,3,42,0.3203125,0.3671875,0.4221276595744681,1.0,3.666707992553711,0.7963513135910034
474,80,no_hr_loss,3,42,0.328125,0.390625,0.41025641025641024,1.0,3.7983648777008057,0.7345478534698486
475,80,no_hr_loss,3,42,0.3125,0.3828125,0.37570168404170007,1.0,4.441753387451172,0.7862959504127502
476,80,no_hr_loss,3,42,0.359375,0.5390625,0.3871975019516003,1.0,3.580695629119873,0.8690420985221863
477,80,no_hr_loss,3,42,0.3671875,0.4765625,0.3980263157894737,1.0,5.08706521987915,0.9351938962936401
478,80,no_hr_loss,3,42,0.3125,0.453125,0.4,1.0,5.417510509490967,1.0002140998840332
479,80,no_hr_loss,3,42,0.390625,0.515625,0.40476190476190477,1.0,3.742683172225952,0.7517424821853638
480,80,no_hr_loss,3,42,0.265625,0.34375,0.3953488372093023,1.0,4.931718826293945,0.9337490200996399
481,80,no_hr_loss,3,42,0.375,0.46875,0.5384615384615384,1.0,4.655421257019043,0.931832492351532
482,80,no_hr_loss,3,42,0.375,0.4375,0.43636363636363634,1.0,5.51283073425293,1.0061665773391724
483,80,no_hr_loss,3,42,0.265625,0.359375,0.4358974358974359,1.0,3.3109278678894043,0.7705796360969543
484,80,no_hr_loss,3,42,0.2734375,0.4296875,0.42160278745644597,1.0,2.775245189666748,0.6397638320922852
485,80,no_hr_loss,3,42,0.328125,0.4375,0.42,1.0,3.949793815612793,0.7760412693023682
486,80,no_hr_loss,3,42,0.359375,0.40625,0.46296296296296297,1.0,3.192863702774048,0.5770415663719177
487,80,no_hr_loss,3,42,0.3125,0.484375,0.4,1.0,3.148710250854492,0.5953359603881836
488,80,no_hr_loss,3,42,0.3359375,0.4375,0.4184981684981685,1.0,4.850547790527344,0.9231542944908142
489,80,no_hr_loss,3,42,0.3125,0.5,0.4634146341463415,1.0,3.2207798957824707,0.6920723915100098
490,80,no_hr_loss,3,42,0.3125,0.421875,0.37735849056603776,1.0,3.868980646133423,0.7814838886260986
491,80,no_hr_loss,3,42,0.3671875,0.4296875,0.41699346405228754,1.0,3.7488532066345215,0.8450857996940613
492,80,no_hr_loss,3,42,0.390625,0.515625,0.4716981132075472,1.0,3.1643779277801514,0.6764607429504395
493,80,no_hr_loss,3,42,0.328125,0.328125,0.4354166666666667,1.0,5.431527137756348,0.8381999731063843
494,80,no_hr_loss,3,42,0.390625,0.40625,0.5348837209302325,1.0,5.048151016235352,0.8838924169540405
495,80,no_hr_loss,3,42,0.375,0.53125,0.3958333333333333,1.0,3.2429757118225098,0.7769539952278137
496,80,no_hr_loss,3,42,0.546875,0.5,0.5645161290322581,1.0,3.616297721862793,0.8950539231300354
497,80,no_hr_loss,3,42,0.2890625,0.4140625,0.41244527829893685,1.0,5.1847405433654785,0.9875671863555908
498,80,no_hr_loss,3,42,0.3828125,0.5390625,0.5053191489361701,1.0,2.8803186416625977,0.6134016513824463
499,80,no_hr_loss,3,42,0.265625,0.4375,0.3752587991718426,1.0,3.3740999698638916,0.7137842178344727
500,80,no_hr_loss,3,42,0.40625,0.453125,0.3939393939393939,1.0,3.2979941368103027,0.6809919476509094
501,80,no_hr_loss,3,42,0.421875,0.5546875,0.4909090909090909,1.0,4.779289245605469,0.8329921364784241
502,80,no_hr_loss,3,42,0.3046875,0.34375,0.3940298507462687,1.0,4.706371307373047,0.8309447169303894
503,80,no_hr_loss,3,42,0.390625,0.453125,0.4782608695652174,1.0,3.2054214477539062,0.5162575840950012
504,80,no_hr_loss,3,42,0.328125,0.375,0.46511627906976744,1.0,3.793938159942627,0.7859931588172913
505,80,no_hr_loss,3,42,0.34375,0.453125,0.48717948717948717,1.0,2.745457887649536,0.6240236163139343
506,80,no_hr_loss,3,42,0.359375,0.5,0.4666666666666667,1.0,4.631087303161621,0.7595260143280029
507,80,no_hr_loss,3,42,0.390625,0.5390625,0.4028346994535519,1.0,3.8434855937957764,0.9571435451507568
508,80,no_hr_loss,3,42,0.3125,0.4140625,0.40097856477166827,1.0,5.973071098327637,1.1495335102081299
509,80,no_hr_loss,3,42,0.34375,0.46875,0.3573454339194555,1.0,3.225104808807373,0.5838399529457092
510,80,no_hr_loss,3,42,0.34375,0.484375,0.3953488372093023,1.0,3.2465367317199707,0.7614620327949524
511,80,no_hr_loss,3,42,0.3671875,0.4921875,0.41468903436988547,1.0,4.013176918029785,0.817714273929596
512,80,no_hr_loss,3,42,0.25,0.359375,0.38461538461538464,1.0,2.852078914642334,0.6967930793762207
513,80,no_hr_loss,3,42,0.375,0.53125,0.42105263157894735,1.0,4.443312168121338,0.9298871755599976
514,80,no_hr_loss,3,42,0.34375,0.484375,0.45400432900432897,1.0,5.950263500213623,1.1116193532943726
515,80,no_hr_loss,3,42,0.359375,0.5,0.453125,1.0,3.793790340423584,0.7251295447349548
516,80,no_hr_loss,3,42,0.296875,0.4375,0.37254901960784315,1.0,4.891303539276123,1.0012818574905396
517,80,no_hr_loss,3,42,0.4140625,0.5625,0.4506340579710145,1.0,3.0586204528808594,0.6200261116027832
518,80,no_hr_loss,3,42,0.3125,0.4453125,0.38207070707070706,1.0,4.823606491088867,0.9383331537246704
519,80,no_hr_loss,3,42,0.265625,0.3671875,0.36818181818181817,1.0,4.402010917663574,0.8408666849136353
520,80,no_hr_loss,3,42,0.3125,0.421875,0.4224308300395257,1.0,4.03196382522583,0.8432036638259888
521,80,no_hr_loss,3,42,0.359375,0.5,0.4,1.0,2.9089012145996094,0.6741226315498352
522,80,no_hr_loss,3,42,0.515625,0.546875,0.42797727733820246,1.0,4.873567581176758,1.0365949869155884
523,80,no_hr_loss,3,42,0.375,0.453125,0.5,1.0,3.4665331840515137,0.7046346664428711
524,80,no_hr_loss,3,42,0.3984375,0.4765625,0.36478365384615385,1.0,7.272728443145752,1.2152043581008911
525,80,no_hr_loss,3,42,0.3359375,0.4296875,0.47117516629711753,1.0,3.1475601196289062,0.5549975037574768
526,80,no_hr_loss,3,42,0.375,0.5625,0.4355060034305317,1.0,4.843268394470215,0.8164940476417542
527,80,no_hr_loss,3,42,0.609375,0.484375,0.5909090909090909,1.0,4.9505181312561035,0.7611310482025146
528,80,no_hr_loss,3,42,0.390625,0.40625,0.41304347826086957,1.0,3.8632426261901855,0.7079736590385437
529,80,no_hr_loss,3,42,0.46875,0.59375,0.4492753623188406,1.0,3.490690231323242,0.6929016709327698
530,80,no_hr_loss,3,42,0.296875,0.34375,0.42857142857142855,1.0,4.915864944458008,0.9032716155052185
531,80,no_hr_loss,3,42,0.328125,0.390625,0.4356060606060606,1.0,4.234925746917725,0.8533063530921936
532,80,no_hr_loss,3,42,0.296875,0.390625,0.4318181818181818,1.0,5.037731170654297,0.8896238207817078
533,80,no_hr_loss,3,42,0.3203125,0.4453125,0.43159536541889487,1.0,4.586747646331787,1.0829846858978271
534,80,no_hr_loss,3,42,0.3046875,0.3828125,0.45375106564364875,1.0,3.403606414794922,0.7051463723182678
535,80,no_hr_loss,3,42,0.3046875,0.4375,0.44027777777777777,1.0,5.293727874755859,1.2098551988601685
536,80,no_hr_loss,3,42,0.34375,0.453125,0.4,1.0,3.026074171066284,0.6139891147613525
537,80,no_hr_loss,3,42,0.28125,0.4453125,0.398989898989899,1.0,4.552145957946777,1.0034700632095337
538,80,no_hr_loss,3,42,0.421875,0.515625,0.4655172413793104,1.0,3.343836784362793,0.6102781891822815
539,80,no_hr_loss,3,42,0.40625,0.421875,0.4791666666666667,1.0,3.757892608642578,0.7553565502166748
540,80,no_hr_loss,3,42,0.328125,0.4375,0.42857142857142855,1.0,3.2675371170043945,0.6523280143737793
541,80,no_hr_loss,3,42,0.328125,0.515625,0.4358974358974359,1.0,4.7121758460998535,0.9287737011909485
542,80,no_hr_loss,3,42,0.34375,0.515625,0.4375,1.0,3.1355652809143066,0.6649011969566345
543,80,no_hr_loss,3,42,0.328125,0.484375,0.42,1.0,6.460755348205566,1.3374837636947632
544,80,no_hr_loss,3,42,0.3125,0.359375,0.425531914893617,1.0,4.797675132751465,0.8002493381500244
545,80,no_hr_loss,3,42,0.3203125,0.4140625,0.44345238095238093,1.0,4.694633483886719,0.9467583894729614
546,80,no_hr_loss,3,42,0.28125,0.453125,0.3949362041467305,1.0,5.186598300933838,0.9337907433509827
547,80,no_hr_loss,3,42,0.3125,0.421875,0.425531914893617,1.0,4.52365255355835,1.023465871810913
548,80,no_hr_loss,3,42,0.328125,0.515625,0.4423076923076923,1.0,5.5894365310668945,0.8737617135047913
549,80,no_hr_loss,3,42,0.328125,0.5,0.3888888888888889,1.0,3.569946527481079,0.727712869644165
550,80,no_hr_loss,3,42,0.359375,0.4375,0.43548387096774194,1.0,5.266165256500244,0.9046900868415833
551,80,no_hr_loss,3,42,0.3125,0.4296875,0.4258241758241758,1.0,3.5255234241485596,0.6511012315750122
552,80,no_hr_loss,3,42,0.34375,0.421875,0.4387755102040816,1.0,4.085941314697266,0.6731346845626831
553,80,no_hr_loss,3,42,0.296875,0.46875,0.375,1.0,4.696420669555664,0.8173250555992126
554,80,no_hr_loss,3,42,0.4140625,0.46875,0.4851551956815115,1.0,5.107861518859863,1.0840479135513306
555,80,no_hr_loss,3,42,0.3046875,0.4296875,0.42000000000000004,1.0,4.375424861907959,0.8094819784164429
556,80,no_hr_loss,3,42,0.34375,0.453125,0.417910447761194,1.0,3.234185218811035,0.5814428925514221
557,80,no_hr_loss,3,42,0.390625,0.5,0.39473684210526316,1.0,4.841858863830566,1.1368510723114014
558,80,no_hr_loss,3,42,0.390625,0.4375,0.47368421052631576,1.0,4.485405445098877,0.9157668352127075
559,80,no_hr_loss,3,42,0.359375,0.4375,0.4262170385395537,1.0,4.506202220916748,0.9688549637794495
560,80,no_hr_loss,3,42,0.296875,0.4375,0.4318181818181818,1.0,5.670842170715332,1.1405502557754517
561,80,no_hr_loss,3,42,0.296875,0.40625,0.36363636363636365,1.0,6.467338562011719,1.07266366481781
562,80,no_hr_loss,3,42,0.296875,0.46875,0.3773109243697479,1.0,5.613109588623047,0.9157843589782715
563,80,no_hr_loss,3,42,0.3125,0.3828125,0.4387755102040816,1.0,2.535454750061035,0.5045728087425232
564,80,no_hr_loss,3,42,0.3203125,0.3828125,0.47362588652482274,1.0,4.7404584884643555,1.0259536504745483
565,80,no_hr_loss,3,42,0.421875,0.46875,0.45161290322580644,1.0,4.133642196655273,0.8546152710914612
566,80,no_hr_loss,3,42,0.359375,0.578125,0.45098039215686275,1.0,5.58928108215332,0.8365902304649353
567,80,no_hr_loss,3,42,0.3359375,0.5078125,0.3845538855132715,1.0,3.818751573562622,0.7055755853652954
568,80,no_hr_loss,3,42,0.3671875,0.421875,0.4722222222222222,1.0,3.321354389190674,0.6753168702125549
569,80,no_hr_loss,3,42,0.2578125,0.375,0.4092244418331375,1.0,5.965841293334961,1.168425440788269
570,80,no_hr_loss,3,42,0.3515625,0.5,0.4223093371347113,1.0,2.9733409881591797,0.6154140830039978
571,80,no_hr_loss,3,42,0.296875,0.453125,0.4060077519379845,1.0,4.247978210449219,0.8032487630844116
572,80,no_hr_loss,3,42,0.3046875,0.4375,0.3979166666666667,1.0,5.543349266052246,1.2431814670562744
573,80,no_hr_loss,3,42,0.28125,0.421875,0.35555555555555557,1.0,6.298520565032959,0.9451733827590942
574,80,no_hr_loss,3,42,0.3359375,0.3984375,0.41666666666666663,1.0,4.926456928253174,0.9165299534797668
575,80,no_hr_loss,3,42,0.328125,0.5625,0.4074074074074074,1.0,5.802641868591309,1.052644968032837
576,80,no_hr_loss,3,42,0.375,0.421875,0.47656813266041814,1.0,4.963695526123047,1.030838131904602
577,80,no_hr_loss,3,42,0.3125,0.40625,0.42857142857142855,1.0,3.5807323455810547,0.5894043445587158
578,80,no_hr_loss,3,42,0.328125,0.453125,0.40425531914893614,1.0,3.4459805488586426,0.8287699818611145
579,80,no_hr_loss,3,42,0.4140625,0.578125,0.39525641025641023,1.0,2.9547016620635986,0.6143742203712463
580,80,no_hr_loss,3,42,0.328125,0.3984375,0.46541353383458645,1.0,2.98787260055542,0.6132871508598328
581,80,no_hr_loss,3,42,0.328125,0.4375,0.44,1.0,3.281984806060791,0.7625139951705933
582,80,no_hr_loss,3,42,0.359375,0.34375,0.46,1.0,4.351079940795898,0.8289497494697571
583,80,no_hr_loss,3,42,0.296875,0.390625,0.40425531914893614,1.0,6.119278907775879,1.0522657632827759
584,80,no_hr_loss,3,42,0.375,0.484375,0.47676767676767673,1.0,3.443002223968506,0.799516499042511
585,80,no_hr_loss,3,42,0.265625,0.453125,0.41304347826086957,1.0,3.3354244232177734,0.7069702744483948
586,80,no_hr_loss,3,42,0.28125,0.46875,0.3191489361702128,1.0,3.2994728088378906,0.7101529836654663
587,80,no_hr_loss,3,42,0.296875,0.421875,0.41304347826086957,1.0,3.5303966999053955,0.7969799637794495
588,80,no_hr_loss,3,42,0.2890625,0.53125,0.35853658536585364,1.0,4.702948570251465,0.8305453658103943
589,80,no_hr_loss,3,42,0.3125,0.421875,0.35583524027459956,1.0,3.3882670402526855,0.6839954257011414
590,80,no_hr_loss,3,42,0.359375,0.515625,0.4090909090909091,1.0,2.447963237762451,0.5764251351356506
591,80,no_hr_loss,3,42,0.328125,0.3984375,0.4487044817927171,1.0,5.219415664672852,0.9738231301307678
592,80,no_hr_loss,3,42,0.28125,0.3125,0.35365853658536583,1.0,7.593849182128906,1.094875693321228
593,80,no_hr_loss,3,42,0.421875,0.46875,0.4745762711864407,1.0,4.422952175140381,0.9809798002243042
594,80,no_hr_loss,3,42,0.3203125,0.46875,0.4409722222222222,1.0,5.035011291503906,1.0186785459518433
595,80,no_hr_loss,3,42,0.3125,0.359375,0.418648310387985,1.0,4.72592306137085,0.8829304575920105
596,80,no_hr_loss,3,42,0.3671875,0.3984375,0.4903525046382189,1.0,5.692167282104492,0.9544935822486877
597,80,no_hr_loss,3,42,0.28125,0.4765625,0.41000000000000003,1.0,4.588456153869629,0.8946830034255981
598,80,no_hr_loss,3,42,0.3125,0.46875,0.3958333333333333,1.0,5.935538291931152,1.2045202255249023
599,80,no_hr_loss,3,42,0.328125,0.5,0.46511627906976744,1.0,2.8199470043182373,0.5799334049224854
600,80,no_hr_loss,3,42,0.296875,0.453125,0.3684210526315789,1.0,4.101358413696289,0.8024463057518005
601,80,no_hr_loss,3,42,0.296875,0.421875,0.4292763157894737,1.0,4.485369682312012,0.7788215279579163
602,80,no_hr_loss,3,42,0.2578125,0.3984375,0.3854895104895105,1.0,3.787644863128662,0.7246227264404297
603,80,no_hr_loss,3,42,0.3359375,0.421875,0.4903483992467043,1.0,4.148192405700684,0.9520630240440369
604,80,no_hr_loss,3,42,0.3125,0.59375,0.3958333333333333,1.0,3.416731834411621,0.7644046545028687
605,80,no_hr_loss,3,42,0.40625,0.515625,0.42028985507246375,1.0,2.4468960762023926,0.45828330516815186
606,80,no_hr_loss,3,42,0.4375,0.53125,0.48148148148148145,1.0,3.691852331161499,0.6851010918617249
607,80,no_hr_loss,3,42,0.28125,0.375,0.4423076923076923,1.0,4.282105445861816,0.7924556136131287
608,80,no_hr_loss,3,42,0.34375,0.421875,0.4549534574468085,1.0,3.4529306888580322,0.561674177646637
609,80,no_hr_loss,3,42,0.34375,0.484375,0.41509433962264153,1.0,3.655930519104004,0.8104727268218994
610,80,no_hr_loss,3,42,0.25,0.34375,0.3717532467532467,1.0,3.4434714317321777,0.807275116443634
611,80,no_hr_loss,3,42,0.3125,0.4375,0.38181818181818183,1.0,4.374729156494141,0.849519670009613
612,80,no_hr_loss,3,42,0.515625,0.609375,0.477097602739726,1.0,4.312983512878418,0.7586126923561096
613,80,no_hr_loss,3,42,0.3125,0.546875,0.40816326530612246,1.0,3.2505569458007812,0.8018693327903748
614,80,no_hr_loss,3,42,0.328125,0.546875,0.43333333333333335,1.0,2.4943737983703613,0.5869122743606567
615,80,no_hr_loss,3,42,0.328125,0.453125,0.42,1.0,5.746451377868652,1.1034046411514282
616,80,no_hr_loss,3,42,0.34375,0.453125,0.4370748299319728,1.0,3.425253391265869,0.7033339738845825
617,80,no_hr_loss,3,42,0.328125,0.3515625,0.47916666666666663,1.0,5.91973876953125,1.0076526403427124
618,80,no_hr_loss,3,42,0.2578125,0.3984375,0.3666666666666667,1.0,4.720910549163818,1.006278395652771
619,80,no_hr_loss,3,42,0.359375,0.40625,0.4583333333333333,1.0,4.1644062995910645,0.7420722246170044
620,80,no_hr_loss,3,42,0.53125,0.53125,0.5151515151515151,1.0,4.3971452713012695,0.8313484191894531
621,80,no_hr_loss,3,42,0.3125,0.390625,0.5128205128205128,1.0,5.084485054016113,0.8786231875419617
622,80,no_hr_loss,3,42,0.390625,0.53125,0.49019607843137253,1.0,5.198188781738281,0.8523531556129456
623,80,no_hr_loss,3,42,0.265625,0.40625,0.37777777777777777,1.0,4.873278617858887,0.8606488108634949
624,80,no_hr_loss,3,42,0.3125,0.453125,0.39230769230769236,1.0,4.145361423492432,0.6989442110061646
625,80,no_hr_loss,3,42,0.328125,0.390625,0.43243243243243246,1.0,3.101487636566162,0.6734798550605774
626,80,no_hr_loss,3,42,0.3515625,0.4140625,0.47009803921568627,1.0,5.327238082885742,1.1222363710403442
627,80,no_hr_loss,3,42,0.2890625,0.359375,0.44380639868744876,1.0,3.2057652473449707,0.6601778268814087
628,80,no_hr_loss,3,42,0.265625,0.4375,0.3469387755102041,1.0,2.8734402656555176,0.5755814909934998
629,80,no_hr_loss,3,42,0.3125,0.34375,0.38461538461538464,1.0,3.9412455558776855,0.7682471871376038
630,80,no_hr_loss,3,42,0.265625,0.4296875,0.39767441860465114,1.0,3.3539299964904785,0.6544688940048218
631,80,no_hr_loss,3,42,0.28125,0.375,0.391304347826087,1.0,3.7746481895446777,0.7891716361045837
632,80,no_hr_loss,3,42,0.3359375,0.4140625,0.45952380952380956,1.0,6.249682426452637,1.132641315460205
633,80,no_hr_loss,3,42,0.2890625,0.4140625,0.4099639855942377,1.0,4.097111701965332,0.7854416966438293
634,80,no_hr_loss,3,42,0.515625,0.421875,0.39285714285714285,1.0,3.5528180599212646,0.8847817182540894
635,80,no_hr_loss,3,42,0.34375,0.484375,0.35294117647058826,1.0,2.636627674102783,0.5811820030212402
636,80,no_hr_loss,3,42,0.265625,0.421875,0.43478260869565216,1.0,5.417973041534424,1.0613553524017334
637,80,no_hr_loss,3,42,0.296875,0.421875,0.4365750528541226,1.0,4.7704620361328125,0.9833736419677734
638,80,no_hr_loss,3,42,0.328125,0.453125,0.4475689404934688,1.0,3.2150497436523438,0.7630377411842346
639,80,no_hr_loss,3,42,0.375,0.515625,0.4838709677419355,1.0,4.269319534301758,0.7590420246124268
640,80,no_hr_loss,3,42,0.359375,0.625,0.3541666666666667,1.0,2.215465545654297,0.5056294202804565
641,80,no_hr_loss,3,42,0.265625,0.375,0.4375,1.0,3.62973690032959,0.7743815779685974
642,80,no_hr_loss,3,42,0.328125,0.390625,0.37315875613747956,1.0,5.796448230743408,1.0275076627731323
643,80,no_hr_loss,3,42,0.453125,0.4921875,0.4938038793103448,1.0,1.7151861190795898,0.36352506279945374
644,80,no_hr_loss,3,42,0.3671875,0.6015625,0.35672131147540986,1.0,2.147740602493286,0.5313325524330139
645,80,no_hr_loss,3,42,0.34375,0.4453125,0.4519912711402073,1.0,4.071071624755859,0.9493224620819092
646,80,no_hr_loss,3,42,0.328125,0.421875,0.45652173913043476,1.0,6.459206581115723,1.2076704502105713
647,80,no_hr_loss,3,42,0.296875,0.375,0.4489795918367347,1.0,4.264701843261719,0.8011902570724487
648,80,no_hr_loss,3,42,0.375,0.421875,0.47058823529411764,1.0,7.384352684020996,1.1915671825408936
649,80,no_hr_loss,3,42,0.296875,0.421875,0.3770491803278688,1.0,5.450455665588379,0.8579514026641846
650,80,no_hr_loss,3,42,0.453125,0.578125,0.4572115384615385,1.0,3.8423514366149902,0.8879396915435791
651,80,no_hr_loss,3,42,0.3828125,0.484375,0.5485248447204969,1.0,3.978605270385742,0.7120246291160583
652,80,no_hr_loss,3,42,0.359375,0.4375,0.3829787234042553,1.0,4.143917083740234,0.8926156759262085
653,80,no_hr_loss,3,42,0.34375,0.3671875,0.46590909090909094,1.0,3.84144926071167,0.7130271196365356
654,80,no_hr_loss,3,42,0.328125,0.375,0.44680851063829785,1.0,3.9851880073547363,0.7776145339012146
655,80,no_hr_loss,3,42,0.2421875,0.3671875,0.3797348484848485,1.0,4.308514595031738,0.9251267313957214
656,80,no_hr_loss,3,42,0.3359375,0.5546875,0.39930232558139533,1.0,5.513533115386963,0.9308091402053833
657,80,no_hr_loss,3,42,0.28125,0.359375,0.42857142857142855,1.0,4.21565055847168,0.8345108032226562
658,80,no_hr_loss,3,42,0.296875,0.359375,0.45652173913043476,1.0,4.6531982421875,0.8765655159950256
659,80,no_hr_loss,3,42,0.40625,0.453125,0.48148148148148145,1.0,2.4634084701538086,0.5625393986701965
660,80,no_hr_loss,3,42,0.3125,0.40625,0.41304347826086957,1.0,4.705757141113281,0.8385341167449951
661,80,no_hr_loss,3,42,0.3046875,0.4140625,0.4154686601495112,1.0,4.334817409515381,0.7122100591659546
662,80,no_hr_loss,3,42,0.5390625,0.6171875,0.46546546546546547,1.0,3.4327147006988525,0.7940303683280945
663,80,no_hr_loss,3,42,0.3515625,0.4921875,0.3861185983827493,1.0,3.6029934883117676,0.7510160803794861
664,80,no_hr_loss,3,42,0.421875,0.484375,0.5192307692307693,1.0,3.7377328872680664,0.7943466901779175
665,80,no_hr_loss,3,42,0.375,0.484375,0.49206349206349204,1.0,4.242745876312256,0.8434901833534241
666,80,no_hr_loss,3,42,0.359375,0.46875,0.40350877192982454,1.0,3.2635955810546875,0.6952416300773621
667,80,no_hr_loss,3,42,0.265625,0.34375,0.40816326530612246,1.0,5.43607234954834,0.8530503511428833
668,80,no_hr_loss,3,42,0.3984375,0.421875,0.5374653098982424,1.0,3.551623821258545,0.8685218095779419
669,80,no_hr_loss,3,42,0.328125,0.46875,0.4583333333333333,1.0,5.307920455932617,0.972501814365387
670,80,no_hr_loss,3,42,0.375,0.46875,0.46808510638297873,1.0,3.6069560050964355,0.6742620468139648
671,80,no_hr_loss,3,42,0.34375,0.34375,0.46808510638297873,1.0,3.8138504028320312,0.782315731048584
672,80,no_hr_loss,3,42,0.375,0.5625,0.47058823529411764,1.0,3.0882813930511475,0.679837167263031
673,80,no_hr_loss,3,42,0.296875,0.515625,0.375,1.0,3.89678955078125,0.8594695925712585
674,80,no_hr_loss,3,42,0.375,0.4375,0.425531914893617,1.0,3.3098015785217285,0.7396469116210938
675,80,no_hr_loss,3,42,0.375,0.4375,0.4716981132075472,1.0,3.499589443206787,0.8114500045776367
676,80,no_hr_loss,3,42,0.265625,0.453125,0.39215686274509803,1.0,2.3594231605529785,0.550575315952301
677,80,no_hr_loss,3,42,0.328125,0.390625,0.38,1.0,3.844352960586548,0.7429767847061157
678,80,no_hr_loss,3,42,0.28125,0.484375,0.35294117647058826,1.0,4.01051139831543,0.8535690307617188
679,80,no_hr_loss,3,42,0.484375,0.453125,0.5625,1.0,4.605284690856934,0.933074951171875
680,80,no_hr_loss,3,42,0.515625,0.546875,0.559322033898305,1.0,2.9309396743774414,0.636476993560791
681,80,no_hr_loss,3,42,0.296875,0.375,0.4444444444444444,1.0,3.587024688720703,0.7131626605987549
682,80,no_hr_loss,3,42,0.3125,0.390625,0.4213209219858156,1.0,5.273281097412109,0.9883325099945068
683,80,no_hr_loss,3,42,0.28125,0.3828125,0.38149688149688155,1.0,3.780677318572998,0.7113701701164246
684,80,no_hr_loss,3,42,0.3828125,0.515625,0.4451871657754011,1.0,4.628448486328125,0.805975079536438
685,80,no_hr_loss,3,42,0.3125,0.390625,0.43333333333333335,1.0,5.11370325088501,0.9558425545692444
686,80,no_hr_loss,3,42,0.4140625,0.5078125,0.44119623655913975,1.0,3.221407175064087,0.5059791207313538
687,80,no_hr_loss,3,42,0.328125,0.4296875,0.4146718146718147,1.0,4.828281879425049,0.8989173173904419
688,80,no_hr_loss,3,42,0.328125,0.453125,0.42,1.0,4.019540786743164,0.891987681388855
689,80,no_hr_loss,3,42,0.296875,0.390625,0.3877551020408163,1.0,3.5442562103271484,0.6400784254074097
690,80,no_hr_loss,3,42,0.3203125,0.375,0.43159536541889487,1.0,4.7623419761657715,0.9982796907424927
691,80,no_hr_loss,3,42,0.3203125,0.4375,0.43617021276595747,1.0,4.235110282897949,0.9907799959182739
692,80,no_hr_loss,3,42,0.28125,0.359375,0.39705882352941174,1.0,3.536533832550049,0.6404798626899719
693,80,no_hr_loss,3,42,0.3125,0.421875,0.425531914893617,1.0,3.3171348571777344,0.7025927901268005
694,80,no_hr_loss,3,42,0.375,0.5,0.46875,1.0,3.585421562194824,0.7421598434448242
695,80,no_hr_loss,3,42,0.34375,0.4375,0.449478390461997,1.0,3.109157085418701,0.6481197476387024
696,80,no_hr_loss,3,42,0.28125,0.4375,0.4864864864864865,1.0,2.981398582458496,0.5411852598190308
697,80,no_hr_loss,3,42,0.34375,0.40625,0.43902439024390244,1.0,3.8313252925872803,0.6955866813659668
698,80,no_hr_loss,3,42,0.359375,0.484375,0.4705387205387206,1.0,3.3985354900360107,0.6577029228210449
699,80,no_hr_loss,3,42,0.328125,0.453125,0.425531914893617,1.0,4.679348945617676,1.021447777748108
700,80,no_hr_loss,3,42,0.296875,0.4375,0.37777777777777777,1.0,4.626291275024414,0.9035713076591492
701,80,no_hr_loss,3,42,0.296875,0.390625,0.4313863476425053,1.0,3.4831221103668213,0.8242782354354858
702,80,no_hr_loss,3,42,0.375,0.609375,0.4,1.0,4.449001789093018,0.9253089427947998
703,80,no_hr_loss,3,42,0.3203125,0.453125,0.4564393939393939,1.0,5.437314987182617,1.0443676710128784
704,80,no_hr_loss,3,42,0.28125,0.3828125,0.34696969696969693,1.0,3.6492042541503906,0.7160425782203674
705,80,no_hr_loss,3,42,0.3203125,0.4921875,0.3707070707070707,1.0,4.6811981201171875,0.9944892525672913
706,80,no_hr_loss,3,42,0.28125,0.359375,0.42,1.0,5.673116207122803,1.0035158395767212
707,80,no_hr_loss,3,42,0.28125,0.375,0.4166666666666667,1.0,5.493206977844238,0.9556602239608765
708,80,no_hr_loss,3,42,0.546875,0.5,0.4166666666666667,1.0,2.6810302734375,0.5419949293136597
709,80,no_hr_loss,3,42,0.265625,0.484375,0.38461538461538464,1.0,6.313766002655029,1.0607528686523438
710,80,no_hr_loss,3,42,0.265625,0.375,0.38636363636363635,1.0,3.56146502494812,0.6408023238182068
711,80,no_hr_loss,3,42,0.296875,0.34375,0.4318181818181818,1.0,5.554094314575195,0.9914368987083435
712,80,no_hr_loss,3,42,0.34375,0.453125,0.45454545454545453,1.0,4.946840286254883,0.9692733287811279
713,80,no_hr_loss,3,42,0.390625,0.46875,0.4473684210526316,1.0,3.9368577003479004,0.7611961960792542
714,80,no_hr_loss,3,42,0.359375,0.4453125,0.43097643097643096,1.0,2.8261196613311768,0.6106739640235901
715,80,no_hr_loss,3,42,0.2734375,0.390625,0.376655925528106,1.0,5.614308834075928,0.8725472688674927
716,80,no_hr_loss,3,42,0.296875,0.421875,0.3958333333333333,1.0,3.268129348754883,0.6910186409950256
717,80,no_hr_loss,3,42,0.3515625,0.6640625,0.4375,1.0,6.273990631103516,1.0819038152694702
718,80,no_hr_loss,3,42,0.3125,0.390625,0.40662074244163793,1.0,5.534974575042725,1.0610181093215942
719,80,no_hr_loss,3,42,0.296875,0.40625,0.3902439024390244,1.0,3.239875316619873,0.6556162238121033
720,80,no_hr_loss,3,42,0.4140625,0.5078125,0.45067698259187616,1.0,4.269468784332275,0.7157831788063049
721,80,no_hr_loss,3,42,0.265625,0.4375,0.3902439024390244,1.0,4.730325698852539,0.9112799167633057
722,80,no_hr_loss,3,42,0.28125,0.3984375,0.4045086119554204,1.0,3.310641288757324,0.7116197347640991
723,80,no_hr_loss,3,42,0.3984375,0.4140625,0.5288541666666666,1.0,4.128623962402344,0.7047944068908691
724,80,no_hr_loss,3,42,0.3984375,0.453125,0.47007223942208465,1.0,3.1061177253723145,0.6010304093360901
725,80,no_hr_loss,3,42,0.3125,0.46875,0.3979815708644142,1.0,3.4913125038146973,0.7660081386566162
726,80,no_hr_loss,3,42,0.3125,0.484375,0.4352159468438538,1.0,4.260644912719727,0.8101198077201843
727,80,no_hr_loss,3,42,0.2890625,0.3671875,0.4152027027027027,1.0,4.108366966247559,0.803853452205658
728,80,no_hr_loss,3,42,0.2890625,0.4609375,0.3823809523809524,1.0,4.276880264282227,0.7244848012924194
729,80,no_hr_loss,3,42,0.359375,0.421875,0.34,1.0,3.9310643672943115,0.8858689665794373
730,80,no_hr_loss,3,42,0.296875,0.3984375,0.38348416289592757,1.0,4.472381591796875,0.9225455522537231
731,80,no_hr_loss,3,42,0.3203125,0.40625,0.4042867701404287,1.0,4.282464981079102,0.929989755153656
732,80,no_hr_loss,3,42,0.390625,0.5625,0.4,1.0,3.4623985290527344,0.6355957388877869
733,80,no_hr_loss,3,42,0.3046875,0.4921875,0.3568627450980392,1.0,4.474896430969238,0.8862572908401489
734,80,no_hr_loss,3,42,0.328125,0.4375,0.44410924102889804,1.0,4.081627368927002,0.8896095752716064
735,80,no_hr_loss,3,42,0.4296875,0.484375,0.48275862068965514,1.0,3.8228321075439453,0.8358637094497681
736,80,no_hr_loss,3,42,0.421875,0.5,0.43902439024390244,1.0,3.0471725463867188,0.577519953250885
737,80,no_hr_loss,3,42,0.265625,0.359375,0.3787878787878788,1.0,4.493771076202393,0.9433754682540894
738,80,no_hr_loss,3,42,0.265625,0.40625,0.3125,1.0,3.446953773498535,0.5900520086288452
739,80,no_hr_loss,3,42,0.40625,0.625,0.4406779661016949,1.0,4.551368713378906,0.8049157857894897
740,80,no_hr_loss,3,42,0.3125,0.484375,0.4388888888888889,1.0,3.867278814315796,0.6632341742515564
741,80,no_hr_loss,3,42,0.234375,0.296875,0.4791666666666667,1.0,3.353883981704712,0.579159677028656
742,80,no_hr_loss,3,42,0.3125,0.3671875,0.4216374269005848,1.0,4.3354997634887695,0.7854549884796143
743,80,no_hr_loss,3,42,0.3125,0.4375,0.375,1.0,3.6974730491638184,0.8124052286148071
744,80,no_hr_loss,3,42,0.3671875,0.6328125,0.45422535211267606,1.0,3.6176626682281494,0.7219029068946838
745,80,no_hr_loss,3,42,0.359375,0.4765625,0.47011784511784516,1.0,3.5471372604370117,0.6616105437278748
746,80,no_hr_loss,3,42,0.3203125,0.3359375,0.4305555555555556,1.0,3.645939826965332,0.6855497360229492
747,80,no_hr_loss,3,42,0.3359375,0.4296875,0.41798941798941797,1.0,2.580721616744995,0.5311225056648254
748,80,no_hr_loss,3,42,0.3203125,0.359375,0.42395264116575593,1.0,3.95230770111084,0.8859463930130005
749,80,no_hr_loss,3,42,0.2421875,0.390625,0.3339160839160839,1.0,4.129387378692627,0.8152198791503906
750,80,no_hr_loss,3,42,0.28125,0.4140625,0.40019762845849804,1.0,4.510098934173584,0.8347324132919312
751,80,no_hr_loss,3,42,0.359375,0.40625,0.45,1.0,3.3124499320983887,0.6692870855331421
752,80,no_hr_loss,3,42,0.3515625,0.4609375,0.45497076023391814,1.0,4.22477912902832,0.9845753908157349
753,80,no_hr_loss,3,42,0.34375,0.4765625,0.48380355276907006,1.0,5.006435871124268,1.1124091148376465
754,80,no_hr_loss,3,42,0.296875,0.40625,0.42,1.0,4.345146179199219,0.911449670791626
755,80,no_hr_loss,3,42,0.375,0.484375,0.391304347826087,1.0,3.381124258041382,0.8348101377487183
756,80,no_hr_loss,3,42,0.296875,0.40625,0.4,1.0,3.6696834564208984,0.7231012582778931
757,80,no_hr_loss,3,42,0.296875,0.453125,0.4222222222222222,1.0,4.731993198394775,0.8835527300834656
758,80,no_hr_loss,3,42,0.296875,0.421875,0.38,1.0,3.9366307258605957,0.7327213883399963
759,80,no_hr_loss,3,42,0.2890625,0.359375,0.41349206349206347,1.0,4.302214622497559,0.8591980338096619
760,80,no_hr_loss,3,42,0.28125,0.390625,0.3673469387755102,1.0,2.7628140449523926,0.5121363997459412
761,80,no_hr_loss,3,42,0.265625,0.390625,0.37652270210409744,1.0,5.289506912231445,0.9345574975013733
762,80,no_hr_loss,3,42,0.3671875,0.4375,0.44052631578947365,1.0,4.598637580871582,0.9908463954925537
763,80,no_hr_loss,3,42,0.3125,0.421875,0.45,1.0,5.311034202575684,1.1834475994110107
764,80,no_hr_loss,3,42,0.28125,0.40625,0.38493269648284845,1.0,3.7849206924438477,0.7256805896759033
765,80,no_hr_loss,3,42,0.3125,0.421875,0.391304347826087,1.0,3.2271907329559326,0.5703219175338745
766,80,no_hr_loss,3,42,0.3125,0.421875,0.40425531914893614,1.0,4.223507881164551,0.8395286798477173
767,80,no_hr_loss,3,42,0.25,0.4375,0.3875,1.0,3.011751174926758,0.5889350175857544
768,80,no_hr_loss,3,42,0.265625,0.40625,0.3782467532467533,1.0,2.4351906776428223,0.5922185778617859
769,80,no_hr_loss,3,42,0.34375,0.4375,0.4,1.0,4.4897356033325195,0.9301753044128418
770,80,no_hr_loss,3,42,0.3359375,0.375,0.4237938596491228,1.0,4.556273460388184,0.7865698933601379
771,80,no_hr_loss,3,42,0.3515625,0.4453125,0.49816176470588236,1.0,3.5899152755737305,0.6892010569572449
772,80,no_hr_loss,3,42,0.390625,0.4921875,0.4631217838765008,1.0,6.101621627807617,0.9218065142631531
773,80,no_hr_loss,3,42,0.28125,0.4453125,0.3963815789473684,1.0,5.452875137329102,0.946295976638794
774,80,no_hr_loss,3,42,0.3125,0.453125,0.4307692307692308,1.0,5.972021102905273,1.107611060142517
775,80,no_hr_loss,3,42,0.28125,0.4375,0.34782608695652173,1.0,3.3522391319274902,0.6635160446166992
776,80,no_hr_loss,3,42,0.359375,0.53125,0.42105263157894735,1.0,4.835688591003418,0.8784835934638977
777,80,no_hr_loss,3,42,0.40625,0.484375,0.425531914893617,1.0,4.469789028167725,0.9350937604904175
778,80,no_hr_loss,3,42,0.34375,0.40625,0.4166666666666667,1.0,3.240767002105713,0.6196731925010681
779,80,no_hr_loss,3,42,0.3125,0.34375,0.4119601328903654,1.0,4.069076061248779,0.9243772029876709
780,80,no_hr_loss,3,42,0.28125,0.390625,0.37735849056603776,1.0,3.4333903789520264,0.6441822052001953
781,80,no_hr_loss,3,42,0.390625,0.375,0.45454545454545453,1.0,2.985650062561035,0.6800504326820374
782,80,no_hr_loss,3,42,0.296875,0.421875,0.40816326530612246,1.0,3.658334732055664,0.7452436685562134
783,80,no_hr_loss,3,42,0.4140625,0.59375,0.45776942355889727,1.0,2.588809013366699,0.5152660012245178
784,80,no_hr_loss,3,42,0.3203125,0.515625,0.4417344173441734,1.0,4.029264450073242,0.8346748352050781
785,80,no_hr_loss,3,42,0.34375,0.375,0.4642857142857143,1.0,4.284604072570801,0.9262109398841858
786,80,no_hr_loss,3,42,0.2890625,0.3359375,0.4125,1.0,5.1542840003967285,0.9253621697425842
787,80,no_hr_loss,3,42,0.3203125,0.4765625,0.39181818181818184,1.0,4.089938640594482,0.8081286549568176
788,80,no_hr_loss,3,42,0.28125,0.40625,0.4222222222222222,1.0,4.053483009338379,0.8222576379776001
789,80,no_hr_loss,3,42,0.34375,0.453125,0.46808510638297873,1.0,5.442493438720703,1.0340044498443604
790,80,no_hr_loss,3,42,0.359375,0.5,0.38333333333333336,1.0,2.5505027770996094,0.5005679726600647
791,80,no_hr_loss,3,42,0.2734375,0.3828125,0.3829268292682927,1.0,4.5471086502075195,0.7816380858421326
792,80,no_hr_loss,3,42,0.40625,0.640625,0.42325971484484204,1.0,3.8042802810668945,0.6616537570953369
793,80,no_hr_loss,3,42,0.4609375,0.4765625,0.5246166263115416,1.0,4.152036666870117,0.8399308323860168
794,80,no_hr_loss,3,42,0.296875,0.390625,0.4523809523809524,1.0,5.888692855834961,0.8714537024497986
795,80,no_hr_loss,3,42,0.296875,0.4140625,0.42160087719298245,1.0,5.083029747009277,0.8526885509490967
796,80,no_hr_loss,3,42,0.328125,0.484375,0.42,1.0,5.416677951812744,0.9964411854743958
797,80,no_hr_loss,3,42,0.359375,0.515625,0.42689655172413793,1.0,5.332910537719727,1.0259987115859985
798,80,no_hr_loss,3,42,0.4375,0.609375,0.4427875836883749,1.0,4.225918769836426,0.775387704372406
799,80,no_hr_loss,3,42,0.375,0.4453125,0.41014026884862653,1.0,4.006290912628174,0.7744705677032471
800,80,no_hr_loss,3,42,0.375,0.53125,0.3380281690140845,1.0,3.798377752304077,0.8099045157432556
801,80,no_hr_loss,3,42,0.4375,0.4375,0.5145089285714286,1.0,3.471189022064209,0.59810870885849
802,80,no_hr_loss,3,42,0.375,0.40625,0.38095238095238093,1.0,3.4274795055389404,0.6678496599197388
803,80,no_hr_loss,3,42,0.3359375,0.515625,0.42648221343873516,1.0,4.334503650665283,0.7809263467788696
804,80,no_hr_loss,3,42,0.3125,0.4140625,0.4603174603174603,1.0,3.367669105529785,0.7825400829315186
805,80,no_hr_loss,3,42,0.2890625,0.359375,0.4124195942602672,1.0,4.457134246826172,0.8238218426704407
806,80,no_hr_loss,3,42,0.28125,0.390625,0.48484848484848486,1.0,3.3002724647521973,0.6807739734649658
807,80,no_hr_loss,3,42,0.328125,0.484375,0.4666666666666667,1.0,5.844359397888184,1.0132752656936646
808,80,no_hr_loss,3,42,0.421875,0.59375,0.39991181657848324,1.0,3.6663618087768555,0.7379910945892334
809,80,no_hr_loss,3,42,0.3046875,0.4296875,0.4113987058237929,1.0,4.332699775695801,0.8636227250099182
810,80,no_hr_loss,3,42,0.2578125,0.3359375,0.39109848484848486,1.0,4.348732948303223,0.7587041258811951
811,80,no_hr_loss,3,42,0.359375,0.46875,0.46,1.0,7.959300994873047,1.2369089126586914
812,80,no_hr_loss,3,42,0.3203125,0.46875,0.42051630434782605,1.0,2.822568893432617,0.6496663093566895
813,80,no_hr_loss,3,42,0.2890625,0.3828125,0.40625,1.0,3.7770330905914307,0.735152542591095
814,80,no_hr_loss,3,42,0.421875,0.515625,0.48340395480225984,1.0,3.656224250793457,0.7411507964134216
815,80,no_hr_loss,3,42,0.390625,0.546875,0.42424242424242425,1.0,3.615767478942871,0.8506830334663391
816,80,no_hr_loss,3,42,0.296875,0.421875,0.40476190476190477,1.0,4.400287628173828,0.9856542348861694
817,80,no_hr_loss,3,42,0.359375,0.5,0.45098039215686275,1.0,4.669851303100586,0.8616636991500854
818,80,no_hr_loss,3,42,0.375,0.5,0.42592592592592593,1.0,2.6596291065216064,0.5579527020454407
819,80,no_hr_loss,3,42,0.2890625,0.3671875,0.42879604672057503,1.0,5.764166831970215,0.8708778023719788
820,80,no_hr_loss,3,42,0.328125,0.421875,0.4222222222222222,1.0,5.476632118225098,0.996378481388092
821,80,no_hr_loss,3,42,0.3671875,0.453125,0.5203419811320755,1.0,4.674711227416992,0.9279385805130005
822,80,no_hr_loss,3,42,0.296875,0.34375,0.4375,1.0,5.3377766609191895,0.9742757678031921
823,80,no_hr_loss,3,42,0.3125,0.4375,0.3953488372093023,1.0,2.994123697280884,0.743001401424408
824,80,no_hr_loss,3,42,0.28125,0.359375,0.4489795918367347,1.0,4.047252178192139,0.8500185012817383
825,80,no_hr_loss,3,42,0.3984375,0.4296875,0.488034188034188,1.0,5.060275077819824,0.97419673204422
826,80,no_hr_loss,3,42,0.359375,0.453125,0.4423076923076923,1.0,6.7079386711120605,1.079337239265442
827,80,no_hr_loss,3,42,0.328125,0.4765625,0.43340425531914895,1.0,2.543388843536377,0.5530367493629456
828,80,no_hr_loss,3,42,0.265625,0.390625,0.3617021276595745,1.0,4.314587593078613,0.8572323322296143
829,80,no_hr_loss,3,42,0.375,0.40625,0.46296296296296297,1.0,4.305548667907715,0.8176673650741577
830,80,no_hr_loss,3,42,0.3203125,0.4765625,0.376056338028169,1.0,3.578068256378174,0.5976275205612183
831,80,no_hr_loss,3,42,0.3125,0.53125,0.39,1.0,3.515193462371826,0.8040026426315308
832,80,no_hr_loss,3,42,0.40625,0.5,0.4426229508196721,1.0,4.437088966369629,0.8122665286064148
833,80,no_hr_loss,3,42,0.375,0.4609375,0.47413793103448276,1.0,4.765450477600098,1.0019575357437134
834,80,no_hr_loss,3,42,0.296875,0.4140625,0.45113636363636367,1.0,3.892575740814209,0.8633246421813965
835,80,no_hr_loss,3,42,0.2734375,0.375,0.40454545454545454,1.0,3.5628983974456787,0.759459376335144
836,80,no_hr_loss,3,42,0.2890625,0.3828125,0.41443053070960045,1.0,3.4431352615356445,0.6137585639953613
837,80,no_hr_loss,3,42,0.328125,0.390625,0.42592592592592593,1.0,5.021292686462402,0.8034718036651611
838,80,no_hr_loss,3,42,0.296875,0.5,0.391304347826087,1.0,3.663978099822998,0.7531681060791016
839,80,no_hr_loss,3,42,0.40625,0.421875,0.5294117647058824,1.0,3.2141597270965576,0.742122232913971
840,80,no_hr_loss,3,42,0.3046875,0.3984375,0.4489795918367347,1.0,4.404075622558594,0.8542264699935913
841,80,no_hr_loss,3,42,0.296875,0.375,0.44680851063829785,1.0,5.028196811676025,0.7878621816635132
842,80,no_hr_loss,3,42,0.4375,0.4375,0.5239981360671015,1.0,3.8742661476135254,0.9559264779090881
843,80,no_hr_loss,3,42,0.4375,0.4375,0.40476190476190477,1.0,4.208723068237305,0.9050216674804688
844,80,no_hr_loss,3,42,0.28125,0.46875,0.36363636363636365,1.0,3.6406960487365723,0.7235900163650513
845,80,no_hr_loss,3,42,0.28125,0.421875,0.37735849056603776,1.0,3.6247382164001465,0.8025838732719421
846,80,no_hr_loss,3,42,0.296875,0.421875,0.4222222222222222,1.0,4.327733993530273,0.93904048204422
847,80,no_hr_loss,3,42,0.296875,0.421875,0.36585365853658536,1.0,2.3964240550994873,0.5486339926719666
848,80,no_hr_loss,3,42,0.421875,0.515625,0.4444444444444444,1.0,4.421195030212402,0.8759222030639648
849,80,no_hr_loss,3,42,0.3125,0.578125,0.4148550724637681,1.0,2.572329044342041,0.5099359154701233
850,80,no_hr_loss,3,42,0.34375,0.515625,0.45588235294117646,1.0,3.449223041534424,0.7781192064285278
851,80,no_hr_loss,3,42,0.453125,0.4609375,0.47932263814616755,1.0,3.9215927124023438,0.9663848280906677
852,80,no_hr_loss,3,42,0.25,0.375,0.3684210526315789,1.0,5.39552116394043,0.942177951335907
853,80,no_hr_loss,3,42,0.328125,0.4296875,0.41287878787878785,1.0,3.1869614124298096,0.7644950747489929
854,80,no_hr_loss,3,42,0.296875,0.4609375,0.373546511627907,1.0,3.251295328140259,0.7028797268867493
855,80,no_hr_loss,3,42,0.3359375,0.4609375,0.42428571428571427,1.0,3.6110453605651855,0.7350289821624756
856,80,no_hr_loss,3,42,0.2890625,0.4296875,0.40426497277676954,1.0,3.4412569999694824,0.7600260972976685
857,80,no_hr_loss,3,42,0.375,0.5390625,0.4183201058201058,1.0,4.428734302520752,0.9939361810684204
858,80,no_hr_loss,3,42,0.328125,0.421875,0.4365079365079365,1.0,4.333271026611328,0.9262175559997559
859,80,no_hr_loss,3,42,0.3125,0.4765625,0.4047202797202797,1.0,4.035693168640137,0.7466244101524353
860,80,no_hr_loss,3,42,0.46875,0.59375,0.5405405405405406,1.0,2.913261890411377,0.6581125855445862
861,80,no_hr_loss,3,42,0.40625,0.5078125,0.4827437446074202,1.0,4.274482727050781,0.8206275105476379
862,80,no_hr_loss,3,42,0.3984375,0.5234375,0.43137254901960786,1.0,3.9214272499084473,0.8648450970649719
863,80,no_hr_loss,3,42,0.375,0.5,0.42592592592592593,1.0,2.892916679382324,0.5842173099517822
864,80,no_hr_loss,3,42,0.4765625,0.546875,0.5036599099099099,1.0,1.9247612953186035,0.44874143600463867
865,80,no_hr_loss,3,42,0.2890625,0.359375,0.4083333333333333,1.0,5.3717498779296875,1.0059814453125
866,80,no_hr_loss,3,42,0.34375,0.3984375,0.483974358974359,1.0,4.851566791534424,1.0815240144729614
867,80,no_hr_loss,3,42,0.2890625,0.390625,0.40721040189125296,1.0,5.723690032958984,0.9876316785812378
868,80,no_hr_loss,3,42,0.421875,0.40625,0.5094339622641509,1.0,7.19715690612793,1.2240694761276245
869,80,no_hr_loss,3,42,0.296875,0.40625,0.3695652173913043,1.0,4.968862533569336,0.8150987029075623
870,80,no_hr_loss,3,42,0.3046875,0.4609375,0.4229708431836091,1.0,3.6477320194244385,0.7455903887748718
871,80,no_hr_loss,3,42,0.3125,0.546875,0.41304347826086957,1.0,3.3875086307525635,0.6950960755348206
872,80,no_hr_loss,3,42,0.3203125,0.3828125,0.4278592375366569,1.0,5.183095455169678,0.9546608328819275
873,80,no_hr_loss,3,42,0.28125,0.4296875,0.36397058823529416,1.0,4.297185897827148,1.0303245782852173
874,80,no_hr_loss,3,42,0.2734375,0.3515625,0.40398550724637683,1.0,5.083252906799316,0.8798776865005493
875,80,no_hr_loss,3,42,0.34375,0.390625,0.46,1.0,5.099645614624023,0.837931215763092
876,80,no_hr_loss,3,42,0.34375,0.4609375,0.3944444444444445,1.0,4.202592849731445,0.8126326203346252
877,80,no_hr_loss,3,42,0.390625,0.515625,0.45454545454545453,1.0,3.7314515113830566,0.6990315318107605
878,80,no_hr_loss,3,42,0.359375,0.40625,0.40350877192982454,1.0,4.719825267791748,0.9695033431053162
879,80,no_hr_loss,3,42,0.25,0.4375,0.34782608695652173,1.0,3.1837375164031982,0.664949893951416
880,80,no_hr_loss,3,42,0.296875,0.40625,0.45454545454545453,1.0,4.620122909545898,0.7946622967720032
881,80,no_hr_loss,3,42,0.46875,0.484375,0.50426944971537,1.0,5.042735576629639,0.9269003868103027
882,80,no_hr_loss,3,42,0.265625,0.390625,0.3829787234042553,1.0,2.591062068939209,0.6362319588661194
883,80,no_hr_loss,3,42,0.375,0.46875,0.46,1.0,3.128202438354492,0.6848488450050354
884,80,no_hr_loss,3,42,0.2890625,0.453125,0.3853669127225358,1.0,4.208376407623291,0.8678191900253296
885,80,no_hr_loss,3,42,0.421875,0.484375,0.4576271186440678,1.0,7.034177303314209,1.338503360748291
886,80,no_hr_loss,3,42,0.375,0.4375,0.4642857142857143,1.0,4.397614002227783,0.8249592185020447
887,80,no_hr_loss,3,42,0.328125,0.5625,0.42857142857142855,1.0,4.128952503204346,0.8786259889602661
888,80,no_hr_loss,3,42,0.28125,0.390625,0.3953488372093023,1.0,3.812727928161621,0.8167634010314941
889,80,no_hr_loss,3,42,0.3125,0.53125,0.3829787234042553,1.0,3.8409504890441895,0.8161811828613281
890,80,no_hr_loss,3,42,0.34375,0.484375,0.38636363636363635,1.0,4.213453769683838,0.8892657160758972
891,80,no_hr_loss,3,42,0.3984375,0.5703125,0.4396774193548387,1.0,4.869736671447754,1.0054820775985718
892,80,no_hr_loss,3,42,0.3125,0.46875,0.4166666666666667,1.0,3.476595163345337,0.8195831775665283
893,80,no_hr_loss,3,42,0.328125,0.421875,0.42857142857142855,1.0,5.099430084228516,1.194920539855957
894,80,no_hr_loss,3,42,0.375,0.46875,0.43902439024390244,1.0,3.7006969451904297,0.7236706614494324
895,80,no_hr_loss,3,42,0.3203125,0.4296875,0.44166666666666665,1.0,4.5425519943237305,0.816209614276886
896,80,no_hr_loss,3,42,0.375,0.4921875,0.5136198547215496,1.0,3.5460023880004883,0.7224248647689819
897,80,no_hr_loss,3,42,0.28125,0.40625,0.4107142857142857,1.0,3.478405237197876,0.7404837012290955
898,80,no_hr_loss,3,42,0.3046875,0.34375,0.43452380952380953,1.0,3.509369373321533,0.5769763588905334
899,80,no_hr_loss,3,42,0.296875,0.453125,0.38,1.0,3.0731167793273926,0.7846577763557434
900,80,no_hr_loss,3,42,0.359375,0.4765625,0.47725040916530276,1.0,4.233997344970703,0.9885144233703613
901,80,no_hr_loss,3,42,0.4296875,0.515625,0.5497835497835498,1.0,2.373324394226074,0.5704419612884521
902,80,no_hr_loss,3,42,0.34375,0.390625,0.45552884615384615,1.0,4.655664443969727,1.0640417337417603
903,80,no_hr_loss,3,42,0.3125,0.375,0.4117647058823529,1.0,6.516299724578857,1.0840736627578735
904,80,no_hr_loss,3,42,0.34375,0.4375,0.40425531914893614,1.0,3.302276134490967,0.7186459898948669
905,80,no_hr_loss,3,42,0.328125,0.453125,0.42857142857142855,1.0,4.809174537658691,0.8384932279586792
906,80,no_hr_loss,3,42,0.2890625,0.3984375,0.4059477756286267,1.0,4.3266921043396,0.8858007192611694
907,80,no_hr_loss,3,42,0.3515625,0.5078125,0.4444444444444444,1.0,3.5956149101257324,0.81397944688797
908,80,no_hr_loss,3,42,0.34375,0.46875,0.4074074074074074,1.0,3.3823416233062744,0.7507944107055664
909,80,no_hr_loss,3,42,0.3046875,0.3671875,0.3944353518821604,1.0,5.395411491394043,1.1055816411972046
910,80,no_hr_loss,3,42,0.3125,0.40625,0.4444444444444444,1.0,5.1896071434021,0.8965163826942444
911,80,no_hr_loss,3,42,0.328125,0.390625,0.46296296296296297,1.0,4.713613986968994,0.9758911728858948
912,80,no_hr_loss,3,42,0.296875,0.375,0.4444444444444444,1.0,3.275169849395752,0.6996480822563171
913,80,no_hr_loss,3,42,0.3203125,0.4296875,0.44542002847650686,1.0,4.6016845703125,0.8647646307945251
914,80,no_hr_loss,3,42,0.359375,0.59375,0.4107142857142857,1.0,5.407875061035156,1.1887506246566772
915,80,no_hr_loss,3,42,0.4375,0.546875,0.4291187739463601,1.0,4.896324157714844,0.9614429473876953
916,80,no_hr_loss,3,42,0.3359375,0.4453125,0.45869837296620775,1.0,3.8559300899505615,0.7571293711662292
917,80,no_hr_loss,3,42,0.3984375,0.453125,0.4966666666666667,1.0,4.101701736450195,0.9143693447113037
918,80,no_hr_loss,3,42,0.328125,0.5234375,0.3847826086956522,1.0,4.483221054077148,0.9397761225700378
919,80,no_hr_loss,3,42,0.34375,0.546875,0.4406779661016949,1.0,3.1759228706359863,0.6280177235603333
920,80,no_hr_loss,3,42,0.296875,0.5,0.38461538461538464,1.0,5.061320781707764,0.8404891490936279
921,80,no_hr_loss,3,42,0.28125,0.390625,0.40425531914893614,1.0,4.874019622802734,0.7691760659217834
922,80,no_hr_loss,3,42,0.3125,0.4140625,0.42220801364023874,1.0,5.053868293762207,1.1130419969558716
923,80,no_hr_loss,3,42,0.34375,0.375,0.43266740658527564,1.0,3.806894302368164,0.8684625029563904
924,80,no_hr_loss,3,42,0.265625,0.390625,0.3829787234042553,1.0,3.246159553527832,0.6961236000061035
925,80,no_hr_loss,3,42,0.4453125,0.6171875,0.4571428571428572,1.0,3.100381851196289,0.704902708530426
926,80,no_hr_loss,3,42,0.28125,0.34375,0.42857142857142855,1.0,5.3929948806762695,1.0149025917053223
927,80,no_hr_loss,3,42,0.328125,0.4453125,0.45178571428571423,1.0,4.081037998199463,0.9072497487068176
928,80,no_hr_loss,3,42,0.390625,0.453125,0.43859649122807015,1.0,5.4420647621154785,0.9760839343070984
929,80,no_hr_loss,3,42,0.3359375,0.484375,0.4055741699664941,1.0,5.193275451660156,0.8513402342796326
930,80,no_hr_loss,3,42,0.40625,0.46875,0.48148148148148145,1.0,4.4814043045043945,0.7461338639259338
931,80,no_hr_loss,3,42,0.453125,0.546875,0.4915254237288136,1.0,4.662199020385742,0.859476625919342
932,80,no_hr_loss,3,42,0.546875,0.5078125,0.5588235294117647,1.0,3.67909574508667,0.8586422801017761
933,80,no_hr_loss,3,42,0.3125,0.46875,0.4,1.0,2.7589316368103027,0.6596565842628479
934,80,no_hr_loss,3,42,0.3046875,0.40625,0.45555555555555555,1.0,4.276287078857422,0.9176218509674072
935,80,no_hr_loss,3,42,0.390625,0.484375,0.44642857142857145,1.0,5.147139072418213,0.8829054236412048
936,80,no_hr_loss,3,42,0.46875,0.53125,0.4807692307692308,1.0,5.138367652893066,1.1558661460876465
937,80,no_hr_loss,3,42,0.359375,0.421875,0.48936170212765956,1.0,7.833220481872559,1.1920971870422363
938,80,no_hr_loss,3,42,0.328125,0.484375,0.35714285714285715,1.0,5.4350996017456055,0.8737461566925049
939,80,no_hr_loss,3,42,0.328125,0.421875,0.43103448275862066,1.0,3.4607229232788086,0.6365788578987122
940,80,no_hr_loss,3,42,0.328125,0.453125,0.4164696611505122,1.0,5.190842628479004,0.7489290833473206
941,80,no_hr_loss,3,42,0.296875,0.375,0.40425531914893614,1.0,5.807723045349121,1.2122944593429565
942,80,no_hr_loss,3,42,0.3125,0.4375,0.425531914893617,1.0,5.139328956604004,1.1829310655593872
943,80,no_hr_loss,3,42,0.34375,0.46875,0.46,1.0,3.85091233253479,0.8224013447761536
944,80,no_hr_loss,3,42,0.2890625,0.4296875,0.4005403579871665,1.0,3.43442964553833,0.7577020525932312
945,80,no_hr_loss,3,42,0.3046875,0.390625,0.4472222222222222,1.0,4.185970306396484,0.8248215317726135
946,80,no_hr_loss,3,42,0.265625,0.34375,0.425,1.0,5.651358604431152,1.1415016651153564
947,80,no_hr_loss,3,42,0.375,0.4375,0.46818181818181814,1.0,7.338526725769043,1.2172778844833374
948,80,no_hr_loss,3,42,0.28125,0.3984375,0.43768996960486317,1.0,4.43796443939209,0.932682454586029
949,80,no_hr_loss,3,42,0.265625,0.40625,0.3958333333333333,1.0,2.938839912414551,0.6360917687416077
950,80,no_hr_loss,3,42,0.4921875,0.8828125,0.4491341991341991,1.0,2.1934499740600586,0.4923902153968811
951,80,no_hr_loss,3,42,0.3046875,0.421875,0.3928985507246377,1.0,2.608765125274658,0.5270664095878601
952,80,no_hr_loss,3,42,0.3515625,0.3828125,0.4552696078431373,1.0,4.608367443084717,0.790457010269165
953,80,no_hr_loss,3,42,0.28125,0.4140625,0.35499537465309894,1.0,3.876122236251831,0.8696314692497253
954,80,no_hr_loss,3,42,0.34375,0.3671875,0.44516509433962265,1.0,5.4628190994262695,1.067463755607605
955,80,no_hr_loss,3,42,0.3125,0.46875,0.40816326530612246,1.0,3.3583943843841553,0.6272770166397095
956,80,no_hr_loss,3,42,0.3359375,0.3671875,0.456959706959707,1.0,4.923714637756348,0.9321787357330322
957,80,no_hr_loss,3,42,0.3125,0.453125,0.4165217391304348,1.0,2.8679733276367188,0.5810850262641907
958,80,no_hr_loss,3,42,0.296875,0.46875,0.3888888888888889,1.0,4.827654838562012,0.9694780707359314
959,80,no_hr_loss,3,42,0.609375,0.5703125,0.535774647887324,1.0,2.5882105827331543,0.5863697528839111
960,80,no_hr_loss,3,42,0.40625,0.6015625,0.42023217247097844,1.0,1.9107977151870728,0.5275946259498596
961,80,no_hr_loss,3,42,0.359375,0.453125,0.4727272727272727,1.0,2.7948856353759766,0.5708770155906677
962,80,no_hr_loss,3,42,0.328125,0.46875,0.43478260869565216,1.0,4.379641532897949,0.8654343485832214
963,80,no_hr_loss,3,42,0.40625,0.4375,0.5,1.0,4.231286525726318,0.8559852242469788
964,80,no_hr_loss,3,42,0.421875,0.5,0.5,1.0,3.990684986114502,0.8113095164299011
965,80,no_hr_loss,3,42,0.328125,0.40625,0.40540540540540543,1.0,2.706468343734741,0.5564826130867004
966,80,no_hr_loss,3,42,0.3046875,0.46875,0.41025641025641024,1.0,4.359156131744385,0.8571649193763733
967,80,no_hr_loss,3,42,0.3359375,0.4296875,0.4409722222222222,1.0,3.5451626777648926,0.5825772881507874
968,80,no_hr_loss,3,42,0.3125,0.5546875,0.375,1.0,6.058852672576904,1.1065104007720947
969,80,no_hr_loss,3,42,0.34375,0.421875,0.44,1.0,5.600905895233154,1.065729022026062
970,80,no_hr_loss,3,42,0.5,0.53125,0.4266666666666667,1.0,4.298340797424316,0.7729193568229675
971,80,no_hr_loss,3,42,0.453125,0.4765625,0.5135135135135135,1.0,3.6263866424560547,0.881923496723175
972,80,no_hr_loss,3,42,0.328125,0.4140625,0.42648221343873516,1.0,4.573431015014648,1.0961053371429443
973,80,no_hr_loss,3,42,0.390625,0.453125,0.4528301886792453,1.0,3.305741786956787,0.7001530528068542
974,80,no_hr_loss,3,42,0.453125,0.453125,0.5370370370370371,1.0,3.5010275840759277,0.7370417714118958
975,80,no_hr_loss,3,42,0.359375,0.5390625,0.41568627450980394,1.0,5.261807918548584,0.9555034637451172
976,80,no_hr_loss,3,42,0.375,0.5,0.40425531914893614,1.0,3.0780372619628906,0.5825660228729248
977,80,no_hr_loss,3,42,0.421875,0.46875,0.49019607843137253,1.0,4.824319839477539,0.9453529715538025
978,80,no_hr_loss,3,42,0.265625,0.40625,0.3541666666666667,1.0,4.369084358215332,0.9193442463874817
979,80,no_hr_loss,3,42,0.390625,0.65625,0.423728813559322,1.0,2.9662885665893555,0.6455729007720947
980,80,no_hr_loss,3,42,0.4921875,0.6484375,0.4983452840595698,1.0,4.734623908996582,0.9244500994682312
981,80,no_hr_loss,3,42,0.390625,0.453125,0.4165384615384615,1.0,3.2431607246398926,0.5833321213722229
982,80,no_hr_loss,3,42,0.46875,0.5625,0.46153846153846156,1.0,4.1024169921875,0.7842178344726562
983,80,no_hr_loss,3,42,0.3125,0.4375,0.4864864864864865,1.0,5.971382141113281,1.031740427017212
984,80,no_hr_loss,3,42,0.3046875,0.421875,0.40192307692307694,1.0,4.044919967651367,0.7461243271827698
985,80,no_hr_loss,3,42,0.28125,0.4140625,0.37898936170212766,1.0,2.190114736557007,0.4808315336704254
986,80,no_hr_loss,3,42,0.3125,0.46875,0.44,1.0,3.3181028366088867,0.7003206610679626
987,80,no_hr_loss,3,42,0.3828125,0.5390625,0.43405765920826167,1.0,4.606845378875732,0.8145840167999268
988,80,no_hr_loss,3,42,0.2734375,0.515625,0.3751219512195122,1.0,5.1296234130859375,0.9230870604515076
989,80,no_hr_loss,3,42,0.3125,0.421875,0.40816326530612246,1.0,4.778141021728516,0.9727448225021362
990,80,no_hr_loss,3,42,0.3515625,0.5,0.4042792792792793,1.0,3.99642014503479,0.9000017642974854
991,80,no_hr_loss,3,42,0.328125,0.453125,0.42857142857142855,1.0,4.749960422515869,0.9460045695304871
992,80,no_hr_loss,3,42,0.390625,0.5078125,0.4510357815442561,1.0,5.2647929191589355,0.9693464040756226
993,80,no_hr_loss,3,42,0.234375,0.3359375,0.367600422832981,1.0,5.36558723449707,0.991755485534668
994,80,no_hr_loss,3,42,0.3125,0.421875,0.39215686274509803,1.0,4.914478778839111,0.9885007739067078
995,80,no_hr_loss,3,42,0.3125,0.375,0.4166666666666667,1.0,5.686316967010498,1.1091110706329346
996,80,no_hr_loss,3,42,0.375,0.4140625,0.4703846153846154,1.0,4.971434593200684,0.8218963742256165
997,80,no_hr_loss,3,42,0.3359375,0.40625,0.47017189079878663,1.0,5.2735137939453125,1.049265742301941
998,80,no_hr_loss,3,42,0.4375,0.40625,0.509090909090909,1.0,3.2070717811584473,0.6695981025695801
999,80,no_hr_loss,3,42,0.328125,0.453125,0.40753968253968254,1.0,4.74012565612793,0.8178832530975342
0,120,no_hr_loss,3,42,0.296875,0.359375,0.38636363636363635,1.0,4.814814567565918,1.008095622062683
1,120,no_hr_loss,3,42,0.34375,0.453125,0.40425531914893614,1.0,3.731149435043335,0.7266095876693726
2,120,no_hr_loss,3,42,0.3828125,0.4765625,0.43961352657004826,1.0,4.9326348304748535,0.9013223052024841
3,120,no_hr_loss,3,42,0.3125,0.4765625,0.5128205128205128,1.0,2.690032958984375,0.7126671671867371
4,120,no_hr_loss,3,42,0.34375,0.46875,0.40425531914893614,1.0,3.4130725860595703,0.7593539357185364
5,120,no_hr_loss,3,42,0.4375,0.765625,0.5232638888888889,1.0,3.2657103538513184,0.6631465554237366
6,120,no_hr_loss,3,42,0.3359375,0.46875,0.5337837837837838,1.0,4.511773109436035,0.7939568161964417
7,120,no_hr_loss,3,42,0.265625,0.359375,0.39473684210526316,1.0,2.9280447959899902,0.5519469976425171
8,120,no_hr_loss,3,42,0.375,0.46875,0.40476190476190477,1.0,5.475598335266113,0.9714915752410889
9,120,no_hr_loss,3,42,0.375,0.484375,0.42105263157894735,1.0,3.619837760925293,0.8315531015396118
10,120,no_hr_loss,3,42,0.296875,0.375,0.43636363636363634,1.0,5.822348117828369,0.8849984407424927
11,120,no_hr_loss,3,42,0.328125,0.390625,0.41304347826086957,1.0,4.397017955780029,0.8746111989021301
12,120,no_hr_loss,3,42,0.390625,0.5078125,0.47887931034482756,1.0,3.364870071411133,0.7964298725128174
13,120,no_hr_loss,3,42,0.296875,0.421875,0.44505494505494503,1.0,4.436158657073975,0.9448016881942749
14,120,no_hr_loss,3,42,0.359375,0.46875,0.4518840579710145,1.0,3.594122886657715,0.8372967839241028
15,120,no_hr_loss,3,42,0.3203125,0.421875,0.410427807486631,1.0,3.518052816390991,0.6489864587783813
16,120,no_hr_loss,3,42,0.4375,0.546875,0.3684210526315789,1.0,4.88408088684082,0.8560270667076111
17,120,no_hr_loss,3,42,0.3671875,0.5234375,0.4446428571428571,1.0,4.764415264129639,0.9733494520187378
18,120,no_hr_loss,3,42,0.265625,0.4609375,0.3654024051803885,1.0,3.8099827766418457,0.7396307587623596
19,120,no_hr_loss,3,42,0.28125,0.453125,0.3695652173913043,1.0,5.3732709884643555,1.0243700742721558
20,120,no_hr_loss,3,42,0.3203125,0.4921875,0.3947833775419982,1.0,3.2670187950134277,0.6403131484985352
21,120,no_hr_loss,3,42,0.296875,0.453125,0.41818181818181815,1.0,2.9039571285247803,0.6017963290214539
22,120,no_hr_loss,3,42,0.390625,0.421875,0.43103448275862066,1.0,3.8407018184661865,0.7999939322471619
23,120,no_hr_loss,3,42,0.5625,0.484375,0.5061728395061729,1.0,3.5561728477478027,0.8032562136650085
24,120,no_hr_loss,3,42,0.328125,0.40625,0.4722222222222222,1.0,5.380748748779297,0.934644877910614
25,120,no_hr_loss,3,42,0.4296875,0.484375,0.5103021978021978,1.0,3.6205992698669434,0.6402496695518494
26,120,no_hr_loss,3,42,0.375,0.5390625,0.5176252319109462,1.0,3.6477415561676025,0.6549549698829651
27,120,no_hr_loss,3,42,0.265625,0.46875,0.38636363636363635,1.0,4.384255886077881,0.8057458996772766
28,120,no_hr_loss,3,42,0.3359375,0.390625,0.4302721088435374,1.0,3.6487975120544434,0.6790444850921631
29,120,no_hr_loss,3,42,0.2890625,0.3984375,0.4186046511627907,1.0,6.328049659729004,1.2283836603164673
30,120,no_hr_loss,3,42,0.4140625,0.4765625,0.447463768115942,1.0,3.4400291442871094,0.6744572520256042
31,120,no_hr_loss,3,42,0.4375,0.46875,0.44680851063829785,1.0,4.938045501708984,0.9601811170578003
32,120,no_hr_loss,3,42,0.5078125,0.5390625,0.5413605442176871,1.0,3.543208360671997,0.7276962399482727
33,120,no_hr_loss,3,42,0.34375,0.421875,0.4987987987987988,1.0,4.642578601837158,1.064397931098938
34,120,no_hr_loss,3,42,0.3203125,0.390625,0.42470355731225296,1.0,4.201431751251221,0.9682064056396484
35,120,no_hr_loss,3,42,0.328125,0.328125,0.3888888888888889,1.0,5.593905448913574,0.8511894345283508
36,120,no_hr_loss,3,42,0.3359375,0.4921875,0.4316801619433198,1.0,3.61944580078125,0.7597085237503052
37,120,no_hr_loss,3,42,0.3125,0.40625,0.43478260869565216,1.0,4.080538272857666,0.7714648246765137
38,120,no_hr_loss,3,42,0.3125,0.34375,0.44285714285714284,1.0,6.998064041137695,1.1192008256912231
39,120,no_hr_loss,3,42,0.28125,0.40625,0.3902439024390244,1.0,3.8332784175872803,0.6364056468009949
40,120,no_hr_loss,3,42,0.296875,0.4375,0.425531914893617,1.0,3.802638053894043,0.7688286304473877
41,120,no_hr_loss,3,42,0.34375,0.484375,0.5094339622641509,1.0,4.775863170623779,0.7525172233581543
42,120,no_hr_loss,3,42,0.28125,0.4375,0.40476190476190477,1.0,4.991593360900879,1.0100373029708862
43,120,no_hr_loss,3,42,0.3125,0.5,0.42274844720496896,1.0,5.337552070617676,1.0912599563598633
44,120,no_hr_loss,3,42,0.265625,0.34375,0.3958333333333333,1.0,3.8996973037719727,0.7874693274497986
45,120,no_hr_loss,3,42,0.359375,0.390625,0.5,1.0,4.043328285217285,0.8014474511146545
46,120,no_hr_loss,3,42,0.328125,0.4140625,0.42794970986460346,1.0,6.134404182434082,1.1030528545379639
47,120,no_hr_loss,3,42,0.3125,0.484375,0.37735849056603776,1.0,4.173348903656006,0.8941683173179626
48,120,no_hr_loss,3,42,0.328125,0.453125,0.40425531914893614,1.0,4.462406635284424,0.9090160131454468
49,120,no_hr_loss,3,42,0.328125,0.453125,0.4117647058823529,1.0,5.211818695068359,0.8749849200248718
50,120,no_hr_loss,3,42,0.3125,0.4609375,0.38888888888888884,1.0,2.3859100341796875,0.6198047995567322
51,120,no_hr_loss,3,42,0.3359375,0.4453125,0.42997198879551823,1.0,4.661477088928223,1.0031129121780396
52,120,no_hr_loss,3,42,0.3125,0.375,0.4489795918367347,1.0,3.2053961753845215,0.6149012446403503
53,120,no_hr_loss,3,42,0.5703125,0.4609375,0.5455128205128206,1.0,4.1617631912231445,0.8887984752655029
54,120,no_hr_loss,3,42,0.328125,0.4140625,0.4268707482993197,1.0,4.417214870452881,0.9198726415634155
55,120,no_hr_loss,3,42,0.34375,0.53125,0.36363636363636365,1.0,4.328819751739502,1.0557947158813477
56,120,no_hr_loss,3,42,0.375,0.4921875,0.48266351457840817,1.0,5.484615325927734,1.050331473350525
57,120,no_hr_loss,3,42,0.328125,0.390625,0.4090909090909091,1.0,4.142205238342285,1.0401418209075928
58,120,no_hr_loss,3,42,0.359375,0.4921875,0.35901027077497666,1.0,3.3925113677978516,0.7585428357124329
59,120,no_hr_loss,3,42,0.34375,0.4375,0.44680851063829785,1.0,4.09325647354126,0.6556243300437927
60,120,no_hr_loss,3,42,0.34375,0.4921875,0.4340425531914894,1.0,3.3436732292175293,0.6971887946128845
61,120,no_hr_loss,3,42,0.359375,0.34375,0.45098039215686275,1.0,5.9301557540893555,1.170902967453003
62,120,no_hr_loss,3,42,0.296875,0.40625,0.41565040650406504,1.0,3.8780932426452637,0.7359890341758728
63,120,no_hr_loss,3,42,0.453125,0.5625,0.48333333333333334,1.0,3.441758871078491,0.6725614666938782
64,120,no_hr_loss,3,42,0.3515625,0.3828125,0.5053191489361701,1.0,3.6447794437408447,0.6996635794639587
65,120,no_hr_loss,3,42,0.296875,0.390625,0.4166666666666667,1.0,4.251352310180664,0.83986496925354
66,120,no_hr_loss,3,42,0.34375,0.3125,0.475,1.0,4.713866710662842,0.8592501878738403
67,120,no_hr_loss,3,42,0.34375,0.453125,0.3939393939393939,1.0,2.8715972900390625,0.6323126554489136
68,120,no_hr_loss,3,42,0.5546875,0.4765625,0.5731707317073171,1.0,4.034741401672363,0.8843242526054382
69,120,no_hr_loss,3,42,0.34375,0.359375,0.4666666666666667,1.0,4.945522785186768,0.7953643202781677
70,120,no_hr_loss,3,42,0.28125,0.3125,0.46256684491978606,1.0,4.690090179443359,1.0113165378570557
71,120,no_hr_loss,3,42,0.6328125,0.796875,0.5322783672001439,1.0,3.61508846282959,0.6787976026535034
72,120,no_hr_loss,3,42,0.296875,0.40625,0.45454545454545453,1.0,6.032865524291992,1.1931824684143066
73,120,no_hr_loss,3,42,0.40625,0.515625,0.34615384615384615,1.0,4.2027130126953125,0.9278294444084167
74,120,no_hr_loss,3,42,0.3125,0.390625,0.46,1.0,4.131024360656738,0.8417158126831055
75,120,no_hr_loss,3,42,0.375,0.453125,0.42857142857142855,1.0,4.684164047241211,0.9051532745361328
76,120,no_hr_loss,3,42,0.3515625,0.40625,0.4787234042553191,1.0,4.879741191864014,0.7612074613571167
77,120,no_hr_loss,3,42,0.328125,0.390625,0.49019607843137253,1.0,4.675217628479004,0.9208717346191406
78,120,no_hr_loss,3,42,0.34375,0.390625,0.59375,1.0,3.5357255935668945,0.7009211182594299
79,120,no_hr_loss,3,42,0.296875,0.40625,0.3877551020408163,1.0,4.908969879150391,1.0971157550811768
80,120,no_hr_loss,3,42,0.296875,0.390625,0.45454545454545453,1.0,3.522756338119507,0.6824397444725037
81,120,no_hr_loss,3,42,0.3046875,0.4609375,0.42940038684719534,1.0,3.2688679695129395,0.6244736313819885
82,120,no_hr_loss,3,42,0.34375,0.5,0.4230769230769231,1.0,3.787628173828125,0.7639413475990295
83,120,no_hr_loss,3,42,0.3515625,0.4296875,0.41080822572931613,1.0,4.890839576721191,1.0305395126342773
84,120,no_hr_loss,3,42,0.28125,0.453125,0.44,1.0,2.6776819229125977,0.5290131568908691
85,120,no_hr_loss,3,42,0.3125,0.40625,0.45454545454545453,1.0,3.3673806190490723,0.635748565196991
86,120,no_hr_loss,3,42,0.375,0.46875,0.43636363636363634,1.0,6.586621284484863,1.201325535774231
87,120,no_hr_loss,3,42,0.3125,0.453125,0.40425531914893614,1.0,4.065062046051025,0.8480249047279358
88,120,no_hr_loss,3,42,0.375,0.4921875,0.43800322061191627,1.0,2.874088764190674,0.5646958947181702
89,120,no_hr_loss,3,42,0.3125,0.40625,0.40816326530612246,1.0,5.738173484802246,0.9721940159797668
90,120,no_hr_loss,3,42,0.296875,0.40625,0.40944473274519977,1.0,2.563779354095459,0.4583372175693512
91,120,no_hr_loss,3,42,0.296875,0.40625,0.3958333333333333,1.0,3.311150550842285,0.7568836808204651
92,120,no_hr_loss,3,42,0.296875,0.421875,0.4222222222222222,1.0,5.19777250289917,0.8777746558189392
93,120,no_hr_loss,3,42,0.4375,0.5078125,0.5202702702702703,1.0,3.4564571380615234,0.7093615531921387
94,120,no_hr_loss,3,42,0.4296875,0.4765625,0.5045454545454545,1.0,5.2152605056762695,0.9287078976631165
95,120,no_hr_loss,3,42,0.359375,0.484375,0.46938775510204084,1.0,6.456218719482422,1.078020691871643
96,120,no_hr_loss,3,42,0.265625,0.453125,0.4528301886792453,1.0,6.845270156860352,1.205335021018982
97,120,no_hr_loss,3,42,0.265625,0.4140625,0.3806818181818182,1.0,3.664963722229004,0.8057940602302551
98,120,no_hr_loss,3,42,0.375,0.53125,0.39473684210526316,1.0,4.792061805725098,0.8208751082420349
99,120,no_hr_loss,3,42,0.375,0.453125,0.5076923076923077,1.0,4.347848892211914,0.9305452108383179
100,120,no_hr_loss,3,42,0.2734375,0.3828125,0.3907741251325557,1.0,3.699437379837036,0.7929491996765137
101,120,no_hr_loss,3,42,0.3125,0.5,0.43478260869565216,1.0,3.1820361614227295,0.7911224961280823
102,120,no_hr_loss,3,42,0.2890625,0.4765625,0.3979166666666667,1.0,3.180868625640869,0.6528152823448181
103,120,no_hr_loss,3,42,0.4140625,0.4140625,0.47224880382775114,1.0,2.7690317630767822,0.5860525965690613
104,120,no_hr_loss,3,42,0.3203125,0.4375,0.4542635658914729,1.0,3.4371461868286133,0.7225844860076904
105,120,no_hr_loss,3,42,0.34375,0.375,0.45041816009557945,1.0,4.288742542266846,0.7611648440361023
106,120,no_hr_loss,3,42,0.359375,0.515625,0.4423076923076923,1.0,3.838707447052002,0.834526538848877
107,120,no_hr_loss,3,42,0.296875,0.4140625,0.4560092006900518,1.0,4.602129936218262,0.8488973379135132
108,120,no_hr_loss,3,42,0.375,0.421875,0.4613526570048309,1.0,4.405943870544434,0.8392828702926636
109,120,no_hr_loss,3,42,0.3984375,0.4375,0.5092879256965944,1.0,6.849099159240723,1.4013628959655762
110,120,no_hr_loss,3,42,0.46875,0.4375,0.45454545454545453,1.0,4.002316474914551,0.685405433177948
111,120,no_hr_loss,3,42,0.515625,0.65625,0.4838709677419355,1.0,3.453558921813965,0.6700912714004517
112,120,no_hr_loss,3,42,0.2890625,0.3828125,0.37796442687747034,1.0,4.215028762817383,0.8413420915603638
113,120,no_hr_loss,3,42,0.28125,0.375,0.4403846153846154,1.0,7.75262451171875,1.0882022380828857
114,120,no_hr_loss,3,42,0.34375,0.515625,0.4222222222222222,1.0,4.34913444519043,0.7988542914390564
115,120,no_hr_loss,3,42,0.296875,0.453125,0.3958333333333333,1.0,3.6793127059936523,0.7704697251319885
116,120,no_hr_loss,3,42,0.34375,0.484375,0.46808510638297873,1.0,4.818361282348633,0.7588518857955933
117,120,no_hr_loss,3,42,0.2890625,0.4921875,0.35774410774410775,1.0,3.347820281982422,0.7058001160621643
118,120,no_hr_loss,3,42,0.3125,0.328125,0.45454545454545453,1.0,4.104291915893555,0.8329814076423645
119,120,no_hr_loss,3,42,0.2734375,0.4140625,0.4174288617886179,1.0,2.9085843563079834,0.6547467112541199
120,120,no_hr_loss,3,42,0.359375,0.453125,0.5238095238095238,1.0,3.4527740478515625,0.7393544912338257
121,120,no_hr_loss,3,42,0.3671875,0.4296875,0.5014376078205866,1.0,6.658790588378906,1.308761477470398
122,120,no_hr_loss,3,42,0.296875,0.34375,0.4221835075493612,1.0,3.2341275215148926,0.7242372035980225
123,120,no_hr_loss,3,42,0.296875,0.484375,0.4418604651162791,1.0,4.070188522338867,0.7356988787651062
124,120,no_hr_loss,3,42,0.265625,0.375,0.48148148148148145,1.0,3.1260528564453125,0.7269732356071472
125,120,no_hr_loss,3,42,0.296875,0.34375,0.4222222222222222,1.0,3.9720442295074463,0.6252979040145874
126,120,no_hr_loss,3,42,0.3125,0.5,0.3695652173913043,1.0,3.4301693439483643,0.7174289226531982
127,120,no_hr_loss,3,42,0.3125,0.421875,0.3638095238095238,1.0,2.790567398071289,0.5056585669517517
128,120,no_hr_loss,3,42,0.2890625,0.421875,0.44157951676884244,1.0,3.3827760219573975,0.7499213218688965
129,120,no_hr_loss,3,42,0.40625,0.453125,0.38461538461538464,1.0,4.231606960296631,0.8273988366127014
130,120,no_hr_loss,3,42,0.359375,0.4375,0.4774250440917107,1.0,3.975710868835449,0.6564425230026245
131,120,no_hr_loss,3,42,0.328125,0.4453125,0.4431818181818182,1.0,4.380418300628662,0.83302903175354
132,120,no_hr_loss,3,42,0.5703125,0.6796875,0.5225392886683209,1.0,3.7229185104370117,0.8404775857925415
133,120,no_hr_loss,3,42,0.3203125,0.4609375,0.39456159822419534,1.0,4.1526079177856445,0.9025645852088928
134,120,no_hr_loss,3,42,0.3671875,0.4609375,0.41124807395993834,1.0,5.464757442474365,0.9066521525382996
135,120,no_hr_loss,3,42,0.34375,0.53125,0.4,1.0,4.116715431213379,0.8152756690979004
136,120,no_hr_loss,3,42,0.28125,0.359375,0.35714285714285715,1.0,3.955111503601074,0.8356173038482666
137,120,no_hr_loss,3,42,0.328125,0.453125,0.425,1.0,3.747164249420166,0.8938687443733215
138,120,no_hr_loss,3,42,0.390625,0.5625,0.48,1.0,3.229565143585205,0.8083449006080627
139,120,no_hr_loss,3,42,0.3671875,0.546875,0.36795994993742176,1.0,3.8148508071899414,0.7962079644203186
140,120,no_hr_loss,3,42,0.3359375,0.40625,0.5174418604651163,1.0,3.3120546340942383,0.6828171014785767
141,120,no_hr_loss,3,42,0.4375,0.5078125,0.454051906779661,1.0,3.4856443405151367,0.6869046688079834
142,120,no_hr_loss,3,42,0.328125,0.46875,0.45098039215686275,1.0,3.857633113861084,0.6731371283531189
143,120,no_hr_loss,3,42,0.3359375,0.4140625,0.42512820512820515,1.0,4.063143730163574,0.8164308071136475
144,120,no_hr_loss,3,42,0.375,0.390625,0.39473684210526316,1.0,3.7397379875183105,0.7441110610961914
145,120,no_hr_loss,3,42,0.375,0.4140625,0.5294540229885057,1.0,6.370336532592773,1.0075913667678833
146,120,no_hr_loss,3,42,0.3515625,0.3828125,0.45276292335115864,1.0,6.31978702545166,0.93220454454422
147,120,no_hr_loss,3,42,0.3828125,0.4921875,0.4690915300546448,1.0,4.712042808532715,0.8937762379646301
148,120,no_hr_loss,3,42,0.3359375,0.4375,0.4583780880773362,1.0,5.619274139404297,0.8965856432914734
149,120,no_hr_loss,3,42,0.390625,0.421875,0.43478260869565216,1.0,4.253541946411133,0.798020601272583
150,120,no_hr_loss,3,42,0.3125,0.4375,0.43478260869565216,1.0,3.7168121337890625,0.7702417969703674
151,120,no_hr_loss,3,42,0.3125,0.53125,0.37209302325581395,1.0,4.472423553466797,0.808039665222168
152,120,no_hr_loss,3,42,0.4453125,0.5234375,0.48771929824561405,1.0,4.834694862365723,0.9325739741325378
153,120,no_hr_loss,3,42,0.328125,0.546875,0.38181818181818183,1.0,4.136096954345703,0.7648499011993408
154,120,no_hr_loss,3,42,0.34375,0.53125,0.42105263157894735,1.0,3.600689649581909,0.791140079498291
155,120,no_hr_loss,3,42,0.3046875,0.3984375,0.39592933947772657,1.0,3.3666608333587646,0.6892223954200745
156,120,no_hr_loss,3,42,0.390625,0.546875,0.43243243243243246,1.0,4.449878692626953,0.8339883089065552
157,120,no_hr_loss,3,42,0.3046875,0.4140625,0.45951536643026003,1.0,5.224245071411133,0.9901478886604309
158,120,no_hr_loss,3,42,0.296875,0.40625,0.45652173913043476,1.0,5.178548812866211,1.107055425643921
159,120,no_hr_loss,3,42,0.4140625,0.484375,0.49245283018867925,1.0,3.4295554161071777,0.6322801113128662
160,120,no_hr_loss,3,42,0.328125,0.578125,0.3018987341772152,1.0,6.619585037231445,0.919694721698761
161,120,no_hr_loss,3,42,0.265625,0.5,0.4146341463414634,1.0,3.8106398582458496,0.9028477668762207
162,120,no_hr_loss,3,42,0.3359375,0.40625,0.4253968253968254,1.0,6.255212783813477,1.0655615329742432
163,120,no_hr_loss,3,42,0.359375,0.546875,0.43548387096774194,1.0,4.515298843383789,0.9579734802246094
164,120,no_hr_loss,3,42,0.28125,0.375,0.4090909090909091,1.0,4.536782264709473,0.8609852194786072
165,120,no_hr_loss,3,42,0.2890625,0.4609375,0.408955223880597,1.0,3.0251073837280273,0.6347700953483582
166,120,no_hr_loss,3,42,0.34375,0.359375,0.4489795918367347,1.0,2.998079776763916,0.5651617050170898
167,120,no_hr_loss,3,42,0.28125,0.40625,0.4423076923076923,1.0,3.1805026531219482,0.6676763892173767
168,120,no_hr_loss,3,42,0.453125,0.4609375,0.4310640732265446,1.0,5.480523586273193,1.218824863433838
169,120,no_hr_loss,3,42,0.65625,0.640625,0.5441176470588235,1.0,2.9752540588378906,0.611206591129303
170,120,no_hr_loss,3,42,0.296875,0.484375,0.41304347826086957,1.0,4.410562515258789,0.837523341178894
171,120,no_hr_loss,3,42,0.3125,0.375,0.45355474831344056,1.0,6.962108135223389,1.3441039323806763
172,120,no_hr_loss,3,42,0.265625,0.375,0.425,1.0,5.4781599044799805,1.2786647081375122
173,120,no_hr_loss,3,42,0.390625,0.46875,0.4795081967213115,1.0,2.614380359649658,0.547917366027832
174,120,no_hr_loss,3,42,0.328125,0.46875,0.42857142857142855,1.0,3.729060649871826,0.7469010949134827
175,120,no_hr_loss,3,42,0.4296875,0.5625,0.4328651685393259,1.0,4.4471635818481445,0.9423050284385681
176,120,no_hr_loss,3,42,0.359375,0.375,0.4307692307692308,1.0,4.0185933113098145,0.7996552586555481
177,120,no_hr_loss,3,42,0.265625,0.421875,0.38636363636363635,1.0,3.670412540435791,0.6541062593460083
178,120,no_hr_loss,3,42,0.28125,0.375,0.43243243243243246,1.0,5.594688415527344,0.9043359756469727
179,120,no_hr_loss,3,42,0.3125,0.578125,0.4358974358974359,1.0,4.880366325378418,1.0135096311569214
180,120,no_hr_loss,3,42,0.3125,0.390625,0.4058700209643606,1.0,3.848602771759033,0.7823111414909363
181,120,no_hr_loss,3,42,0.2734375,0.4140625,0.399624765478424,1.0,4.866685390472412,0.92057865858078
182,120,no_hr_loss,3,42,0.328125,0.453125,0.4339622641509434,1.0,4.43827486038208,0.882361650466919
183,120,no_hr_loss,3,42,0.3359375,0.421875,0.44562647754137114,1.0,4.533623695373535,0.855941116809845
184,120,no_hr_loss,3,42,0.3125,0.4296875,0.4477941176470588,1.0,6.974551200866699,1.210913062095642
185,120,no_hr_loss,3,42,0.484375,0.6015625,0.5447713463383435,1.0,5.414122104644775,0.9904207587242126
186,120,no_hr_loss,3,42,0.34375,0.484375,0.46808510638297873,1.0,4.926093101501465,1.0565303564071655
187,120,no_hr_loss,3,42,0.4296875,0.5625,0.4758454106280193,1.0,3.1404716968536377,0.6950863599777222
188,120,no_hr_loss,3,42,0.359375,0.40625,0.39436619718309857,1.0,4.471377372741699,0.9521400928497314
189,120,no_hr_loss,3,42,0.28125,0.3359375,0.4232261640798226,1.0,3.6177313327789307,0.7914160490036011
190,120,no_hr_loss,3,42,0.3515625,0.46875,0.4004934210526316,1.0,4.044205665588379,0.7920008897781372
191,120,no_hr_loss,3,42,0.796875,0.390625,0.5730337078651685,1.0,4.1355438232421875,0.8063368797302246
192,120,no_hr_loss,3,42,0.28125,0.46875,0.47368421052631576,1.0,2.9176840782165527,0.6307030916213989
193,120,no_hr_loss,3,42,0.375,0.390625,0.48,1.0,4.3317060470581055,0.9338799118995667
194,120,no_hr_loss,3,42,0.3515625,0.421875,0.45168067226890757,1.0,4.332904815673828,0.9075352549552917
195,120,no_hr_loss,3,42,0.28125,0.359375,0.3988294314381271,1.0,4.321469306945801,0.6872912645339966
196,120,no_hr_loss,3,42,0.4296875,0.4765625,0.4188453159041394,1.0,3.179035186767578,0.6494706273078918
197,120,no_hr_loss,3,42,0.21875,0.359375,0.34146341463414637,1.0,5.988637924194336,1.2073875665664673
198,120,no_hr_loss,3,42,0.375,0.484375,0.4528301886792453,1.0,4.636483192443848,0.9934882521629333
199,120,no_hr_loss,3,42,0.3125,0.421875,0.37777777777777777,1.0,4.4472126960754395,0.8879221677780151
200,120,no_hr_loss,3,42,0.6640625,0.71875,0.5417564208782104,1.0,5.275181770324707,1.035279631614685
201,120,no_hr_loss,3,42,0.2890625,0.3828125,0.37493540051679586,1.0,4.204971790313721,0.8710564970970154
202,120,no_hr_loss,3,42,0.328125,0.5,0.43137254901960786,1.0,5.874078750610352,0.9251603484153748
203,120,no_hr_loss,3,42,0.25,0.375,0.41025641025641024,1.0,3.950854778289795,0.7424099445343018
204,120,no_hr_loss,3,42,0.4296875,0.4453125,0.39861111111111114,1.0,3.841945171356201,0.773779571056366
205,120,no_hr_loss,3,42,0.3359375,0.46875,0.44846261355695316,1.0,4.449194431304932,0.8480227589607239
206,120,no_hr_loss,3,42,0.390625,0.421875,0.46511627906976744,1.0,3.157595157623291,0.557241678237915
207,120,no_hr_loss,3,42,0.34375,0.484375,0.35238095238095235,1.0,3.532756805419922,0.712622880935669
208,120,no_hr_loss,3,42,0.296875,0.453125,0.36363636363636365,1.0,4.72186279296875,0.929060161113739
209,120,no_hr_loss,3,42,0.390625,0.40625,0.5106382978723404,1.0,5.015707492828369,0.8835635185241699
210,120,no_hr_loss,3,42,0.3203125,0.4375,0.42083333333333334,1.0,3.612032651901245,0.7902960777282715
211,120,no_hr_loss,3,42,0.328125,0.4765625,0.457002457002457,1.0,4.739839553833008,1.0099842548370361
212,120,no_hr_loss,3,42,0.375,0.453125,0.47058823529411764,1.0,3.4261136054992676,0.7092435956001282
213,120,no_hr_loss,3,42,0.3125,0.421875,0.4402228976697061,1.0,3.1544301509857178,0.6407000422477722
214,120,no_hr_loss,3,42,0.375,0.390625,0.4897959183673469,1.0,3.9606285095214844,0.766991138458252
215,120,no_hr_loss,3,42,0.28125,0.40625,0.4186046511627907,1.0,4.635324954986572,0.9317319393157959
216,120,no_hr_loss,3,42,0.296875,0.3515625,0.4825581395348837,1.0,4.167390823364258,0.8364577293395996
217,120,no_hr_loss,3,42,0.28125,0.453125,0.391016548463357,1.0,3.079986810684204,0.6475189924240112
218,120,no_hr_loss,3,42,0.421875,0.578125,0.4605263157894737,1.0,4.331396102905273,0.738936185836792
219,120,no_hr_loss,3,42,0.28125,0.34375,0.4186046511627907,1.0,5.367765426635742,0.9439499378204346
220,120,no_hr_loss,3,42,0.265625,0.40625,0.4065934065934066,1.0,3.6471567153930664,0.7350023984909058
221,120,no_hr_loss,3,42,0.53125,0.484375,0.42592592592592593,1.0,4.482877731323242,0.9325595498085022
222,120,no_hr_loss,3,42,0.296875,0.4375,0.425531914893617,1.0,2.294468402862549,0.559484601020813
223,120,no_hr_loss,3,42,0.5,0.5859375,0.40757870821161957,1.0,3.5246007442474365,0.8541443347930908
224,120,no_hr_loss,3,42,0.3125,0.375,0.42857142857142855,1.0,3.6105358600616455,0.7444506287574768
225,120,no_hr_loss,3,42,0.328125,0.390625,0.46808510638297873,1.0,4.679620265960693,0.9095715880393982
226,120,no_hr_loss,3,42,0.484375,0.578125,0.46,1.0,3.473071575164795,0.6454480886459351
227,120,no_hr_loss,3,42,0.3125,0.328125,0.4571975131516021,1.0,7.674925804138184,1.199733018875122
228,120,no_hr_loss,3,42,0.3125,0.375,0.46875,1.0,5.341280937194824,1.0111606121063232
229,120,no_hr_loss,3,42,0.390625,0.484375,0.45576271186440676,1.0,2.5193238258361816,0.6090754270553589
230,120,no_hr_loss,3,42,0.3984375,0.5078125,0.5303951367781155,1.0,4.447295188903809,0.9137488603591919
231,120,no_hr_loss,3,42,0.3515625,0.5546875,0.35984848484848486,1.0,3.39043927192688,0.7083394527435303
232,120,no_hr_loss,3,42,0.3125,0.359375,0.4375,1.0,4.183653354644775,0.8500515818595886
233,120,no_hr_loss,3,42,0.421875,0.515625,0.5092592592592593,1.0,3.4070677757263184,0.7654898166656494
234,120,no_hr_loss,3,42,0.3203125,0.4140625,0.5595238095238095,1.0,3.801950454711914,0.7712662220001221
235,120,no_hr_loss,3,42,0.265625,0.390625,0.40425531914893614,1.0,5.146273136138916,0.9137048721313477
236,120,no_hr_loss,3,42,0.390625,0.5,0.4406779661016949,1.0,3.808779716491699,0.898168683052063
237,120,no_hr_loss,3,42,0.34375,0.5,0.4444444444444444,1.0,3.807509422302246,0.7509436011314392
238,120,no_hr_loss,3,42,0.359375,0.4375,0.4883720930232558,1.0,5.528076171875,1.0148286819458008
239,120,no_hr_loss,3,42,0.3125,0.390625,0.4504901960784314,1.0,5.0508952140808105,1.014345645904541
240,120,no_hr_loss,3,42,0.328125,0.4375,0.42,1.0,3.2150607109069824,0.7065768241882324
241,120,no_hr_loss,3,42,0.421875,0.4765625,0.491156462585034,1.0,4.567156791687012,0.8479584455490112
242,120,no_hr_loss,3,42,0.375,0.6875,0.38333333333333336,1.0,4.710857391357422,0.9115424156188965
243,120,no_hr_loss,3,42,0.3515625,0.4765625,0.39285714285714285,1.0,3.744795799255371,0.6981925964355469
244,120,no_hr_loss,3,42,0.3125,0.390625,0.45454545454545453,1.0,4.877142429351807,0.8763980269432068
245,120,no_hr_loss,3,42,0.625,0.6875,0.6027742749054225,1.0,6.197880744934082,1.0403785705566406
246,120,no_hr_loss,3,42,0.375,0.5,0.42105263157894735,1.0,4.004266738891602,0.858736515045166
247,120,no_hr_loss,3,42,0.3203125,0.421875,0.42951775304716483,1.0,4.348044395446777,0.8589887022972107
248,120,no_hr_loss,3,42,0.375,0.4296875,0.5113636363636364,1.0,3.748009443283081,0.7854573726654053
249,120,no_hr_loss,3,42,0.359375,0.546875,0.42105263157894735,1.0,3.9578630924224854,0.5861648917198181
250,120,no_hr_loss,3,42,0.375,0.46875,0.3829787234042553,1.0,5.001712322235107,1.0151019096374512
251,120,no_hr_loss,3,42,0.3203125,0.4453125,0.39311424100156495,1.0,4.422323703765869,0.8919704556465149
252,120,no_hr_loss,3,42,0.328125,0.4375,0.4230769230769231,1.0,4.382869720458984,0.8843966126441956
253,120,no_hr_loss,3,42,0.4375,0.46875,0.5384615384615384,1.0,3.718863010406494,0.7710009813308716
254,120,no_hr_loss,3,42,0.296875,0.40625,0.40523373983739835,1.0,4.03770112991333,0.8782066106796265
255,120,no_hr_loss,3,42,0.28125,0.359375,0.425,1.0,5.417074203491211,0.9874376058578491
256,120,no_hr_loss,3,42,0.3203125,0.40625,0.45067698259187616,1.0,3.9351248741149902,0.9307557940483093
257,120,no_hr_loss,3,42,0.296875,0.453125,0.3958333333333333,1.0,4.4325785636901855,0.8444291949272156
258,120,no_hr_loss,3,42,0.265625,0.375,0.38636363636363635,1.0,3.63373064994812,0.7465693354606628
259,120,no_hr_loss,3,42,0.2890625,0.421875,0.4154163540885221,1.0,3.4214553833007812,0.7303221821784973
260,120,no_hr_loss,3,42,0.3203125,0.40625,0.4226190476190476,1.0,5.158249855041504,1.109054684638977
261,120,no_hr_loss,3,42,0.46875,0.4375,0.5272727272727272,1.0,5.098023414611816,1.076799988746643
262,120,no_hr_loss,3,42,0.328125,0.40625,0.5166666666666667,1.0,4.245527267456055,0.9310059547424316
263,120,no_hr_loss,3,42,0.328125,0.4375,0.46153846153846156,1.0,4.057277679443359,0.8587427735328674
264,120,no_hr_loss,3,42,0.40625,0.484375,0.5,1.0,4.77000617980957,0.7663847208023071
265,120,no_hr_loss,3,42,0.3515625,0.5703125,0.44301327088212333,1.0,3.1085915565490723,0.7756305932998657
266,120,no_hr_loss,3,42,0.375,0.46875,0.4791666666666667,1.0,5.418074607849121,1.1080784797668457
267,120,no_hr_loss,3,42,0.3125,0.421875,0.3953488372093023,1.0,3.322093963623047,0.7105967998504639
268,120,no_hr_loss,3,42,0.359375,0.4140625,0.4365217391304348,1.0,3.1476898193359375,0.760888397693634
269,120,no_hr_loss,3,42,0.3671875,0.4375,0.4971413721413721,1.0,4.4360456466674805,0.8452452421188354
270,120,no_hr_loss,3,42,0.328125,0.4375,0.4368393234672304,1.0,5.675421714782715,1.0064867734909058
271,120,no_hr_loss,3,42,0.25,0.3671875,0.3633540372670807,1.0,5.167690277099609,1.0352376699447632
272,120,no_hr_loss,3,42,0.3203125,0.3828125,0.4137590520079,1.0,4.34735107421875,0.7412736415863037
273,120,no_hr_loss,3,42,0.3984375,0.53125,0.5548780487804879,1.0,2.3608570098876953,0.5201883316040039
274,120,no_hr_loss,3,42,0.3125,0.40625,0.42857142857142855,1.0,2.939817190170288,0.6927885413169861
275,120,no_hr_loss,3,42,0.296875,0.4453125,0.39327082184225043,1.0,4.449923038482666,0.7222194075584412
276,120,no_hr_loss,3,42,0.390625,0.484375,0.4653679653679653,1.0,2.9642117023468018,0.6485779285430908
277,120,no_hr_loss,3,42,0.328125,0.421875,0.4074074074074074,1.0,3.08457088470459,0.7240711450576782
278,120,no_hr_loss,3,42,0.265625,0.328125,0.4146341463414634,1.0,2.379723072052002,0.4815535843372345
279,120,no_hr_loss,3,42,0.265625,0.375,0.4318181818181818,1.0,6.2729339599609375,0.9471606016159058
280,120,no_hr_loss,3,42,0.359375,0.515625,0.3333333333333333,1.0,3.7069578170776367,0.8229271769523621
281,120,no_hr_loss,3,42,0.359375,0.390625,0.46958333333333335,1.0,4.606268405914307,0.7713083028793335
282,120,no_hr_loss,3,42,0.3203125,0.4140625,0.43977272727272726,1.0,3.7342934608459473,0.6750844120979309
283,120,no_hr_loss,3,42,0.296875,0.390625,0.4318181818181818,1.0,5.629108428955078,1.11093008518219
284,120,no_hr_loss,3,42,0.421875,0.5234375,0.42254901960784313,1.0,5.76716423034668,1.0324374437332153
285,120,no_hr_loss,3,42,0.3515625,0.5,0.4399306892568348,1.0,3.9860215187072754,0.7244763374328613
286,120,no_hr_loss,3,42,0.5,0.5,0.44155844155844154,1.0,2.7973952293395996,0.6502623558044434
287,120,no_hr_loss,3,42,0.3828125,0.375,0.48156565656565653,1.0,4.88321590423584,0.8830853700637817
288,120,no_hr_loss,3,42,0.25,0.421875,0.38095238095238093,1.0,4.536226272583008,0.8107069730758667
289,120,no_hr_loss,3,42,0.3515625,0.4921875,0.4051409618573798,1.0,4.337066650390625,0.886915922164917
290,120,no_hr_loss,3,42,0.375,0.421875,0.4716981132075472,1.0,4.221663951873779,0.9485735893249512
291,120,no_hr_loss,3,42,0.328125,0.390625,0.44680851063829785,1.0,4.511689186096191,0.9739667773246765
292,120,no_hr_loss,3,42,0.328125,0.4140625,0.4253246753246753,1.0,5.042998313903809,0.9645196199417114
293,120,no_hr_loss,3,42,0.2890625,0.40625,0.3956521739130435,1.0,2.3317079544067383,0.553120493888855
294,120,no_hr_loss,3,42,0.34375,0.4609375,0.4634042553191489,1.0,4.978411674499512,1.0250402688980103
295,120,no_hr_loss,3,42,0.3125,0.4375,0.4339622641509434,1.0,4.709689140319824,1.0449678897857666
296,120,no_hr_loss,3,42,0.328125,0.34375,0.42857142857142855,1.0,5.872220039367676,1.0188411474227905
297,120,no_hr_loss,3,42,0.390625,0.4375,0.3953488372093023,1.0,3.705796003341675,0.8134433627128601
298,120,no_hr_loss,3,42,0.4375,0.640625,0.5283018867924528,1.0,2.990147113800049,0.6609498858451843
299,120,no_hr_loss,3,42,0.3125,0.453125,0.375,1.0,3.559199810028076,0.7658888697624207
300,120,no_hr_loss,3,42,0.359375,0.390625,0.49206349206349204,1.0,5.3331403732299805,1.0459506511688232
301,120,no_hr_loss,3,42,0.25,0.375,0.44,1.0,6.954104423522949,1.213685154914856
302,120,no_hr_loss,3,42,0.3125,0.40625,0.4318181818181818,1.0,3.8735458850860596,0.9029363393783569
303,120,no_hr_loss,3,42,0.453125,0.4453125,0.4328767123287671,1.0,5.5582122802734375,1.038679599761963
304,120,no_hr_loss,3,42,0.3203125,0.359375,0.4451536643026005,1.0,5.3504509925842285,0.9900087118148804
305,120,no_hr_loss,3,42,0.3359375,0.421875,0.48914728682170544,1.0,3.1416096687316895,0.6134065389633179
306,120,no_hr_loss,3,42,0.515625,0.4765625,0.4679411764705882,1.0,3.440702438354492,0.6885607838630676
307,120,no_hr_loss,3,42,0.59375,0.640625,0.4485981308411215,1.0,2.949878692626953,0.5724712014198303
308,120,no_hr_loss,3,42,0.265625,0.4140625,0.38885088919288646,1.0,3.399904489517212,0.7303243279457092
309,120,no_hr_loss,3,42,0.3203125,0.4375,0.45562310030395137,1.0,4.281316757202148,0.9150089621543884
310,120,no_hr_loss,3,42,0.53125,0.65625,0.45901639344262296,1.0,4.1200690269470215,0.7899410724639893
311,120,no_hr_loss,3,42,0.2890625,0.390625,0.3811965811965812,1.0,4.607552528381348,0.72524094581604
312,120,no_hr_loss,3,42,0.3125,0.40625,0.4444444444444444,1.0,4.197749614715576,0.8748819231987
313,120,no_hr_loss,3,42,0.40625,0.53125,0.43478260869565216,1.0,6.194345951080322,1.0288300514221191
314,120,no_hr_loss,3,42,0.296875,0.3984375,0.3743872549019608,1.0,3.6591405868530273,0.851140558719635
315,120,no_hr_loss,3,42,0.28125,0.4375,0.38742964352720455,1.0,4.95612907409668,1.1223493814468384
316,120,no_hr_loss,3,42,0.34375,0.359375,0.5,1.0,3.521487236022949,0.7418924570083618
317,120,no_hr_loss,3,42,0.3125,0.421875,0.4492753623188406,1.0,5.242425918579102,1.0200660228729248
318,120,no_hr_loss,3,42,0.296875,0.375,0.4897959183673469,1.0,5.9896345138549805,1.0741076469421387
319,120,no_hr_loss,3,42,0.34375,0.4453125,0.42549889135254987,1.0,6.766345977783203,0.9557984471321106
320,120,no_hr_loss,3,42,0.328125,0.375,0.4253968253968254,1.0,4.169412612915039,0.7985175251960754
321,120,no_hr_loss,3,42,0.390625,0.53125,0.3333333333333333,1.0,7.459245204925537,1.249304175376892
322,120,no_hr_loss,3,42,0.40625,0.4765625,0.5006186204763378,1.0,4.36653995513916,0.9077324867248535
323,120,no_hr_loss,3,42,0.484375,0.65625,0.43103448275862066,1.0,5.418379783630371,1.0889549255371094
324,120,no_hr_loss,3,42,0.40625,0.5,0.47058823529411764,1.0,4.158779144287109,0.710377037525177
325,120,no_hr_loss,3,42,0.28125,0.5625,0.43902439024390244,1.0,3.4844603538513184,0.6927489042282104
326,120,no_hr_loss,3,42,0.34375,0.421875,0.45918367346938777,1.0,6.787395477294922,1.2338366508483887
327,120,no_hr_loss,3,42,0.3125,0.3515625,0.445,1.0,3.266587734222412,0.738726794719696
328,120,no_hr_loss,3,42,0.375,0.375,0.46153846153846156,1.0,6.2328596115112305,1.1181615591049194
329,120,no_hr_loss,3,42,0.28125,0.421875,0.45161290322580644,1.0,4.001621723175049,0.7632282972335815
330,120,no_hr_loss,3,42,0.34375,0.390625,0.4444444444444444,1.0,5.535866737365723,1.198381781578064
331,120,no_hr_loss,3,42,0.296875,0.4375,0.4076388888888889,1.0,3.195044994354248,0.7460412383079529
332,120,no_hr_loss,3,42,0.3359375,0.4140625,0.49193548387096775,1.0,3.1583609580993652,0.6169947385787964
333,120,no_hr_loss,3,42,0.390625,0.46875,0.46511627906976744,1.0,5.225234508514404,1.036486029624939
334,120,no_hr_loss,3,42,0.3125,0.4375,0.4576271186440678,1.0,6.152034282684326,1.2784017324447632
335,120,no_hr_loss,3,42,0.2890625,0.4140625,0.43223443223443225,1.0,3.4186415672302246,0.7776089906692505
336,120,no_hr_loss,3,42,0.265625,0.40625,0.4146341463414634,1.0,3.8840150833129883,0.8081932663917542
337,120,no_hr_loss,3,42,0.3125,0.3984375,0.3867056856187291,1.0,3.4647703170776367,0.8425907492637634
338,120,no_hr_loss,3,42,0.375,0.484375,0.4878048780487805,1.0,5.26379919052124,1.0083508491516113
339,120,no_hr_loss,3,42,0.3359375,0.4921875,0.3869102682701202,1.0,2.742887020111084,0.5821009278297424
340,120,no_hr_loss,3,42,0.3125,0.421875,0.3958333333333333,1.0,2.65466046333313,0.4975466728210449
341,120,no_hr_loss,3,42,0.34375,0.53125,0.4,1.0,4.58383846282959,0.850702702999115
342,120,no_hr_loss,3,42,0.3203125,0.453125,0.41468903436988547,1.0,4.018832683563232,0.8717831969261169
343,120,no_hr_loss,3,42,0.328125,0.421875,0.4634146341463415,1.0,4.655251502990723,0.7674790620803833
344,120,no_hr_loss,3,42,0.3359375,0.4375,0.436491935483871,1.0,4.060428619384766,0.9207324981689453
345,120,no_hr_loss,3,42,0.359375,0.4296875,0.48427518427518423,1.0,3.5477657318115234,0.7428717613220215
346,120,no_hr_loss,3,42,0.359375,0.46875,0.4375,1.0,5.969375133514404,1.1740386486053467
347,120,no_hr_loss,3,42,0.34375,0.515625,0.4230769230769231,1.0,3.367304801940918,0.6802735924720764
348,120,no_hr_loss,3,42,0.3359375,0.46875,0.42337662337662335,1.0,7.2719950675964355,1.2792613506317139
349,120,no_hr_loss,3,42,0.3125,0.453125,0.5,1.0,4.5758843421936035,0.857679545879364
350,120,no_hr_loss,3,42,0.328125,0.484375,0.40425531914893614,1.0,4.655219078063965,0.9786853790283203
351,120,no_hr_loss,3,42,0.3046875,0.375,0.4027027027027027,1.0,4.920716285705566,1.0014212131500244
352,120,no_hr_loss,3,42,0.3515625,0.5,0.44065040650406506,1.0,3.7425920963287354,0.727457582950592
353,120,no_hr_loss,3,42,0.3125,0.46875,0.38,1.0,4.520752429962158,0.9214460849761963
354,120,no_hr_loss,3,42,0.328125,0.4296875,0.4222652885443583,1.0,3.9630305767059326,0.9126755595207214
355,120,no_hr_loss,3,42,0.3203125,0.4296875,0.39090909090909093,1.0,3.128122329711914,0.674149751663208
356,120,no_hr_loss,3,42,0.3828125,0.5,0.4434889434889435,1.0,4.991674900054932,1.00485098361969
357,120,no_hr_loss,3,42,0.296875,0.421875,0.3958333333333333,1.0,4.585170269012451,0.996312141418457
358,120,no_hr_loss,3,42,0.3046875,0.4140625,0.4201680672268907,1.0,4.604730606079102,0.9625604152679443
359,120,no_hr_loss,3,42,0.359375,0.3671875,0.5003324468085106,1.0,3.9159796237945557,0.8777870535850525
360,120,no_hr_loss,3,42,0.28125,0.390625,0.3829787234042553,1.0,4.081422805786133,0.7852200269699097
361,120,no_hr_loss,3,42,0.3203125,0.46875,0.3986568986568987,1.0,4.16934871673584,0.7795771956443787
362,120,no_hr_loss,3,42,0.4609375,0.5625,0.5067544748395812,1.0,4.433812141418457,0.7624147534370422
363,120,no_hr_loss,3,42,0.3671875,0.4140625,0.45529145444255803,1.0,4.7440900802612305,0.9515630602836609
364,120,no_hr_loss,3,42,0.40625,0.515625,0.4642857142857143,1.0,4.067155838012695,0.7850161790847778
365,120,no_hr_loss,3,42,0.2734375,0.3828125,0.4106373815676141,1.0,2.616269588470459,0.6011523008346558
366,120,no_hr_loss,3,42,0.421875,0.9375,0.37445887445887444,1.0,2.9926838874816895,0.5907358527183533
367,120,no_hr_loss,3,42,0.28125,0.40625,0.391304347826087,1.0,5.190403938293457,0.9250952005386353
368,120,no_hr_loss,3,42,0.296875,0.40625,0.4222222222222222,1.0,4.198511123657227,0.6434826850891113
369,120,no_hr_loss,3,42,0.359375,0.375,0.5395526459356247,1.0,3.795555591583252,0.7588067650794983
370,120,no_hr_loss,3,42,0.359375,0.5625,0.42857142857142855,1.0,6.6129255294799805,1.0877430438995361
371,120,no_hr_loss,3,42,0.3125,0.359375,0.4637722829212191,1.0,4.268068313598633,0.8213314414024353
372,120,no_hr_loss,3,42,0.328125,0.421875,0.4528301886792453,1.0,5.348517417907715,0.9725083112716675
373,120,no_hr_loss,3,42,0.359375,0.4140625,0.4092346616065781,1.0,4.127016544342041,0.8437960743904114
374,120,no_hr_loss,3,42,0.2890625,0.4921875,0.34523809523809523,1.0,4.234031677246094,0.7257742881774902
375,120,no_hr_loss,3,42,0.34375,0.4140625,0.4257246376811594,1.0,5.196597576141357,0.9903693795204163
376,120,no_hr_loss,3,42,0.3125,0.46875,0.390625,1.0,3.288816213607788,0.7176834344863892
377,120,no_hr_loss,3,42,0.40625,0.4921875,0.4675084175084175,1.0,3.685673952102661,0.6989132761955261
378,120,no_hr_loss,3,42,0.328125,0.4375,0.40425531914893614,1.0,3.6819915771484375,0.8535411357879639
379,120,no_hr_loss,3,42,0.328125,0.453125,0.38181818181818183,1.0,4.387189865112305,0.918477475643158
380,120,no_hr_loss,3,42,0.3515625,0.390625,0.46818181818181814,1.0,2.899566411972046,0.6523908376693726
381,120,no_hr_loss,3,42,0.3515625,0.4921875,0.46136363636363636,1.0,4.967213153839111,0.8839272260665894
382,120,no_hr_loss,3,42,0.4375,0.453125,0.4872881355932204,1.0,4.463188648223877,0.871415376663208
383,120,no_hr_loss,3,42,0.34375,0.5078125,0.42230769230769233,1.0,2.7291078567504883,0.5821509957313538
384,120,no_hr_loss,3,42,0.6171875,0.5,0.5883524141363863,1.0,3.6723811626434326,0.7260785102844238
385,120,no_hr_loss,3,42,0.3671875,0.4609375,0.4456862745098039,1.0,5.731716632843018,0.8137413859367371
386,120,no_hr_loss,3,42,0.296875,0.421875,0.4117647058823529,1.0,4.176677703857422,0.8645421862602234
387,120,no_hr_loss,3,42,0.3203125,0.4140625,0.4509109311740891,1.0,4.830933094024658,1.0190519094467163
388,120,no_hr_loss,3,42,0.3125,0.40625,0.42857142857142855,1.0,2.2791919708251953,0.4693276584148407
389,120,no_hr_loss,3,42,0.359375,0.3984375,0.49505813953488376,1.0,3.8352863788604736,0.6954896450042725
390,120,no_hr_loss,3,42,0.3046875,0.4453125,0.39970355731225293,1.0,3.6928977966308594,0.6809252500534058
391,120,no_hr_loss,3,42,0.34375,0.4140625,0.4352159468438538,1.0,3.0700111389160156,0.6338765621185303
392,120,no_hr_loss,3,42,0.296875,0.40625,0.4,1.0,3.230384588241577,0.8324276804924011
393,120,no_hr_loss,3,42,0.296875,0.3984375,0.426033934252386,1.0,3.5276637077331543,0.7684195637702942
394,120,no_hr_loss,3,42,0.328125,0.515625,0.39285714285714285,1.0,5.523255348205566,1.0372040271759033
395,120,no_hr_loss,3,42,0.375,0.515625,0.44505494505494503,1.0,3.192352294921875,0.6576299667358398
396,120,no_hr_loss,3,42,0.34375,0.375,0.4736842105263158,1.0,4.89238977432251,0.9931771755218506
397,120,no_hr_loss,3,42,0.359375,0.34375,0.48936170212765956,1.0,3.4246768951416016,0.6760285496711731
398,120,no_hr_loss,3,42,0.3125,0.421875,0.475,1.0,3.583777904510498,0.6209946870803833
399,120,no_hr_loss,3,42,0.5390625,0.4765625,0.5496654657745754,1.0,4.597661972045898,0.9424775838851929
400,120,no_hr_loss,3,42,0.3125,0.3515625,0.45454545454545453,1.0,3.331240177154541,0.6494210958480835
401,120,no_hr_loss,3,42,0.3515625,0.484375,0.42997198879551823,1.0,2.701369285583496,0.6303565502166748
402,120,no_hr_loss,3,42,0.3515625,0.484375,0.42807308970099667,1.0,5.187193393707275,1.0900139808654785
403,120,no_hr_loss,3,42,0.484375,0.53125,0.5,1.0,5.029242515563965,0.758291482925415
404,120,no_hr_loss,3,42,0.3125,0.4375,0.45454545454545453,1.0,5.3186187744140625,1.0300251245498657
405,120,no_hr_loss,3,42,0.2890625,0.40625,0.3934468524251806,1.0,5.160652160644531,1.0220892429351807
406,120,no_hr_loss,3,42,0.3515625,0.4921875,0.39487919221060225,1.0,5.5443949699401855,0.9283766150474548
407,120,no_hr_loss,3,42,0.296875,0.40625,0.38461538461538464,1.0,3.636575698852539,0.7947506904602051
408,120,no_hr_loss,3,42,0.2578125,0.3984375,0.37165532879818597,1.0,4.370794296264648,0.8293968439102173
409,120,no_hr_loss,3,42,0.390625,0.46875,0.3048780487804878,1.0,2.8885927200317383,0.5122453570365906
410,120,no_hr_loss,3,42,0.34375,0.53125,0.4262295081967213,1.0,6.276068210601807,1.1410503387451172
411,120,no_hr_loss,3,42,0.390625,0.609375,0.44642857142857145,1.0,5.240955352783203,0.9090215563774109
412,120,no_hr_loss,3,42,0.328125,0.46875,0.42181695373184735,1.0,4.317802906036377,0.9873867630958557
413,120,no_hr_loss,3,42,0.28125,0.40625,0.3829787234042553,1.0,4.989349365234375,1.0978516340255737
414,120,no_hr_loss,3,42,0.34375,0.5,0.43137254901960786,1.0,4.515295028686523,0.8425111174583435
415,120,no_hr_loss,3,42,0.34375,0.421875,0.41414141414141414,1.0,2.6551647186279297,0.46733057498931885
416,120,no_hr_loss,3,42,0.359375,0.5,0.5063492063492063,1.0,4.747622489929199,1.162456750869751
417,120,no_hr_loss,3,42,0.2890625,0.3984375,0.40864939870490286,1.0,4.091547012329102,0.9365843534469604
418,120,no_hr_loss,3,42,0.3671875,0.46875,0.4604037267080745,1.0,5.153012752532959,0.8053293228149414
419,120,no_hr_loss,3,42,0.34375,0.4375,0.44,1.0,5.295145034790039,0.9419054388999939
420,120,no_hr_loss,3,42,0.40625,0.71875,0.4044943820224719,1.0,5.418076992034912,0.8678723573684692
421,120,no_hr_loss,3,42,0.390625,0.453125,0.4957627118644068,1.0,4.870325565338135,0.9600936770439148
422,120,no_hr_loss,3,42,0.296875,0.46875,0.40425531914893614,1.0,3.7929272651672363,0.8841431140899658
423,120,no_hr_loss,3,42,0.28125,0.375,0.41304347826086957,1.0,2.4801998138427734,0.5290983319282532
424,120,no_hr_loss,3,42,0.34375,0.5078125,0.43671383647798745,1.0,3.163105010986328,0.5852577090263367
425,120,no_hr_loss,3,42,0.3515625,0.4765625,0.4954545454545455,1.0,4.550532817840576,0.8037709593772888
426,120,no_hr_loss,3,42,0.375,0.46875,0.4888888888888889,1.0,3.527670383453369,0.6474406123161316
427,120,no_hr_loss,3,42,0.2890625,0.3828125,0.4253968253968254,1.0,4.301732063293457,0.8234400153160095
428,120,no_hr_loss,3,42,0.65625,0.609375,0.5303030303030303,1.0,3.8901281356811523,0.869814932346344
429,120,no_hr_loss,3,42,0.3515625,0.4921875,0.44288150042625746,1.0,3.0560789108276367,0.6204132437705994
430,120,no_hr_loss,3,42,0.3125,0.421875,0.45319240724762727,1.0,3.8425941467285156,0.7121565937995911
431,120,no_hr_loss,3,42,0.421875,0.453125,0.5,1.0,6.918718338012695,1.0373417139053345
432,120,no_hr_loss,3,42,0.390625,0.453125,0.44907407407407407,1.0,4.328357696533203,0.9307510256767273
433,120,no_hr_loss,3,42,0.2890625,0.421875,0.38790760869565216,1.0,4.635725975036621,1.0761544704437256
434,120,no_hr_loss,3,42,0.3828125,0.453125,0.4655612244897959,1.0,5.3935089111328125,0.7784717679023743
435,120,no_hr_loss,3,42,0.3125,0.453125,0.45454545454545453,1.0,4.2651872634887695,0.8305168151855469
436,120,no_hr_loss,3,42,0.328125,0.484375,0.42,1.0,2.450439214706421,0.558850109577179
437,120,no_hr_loss,3,42,0.296875,0.46875,0.3902439024390244,1.0,4.329756259918213,1.1013432741165161
438,120,no_hr_loss,3,42,0.28125,0.375,0.4090909090909091,1.0,3.587663412094116,0.8215739130973816
439,120,no_hr_loss,3,42,0.265625,0.390625,0.33066860465116277,1.0,2.389841318130493,0.48788002133369446
440,120,no_hr_loss,3,42,0.375,0.421875,0.4666666666666667,1.0,3.958350658416748,0.7737354636192322
441,120,no_hr_loss,3,42,0.390625,0.484375,0.4576271186440678,1.0,3.36384916305542,0.7334248423576355
442,120,no_hr_loss,3,42,0.3125,0.40625,0.46511627906976744,1.0,4.705130577087402,0.9106680154800415
443,120,no_hr_loss,3,42,0.265625,0.40625,0.40540540540540543,1.0,3.3846960067749023,0.6407116651535034
444,120,no_hr_loss,3,42,0.484375,0.5234375,0.46862745098039216,1.0,6.438634395599365,1.0229716300964355
445,120,no_hr_loss,3,42,0.3671875,0.5078125,0.382486388384755,1.0,3.3002636432647705,0.5806131958961487
446,120,no_hr_loss,3,42,0.4375,0.515625,0.4925373134328358,1.0,3.950742721557617,0.7745342254638672
447,120,no_hr_loss,3,42,0.359375,0.421875,0.5208034433285509,1.0,5.323734283447266,1.079671025276184
448,120,no_hr_loss,3,42,0.4375,0.46875,0.4807692307692308,1.0,3.416351556777954,0.668188214302063
449,120,no_hr_loss,3,42,0.328125,0.4609375,0.40644654088050314,1.0,3.0764622688293457,0.5622400641441345
450,120,no_hr_loss,3,42,0.296875,0.375,0.42041343669250647,1.0,3.9178884029388428,0.8538215756416321
451,120,no_hr_loss,3,42,0.3125,0.390625,0.4418604651162791,1.0,3.2298154830932617,0.6282245516777039
452,120,no_hr_loss,3,42,0.265625,0.34375,0.3953488372093023,1.0,3.6138038635253906,0.7264975309371948
453,120,no_hr_loss,3,42,0.359375,0.515625,0.4583333333333333,1.0,5.597678184509277,0.9454415440559387
454,120,no_hr_loss,3,42,0.296875,0.375,0.4,1.0,4.501683235168457,0.9705161452293396
455,120,no_hr_loss,3,42,0.25,0.4375,0.375,1.0,4.038792133331299,0.8080976009368896
456,120,no_hr_loss,3,42,0.359375,0.515625,0.4107142857142857,1.0,4.350421905517578,0.8889498710632324
457,120,no_hr_loss,3,42,0.328125,0.4296875,0.4625,1.0,3.6938555240631104,0.6702809929847717
458,120,no_hr_loss,3,42,0.3828125,0.5,0.4598214285714286,1.0,2.5350756645202637,0.5787487030029297
459,120,no_hr_loss,3,42,0.265625,0.3671875,0.3829268292682927,1.0,4.399169921875,1.0252418518066406
460,120,no_hr_loss,3,42,0.359375,0.5078125,0.41148325358851673,1.0,5.3808369636535645,0.960431694984436
461,120,no_hr_loss,3,42,0.3828125,0.3984375,0.48647734956051386,1.0,4.935368537902832,0.9981935024261475
462,120,no_hr_loss,3,42,0.3203125,0.5234375,0.3871975019516003,1.0,6.105829238891602,1.252341389656067
463,120,no_hr_loss,3,42,0.3203125,0.53125,0.37232076866223207,1.0,3.1512391567230225,0.6725747585296631
464,120,no_hr_loss,3,42,0.359375,0.4375,0.46,1.0,4.167535305023193,0.7802912592887878
465,120,no_hr_loss,3,42,0.4609375,0.4921875,0.485969387755102,1.0,5.561428070068359,0.8992992043495178
466,120,no_hr_loss,3,42,0.328125,0.4375,0.42857142857142855,1.0,6.692920684814453,1.0723379850387573
467,120,no_hr_loss,3,42,0.3515625,0.3671875,0.46923076923076923,1.0,4.411096572875977,1.016038417816162
468,120,no_hr_loss,3,42,0.3125,0.4765625,0.4388104407359863,1.0,4.4764275550842285,0.8864924907684326
469,120,no_hr_loss,3,42,0.328125,0.484375,0.4594594594594595,1.0,4.691469192504883,0.9327602982521057
470,120,no_hr_loss,3,42,0.328125,0.4140625,0.391390931372549,1.0,3.3950679302215576,0.8089193105697632
471,120,no_hr_loss,3,42,0.46875,0.578125,0.49471698113207546,1.0,5.584721565246582,0.9635928273200989
472,120,no_hr_loss,3,42,0.2734375,0.4140625,0.4549019607843137,1.0,4.279623508453369,0.7434770464897156
473,120,no_hr_loss,3,42,0.34375,0.34375,0.45,1.0,3.701165199279785,0.8249756097793579
474,120,no_hr_loss,3,42,0.2890625,0.390625,0.46230342275670677,1.0,3.8748371601104736,0.7623006105422974
475,120,no_hr_loss,3,42,0.3203125,0.390625,0.37272727272727274,1.0,4.654429912567139,0.7993950247764587
476,120,no_hr_loss,3,42,0.375,0.515625,0.38095238095238093,1.0,3.6322121620178223,0.8768290281295776
477,120,no_hr_loss,3,42,0.3671875,0.484375,0.40389016018306634,1.0,5.167186737060547,0.9349358677864075
478,120,no_hr_loss,3,42,0.359375,0.453125,0.3783783783783784,1.0,5.594195365905762,1.0243468284606934
479,120,no_hr_loss,3,42,0.421875,0.515625,0.40476190476190477,1.0,3.911789894104004,0.7748379707336426
480,120,no_hr_loss,3,42,0.265625,0.34375,0.3953488372093023,1.0,5.144010543823242,0.9525423049926758
481,120,no_hr_loss,3,42,0.375,0.46875,0.4883720930232558,1.0,4.570732593536377,0.9195099472999573
482,120,no_hr_loss,3,42,0.359375,0.4375,0.42857142857142855,1.0,5.55448055267334,1.0353506803512573
483,120,no_hr_loss,3,42,0.28125,0.359375,0.4146341463414634,1.0,3.3947436809539795,0.7951391935348511
484,120,no_hr_loss,3,42,0.2890625,0.453125,0.42442233632862647,1.0,2.8070404529571533,0.652953028678894
485,120,no_hr_loss,3,42,0.296875,0.421875,0.42428571428571427,1.0,4.002467155456543,0.7908625602722168
486,120,no_hr_loss,3,42,0.359375,0.390625,0.4634146341463415,1.0,3.258708953857422,0.6006470322608948
487,120,no_hr_loss,3,42,0.3125,0.5,0.4166666666666667,1.0,3.1683006286621094,0.6120591163635254
488,120,no_hr_loss,3,42,0.3203125,0.4375,0.42160278745644597,1.0,4.861721992492676,0.9232931137084961
489,120,no_hr_loss,3,42,0.3125,0.53125,0.4318181818181818,1.0,3.2530555725097656,0.7095752358436584
490,120,no_hr_loss,3,42,0.3125,0.421875,0.4166666666666667,1.0,4.024836540222168,0.8091923594474792
491,120,no_hr_loss,3,42,0.34375,0.421875,0.41699346405228754,1.0,3.890519380569458,0.8622111678123474
492,120,no_hr_loss,3,42,0.359375,0.5,0.4,1.0,3.2901711463928223,0.6728101968765259
493,120,no_hr_loss,3,42,0.34375,0.3359375,0.4475635593220339,1.0,5.590231895446777,0.8593647480010986
494,120,no_hr_loss,3,42,0.375,0.421875,0.5348837209302325,1.0,5.027819633483887,0.8975317478179932
495,120,no_hr_loss,3,42,0.375,0.546875,0.3888888888888889,1.0,3.343827247619629,0.7888519763946533
496,120,no_hr_loss,3,42,0.546875,0.46875,0.5645161290322581,1.0,3.7198872566223145,0.9128228425979614
497,120,no_hr_loss,3,42,0.2734375,0.4140625,0.3854895104895105,1.0,5.4315900802612305,1.0249415636062622
498,120,no_hr_loss,3,42,0.3671875,0.546875,0.4835343228200371,1.0,2.9277772903442383,0.6159549951553345
499,120,no_hr_loss,3,42,0.28125,0.4453125,0.37545219638242894,1.0,3.3049845695495605,0.7139743566513062
500,120,no_hr_loss,3,42,0.34375,0.453125,0.4,1.0,3.2860801219940186,0.6936671137809753
501,120,no_hr_loss,3,42,0.375,0.5703125,0.48518518518518516,1.0,4.990753173828125,0.866923987865448
502,120,no_hr_loss,3,42,0.2734375,0.3515625,0.3762719703977798,1.0,4.754006385803223,0.8562522530555725
503,120,no_hr_loss,3,42,0.359375,0.4453125,0.4752415458937198,1.0,3.337141275405884,0.5193166136741638
504,120,no_hr_loss,3,42,0.34375,0.375,0.48148148148148145,1.0,3.759673595428467,0.7862695455551147
505,120,no_hr_loss,3,42,0.3125,0.421875,0.43451536643026,1.0,2.848564624786377,0.6277239322662354
506,120,no_hr_loss,3,42,0.359375,0.515625,0.4791666666666667,1.0,4.713483810424805,0.7673981785774231
507,120,no_hr_loss,3,42,0.421875,0.515625,0.493681693989071,1.0,3.909677505493164,0.966059684753418
508,120,no_hr_loss,3,42,0.3125,0.4375,0.40097856477166827,1.0,6.005056858062744,1.1876187324523926
509,120,no_hr_loss,3,42,0.40625,0.5,0.3874722838137472,1.0,3.354555130004883,0.5985241532325745
510,120,no_hr_loss,3,42,0.34375,0.46875,0.3953488372093023,1.0,3.2312607765197754,0.7556890845298767
511,120,no_hr_loss,3,42,0.3515625,0.4921875,0.41468903436988547,1.0,4.05214262008667,0.8300372958183289
512,120,no_hr_loss,3,42,0.265625,0.359375,0.3695652173913043,1.0,2.915186643600464,0.7050061225891113
513,120,no_hr_loss,3,42,0.375,0.5625,0.42105263157894735,1.0,4.531148433685303,0.9495565295219421
514,120,no_hr_loss,3,42,0.3671875,0.46875,0.4610071301247772,1.0,6.057638168334961,1.1314798593521118
515,120,no_hr_loss,3,42,0.359375,0.46875,0.4342857142857143,1.0,3.918985605239868,0.7432054281234741
516,120,no_hr_loss,3,42,0.296875,0.40625,0.39215686274509803,1.0,5.001811981201172,1.0206806659698486
517,120,no_hr_loss,3,42,0.4453125,0.5703125,0.4834558823529412,1.0,3.0430588722229004,0.6172221899032593
518,120,no_hr_loss,3,42,0.3125,0.453125,0.38207070707070706,1.0,5.182239532470703,0.9760108590126038
519,120,no_hr_loss,3,42,0.2890625,0.3671875,0.38815060908084165,1.0,4.56265115737915,0.8626219630241394
520,120,no_hr_loss,3,42,0.3671875,0.421875,0.49315245478036174,1.0,4.084455490112305,0.8559027910232544
521,120,no_hr_loss,3,42,0.375,0.484375,0.41935483870967744,1.0,2.9525389671325684,0.6672696471214294
522,120,no_hr_loss,3,42,0.515625,0.546875,0.43282189508604607,1.0,4.864786148071289,1.0498418807983398
523,120,no_hr_loss,3,42,0.375,0.453125,0.49019607843137253,1.0,3.4840097427368164,0.7036279439926147
524,120,no_hr_loss,3,42,0.40625,0.46875,0.3890699695784442,1.0,7.350091934204102,1.2366119623184204
525,120,no_hr_loss,3,42,0.375,0.4453125,0.5080533824206166,1.0,3.1036007404327393,0.5611842274665833
526,120,no_hr_loss,3,42,0.3671875,0.546875,0.40909090909090906,1.0,4.881425857543945,0.8311156034469604
527,120,no_hr_loss,3,42,0.625,0.484375,0.6060606060606061,1.0,5.093969345092773,0.7765190601348877
528,120,no_hr_loss,3,42,0.390625,0.40625,0.5,1.0,3.937899589538574,0.7221387624740601
529,120,no_hr_loss,3,42,0.46875,0.578125,0.47619047619047616,1.0,3.5387206077575684,0.6955296397209167
530,120,no_hr_loss,3,42,0.296875,0.328125,0.4318181818181818,1.0,5.1911420822143555,0.9467490911483765
531,120,no_hr_loss,3,42,0.3515625,0.390625,0.4431012250161186,1.0,4.30970573425293,0.8657411336898804
532,120,no_hr_loss,3,42,0.28125,0.390625,0.40476190476190477,1.0,5.069442272186279,0.921471893787384
533,120,no_hr_loss,3,42,0.3203125,0.453125,0.41930232558139535,1.0,4.7707953453063965,1.1135057210922241
534,120,no_hr_loss,3,42,0.296875,0.421875,0.43768996960486317,1.0,3.355308771133423,0.7160443663597107
535,120,no_hr_loss,3,42,0.3125,0.4296875,0.45138888888888884,1.0,5.425193786621094,1.2282226085662842
536,120,no_hr_loss,3,42,0.359375,0.453125,0.44,1.0,3.0826656818389893,0.6303468942642212
537,120,no_hr_loss,3,42,0.28125,0.4453125,0.3756998880179171,1.0,4.527587890625,1.023753046989441
538,120,no_hr_loss,3,42,0.390625,0.515625,0.4472089314194577,1.0,3.4790587425231934,0.6270134449005127
539,120,no_hr_loss,3,42,0.40625,0.4375,0.4791666666666667,1.0,3.6782355308532715,0.7481698989868164
540,120,no_hr_loss,3,42,0.359375,0.453125,0.42857142857142855,1.0,3.2861387729644775,0.660014808177948
541,120,no_hr_loss,3,42,0.3203125,0.4140625,0.4916387959866221,1.0,4.843843936920166,0.9592179656028748
542,120,no_hr_loss,3,42,0.359375,0.484375,0.46,1.0,3.198103904724121,0.6692046523094177
543,120,no_hr_loss,3,42,0.328125,0.46875,0.4318181818181818,1.0,6.512887954711914,1.3619047403335571
544,120,no_hr_loss,3,42,0.3203125,0.3515625,0.4693366708385482,1.0,4.98066520690918,0.8264343738555908
545,120,no_hr_loss,3,42,0.3203125,0.4140625,0.43173758865248224,1.0,4.746623992919922,0.9670857787132263
546,120,no_hr_loss,3,42,0.296875,0.4609375,0.4368393234672304,1.0,5.1594719886779785,0.9339334964752197
547,120,no_hr_loss,3,42,0.296875,0.40625,0.425531914893617,1.0,4.7286906242370605,1.0461114645004272
548,120,no_hr_loss,3,42,0.328125,0.5,0.4166666666666667,1.0,5.6215972900390625,0.8852835297584534
549,120,no_hr_loss,3,42,0.3203125,0.453125,0.39338235294117646,1.0,3.453909397125244,0.7333599328994751
550,120,no_hr_loss,3,42,0.3125,0.453125,0.4307692307692308,1.0,5.442957878112793,0.9305182695388794
551,120,no_hr_loss,3,42,0.3125,0.4296875,0.44532409698169223,1.0,3.615351676940918,0.6715784072875977
552,120,no_hr_loss,3,42,0.34375,0.4140625,0.43501611170784105,1.0,4.1829752922058105,0.6890037059783936
553,120,no_hr_loss,3,42,0.34375,0.4375,0.3191489361702128,1.0,4.866578102111816,0.8343355059623718
554,120,no_hr_loss,3,42,0.4296875,0.4609375,0.4832944832944833,1.0,5.1671142578125,1.1162136793136597
555,120,no_hr_loss,3,42,0.3046875,0.421875,0.41512195121951223,1.0,4.406084060668945,0.8192265629768372
556,120,no_hr_loss,3,42,0.34375,0.453125,0.4074074074074074,1.0,3.217073917388916,0.5840883255004883
557,120,no_hr_loss,3,42,0.4375,0.5,0.5142857142857142,1.0,4.778111457824707,1.1279685497283936
558,120,no_hr_loss,3,42,0.390625,0.46875,0.38636363636363635,1.0,4.592653274536133,0.9238690137863159
559,120,no_hr_loss,3,42,0.390625,0.4375,0.45588235294117646,1.0,4.73245906829834,1.013345718383789
560,120,no_hr_loss,3,42,0.3125,0.421875,0.4444444444444444,1.0,5.782769203186035,1.1661431789398193
561,120,no_hr_loss,3,42,0.296875,0.390625,0.37209302325581395,1.0,6.716741561889648,1.1051596403121948
562,120,no_hr_loss,3,42,0.328125,0.4609375,0.406613492854769,1.0,5.7124762535095215,0.9304490089416504
563,120,no_hr_loss,3,42,0.296875,0.3671875,0.4236111111111111,1.0,2.6742982864379883,0.5219695568084717
564,120,no_hr_loss,3,42,0.3203125,0.3828125,0.47362588652482274,1.0,4.894769668579102,1.0515365600585938
565,120,no_hr_loss,3,42,0.359375,0.484375,0.38095238095238093,1.0,4.024035453796387,0.858603835105896
566,120,no_hr_loss,3,42,0.34375,0.609375,0.43137254901960786,1.0,5.731602668762207,0.8551302552223206
567,120,no_hr_loss,3,42,0.359375,0.515625,0.38805358119190814,1.0,3.916884422302246,0.7183789014816284
568,120,no_hr_loss,3,42,0.359375,0.4609375,0.47834476843910806,1.0,3.249910831451416,0.684794545173645
569,120,no_hr_loss,3,42,0.2734375,0.375,0.4292763157894737,1.0,6.04583740234375,1.193676471710205
570,120,no_hr_loss,3,42,0.359375,0.453125,0.47761194029850745,1.0,2.9928455352783203,0.6273341178894043
571,120,no_hr_loss,3,42,0.3046875,0.4609375,0.4164244186046512,1.0,4.270627975463867,0.8102888464927673
572,120,no_hr_loss,3,42,0.2890625,0.4375,0.40523373983739835,1.0,5.558115005493164,1.2811836004257202
573,120,no_hr_loss,3,42,0.28125,0.40625,0.35555555555555557,1.0,6.367777347564697,0.9639721512794495
574,120,no_hr_loss,3,42,0.328125,0.4140625,0.4125490196078431,1.0,4.989770412445068,0.9282355904579163
575,120,no_hr_loss,3,42,0.34375,0.578125,0.4444444444444444,1.0,5.905183792114258,1.0630290508270264
576,120,no_hr_loss,3,42,0.3984375,0.4140625,0.5064788732394366,1.0,5.133971691131592,1.0653250217437744
577,120,no_hr_loss,3,42,0.359375,0.5,0.40425531914893614,1.0,3.7539150714874268,0.5966005921363831
578,120,no_hr_loss,3,42,0.375,0.453125,0.42857142857142855,1.0,3.5003867149353027,0.8321064114570618
579,120,no_hr_loss,3,42,0.4140625,0.609375,0.4426638176638177,1.0,2.8067405223846436,0.609466552734375
580,120,no_hr_loss,3,42,0.3203125,0.3671875,0.4403508771929825,1.0,2.9806454181671143,0.6187772750854492
581,120,no_hr_loss,3,42,0.328125,0.421875,0.44,1.0,3.2597897052764893,0.7756219506263733
582,120,no_hr_loss,3,42,0.34375,0.34375,0.44,1.0,4.363857269287109,0.8475627303123474
583,120,no_hr_loss,3,42,0.328125,0.390625,0.44,1.0,6.308686256408691,1.0822021961212158
584,120,no_hr_loss,3,42,0.375,0.484375,0.5184343434343435,1.0,3.4919025897979736,0.8026070594787598
585,120,no_hr_loss,3,42,0.296875,0.4375,0.45652173913043476,1.0,3.352653980255127,0.7079825401306152
586,120,no_hr_loss,3,42,0.296875,0.453125,0.375,1.0,3.4123072624206543,0.7358196973800659
587,120,no_hr_loss,3,42,0.3125,0.421875,0.4166666666666667,1.0,3.6602840423583984,0.8032368421554565
588,120,no_hr_loss,3,42,0.296875,0.421875,0.3539837398373984,1.0,4.877834320068359,0.8457590937614441
589,120,no_hr_loss,3,42,0.28125,0.390625,0.3829787234042553,1.0,3.4640262126922607,0.7008329033851624
590,120,no_hr_loss,3,42,0.359375,0.5,0.42424242424242425,1.0,2.446431875228882,0.5875681638717651
591,120,no_hr_loss,3,42,0.34375,0.40625,0.42857142857142855,1.0,5.262273788452148,0.9908798336982727
592,120,no_hr_loss,3,42,0.328125,0.328125,0.37209302325581395,1.0,7.732157230377197,1.125282883644104
593,120,no_hr_loss,3,42,0.4375,0.46875,0.5,1.0,4.606678485870361,1.0022814273834229
594,120,no_hr_loss,3,42,0.3203125,0.46875,0.44079555966697503,1.0,5.18875789642334,1.044857144355774
595,120,no_hr_loss,3,42,0.3046875,0.359375,0.4389564336372847,1.0,4.697469711303711,0.8932565450668335
596,120,no_hr_loss,3,42,0.3671875,0.40625,0.5042372881355932,1.0,5.684628486633301,0.9628173112869263
597,120,no_hr_loss,3,42,0.2890625,0.4609375,0.41000000000000003,1.0,4.563177585601807,0.8962077498435974
598,120,no_hr_loss,3,42,0.3359375,0.4765625,0.4211822660098522,1.0,6.0696868896484375,1.2384006977081299
599,120,no_hr_loss,3,42,0.328125,0.5,0.46511627906976744,1.0,2.979938507080078,0.6012870073318481
600,120,no_hr_loss,3,42,0.28125,0.453125,0.36,1.0,4.113175868988037,0.8017297387123108
601,120,no_hr_loss,3,42,0.296875,0.4140625,0.40660474716202266,1.0,4.5742268562316895,0.7928227782249451
602,120,no_hr_loss,3,42,0.2578125,0.390625,0.3806818181818182,1.0,3.746690273284912,0.7376605272293091
603,120,no_hr_loss,3,42,0.3125,0.421875,0.4722222222222222,1.0,4.07810115814209,0.9535443782806396
604,120,no_hr_loss,3,42,0.328125,0.5078125,0.40162037037037035,1.0,3.4966750144958496,0.781544029712677
605,120,no_hr_loss,3,42,0.4375,0.53125,0.5283018867924528,1.0,2.3535311222076416,0.4506908357143402
606,120,no_hr_loss,3,42,0.4375,0.53125,0.48148148148148145,1.0,3.9246389865875244,0.7035002112388611
607,120,no_hr_loss,3,42,0.28125,0.390625,0.4423076923076923,1.0,4.173575401306152,0.7824708819389343
608,120,no_hr_loss,3,42,0.34375,0.4140625,0.4747456395348837,1.0,3.501615047454834,0.5580847263336182
609,120,no_hr_loss,3,42,0.34375,0.484375,0.43137254901960786,1.0,3.7921218872070312,0.8199418783187866
610,120,no_hr_loss,3,42,0.2578125,0.3515625,0.38815060908084165,1.0,3.39731764793396,0.8287703394889832
611,120,no_hr_loss,3,42,0.3125,0.4140625,0.40212765957446805,1.0,4.393143177032471,0.8636259436607361
612,120,no_hr_loss,3,42,0.515625,0.6171875,0.477097602739726,1.0,4.535216331481934,0.7756591439247131
613,120,no_hr_loss,3,42,0.34375,0.53125,0.4444444444444444,1.0,3.417813539505005,0.8231916427612305
614,120,no_hr_loss,3,42,0.328125,0.53125,0.40384615384615385,1.0,2.5840020179748535,0.5938963294029236
615,120,no_hr_loss,3,42,0.34375,0.453125,0.4074074074074074,1.0,5.943420886993408,1.1311030387878418
616,120,no_hr_loss,3,42,0.34375,0.4375,0.43512820512820516,1.0,3.6510701179504395,0.7317902445793152
617,120,no_hr_loss,3,42,0.3125,0.3671875,0.46600877192982454,1.0,6.3099470138549805,1.0489706993103027
618,120,no_hr_loss,3,42,0.2578125,0.3984375,0.3666666666666667,1.0,4.916353225708008,1.0312467813491821
619,120,no_hr_loss,3,42,0.359375,0.375,0.46938775510204084,1.0,4.154918670654297,0.7394731640815735
620,120,no_hr_loss,3,42,0.3984375,0.40625,0.5,1.0,4.450711250305176,0.8343525528907776
621,120,no_hr_loss,3,42,0.3125,0.40625,0.4444444444444444,1.0,5.260491847991943,0.8920140266418457
622,120,no_hr_loss,3,42,0.390625,0.515625,0.5185185185185185,1.0,5.374554634094238,0.8687809705734253
623,120,no_hr_loss,3,42,0.28125,0.40625,0.4090909090909091,1.0,5.019196033477783,0.8718792796134949
624,120,no_hr_loss,3,42,0.328125,0.453125,0.4096989966555184,1.0,4.280767917633057,0.7210825681686401
625,120,no_hr_loss,3,42,0.296875,0.390625,0.4444444444444444,1.0,3.1179893016815186,0.6732281446456909
626,120,no_hr_loss,3,42,0.3515625,0.4140625,0.47009803921568627,1.0,5.500850677490234,1.1799348592758179
627,120,no_hr_loss,3,42,0.3046875,0.3671875,0.4536878216123499,1.0,3.1325554847717285,0.6715396046638489
628,120,no_hr_loss,3,42,0.265625,0.3984375,0.39155196962505934,1.0,2.991774559020996,0.6011850237846375
629,120,no_hr_loss,3,42,0.3125,0.328125,0.38636363636363635,1.0,3.9123315811157227,0.7849288582801819
630,120,no_hr_loss,3,42,0.2734375,0.4296875,0.3988064348728594,1.0,3.5163064002990723,0.6818318963050842
631,120,no_hr_loss,3,42,0.28125,0.375,0.391304347826087,1.0,3.672934055328369,0.7839646339416504
632,120,no_hr_loss,3,42,0.3671875,0.40625,0.48977889027951604,1.0,6.186497688293457,1.1558892726898193
633,120,no_hr_loss,3,42,0.3125,0.4140625,0.4252354788069074,1.0,4.144157409667969,0.7876883745193481
634,120,no_hr_loss,3,42,0.5625,0.421875,0.39285714285714285,1.0,3.631211519241333,0.8946560621261597
635,120,no_hr_loss,3,42,0.3125,0.46875,0.36585365853658536,1.0,2.612545967102051,0.5860155820846558
636,120,no_hr_loss,3,42,0.265625,0.421875,0.42857142857142855,1.0,5.550797939300537,1.0883349180221558
637,120,no_hr_loss,3,42,0.3125,0.484375,0.4318181818181818,1.0,4.899893760681152,1.0135841369628906
638,120,no_hr_loss,3,42,0.328125,0.4375,0.4443638122883406,1.0,3.307734489440918,0.7836270928382874
639,120,no_hr_loss,3,42,0.3046875,0.3359375,0.48754951895868703,1.0,4.3441691398620605,0.7688731551170349
640,120,no_hr_loss,3,42,0.375,0.53125,0.4031107305936073,1.0,2.2281622886657715,0.5156128406524658
641,120,no_hr_loss,3,42,0.265625,0.375,0.43243243243243246,1.0,3.608760118484497,0.7876065969467163
642,120,no_hr_loss,3,42,0.265625,0.390625,0.3617021276595745,1.0,5.716346740722656,1.0386161804199219
643,120,no_hr_loss,3,42,0.4609375,0.4765625,0.5268628078030061,1.0,1.8837968111038208,0.38792869448661804
644,120,no_hr_loss,3,42,0.3359375,0.578125,0.3075476766048885,1.0,2.174380302429199,0.5443393588066101
645,120,no_hr_loss,3,42,0.328125,0.4609375,0.4759780370624571,1.0,4.140254974365234,0.959468424320221
646,120,no_hr_loss,3,42,0.3125,0.40625,0.45652173913043476,1.0,6.34824800491333,1.2098714113235474
647,120,no_hr_loss,3,42,0.296875,0.375,0.3958333333333333,1.0,4.545210838317871,0.8545088171958923
648,120,no_hr_loss,3,42,0.3125,0.390625,0.43478260869565216,1.0,7.511397361755371,1.2254600524902344
649,120,no_hr_loss,3,42,0.296875,0.421875,0.3770491803278688,1.0,5.586210250854492,0.8750889301300049
650,120,no_hr_loss,3,42,0.4453125,0.578125,0.45359848484848486,1.0,3.8907313346862793,0.9183909296989441
651,120,no_hr_loss,3,42,0.375,0.5,0.5284958871915393,1.0,4.064484596252441,0.718070924282074
652,120,no_hr_loss,3,42,0.359375,0.4375,0.3829787234042553,1.0,4.168972969055176,0.8858778476715088
653,120,no_hr_loss,3,42,0.34375,0.359375,0.4782608695652174,1.0,3.9337334632873535,0.7389391660690308
654,120,no_hr_loss,3,42,0.3203125,0.40625,0.43270658090054426,1.0,3.9648945331573486,0.792824923992157
655,120,no_hr_loss,3,42,0.265625,0.3671875,0.38593380614657213,1.0,4.415043354034424,0.9629181027412415
656,120,no_hr_loss,3,42,0.3359375,0.5546875,0.39930232558139533,1.0,5.728121757507324,0.9512955546379089
657,120,no_hr_loss,3,42,0.296875,0.34375,0.42857142857142855,1.0,4.242248058319092,0.8451158404350281
658,120,no_hr_loss,3,42,0.296875,0.359375,0.475,1.0,4.70033597946167,0.898572564125061
659,120,no_hr_loss,3,42,0.40625,0.453125,0.48148148148148145,1.0,2.4195666313171387,0.5619817972183228
660,120,no_hr_loss,3,42,0.3125,0.421875,0.41304347826086957,1.0,4.647217750549316,0.835439145565033
661,120,no_hr_loss,3,42,0.3125,0.421875,0.42430441898527005,1.0,4.4745330810546875,0.7225898504257202
662,120,no_hr_loss,3,42,0.546875,0.6171875,0.47181467181467185,1.0,3.4823951721191406,0.8025190234184265
663,120,no_hr_loss,3,42,0.375,0.5,0.4641025641025641,1.0,3.716989040374756,0.7718503475189209
664,120,no_hr_loss,3,42,0.40625,0.46875,0.4613148479427549,1.0,3.7560019493103027,0.8080335259437561
665,120,no_hr_loss,3,42,0.375,0.5,0.49206349206349204,1.0,4.226531982421875,0.8538225889205933
666,120,no_hr_loss,3,42,0.359375,0.46875,0.40350877192982454,1.0,3.319289445877075,0.7185108661651611
667,120,no_hr_loss,3,42,0.265625,0.359375,0.38636363636363635,1.0,5.60972261428833,0.8858827948570251
668,120,no_hr_loss,3,42,0.3984375,0.4140625,0.5358550039401103,1.0,3.4650683403015137,0.8661049604415894
669,120,no_hr_loss,3,42,0.296875,0.484375,0.4146341463414634,1.0,5.40117073059082,0.9775462746620178
670,120,no_hr_loss,3,42,0.375,0.453125,0.46808510638297873,1.0,3.773822784423828,0.6968913078308105
671,120,no_hr_loss,3,42,0.34375,0.453125,0.4576271186440678,1.0,3.9098410606384277,0.7992291450500488
672,120,no_hr_loss,3,42,0.375,0.5625,0.4594594594594595,1.0,3.116600513458252,0.6860480308532715
673,120,no_hr_loss,3,42,0.3125,0.515625,0.38,1.0,3.9650988578796387,0.8766308426856995
674,120,no_hr_loss,3,42,0.34375,0.421875,0.43478260869565216,1.0,3.483844757080078,0.7600659728050232
675,120,no_hr_loss,3,42,0.375,0.4375,0.48,1.0,3.6863298416137695,0.8409140110015869
676,120,no_hr_loss,3,42,0.28125,0.421875,0.3953488372093023,1.0,2.4868907928466797,0.570877730846405
677,120,no_hr_loss,3,42,0.34375,0.390625,0.38461538461538464,1.0,3.933175563812256,0.7612310647964478
678,120,no_hr_loss,3,42,0.25,0.484375,0.3409090909090909,1.0,4.127053260803223,0.8645408153533936
679,120,no_hr_loss,3,42,0.484375,0.453125,0.5625,1.0,4.703180313110352,0.9462828040122986
680,120,no_hr_loss,3,42,0.546875,0.53125,0.5833333333333334,1.0,3.0451643466949463,0.6514917612075806
681,120,no_hr_loss,3,42,0.296875,0.375,0.43902439024390244,1.0,3.6848251819610596,0.7384267449378967
682,120,no_hr_loss,3,42,0.3125,0.3828125,0.4542635658914729,1.0,5.51458740234375,1.0148253440856934
683,120,no_hr_loss,3,42,0.28125,0.390625,0.3769230769230769,1.0,3.875552177429199,0.7384094595909119
684,120,no_hr_loss,3,42,0.40625,0.5078125,0.4580483356133151,1.0,4.600210189819336,0.8062300682067871
685,120,no_hr_loss,3,42,0.3125,0.3984375,0.44466403162055335,1.0,5.196300506591797,0.9715325236320496
686,120,no_hr_loss,3,42,0.328125,0.453125,0.38181818181818183,1.0,3.381084442138672,0.5267434120178223
687,120,no_hr_loss,3,42,0.3359375,0.4296875,0.474950560316414,1.0,4.902717590332031,0.9281397461891174
688,120,no_hr_loss,3,42,0.328125,0.453125,0.4375,1.0,3.9779484272003174,0.9052987098693848
689,120,no_hr_loss,3,42,0.3125,0.359375,0.40425531914893614,1.0,3.6214776039123535,0.6506026983261108
690,120,no_hr_loss,3,42,0.328125,0.3828125,0.42206828302820387,1.0,4.991185665130615,1.0233675241470337
691,120,no_hr_loss,3,42,0.3203125,0.4296875,0.4227659574468085,1.0,4.275071144104004,1.004164695739746
692,120,no_hr_loss,3,42,0.28125,0.375,0.39705882352941174,1.0,3.517932891845703,0.650415301322937
693,120,no_hr_loss,3,42,0.359375,0.4375,0.4897959183673469,1.0,3.4066998958587646,0.7128061652183533
694,120,no_hr_loss,3,42,0.4375,0.5,0.484375,1.0,3.570803165435791,0.7425976991653442
695,120,no_hr_loss,3,42,0.3125,0.453125,0.42641509433962266,1.0,2.967273473739624,0.6420570015907288
696,120,no_hr_loss,3,42,0.359375,0.421875,0.5,1.0,2.850029468536377,0.521258533000946
697,120,no_hr_loss,3,42,0.3125,0.3984375,0.4350294365012616,1.0,3.8753585815429688,0.7057939767837524
698,120,no_hr_loss,3,42,0.3828125,0.53125,0.46818181818181814,1.0,3.4602997303009033,0.6520967483520508
699,120,no_hr_loss,3,42,0.328125,0.453125,0.42,1.0,4.768270969390869,1.0409021377563477
700,120,no_hr_loss,3,42,0.296875,0.4375,0.375,1.0,4.713942050933838,0.9177862405776978
701,120,no_hr_loss,3,42,0.3125,0.390625,0.4503284072249589,1.0,3.451047658920288,0.8185759782791138
702,120,no_hr_loss,3,42,0.515625,0.625,0.5211267605633803,1.0,4.572946071624756,0.9473866820335388
703,120,no_hr_loss,3,42,0.3359375,0.453125,0.45138888888888884,1.0,5.4681291580200195,1.0460532903671265
704,120,no_hr_loss,3,42,0.2734375,0.3828125,0.35714285714285715,1.0,3.683246612548828,0.726906955242157
705,120,no_hr_loss,3,42,0.328125,0.484375,0.40202020202020206,1.0,4.812023162841797,1.0153131484985352
706,120,no_hr_loss,3,42,0.3125,0.359375,0.42,1.0,5.755897045135498,1.0351601839065552
707,120,no_hr_loss,3,42,0.296875,0.375,0.4166666666666667,1.0,5.828457832336426,1.001335859298706
708,120,no_hr_loss,3,42,0.578125,0.484375,0.4567901234567901,1.0,2.8297531604766846,0.5635507106781006
709,120,no_hr_loss,3,42,0.3125,0.4765625,0.3555555555555555,1.0,6.480112075805664,1.0948315858840942
710,120,no_hr_loss,3,42,0.265625,0.390625,0.4,1.0,3.549117088317871,0.6500436663627625
711,120,no_hr_loss,3,42,0.296875,0.359375,0.4318181818181818,1.0,5.995993137359619,1.0415388345718384
712,120,no_hr_loss,3,42,0.328125,0.46875,0.4722222222222222,1.0,4.954041004180908,0.9720193147659302
713,120,no_hr_loss,3,42,0.390625,0.453125,0.5,1.0,4.185420036315918,0.7970936894416809
714,120,no_hr_loss,3,42,0.328125,0.453125,0.40341880341880343,1.0,2.7410595417022705,0.6127375960350037
715,120,no_hr_loss,3,42,0.296875,0.390625,0.41304347826086957,1.0,5.861698150634766,0.9102898836135864
716,120,no_hr_loss,3,42,0.3125,0.40625,0.4166666666666667,1.0,3.2396459579467773,0.6982870697975159
717,120,no_hr_loss,3,42,0.4140625,0.671875,0.55,1.0,6.4760284423828125,1.1172668933868408
718,120,no_hr_loss,3,42,0.328125,0.390625,0.43338907469342247,1.0,5.694639205932617,1.100725769996643
719,120,no_hr_loss,3,42,0.296875,0.40625,0.38095238095238093,1.0,3.224111557006836,0.6744882464408875
720,120,no_hr_loss,3,42,0.53125,0.484375,0.4666666666666667,1.0,4.301656246185303,0.7227082848548889
721,120,no_hr_loss,3,42,0.296875,0.4375,0.42857142857142855,1.0,4.998194694519043,0.9471768140792847
722,120,no_hr_loss,3,42,0.3125,0.4140625,0.44494047619047616,1.0,3.3632612228393555,0.7227963805198669
723,120,no_hr_loss,3,42,0.4296875,0.4140625,0.5478606965174129,1.0,4.114495277404785,0.7152931094169617
724,120,no_hr_loss,3,42,0.4140625,0.4609375,0.4950980392156863,1.0,3.0466015338897705,0.6024705171585083
725,120,no_hr_loss,3,42,0.3046875,0.4609375,0.39557683538531696,1.0,3.533139705657959,0.7869864106178284
726,120,no_hr_loss,3,42,0.328125,0.46875,0.46590909090909094,1.0,4.47433614730835,0.8357880711555481
727,120,no_hr_loss,3,42,0.3046875,0.3828125,0.4279176201372997,1.0,4.06504487991333,0.8118650913238525
728,120,no_hr_loss,3,42,0.3046875,0.4609375,0.4145299145299145,1.0,4.468176364898682,0.7467815279960632
729,120,no_hr_loss,3,42,0.328125,0.421875,0.3541666666666667,1.0,4.036496639251709,0.8917225003242493
730,120,no_hr_loss,3,42,0.296875,0.3984375,0.38230769230769235,1.0,4.782761573791504,0.9619174599647522
731,120,no_hr_loss,3,42,0.3125,0.40625,0.4004988913525499,1.0,4.361704349517822,0.9565460681915283
732,120,no_hr_loss,3,42,0.3203125,0.390625,0.40491803278688526,1.0,3.5313987731933594,0.6429627537727356
733,120,no_hr_loss,3,42,0.265625,0.484375,0.34,1.0,4.485556602478027,0.8903124332427979
734,120,no_hr_loss,3,42,0.34375,0.4375,0.4541316526610644,1.0,4.0990495681762695,0.8965980410575867
735,120,no_hr_loss,3,42,0.4765625,0.4765625,0.5037313432835822,1.0,3.9214670658111572,0.8477196097373962
736,120,no_hr_loss,3,42,0.4375,0.46875,0.46153846153846156,1.0,2.9645721912384033,0.5699772834777832
737,120,no_hr_loss,3,42,0.265625,0.359375,0.39705882352941174,1.0,4.50588321685791,0.9675976037979126
738,120,no_hr_loss,3,42,0.265625,0.421875,0.34782608695652173,1.0,3.5097837448120117,0.6077446937561035
739,120,no_hr_loss,3,42,0.40625,0.65625,0.4406779661016949,1.0,4.67588996887207,0.834606409072876
740,120,no_hr_loss,3,42,0.3125,0.421875,0.42857142857142855,1.0,4.148751258850098,0.6842235922813416
741,120,no_hr_loss,3,42,0.265625,0.3828125,0.45028409090909094,1.0,3.331134080886841,0.5829437971115112
742,120,no_hr_loss,3,42,0.265625,0.375,0.39977851605758585,1.0,4.416207790374756,0.8143210411071777
743,120,no_hr_loss,3,42,0.3125,0.421875,0.4166666666666667,1.0,3.5513381958007812,0.8183172345161438
744,120,no_hr_loss,3,42,0.28125,0.453125,0.4411764705882353,1.0,3.6723287105560303,0.7408238053321838
745,120,no_hr_loss,3,42,0.359375,0.46875,0.4756675279931094,1.0,3.6465258598327637,0.6843597888946533
746,120,no_hr_loss,3,42,0.375,0.375,0.423728813559322,1.0,3.7930474281311035,0.6990284323692322
747,120,no_hr_loss,3,42,0.328125,0.421875,0.42857142857142855,1.0,2.4976797103881836,0.5373997092247009
748,120,no_hr_loss,3,42,0.3125,0.359375,0.4270527859237536,1.0,4.042638778686523,0.8868278861045837
749,120,no_hr_loss,3,42,0.234375,0.390625,0.3371212121212121,1.0,4.251952171325684,0.8527912497520447
750,120,no_hr_loss,3,42,0.3046875,0.3984375,0.40379901960784315,1.0,4.516042232513428,0.842128574848175
751,120,no_hr_loss,3,42,0.328125,0.3828125,0.4264354066985646,1.0,3.263413906097412,0.6699428558349609
752,120,no_hr_loss,3,42,0.34375,0.46875,0.4727272727272727,1.0,4.230262279510498,1.0082288980484009
753,120,no_hr_loss,3,42,0.34375,0.4765625,0.5162337662337663,1.0,5.151327133178711,1.1402322053909302
754,120,no_hr_loss,3,42,0.296875,0.421875,0.4222222222222222,1.0,4.230464458465576,0.9067611694335938
755,120,no_hr_loss,3,42,0.328125,0.484375,0.391304347826087,1.0,3.443023681640625,0.8495333194732666
756,120,no_hr_loss,3,42,0.3125,0.40625,0.43478260869565216,1.0,3.7993595600128174,0.7412925362586975
757,120,no_hr_loss,3,42,0.296875,0.4375,0.43902439024390244,1.0,4.731888294219971,0.8814581632614136
758,120,no_hr_loss,3,42,0.296875,0.390625,0.4166666666666667,1.0,4.035680294036865,0.748978316783905
759,120,no_hr_loss,3,42,0.2890625,0.3515625,0.42220801364023874,1.0,4.442883491516113,0.8803597688674927
760,120,no_hr_loss,3,42,0.265625,0.375,0.37209302325581395,1.0,2.8249709606170654,0.5293672680854797
761,120,no_hr_loss,3,42,0.2734375,0.390625,0.38762626262626265,1.0,5.3126912117004395,0.9421122074127197
762,120,no_hr_loss,3,42,0.3671875,0.4453125,0.4442857142857143,1.0,4.66215181350708,0.9927619099617004
763,120,no_hr_loss,3,42,0.3125,0.40625,0.40816326530612246,1.0,5.510880947113037,1.205704927444458
764,120,no_hr_loss,3,42,0.28125,0.40625,0.3787677304964539,1.0,3.8296451568603516,0.732957661151886
765,120,no_hr_loss,3,42,0.3125,0.359375,0.4034552845528455,1.0,3.4503931999206543,0.5878168344497681
766,120,no_hr_loss,3,42,0.3125,0.40625,0.40625,1.0,4.399582862854004,0.859809935092926
767,120,no_hr_loss,3,42,0.25,0.4375,0.4,1.0,2.990738868713379,0.5977696776390076
768,120,no_hr_loss,3,42,0.2890625,0.3984375,0.3932900432900433,1.0,2.4955716133117676,0.612062394618988
769,120,no_hr_loss,3,42,0.3359375,0.4375,0.4015384615384615,1.0,4.626145362854004,0.9454604983329773
770,120,no_hr_loss,3,42,0.34375,0.390625,0.46808510638297873,1.0,4.654727935791016,0.8203030228614807
771,120,no_hr_loss,3,42,0.375,0.453125,0.5243097238895558,1.0,3.743227958679199,0.7253361940383911
772,120,no_hr_loss,3,42,0.375,0.5,0.4660633484162896,1.0,6.39077091217041,0.9454531669616699
773,120,no_hr_loss,3,42,0.2734375,0.4375,0.3989595838335334,1.0,5.372341156005859,0.9455155730247498
774,120,no_hr_loss,3,42,0.3125,0.453125,0.40816326530612246,1.0,6.170103073120117,1.135663390159607
775,120,no_hr_loss,3,42,0.28125,0.4375,0.34782608695652173,1.0,3.4045472145080566,0.680612325668335
776,120,no_hr_loss,3,42,0.375,0.53125,0.43636363636363634,1.0,4.883309364318848,0.8767786622047424
777,120,no_hr_loss,3,42,0.4375,0.484375,0.4745762711864407,1.0,4.50044059753418,0.9491311311721802
778,120,no_hr_loss,3,42,0.3203125,0.3828125,0.4375,1.0,3.1969656944274902,0.638550877571106
779,120,no_hr_loss,3,42,0.3125,0.34375,0.4164244186046512,1.0,4.147613525390625,0.9355853199958801
780,120,no_hr_loss,3,42,0.296875,0.390625,0.39473684210526316,1.0,3.5031566619873047,0.6433441042900085
781,120,no_hr_loss,3,42,0.5078125,0.5,0.5317041892277001,1.0,3.0174670219421387,0.6926734447479248
782,120,no_hr_loss,3,42,0.296875,0.421875,0.3953488372093023,1.0,3.8415496349334717,0.7586400508880615
783,120,no_hr_loss,3,42,0.4296875,0.59375,0.4611791237113402,1.0,2.4752588272094727,0.5039693713188171
784,120,no_hr_loss,3,42,0.3046875,0.5078125,0.4365079365079365,1.0,4.093769550323486,0.8427995443344116
785,120,no_hr_loss,3,42,0.34375,0.375,0.46808510638297873,1.0,4.322333335876465,0.9464566707611084
786,120,no_hr_loss,3,42,0.2890625,0.359375,0.4125,1.0,5.190052032470703,0.9373095631599426
787,120,no_hr_loss,3,42,0.3671875,0.4921875,0.406969696969697,1.0,4.134364128112793,0.8277729749679565
788,120,no_hr_loss,3,42,0.28125,0.40625,0.42105263157894735,1.0,4.164188385009766,0.8406352996826172
789,120,no_hr_loss,3,42,0.328125,0.4375,0.38372093023255816,1.0,5.376296043395996,1.0517722368240356
790,120,no_hr_loss,3,42,0.359375,0.484375,0.3709677419354839,1.0,2.634694814682007,0.5110146403312683
791,120,no_hr_loss,3,42,0.296875,0.3828125,0.3850544888427607,1.0,4.716609954833984,0.7980571389198303
792,120,no_hr_loss,3,42,0.390625,0.5625,0.40816326530612246,1.0,3.7307844161987305,0.6604359745979309
793,120,no_hr_loss,3,42,0.421875,0.46875,0.42857142857142855,1.0,4.22386360168457,0.8491555452346802
794,120,no_hr_loss,3,42,0.296875,0.390625,0.4523809523809524,1.0,5.935427665710449,0.8929847478866577
795,120,no_hr_loss,3,42,0.296875,0.40625,0.4310012836970475,1.0,5.335471153259277,0.8864018321037292
796,120,no_hr_loss,3,42,0.34375,0.515625,0.4583333333333333,1.0,5.438314437866211,0.99676913022995
797,120,no_hr_loss,3,42,0.3515625,0.5234375,0.4182758620689655,1.0,5.356022834777832,1.0451897382736206
798,120,no_hr_loss,3,42,0.421875,0.6015625,0.45222154595252584,1.0,4.3097333908081055,0.7832100987434387
799,120,no_hr_loss,3,42,0.3828125,0.4453125,0.42686072218128224,1.0,4.058432579040527,0.7835732698440552
800,120,no_hr_loss,3,42,0.390625,0.515625,0.352112676056338,1.0,3.951998472213745,0.8223571181297302
801,120,no_hr_loss,3,42,0.359375,0.421875,0.46296296296296297,1.0,3.4862523078918457,0.6172494292259216
802,120,no_hr_loss,3,42,0.3046875,0.40625,0.4369414101290963,1.0,3.4292168617248535,0.6708057522773743
803,120,no_hr_loss,3,42,0.3203125,0.5,0.41363636363636364,1.0,4.270270347595215,0.7762418985366821
804,120,no_hr_loss,3,42,0.3125,0.4609375,0.4695121951219512,1.0,3.4412543773651123,0.7936660647392273
805,120,no_hr_loss,3,42,0.28125,0.359375,0.39861111111111114,1.0,4.6400957107543945,0.8551609516143799
806,120,no_hr_loss,3,42,0.3125,0.390625,0.5,1.0,3.301818370819092,0.6894871592521667
807,120,no_hr_loss,3,42,0.328125,0.484375,0.5,1.0,5.957103729248047,1.032408595085144
808,120,no_hr_loss,3,42,0.40625,0.5859375,0.39991181657848324,1.0,3.745054244995117,0.7349898815155029
809,120,no_hr_loss,3,42,0.296875,0.4296875,0.4064625850340136,1.0,4.3119215965271,0.8819776773452759
810,120,no_hr_loss,3,42,0.296875,0.359375,0.3958333333333333,1.0,4.195875644683838,0.7716667652130127
811,120,no_hr_loss,3,42,0.359375,0.46875,0.46,1.0,7.997982025146484,1.2472554445266724
812,120,no_hr_loss,3,42,0.3203125,0.4609375,0.40353598014888337,1.0,2.9231338500976562,0.655715823173523
813,120,no_hr_loss,3,42,0.265625,0.3984375,0.3618659420289855,1.0,3.7811403274536133,0.7381683588027954
814,120,no_hr_loss,3,42,0.4140625,0.5078125,0.476027397260274,1.0,3.692430019378662,0.7444108128547668
815,120,no_hr_loss,3,42,0.390625,0.53125,0.42424242424242425,1.0,3.80828595161438,0.8713015913963318
816,120,no_hr_loss,3,42,0.296875,0.421875,0.40476190476190477,1.0,4.500460624694824,0.9977023601531982
817,120,no_hr_loss,3,42,0.359375,0.5,0.45098039215686275,1.0,4.717101097106934,0.8695706725120544
818,120,no_hr_loss,3,42,0.4375,0.515625,0.43209876543209874,1.0,2.611149311065674,0.5578929781913757
819,120,no_hr_loss,3,42,0.28125,0.375,0.4195969125214408,1.0,5.90225887298584,0.8923715353012085
820,120,no_hr_loss,3,42,0.375,0.40625,0.45652173913043476,1.0,5.554599285125732,1.0171585083007812
821,120,no_hr_loss,3,42,0.3515625,0.453125,0.5218402688033084,1.0,4.730474472045898,0.9466617703437805
822,120,no_hr_loss,3,42,0.296875,0.359375,0.46808510638297873,1.0,5.407430648803711,1.0004593133926392
823,120,no_hr_loss,3,42,0.3046875,0.40625,0.41333333333333333,1.0,3.0869016647338867,0.7641417980194092
824,120,no_hr_loss,3,42,0.28125,0.375,0.4489795918367347,1.0,4.140421390533447,0.8455076217651367
825,120,no_hr_loss,3,42,0.3984375,0.4375,0.48972746331236894,1.0,5.14271354675293,0.9847549796104431
826,120,no_hr_loss,3,42,0.328125,0.453125,0.4423076923076923,1.0,6.885354042053223,1.1169474124908447
827,120,no_hr_loss,3,42,0.296875,0.46875,0.42,1.0,2.686807632446289,0.5774280428886414
828,120,no_hr_loss,3,42,0.28125,0.375,0.4,1.0,4.522141456604004,0.8836256861686707
829,120,no_hr_loss,3,42,0.375,0.421875,0.46296296296296297,1.0,4.489772796630859,0.8387249708175659
830,120,no_hr_loss,3,42,0.3046875,0.484375,0.376056338028169,1.0,3.768573045730591,0.6278425455093384
831,120,no_hr_loss,3,42,0.3203125,0.5234375,0.3875,1.0,3.7572433948516846,0.8306471109390259
832,120,no_hr_loss,3,42,0.40625,0.46875,0.4375,1.0,4.54093074798584,0.8397547006607056
833,120,no_hr_loss,3,42,0.375,0.46875,0.4482758620689655,1.0,4.752018451690674,1.006107211112976
834,120,no_hr_loss,3,42,0.2734375,0.421875,0.42678571428571427,1.0,3.9832921028137207,0.9033463001251221
835,120,no_hr_loss,3,42,0.28125,0.3671875,0.4138477801268499,1.0,3.8086209297180176,0.7809618711471558
836,120,no_hr_loss,3,42,0.296875,0.375,0.4338578088578089,1.0,3.490786552429199,0.6230624914169312
837,120,no_hr_loss,3,42,0.328125,0.4375,0.5,1.0,5.249469757080078,0.814974308013916
838,120,no_hr_loss,3,42,0.296875,0.5,0.3793103448275862,1.0,3.709775924682617,0.7704497575759888
839,120,no_hr_loss,3,42,0.40625,0.421875,0.5294117647058824,1.0,3.1810994148254395,0.7479543685913086
840,120,no_hr_loss,3,42,0.2890625,0.40625,0.4092244418331375,1.0,4.558197021484375,0.8784414529800415
841,120,no_hr_loss,3,42,0.296875,0.375,0.4375,1.0,5.341611862182617,0.8298600316047668
842,120,no_hr_loss,3,42,0.453125,0.4453125,0.5317567567567567,1.0,4.086302757263184,0.9780569076538086
843,120,no_hr_loss,3,42,0.40625,0.421875,0.40476190476190477,1.0,4.249162673950195,0.9109346866607666
844,120,no_hr_loss,3,42,0.296875,0.484375,0.37777777777777777,1.0,3.5954744815826416,0.7231781482696533
845,120,no_hr_loss,3,42,0.265625,0.453125,0.375,1.0,3.604346990585327,0.8088704943656921
846,120,no_hr_loss,3,42,0.296875,0.421875,0.4,1.0,4.247488498687744,0.946922779083252
847,120,no_hr_loss,3,42,0.296875,0.4375,0.4090909090909091,1.0,2.4385533332824707,0.5514630079269409
848,120,no_hr_loss,3,42,0.421875,0.515625,0.4444444444444444,1.0,4.313553810119629,0.8758857250213623
849,120,no_hr_loss,3,42,0.3359375,0.5859375,0.47087132725430597,1.0,2.6236228942871094,0.5248589515686035
850,120,no_hr_loss,3,42,0.359375,0.515625,0.4666666666666667,1.0,3.514528751373291,0.8025735020637512
851,120,no_hr_loss,3,42,0.453125,0.4375,0.43137254901960786,1.0,4.067196369171143,0.987354576587677
852,120,no_hr_loss,3,42,0.265625,0.390625,0.375,1.0,5.475109100341797,0.9707357287406921
853,120,no_hr_loss,3,42,0.3359375,0.4375,0.41641337386018235,1.0,3.1188430786132812,0.7571802735328674
854,120,no_hr_loss,3,42,0.3125,0.46875,0.3673469387755102,1.0,3.023435592651367,0.6951460838317871
855,120,no_hr_loss,3,42,0.328125,0.453125,0.4240196078431373,1.0,3.6091394424438477,0.7462517023086548
856,120,no_hr_loss,3,42,0.28125,0.40625,0.41379310344827586,1.0,3.423525810241699,0.7597247362136841
857,120,no_hr_loss,3,42,0.453125,0.578125,0.4603174603174603,1.0,4.422143936157227,1.0112682580947876
858,120,no_hr_loss,3,42,0.359375,0.453125,0.43543956043956045,1.0,4.397261142730713,0.9593040347099304
859,120,no_hr_loss,3,42,0.3203125,0.4765625,0.4136661211129296,1.0,4.181675910949707,0.7700010538101196
860,120,no_hr_loss,3,42,0.46875,0.609375,0.5357142857142857,1.0,2.8214783668518066,0.6798709630966187
861,120,no_hr_loss,3,42,0.390625,0.484375,0.423728813559322,1.0,4.332886695861816,0.8430516123771667
862,120,no_hr_loss,3,42,0.3828125,0.5390625,0.4405320813771518,1.0,3.988564968109131,0.8547026515007019
863,120,no_hr_loss,3,42,0.375,0.5,0.4423076923076923,1.0,2.885051727294922,0.590967059135437
864,120,no_hr_loss,3,42,0.46875,0.5703125,0.5012012012012012,1.0,2.0329277515411377,0.45479437708854675
865,120,no_hr_loss,3,42,0.296875,0.359375,0.42109929078014185,1.0,5.543907642364502,1.0408082008361816
866,120,no_hr_loss,3,42,0.296875,0.375,0.475,1.0,4.955654144287109,1.1140666007995605
867,120,no_hr_loss,3,42,0.3203125,0.421875,0.4499516441005803,1.0,5.932879447937012,1.0147273540496826
868,120,no_hr_loss,3,42,0.453125,0.390625,0.5517241379310345,1.0,7.299359321594238,1.2325377464294434
869,120,no_hr_loss,3,42,0.296875,0.40625,0.3695652173913043,1.0,5.022024631500244,0.8277329206466675
870,120,no_hr_loss,3,42,0.3046875,0.4453125,0.4142300194931774,1.0,3.8178563117980957,0.7706480622291565
871,120,no_hr_loss,3,42,0.34375,0.5625,0.41304347826086957,1.0,3.5336408615112305,0.7093349099159241
872,120,no_hr_loss,3,42,0.3203125,0.3828125,0.4181818181818182,1.0,5.24759578704834,0.9548447728157043
873,120,no_hr_loss,3,42,0.2890625,0.4296875,0.3741816693944353,1.0,4.399726867675781,1.0515449047088623
874,120,no_hr_loss,3,42,0.2734375,0.34375,0.4083333333333333,1.0,5.259113311767578,0.9056429862976074
875,120,no_hr_loss,3,42,0.328125,0.390625,0.4583333333333333,1.0,5.093949794769287,0.8317943215370178
876,120,no_hr_loss,3,42,0.328125,0.4453125,0.39607843137254906,1.0,4.338348865509033,0.8269016742706299
877,120,no_hr_loss,3,42,0.40625,0.484375,0.4696969696969697,1.0,3.6630501747131348,0.6819933652877808
878,120,no_hr_loss,3,42,0.359375,0.40625,0.40350877192982454,1.0,4.8259172439575195,0.979897141456604
879,120,no_hr_loss,3,42,0.265625,0.4375,0.36538461538461536,1.0,2.9345598220825195,0.6537976264953613
880,120,no_hr_loss,3,42,0.328125,0.40625,0.4772727272727273,1.0,4.603084564208984,0.8092742562294006
881,120,no_hr_loss,3,42,0.4453125,0.4921875,0.5073529411764706,1.0,5.065683841705322,0.9359531402587891
882,120,no_hr_loss,3,42,0.265625,0.390625,0.3829787234042553,1.0,2.633762836456299,0.6517823338508606
883,120,no_hr_loss,3,42,0.359375,0.484375,0.4375,1.0,3.1714324951171875,0.6957544088363647
884,120,no_hr_loss,3,42,0.2890625,0.4453125,0.3853669127225358,1.0,4.1793904304504395,0.8801932334899902
885,120,no_hr_loss,3,42,0.421875,0.5,0.4576271186440678,1.0,7.075966835021973,1.3442068099975586
886,120,no_hr_loss,3,42,0.34375,0.421875,0.4642857142857143,1.0,4.514852523803711,0.8429626822471619
887,120,no_hr_loss,3,42,0.3125,0.453125,0.40476190476190477,1.0,4.044553756713867,0.8817406296730042
888,120,no_hr_loss,3,42,0.359375,0.390625,0.47368421052631576,1.0,3.8614251613616943,0.820332407951355
889,120,no_hr_loss,3,42,0.3046875,0.5859375,0.36335784313725494,1.0,3.8364083766937256,0.8395070433616638
890,120,no_hr_loss,3,42,0.34375,0.484375,0.4230769230769231,1.0,4.371829509735107,0.9174861311912537
891,120,no_hr_loss,3,42,0.3984375,0.578125,0.4396774193548387,1.0,4.845620155334473,1.0082333087921143
892,120,no_hr_loss,3,42,0.3125,0.46875,0.43859649122807015,1.0,3.4582743644714355,0.8412349224090576
893,120,no_hr_loss,3,42,0.34375,0.4375,0.4375,1.0,5.296322822570801,1.2311376333236694
894,120,no_hr_loss,3,42,0.375,0.484375,0.4339622641509434,1.0,3.8331551551818848,0.7325210571289062
895,120,no_hr_loss,3,42,0.34375,0.4453125,0.46802721088435373,1.0,4.544011116027832,0.828409731388092
896,120,no_hr_loss,3,42,0.453125,0.53125,0.5066322770817981,1.0,3.5830984115600586,0.7233919501304626
897,120,no_hr_loss,3,42,0.28125,0.421875,0.40476190476190477,1.0,3.5204782485961914,0.7316078543663025
898,120,no_hr_loss,3,42,0.2890625,0.3515625,0.4235938277750124,1.0,3.684427499771118,0.5983913540840149
899,120,no_hr_loss,3,42,0.328125,0.453125,0.3968253968253968,1.0,3.197514057159424,0.7906801700592041
900,120,no_hr_loss,3,42,0.359375,0.4765625,0.48459828516989517,1.0,4.282190799713135,1.0089305639266968
901,120,no_hr_loss,3,42,0.4375,0.5078125,0.5497835497835498,1.0,2.426570177078247,0.5745615363121033
902,120,no_hr_loss,3,42,0.34375,0.3984375,0.45552884615384615,1.0,4.736820220947266,1.0707885026931763
903,120,no_hr_loss,3,42,0.3125,0.375,0.4117647058823529,1.0,6.652400493621826,1.1083639860153198
904,120,no_hr_loss,3,42,0.390625,0.4375,0.423728813559322,1.0,3.368244171142578,0.7337417602539062
905,120,no_hr_loss,3,42,0.34375,0.515625,0.42857142857142855,1.0,4.813082218170166,0.8316968083381653
906,120,no_hr_loss,3,42,0.2890625,0.3984375,0.4059477756286267,1.0,4.4532318115234375,0.9081746935844421
907,120,no_hr_loss,3,42,0.34375,0.515625,0.42206477732793524,1.0,3.600691795349121,0.8285232186317444
908,120,no_hr_loss,3,42,0.375,0.46875,0.37037037037037035,1.0,3.428208827972412,0.759843111038208
909,120,no_hr_loss,3,42,0.3046875,0.359375,0.3944353518821604,1.0,5.408168792724609,1.1295857429504395
910,120,no_hr_loss,3,42,0.3125,0.375,0.42857142857142855,1.0,5.214702606201172,0.9015301465988159
911,120,no_hr_loss,3,42,0.328125,0.390625,0.46296296296296297,1.0,4.8617167472839355,1.0060367584228516
912,120,no_hr_loss,3,42,0.3125,0.34375,0.43478260869565216,1.0,3.2796902656555176,0.7287570834159851
913,120,no_hr_loss,3,42,0.3203125,0.4375,0.44542002847650686,1.0,4.519612789154053,0.8694366812705994
914,120,no_hr_loss,3,42,0.34375,0.4765625,0.43618641486445325,1.0,5.5261383056640625,1.2062149047851562
915,120,no_hr_loss,3,42,0.4296875,0.5625,0.4261501210653753,1.0,5.117222785949707,0.986139178276062
916,120,no_hr_loss,3,42,0.34375,0.4296875,0.45140232108317213,1.0,3.9109809398651123,0.7699199914932251
917,120,no_hr_loss,3,42,0.390625,0.4453125,0.49086956521739133,1.0,4.1164116859436035,0.9281308054924011
918,120,no_hr_loss,3,42,0.3984375,0.5234375,0.43459191456903123,1.0,4.694248199462891,0.9587469100952148
919,120,no_hr_loss,3,42,0.359375,0.53125,0.4489795918367347,1.0,3.275552988052368,0.6427862644195557
920,120,no_hr_loss,3,42,0.3125,0.484375,0.38461538461538464,1.0,5.23466682434082,0.8650205731391907
921,120,no_hr_loss,3,42,0.296875,0.390625,0.3958333333333333,1.0,4.830545425415039,0.773857057094574
922,120,no_hr_loss,3,42,0.3125,0.40625,0.42220801364023874,1.0,5.0840325355529785,1.1275835037231445
923,120,no_hr_loss,3,42,0.34375,0.3671875,0.441470927993839,1.0,3.8479785919189453,0.8885265588760376
924,120,no_hr_loss,3,42,0.28125,0.375,0.40540540540540543,1.0,3.2935376167297363,0.7124879956245422
925,120,no_hr_loss,3,42,0.4296875,0.625,0.4483530961791832,1.0,3.3063056468963623,0.7166325449943542
926,120,no_hr_loss,3,42,0.28125,0.34375,0.42857142857142855,1.0,5.458193778991699,1.0447064638137817
927,120,no_hr_loss,3,42,0.3125,0.453125,0.41658240647118305,1.0,4.264412879943848,0.9264197945594788
928,120,no_hr_loss,3,42,0.4375,0.453125,0.46875,1.0,5.5666046142578125,0.9924091696739197
929,120,no_hr_loss,3,42,0.390625,0.4921875,0.4532312925170068,1.0,5.18496036529541,0.838254451751709
930,120,no_hr_loss,3,42,0.421875,0.5,0.47914409534127844,1.0,4.518949031829834,0.7433478832244873
931,120,no_hr_loss,3,42,0.453125,0.5625,0.4915254237288136,1.0,4.765495300292969,0.8714170455932617
932,120,no_hr_loss,3,42,0.546875,0.5234375,0.5681818181818181,1.0,3.752788543701172,0.865347146987915
933,120,no_hr_loss,3,42,0.3125,0.4375,0.43493909191583613,1.0,2.837979316711426,0.6699725985527039
934,120,no_hr_loss,3,42,0.3046875,0.40625,0.4633333333333334,1.0,4.477447986602783,0.946951687335968
935,120,no_hr_loss,3,42,0.390625,0.484375,0.43103448275862066,1.0,5.222437858581543,0.8990918397903442
936,120,no_hr_loss,3,42,0.46875,0.53125,0.4838709677419355,1.0,5.2969512939453125,1.17949640750885
937,120,no_hr_loss,3,42,0.359375,0.46875,0.48936170212765956,1.0,7.80551815032959,1.2140380144119263
938,120,no_hr_loss,3,42,0.328125,0.5,0.3448275862068966,1.0,5.593663215637207,0.9038369059562683
939,120,no_hr_loss,3,42,0.328125,0.421875,0.425531914893617,1.0,3.5335893630981445,0.6416828632354736
940,120,no_hr_loss,3,42,0.359375,0.4765625,0.4295101553166069,1.0,5.453605651855469,0.770553708076477
941,120,no_hr_loss,3,42,0.296875,0.359375,0.41304347826086957,1.0,5.952425956726074,1.2453075647354126
942,120,no_hr_loss,3,42,0.3125,0.453125,0.425531914893617,1.0,5.16349983215332,1.2158429622650146
943,120,no_hr_loss,3,42,0.34375,0.46875,0.46,1.0,4.083852291107178,0.8442322611808777
944,120,no_hr_loss,3,42,0.3125,0.4140625,0.39365079365079364,1.0,3.5331907272338867,0.7753246426582336
945,120,no_hr_loss,3,42,0.296875,0.359375,0.4358974358974359,1.0,4.259143829345703,0.8345087766647339
946,120,no_hr_loss,3,42,0.265625,0.359375,0.425,1.0,5.877470016479492,1.1736805438995361
947,120,no_hr_loss,3,42,0.3671875,0.4296875,0.4845132743362832,1.0,7.459648132324219,1.2381319999694824
948,120,no_hr_loss,3,42,0.296875,0.4140625,0.46411483253588515,1.0,4.482505798339844,0.9551119804382324
949,120,no_hr_loss,3,42,0.296875,0.421875,0.4024621212121212,1.0,3.2011265754699707,0.6541603803634644
950,120,no_hr_loss,3,42,0.5078125,0.8828125,0.45530303030303027,1.0,2.278585195541382,0.5165426135063171
951,120,no_hr_loss,3,42,0.2890625,0.4140625,0.39644607843137253,1.0,2.5900282859802246,0.5273259282112122
952,120,no_hr_loss,3,42,0.4140625,0.390625,0.4854849726775956,1.0,4.687746047973633,0.8072506785392761
953,120,no_hr_loss,3,42,0.28125,0.4140625,0.35144927536231885,1.0,4.001896858215332,0.8922824859619141
954,120,no_hr_loss,3,42,0.359375,0.375,0.4564150943396227,1.0,5.490873336791992,1.0923925638198853
955,120,no_hr_loss,3,42,0.265625,0.453125,0.3541666666666667,1.0,3.3746049404144287,0.6433731317520142
956,120,no_hr_loss,3,42,0.34375,0.3515625,0.45068027210884354,1.0,4.973391532897949,0.9470708966255188
957,120,no_hr_loss,3,42,0.3046875,0.4453125,0.40652173913043477,1.0,2.8814709186553955,0.5798614025115967
958,120,no_hr_loss,3,42,0.296875,0.5,0.37037037037037035,1.0,5.031580924987793,0.9867534041404724
959,120,no_hr_loss,3,42,0.59375,0.5546875,0.528651360216091,1.0,2.544553279876709,0.5914367437362671
960,120,no_hr_loss,3,42,0.40625,0.59375,0.4170624151967436,1.0,1.9905235767364502,0.5394343137741089
961,120,no_hr_loss,3,42,0.296875,0.421875,0.39622641509433965,1.0,2.8461477756500244,0.5685869455337524
962,120,no_hr_loss,3,42,0.3359375,0.4765625,0.43928035982008995,1.0,4.485909938812256,0.8739425539970398
963,120,no_hr_loss,3,42,0.40625,0.453125,0.5135135135135135,1.0,4.19460391998291,0.8593077063560486
964,120,no_hr_loss,3,42,0.421875,0.5,0.5238095238095238,1.0,4.1132917404174805,0.8322262167930603
965,120,no_hr_loss,3,42,0.328125,0.421875,0.39622641509433965,1.0,2.6353018283843994,0.5615277290344238
966,120,no_hr_loss,3,42,0.328125,0.453125,0.4046257796257796,1.0,4.444530487060547,0.8680139183998108
967,120,no_hr_loss,3,42,0.3515625,0.4375,0.4292763157894737,1.0,3.854793071746826,0.609075665473938
968,120,no_hr_loss,3,42,0.3203125,0.5390625,0.38181818181818183,1.0,6.301175594329834,1.150919795036316
969,120,no_hr_loss,3,42,0.359375,0.46875,0.4342857142857143,1.0,5.644242286682129,1.0820914506912231
970,120,no_hr_loss,3,42,0.5,0.5,0.4266666666666667,1.0,4.049832344055176,0.7702020406723022
971,120,no_hr_loss,3,42,0.4296875,0.484375,0.5182599355531686,1.0,3.602750301361084,0.8748311400413513
972,120,no_hr_loss,3,42,0.328125,0.421875,0.41317254174397033,1.0,4.804081439971924,1.136833667755127
973,120,no_hr_loss,3,42,0.390625,0.453125,0.4423076923076923,1.0,3.521963596343994,0.7244195938110352
974,120,no_hr_loss,3,42,0.375,0.34375,0.5,1.0,3.539365768432617,0.7340745329856873
975,120,no_hr_loss,3,42,0.3671875,0.546875,0.4429590017825312,1.0,5.504549026489258,0.9915123581886292
976,120,no_hr_loss,3,42,0.34375,0.4921875,0.38633818589025753,1.0,3.1452457904815674,0.5895358920097351
977,120,no_hr_loss,3,42,0.421875,0.453125,0.48214285714285715,1.0,4.841208457946777,0.9572207927703857
978,120,no_hr_loss,3,42,0.265625,0.40625,0.3541666666666667,1.0,4.45605993270874,0.9394412636756897
979,120,no_hr_loss,3,42,0.375,0.609375,0.47619047619047616,1.0,3.0795388221740723,0.669821560382843
980,120,no_hr_loss,3,42,0.4921875,0.6640625,0.5032432432432432,1.0,4.865240097045898,0.9402044415473938
981,120,no_hr_loss,3,42,0.390625,0.46875,0.40761689291101055,1.0,3.308529853820801,0.5847886800765991
982,120,no_hr_loss,3,42,0.375,0.578125,0.43478260869565216,1.0,4.198041915893555,0.797993004322052
983,120,no_hr_loss,3,42,0.3125,0.453125,0.4864864864864865,1.0,6.069850921630859,1.0322680473327637
984,120,no_hr_loss,3,42,0.2890625,0.4140625,0.3979166666666667,1.0,4.002052307128906,0.7642611861228943
985,120,no_hr_loss,3,42,0.2734375,0.4296875,0.37675070028011204,1.0,2.3526577949523926,0.4811367392539978
986,120,no_hr_loss,3,42,0.3125,0.46875,0.43137254901960786,1.0,3.502499580383301,0.724095344543457
987,120,no_hr_loss,3,42,0.3828125,0.5078125,0.42300194931773877,1.0,4.591808319091797,0.8337514400482178
988,120,no_hr_loss,3,42,0.28125,0.5234375,0.3826219512195122,1.0,5.147726058959961,0.9365913271903992
989,120,no_hr_loss,3,42,0.3359375,0.40625,0.43617021276595747,1.0,4.943531036376953,1.008320689201355
990,120,no_hr_loss,3,42,0.3828125,0.4921875,0.4165341812400636,1.0,3.992542028427124,0.902155876159668
991,120,no_hr_loss,3,42,0.3125,0.46875,0.4,1.0,4.92867374420166,0.9655854105949402
992,120,no_hr_loss,3,42,0.390625,0.5,0.4510357815442561,1.0,5.419321060180664,0.9722598195075989
993,120,no_hr_loss,3,42,0.265625,0.3359375,0.3908562367864693,1.0,5.548717021942139,1.032966136932373
994,120,no_hr_loss,3,42,0.296875,0.40625,0.37777777777777777,1.0,4.912569999694824,1.009136438369751
995,120,no_hr_loss,3,42,0.328125,0.375,0.4375,1.0,5.863515377044678,1.1471786499023438
996,120,no_hr_loss,3,42,0.375,0.40625,0.4703846153846154,1.0,5.1478986740112305,0.85604327917099
997,120,no_hr_loss,3,42,0.3203125,0.3984375,0.4569520039584364,1.0,5.348587989807129,1.0770121812820435
998,120,no_hr_loss,3,42,0.34375,0.421875,0.4125,1.0,3.092400550842285,0.669368326663971
999,120,no_hr_loss,3,42,0.328125,0.4375,0.38885778275475924,1.0,4.702249526977539,0.8049523830413818
