index,target_hr,method,fold,seed,rise_time_s,width50_s,rise_cycle_ratio,beat_extraction_success,amplitude_range,amplitude_std
0,60,gaussian,2,43,0.625,0.28125,0.625,1.0,1.6601300239562988,0.5231876969337463
1,60,gaussian,2,43,0.3125,0.59375,0.3125,1.0,0.840129017829895,0.2608872354030609
2,60,gaussian,2,43,0.296875,0.59375,0.296875,1.0,1.7233504056930542,0.5749242305755615
3,60,gaussian,2,43,0.375,0.375,0.375,1.0,1.1743202209472656,0.4033990800380707
4,60,gaussian,2,43,0.515625,0.625,0.515625,1.0,1.0675692558288574,0.36311978101730347
5,60,gaussian,2,43,0.421875,0.640625,0.421875,1.0,0.9135143756866455,0.29066935181617737
6,60,gaussian,2,43,0.59375,0.421875,0.59375,1.0,3.260185956954956,1.1021677255630493
7,60,gaussian,2,43,0.40625,0.46875,0.40625,1.0,7.44306755065918,2.492766857147217
8,60,gaussian,2,43,0.328125,0.390625,0.328125,1.0,2.1228253841400146,0.6343156099319458
9,60,gaussian,2,43,0.609375,0.65625,0.609375,1.0,0.8558847308158875,0.2794182002544403
10,60,gaussian,2,43,0.484375,0.359375,0.484375,1.0,0.6002451181411743,0.22149884700775146
11,60,gaussian,2,43,0.265625,0.609375,0.265625,1.0,0.5919052958488464,0.17501330375671387
12,60,gaussian,2,43,0.34375,0.625,0.34375,1.0,5.327312469482422,1.8274517059326172
13,60,gaussian,2,43,0.34375,0.40625,0.34375,1.0,1.6169002056121826,0.6221461296081543
14,60,gaussian,2,43,0.515625,0.609375,0.515625,1.0,0.32052716612815857,0.11039071530103683
15,60,gaussian,2,43,0.359375,0.578125,0.359375,1.0,1.0470871925354004,0.3284588158130646
16,60,gaussian,2,43,0.5625,0.625,0.5625,1.0,3.502495765686035,1.1384011507034302
17,60,gaussian,2,43,0.328125,0.640625,0.328125,1.0,0.9710783362388611,0.35269999504089355
18,60,gaussian,2,43,0.46875,0.515625,0.46875,1.0,1.4676644802093506,0.481052964925766
19,60,gaussian,2,43,0.484375,0.5625,0.484375,1.0,3.562169075012207,1.211495041847229
20,60,gaussian,2,43,0.625,0.28125,0.625,1.0,1.6621086597442627,0.5231876373291016
21,60,gaussian,2,43,0.46875,0.421875,0.46875,1.0,1.0766372680664062,0.3591555058956146
22,60,gaussian,2,43,0.34375,0.546875,0.34375,1.0,2.9324252605438232,0.9487688541412354
23,60,gaussian,2,43,0.2734375,0.25,0.5637651821862348,1.0,8.577280044555664,2.520333766937256
24,60,gaussian,2,43,0.5,0.375,0.5,1.0,1.9010257720947266,0.6666580438613892
25,60,gaussian,2,43,0.265625,0.609375,0.265625,1.0,2.0943150520324707,0.7117182016372681
26,60,gaussian,2,43,0.65625,0.625,0.65625,1.0,3.23763370513916,0.9900447130203247
27,60,gaussian,2,43,0.46875,0.421875,0.46875,1.0,1.2133742570877075,0.42931893467903137
28,60,gaussian,2,43,0.4375,0.5,0.4375,1.0,4.344231605529785,1.4841581583023071
29,60,gaussian,2,43,0.5,0.59375,0.5,1.0,2.412642478942871,0.8515648245811462
30,60,gaussian,2,43,0.28125,0.640625,0.28125,1.0,1.9024100303649902,0.6339000463485718
31,60,gaussian,2,43,0.515625,0.203125,0.515625,1.0,4.493243217468262,1.4915754795074463
32,60,gaussian,2,43,0.328125,0.625,0.328125,1.0,1.3275012969970703,0.4652848243713379
33,60,gaussian,2,43,0.28125,0.59375,0.28125,1.0,1.3046185970306396,0.4494844675064087
34,60,gaussian,2,43,0.265625,0.578125,0.265625,1.0,2.5830206871032715,0.8640283346176147
35,60,gaussian,2,43,0.453125,0.59375,0.453125,1.0,1.3764045238494873,0.4592988193035126
36,60,gaussian,2,43,0.234375,0.265625,0.6,1.0,1.5437836647033691,0.474712997674942
37,60,gaussian,2,43,0.671875,0.5625,0.671875,1.0,0.6535074710845947,0.23424117267131805
38,60,gaussian,2,43,0.34375,0.5625,0.34375,1.0,1.4464924335479736,0.4719803035259247
39,60,gaussian,2,43,0.5,0.578125,0.5,1.0,3.5636866092681885,1.2114949226379395
40,60,gaussian,2,43,0.46875,0.609375,0.46875,1.0,2.113908290863037,0.7533960342407227
41,60,gaussian,2,43,0.265625,0.578125,0.265625,1.0,1.1288334131240845,0.3776940703392029
42,60,gaussian,2,43,0.3125,0.3125,0.3125,1.0,0.6437729597091675,0.19430936872959137
43,60,gaussian,2,43,0.328125,0.453125,0.328125,1.0,3.082791805267334,0.9702222943305969
44,60,gaussian,2,43,0.171875,0.171875,0.28205128205128205,1.0,1.6285934448242188,0.5394809246063232
45,60,gaussian,2,43,0.328125,0.359375,0.328125,1.0,2.6727826595306396,0.8203055262565613
46,60,gaussian,2,43,0.4375,0.390625,0.4375,1.0,2.7766778469085693,0.8767605423927307
47,60,gaussian,2,43,0.2265625,0.234375,0.46176470588235297,1.0,6.2407732009887695,1.9795645475387573
48,60,gaussian,2,43,0.78125,0.171875,0.78125,1.0,1.416801929473877,0.3746497631072998
49,60,gaussian,2,43,0.2578125,0.25,0.5257936507936507,1.0,3.6697075366973877,1.0623297691345215
50,60,gaussian,2,43,0.375,0.390625,0.375,1.0,5.084870338439941,1.6708236932754517
51,60,gaussian,2,43,0.640625,0.28125,0.640625,1.0,1.662083625793457,0.5231876373291016
52,60,gaussian,2,43,,,,0.0,0.12887953221797943,0.04508692026138306
53,60,gaussian,2,43,0.421875,0.640625,0.421875,1.0,4.534279823303223,1.5595146417617798
54,60,gaussian,2,43,0.234375,0.2421875,0.4643206256109482,1.0,2.5317325592041016,0.7922422289848328
55,60,gaussian,2,43,0.265625,0.578125,0.265625,1.0,2.5857391357421875,0.8640283346176147
56,60,gaussian,2,43,0.6875,0.375,0.6875,1.0,1.997036099433899,0.5805055499076843
57,60,gaussian,2,43,0.3125,0.578125,0.3125,1.0,1.0011825561523438,0.3011758625507355
58,60,gaussian,2,43,0.296875,0.546875,0.296875,1.0,2.14208722114563,0.6977400183677673
59,60,gaussian,2,43,0.40625,0.5,0.40625,1.0,0.6071792244911194,0.19401869177818298
60,60,gaussian,2,43,0.265625,0.59375,0.265625,1.0,1.925856113433838,0.6534308791160583
61,60,gaussian,2,43,0.546875,0.609375,0.546875,1.0,0.5629650950431824,0.19141052663326263
62,60,gaussian,2,43,0.421875,0.484375,0.421875,1.0,3.387373924255371,1.0932482481002808
63,60,gaussian,2,43,0.390625,0.625,0.390625,1.0,3.7329909801483154,1.1929211616516113
64,60,gaussian,2,43,0.53125,0.59375,0.53125,1.0,0.7943828105926514,0.288053423166275
65,60,gaussian,2,43,0.703125,0.53125,0.703125,1.0,2.2372097969055176,0.6756995916366577
66,60,gaussian,2,43,0.265625,0.2578125,0.5021645021645021,1.0,4.05368709564209,1.2177233695983887
67,60,gaussian,2,43,0.265625,0.59375,0.265625,1.0,2.253140449523926,0.7199023365974426
68,60,gaussian,2,43,0.25,0.59375,0.25,1.0,2.3159067630767822,0.7450001239776611
69,60,gaussian,2,43,0.296875,0.59375,0.296875,1.0,2.6846556663513184,0.9313706755638123
70,60,gaussian,2,43,0.3125,0.59375,0.3125,1.0,1.3774750232696533,0.46302318572998047
71,60,gaussian,2,43,0.296875,0.640625,0.296875,1.0,3.322516441345215,1.170964241027832
72,60,gaussian,2,43,0.25,0.2421875,0.5225225225225225,1.0,4.280752658843994,1.363714337348938
73,60,gaussian,2,43,0.65625,0.609375,0.65625,1.0,4.432251453399658,1.405126690864563
74,60,gaussian,2,43,0.421875,0.546875,0.421875,1.0,1.886648416519165,0.6070054769515991
75,60,gaussian,2,43,0.28125,0.578125,0.28125,1.0,4.02227783203125,1.1895338296890259
76,60,gaussian,2,43,0.53125,0.609375,0.53125,1.0,1.5985753536224365,0.5762444734573364
77,60,gaussian,2,43,,,,0.0,0.22512325644493103,0.06881078332662582
78,60,gaussian,2,43,0.3125,0.59375,0.3125,1.0,0.5307040810585022,0.1734735369682312
79,60,gaussian,2,43,0.4375,0.59375,0.4375,1.0,3.3377041816711426,1.0579887628555298
80,60,gaussian,2,43,0.28125,0.609375,0.28125,1.0,0.6045159697532654,0.2001534402370453
81,60,gaussian,2,43,0.34375,0.4375,0.34375,1.0,3.0864171981811523,0.9702222943305969
82,60,gaussian,2,43,0.359375,0.375,0.359375,1.0,1.0847573280334473,0.34760817885398865
83,60,gaussian,2,43,0.609375,0.390625,0.609375,1.0,5.1126298904418945,1.7535512447357178
84,60,gaussian,2,43,0.25,0.265625,0.43243243243243246,1.0,1.0233792066574097,0.2696886360645294
85,60,gaussian,2,43,0.5,0.375,0.5,1.0,1.9002859592437744,0.6666580438613892
86,60,gaussian,2,43,0.484375,0.453125,0.484375,1.0,2.602260112762451,0.9091485738754272
87,60,gaussian,2,43,0.421875,0.453125,0.421875,1.0,2.083599805831909,0.6795279383659363
88,60,gaussian,2,43,0.375,0.421875,0.375,1.0,0.43193814158439636,0.13612212240695953
89,60,gaussian,2,43,0.671875,0.5625,0.671875,1.0,0.6530530452728271,0.23424117267131805
90,60,gaussian,2,43,0.640625,0.15625,0.640625,1.0,0.37752765417099,0.12015287578105927
91,60,gaussian,2,43,0.3125,0.5625,0.3125,1.0,2.6911063194274902,0.9108952879905701
92,60,gaussian,2,43,0.359375,0.40625,0.359375,1.0,1.3829588890075684,0.5250359177589417
93,60,gaussian,2,43,0.28125,0.578125,0.28125,1.0,2.8231053352355957,0.9283621311187744
94,60,gaussian,2,43,0.578125,0.640625,0.578125,1.0,3.016672372817993,1.0934052467346191
95,60,gaussian,2,43,0.328125,0.59375,0.328125,1.0,1.8160369396209717,0.6248212456703186
96,60,gaussian,2,43,0.640625,0.65625,0.640625,1.0,1.3677301406860352,0.4954480826854706
97,60,gaussian,2,43,0.265625,0.59375,0.265625,1.0,0.9586828947067261,0.3425488770008087
98,60,gaussian,2,43,0.140625,0.109375,0.4090909090909091,1.0,4.059521675109863,1.2177233695983887
99,60,gaussian,2,43,0.296875,0.640625,0.296875,1.0,3.319826602935791,1.170964241027832
100,60,gaussian,2,43,0.4375,0.390625,0.4375,1.0,4.1247358322143555,1.3611825704574585
101,60,gaussian,2,43,0.21875,0.515625,0.21875,1.0,0.6309995055198669,0.18576037883758545
102,60,gaussian,2,43,0.3125,0.5625,0.3125,1.0,4.486494541168213,1.479388952255249
103,60,gaussian,2,43,0.234375,0.625,0.234375,1.0,2.138923406600952,0.7500565648078918
104,60,gaussian,2,43,0.59375,0.453125,0.59375,1.0,0.5694960355758667,0.18576236069202423
105,60,gaussian,2,43,0.328125,0.59375,0.328125,1.0,0.7916271686553955,0.2597644329071045
106,60,gaussian,2,43,0.25,0.59375,0.25,1.0,0.7685351371765137,0.22573041915893555
107,60,gaussian,2,43,0.140625,0.09375,0.36,1.0,2.414590358734131,0.7872457504272461
108,60,gaussian,2,43,0.703125,0.671875,0.703125,1.0,1.4320534467697144,0.4415134787559509
109,60,gaussian,2,43,0.234375,0.59375,0.234375,1.0,1.902461290359497,0.6048243641853333
110,60,gaussian,2,43,0.296875,0.625,0.296875,1.0,1.6143615245819092,0.553163468837738
111,60,gaussian,2,43,0.28125,0.3125,0.28125,1.0,0.8146460056304932,0.23383142054080963
112,60,gaussian,2,43,0.5625,0.5,0.5625,1.0,0.5642661452293396,0.1800454705953598
113,60,gaussian,2,43,0.359375,0.453125,0.359375,1.0,2.5305368900299072,0.8233598470687866
114,60,gaussian,2,43,0.46875,0.609375,0.46875,1.0,2.8423173427581787,0.9182146191596985
115,60,gaussian,2,43,0.515625,0.59375,0.515625,1.0,1.052294135093689,0.36309218406677246
116,60,gaussian,2,43,0.25,0.59375,0.25,1.0,0.528012216091156,0.16698996722698212
117,60,gaussian,2,43,0.640625,0.40625,0.640625,1.0,0.4901668429374695,0.16110946238040924
118,60,gaussian,2,43,0.40625,0.640625,0.40625,1.0,9.091374397277832,2.9258553981781006
119,60,gaussian,2,43,0.5,0.578125,0.5,1.0,3.2087979316711426,1.1528959274291992
120,60,gaussian,2,43,0.203125,0.21875,0.3333333333333333,1.0,3.74221134185791,1.1776632070541382
121,60,gaussian,2,43,0.609375,0.578125,0.609375,1.0,0.6925984025001526,0.22239011526107788
122,60,gaussian,2,43,0.375,0.421875,0.375,1.0,0.43193402886390686,0.13612212240695953
123,60,gaussian,2,43,0.40625,0.40625,0.40625,1.0,1.857372760772705,0.6491838097572327
124,60,gaussian,2,43,0.265625,0.3125,0.265625,1.0,0.8126723766326904,0.23383140563964844
125,60,gaussian,2,43,0.25,0.59375,0.25,1.0,1.5962061882019043,0.4997066557407379
126,60,gaussian,2,43,0.265625,0.578125,0.265625,1.0,2.694507122039795,0.8884632587432861
127,60,gaussian,2,43,0.4375,0.46875,0.4375,1.0,1.1966876983642578,0.39729395508766174
128,60,gaussian,2,43,0.25,0.2421875,0.49853372434017595,1.0,1.3990236520767212,0.434496134519577
129,60,gaussian,2,43,0.28125,0.609375,0.28125,1.0,1.1871169805526733,0.424795538187027
130,60,gaussian,2,43,0.5,0.203125,0.5,1.0,4.491515159606934,1.4915754795074463
131,60,gaussian,2,43,0.46875,0.421875,0.46875,1.0,0.4651751220226288,0.1778789609670639
132,60,gaussian,2,43,0.421875,0.453125,0.421875,1.0,3.8927359580993652,1.293604850769043
133,60,gaussian,2,43,0.421875,0.5625,0.421875,1.0,4.462729454040527,1.5098814964294434
134,60,gaussian,2,43,0.296875,0.65625,0.296875,1.0,3.3180336952209473,1.170964241027832
135,60,gaussian,2,43,0.328125,0.59375,0.328125,1.0,1.816478967666626,0.6248212456703186
136,60,gaussian,2,43,0.4375,0.484375,0.4375,1.0,1.2342705726623535,0.42896366119384766
137,60,gaussian,2,43,0.734375,0.640625,0.734375,1.0,4.039921760559082,1.360612154006958
138,60,gaussian,2,43,0.25,0.578125,0.25,1.0,1.126101016998291,0.3776940703392029
139,60,gaussian,2,43,0.34375,0.671875,0.34375,1.0,1.2100830078125,0.36061450839042664
140,60,gaussian,2,43,0.3125,0.375,0.3125,1.0,2.120803117752075,0.6343156099319458
141,60,gaussian,2,43,0.4375,0.625,0.4375,1.0,1.3816863298416138,0.4492948353290558
142,60,gaussian,2,43,0.390625,0.625,0.390625,1.0,3.7322702407836914,1.1929211616516113
143,60,gaussian,2,43,0.53125,0.59375,0.53125,1.0,1.0511503219604492,0.36309221386909485
144,60,gaussian,2,43,0.296875,0.59375,0.296875,1.0,2.5529732704162598,0.7509703040122986
145,60,gaussian,2,43,0.46875,0.609375,0.46875,1.0,0.856165885925293,0.29862213134765625
146,60,gaussian,2,43,0.34375,0.375,0.34375,1.0,1.2942208051681519,0.3878043293952942
147,60,gaussian,2,43,0.234375,0.2109375,0.4666666666666667,1.0,2.205852508544922,0.6390910148620605
148,60,gaussian,2,43,0.359375,0.53125,0.359375,1.0,6.44362735748291,2.1031696796417236
149,60,gaussian,2,43,0.390625,0.359375,0.390625,1.0,3.231783628463745,1.0773271322250366
150,60,gaussian,2,43,0.3125,0.578125,0.3125,1.0,1.7357182502746582,0.5499485731124878
151,60,gaussian,2,43,0.34375,0.4375,0.34375,1.0,3.084322690963745,0.9702222943305969
152,60,gaussian,2,43,0.28125,0.578125,0.28125,1.0,2.5542917251586914,0.7509703040122986
153,60,gaussian,2,43,0.515625,0.59375,0.515625,1.0,0.971705973148346,0.32613465189933777
154,60,gaussian,2,43,0.453125,0.25,0.453125,1.0,1.0635266304016113,0.35948002338409424
155,60,gaussian,2,43,0.59375,0.609375,0.59375,1.0,2.598010540008545,0.8968366384506226
156,60,gaussian,2,43,0.625,0.5,0.625,1.0,0.6879539489746094,0.23660507798194885
157,60,gaussian,2,43,0.25,0.578125,0.25,1.0,3.0078606605529785,0.970356822013855
158,60,gaussian,2,43,0.453125,0.5625,0.453125,1.0,0.8393378257751465,0.2997477948665619
159,60,gaussian,2,43,0.375,0.53125,0.375,1.0,6.442126750946045,2.1031696796417236
160,60,gaussian,2,43,0.265625,0.2578125,0.5021645021645021,1.0,4.053306579589844,1.2177233695983887
161,60,gaussian,2,43,0.609375,0.28125,0.609375,1.0,0.3633989691734314,0.11234107613563538
162,60,gaussian,2,43,0.28125,0.296875,0.28125,1.0,0.7668538093566895,0.21456196904182434
163,60,gaussian,2,43,0.40625,0.40625,0.40625,1.0,1.8572713136672974,0.6491838693618774
164,60,gaussian,2,43,0.5,0.359375,0.5,1.0,1.8992139101028442,0.6666580438613892
165,60,gaussian,2,43,0.25,0.59375,0.25,1.0,1.7350023984909058,0.5771300196647644
166,60,gaussian,2,43,0.546875,0.609375,0.546875,1.0,2.425565242767334,0.8033801913261414
167,60,gaussian,2,43,0.375,0.59375,0.375,1.0,1.5058984756469727,0.48046115040779114
168,60,gaussian,2,43,0.3125,0.59375,0.3125,1.0,1.4069547653198242,0.44864195585250854
169,60,gaussian,2,43,0.296875,0.578125,0.296875,1.0,1.5344069004058838,0.5170797109603882
170,60,gaussian,2,43,0.46875,0.609375,0.46875,1.0,2.8421945571899414,0.9182145595550537
171,60,gaussian,2,43,0.4375,0.5,0.4375,1.0,2.5061721801757812,0.8251432776451111
172,60,gaussian,2,43,,,,0.0,3.6682605743408203,1.2584283351898193
173,60,gaussian,2,43,0.484375,0.453125,0.484375,1.0,2.6022939682006836,0.909148633480072
174,60,gaussian,2,43,0.328125,0.453125,0.328125,1.0,3.060673713684082,0.9799142479896545
175,60,gaussian,2,43,0.484375,0.359375,0.484375,1.0,1.8986177444458008,0.6666580438613892
176,60,gaussian,2,43,0.546875,0.59375,0.546875,1.0,0.563402533531189,0.19141052663326263
177,60,gaussian,2,43,0.359375,0.453125,0.359375,1.0,0.40169769525527954,0.12525518238544464
178,60,gaussian,2,43,0.421875,0.421875,0.421875,1.0,3.6003522872924805,1.1965460777282715
179,60,gaussian,2,43,0.3125,0.390625,0.3125,1.0,1.0219286680221558,0.3570486605167389
180,60,gaussian,2,43,0.265625,0.234375,0.4358974358974359,1.0,2.448287010192871,0.7368160486221313
181,60,gaussian,2,43,0.4375,0.40625,0.4375,1.0,3.6011176109313965,1.1965460777282715
182,60,gaussian,2,43,0.28125,0.59375,0.28125,1.0,2.744847297668457,0.8739084005355835
183,60,gaussian,2,43,0.390625,0.625,0.390625,1.0,1.5247838497161865,0.5216891765594482
184,60,gaussian,2,43,0.46875,0.5625,0.46875,1.0,0.6409116983413696,0.21260769665241241
185,60,gaussian,2,43,0.34375,0.546875,0.34375,1.0,3.4327025413513184,1.0842502117156982
186,60,gaussian,2,43,0.703125,0.65625,0.703125,1.0,1.4325331449508667,0.4415134787559509
187,60,gaussian,2,43,0.265625,0.5,0.265625,1.0,0.4449285864830017,0.12690608203411102
188,60,gaussian,2,43,0.375,0.375,0.375,1.0,1.1750625371932983,0.4033990800380707
189,60,gaussian,2,43,0.359375,0.46875,0.359375,1.0,4.374683856964111,1.413055181503296
190,60,gaussian,2,43,0.265625,0.59375,0.265625,1.0,1.303544044494629,0.4494844675064087
191,60,gaussian,2,43,0.390625,0.3125,0.390625,1.0,1.7317721843719482,0.6009218096733093
192,60,gaussian,2,43,0.28125,0.59375,0.28125,1.0,1.4376862049102783,0.47339949011802673
193,60,gaussian,2,43,0.25,0.2421875,0.4924924924924925,1.0,0.7960076332092285,0.23061375319957733
194,60,gaussian,2,43,0.5,0.34375,0.5,1.0,5.023324012756348,1.7404725551605225
195,60,gaussian,2,43,0.265625,0.2421875,0.512987012987013,1.0,1.3737126588821411,0.41458743810653687
196,60,gaussian,2,43,0.5625,0.59375,0.5625,1.0,0.7316420078277588,0.2363092303276062
197,60,gaussian,2,43,0.53125,0.3125,0.53125,1.0,2.2567756175994873,0.7744162082672119
198,60,gaussian,2,43,0.265625,0.59375,0.265625,1.0,2.1282434463500977,0.746738076210022
199,60,gaussian,2,43,0.53125,0.609375,0.53125,1.0,1.825960397720337,0.6392968893051147
200,60,gaussian,2,43,0.265625,0.59375,0.265625,1.0,0.9749294519424438,0.3148643672466278
201,60,gaussian,2,43,0.2265625,0.203125,0.5063626723223754,1.0,3.7177693843841553,1.253004550933838
202,60,gaussian,2,43,0.21875,0.2265625,0.4839424141749723,1.0,1.0793190002441406,0.347718745470047
203,60,gaussian,2,43,0.265625,0.265625,0.5005128205128205,1.0,2.4137797355651855,0.7872457504272461
204,60,gaussian,2,43,0.453125,0.53125,0.453125,1.0,0.7127730846405029,0.24498052895069122
205,60,gaussian,2,43,0.328125,0.46875,0.328125,1.0,4.156808376312256,1.295982837677002
206,60,gaussian,2,43,0.5,0.375,0.5,1.0,3.670767068862915,1.2584283351898193
207,60,gaussian,2,43,0.25,0.265625,0.43243243243243246,1.0,1.0200620889663696,0.2696886658668518
208,60,gaussian,2,43,0.34375,0.296875,0.34375,1.0,3.16017746925354,1.1166990995407104
209,60,gaussian,2,43,0.296875,0.5,0.296875,1.0,2.8727266788482666,0.8629804253578186
210,60,gaussian,2,43,0.28125,0.609375,0.28125,1.0,1.2162796258926392,0.39916011691093445
211,60,gaussian,2,43,0.671875,0.375,0.671875,1.0,7.57578706741333,2.3583710193634033
212,60,gaussian,2,43,0.34375,0.59375,0.34375,1.0,1.3772830963134766,0.4714202284812927
213,60,gaussian,2,43,0.328125,0.625,0.328125,1.0,1.9210314750671387,0.638951301574707
214,60,gaussian,2,43,0.25,0.25,0.4980392156862745,1.0,1.400608777999878,0.434496134519577
215,60,gaussian,2,43,0.640625,0.640625,0.640625,1.0,1.367805004119873,0.4954480826854706
216,60,gaussian,2,43,0.234375,0.5,0.234375,1.0,1.0394662618637085,0.3165014386177063
217,60,gaussian,2,43,0.453125,0.625,0.453125,1.0,2.8384850025177,0.9182146191596985
218,60,gaussian,2,43,0.625,0.296875,0.625,1.0,0.3392176926136017,0.12665414810180664
219,60,gaussian,2,43,0.59375,0.484375,0.59375,1.0,2.9190001487731934,0.9781782627105713
220,60,gaussian,2,43,0.265625,0.578125,0.265625,1.0,1.6884727478027344,0.5224923491477966
221,60,gaussian,2,43,0.484375,0.578125,0.484375,1.0,3.2117786407470703,1.1528959274291992
222,60,gaussian,2,43,0.328125,0.484375,0.328125,1.0,5.034640312194824,1.5789521932601929
223,60,gaussian,2,43,0.4375,0.5,0.4375,1.0,1.2348964214324951,0.42896366119384766
224,60,gaussian,2,43,0.59375,0.671875,0.59375,1.0,0.8567444086074829,0.2794182300567627
225,60,gaussian,2,43,0.34375,0.53125,0.34375,1.0,3.4350991249084473,1.0842502117156982
226,60,gaussian,2,43,0.3125,0.609375,0.3125,1.0,1.6403539180755615,0.560623824596405
227,60,gaussian,2,43,0.265625,0.578125,0.265625,1.0,1.4770686626434326,0.49143606424331665
228,60,gaussian,2,43,0.59375,0.671875,0.59375,1.0,0.8567312955856323,0.2794182002544403
229,60,gaussian,2,43,0.59375,0.640625,0.59375,1.0,4.468745231628418,1.5776116847991943
230,60,gaussian,2,43,0.71875,0.265625,0.71875,1.0,16.836111068725586,5.016289234161377
231,60,gaussian,2,43,0.21875,0.2265625,0.43137254901960786,1.0,3.5224647521972656,1.0075823068618774
232,60,gaussian,2,43,0.2890625,0.234375,0.5461538461538462,1.0,5.485012054443359,1.674352765083313
233,60,gaussian,2,43,0.2421875,0.234375,0.47817460317460314,1.0,0.7949758768081665,0.23061375319957733
234,60,gaussian,2,43,0.359375,0.390625,0.359375,1.0,1.085516333580017,0.34760817885398865
235,60,gaussian,2,43,0.296875,0.3125,0.5277777777777778,1.0,0.7953131198883057,0.23061376810073853
236,60,gaussian,2,43,0.578125,0.640625,0.578125,1.0,3.0193088054656982,1.0934052467346191
237,60,gaussian,2,43,0.40625,0.453125,0.40625,1.0,0.6078932881355286,0.19425182044506073
238,60,gaussian,2,43,0.25,0.234375,0.25,1.0,0.7703198790550232,0.2155350297689438
239,60,gaussian,2,43,0.59375,0.65625,0.59375,1.0,1.0494245290756226,0.3563414216041565
240,60,gaussian,2,43,0.3125,0.546875,0.3125,1.0,4.145908355712891,1.3057221174240112
241,60,gaussian,2,43,0.328125,0.5,0.328125,1.0,5.028718948364258,1.5789523124694824
242,60,gaussian,2,43,0.53125,0.609375,0.53125,1.0,1.8603880405426025,0.6339029669761658
243,60,gaussian,2,43,0.734375,0.625,0.734375,1.0,6.126944065093994,2.162700891494751
244,60,gaussian,2,43,0.421875,0.5625,0.421875,1.0,4.4630656242370605,1.5098814964294434
245,60,gaussian,2,43,0.40625,0.5625,0.40625,1.0,0.527523398399353,0.185093954205513
246,60,gaussian,2,43,,,,0.0,0.2207363098859787,0.07538868486881256
247,60,gaussian,2,43,0.234375,0.546875,0.234375,1.0,0.962890625,0.2741938829421997
248,60,gaussian,2,43,0.3125,0.625,0.3125,1.0,1.6167645454406738,0.5531634092330933
249,60,gaussian,2,43,0.421875,0.4375,0.421875,1.0,2.136463165283203,0.7363475561141968
250,60,gaussian,2,43,0.59375,0.65625,0.59375,1.0,1.2889931201934814,0.41629496216773987
251,60,gaussian,2,43,0.28125,0.625,0.28125,1.0,1.611733078956604,0.46220389008522034
252,60,gaussian,2,43,0.453125,0.46875,0.453125,1.0,1.10994553565979,0.3843989670276642
253,60,gaussian,2,43,0.25,0.234375,0.49522799575821846,1.0,3.7733817100524902,1.2106021642684937
254,60,gaussian,2,43,0.359375,0.4375,0.359375,1.0,2.3536741733551025,0.7546728253364563
255,60,gaussian,2,43,0.28125,0.59375,0.28125,1.0,1.6946300268173218,0.5884543061256409
256,60,gaussian,2,43,0.234375,0.5625,0.234375,1.0,1.6020457744598389,0.4710089862346649
257,60,gaussian,2,43,0.3125,0.59375,0.3125,1.0,0.8403021693229675,0.2608872354030609
258,60,gaussian,2,43,0.625,0.390625,0.625,1.0,5.114281177520752,1.7535512447357178
259,60,gaussian,2,43,0.390625,0.59375,0.390625,1.0,5.959815979003906,1.9825491905212402
260,60,gaussian,2,43,0.296875,0.53125,0.296875,1.0,3.260209321975708,1.0093833208084106
261,60,gaussian,2,43,0.53125,0.609375,0.53125,1.0,1.598567247390747,0.5762444734573364
262,60,gaussian,2,43,0.265625,0.2578125,0.5389162561576355,1.0,2.3002803325653076,0.6668815612792969
263,60,gaussian,2,43,0.3125,0.609375,0.3125,1.0,1.4053153991699219,0.44515541195869446
264,60,gaussian,2,43,0.265625,0.59375,0.265625,1.0,0.9751261472702026,0.3148643672466278
265,60,gaussian,2,43,0.265625,0.609375,0.265625,1.0,0.5907279849052429,0.17501330375671387
266,60,gaussian,2,43,0.578125,0.5,0.578125,1.0,2.9206504821777344,0.9781783223152161
267,60,gaussian,2,43,0.484375,0.5625,0.484375,1.0,3.562838554382324,1.2114949226379395
268,60,gaussian,2,43,0.703125,0.65625,0.703125,1.0,1.4315564632415771,0.4415135085582733
269,60,gaussian,2,43,0.5625,0.640625,0.5625,1.0,3.5017049312591553,1.1384011507034302
270,60,gaussian,2,43,0.359375,0.421875,0.359375,1.0,0.43204179406166077,0.13612212240695953
271,60,gaussian,2,43,0.46875,0.59375,0.46875,1.0,0.8558096885681152,0.29862213134765625
272,60,gaussian,2,43,0.6875,0.390625,0.6875,1.0,1.9988760948181152,0.5805055499076843
273,60,gaussian,2,43,0.640625,0.296875,0.640625,1.0,1.6604783535003662,0.5231876373291016
274,60,gaussian,2,43,0.34375,0.375,0.5116279069767442,1.0,2.175689935684204,0.7318846583366394
275,60,gaussian,2,43,0.2578125,0.2734375,0.5291666666666667,1.0,2.710902214050293,0.827430784702301
276,60,gaussian,2,43,0.40625,0.59375,0.40625,1.0,5.957049369812012,1.9825491905212402
277,60,gaussian,2,43,0.390625,0.46875,0.390625,1.0,3.260803699493408,1.098880648612976
278,60,gaussian,2,43,0.53125,0.515625,0.53125,1.0,2.512697458267212,0.8828312158584595
279,60,gaussian,2,43,0.2109375,0.203125,0.43452380952380953,1.0,5.35060977935791,1.43831467628479
280,60,gaussian,2,43,0.453125,0.25,0.453125,1.0,1.0638245344161987,0.35948002338409424
281,60,gaussian,2,43,0.71875,0.65625,0.71875,1.0,1.4309998750686646,0.4415135085582733
282,60,gaussian,2,43,0.578125,0.640625,0.578125,1.0,4.47343635559082,1.5776116847991943
283,60,gaussian,2,43,0.328125,0.4375,0.328125,1.0,3.0590872764587402,0.9799142479896545
284,60,gaussian,2,43,0.234375,0.28125,0.5769230769230769,1.0,1.5426937341690063,0.474712997674942
285,60,gaussian,2,43,0.25,0.234375,0.5242914979757085,1.0,4.2794036865234375,1.363714337348938
286,60,gaussian,2,43,0.328125,0.46875,0.328125,1.0,4.153843402862549,1.295982837677002
287,60,gaussian,2,43,0.234375,0.1875,0.5555555555555556,1.0,1.0199832916259766,0.2696886360645294
288,60,gaussian,2,43,0.296875,0.59375,0.296875,1.0,0.9283037185668945,0.27653172612190247
289,60,gaussian,2,43,0.59375,0.40625,0.59375,1.0,3.2613158226013184,1.1021677255630493
290,60,gaussian,2,43,0.25,0.578125,0.25,1.0,1.0664217472076416,0.3656551241874695
291,60,gaussian,2,43,0.453125,0.25,0.453125,1.0,1.063833236694336,0.35948002338409424
292,60,gaussian,2,43,0.59375,0.453125,0.59375,1.0,2.9155807495117188,1.0484205484390259
293,60,gaussian,2,43,0.53125,0.625,0.53125,1.0,1.025564193725586,0.36950594186782837
294,60,gaussian,2,43,0.421875,0.453125,0.6428571428571429,1.0,3.0166242122650146,0.995097279548645
295,60,gaussian,2,43,0.359375,0.359375,0.359375,1.0,0.8925540447235107,0.2798192799091339
296,60,gaussian,2,43,0.71875,0.625,0.71875,1.0,0.41411006450653076,0.1197192594408989
297,60,gaussian,2,43,0.28125,0.640625,0.28125,1.0,1.5313310623168945,0.47872528433799744
298,60,gaussian,2,43,0.2578125,0.2578125,0.5216748768472906,1.0,2.300823450088501,0.6668815612792969
299,60,gaussian,2,43,0.53125,0.546875,0.53125,1.0,2.970597267150879,0.9870994091033936
300,60,gaussian,2,43,0.46875,0.609375,0.46875,1.0,2.1144354343414307,0.7533960342407227
301,60,gaussian,2,43,0.28125,0.515625,0.28125,1.0,2.9996988773345947,1.0892119407653809
302,60,gaussian,2,43,0.71875,0.265625,0.71875,1.0,16.836929321289062,5.016289234161377
303,60,gaussian,2,43,0.28125,0.578125,0.28125,1.0,1.0676523447036743,0.3620012402534485
304,60,gaussian,2,43,0.25,0.2578125,0.5179487179487179,1.0,1.895972490310669,0.5558234453201294
305,60,gaussian,2,43,0.34375,0.578125,0.34375,1.0,8.761656761169434,2.8672473430633545
306,60,gaussian,2,43,0.2421875,0.2421875,0.4734888653234358,1.0,3.7732396125793457,1.2106021642684937
307,60,gaussian,2,43,0.296875,0.5625,0.296875,1.0,3.0227818489074707,0.9913825988769531
308,60,gaussian,2,43,0.53125,0.484375,0.53125,1.0,1.2689191102981567,0.45259296894073486
309,60,gaussian,2,43,0.59375,0.625,0.59375,1.0,2.5254945755004883,0.8650388717651367
310,60,gaussian,2,43,0.34375,0.375,0.34375,1.0,0.30943238735198975,0.09351354092359543
311,60,gaussian,2,43,0.609375,0.671875,0.609375,1.0,0.6485092639923096,0.20054972171783447
312,60,gaussian,2,43,0.265625,0.2578125,0.5389162561576355,1.0,2.3014235496520996,0.6668815612792969
313,60,gaussian,2,43,0.21875,0.265625,0.56,1.0,1.5426111221313477,0.474712997674942
314,60,gaussian,2,43,0.25,0.2578125,0.5179487179487179,1.0,1.8961812257766724,0.5558234453201294
315,60,gaussian,2,43,0.4375,0.28125,0.4375,1.0,2.994189977645874,1.0071942806243896
316,60,gaussian,2,43,0.21875,0.203125,0.3783783783783784,1.0,1.3967828750610352,0.44276684522628784
317,60,gaussian,2,43,0.359375,0.375,0.359375,1.0,1.1733829975128174,0.4033990800380707
318,60,gaussian,2,43,0.203125,0.609375,0.203125,1.0,0.5028394460678101,0.14594750106334686
319,60,gaussian,2,43,0.6875,0.34375,0.6875,1.0,1.3165867328643799,0.3843114376068115
320,60,gaussian,2,43,0.3125,0.546875,0.3125,1.0,1.4295573234558105,0.4539114236831665
321,60,gaussian,2,43,0.671875,0.546875,0.671875,1.0,0.6532114744186401,0.23424115777015686
322,60,gaussian,2,43,0.4375,0.40625,0.4375,1.0,3.600464105606079,1.1965460777282715
323,60,gaussian,2,43,0.53125,0.609375,0.53125,1.0,1.825973391532898,0.6392968893051147
324,60,gaussian,2,43,0.484375,0.578125,0.484375,1.0,0.7073271870613098,0.23836371302604675
325,60,gaussian,2,43,0.34375,0.375,0.34375,1.0,4.454265117645264,1.3752268552780151
326,60,gaussian,2,43,0.4375,0.65625,0.4375,1.0,1.8700518608093262,0.6201124787330627
327,60,gaussian,2,43,0.5625,0.5,0.5625,1.0,0.5641893148422241,0.1800454556941986
328,60,gaussian,2,43,0.28125,0.609375,0.28125,1.0,1.1868774890899658,0.424795538187027
329,60,gaussian,2,43,0.40625,0.40625,0.40625,1.0,1.8569352626800537,0.6491838693618774
330,60,gaussian,2,43,0.609375,0.578125,0.609375,1.0,0.6930809020996094,0.22239011526107788
331,60,gaussian,2,43,0.578125,0.4375,0.578125,1.0,3.165407180786133,1.0627131462097168
332,60,gaussian,2,43,0.3125,0.59375,0.3125,1.0,2.68489408493042,0.9313706755638123
333,60,gaussian,2,43,0.2421875,0.2265625,0.4833822091886608,1.0,2.205094337463379,0.6390909552574158
334,60,gaussian,2,43,0.28125,0.578125,0.28125,1.0,4.023123741149902,1.1895338296890259
335,60,gaussian,2,43,0.53125,0.546875,0.53125,1.0,1.5532556772232056,0.5117397904396057
336,60,gaussian,2,43,0.640625,0.40625,0.640625,1.0,2.6417794227600098,0.9666244387626648
337,60,gaussian,2,43,0.203125,0.203125,0.4643304130162703,1.0,2.829371452331543,0.7474988102912903
338,60,gaussian,2,43,0.296875,0.625,0.296875,1.0,1.6143736839294434,0.5531634092330933
339,60,gaussian,2,43,0.421875,0.546875,0.421875,1.0,4.460314750671387,1.5098814964294434
340,60,gaussian,2,43,0.625,0.484375,0.625,1.0,0.6880265474319458,0.23660509288311005
341,60,gaussian,2,43,0.296875,0.578125,0.296875,1.0,4.025059223175049,1.1895338296890259
342,60,gaussian,2,43,0.640625,0.671875,0.640625,1.0,2.0792887210845947,0.6581690907478333
343,60,gaussian,2,43,0.5,0.375,0.5,1.0,1.9004392623901367,0.6666580438613892
344,60,gaussian,2,43,0.5,0.375,0.5,1.0,0.6006425023078918,0.22149884700775146
345,60,gaussian,2,43,0.46875,0.5625,0.46875,1.0,1.6181107759475708,0.5575130581855774
346,60,gaussian,2,43,0.484375,0.59375,0.484375,1.0,0.7071047425270081,0.23836372792720795
347,60,gaussian,2,43,0.484375,0.609375,0.484375,1.0,2.4942874908447266,0.8945370316505432
348,60,gaussian,2,43,0.4375,0.5,0.4375,1.0,1.2337905168533325,0.42896366119384766
349,60,gaussian,2,43,0.296875,0.4375,0.296875,1.0,1.5043973922729492,0.4872114360332489
350,60,gaussian,2,43,0.3125,0.578125,0.3125,1.0,1.00103759765625,0.3011758625507355
351,60,gaussian,2,43,0.484375,0.546875,0.484375,1.0,3.5433874130249023,1.2682753801345825
352,60,gaussian,2,43,0.296875,0.59375,0.296875,1.0,2.6840124130249023,0.9313706755638123
353,60,gaussian,2,43,0.296875,0.59375,0.296875,1.0,1.8515807390213013,0.6461021304130554
354,60,gaussian,2,43,0.28125,0.40625,0.28125,1.0,1.0981545448303223,0.3586430549621582
355,60,gaussian,2,43,0.34375,0.375,0.34375,1.0,0.3091559410095215,0.09351354837417603
356,60,gaussian,2,43,0.625,0.421875,0.625,1.0,5.928847789764404,1.8503328561782837
357,60,gaussian,2,43,0.265625,0.59375,0.265625,1.0,0.9750977158546448,0.3148643374443054
358,60,gaussian,2,43,0.375,0.59375,0.375,1.0,1.5069506168365479,0.48046115040779114
359,60,gaussian,2,43,0.46875,0.5625,0.46875,1.0,2.8476309776306152,1.0208323001861572
360,60,gaussian,2,43,0.265625,0.59375,0.265625,1.0,0.9113515615463257,0.3151095509529114
361,60,gaussian,2,43,0.234375,0.234375,0.234375,1.0,0.5278663635253906,0.14448973536491394
362,60,gaussian,2,43,0.515625,0.625,0.515625,1.0,1.0672607421875,0.36311978101730347
363,60,gaussian,2,43,0.703125,0.359375,0.703125,1.0,1.3168983459472656,0.3843114376068115
364,60,gaussian,2,43,0.390625,0.625,0.390625,1.0,1.0196549892425537,0.37185752391815186
365,60,gaussian,2,43,0.546875,0.609375,0.546875,1.0,0.5630464553833008,0.19141052663326263
366,60,gaussian,2,43,0.3125,0.609375,0.3125,1.0,1.4041643142700195,0.44515538215637207
367,60,gaussian,2,43,0.34375,0.609375,0.34375,1.0,0.7983053922653198,0.2678760886192322
368,60,gaussian,2,43,0.4375,0.578125,0.4375,1.0,9.221208572387695,2.9918227195739746
369,60,gaussian,2,43,0.625,0.15625,0.625,1.0,0.37836599349975586,0.12015287578105927
370,60,gaussian,2,43,0.296875,0.546875,0.296875,1.0,3.0283749103546143,0.9913825988769531
371,60,gaussian,2,43,0.3125,0.59375,0.3125,1.0,0.8402777314186096,0.2608872354030609
372,60,gaussian,2,43,0.328125,0.5625,0.328125,1.0,4.485432147979736,1.479388952255249
373,60,gaussian,2,43,0.265625,0.25,0.5507692307692308,1.0,8.588104248046875,2.520333766937256
374,60,gaussian,2,43,0.796875,0.15625,0.796875,1.0,1.4168306589126587,0.3746497333049774
375,60,gaussian,2,43,0.46875,0.4375,0.46875,1.0,0.6856822967529297,0.2492467314004898
376,60,gaussian,2,43,0.34375,0.640625,0.34375,1.0,5.327114105224609,1.8274517059326172
377,60,gaussian,2,43,0.3125,0.59375,0.3125,1.0,1.3883781433105469,0.46469756960868835
378,60,gaussian,2,43,0.578125,0.625,0.578125,1.0,4.47506046295166,1.5776116847991943
379,60,gaussian,2,43,0.34375,0.578125,0.34375,1.0,0.6091394424438477,0.2079492062330246
380,60,gaussian,2,43,0.3125,0.265625,0.3125,1.0,0.4920915365219116,0.1478930115699768
381,60,gaussian,2,43,0.640625,0.65625,0.640625,1.0,2.1203956604003906,0.6742826104164124
382,60,gaussian,2,43,0.3125,0.265625,0.5555555555555556,1.0,0.8754417300224304,0.25674325227737427
383,60,gaussian,2,43,0.5,0.359375,0.5,1.0,0.6008230447769165,0.22149884700775146
384,60,gaussian,2,43,0.421875,0.5625,0.421875,1.0,0.5270972847938538,0.185093954205513
385,60,gaussian,2,43,0.25,0.59375,0.25,1.0,1.7365238666534424,0.5771300196647644
386,60,gaussian,2,43,0.328125,0.3125,0.328125,1.0,3.8057403564453125,1.1842646598815918
387,60,gaussian,2,43,,,,0.0,5.466699123382568,1.674352765083313
388,60,gaussian,2,43,0.28125,0.625,0.28125,1.0,1.6110570430755615,0.46220389008522034
389,60,gaussian,2,43,0.328125,0.5625,0.328125,1.0,0.6661023497581482,0.23573973774909973
390,60,gaussian,2,43,,,,0.0,1.6302156448364258,0.5394809246063232
391,60,gaussian,2,43,0.3125,0.3125,0.5405405405405406,1.0,0.796104371547699,0.23061375319957733
392,60,gaussian,2,43,0.46875,0.484375,0.46875,1.0,0.442198246717453,0.14105258882045746
393,60,gaussian,2,43,0.328125,0.234375,0.328125,1.0,1.3835270404815674,0.4282201826572418
394,60,gaussian,2,43,0.234375,0.578125,0.234375,1.0,1.8978416919708252,0.6048243641853333
395,60,gaussian,2,43,0.453125,0.46875,0.453125,1.0,2.800948143005371,0.9491928815841675
396,60,gaussian,2,43,0.65625,0.390625,0.65625,1.0,1.3660351037979126,0.4560289978981018
397,60,gaussian,2,43,0.265625,0.2578125,0.5506072874493927,1.0,8.579996109008789,2.520333766937256
398,60,gaussian,2,43,0.28125,0.609375,0.28125,1.0,0.6046104431152344,0.2001534402370453
399,60,gaussian,2,43,0.265625,0.609375,0.265625,1.0,0.5906112194061279,0.17501330375671387
400,60,gaussian,2,43,0.09375,0.078125,0.4,1.0,5.33298921585083,1.7781716585159302
401,60,gaussian,2,43,0.25,0.2421875,0.5175175175175175,1.0,3.622250556945801,1.136683464050293
402,60,gaussian,2,43,0.578125,0.625,0.578125,1.0,1.3442617654800415,0.4337213933467865
403,60,gaussian,2,43,0.2421875,0.2421875,0.5050607287449393,1.0,3.621796131134033,1.136683464050293
404,60,gaussian,2,43,0.375,0.53125,0.375,1.0,2.2437050342559814,0.7121502757072449
405,60,gaussian,2,43,0.59375,0.4375,0.59375,1.0,2.5905344486236572,0.8458046913146973
406,60,gaussian,2,43,0.234375,0.25,0.4919028340080972,1.0,1.3950767517089844,0.44276684522628784
407,60,gaussian,2,43,0.484375,0.59375,0.484375,1.0,2.4936933517456055,0.894537091255188
408,60,gaussian,2,43,0.25,0.578125,0.25,1.0,2.3697829246520996,0.7642390727996826
409,60,gaussian,2,43,0.34375,0.59375,0.34375,1.0,1.3793118000030518,0.4714202284812927
410,60,gaussian,2,43,0.3125,0.625,0.3125,1.0,1.6962097883224487,0.5623607635498047
411,60,gaussian,2,43,0.28125,0.625,0.28125,1.0,0.9929680824279785,0.3594270944595337
412,60,gaussian,2,43,0.234375,0.59375,0.234375,1.0,1.40696382522583,0.4678956866264343
413,60,gaussian,2,43,0.21875,0.609375,0.21875,1.0,0.5051016807556152,0.14594750106334686
414,60,gaussian,2,43,0.59375,0.46875,0.59375,1.0,2.6605539321899414,0.9062530994415283
415,60,gaussian,2,43,0.421875,0.390625,0.421875,1.0,2.7750296592712402,0.8767604827880859
416,60,gaussian,2,43,0.546875,0.59375,0.546875,1.0,0.563534677028656,0.19141052663326263
417,60,gaussian,2,43,0.59375,0.625,0.59375,1.0,0.9782387614250183,0.3303470313549042
418,60,gaussian,2,43,0.296875,0.625,0.296875,1.0,1.2179350852966309,0.4100460410118103
419,60,gaussian,2,43,0.53125,0.484375,0.53125,1.0,1.2688775062561035,0.45259296894073486
420,60,gaussian,2,43,0.296875,0.578125,0.296875,1.0,2.4826483726501465,0.8051598072052002
421,60,gaussian,2,43,0.375,0.5,0.375,1.0,2.0553605556488037,0.6639842391014099
422,60,gaussian,2,43,0.296875,0.609375,0.296875,1.0,2.2749812602996826,0.7747633457183838
423,60,gaussian,2,43,0.296875,0.625,0.296875,1.0,1.697003722190857,0.5623607635498047
424,60,gaussian,2,43,0.25,0.578125,0.25,1.0,3.0134084224700928,0.970356822013855
425,60,gaussian,2,43,0.28125,0.609375,0.28125,1.0,2.124969005584717,0.746738076210022
426,60,gaussian,2,43,0.4375,0.53125,0.4375,1.0,1.9390084743499756,0.6722119450569153
427,60,gaussian,2,43,0.375,0.609375,0.375,1.0,3.7336549758911133,1.1929211616516113
428,60,gaussian,2,43,0.2421875,0.25,0.498998998998999,1.0,3.6222267150878906,1.136683464050293
429,60,gaussian,2,43,0.359375,0.53125,0.359375,1.0,6.44551420211792,2.1031696796417236
430,60,gaussian,2,43,0.421875,0.484375,0.421875,1.0,4.349711894989014,1.4841581583023071
431,60,gaussian,2,43,0.71875,0.640625,0.71875,1.0,0.414142370223999,0.1197192594408989
432,60,gaussian,2,43,0.28125,0.59375,0.28125,1.0,2.7432374954223633,0.8739084005355835
433,60,gaussian,2,43,0.25,0.578125,0.25,1.0,1.2726383209228516,0.3990761339664459
434,60,gaussian,2,43,0.234375,0.5625,0.234375,1.0,1.605994462966919,0.4710089862346649
435,60,gaussian,2,43,0.546875,0.609375,0.546875,1.0,1.993700623512268,0.6361659169197083
436,60,gaussian,2,43,0.34375,0.59375,0.34375,1.0,0.8617682456970215,0.2826586365699768
437,60,gaussian,2,43,0.28125,0.53125,0.28125,1.0,3.7614617347717285,1.2964186668395996
438,60,gaussian,2,43,0.28125,0.703125,0.28125,1.0,0.48304128646850586,0.15084749460220337
439,60,gaussian,2,43,0.484375,0.46875,0.484375,1.0,3.8102965354919434,1.3305221796035767
440,60,gaussian,2,43,0.375,0.625,0.375,1.0,2.4392011165618896,0.7690131068229675
441,60,gaussian,2,43,0.265625,0.2578125,0.5020242914979758,1.0,2.4121201038360596,0.7872457504272461
442,60,gaussian,2,43,0.59375,0.609375,0.59375,1.0,2.598414182662964,0.8968366384506226
443,60,gaussian,2,43,0.609375,0.421875,0.609375,1.0,5.932363510131836,1.8503328561782837
444,60,gaussian,2,43,0.515625,0.46875,0.515625,1.0,5.0105671882629395,1.7663429975509644
445,60,gaussian,2,43,0.328125,0.453125,0.328125,1.0,4.159389495849609,1.295982837677002
446,60,gaussian,2,43,0.3125,0.3125,0.3125,1.0,0.3267419636249542,0.09635724872350693
447,60,gaussian,2,43,0.359375,0.53125,0.359375,1.0,6.445927143096924,2.1031696796417236
448,60,gaussian,2,43,0.484375,0.46875,0.484375,1.0,1.6668696403503418,0.649523913860321
449,60,gaussian,2,43,0.53125,0.609375,0.53125,1.0,1.5983850955963135,0.5762444734573364
450,60,gaussian,2,43,0.3125,0.59375,0.3125,1.0,0.7659268379211426,0.24236735701560974
451,60,gaussian,2,43,0.390625,0.625,0.390625,1.0,1.5253474712371826,0.5216891765594482
452,60,gaussian,2,43,0.46875,0.5625,0.46875,1.0,0.6408424377441406,0.21260769665241241
453,60,gaussian,2,43,0.578125,0.4375,0.578125,1.0,3.1679792404174805,1.0627131462097168
454,60,gaussian,2,43,0.265625,0.609375,0.265625,1.0,0.5907672643661499,0.17501330375671387
455,60,gaussian,2,43,0.3125,0.578125,0.3125,1.0,3.635361671447754,1.2061021327972412
456,60,gaussian,2,43,0.609375,0.578125,0.609375,1.0,0.6928766965866089,0.22239011526107788
457,60,gaussian,2,43,0.46875,0.421875,0.46875,1.0,0.4651068449020386,0.1778789609670639
458,60,gaussian,2,43,0.328125,0.609375,0.328125,1.0,0.8359836339950562,0.2729324996471405
459,60,gaussian,2,43,0.5,0.421875,0.5,1.0,2.302980661392212,0.762624979019165
460,60,gaussian,2,43,0.671875,0.546875,0.671875,1.0,5.360651016235352,1.7140406370162964
461,60,gaussian,2,43,0.578125,0.546875,0.578125,1.0,0.728852391242981,0.24063609540462494
462,60,gaussian,2,43,0.28125,0.546875,0.28125,1.0,0.9208096265792847,0.2767019271850586
463,60,gaussian,2,43,0.296875,0.578125,0.296875,1.0,2.7696609497070312,0.8435380458831787
464,60,gaussian,2,43,0.390625,0.625,0.390625,1.0,1.5248419046401978,0.5216891765594482
465,60,gaussian,2,43,0.40625,0.5625,0.40625,1.0,0.5274567604064941,0.185093954205513
466,60,gaussian,2,43,0.703125,0.265625,0.703125,1.0,16.81476402282715,5.016289234161377
467,60,gaussian,2,43,0.578125,0.640625,0.578125,1.0,4.473789215087891,1.5776116847991943
468,60,gaussian,2,43,0.265625,0.578125,0.265625,1.0,0.9960321187973022,0.3143194317817688
469,60,gaussian,2,43,0.5,0.375,0.5,1.0,1.899728536605835,0.6666580438613892
470,60,gaussian,2,43,0.3125,0.59375,0.3125,1.0,0.8388881683349609,0.2608872354030609
471,60,gaussian,2,43,0.25,0.578125,0.25,1.0,2.370542049407959,0.7642390727996826
472,60,gaussian,2,43,0.296875,0.5625,0.296875,1.0,2.689901351928711,0.9108952879905701
473,60,gaussian,2,43,0.453125,0.59375,0.453125,1.0,1.3761203289031982,0.4592988193035126
474,60,gaussian,2,43,0.328125,0.640625,0.328125,1.0,0.9712387323379517,0.35269999504089355
475,60,gaussian,2,43,0.375,0.625,0.375,1.0,2.4401094913482666,0.7690131068229675
476,60,gaussian,2,43,0.3125,0.328125,0.3125,1.0,0.3264177441596985,0.09635725617408752
477,60,gaussian,2,43,0.421875,0.640625,0.421875,1.0,0.39041420817375183,0.1307324320077896
478,60,gaussian,2,43,0.328125,0.59375,0.328125,1.0,0.8616962432861328,0.2826586663722992
479,60,gaussian,2,43,0.421875,0.265625,0.421875,1.0,0.9392830729484558,0.32331234216690063
480,60,gaussian,2,43,0.34375,0.296875,0.34375,1.0,3.15922212600708,1.1166990995407104
481,60,gaussian,2,43,0.640625,0.390625,0.640625,1.0,2.6475722789764404,0.9666244387626648
482,60,gaussian,2,43,0.21875,0.609375,0.21875,1.0,0.5047359466552734,0.14594750106334686
483,60,gaussian,2,43,0.40625,0.453125,0.40625,1.0,3.8913698196411133,1.293604850769043
484,60,gaussian,2,43,0.34375,0.578125,0.34375,1.0,1.3788416385650635,0.4714202284812927
485,60,gaussian,2,43,0.25,0.28125,0.25,1.0,1.4895715713500977,0.426478773355484
486,60,gaussian,2,43,0.46875,0.59375,0.46875,1.0,2.1141037940979004,0.7533960342407227
487,60,gaussian,2,43,0.328125,0.546875,0.328125,1.0,4.488770484924316,1.479388952255249
488,60,gaussian,2,43,0.28125,0.578125,0.28125,1.0,2.5541234016418457,0.7509703040122986
489,60,gaussian,2,43,0.3125,0.59375,0.3125,1.0,3.6360459327697754,1.2061021327972412
490,60,gaussian,2,43,0.5625,0.59375,0.5625,1.0,0.7317209839820862,0.2363092303276062
491,60,gaussian,2,43,0.5,0.421875,0.5,1.0,2.303309440612793,0.762624979019165
492,60,gaussian,2,43,0.28125,0.5625,0.28125,1.0,3.1158180236816406,1.018487811088562
493,60,gaussian,2,43,0.390625,0.421875,0.6578947368421053,1.0,2.41227388381958,0.7872457504272461
494,60,gaussian,2,43,0.328125,0.453125,0.328125,1.0,4.158320426940918,1.295982837677002
495,60,gaussian,2,43,0.40625,0.453125,0.40625,1.0,3.8910040855407715,1.293604850769043
496,60,gaussian,2,43,0.46875,0.609375,0.46875,1.0,0.8558828234672546,0.29862213134765625
497,60,gaussian,2,43,0.453125,0.53125,0.453125,1.0,0.7128154635429382,0.24498052895069122
498,60,gaussian,2,43,0.375,0.609375,0.375,1.0,1.0185742378234863,0.37185752391815186
499,60,gaussian,2,43,0.328125,0.3125,0.328125,1.0,2.7479920387268066,0.8425939083099365
500,60,gaussian,2,43,0.328125,0.46875,0.328125,1.0,4.158489227294922,1.295982837677002
501,60,gaussian,2,43,0.5,0.4375,0.5,1.0,0.48475104570388794,0.17182008922100067
502,60,gaussian,2,43,0.53125,0.515625,0.53125,1.0,2.512073278427124,0.8828312158584595
503,60,gaussian,2,43,0.296875,0.546875,0.296875,1.0,1.4752477407455444,0.4896191358566284
504,60,gaussian,2,43,0.5,0.546875,0.5,1.0,1.278918981552124,0.4835617244243622
505,60,gaussian,2,43,0.34375,0.59375,0.34375,1.0,0.8267481327056885,0.27406376600265503
506,60,gaussian,2,43,0.421875,0.546875,0.421875,1.0,1.8879413604736328,0.6070054769515991
507,60,gaussian,2,43,0.359375,0.359375,0.359375,1.0,0.8928031921386719,0.2798192799091339
508,60,gaussian,2,43,0.328125,0.25,0.328125,1.0,1.383394479751587,0.4282201826572418
509,60,gaussian,2,43,0.28125,0.59375,0.28125,1.0,1.4381508827209473,0.47339946031570435
510,60,gaussian,2,43,0.53125,0.5,0.53125,1.0,1.8312197923660278,0.6343043446540833
511,60,gaussian,2,43,0.296875,0.5,0.296875,1.0,2.8724265098571777,0.8629804253578186
512,60,gaussian,2,43,0.296875,0.53125,0.296875,1.0,3.260941505432129,1.0093833208084106
513,60,gaussian,2,43,0.546875,0.609375,0.546875,1.0,1.9959111213684082,0.6361658573150635
514,60,gaussian,2,43,0.53125,0.328125,0.53125,1.0,2.2590808868408203,0.7744161486625671
515,60,gaussian,2,43,0.296875,0.578125,0.296875,1.0,1.6660844087600708,0.5542532801628113
516,60,gaussian,2,43,0.28125,0.2421875,0.5344129554655871,1.0,5.485875129699707,1.674352765083313
517,60,gaussian,2,43,0.359375,0.375,0.359375,1.0,4.8226118087768555,1.504997968673706
518,60,gaussian,2,43,0.53125,0.625,0.53125,1.0,1.8592462539672852,0.6339029669761658
519,60,gaussian,2,43,0.578125,0.65625,0.578125,1.0,1.0496927499771118,0.3563414216041565
520,60,gaussian,2,43,0.2421875,0.2265625,0.492914979757085,1.0,1.0229346752166748,0.2696886658668518
521,60,gaussian,2,43,0.34375,0.609375,0.34375,1.0,0.6971367597579956,0.22473295032978058
522,60,gaussian,2,43,0.296875,0.546875,0.296875,1.0,3.021022319793701,1.000361442565918
523,60,gaussian,2,43,0.25,0.265625,0.4666666666666667,1.0,4.210949897766113,1.2929807901382446
524,60,gaussian,2,43,0.265625,0.59375,0.265625,1.0,2.1405820846557617,0.6894180178642273
525,60,gaussian,2,43,0.4375,0.609375,0.4375,1.0,0.6087949275970459,0.2140629142522812
526,60,gaussian,2,43,0.40625,0.453125,0.40625,1.0,0.6074647903442383,0.19425180554389954
527,60,gaussian,2,43,0.296875,0.53125,0.296875,1.0,3.508005142211914,1.0958350896835327
528,60,gaussian,2,43,0.484375,0.578125,0.484375,1.0,0.7073212265968323,0.23836369812488556
529,60,gaussian,2,43,0.46875,0.546875,0.46875,1.0,0.5951875448226929,0.20103636384010315
530,60,gaussian,2,43,0.578125,0.453125,0.578125,1.0,2.6630032062530518,0.9062531590461731
531,60,gaussian,2,43,0.328125,0.234375,0.328125,1.0,1.3845787048339844,0.4282201826572418
532,60,gaussian,2,43,0.28125,0.578125,0.28125,1.0,2.6582953929901123,0.8345274329185486
533,60,gaussian,2,43,0.28125,0.609375,0.28125,1.0,1.132682204246521,0.36604562401771545
534,60,gaussian,2,43,0.25,0.2578125,0.5034213098729228,1.0,2.0447657108306885,0.6638162732124329
535,60,gaussian,2,43,0.5625,0.53125,0.5625,1.0,0.7293228507041931,0.24063609540462494
536,60,gaussian,2,43,0.75,0.640625,0.75,1.0,6.121443748474121,2.162700891494751
537,60,gaussian,2,43,0.296875,0.25,0.48717948717948717,1.0,1.7418296337127686,0.5184709429740906
538,60,gaussian,2,43,0.15625,0.140625,0.2777777777777778,1.0,1.8681626319885254,0.6376180648803711
539,60,gaussian,2,43,0.28125,0.265625,0.5249204665959704,1.0,3.0175883769989014,0.9950973391532898
540,60,gaussian,2,43,0.71875,0.65625,0.71875,1.0,1.431021809577942,0.4415134787559509
541,60,gaussian,2,43,0.484375,0.578125,0.484375,1.0,3.2110185623168945,1.1528960466384888
542,60,gaussian,2,43,0.234375,0.25,0.3488372093023256,1.0,1.0790265798568726,0.347718745470047
543,60,gaussian,2,43,0.359375,0.296875,0.359375,1.0,0.6234283447265625,0.1945328563451767
544,60,gaussian,2,43,0.453125,0.59375,0.453125,1.0,1.37540864944458,0.4592987895011902
545,60,gaussian,2,43,0.296875,0.609375,0.296875,1.0,1.376671314239502,0.4630231559276581
546,60,gaussian,2,43,0.265625,0.578125,0.265625,1.0,1.4354335069656372,0.47339949011802673
547,60,gaussian,2,43,0.265625,0.59375,0.265625,1.0,1.3565024137496948,0.44344788789749146
548,60,gaussian,2,43,0.265625,0.625,0.265625,1.0,0.5917872786521912,0.17501330375671387
549,60,gaussian,2,43,0.296875,0.484375,0.296875,1.0,0.48206382989883423,0.1779129058122635
550,60,gaussian,2,43,0.5,0.546875,0.5,1.0,1.2788441181182861,0.4835617244243622
551,60,gaussian,2,43,0.328125,0.5625,0.328125,1.0,1.238013744354248,0.413208544254303
552,60,gaussian,2,43,0.28125,0.53125,0.28125,1.0,3.75777268409729,1.29641854763031
553,60,gaussian,2,43,0.21875,0.203125,0.45161290322580644,1.0,0.7493379712104797,0.22174400091171265
554,60,gaussian,2,43,0.328125,0.3125,0.328125,1.0,2.748574733734131,0.8425938487052917
555,60,gaussian,2,43,0.515625,0.625,0.515625,1.0,1.0247896909713745,0.36950594186782837
556,60,gaussian,2,43,0.40625,0.609375,0.40625,1.0,4.204746246337891,1.5364530086517334
557,60,gaussian,2,43,0.328125,0.3125,0.328125,1.0,2.7481279373168945,0.8425939083099365
558,60,gaussian,2,43,0.328125,0.625,0.328125,1.0,5.324956893920898,1.8274517059326172
559,60,gaussian,2,43,0.34375,0.546875,0.34375,1.0,1.002341866493225,0.32426539063453674
560,60,gaussian,2,43,0.390625,0.46875,0.390625,1.0,3.260524034500122,1.098880648612976
561,60,gaussian,2,43,0.546875,0.625,0.546875,1.0,3.506495475769043,1.1384011507034302
562,60,gaussian,2,43,0.5,0.578125,0.5,1.0,3.585453987121582,1.2353184223175049
563,60,gaussian,2,43,0.28125,0.578125,0.28125,1.0,2.6577110290527344,0.8345274329185486
564,60,gaussian,2,43,0.640625,0.671875,0.640625,1.0,0.9702901840209961,0.3075934648513794
565,60,gaussian,2,43,0.296875,0.5625,0.296875,1.0,2.142993927001953,0.6977400183677673
566,60,gaussian,2,43,0.3125,0.625,0.3125,1.0,0.45952028036117554,0.14548207819461823
567,60,gaussian,2,43,,,,0.0,2.136681079864502,0.7202887535095215
568,60,gaussian,2,43,0.53125,0.609375,0.53125,1.0,1.825811743736267,0.6392968893051147
569,60,gaussian,2,43,0.296875,0.609375,0.296875,1.0,4.164285182952881,1.2338571548461914
570,60,gaussian,2,43,0.3125,0.609375,0.3125,1.0,1.3765182495117188,0.4630231559276581
571,60,gaussian,2,43,0.328125,0.59375,0.328125,1.0,0.891394317150116,0.2957001030445099
572,60,gaussian,2,43,0.609375,0.640625,0.609375,1.0,1.8567070960998535,0.6308552622795105
573,60,gaussian,2,43,0.421875,0.4375,0.421875,1.0,2.1350998878479004,0.7363475561141968
574,60,gaussian,2,43,0.25,0.578125,0.25,1.0,0.9095112085342407,0.3151095509529114
575,60,gaussian,2,43,0.1875,0.15625,0.3870967741935484,1.0,2.5571773052215576,0.7930712103843689
576,60,gaussian,2,43,0.5,0.5625,0.5,1.0,1.278407335281372,0.48356175422668457
577,60,gaussian,2,43,0.265625,0.515625,0.265625,1.0,2.9954452514648438,1.0892119407653809
578,60,gaussian,2,43,0.421875,0.484375,0.421875,1.0,3.3900351524353027,1.0932482481002808
579,60,gaussian,2,43,0.390625,0.625,0.390625,1.0,3.732835292816162,1.1929211616516113
580,60,gaussian,2,43,0.25,0.625,0.25,1.0,1.0654513835906982,0.33613312244415283
581,60,gaussian,2,43,,,,0.0,5.434356689453125,1.7595268487930298
582,60,gaussian,2,43,0.703125,0.640625,0.703125,1.0,2.564439296722412,0.7727174758911133
583,60,gaussian,2,43,0.5,0.453125,0.5,1.0,1.3835856914520264,0.4870016276836395
584,60,gaussian,2,43,0.3125,0.609375,0.3125,1.0,1.4050838947296143,0.44515538215637207
585,60,gaussian,2,43,0.296875,0.578125,0.296875,1.0,2.482107639312744,0.8051598072052002
586,60,gaussian,2,43,0.265625,0.59375,0.265625,1.0,0.9735928773880005,0.3148643672466278
587,60,gaussian,2,43,0.5625,0.46875,0.5625,1.0,2.7757558822631836,0.9166874885559082
588,60,gaussian,2,43,0.46875,0.515625,0.46875,1.0,1.4675769805908203,0.481052964925766
589,60,gaussian,2,43,0.421875,0.265625,0.421875,1.0,0.9389756917953491,0.32331234216690063
590,60,gaussian,2,43,0.265625,0.609375,0.265625,1.0,2.1009185314178467,0.6760116815567017
591,60,gaussian,2,43,0.5625,0.5,0.5625,1.0,0.564451277256012,0.1800454556941986
592,60,gaussian,2,43,0.625,0.28125,0.625,1.0,0.3398461937904358,0.12665414810180664
593,60,gaussian,2,43,0.296875,0.53125,0.296875,1.0,0.9203982949256897,0.2767019271850586
594,60,gaussian,2,43,0.359375,0.328125,0.359375,1.0,0.8536062240600586,0.28198981285095215
595,60,gaussian,2,43,0.234375,0.625,0.234375,1.0,2.1381826400756836,0.7500565648078918
596,60,gaussian,2,43,0.78125,0.171875,0.78125,1.0,1.41616952419281,0.3746497631072998
597,60,gaussian,2,43,0.328125,0.609375,0.328125,1.0,1.4071919918060303,0.44864195585250854
598,60,gaussian,2,43,0.484375,0.421875,0.484375,1.0,2.304647922515869,0.7626249194145203
599,60,gaussian,2,43,0.265625,0.578125,0.265625,1.0,2.8191585540771484,0.9283621907234192
600,60,gaussian,2,43,0.421875,0.546875,0.421875,1.0,5.54054069519043,1.9531171321868896
601,60,gaussian,2,43,0.25,0.546875,0.25,1.0,0.9635468125343323,0.2741938829421997
602,60,gaussian,2,43,0.375,0.375,0.375,1.0,1.1734991073608398,0.4033990800380707
603,60,gaussian,2,43,0.515625,0.609375,0.515625,1.0,0.32051873207092285,0.11039071530103683
604,60,gaussian,2,43,0.28125,0.328125,0.5294117647058824,1.0,3.522522449493408,1.0075823068618774
605,60,gaussian,2,43,0.359375,0.453125,0.359375,1.0,4.375302314758301,1.4130550622940063
606,60,gaussian,2,43,0.34375,0.65625,0.34375,1.0,0.9483627080917358,0.33519604802131653
607,60,gaussian,2,43,0.53125,0.625,0.53125,1.0,1.0247852802276611,0.36950594186782837
608,60,gaussian,2,43,0.453125,0.46875,0.453125,1.0,2.8012642860412598,0.9491928815841675
609,60,gaussian,2,43,0.28125,0.59375,0.28125,1.0,1.4144748449325562,0.47640934586524963
610,60,gaussian,2,43,0.296875,0.625,0.296875,1.0,0.4592563509941101,0.14548207819461823
611,60,gaussian,2,43,0.34375,0.546875,0.34375,1.0,1.4171676635742188,0.47499310970306396
612,60,gaussian,2,43,0.421875,0.5625,0.421875,1.0,0.5271487236022949,0.185093954205513
613,60,gaussian,2,43,0.34375,0.609375,0.34375,1.0,0.6970351338386536,0.22473295032978058
614,60,gaussian,2,43,0.28125,0.640625,0.28125,1.0,1.5312554836273193,0.47872528433799744
615,60,gaussian,2,43,0.296875,0.578125,0.296875,1.0,2.7456750869750977,0.8739084005355835
616,60,gaussian,2,43,0.296875,0.625,0.296875,1.0,1.1764960289001465,0.38233089447021484
617,60,gaussian,2,43,0.296875,0.59375,0.296875,1.0,3.6391077041625977,1.2061021327972412
618,60,gaussian,2,43,0.28125,0.625,0.28125,1.0,1.6134066581726074,0.46220389008522034
619,60,gaussian,2,43,0.21875,0.203125,0.21875,1.0,0.5744344592094421,0.16027595102787018
620,60,gaussian,2,43,0.40625,0.453125,0.40625,1.0,1.145026445388794,0.39101850986480713
621,60,gaussian,2,43,0.2578125,0.2578125,0.5246305418719212,1.0,3.672576427459717,1.0623297691345215
622,60,gaussian,2,43,0.59375,0.453125,0.59375,1.0,0.5694913268089294,0.18576236069202423
623,60,gaussian,2,43,0.25,0.234375,0.5225225225225225,1.0,4.2777485847473145,1.363714337348938
624,60,gaussian,2,43,0.25,0.59375,0.25,1.0,0.7679427862167358,0.22573041915893555
625,60,gaussian,2,43,0.28125,0.28125,0.28125,1.0,0.7677363157272339,0.21456196904182434
626,60,gaussian,2,43,0.28125,0.5,0.28125,1.0,1.7255213260650635,0.6097213625907898
627,60,gaussian,2,43,0.375,0.59375,0.375,1.0,3.7962541580200195,1.2169568538665771
628,60,gaussian,2,43,0.3125,0.609375,0.3125,1.0,1.8142021894454956,0.6248212456703186
629,60,gaussian,2,43,0.4375,0.453125,0.5833333333333334,1.0,1.0838299989700317,0.33660826086997986
630,60,gaussian,2,43,0.171875,0.15625,0.39285714285714285,1.0,0.8758355379104614,0.25674325227737427
631,60,gaussian,2,43,0.2734375,0.265625,0.4895833333333333,1.0,1.0837864875793457,0.33660829067230225
632,60,gaussian,2,43,0.5625,0.421875,0.5625,1.0,0.7258718013763428,0.2684783637523651
633,60,gaussian,2,43,0.34375,0.671875,0.34375,1.0,1.2102423906326294,0.360614538192749
634,60,gaussian,2,43,0.3125,0.375,0.3125,1.0,2.1209402084350586,0.6343156695365906
635,60,gaussian,2,43,0.234375,0.234375,0.234375,1.0,0.5284178853034973,0.14448973536491394
636,60,gaussian,2,43,0.46875,0.421875,0.46875,1.0,1.2133209705352783,0.42931893467903137
637,60,gaussian,2,43,0.375,0.671875,0.375,1.0,1.1078526973724365,0.33400315046310425
638,60,gaussian,2,43,0.2265625,0.234375,0.46176470588235297,1.0,6.239408493041992,1.9795644283294678
639,60,gaussian,2,43,0.625,0.28125,0.625,1.0,1.6621110439300537,0.5231876969337463
640,60,gaussian,2,43,0.28125,0.59375,0.28125,1.0,1.305208683013916,0.4494844675064087
641,60,gaussian,2,43,0.296875,0.5,0.296875,1.0,2.8710479736328125,0.8629804253578186
642,60,gaussian,2,43,0.296875,0.578125,0.296875,1.0,1.2557570934295654,0.3859246075153351
643,60,gaussian,2,43,0.34375,0.375,0.34375,1.0,1.2935676574707031,0.3878042995929718
644,60,gaussian,2,43,0.359375,0.453125,0.359375,1.0,0.4016609787940979,0.12525518238544464
645,60,gaussian,2,43,0.25,0.59375,0.25,1.0,2.314495801925659,0.7450001239776611
646,60,gaussian,2,43,0.5,0.59375,0.5,1.0,2.723345994949341,1.0022833347320557
647,60,gaussian,2,43,0.3125,0.625,0.3125,1.0,0.7519180178642273,0.23524820804595947
648,60,gaussian,2,43,0.5,0.359375,0.5,1.0,3.6662938594818115,1.2584283351898193
649,60,gaussian,2,43,0.234375,0.21875,0.234375,1.0,0.5289655327796936,0.14448973536491394
650,60,gaussian,2,43,0.453125,0.453125,0.453125,1.0,1.1094168424606323,0.3843989670276642
651,60,gaussian,2,43,0.28125,0.5625,0.28125,1.0,4.562722206115723,1.4333840608596802
652,60,gaussian,2,43,0.5,0.4375,0.5,1.0,0.48435190320014954,0.17182008922100067
653,60,gaussian,2,43,0.328125,0.609375,0.328125,1.0,1.9227850437164307,0.638951301574707
654,60,gaussian,2,43,0.296875,0.59375,0.296875,1.0,1.536299467086792,0.5170797109603882
655,60,gaussian,2,43,0.546875,0.59375,0.546875,1.0,0.563487708568573,0.19141052663326263
656,60,gaussian,2,43,0.390625,0.59375,0.390625,1.0,5.959558486938477,1.9825491905212402
657,60,gaussian,2,43,0.6875,0.375,0.6875,1.0,1.9978705644607544,0.5805055499076843
658,60,gaussian,2,43,0.296875,0.59375,0.296875,1.0,0.9282751679420471,0.27653172612190247
659,60,gaussian,2,43,0.25,0.234375,0.5242914979757085,1.0,4.277992248535156,1.363714337348938
660,60,gaussian,2,43,0.28125,0.59375,0.28125,1.0,1.7229130268096924,0.5749242901802063
661,60,gaussian,2,43,0.34375,0.453125,0.34375,1.0,2.352382183074951,0.7546728253364563
662,60,gaussian,2,43,0.25,0.25,0.4939091915836102,1.0,2.173898696899414,0.7318846583366394
663,60,gaussian,2,43,0.359375,0.53125,0.359375,1.0,6.445776462554932,2.1031696796417236
664,60,gaussian,2,43,0.296875,0.65625,0.296875,1.0,1.5309603214263916,0.47872528433799744
665,60,gaussian,2,43,0.4375,0.390625,0.4375,1.0,4.1265764236450195,1.3611825704574585
666,60,gaussian,2,43,0.34375,0.421875,0.34375,1.0,1.7684837579727173,0.5652270913124084
667,60,gaussian,2,43,0.265625,0.515625,0.265625,1.0,0.4449414610862732,0.12690608203411102
668,60,gaussian,2,43,0.4375,0.609375,0.4375,1.0,1.0802867412567139,0.39577844738960266
669,60,gaussian,2,43,0.515625,0.59375,0.515625,1.0,1.6767220497131348,0.5803335905075073
670,60,gaussian,2,43,,,,0.0,0.22106170654296875,0.07538868486881256
671,60,gaussian,2,43,0.46875,0.5,0.46875,1.0,1.467178463935852,0.481052964925766
672,60,gaussian,2,43,0.53125,0.5625,0.53125,1.0,2.972388982772827,0.9870994091033936
673,60,gaussian,2,43,0.28125,0.59375,0.28125,1.0,0.9596797823905945,0.34254884719848633
674,60,gaussian,2,43,0.46875,0.421875,0.46875,1.0,1.213240623474121,0.42931893467903137
675,60,gaussian,2,43,0.34375,0.375,0.34375,1.0,4.815958023071289,1.5049978494644165
676,60,gaussian,2,43,0.296875,0.625,0.296875,1.0,2.277782440185547,0.7747633457183838
677,60,gaussian,2,43,0.71875,0.671875,0.71875,1.0,1.4309539794921875,0.4415134787559509
678,60,gaussian,2,43,0.28125,0.546875,0.28125,1.0,3.1175622940063477,1.018487811088562
679,60,gaussian,2,43,0.2734375,0.2734375,0.5032467532467533,1.0,3.015132427215576,0.9950973391532898
680,60,gaussian,2,43,0.4375,0.59375,0.4375,1.0,3.3369953632354736,1.0579887628555298
681,60,gaussian,2,43,0.453125,0.578125,0.453125,1.0,0.641255259513855,0.21260769665241241
682,60,gaussian,2,43,0.625,0.15625,0.625,1.0,0.37763702869415283,0.12015287578105927
683,60,gaussian,2,43,0.25,0.59375,0.25,1.0,1.7368311882019043,0.5771300792694092
684,60,gaussian,2,43,0.34375,0.578125,0.34375,1.0,0.8260767459869385,0.2740637958049774
685,60,gaussian,2,43,0.328125,0.609375,0.328125,1.0,0.7653687000274658,0.24236734211444855
686,60,gaussian,2,43,0.359375,0.59375,0.359375,1.0,1.4895508289337158,0.49824902415275574
687,60,gaussian,2,43,0.28125,0.609375,0.28125,1.0,1.1872494220733643,0.424795538187027
688,60,gaussian,2,43,0.53125,0.328125,0.53125,1.0,2.2603964805603027,0.7744162082672119
689,60,gaussian,2,43,0.328125,0.5625,0.328125,1.0,1.0006372928619385,0.32426539063453674
690,60,gaussian,2,43,0.640625,0.5625,0.640625,1.0,4.737665176391602,1.6096704006195068
691,60,gaussian,2,43,0.28125,0.640625,0.28125,1.0,1.5315582752227783,0.47872528433799744
692,60,gaussian,2,43,0.609375,0.40625,0.609375,1.0,3.258924961090088,1.1021677255630493
693,60,gaussian,2,43,0.34375,0.3125,0.34375,1.0,0.8533905148506165,0.28198981285095215
694,60,gaussian,2,43,0.28125,0.609375,0.28125,1.0,1.2163197994232178,0.39916008710861206
695,60,gaussian,2,43,0.3125,0.390625,0.3125,1.0,1.0218868255615234,0.3570486605167389
696,60,gaussian,2,43,0.328125,0.640625,0.328125,1.0,0.9720686674118042,0.35269996523857117
697,60,gaussian,2,43,0.546875,0.65625,0.546875,1.0,0.9110610485076904,0.3092094659805298
698,60,gaussian,2,43,0.328125,0.4375,0.328125,1.0,1.6104884147644043,0.5113197565078735
699,60,gaussian,2,43,0.3125,0.609375,0.3125,1.0,1.4053120613098145,0.44515541195869446
700,60,gaussian,2,43,0.25,0.578125,0.25,1.0,0.5281156897544861,0.16698996722698212
701,60,gaussian,2,43,0.28125,0.546875,0.28125,1.0,0.9205470085144043,0.2767019271850586
702,60,gaussian,2,43,0.390625,0.640625,0.390625,1.0,1.8822611570358276,0.5784395933151245
703,60,gaussian,2,43,0.328125,0.5,0.328125,1.0,5.027921676635742,1.578952431678772
704,60,gaussian,2,43,0.28125,0.578125,0.28125,1.0,2.4807066917419434,0.8051598072052002
705,60,gaussian,2,43,0.265625,0.609375,0.265625,1.0,2.094160556793213,0.7117182016372681
706,60,gaussian,2,43,0.296875,0.59375,0.296875,1.0,1.5362287759780884,0.5170797109603882
707,60,gaussian,2,43,0.328125,0.5625,0.328125,1.0,1.4466066360473633,0.47198033332824707
708,60,gaussian,2,43,0.296875,0.59375,0.296875,1.0,1.6586805582046509,0.5544389486312866
709,60,gaussian,2,43,0.265625,0.578125,0.265625,1.0,1.1274988651275635,0.37769410014152527
710,60,gaussian,2,43,0.609375,0.640625,0.609375,1.0,2.562432289123535,0.8436582088470459
711,60,gaussian,2,43,0.40625,0.5625,0.40625,1.0,0.5274500250816345,0.185093954205513
712,60,gaussian,2,43,0.546875,0.578125,0.546875,1.0,1.3515260219573975,0.4428701102733612
713,60,gaussian,2,43,0.328125,0.609375,0.328125,1.0,0.8360112905502319,0.2729324996471405
714,60,gaussian,2,43,0.3125,0.359375,0.3125,1.0,2.670501232147217,0.8203055262565613
715,60,gaussian,2,43,0.28125,0.5,0.28125,1.0,0.4818703532218933,0.17791292071342468
716,60,gaussian,2,43,0.46875,0.5625,0.46875,1.0,1.617700457572937,0.5575129985809326
717,60,gaussian,2,43,0.25,0.578125,0.25,1.0,2.1237502098083496,0.6875842213630676
718,60,gaussian,2,43,0.5,0.46875,0.5,1.0,1.384878158569336,0.4870016276836395
719,60,gaussian,2,43,0.625,0.4375,0.625,1.0,7.418425559997559,2.3925797939300537
720,60,gaussian,2,43,0.703125,0.65625,0.703125,1.0,0.7755558490753174,0.2490045577287674
721,60,gaussian,2,43,0.359375,0.421875,0.359375,1.0,0.36867064237594604,0.11631139367818832
722,60,gaussian,2,43,0.546875,0.609375,0.546875,1.0,0.5632192492485046,0.19141052663326263
723,60,gaussian,2,43,0.4375,0.546875,0.4375,1.0,0.7121087312698364,0.24498052895069122
724,60,gaussian,2,43,0.65625,0.625,0.65625,1.0,3.240370273590088,0.9900447130203247
725,60,gaussian,2,43,0.640625,0.65625,0.640625,1.0,0.45203590393066406,0.14132250845432281
726,60,gaussian,2,43,0.359375,0.34375,0.696969696969697,1.0,2.561542510986328,0.7930712103843689
727,60,gaussian,2,43,0.578125,0.59375,0.578125,1.0,1.3410263061523438,0.45308414101600647
728,60,gaussian,2,43,0.34375,0.28125,0.34375,1.0,3.1607985496520996,1.11669921875
729,60,gaussian,2,43,0.578125,0.4375,0.578125,1.0,3.167332410812378,1.0627131462097168
730,60,gaussian,2,43,0.265625,0.609375,0.265625,1.0,2.1278347969055176,0.746738076210022
731,60,gaussian,2,43,0.234375,0.2421875,0.4754754754754755,1.0,1.025145173072815,0.2696886658668518
732,60,gaussian,2,43,0.28125,0.640625,0.28125,1.0,1.901458501815796,0.6339000463485718
733,60,gaussian,2,43,0.3125,0.546875,0.3125,1.0,1.42954683303833,0.4539114534854889
734,60,gaussian,2,43,0.46875,0.546875,0.46875,1.0,0.5956267714500427,0.20103636384010315
735,60,gaussian,2,43,0.34375,0.28125,0.34375,1.0,3.162215232849121,1.11669921875
736,60,gaussian,2,43,0.34375,0.625,0.34375,1.0,1.0542151927947998,0.346639484167099
737,60,gaussian,2,43,0.234375,0.2109375,0.4666666666666667,1.0,2.205939292907715,0.6390909552574158
738,60,gaussian,2,43,0.421875,0.421875,0.421875,1.0,3.6013946533203125,1.1965460777282715
739,60,gaussian,2,43,0.484375,0.484375,0.484375,1.0,0.8275873064994812,0.2825418710708618
740,60,gaussian,2,43,0.515625,0.59375,0.515625,1.0,1.162428617477417,0.42475539445877075
741,60,gaussian,2,43,0.25,0.578125,0.25,1.0,0.5280753970146179,0.16698996722698212
742,60,gaussian,2,43,0.359375,0.34375,0.359375,1.0,3.9072203636169434,1.188180923461914
743,60,gaussian,2,43,0.40625,0.453125,0.40625,1.0,0.6080041527748108,0.19425180554389954
744,60,gaussian,2,43,0.3125,0.578125,0.3125,1.0,0.5303597450256348,0.1734735369682312
745,60,gaussian,2,43,0.28125,0.546875,0.28125,1.0,3.0191287994384766,1.000361442565918
746,60,gaussian,2,43,0.34375,0.390625,0.34375,1.0,1.084438443183899,0.34760817885398865
747,60,gaussian,2,43,0.4375,0.5,0.4375,1.0,3.8978524208068848,1.409408450126648
748,60,gaussian,2,43,0.53125,0.609375,0.53125,1.0,1.0259381532669067,0.36950594186782837
749,60,gaussian,2,43,0.65625,0.625,0.65625,1.0,3.2420382499694824,0.9900447130203247
750,60,gaussian,2,43,0.328125,0.375,0.328125,1.0,2.120997190475464,0.6343156099319458
751,60,gaussian,2,43,0.71875,0.21875,0.71875,1.0,0.3871113657951355,0.11866147071123123
752,60,gaussian,2,43,0.5625,0.484375,0.5625,1.0,2.7763729095458984,0.916687548160553
753,60,gaussian,2,43,0.328125,0.59375,0.328125,1.0,0.6096060276031494,0.2079492211341858
754,60,gaussian,2,43,0.390625,0.4375,0.390625,1.0,3.5547573566436768,1.1184906959533691
755,60,gaussian,2,43,0.2265625,0.2421875,0.4438423645320197,1.0,3.5260703563690186,1.0075823068618774
756,60,gaussian,2,43,0.3125,0.609375,0.3125,1.0,1.7783658504486084,0.6035544872283936
757,60,gaussian,2,43,0.40625,0.546875,0.40625,1.0,4.458234786987305,1.5098814964294434
758,60,gaussian,2,43,0.3125,0.546875,0.3125,1.0,4.466581344604492,1.3799782991409302
759,60,gaussian,2,43,0.453125,0.484375,0.453125,1.0,0.50618976354599,0.16791953146457672
760,60,gaussian,2,43,0.421875,0.390625,0.421875,1.0,2.7751312255859375,0.8767604827880859
761,60,gaussian,2,43,0.296875,0.5625,0.296875,1.0,1.1694324016571045,0.3810325562953949
762,60,gaussian,2,43,0.2421875,0.2421875,0.504004004004004,1.0,1.3971941471099854,0.44276684522628784
763,60,gaussian,2,43,0.640625,0.28125,0.640625,1.0,1.6620476245880127,0.5231876969337463
764,60,gaussian,2,43,0.265625,0.59375,0.265625,1.0,2.0958571434020996,0.7117181420326233
765,60,gaussian,2,43,0.625,0.5,0.625,1.0,0.6884706020355225,0.23660509288311005
766,60,gaussian,2,43,0.25,0.296875,0.3404255319148936,1.0,2.8644351959228516,0.7474988102912903
767,60,gaussian,2,43,0.421875,0.4375,0.421875,1.0,2.1367671489715576,0.7363475561141968
768,60,gaussian,2,43,0.34375,0.5625,0.34375,1.0,1.4055631160736084,0.44867372512817383
769,60,gaussian,2,43,0.34375,0.40625,0.34375,1.0,1.3826971054077148,0.5250359177589417
770,60,gaussian,2,43,0.640625,0.65625,0.640625,1.0,2.077681541442871,0.6581690907478333
771,60,gaussian,2,43,0.40625,0.625,0.40625,1.0,9.93225383758545,3.2803122997283936
772,60,gaussian,2,43,0.21875,0.59375,0.21875,1.0,0.7779044508934021,0.2597341537475586
773,60,gaussian,2,43,0.296875,0.578125,0.296875,1.0,1.255092978477478,0.3859246075153351
774,60,gaussian,2,43,0.359375,0.359375,0.359375,1.0,0.892806351184845,0.2798192799091339
775,60,gaussian,2,43,0.53125,0.609375,0.53125,1.0,1.7560465335845947,0.6132328510284424
776,60,gaussian,2,43,0.328125,0.609375,0.328125,1.0,0.8356735706329346,0.2729324996471405
777,60,gaussian,2,43,0.15625,0.125,0.38461538461538464,1.0,5.474981784820557,1.674352765083313
778,60,gaussian,2,43,0.265625,0.609375,0.265625,1.0,1.8575894832611084,0.6357947587966919
779,60,gaussian,2,43,0.515625,0.625,0.515625,1.0,1.0668742656707764,0.36311978101730347
780,60,gaussian,2,43,0.484375,0.34375,0.484375,1.0,1.669687271118164,0.6424526572227478
781,60,gaussian,2,43,0.375,0.375,0.375,1.0,5.079216003417969,1.6708236932754517
782,60,gaussian,2,43,0.5,0.46875,0.5,1.0,4.538095474243164,1.6063512563705444
783,60,gaussian,2,43,0.5625,0.59375,0.5625,1.0,0.7321310639381409,0.2363092303276062
784,60,gaussian,2,43,0.328125,0.34375,0.328125,1.0,2.673720359802246,0.820305585861206
785,60,gaussian,2,43,0.328125,0.46875,0.328125,1.0,4.155515193939209,1.295982837677002
786,60,gaussian,2,43,0.484375,0.578125,0.484375,1.0,3.2115416526794434,1.1528960466384888
787,60,gaussian,2,43,0.34375,0.59375,0.34375,1.0,1.3792800903320312,0.4714202582836151
788,60,gaussian,2,43,0.625,0.671875,0.625,1.0,0.6473467350006104,0.20054972171783447
789,60,gaussian,2,43,0.34375,0.4375,0.34375,1.0,1.769472360610962,0.5652270913124084
790,60,gaussian,2,43,0.328125,0.484375,0.328125,1.0,5.030972480773926,1.5789521932601929
791,60,gaussian,2,43,0.328125,0.578125,0.328125,1.0,1.448317050933838,0.47198033332824707
792,60,gaussian,2,43,0.296875,0.59375,0.296875,1.0,2.8390774726867676,0.8944916725158691
793,60,gaussian,2,43,0.71875,0.671875,0.71875,1.0,0.6740882396697998,0.21681158244609833
794,60,gaussian,2,43,0.390625,0.546875,0.390625,1.0,2.245504379272461,0.7121502757072449
795,60,gaussian,2,43,0.453125,0.609375,0.453125,1.0,2.4231691360473633,0.8086579442024231
796,60,gaussian,2,43,0.453125,0.46875,0.453125,1.0,1.1104668378829956,0.3843989670276642
797,60,gaussian,2,43,0.40625,0.453125,0.40625,1.0,0.6080235242843628,0.19425180554389954
798,60,gaussian,2,43,0.34375,0.5625,0.34375,1.0,1.44649338722229,0.47198033332824707
799,60,gaussian,2,43,0.5,0.359375,0.5,1.0,3.666599750518799,1.2584283351898193
800,60,gaussian,2,43,0.578125,0.4375,0.578125,1.0,3.1678028106689453,1.0627131462097168
801,60,gaussian,2,43,0.484375,0.453125,0.484375,1.0,2.602156639099121,0.9091485738754272
802,60,gaussian,2,43,0.2578125,0.25,0.4883351007423118,1.0,4.056746959686279,1.2177233695983887
803,60,gaussian,2,43,0.609375,0.421875,0.609375,1.0,2.4929256439208984,0.7964880466461182
804,60,gaussian,2,43,0.28125,0.53125,0.28125,1.0,3.762063980102539,1.2964186668395996
805,60,gaussian,2,43,0.234375,0.5625,0.234375,1.0,2.126574993133545,0.6941636800765991
806,60,gaussian,2,43,0.34375,0.375,0.34375,1.0,0.30945250391960144,0.09351354837417603
807,60,gaussian,2,43,0.671875,0.5625,0.671875,1.0,0.6529039144515991,0.23424117267131805
808,60,gaussian,2,43,0.65625,0.640625,0.65625,1.0,3.2396693229675293,0.9900447130203247
809,60,gaussian,2,43,0.359375,0.671875,0.359375,1.0,1.2082059383392334,0.360614538192749
810,60,gaussian,2,43,0.265625,0.59375,0.265625,1.0,0.7039227485656738,0.2289176881313324
811,60,gaussian,2,43,0.359375,0.375,0.359375,1.0,0.8920710682868958,0.2798192799091339
812,60,gaussian,2,43,0.3125,0.625,0.3125,1.0,1.404850721359253,0.44515538215637207
813,60,gaussian,2,43,0.28125,0.609375,0.28125,1.0,4.166051387786865,1.2338571548461914
814,60,gaussian,2,43,0.578125,0.5,0.578125,1.0,2.9215564727783203,0.9781783223152161
815,60,gaussian,2,43,0.296875,0.359375,0.296875,1.0,1.1497242450714111,0.33221903443336487
816,60,gaussian,2,43,0.421875,0.484375,0.421875,1.0,4.349501609802246,1.4841581583023071
817,60,gaussian,2,43,,,,0.0,2.5239415168762207,0.6739097833633423
818,60,gaussian,2,43,0.484375,0.578125,0.484375,1.0,2.8663322925567627,0.9900034666061401
819,60,gaussian,2,43,0.28125,0.59375,0.28125,1.0,1.4142084121704102,0.47640934586524963
820,60,gaussian,2,43,0.21875,0.59375,0.21875,1.0,0.7781780958175659,0.259734183549881
821,60,gaussian,2,43,0.265625,0.59375,0.265625,1.0,1.1280364990234375,0.3776940703392029
822,60,gaussian,2,43,0.640625,0.640625,0.640625,1.0,1.3673949241638184,0.4954480826854706
823,60,gaussian,2,43,0.34375,0.375,0.34375,1.0,1.293802261352539,0.3878042995929718
824,60,gaussian,2,43,0.28125,0.59375,0.28125,1.0,1.4378001689910889,0.47339946031570435
825,60,gaussian,2,43,0.5,0.4375,0.5,1.0,0.484738290309906,0.17182008922100067
826,60,gaussian,2,43,0.484375,0.546875,0.484375,1.0,0.5951986312866211,0.20103636384010315
827,60,gaussian,2,43,0.234375,0.59375,0.234375,1.0,1.4079164266586304,0.46789565682411194
828,60,gaussian,2,43,0.25,0.25,0.49853372434017595,1.0,1.399444818496704,0.434496134519577
829,60,gaussian,2,43,0.296875,0.609375,0.296875,1.0,1.2162892818450928,0.39916008710861206
830,60,gaussian,2,43,0.71875,0.546875,0.71875,1.0,2.2398579120635986,0.6756995916366577
831,60,gaussian,2,43,0.25,0.625,0.25,1.0,1.0653221607208252,0.33613312244415283
832,60,gaussian,2,43,0.359375,0.390625,0.359375,1.0,5.621784210205078,1.781203269958496
833,60,gaussian,2,43,0.328125,0.5625,0.328125,1.0,1.2381534576416016,0.413208544254303
834,60,gaussian,2,43,0.625,0.65625,0.625,1.0,1.8567290306091309,0.6308552622795105
835,60,gaussian,2,43,0.296875,0.625,0.296875,1.0,0.7513573169708252,0.23524820804595947
836,60,gaussian,2,43,0.53125,0.625,0.53125,1.0,1.2820709943771362,0.446329265832901
837,60,gaussian,2,43,0.25,0.578125,0.25,1.0,1.2739613056182861,0.3990761339664459
838,60,gaussian,2,43,0.28125,0.625,0.28125,1.0,1.1745986938476562,0.38233089447021484
839,60,gaussian,2,43,0.484375,0.546875,0.484375,1.0,3.54252028465271,1.2682753801345825
840,60,gaussian,2,43,0.5625,0.59375,0.5625,1.0,0.73191899061203,0.2363092303276062
841,60,gaussian,2,43,0.265625,0.59375,0.265625,1.0,1.9259471893310547,0.6534308791160583
842,60,gaussian,2,43,0.296875,0.65625,0.296875,1.0,3.320981502532959,1.170964241027832
843,60,gaussian,2,43,0.265625,0.609375,0.265625,1.0,0.7042714357376099,0.2289176881313324
844,60,gaussian,2,43,0.21875,0.59375,0.21875,1.0,0.5047985911369324,0.14594750106334686
845,60,gaussian,2,43,0.640625,0.390625,0.640625,1.0,2.6451640129089355,0.9666244387626648
846,60,gaussian,2,43,0.375,0.625,0.375,1.0,2.440682888031006,0.7690131068229675
847,60,gaussian,2,43,0.296875,0.546875,0.296875,1.0,3.2621588706970215,1.0093833208084106
848,60,gaussian,2,43,0.3125,0.296875,0.3125,1.0,0.6444716453552246,0.19430936872959137
849,60,gaussian,2,43,0.421875,0.59375,0.421875,1.0,3.0249416828155518,1.0422919988632202
850,60,gaussian,2,43,0.578125,0.484375,0.578125,1.0,2.9216175079345703,0.9781782627105713
851,60,gaussian,2,43,0.296875,0.59375,0.296875,1.0,3.636911153793335,1.2061021327972412
852,60,gaussian,2,43,0.421875,0.484375,0.421875,1.0,3.3901867866516113,1.0932481288909912
853,60,gaussian,2,43,0.28125,0.515625,0.28125,1.0,2.999971628189087,1.0892119407653809
854,60,gaussian,2,43,0.328125,0.4375,0.328125,1.0,3.0552635192871094,0.9799142479896545
855,60,gaussian,2,43,0.296875,0.546875,0.296875,1.0,0.7595734000205994,0.2488371878862381
856,60,gaussian,2,43,0.265625,0.578125,0.265625,1.0,1.4769803285598755,0.49143606424331665
857,60,gaussian,2,43,0.28125,0.265625,0.28125,1.0,1.0753720998764038,0.3087395429611206
858,60,gaussian,2,43,0.265625,0.59375,0.265625,1.0,2.0959393978118896,0.7117182016372681
859,60,gaussian,2,43,0.78125,0.171875,0.78125,1.0,1.4113682508468628,0.3746497631072998
860,60,gaussian,2,43,0.234375,0.578125,0.234375,1.0,1.8976951837539673,0.604824423789978
861,60,gaussian,2,43,0.515625,0.609375,0.515625,1.0,1.1628135442733765,0.42475539445877075
862,60,gaussian,2,43,0.2578125,0.2734375,0.47879109225874866,1.0,4.20664644241333,1.2929807901382446
863,60,gaussian,2,43,0.28125,0.59375,0.28125,1.0,1.3031715154647827,0.4494844675064087
864,60,gaussian,2,43,0.703125,0.640625,0.703125,1.0,2.5659353733062744,0.7727174758911133
865,60,gaussian,2,43,0.359375,0.328125,0.359375,1.0,0.8534848690032959,0.28198984265327454
866,60,gaussian,2,43,0.390625,0.453125,0.390625,1.0,0.6074572801589966,0.19425180554389954
867,60,gaussian,2,43,0.515625,0.609375,0.515625,1.0,1.824234962463379,0.6392968893051147
868,60,gaussian,2,43,0.25,0.59375,0.25,1.0,1.5956143140792847,0.4997066259384155
869,60,gaussian,2,43,0.359375,0.359375,0.359375,1.0,2.526660919189453,0.8352689743041992
870,60,gaussian,2,43,0.640625,0.390625,0.640625,1.0,2.646225690841675,0.9666244387626648
871,60,gaussian,2,43,0.3125,0.546875,0.3125,1.0,4.465903282165527,1.3799782991409302
872,60,gaussian,2,43,0.46875,0.578125,0.46875,1.0,2.8495335578918457,1.0208323001861572
873,60,gaussian,2,43,0.265625,0.59375,0.265625,1.0,1.9468830823898315,0.6705535054206848
874,60,gaussian,2,43,,,,0.0,1.8723493814468384,0.6376180052757263
875,60,gaussian,2,43,0.34375,0.609375,0.34375,1.0,1.4895503520965576,0.49824899435043335
876,60,gaussian,2,43,0.359375,0.390625,0.359375,1.0,4.823836326599121,1.504997968673706
877,60,gaussian,2,43,0.640625,0.296875,0.640625,1.0,1.6598460674285889,0.5231876969337463
878,60,gaussian,2,43,0.296875,0.578125,0.296875,1.0,1.0976645946502686,0.3727463185787201
879,60,gaussian,2,43,0.609375,0.671875,0.609375,1.0,0.8566582202911377,0.2794182300567627
880,60,gaussian,2,43,0.671875,0.609375,0.671875,1.0,4.438342094421387,1.4051268100738525
881,60,gaussian,2,43,0.265625,0.2578125,0.5389162561576355,1.0,2.300143003463745,0.6668815612792969
882,60,gaussian,2,43,0.640625,0.671875,0.640625,1.0,2.0793514251708984,0.6581690907478333
883,60,gaussian,2,43,0.28125,0.3125,0.6206896551724138,1.0,3.673288583755493,1.0623297691345215
884,60,gaussian,2,43,0.28125,0.625,0.28125,1.0,0.9522659778594971,0.32382646203041077
885,60,gaussian,2,43,0.296875,0.5,0.296875,1.0,2.8660972118377686,0.8629804253578186
886,60,gaussian,2,43,0.328125,0.578125,0.328125,1.0,1.2619929313659668,0.4174855947494507
887,60,gaussian,2,43,0.390625,0.640625,0.390625,1.0,1.8825160264968872,0.5784395933151245
888,60,gaussian,2,43,0.3125,0.609375,0.3125,1.0,1.6167389154434204,0.5531634092330933
889,60,gaussian,2,43,0.296875,0.578125,0.296875,1.0,1.3890528678894043,0.46469756960868835
890,60,gaussian,2,43,0.390625,0.640625,0.390625,1.0,1.8820091485977173,0.5784396529197693
891,60,gaussian,2,43,0.6875,0.421875,0.6875,1.0,2.248765230178833,0.7533379197120667
892,60,gaussian,2,43,0.28125,0.578125,0.28125,1.0,2.58091139793396,0.86402827501297
893,60,gaussian,2,43,0.421875,0.546875,0.421875,1.0,5.540207386016846,1.9531171321868896
894,60,gaussian,2,43,0.5,0.359375,0.5,1.0,0.6006913185119629,0.22149884700775146
895,60,gaussian,2,43,0.265625,0.59375,0.265625,1.0,1.9778188467025757,0.6683761477470398
896,60,gaussian,2,43,0.359375,0.578125,0.359375,1.0,1.04701566696167,0.3284588158130646
897,60,gaussian,2,43,0.234375,0.5625,0.234375,1.0,1.6018391847610474,0.47100895643234253
898,60,gaussian,2,43,0.71875,0.625,0.71875,1.0,0.414284884929657,0.1197192594408989
899,60,gaussian,2,43,0.296875,0.625,0.296875,1.0,2.276085376739502,0.7747633457183838
900,60,gaussian,2,43,0.25,0.2265625,0.5024437927663734,1.0,1.8710753917694092,0.5830173492431641
901,60,gaussian,2,43,,,,0.0,3.7178709506988525,1.253004550933838
902,60,gaussian,2,43,0.515625,0.625,0.515625,1.0,0.3204537034034729,0.11039071530103683
903,60,gaussian,2,43,0.53125,0.609375,0.53125,1.0,1.8616117238998413,0.6339029669761658
904,60,gaussian,2,43,0.59375,0.453125,0.59375,1.0,0.5691812038421631,0.18576236069202423
905,60,gaussian,2,43,0.46875,0.46875,0.46875,1.0,0.4425197243690491,0.14105258882045746
906,60,gaussian,2,43,0.25,0.2421875,0.4653061224489796,1.0,5.325862407684326,1.7781716585159302
907,60,gaussian,2,43,0.484375,0.5625,0.484375,1.0,2.847993850708008,1.0208323001861572
908,60,gaussian,2,43,0.25,0.578125,0.25,1.0,1.4076554775238037,0.4678956866264343
909,60,gaussian,2,43,0.296875,0.578125,0.296875,1.0,1.6660208702087402,0.5542532801628113
910,60,gaussian,2,43,0.46875,0.625,0.46875,1.0,1.9740214347839355,0.6321580410003662
911,60,gaussian,2,43,0.28125,0.625,0.28125,1.0,0.9521909952163696,0.32382646203041077
912,60,gaussian,2,43,0.5,0.375,0.5,1.0,0.6005454659461975,0.22149884700775146
913,60,gaussian,2,43,0.265625,0.578125,0.265625,1.0,1.6875064373016357,0.5224923491477966
914,60,gaussian,2,43,0.5,0.59375,0.5,1.0,3.5857396125793457,1.2353184223175049
915,60,gaussian,2,43,0.328125,0.296875,0.328125,1.0,0.9522954225540161,0.2955603003501892
916,60,gaussian,2,43,0.296875,0.53125,0.296875,1.0,3.50982666015625,1.0958352088928223
917,60,gaussian,2,43,0.4375,0.46875,0.4375,1.0,1.1981024742126465,0.39729395508766174
918,60,gaussian,2,43,0.2421875,0.2109375,0.4742063492063492,1.0,0.8758347034454346,0.25674325227737427
919,60,gaussian,2,43,0.390625,0.40625,0.390625,1.0,1.2664642333984375,0.42169737815856934
920,60,gaussian,2,43,0.609375,0.4375,0.609375,1.0,7.406958103179932,2.3925797939300537
921,60,gaussian,2,43,0.46875,0.515625,0.46875,1.0,1.4665759801864624,0.481052964925766
922,60,gaussian,2,43,0.25,0.2578125,0.4939091915836102,1.0,2.1733880043029785,0.7318845987319946
923,60,gaussian,2,43,0.3125,0.609375,0.3125,1.0,1.6409183740615845,0.5606237649917603
924,60,gaussian,2,43,0.25,0.59375,0.25,1.0,1.5941128730773926,0.4997066557407379
925,60,gaussian,2,43,0.28125,0.578125,0.28125,1.0,1.1697626113891602,0.3810325562953949
926,60,gaussian,2,43,0.4375,0.390625,0.4375,1.0,4.125863075256348,1.3611825704574585
927,60,gaussian,2,43,0.34375,0.40625,0.34375,1.0,4.072116851806641,1.270625114440918
928,60,gaussian,2,43,0.71875,0.640625,0.71875,1.0,0.41417762637138367,0.1197192594408989
929,60,gaussian,2,43,0.28125,0.578125,0.28125,1.0,2.822500228881836,0.9283621311187744
930,60,gaussian,2,43,0.59375,0.65625,0.59375,1.0,1.2880935668945312,0.41629499197006226
931,60,gaussian,2,43,0.515625,0.609375,0.515625,1.0,0.32047849893569946,0.11039071530103683
932,60,gaussian,2,43,0.46875,0.515625,0.46875,1.0,1.4666767120361328,0.481052964925766
933,60,gaussian,2,43,0.59375,0.40625,0.59375,1.0,3.2608397006988525,1.1021677255630493
934,60,gaussian,2,43,0.28125,0.5625,0.28125,1.0,4.561863899230957,1.4333840608596802
935,60,gaussian,2,43,0.53125,0.609375,0.53125,1.0,1.8614094257354736,0.6339029669761658
936,60,gaussian,2,43,0.34375,0.4375,0.34375,1.0,2.3532462120056152,0.7546728253364563
937,60,gaussian,2,43,0.546875,0.625,0.546875,1.0,3.5064239501953125,1.1384012699127197
938,60,gaussian,2,43,0.5625,0.5,0.5625,1.0,0.5644516944885254,0.1800454705953598
939,60,gaussian,2,43,0.390625,0.609375,0.390625,1.0,1.0191493034362793,0.37185752391815186
940,60,gaussian,2,43,0.203125,0.2109375,0.441025641025641,1.0,1.6284397840499878,0.5394809246063232
941,60,gaussian,2,43,0.53125,0.59375,0.53125,1.0,1.823939323425293,0.6392968893051147
942,60,gaussian,2,43,0.34375,0.640625,0.34375,1.0,5.325240135192871,1.8274517059326172
943,60,gaussian,2,43,0.265625,0.625,0.265625,1.0,2.1038427352905273,0.6760116815567017
944,60,gaussian,2,43,0.53125,0.609375,0.53125,1.0,1.5980225801467896,0.5762444734573364
945,60,gaussian,2,43,0.703125,0.65625,0.703125,1.0,0.7755880355834961,0.2490045577287674
946,60,gaussian,2,43,0.59375,0.453125,0.59375,1.0,0.5694246292114258,0.18576237559318542
947,60,gaussian,2,43,0.265625,0.234375,0.265625,1.0,0.7676345705986023,0.2155350148677826
948,60,gaussian,2,43,0.59375,0.65625,0.59375,1.0,1.2890180349349976,0.41629499197006226
949,60,gaussian,2,43,0.5,0.59375,0.5,1.0,2.4114913940429688,0.8515648245811462
950,60,gaussian,2,43,0.28125,0.59375,0.28125,1.0,1.0975760221481323,0.3727462887763977
951,60,gaussian,2,43,0.28125,0.578125,0.28125,1.0,1.0681250095367432,0.3620012402534485
952,60,gaussian,2,43,0.34375,0.40625,0.34375,1.0,4.072847366333008,1.270625114440918
953,60,gaussian,2,43,0.25,0.53125,0.25,1.0,0.962476909160614,0.2741938829421997
954,60,gaussian,2,43,0.234375,0.2421875,0.46875,1.0,2.5275449752807617,0.7922422289848328
955,60,gaussian,2,43,0.296875,0.5625,0.296875,1.0,2.336705446243286,0.7564475536346436
956,60,gaussian,2,43,0.5,0.421875,0.5,1.0,2.3031134605407715,0.762624979019165
957,60,gaussian,2,43,0.65625,0.640625,0.65625,1.0,3.2402901649475098,0.9900447130203247
958,60,gaussian,2,43,0.171875,0.171875,0.171875,1.0,0.430061936378479,0.12683075666427612
959,60,gaussian,2,43,0.421875,0.546875,0.421875,1.0,5.540576457977295,1.9531171321868896
960,60,gaussian,2,43,0.34375,0.578125,0.34375,1.0,1.3790292739868164,0.4714202284812927
961,60,gaussian,2,43,0.28125,0.5625,0.28125,1.0,2.656283378601074,0.8345274329185486
962,60,gaussian,2,43,0.671875,0.390625,0.671875,1.0,7.577166557312012,2.3583710193634033
963,60,gaussian,2,43,0.390625,0.640625,0.390625,1.0,1.8789491653442383,0.5784395933151245
964,60,gaussian,2,43,0.546875,0.59375,0.546875,1.0,0.7316341400146484,0.2363092303276062
965,60,gaussian,2,43,0.421875,0.40625,0.421875,1.0,1.8579548597335815,0.6491838693618774
966,60,gaussian,2,43,0.59375,0.421875,0.59375,1.0,2.587149143218994,0.8458046913146973
967,60,gaussian,2,43,0.40625,0.46875,0.40625,1.0,7.442101955413818,2.492766857147217
968,60,gaussian,2,43,0.25,0.2421875,0.49853372434017595,1.0,1.3987257480621338,0.434496134519577
969,60,gaussian,2,43,0.359375,0.40625,0.359375,1.0,5.622549057006836,1.781203269958496
970,60,gaussian,2,43,0.28125,0.59375,0.28125,1.0,1.9288666248321533,0.684628963470459
971,60,gaussian,2,43,0.453125,0.453125,0.453125,1.0,1.109564185142517,0.3843989670276642
972,60,gaussian,2,43,0.234375,0.5,0.234375,1.0,1.0381053686141968,0.3165014386177063
973,60,gaussian,2,43,0.453125,0.640625,0.453125,1.0,1.9730510711669922,0.6321580410003662
974,60,gaussian,2,43,0.2421875,0.2578125,0.4989878542510121,1.0,1.5402562618255615,0.474712997674942
975,60,gaussian,2,43,0.453125,0.484375,0.453125,1.0,0.506313681602478,0.16791953146457672
976,60,gaussian,2,43,0.4375,0.25,0.4375,1.0,1.06722891330719,0.35948002338409424
977,60,gaussian,2,43,0.3125,0.625,0.3125,1.0,1.3296895027160645,0.4652848243713379
978,60,gaussian,2,43,0.2265625,0.234375,0.46176470588235297,1.0,6.240657329559326,1.9795644283294678
979,60,gaussian,2,43,0.359375,0.375,0.359375,1.0,4.824162483215332,1.504997968673706
980,60,gaussian,2,43,0.296875,0.5625,0.296875,1.0,1.475233554840088,0.4896191358566284
981,60,gaussian,2,43,0.28125,0.296875,0.28125,1.0,4.357815742492676,1.2663118839263916
982,60,gaussian,2,43,0.34375,0.578125,0.34375,1.0,8.765443801879883,2.8672471046447754
983,60,gaussian,2,43,0.34375,0.375,0.34375,1.0,0.30915799736976624,0.09351354092359543
984,60,gaussian,2,43,0.640625,0.671875,0.640625,1.0,2.0797693729400635,0.6581690907478333
985,60,gaussian,2,43,0.609375,0.390625,0.609375,1.0,5.112579822540283,1.7535511255264282
986,60,gaussian,2,43,0.375,0.609375,0.375,1.0,1.5237441062927246,0.5216891765594482
987,60,gaussian,2,43,0.25,0.5625,0.25,1.0,2.3693342208862305,0.7642390727996826
988,60,gaussian,2,43,0.421875,0.421875,0.421875,1.0,1.857633113861084,0.6491838693618774
989,60,gaussian,2,43,0.234375,0.59375,0.234375,1.0,0.3824836313724518,0.12495270371437073
990,60,gaussian,2,43,0.28125,0.2421875,0.5344129554655871,1.0,5.477932929992676,1.674352765083313
991,60,gaussian,2,43,0.6875,0.421875,0.6875,1.0,2.2478227615356445,0.7533379197120667
992,60,gaussian,2,43,0.296875,0.578125,0.296875,1.0,2.5532636642456055,0.7509703040122986
993,60,gaussian,2,43,0.265625,0.2578125,0.5389162561576355,1.0,2.3013224601745605,0.6668815612792969
994,60,gaussian,2,43,0.265625,0.2421875,0.512987012987013,1.0,1.3737902641296387,0.41458743810653687
995,60,gaussian,2,43,0.296875,0.578125,0.296875,1.0,2.4806275367736816,0.8051598072052002
996,60,gaussian,2,43,0.265625,0.2265625,0.5,1.0,2.3263702392578125,0.7670186161994934
997,60,gaussian,2,43,0.234375,0.265625,0.48582995951417,1.0,1.5426275730133057,0.474712997674942
998,60,gaussian,2,43,0.53125,0.515625,0.53125,1.0,2.512713670730591,0.8828312158584595
999,60,gaussian,2,43,0.5,0.453125,0.5,1.0,1.384167194366455,0.4870016276836395
0,80,gaussian,2,43,0.484375,0.21875,0.6458333333333334,1.0,1.6608355045318604,0.5171672105789185
1,80,gaussian,2,43,0.234375,0.4375,0.3125,1.0,0.838266134262085,0.25884193181991577
2,80,gaussian,2,43,0.21875,0.453125,0.2916666666666667,1.0,1.722996473312378,0.570888340473175
3,80,gaussian,2,43,0.28125,0.265625,0.375,1.0,1.1720716953277588,0.40638959407806396
4,80,gaussian,2,43,0.390625,0.46875,0.5208333333333334,1.0,1.0668132305145264,0.3644523620605469
5,80,gaussian,2,43,0.328125,0.484375,0.4375,1.0,0.9121422171592712,0.28722047805786133
6,80,gaussian,2,43,0.453125,0.3125,0.6041666666666666,1.0,3.257229804992676,1.0910919904708862
7,80,gaussian,2,43,0.296875,0.34375,0.3958333333333333,1.0,7.429691314697266,2.4913299083709717
8,80,gaussian,2,43,0.25,0.28125,0.3333333333333333,1.0,2.1194088459014893,0.6288599967956543
9,80,gaussian,2,43,0.453125,0.5,0.6041666666666666,1.0,0.8570761680603027,0.28239747881889343
10,80,gaussian,2,43,0.375,0.265625,0.5,1.0,0.6008257269859314,0.22110696136951447
11,80,gaussian,2,43,0.203125,0.453125,0.2708333333333333,1.0,0.5895816087722778,0.17714501917362213
12,80,gaussian,2,43,0.25,0.46875,0.3333333333333333,1.0,5.3238372802734375,1.8151947259902954
13,80,gaussian,2,43,0.25,0.3125,0.3333333333333333,1.0,1.618019700050354,0.6223855018615723
14,80,gaussian,2,43,0.390625,0.453125,0.5208333333333334,1.0,0.3203675150871277,0.11133131384849548
15,80,gaussian,2,43,0.265625,0.421875,0.3541666666666667,1.0,1.0457713603973389,0.3283325135707855
16,80,gaussian,2,43,0.40625,0.46875,0.5416666666666666,1.0,3.5048422813415527,1.1304328441619873
17,80,gaussian,2,43,0.25,0.484375,0.3333333333333333,1.0,0.9700697660446167,0.3531306982040405
18,80,gaussian,2,43,0.359375,0.375,0.4791666666666667,1.0,1.4660699367523193,0.4807519018650055
19,80,gaussian,2,43,0.375,0.421875,0.5,1.0,3.5614616870880127,1.218297004699707
20,80,gaussian,2,43,0.484375,0.21875,0.6458333333333334,1.0,1.660892367362976,0.5263328552246094
21,80,gaussian,2,43,0.359375,0.3125,0.4791666666666667,1.0,1.0769294500350952,0.3629356026649475
22,80,gaussian,2,43,0.25,0.40625,0.3333333333333333,1.0,2.934025764465332,0.9476286172866821
23,80,gaussian,2,43,0.21875,0.171875,0.4827586206896552,1.0,8.577280044555664,2.5007872581481934
24,80,gaussian,2,43,0.375,0.28125,0.5,1.0,1.9010257720947266,0.6685634255409241
25,80,gaussian,2,43,0.203125,0.4375,0.2708333333333333,1.0,2.0962624549865723,0.7063100934028625
26,80,gaussian,2,43,0.5,0.46875,0.6666666666666666,1.0,3.237412452697754,0.9781626462936401
27,80,gaussian,2,43,0.34375,0.3125,0.4583333333333333,1.0,1.2116756439208984,0.4273899793624878
28,80,gaussian,2,43,0.3125,0.359375,0.4166666666666667,1.0,4.345877647399902,1.4739280939102173
29,80,gaussian,2,43,0.375,0.4375,0.5,1.0,2.412642478942871,0.856651782989502
30,80,gaussian,2,43,0.21875,0.46875,0.2916666666666667,1.0,1.8988258838653564,0.6328691244125366
31,80,gaussian,2,43,0.375,0.15625,0.5,1.0,4.496095657348633,1.498447060585022
32,80,gaussian,2,43,0.234375,0.453125,0.3125,1.0,1.3268966674804688,0.46495333313941956
33,80,gaussian,2,43,0.21875,0.4375,0.2916666666666667,1.0,1.302647590637207,0.45057347416877747
34,80,gaussian,2,43,0.203125,0.4375,0.2708333333333333,1.0,2.5749521255493164,0.8644602298736572
35,80,gaussian,2,43,0.34375,0.4375,0.4583333333333333,1.0,1.376356601715088,0.45994696021080017
36,80,gaussian,2,43,0.171875,0.203125,0.5789473684210527,1.0,1.542616844177246,0.4685784876346588
37,80,gaussian,2,43,0.515625,0.421875,0.6875,1.0,0.6515634059906006,0.23595044016838074
38,80,gaussian,2,43,0.25,0.4375,0.3333333333333333,1.0,1.447123408317566,0.4700198471546173
39,80,gaussian,2,43,0.375,0.421875,0.5,1.0,3.5636866092681885,1.2075059413909912
40,80,gaussian,2,43,0.34375,0.4375,0.4583333333333333,1.0,2.111732006072998,0.7583400011062622
41,80,gaussian,2,43,0.203125,0.421875,0.2708333333333333,1.0,1.1265218257904053,0.3730812072753906
42,80,gaussian,2,43,0.234375,0.234375,0.3125,1.0,0.6446021795272827,0.1926111876964569
43,80,gaussian,2,43,0.265625,0.328125,0.3541666666666667,1.0,3.0814642906188965,0.9637879133224487
44,80,gaussian,2,43,0.1875,0.484375,0.25,1.0,1.6300057172775269,0.5423040986061096
45,80,gaussian,2,43,0.25,0.265625,0.3333333333333333,1.0,2.6703715324401855,0.8172053098678589
46,80,gaussian,2,43,0.3125,0.296875,0.4166666666666667,1.0,2.7730050086975098,0.875459611415863
47,80,gaussian,2,43,0.203125,0.5,0.2708333333333333,1.0,6.234480857849121,1.9978411197662354
48,80,gaussian,2,43,0.59375,0.125,0.7916666666666666,1.0,1.4168277978897095,0.3769737184047699
49,80,gaussian,2,43,0.1875,0.15625,0.4444444444444444,1.0,3.674100399017334,1.053409457206726
50,80,gaussian,2,43,0.265625,0.28125,0.3541666666666667,1.0,5.070527076721191,1.6715348958969116
51,80,gaussian,2,43,0.484375,0.21875,0.6458333333333334,1.0,1.6601556539535522,0.5299533605575562
52,80,gaussian,2,43,,,,0.0,0.12077772617340088,0.04505658522248268
53,80,gaussian,2,43,0.3125,0.46875,0.4166666666666667,1.0,4.536701202392578,1.5513114929199219
54,80,gaussian,2,43,0.234375,0.484375,0.3125,1.0,2.5317325592041016,0.7916967272758484
55,80,gaussian,2,43,0.203125,0.421875,0.2708333333333333,1.0,2.582345485687256,0.8721021413803101
56,80,gaussian,2,43,0.515625,0.28125,0.6875,1.0,1.997036099433899,0.5878638625144958
57,80,gaussian,2,43,0.21875,0.421875,0.2916666666666667,1.0,1.002641201019287,0.29957568645477295
58,80,gaussian,2,43,0.203125,0.40625,0.2708333333333333,1.0,2.1364150047302246,0.7055119872093201
59,80,gaussian,2,43,0.3125,0.375,0.4166666666666667,1.0,0.6066828370094299,0.19421544671058655
60,80,gaussian,2,43,0.203125,0.4375,0.2708333333333333,1.0,1.9253416061401367,0.6590803265571594
61,80,gaussian,2,43,0.40625,0.4375,0.5416666666666666,1.0,0.5624595880508423,0.19254453480243683
62,80,gaussian,2,43,0.3125,0.359375,0.4166666666666667,1.0,3.3847994804382324,1.089086890220642
63,80,gaussian,2,43,0.28125,0.453125,0.375,1.0,3.7309017181396484,1.2017215490341187
64,80,gaussian,2,43,0.390625,0.4375,0.5208333333333334,1.0,0.7947868704795837,0.2895026206970215
65,80,gaussian,2,43,0.53125,0.40625,0.7083333333333334,1.0,2.2377443313598633,0.6849059462547302
66,80,gaussian,2,43,0.28125,0.296875,0.5806451612903226,1.0,4.0533366203308105,1.2176878452301025
67,80,gaussian,2,43,0.1875,0.4375,0.25,1.0,2.2445573806762695,0.726385772228241
68,80,gaussian,2,43,0.1875,0.4375,0.25,1.0,2.3159067630767822,0.7521244883537292
69,80,gaussian,2,43,0.234375,0.4375,0.3125,1.0,2.6831016540527344,0.932092547416687
70,80,gaussian,2,43,0.234375,0.453125,0.3125,1.0,1.3773832321166992,0.45707330107688904
71,80,gaussian,2,43,0.21875,0.484375,0.2916666666666667,1.0,3.3210740089416504,1.1781350374221802
72,80,gaussian,2,43,0.484375,0.5,0.6458333333333334,1.0,4.276020526885986,1.3618050813674927
73,80,gaussian,2,43,0.515625,0.453125,0.6875,1.0,4.427855968475342,1.402761459350586
74,80,gaussian,2,43,0.328125,0.40625,0.4375,1.0,1.8858585357666016,0.607306182384491
75,80,gaussian,2,43,0.21875,0.4375,0.2916666666666667,1.0,4.0287766456604,1.2029378414154053
76,80,gaussian,2,43,0.390625,0.4375,0.5208333333333334,1.0,1.5985257625579834,0.580417811870575
77,80,gaussian,2,43,,,,0.0,0.22500856220722198,0.06930041313171387
78,80,gaussian,2,43,0.234375,0.4375,0.3125,1.0,0.5297592878341675,0.17370393872261047
79,80,gaussian,2,43,0.328125,0.453125,0.4375,1.0,3.3367257118225098,1.058050513267517
80,80,gaussian,2,43,0.21875,0.453125,0.2916666666666667,1.0,0.6050255298614502,0.20033973455429077
81,80,gaussian,2,43,0.25,0.328125,0.3333333333333333,1.0,3.084073066711426,0.9616994857788086
82,80,gaussian,2,43,0.265625,0.28125,0.3541666666666667,1.0,1.085439682006836,0.3517531752586365
83,80,gaussian,2,43,0.46875,0.28125,0.625,1.0,5.11155891418457,1.7487226724624634
84,80,gaussian,2,43,0.1875,0.1875,0.42857142857142855,1.0,1.0188288688659668,0.2729566693305969
85,80,gaussian,2,43,0.375,0.28125,0.5,1.0,1.9002859592437744,0.66290283203125
86,80,gaussian,2,43,0.375,0.34375,0.5,1.0,2.600891590118408,0.911726176738739
87,80,gaussian,2,43,0.3125,0.328125,0.4166666666666667,1.0,2.0826125144958496,0.6794280409812927
88,80,gaussian,2,43,0.265625,0.3125,0.3541666666666667,1.0,0.43168511986732483,0.1357635259628296
89,80,gaussian,2,43,0.5,0.421875,0.6666666666666666,1.0,0.6532111167907715,0.23187658190727234
90,80,gaussian,2,43,0.46875,0.109375,0.625,1.0,0.3782951831817627,0.11999816447496414
91,80,gaussian,2,43,0.234375,0.421875,0.3125,1.0,2.6896300315856934,0.9047720432281494
92,80,gaussian,2,43,0.265625,0.296875,0.3541666666666667,1.0,1.3830504417419434,0.5286946296691895
93,80,gaussian,2,43,0.203125,0.4375,0.2708333333333333,1.0,2.8187644481658936,0.927295446395874
94,80,gaussian,2,43,0.4375,0.46875,0.5833333333333334,1.0,3.0183475017547607,1.0793941020965576
95,80,gaussian,2,43,0.25,0.453125,0.3333333333333333,1.0,1.815885066986084,0.6240684986114502
96,80,gaussian,2,43,0.484375,0.484375,0.6458333333333334,1.0,1.3665378093719482,0.4973849058151245
97,80,gaussian,2,43,0.21875,0.4375,0.2916666666666667,1.0,0.9569727778434753,0.34035035967826843
98,80,gaussian,2,43,0.28125,0.28125,0.375,1.0,4.047684192657471,1.234256386756897
99,80,gaussian,2,43,0.21875,0.46875,0.2916666666666667,1.0,3.3227109909057617,1.1763416528701782
100,80,gaussian,2,43,0.328125,0.28125,0.4375,1.0,4.12645959854126,1.365903615951538
101,80,gaussian,2,43,0.171875,0.375,0.22916666666666666,1.0,0.6306307315826416,0.18645401298999786
102,80,gaussian,2,43,0.234375,0.421875,0.3125,1.0,4.486494541168213,1.4812829494476318
103,80,gaussian,2,43,0.1875,0.46875,0.25,1.0,2.135877847671509,0.7502549886703491
104,80,gaussian,2,43,0.453125,0.328125,0.6041666666666666,1.0,0.5689254999160767,0.1859131008386612
105,80,gaussian,2,43,0.234375,0.453125,0.3125,1.0,0.7911865711212158,0.2571638226509094
106,80,gaussian,2,43,0.1875,0.4375,0.25,1.0,0.767920732498169,0.22326494753360748
107,80,gaussian,2,43,0.296875,0.5,0.3958333333333333,1.0,2.4080307483673096,0.7936785817146301
108,80,gaussian,2,43,0.53125,0.484375,0.7083333333333334,1.0,1.433264970779419,0.43781551718711853
109,80,gaussian,2,43,0.1875,0.4375,0.25,1.0,1.8991386890411377,0.6072851419448853
110,80,gaussian,2,43,0.234375,0.453125,0.3125,1.0,1.6126055717468262,0.5531103014945984
111,80,gaussian,2,43,0.203125,0.234375,0.2708333333333333,1.0,0.8139820098876953,0.23083576560020447
112,80,gaussian,2,43,0.421875,0.375,0.5625,1.0,0.5643689632415771,0.18181145191192627
113,80,gaussian,2,43,0.265625,0.328125,0.3541666666666667,1.0,2.5288925170898438,0.8281152248382568
114,80,gaussian,2,43,0.34375,0.453125,0.4583333333333333,1.0,2.8377819061279297,0.92707359790802
115,80,gaussian,2,43,0.375,0.453125,0.5,1.0,1.0503387451171875,0.3651999533176422
116,80,gaussian,2,43,0.1875,0.4375,0.25,1.0,0.5277343392372131,0.16852661967277527
117,80,gaussian,2,43,0.46875,0.296875,0.625,1.0,0.4894530177116394,0.15967531502246857
118,80,gaussian,2,43,0.296875,0.46875,0.3958333333333333,1.0,9.081589698791504,2.9240400791168213
119,80,gaussian,2,43,0.375,0.4375,0.5,1.0,3.2087979316711426,1.1557955741882324
120,80,gaussian,2,43,0.171875,0.484375,0.22916666666666666,1.0,3.747196674346924,1.1875215768814087
121,80,gaussian,2,43,0.453125,0.421875,0.6041666666666666,1.0,0.6927331686019897,0.22444292902946472
122,80,gaussian,2,43,0.265625,0.296875,0.3541666666666667,1.0,0.43203005194664,0.13552799820899963
123,80,gaussian,2,43,0.3125,0.3125,0.4166666666666667,1.0,1.8543273210525513,0.6548896431922913
124,80,gaussian,2,43,0.203125,0.234375,0.2708333333333333,1.0,0.813672661781311,0.23362770676612854
125,80,gaussian,2,43,0.1875,0.4375,0.25,1.0,1.5933128595352173,0.5005283951759338
126,80,gaussian,2,43,0.203125,0.421875,0.2708333333333333,1.0,2.6937906742095947,0.8930054306983948
127,80,gaussian,2,43,0.328125,0.34375,0.4375,1.0,1.1962058544158936,0.396860808134079
128,80,gaussian,2,43,0.21875,0.21875,0.56,1.0,1.3982555866241455,0.43673235177993774
129,80,gaussian,2,43,0.203125,0.46875,0.2708333333333333,1.0,1.185028314590454,0.42566826939582825
130,80,gaussian,2,43,0.390625,0.15625,0.5208333333333334,1.0,4.475389003753662,1.4968050718307495
131,80,gaussian,2,43,0.34375,0.296875,0.4583333333333333,1.0,0.46509814262390137,0.1781475841999054
132,80,gaussian,2,43,0.3125,0.34375,0.4166666666666667,1.0,3.8952088356018066,1.2850306034088135
133,80,gaussian,2,43,0.3125,0.421875,0.4166666666666667,1.0,4.459597587585449,1.5013670921325684
134,80,gaussian,2,43,0.234375,0.484375,0.3125,1.0,3.317330837249756,1.1617190837860107
135,80,gaussian,2,43,0.25,0.4375,0.3333333333333333,1.0,1.8158683776855469,0.6224932670593262
136,80,gaussian,2,43,0.328125,0.375,0.4375,1.0,1.232314109802246,0.4274959862232208
137,80,gaussian,2,43,0.5625,0.46875,0.75,1.0,4.033088207244873,1.3648804426193237
138,80,gaussian,2,43,0.1875,0.4375,0.25,1.0,1.126101016998291,0.3742706775665283
139,80,gaussian,2,43,0.25,0.5,0.3333333333333333,1.0,1.20766019821167,0.35646894574165344
140,80,gaussian,2,43,0.234375,0.28125,0.3125,1.0,2.119581460952759,0.6287897825241089
141,80,gaussian,2,43,0.328125,0.46875,0.4375,1.0,1.3808619976043701,0.4487918019294739
142,80,gaussian,2,43,0.296875,0.46875,0.3958333333333333,1.0,3.7292051315307617,1.197374939918518
143,80,gaussian,2,43,0.390625,0.453125,0.5208333333333334,1.0,1.0512417554855347,0.36007750034332275
144,80,gaussian,2,43,0.21875,0.4375,0.2916666666666667,1.0,2.5500335693359375,0.7573355436325073
145,80,gaussian,2,43,0.359375,0.453125,0.4791666666666667,1.0,0.8554415106773376,0.30042290687561035
146,80,gaussian,2,43,0.25,0.28125,0.3333333333333333,1.0,1.2933619022369385,0.3928374648094177
147,80,gaussian,2,43,0.15625,0.140625,0.45454545454545453,1.0,2.204251766204834,0.6400734186172485
148,80,gaussian,2,43,0.28125,0.40625,0.375,1.0,6.441515922546387,2.1293129920959473
149,80,gaussian,2,43,0.296875,0.265625,0.3958333333333333,1.0,3.231119155883789,1.077683925628662
150,80,gaussian,2,43,0.234375,0.421875,0.3125,1.0,1.7323476076126099,0.5492336750030518
151,80,gaussian,2,43,0.265625,0.328125,0.3541666666666667,1.0,3.081609010696411,0.9836266040802002
152,80,gaussian,2,43,0.21875,0.4375,0.2916666666666667,1.0,2.54982328414917,0.7433124780654907
153,80,gaussian,2,43,0.390625,0.453125,0.5208333333333334,1.0,0.9710357189178467,0.3225914537906647
154,80,gaussian,2,43,0.328125,0.171875,0.4375,1.0,1.0628957748413086,0.3561684787273407
155,80,gaussian,2,43,0.453125,0.453125,0.6041666666666666,1.0,2.595885753631592,0.9051455855369568
156,80,gaussian,2,43,0.453125,0.375,0.6041666666666666,1.0,0.6862529516220093,0.23677678406238556
157,80,gaussian,2,43,0.1875,0.4375,0.25,1.0,3.0134873390197754,0.9781951308250427
158,80,gaussian,2,43,0.34375,0.421875,0.4583333333333333,1.0,0.8396538496017456,0.30199411511421204
159,80,gaussian,2,43,0.265625,0.40625,0.3541666666666667,1.0,6.440016269683838,2.1088857650756836
160,80,gaussian,2,43,0.28125,0.28125,0.375,1.0,4.0486555099487305,1.2318459749221802
161,80,gaussian,2,43,0.453125,0.203125,0.6041666666666666,1.0,0.3633391857147217,0.11211483180522919
162,80,gaussian,2,43,0.203125,0.21875,0.2708333333333333,1.0,0.7674072980880737,0.21634255349636078
163,80,gaussian,2,43,0.3125,0.3125,0.4166666666666667,1.0,1.8577029705047607,0.6453394293785095
164,80,gaussian,2,43,0.375,0.265625,0.5,1.0,1.8992139101028442,0.6682326793670654
165,80,gaussian,2,43,0.1875,0.4375,0.25,1.0,1.733077049255371,0.5818232893943787
166,80,gaussian,2,43,0.421875,0.453125,0.5625,1.0,2.4205322265625,0.8053698539733887
167,80,gaussian,2,43,0.28125,0.4375,0.375,1.0,1.5058984756469727,0.4861094653606415
168,80,gaussian,2,43,0.25,0.4375,0.3333333333333333,1.0,1.4057706594467163,0.4439243674278259
169,80,gaussian,2,43,0.234375,0.4375,0.3125,1.0,1.5342133045196533,0.5112627148628235
170,80,gaussian,2,43,0.34375,0.453125,0.4583333333333333,1.0,2.8411200046539307,0.9213850498199463
171,80,gaussian,2,43,0.328125,0.375,0.4375,1.0,2.50703501701355,0.8254958391189575
172,80,gaussian,2,43,0.375,0.28125,0.5,1.0,3.670772075653076,1.2637829780578613
173,80,gaussian,2,43,0.375,0.34375,0.5,1.0,2.601080894470215,0.9153389930725098
174,80,gaussian,2,43,0.25,0.328125,0.3333333333333333,1.0,3.052689552307129,0.9749669432640076
175,80,gaussian,2,43,0.375,0.265625,0.5,1.0,1.8985896110534668,0.6655110120773315
176,80,gaussian,2,43,0.40625,0.4375,0.5416666666666666,1.0,0.5630109906196594,0.19094125926494598
177,80,gaussian,2,43,0.265625,0.328125,0.3541666666666667,1.0,0.40187472105026245,0.12434324622154236
178,80,gaussian,2,43,0.3125,0.296875,0.4166666666666667,1.0,3.598511219024658,1.1929285526275635
179,80,gaussian,2,43,0.234375,0.28125,0.3125,1.0,1.019819974899292,0.35987401008605957
180,80,gaussian,2,43,,,,0.0,2.447965621948242,0.7380653619766235
181,80,gaussian,2,43,0.328125,0.3125,0.4375,1.0,3.596555471420288,1.1988755464553833
182,80,gaussian,2,43,0.21875,0.4375,0.2916666666666667,1.0,2.7469778060913086,0.8840873837471008
183,80,gaussian,2,43,0.28125,0.453125,0.375,1.0,1.5244547128677368,0.5237003564834595
184,80,gaussian,2,43,0.34375,0.421875,0.4583333333333333,1.0,0.6411272287368774,0.2120831459760666
185,80,gaussian,2,43,0.265625,0.40625,0.3541666666666667,1.0,3.432267189025879,1.0803093910217285
186,80,gaussian,2,43,0.53125,0.484375,0.7083333333333334,1.0,1.4317660331726074,0.43483808636665344
187,80,gaussian,2,43,0.203125,0.375,0.2708333333333333,1.0,0.4448727071285248,0.12600553035736084
188,80,gaussian,2,43,0.28125,0.28125,0.375,1.0,1.175618290901184,0.4043898582458496
189,80,gaussian,2,43,0.265625,0.34375,0.3541666666666667,1.0,4.372148513793945,1.4095746278762817
190,80,gaussian,2,43,0.21875,0.4375,0.2916666666666667,1.0,1.3017499446868896,0.4479258060455322
191,80,gaussian,2,43,0.296875,0.234375,0.3958333333333333,1.0,1.7285747528076172,0.5961764454841614
192,80,gaussian,2,43,0.203125,0.4375,0.2708333333333333,1.0,1.4372124671936035,0.4755297899246216
193,80,gaussian,2,43,0.234375,0.234375,0.5357142857142857,1.0,0.7938209176063538,0.2291683852672577
194,80,gaussian,2,43,0.359375,0.265625,0.4791666666666667,1.0,5.011195182800293,1.7429380416870117
195,80,gaussian,2,43,0.109375,0.078125,0.4375,1.0,1.3737126588821411,0.4196017384529114
196,80,gaussian,2,43,0.421875,0.4375,0.5625,1.0,0.7316420078277588,0.23629365861415863
197,80,gaussian,2,43,0.40625,0.234375,0.5416666666666666,1.0,2.259547710418701,0.7745227813720703
198,80,gaussian,2,43,0.203125,0.453125,0.2708333333333333,1.0,2.123198986053467,0.7403746247291565
199,80,gaussian,2,43,0.390625,0.4375,0.5208333333333334,1.0,1.8253076076507568,0.6433413624763489
200,80,gaussian,2,43,0.203125,0.4375,0.2708333333333333,1.0,0.9744089841842651,0.3163415193557739
201,80,gaussian,2,43,0.4375,0.453125,0.5833333333333334,1.0,3.7073984146118164,1.2653404474258423
202,80,gaussian,2,43,0.421875,0.46875,0.5625,1.0,1.0793190002441406,0.3469076156616211
203,80,gaussian,2,43,0.296875,0.5,0.3958333333333333,1.0,2.409924030303955,0.7855143547058105
204,80,gaussian,2,43,0.34375,0.40625,0.4583333333333333,1.0,0.7125969529151917,0.2471952587366104
205,80,gaussian,2,43,0.25,0.34375,0.3333333333333333,1.0,4.154294013977051,1.3078330755233765
206,80,gaussian,2,43,0.375,0.28125,0.5,1.0,3.670767068862915,1.2607589960098267
207,80,gaussian,2,43,0.1875,0.1875,0.42857142857142855,1.0,1.0208137035369873,0.2728959023952484
208,80,gaussian,2,43,0.265625,0.21875,0.3541666666666667,1.0,3.1593737602233887,1.1121121644973755
209,80,gaussian,2,43,0.21875,0.375,0.2916666666666667,1.0,2.8662333488464355,0.856249988079071
210,80,gaussian,2,43,0.21875,0.453125,0.2916666666666667,1.0,1.216707706451416,0.3995342254638672
211,80,gaussian,2,43,0.515625,0.28125,0.6875,1.0,7.560056209564209,2.3424928188323975
212,80,gaussian,2,43,0.265625,0.4375,0.3541666666666667,1.0,1.3780694007873535,0.47214144468307495
213,80,gaussian,2,43,0.234375,0.453125,0.3125,1.0,1.9180634021759033,0.6434164643287659
214,80,gaussian,2,43,0.21875,0.21875,0.56,1.0,1.3967905044555664,0.43654054403305054
215,80,gaussian,2,43,0.484375,0.46875,0.6458333333333334,1.0,1.3673408031463623,0.48908472061157227
216,80,gaussian,2,43,0.1875,0.375,0.25,1.0,1.0394142866134644,0.3191664516925812
217,80,gaussian,2,43,0.359375,0.453125,0.4791666666666667,1.0,2.8374834060668945,0.9209815263748169
218,80,gaussian,2,43,0.46875,0.203125,0.625,1.0,0.3392176926136017,0.12752948701381683
219,80,gaussian,2,43,0.4375,0.359375,0.5833333333333334,1.0,2.9191489219665527,0.9844701886177063
220,80,gaussian,2,43,0.21875,0.421875,0.2916666666666667,1.0,1.6832305192947388,0.5165040493011475
221,80,gaussian,2,43,0.359375,0.421875,0.4791666666666667,1.0,3.2110421657562256,1.1586326360702515
222,80,gaussian,2,43,0.25,0.359375,0.3333333333333333,1.0,5.028627395629883,1.5673760175704956
223,80,gaussian,2,43,0.328125,0.359375,0.4375,1.0,1.2348964214324951,0.43143486976623535
224,80,gaussian,2,43,0.453125,0.5,0.6041666666666666,1.0,0.857134222984314,0.2751022279262543
225,80,gaussian,2,43,0.25,0.390625,0.3333333333333333,1.0,3.431243896484375,1.0813735723495483
226,80,gaussian,2,43,0.234375,0.453125,0.3125,1.0,1.6403539180755615,0.5661035776138306
227,80,gaussian,2,43,0.203125,0.421875,0.2708333333333333,1.0,1.476944923400879,0.49229198694229126
228,80,gaussian,2,43,0.4375,0.484375,0.5833333333333334,1.0,0.8544930219650269,0.2803078293800354
229,80,gaussian,2,43,0.421875,0.46875,0.5625,1.0,4.465549945831299,1.5633355379104614
230,80,gaussian,2,43,0.546875,0.203125,0.7291666666666666,1.0,16.77994728088379,5.010425567626953
231,80,gaussian,2,43,0.21875,0.234375,0.2916666666666667,1.0,3.5274078845977783,1.021442174911499
232,80,gaussian,2,43,0.5625,0.15625,0.75,1.0,5.482874393463135,1.6572692394256592
233,80,gaussian,2,43,0.234375,0.21875,0.5357142857142857,1.0,0.7952958345413208,0.22882775962352753
234,80,gaussian,2,43,0.265625,0.28125,0.3541666666666667,1.0,1.0854164361953735,0.3471032381057739
235,80,gaussian,2,43,0.234375,0.234375,0.5357142857142857,1.0,0.7959413528442383,0.2285999059677124
236,80,gaussian,2,43,0.4375,0.46875,0.5833333333333334,1.0,3.0199880599975586,1.0958915948867798
237,80,gaussian,2,43,0.296875,0.34375,0.3958333333333333,1.0,0.6079510450363159,0.19454780220985413
238,80,gaussian,2,43,0.203125,0.171875,0.2708333333333333,1.0,0.765609860420227,0.21456004679203033
239,80,gaussian,2,43,0.4375,0.484375,0.5833333333333334,1.0,1.0496368408203125,0.3552674949169159
240,80,gaussian,2,43,0.234375,0.40625,0.3125,1.0,4.133162498474121,1.2987635135650635
241,80,gaussian,2,43,0.234375,0.375,0.3125,1.0,5.0285539627075195,1.5859503746032715
242,80,gaussian,2,43,0.390625,0.453125,0.5208333333333334,1.0,1.8582333326339722,0.63669753074646
243,80,gaussian,2,43,0.546875,0.46875,0.7291666666666666,1.0,6.113334655761719,2.1675636768341064
244,80,gaussian,2,43,0.3125,0.421875,0.4166666666666667,1.0,4.462097644805908,1.5128741264343262
245,80,gaussian,2,43,0.3125,0.40625,0.4166666666666667,1.0,0.5272278189659119,0.1847703456878662
246,80,gaussian,2,43,,,,0.0,0.22047868371009827,0.0751383900642395
247,80,gaussian,2,43,0.1875,0.40625,0.25,1.0,0.9634182453155518,0.27137577533721924
248,80,gaussian,2,43,0.234375,0.453125,0.3125,1.0,1.6167645454406738,0.5459950566291809
249,80,gaussian,2,43,0.328125,0.328125,0.4375,1.0,2.134974479675293,0.7369436621665955
250,80,gaussian,2,43,0.4375,0.484375,0.5833333333333334,1.0,1.2875748872756958,0.4209407567977905
251,80,gaussian,2,43,0.21875,0.46875,0.2916666666666667,1.0,1.610769271850586,0.4562535285949707
252,80,gaussian,2,43,0.328125,0.359375,0.4375,1.0,1.1083564758300781,0.3815928101539612
253,80,gaussian,2,43,0.234375,0.234375,0.4838709677419355,1.0,3.759794235229492,1.1977378129959106
254,80,gaussian,2,43,0.265625,0.328125,0.3541666666666667,1.0,2.351536750793457,0.752453088760376
255,80,gaussian,2,43,0.203125,0.453125,0.2708333333333333,1.0,1.6969006061553955,0.5936902761459351
256,80,gaussian,2,43,0.1875,0.421875,0.25,1.0,1.6014454364776611,0.4701222777366638
257,80,gaussian,2,43,0.234375,0.4375,0.3125,1.0,0.838939905166626,0.25837278366088867
258,80,gaussian,2,43,0.46875,0.28125,0.625,1.0,5.109524726867676,1.763302206993103
259,80,gaussian,2,43,0.296875,0.453125,0.3958333333333333,1.0,5.960815906524658,1.9778376817703247
260,80,gaussian,2,43,0.21875,0.40625,0.2916666666666667,1.0,3.2627363204956055,1.0103611946105957
261,80,gaussian,2,43,0.390625,0.453125,0.5208333333333334,1.0,1.598197340965271,0.5782886743545532
262,80,gaussian,2,43,0.203125,0.234375,0.5909090909090909,1.0,2.298717498779297,0.6758735179901123
263,80,gaussian,2,43,0.234375,0.453125,0.3125,1.0,1.4044276475906372,0.43950289487838745
264,80,gaussian,2,43,0.203125,0.453125,0.2708333333333333,1.0,0.9744284152984619,0.31696292757987976
265,80,gaussian,2,43,0.203125,0.453125,0.2708333333333333,1.0,0.5903530120849609,0.1759178340435028
266,80,gaussian,2,43,0.421875,0.375,0.5625,1.0,2.9147133827209473,0.9711645841598511
267,80,gaussian,2,43,0.375,0.421875,0.5,1.0,3.5629076957702637,1.2053797245025635
268,80,gaussian,2,43,0.53125,0.484375,0.7083333333333334,1.0,1.432417869567871,0.44638341665267944
269,80,gaussian,2,43,0.40625,0.46875,0.5416666666666666,1.0,3.501701831817627,1.1439512968063354
270,80,gaussian,2,43,0.265625,0.3125,0.3541666666666667,1.0,0.4318526089191437,0.1373143196105957
271,80,gaussian,2,43,0.34375,0.453125,0.4583333333333333,1.0,0.8554848432540894,0.2955915629863739
272,80,gaussian,2,43,0.515625,0.28125,0.6875,1.0,1.9988760948181152,0.5837352275848389
273,80,gaussian,2,43,0.46875,0.203125,0.625,1.0,1.6563689708709717,0.5235800743103027
274,80,gaussian,2,43,0.265625,0.28125,0.5151515151515151,1.0,2.1730880737304688,0.7318655252456665
275,80,gaussian,2,43,0.15625,0.203125,0.5555555555555556,1.0,2.712172031402588,0.8346855044364929
276,80,gaussian,2,43,0.296875,0.4375,0.3958333333333333,1.0,5.944768905639648,1.9607784748077393
277,80,gaussian,2,43,0.296875,0.34375,0.3958333333333333,1.0,3.2598156929016113,1.0965359210968018
278,80,gaussian,2,43,0.390625,0.375,0.5208333333333334,1.0,2.5099077224731445,0.8855692744255066
279,80,gaussian,2,43,0.171875,0.15625,0.22916666666666666,1.0,5.351484298706055,1.4167598485946655
280,80,gaussian,2,43,0.328125,0.1875,0.4375,1.0,1.0638245344161987,0.36172476410865784
281,80,gaussian,2,43,0.53125,0.484375,0.7083333333333334,1.0,1.432987928390503,0.4425729811191559
282,80,gaussian,2,43,0.4375,0.484375,0.5833333333333334,1.0,4.471937656402588,1.586275577545166
283,80,gaussian,2,43,0.25,0.328125,0.3333333333333333,1.0,3.05965256690979,0.9926771521568298
284,80,gaussian,2,43,0.171875,0.203125,0.5789473684210527,1.0,1.5429283380508423,0.469864159822464
285,80,gaussian,2,43,0.484375,0.5,0.6458333333333334,1.0,4.280508041381836,1.3719028234481812
286,80,gaussian,2,43,0.25,0.34375,0.3333333333333333,1.0,4.154405117034912,1.28883957862854
287,80,gaussian,2,43,0.15625,0.140625,0.5,1.0,1.0209293365478516,0.26685574650764465
288,80,gaussian,2,43,0.234375,0.4375,0.3125,1.0,0.9289127588272095,0.2779548168182373
289,80,gaussian,2,43,0.453125,0.296875,0.6041666666666666,1.0,3.260835647583008,1.101789116859436
290,80,gaussian,2,43,0.1875,0.4375,0.25,1.0,1.0647245645523071,0.3621225953102112
291,80,gaussian,2,43,0.328125,0.1875,0.4375,1.0,1.063833236694336,0.36212170124053955
292,80,gaussian,2,43,0.453125,0.328125,0.6041666666666666,1.0,2.918454170227051,1.0466277599334717
293,80,gaussian,2,43,0.390625,0.453125,0.5208333333333334,1.0,1.0256752967834473,0.36622172594070435
294,80,gaussian,2,43,0.3125,0.5,0.4166666666666667,1.0,3.01765513420105,0.9995194673538208
295,80,gaussian,2,43,0.265625,0.265625,0.3541666666666667,1.0,0.8922300338745117,0.2823578417301178
296,80,gaussian,2,43,0.546875,0.46875,0.7291666666666666,1.0,0.4135315716266632,0.1190941259264946
297,80,gaussian,2,43,0.21875,0.484375,0.2916666666666667,1.0,1.5294983386993408,0.4784899055957794
298,80,gaussian,2,43,0.1875,0.140625,0.4444444444444444,1.0,2.2967185974121094,0.6625187397003174
299,80,gaussian,2,43,0.40625,0.421875,0.5416666666666666,1.0,2.969666004180908,0.9890338182449341
300,80,gaussian,2,43,0.359375,0.453125,0.4791666666666667,1.0,2.112434148788452,0.7448420524597168
301,80,gaussian,2,43,0.203125,0.390625,0.2708333333333333,1.0,2.991185188293457,1.0850342512130737
302,80,gaussian,2,43,0.53125,0.1875,0.7083333333333334,1.0,16.808366775512695,4.951409339904785
303,80,gaussian,2,43,0.21875,0.421875,0.2916666666666667,1.0,1.0667363405227661,0.36553919315338135
304,80,gaussian,2,43,0.203125,0.1875,0.4482758620689655,1.0,1.8974275588989258,0.5517325401306152
305,80,gaussian,2,43,0.265625,0.4375,0.3541666666666667,1.0,8.758296966552734,2.8986449241638184
306,80,gaussian,2,43,0.25,0.25,0.5161290322580645,1.0,3.7706995010375977,1.193542718887329
307,80,gaussian,2,43,0.21875,0.40625,0.2916666666666667,1.0,3.026796817779541,0.9885258674621582
308,80,gaussian,2,43,0.375,0.359375,0.5,1.0,1.2673397064208984,0.45241639018058777
309,80,gaussian,2,43,0.4375,0.46875,0.5833333333333334,1.0,2.5238494873046875,0.8669400215148926
310,80,gaussian,2,43,0.265625,0.28125,0.3541666666666667,1.0,0.30914008617401123,0.09271130710840225
311,80,gaussian,2,43,0.453125,0.5,0.6041666666666666,1.0,0.6480952501296997,0.19995318353176117
312,80,gaussian,2,43,0.171875,0.15625,0.4230769230769231,1.0,2.2997257709503174,0.6594598889350891
313,80,gaussian,2,43,0.171875,0.203125,0.5789473684210527,1.0,1.5435528755187988,0.468718945980072
314,80,gaussian,2,43,0.203125,0.1875,0.4482758620689655,1.0,1.8977138996124268,0.5524582266807556
315,80,gaussian,2,43,0.328125,0.203125,0.4375,1.0,2.9881179332733154,0.9918240308761597
316,80,gaussian,2,43,0.484375,0.5,0.6458333333333334,1.0,1.394068956375122,0.447592169046402
317,80,gaussian,2,43,0.28125,0.28125,0.375,1.0,1.1733362674713135,0.40242132544517517
318,80,gaussian,2,43,0.171875,0.4375,0.22916666666666666,1.0,0.5029288530349731,0.1473899632692337
319,80,gaussian,2,43,0.53125,0.25,0.7083333333333334,1.0,1.3159409761428833,0.38132917881011963
320,80,gaussian,2,43,0.234375,0.390625,0.3125,1.0,1.4283745288848877,0.4571012854576111
321,80,gaussian,2,43,0.5,0.40625,0.6666666666666666,1.0,0.6534233093261719,0.23407171666622162
322,80,gaussian,2,43,0.328125,0.3125,0.4375,1.0,3.600714683532715,1.1911977529525757
323,80,gaussian,2,43,0.390625,0.453125,0.5208333333333334,1.0,1.8231916427612305,0.6400526165962219
324,80,gaussian,2,43,0.359375,0.4375,0.4791666666666667,1.0,0.7072400450706482,0.23919253051280975
325,80,gaussian,2,43,0.25,0.265625,0.3333333333333333,1.0,4.457563400268555,1.3625311851501465
326,80,gaussian,2,43,0.34375,0.46875,0.4583333333333333,1.0,1.866093397140503,0.6211225390434265
327,80,gaussian,2,43,0.4375,0.359375,0.5833333333333334,1.0,0.564203143119812,0.1790873259305954
328,80,gaussian,2,43,0.21875,0.453125,0.2916666666666667,1.0,1.186349630355835,0.428317666053772
329,80,gaussian,2,43,0.3125,0.296875,0.4166666666666667,1.0,1.8560545444488525,0.6424084901809692
330,80,gaussian,2,43,0.46875,0.4375,0.625,1.0,0.6922351121902466,0.2241898775100708
331,80,gaussian,2,43,0.4375,0.328125,0.5833333333333334,1.0,3.160792827606201,1.0675543546676636
332,80,gaussian,2,43,0.234375,0.4375,0.3125,1.0,2.6817245483398438,0.9334172606468201
333,80,gaussian,2,43,0.15625,0.15625,0.43478260869565216,1.0,2.200026512145996,0.6404169201850891
334,80,gaussian,2,43,0.21875,0.421875,0.2916666666666667,1.0,4.014032363891602,1.1830271482467651
335,80,gaussian,2,43,0.40625,0.40625,0.5416666666666666,1.0,1.5524400472640991,0.5164037346839905
336,80,gaussian,2,43,0.46875,0.296875,0.625,1.0,2.6383249759674072,0.9716227054595947
337,80,gaussian,2,43,0.109375,0.078125,0.14583333333333334,1.0,2.8298134803771973,0.7447289824485779
338,80,gaussian,2,43,0.234375,0.453125,0.3125,1.0,1.612697720527649,0.5536329746246338
339,80,gaussian,2,43,0.3125,0.40625,0.4166666666666667,1.0,4.461597442626953,1.5079374313354492
340,80,gaussian,2,43,0.46875,0.359375,0.625,1.0,0.6884776949882507,0.23661504685878754
341,80,gaussian,2,43,0.21875,0.421875,0.2916666666666667,1.0,4.022640228271484,1.1897838115692139
342,80,gaussian,2,43,0.46875,0.5,0.625,1.0,2.076671838760376,0.6594775915145874
343,80,gaussian,2,43,0.375,0.28125,0.5,1.0,1.9004392623901367,0.6683779954910278
344,80,gaussian,2,43,0.375,0.28125,0.5,1.0,0.5991835594177246,0.22224336862564087
345,80,gaussian,2,43,0.359375,0.40625,0.4791666666666667,1.0,1.6191390752792358,0.5516220927238464
346,80,gaussian,2,43,0.359375,0.4375,0.4791666666666667,1.0,0.7070433497428894,0.23784630000591278
347,80,gaussian,2,43,0.359375,0.453125,0.4791666666666667,1.0,2.4932570457458496,0.8910613656044006
348,80,gaussian,2,43,0.328125,0.375,0.4375,1.0,1.2330334186553955,0.4326113164424896
349,80,gaussian,2,43,0.21875,0.328125,0.2916666666666667,1.0,1.5040619373321533,0.48467886447906494
350,80,gaussian,2,43,0.21875,0.4375,0.2916666666666667,1.0,1.0015761852264404,0.299627423286438
351,80,gaussian,2,43,0.375,0.40625,0.5,1.0,3.5395240783691406,1.2662864923477173
352,80,gaussian,2,43,0.234375,0.4375,0.3125,1.0,2.68172025680542,0.9279823899269104
353,80,gaussian,2,43,0.234375,0.453125,0.3125,1.0,1.849679708480835,0.6460492610931396
354,80,gaussian,2,43,0.21875,0.3125,0.2916666666666667,1.0,1.0900176763534546,0.361777126789093
355,80,gaussian,2,43,0.265625,0.28125,0.3541666666666667,1.0,0.30929070711135864,0.09480524063110352
356,80,gaussian,2,43,0.453125,0.3125,0.6041666666666666,1.0,5.927650451660156,1.837660551071167
357,80,gaussian,2,43,0.203125,0.4375,0.2708333333333333,1.0,0.9720963835716248,0.31760263442993164
358,80,gaussian,2,43,0.28125,0.4375,0.375,1.0,1.5047720670700073,0.4859887659549713
359,80,gaussian,2,43,0.359375,0.421875,0.4791666666666667,1.0,2.848867177963257,1.0207220315933228
360,80,gaussian,2,43,0.203125,0.4375,0.2708333333333333,1.0,0.9104844927787781,0.3151344358921051
361,80,gaussian,2,43,0.171875,0.171875,0.22916666666666666,1.0,0.5280823111534119,0.14610496163368225
362,80,gaussian,2,43,0.390625,0.46875,0.5208333333333334,1.0,1.0657174587249756,0.35889139771461487
363,80,gaussian,2,43,0.515625,0.265625,0.6875,1.0,1.3143689632415771,0.38132768869400024
364,80,gaussian,2,43,0.296875,0.453125,0.3958333333333333,1.0,1.0190989971160889,0.3738933503627777
365,80,gaussian,2,43,0.421875,0.4375,0.5625,1.0,0.5623764991760254,0.19137471914291382
366,80,gaussian,2,43,0.25,0.453125,0.3333333333333333,1.0,1.402957558631897,0.44337010383605957
367,80,gaussian,2,43,0.25,0.453125,0.3333333333333333,1.0,0.7965936660766602,0.27026110887527466
368,80,gaussian,2,43,0.3125,0.421875,0.4166666666666667,1.0,9.220333099365234,3.000964641571045
369,80,gaussian,2,43,0.46875,0.125,0.625,1.0,0.37610405683517456,0.12003275752067566
370,80,gaussian,2,43,0.21875,0.40625,0.2916666666666667,1.0,3.0278329849243164,1.0023016929626465
371,80,gaussian,2,43,0.234375,0.4375,0.3125,1.0,0.8402777314186096,0.260958731174469
372,80,gaussian,2,43,0.234375,0.421875,0.3125,1.0,4.486597061157227,1.475694179534912
373,80,gaussian,2,43,0.203125,0.1875,0.6842105263157895,1.0,8.577534675598145,2.530439615249634
374,80,gaussian,2,43,0.59375,0.125,0.7916666666666666,1.0,1.4071455001831055,0.37948843836784363
375,80,gaussian,2,43,0.34375,0.3125,0.4583333333333333,1.0,0.6852870583534241,0.24957089126110077
376,80,gaussian,2,43,0.25,0.46875,0.3333333333333333,1.0,5.319891929626465,1.839389681816101
377,80,gaussian,2,43,0.21875,0.4375,0.2916666666666667,1.0,1.388717532157898,0.4694588780403137
378,80,gaussian,2,43,0.421875,0.46875,0.5625,1.0,4.464953899383545,1.5551681518554688
379,80,gaussian,2,43,0.25,0.4375,0.3333333333333333,1.0,0.6089566946029663,0.20693174004554749
380,80,gaussian,2,43,0.234375,0.1875,0.3125,1.0,0.4920915365219116,0.1473865509033203
381,80,gaussian,2,43,0.5,0.484375,0.6666666666666666,1.0,2.1141252517700195,0.6662316918373108
382,80,gaussian,2,43,0.234375,0.203125,0.5555555555555556,1.0,0.8754417300224304,0.25401943922042847
383,80,gaussian,2,43,0.375,0.265625,0.5,1.0,0.5999232530593872,0.22212080657482147
384,80,gaussian,2,43,0.296875,0.421875,0.3958333333333333,1.0,0.5267733931541443,0.1856553852558136
385,80,gaussian,2,43,0.1875,0.4375,0.25,1.0,1.7296102046966553,0.5823932886123657
386,80,gaussian,2,43,0.25,0.234375,0.3333333333333333,1.0,3.8039166927337646,1.170206069946289
387,80,gaussian,2,43,0.5625,0.15625,0.75,1.0,5.466699123382568,1.6671786308288574
388,80,gaussian,2,43,0.203125,0.46875,0.2708333333333333,1.0,1.6111042499542236,0.46808546781539917
389,80,gaussian,2,43,0.234375,0.421875,0.3125,1.0,0.6644772291183472,0.23339317739009857
390,80,gaussian,2,43,0.171875,0.484375,0.22916666666666666,1.0,1.6262686252593994,0.5432251691818237
391,80,gaussian,2,43,0.234375,0.234375,0.5357142857142857,1.0,0.7957959771156311,0.22855836153030396
392,80,gaussian,2,43,0.359375,0.359375,0.4791666666666667,1.0,0.44220995903015137,0.14128190279006958
393,80,gaussian,2,43,0.234375,0.1875,0.3125,1.0,1.3773385286331177,0.42910969257354736
394,80,gaussian,2,43,0.171875,0.4375,0.22916666666666666,1.0,1.9016411304473877,0.605035126209259
395,80,gaussian,2,43,0.34375,0.34375,0.4583333333333333,1.0,2.8026909828186035,0.953957736492157
396,80,gaussian,2,43,0.484375,0.296875,0.6458333333333334,1.0,1.3627874851226807,0.45469048619270325
397,80,gaussian,2,43,0.203125,0.171875,0.4642857142857143,1.0,8.573389053344727,2.5011143684387207
398,80,gaussian,2,43,0.21875,0.453125,0.2916666666666667,1.0,0.6042801141738892,0.19924616813659668
399,80,gaussian,2,43,0.1875,0.453125,0.25,1.0,0.5893766283988953,0.176320880651474
400,80,gaussian,2,43,0.0625,0.046875,0.36363636363636365,1.0,5.318354606628418,1.7942675352096558
401,80,gaussian,2,43,0.484375,0.515625,0.6458333333333334,1.0,3.6207752227783203,1.1493507623672485
402,80,gaussian,2,43,0.4375,0.46875,0.5833333333333334,1.0,1.342903971672058,0.4351405203342438
403,80,gaussian,2,43,0.5,0.5,0.6666666666666666,1.0,3.6102986335754395,1.1336935758590698
404,80,gaussian,2,43,0.28125,0.40625,0.375,1.0,2.2437050342559814,0.7217710018157959
405,80,gaussian,2,43,0.453125,0.328125,0.6041666666666666,1.0,2.587864398956299,0.8438007831573486
406,80,gaussian,2,43,0.484375,0.5,0.6458333333333334,1.0,1.393625259399414,0.4418069124221802
407,80,gaussian,2,43,0.34375,0.453125,0.4583333333333333,1.0,2.489079475402832,0.8912973403930664
408,80,gaussian,2,43,0.1875,0.421875,0.25,1.0,2.3621368408203125,0.7629626989364624
409,80,gaussian,2,43,0.265625,0.4375,0.3541666666666667,1.0,1.3779680728912354,0.47168663144111633
410,80,gaussian,2,43,0.234375,0.46875,0.3125,1.0,1.6962097883224487,0.5633747577667236
411,80,gaussian,2,43,0.203125,0.46875,0.2708333333333333,1.0,0.9921470880508423,0.36007624864578247
412,80,gaussian,2,43,0.1875,0.4375,0.25,1.0,1.408637523651123,0.47017326951026917
413,80,gaussian,2,43,0.15625,0.453125,0.20833333333333334,1.0,0.5029680132865906,0.14735375344753265
414,80,gaussian,2,43,0.4375,0.34375,0.5833333333333334,1.0,2.662114143371582,0.8987030386924744
415,80,gaussian,2,43,0.328125,0.28125,0.4375,1.0,2.774632453918457,0.8878944516181946
416,80,gaussian,2,43,0.421875,0.4375,0.5625,1.0,0.5626572370529175,0.19322419166564941
417,80,gaussian,2,43,0.453125,0.46875,0.6041666666666666,1.0,0.9780902862548828,0.3312928080558777
418,80,gaussian,2,43,0.21875,0.46875,0.2916666666666667,1.0,1.2159662246704102,0.4091648757457733
419,80,gaussian,2,43,0.390625,0.359375,0.5208333333333334,1.0,1.2688932418823242,0.4499583840370178
420,80,gaussian,2,43,0.21875,0.4375,0.2916666666666667,1.0,2.481689214706421,0.7961989641189575
421,80,gaussian,2,43,0.28125,0.375,0.375,1.0,2.0565295219421387,0.6707472205162048
422,80,gaussian,2,43,0.21875,0.46875,0.2916666666666667,1.0,2.2764406204223633,0.7702392339706421
423,80,gaussian,2,43,0.21875,0.453125,0.2916666666666667,1.0,1.6946887969970703,0.5586338639259338
424,80,gaussian,2,43,0.1875,0.421875,0.25,1.0,3.009577751159668,0.9756702184677124
425,80,gaussian,2,43,0.203125,0.4375,0.2708333333333333,1.0,2.130258321762085,0.7494458556175232
426,80,gaussian,2,43,0.34375,0.390625,0.4583333333333333,1.0,1.938704490661621,0.6691213846206665
427,80,gaussian,2,43,0.296875,0.46875,0.3958333333333333,1.0,3.7292284965515137,1.1815307140350342
428,80,gaussian,2,43,0.484375,0.515625,0.6458333333333334,1.0,3.6169753074645996,1.1192764043807983
429,80,gaussian,2,43,0.28125,0.40625,0.375,1.0,6.444216251373291,2.1005654335021973
430,80,gaussian,2,43,0.3125,0.359375,0.4166666666666667,1.0,4.348153591156006,1.481332540512085
431,80,gaussian,2,43,0.546875,0.46875,0.7291666666666666,1.0,0.4136040508747101,0.12128260731697083
432,80,gaussian,2,43,0.21875,0.4375,0.2916666666666667,1.0,2.7470548152923584,0.8727073669433594
433,80,gaussian,2,43,0.203125,0.421875,0.2708333333333333,1.0,1.2677583694458008,0.4030631482601166
434,80,gaussian,2,43,0.171875,0.40625,0.22916666666666666,1.0,1.6043282747268677,0.47182878851890564
435,80,gaussian,2,43,0.40625,0.453125,0.5416666666666666,1.0,1.991594672203064,0.6302394866943359
436,80,gaussian,2,43,0.25,0.4375,0.3333333333333333,1.0,0.8603254556655884,0.28336286544799805
437,80,gaussian,2,43,0.203125,0.390625,0.2708333333333333,1.0,3.758815288543701,1.293526291847229
438,80,gaussian,2,43,0.203125,0.515625,0.2708333333333333,1.0,0.4826372563838959,0.1524617224931717
439,80,gaussian,2,43,0.359375,0.34375,0.4791666666666667,1.0,3.811030149459839,1.3348617553710938
440,80,gaussian,2,43,0.28125,0.46875,0.375,1.0,2.440579414367676,0.7603504657745361
441,80,gaussian,2,43,0.296875,0.5,0.3958333333333333,1.0,2.412903070449829,0.7901343703269958
442,80,gaussian,2,43,0.453125,0.453125,0.6041666666666666,1.0,2.596430778503418,0.896816611289978
443,80,gaussian,2,43,0.453125,0.3125,0.6041666666666666,1.0,5.925168037414551,1.8759853839874268
444,80,gaussian,2,43,0.390625,0.34375,0.5208333333333334,1.0,5.011130332946777,1.7762727737426758
445,80,gaussian,2,43,0.234375,0.34375,0.3125,1.0,4.150145053863525,1.2885643243789673
446,80,gaussian,2,43,0.234375,0.234375,0.3125,1.0,0.3271770179271698,0.09557346999645233
447,80,gaussian,2,43,0.28125,0.390625,0.375,1.0,6.44404935836792,2.0837385654449463
448,80,gaussian,2,43,0.375,0.34375,0.5,1.0,1.6662957668304443,0.6492330431938171
449,80,gaussian,2,43,0.390625,0.453125,0.5208333333333334,1.0,1.5971119403839111,0.5690999031066895
450,80,gaussian,2,43,0.234375,0.453125,0.3125,1.0,0.7659491300582886,0.2396804392337799
451,80,gaussian,2,43,0.28125,0.46875,0.375,1.0,1.5244977474212646,0.5267105102539062
452,80,gaussian,2,43,0.34375,0.421875,0.4583333333333333,1.0,0.6415151953697205,0.21488824486732483
453,80,gaussian,2,43,0.4375,0.3125,0.5833333333333334,1.0,3.167881488800049,1.0728119611740112
454,80,gaussian,2,43,0.203125,0.453125,0.2708333333333333,1.0,0.5915073156356812,0.17291130125522614
455,80,gaussian,2,43,0.234375,0.4375,0.3125,1.0,3.6353447437286377,1.196217656135559
456,80,gaussian,2,43,0.453125,0.4375,0.6041666666666666,1.0,0.6929327845573425,0.22225236892700195
457,80,gaussian,2,43,0.359375,0.3125,0.4791666666666667,1.0,0.4651321768760681,0.1782607138156891
458,80,gaussian,2,43,0.25,0.453125,0.3333333333333333,1.0,0.8351984620094299,0.2743658721446991
459,80,gaussian,2,43,0.359375,0.328125,0.4791666666666667,1.0,2.3026485443115234,0.7639222741127014
460,80,gaussian,2,43,0.5,0.40625,0.6666666666666666,1.0,5.361800193786621,1.705395221710205
461,80,gaussian,2,43,0.421875,0.40625,0.5625,1.0,0.7298982739448547,0.2396898865699768
462,80,gaussian,2,43,0.203125,0.390625,0.2708333333333333,1.0,0.9191879630088806,0.2743901312351227
463,80,gaussian,2,43,0.21875,0.4375,0.2916666666666667,1.0,2.77186918258667,0.847618818283081
464,80,gaussian,2,43,0.296875,0.46875,0.3958333333333333,1.0,1.523989200592041,0.5147309899330139
465,80,gaussian,2,43,0.296875,0.421875,0.3958333333333333,1.0,0.526799738407135,0.18493600189685822
466,80,gaussian,2,43,0.546875,0.203125,0.7291666666666666,1.0,16.776674270629883,4.96227502822876
467,80,gaussian,2,43,0.4375,0.46875,0.5833333333333334,1.0,4.4753522872924805,1.5832104682922363
468,80,gaussian,2,43,0.1875,0.4375,0.25,1.0,0.99471116065979,0.3125031292438507
469,80,gaussian,2,43,0.375,0.28125,0.5,1.0,1.899728536605835,0.6609307527542114
470,80,gaussian,2,43,0.234375,0.453125,0.3125,1.0,0.8398085236549377,0.2637719511985779
471,80,gaussian,2,43,0.1875,0.4375,0.25,1.0,2.3667500019073486,0.7564480304718018
472,80,gaussian,2,43,0.234375,0.421875,0.3125,1.0,2.6888980865478516,0.9090859889984131
473,80,gaussian,2,43,0.34375,0.4375,0.4583333333333333,1.0,1.3757773637771606,0.4607187509536743
474,80,gaussian,2,43,0.25,0.46875,0.3333333333333333,1.0,0.9720290899276733,0.3517444431781769
475,80,gaussian,2,43,0.28125,0.46875,0.375,1.0,2.4401094913482666,0.7610110640525818
476,80,gaussian,2,43,0.234375,0.234375,0.3125,1.0,0.3264177441596985,0.09563834220170975
477,80,gaussian,2,43,0.3125,0.46875,0.4166666666666667,1.0,0.3896866738796234,0.13192671537399292
478,80,gaussian,2,43,0.265625,0.4375,0.3541666666666667,1.0,0.8601137399673462,0.28119421005249023
479,80,gaussian,2,43,0.328125,0.1875,0.4375,1.0,0.9372032284736633,0.3247090280056
480,80,gaussian,2,43,0.265625,0.21875,0.3541666666666667,1.0,3.1598119735717773,1.1242588758468628
481,80,gaussian,2,43,0.484375,0.296875,0.6458333333333334,1.0,2.6430654525756836,0.9654921293258667
482,80,gaussian,2,43,0.171875,0.453125,0.22916666666666666,1.0,0.5040438771247864,0.1459408551454544
483,80,gaussian,2,43,0.3125,0.34375,0.4166666666666667,1.0,3.8868050575256348,1.2962819337844849
484,80,gaussian,2,43,0.265625,0.4375,0.3541666666666667,1.0,1.3775615692138672,0.4761914014816284
485,80,gaussian,2,43,0.203125,0.21875,0.2708333333333333,1.0,1.4848248958587646,0.4225657880306244
486,80,gaussian,2,43,0.359375,0.453125,0.4791666666666667,1.0,2.1135098934173584,0.7552922368049622
487,80,gaussian,2,43,0.234375,0.40625,0.3125,1.0,4.484072685241699,1.4739758968353271
488,80,gaussian,2,43,0.21875,0.4375,0.2916666666666667,1.0,2.5462851524353027,0.7429922223091125
489,80,gaussian,2,43,0.21875,0.4375,0.2916666666666667,1.0,3.6352663040161133,1.2188913822174072
490,80,gaussian,2,43,0.421875,0.4375,0.5625,1.0,0.7317209839820862,0.2339499294757843
491,80,gaussian,2,43,0.359375,0.3125,0.4791666666666667,1.0,2.303466796875,0.7624301314353943
492,80,gaussian,2,43,0.203125,0.40625,0.2708333333333333,1.0,3.1101884841918945,1.0113213062286377
493,80,gaussian,2,43,0.28125,0.5,0.375,1.0,2.406900405883789,0.7903708815574646
494,80,gaussian,2,43,0.234375,0.34375,0.3125,1.0,4.154757022857666,1.2847652435302734
495,80,gaussian,2,43,0.3125,0.34375,0.4166666666666667,1.0,3.894418239593506,1.2873790264129639
496,80,gaussian,2,43,0.359375,0.453125,0.4791666666666667,1.0,0.8556856513023376,0.29868897795677185
497,80,gaussian,2,43,0.328125,0.40625,0.4375,1.0,0.7119995355606079,0.24569596350193024
498,80,gaussian,2,43,0.28125,0.46875,0.375,1.0,1.0185742378234863,0.3742052912712097
499,80,gaussian,2,43,0.25,0.234375,0.3333333333333333,1.0,2.745847702026367,0.841217041015625
500,80,gaussian,2,43,0.234375,0.34375,0.3125,1.0,4.155032634735107,1.2856831550598145
501,80,gaussian,2,43,0.375,0.328125,0.5,1.0,0.4846128523349762,0.17093907296657562
502,80,gaussian,2,43,0.390625,0.375,0.5208333333333334,1.0,2.512019634246826,0.877960741519928
503,80,gaussian,2,43,0.21875,0.40625,0.2916666666666667,1.0,1.473717451095581,0.48455509543418884
504,80,gaussian,2,43,0.375,0.40625,0.5,1.0,1.278918981552124,0.482200562953949
505,80,gaussian,2,43,0.25,0.4375,0.3333333333333333,1.0,0.8257919549942017,0.2744295001029968
506,80,gaussian,2,43,0.3125,0.40625,0.4166666666666667,1.0,1.886649250984192,0.6055166721343994
507,80,gaussian,2,43,0.265625,0.28125,0.3541666666666667,1.0,0.8909062147140503,0.2833980321884155
508,80,gaussian,2,43,0.234375,0.1875,0.3125,1.0,1.3797141313552856,0.4322063624858856
509,80,gaussian,2,43,0.203125,0.4375,0.2708333333333333,1.0,1.436826229095459,0.4780372381210327
510,80,gaussian,2,43,0.40625,0.375,0.5416666666666666,1.0,1.8305613994598389,0.6294217705726624
511,80,gaussian,2,43,0.21875,0.375,0.2916666666666667,1.0,2.8720955848693848,0.8564602136611938
512,80,gaussian,2,43,0.21875,0.40625,0.2916666666666667,1.0,3.2581777572631836,1.001686930656433
513,80,gaussian,2,43,0.40625,0.453125,0.5416666666666666,1.0,1.9945931434631348,0.636215090751648
514,80,gaussian,2,43,0.390625,0.234375,0.5208333333333334,1.0,2.2577576637268066,0.7651491165161133
515,80,gaussian,2,43,0.203125,0.4375,0.2708333333333333,1.0,1.662818193435669,0.557680070400238
516,80,gaussian,2,43,0.5625,0.15625,0.75,1.0,5.4729461669921875,1.688287615776062
517,80,gaussian,2,43,0.265625,0.28125,0.3541666666666667,1.0,4.823951244354248,1.5062755346298218
518,80,gaussian,2,43,0.40625,0.453125,0.5416666666666666,1.0,1.859377384185791,0.6375272870063782
519,80,gaussian,2,43,0.4375,0.484375,0.5833333333333334,1.0,1.046995997428894,0.35910630226135254
520,80,gaussian,2,43,0.1875,0.203125,0.4444444444444444,1.0,1.0223145484924316,0.27115583419799805
521,80,gaussian,2,43,0.25,0.4375,0.3333333333333333,1.0,0.6974523663520813,0.226780965924263
522,80,gaussian,2,43,0.21875,0.40625,0.2916666666666667,1.0,3.014219284057617,1.0097432136535645
523,80,gaussian,2,43,0.28125,0.484375,0.375,1.0,4.211173057556152,1.2783383131027222
524,80,gaussian,2,43,0.1875,0.4375,0.25,1.0,2.1320812702178955,0.6821242570877075
525,80,gaussian,2,43,0.328125,0.46875,0.4375,1.0,0.6082484722137451,0.2151048481464386
526,80,gaussian,2,43,0.296875,0.328125,0.3958333333333333,1.0,0.6076592206954956,0.19425950944423676
527,80,gaussian,2,43,0.21875,0.390625,0.2916666666666667,1.0,3.506216049194336,1.091102957725525
528,80,gaussian,2,43,0.359375,0.4375,0.4791666666666667,1.0,0.7062433362007141,0.23759585618972778
529,80,gaussian,2,43,0.34375,0.40625,0.4583333333333333,1.0,0.5949313640594482,0.20206235349178314
530,80,gaussian,2,43,0.4375,0.34375,0.5833333333333334,1.0,2.6636533737182617,0.9004507064819336
531,80,gaussian,2,43,0.25,0.171875,0.3333333333333333,1.0,1.382523536682129,0.4294329583644867
532,80,gaussian,2,43,0.21875,0.421875,0.2916666666666667,1.0,2.654090642929077,0.8338179588317871
533,80,gaussian,2,43,0.203125,0.453125,0.2708333333333333,1.0,1.1305978298187256,0.362682968378067
534,80,gaussian,2,43,,,,0.0,2.0421059131622314,0.6533935070037842
535,80,gaussian,2,43,0.4375,0.390625,0.5833333333333334,1.0,0.7278991937637329,0.23839382827281952
536,80,gaussian,2,43,0.5625,0.46875,0.75,1.0,6.126667499542236,2.1429121494293213
537,80,gaussian,2,43,,,,0.0,1.7383718490600586,0.5197033286094666
538,80,gaussian,2,43,0.21875,0.4375,0.2916666666666667,1.0,1.8683578968048096,0.6400987505912781
539,80,gaussian,2,43,0.3125,0.5,0.4166666666666667,1.0,3.013942241668701,0.9804922342300415
540,80,gaussian,2,43,0.53125,0.484375,0.7083333333333334,1.0,1.4330099821090698,0.43694236874580383
541,80,gaussian,2,43,0.375,0.4375,0.5,1.0,3.2104506492614746,1.1593087911605835
542,80,gaussian,2,43,0.421875,0.46875,0.5625,1.0,1.0790265798568726,0.34997400641441345
543,80,gaussian,2,43,0.265625,0.21875,0.3541666666666667,1.0,0.6234412789344788,0.19516193866729736
544,80,gaussian,2,43,0.34375,0.453125,0.4583333333333333,1.0,1.373641014099121,0.4593418538570404
545,80,gaussian,2,43,0.234375,0.453125,0.3125,1.0,1.3752317428588867,0.45846372842788696
546,80,gaussian,2,43,0.203125,0.4375,0.2708333333333333,1.0,1.4368486404418945,0.4782230854034424
547,80,gaussian,2,43,0.203125,0.4375,0.2708333333333333,1.0,1.3587000370025635,0.4442904591560364
548,80,gaussian,2,43,0.1875,0.453125,0.25,1.0,0.5895692110061646,0.1738988608121872
549,80,gaussian,2,43,0.21875,0.375,0.2916666666666667,1.0,0.48104074597358704,0.1788022220134735
550,80,gaussian,2,43,0.375,0.40625,0.5,1.0,1.2788441181182861,0.4864843785762787
551,80,gaussian,2,43,0.234375,0.421875,0.3125,1.0,1.2367807626724243,0.4117067754268646
552,80,gaussian,2,43,0.21875,0.40625,0.2916666666666667,1.0,3.7551827430725098,1.3057695627212524
553,80,gaussian,2,43,0.1953125,0.171875,0.5191304347826087,1.0,0.7460165023803711,0.22361606359481812
554,80,gaussian,2,43,0.234375,0.234375,0.3125,1.0,2.747189521789551,0.8525243997573853
555,80,gaussian,2,43,0.390625,0.453125,0.5208333333333334,1.0,1.025179147720337,0.3702840805053711
556,80,gaussian,2,43,0.296875,0.453125,0.3958333333333333,1.0,4.203458786010742,1.5302687883377075
557,80,gaussian,2,43,0.234375,0.234375,0.3125,1.0,2.7443134784698486,0.8483526110649109
558,80,gaussian,2,43,0.25,0.46875,0.3333333333333333,1.0,5.329008102416992,1.8351385593414307
559,80,gaussian,2,43,0.25,0.421875,0.3333333333333333,1.0,1.0010539293289185,0.3235357403755188
560,80,gaussian,2,43,0.296875,0.34375,0.3958333333333333,1.0,3.260117530822754,1.0924261808395386
561,80,gaussian,2,43,0.421875,0.46875,0.5625,1.0,3.502941370010376,1.148218035697937
562,80,gaussian,2,43,0.375,0.4375,0.5,1.0,3.58500337600708,1.2358201742172241
563,80,gaussian,2,43,0.203125,0.421875,0.2708333333333333,1.0,2.653923988342285,0.8262607455253601
564,80,gaussian,2,43,0.484375,0.5,0.6458333333333334,1.0,0.9704666137695312,0.310611754655838
565,80,gaussian,2,43,0.21875,0.421875,0.2916666666666667,1.0,2.1436140537261963,0.7042713165283203
566,80,gaussian,2,43,0.234375,0.46875,0.3125,1.0,0.4589137136936188,0.1437719166278839
567,80,gaussian,2,43,0.375,0.453125,0.5,1.0,2.134840965270996,0.7254181504249573
568,80,gaussian,2,43,0.390625,0.453125,0.5208333333333334,1.0,1.8243108987808228,0.6430062651634216
569,80,gaussian,2,43,0.203125,0.453125,0.2708333333333333,1.0,4.15490198135376,1.2220796346664429
570,80,gaussian,2,43,0.21875,0.4375,0.2916666666666667,1.0,1.374851942062378,0.45886674523353577
571,80,gaussian,2,43,0.234375,0.453125,0.3125,1.0,0.8903970718383789,0.29403939843177795
572,80,gaussian,2,43,0.453125,0.484375,0.6041666666666666,1.0,1.855217456817627,0.6330029964447021
573,80,gaussian,2,43,0.328125,0.3125,0.4375,1.0,2.1343822479248047,0.7294902205467224
574,80,gaussian,2,43,0.203125,0.4375,0.2708333333333333,1.0,0.9106295108795166,0.3160930275917053
575,80,gaussian,2,43,0.546875,0.484375,0.7291666666666666,1.0,2.5551323890686035,0.7975022792816162
576,80,gaussian,2,43,0.390625,0.421875,0.5208333333333334,1.0,1.2769384384155273,0.4867819547653198
577,80,gaussian,2,43,0.21875,0.390625,0.2916666666666667,1.0,2.9848153591156006,1.0797494649887085
578,80,gaussian,2,43,0.3125,0.359375,0.4166666666666667,1.0,3.3870983123779297,1.0844866037368774
579,80,gaussian,2,43,0.28125,0.46875,0.375,1.0,3.7343835830688477,1.2081329822540283
580,80,gaussian,2,43,0.203125,0.46875,0.2708333333333333,1.0,1.0628677606582642,0.339084267616272
581,80,gaussian,2,43,0.40625,0.421875,0.5416666666666666,1.0,5.438772201538086,1.7488466501235962
582,80,gaussian,2,43,0.515625,0.46875,0.6875,1.0,2.5607080459594727,0.7828623056411743
583,80,gaussian,2,43,0.375,0.328125,0.5,1.0,1.3835856914520264,0.4853770136833191
584,80,gaussian,2,43,0.234375,0.453125,0.3125,1.0,1.4050838947296143,0.44476568698883057
585,80,gaussian,2,43,0.21875,0.4375,0.2916666666666667,1.0,2.4727468490600586,0.8048396110534668
586,80,gaussian,2,43,0.203125,0.4375,0.2708333333333333,1.0,0.9750096797943115,0.3181056082248688
587,80,gaussian,2,43,0.421875,0.34375,0.5625,1.0,2.77244234085083,0.9202103018760681
588,80,gaussian,2,43,0.359375,0.390625,0.4791666666666667,1.0,1.4673855304718018,0.48324641585350037
589,80,gaussian,2,43,0.328125,0.1875,0.4375,1.0,0.9378035664558411,0.31938794255256653
590,80,gaussian,2,43,0.203125,0.453125,0.2708333333333333,1.0,2.1038804054260254,0.6769282817840576
591,80,gaussian,2,43,0.421875,0.375,0.5625,1.0,0.564451277256012,0.18234829604625702
592,80,gaussian,2,43,0.453125,0.203125,0.6041666666666666,1.0,0.33868029713630676,0.12767940759658813
593,80,gaussian,2,43,0.21875,0.40625,0.2916666666666667,1.0,0.9184356331825256,0.27595680952072144
594,80,gaussian,2,43,0.265625,0.234375,0.3541666666666667,1.0,0.8539624214172363,0.27842235565185547
595,80,gaussian,2,43,0.1875,0.46875,0.25,1.0,2.1354734897613525,0.7410471439361572
596,80,gaussian,2,43,0.59375,0.125,0.7916666666666666,1.0,1.4176626205444336,0.3777354657649994
597,80,gaussian,2,43,0.25,0.453125,0.3333333333333333,1.0,1.4056100845336914,0.45414552092552185
598,80,gaussian,2,43,0.375,0.3125,0.5,1.0,2.302804708480835,0.7625877857208252
599,80,gaussian,2,43,0.203125,0.4375,0.2708333333333333,1.0,2.821122884750366,0.9335581064224243
600,80,gaussian,2,43,0.3125,0.40625,0.4166666666666667,1.0,5.53471040725708,1.9579890966415405
601,80,gaussian,2,43,0.1875,0.40625,0.25,1.0,0.9615499973297119,0.27294185757637024
602,80,gaussian,2,43,0.28125,0.28125,0.375,1.0,1.175343632698059,0.40375232696533203
603,80,gaussian,2,43,0.390625,0.453125,0.5208333333333334,1.0,0.3203994333744049,0.10935908555984497
604,80,gaussian,2,43,0.21875,0.25,0.2916666666666667,1.0,3.520719528198242,0.9958391785621643
605,80,gaussian,2,43,0.265625,0.328125,0.3541666666666667,1.0,4.3719916343688965,1.4009605646133423
606,80,gaussian,2,43,0.265625,0.484375,0.3541666666666667,1.0,0.9468371272087097,0.337106853723526
607,80,gaussian,2,43,0.40625,0.453125,0.5416666666666666,1.0,1.0247814655303955,0.36733478307724
608,80,gaussian,2,43,0.34375,0.34375,0.4583333333333333,1.0,2.7992520332336426,0.9537375569343567
609,80,gaussian,2,43,0.21875,0.4375,0.2916666666666667,1.0,1.4153776168823242,0.4728352725505829
610,80,gaussian,2,43,0.234375,0.46875,0.3125,1.0,0.45892590284347534,0.14499351382255554
611,80,gaussian,2,43,0.265625,0.421875,0.3541666666666667,1.0,1.4141350984573364,0.4742615222930908
612,80,gaussian,2,43,0.3125,0.421875,0.4166666666666667,1.0,0.5273587703704834,0.1857018917798996
613,80,gaussian,2,43,0.25,0.4375,0.3333333333333333,1.0,0.6963448524475098,0.2229568064212799
614,80,gaussian,2,43,0.21875,0.484375,0.2916666666666667,1.0,1.527538537979126,0.47634202241897583
615,80,gaussian,2,43,0.21875,0.4375,0.2916666666666667,1.0,2.7399611473083496,0.8840728998184204
616,80,gaussian,2,43,0.21875,0.46875,0.2916666666666667,1.0,1.1748931407928467,0.37860560417175293
617,80,gaussian,2,43,0.21875,0.4375,0.2916666666666667,1.0,3.6360251903533936,1.2189960479736328
618,80,gaussian,2,43,0.21875,0.46875,0.2916666666666667,1.0,1.6107048988342285,0.45630505681037903
619,80,gaussian,2,43,0.15625,0.15625,0.20833333333333334,1.0,0.5740432739257812,0.16192972660064697
620,80,gaussian,2,43,0.296875,0.328125,0.3958333333333333,1.0,1.1450544595718384,0.39425286650657654
621,80,gaussian,2,43,0.1875,0.140625,0.4444444444444444,1.0,3.664254665374756,1.0561069250106812
622,80,gaussian,2,43,0.4375,0.328125,0.5833333333333334,1.0,0.5688463449478149,0.1849357634782791
623,80,gaussian,2,43,0.46875,0.5,0.625,1.0,4.2712860107421875,1.3669915199279785
624,80,gaussian,2,43,0.1875,0.4375,0.25,1.0,0.7679427862167358,0.22833748161792755
625,80,gaussian,2,43,0.203125,0.21875,0.2708333333333333,1.0,0.767297089099884,0.21266047656536102
626,80,gaussian,2,43,0.21875,0.375,0.2916666666666667,1.0,1.720395565032959,0.6063133478164673
627,80,gaussian,2,43,0.28125,0.453125,0.375,1.0,3.7919554710388184,1.2315561771392822
628,80,gaussian,2,43,0.25,0.453125,0.3333333333333333,1.0,1.815882682800293,0.617052435874939
629,80,gaussian,2,43,0.328125,0.34375,0.4375,1.0,1.0833117961883545,0.33691465854644775
630,80,gaussian,2,43,,,,0.0,0.8758355379104614,0.25820088386535645
631,80,gaussian,2,43,0.34375,0.359375,0.4583333333333333,1.0,1.082863450050354,0.3352109491825104
632,80,gaussian,2,43,0.421875,0.3125,0.5625,1.0,0.7249995470046997,0.2683720290660858
633,80,gaussian,2,43,0.265625,0.5,0.3541666666666667,1.0,1.2095403671264648,0.3595743775367737
634,80,gaussian,2,43,0.25,0.28125,0.3333333333333333,1.0,2.12186598777771,0.6289129853248596
635,80,gaussian,2,43,0.171875,0.171875,0.22916666666666666,1.0,0.5285232067108154,0.14453884959220886
636,80,gaussian,2,43,0.34375,0.3125,0.4583333333333333,1.0,1.2127559185028076,0.4315067529678345
637,80,gaussian,2,43,0.28125,0.5,0.375,1.0,1.1069256067276,0.33523401618003845
638,80,gaussian,2,43,0.203125,0.5,0.2708333333333333,1.0,6.231657028198242,1.997611403465271
639,80,gaussian,2,43,0.484375,0.21875,0.6458333333333334,1.0,1.6606035232543945,0.5223519206047058
640,80,gaussian,2,43,0.21875,0.4375,0.2916666666666667,1.0,1.3021690845489502,0.44719749689102173
641,80,gaussian,2,43,0.21875,0.375,0.2916666666666667,1.0,2.865560531616211,0.8597083687782288
642,80,gaussian,2,43,0.21875,0.4375,0.2916666666666667,1.0,1.2548534870147705,0.3906058073043823
643,80,gaussian,2,43,0.265625,0.265625,0.3541666666666667,1.0,1.2919206619262695,0.38481467962265015
644,80,gaussian,2,43,0.25,0.34375,0.3333333333333333,1.0,0.40083467960357666,0.12436039000749588
645,80,gaussian,2,43,0.1875,0.4375,0.25,1.0,2.314495801925659,0.7505922913551331
646,80,gaussian,2,43,0.390625,0.4375,0.5208333333333334,1.0,2.7260818481445312,1.002931833267212
647,80,gaussian,2,43,0.234375,0.453125,0.3125,1.0,0.7502186298370361,0.23511256277561188
648,80,gaussian,2,43,0.375,0.28125,0.5,1.0,3.6703643798828125,1.2546498775482178
649,80,gaussian,2,43,0.1875,0.171875,0.25,1.0,0.5265653729438782,0.14528495073318481
650,80,gaussian,2,43,0.34375,0.34375,0.4583333333333333,1.0,1.109100103378296,0.3863295614719391
651,80,gaussian,2,43,0.203125,0.40625,0.2708333333333333,1.0,4.548859119415283,1.417622685432434
652,80,gaussian,2,43,0.375,0.328125,0.5,1.0,0.48435190320014954,0.17265747487545013
653,80,gaussian,2,43,0.234375,0.453125,0.3125,1.0,1.9181652069091797,0.6369619965553284
654,80,gaussian,2,43,0.234375,0.4375,0.3125,1.0,1.5347493886947632,0.5216708779335022
655,80,gaussian,2,43,0.421875,0.4375,0.5625,1.0,0.5626721382141113,0.19130434095859528
656,80,gaussian,2,43,0.296875,0.4375,0.3958333333333333,1.0,5.952000617980957,1.9866679906845093
657,80,gaussian,2,43,0.515625,0.28125,0.6875,1.0,1.9921258687973022,0.5879766941070557
658,80,gaussian,2,43,0.234375,0.4375,0.3125,1.0,0.9289188385009766,0.276640921831131
659,80,gaussian,2,43,0.484375,0.5,0.6458333333333334,1.0,4.280333518981934,1.3789180517196655
660,80,gaussian,2,43,0.21875,0.453125,0.2916666666666667,1.0,1.7233986854553223,0.5772415399551392
661,80,gaussian,2,43,0.265625,0.328125,0.3541666666666667,1.0,2.3496851921081543,0.7646318078041077
662,80,gaussian,2,43,0.109375,0.09375,0.4666666666666667,1.0,2.174560546875,0.7326980233192444
663,80,gaussian,2,43,0.265625,0.390625,0.3541666666666667,1.0,6.441736221313477,2.113333225250244
664,80,gaussian,2,43,0.21875,0.484375,0.2916666666666667,1.0,1.5296852588653564,0.47662097215652466
665,80,gaussian,2,43,0.328125,0.296875,0.4375,1.0,4.1265764236450195,1.3581392765045166
666,80,gaussian,2,43,0.265625,0.3125,0.3541666666666667,1.0,1.7677154541015625,0.5618293285369873
667,80,gaussian,2,43,0.203125,0.375,0.2708333333333333,1.0,0.44474783539772034,0.12582288682460785
668,80,gaussian,2,43,0.3125,0.453125,0.4166666666666667,1.0,1.0782753229141235,0.3972223401069641
669,80,gaussian,2,43,0.390625,0.4375,0.5208333333333334,1.0,1.6759718656539917,0.5832886695861816
670,80,gaussian,2,43,,,,0.0,0.2201000303030014,0.07525213062763214
671,80,gaussian,2,43,0.34375,0.375,0.4583333333333333,1.0,1.4670439958572388,0.4862216114997864
672,80,gaussian,2,43,0.40625,0.421875,0.5416666666666666,1.0,2.9691972732543945,0.978259801864624
673,80,gaussian,2,43,0.203125,0.4375,0.2708333333333333,1.0,0.9587141275405884,0.33848896622657776
674,80,gaussian,2,43,0.34375,0.3125,0.4583333333333333,1.0,1.2125557661056519,0.4263617992401123
675,80,gaussian,2,43,0.265625,0.28125,0.3541666666666667,1.0,4.817533493041992,1.5234180688858032
676,80,gaussian,2,43,0.21875,0.46875,0.2916666666666667,1.0,2.2751286029815674,0.7779874205589294
677,80,gaussian,2,43,0.53125,0.484375,0.7083333333333334,1.0,1.4325976371765137,0.4401208460330963
678,80,gaussian,2,43,0.21875,0.40625,0.2916666666666667,1.0,3.114384174346924,1.0174040794372559
679,80,gaussian,2,43,0.3125,0.515625,0.4166666666666667,1.0,3.016359806060791,0.9804996848106384
680,80,gaussian,2,43,0.328125,0.453125,0.4375,1.0,3.3369953632354736,1.0599716901779175
681,80,gaussian,2,43,0.34375,0.421875,0.4583333333333333,1.0,0.6401197910308838,0.21259517967700958
682,80,gaussian,2,43,0.46875,0.109375,0.625,1.0,0.37826013565063477,0.12133049964904785
683,80,gaussian,2,43,0.1875,0.4375,0.25,1.0,1.7330493927001953,0.578952968120575
684,80,gaussian,2,43,0.265625,0.4375,0.3541666666666667,1.0,0.8255983591079712,0.2740632891654968
685,80,gaussian,2,43,0.25,0.453125,0.3333333333333333,1.0,0.7642346620559692,0.2429545819759369
686,80,gaussian,2,43,0.265625,0.453125,0.3541666666666667,1.0,1.486419677734375,0.5018247961997986
687,80,gaussian,2,43,0.203125,0.453125,0.2708333333333333,1.0,1.1850035190582275,0.4216364622116089
688,80,gaussian,2,43,0.40625,0.234375,0.5416666666666666,1.0,2.257333517074585,0.764517605304718
689,80,gaussian,2,43,0.265625,0.421875,0.3541666666666667,1.0,1.0010225772857666,0.3216358721256256
690,80,gaussian,2,43,0.484375,0.421875,0.6458333333333334,1.0,4.73626708984375,1.6269651651382446
691,80,gaussian,2,43,0.21875,0.484375,0.2916666666666667,1.0,1.5307849645614624,0.47434553503990173
692,80,gaussian,2,43,0.453125,0.3125,0.6041666666666666,1.0,3.256497383117676,1.1006330251693726
693,80,gaussian,2,43,0.265625,0.234375,0.3541666666666667,1.0,0.85257488489151,0.28262045979499817
694,80,gaussian,2,43,0.21875,0.453125,0.2916666666666667,1.0,1.2170841693878174,0.401117205619812
695,80,gaussian,2,43,0.234375,0.28125,0.3125,1.0,1.0218868255615234,0.3587852120399475
696,80,gaussian,2,43,0.25,0.484375,0.3333333333333333,1.0,0.970572829246521,0.35337498784065247
697,80,gaussian,2,43,0.40625,0.484375,0.5416666666666666,1.0,0.9108922481536865,0.30466875433921814
698,80,gaussian,2,43,0.25,0.3125,0.3333333333333333,1.0,1.6083201169967651,0.5167914032936096
699,80,gaussian,2,43,0.25,0.453125,0.3333333333333333,1.0,1.4028871059417725,0.43943655490875244
700,80,gaussian,2,43,0.203125,0.4375,0.2708333333333333,1.0,0.5252320766448975,0.16512297093868256
701,80,gaussian,2,43,0.21875,0.40625,0.2916666666666667,1.0,0.9206644296646118,0.28024470806121826
702,80,gaussian,2,43,0.296875,0.484375,0.3958333333333333,1.0,1.881770372390747,0.5787210464477539
703,80,gaussian,2,43,0.25,0.359375,0.3333333333333333,1.0,5.031505584716797,1.571365475654602
704,80,gaussian,2,43,0.21875,0.4375,0.2916666666666667,1.0,2.475301742553711,0.8125128149986267
705,80,gaussian,2,43,0.203125,0.453125,0.2708333333333333,1.0,2.0952296257019043,0.7080878019332886
706,80,gaussian,2,43,0.21875,0.421875,0.2916666666666667,1.0,1.5343263149261475,0.5173532962799072
707,80,gaussian,2,43,0.25,0.421875,0.3333333333333333,1.0,1.4486732482910156,0.4675210416316986
708,80,gaussian,2,43,0.21875,0.4375,0.2916666666666667,1.0,1.661041021347046,0.5558627843856812
709,80,gaussian,2,43,0.1875,0.4375,0.25,1.0,1.126721978187561,0.3747755289077759
710,80,gaussian,2,43,0.4375,0.484375,0.5833333333333334,1.0,2.5641748905181885,0.8528674840927124
711,80,gaussian,2,43,0.296875,0.40625,0.3958333333333333,1.0,0.5270282030105591,0.18667295575141907
712,80,gaussian,2,43,0.421875,0.421875,0.5625,1.0,1.3501513004302979,0.4445969760417938
713,80,gaussian,2,43,0.25,0.453125,0.3333333333333333,1.0,0.8359874486923218,0.27263331413269043
714,80,gaussian,2,43,0.234375,0.265625,0.3125,1.0,2.670501232147217,0.8235684037208557
715,80,gaussian,2,43,0.203125,0.359375,0.2708333333333333,1.0,0.4799764156341553,0.1772686392068863
716,80,gaussian,2,43,0.359375,0.421875,0.4791666666666667,1.0,1.6166009902954102,0.5618966817855835
717,80,gaussian,2,43,0.1875,0.4375,0.25,1.0,2.1268200874328613,0.6877457499504089
718,80,gaussian,2,43,0.375,0.34375,0.5,1.0,1.3820931911468506,0.48295530676841736
719,80,gaussian,2,43,0.46875,0.328125,0.625,1.0,7.408738613128662,2.371600866317749
720,80,gaussian,2,43,0.515625,0.484375,0.6875,1.0,0.7756237983703613,0.24677957594394684
721,80,gaussian,2,43,0.265625,0.296875,0.3541666666666667,1.0,0.367981880903244,0.11754301190376282
722,80,gaussian,2,43,0.421875,0.4375,0.5625,1.0,0.5625070333480835,0.19257260859012604
723,80,gaussian,2,43,0.328125,0.390625,0.4375,1.0,0.7121087312698364,0.24411211907863617
724,80,gaussian,2,43,0.484375,0.453125,0.6458333333333334,1.0,3.2386438846588135,1.0009459257125854
725,80,gaussian,2,43,0.46875,0.5,0.625,1.0,0.45186394453048706,0.14077597856521606
726,80,gaussian,2,43,0.53125,0.484375,0.7083333333333334,1.0,2.5601754188537598,0.7988640666007996
727,80,gaussian,2,43,0.4375,0.4375,0.5833333333333334,1.0,1.3401497602462769,0.4572293162345886
728,80,gaussian,2,43,0.265625,0.21875,0.3541666666666667,1.0,3.160618305206299,1.1218066215515137
729,80,gaussian,2,43,0.4375,0.3125,0.5833333333333334,1.0,3.1666836738586426,1.0529627799987793
730,80,gaussian,2,43,0.203125,0.4375,0.2708333333333333,1.0,2.129983901977539,0.7531091570854187
731,80,gaussian,2,43,0.203125,0.203125,0.4642857142857143,1.0,1.0233784914016724,0.2721274197101593
732,80,gaussian,2,43,0.203125,0.46875,0.2708333333333333,1.0,1.8995552062988281,0.6395135521888733
733,80,gaussian,2,43,0.25,0.40625,0.3333333333333333,1.0,1.4265482425689697,0.4529780149459839
734,80,gaussian,2,43,0.359375,0.40625,0.4791666666666667,1.0,0.5950247049331665,0.19945214688777924
735,80,gaussian,2,43,0.265625,0.203125,0.3541666666666667,1.0,3.1542177200317383,1.124537706375122
736,80,gaussian,2,43,0.25,0.46875,0.3333333333333333,1.0,1.0549967288970947,0.3427889049053192
737,80,gaussian,2,43,0.203125,0.171875,0.52,1.0,2.207749843597412,0.6309295296669006
738,80,gaussian,2,43,0.328125,0.3125,0.4375,1.0,3.6006429195404053,1.1892651319503784
739,80,gaussian,2,43,0.375,0.359375,0.5,1.0,0.8284049034118652,0.2822516858577728
740,80,gaussian,2,43,0.390625,0.4375,0.5208333333333334,1.0,1.1625721454620361,0.4225439727306366
741,80,gaussian,2,43,0.1875,0.421875,0.25,1.0,0.5268057584762573,0.16696549952030182
742,80,gaussian,2,43,0.25,0.25,0.3333333333333333,1.0,3.896744728088379,1.200033187866211
743,80,gaussian,2,43,0.296875,0.328125,0.3958333333333333,1.0,0.6067806482315063,0.1943030059337616
744,80,gaussian,2,43,0.234375,0.4375,0.3125,1.0,0.5303597450256348,0.17296068370342255
745,80,gaussian,2,43,0.203125,0.40625,0.2708333333333333,1.0,3.0085806846618652,0.995919406414032
746,80,gaussian,2,43,0.265625,0.28125,0.3541666666666667,1.0,1.0839706659317017,0.34462714195251465
747,80,gaussian,2,43,0.328125,0.375,0.4375,1.0,3.8978524208068848,1.4073519706726074
748,80,gaussian,2,43,0.40625,0.46875,0.5416666666666666,1.0,1.0249558687210083,0.367494136095047
749,80,gaussian,2,43,0.484375,0.46875,0.6458333333333334,1.0,3.236220598220825,1.0039191246032715
750,80,gaussian,2,43,0.25,0.28125,0.3333333333333333,1.0,2.121182441711426,0.629086971282959
751,80,gaussian,2,43,0.546875,0.171875,0.7291666666666666,1.0,0.38570520281791687,0.11834453791379929
752,80,gaussian,2,43,0.4375,0.34375,0.5833333333333334,1.0,2.770725727081299,0.9136058688163757
753,80,gaussian,2,43,0.25,0.4375,0.3333333333333333,1.0,0.6079132556915283,0.2100876420736313
754,80,gaussian,2,43,0.296875,0.328125,0.3958333333333333,1.0,3.5569210052490234,1.1186482906341553
755,80,gaussian,2,43,0.21875,0.234375,0.2916666666666667,1.0,3.5276904106140137,0.9986866116523743
756,80,gaussian,2,43,0.234375,0.453125,0.3125,1.0,1.7783658504486084,0.6003821492195129
757,80,gaussian,2,43,0.3125,0.40625,0.4166666666666667,1.0,4.460662364959717,1.5256032943725586
758,80,gaussian,2,43,0.21875,0.40625,0.2916666666666667,1.0,4.464108467102051,1.398193120956421
759,80,gaussian,2,43,0.328125,0.359375,0.4375,1.0,0.5054068565368652,0.1666748970746994
760,80,gaussian,2,43,0.3125,0.296875,0.4166666666666667,1.0,2.7732627391815186,0.8820640444755554
761,80,gaussian,2,43,0.21875,0.421875,0.2916666666666667,1.0,1.166320562362671,0.3807411193847656
762,80,gaussian,2,43,0.484375,0.515625,0.6458333333333334,1.0,1.396594524383545,0.43609198927879333
763,80,gaussian,2,43,0.46875,0.203125,0.625,1.0,1.65771484375,0.5235098600387573
764,80,gaussian,2,43,0.203125,0.453125,0.2708333333333333,1.0,2.0956687927246094,0.7173720002174377
765,80,gaussian,2,43,0.46875,0.359375,0.625,1.0,0.6880643367767334,0.23748552799224854
766,80,gaussian,2,43,0.109375,0.078125,0.14583333333333334,1.0,2.85807728767395,0.7550776600837708
767,80,gaussian,2,43,0.3125,0.3125,0.4166666666666667,1.0,2.135082483291626,0.7348931431770325
768,80,gaussian,2,43,0.25,0.421875,0.3333333333333333,1.0,1.4029661417007446,0.4448361098766327
769,80,gaussian,2,43,0.265625,0.296875,0.3541666666666667,1.0,1.3809300661087036,0.5204029679298401
770,80,gaussian,2,43,0.484375,0.5,0.6458333333333334,1.0,2.0786516666412354,0.6597863435745239
771,80,gaussian,2,43,0.3125,0.453125,0.4166666666666667,1.0,9.933510780334473,3.283993721008301
772,80,gaussian,2,43,0.15625,0.453125,0.20833333333333334,1.0,0.7772506475448608,0.2603764533996582
773,80,gaussian,2,43,0.203125,0.4375,0.2708333333333333,1.0,1.2535029649734497,0.39075636863708496
774,80,gaussian,2,43,0.265625,0.28125,0.3541666666666667,1.0,0.8910917639732361,0.2766851484775543
775,80,gaussian,2,43,0.390625,0.453125,0.5208333333333334,1.0,1.7571196556091309,0.6054089069366455
776,80,gaussian,2,43,0.25,0.453125,0.3333333333333333,1.0,0.8346171379089355,0.2760348320007324
777,80,gaussian,2,43,0.5625,0.15625,0.75,1.0,5.485886096954346,1.6783114671707153
778,80,gaussian,2,43,0.203125,0.453125,0.2708333333333333,1.0,1.857259750366211,0.6363633275032043
779,80,gaussian,2,43,0.390625,0.453125,0.5208333333333334,1.0,1.067482590675354,0.35902488231658936
780,80,gaussian,2,43,0.375,0.25,0.5,1.0,1.6700050830841064,0.6362488269805908
781,80,gaussian,2,43,0.28125,0.28125,0.375,1.0,5.079216003417969,1.6715654134750366
782,80,gaussian,2,43,0.375,0.34375,0.5,1.0,4.538095474243164,1.5948079824447632
783,80,gaussian,2,43,0.421875,0.4375,0.5625,1.0,0.7314038276672363,0.23759342730045319
784,80,gaussian,2,43,0.234375,0.265625,0.3125,1.0,2.670900344848633,0.8194282054901123
785,80,gaussian,2,43,0.234375,0.34375,0.3125,1.0,4.152509689331055,1.2968697547912598
786,80,gaussian,2,43,0.359375,0.421875,0.4791666666666667,1.0,3.2082982063293457,1.143588662147522
787,80,gaussian,2,43,0.25,0.453125,0.3333333333333333,1.0,1.3781328201293945,0.47630733251571655
788,80,gaussian,2,43,0.453125,0.5,0.6041666666666666,1.0,0.6473699808120728,0.200813889503479
789,80,gaussian,2,43,0.25,0.328125,0.3333333333333333,1.0,1.7670016288757324,0.5599835515022278
790,80,gaussian,2,43,0.25,0.359375,0.3333333333333333,1.0,5.029008865356445,1.5699691772460938
791,80,gaussian,2,43,0.25,0.421875,0.3333333333333333,1.0,1.448728084564209,0.47093072533607483
792,80,gaussian,2,43,0.21875,0.4375,0.2916666666666667,1.0,2.8416624069213867,0.8833011388778687
793,80,gaussian,2,43,0.53125,0.5,0.7083333333333334,1.0,0.6735333800315857,0.21628794074058533
794,80,gaussian,2,43,0.28125,0.40625,0.375,1.0,2.243906021118164,0.7208154201507568
795,80,gaussian,2,43,0.34375,0.453125,0.4583333333333333,1.0,2.420718193054199,0.7981187701225281
796,80,gaussian,2,43,0.34375,0.34375,0.4583333333333333,1.0,1.1104003190994263,0.38373056054115295
797,80,gaussian,2,43,0.296875,0.34375,0.3958333333333333,1.0,0.6079846620559692,0.19666703045368195
798,80,gaussian,2,43,0.234375,0.421875,0.3125,1.0,1.4448447227478027,0.4740408658981323
799,80,gaussian,2,43,0.375,0.28125,0.5,1.0,3.669985294342041,1.2560584545135498
800,80,gaussian,2,43,0.4375,0.3125,0.5833333333333334,1.0,3.1673085689544678,1.065609097480774
801,80,gaussian,2,43,0.375,0.328125,0.5,1.0,2.60038423538208,0.909349799156189
802,80,gaussian,2,43,0.109375,0.078125,0.4117647058823529,1.0,4.053950786590576,1.234476923942566
803,80,gaussian,2,43,0.453125,0.328125,0.6041666666666666,1.0,2.493936538696289,0.7914119362831116
804,80,gaussian,2,43,0.21875,0.390625,0.2916666666666667,1.0,3.763216495513916,1.3006057739257812
805,80,gaussian,2,43,0.1875,0.421875,0.25,1.0,2.1270813941955566,0.6956124305725098
806,80,gaussian,2,43,0.265625,0.28125,0.3541666666666667,1.0,0.30915746092796326,0.09482643008232117
807,80,gaussian,2,43,0.5,0.421875,0.6666666666666666,1.0,0.6523972749710083,0.2348388284444809
808,80,gaussian,2,43,0.484375,0.46875,0.6458333333333334,1.0,3.2363619804382324,0.9859637022018433
809,80,gaussian,2,43,0.265625,0.515625,0.3541666666666667,1.0,1.2090706825256348,0.3657657206058502
810,80,gaussian,2,43,0.203125,0.453125,0.2708333333333333,1.0,0.7041558623313904,0.22900797426700592
811,80,gaussian,2,43,0.265625,0.265625,0.3541666666666667,1.0,0.8928874731063843,0.27657243609428406
812,80,gaussian,2,43,0.25,0.453125,0.3333333333333333,1.0,1.4026732444763184,0.444342702627182
813,80,gaussian,2,43,0.21875,0.453125,0.2916666666666667,1.0,4.167323589324951,1.2266219854354858
814,80,gaussian,2,43,0.4375,0.375,0.5833333333333334,1.0,2.9185211658477783,0.9775518178939819
815,80,gaussian,2,43,0.234375,0.265625,0.3125,1.0,1.1496471166610718,0.33327633142471313
816,80,gaussian,2,43,0.3125,0.359375,0.4166666666666667,1.0,4.347079277038574,1.4828996658325195
817,80,gaussian,2,43,0.59375,0.125,0.7916666666666666,1.0,2.5026965141296387,0.6675249934196472
818,80,gaussian,2,43,0.359375,0.4375,0.4791666666666667,1.0,2.865908145904541,0.9982935190200806
819,80,gaussian,2,43,0.21875,0.453125,0.2916666666666667,1.0,1.41141939163208,0.4718695282936096
820,80,gaussian,2,43,0.171875,0.4375,0.22916666666666666,1.0,0.7753781080245972,0.2613454759120941
821,80,gaussian,2,43,0.1875,0.4375,0.25,1.0,1.1267271041870117,0.3752453923225403
822,80,gaussian,2,43,0.484375,0.484375,0.6458333333333334,1.0,1.3677030801773071,0.49267926812171936
823,80,gaussian,2,43,0.25,0.28125,0.3333333333333333,1.0,1.2928879261016846,0.3869951069355011
824,80,gaussian,2,43,0.203125,0.4375,0.2708333333333333,1.0,1.4361716508865356,0.47129592299461365
825,80,gaussian,2,43,0.375,0.328125,0.5,1.0,0.4840317666530609,0.1710246354341507
826,80,gaussian,2,43,0.34375,0.40625,0.4583333333333333,1.0,0.5948598384857178,0.2000201791524887
827,80,gaussian,2,43,0.171875,0.4375,0.22916666666666666,1.0,1.4030417203903198,0.47046807408332825
828,80,gaussian,2,43,0.15625,0.125,0.45454545454545453,1.0,1.3955681324005127,0.43325725197792053
829,80,gaussian,2,43,0.21875,0.453125,0.2916666666666667,1.0,1.2156827449798584,0.40205681324005127
830,80,gaussian,2,43,0.53125,0.40625,0.7083333333333334,1.0,2.2390847206115723,0.6702837347984314
831,80,gaussian,2,43,0.1875,0.453125,0.25,1.0,1.0649285316467285,0.3368079364299774
832,80,gaussian,2,43,0.265625,0.296875,0.3541666666666667,1.0,5.62270450592041,1.7635750770568848
833,80,gaussian,2,43,0.25,0.421875,0.3333333333333333,1.0,1.2387149333953857,0.41186827421188354
834,80,gaussian,2,43,0.46875,0.46875,0.625,1.0,1.8567290306091309,0.6260413527488708
835,80,gaussian,2,43,0.234375,0.46875,0.3125,1.0,0.7521229982376099,0.2345484495162964
836,80,gaussian,2,43,0.40625,0.46875,0.5416666666666666,1.0,1.2816593647003174,0.4400678873062134
837,80,gaussian,2,43,0.1875,0.4375,0.25,1.0,1.2739613056182861,0.3958543539047241
838,80,gaussian,2,43,0.21875,0.46875,0.2916666666666667,1.0,1.1753381490707397,0.3849119246006012
839,80,gaussian,2,43,0.359375,0.40625,0.4791666666666667,1.0,3.543578624725342,1.2662287950515747
840,80,gaussian,2,43,0.40625,0.4375,0.5416666666666666,1.0,0.7309207916259766,0.23434744775295258
841,80,gaussian,2,43,0.1875,0.4375,0.25,1.0,1.9210999011993408,0.6538061499595642
842,80,gaussian,2,43,0.234375,0.484375,0.3125,1.0,3.3169803619384766,1.175772786140442
843,80,gaussian,2,43,0.203125,0.4375,0.2708333333333333,1.0,0.704241156578064,0.22771000862121582
844,80,gaussian,2,43,0.15625,0.453125,0.20833333333333334,1.0,0.5046960115432739,0.14585433900356293
845,80,gaussian,2,43,0.46875,0.296875,0.625,1.0,2.643332004547119,0.9634292721748352
846,80,gaussian,2,43,0.28125,0.453125,0.375,1.0,2.4381747245788574,0.7793238162994385
847,80,gaussian,2,43,0.21875,0.40625,0.2916666666666667,1.0,3.257464647293091,1.013506531715393
848,80,gaussian,2,43,0.234375,0.21875,0.3125,1.0,0.6444716453552246,0.19514597952365875
849,80,gaussian,2,43,0.328125,0.4375,0.4375,1.0,3.0276827812194824,1.0306607484817505
850,80,gaussian,2,43,0.4375,0.375,0.5833333333333334,1.0,2.9182300567626953,0.9788593649864197
851,80,gaussian,2,43,0.234375,0.421875,0.3125,1.0,3.635113477706909,1.2023124694824219
852,80,gaussian,2,43,0.3125,0.359375,0.4166666666666667,1.0,3.390197277069092,1.086019515991211
853,80,gaussian,2,43,0.203125,0.390625,0.2708333333333333,1.0,2.9847331047058105,1.0846221446990967
854,80,gaussian,2,43,0.234375,0.328125,0.3125,1.0,3.0527191162109375,0.9716933369636536
855,80,gaussian,2,43,0.234375,0.40625,0.3125,1.0,0.7590285539627075,0.2467639297246933
856,80,gaussian,2,43,0.203125,0.4375,0.2708333333333333,1.0,1.4756762981414795,0.48728448152542114
857,80,gaussian,2,43,0.21875,0.203125,0.2916666666666667,1.0,1.0727126598358154,0.3134313225746155
858,80,gaussian,2,43,0.203125,0.453125,0.2708333333333333,1.0,2.091437578201294,0.7024233937263489
859,80,gaussian,2,43,0.59375,0.125,0.7916666666666666,1.0,1.4106988906860352,0.3773244023323059
860,80,gaussian,2,43,0.1875,0.4375,0.25,1.0,1.899055004119873,0.6063382029533386
861,80,gaussian,2,43,0.390625,0.453125,0.5208333333333334,1.0,1.1610742807388306,0.42019975185394287
862,80,gaussian,2,43,0.28125,0.5,0.375,1.0,4.20868444442749,1.2802560329437256
863,80,gaussian,2,43,0.203125,0.4375,0.2708333333333333,1.0,1.3051235675811768,0.45008447766304016
864,80,gaussian,2,43,0.53125,0.46875,0.7083333333333334,1.0,2.564821720123291,0.7831690907478333
865,80,gaussian,2,43,0.265625,0.234375,0.3541666666666667,1.0,0.8526133298873901,0.28223106265068054
866,80,gaussian,2,43,0.296875,0.328125,0.3958333333333333,1.0,0.6072536706924438,0.19424651563167572
867,80,gaussian,2,43,0.40625,0.453125,0.5416666666666666,1.0,1.823952078819275,0.6399484872817993
868,80,gaussian,2,43,0.1875,0.453125,0.25,1.0,1.5956143140792847,0.5045703053474426
869,80,gaussian,2,43,0.265625,0.25,0.3541666666666667,1.0,2.5259103775024414,0.8262037634849548
870,80,gaussian,2,43,0.484375,0.296875,0.6458333333333334,1.0,2.6382336616516113,0.9664494395256042
871,80,gaussian,2,43,0.21875,0.40625,0.2916666666666667,1.0,4.46566104888916,1.377643346786499
872,80,gaussian,2,43,0.34375,0.421875,0.4583333333333333,1.0,2.845475435256958,1.0259363651275635
873,80,gaussian,2,43,0.203125,0.4375,0.2708333333333333,1.0,1.9449293613433838,0.6717632412910461
874,80,gaussian,2,43,0.203125,0.4375,0.2708333333333333,1.0,1.8684046268463135,0.6423124670982361
875,80,gaussian,2,43,0.265625,0.453125,0.3541666666666667,1.0,1.4866911172866821,0.5028507709503174
876,80,gaussian,2,43,0.265625,0.28125,0.3541666666666667,1.0,4.817427635192871,1.4885445833206177
877,80,gaussian,2,43,0.46875,0.21875,0.625,1.0,1.6618328094482422,0.5304388999938965
878,80,gaussian,2,43,0.21875,0.421875,0.2916666666666667,1.0,1.0957794189453125,0.3737505376338959
879,80,gaussian,2,43,0.453125,0.5,0.6041666666666666,1.0,0.8571098446846008,0.2752251625061035
880,80,gaussian,2,43,0.515625,0.453125,0.6875,1.0,4.427791595458984,1.3923977613449097
881,80,gaussian,2,43,0.171875,0.15625,0.4230769230769231,1.0,2.3000075817108154,0.6627793312072754
882,80,gaussian,2,43,0.46875,0.484375,0.625,1.0,2.0774073600769043,0.6608629822731018
883,80,gaussian,2,43,0.203125,0.21875,0.6190476190476191,1.0,3.673288583755493,1.0546238422393799
884,80,gaussian,2,43,0.203125,0.46875,0.2708333333333333,1.0,0.9507936239242554,0.3244764506816864
885,80,gaussian,2,43,0.21875,0.375,0.2916666666666667,1.0,2.8685245513916016,0.8587108850479126
886,80,gaussian,2,43,0.25,0.421875,0.3333333333333333,1.0,1.261312484741211,0.41708406805992126
887,80,gaussian,2,43,0.296875,0.484375,0.3958333333333333,1.0,1.8813207149505615,0.575697660446167
888,80,gaussian,2,43,0.234375,0.46875,0.3125,1.0,1.614357352256775,0.5572133660316467
889,80,gaussian,2,43,0.21875,0.4375,0.2916666666666667,1.0,1.389014482498169,0.4646624028682709
890,80,gaussian,2,43,0.296875,0.484375,0.3958333333333333,1.0,1.8804854154586792,0.5730559229850769
891,80,gaussian,2,43,0.515625,0.3125,0.6875,1.0,2.247959613800049,0.7515227794647217
892,80,gaussian,2,43,0.203125,0.421875,0.2708333333333333,1.0,2.5828003883361816,0.8723716139793396
893,80,gaussian,2,43,0.328125,0.40625,0.4375,1.0,5.543181419372559,1.943524956703186
894,80,gaussian,2,43,0.359375,0.265625,0.4791666666666667,1.0,0.5993196964263916,0.2219872921705246
895,80,gaussian,2,43,0.203125,0.453125,0.2708333333333333,1.0,1.978381633758545,0.6725152730941772
896,80,gaussian,2,43,0.25,0.4375,0.3333333333333333,1.0,1.0456582307815552,0.32499101758003235
897,80,gaussian,2,43,0.171875,0.40625,0.22916666666666666,1.0,1.6028072834014893,0.4763892889022827
898,80,gaussian,2,43,0.546875,0.484375,0.7291666666666666,1.0,0.41334933042526245,0.11933881789445877
899,80,gaussian,2,43,0.21875,0.453125,0.2916666666666667,1.0,2.2770161628723145,0.7759239077568054
900,80,gaussian,2,43,0.21875,0.1875,0.2916666666666667,1.0,1.8668925762176514,0.5849729776382446
901,80,gaussian,2,43,0.421875,0.453125,0.5625,1.0,3.714616298675537,1.2380489110946655
902,80,gaussian,2,43,0.390625,0.46875,0.5208333333333334,1.0,0.3201688826084137,0.11053326725959778
903,80,gaussian,2,43,0.390625,0.453125,0.5208333333333334,1.0,1.860538363456726,0.6310746073722839
904,80,gaussian,2,43,0.453125,0.34375,0.6041666666666666,1.0,0.5691816806793213,0.18793094158172607
905,80,gaussian,2,43,0.34375,0.34375,0.4583333333333333,1.0,0.44129616022109985,0.14245076477527618
906,80,gaussian,2,43,0.078125,0.046875,0.4166666666666667,1.0,5.325931549072266,1.7733831405639648
907,80,gaussian,2,43,0.359375,0.4375,0.4791666666666667,1.0,2.84849214553833,1.0205554962158203
908,80,gaussian,2,43,0.1875,0.421875,0.25,1.0,1.4096577167510986,0.4686988890171051
909,80,gaussian,2,43,0.21875,0.4375,0.2916666666666667,1.0,1.667004108428955,0.5545684099197388
910,80,gaussian,2,43,0.34375,0.46875,0.4583333333333333,1.0,1.9720489978790283,0.6307771801948547
911,80,gaussian,2,43,0.203125,0.46875,0.2708333333333333,1.0,0.9513155221939087,0.3224503993988037
912,80,gaussian,2,43,0.375,0.28125,0.5,1.0,0.5989193320274353,0.21975544095039368
913,80,gaussian,2,43,0.203125,0.421875,0.2708333333333333,1.0,1.690670371055603,0.5164680480957031
914,80,gaussian,2,43,0.390625,0.4375,0.5208333333333334,1.0,3.5804457664489746,1.221170425415039
915,80,gaussian,2,43,0.234375,0.21875,0.3125,1.0,0.9514970183372498,0.2956031858921051
916,80,gaussian,2,43,0.21875,0.40625,0.2916666666666667,1.0,3.5118179321289062,1.0908377170562744
917,80,gaussian,2,43,0.328125,0.359375,0.4375,1.0,1.1985151767730713,0.3942028880119324
918,80,gaussian,2,43,0.140625,0.125,0.42857142857142855,1.0,0.8735362887382507,0.2562390863895416
919,80,gaussian,2,43,0.296875,0.296875,0.3958333333333333,1.0,1.2640397548675537,0.42472827434539795
920,80,gaussian,2,43,0.46875,0.328125,0.625,1.0,7.401744842529297,2.37127685546875
921,80,gaussian,2,43,0.359375,0.375,0.4791666666666667,1.0,1.4660465717315674,0.4807704985141754
922,80,gaussian,2,43,0.109375,0.09375,0.4666666666666667,1.0,2.174659490585327,0.7323108911514282
923,80,gaussian,2,43,0.234375,0.46875,0.3125,1.0,1.640306830406189,0.5611580610275269
924,80,gaussian,2,43,0.1875,0.453125,0.25,1.0,1.5961661338806152,0.4983907639980316
925,80,gaussian,2,43,0.203125,0.421875,0.2708333333333333,1.0,1.1657931804656982,0.380546510219574
926,80,gaussian,2,43,0.34375,0.28125,0.4583333333333333,1.0,4.122029781341553,1.3472378253936768
927,80,gaussian,2,43,0.25,0.296875,0.3333333333333333,1.0,4.069027900695801,1.2594387531280518
928,80,gaussian,2,43,0.53125,0.46875,0.7083333333333334,1.0,0.4137904644012451,0.12127932161092758
929,80,gaussian,2,43,0.21875,0.4375,0.2916666666666667,1.0,2.818026304244995,0.9189022779464722
930,80,gaussian,2,43,0.453125,0.484375,0.6041666666666666,1.0,1.2856411933898926,0.4169805943965912
931,80,gaussian,2,43,0.390625,0.453125,0.5208333333333334,1.0,0.3202208876609802,0.11065439134836197
932,80,gaussian,2,43,0.359375,0.375,0.4791666666666667,1.0,1.4659514427185059,0.47817856073379517
933,80,gaussian,2,43,0.4375,0.3125,0.5833333333333334,1.0,3.2571091651916504,1.0991570949554443
934,80,gaussian,2,43,0.21875,0.421875,0.2916666666666667,1.0,4.562554359436035,1.4282100200653076
935,80,gaussian,2,43,0.40625,0.453125,0.5416666666666666,1.0,1.8591938018798828,0.6354962587356567
936,80,gaussian,2,43,0.265625,0.328125,0.3541666666666667,1.0,2.3544230461120605,0.7556625008583069
937,80,gaussian,2,43,0.421875,0.46875,0.5625,1.0,3.5028669834136963,1.1231170892715454
938,80,gaussian,2,43,0.4375,0.375,0.5833333333333334,1.0,0.5645660758018494,0.17896459996700287
939,80,gaussian,2,43,0.28125,0.453125,0.375,1.0,1.017906904220581,0.3717533349990845
940,80,gaussian,2,43,0.171875,0.484375,0.22916666666666666,1.0,1.6261100769042969,0.5386577844619751
941,80,gaussian,2,43,0.390625,0.453125,0.5208333333333334,1.0,1.8240201473236084,0.6441787481307983
942,80,gaussian,2,43,0.25,0.46875,0.3333333333333333,1.0,5.326162338256836,1.8417738676071167
943,80,gaussian,2,43,0.203125,0.453125,0.2708333333333333,1.0,2.102102756500244,0.6825250387191772
944,80,gaussian,2,43,0.40625,0.453125,0.5416666666666666,1.0,1.596515417098999,0.5771752595901489
945,80,gaussian,2,43,0.53125,0.5,0.7083333333333334,1.0,0.7741959095001221,0.25139114260673523
946,80,gaussian,2,43,0.4375,0.328125,0.5833333333333334,1.0,0.5688672065734863,0.1842513531446457
947,80,gaussian,2,43,0.203125,0.171875,0.2708333333333333,1.0,0.7668646574020386,0.21482670307159424
948,80,gaussian,2,43,0.453125,0.484375,0.6041666666666666,1.0,1.2872198820114136,0.41669002175331116
949,80,gaussian,2,43,0.375,0.4375,0.5,1.0,2.4133317470550537,0.8580427169799805
950,80,gaussian,2,43,0.21875,0.4375,0.2916666666666667,1.0,1.0981241464614868,0.37483853101730347
951,80,gaussian,2,43,0.21875,0.421875,0.2916666666666667,1.0,1.0662569999694824,0.36211729049682617
952,80,gaussian,2,43,0.25,0.3125,0.3333333333333333,1.0,4.067963600158691,1.2632195949554443
953,80,gaussian,2,43,0.1875,0.390625,0.25,1.0,0.9634448885917664,0.2769452631473541
954,80,gaussian,2,43,0.234375,0.484375,0.3125,1.0,2.5314676761627197,0.7933850288391113
955,80,gaussian,2,43,0.21875,0.421875,0.2916666666666667,1.0,2.332430362701416,0.757887065410614
956,80,gaussian,2,43,0.359375,0.328125,0.4791666666666667,1.0,2.3023836612701416,0.7581572532653809
957,80,gaussian,2,43,0.5,0.46875,0.6666666666666666,1.0,3.23649263381958,0.9811273813247681
958,80,gaussian,2,43,0.125,0.125,0.16666666666666666,1.0,0.4294460415840149,0.12783677875995636
959,80,gaussian,2,43,0.328125,0.421875,0.4375,1.0,5.540299415588379,1.9511077404022217
960,80,gaussian,2,43,0.265625,0.4375,0.3541666666666667,1.0,1.3777847290039062,0.47139471769332886
961,80,gaussian,2,43,0.203125,0.421875,0.2708333333333333,1.0,2.6568775177001953,0.8265847563743591
962,80,gaussian,2,43,0.5,0.28125,0.6666666666666666,1.0,7.569355010986328,2.3429465293884277
963,80,gaussian,2,43,0.296875,0.46875,0.3958333333333333,1.0,1.8798846006393433,0.5763618350028992
964,80,gaussian,2,43,0.421875,0.4375,0.5625,1.0,0.7311084866523743,0.23607544600963593
965,80,gaussian,2,43,0.3125,0.3125,0.4166666666666667,1.0,1.8574422597885132,0.6464716792106628
966,80,gaussian,2,43,0.4375,0.3125,0.5833333333333334,1.0,2.587555408477783,0.8468217849731445
967,80,gaussian,2,43,0.3125,0.34375,0.4166666666666667,1.0,7.444775581359863,2.487243413925171
968,80,gaussian,2,43,0.21875,0.21875,0.56,1.0,1.397594690322876,0.43648970127105713
969,80,gaussian,2,43,0.265625,0.296875,0.3541666666666667,1.0,5.61575984954834,1.7939453125
970,80,gaussian,2,43,0.21875,0.4375,0.2916666666666667,1.0,1.9313325881958008,0.678051769733429
971,80,gaussian,2,43,0.34375,0.34375,0.4583333333333333,1.0,1.10892653465271,0.38257378339767456
972,80,gaussian,2,43,0.171875,0.359375,0.22916666666666666,1.0,1.0378470420837402,0.31945064663887024
973,80,gaussian,2,43,0.34375,0.46875,0.4583333333333333,1.0,1.9735850095748901,0.639214813709259
974,80,gaussian,2,43,0.1875,0.1875,0.41379310344827586,1.0,1.5414304733276367,0.47547829151153564
975,80,gaussian,2,43,0.328125,0.359375,0.4375,1.0,0.5054067373275757,0.16664059460163116
976,80,gaussian,2,43,0.328125,0.1875,0.4375,1.0,1.0621899366378784,0.3617134988307953
977,80,gaussian,2,43,0.25,0.46875,0.3333333333333333,1.0,1.3255846500396729,0.469367116689682
978,80,gaussian,2,43,0.21875,0.5,0.2916666666666667,1.0,6.223893165588379,1.989022135734558
979,80,gaussian,2,43,0.265625,0.28125,0.3541666666666667,1.0,4.814299583435059,1.4985758066177368
980,80,gaussian,2,43,0.234375,0.421875,0.3125,1.0,1.4733128547668457,0.489223450422287
981,80,gaussian,2,43,0.203125,0.203125,0.2708333333333333,1.0,4.351178169250488,1.27773118019104
982,80,gaussian,2,43,0.265625,0.421875,0.3541666666666667,1.0,8.756464004516602,2.864842653274536
983,80,gaussian,2,43,0.25,0.28125,0.3333333333333333,1.0,0.3092305064201355,0.09488147497177124
984,80,gaussian,2,43,0.484375,0.484375,0.6458333333333334,1.0,2.077448606491089,0.6654055118560791
985,80,gaussian,2,43,0.46875,0.28125,0.625,1.0,5.111359119415283,1.7381081581115723
986,80,gaussian,2,43,0.296875,0.453125,0.3958333333333333,1.0,1.5236576795578003,0.5256378650665283
987,80,gaussian,2,43,0.1875,0.421875,0.25,1.0,2.3610239028930664,0.7648671865463257
988,80,gaussian,2,43,0.3125,0.296875,0.4166666666666667,1.0,1.85642671585083,0.6513088345527649
989,80,gaussian,2,43,0.1875,0.4375,0.25,1.0,0.3827294111251831,0.12432646006345749
990,80,gaussian,2,43,0.5625,0.171875,0.75,1.0,5.446974754333496,1.686764121055603
991,80,gaussian,2,43,0.53125,0.3125,0.7083333333333334,1.0,2.2408080101013184,0.7523078322410583
992,80,gaussian,2,43,0.21875,0.421875,0.2916666666666667,1.0,2.5503482818603516,0.7599013447761536
993,80,gaussian,2,43,0.171875,0.15625,0.4230769230769231,1.0,2.29875111579895,0.6643966436386108
994,80,gaussian,2,43,0.109375,0.078125,0.4375,1.0,1.3737902641296387,0.4143920838832855
995,80,gaussian,2,43,0.21875,0.421875,0.2916666666666667,1.0,2.482642412185669,0.8034095168113708
996,80,gaussian,2,43,0.078125,0.046875,0.4166666666666667,1.0,2.3251850605010986,0.76754230260849
997,80,gaussian,2,43,0.1875,0.1875,0.41379310344827586,1.0,1.5431581735610962,0.46976834535598755
998,80,gaussian,2,43,0.390625,0.390625,0.5208333333333334,1.0,2.5097246170043945,0.8834302425384521
999,80,gaussian,2,43,0.375,0.328125,0.5,1.0,1.384167194366455,0.48831358551979065
0,120,gaussian,2,43,0.3125,0.140625,0.625,1.0,1.6601300239562988,0.5231876373291016
1,120,gaussian,2,43,0.15625,0.296875,0.3125,1.0,0.8343952894210815,0.2608872354030609
2,120,gaussian,2,43,0.140625,0.28125,0.28125,1.0,1.7149639129638672,0.5749242305755615
3,120,gaussian,2,43,0.1875,0.171875,0.375,1.0,1.1720716953277588,0.4033990800380707
4,120,gaussian,2,43,0.25,0.3125,0.5,1.0,1.0635381937026978,0.36311981081962585
5,120,gaussian,2,43,0.203125,0.3125,0.40625,1.0,0.9109408259391785,0.29066935181617737
6,120,gaussian,2,43,0.296875,0.203125,0.59375,1.0,3.2496371269226074,1.1021677255630493
7,120,gaussian,2,43,0.21875,0.234375,0.4375,1.0,7.416831016540527,2.492766857147217
8,120,gaussian,2,43,0.15625,0.1875,0.3125,1.0,2.118886709213257,0.6343156695365906
9,120,gaussian,2,43,0.296875,0.3125,0.59375,1.0,0.8557212948799133,0.2794182002544403
10,120,gaussian,2,43,0.25,0.171875,0.5,1.0,0.5976650714874268,0.22149884700775146
11,120,gaussian,2,43,0.140625,0.296875,0.28125,1.0,0.5889161229133606,0.17501330375671387
12,120,gaussian,2,43,0.171875,0.3125,0.34375,1.0,5.307506084442139,1.8274517059326172
13,120,gaussian,2,43,0.171875,0.203125,0.34375,1.0,1.6108062267303467,0.6221461296081543
14,120,gaussian,2,43,0.265625,0.296875,0.53125,1.0,0.3192824125289917,0.11039071530103683
15,120,gaussian,2,43,0.171875,0.28125,0.34375,1.0,1.0454256534576416,0.3284588158130646
16,120,gaussian,2,43,0.28125,0.3125,0.5625,1.0,3.502495765686035,1.1384011507034302
17,120,gaussian,2,43,0.171875,0.3125,0.34375,1.0,0.9702864289283752,0.35269999504089355
18,120,gaussian,2,43,0.234375,0.25,0.46875,1.0,1.4626336097717285,0.481052964925766
19,120,gaussian,2,43,0.25,0.265625,0.5,1.0,3.5614616870880127,1.211495041847229
20,120,gaussian,2,43,0.328125,0.125,0.65625,1.0,1.6489479541778564,0.5231876373291016
21,120,gaussian,2,43,0.234375,0.203125,0.46875,1.0,1.0766372680664062,0.3591555058956146
22,120,gaussian,2,43,0.171875,0.265625,0.34375,1.0,2.9324252605438232,0.9487687945365906
23,120,gaussian,2,43,0.34375,0.1875,0.6875,1.0,8.577280044555664,2.520333766937256
24,120,gaussian,2,43,0.25,0.1875,0.5,1.0,1.9010257720947266,0.6666581034660339
25,120,gaussian,2,43,0.140625,0.296875,0.28125,1.0,2.0891780853271484,0.7117182016372681
26,120,gaussian,2,43,0.328125,0.296875,0.65625,1.0,3.23763370513916,0.9900447130203247
27,120,gaussian,2,43,0.234375,0.203125,0.46875,1.0,1.2133742570877075,0.42931893467903137
28,120,gaussian,2,43,0.203125,0.25,0.40625,1.0,4.342039585113525,1.4841581583023071
29,120,gaussian,2,43,0.25,0.28125,0.5,1.0,2.412642478942871,0.8515648245811462
30,120,gaussian,2,43,0.140625,0.3125,0.28125,1.0,1.9024100303649902,0.6339000463485718
31,120,gaussian,2,43,0.25,0.09375,0.5,1.0,4.493243217468262,1.4915754795074463
32,120,gaussian,2,43,0.15625,0.3125,0.3125,1.0,1.3268966674804688,0.4652848243713379
33,120,gaussian,2,43,0.140625,0.296875,0.28125,1.0,1.3046185970306396,0.4494844675064087
34,120,gaussian,2,43,0.140625,0.28125,0.28125,1.0,2.5765700340270996,0.8640283346176147
35,120,gaussian,2,43,0.234375,0.28125,0.46875,1.0,1.3720214366912842,0.4592988193035126
36,120,gaussian,2,43,0.328125,0.34375,0.65625,1.0,1.5324320793151855,0.474712997674942
37,120,gaussian,2,43,0.328125,0.265625,0.65625,1.0,0.6522114276885986,0.23424117267131805
38,120,gaussian,2,43,0.171875,0.28125,0.34375,1.0,1.4464924335479736,0.4719803035259247
39,120,gaussian,2,43,0.25,0.28125,0.5,1.0,3.5636866092681885,1.211495041847229
40,120,gaussian,2,43,0.234375,0.296875,0.46875,1.0,2.10768461227417,0.7533960342407227
41,120,gaussian,2,43,0.125,0.28125,0.25,1.0,1.1220550537109375,0.3776940703392029
42,120,gaussian,2,43,0.15625,0.15625,0.3125,1.0,0.6413877010345459,0.19430938363075256
43,120,gaussian,2,43,0.171875,0.21875,0.34375,1.0,3.0810859203338623,0.9702222943305969
44,120,gaussian,2,43,0.125,0.3125,0.25,1.0,1.6261942386627197,0.5394808650016785
45,120,gaussian,2,43,0.15625,0.171875,0.3125,1.0,2.6666507720947266,0.8203055262565613
46,120,gaussian,2,43,0.21875,0.1875,0.4375,1.0,2.7766778469085693,0.8767605423927307
47,120,gaussian,2,43,0.140625,0.3125,0.28125,1.0,6.169568061828613,1.9795645475387573
48,120,gaussian,2,43,0.40625,0.078125,0.8125,1.0,1.3893213272094727,0.3746497333049774
49,120,gaussian,2,43,0.34375,0.15625,0.6875,1.0,3.6541693210601807,1.0623297691345215
50,120,gaussian,2,43,0.1875,0.1875,0.375,1.0,5.084870338439941,1.6708236932754517
51,120,gaussian,2,43,0.3125,0.125,0.625,1.0,1.6480889320373535,0.5231876373291016
52,120,gaussian,2,43,,,,0.0,0.12885411083698273,0.04516652971506119
53,120,gaussian,2,43,0.203125,0.3125,0.40625,1.0,4.5248122215271,1.5595147609710693
54,120,gaussian,2,43,0.15625,0.3125,0.3125,1.0,2.5317325592041016,0.7922422289848328
55,120,gaussian,2,43,0.125,0.28125,0.25,1.0,2.564805507659912,0.86402827501297
56,120,gaussian,2,43,0.34375,0.1875,0.6875,1.0,1.997036099433899,0.5805055499076843
57,120,gaussian,2,43,0.15625,0.28125,0.3125,1.0,1.0011825561523438,0.3011758625507355
58,120,gaussian,2,43,0.140625,0.265625,0.28125,1.0,2.1382484436035156,0.6977400183677673
59,120,gaussian,2,43,0.203125,0.25,0.40625,1.0,0.6071792244911194,0.19401869177818298
60,120,gaussian,2,43,0.140625,0.28125,0.28125,1.0,1.9196288585662842,0.6534308791160583
61,120,gaussian,2,43,0.265625,0.296875,0.53125,1.0,0.5623027086257935,0.19141052663326263
62,120,gaussian,2,43,0.203125,0.234375,0.40625,1.0,3.385873556137085,1.0932481288909912
63,120,gaussian,2,43,0.1875,0.3125,0.375,1.0,3.7319815158843994,1.1929211616516113
64,120,gaussian,2,43,0.25,0.296875,0.5,1.0,0.792365550994873,0.288053423166275
65,120,gaussian,2,43,0.359375,0.265625,0.71875,1.0,2.2326323986053467,0.6756995320320129
66,120,gaussian,2,43,0.1875,0.203125,0.375,1.0,4.0533366203308105,1.2177233695983887
67,120,gaussian,2,43,0.140625,0.296875,0.28125,1.0,2.2408559322357178,0.7199023962020874
68,120,gaussian,2,43,0.125,0.296875,0.25,1.0,2.3159067630767822,0.7450001239776611
69,120,gaussian,2,43,0.15625,0.28125,0.3125,1.0,2.6815550327301025,0.9313706755638123
70,120,gaussian,2,43,0.15625,0.296875,0.3125,1.0,1.3686633110046387,0.4630231559276581
71,120,gaussian,2,43,0.15625,0.3125,0.3125,1.0,3.313735008239746,1.170964241027832
72,120,gaussian,2,43,0.3125,0.328125,0.625,1.0,4.258910179138184,1.363714337348938
73,120,gaussian,2,43,0.34375,0.296875,0.6875,1.0,4.427855968475342,1.405126690864563
74,120,gaussian,2,43,0.21875,0.265625,0.4375,1.0,1.8858585357666016,0.6070054173469543
75,120,gaussian,2,43,0.15625,0.28125,0.3125,1.0,4.0097126960754395,1.1895338296890259
76,120,gaussian,2,43,0.25,0.296875,0.5,1.0,1.591394066810608,0.5762444734573364
77,120,gaussian,2,43,,,,0.0,0.22500856220722198,0.06881078332662582
78,120,gaussian,2,43,0.140625,0.296875,0.28125,1.0,0.5270999670028687,0.1734735369682312
79,120,gaussian,2,43,0.203125,0.296875,0.40625,1.0,3.3184406757354736,1.0579887628555298
80,120,gaussian,2,43,0.140625,0.296875,0.28125,1.0,0.6045159697532654,0.20015345513820648
81,120,gaussian,2,43,0.171875,0.21875,0.34375,1.0,3.0864171981811523,0.9702222943305969
82,120,gaussian,2,43,0.1875,0.1875,0.375,1.0,1.0813705921173096,0.34760817885398865
83,120,gaussian,2,43,0.3125,0.1875,0.625,1.0,5.107697486877441,1.7535512447357178
84,120,gaussian,2,43,0.109375,0.09375,0.21875,1.0,1.0134426355361938,0.2696886360645294
85,120,gaussian,2,43,0.25,0.1875,0.5,1.0,1.9002859592437744,0.6666580438613892
86,120,gaussian,2,43,0.25,0.21875,0.5,1.0,2.600891590118408,0.9091485738754272
87,120,gaussian,2,43,0.203125,0.21875,0.40625,1.0,2.0737805366516113,0.6795279383659363
88,120,gaussian,2,43,0.171875,0.203125,0.34375,1.0,0.43083319067955017,0.13612213730812073
89,120,gaussian,2,43,0.328125,0.265625,0.65625,1.0,0.6525007486343384,0.23424117267131805
90,120,gaussian,2,43,0.3125,0.078125,0.625,1.0,0.37752765417099,0.12015287578105927
91,120,gaussian,2,43,0.140625,0.28125,0.28125,1.0,2.679299831390381,0.9108952879905701
92,120,gaussian,2,43,0.171875,0.1875,0.34375,1.0,1.3829176425933838,0.5250359177589417
93,120,gaussian,2,43,0.140625,0.28125,0.28125,1.0,2.8231053352355957,0.9283621311187744
94,120,gaussian,2,43,0.296875,0.3125,0.59375,1.0,3.0157690048217773,1.0934052467346191
95,120,gaussian,2,43,0.171875,0.296875,0.34375,1.0,1.8103485107421875,0.6248212456703186
96,120,gaussian,2,43,0.3125,0.3125,0.625,1.0,1.36575186252594,0.4954480826854706
97,120,gaussian,2,43,0.140625,0.296875,0.28125,1.0,0.9565395712852478,0.3425488770008087
98,120,gaussian,2,43,0.1875,0.1875,0.375,1.0,4.059521675109863,1.2177233695983887
99,120,gaussian,2,43,0.15625,0.3125,0.3125,1.0,3.3160037994384766,1.170964241027832
100,120,gaussian,2,43,0.21875,0.1875,0.4375,1.0,4.11087703704834,1.361182689666748
101,120,gaussian,2,43,0.109375,0.25,0.21875,1.0,0.6309995055198669,0.18576037883758545
102,120,gaussian,2,43,0.15625,0.265625,0.3125,1.0,4.486494541168213,1.479388952255249
103,120,gaussian,2,43,0.125,0.3125,0.25,1.0,2.135877847671509,0.7500565648078918
104,120,gaussian,2,43,0.296875,0.21875,0.59375,1.0,0.5694960355758667,0.18576236069202423
105,120,gaussian,2,43,0.171875,0.296875,0.34375,1.0,0.7883925437927246,0.2597644329071045
106,120,gaussian,2,43,0.140625,0.296875,0.28125,1.0,0.7604776620864868,0.22573041915893555
107,120,gaussian,2,43,0.1875,0.328125,0.375,1.0,2.407958984375,0.7872457504272461
108,120,gaussian,2,43,0.359375,0.328125,0.71875,1.0,1.4297385215759277,0.4415135085582733
109,120,gaussian,2,43,0.125,0.28125,0.25,1.0,1.8859074115753174,0.6048243641853333
110,120,gaussian,2,43,0.15625,0.3125,0.3125,1.0,1.6126055717468262,0.553163468837738
111,120,gaussian,2,43,0.125,0.140625,0.25,1.0,0.8047921657562256,0.23383140563964844
112,120,gaussian,2,43,0.296875,0.25,0.59375,1.0,0.5632997155189514,0.1800454556941986
113,120,gaussian,2,43,0.1875,0.21875,0.375,1.0,2.524381160736084,0.8233598470687866
114,120,gaussian,2,43,0.234375,0.296875,0.46875,1.0,2.8423173427581787,0.9182145595550537
115,120,gaussian,2,43,0.265625,0.28125,0.53125,1.0,1.0499414205551147,0.36309218406677246
116,120,gaussian,2,43,0.125,0.296875,0.25,1.0,0.5218056440353394,0.16698996722698212
117,120,gaussian,2,43,0.3125,0.1875,0.625,1.0,0.4894530177116394,0.16110947728157043
118,120,gaussian,2,43,0.203125,0.3125,0.40625,1.0,9.01925277709961,2.9258551597595215
119,120,gaussian,2,43,0.25,0.28125,0.5,1.0,3.2087979316711426,1.1528960466384888
120,120,gaussian,2,43,0.109375,0.328125,0.21875,1.0,3.740464687347412,1.1776632070541382
121,120,gaussian,2,43,0.3125,0.28125,0.625,1.0,0.6922584772109985,0.22239011526107788
122,120,gaussian,2,43,0.1875,0.203125,0.375,1.0,0.43193402886390686,0.13612212240695953
123,120,gaussian,2,43,0.21875,0.1875,0.4375,1.0,1.8536890745162964,0.6491838693618774
124,120,gaussian,2,43,0.140625,0.15625,0.28125,1.0,0.8119052648544312,0.23383140563964844
125,120,gaussian,2,43,0.109375,0.296875,0.21875,1.0,1.5767643451690674,0.4997066259384155
126,120,gaussian,2,43,0.140625,0.28125,0.28125,1.0,2.686413288116455,0.8884632587432861
127,120,gaussian,2,43,0.21875,0.234375,0.4375,1.0,1.1962058544158936,0.39729395508766174
128,120,gaussian,2,43,0.375,0.125,0.75,1.0,1.397735357284546,0.4344961643218994
129,120,gaussian,2,43,0.140625,0.296875,0.28125,1.0,1.1788557767868042,0.42479556798934937
130,120,gaussian,2,43,0.25,0.09375,0.5,1.0,4.475389003753662,1.4915754795074463
131,120,gaussian,2,43,0.234375,0.203125,0.46875,1.0,0.4651751220226288,0.1778789609670639
132,120,gaussian,2,43,0.203125,0.21875,0.40625,1.0,3.889558792114258,1.293604850769043
133,120,gaussian,2,43,0.21875,0.28125,0.4375,1.0,4.447292327880859,1.5098814964294434
134,120,gaussian,2,43,0.15625,0.328125,0.3125,1.0,3.317330837249756,1.170964241027832
135,120,gaussian,2,43,0.171875,0.296875,0.34375,1.0,1.809455394744873,0.6248212456703186
136,120,gaussian,2,43,0.21875,0.234375,0.4375,1.0,1.232314109802246,0.42896366119384766
137,120,gaussian,2,43,0.375,0.3125,0.75,1.0,4.017380237579346,1.360612154006958
138,120,gaussian,2,43,0.125,0.28125,0.25,1.0,1.126101016998291,0.3776940703392029
139,120,gaussian,2,43,0.1875,0.328125,0.375,1.0,1.199961543083191,0.360614538192749
140,120,gaussian,2,43,0.171875,0.1875,0.34375,1.0,2.115116596221924,0.6343156099319458
141,120,gaussian,2,43,0.21875,0.296875,0.4375,1.0,1.372000813484192,0.4492948353290558
142,120,gaussian,2,43,0.1875,0.3125,0.375,1.0,3.7257771492004395,1.1929211616516113
143,120,gaussian,2,43,0.265625,0.28125,0.53125,1.0,1.0511503219604492,0.36309218406677246
144,120,gaussian,2,43,0.140625,0.28125,0.28125,1.0,2.547102689743042,0.7509703040122986
145,120,gaussian,2,43,0.234375,0.296875,0.46875,1.0,0.856165885925293,0.29862213134765625
146,120,gaussian,2,43,0.15625,0.1875,0.3125,1.0,1.282837152481079,0.3878043293952942
147,120,gaussian,2,43,0.125,0.109375,0.25,1.0,2.195488452911377,0.6390909552574158
148,120,gaussian,2,43,0.1875,0.265625,0.375,1.0,6.441515922546387,2.1031696796417236
149,120,gaussian,2,43,0.203125,0.171875,0.40625,1.0,3.2233147621154785,1.0773271322250366
150,120,gaussian,2,43,0.171875,0.28125,0.34375,1.0,1.723333477973938,0.5499485731124878
151,120,gaussian,2,43,0.171875,0.21875,0.34375,1.0,3.084322690963745,0.9702222943305969
152,120,gaussian,2,43,0.140625,0.28125,0.28125,1.0,2.5542917251586914,0.7509703040122986
153,120,gaussian,2,43,0.25,0.296875,0.5,1.0,0.9705013632774353,0.32613465189933777
154,120,gaussian,2,43,0.21875,0.109375,0.4375,1.0,1.0628957748413086,0.35948002338409424
155,120,gaussian,2,43,0.3125,0.296875,0.625,1.0,2.5911660194396973,0.8968366384506226
156,120,gaussian,2,43,0.3125,0.25,0.625,1.0,0.6857702732086182,0.23660507798194885
157,120,gaussian,2,43,0.125,0.28125,0.25,1.0,2.994211196899414,0.9703567624092102
158,120,gaussian,2,43,0.234375,0.265625,0.46875,1.0,0.8388693332672119,0.2997477948665619
159,120,gaussian,2,43,0.1875,0.25,0.375,1.0,6.442126750946045,2.1031696796417236
160,120,gaussian,2,43,0.1875,0.1875,0.375,1.0,4.0486555099487305,1.2177233695983887
161,120,gaussian,2,43,0.3125,0.125,0.625,1.0,0.36284440755844116,0.11234107613563538
162,120,gaussian,2,43,0.140625,0.140625,0.28125,1.0,0.7668538093566895,0.21456196904182434
163,120,gaussian,2,43,0.203125,0.203125,0.40625,1.0,1.8572713136672974,0.6491838693618774
164,120,gaussian,2,43,0.25,0.171875,0.5,1.0,1.8992139101028442,0.6666581034660339
165,120,gaussian,2,43,0.125,0.296875,0.25,1.0,1.7350023984909058,0.5771300792694092
166,120,gaussian,2,43,0.265625,0.296875,0.53125,1.0,2.422441005706787,0.8033801913261414
167,120,gaussian,2,43,0.1875,0.296875,0.375,1.0,1.5058984756469727,0.48046115040779114
168,120,gaussian,2,43,0.15625,0.28125,0.3125,1.0,1.4069547653198242,0.44864195585250854
169,120,gaussian,2,43,0.15625,0.28125,0.3125,1.0,1.5342133045196533,0.5170797109603882
170,120,gaussian,2,43,0.21875,0.296875,0.4375,1.0,2.8253560066223145,0.9182146191596985
171,120,gaussian,2,43,0.21875,0.25,0.4375,1.0,2.4966301918029785,0.8251432180404663
172,120,gaussian,2,43,0.25,0.171875,0.5,1.0,3.6628236770629883,1.2584283351898193
173,120,gaussian,2,43,0.25,0.21875,0.5,1.0,2.601080894470215,0.9091485738754272
174,120,gaussian,2,43,0.171875,0.21875,0.34375,1.0,3.05228590965271,0.9799142479896545
175,120,gaussian,2,43,0.25,0.171875,0.5,1.0,1.8985896110534668,0.6666581034660339
176,120,gaussian,2,43,0.28125,0.28125,0.5625,1.0,0.562484622001648,0.19141052663326263
177,120,gaussian,2,43,0.171875,0.21875,0.34375,1.0,0.40104439854621887,0.12525518238544464
178,120,gaussian,2,43,0.21875,0.203125,0.4375,1.0,3.5868287086486816,1.1965460777282715
179,120,gaussian,2,43,0.171875,0.1875,0.34375,1.0,1.0024627447128296,0.3570486605167389
180,120,gaussian,2,43,0.328125,0.15625,0.65625,1.0,2.448287010192871,0.7368159890174866
181,120,gaussian,2,43,0.203125,0.203125,0.40625,1.0,3.588369846343994,1.1965460777282715
182,120,gaussian,2,43,0.15625,0.28125,0.3125,1.0,2.731386184692383,0.8739084005355835
183,120,gaussian,2,43,0.203125,0.3125,0.40625,1.0,1.5211503505706787,0.5216891765594482
184,120,gaussian,2,43,0.234375,0.265625,0.46875,1.0,0.6409116983413696,0.21260769665241241
185,120,gaussian,2,43,0.171875,0.265625,0.34375,1.0,3.4327025413513184,1.0842502117156982
186,120,gaussian,2,43,0.359375,0.328125,0.71875,1.0,1.424295425415039,0.4415134787559509
187,120,gaussian,2,43,0.140625,0.234375,0.28125,1.0,0.44358158111572266,0.12690606713294983
188,120,gaussian,2,43,0.1875,0.171875,0.375,1.0,1.170395016670227,0.4033990800380707
189,120,gaussian,2,43,0.1875,0.21875,0.375,1.0,4.362078666687012,1.413055181503296
190,120,gaussian,2,43,0.140625,0.296875,0.28125,1.0,1.3019828796386719,0.4494844675064087
191,120,gaussian,2,43,0.1875,0.140625,0.375,1.0,1.7234179973602295,0.6009218096733093
192,120,gaussian,2,43,0.140625,0.296875,0.28125,1.0,1.4376862049102783,0.47339949011802673
193,120,gaussian,2,43,0.140625,0.15625,0.28125,1.0,0.7893013954162598,0.23061375319957733
194,120,gaussian,2,43,0.25,0.171875,0.5,1.0,5.023324012756348,1.7404725551605225
195,120,gaussian,2,43,0.1875,0.1875,0.375,1.0,1.3737126588821411,0.41458743810653687
196,120,gaussian,2,43,0.28125,0.28125,0.5625,1.0,0.7316420078277588,0.2363092452287674
197,120,gaussian,2,43,0.265625,0.140625,0.53125,1.0,2.2567756175994873,0.7744161486625671
198,120,gaussian,2,43,0.125,0.296875,0.25,1.0,2.1215662956237793,0.746738076210022
199,120,gaussian,2,43,0.25,0.296875,0.5,1.0,1.8156511783599854,0.6392968893051147
200,120,gaussian,2,43,0.140625,0.28125,0.28125,1.0,0.9707436561584473,0.3148643672466278
201,120,gaussian,2,43,0.28125,0.296875,0.5625,1.0,3.7177693843841553,1.253004550933838
202,120,gaussian,2,43,0.28125,0.296875,0.5625,1.0,1.0793190002441406,0.347718745470047
203,120,gaussian,2,43,0.1875,0.328125,0.375,1.0,2.4040796756744385,0.7872457504272461
204,120,gaussian,2,43,0.234375,0.265625,0.46875,1.0,0.7105873823165894,0.24498052895069122
205,120,gaussian,2,43,0.15625,0.21875,0.3125,1.0,4.154825210571289,1.295982837677002
206,120,gaussian,2,43,0.25,0.1875,0.5,1.0,3.670767068862915,1.2584283351898193
207,120,gaussian,2,43,0.109375,0.078125,0.21875,1.0,1.0195984840393066,0.2696886658668518
208,120,gaussian,2,43,0.171875,0.140625,0.34375,1.0,3.1471991539001465,1.1166990995407104
209,120,gaussian,2,43,0.15625,0.234375,0.3125,1.0,2.852897882461548,0.8629804253578186
210,120,gaussian,2,43,0.15625,0.296875,0.3125,1.0,1.2090823650360107,0.39916008710861206
211,120,gaussian,2,43,0.34375,0.1875,0.6875,1.0,7.560056209564209,2.3583710193634033
212,120,gaussian,2,43,0.171875,0.296875,0.34375,1.0,1.3772830963134766,0.4714202284812927
213,120,gaussian,2,43,0.15625,0.3125,0.3125,1.0,1.9180634021759033,0.638951301574707
214,120,gaussian,2,43,0.359375,0.125,0.71875,1.0,1.386164665222168,0.434496134519577
215,120,gaussian,2,43,0.3125,0.3125,0.625,1.0,1.3626635074615479,0.4954480826854706
216,120,gaussian,2,43,0.125,0.234375,0.25,1.0,1.0394142866134644,0.3165014386177063
217,120,gaussian,2,43,0.234375,0.296875,0.46875,1.0,2.8367347717285156,0.9182145595550537
218,120,gaussian,2,43,0.3125,0.140625,0.625,1.0,0.3392176926136017,0.12665414810180664
219,120,gaussian,2,43,0.296875,0.234375,0.59375,1.0,2.9190001487731934,0.9781783223152161
220,120,gaussian,2,43,0.140625,0.28125,0.28125,1.0,1.6862895488739014,0.5224923491477966
221,120,gaussian,2,43,0.234375,0.28125,0.46875,1.0,3.2014365196228027,1.1528959274291992
222,120,gaussian,2,43,0.15625,0.234375,0.3125,1.0,5.014891624450684,1.5789523124694824
223,120,gaussian,2,43,0.21875,0.25,0.4375,1.0,1.2348964214324951,0.42896366119384766
224,120,gaussian,2,43,0.3125,0.328125,0.625,1.0,0.8525576591491699,0.2794182002544403
225,120,gaussian,2,43,0.1875,0.25,0.375,1.0,3.4076619148254395,1.0842502117156982
226,120,gaussian,2,43,0.15625,0.296875,0.3125,1.0,1.6403539180755615,0.5606237649917603
227,120,gaussian,2,43,0.140625,0.28125,0.28125,1.0,1.4732098579406738,0.49143606424331665
228,120,gaussian,2,43,0.3125,0.328125,0.625,1.0,0.8525784015655518,0.2794182002544403
229,120,gaussian,2,43,0.28125,0.3125,0.5625,1.0,4.465549945831299,1.5776116847991943
230,120,gaussian,2,43,0.34375,0.125,0.6875,1.0,16.719532012939453,5.016289234161377
231,120,gaussian,2,43,0.15625,0.15625,0.3125,1.0,3.508246421813965,1.0075823068618774
232,120,gaussian,2,43,0.375,0.09375,0.75,1.0,5.482874393463135,1.674352765083313
233,120,gaussian,2,43,0.15625,0.140625,0.3125,1.0,0.7949364185333252,0.23061375319957733
234,120,gaussian,2,43,0.171875,0.1875,0.34375,1.0,1.082564115524292,0.34760817885398865
235,120,gaussian,2,43,0.15625,0.15625,0.3125,1.0,0.7937999367713928,0.23061375319957733
236,120,gaussian,2,43,0.28125,0.3125,0.5625,1.0,3.0120747089385986,1.0934052467346191
237,120,gaussian,2,43,0.1875,0.21875,0.375,1.0,0.60475754737854,0.19425180554389954
238,120,gaussian,2,43,0.125,0.109375,0.25,1.0,0.7703198790550232,0.2155350297689438
239,120,gaussian,2,43,0.296875,0.328125,0.59375,1.0,1.0494245290756226,0.3563414216041565
240,120,gaussian,2,43,0.15625,0.265625,0.3125,1.0,4.130335807800293,1.3057221174240112
241,120,gaussian,2,43,0.171875,0.25,0.34375,1.0,5.018503665924072,1.5789521932601929
242,120,gaussian,2,43,0.265625,0.296875,0.53125,1.0,1.855553150177002,0.6339029669761658
243,120,gaussian,2,43,0.375,0.3125,0.75,1.0,6.1050496101379395,2.162700891494751
244,120,gaussian,2,43,0.203125,0.265625,0.40625,1.0,4.452409744262695,1.5098814964294434
245,120,gaussian,2,43,0.203125,0.265625,0.40625,1.0,0.527523398399353,0.185093954205513
246,120,gaussian,2,43,,,,0.0,0.22047868371009827,0.07538868486881256
247,120,gaussian,2,43,0.125,0.265625,0.25,1.0,0.9541462659835815,0.2741938829421997
248,120,gaussian,2,43,0.15625,0.3125,0.3125,1.0,1.6167645454406738,0.5531634092330933
249,120,gaussian,2,43,0.203125,0.21875,0.40625,1.0,2.131070375442505,0.7363475561141968
250,120,gaussian,2,43,0.296875,0.328125,0.59375,1.0,1.2889931201934814,0.41629496216773987
251,120,gaussian,2,43,0.140625,0.3125,0.28125,1.0,1.611733078956604,0.46220389008522034
252,120,gaussian,2,43,0.234375,0.234375,0.46875,1.0,1.1089705228805542,0.3843989670276642
253,120,gaussian,2,43,0.171875,0.15625,0.34375,1.0,3.763434410095215,1.2106021642684937
254,120,gaussian,2,43,0.171875,0.21875,0.34375,1.0,2.345341682434082,0.7546727657318115
255,120,gaussian,2,43,0.140625,0.296875,0.28125,1.0,1.6942123174667358,0.5884543061256409
256,120,gaussian,2,43,0.125,0.28125,0.25,1.0,1.6014454364776611,0.4710089862346649
257,120,gaussian,2,43,0.15625,0.296875,0.3125,1.0,0.8330235481262207,0.2608872354030609
258,120,gaussian,2,43,0.296875,0.1875,0.59375,1.0,5.091743469238281,1.7535512447357178
259,120,gaussian,2,43,0.203125,0.296875,0.40625,1.0,5.952094554901123,1.9825491905212402
260,120,gaussian,2,43,0.140625,0.25,0.28125,1.0,3.251861572265625,1.0093833208084106
261,120,gaussian,2,43,0.265625,0.296875,0.53125,1.0,1.598567247390747,0.5762444734573364
262,120,gaussian,2,43,0.34375,0.328125,0.6875,1.0,2.287088632583618,0.6668815612792969
263,120,gaussian,2,43,0.171875,0.296875,0.34375,1.0,1.39725661277771,0.44515538215637207
264,120,gaussian,2,43,0.140625,0.296875,0.28125,1.0,0.9680386781692505,0.3148643672466278
265,120,gaussian,2,43,0.140625,0.296875,0.28125,1.0,0.5901430249214172,0.17501330375671387
266,120,gaussian,2,43,0.296875,0.25,0.59375,1.0,2.917107582092285,0.9781783223152161
267,120,gaussian,2,43,0.25,0.28125,0.5,1.0,3.560457706451416,1.211495041847229
268,120,gaussian,2,43,0.34375,0.3125,0.6875,1.0,1.4247926473617554,0.4415134787559509
269,120,gaussian,2,43,0.265625,0.3125,0.53125,1.0,3.497316837310791,1.1384011507034302
270,120,gaussian,2,43,0.1875,0.203125,0.375,1.0,0.4316912293434143,0.13612212240695953
271,120,gaussian,2,43,0.234375,0.28125,0.46875,1.0,0.8558096885681152,0.29862213134765625
272,120,gaussian,2,43,0.34375,0.1875,0.6875,1.0,1.9988760948181152,0.5805055499076843
273,120,gaussian,2,43,0.3125,0.140625,0.625,1.0,1.6563689708709717,0.5231876373291016
274,120,gaussian,2,43,0.171875,0.1875,0.34375,1.0,2.175689935684204,0.7318846583366394
275,120,gaussian,2,43,0.328125,0.15625,0.65625,1.0,2.7037620544433594,0.8274307250976562
276,120,gaussian,2,43,0.1875,0.296875,0.375,1.0,5.940659523010254,1.9825491905212402
277,120,gaussian,2,43,0.203125,0.234375,0.40625,1.0,3.251613140106201,1.098880648612976
278,120,gaussian,2,43,0.265625,0.25,0.53125,1.0,2.512697458267212,0.8828312158584595
279,120,gaussian,2,43,0.109375,0.109375,0.21875,1.0,5.334349155426025,1.43831467628479
280,120,gaussian,2,43,0.21875,0.125,0.4375,1.0,1.0638245344161987,0.35948002338409424
281,120,gaussian,2,43,0.34375,0.3125,0.6875,1.0,1.4253848791122437,0.4415134787559509
282,120,gaussian,2,43,0.28125,0.3125,0.5625,1.0,4.46733283996582,1.5776116847991943
283,120,gaussian,2,43,0.171875,0.203125,0.34375,1.0,3.0552196502685547,0.9799142479896545
284,120,gaussian,2,43,0.3125,0.34375,0.625,1.0,1.5357177257537842,0.474712997674942
285,120,gaussian,2,43,0.328125,0.328125,0.65625,1.0,4.264065265655518,1.363714337348938
286,120,gaussian,2,43,0.171875,0.234375,0.34375,1.0,4.145544052124023,1.295982837677002
287,120,gaussian,2,43,0.109375,0.078125,0.21875,1.0,1.0197995901107788,0.2696886360645294
288,120,gaussian,2,43,0.15625,0.296875,0.3125,1.0,0.9238276481628418,0.27653172612190247
289,120,gaussian,2,43,0.296875,0.1875,0.59375,1.0,3.2613158226013184,1.1021677255630493
290,120,gaussian,2,43,0.125,0.28125,0.25,1.0,1.0664217472076416,0.3656551241874695
291,120,gaussian,2,43,0.21875,0.125,0.4375,1.0,1.063833236694336,0.35948002338409424
292,120,gaussian,2,43,0.3125,0.21875,0.625,1.0,2.9085397720336914,1.0484205484390259
293,120,gaussian,2,43,0.265625,0.296875,0.53125,1.0,1.025564193725586,0.36950594186782837
294,120,gaussian,2,43,0.203125,0.328125,0.40625,1.0,3.0063016414642334,0.995097279548645
295,120,gaussian,2,43,0.1875,0.171875,0.375,1.0,0.8883637189865112,0.2798192799091339
296,120,gaussian,2,43,0.359375,0.3125,0.71875,1.0,0.41411006450653076,0.1197192594408989
297,120,gaussian,2,43,0.140625,0.3125,0.28125,1.0,1.5313310623168945,0.47872528433799744
298,120,gaussian,2,43,0.34375,0.328125,0.6875,1.0,2.2970430850982666,0.6668815612792969
299,120,gaussian,2,43,0.265625,0.265625,0.53125,1.0,2.970597267150879,0.9870994091033936
300,120,gaussian,2,43,0.234375,0.296875,0.46875,1.0,2.1144354343414307,0.7533960342407227
301,120,gaussian,2,43,0.125,0.25,0.25,1.0,2.967684268951416,1.0892119407653809
302,120,gaussian,2,43,0.34375,0.125,0.6875,1.0,16.68498992919922,5.016289234161377
303,120,gaussian,2,43,0.140625,0.28125,0.28125,1.0,1.0653185844421387,0.3620012700557709
304,120,gaussian,2,43,0.328125,0.171875,0.65625,1.0,1.895972490310669,0.5558234453201294
305,120,gaussian,2,43,0.171875,0.28125,0.34375,1.0,8.761656761169434,2.8672471046447754
306,120,gaussian,2,43,0.15625,0.171875,0.3125,1.0,3.7561869621276855,1.2106021642684937
307,120,gaussian,2,43,0.140625,0.28125,0.28125,1.0,3.021373748779297,0.9913825392723083
308,120,gaussian,2,43,0.25,0.234375,0.5,1.0,1.2673397064208984,0.4525933265686035
309,120,gaussian,2,43,0.296875,0.3125,0.59375,1.0,2.5254945755004883,0.8650389313697815
310,120,gaussian,2,43,0.171875,0.1875,0.34375,1.0,0.30814921855926514,0.09351354092359543
311,120,gaussian,2,43,0.3125,0.328125,0.625,1.0,0.6470504999160767,0.20054972171783447
312,120,gaussian,2,43,0.34375,0.171875,0.6875,1.0,2.2910120487213135,0.6668815612792969
313,120,gaussian,2,43,0.328125,0.34375,0.65625,1.0,1.5373752117156982,0.474712997674942
314,120,gaussian,2,43,0.34375,0.1875,0.6875,1.0,1.8867309093475342,0.5558234453201294
315,120,gaussian,2,43,0.203125,0.140625,0.40625,1.0,2.981372117996216,1.0071942806243896
316,120,gaussian,2,43,0.3125,0.328125,0.625,1.0,1.3918571472167969,0.44276684522628784
317,120,gaussian,2,43,0.1875,0.1875,0.375,1.0,1.1733362674713135,0.4033990800380707
318,120,gaussian,2,43,0.109375,0.296875,0.21875,1.0,0.5027704834938049,0.14594750106334686
319,120,gaussian,2,43,0.34375,0.15625,0.6875,1.0,1.3165867328643799,0.38431140780448914
320,120,gaussian,2,43,0.171875,0.265625,0.34375,1.0,1.4208474159240723,0.4539114534854889
321,120,gaussian,2,43,0.328125,0.265625,0.65625,1.0,0.6512247920036316,0.23424117267131805
322,120,gaussian,2,43,0.203125,0.203125,0.40625,1.0,3.58805513381958,1.1965460777282715
323,120,gaussian,2,43,0.265625,0.296875,0.53125,1.0,1.825973391532898,0.6392968893051147
324,120,gaussian,2,43,0.234375,0.28125,0.46875,1.0,0.7058961987495422,0.23836372792720795
325,120,gaussian,2,43,0.171875,0.1875,0.34375,1.0,4.454265117645264,1.3752268552780151
326,120,gaussian,2,43,0.21875,0.3125,0.4375,1.0,1.8700518608093262,0.6201124787330627
327,120,gaussian,2,43,0.296875,0.234375,0.59375,1.0,0.5633337497711182,0.1800454556941986
328,120,gaussian,2,43,0.140625,0.296875,0.28125,1.0,1.1868774890899658,0.424795538187027
329,120,gaussian,2,43,0.203125,0.203125,0.40625,1.0,1.8569352626800537,0.6491838097572327
330,120,gaussian,2,43,0.296875,0.28125,0.59375,1.0,0.6904528141021729,0.22239011526107788
331,120,gaussian,2,43,0.28125,0.21875,0.5625,1.0,3.1592535972595215,1.0627131462097168
332,120,gaussian,2,43,0.140625,0.296875,0.28125,1.0,2.672337293624878,0.9313706755638123
333,120,gaussian,2,43,0.125,0.109375,0.25,1.0,2.1908979415893555,0.6390909552574158
334,120,gaussian,2,43,0.15625,0.28125,0.3125,1.0,4.009422302246094,1.1895338296890259
335,120,gaussian,2,43,0.265625,0.265625,0.53125,1.0,1.5448002815246582,0.5117397904396057
336,120,gaussian,2,43,0.3125,0.1875,0.625,1.0,2.6383249759674072,0.96662437915802
337,120,gaussian,2,43,0.078125,0.046875,0.15625,1.0,2.827100992202759,0.7474988102912903
338,120,gaussian,2,43,0.15625,0.3125,0.3125,1.0,1.612697720527649,0.553163468837738
339,120,gaussian,2,43,0.21875,0.265625,0.4375,1.0,4.454115867614746,1.5098814964294434
340,120,gaussian,2,43,0.3125,0.234375,0.625,1.0,0.6856799125671387,0.23660509288311005
341,120,gaussian,2,43,0.15625,0.28125,0.3125,1.0,4.009517192840576,1.1895338296890259
342,120,gaussian,2,43,0.328125,0.328125,0.65625,1.0,2.0706286430358887,0.6581690907478333
343,120,gaussian,2,43,0.25,0.1875,0.5,1.0,1.9004392623901367,0.6666580438613892
344,120,gaussian,2,43,0.234375,0.171875,0.46875,1.0,0.5963257551193237,0.22149884700775146
345,120,gaussian,2,43,0.25,0.28125,0.5,1.0,1.614735722541809,0.5575129985809326
346,120,gaussian,2,43,0.25,0.296875,0.5,1.0,0.705287516117096,0.23836371302604675
347,120,gaussian,2,43,0.234375,0.296875,0.46875,1.0,2.485018253326416,0.8945370316505432
348,120,gaussian,2,43,0.21875,0.234375,0.4375,1.0,1.2330334186553955,0.42896366119384766
349,120,gaussian,2,43,0.15625,0.203125,0.3125,1.0,1.5032713413238525,0.4872114360332489
350,120,gaussian,2,43,0.140625,0.28125,0.28125,1.0,0.9997054934501648,0.3011758625507355
351,120,gaussian,2,43,0.25,0.265625,0.5,1.0,3.5395240783691406,1.2682753801345825
352,120,gaussian,2,43,0.15625,0.28125,0.3125,1.0,2.6829991340637207,0.9313706755638123
353,120,gaussian,2,43,0.140625,0.296875,0.28125,1.0,1.8473273515701294,0.6461021304130554
354,120,gaussian,2,43,0.15625,0.1875,0.3125,1.0,1.0895954370498657,0.3586430847644806
355,120,gaussian,2,43,0.171875,0.1875,0.34375,1.0,0.3091559410095215,0.09351354092359543
356,120,gaussian,2,43,0.3125,0.203125,0.625,1.0,5.928847789764404,1.8503328561782837
357,120,gaussian,2,43,0.140625,0.28125,0.28125,1.0,0.971501886844635,0.3148643374443054
358,120,gaussian,2,43,0.203125,0.28125,0.40625,1.0,1.4972385168075562,0.48046115040779114
359,120,gaussian,2,43,0.234375,0.28125,0.46875,1.0,2.8445582389831543,1.0208323001861572
360,120,gaussian,2,43,0.125,0.28125,0.25,1.0,0.9096430540084839,0.3151095509529114
361,120,gaussian,2,43,0.125,0.109375,0.25,1.0,0.5271639227867126,0.14448973536491394
362,120,gaussian,2,43,0.265625,0.296875,0.53125,1.0,1.066603660583496,0.36311981081962585
363,120,gaussian,2,43,0.34375,0.171875,0.6875,1.0,1.3143689632415771,0.3843114376068115
364,120,gaussian,2,43,0.1875,0.3125,0.375,1.0,1.0149242877960205,0.37185752391815186
365,120,gaussian,2,43,0.265625,0.296875,0.53125,1.0,0.5622473359107971,0.19141052663326263
366,120,gaussian,2,43,0.15625,0.296875,0.3125,1.0,1.398437261581421,0.44515541195869446
367,120,gaussian,2,43,0.1875,0.296875,0.375,1.0,0.7949782609939575,0.2678760886192322
368,120,gaussian,2,43,0.203125,0.28125,0.40625,1.0,9.203048706054688,2.9918229579925537
369,120,gaussian,2,43,0.296875,0.0625,0.59375,1.0,0.3746994137763977,0.12015288323163986
370,120,gaussian,2,43,0.140625,0.265625,0.28125,1.0,3.0192019939422607,0.9913825988769531
371,120,gaussian,2,43,0.15625,0.28125,0.3125,1.0,0.8402777314186096,0.2608872354030609
372,120,gaussian,2,43,0.171875,0.28125,0.34375,1.0,4.471494674682617,1.479388952255249
373,120,gaussian,2,43,0.328125,0.171875,0.65625,1.0,8.550976753234863,2.520333766937256
374,120,gaussian,2,43,0.390625,0.0625,0.78125,1.0,1.3944928646087646,0.3746497333049774
375,120,gaussian,2,43,0.234375,0.21875,0.46875,1.0,0.6843347549438477,0.2492467314004898
376,120,gaussian,2,43,0.171875,0.3125,0.34375,1.0,5.308461666107178,1.8274517059326172
377,120,gaussian,2,43,0.140625,0.296875,0.28125,1.0,1.3847484588623047,0.46469756960868835
378,120,gaussian,2,43,0.296875,0.296875,0.59375,1.0,4.469213008880615,1.5776116847991943
379,120,gaussian,2,43,0.171875,0.28125,0.34375,1.0,0.6091394424438477,0.2079492062330246
380,120,gaussian,2,43,0.15625,0.125,0.3125,1.0,0.4920915365219116,0.1478930115699768
381,120,gaussian,2,43,0.328125,0.3125,0.65625,1.0,2.1197509765625,0.6742826700210571
382,120,gaussian,2,43,0.15625,0.125,0.3125,1.0,0.8754417300224304,0.25674325227737427
383,120,gaussian,2,43,0.25,0.171875,0.5,1.0,0.5949079990386963,0.22149886190891266
384,120,gaussian,2,43,0.203125,0.28125,0.40625,1.0,0.5267026424407959,0.185093954205513
385,120,gaussian,2,43,0.125,0.296875,0.25,1.0,1.7365238666534424,0.5771300196647644
386,120,gaussian,2,43,0.15625,0.140625,0.3125,1.0,3.7911577224731445,1.1842646598815918
387,120,gaussian,2,43,0.375,0.109375,0.75,1.0,5.466699123382568,1.674352765083313
388,120,gaussian,2,43,0.140625,0.3125,0.28125,1.0,1.6065921783447266,0.46220389008522034
389,120,gaussian,2,43,0.171875,0.265625,0.34375,1.0,0.6646639108657837,0.23573973774909973
390,120,gaussian,2,43,0.125,0.3125,0.25,1.0,1.6302156448364258,0.5394809246063232
391,120,gaussian,2,43,0.140625,0.15625,0.28125,1.0,0.7893359661102295,0.23061375319957733
392,120,gaussian,2,43,0.234375,0.234375,0.46875,1.0,0.440635621547699,0.14105260372161865
393,120,gaussian,2,43,0.171875,0.109375,0.34375,1.0,1.3696861267089844,0.4282201826572418
394,120,gaussian,2,43,0.125,0.28125,0.25,1.0,1.89445161819458,0.6048243641853333
395,120,gaussian,2,43,0.234375,0.21875,0.46875,1.0,2.796952247619629,0.9491928815841675
396,120,gaussian,2,43,0.34375,0.1875,0.6875,1.0,1.3584345579147339,0.4560289978981018
397,120,gaussian,2,43,0.328125,0.171875,0.65625,1.0,8.555341720581055,2.520334005355835
398,120,gaussian,2,43,0.140625,0.296875,0.28125,1.0,0.6046104431152344,0.2001534402370453
399,120,gaussian,2,43,0.125,0.296875,0.25,1.0,0.5893766283988953,0.17501330375671387
400,120,gaussian,2,43,0.203125,0.21875,0.40625,1.0,5.33298921585083,1.7781717777252197
401,120,gaussian,2,43,0.328125,0.328125,0.65625,1.0,3.622250556945801,1.136683464050293
402,120,gaussian,2,43,0.28125,0.296875,0.5625,1.0,1.3409122228622437,0.4337213933467865
403,120,gaussian,2,43,0.328125,0.34375,0.65625,1.0,3.6143007278442383,1.136683464050293
404,120,gaussian,2,43,0.1875,0.265625,0.375,1.0,2.2437050342559814,0.7121502757072449
405,120,gaussian,2,43,0.296875,0.21875,0.59375,1.0,2.5905344486236572,0.8458046913146973
406,120,gaussian,2,43,0.328125,0.34375,0.65625,1.0,1.3921939134597778,0.44276684522628784
407,120,gaussian,2,43,0.234375,0.28125,0.46875,1.0,2.4915060997009277,0.8945370316505432
408,120,gaussian,2,43,0.125,0.28125,0.25,1.0,2.3447582721710205,0.7642390727996826
409,120,gaussian,2,43,0.171875,0.28125,0.34375,1.0,1.3793118000030518,0.4714202284812927
410,120,gaussian,2,43,0.15625,0.296875,0.3125,1.0,1.6962097883224487,0.5623608231544495
411,120,gaussian,2,43,0.140625,0.296875,0.28125,1.0,0.9871296286582947,0.3594270944595337
412,120,gaussian,2,43,0.125,0.296875,0.25,1.0,1.4052555561065674,0.4678956866264343
413,120,gaussian,2,43,0.109375,0.296875,0.21875,1.0,0.5051016807556152,0.14594750106334686
414,120,gaussian,2,43,0.296875,0.21875,0.59375,1.0,2.6605539321899414,0.9062530994415283
415,120,gaussian,2,43,0.21875,0.1875,0.4375,1.0,2.774632453918457,0.8767605423927307
416,120,gaussian,2,43,0.28125,0.296875,0.5625,1.0,0.5613377094268799,0.19141052663326263
417,120,gaussian,2,43,0.3125,0.296875,0.625,1.0,0.9728569984436035,0.33034706115722656
418,120,gaussian,2,43,0.15625,0.296875,0.3125,1.0,1.2152273654937744,0.4100460708141327
419,120,gaussian,2,43,0.265625,0.234375,0.53125,1.0,1.2688775062561035,0.4525925815105438
420,120,gaussian,2,43,0.140625,0.28125,0.28125,1.0,2.468472957611084,0.8051598072052002
421,120,gaussian,2,43,0.1875,0.25,0.375,1.0,2.048330783843994,0.6639842391014099
422,120,gaussian,2,43,0.140625,0.3125,0.28125,1.0,2.2716269493103027,0.7747634053230286
423,120,gaussian,2,43,0.15625,0.3125,0.3125,1.0,1.6927759647369385,0.5623607635498047
424,120,gaussian,2,43,0.125,0.28125,0.25,1.0,2.9701499938964844,0.9703567624092102
425,120,gaussian,2,43,0.125,0.296875,0.25,1.0,2.124088764190674,0.746738076210022
426,120,gaussian,2,43,0.234375,0.25,0.46875,1.0,1.9350870847702026,0.6722119450569153
427,120,gaussian,2,43,0.1875,0.296875,0.375,1.0,3.7336549758911133,1.1929211616516113
428,120,gaussian,2,43,0.3125,0.34375,0.625,1.0,3.5988340377807617,1.136683464050293
429,120,gaussian,2,43,0.1875,0.265625,0.375,1.0,6.4253740310668945,2.1031696796417236
430,120,gaussian,2,43,0.203125,0.234375,0.40625,1.0,4.334752559661865,1.4841581583023071
431,120,gaussian,2,43,0.359375,0.3125,0.71875,1.0,0.414142370223999,0.1197192519903183
432,120,gaussian,2,43,0.140625,0.296875,0.28125,1.0,2.7432374954223633,0.8739084005355835
433,120,gaussian,2,43,0.125,0.28125,0.25,1.0,1.264854907989502,0.3990761637687683
434,120,gaussian,2,43,0.125,0.28125,0.25,1.0,1.602521300315857,0.4710089862346649
435,120,gaussian,2,43,0.265625,0.296875,0.53125,1.0,1.9906868934631348,0.6361659169197083
436,120,gaussian,2,43,0.171875,0.296875,0.34375,1.0,0.8617682456970215,0.2826586365699768
437,120,gaussian,2,43,0.140625,0.25,0.28125,1.0,3.7614617347717285,1.2964186668395996
438,120,gaussian,2,43,0.140625,0.34375,0.28125,1.0,0.48304128646850586,0.15084750950336456
439,120,gaussian,2,43,0.234375,0.234375,0.46875,1.0,3.8065907955169678,1.3305221796035767
440,120,gaussian,2,43,0.1875,0.296875,0.375,1.0,2.4291434288024902,0.7690131068229675
441,120,gaussian,2,43,0.1875,0.328125,0.375,1.0,2.409518003463745,0.7872457504272461
442,120,gaussian,2,43,0.296875,0.296875,0.59375,1.0,2.598414182662964,0.8968366384506226
443,120,gaussian,2,43,0.3125,0.203125,0.625,1.0,5.912271499633789,1.8503328561782837
444,120,gaussian,2,43,0.265625,0.234375,0.53125,1.0,5.0049943923950195,1.7663429975509644
445,120,gaussian,2,43,0.15625,0.21875,0.3125,1.0,4.151630878448486,1.295982837677002
446,120,gaussian,2,43,0.15625,0.140625,0.3125,1.0,0.32523229718208313,0.09635724872350693
447,120,gaussian,2,43,0.1875,0.265625,0.375,1.0,6.427252769470215,2.1031696796417236
448,120,gaussian,2,43,0.25,0.21875,0.5,1.0,1.6662957668304443,0.649523913860321
449,120,gaussian,2,43,0.265625,0.296875,0.53125,1.0,1.5983850955963135,0.5762444734573364
450,120,gaussian,2,43,0.15625,0.296875,0.3125,1.0,0.7609850168228149,0.24236734211444855
451,120,gaussian,2,43,0.1875,0.296875,0.375,1.0,1.5204665660858154,0.5216891765594482
452,120,gaussian,2,43,0.21875,0.28125,0.4375,1.0,0.6399096846580505,0.21260769665241241
453,120,gaussian,2,43,0.296875,0.203125,0.59375,1.0,3.163580894470215,1.0627131462097168
454,120,gaussian,2,43,0.125,0.296875,0.25,1.0,0.5897950530052185,0.17501330375671387
455,120,gaussian,2,43,0.140625,0.28125,0.28125,1.0,3.6242847442626953,1.2061021327972412
456,120,gaussian,2,43,0.296875,0.28125,0.59375,1.0,0.6908437013626099,0.22239011526107788
457,120,gaussian,2,43,0.234375,0.203125,0.46875,1.0,0.4647829532623291,0.1778789609670639
458,120,gaussian,2,43,0.15625,0.296875,0.3125,1.0,0.8329188227653503,0.2729324996471405
459,120,gaussian,2,43,0.234375,0.203125,0.46875,1.0,2.299560070037842,0.7626249194145203
460,120,gaussian,2,43,0.328125,0.265625,0.65625,1.0,5.350026607513428,1.7140406370162964
461,120,gaussian,2,43,0.28125,0.265625,0.5625,1.0,0.7285455465316772,0.24063609540462494
462,120,gaussian,2,43,0.140625,0.265625,0.28125,1.0,0.9208096265792847,0.276701956987381
463,120,gaussian,2,43,0.15625,0.28125,0.3125,1.0,2.7565083503723145,0.8435380458831787
464,120,gaussian,2,43,0.1875,0.296875,0.375,1.0,1.5223666429519653,0.5216891765594482
465,120,gaussian,2,43,0.203125,0.265625,0.40625,1.0,0.5274567604064941,0.185093954205513
466,120,gaussian,2,43,0.359375,0.125,0.71875,1.0,16.793947219848633,5.016289234161377
467,120,gaussian,2,43,0.296875,0.3125,0.59375,1.0,4.4625372886657715,1.5776116847991943
468,120,gaussian,2,43,0.140625,0.28125,0.28125,1.0,0.9923325777053833,0.3143194019794464
469,120,gaussian,2,43,0.25,0.1875,0.5,1.0,1.899728536605835,0.6666579842567444
470,120,gaussian,2,43,0.15625,0.296875,0.3125,1.0,0.8388881683349609,0.2608872354030609
471,120,gaussian,2,43,0.125,0.28125,0.25,1.0,2.3361058235168457,0.7642390727996826
472,120,gaussian,2,43,0.15625,0.265625,0.3125,1.0,2.6883020401000977,0.9108952879905701
473,120,gaussian,2,43,0.234375,0.296875,0.46875,1.0,1.372796654701233,0.4592988193035126
474,120,gaussian,2,43,0.171875,0.3125,0.34375,1.0,0.970146894454956,0.35269996523857117
475,120,gaussian,2,43,0.1875,0.3125,0.375,1.0,2.4401094913482666,0.7690131068229675
476,120,gaussian,2,43,0.15625,0.15625,0.3125,1.0,0.3264177441596985,0.09635724872350693
477,120,gaussian,2,43,0.21875,0.3125,0.4375,1.0,0.38963836431503296,0.1307324320077896
478,120,gaussian,2,43,0.171875,0.296875,0.34375,1.0,0.8605060577392578,0.2826586365699768
479,120,gaussian,2,43,0.21875,0.125,0.4375,1.0,0.9392507672309875,0.32331234216690063
480,120,gaussian,2,43,0.171875,0.140625,0.34375,1.0,3.15922212600708,1.11669921875
481,120,gaussian,2,43,0.3125,0.1875,0.625,1.0,2.621980905532837,0.9666244387626648
482,120,gaussian,2,43,0.109375,0.296875,0.21875,1.0,0.5047359466552734,0.14594750106334686
483,120,gaussian,2,43,0.21875,0.21875,0.4375,1.0,3.88421630859375,1.293604850769043
484,120,gaussian,2,43,0.171875,0.28125,0.34375,1.0,1.373302936553955,0.4714202284812927
485,120,gaussian,2,43,0.140625,0.140625,0.28125,1.0,1.482291579246521,0.426478773355484
486,120,gaussian,2,43,0.234375,0.28125,0.46875,1.0,2.1141037940979004,0.7533960342407227
487,120,gaussian,2,43,0.15625,0.265625,0.3125,1.0,4.480090141296387,1.479388952255249
488,120,gaussian,2,43,0.15625,0.28125,0.3125,1.0,2.5370864868164062,0.7509703040122986
489,120,gaussian,2,43,0.140625,0.296875,0.28125,1.0,3.622690200805664,1.2061021327972412
490,120,gaussian,2,43,0.28125,0.296875,0.5625,1.0,0.7317209839820862,0.2363092303276062
491,120,gaussian,2,43,0.25,0.203125,0.5,1.0,2.303309440612793,0.7626249194145203
492,120,gaussian,2,43,0.140625,0.28125,0.28125,1.0,3.1158180236816406,1.018487811088562
493,120,gaussian,2,43,0.203125,0.328125,0.40625,1.0,2.406580686569214,0.7872458100318909
494,120,gaussian,2,43,0.171875,0.234375,0.34375,1.0,4.13883638381958,1.295982837677002
495,120,gaussian,2,43,0.203125,0.21875,0.40625,1.0,3.8910040855407715,1.293604850769043
496,120,gaussian,2,43,0.234375,0.296875,0.46875,1.0,0.8558828234672546,0.29862213134765625
497,120,gaussian,2,43,0.21875,0.265625,0.4375,1.0,0.7110430002212524,0.24498052895069122
498,120,gaussian,2,43,0.1875,0.296875,0.375,1.0,1.0185742378234863,0.37185755372047424
499,120,gaussian,2,43,0.15625,0.15625,0.3125,1.0,2.737001895904541,0.8425938487052917
500,120,gaussian,2,43,0.171875,0.234375,0.34375,1.0,4.1439385414123535,1.295982837677002
501,120,gaussian,2,43,0.25,0.203125,0.5,1.0,0.4827691316604614,0.17182008922100067
502,120,gaussian,2,43,0.265625,0.25,0.53125,1.0,2.512073278427124,0.8828312158584595
503,120,gaussian,2,43,0.15625,0.265625,0.3125,1.0,1.4727756977081299,0.4896191358566284
504,120,gaussian,2,43,0.25,0.265625,0.5,1.0,1.278918981552124,0.4835617244243622
505,120,gaussian,2,43,0.1875,0.296875,0.375,1.0,0.8209609985351562,0.27406376600265503
506,120,gaussian,2,43,0.21875,0.265625,0.4375,1.0,1.8846031427383423,0.6070054769515991
507,120,gaussian,2,43,0.171875,0.171875,0.34375,1.0,0.8900062441825867,0.2798192799091339
508,120,gaussian,2,43,0.171875,0.125,0.34375,1.0,1.3830339908599854,0.4282201826572418
509,120,gaussian,2,43,0.140625,0.28125,0.28125,1.0,1.424547553062439,0.47339946031570435
510,120,gaussian,2,43,0.265625,0.234375,0.53125,1.0,1.8312197923660278,0.6343043446540833
511,120,gaussian,2,43,0.140625,0.25,0.28125,1.0,2.8635804653167725,0.8629804253578186
512,120,gaussian,2,43,0.15625,0.265625,0.3125,1.0,3.2497520446777344,1.009383201599121
513,120,gaussian,2,43,0.28125,0.296875,0.5625,1.0,1.9929821491241455,0.6361658573150635
514,120,gaussian,2,43,0.265625,0.15625,0.53125,1.0,2.2590808868408203,0.7744161486625671
515,120,gaussian,2,43,0.140625,0.28125,0.28125,1.0,1.66385817527771,0.5542532801628113
516,120,gaussian,2,43,0.390625,0.28125,0.78125,1.0,5.4018754959106445,1.674352765083313
517,120,gaussian,2,43,0.171875,0.171875,0.34375,1.0,4.81026554107666,1.5049978494644165
518,120,gaussian,2,43,0.265625,0.3125,0.53125,1.0,1.8592462539672852,0.6339029669761658
519,120,gaussian,2,43,0.296875,0.328125,0.59375,1.0,1.0471385717391968,0.3563414216041565
520,120,gaussian,2,43,0.109375,0.078125,0.21875,1.0,1.0146077871322632,0.2696886360645294
521,120,gaussian,2,43,0.171875,0.296875,0.34375,1.0,0.6971367597579956,0.22473295032978058
522,120,gaussian,2,43,0.140625,0.265625,0.28125,1.0,3.0152840614318848,1.000361442565918
523,120,gaussian,2,43,0.1875,0.3125,0.375,1.0,4.184602737426758,1.2929807901382446
524,120,gaussian,2,43,0.140625,0.296875,0.28125,1.0,2.131798028945923,0.6894180774688721
525,120,gaussian,2,43,0.21875,0.296875,0.4375,1.0,0.6087949275970459,0.2140629142522812
526,120,gaussian,2,43,0.203125,0.21875,0.40625,1.0,0.6058683395385742,0.19425180554389954
527,120,gaussian,2,43,0.15625,0.265625,0.3125,1.0,3.496735095977783,1.0958350896835327
528,120,gaussian,2,43,0.234375,0.28125,0.46875,1.0,0.7056933641433716,0.23836371302604675
529,120,gaussian,2,43,0.234375,0.265625,0.46875,1.0,0.5951875448226929,0.20103636384010315
530,120,gaussian,2,43,0.296875,0.21875,0.59375,1.0,2.6594653129577637,0.9062531590461731
531,120,gaussian,2,43,0.171875,0.109375,0.34375,1.0,1.3629865646362305,0.4282201826572418
532,120,gaussian,2,43,0.140625,0.28125,0.28125,1.0,2.6500067710876465,0.8345274329185486
533,120,gaussian,2,43,0.140625,0.296875,0.28125,1.0,1.132682204246521,0.36604562401771545
534,120,gaussian,2,43,0.140625,0.328125,0.28125,1.0,2.0381734371185303,0.6638162732124329
535,120,gaussian,2,43,0.28125,0.25,0.5625,1.0,0.7278918027877808,0.24063609540462494
536,120,gaussian,2,43,0.359375,0.3125,0.71875,1.0,6.091569900512695,2.162700653076172
537,120,gaussian,2,43,0.34375,0.15625,0.6875,1.0,1.7372117042541504,0.5184709429740906
538,120,gaussian,2,43,0.140625,0.296875,0.28125,1.0,1.865065336227417,0.6376180052757263
539,120,gaussian,2,43,0.21875,0.328125,0.4375,1.0,3.0142123699188232,0.9950973391532898
540,120,gaussian,2,43,0.34375,0.3125,0.6875,1.0,1.4254087209701538,0.4415135085582733
541,120,gaussian,2,43,0.25,0.28125,0.5,1.0,3.2104506492614746,1.1528959274291992
542,120,gaussian,2,43,0.28125,0.296875,0.5625,1.0,1.0790265798568726,0.347718745470047
543,120,gaussian,2,43,0.171875,0.140625,0.34375,1.0,0.6233663558959961,0.1945328563451767
544,120,gaussian,2,43,0.234375,0.28125,0.46875,1.0,1.3745834827423096,0.4592987895011902
545,120,gaussian,2,43,0.15625,0.296875,0.3125,1.0,1.3752317428588867,0.4630231559276581
546,120,gaussian,2,43,0.140625,0.28125,0.28125,1.0,1.432814598083496,0.47339949011802673
547,120,gaussian,2,43,0.125,0.28125,0.25,1.0,1.3543691635131836,0.44344788789749146
548,120,gaussian,2,43,0.140625,0.3125,0.28125,1.0,0.5896523594856262,0.17501330375671387
549,120,gaussian,2,43,0.140625,0.234375,0.28125,1.0,0.4768485128879547,0.1779129058122635
550,120,gaussian,2,43,0.25,0.265625,0.5,1.0,1.2788441181182861,0.4835617244243622
551,120,gaussian,2,43,0.171875,0.28125,0.34375,1.0,1.2359914779663086,0.41320857405662537
552,120,gaussian,2,43,0.140625,0.265625,0.28125,1.0,3.7499523162841797,1.29641854763031
553,120,gaussian,2,43,0.125,0.125,0.25,1.0,0.7438349723815918,0.22174403071403503
554,120,gaussian,2,43,0.15625,0.140625,0.3125,1.0,2.743051767349243,0.8425939083099365
555,120,gaussian,2,43,0.265625,0.296875,0.53125,1.0,1.0243057012557983,0.36950594186782837
556,120,gaussian,2,43,0.203125,0.296875,0.40625,1.0,4.187393665313721,1.5364530086517334
557,120,gaussian,2,43,0.15625,0.140625,0.3125,1.0,2.7443134784698486,0.8425939083099365
558,120,gaussian,2,43,0.171875,0.3125,0.34375,1.0,5.3188557624816895,1.8274517059326172
559,120,gaussian,2,43,0.171875,0.265625,0.34375,1.0,1.002341866493225,0.32426539063453674
560,120,gaussian,2,43,0.203125,0.234375,0.40625,1.0,3.2530288696289062,1.098880648612976
561,120,gaussian,2,43,0.28125,0.296875,0.5625,1.0,3.48872709274292,1.1384012699127197
562,120,gaussian,2,43,0.265625,0.28125,0.53125,1.0,3.5717220306396484,1.2353184223175049
563,120,gaussian,2,43,0.140625,0.28125,0.28125,1.0,2.650969982147217,0.8345274329185486
564,120,gaussian,2,43,0.328125,0.328125,0.65625,1.0,0.9667147397994995,0.3075934648513794
565,120,gaussian,2,43,0.140625,0.265625,0.28125,1.0,2.1340880393981934,0.6977400183677673
566,120,gaussian,2,43,0.140625,0.3125,0.28125,1.0,0.4567070007324219,0.14548207819461823
567,120,gaussian,2,43,0.25,0.296875,0.5,1.0,2.128009796142578,0.7202886939048767
568,120,gaussian,2,43,0.265625,0.296875,0.53125,1.0,1.825811743736267,0.6392968893051147
569,120,gaussian,2,43,0.140625,0.296875,0.28125,1.0,4.163732528686523,1.2338571548461914
570,120,gaussian,2,43,0.15625,0.296875,0.3125,1.0,1.3719451427459717,0.4630231559276581
571,120,gaussian,2,43,0.15625,0.28125,0.3125,1.0,0.8903970718383789,0.2957001030445099
572,120,gaussian,2,43,0.3125,0.3125,0.625,1.0,1.8546137809753418,0.6308552622795105
573,120,gaussian,2,43,0.203125,0.203125,0.40625,1.0,2.132129192352295,0.7363475561141968
574,120,gaussian,2,43,0.125,0.28125,0.25,1.0,0.9095112085342407,0.3151095509529114
575,120,gaussian,2,43,0.359375,0.3125,0.71875,1.0,2.5537900924682617,0.7930712103843689
576,120,gaussian,2,43,0.25,0.28125,0.5,1.0,1.2761502265930176,0.4835617244243622
577,120,gaussian,2,43,0.140625,0.25,0.28125,1.0,2.9862565994262695,1.0892119407653809
578,120,gaussian,2,43,0.21875,0.234375,0.4375,1.0,3.375185012817383,1.0932482481002808
579,120,gaussian,2,43,0.1875,0.296875,0.375,1.0,3.7261245250701904,1.1929211616516113
580,120,gaussian,2,43,0.125,0.296875,0.25,1.0,1.0654513835906982,0.33613312244415283
581,120,gaussian,2,43,0.265625,0.28125,0.53125,1.0,5.434356689453125,1.7595268487930298
582,120,gaussian,2,43,0.34375,0.3125,0.6875,1.0,2.5607080459594727,0.7727174758911133
583,120,gaussian,2,43,0.25,0.21875,0.5,1.0,1.3835856914520264,0.4870016276836395
584,120,gaussian,2,43,0.15625,0.296875,0.3125,1.0,1.4050838947296143,0.44515538215637207
585,120,gaussian,2,43,0.140625,0.28125,0.28125,1.0,2.479203701019287,0.8051598072052002
586,120,gaussian,2,43,0.125,0.28125,0.25,1.0,0.970120906829834,0.3148643672466278
587,120,gaussian,2,43,0.28125,0.234375,0.5625,1.0,2.7757558822631836,0.916687548160553
588,120,gaussian,2,43,0.234375,0.25,0.46875,1.0,1.4675769805908203,0.4810529351234436
589,120,gaussian,2,43,0.21875,0.125,0.4375,1.0,0.9389380216598511,0.32331234216690063
590,120,gaussian,2,43,0.140625,0.296875,0.28125,1.0,2.098803758621216,0.6760116815567017
591,120,gaussian,2,43,0.28125,0.234375,0.5625,1.0,0.564451277256012,0.1800454556941986
592,120,gaussian,2,43,0.3125,0.125,0.625,1.0,0.3398461937904358,0.12665414810180664
593,120,gaussian,2,43,0.140625,0.265625,0.28125,1.0,0.9177454113960266,0.276701956987381
594,120,gaussian,2,43,0.171875,0.15625,0.34375,1.0,0.8532832264900208,0.28198981285095215
595,120,gaussian,2,43,0.109375,0.3125,0.21875,1.0,2.1299285888671875,0.7500565648078918
596,120,gaussian,2,43,0.40625,0.078125,0.8125,1.0,1.3930895328521729,0.3746497333049774
597,120,gaussian,2,43,0.15625,0.296875,0.3125,1.0,1.403110384941101,0.44864192605018616
598,120,gaussian,2,43,0.25,0.203125,0.5,1.0,2.299928665161133,0.762624979019165
599,120,gaussian,2,43,0.140625,0.28125,0.28125,1.0,2.8129119873046875,0.9283621311187744
600,120,gaussian,2,43,0.21875,0.265625,0.4375,1.0,5.531862258911133,1.9531171321868896
601,120,gaussian,2,43,0.109375,0.265625,0.21875,1.0,0.9503586292266846,0.2741938829421997
602,120,gaussian,2,43,0.1875,0.1875,0.375,1.0,1.1734991073608398,0.4033990502357483
603,120,gaussian,2,43,0.25,0.296875,0.5,1.0,0.31981855630874634,0.11039072275161743
604,120,gaussian,2,43,0.140625,0.15625,0.28125,1.0,3.522522449493408,1.0075823068618774
605,120,gaussian,2,43,0.1875,0.21875,0.375,1.0,4.359458923339844,1.413055181503296
606,120,gaussian,2,43,0.171875,0.3125,0.34375,1.0,0.9483627080917358,0.33519604802131653
607,120,gaussian,2,43,0.265625,0.3125,0.53125,1.0,1.0247852802276611,0.36950594186782837
608,120,gaussian,2,43,0.21875,0.21875,0.4375,1.0,2.7893710136413574,0.9491928815841675
609,120,gaussian,2,43,0.140625,0.296875,0.28125,1.0,1.4144748449325562,0.47640934586524963
610,120,gaussian,2,43,0.15625,0.3125,0.3125,1.0,0.45892590284347534,0.14548207819461823
611,120,gaussian,2,43,0.15625,0.265625,0.3125,1.0,1.4114658832550049,0.47499310970306396
612,120,gaussian,2,43,0.203125,0.265625,0.40625,1.0,0.5271199345588684,0.185093954205513
613,120,gaussian,2,43,0.15625,0.296875,0.3125,1.0,0.6939500570297241,0.22473295032978058
614,120,gaussian,2,43,0.15625,0.3125,0.3125,1.0,1.523580551147461,0.47872528433799744
615,120,gaussian,2,43,0.140625,0.28125,0.28125,1.0,2.739842176437378,0.8739084005355835
616,120,gaussian,2,43,0.15625,0.3125,0.3125,1.0,1.1706171035766602,0.38233089447021484
617,120,gaussian,2,43,0.15625,0.28125,0.3125,1.0,3.6278767585754395,1.2061021327972412
618,120,gaussian,2,43,0.140625,0.3125,0.28125,1.0,1.6134066581726074,0.46220389008522034
619,120,gaussian,2,43,0.109375,0.09375,0.21875,1.0,0.565828800201416,0.16027595102787018
620,120,gaussian,2,43,0.203125,0.21875,0.40625,1.0,1.145026445388794,0.39101848006248474
621,120,gaussian,2,43,0.34375,0.140625,0.6875,1.0,3.672576427459717,1.0623297691345215
622,120,gaussian,2,43,0.3125,0.21875,0.625,1.0,0.5656805038452148,0.18576236069202423
623,120,gaussian,2,43,0.328125,0.328125,0.65625,1.0,4.272027492523193,1.363714337348938
624,120,gaussian,2,43,0.125,0.28125,0.25,1.0,0.7679427862167358,0.22573040425777435
625,120,gaussian,2,43,0.140625,0.125,0.28125,1.0,0.7597164511680603,0.21456196904182434
626,120,gaussian,2,43,0.140625,0.234375,0.28125,1.0,1.709673285484314,0.6097213625907898
627,120,gaussian,2,43,0.203125,0.28125,0.40625,1.0,3.769639015197754,1.2169567346572876
628,120,gaussian,2,43,0.15625,0.296875,0.3125,1.0,1.8142021894454956,0.6248212456703186
629,120,gaussian,2,43,0.21875,0.21875,0.4375,1.0,1.075779676437378,0.33660829067230225
630,120,gaussian,2,43,0.15625,0.125,0.3125,1.0,0.8758355379104614,0.25674325227737427
631,120,gaussian,2,43,0.21875,0.234375,0.4375,1.0,1.0828100442886353,0.33660826086997986
632,120,gaussian,2,43,0.28125,0.203125,0.5625,1.0,0.7258718013763428,0.2684783637523651
633,120,gaussian,2,43,0.1875,0.328125,0.375,1.0,1.1994028091430664,0.360614538192749
634,120,gaussian,2,43,0.15625,0.171875,0.3125,1.0,2.1209402084350586,0.6343156695365906
635,120,gaussian,2,43,0.109375,0.109375,0.21875,1.0,0.5244804620742798,0.14448975026607513
636,120,gaussian,2,43,0.234375,0.203125,0.46875,1.0,1.2133209705352783,0.42931893467903137
637,120,gaussian,2,43,0.203125,0.328125,0.40625,1.0,1.1008108854293823,0.33400315046310425
638,120,gaussian,2,43,0.140625,0.328125,0.28125,1.0,6.239408493041992,1.9795644283294678
639,120,gaussian,2,43,0.328125,0.125,0.65625,1.0,1.647798776626587,0.5231876373291016
640,120,gaussian,2,43,0.125,0.28125,0.25,1.0,1.294846534729004,0.4494844377040863
641,120,gaussian,2,43,0.15625,0.234375,0.3125,1.0,2.859419822692871,0.8629804253578186
642,120,gaussian,2,43,0.140625,0.28125,0.28125,1.0,1.252812385559082,0.3859246075153351
643,120,gaussian,2,43,0.171875,0.171875,0.34375,1.0,1.2935676574707031,0.3878043293952942
644,120,gaussian,2,43,0.171875,0.21875,0.34375,1.0,0.4012407660484314,0.12525518238544464
645,120,gaussian,2,43,0.125,0.28125,0.25,1.0,2.314495801925659,0.7450001239776611
646,120,gaussian,2,43,0.25,0.296875,0.5,1.0,2.723345994949341,1.0022833347320557
647,120,gaussian,2,43,0.140625,0.296875,0.28125,1.0,0.7467621564865112,0.23524820804595947
648,120,gaussian,2,43,0.25,0.171875,0.5,1.0,3.6655328273773193,1.2584283351898193
649,120,gaussian,2,43,0.125,0.109375,0.25,1.0,0.5254974961280823,0.14448973536491394
650,120,gaussian,2,43,0.234375,0.21875,0.46875,1.0,1.1090545654296875,0.3843989670276642
651,120,gaussian,2,43,0.140625,0.28125,0.28125,1.0,4.562722206115723,1.4333840608596802
652,120,gaussian,2,43,0.25,0.21875,0.5,1.0,0.48435190320014954,0.17182008922100067
653,120,gaussian,2,43,0.15625,0.296875,0.3125,1.0,1.9152950048446655,0.638951301574707
654,120,gaussian,2,43,0.15625,0.296875,0.3125,1.0,1.5284976959228516,0.5170797109603882
655,120,gaussian,2,43,0.265625,0.296875,0.53125,1.0,0.5614982843399048,0.19141052663326263
656,120,gaussian,2,43,0.203125,0.296875,0.40625,1.0,5.949094295501709,1.9825491905212402
657,120,gaussian,2,43,0.34375,0.1875,0.6875,1.0,1.984621524810791,0.5805055499076843
658,120,gaussian,2,43,0.15625,0.28125,0.3125,1.0,0.9250076413154602,0.27653172612190247
659,120,gaussian,2,43,0.328125,0.328125,0.65625,1.0,4.266304016113281,1.363714337348938
660,120,gaussian,2,43,0.140625,0.296875,0.28125,1.0,1.7229130268096924,0.5749242305755615
661,120,gaussian,2,43,0.171875,0.21875,0.34375,1.0,2.352382183074951,0.7546727657318115
662,120,gaussian,2,43,0.171875,0.1875,0.34375,1.0,2.173898696899414,0.7318846583366394
663,120,gaussian,2,43,0.1875,0.25,0.375,1.0,6.424409866333008,2.1031696796417236
664,120,gaussian,2,43,0.15625,0.328125,0.3125,1.0,1.522715449333191,0.47872528433799744
665,120,gaussian,2,43,0.21875,0.1875,0.4375,1.0,4.1265764236450195,1.3611825704574585
666,120,gaussian,2,43,0.171875,0.203125,0.34375,1.0,1.7632081508636475,0.5652270913124084
667,120,gaussian,2,43,0.140625,0.234375,0.28125,1.0,0.4432053565979004,0.12690608203411102
668,120,gaussian,2,43,0.21875,0.296875,0.4375,1.0,1.0802867412567139,0.39577844738960266
669,120,gaussian,2,43,0.265625,0.296875,0.53125,1.0,1.670433521270752,0.5803335905075073
670,120,gaussian,2,43,,,,0.0,0.21847736835479736,0.07538868486881256
671,120,gaussian,2,43,0.234375,0.234375,0.46875,1.0,1.467178463935852,0.481052964925766
672,120,gaussian,2,43,0.265625,0.28125,0.53125,1.0,2.9558372497558594,0.9870994091033936
673,120,gaussian,2,43,0.140625,0.296875,0.28125,1.0,0.9596797823905945,0.34254884719848633
674,120,gaussian,2,43,0.234375,0.203125,0.46875,1.0,1.213240623474121,0.42931893467903137
675,120,gaussian,2,43,0.171875,0.171875,0.34375,1.0,4.815958023071289,1.504997968673706
676,120,gaussian,2,43,0.15625,0.296875,0.3125,1.0,2.270765781402588,0.7747634053230286
677,120,gaussian,2,43,0.359375,0.328125,0.71875,1.0,1.4309539794921875,0.4415135085582733
678,120,gaussian,2,43,0.140625,0.265625,0.28125,1.0,3.1175622940063477,1.018487811088562
679,120,gaussian,2,43,0.21875,0.328125,0.4375,1.0,3.014198064804077,0.9950973391532898
680,120,gaussian,2,43,0.21875,0.28125,0.4375,1.0,3.3369953632354736,1.0579887628555298
681,120,gaussian,2,43,0.234375,0.28125,0.46875,1.0,0.6408319473266602,0.21260769665241241
682,120,gaussian,2,43,0.3125,0.0625,0.625,1.0,0.37763702869415283,0.12015287578105927
683,120,gaussian,2,43,0.140625,0.28125,0.28125,1.0,1.7168025970458984,0.5771300792694092
684,120,gaussian,2,43,0.171875,0.28125,0.34375,1.0,0.8236756324768066,0.27406376600265503
685,120,gaussian,2,43,0.15625,0.296875,0.3125,1.0,0.7638163566589355,0.24236735701560974
686,120,gaussian,2,43,0.171875,0.28125,0.34375,1.0,1.488285779953003,0.49824899435043335
687,120,gaussian,2,43,0.140625,0.296875,0.28125,1.0,1.1872494220733643,0.42479556798934937
688,120,gaussian,2,43,0.265625,0.15625,0.53125,1.0,2.245481014251709,0.7744162082672119
689,120,gaussian,2,43,0.171875,0.265625,0.34375,1.0,1.0004229545593262,0.32426539063453674
690,120,gaussian,2,43,0.3125,0.28125,0.625,1.0,4.723878860473633,1.6096704006195068
691,120,gaussian,2,43,0.140625,0.3125,0.28125,1.0,1.5315582752227783,0.4787253141403198
692,120,gaussian,2,43,0.296875,0.203125,0.59375,1.0,3.254242420196533,1.1021677255630493
693,120,gaussian,2,43,0.171875,0.140625,0.34375,1.0,0.8533905148506165,0.28198981285095215
694,120,gaussian,2,43,0.140625,0.296875,0.28125,1.0,1.2163197994232178,0.39916008710861206
695,120,gaussian,2,43,0.15625,0.1875,0.3125,1.0,1.0218868255615234,0.3570486605167389
696,120,gaussian,2,43,0.171875,0.3125,0.34375,1.0,0.9697973728179932,0.35269996523857117
697,120,gaussian,2,43,0.265625,0.328125,0.53125,1.0,0.9089864492416382,0.3092094659805298
698,120,gaussian,2,43,0.15625,0.203125,0.3125,1.0,1.604931116104126,0.5113197565078735
699,120,gaussian,2,43,0.15625,0.296875,0.3125,1.0,1.4053120613098145,0.44515541195869446
700,120,gaussian,2,43,0.125,0.28125,0.25,1.0,0.5281156897544861,0.16698996722698212
701,120,gaussian,2,43,0.140625,0.265625,0.28125,1.0,0.9161286354064941,0.2767019271850586
702,120,gaussian,2,43,0.203125,0.3125,0.40625,1.0,1.8767971992492676,0.5784395933151245
703,120,gaussian,2,43,0.15625,0.234375,0.3125,1.0,5.026762008666992,1.578952431678772
704,120,gaussian,2,43,0.15625,0.28125,0.3125,1.0,2.4708707332611084,0.8051598072052002
705,120,gaussian,2,43,0.140625,0.296875,0.28125,1.0,2.091351270675659,0.7117182016372681
706,120,gaussian,2,43,0.15625,0.28125,0.3125,1.0,1.5335075855255127,0.5170797109603882
707,120,gaussian,2,43,0.15625,0.28125,0.3125,1.0,1.4447731971740723,0.47198033332824707
708,120,gaussian,2,43,0.15625,0.28125,0.3125,1.0,1.65497887134552,0.5544388890266418
709,120,gaussian,2,43,0.140625,0.28125,0.28125,1.0,1.125647783279419,0.3776940703392029
710,120,gaussian,2,43,0.296875,0.3125,0.59375,1.0,2.561520576477051,0.8436582088470459
711,120,gaussian,2,43,0.203125,0.28125,0.40625,1.0,0.5254518985748291,0.185093954205513
712,120,gaussian,2,43,0.28125,0.28125,0.5625,1.0,1.3475341796875,0.4428701400756836
713,120,gaussian,2,43,0.171875,0.296875,0.34375,1.0,0.8332939147949219,0.2729324996471405
714,120,gaussian,2,43,0.15625,0.171875,0.3125,1.0,2.670501232147217,0.8203055262565613
715,120,gaussian,2,43,0.15625,0.234375,0.3125,1.0,0.47853249311447144,0.17791292071342468
716,120,gaussian,2,43,0.234375,0.265625,0.46875,1.0,1.617700457572937,0.5575129985809326
717,120,gaussian,2,43,0.140625,0.28125,0.28125,1.0,2.1147313117980957,0.6875842213630676
718,120,gaussian,2,43,0.25,0.234375,0.5,1.0,1.384878158569336,0.4870016574859619
719,120,gaussian,2,43,0.3125,0.203125,0.625,1.0,7.3702850341796875,2.3925795555114746
720,120,gaussian,2,43,0.34375,0.3125,0.6875,1.0,0.7737461924552917,0.2490045577287674
721,120,gaussian,2,43,0.1875,0.203125,0.375,1.0,0.3675687313079834,0.11631139367818832
722,120,gaussian,2,43,0.265625,0.296875,0.53125,1.0,0.5620839595794678,0.19141052663326263
723,120,gaussian,2,43,0.21875,0.265625,0.4375,1.0,0.7121087312698364,0.24498052895069122
724,120,gaussian,2,43,0.328125,0.3125,0.65625,1.0,3.223719596862793,0.9900447130203247
725,120,gaussian,2,43,0.3125,0.328125,0.625,1.0,0.45186394453048706,0.14132250845432281
726,120,gaussian,2,43,0.34375,0.328125,0.6875,1.0,2.5367698669433594,0.7930712103843689
727,120,gaussian,2,43,0.296875,0.296875,0.59375,1.0,1.33589506149292,0.4530841112136841
728,120,gaussian,2,43,0.171875,0.125,0.34375,1.0,3.1607985496520996,1.11669921875
729,120,gaussian,2,43,0.28125,0.21875,0.5625,1.0,3.1560616493225098,1.0627131462097168
730,120,gaussian,2,43,0.140625,0.296875,0.28125,1.0,2.123354911804199,0.746738076210022
731,120,gaussian,2,43,0.109375,0.09375,0.21875,1.0,1.0054271221160889,0.2696886360645294
732,120,gaussian,2,43,0.140625,0.3125,0.28125,1.0,1.8922531604766846,0.6339000463485718
733,120,gaussian,2,43,0.15625,0.265625,0.3125,1.0,1.42954683303833,0.4539114534854889
734,120,gaussian,2,43,0.234375,0.265625,0.46875,1.0,0.5956267714500427,0.20103636384010315
735,120,gaussian,2,43,0.171875,0.125,0.34375,1.0,3.162215232849121,1.11669921875
736,120,gaussian,2,43,0.15625,0.3125,0.3125,1.0,1.0503120422363281,0.346639484167099
737,120,gaussian,2,43,0.140625,0.109375,0.28125,1.0,2.196713924407959,0.6390909552574158
738,120,gaussian,2,43,0.21875,0.203125,0.4375,1.0,3.5945241451263428,1.1965460777282715
739,120,gaussian,2,43,0.25,0.234375,0.5,1.0,0.8275378942489624,0.2825418710708618
740,120,gaussian,2,43,0.25,0.28125,0.5,1.0,1.1612603664398193,0.42475539445877075
741,120,gaussian,2,43,0.140625,0.28125,0.28125,1.0,0.5218947529792786,0.16698996722698212
742,120,gaussian,2,43,0.171875,0.171875,0.34375,1.0,3.9050793647766113,1.188180923461914
743,120,gaussian,2,43,0.203125,0.21875,0.40625,1.0,0.6080041527748108,0.19425182044506073
744,120,gaussian,2,43,0.15625,0.28125,0.3125,1.0,0.5303597450256348,0.17347352206707
745,120,gaussian,2,43,0.15625,0.265625,0.3125,1.0,3.007535934448242,1.0003615617752075
746,120,gaussian,2,43,0.171875,0.1875,0.34375,1.0,1.084438443183899,0.34760817885398865
747,120,gaussian,2,43,0.21875,0.234375,0.4375,1.0,3.8978524208068848,1.409408450126648
748,120,gaussian,2,43,0.265625,0.296875,0.53125,1.0,1.0259381532669067,0.36950594186782837
749,120,gaussian,2,43,0.328125,0.296875,0.65625,1.0,3.2420382499694824,0.9900447130203247
750,120,gaussian,2,43,0.171875,0.1875,0.34375,1.0,2.1147470474243164,0.6343156099319458
751,120,gaussian,2,43,0.359375,0.109375,0.71875,1.0,0.38542211055755615,0.11866147816181183
752,120,gaussian,2,43,0.28125,0.234375,0.5625,1.0,2.7763729095458984,0.916687548160553
753,120,gaussian,2,43,0.171875,0.28125,0.34375,1.0,0.608858585357666,0.2079492211341858
754,120,gaussian,2,43,0.203125,0.203125,0.40625,1.0,3.547696113586426,1.1184906959533691
755,120,gaussian,2,43,0.140625,0.15625,0.28125,1.0,3.517984628677368,1.0075823068618774
756,120,gaussian,2,43,0.15625,0.296875,0.3125,1.0,1.7783658504486084,0.6035544872283936
757,120,gaussian,2,43,0.203125,0.265625,0.40625,1.0,4.458234786987305,1.5098814964294434
758,120,gaussian,2,43,0.140625,0.265625,0.28125,1.0,4.449683666229248,1.3799784183502197
759,120,gaussian,2,43,0.234375,0.234375,0.46875,1.0,0.5055464506149292,0.16791953146457672
760,120,gaussian,2,43,0.21875,0.1875,0.4375,1.0,2.7665843963623047,0.8767604827880859
761,120,gaussian,2,43,0.140625,0.265625,0.28125,1.0,1.1681855916976929,0.3810325562953949
762,120,gaussian,2,43,0.3125,0.328125,0.625,1.0,1.3926135301589966,0.44276684522628784
763,120,gaussian,2,43,0.3125,0.140625,0.625,1.0,1.6617481708526611,0.5231876373291016
764,120,gaussian,2,43,0.125,0.296875,0.25,1.0,2.087286949157715,0.7117181420326233
765,120,gaussian,2,43,0.3125,0.25,0.625,1.0,0.6834093332290649,0.23660509288311005
766,120,gaussian,2,43,0.078125,0.046875,0.15625,1.0,2.747511863708496,0.7474988698959351
767,120,gaussian,2,43,0.21875,0.21875,0.4375,1.0,2.132995843887329,0.7363475561141968
768,120,gaussian,2,43,0.171875,0.265625,0.34375,1.0,1.4055631160736084,0.44867369532585144
769,120,gaussian,2,43,0.171875,0.1875,0.34375,1.0,1.3826971054077148,0.5250359177589417
770,120,gaussian,2,43,0.3125,0.328125,0.625,1.0,2.0776774883270264,0.6581690907478333
771,120,gaussian,2,43,0.203125,0.296875,0.40625,1.0,9.886905670166016,3.2803122997283936
772,120,gaussian,2,43,0.109375,0.28125,0.21875,1.0,0.7779044508934021,0.259734183549881
773,120,gaussian,2,43,0.140625,0.28125,0.28125,1.0,1.255061149597168,0.3859246075153351
774,120,gaussian,2,43,0.171875,0.171875,0.34375,1.0,0.8898097276687622,0.2798192799091339
775,120,gaussian,2,43,0.25,0.296875,0.5,1.0,1.7515652179718018,0.6132328510284424
776,120,gaussian,2,43,0.15625,0.296875,0.3125,1.0,0.8334556818008423,0.2729324996471405
777,120,gaussian,2,43,0.390625,0.09375,0.78125,1.0,5.43961238861084,1.674352765083313
778,120,gaussian,2,43,0.140625,0.28125,0.28125,1.0,1.8514108657836914,0.6357947587966919
779,120,gaussian,2,43,0.25,0.3125,0.5,1.0,1.0654363632202148,0.36311981081962585
780,120,gaussian,2,43,0.25,0.15625,0.5,1.0,1.6696581840515137,0.6424526572227478
781,120,gaussian,2,43,0.1875,0.171875,0.375,1.0,5.079216003417969,1.6708236932754517
782,120,gaussian,2,43,0.25,0.234375,0.5,1.0,4.538095474243164,1.6063512563705444
783,120,gaussian,2,43,0.265625,0.28125,0.53125,1.0,0.7279541492462158,0.2363092303276062
784,120,gaussian,2,43,0.15625,0.171875,0.3125,1.0,2.658449172973633,0.8203055262565613
785,120,gaussian,2,43,0.171875,0.234375,0.34375,1.0,4.142512798309326,1.295982837677002
786,120,gaussian,2,43,0.25,0.28125,0.5,1.0,3.204711437225342,1.1528960466384888
787,120,gaussian,2,43,0.171875,0.296875,0.34375,1.0,1.371164321899414,0.4714202284812927
788,120,gaussian,2,43,0.296875,0.328125,0.59375,1.0,0.6463518142700195,0.20054972171783447
789,120,gaussian,2,43,0.171875,0.203125,0.34375,1.0,1.7603819370269775,0.5652270913124084
790,120,gaussian,2,43,0.15625,0.234375,0.3125,1.0,5.0284037590026855,1.5789521932601929
791,120,gaussian,2,43,0.171875,0.28125,0.34375,1.0,1.4454059600830078,0.47198033332824707
792,120,gaussian,2,43,0.140625,0.296875,0.28125,1.0,2.8378591537475586,0.8944916725158691
793,120,gaussian,2,43,0.359375,0.328125,0.71875,1.0,0.6691434383392334,0.21681158244609833
794,120,gaussian,2,43,0.1875,0.265625,0.375,1.0,2.236001491546631,0.7121502757072449
795,120,gaussian,2,43,0.21875,0.296875,0.4375,1.0,2.422804832458496,0.8086579442024231
796,120,gaussian,2,43,0.234375,0.234375,0.46875,1.0,1.1083489656448364,0.3843989670276642
797,120,gaussian,2,43,0.1875,0.21875,0.375,1.0,0.6046019196510315,0.19425180554389954
798,120,gaussian,2,43,0.15625,0.265625,0.3125,1.0,1.4448447227478027,0.47198033332824707
799,120,gaussian,2,43,0.25,0.171875,0.5,1.0,3.666599750518799,1.2584283351898193
800,120,gaussian,2,43,0.296875,0.203125,0.59375,1.0,3.1622157096862793,1.0627131462097168
801,120,gaussian,2,43,0.25,0.21875,0.5,1.0,2.60038423538208,0.9091485738754272
802,120,gaussian,2,43,0.1875,0.1875,0.375,1.0,4.056746959686279,1.2177233695983887
803,120,gaussian,2,43,0.296875,0.203125,0.59375,1.0,2.4849348068237305,0.7964881062507629
804,120,gaussian,2,43,0.140625,0.25,0.28125,1.0,3.762063980102539,1.29641854763031
805,120,gaussian,2,43,0.109375,0.265625,0.21875,1.0,2.120558977127075,0.6941636800765991
806,120,gaussian,2,43,0.171875,0.1875,0.34375,1.0,0.30809861421585083,0.09351354837417603
807,120,gaussian,2,43,0.328125,0.265625,0.65625,1.0,0.6524845361709595,0.23424117267131805
808,120,gaussian,2,43,0.328125,0.3125,0.65625,1.0,3.225858688354492,0.9900447130203247
809,120,gaussian,2,43,0.171875,0.328125,0.34375,1.0,1.2076237201690674,0.360614538192749
810,120,gaussian,2,43,0.125,0.28125,0.25,1.0,0.7018170356750488,0.2289176881313324
811,120,gaussian,2,43,0.171875,0.171875,0.34375,1.0,0.8919216394424438,0.2798192799091339
812,120,gaussian,2,43,0.171875,0.296875,0.34375,1.0,1.3970906734466553,0.44515541195869446
813,120,gaussian,2,43,0.15625,0.296875,0.3125,1.0,4.136911392211914,1.2338571548461914
814,120,gaussian,2,43,0.296875,0.234375,0.59375,1.0,2.9131946563720703,0.9781783223152161
815,120,gaussian,2,43,0.15625,0.171875,0.3125,1.0,1.1496471166610718,0.33221903443336487
816,120,gaussian,2,43,0.21875,0.234375,0.4375,1.0,4.341508865356445,1.4841581583023071
817,120,gaussian,2,43,0.390625,0.0625,0.78125,1.0,2.5041580200195312,0.6739097833633423
818,120,gaussian,2,43,0.234375,0.28125,0.46875,1.0,2.858916759490967,0.9900034666061401
819,120,gaussian,2,43,0.15625,0.28125,0.3125,1.0,1.4091668128967285,0.476409375667572
820,120,gaussian,2,43,0.109375,0.296875,0.21875,1.0,0.7671778798103333,0.259734183549881
821,120,gaussian,2,43,0.125,0.28125,0.25,1.0,1.1267271041870117,0.3776940703392029
822,120,gaussian,2,43,0.328125,0.3125,0.65625,1.0,1.3662968873977661,0.4954480826854706
823,120,gaussian,2,43,0.171875,0.171875,0.34375,1.0,1.293802261352539,0.3878042995929718
824,120,gaussian,2,43,0.140625,0.28125,0.28125,1.0,1.4270894527435303,0.47339946031570435
825,120,gaussian,2,43,0.25,0.21875,0.5,1.0,0.484738290309906,0.17182008922100067
826,120,gaussian,2,43,0.234375,0.265625,0.46875,1.0,0.5949745178222656,0.20103636384010315
827,120,gaussian,2,43,0.125,0.28125,0.25,1.0,1.399672031402588,0.46789565682411194
828,120,gaussian,2,43,0.375,0.125,0.75,1.0,1.3955681324005127,0.434496134519577
829,120,gaussian,2,43,0.140625,0.3125,0.28125,1.0,1.2102510929107666,0.39916008710861206
830,120,gaussian,2,43,0.34375,0.265625,0.6875,1.0,2.220517873764038,0.6756995320320129
831,120,gaussian,2,43,0.140625,0.3125,0.28125,1.0,1.058366060256958,0.33613312244415283
832,120,gaussian,2,43,0.1875,0.1875,0.375,1.0,5.6116132736206055,1.781203269958496
833,120,gaussian,2,43,0.15625,0.265625,0.3125,1.0,1.2370189428329468,0.413208544254303
834,120,gaussian,2,43,0.3125,0.3125,0.625,1.0,1.8567290306091309,0.6308552622795105
835,120,gaussian,2,43,0.15625,0.296875,0.3125,1.0,0.7487936019897461,0.23524820804595947
836,120,gaussian,2,43,0.265625,0.296875,0.53125,1.0,1.2820709943771362,0.446329265832901
837,120,gaussian,2,43,0.125,0.28125,0.25,1.0,1.2739613056182861,0.3990761339664459
838,120,gaussian,2,43,0.140625,0.3125,0.28125,1.0,1.1745986938476562,0.38233089447021484
839,120,gaussian,2,43,0.234375,0.265625,0.46875,1.0,3.537907123565674,1.2682753801345825
840,120,gaussian,2,43,0.28125,0.28125,0.5625,1.0,0.7285869121551514,0.2363092303276062
841,120,gaussian,2,43,0.140625,0.296875,0.28125,1.0,1.9124196767807007,0.6534308791160583
842,120,gaussian,2,43,0.15625,0.328125,0.3125,1.0,3.3169803619384766,1.170964241027832
843,120,gaussian,2,43,0.125,0.296875,0.25,1.0,0.700178325176239,0.2289176881313324
844,120,gaussian,2,43,0.109375,0.28125,0.21875,1.0,0.5047985911369324,0.14594750106334686
845,120,gaussian,2,43,0.3125,0.1875,0.625,1.0,2.644954204559326,0.9666244387626648
846,120,gaussian,2,43,0.171875,0.296875,0.34375,1.0,2.424539566040039,0.7690131068229675
847,120,gaussian,2,43,0.15625,0.265625,0.3125,1.0,3.238755226135254,1.0093833208084106
848,120,gaussian,2,43,0.15625,0.140625,0.3125,1.0,0.6444716453552246,0.19430936872959137
849,120,gaussian,2,43,0.21875,0.296875,0.4375,1.0,3.023833751678467,1.0422919988632202
850,120,gaussian,2,43,0.296875,0.234375,0.59375,1.0,2.9135618209838867,0.9781783223152161
851,120,gaussian,2,43,0.15625,0.28125,0.3125,1.0,3.635113477706909,1.2061021327972412
852,120,gaussian,2,43,0.203125,0.234375,0.40625,1.0,3.3837509155273438,1.0932481288909912
853,120,gaussian,2,43,0.140625,0.25,0.28125,1.0,2.999971628189087,1.0892119407653809
854,120,gaussian,2,43,0.15625,0.21875,0.3125,1.0,3.0527191162109375,0.9799142479896545
855,120,gaussian,2,43,0.15625,0.265625,0.3125,1.0,0.756162166595459,0.2488371729850769
856,120,gaussian,2,43,0.125,0.28125,0.25,1.0,1.4677107334136963,0.49143606424331665
857,120,gaussian,2,43,0.125,0.125,0.25,1.0,1.063674807548523,0.3087395429611206
858,120,gaussian,2,43,0.125,0.296875,0.25,1.0,2.08713960647583,0.7117182016372681
859,120,gaussian,2,43,0.390625,0.078125,0.78125,1.0,1.4113682508468628,0.3746497333049774
860,120,gaussian,2,43,0.109375,0.28125,0.21875,1.0,1.8940751552581787,0.6048243641853333
861,120,gaussian,2,43,0.265625,0.296875,0.53125,1.0,1.1603034734725952,0.42475539445877075
862,120,gaussian,2,43,0.1875,0.328125,0.375,1.0,4.206453323364258,1.2929807901382446
863,120,gaussian,2,43,0.140625,0.296875,0.28125,1.0,1.3031715154647827,0.4494844675064087
864,120,gaussian,2,43,0.359375,0.3125,0.71875,1.0,2.552884578704834,0.7727174758911133
865,120,gaussian,2,43,0.171875,0.15625,0.34375,1.0,0.8526030778884888,0.28198981285095215
866,120,gaussian,2,43,0.203125,0.21875,0.40625,1.0,0.6066198348999023,0.19425180554389954
867,120,gaussian,2,43,0.265625,0.296875,0.53125,1.0,1.8235291242599487,0.6392968893051147
868,120,gaussian,2,43,0.125,0.296875,0.25,1.0,1.5956143140792847,0.4997066259384155
869,120,gaussian,2,43,0.1875,0.171875,0.375,1.0,2.5218496322631836,0.8352689743041992
870,120,gaussian,2,43,0.3125,0.1875,0.625,1.0,2.629941701889038,0.9666244387626648
871,120,gaussian,2,43,0.15625,0.265625,0.3125,1.0,4.465903282165527,1.3799782991409302
872,120,gaussian,2,43,0.234375,0.28125,0.46875,1.0,2.8495335578918457,1.0208323001861572
873,120,gaussian,2,43,0.125,0.296875,0.25,1.0,1.9327189922332764,0.6705535054206848
874,120,gaussian,2,43,0.15625,0.296875,0.3125,1.0,1.854865550994873,0.6376180052757263
875,120,gaussian,2,43,0.1875,0.296875,0.375,1.0,1.4850420951843262,0.49824899435043335
876,120,gaussian,2,43,0.1875,0.171875,0.375,1.0,4.801924705505371,1.504997968673706
877,120,gaussian,2,43,0.3125,0.140625,0.625,1.0,1.6574008464813232,0.5231876373291016
878,120,gaussian,2,43,0.140625,0.28125,0.28125,1.0,1.094428300857544,0.3727463185787201
879,120,gaussian,2,43,0.296875,0.328125,0.59375,1.0,0.8563539981842041,0.2794182002544403
880,120,gaussian,2,43,0.328125,0.296875,0.65625,1.0,4.429890155792236,1.405126690864563
881,120,gaussian,2,43,0.34375,0.328125,0.6875,1.0,2.286649227142334,0.6668815612792969
882,120,gaussian,2,43,0.3125,0.328125,0.625,1.0,2.0774073600769043,0.6581690907478333
883,120,gaussian,2,43,0.34375,0.140625,0.6875,1.0,3.673288583755493,1.0623297691345215
884,120,gaussian,2,43,0.140625,0.296875,0.28125,1.0,0.9458870887756348,0.32382646203041077
885,120,gaussian,2,43,0.140625,0.25,0.28125,1.0,2.8654417991638184,0.8629804253578186
886,120,gaussian,2,43,0.171875,0.28125,0.34375,1.0,1.2563996315002441,0.41748562455177307
887,120,gaussian,2,43,0.1875,0.3125,0.375,1.0,1.8780733346939087,0.5784395933151245
888,120,gaussian,2,43,0.15625,0.296875,0.3125,1.0,1.604437232017517,0.553163468837738
889,120,gaussian,2,43,0.140625,0.28125,0.28125,1.0,1.3848578929901123,0.46469756960868835
890,120,gaussian,2,43,0.1875,0.3125,0.375,1.0,1.8756927251815796,0.5784395933151245
891,120,gaussian,2,43,0.359375,0.21875,0.71875,1.0,2.2271728515625,0.7533379197120667
892,120,gaussian,2,43,0.140625,0.28125,0.28125,1.0,2.58091139793396,0.86402827501297
893,120,gaussian,2,43,0.21875,0.265625,0.4375,1.0,5.534512042999268,1.9531171321868896
894,120,gaussian,2,43,0.25,0.171875,0.5,1.0,0.5961519479751587,0.22149884700775146
895,120,gaussian,2,43,0.140625,0.296875,0.28125,1.0,1.9699643850326538,0.6683761477470398
896,120,gaussian,2,43,0.171875,0.28125,0.34375,1.0,1.0465129613876343,0.3284588158130646
897,120,gaussian,2,43,0.109375,0.265625,0.21875,1.0,1.6000359058380127,0.4710089862346649
898,120,gaussian,2,43,0.359375,0.3125,0.71875,1.0,0.414284884929657,0.1197192594408989
899,120,gaussian,2,43,0.140625,0.296875,0.28125,1.0,2.2712411880493164,0.7747633457183838
900,120,gaussian,2,43,0.140625,0.125,0.28125,1.0,1.8710753917694092,0.5830174088478088
901,120,gaussian,2,43,0.296875,0.296875,0.59375,1.0,3.693215847015381,1.253004550933838
902,120,gaussian,2,43,0.25,0.296875,0.5,1.0,0.31959277391433716,0.11039071530103683
903,120,gaussian,2,43,0.265625,0.296875,0.53125,1.0,1.8507609367370605,0.6339029669761658
904,120,gaussian,2,43,0.296875,0.21875,0.59375,1.0,0.5691812038421631,0.18576236069202423
905,120,gaussian,2,43,0.234375,0.21875,0.46875,1.0,0.4425197243690491,0.14105257391929626
906,120,gaussian,2,43,0.203125,0.203125,0.40625,1.0,5.325862407684326,1.7781716585159302
907,120,gaussian,2,43,0.234375,0.28125,0.46875,1.0,2.8477284908294678,1.0208323001861572
908,120,gaussian,2,43,0.125,0.28125,0.25,1.0,1.3989804983139038,0.46789565682411194
909,120,gaussian,2,43,0.140625,0.28125,0.28125,1.0,1.6616103649139404,0.5542532801628113
910,120,gaussian,2,43,0.234375,0.296875,0.46875,1.0,1.9740214347839355,0.6321580410003662
911,120,gaussian,2,43,0.140625,0.3125,0.28125,1.0,0.9521909952163696,0.32382646203041077
912,120,gaussian,2,43,0.234375,0.171875,0.46875,1.0,0.5967402458190918,0.22149884700775146
913,120,gaussian,2,43,0.140625,0.28125,0.28125,1.0,1.687305212020874,0.5224923491477966
914,120,gaussian,2,43,0.25,0.296875,0.5,1.0,3.5857396125793457,1.2353184223175049
915,120,gaussian,2,43,0.15625,0.140625,0.3125,1.0,0.9514970183372498,0.2955603003501892
916,120,gaussian,2,43,0.140625,0.25,0.28125,1.0,3.497988224029541,1.0958350896835327
917,120,gaussian,2,43,0.21875,0.21875,0.4375,1.0,1.193658471107483,0.39729392528533936
918,120,gaussian,2,43,0.15625,0.125,0.3125,1.0,0.8758347034454346,0.25674325227737427
919,120,gaussian,2,43,0.203125,0.1875,0.40625,1.0,1.2612876892089844,0.42169737815856934
920,120,gaussian,2,43,0.3125,0.21875,0.625,1.0,7.401744842529297,2.3925795555114746
921,120,gaussian,2,43,0.234375,0.25,0.46875,1.0,1.4646579027175903,0.481052964925766
922,120,gaussian,2,43,0.171875,0.1875,0.34375,1.0,2.1631124019622803,0.7318845987319946
923,120,gaussian,2,43,0.15625,0.296875,0.3125,1.0,1.6409183740615845,0.5606237649917603
924,120,gaussian,2,43,0.125,0.296875,0.25,1.0,1.5836358070373535,0.4997066557407379
925,120,gaussian,2,43,0.15625,0.28125,0.3125,1.0,1.164888620376587,0.3810325562953949
926,120,gaussian,2,43,0.21875,0.1875,0.4375,1.0,4.125863075256348,1.3611825704574585
927,120,gaussian,2,43,0.171875,0.203125,0.34375,1.0,4.072116851806641,1.270625114440918
928,120,gaussian,2,43,0.359375,0.3125,0.71875,1.0,0.41417762637138367,0.1197192594408989
929,120,gaussian,2,43,0.140625,0.28125,0.28125,1.0,2.822500228881836,0.9283621311187744
930,120,gaussian,2,43,0.296875,0.3125,0.59375,1.0,1.2832014560699463,0.41629499197006226
931,120,gaussian,2,43,0.25,0.296875,0.5,1.0,0.31952232122421265,0.11039070785045624
932,120,gaussian,2,43,0.234375,0.25,0.46875,1.0,1.4645028114318848,0.481052964925766
933,120,gaussian,2,43,0.296875,0.1875,0.59375,1.0,3.2608397006988525,1.1021677255630493
934,120,gaussian,2,43,0.140625,0.28125,0.28125,1.0,4.561863899230957,1.4333840608596802
935,120,gaussian,2,43,0.265625,0.296875,0.53125,1.0,1.8519130945205688,0.6339029669761658
936,120,gaussian,2,43,0.1875,0.21875,0.375,1.0,2.3441362380981445,0.7546728253364563
937,120,gaussian,2,43,0.28125,0.296875,0.5625,1.0,3.488039970397949,1.1384012699127197
938,120,gaussian,2,43,0.296875,0.25,0.59375,1.0,0.562942624092102,0.1800454556941986
939,120,gaussian,2,43,0.203125,0.296875,0.40625,1.0,1.0169979333877563,0.37185752391815186
940,120,gaussian,2,43,0.125,0.3125,0.25,1.0,1.6232576370239258,0.5394809246063232
941,120,gaussian,2,43,0.265625,0.296875,0.53125,1.0,1.8217556476593018,0.6392968893051147
942,120,gaussian,2,43,0.171875,0.3125,0.34375,1.0,5.312405109405518,1.8274517059326172
943,120,gaussian,2,43,0.125,0.296875,0.25,1.0,2.08978533744812,0.6760116815567017
944,120,gaussian,2,43,0.265625,0.296875,0.53125,1.0,1.5980225801467896,0.5762444734573364
945,120,gaussian,2,43,0.34375,0.3125,0.6875,1.0,0.7732875347137451,0.2490045577287674
946,120,gaussian,2,43,0.296875,0.21875,0.59375,1.0,0.5662808418273926,0.18576236069202423
947,120,gaussian,2,43,0.125,0.109375,0.25,1.0,0.7667627334594727,0.2155350297689438
948,120,gaussian,2,43,0.28125,0.3125,0.5625,1.0,1.2791779041290283,0.41629499197006226
949,120,gaussian,2,43,0.25,0.296875,0.5,1.0,2.408691883087158,0.8515648245811462
950,120,gaussian,2,43,0.140625,0.28125,0.28125,1.0,1.0924354791641235,0.3727463185787201
951,120,gaussian,2,43,0.140625,0.28125,0.28125,1.0,1.0645477771759033,0.3620012700557709
952,120,gaussian,2,43,0.171875,0.203125,0.34375,1.0,4.072847366333008,1.270625114440918
953,120,gaussian,2,43,0.109375,0.25,0.21875,1.0,0.9545339941978455,0.2741938829421997
954,120,gaussian,2,43,0.15625,0.3125,0.3125,1.0,2.5270068645477295,0.7922422289848328
955,120,gaussian,2,43,0.15625,0.265625,0.3125,1.0,2.328775644302368,0.7564475536346436
956,120,gaussian,2,43,0.234375,0.203125,0.46875,1.0,2.2995288372039795,0.762624979019165
957,120,gaussian,2,43,0.328125,0.3125,0.65625,1.0,3.224107503890991,0.9900447726249695
958,120,gaussian,2,43,0.09375,0.078125,0.1875,1.0,0.4281053841114044,0.12683075666427612
959,120,gaussian,2,43,0.21875,0.265625,0.4375,1.0,5.540329456329346,1.9531171321868896
960,120,gaussian,2,43,0.171875,0.28125,0.34375,1.0,1.3726056814193726,0.4714202284812927
961,120,gaussian,2,43,0.140625,0.265625,0.28125,1.0,2.656283378601074,0.8345274329185486
962,120,gaussian,2,43,0.34375,0.1875,0.6875,1.0,7.534515380859375,2.3583710193634033
963,120,gaussian,2,43,0.203125,0.3125,0.40625,1.0,1.877357840538025,0.5784395933151245
964,120,gaussian,2,43,0.28125,0.296875,0.5625,1.0,0.7311084866523743,0.2363092452287674
965,120,gaussian,2,43,0.21875,0.1875,0.4375,1.0,1.8534541130065918,0.6491838097572327
966,120,gaussian,2,43,0.296875,0.203125,0.59375,1.0,2.587149143218994,0.8458046913146973
967,120,gaussian,2,43,0.21875,0.234375,0.4375,1.0,7.417109489440918,2.492766857147217
968,120,gaussian,2,43,0.375,0.125,0.75,1.0,1.3983796834945679,0.43449610471725464
969,120,gaussian,2,43,0.1875,0.203125,0.375,1.0,5.610685348510742,1.781203269958496
970,120,gaussian,2,43,0.15625,0.28125,0.3125,1.0,1.9245507717132568,0.684628963470459
971,120,gaussian,2,43,0.234375,0.21875,0.46875,1.0,1.1090500354766846,0.3843989670276642
972,120,gaussian,2,43,0.125,0.234375,0.25,1.0,1.0367748737335205,0.3165014386177063
973,120,gaussian,2,43,0.234375,0.3125,0.46875,1.0,1.9713199138641357,0.6321580410003662
974,120,gaussian,2,43,0.328125,0.34375,0.65625,1.0,1.5402562618255615,0.474712997674942
975,120,gaussian,2,43,0.234375,0.234375,0.46875,1.0,0.5046147108078003,0.16791953146457672
976,120,gaussian,2,43,0.203125,0.125,0.40625,1.0,1.0557563304901123,0.35948002338409424
977,120,gaussian,2,43,0.15625,0.3125,0.3125,1.0,1.3296895027160645,0.4652848541736603
978,120,gaussian,2,43,0.140625,0.328125,0.28125,1.0,6.240657329559326,1.9795644283294678
979,120,gaussian,2,43,0.171875,0.1875,0.34375,1.0,4.80478572845459,1.504997968673706
980,120,gaussian,2,43,0.15625,0.28125,0.3125,1.0,1.4710640907287598,0.4896191656589508
981,120,gaussian,2,43,0.140625,0.140625,0.28125,1.0,4.310091972351074,1.2663118839263916
982,120,gaussian,2,43,0.171875,0.28125,0.34375,1.0,8.765443801879883,2.8672471046447754
983,120,gaussian,2,43,0.171875,0.1875,0.34375,1.0,0.30865010619163513,0.09351354837417603
984,120,gaussian,2,43,0.3125,0.328125,0.625,1.0,2.0771257877349854,0.6581690907478333
985,120,gaussian,2,43,0.3125,0.1875,0.625,1.0,5.107996463775635,1.7535511255264282
986,120,gaussian,2,43,0.203125,0.296875,0.40625,1.0,1.5211868286132812,0.5216891765594482
987,120,gaussian,2,43,0.125,0.28125,0.25,1.0,2.3457798957824707,0.7642390727996826
988,120,gaussian,2,43,0.21875,0.203125,0.4375,1.0,1.852731704711914,0.6491838097572327
989,120,gaussian,2,43,0.125,0.28125,0.25,1.0,0.3816545605659485,0.12495270371437073
990,120,gaussian,2,43,0.390625,0.09375,0.78125,1.0,5.435173988342285,1.674352765083313
991,120,gaussian,2,43,0.34375,0.203125,0.6875,1.0,2.2326462268829346,0.7533378601074219
992,120,gaussian,2,43,0.140625,0.28125,0.28125,1.0,2.5416078567504883,0.7509703636169434
993,120,gaussian,2,43,0.34375,0.171875,0.6875,1.0,2.294177532196045,0.6668815612792969
994,120,gaussian,2,43,0.1875,0.1875,0.375,1.0,1.3737902641296387,0.41458743810653687
995,120,gaussian,2,43,0.15625,0.28125,0.3125,1.0,2.469959259033203,0.8051598072052002
996,120,gaussian,2,43,0.203125,0.171875,0.40625,1.0,2.317551374435425,0.7670186161994934
997,120,gaussian,2,43,0.328125,0.328125,0.65625,1.0,1.5405330657958984,0.474712997674942
998,120,gaussian,2,43,0.265625,0.25,0.53125,1.0,2.512713670730591,0.8828312158584595
999,120,gaussian,2,43,0.25,0.21875,0.5,1.0,1.384167194366455,0.4870016276836395
