index,target_hr,measured_hr,measurable,abs_error,failure_reason,method,fold,seed
0,60,51.891891891891895,True,8.108108108108105,ok,no_hr_loss,5,42
1,60,75.29411764705883,True,15.294117647058826,ok,no_hr_loss,5,42
2,60,60.0,True,0.0,ok,no_hr_loss,5,42
3,60,53.333333333333336,True,6.666666666666664,ok,no_hr_loss,5,42
4,60,76.8,True,16.799999999999997,ok,no_hr_loss,5,42
5,60,51.891891891891895,True,8.108108108108105,ok,no_hr_loss,5,42
6,60,58.62595419847328,True,1.3740458015267194,ok,no_hr_loss,5,42
7,60,93.65853658536585,True,33.65853658536585,ok,no_hr_loss,5,42
8,60,76.03960396039604,True,16.039603960396036,ok,no_hr_loss,5,42
9,60,67.36842105263158,True,7.368421052631575,ok,no_hr_loss,5,42
10,60,69.81818181818181,True,9.818181818181813,ok,no_hr_loss,5,42
11,60,87.27272727272727,True,27.272727272727266,ok,no_hr_loss,5,42
12,60,65.64102564102564,True,5.641025641025635,ok,no_hr_loss,5,42
13,60,80.0,True,20.0,ok,no_hr_loss,5,42
14,60,82.58064516129032,True,22.58064516129032,ok,no_hr_loss,5,42
15,60,73.14285714285714,True,13.142857142857139,ok,no_hr_loss,5,42
16,60,85.33333333333333,True,25.33333333333333,ok,no_hr_loss,5,42
17,60,73.14285714285714,True,13.142857142857139,ok,no_hr_loss,5,42
18,60,81.70212765957447,True,21.702127659574472,ok,no_hr_loss,5,42
19,60,61.935483870967744,True,1.9354838709677438,ok,no_hr_loss,5,42
20,60,90.3529411764706,True,30.352941176470594,ok,no_hr_loss,5,42
21,60,86.29213483146067,True,26.29213483146067,ok,no_hr_loss,5,42
22,60,69.81818181818181,True,9.818181818181813,ok,no_hr_loss,5,42
23,60,53.70629370629371,True,6.293706293706293,ok,no_hr_loss,5,42
24,60,74.5631067961165,True,14.5631067961165,ok,no_hr_loss,5,42
25,60,83.47826086956522,True,23.47826086956522,ok,no_hr_loss,5,42
26,60,86.29213483146067,True,26.29213483146067,ok,no_hr_loss,5,42
27,60,80.0,True,20.0,ok,no_hr_loss,5,42
28,60,81.70212765957447,True,21.702127659574472,ok,no_hr_loss,5,42
29,60,74.5631067961165,True,14.5631067961165,ok,no_hr_loss,5,42
30,60,57.3134328358209,True,2.6865671641791025,ok,no_hr_loss,5,42
31,60,81.70212765957447,True,21.702127659574472,ok,no_hr_loss,5,42
32,60,68.57142857142857,True,8.57142857142857,ok,no_hr_loss,5,42
33,60,89.30232558139535,True,29.30232558139535,ok,no_hr_loss,5,42
34,60,68.57142857142857,True,8.57142857142857,ok,no_hr_loss,5,42
35,60,64.0,True,4.0,ok,no_hr_loss,5,42
36,60,48.607594936708864,True,11.392405063291136,ok,no_hr_loss,5,42
37,60,75.29411764705883,True,15.294117647058826,ok,no_hr_loss,5,42
38,60,83.47826086956522,True,23.47826086956522,ok,no_hr_loss,5,42
39,60,68.57142857142857,True,8.57142857142857,ok,no_hr_loss,5,42
40,60,87.27272727272727,True,27.272727272727266,ok,no_hr_loss,5,42
41,60,65.08474576271186,True,5.0847457627118615,ok,no_hr_loss,5,42
42,60,76.8,True,16.799999999999997,ok,no_hr_loss,5,42
43,60,78.36734693877551,True,18.367346938775512,ok,no_hr_loss,5,42
44,60,69.1891891891892,True,9.189189189189193,ok,no_hr_loss,5,42
45,60,73.84615384615384,True,13.84615384615384,ok,no_hr_loss,5,42
46,60,79.17525773195877,True,19.175257731958766,ok,no_hr_loss,5,42
47,60,76.8,True,16.799999999999997,ok,no_hr_loss,5,42
48,60,81.70212765957447,True,21.702127659574472,ok,no_hr_loss,5,42
49,60,91.42857142857143,True,31.42857142857143,ok,no_hr_loss,5,42
50,60,66.20689655172414,True,6.206896551724142,ok,no_hr_loss,5,42
51,60,80.0,True,20.0,ok,no_hr_loss,5,42
52,60,76.8,True,16.799999999999997,ok,no_hr_loss,5,42
53,60,81.70212765957447,True,21.702127659574472,ok,no_hr_loss,5,42
54,60,81.70212765957447,True,21.702127659574472,ok,no_hr_loss,5,42
55,60,87.27272727272727,True,27.272727272727266,ok,no_hr_loss,5,42
56,60,66.78260869565217,True,6.782608695652172,ok,no_hr_loss,5,42
57,60,80.0,True,20.0,ok,no_hr_loss,5,42
58,60,85.33333333333333,True,25.33333333333333,ok,no_hr_loss,5,42
59,60,80.0,True,20.0,ok,no_hr_loss,5,42
60,60,81.70212765957447,True,21.702127659574472,ok,no_hr_loss,5,42
61,60,73.84615384615384,True,13.84615384615384,ok,no_hr_loss,5,42
62,60,72.45283018867924,True,12.452830188679243,ok,no_hr_loss,5,42
63,60,87.27272727272727,True,27.272727272727266,ok,no_hr_loss,5,42
64,60,73.84615384615384,True,13.84615384615384,ok,no_hr_loss,5,42
65,60,76.8,True,16.799999999999997,ok,no_hr_loss,5,42
66,60,54.08450704225352,True,5.91549295774648,ok,no_hr_loss,5,42
67,60,79.17525773195877,True,19.175257731958766,ok,no_hr_loss,5,42
68,60,74.5631067961165,True,14.5631067961165,ok,no_hr_loss,5,42
69,60,66.20689655172414,True,6.206896551724142,ok,no_hr_loss,5,42
70,60,68.57142857142857,True,8.57142857142857,ok,no_hr_loss,5,42
71,60,56.058394160583944,True,3.941605839416056,ok,no_hr_loss,5,42
72,60,54.857142857142854,True,5.142857142857146,ok,no_hr_loss,5,42
73,60,71.11111111111111,True,11.111111111111114,ok,no_hr_loss,5,42
74,60,85.33333333333333,True,25.33333333333333,ok,no_hr_loss,5,42
75,60,61.935483870967744,True,1.9354838709677438,ok,no_hr_loss,5,42
76,60,85.33333333333333,True,25.33333333333333,ok,no_hr_loss,5,42
77,60,84.3956043956044,True,24.395604395604394,ok,no_hr_loss,5,42
78,60,68.57142857142857,True,8.57142857142857,ok,no_hr_loss,5,42
79,60,73.14285714285714,True,13.142857142857139,ok,no_hr_loss,5,42
80,60,78.36734693877551,True,18.367346938775512,ok,no_hr_loss,5,42
81,60,80.0,True,20.0,ok,no_hr_loss,5,42
82,60,76.8,True,16.799999999999997,ok,no_hr_loss,5,42
83,60,86.29213483146067,True,26.29213483146067,ok,no_hr_loss,5,42
84,60,89.30232558139535,True,29.30232558139535,ok,no_hr_loss,5,42
85,60,51.54362416107382,True,8.456375838926178,ok,no_hr_loss,5,42
86,60,78.36734693877551,True,18.367346938775512,ok,no_hr_loss,5,42
87,60,87.27272727272727,True,27.272727272727266,ok,no_hr_loss,5,42
88,60,64.0,True,4.0,ok,no_hr_loss,5,42
89,60,73.84615384615384,True,13.84615384615384,ok,no_hr_loss,5,42
90,60,89.30232558139535,True,29.30232558139535,ok,no_hr_loss,5,42
91,60,78.36734693877551,True,18.367346938775512,ok,no_hr_loss,5,42
92,60,74.5631067961165,True,14.5631067961165,ok,no_hr_loss,5,42
93,60,85.33333333333333,True,25.33333333333333,ok,no_hr_loss,5,42
94,60,78.36734693877551,True,18.367346938775512,ok,no_hr_loss,5,42
95,60,83.47826086956522,True,23.47826086956522,ok,no_hr_loss,5,42
96,60,91.42857142857143,True,31.42857142857143,ok,no_hr_loss,5,42
97,60,76.8,True,16.799999999999997,ok,no_hr_loss,5,42
98,60,80.0,True,20.0,ok,no_hr_loss,5,42
99,60,83.47826086956522,True,23.47826086956522,ok,no_hr_loss,5,42
100,60,76.03960396039604,True,16.039603960396036,ok,no_hr_loss,5,42
101,60,69.81818181818181,True,9.818181818181813,ok,no_hr_loss,5,42
102,60,76.8,True,16.799999999999997,ok,no_hr_loss,5,42
103,60,90.3529411764706,True,30.352941176470594,ok,no_hr_loss,5,42
104,60,77.57575757575758,True,17.575757575757578,ok,no_hr_loss,5,42
105,60,68.57142857142857,True,8.57142857142857,ok,no_hr_loss,5,42
106,60,79.17525773195877,True,19.175257731958766,ok,no_hr_loss,5,42
107,60,64.53781512605042,True,4.537815126050418,ok,no_hr_loss,5,42
108,60,74.5631067961165,True,14.5631067961165,ok,no_hr_loss,5,42
109,60,75.29411764705883,True,15.294117647058826,ok,no_hr_loss,5,42
110,60,69.81818181818181,True,9.818181818181813,ok,no_hr_loss,5,42
111,60,85.33333333333333,True,25.33333333333333,ok,no_hr_loss,5,42
112,60,87.27272727272727,True,27.272727272727266,ok,no_hr_loss,5,42
113,60,72.45283018867924,True,12.452830188679243,ok,no_hr_loss,5,42
114,60,81.70212765957447,True,21.702127659574472,ok,no_hr_loss,5,42
115,60,80.0,True,20.0,ok,no_hr_loss,5,42
116,60,69.81818181818181,True,9.818181818181813,ok,no_hr_loss,5,42
117,60,86.29213483146067,True,26.29213483146067,ok,no_hr_loss,5,42
118,60,75.29411764705883,True,15.294117647058826,ok,no_hr_loss,5,42
119,60,73.84615384615384,True,13.84615384615384,ok,no_hr_loss,5,42
120,60,75.29411764705883,True,15.294117647058826,ok,no_hr_loss,5,42
121,60,70.45871559633028,True,10.45871559633028,ok,no_hr_loss,5,42
122,60,62.950819672131146,True,2.9508196721311464,ok,no_hr_loss,5,42
123,60,73.84615384615384,True,13.84615384615384,ok,no_hr_loss,5,42
124,60,80.0,True,20.0,ok,no_hr_loss,5,42
125,60,96.0,True,36.0,ok,no_hr_loss,5,42
126,60,80.0,True,20.0,ok,no_hr_loss,5,42
127,60,86.29213483146067,True,26.29213483146067,ok,no_hr_loss,5,42
128,60,60.95238095238095,True,0.952380952380949,ok,no_hr_loss,5,42
129,60,80.0,True,20.0,ok,no_hr_loss,5,42
130,60,74.5631067961165,True,14.5631067961165,ok,no_hr_loss,5,42
131,60,72.45283018867924,True,12.452830188679243,ok,no_hr_loss,5,42
132,60,63.47107438016529,True,3.471074380165291,ok,no_hr_loss,5,42
133,60,72.45283018867924,True,12.452830188679243,ok,no_hr_loss,5,42
134,60,76.03960396039604,True,16.039603960396036,ok,no_hr_loss,5,42
135,60,82.58064516129032,True,22.58064516129032,ok,no_hr_loss,5,42
136,60,75.29411764705883,True,15.294117647058826,ok,no_hr_loss,5,42
137,60,93.65853658536585,True,33.65853658536585,ok,no_hr_loss,5,42
138,60,58.18181818181818,True,1.8181818181818201,ok,no_hr_loss,5,42
139,60,72.45283018867924,True,12.452830188679243,ok,no_hr_loss,5,42
140,60,80.0,True,20.0,ok,no_hr_loss,5,42
141,60,60.47244094488189,True,0.4724409448818889,ok,no_hr_loss,5,42
142,60,83.47826086956522,True,23.47826086956522,ok,no_hr_loss,5,42
143,60,69.81818181818181,True,9.818181818181813,ok,no_hr_loss,5,42
144,60,48.607594936708864,True,11.392405063291136,ok,no_hr_loss,5,42
145,60,65.08474576271186,True,5.0847457627118615,ok,no_hr_loss,5,42
146,60,83.47826086956522,True,23.47826086956522,ok,no_hr_loss,5,42
147,60,84.3956043956044,True,24.395604395604394,ok,no_hr_loss,5,42
148,60,82.58064516129032,True,22.58064516129032,ok,no_hr_loss,5,42
149,60,66.20689655172414,True,6.206896551724142,ok,no_hr_loss,5,42
150,60,83.47826086956522,True,23.47826086956522,ok,no_hr_loss,5,42
151,60,79.17525773195877,True,19.175257731958766,ok,no_hr_loss,5,42
152,60,66.20689655172414,True,6.206896551724142,ok,no_hr_loss,5,42
153,60,76.03960396039604,True,16.039603960396036,ok,no_hr_loss,5,42
154,60,60.95238095238095,True,0.952380952380949,ok,no_hr_loss,5,42
155,60,69.81818181818181,True,9.818181818181813,ok,no_hr_loss,5,42
156,60,79.17525773195877,True,19.175257731958766,ok,no_hr_loss,5,42
157,60,62.950819672131146,True,2.9508196721311464,ok,no_hr_loss,5,42
158,60,73.14285714285714,True,13.142857142857139,ok,no_hr_loss,5,42
159,60,85.33333333333333,True,25.33333333333333,ok,no_hr_loss,5,42
160,60,55.25179856115108,True,4.748201438848923,ok,no_hr_loss,5,42
161,60,78.36734693877551,True,18.367346938775512,ok,no_hr_loss,5,42
162,60,87.27272727272727,True,27.272727272727266,ok,no_hr_loss,5,42
163,60,56.470588235294116,True,3.529411764705884,ok,no_hr_loss,5,42
164,60,80.84210526315789,True,20.84210526315789,ok,no_hr_loss,5,42
165,60,72.45283018867924,True,12.452830188679243,ok,no_hr_loss,5,42
166,60,60.95238095238095,True,0.952380952380949,ok,no_hr_loss,5,42
167,60,73.84615384615384,True,13.84615384615384,ok,no_hr_loss,5,42
168,60,71.77570093457943,True,11.775700934579433,ok,no_hr_loss,5,42
169,60,72.45283018867924,True,12.452830188679243,ok,no_hr_loss,5,42
170,60,80.0,True,20.0,ok,no_hr_loss,5,42
171,60,80.0,True,20.0,ok,no_hr_loss,5,42
172,60,77.57575757575758,True,17.575757575757578,ok,no_hr_loss,5,42
173,60,65.08474576271186,True,5.0847457627118615,ok,no_hr_loss,5,42
174,60,60.47244094488189,True,0.4724409448818889,ok,no_hr_loss,5,42
175,60,78.36734693877551,True,18.367346938775512,ok,no_hr_loss,5,42
176,60,85.33333333333333,True,25.33333333333333,ok,no_hr_loss,5,42
177,60,71.11111111111111,True,11.111111111111114,ok,no_hr_loss,5,42
178,60,65.64102564102564,True,5.641025641025635,ok,no_hr_loss,5,42
179,60,78.36734693877551,True,18.367346938775512,ok,no_hr_loss,5,42
180,60,87.27272727272727,True,27.272727272727266,ok,no_hr_loss,5,42
181,60,80.0,True,20.0,ok,no_hr_loss,5,42
182,60,96.0,True,36.0,ok,no_hr_loss,5,42
183,60,80.0,True,20.0,ok,no_hr_loss,5,42
184,60,72.45283018867924,True,12.452830188679243,ok,no_hr_loss,5,42
185,60,87.27272727272727,True,27.272727272727266,ok,no_hr_loss,5,42
186,60,83.47826086956522,True,23.47826086956522,ok,no_hr_loss,5,42
187,60,71.11111111111111,True,11.111111111111114,ok,no_hr_loss,5,42
188,60,76.8,True,16.799999999999997,ok,no_hr_loss,5,42
189,60,87.27272727272727,True,27.272727272727266,ok,no_hr_loss,5,42
190,60,73.84615384615384,True,13.84615384615384,ok,no_hr_loss,5,42
191,60,51.54362416107382,True,8.456375838926178,ok,no_hr_loss,5,42
192,60,89.30232558139535,True,29.30232558139535,ok,no_hr_loss,5,42
193,60,80.0,True,20.0,ok,no_hr_loss,5,42
194,60,77.57575757575758,True,17.575757575757578,ok,no_hr_loss,5,42
195,60,83.47826086956522,True,23.47826086956522,ok,no_hr_loss,5,42
196,60,68.57142857142857,True,8.57142857142857,ok,no_hr_loss,5,42
197,60,80.0,True,20.0,ok,no_hr_loss,5,42
198,60,86.29213483146067,True,26.29213483146067,ok,no_hr_loss,5,42
199,60,80.0,True,20.0,ok,no_hr_loss,5,42
200,60,60.0,True,0.0,ok,no_hr_loss,5,42
201,60,87.27272727272727,True,27.272727272727266,ok,no_hr_loss,5,42
202,60,83.47826086956522,True,23.47826086956522,ok,no_hr_loss,5,42
203,60,86.29213483146067,True,26.29213483146067,ok,no_hr_loss,5,42
204,60,76.03960396039604,True,16.039603960396036,ok,no_hr_loss,5,42
205,60,73.84615384615384,True,13.84615384615384,ok,no_hr_loss,5,42
206,60,80.0,True,20.0,ok,no_hr_loss,5,42
207,60,81.70212765957447,True,21.702127659574472,ok,no_hr_loss,5,42
208,60,76.8,True,16.799999999999997,ok,no_hr_loss,5,42
209,60,79.17525773195877,True,19.175257731958766,ok,no_hr_loss,5,42
210,60,85.33333333333333,True,25.33333333333333,ok,no_hr_loss,5,42
211,60,83.47826086956522,True,23.47826086956522,ok,no_hr_loss,5,42
212,60,80.0,True,20.0,ok,no_hr_loss,5,42
213,60,68.57142857142857,True,8.57142857142857,ok,no_hr_loss,5,42
214,60,65.08474576271186,True,5.0847457627118615,ok,no_hr_loss,5,42
215,60,77.57575757575758,True,17.575757575757578,ok,no_hr_loss,5,42
216,60,80.0,True,20.0,ok,no_hr_loss,5,42
217,60,72.45283018867924,True,12.452830188679243,ok,no_hr_loss,5,42
218,60,87.27272727272727,True,27.272727272727266,ok,no_hr_loss,5,42
219,60,73.84615384615384,True,13.84615384615384,ok,no_hr_loss,5,42
220,60,71.77570093457943,True,11.775700934579433,ok,no_hr_loss,5,42
221,60,81.70212765957447,True,21.702127659574472,ok,no_hr_loss,5,42
222,60,75.29411764705883,True,15.294117647058826,ok,no_hr_loss,5,42
223,60,80.0,True,20.0,ok,no_hr_loss,5,42
224,60,71.11111111111111,True,11.111111111111114,ok,no_hr_loss,5,42
225,60,81.70212765957447,True,21.702127659574472,ok,no_hr_loss,5,42
226,60,80.0,True,20.0,ok,no_hr_loss,5,42
227,60,80.0,True,20.0,ok,no_hr_loss,5,42
228,60,59.07692307692308,True,0.9230769230769198,ok,no_hr_loss,5,42
229,60,76.8,True,16.799999999999997,ok,no_hr_loss,5,42
230,60,83.47826086956522,True,23.47826086956522,ok,no_hr_loss,5,42
231,60,92.53012048192771,True,32.53012048192771,ok,no_hr_loss,5,42
232,60,69.81818181818181,True,9.818181818181813,ok,no_hr_loss,5,42
233,60,85.33333333333333,True,25.33333333333333,ok,no_hr_loss,5,42
234,60,83.47826086956522,True,23.47826086956522,ok,no_hr_loss,5,42
235,60,72.45283018867924,True,12.452830188679243,ok,no_hr_loss,5,42
236,60,73.84615384615384,True,13.84615384615384,ok,no_hr_loss,5,42
237,60,81.70212765957447,True,21.702127659574472,ok,no_hr_loss,5,42
238,60,81.70212765957447,True,21.702127659574472,ok,no_hr_loss,5,42
239,60,91.42857142857143,True,31.42857142857143,ok,no_hr_loss,5,42
240,60,79.17525773195877,True,19.175257731958766,ok,no_hr_loss,5,42
241,60,76.8,True,16.799999999999997,ok,no_hr_loss,5,42
242,60,85.33333333333333,True,25.33333333333333,ok,no_hr_loss,5,42
243,60,80.0,True,20.0,ok,no_hr_loss,5,42
244,60,67.36842105263158,True,7.368421052631575,ok,no_hr_loss,5,42
245,60,69.81818181818181,True,9.818181818181813,ok,no_hr_loss,5,42
246,60,80.0,True,20.0,ok,no_hr_loss,5,42
247,60,86.29213483146067,True,26.29213483146067,ok,no_hr_loss,5,42
248,60,73.84615384615384,True,13.84615384615384,ok,no_hr_loss,5,42
249,60,72.45283018867924,True,12.452830188679243,ok,no_hr_loss,5,42
250,60,72.45283018867924,True,12.452830188679243,ok,no_hr_loss,5,42
251,60,76.03960396039604,True,16.039603960396036,ok,no_hr_loss,5,42
252,60,80.84210526315789,True,20.84210526315789,ok,no_hr_loss,5,42
253,60,69.81818181818181,True,9.818181818181813,ok,no_hr_loss,5,42
254,60,66.20689655172414,True,6.206896551724142,ok,no_hr_loss,5,42
255,60,90.3529411764706,True,30.352941176470594,ok,no_hr_loss,5,42
256,60,61.935483870967744,True,1.9354838709677438,ok,no_hr_loss,5,42
257,60,80.0,True,20.0,ok,no_hr_loss,5,42
258,60,80.0,True,20.0,ok,no_hr_loss,5,42
259,60,84.3956043956044,True,24.395604395604394,ok,no_hr_loss,5,42
260,60,78.36734693877551,True,18.367346938775512,ok,no_hr_loss,5,42
261,60,76.8,True,16.799999999999997,ok,no_hr_loss,5,42
262,60,83.47826086956522,True,23.47826086956522,ok,no_hr_loss,5,42
263,60,78.36734693877551,True,18.367346938775512,ok,no_hr_loss,5,42
264,60,79.17525773195877,True,19.175257731958766,ok,no_hr_loss,5,42
265,60,76.8,True,16.799999999999997,ok,no_hr_loss,5,42
266,60,81.70212765957447,True,21.702127659574472,ok,no_hr_loss,5,42
267,60,71.11111111111111,True,11.111111111111114,ok,no_hr_loss,5,42
268,60,59.07692307692308,True,0.9230769230769198,ok,no_hr_loss,5,42
269,60,77.57575757575758,True,17.575757575757578,ok,no_hr_loss,5,42
270,60,77.57575757575758,True,17.575757575757578,ok,no_hr_loss,5,42
271,60,71.77570093457943,True,11.775700934579433,ok,no_hr_loss,5,42
272,60,78.36734693877551,True,18.367346938775512,ok,no_hr_loss,5,42
273,60,62.950819672131146,True,2.9508196721311464,ok,no_hr_loss,5,42
274,60,76.8,True,16.799999999999997,ok,no_hr_loss,5,42
275,60,76.8,True,16.799999999999997,ok,no_hr_loss,5,42
276,60,75.29411764705883,True,15.294117647058826,ok,no_hr_loss,5,42
277,60,76.8,True,16.799999999999997,ok,no_hr_loss,5,42
278,60,51.2,True,8.799999999999997,ok,no_hr_loss,5,42
279,60,83.47826086956522,True,23.47826086956522,ok,no_hr_loss,5,42
280,60,80.84210526315789,True,20.84210526315789,ok,no_hr_loss,5,42
281,60,87.27272727272727,True,27.272727272727266,ok,no_hr_loss,5,42
282,60,70.45871559633028,True,10.45871559633028,ok,no_hr_loss,5,42
283,60,72.45283018867924,True,12.452830188679243,ok,no_hr_loss,5,42
284,60,68.57142857142857,True,8.57142857142857,ok,no_hr_loss,5,42
285,60,75.29411764705883,True,15.294117647058826,ok,no_hr_loss,5,42
286,60,73.14285714285714,True,13.142857142857139,ok,no_hr_loss,5,42
287,60,83.47826086956522,True,23.47826086956522,ok,no_hr_loss,5,42
288,60,79.17525773195877,True,19.175257731958766,ok,no_hr_loss,5,42
289,60,66.78260869565217,True,6.782608695652172,ok,no_hr_loss,5,42
290,60,81.70212765957447,True,21.702127659574472,ok,no_hr_loss,5,42
291,60,87.27272727272727,True,27.272727272727266,ok,no_hr_loss,5,42
292,60,71.11111111111111,True,11.111111111111114,ok,no_hr_loss,5,42
293,60,71.77570093457943,True,11.775700934579433,ok,no_hr_loss,5,42
294,60,67.36842105263158,True,7.368421052631575,ok,no_hr_loss,5,42
295,60,78.36734693877551,True,18.367346938775512,ok,no_hr_loss,5,42
296,60,76.8,True,16.799999999999997,ok,no_hr_loss,5,42
297,60,79.17525773195877,True,19.175257731958766,ok,no_hr_loss,5,42
298,60,71.11111111111111,True,11.111111111111114,ok,no_hr_loss,5,42
299,60,80.0,True,20.0,ok,no_hr_loss,5,42
300,60,78.36734693877551,True,18.367346938775512,ok,no_hr_loss,5,42
301,60,91.42857142857143,True,31.42857142857143,ok,no_hr_loss,5,42
302,60,80.0,True,20.0,ok,no_hr_loss,5,42
303,60,76.03960396039604,True,16.039603960396036,ok,no_hr_loss,5,42
304,60,75.29411764705883,True,15.294117647058826,ok,no_hr_loss,5,42
305,60,80.0,True,20.0,ok,no_hr_loss,5,42
306,60,87.27272727272727,True,27.272727272727266,ok,no_hr_loss,5,42
307,60,80.0,True,20.0,ok,no_hr_loss,5,42
308,60,80.0,True,20.0,ok,no_hr_loss,5,42
309,60,68.57142857142857,True,8.57142857142857,ok,no_hr_loss,5,42
310,60,50.86092715231788,True,9.139072847682122,ok,no_hr_loss,5,42
311,60,54.857142857142854,True,5.142857142857146,ok,no_hr_loss,5,42
312,60,85.33333333333333,True,25.33333333333333,ok,no_hr_loss,5,42
313,60,78.36734693877551,True,18.367346938775512,ok,no_hr_loss,5,42
314,60,80.0,True,20.0,ok,no_hr_loss,5,42
315,60,83.47826086956522,True,23.47826086956522,ok,no_hr_loss,5,42
316,60,85.33333333333333,True,25.33333333333333,ok,no_hr_loss,5,42
317,60,70.45871559633028,True,10.45871559633028,ok,no_hr_loss,5,42
318,60,96.0,True,36.0,ok,no_hr_loss,5,42
319,60,74.5631067961165,True,14.5631067961165,ok,no_hr_loss,5,42
320,60,80.0,True,20.0,ok,no_hr_loss,5,42
321,60,83.47826086956522,True,23.47826086956522,ok,no_hr_loss,5,42
322,60,64.53781512605042,True,4.537815126050418,ok,no_hr_loss,5,42
323,60,73.14285714285714,True,13.142857142857139,ok,no_hr_loss,5,42
324,60,69.1891891891892,True,9.189189189189193,ok,no_hr_loss,5,42
325,60,80.0,True,20.0,ok,no_hr_loss,5,42
326,60,80.0,True,20.0,ok,no_hr_loss,5,42
327,60,80.0,True,20.0,ok,no_hr_loss,5,42
328,60,66.20689655172414,True,6.206896551724142,ok,no_hr_loss,5,42
329,60,71.11111111111111,True,11.111111111111114,ok,no_hr_loss,5,42
330,60,75.29411764705883,True,15.294117647058826,ok,no_hr_loss,5,42
331,60,76.8,True,16.799999999999997,ok,no_hr_loss,5,42
332,60,69.81818181818181,True,9.818181818181813,ok,no_hr_loss,5,42
333,60,84.3956043956044,True,24.395604395604394,ok,no_hr_loss,5,42
334,60,61.935483870967744,True,1.9354838709677438,ok,no_hr_loss,5,42
335,60,69.81818181818181,True,9.818181818181813,ok,no_hr_loss,5,42
336,60,66.20689655172414,True,6.206896551724142,ok,no_hr_loss,5,42
337,60,93.65853658536585,True,33.65853658536585,ok,no_hr_loss,5,42
338,60,93.65853658536585,True,33.65853658536585,ok,no_hr_loss,5,42
339,60,77.57575757575758,True,17.575757575757578,ok,no_hr_loss,5,42
340,60,75.29411764705883,True,15.294117647058826,ok,no_hr_loss,5,42
341,60,60.0,True,0.0,ok,no_hr_loss,5,42
342,60,76.03960396039604,True,16.039603960396036,ok,no_hr_loss,5,42
343,60,66.78260869565217,True,6.782608695652172,ok,no_hr_loss,5,42
344,60,85.33333333333333,True,25.33333333333333,ok,no_hr_loss,5,42
345,60,65.08474576271186,True,5.0847457627118615,ok,no_hr_loss,5,42
346,60,50.526315789473685,True,9.473684210526315,ok,no_hr_loss,5,42
347,60,69.81818181818181,True,9.818181818181813,ok,no_hr_loss,5,42
348,60,69.81818181818181,True,9.818181818181813,ok,no_hr_loss,5,42
349,60,87.27272727272727,True,27.272727272727266,ok,no_hr_loss,5,42
350,60,73.14285714285714,True,13.142857142857139,ok,no_hr_loss,5,42
351,60,89.30232558139535,True,29.30232558139535,ok,no_hr_loss,5,42
352,60,48.607594936708864,True,11.392405063291136,ok,no_hr_loss,5,42
353,60,77.57575757575758,True,17.575757575757578,ok,no_hr_loss,5,42
354,60,81.70212765957447,True,21.702127659574472,ok,no_hr_loss,5,42
355,60,75.29411764705883,True,15.294117647058826,ok,no_hr_loss,5,42
356,60,56.888888888888886,True,3.1111111111111143,ok,no_hr_loss,5,42
357,60,80.0,True,20.0,ok,no_hr_loss,5,42
358,60,75.29411764705883,True,15.294117647058826,ok,no_hr_loss,5,42
359,60,87.27272727272727,True,27.272727272727266,ok,no_hr_loss,5,42
360,60,70.45871559633028,True,10.45871559633028,ok,no_hr_loss,5,42
361,60,51.2,True,8.799999999999997,ok,no_hr_loss,5,42
362,60,50.86092715231788,True,9.139072847682122,ok,no_hr_loss,5,42
363,60,79.17525773195877,True,19.175257731958766,ok,no_hr_loss,5,42
364,60,84.3956043956044,True,24.395604395604394,ok,no_hr_loss,5,42
365,60,78.36734693877551,True,18.367346938775512,ok,no_hr_loss,5,42
366,60,45.1764705882353,True,14.823529411764703,ok,no_hr_loss,5,42
367,60,76.8,True,16.799999999999997,ok,no_hr_loss,5,42
368,60,81.70212765957447,True,21.702127659574472,ok,no_hr_loss,5,42
369,60,85.33333333333333,True,25.33333333333333,ok,no_hr_loss,5,42
370,60,90.3529411764706,True,30.352941176470594,ok,no_hr_loss,5,42
371,60,83.47826086956522,True,23.47826086956522,ok,no_hr_loss,5,42
372,60,60.0,True,0.0,ok,no_hr_loss,5,42
373,60,83.47826086956522,True,23.47826086956522,ok,no_hr_loss,5,42
374,60,80.0,True,20.0,ok,no_hr_loss,5,42
375,60,70.45871559633028,True,10.45871559633028,ok,no_hr_loss,5,42
376,60,91.42857142857143,True,31.42857142857143,ok,no_hr_loss,5,42
377,60,83.47826086956522,True,23.47826086956522,ok,no_hr_loss,5,42
378,60,78.36734693877551,True,18.367346938775512,ok,no_hr_loss,5,42
379,60,64.0,True,4.0,ok,no_hr_loss,5,42
380,60,81.70212765957447,True,21.702127659574472,ok,no_hr_loss,5,42
381,60,76.8,True,16.799999999999997,ok,no_hr_loss,5,42
382,60,85.33333333333333,True,25.33333333333333,ok,no_hr_loss,5,42
383,60,65.08474576271186,True,5.0847457627118615,ok,no_hr_loss,5,42
384,60,71.11111111111111,True,11.111111111111114,ok,no_hr_loss,5,42
385,60,67.36842105263158,True,7.368421052631575,ok,no_hr_loss,5,42
386,60,73.84615384615384,True,13.84615384615384,ok,no_hr_loss,5,42
387,60,75.29411764705883,True,15.294117647058826,ok,no_hr_loss,5,42
388,60,78.36734693877551,True,18.367346938775512,ok,no_hr_loss,5,42
389,60,76.8,True,16.799999999999997,ok,no_hr_loss,5,42
390,60,44.13793103448276,True,15.862068965517238,ok,no_hr_loss,5,42
391,60,87.27272727272727,True,27.272727272727266,ok,no_hr_loss,5,42
392,60,68.57142857142857,True,8.57142857142857,ok,no_hr_loss,5,42
393,60,91.42857142857143,True,31.42857142857143,ok,no_hr_loss,5,42
394,60,93.65853658536585,True,33.65853658536585,ok,no_hr_loss,5,42
395,60,76.03960396039604,True,16.039603960396036,ok,no_hr_loss,5,42
396,60,70.45871559633028,True,10.45871559633028,ok,no_hr_loss,5,42
397,60,80.0,True,20.0,ok,no_hr_loss,5,42
398,60,75.29411764705883,True,15.294117647058826,ok,no_hr_loss,5,42
399,60,78.36734693877551,True,18.367346938775512,ok,no_hr_loss,5,42
400,60,78.36734693877551,True,18.367346938775512,ok,no_hr_loss,5,42
401,60,76.8,True,16.799999999999997,ok,no_hr_loss,5,42
402,60,78.36734693877551,True,18.367346938775512,ok,no_hr_loss,5,42
403,60,68.57142857142857,True,8.57142857142857,ok,no_hr_loss,5,42
404,60,81.70212765957447,True,21.702127659574472,ok,no_hr_loss,5,42
405,60,73.84615384615384,True,13.84615384615384,ok,no_hr_loss,5,42
406,60,67.36842105263158,True,7.368421052631575,ok,no_hr_loss,5,42
407,60,72.45283018867924,True,12.452830188679243,ok,no_hr_loss,5,42
408,60,65.08474576271186,True,5.0847457627118615,ok,no_hr_loss,5,42
409,60,66.20689655172414,True,6.206896551724142,ok,no_hr_loss,5,42
410,60,86.29213483146067,True,26.29213483146067,ok,no_hr_loss,5,42
411,60,76.03960396039604,True,16.039603960396036,ok,no_hr_loss,5,42
412,60,73.84615384615384,True,13.84615384615384,ok,no_hr_loss,5,42
413,60,80.0,True,20.0,ok,no_hr_loss,5,42
414,60,83.47826086956522,True,23.47826086956522,ok,no_hr_loss,5,42
415,60,77.57575757575758,True,17.575757575757578,ok,no_hr_loss,5,42
416,60,75.29411764705883,True,15.294117647058826,ok,no_hr_loss,5,42
417,60,79.17525773195877,True,19.175257731958766,ok,no_hr_loss,5,42
418,60,85.33333333333333,True,25.33333333333333,ok,no_hr_loss,5,42
419,60,81.70212765957447,True,21.702127659574472,ok,no_hr_loss,5,42
420,60,85.33333333333333,True,25.33333333333333,ok,no_hr_loss,5,42
421,60,64.0,True,4.0,ok,no_hr_loss,5,42
422,60,87.27272727272727,True,27.272727272727266,ok,no_hr_loss,5,42
423,60,83.47826086956522,True,23.47826086956522,ok,no_hr_loss,5,42
424,60,60.95238095238095,True,0.952380952380949,ok,no_hr_loss,5,42
425,60,56.470588235294116,True,3.529411764705884,ok,no_hr_loss,5,42
426,60,81.70212765957447,True,21.702127659574472,ok,no_hr_loss,5,42
427,60,80.0,True,20.0,ok,no_hr_loss,5,42
428,60,75.29411764705883,True,15.294117647058826,ok,no_hr_loss,5,42
429,60,61.935483870967744,True,1.9354838709677438,ok,no_hr_loss,5,42
430,60,75.29411764705883,True,15.294117647058826,ok,no_hr_loss,5,42
431,60,52.96551724137931,True,7.03448275862069,ok,no_hr_loss,5,42
432,60,76.03960396039604,True,16.039603960396036,ok,no_hr_loss,5,42
433,60,80.0,True,20.0,ok,no_hr_loss,5,42
434,60,73.84615384615384,True,13.84615384615384,ok,no_hr_loss,5,42
435,60,52.244897959183675,True,7.755102040816325,ok,no_hr_loss,5,42
436,60,80.0,True,20.0,ok,no_hr_loss,5,42
437,60,80.84210526315789,True,20.84210526315789,ok,no_hr_loss,5,42
438,60,73.84615384615384,True,13.84615384615384,ok,no_hr_loss,5,42
439,60,73.84615384615384,True,13.84615384615384,ok,no_hr_loss,5,42
440,60,81.70212765957447,True,21.702127659574472,ok,no_hr_loss,5,42
441,60,78.36734693877551,True,18.367346938775512,ok,no_hr_loss,5,42
442,60,78.36734693877551,True,18.367346938775512,ok,no_hr_loss,5,42
443,60,69.1891891891892,True,9.189189189189193,ok,no_hr_loss,5,42
444,60,85.33333333333333,True,25.33333333333333,ok,no_hr_loss,5,42
445,60,78.36734693877551,True,18.367346938775512,ok,no_hr_loss,5,42
446,60,78.36734693877551,True,18.367346938775512,ok,no_hr_loss,5,42
447,60,75.29411764705883,True,15.294117647058826,ok,no_hr_loss,5,42
448,60,77.57575757575758,True,17.575757575757578,ok,no_hr_loss,5,42
449,60,72.45283018867924,True,12.452830188679243,ok,no_hr_loss,5,42
450,60,78.36734693877551,True,18.367346938775512,ok,no_hr_loss,5,42
451,60,72.45283018867924,True,12.452830188679243,ok,no_hr_loss,5,42
452,60,81.70212765957447,True,21.702127659574472,ok,no_hr_loss,5,42
453,60,83.47826086956522,True,23.47826086956522,ok,no_hr_loss,5,42
454,60,69.81818181818181,True,9.818181818181813,ok,no_hr_loss,5,42
455,60,78.36734693877551,True,18.367346938775512,ok,no_hr_loss,5,42
456,60,71.11111111111111,True,11.111111111111114,ok,no_hr_loss,5,42
457,60,74.5631067961165,True,14.5631067961165,ok,no_hr_loss,5,42
458,60,64.0,True,4.0,ok,no_hr_loss,5,42
459,60,80.0,True,20.0,ok,no_hr_loss,5,42
460,60,78.36734693877551,True,18.367346938775512,ok,no_hr_loss,5,42
461,60,67.96460176991151,True,7.964601769911511,ok,no_hr_loss,5,42
462,60,76.8,True,16.799999999999997,ok,no_hr_loss,5,42
463,60,73.84615384615384,True,13.84615384615384,ok,no_hr_loss,5,42
464,60,86.29213483146067,True,26.29213483146067,ok,no_hr_loss,5,42
465,60,75.29411764705883,True,15.294117647058826,ok,no_hr_loss,5,42
466,60,89.30232558139535,True,29.30232558139535,ok,no_hr_loss,5,42
467,60,72.45283018867924,True,12.452830188679243,ok,no_hr_loss,5,42
468,60,76.8,True,16.799999999999997,ok,no_hr_loss,5,42
469,60,83.47826086956522,True,23.47826086956522,ok,no_hr_loss,5,42
470,60,81.70212765957447,True,21.702127659574472,ok,no_hr_loss,5,42
471,60,77.57575757575758,True,17.575757575757578,ok,no_hr_loss,5,42
472,60,85.33333333333333,True,25.33333333333333,ok,no_hr_loss,5,42
473,60,80.0,True,20.0,ok,no_hr_loss,5,42
474,60,61.935483870967744,True,1.9354838709677438,ok,no_hr_loss,5,42
475,60,75.29411764705883,True,15.294117647058826,ok,no_hr_loss,5,42
476,60,76.8,True,16.799999999999997,ok,no_hr_loss,5,42
477,60,79.17525773195877,True,19.175257731958766,ok,no_hr_loss,5,42
478,60,59.07692307692308,True,0.9230769230769198,ok,no_hr_loss,5,42
479,60,76.8,True,16.799999999999997,ok,no_hr_loss,5,42
480,60,89.30232558139535,True,29.30232558139535,ok,no_hr_loss,5,42
481,60,92.53012048192771,True,32.53012048192771,ok,no_hr_loss,5,42
482,60,67.96460176991151,True,7.964601769911511,ok,no_hr_loss,5,42
483,60,83.47826086956522,True,23.47826086956522,ok,no_hr_loss,5,42
484,60,77.57575757575758,True,17.575757575757578,ok,no_hr_loss,5,42
485,60,76.03960396039604,True,16.039603960396036,ok,no_hr_loss,5,42
486,60,78.36734693877551,True,18.367346938775512,ok,no_hr_loss,5,42
487,60,83.47826086956522,True,23.47826086956522,ok,no_hr_loss,5,42
488,60,96.0,True,36.0,ok,no_hr_loss,5,42
489,60,54.857142857142854,True,5.142857142857146,ok,no_hr_loss,5,42
490,60,58.62595419847328,True,1.3740458015267194,ok,no_hr_loss,5,42
491,60,59.07692307692308,True,0.9230769230769198,ok,no_hr_loss,5,42
492,60,76.03960396039604,True,16.039603960396036,ok,no_hr_loss,5,42
493,60,75.29411764705883,True,15.294117647058826,ok,no_hr_loss,5,42
494,60,76.03960396039604,True,16.039603960396036,ok,no_hr_loss,5,42
495,60,73.84615384615384,True,13.84615384615384,ok,no_hr_loss,5,42
496,60,64.0,True,4.0,ok,no_hr_loss,5,42
497,60,80.0,True,20.0,ok,no_hr_loss,5,42
498,60,69.81818181818181,True,9.818181818181813,ok,no_hr_loss,5,42
499,60,82.58064516129032,True,22.58064516129032,ok,no_hr_loss,5,42
500,60,76.8,True,16.799999999999997,ok,no_hr_loss,5,42
501,60,93.65853658536585,True,33.65853658536585,ok,no_hr_loss,5,42
502,60,80.0,True,20.0,ok,no_hr_loss,5,42
503,60,83.47826086956522,True,23.47826086956522,ok,no_hr_loss,5,42
504,60,79.17525773195877,True,19.175257731958766,ok,no_hr_loss,5,42
505,60,85.33333333333333,True,25.33333333333333,ok,no_hr_loss,5,42
506,60,87.27272727272727,True,27.272727272727266,ok,no_hr_loss,5,42
507,60,72.45283018867924,True,12.452830188679243,ok,no_hr_loss,5,42
508,60,71.77570093457943,True,11.775700934579433,ok,no_hr_loss,5,42
509,60,82.58064516129032,True,22.58064516129032,ok,no_hr_loss,5,42
510,60,55.65217391304348,True,4.347826086956523,ok,no_hr_loss,5,42
511,60,80.84210526315789,True,20.84210526315789,ok,no_hr_loss,5,42
512,60,87.27272727272727,True,27.272727272727266,ok,no_hr_loss,5,42
513,60,75.29411764705883,True,15.294117647058826,ok,no_hr_loss,5,42
514,60,80.0,True,20.0,ok,no_hr_loss,5,42
515,60,76.03960396039604,True,16.039603960396036,ok,no_hr_loss,5,42
516,60,75.29411764705883,True,15.294117647058826,ok,no_hr_loss,5,42
517,60,81.70212765957447,True,21.702127659574472,ok,no_hr_loss,5,42
518,60,66.20689655172414,True,6.206896551724142,ok,no_hr_loss,5,42
519,60,68.57142857142857,True,8.57142857142857,ok,no_hr_loss,5,42
520,60,74.5631067961165,True,14.5631067961165,ok,no_hr_loss,5,42
521,60,73.84615384615384,True,13.84615384615384,ok,no_hr_loss,5,42
522,60,81.70212765957447,True,21.702127659574472,ok,no_hr_loss,5,42
523,60,68.57142857142857,True,8.57142857142857,ok,no_hr_loss,5,42
524,60,63.47107438016529,True,3.471074380165291,ok,no_hr_loss,5,42
525,60,81.70212765957447,True,21.702127659574472,ok,no_hr_loss,5,42
526,60,55.65217391304348,True,4.347826086956523,ok,no_hr_loss,5,42
527,60,62.950819672131146,True,2.9508196721311464,ok,no_hr_loss,5,42
528,60,78.36734693877551,True,18.367346938775512,ok,no_hr_loss,5,42
529,60,65.08474576271186,True,5.0847457627118615,ok,no_hr_loss,5,42
530,60,71.11111111111111,True,11.111111111111114,ok,no_hr_loss,5,42
531,60,66.20689655172414,True,6.206896551724142,ok,no_hr_loss,5,42
532,60,64.0,True,4.0,ok,no_hr_loss,5,42
533,60,83.47826086956522,True,23.47826086956522,ok,no_hr_loss,5,42
534,60,61.935483870967744,True,1.9354838709677438,ok,no_hr_loss,5,42
535,60,76.8,True,16.799999999999997,ok,no_hr_loss,5,42
536,60,89.30232558139535,True,29.30232558139535,ok,no_hr_loss,5,42
537,60,76.8,True,16.799999999999997,ok,no_hr_loss,5,42
538,60,65.08474576271186,True,5.0847457627118615,ok,no_hr_loss,5,42
539,60,61.935483870967744,True,1.9354838709677438,ok,no_hr_loss,5,42
540,60,80.0,True,20.0,ok,no_hr_loss,5,42
541,60,75.29411764705883,True,15.294117647058826,ok,no_hr_loss,5,42
542,60,67.36842105263158,True,7.368421052631575,ok,no_hr_loss,5,42
543,60,58.62595419847328,True,1.3740458015267194,ok,no_hr_loss,5,42
544,60,73.84615384615384,True,13.84615384615384,ok,no_hr_loss,5,42
545,60,60.95238095238095,True,0.952380952380949,ok,no_hr_loss,5,42
546,60,71.11111111111111,True,11.111111111111114,ok,no_hr_loss,5,42
547,60,75.29411764705883,True,15.294117647058826,ok,no_hr_loss,5,42
548,60,57.3134328358209,True,2.6865671641791025,ok,no_hr_loss,5,42
549,60,68.57142857142857,True,8.57142857142857,ok,no_hr_loss,5,42
550,60,68.57142857142857,True,8.57142857142857,ok,no_hr_loss,5,42
551,60,81.70212765957447,True,21.702127659574472,ok,no_hr_loss,5,42
552,60,73.84615384615384,True,13.84615384615384,ok,no_hr_loss,5,42
553,60,83.47826086956522,True,23.47826086956522,ok,no_hr_loss,5,42
554,60,77.57575757575758,True,17.575757575757578,ok,no_hr_loss,5,42
555,60,69.1891891891892,True,9.189189189189193,ok,no_hr_loss,5,42
556,60,76.03960396039604,True,16.039603960396036,ok,no_hr_loss,5,42
557,60,58.18181818181818,True,1.8181818181818201,ok,no_hr_loss,5,42
558,60,73.84615384615384,True,13.84615384615384,ok,no_hr_loss,5,42
559,60,75.29411764705883,True,15.294117647058826,ok,no_hr_loss,5,42
560,60,69.1891891891892,True,9.189189189189193,ok,no_hr_loss,5,42
561,60,89.30232558139535,True,29.30232558139535,ok,no_hr_loss,5,42
562,60,69.1891891891892,True,9.189189189189193,ok,no_hr_loss,5,42
563,60,58.18181818181818,True,1.8181818181818201,ok,no_hr_loss,5,42
564,60,85.33333333333333,True,25.33333333333333,ok,no_hr_loss,5,42
565,60,60.95238095238095,True,0.952380952380949,ok,no_hr_loss,5,42
566,60,91.42857142857143,True,31.42857142857143,ok,no_hr_loss,5,42
567,60,71.11111111111111,True,11.111111111111114,ok,no_hr_loss,5,42
568,60,66.20689655172414,True,6.206896551724142,ok,no_hr_loss,5,42
569,60,71.11111111111111,True,11.111111111111114,ok,no_hr_loss,5,42
570,60,74.5631067961165,True,14.5631067961165,ok,no_hr_loss,5,42
571,60,73.84615384615384,True,13.84615384615384,ok,no_hr_loss,5,42
572,60,76.8,True,16.799999999999997,ok,no_hr_loss,5,42
573,60,78.36734693877551,True,18.367346938775512,ok,no_hr_loss,5,42
574,60,83.47826086956522,True,23.47826086956522,ok,no_hr_loss,5,42
575,60,68.57142857142857,True,8.57142857142857,ok,no_hr_loss,5,42
576,60,72.45283018867924,True,12.452830188679243,ok,no_hr_loss,5,42
577,60,54.08450704225352,True,5.91549295774648,ok,no_hr_loss,5,42
578,60,76.8,True,16.799999999999997,ok,no_hr_loss,5,42
579,60,76.03960396039604,True,16.039603960396036,ok,no_hr_loss,5,42
580,60,76.03960396039604,True,16.039603960396036,ok,no_hr_loss,5,42
581,60,85.33333333333333,True,25.33333333333333,ok,no_hr_loss,5,42
582,60,72.45283018867924,True,12.452830188679243,ok,no_hr_loss,5,42
583,60,80.0,True,20.0,ok,no_hr_loss,5,42
584,60,65.08474576271186,True,5.0847457627118615,ok,no_hr_loss,5,42
585,60,75.29411764705883,True,15.294117647058826,ok,no_hr_loss,5,42
586,60,85.33333333333333,True,25.33333333333333,ok,no_hr_loss,5,42
587,60,77.57575757575758,True,17.575757575757578,ok,no_hr_loss,5,42
588,60,86.29213483146067,True,26.29213483146067,ok,no_hr_loss,5,42
589,60,85.33333333333333,True,25.33333333333333,ok,no_hr_loss,5,42
590,60,75.29411764705883,True,15.294117647058826,ok,no_hr_loss,5,42
591,60,83.47826086956522,True,23.47826086956522,ok,no_hr_loss,5,42
592,60,89.30232558139535,True,29.30232558139535,ok,no_hr_loss,5,42
593,60,66.20689655172414,True,6.206896551724142,ok,no_hr_loss,5,42
594,60,77.57575757575758,True,17.575757575757578,ok,no_hr_loss,5,42
595,60,81.70212765957447,True,21.702127659574472,ok,no_hr_loss,5,42
596,60,80.84210526315789,True,20.84210526315789,ok,no_hr_loss,5,42
597,60,89.30232558139535,True,29.30232558139535,ok,no_hr_loss,5,42
598,60,70.45871559633028,True,10.45871559633028,ok,no_hr_loss,5,42
599,60,76.8,True,16.799999999999997,ok,no_hr_loss,5,42
600,60,71.11111111111111,True,11.111111111111114,ok,no_hr_loss,5,42
601,60,78.36734693877551,True,18.367346938775512,ok,no_hr_loss,5,42
602,60,83.47826086956522,True,23.47826086956522,ok,no_hr_loss,5,42
603,60,78.36734693877551,True,18.367346938775512,ok,no_hr_loss,5,42
604,60,85.33333333333333,True,25.33333333333333,ok,no_hr_loss,5,42
605,60,60.0,True,0.0,ok,no_hr_loss,5,42
606,60,60.95238095238095,True,0.952380952380949,ok,no_hr_loss,5,42
607,60,73.14285714285714,True,13.142857142857139,ok,no_hr_loss,5,42
608,60,84.3956043956044,True,24.395604395604394,ok,no_hr_loss,5,42
609,60,65.08474576271186,True,5.0847457627118615,ok,no_hr_loss,5,42
610,60,73.84615384615384,True,13.84615384615384,ok,no_hr_loss,5,42
611,60,80.0,True,20.0,ok,no_hr_loss,5,42
612,60,75.29411764705883,True,15.294117647058826,ok,no_hr_loss,5,42
613,60,71.11111111111111,True,11.111111111111114,ok,no_hr_loss,5,42
614,60,71.11111111111111,True,11.111111111111114,ok,no_hr_loss,5,42
615,60,81.70212765957447,True,21.702127659574472,ok,no_hr_loss,5,42
616,60,76.8,True,16.799999999999997,ok,no_hr_loss,5,42
617,60,76.8,True,16.799999999999997,ok,no_hr_loss,5,42
618,60,80.0,True,20.0,ok,no_hr_loss,5,42
619,60,69.81818181818181,True,9.818181818181813,ok,no_hr_loss,5,42
620,60,82.58064516129032,True,22.58064516129032,ok,no_hr_loss,5,42
621,60,91.42857142857143,True,31.42857142857143,ok,no_hr_loss,5,42
622,60,89.30232558139535,True,29.30232558139535,ok,no_hr_loss,5,42
623,60,83.47826086956522,True,23.47826086956522,ok,no_hr_loss,5,42
624,60,67.96460176991151,True,7.964601769911511,ok,no_hr_loss,5,42
625,60,80.84210526315789,True,20.84210526315789,ok,no_hr_loss,5,42
626,60,69.81818181818181,True,9.818181818181813,ok,no_hr_loss,5,42
627,60,80.0,True,20.0,ok,no_hr_loss,5,42
628,60,73.84615384615384,True,13.84615384615384,ok,no_hr_loss,5,42
629,60,80.0,True,20.0,ok,no_hr_loss,5,42
630,60,75.29411764705883,True,15.294117647058826,ok,no_hr_loss,5,42
631,60,80.0,True,20.0,ok,no_hr_loss,5,42
632,60,88.27586206896552,True,28.275862068965523,ok,no_hr_loss,5,42
633,60,75.29411764705883,True,15.294117647058826,ok,no_hr_loss,5,42
634,60,67.36842105263158,True,7.368421052631575,ok,no_hr_loss,5,42
635,60,58.18181818181818,True,1.8181818181818201,ok,no_hr_loss,5,42
636,60,64.0,True,4.0,ok,no_hr_loss,5,42
637,60,96.0,True,36.0,ok,no_hr_loss,5,42
638,60,90.3529411764706,True,30.352941176470594,ok,no_hr_loss,5,42
639,60,73.84615384615384,True,13.84615384615384,ok,no_hr_loss,5,42
640,60,69.1891891891892,True,9.189189189189193,ok,no_hr_loss,5,42
641,60,87.27272727272727,True,27.272727272727266,ok,no_hr_loss,5,42
642,60,77.57575757575758,True,17.575757575757578,ok,no_hr_loss,5,42
643,60,48.607594936708864,True,11.392405063291136,ok,no_hr_loss,5,42
644,60,78.36734693877551,True,18.367346938775512,ok,no_hr_loss,5,42
645,60,67.36842105263158,True,7.368421052631575,ok,no_hr_loss,5,42
646,60,91.42857142857143,True,31.42857142857143,ok,no_hr_loss,5,42
647,60,49.54838709677419,True,10.451612903225808,ok,no_hr_loss,5,42
648,60,76.8,True,16.799999999999997,ok,no_hr_loss,5,42
649,60,80.0,True,20.0,ok,no_hr_loss,5,42
650,60,68.57142857142857,True,8.57142857142857,ok,no_hr_loss,5,42
651,60,44.651162790697676,True,15.348837209302324,ok,no_hr_loss,5,42
652,60,76.8,True,16.799999999999997,ok,no_hr_loss,5,42
653,60,67.36842105263158,True,7.368421052631575,ok,no_hr_loss,5,42
654,60,71.11111111111111,True,11.111111111111114,ok,no_hr_loss,5,42
655,60,82.58064516129032,True,22.58064516129032,ok,no_hr_loss,5,42
656,60,52.602739726027394,True,7.397260273972606,ok,no_hr_loss,5,42
657,60,81.70212765957447,True,21.702127659574472,ok,no_hr_loss,5,42
658,60,75.29411764705883,True,15.294117647058826,ok,no_hr_loss,5,42
659,60,80.0,True,20.0,ok,no_hr_loss,5,42
660,60,73.14285714285714,True,13.142857142857139,ok,no_hr_loss,5,42
661,60,85.33333333333333,True,25.33333333333333,ok,no_hr_loss,5,42
662,60,78.36734693877551,True,18.367346938775512,ok,no_hr_loss,5,42
663,60,48.0,True,12.0,ok,no_hr_loss,5,42
664,60,81.70212765957447,True,21.702127659574472,ok,no_hr_loss,5,42
665,60,91.42857142857143,True,31.42857142857143,ok,no_hr_loss,5,42
666,60,82.58064516129032,True,22.58064516129032,ok,no_hr_loss,5,42
667,60,79.17525773195877,True,19.175257731958766,ok,no_hr_loss,5,42
668,60,69.81818181818181,True,9.818181818181813,ok,no_hr_loss,5,42
669,60,78.36734693877551,True,18.367346938775512,ok,no_hr_loss,5,42
670,60,76.03960396039604,True,16.039603960396036,ok,no_hr_loss,5,42
671,60,72.45283018867924,True,12.452830188679243,ok,no_hr_loss,5,42
672,60,62.4390243902439,True,2.439024390243901,ok,no_hr_loss,5,42
673,60,61.935483870967744,True,1.9354838709677438,ok,no_hr_loss,5,42
674,60,71.11111111111111,True,11.111111111111114,ok,no_hr_loss,5,42
675,60,72.45283018867924,True,12.452830188679243,ok,no_hr_loss,5,42
676,60,71.11111111111111,True,11.111111111111114,ok,no_hr_loss,5,42
677,60,76.8,True,16.799999999999997,ok,no_hr_loss,5,42
678,60,71.11111111111111,True,11.111111111111114,ok,no_hr_loss,5,42
679,60,52.602739726027394,True,7.397260273972606,ok,no_hr_loss,5,42
680,60,73.14285714285714,True,13.142857142857139,ok,no_hr_loss,5,42
681,60,67.36842105263158,True,7.368421052631575,ok,no_hr_loss,5,42
682,60,78.36734693877551,True,18.367346938775512,ok,no_hr_loss,5,42
683,60,72.45283018867924,True,12.452830188679243,ok,no_hr_loss,5,42
684,60,75.29411764705883,True,15.294117647058826,ok,no_hr_loss,5,42
685,60,71.11111111111111,True,11.111111111111114,ok,no_hr_loss,5,42
686,60,71.11111111111111,True,11.111111111111114,ok,no_hr_loss,5,42
687,60,85.33333333333333,True,25.33333333333333,ok,no_hr_loss,5,42
688,60,80.0,True,20.0,ok,no_hr_loss,5,42
689,60,56.058394160583944,True,3.941605839416056,ok,no_hr_loss,5,42
690,60,64.0,True,4.0,ok,no_hr_loss,5,42
691,60,80.0,True,20.0,ok,no_hr_loss,5,42
692,60,73.84615384615384,True,13.84615384615384,ok,no_hr_loss,5,42
693,60,85.33333333333333,True,25.33333333333333,ok,no_hr_loss,5,42
694,60,76.03960396039604,True,16.039603960396036,ok,no_hr_loss,5,42
695,60,80.84210526315789,True,20.84210526315789,ok,no_hr_loss,5,42
696,60,77.57575757575758,True,17.575757575757578,ok,no_hr_loss,5,42
697,60,73.14285714285714,True,13.142857142857139,ok,no_hr_loss,5,42
698,60,77.57575757575758,True,17.575757575757578,ok,no_hr_loss,5,42
699,60,66.20689655172414,True,6.206896551724142,ok,no_hr_loss,5,42
700,60,83.47826086956522,True,23.47826086956522,ok,no_hr_loss,5,42
701,60,76.03960396039604,True,16.039603960396036,ok,no_hr_loss,5,42
702,60,85.33333333333333,True,25.33333333333333,ok,no_hr_loss,5,42
703,60,69.81818181818181,True,9.818181818181813,ok,no_hr_loss,5,42
704,60,53.333333333333336,True,6.666666666666664,ok,no_hr_loss,5,42
705,60,75.29411764705883,True,15.294117647058826,ok,no_hr_loss,5,42
706,60,79.17525773195877,True,19.175257731958766,ok,no_hr_loss,5,42
707,60,76.03960396039604,True,16.039603960396036,ok,no_hr_loss,5,42
708,60,80.0,True,20.0,ok,no_hr_loss,5,42
709,60,80.0,True,20.0,ok,no_hr_loss,5,42
710,60,69.1891891891892,True,9.189189189189193,ok,no_hr_loss,5,42
711,60,81.70212765957447,True,21.702127659574472,ok,no_hr_loss,5,42
712,60,85.33333333333333,True,25.33333333333333,ok,no_hr_loss,5,42
713,60,82.58064516129032,True,22.58064516129032,ok,no_hr_loss,5,42
714,60,68.57142857142857,True,8.57142857142857,ok,no_hr_loss,5,42
715,60,66.20689655172414,True,6.206896551724142,ok,no_hr_loss,5,42
716,60,81.70212765957447,True,21.702127659574472,ok,no_hr_loss,5,42
717,60,82.58064516129032,True,22.58064516129032,ok,no_hr_loss,5,42
718,60,73.14285714285714,True,13.142857142857139,ok,no_hr_loss,5,42
719,60,61.935483870967744,True,1.9354838709677438,ok,no_hr_loss,5,42
720,60,53.333333333333336,True,6.666666666666664,ok,no_hr_loss,5,42
721,60,70.45871559633028,True,10.45871559633028,ok,no_hr_loss,5,42
722,60,72.45283018867924,True,12.452830188679243,ok,no_hr_loss,5,42
723,60,61.44,True,1.4399999999999977,ok,no_hr_loss,5,42
724,60,72.45283018867924,True,12.452830188679243,ok,no_hr_loss,5,42
725,60,64.0,True,4.0,ok,no_hr_loss,5,42
726,60,83.47826086956522,True,23.47826086956522,ok,no_hr_loss,5,42
727,60,83.47826086956522,True,23.47826086956522,ok,no_hr_loss,5,42
728,60,87.27272727272727,True,27.272727272727266,ok,no_hr_loss,5,42
729,60,78.36734693877551,True,18.367346938775512,ok,no_hr_loss,5,42
730,60,93.65853658536585,True,33.65853658536585,ok,no_hr_loss,5,42
731,60,76.8,True,16.799999999999997,ok,no_hr_loss,5,42
732,60,78.36734693877551,True,18.367346938775512,ok,no_hr_loss,5,42
733,60,57.3134328358209,True,2.6865671641791025,ok,no_hr_loss,5,42
734,60,80.0,True,20.0,ok,no_hr_loss,5,42
735,60,74.5631067961165,True,14.5631067961165,ok,no_hr_loss,5,42
736,60,76.8,True,16.799999999999997,ok,no_hr_loss,5,42
737,60,77.57575757575758,True,17.575757575757578,ok,no_hr_loss,5,42
738,60,82.58064516129032,True,22.58064516129032,ok,no_hr_loss,5,42
739,60,80.0,True,20.0,ok,no_hr_loss,5,42
740,60,74.5631067961165,True,14.5631067961165,ok,no_hr_loss,5,42
741,60,73.14285714285714,True,13.142857142857139,ok,no_hr_loss,5,42
742,60,60.95238095238095,True,0.952380952380949,ok,no_hr_loss,5,42
743,60,66.20689655172414,True,6.206896551724142,ok,no_hr_loss,5,42
744,60,69.81818181818181,True,9.818181818181813,ok,no_hr_loss,5,42
745,60,83.47826086956522,True,23.47826086956522,ok,no_hr_loss,5,42
746,60,78.36734693877551,True,18.367346938775512,ok,no_hr_loss,5,42
747,60,85.33333333333333,True,25.33333333333333,ok,no_hr_loss,5,42
748,60,87.27272727272727,True,27.272727272727266,ok,no_hr_loss,5,42
749,60,71.11111111111111,True,11.111111111111114,ok,no_hr_loss,5,42
750,60,80.0,True,20.0,ok,no_hr_loss,5,42
751,60,67.36842105263158,True,7.368421052631575,ok,no_hr_loss,5,42
752,60,80.0,True,20.0,ok,no_hr_loss,5,42
753,60,68.57142857142857,True,8.57142857142857,ok,no_hr_loss,5,42
754,60,84.3956043956044,True,24.395604395604394,ok,no_hr_loss,5,42
755,60,71.11111111111111,True,11.111111111111114,ok,no_hr_loss,5,42
756,60,78.36734693877551,True,18.367346938775512,ok,no_hr_loss,5,42
757,60,78.36734693877551,True,18.367346938775512,ok,no_hr_loss,5,42
758,60,85.33333333333333,True,25.33333333333333,ok,no_hr_loss,5,42
759,60,80.0,True,20.0,ok,no_hr_loss,5,42
760,60,75.29411764705883,True,15.294117647058826,ok,no_hr_loss,5,42
761,60,71.77570093457943,True,11.775700934579433,ok,no_hr_loss,5,42
762,60,68.57142857142857,True,8.57142857142857,ok,no_hr_loss,5,42
763,60,79.17525773195877,True,19.175257731958766,ok,no_hr_loss,5,42
764,60,73.84615384615384,True,13.84615384615384,ok,no_hr_loss,5,42
765,60,80.0,True,20.0,ok,no_hr_loss,5,42
766,60,67.36842105263158,True,7.368421052631575,ok,no_hr_loss,5,42
767,60,51.54362416107382,True,8.456375838926178,ok,no_hr_loss,5,42
768,60,76.8,True,16.799999999999997,ok,no_hr_loss,5,42
769,60,76.8,True,16.799999999999997,ok,no_hr_loss,5,42
770,60,80.0,True,20.0,ok,no_hr_loss,5,42
771,60,75.29411764705883,True,15.294117647058826,ok,no_hr_loss,5,42
772,60,60.95238095238095,True,0.952380952380949,ok,no_hr_loss,5,42
773,60,88.27586206896552,True,28.275862068965523,ok,no_hr_loss,5,42
774,60,80.84210526315789,True,20.84210526315789,ok,no_hr_loss,5,42
775,60,91.42857142857143,True,31.42857142857143,ok,no_hr_loss,5,42
776,60,87.27272727272727,True,27.272727272727266,ok,no_hr_loss,5,42
777,60,66.20689655172414,True,6.206896551724142,ok,no_hr_loss,5,42
778,60,91.42857142857143,True,31.42857142857143,ok,no_hr_loss,5,42
779,60,81.70212765957447,True,21.702127659574472,ok,no_hr_loss,5,42
780,60,80.0,True,20.0,ok,no_hr_loss,5,42
781,60,74.5631067961165,True,14.5631067961165,ok,no_hr_loss,5,42
782,60,76.03960396039604,True,16.039603960396036,ok,no_hr_loss,5,42
783,60,73.84615384615384,True,13.84615384615384,ok,no_hr_loss,5,42
784,60,75.29411764705883,True,15.294117647058826,ok,no_hr_loss,5,42
785,60,78.36734693877551,True,18.367346938775512,ok,no_hr_loss,5,42
786,60,83.47826086956522,True,23.47826086956522,ok,no_hr_loss,5,42
787,60,69.1891891891892,True,9.189189189189193,ok,no_hr_loss,5,42
788,60,82.58064516129032,True,22.58064516129032,ok,no_hr_loss,5,42
789,60,93.65853658536585,True,33.65853658536585,ok,no_hr_loss,5,42
790,60,73.84615384615384,True,13.84615384615384,ok,no_hr_loss,5,42
791,60,50.19607843137255,True,9.803921568627452,ok,no_hr_loss,5,42
792,60,79.17525773195877,True,19.175257731958766,ok,no_hr_loss,5,42
793,60,68.57142857142857,True,8.57142857142857,ok,no_hr_loss,5,42
794,60,80.0,True,20.0,ok,no_hr_loss,5,42
795,60,68.57142857142857,True,8.57142857142857,ok,no_hr_loss,5,42
796,60,65.64102564102564,True,5.641025641025635,ok,no_hr_loss,5,42
797,60,78.36734693877551,True,18.367346938775512,ok,no_hr_loss,5,42
798,60,71.11111111111111,True,11.111111111111114,ok,no_hr_loss,5,42
799,60,69.81818181818181,True,9.818181818181813,ok,no_hr_loss,5,42
800,60,73.14285714285714,True,13.142857142857139,ok,no_hr_loss,5,42
801,60,53.70629370629371,True,6.293706293706293,ok,no_hr_loss,5,42
802,60,73.84615384615384,True,13.84615384615384,ok,no_hr_loss,5,42
803,60,75.29411764705883,True,15.294117647058826,ok,no_hr_loss,5,42
804,60,80.0,True,20.0,ok,no_hr_loss,5,42
805,60,75.29411764705883,True,15.294117647058826,ok,no_hr_loss,5,42
806,60,73.84615384615384,True,13.84615384615384,ok,no_hr_loss,5,42
807,60,56.470588235294116,True,3.529411764705884,ok,no_hr_loss,5,42
808,60,73.84615384615384,True,13.84615384615384,ok,no_hr_loss,5,42
809,60,93.65853658536585,True,33.65853658536585,ok,no_hr_loss,5,42
810,60,71.77570093457943,True,11.775700934579433,ok,no_hr_loss,5,42
811,60,94.81481481481481,True,34.81481481481481,ok,no_hr_loss,5,42
812,60,78.36734693877551,True,18.367346938775512,ok,no_hr_loss,5,42
813,60,80.0,True,20.0,ok,no_hr_loss,5,42
814,60,69.81818181818181,True,9.818181818181813,ok,no_hr_loss,5,42
815,60,80.0,True,20.0,ok,no_hr_loss,5,42
816,60,70.45871559633028,True,10.45871559633028,ok,no_hr_loss,5,42
817,60,70.45871559633028,True,10.45871559633028,ok,no_hr_loss,5,42
818,60,79.17525773195877,True,19.175257731958766,ok,no_hr_loss,5,42
819,60,87.27272727272727,True,27.272727272727266,ok,no_hr_loss,5,42
820,60,73.14285714285714,True,13.142857142857139,ok,no_hr_loss,5,42
821,60,80.0,True,20.0,ok,no_hr_loss,5,42
822,60,77.57575757575758,True,17.575757575757578,ok,no_hr_loss,5,42
823,60,82.58064516129032,True,22.58064516129032,ok,no_hr_loss,5,42
824,60,76.8,True,16.799999999999997,ok,no_hr_loss,5,42
825,60,82.58064516129032,True,22.58064516129032,ok,no_hr_loss,5,42
826,60,68.57142857142857,True,8.57142857142857,ok,no_hr_loss,5,42
827,60,89.30232558139535,True,29.30232558139535,ok,no_hr_loss,5,42
828,60,80.0,True,20.0,ok,no_hr_loss,5,42
829,60,58.18181818181818,True,1.8181818181818201,ok,no_hr_loss,5,42
830,60,83.47826086956522,True,23.47826086956522,ok,no_hr_loss,5,42
831,60,72.45283018867924,True,12.452830188679243,ok,no_hr_loss,5,42
832,60,75.29411764705883,True,15.294117647058826,ok,no_hr_loss,5,42
833,60,81.70212765957447,True,21.702127659574472,ok,no_hr_loss,5,42
834,60,78.36734693877551,True,18.367346938775512,ok,no_hr_loss,5,42
835,60,76.8,True,16.799999999999997,ok,no_hr_loss,5,42
836,60,85.33333333333333,True,25.33333333333333,ok,no_hr_loss,5,42
837,60,64.53781512605042,True,4.537815126050418,ok,no_hr_loss,5,42
838,60,81.70212765957447,True,21.702127659574472,ok,no_hr_loss,5,42
839,60,83.47826086956522,True,23.47826086956522,ok,no_hr_loss,5,42
840,60,88.27586206896552,True,28.275862068965523,ok,no_hr_loss,5,42
841,60,83.47826086956522,True,23.47826086956522,ok,no_hr_loss,5,42
842,60,68.57142857142857,True,8.57142857142857,ok,no_hr_loss,5,42
843,60,78.36734693877551,True,18.367346938775512,ok,no_hr_loss,5,42
844,60,80.0,True,20.0,ok,no_hr_loss,5,42
845,60,80.0,True,20.0,ok,no_hr_loss,5,42
846,60,86.29213483146067,True,26.29213483146067,ok,no_hr_loss,5,42
847,60,71.11111111111111,True,11.111111111111114,ok,no_hr_loss,5,42
848,60,76.8,True,16.799999999999997,ok,no_hr_loss,5,42
849,60,83.47826086956522,True,23.47826086956522,ok,no_hr_loss,5,42
850,60,71.11111111111111,True,11.111111111111114,ok,no_hr_loss,5,42
851,60,76.8,True,16.799999999999997,ok,no_hr_loss,5,42
852,60,78.36734693877551,True,18.367346938775512,ok,no_hr_loss,5,42
853,60,96.0,True,36.0,ok,no_hr_loss,5,42
854,60,76.8,True,16.799999999999997,ok,no_hr_loss,5,42
855,60,83.47826086956522,True,23.47826086956522,ok,no_hr_loss,5,42
856,60,89.30232558139535,True,29.30232558139535,ok,no_hr_loss,5,42
857,60,76.8,True,16.799999999999997,ok,no_hr_loss,5,42
858,60,64.0,True,4.0,ok,no_hr_loss,5,42
859,60,73.84615384615384,True,13.84615384615384,ok,no_hr_loss,5,42
860,60,64.0,True,4.0,ok,no_hr_loss,5,42
861,60,71.11111111111111,True,11.111111111111114,ok,no_hr_loss,5,42
862,60,74.5631067961165,True,14.5631067961165,ok,no_hr_loss,5,42
863,60,61.935483870967744,True,1.9354838709677438,ok,no_hr_loss,5,42
864,60,57.744360902255636,True,2.255639097744364,ok,no_hr_loss,5,42
865,60,80.0,True,20.0,ok,no_hr_loss,5,42
866,60,69.1891891891892,True,9.189189189189193,ok,no_hr_loss,5,42
867,60,80.84210526315789,True,20.84210526315789,ok,no_hr_loss,5,42
868,60,76.8,True,16.799999999999997,ok,no_hr_loss,5,42
869,60,80.84210526315789,True,20.84210526315789,ok,no_hr_loss,5,42
870,60,59.07692307692308,True,0.9230769230769198,ok,no_hr_loss,5,42
871,60,62.4390243902439,True,2.439024390243901,ok,no_hr_loss,5,42
872,60,84.3956043956044,True,24.395604395604394,ok,no_hr_loss,5,42
873,60,87.27272727272727,True,27.272727272727266,ok,no_hr_loss,5,42
874,60,74.5631067961165,True,14.5631067961165,ok,no_hr_loss,5,42
875,60,80.84210526315789,True,20.84210526315789,ok,no_hr_loss,5,42
876,60,88.27586206896552,True,28.275862068965523,ok,no_hr_loss,5,42
877,60,76.03960396039604,True,16.039603960396036,ok,no_hr_loss,5,42
878,60,48.607594936708864,True,11.392405063291136,ok,no_hr_loss,5,42
879,60,73.84615384615384,True,13.84615384615384,ok,no_hr_loss,5,42
880,60,69.81818181818181,True,9.818181818181813,ok,no_hr_loss,5,42
881,60,62.950819672131146,True,2.9508196721311464,ok,no_hr_loss,5,42
882,60,78.36734693877551,True,18.367346938775512,ok,no_hr_loss,5,42
883,60,76.8,True,16.799999999999997,ok,no_hr_loss,5,42
884,60,54.08450704225352,True,5.91549295774648,ok,no_hr_loss,5,42
885,60,85.33333333333333,True,25.33333333333333,ok,no_hr_loss,5,42
886,60,72.45283018867924,True,12.452830188679243,ok,no_hr_loss,5,42
887,60,63.47107438016529,True,3.471074380165291,ok,no_hr_loss,5,42
888,60,80.0,True,20.0,ok,no_hr_loss,5,42
889,60,85.33333333333333,True,25.33333333333333,ok,no_hr_loss,5,42
890,60,66.20689655172414,True,6.206896551724142,ok,no_hr_loss,5,42
891,60,72.45283018867924,True,12.452830188679243,ok,no_hr_loss,5,42
892,60,75.29411764705883,True,15.294117647058826,ok,no_hr_loss,5,42
893,60,91.42857142857143,True,31.42857142857143,ok,no_hr_loss,5,42
894,60,78.36734693877551,True,18.367346938775512,ok,no_hr_loss,5,42
895,60,76.8,True,16.799999999999997,ok,no_hr_loss,5,42
896,60,66.20689655172414,True,6.206896551724142,ok,no_hr_loss,5,42
897,60,60.0,True,0.0,ok,no_hr_loss,5,42
898,60,89.30232558139535,True,29.30232558139535,ok,no_hr_loss,5,42
899,60,52.602739726027394,True,7.397260273972606,ok,no_hr_loss,5,42
900,60,81.70212765957447,True,21.702127659574472,ok,no_hr_loss,5,42
901,60,64.0,True,4.0,ok,no_hr_loss,5,42
902,60,84.3956043956044,True,24.395604395604394,ok,no_hr_loss,5,42
903,60,64.0,True,4.0,ok,no_hr_loss,5,42
904,60,78.36734693877551,True,18.367346938775512,ok,no_hr_loss,5,42
905,60,71.11111111111111,True,11.111111111111114,ok,no_hr_loss,5,42
906,60,83.47826086956522,True,23.47826086956522,ok,no_hr_loss,5,42
907,60,70.45871559633028,True,10.45871559633028,ok,no_hr_loss,5,42
908,60,49.87012987012987,True,10.129870129870127,ok,no_hr_loss,5,42
909,60,78.36734693877551,True,18.367346938775512,ok,no_hr_loss,5,42
910,60,88.27586206896552,True,28.275862068965523,ok,no_hr_loss,5,42
911,60,94.81481481481481,True,34.81481481481481,ok,no_hr_loss,5,42
912,60,80.0,True,20.0,ok,no_hr_loss,5,42
913,60,59.53488372093023,True,0.46511627906976827,ok,no_hr_loss,5,42
914,60,76.8,True,16.799999999999997,ok,no_hr_loss,5,42
915,60,53.70629370629371,True,6.293706293706293,ok,no_hr_loss,5,42
916,60,84.3956043956044,True,24.395604395604394,ok,no_hr_loss,5,42
917,60,78.36734693877551,True,18.367346938775512,ok,no_hr_loss,5,42
918,60,73.84615384615384,True,13.84615384615384,ok,no_hr_loss,5,42
919,60,75.29411764705883,True,15.294117647058826,ok,no_hr_loss,5,42
920,60,67.36842105263158,True,7.368421052631575,ok,no_hr_loss,5,42
921,60,76.8,True,16.799999999999997,ok,no_hr_loss,5,42
922,60,87.27272727272727,True,27.272727272727266,ok,no_hr_loss,5,42
923,60,80.0,True,20.0,ok,no_hr_loss,5,42
924,60,80.0,True,20.0,ok,no_hr_loss,5,42
925,60,77.57575757575758,True,17.575757575757578,ok,no_hr_loss,5,42
926,60,73.84615384615384,True,13.84615384615384,ok,no_hr_loss,5,42
927,60,78.36734693877551,True,18.367346938775512,ok,no_hr_loss,5,42
928,60,80.0,True,20.0,ok,no_hr_loss,5,42
929,60,80.0,True,20.0,ok,no_hr_loss,5,42
930,60,73.84615384615384,True,13.84615384615384,ok,no_hr_loss,5,42
931,60,87.27272727272727,True,27.272727272727266,ok,no_hr_loss,5,42
932,60,76.03960396039604,True,16.039603960396036,ok,no_hr_loss,5,42
933,60,64.0,True,4.0,ok,no_hr_loss,5,42
934,60,73.84615384615384,True,13.84615384615384,ok,no_hr_loss,5,42
935,60,81.70212765957447,True,21.702127659574472,ok,no_hr_loss,5,42
936,60,84.3956043956044,True,24.395604395604394,ok,no_hr_loss,5,42
937,60,73.14285714285714,True,13.142857142857139,ok,no_hr_loss,5,42
938,60,82.58064516129032,True,22.58064516129032,ok,no_hr_loss,5,42
939,60,79.17525773195877,True,19.175257731958766,ok,no_hr_loss,5,42
940,60,70.45871559633028,True,10.45871559633028,ok,no_hr_loss,5,42
941,60,85.33333333333333,True,25.33333333333333,ok,no_hr_loss,5,42
942,60,73.84615384615384,True,13.84615384615384,ok,no_hr_loss,5,42
943,60,64.0,True,4.0,ok,no_hr_loss,5,42
944,60,85.33333333333333,True,25.33333333333333,ok,no_hr_loss,5,42
945,60,82.58064516129032,True,22.58064516129032,ok,no_hr_loss,5,42
946,60,76.8,True,16.799999999999997,ok,no_hr_loss,5,42
947,60,68.57142857142857,True,8.57142857142857,ok,no_hr_loss,5,42
948,60,73.84615384615384,True,13.84615384615384,ok,no_hr_loss,5,42
949,60,68.57142857142857,True,8.57142857142857,ok,no_hr_loss,5,42
950,60,69.81818181818181,True,9.818181818181813,ok,no_hr_loss,5,42
951,60,57.3134328358209,True,2.6865671641791025,ok,no_hr_loss,5,42
952,60,87.27272727272727,True,27.272727272727266,ok,no_hr_loss,5,42
953,60,89.30232558139535,True,29.30232558139535,ok,no_hr_loss,5,42
954,60,69.81818181818181,True,9.818181818181813,ok,no_hr_loss,5,42
955,60,80.0,True,20.0,ok,no_hr_loss,5,42
956,60,81.70212765957447,True,21.702127659574472,ok,no_hr_loss,5,42
957,60,70.45871559633028,True,10.45871559633028,ok,no_hr_loss,5,42
958,60,80.0,True,20.0,ok,no_hr_loss,5,42
959,60,76.8,True,16.799999999999997,ok,no_hr_loss,5,42
960,60,87.27272727272727,True,27.272727272727266,ok,no_hr_loss,5,42
961,60,71.77570093457943,True,11.775700934579433,ok,no_hr_loss,5,42
962,60,81.70212765957447,True,21.702127659574472,ok,no_hr_loss,5,42
963,60,88.27586206896552,True,28.275862068965523,ok,no_hr_loss,5,42
964,60,76.8,True,16.799999999999997,ok,no_hr_loss,5,42
965,60,75.29411764705883,True,15.294117647058826,ok,no_hr_loss,5,42
966,60,71.11111111111111,True,11.111111111111114,ok,no_hr_loss,5,42
967,60,80.0,True,20.0,ok,no_hr_loss,5,42
968,60,64.0,True,4.0,ok,no_hr_loss,5,42
969,60,87.27272727272727,True,27.272727272727266,ok,no_hr_loss,5,42
970,60,80.0,True,20.0,ok,no_hr_loss,5,42
971,60,71.77570093457943,True,11.775700934579433,ok,no_hr_loss,5,42
972,60,89.30232558139535,True,29.30232558139535,ok,no_hr_loss,5,42
973,60,80.0,True,20.0,ok,no_hr_loss,5,42
974,60,80.0,True,20.0,ok,no_hr_loss,5,42
975,60,80.0,True,20.0,ok,no_hr_loss,5,42
976,60,68.57142857142857,True,8.57142857142857,ok,no_hr_loss,5,42
977,60,68.57142857142857,True,8.57142857142857,ok,no_hr_loss,5,42
978,60,91.42857142857143,True,31.42857142857143,ok,no_hr_loss,5,42
979,60,81.70212765957447,True,21.702127659574472,ok,no_hr_loss,5,42
980,60,80.84210526315789,True,20.84210526315789,ok,no_hr_loss,5,42
981,60,69.81818181818181,True,9.818181818181813,ok,no_hr_loss,5,42
982,60,72.45283018867924,True,12.452830188679243,ok,no_hr_loss,5,42
983,60,74.5631067961165,True,14.5631067961165,ok,no_hr_loss,5,42
984,60,83.47826086956522,True,23.47826086956522,ok,no_hr_loss,5,42
985,60,80.84210526315789,True,20.84210526315789,ok,no_hr_loss,5,42
986,60,80.0,True,20.0,ok,no_hr_loss,5,42
987,60,72.45283018867924,True,12.452830188679243,ok,no_hr_loss,5,42
988,60,80.0,True,20.0,ok,no_hr_loss,5,42
989,60,78.36734693877551,True,18.367346938775512,ok,no_hr_loss,5,42
990,60,80.84210526315789,True,20.84210526315789,ok,no_hr_loss,5,42
991,60,73.84615384615384,True,13.84615384615384,ok,no_hr_loss,5,42
992,60,67.96460176991151,True,7.964601769911511,ok,no_hr_loss,5,42
993,60,73.84615384615384,True,13.84615384615384,ok,no_hr_loss,5,42
994,60,79.17525773195877,True,19.175257731958766,ok,no_hr_loss,5,42
995,60,89.30232558139535,True,29.30232558139535,ok,no_hr_loss,5,42
996,60,83.47826086956522,True,23.47826086956522,ok,no_hr_loss,5,42
997,60,75.29411764705883,True,15.294117647058826,ok,no_hr_loss,5,42
998,60,83.47826086956522,True,23.47826086956522,ok,no_hr_loss,5,42
999,60,67.36842105263158,True,7.368421052631575,ok,no_hr_loss,5,42
0,80,51.54362416107382,True,28.456375838926178,ok,no_hr_loss,5,42
1,80,75.29411764705883,True,4.705882352941174,ok,no_hr_loss,5,42
2,80,60.47244094488189,True,19.52755905511811,ok,no_hr_loss,5,42
3,80,53.333333333333336,True,26.666666666666664,ok,no_hr_loss,5,42
4,80,75.29411764705883,True,4.705882352941174,ok,no_hr_loss,5,42
5,80,53.333333333333336,True,26.666666666666664,ok,no_hr_loss,5,42
6,80,58.62595419847328,True,21.37404580152672,ok,no_hr_loss,5,42
7,80,93.65853658536585,True,13.658536585365852,ok,no_hr_loss,5,42
8,80,76.8,True,3.200000000000003,ok,no_hr_loss,5,42
9,80,67.36842105263158,True,12.631578947368425,ok,no_hr_loss,5,42
10,80,69.81818181818181,True,10.181818181818187,ok,no_hr_loss,5,42
11,80,87.27272727272727,True,7.272727272727266,ok,no_hr_loss,5,42
12,80,67.36842105263158,True,12.631578947368425,ok,no_hr_loss,5,42
13,80,80.0,True,0.0,ok,no_hr_loss,5,42
14,80,85.33333333333333,True,5.333333333333329,ok,no_hr_loss,5,42
15,80,73.14285714285714,True,6.857142857142861,ok,no_hr_loss,5,42
16,80,85.33333333333333,True,5.333333333333329,ok,no_hr_loss,5,42
17,80,73.14285714285714,True,6.857142857142861,ok,no_hr_loss,5,42
18,80,85.33333333333333,True,5.333333333333329,ok,no_hr_loss,5,42
19,80,60.95238095238095,True,19.04761904761905,ok,no_hr_loss,5,42
20,80,91.42857142857143,True,11.42857142857143,ok,no_hr_loss,5,42
21,80,81.70212765957447,True,1.7021276595744723,ok,no_hr_loss,5,42
22,80,71.11111111111111,True,8.888888888888886,ok,no_hr_loss,5,42
23,80,53.70629370629371,True,26.293706293706293,ok,no_hr_loss,5,42
24,80,85.33333333333333,True,5.333333333333329,ok,no_hr_loss,5,42
25,80,83.47826086956522,True,3.4782608695652186,ok,no_hr_loss,5,42
26,80,85.33333333333333,True,5.333333333333329,ok,no_hr_loss,5,42
27,80,80.0,True,0.0,ok,no_hr_loss,5,42
28,80,81.70212765957447,True,1.7021276595744723,ok,no_hr_loss,5,42
29,80,74.5631067961165,True,5.4368932038835,ok,no_hr_loss,5,42
30,80,57.3134328358209,True,22.686567164179102,ok,no_hr_loss,5,42
31,80,81.70212765957447,True,1.7021276595744723,ok,no_hr_loss,5,42
32,80,68.57142857142857,True,11.42857142857143,ok,no_hr_loss,5,42
33,80,87.27272727272727,True,7.272727272727266,ok,no_hr_loss,5,42
34,80,71.11111111111111,True,8.888888888888886,ok,no_hr_loss,5,42
35,80,64.0,True,16.0,ok,no_hr_loss,5,42
36,80,78.36734693877551,True,1.632653061224488,ok,no_hr_loss,5,42
37,80,73.84615384615384,True,6.15384615384616,ok,no_hr_loss,5,42
38,80,83.47826086956522,True,3.4782608695652186,ok,no_hr_loss,5,42
39,80,69.81818181818181,True,10.181818181818187,ok,no_hr_loss,5,42
40,80,87.27272727272727,True,7.272727272727266,ok,no_hr_loss,5,42
41,80,65.08474576271186,True,14.915254237288138,ok,no_hr_loss,5,42
42,80,76.8,True,3.200000000000003,ok,no_hr_loss,5,42
43,80,78.36734693877551,True,1.632653061224488,ok,no_hr_loss,5,42
44,80,69.1891891891892,True,10.810810810810807,ok,no_hr_loss,5,42
45,80,73.84615384615384,True,6.15384615384616,ok,no_hr_loss,5,42
46,80,79.17525773195877,True,0.8247422680412342,ok,no_hr_loss,5,42
47,80,76.8,True,3.200000000000003,ok,no_hr_loss,5,42
48,80,83.47826086956522,True,3.4782608695652186,ok,no_hr_loss,5,42
49,80,91.42857142857143,True,11.42857142857143,ok,no_hr_loss,5,42
50,80,66.20689655172414,True,13.793103448275858,ok,no_hr_loss,5,42
51,80,80.0,True,0.0,ok,no_hr_loss,5,42
52,80,76.03960396039604,True,3.960396039603964,ok,no_hr_loss,5,42
53,80,81.70212765957447,True,1.7021276595744723,ok,no_hr_loss,5,42
54,80,81.70212765957447,True,1.7021276595744723,ok,no_hr_loss,5,42
55,80,87.27272727272727,True,7.272727272727266,ok,no_hr_loss,5,42
56,80,66.78260869565217,True,13.217391304347828,ok,no_hr_loss,5,42
57,80,80.0,True,0.0,ok,no_hr_loss,5,42
58,80,85.33333333333333,True,5.333333333333329,ok,no_hr_loss,5,42
59,80,80.0,True,0.0,ok,no_hr_loss,5,42
60,80,78.36734693877551,True,1.632653061224488,ok,no_hr_loss,5,42
61,80,73.84615384615384,True,6.15384615384616,ok,no_hr_loss,5,42
62,80,72.45283018867924,True,7.547169811320757,ok,no_hr_loss,5,42
63,80,87.27272727272727,True,7.272727272727266,ok,no_hr_loss,5,42
64,80,73.84615384615384,True,6.15384615384616,ok,no_hr_loss,5,42
65,80,76.8,True,3.200000000000003,ok,no_hr_loss,5,42
66,80,54.08450704225352,True,25.91549295774648,ok,no_hr_loss,5,42
67,80,80.0,True,0.0,ok,no_hr_loss,5,42
68,80,74.5631067961165,True,5.4368932038835,ok,no_hr_loss,5,42
69,80,66.20689655172414,True,13.793103448275858,ok,no_hr_loss,5,42
70,80,67.36842105263158,True,12.631578947368425,ok,no_hr_loss,5,42
71,80,56.058394160583944,True,23.941605839416056,ok,no_hr_loss,5,42
72,80,55.25179856115108,True,24.748201438848923,ok,no_hr_loss,5,42
73,80,71.11111111111111,True,8.888888888888886,ok,no_hr_loss,5,42
74,80,87.27272727272727,True,7.272727272727266,ok,no_hr_loss,5,42
75,80,60.95238095238095,True,19.04761904761905,ok,no_hr_loss,5,42
76,80,89.30232558139535,True,9.302325581395351,ok,no_hr_loss,5,42
77,80,84.3956043956044,True,4.395604395604394,ok,no_hr_loss,5,42
78,80,68.57142857142857,True,11.42857142857143,ok,no_hr_loss,5,42
79,80,74.5631067961165,True,5.4368932038835,ok,no_hr_loss,5,42
80,80,80.0,True,0.0,ok,no_hr_loss,5,42
81,80,80.0,True,0.0,ok,no_hr_loss,5,42
82,80,81.70212765957447,True,1.7021276595744723,ok,no_hr_loss,5,42
83,80,86.29213483146067,True,6.292134831460672,ok,no_hr_loss,5,42
84,80,87.27272727272727,True,7.272727272727266,ok,no_hr_loss,5,42
85,80,51.54362416107382,True,28.456375838926178,ok,no_hr_loss,5,42
86,80,77.57575757575758,True,2.424242424242422,ok,no_hr_loss,5,42
87,80,87.27272727272727,True,7.272727272727266,ok,no_hr_loss,5,42
88,80,64.0,True,16.0,ok,no_hr_loss,5,42
89,80,73.14285714285714,True,6.857142857142861,ok,no_hr_loss,5,42
90,80,89.30232558139535,True,9.302325581395351,ok,no_hr_loss,5,42
91,80,78.36734693877551,True,1.632653061224488,ok,no_hr_loss,5,42
92,80,73.84615384615384,True,6.15384615384616,ok,no_hr_loss,5,42
93,80,84.3956043956044,True,4.395604395604394,ok,no_hr_loss,5,42
94,80,78.36734693877551,True,1.632653061224488,ok,no_hr_loss,5,42
95,80,85.33333333333333,True,5.333333333333329,ok,no_hr_loss,5,42
96,80,91.42857142857143,True,11.42857142857143,ok,no_hr_loss,5,42
97,80,76.8,True,3.200000000000003,ok,no_hr_loss,5,42
98,80,83.47826086956522,True,3.4782608695652186,ok,no_hr_loss,5,42
99,80,83.47826086956522,True,3.4782608695652186,ok,no_hr_loss,5,42
100,80,74.5631067961165,True,5.4368932038835,ok,no_hr_loss,5,42
101,80,71.11111111111111,True,8.888888888888886,ok,no_hr_loss,5,42
102,80,80.0,True,0.0,ok,no_hr_loss,5,42
103,80,90.3529411764706,True,10.352941176470594,ok,no_hr_loss,5,42
104,80,78.36734693877551,True,1.632653061224488,ok,no_hr_loss,5,42
105,80,68.57142857142857,True,11.42857142857143,ok,no_hr_loss,5,42
106,80,79.17525773195877,True,0.8247422680412342,ok,no_hr_loss,5,42
107,80,66.20689655172414,True,13.793103448275858,ok,no_hr_loss,5,42
108,80,74.5631067961165,True,5.4368932038835,ok,no_hr_loss,5,42
109,80,75.29411764705883,True,4.705882352941174,ok,no_hr_loss,5,42
110,80,71.11111111111111,True,8.888888888888886,ok,no_hr_loss,5,42
111,80,86.29213483146067,True,6.292134831460672,ok,no_hr_loss,5,42
112,80,87.27272727272727,True,7.272727272727266,ok,no_hr_loss,5,42
113,80,75.29411764705883,True,4.705882352941174,ok,no_hr_loss,5,42
114,80,81.70212765957447,True,1.7021276595744723,ok,no_hr_loss,5,42
115,80,81.70212765957447,True,1.7021276595744723,ok,no_hr_loss,5,42
116,80,69.81818181818181,True,10.181818181818187,ok,no_hr_loss,5,42
117,80,86.29213483146067,True,6.292134831460672,ok,no_hr_loss,5,42
118,80,74.5631067961165,True,5.4368932038835,ok,no_hr_loss,5,42
119,80,76.8,True,3.200000000000003,ok,no_hr_loss,5,42
120,80,78.36734693877551,True,1.632653061224488,ok,no_hr_loss,5,42
121,80,70.45871559633028,True,9.54128440366972,ok,no_hr_loss,5,42
122,80,62.4390243902439,True,17.5609756097561,ok,no_hr_loss,5,42
123,80,73.84615384615384,True,6.15384615384616,ok,no_hr_loss,5,42
124,80,76.8,True,3.200000000000003,ok,no_hr_loss,5,42
125,80,96.0,True,16.0,ok,no_hr_loss,5,42
126,80,80.0,True,0.0,ok,no_hr_loss,5,42
127,80,86.29213483146067,True,6.292134831460672,ok,no_hr_loss,5,42
128,80,53.333333333333336,True,26.666666666666664,ok,no_hr_loss,5,42
129,80,78.36734693877551,True,1.632653061224488,ok,no_hr_loss,5,42
130,80,76.03960396039604,True,3.960396039603964,ok,no_hr_loss,5,42
131,80,76.8,True,3.200000000000003,ok,no_hr_loss,5,42
132,80,63.47107438016529,True,16.52892561983471,ok,no_hr_loss,5,42
133,80,69.81818181818181,True,10.181818181818187,ok,no_hr_loss,5,42
134,80,73.84615384615384,True,6.15384615384616,ok,no_hr_loss,5,42
135,80,82.58064516129032,True,2.5806451612903203,ok,no_hr_loss,5,42
136,80,74.5631067961165,True,5.4368932038835,ok,no_hr_loss,5,42
137,80,93.65853658536585,True,13.658536585365852,ok,no_hr_loss,5,42
138,80,59.07692307692308,True,20.92307692307692,ok,no_hr_loss,5,42
139,80,71.11111111111111,True,8.888888888888886,ok,no_hr_loss,5,42
140,80,80.0,True,0.0,ok,no_hr_loss,5,42
141,80,60.95238095238095,True,19.04761904761905,ok,no_hr_loss,5,42
142,80,83.47826086956522,True,3.4782608695652186,ok,no_hr_loss,5,42
143,80,72.45283018867924,True,7.547169811320757,ok,no_hr_loss,5,42
144,80,48.607594936708864,True,31.392405063291136,ok,no_hr_loss,5,42
145,80,65.08474576271186,True,14.915254237288138,ok,no_hr_loss,5,42
146,80,83.47826086956522,True,3.4782608695652186,ok,no_hr_loss,5,42
147,80,84.3956043956044,True,4.395604395604394,ok,no_hr_loss,5,42
148,80,85.33333333333333,True,5.333333333333329,ok,no_hr_loss,5,42
149,80,68.57142857142857,True,11.42857142857143,ok,no_hr_loss,5,42
150,80,83.47826086956522,True,3.4782608695652186,ok,no_hr_loss,5,42
151,80,79.17525773195877,True,0.8247422680412342,ok,no_hr_loss,5,42
152,80,66.20689655172414,True,13.793103448275858,ok,no_hr_loss,5,42
153,80,76.03960396039604,True,3.960396039603964,ok,no_hr_loss,5,42
154,80,60.95238095238095,True,19.04761904761905,ok,no_hr_loss,5,42
155,80,71.11111111111111,True,8.888888888888886,ok,no_hr_loss,5,42
156,80,81.70212765957447,True,1.7021276595744723,ok,no_hr_loss,5,42
157,80,71.77570093457943,True,8.224299065420567,ok,no_hr_loss,5,42
158,80,73.14285714285714,True,6.857142857142861,ok,no_hr_loss,5,42
159,80,85.33333333333333,True,5.333333333333329,ok,no_hr_loss,5,42
160,80,55.25179856115108,True,24.748201438848923,ok,no_hr_loss,5,42
161,80,80.0,True,0.0,ok,no_hr_loss,5,42
162,80,89.30232558139535,True,9.302325581395351,ok,no_hr_loss,5,42
163,80,54.08450704225352,True,25.91549295774648,ok,no_hr_loss,5,42
164,80,76.03960396039604,True,3.960396039603964,ok,no_hr_loss,5,42
165,80,77.57575757575758,True,2.424242424242422,ok,no_hr_loss,5,42
166,80,59.07692307692308,True,20.92307692307692,ok,no_hr_loss,5,42
167,80,71.11111111111111,True,8.888888888888886,ok,no_hr_loss,5,42
168,80,71.77570093457943,True,8.224299065420567,ok,no_hr_loss,5,42
169,80,72.45283018867924,True,7.547169811320757,ok,no_hr_loss,5,42
170,80,80.0,True,0.0,ok,no_hr_loss,5,42
171,80,80.0,True,0.0,ok,no_hr_loss,5,42
172,80,75.29411764705883,True,4.705882352941174,ok,no_hr_loss,5,42
173,80,64.53781512605042,True,15.462184873949582,ok,no_hr_loss,5,42
174,80,60.47244094488189,True,19.52755905511811,ok,no_hr_loss,5,42
175,80,78.36734693877551,True,1.632653061224488,ok,no_hr_loss,5,42
176,80,85.33333333333333,True,5.333333333333329,ok,no_hr_loss,5,42
177,80,68.57142857142857,True,11.42857142857143,ok,no_hr_loss,5,42
178,80,58.18181818181818,True,21.81818181818182,ok,no_hr_loss,5,42
179,80,73.84615384615384,True,6.15384615384616,ok,no_hr_loss,5,42
180,80,88.27586206896552,True,8.275862068965523,ok,no_hr_loss,5,42
181,80,80.0,True,0.0,ok,no_hr_loss,5,42
182,80,83.47826086956522,True,3.4782608695652186,ok,no_hr_loss,5,42
183,80,80.0,True,0.0,ok,no_hr_loss,5,42
184,80,72.45283018867924,True,7.547169811320757,ok,no_hr_loss,5,42
185,80,82.58064516129032,True,2.5806451612903203,ok,no_hr_loss,5,42
186,80,73.84615384615384,True,6.15384615384616,ok,no_hr_loss,5,42
187,80,71.11111111111111,True,8.888888888888886,ok,no_hr_loss,5,42
188,80,76.8,True,3.200000000000003,ok,no_hr_loss,5,42
189,80,87.27272727272727,True,7.272727272727266,ok,no_hr_loss,5,42
190,80,73.84615384615384,True,6.15384615384616,ok,no_hr_loss,5,42
191,80,52.602739726027394,True,27.397260273972606,ok,no_hr_loss,5,42
192,80,90.3529411764706,True,10.352941176470594,ok,no_hr_loss,5,42
193,80,80.0,True,0.0,ok,no_hr_loss,5,42
194,80,78.36734693877551,True,1.632653061224488,ok,no_hr_loss,5,42
195,80,86.29213483146067,True,6.292134831460672,ok,no_hr_loss,5,42
196,80,67.96460176991151,True,12.03539823008849,ok,no_hr_loss,5,42
197,80,80.0,True,0.0,ok,no_hr_loss,5,42
198,80,86.29213483146067,True,6.292134831460672,ok,no_hr_loss,5,42
199,80,80.0,True,0.0,ok,no_hr_loss,5,42
200,80,61.935483870967744,True,18.064516129032256,ok,no_hr_loss,5,42
201,80,87.27272727272727,True,7.272727272727266,ok,no_hr_loss,5,42
202,80,84.3956043956044,True,4.395604395604394,ok,no_hr_loss,5,42
203,80,85.33333333333333,True,5.333333333333329,ok,no_hr_loss,5,42
204,80,77.57575757575758,True,2.424242424242422,ok,no_hr_loss,5,42
205,80,73.84615384615384,True,6.15384615384616,ok,no_hr_loss,5,42
206,80,80.0,True,0.0,ok,no_hr_loss,5,42
207,80,81.70212765957447,True,1.7021276595744723,ok,no_hr_loss,5,42
208,80,76.8,True,3.200000000000003,ok,no_hr_loss,5,42
209,80,80.0,True,0.0,ok,no_hr_loss,5,42
210,80,85.33333333333333,True,5.333333333333329,ok,no_hr_loss,5,42
211,80,79.17525773195877,True,0.8247422680412342,ok,no_hr_loss,5,42
212,80,78.36734693877551,True,1.632653061224488,ok,no_hr_loss,5,42
213,80,69.1891891891892,True,10.810810810810807,ok,no_hr_loss,5,42
214,80,65.08474576271186,True,14.915254237288138,ok,no_hr_loss,5,42
215,80,77.57575757575758,True,2.424242424242422,ok,no_hr_loss,5,42
216,80,80.0,True,0.0,ok,no_hr_loss,5,42
217,80,72.45283018867924,True,7.547169811320757,ok,no_hr_loss,5,42
218,80,81.70212765957447,True,1.7021276595744723,ok,no_hr_loss,5,42
219,80,70.45871559633028,True,9.54128440366972,ok,no_hr_loss,5,42
220,80,71.77570093457943,True,8.224299065420567,ok,no_hr_loss,5,42
221,80,81.70212765957447,True,1.7021276595744723,ok,no_hr_loss,5,42
222,80,71.77570093457943,True,8.224299065420567,ok,no_hr_loss,5,42
223,80,81.70212765957447,True,1.7021276595744723,ok,no_hr_loss,5,42
224,80,68.57142857142857,True,11.42857142857143,ok,no_hr_loss,5,42
225,80,81.70212765957447,True,1.7021276595744723,ok,no_hr_loss,5,42
226,80,80.0,True,0.0,ok,no_hr_loss,5,42
227,80,80.0,True,0.0,ok,no_hr_loss,5,42
228,80,59.07692307692308,True,20.92307692307692,ok,no_hr_loss,5,42
229,80,76.8,True,3.200000000000003,ok,no_hr_loss,5,42
230,80,83.47826086956522,True,3.4782608695652186,ok,no_hr_loss,5,42
231,80,92.53012048192771,True,12.53012048192771,ok,no_hr_loss,5,42
232,80,69.81818181818181,True,10.181818181818187,ok,no_hr_loss,5,42
233,80,85.33333333333333,True,5.333333333333329,ok,no_hr_loss,5,42
234,80,83.47826086956522,True,3.4782608695652186,ok,no_hr_loss,5,42
235,80,73.84615384615384,True,6.15384615384616,ok,no_hr_loss,5,42
236,80,76.8,True,3.200000000000003,ok,no_hr_loss,5,42
237,80,76.03960396039604,True,3.960396039603964,ok,no_hr_loss,5,42
238,80,81.70212765957447,True,1.7021276595744723,ok,no_hr_loss,5,42
239,80,91.42857142857143,True,11.42857142857143,ok,no_hr_loss,5,42
240,80,79.17525773195877,True,0.8247422680412342,ok,no_hr_loss,5,42
241,80,76.8,True,3.200000000000003,ok,no_hr_loss,5,42
242,80,85.33333333333333,True,5.333333333333329,ok,no_hr_loss,5,42
243,80,80.0,True,0.0,ok,no_hr_loss,5,42
244,80,67.36842105263158,True,12.631578947368425,ok,no_hr_loss,5,42
245,80,69.81818181818181,True,10.181818181818187,ok,no_hr_loss,5,42
246,80,88.27586206896552,True,8.275862068965523,ok,no_hr_loss,5,42
247,80,76.8,True,3.200000000000003,ok,no_hr_loss,5,42
248,80,73.84615384615384,True,6.15384615384616,ok,no_hr_loss,5,42
249,80,72.45283018867924,True,7.547169811320757,ok,no_hr_loss,5,42
250,80,67.36842105263158,True,12.631578947368425,ok,no_hr_loss,5,42
251,80,76.03960396039604,True,3.960396039603964,ok,no_hr_loss,5,42
252,80,80.84210526315789,True,0.8421052631578902,ok,no_hr_loss,5,42
253,80,69.81818181818181,True,10.181818181818187,ok,no_hr_loss,5,42
254,80,67.36842105263158,True,12.631578947368425,ok,no_hr_loss,5,42
255,80,90.3529411764706,True,10.352941176470594,ok,no_hr_loss,5,42
256,80,55.65217391304348,True,24.347826086956523,ok,no_hr_loss,5,42
257,80,79.17525773195877,True,0.8247422680412342,ok,no_hr_loss,5,42
258,80,80.0,True,0.0,ok,no_hr_loss,5,42
259,80,84.3956043956044,True,4.395604395604394,ok,no_hr_loss,5,42
260,80,78.36734693877551,True,1.632653061224488,ok,no_hr_loss,5,42
261,80,76.8,True,3.200000000000003,ok,no_hr_loss,5,42
262,80,81.70212765957447,True,1.7021276595744723,ok,no_hr_loss,5,42
263,80,78.36734693877551,True,1.632653061224488,ok,no_hr_loss,5,42
264,80,77.57575757575758,True,2.424242424242422,ok,no_hr_loss,5,42
265,80,76.8,True,3.200000000000003,ok,no_hr_loss,5,42
266,80,81.70212765957447,True,1.7021276595744723,ok,no_hr_loss,5,42
267,80,73.84615384615384,True,6.15384615384616,ok,no_hr_loss,5,42
268,80,59.07692307692308,True,20.92307692307692,ok,no_hr_loss,5,42
269,80,70.45871559633028,True,9.54128440366972,ok,no_hr_loss,5,42
270,80,76.03960396039604,True,3.960396039603964,ok,no_hr_loss,5,42
271,80,73.14285714285714,True,6.857142857142861,ok,no_hr_loss,5,42
272,80,78.36734693877551,True,1.632653061224488,ok,no_hr_loss,5,42
273,80,62.950819672131146,True,17.049180327868854,ok,no_hr_loss,5,42
274,80,76.8,True,3.200000000000003,ok,no_hr_loss,5,42
275,80,74.5631067961165,True,5.4368932038835,ok,no_hr_loss,5,42
276,80,75.29411764705883,True,4.705882352941174,ok,no_hr_loss,5,42
277,80,76.8,True,3.200000000000003,ok,no_hr_loss,5,42
278,80,51.2,True,28.799999999999997,ok,no_hr_loss,5,42
279,80,83.47826086956522,True,3.4782608695652186,ok,no_hr_loss,5,42
280,80,80.84210526315789,True,0.8421052631578902,ok,no_hr_loss,5,42
281,80,83.47826086956522,True,3.4782608695652186,ok,no_hr_loss,5,42
282,80,72.45283018867924,True,7.547169811320757,ok,no_hr_loss,5,42
283,80,71.77570093457943,True,8.224299065420567,ok,no_hr_loss,5,42
284,80,68.57142857142857,True,11.42857142857143,ok,no_hr_loss,5,42
285,80,76.8,True,3.200000000000003,ok,no_hr_loss,5,42
286,80,73.14285714285714,True,6.857142857142861,ok,no_hr_loss,5,42
287,80,83.47826086956522,True,3.4782608695652186,ok,no_hr_loss,5,42
288,80,80.84210526315789,True,0.8421052631578902,ok,no_hr_loss,5,42
289,80,66.78260869565217,True,13.217391304347828,ok,no_hr_loss,5,42
290,80,81.70212765957447,True,1.7021276595744723,ok,no_hr_loss,5,42
291,80,87.27272727272727,True,7.272727272727266,ok,no_hr_loss,5,42
292,80,73.14285714285714,True,6.857142857142861,ok,no_hr_loss,5,42
293,80,71.77570093457943,True,8.224299065420567,ok,no_hr_loss,5,42
294,80,73.14285714285714,True,6.857142857142861,ok,no_hr_loss,5,42
295,80,78.36734693877551,True,1.632653061224488,ok,no_hr_loss,5,42
296,80,76.8,True,3.200000000000003,ok,no_hr_loss,5,42
297,80,80.0,True,0.0,ok,no_hr_loss,5,42
298,80,71.11111111111111,True,8.888888888888886,ok,no_hr_loss,5,42
299,80,80.0,True,0.0,ok,no_hr_loss,5,42
300,80,78.36734693877551,True,1.632653061224488,ok,no_hr_loss,5,42
301,80,91.42857142857143,True,11.42857142857143,ok,no_hr_loss,5,42
302,80,78.36734693877551,True,1.632653061224488,ok,no_hr_loss,5,42
303,80,71.11111111111111,True,8.888888888888886,ok,no_hr_loss,5,42
304,80,75.29411764705883,True,4.705882352941174,ok,no_hr_loss,5,42
305,80,80.0,True,0.0,ok,no_hr_loss,5,42
306,80,87.27272727272727,True,7.272727272727266,ok,no_hr_loss,5,42
307,80,80.0,True,0.0,ok,no_hr_loss,5,42
308,80,80.0,True,0.0,ok,no_hr_loss,5,42
309,80,75.29411764705883,True,4.705882352941174,ok,no_hr_loss,5,42
310,80,51.54362416107382,True,28.456375838926178,ok,no_hr_loss,5,42
311,80,69.1891891891892,True,10.810810810810807,ok,no_hr_loss,5,42
312,80,77.57575757575758,True,2.424242424242422,ok,no_hr_loss,5,42
313,80,78.36734693877551,True,1.632653061224488,ok,no_hr_loss,5,42
314,80,76.8,True,3.200000000000003,ok,no_hr_loss,5,42
315,80,85.33333333333333,True,5.333333333333329,ok,no_hr_loss,5,42
316,80,85.33333333333333,True,5.333333333333329,ok,no_hr_loss,5,42
317,80,69.81818181818181,True,10.181818181818187,ok,no_hr_loss,5,42
318,80,96.0,True,16.0,ok,no_hr_loss,5,42
319,80,79.17525773195877,True,0.8247422680412342,ok,no_hr_loss,5,42
320,80,80.0,True,0.0,ok,no_hr_loss,5,42
321,80,83.47826086956522,True,3.4782608695652186,ok,no_hr_loss,5,42
322,80,64.0,True,16.0,ok,no_hr_loss,5,42
323,80,67.96460176991151,True,12.03539823008849,ok,no_hr_loss,5,42
324,80,69.1891891891892,True,10.810810810810807,ok,no_hr_loss,5,42
325,80,80.0,True,0.0,ok,no_hr_loss,5,42
326,80,80.0,True,0.0,ok,no_hr_loss,5,42
327,80,80.0,True,0.0,ok,no_hr_loss,5,42
328,80,66.20689655172414,True,13.793103448275858,ok,no_hr_loss,5,42
329,80,73.84615384615384,True,6.15384615384616,ok,no_hr_loss,5,42
330,80,76.03960396039604,True,3.960396039603964,ok,no_hr_loss,5,42
331,80,76.8,True,3.200000000000003,ok,no_hr_loss,5,42
332,80,74.5631067961165,True,5.4368932038835,ok,no_hr_loss,5,42
333,80,86.29213483146067,True,6.292134831460672,ok,no_hr_loss,5,42
334,80,67.36842105263158,True,12.631578947368425,ok,no_hr_loss,5,42
335,80,67.36842105263158,True,12.631578947368425,ok,no_hr_loss,5,42
336,80,67.36842105263158,True,12.631578947368425,ok,no_hr_loss,5,42
337,80,96.0,True,16.0,ok,no_hr_loss,5,42
338,80,96.0,True,16.0,ok,no_hr_loss,5,42
339,80,76.8,True,3.200000000000003,ok,no_hr_loss,5,42
340,80,75.29411764705883,True,4.705882352941174,ok,no_hr_loss,5,42
341,80,56.470588235294116,True,23.529411764705884,ok,no_hr_loss,5,42
342,80,76.03960396039604,True,3.960396039603964,ok,no_hr_loss,5,42
343,80,66.78260869565217,True,13.217391304347828,ok,no_hr_loss,5,42
344,80,85.33333333333333,True,5.333333333333329,ok,no_hr_loss,5,42
345,80,65.08474576271186,True,14.915254237288138,ok,no_hr_loss,5,42
346,80,50.526315789473685,True,29.473684210526315,ok,no_hr_loss,5,42
347,80,72.45283018867924,True,7.547169811320757,ok,no_hr_loss,5,42
348,80,69.81818181818181,True,10.181818181818187,ok,no_hr_loss,5,42
349,80,87.27272727272727,True,7.272727272727266,ok,no_hr_loss,5,42
350,80,73.14285714285714,True,6.857142857142861,ok,no_hr_loss,5,42
351,80,90.3529411764706,True,10.352941176470594,ok,no_hr_loss,5,42
352,80,48.607594936708864,True,31.392405063291136,ok,no_hr_loss,5,42
353,80,72.45283018867924,True,7.547169811320757,ok,no_hr_loss,5,42
354,80,76.8,True,3.200000000000003,ok,no_hr_loss,5,42
355,80,75.29411764705883,True,4.705882352941174,ok,no_hr_loss,5,42
356,80,56.888888888888886,True,23.111111111111114,ok,no_hr_loss,5,42
357,80,80.0,True,0.0,ok,no_hr_loss,5,42
358,80,74.5631067961165,True,5.4368932038835,ok,no_hr_loss,5,42
359,80,87.27272727272727,True,7.272727272727266,ok,no_hr_loss,5,42
360,80,70.45871559633028,True,9.54128440366972,ok,no_hr_loss,5,42
361,80,51.2,True,28.799999999999997,ok,no_hr_loss,5,42
362,80,50.86092715231788,True,29.139072847682122,ok,no_hr_loss,5,42
363,80,79.17525773195877,True,0.8247422680412342,ok,no_hr_loss,5,42
364,80,87.27272727272727,True,7.272727272727266,ok,no_hr_loss,5,42
365,80,77.57575757575758,True,2.424242424242422,ok,no_hr_loss,5,42
366,80,46.829268292682926,True,33.170731707317074,ok,no_hr_loss,5,42
367,80,76.8,True,3.200000000000003,ok,no_hr_loss,5,42
368,80,81.70212765957447,True,1.7021276595744723,ok,no_hr_loss,5,42
369,80,85.33333333333333,True,5.333333333333329,ok,no_hr_loss,5,42
370,80,82.58064516129032,True,2.5806451612903203,ok,no_hr_loss,5,42
371,80,87.27272727272727,True,7.272727272727266,ok,no_hr_loss,5,42
372,80,64.0,True,16.0,ok,no_hr_loss,5,42
373,80,83.47826086956522,True,3.4782608695652186,ok,no_hr_loss,5,42
374,80,80.0,True,0.0,ok,no_hr_loss,5,42
375,80,71.11111111111111,True,8.888888888888886,ok,no_hr_loss,5,42
376,80,91.42857142857143,True,11.42857142857143,ok,no_hr_loss,5,42
377,80,83.47826086956522,True,3.4782608695652186,ok,no_hr_loss,5,42
378,80,85.33333333333333,True,5.333333333333329,ok,no_hr_loss,5,42
379,80,64.0,True,16.0,ok,no_hr_loss,5,42
380,80,82.58064516129032,True,2.5806451612903203,ok,no_hr_loss,5,42
381,80,76.8,True,3.200000000000003,ok,no_hr_loss,5,42
382,80,85.33333333333333,True,5.333333333333329,ok,no_hr_loss,5,42
383,80,66.20689655172414,True,13.793103448275858,ok,no_hr_loss,5,42
384,80,71.11111111111111,True,8.888888888888886,ok,no_hr_loss,5,42
385,80,67.36842105263158,True,12.631578947368425,ok,no_hr_loss,5,42
386,80,73.84615384615384,True,6.15384615384616,ok,no_hr_loss,5,42
387,80,76.8,True,3.200000000000003,ok,no_hr_loss,5,42
388,80,78.36734693877551,True,1.632653061224488,ok,no_hr_loss,5,42
389,80,81.70212765957447,True,1.7021276595744723,ok,no_hr_loss,5,42
390,80,43.885714285714286,True,36.114285714285714,ok,no_hr_loss,5,42
391,80,87.27272727272727,True,7.272727272727266,ok,no_hr_loss,5,42
392,80,75.29411764705883,True,4.705882352941174,ok,no_hr_loss,5,42
393,80,96.0,True,16.0,ok,no_hr_loss,5,42
394,80,91.42857142857143,True,11.42857142857143,ok,no_hr_loss,5,42
395,80,76.03960396039604,True,3.960396039603964,ok,no_hr_loss,5,42
396,80,71.11111111111111,True,8.888888888888886,ok,no_hr_loss,5,42
397,80,80.0,True,0.0,ok,no_hr_loss,5,42
398,80,75.29411764705883,True,4.705882352941174,ok,no_hr_loss,5,42
399,80,78.36734693877551,True,1.632653061224488,ok,no_hr_loss,5,42
400,80,78.36734693877551,True,1.632653061224488,ok,no_hr_loss,5,42
401,80,80.0,True,0.0,ok,no_hr_loss,5,42
402,80,78.36734693877551,True,1.632653061224488,ok,no_hr_loss,5,42
403,80,69.81818181818181,True,10.181818181818187,ok,no_hr_loss,5,42
404,80,81.70212765957447,True,1.7021276595744723,ok,no_hr_loss,5,42
405,80,78.36734693877551,True,1.632653061224488,ok,no_hr_loss,5,42
406,80,85.33333333333333,True,5.333333333333329,ok,no_hr_loss,5,42
407,80,72.45283018867924,True,7.547169811320757,ok,no_hr_loss,5,42
408,80,69.1891891891892,True,10.810810810810807,ok,no_hr_loss,5,42
409,80,73.14285714285714,True,6.857142857142861,ok,no_hr_loss,5,42
410,80,86.29213483146067,True,6.292134831460672,ok,no_hr_loss,5,42
411,80,78.36734693877551,True,1.632653061224488,ok,no_hr_loss,5,42
412,80,73.14285714285714,True,6.857142857142861,ok,no_hr_loss,5,42
413,80,80.0,True,0.0,ok,no_hr_loss,5,42
414,80,85.33333333333333,True,5.333333333333329,ok,no_hr_loss,5,42
415,80,77.57575757575758,True,2.424242424242422,ok,no_hr_loss,5,42
416,80,75.29411764705883,True,4.705882352941174,ok,no_hr_loss,5,42
417,80,79.17525773195877,True,0.8247422680412342,ok,no_hr_loss,5,42
418,80,89.30232558139535,True,9.302325581395351,ok,no_hr_loss,5,42
419,80,81.70212765957447,True,1.7021276595744723,ok,no_hr_loss,5,42
420,80,83.47826086956522,True,3.4782608695652186,ok,no_hr_loss,5,42
421,80,64.0,True,16.0,ok,no_hr_loss,5,42
422,80,87.27272727272727,True,7.272727272727266,ok,no_hr_loss,5,42
423,80,83.47826086956522,True,3.4782608695652186,ok,no_hr_loss,5,42
424,80,60.95238095238095,True,19.04761904761905,ok,no_hr_loss,5,42
425,80,56.470588235294116,True,23.529411764705884,ok,no_hr_loss,5,42
426,80,83.47826086956522,True,3.4782608695652186,ok,no_hr_loss,5,42
427,80,81.70212765957447,True,1.7021276595744723,ok,no_hr_loss,5,42
428,80,74.5631067961165,True,5.4368932038835,ok,no_hr_loss,5,42
429,80,61.935483870967744,True,18.064516129032256,ok,no_hr_loss,5,42
430,80,76.8,True,3.200000000000003,ok,no_hr_loss,5,42
431,80,52.96551724137931,True,27.03448275862069,ok,no_hr_loss,5,42
432,80,74.5631067961165,True,5.4368932038835,ok,no_hr_loss,5,42
433,80,80.0,True,0.0,ok,no_hr_loss,5,42
434,80,73.84615384615384,True,6.15384615384616,ok,no_hr_loss,5,42
435,80,52.244897959183675,True,27.755102040816325,ok,no_hr_loss,5,42
436,80,75.29411764705883,True,4.705882352941174,ok,no_hr_loss,5,42
437,80,80.84210526315789,True,0.8421052631578902,ok,no_hr_loss,5,42
438,80,78.36734693877551,True,1.632653061224488,ok,no_hr_loss,5,42
439,80,83.47826086956522,True,3.4782608695652186,ok,no_hr_loss,5,42
440,80,81.70212765957447,True,1.7021276595744723,ok,no_hr_loss,5,42
441,80,80.0,True,0.0,ok,no_hr_loss,5,42
442,80,76.8,True,3.200000000000003,ok,no_hr_loss,5,42
443,80,70.45871559633028,True,9.54128440366972,ok,no_hr_loss,5,42
444,80,83.47826086956522,True,3.4782608695652186,ok,no_hr_loss,5,42
445,80,78.36734693877551,True,1.632653061224488,ok,no_hr_loss,5,42
446,80,78.36734693877551,True,1.632653061224488,ok,no_hr_loss,5,42
447,80,75.29411764705883,True,4.705882352941174,ok,no_hr_loss,5,42
448,80,72.45283018867924,True,7.547169811320757,ok,no_hr_loss,5,42
449,80,73.84615384615384,True,6.15384615384616,ok,no_hr_loss,5,42
450,80,75.29411764705883,True,4.705882352941174,ok,no_hr_loss,5,42
451,80,72.45283018867924,True,7.547169811320757,ok,no_hr_loss,5,42
452,80,83.47826086956522,True,3.4782608695652186,ok,no_hr_loss,5,42
453,80,82.58064516129032,True,2.5806451612903203,ok,no_hr_loss,5,42
454,80,71.11111111111111,True,8.888888888888886,ok,no_hr_loss,5,42
455,80,78.36734693877551,True,1.632653061224488,ok,no_hr_loss,5,42
456,80,71.11111111111111,True,8.888888888888886,ok,no_hr_loss,5,42
457,80,72.45283018867924,True,7.547169811320757,ok,no_hr_loss,5,42
458,80,65.08474576271186,True,14.915254237288138,ok,no_hr_loss,5,42
459,80,83.47826086956522,True,3.4782608695652186,ok,no_hr_loss,5,42
460,80,83.47826086956522,True,3.4782608695652186,ok,no_hr_loss,5,42
461,80,67.96460176991151,True,12.03539823008849,ok,no_hr_loss,5,42
462,80,76.8,True,3.200000000000003,ok,no_hr_loss,5,42
463,80,73.84615384615384,True,6.15384615384616,ok,no_hr_loss,5,42
464,80,80.0,True,0.0,ok,no_hr_loss,5,42
465,80,73.84615384615384,True,6.15384615384616,ok,no_hr_loss,5,42
466,80,93.65853658536585,True,13.658536585365852,ok,no_hr_loss,5,42
467,80,72.45283018867924,True,7.547169811320757,ok,no_hr_loss,5,42
468,80,76.8,True,3.200000000000003,ok,no_hr_loss,5,42
469,80,81.70212765957447,True,1.7021276595744723,ok,no_hr_loss,5,42
470,80,81.70212765957447,True,1.7021276595744723,ok,no_hr_loss,5,42
471,80,74.5631067961165,True,5.4368932038835,ok,no_hr_loss,5,42
472,80,84.3956043956044,True,4.395604395604394,ok,no_hr_loss,5,42
473,80,80.0,True,0.0,ok,no_hr_loss,5,42
474,80,61.935483870967744,True,18.064516129032256,ok,no_hr_loss,5,42
475,80,69.81818181818181,True,10.181818181818187,ok,no_hr_loss,5,42
476,80,75.29411764705883,True,4.705882352941174,ok,no_hr_loss,5,42
477,80,76.8,True,3.200000000000003,ok,no_hr_loss,5,42
478,80,59.07692307692308,True,20.92307692307692,ok,no_hr_loss,5,42
479,80,76.8,True,3.200000000000003,ok,no_hr_loss,5,42
480,80,89.30232558139535,True,9.302325581395351,ok,no_hr_loss,5,42
481,80,92.53012048192771,True,12.53012048192771,ok,no_hr_loss,5,42
482,80,67.96460176991151,True,12.03539823008849,ok,no_hr_loss,5,42
483,80,83.47826086956522,True,3.4782608695652186,ok,no_hr_loss,5,42
484,80,76.03960396039604,True,3.960396039603964,ok,no_hr_loss,5,42
485,80,79.17525773195877,True,0.8247422680412342,ok,no_hr_loss,5,42
486,80,78.36734693877551,True,1.632653061224488,ok,no_hr_loss,5,42
487,80,85.33333333333333,True,5.333333333333329,ok,no_hr_loss,5,42
488,80,96.0,True,16.0,ok,no_hr_loss,5,42
489,80,54.857142857142854,True,25.142857142857146,ok,no_hr_loss,5,42
490,80,58.62595419847328,True,21.37404580152672,ok,no_hr_loss,5,42
491,80,60.95238095238095,True,19.04761904761905,ok,no_hr_loss,5,42
492,80,76.03960396039604,True,3.960396039603964,ok,no_hr_loss,5,42
493,80,76.8,True,3.200000000000003,ok,no_hr_loss,5,42
494,80,76.03960396039604,True,3.960396039603964,ok,no_hr_loss,5,42
495,80,73.84615384615384,True,6.15384615384616,ok,no_hr_loss,5,42
496,80,64.0,True,16.0,ok,no_hr_loss,5,42
497,80,81.70212765957447,True,1.7021276595744723,ok,no_hr_loss,5,42
498,80,69.81818181818181,True,10.181818181818187,ok,no_hr_loss,5,42
499,80,82.58064516129032,True,2.5806451612903203,ok,no_hr_loss,5,42
500,80,82.58064516129032,True,2.5806451612903203,ok,no_hr_loss,5,42
501,80,93.65853658536585,True,13.658536585365852,ok,no_hr_loss,5,42
502,80,80.0,True,0.0,ok,no_hr_loss,5,42
503,80,83.47826086956522,True,3.4782608695652186,ok,no_hr_loss,5,42
504,80,79.17525773195877,True,0.8247422680412342,ok,no_hr_loss,5,42
505,80,83.47826086956522,True,3.4782608695652186,ok,no_hr_loss,5,42
506,80,83.47826086956522,True,3.4782608695652186,ok,no_hr_loss,5,42
507,80,69.81818181818181,True,10.181818181818187,ok,no_hr_loss,5,42
508,80,71.77570093457943,True,8.224299065420567,ok,no_hr_loss,5,42
509,80,82.58064516129032,True,2.5806451612903203,ok,no_hr_loss,5,42
510,80,55.65217391304348,True,24.347826086956523,ok,no_hr_loss,5,42
511,80,82.58064516129032,True,2.5806451612903203,ok,no_hr_loss,5,42
512,80,87.27272727272727,True,7.272727272727266,ok,no_hr_loss,5,42
513,80,75.29411764705883,True,4.705882352941174,ok,no_hr_loss,5,42
514,80,81.70212765957447,True,1.7021276595744723,ok,no_hr_loss,5,42
515,80,76.03960396039604,True,3.960396039603964,ok,no_hr_loss,5,42
516,80,78.36734693877551,True,1.632653061224488,ok,no_hr_loss,5,42
517,80,91.42857142857143,True,11.42857142857143,ok,no_hr_loss,5,42
518,80,67.36842105263158,True,12.631578947368425,ok,no_hr_loss,5,42
519,80,64.0,True,16.0,ok,no_hr_loss,5,42
520,80,74.5631067961165,True,5.4368932038835,ok,no_hr_loss,5,42
521,80,71.77570093457943,True,8.224299065420567,ok,no_hr_loss,5,42
522,80,80.0,True,0.0,ok,no_hr_loss,5,42
523,80,68.57142857142857,True,11.42857142857143,ok,no_hr_loss,5,42
524,80,62.950819672131146,True,17.049180327868854,ok,no_hr_loss,5,42
525,80,81.70212765957447,True,1.7021276595744723,ok,no_hr_loss,5,42
526,80,55.65217391304348,True,24.347826086956523,ok,no_hr_loss,5,42
527,80,62.950819672131146,True,17.049180327868854,ok,no_hr_loss,5,42
528,80,78.36734693877551,True,1.632653061224488,ok,no_hr_loss,5,42
529,80,66.20689655172414,True,13.793103448275858,ok,no_hr_loss,5,42
530,80,71.11111111111111,True,8.888888888888886,ok,no_hr_loss,5,42
531,80,64.0,True,16.0,ok,no_hr_loss,5,42
532,80,61.935483870967744,True,18.064516129032256,ok,no_hr_loss,5,42
533,80,83.47826086956522,True,3.4782608695652186,ok,no_hr_loss,5,42
534,80,78.36734693877551,True,1.632653061224488,ok,no_hr_loss,5,42
535,80,80.84210526315789,True,0.8421052631578902,ok,no_hr_loss,5,42
536,80,89.30232558139535,True,9.302325581395351,ok,no_hr_loss,5,42
537,80,76.8,True,3.200000000000003,ok,no_hr_loss,5,42
538,80,65.08474576271186,True,14.915254237288138,ok,no_hr_loss,5,42
539,80,61.935483870967744,True,18.064516129032256,ok,no_hr_loss,5,42
540,80,80.0,True,0.0,ok,no_hr_loss,5,42
541,80,75.29411764705883,True,4.705882352941174,ok,no_hr_loss,5,42
542,80,67.36842105263158,True,12.631578947368425,ok,no_hr_loss,5,42
543,80,60.95238095238095,True,19.04761904761905,ok,no_hr_loss,5,42
544,80,66.20689655172414,True,13.793103448275858,ok,no_hr_loss,5,42
545,80,62.950819672131146,True,17.049180327868854,ok,no_hr_loss,5,42
546,80,75.29411764705883,True,4.705882352941174,ok,no_hr_loss,5,42
547,80,75.29411764705883,True,4.705882352941174,ok,no_hr_loss,5,42
548,80,57.3134328358209,True,22.686567164179102,ok,no_hr_loss,5,42
549,80,69.81818181818181,True,10.181818181818187,ok,no_hr_loss,5,42
550,80,68.57142857142857,True,11.42857142857143,ok,no_hr_loss,5,42
551,80,81.70212765957447,True,1.7021276595744723,ok,no_hr_loss,5,42
552,80,73.84615384615384,True,6.15384615384616,ok,no_hr_loss,5,42
553,80,83.47826086956522,True,3.4782608695652186,ok,no_hr_loss,5,42
554,80,76.8,True,3.200000000000003,ok,no_hr_loss,5,42
555,80,69.1891891891892,True,10.810810810810807,ok,no_hr_loss,5,42
556,80,74.5631067961165,True,5.4368932038835,ok,no_hr_loss,5,42
557,80,75.29411764705883,True,4.705882352941174,ok,no_hr_loss,5,42
558,80,73.84615384615384,True,6.15384615384616,ok,no_hr_loss,5,42
559,80,75.29411764705883,True,4.705882352941174,ok,no_hr_loss,5,42
560,80,69.81818181818181,True,10.181818181818187,ok,no_hr_loss,5,42
561,80,90.3529411764706,True,10.352941176470594,ok,no_hr_loss,5,42
562,80,69.81818181818181,True,10.181818181818187,ok,no_hr_loss,5,42
563,80,57.3134328358209,True,22.686567164179102,ok,no_hr_loss,5,42
564,80,87.27272727272727,True,7.272727272727266,ok,no_hr_loss,5,42
565,80,60.95238095238095,True,19.04761904761905,ok,no_hr_loss,5,42
566,80,91.42857142857143,True,11.42857142857143,ok,no_hr_loss,5,42
567,80,75.29411764705883,True,4.705882352941174,ok,no_hr_loss,5,42
568,80,67.36842105263158,True,12.631578947368425,ok,no_hr_loss,5,42
569,80,73.84615384615384,True,6.15384615384616,ok,no_hr_loss,5,42
570,80,74.5631067961165,True,5.4368932038835,ok,no_hr_loss,5,42
571,80,73.84615384615384,True,6.15384615384616,ok,no_hr_loss,5,42
572,80,75.29411764705883,True,4.705882352941174,ok,no_hr_loss,5,42
573,80,76.03960396039604,True,3.960396039603964,ok,no_hr_loss,5,42
574,80,80.84210526315789,True,0.8421052631578902,ok,no_hr_loss,5,42
575,80,68.57142857142857,True,11.42857142857143,ok,no_hr_loss,5,42
576,80,73.84615384615384,True,6.15384615384616,ok,no_hr_loss,5,42
577,80,54.08450704225352,True,25.91549295774648,ok,no_hr_loss,5,42
578,80,78.36734693877551,True,1.632653061224488,ok,no_hr_loss,5,42
579,80,76.03960396039604,True,3.960396039603964,ok,no_hr_loss,5,42
580,80,85.33333333333333,True,5.333333333333329,ok,no_hr_loss,5,42
581,80,85.33333333333333,True,5.333333333333329,ok,no_hr_loss,5,42
582,80,73.14285714285714,True,6.857142857142861,ok,no_hr_loss,5,42
583,80,80.0,True,0.0,ok,no_hr_loss,5,42
584,80,64.53781512605042,True,15.462184873949582,ok,no_hr_loss,5,42
585,80,75.29411764705883,True,4.705882352941174,ok,no_hr_loss,5,42
586,80,84.3956043956044,True,4.395604395604394,ok,no_hr_loss,5,42
587,80,80.0,True,0.0,ok,no_hr_loss,5,42
588,80,89.30232558139535,True,9.302325581395351,ok,no_hr_loss,5,42
589,80,85.33333333333333,True,5.333333333333329,ok,no_hr_loss,5,42
590,80,75.29411764705883,True,4.705882352941174,ok,no_hr_loss,5,42
591,80,83.47826086956522,True,3.4782608695652186,ok,no_hr_loss,5,42
592,80,81.70212765957447,True,1.7021276595744723,ok,no_hr_loss,5,42
593,80,66.20689655172414,True,13.793103448275858,ok,no_hr_loss,5,42
594,80,78.36734693877551,True,1.632653061224488,ok,no_hr_loss,5,42
595,80,81.70212765957447,True,1.7021276595744723,ok,no_hr_loss,5,42
596,80,81.70212765957447,True,1.7021276595744723,ok,no_hr_loss,5,42
597,80,89.30232558139535,True,9.302325581395351,ok,no_hr_loss,5,42
598,80,70.45871559633028,True,9.54128440366972,ok,no_hr_loss,5,42
599,80,73.84615384615384,True,6.15384615384616,ok,no_hr_loss,5,42
600,80,71.11111111111111,True,8.888888888888886,ok,no_hr_loss,5,42
601,80,78.36734693877551,True,1.632653061224488,ok,no_hr_loss,5,42
602,80,83.47826086956522,True,3.4782608695652186,ok,no_hr_loss,5,42
603,80,78.36734693877551,True,1.632653061224488,ok,no_hr_loss,5,42
604,80,89.30232558139535,True,9.302325581395351,ok,no_hr_loss,5,42
605,80,60.0,True,20.0,ok,no_hr_loss,5,42
606,80,60.95238095238095,True,19.04761904761905,ok,no_hr_loss,5,42
607,80,51.891891891891895,True,28.108108108108105,ok,no_hr_loss,5,42
608,80,86.29213483146067,True,6.292134831460672,ok,no_hr_loss,5,42
609,80,65.08474576271186,True,14.915254237288138,ok,no_hr_loss,5,42
610,80,72.45283018867924,True,7.547169811320757,ok,no_hr_loss,5,42
611,80,80.0,True,0.0,ok,no_hr_loss,5,42
612,80,75.29411764705883,True,4.705882352941174,ok,no_hr_loss,5,42
613,80,71.11111111111111,True,8.888888888888886,ok,no_hr_loss,5,42
614,80,71.11111111111111,True,8.888888888888886,ok,no_hr_loss,5,42
615,80,81.70212765957447,True,1.7021276595744723,ok,no_hr_loss,5,42
616,80,76.8,True,3.200000000000003,ok,no_hr_loss,5,42
617,80,78.36734693877551,True,1.632653061224488,ok,no_hr_loss,5,42
618,80,80.0,True,0.0,ok,no_hr_loss,5,42
619,80,71.11111111111111,True,8.888888888888886,ok,no_hr_loss,5,42
620,80,82.58064516129032,True,2.5806451612903203,ok,no_hr_loss,5,42
621,80,91.42857142857143,True,11.42857142857143,ok,no_hr_loss,5,42
622,80,87.27272727272727,True,7.272727272727266,ok,no_hr_loss,5,42
623,80,83.47826086956522,True,3.4782608695652186,ok,no_hr_loss,5,42
624,80,67.96460176991151,True,12.03539823008849,ok,no_hr_loss,5,42
625,80,81.70212765957447,True,1.7021276595744723,ok,no_hr_loss,5,42
626,80,54.08450704225352,True,25.91549295774648,ok,no_hr_loss,5,42
627,80,80.0,True,0.0,ok,no_hr_loss,5,42
628,80,71.77570093457943,True,8.224299065420567,ok,no_hr_loss,5,42
629,80,80.0,True,0.0,ok,no_hr_loss,5,42
630,80,75.29411764705883,True,4.705882352941174,ok,no_hr_loss,5,42
631,80,81.70212765957447,True,1.7021276595744723,ok,no_hr_loss,5,42
632,80,88.27586206896552,True,8.275862068965523,ok,no_hr_loss,5,42
633,80,75.29411764705883,True,4.705882352941174,ok,no_hr_loss,5,42
634,80,67.36842105263158,True,12.631578947368425,ok,no_hr_loss,5,42
635,80,62.950819672131146,True,17.049180327868854,ok,no_hr_loss,5,42
636,80,72.45283018867924,True,7.547169811320757,ok,no_hr_loss,5,42
637,80,96.0,True,16.0,ok,no_hr_loss,5,42
638,80,90.3529411764706,True,10.352941176470594,ok,no_hr_loss,5,42
639,80,76.8,True,3.200000000000003,ok,no_hr_loss,5,42
640,80,71.11111111111111,True,8.888888888888886,ok,no_hr_loss,5,42
641,80,89.30232558139535,True,9.302325581395351,ok,no_hr_loss,5,42
642,80,80.0,True,0.0,ok,no_hr_loss,5,42
643,80,51.891891891891895,True,28.108108108108105,ok,no_hr_loss,5,42
644,80,81.70212765957447,True,1.7021276595744723,ok,no_hr_loss,5,42
645,80,67.36842105263158,True,12.631578947368425,ok,no_hr_loss,5,42
646,80,91.42857142857143,True,11.42857142857143,ok,no_hr_loss,5,42
647,80,49.54838709677419,True,30.451612903225808,ok,no_hr_loss,5,42
648,80,76.8,True,3.200000000000003,ok,no_hr_loss,5,42
649,80,80.0,True,0.0,ok,no_hr_loss,5,42
650,80,68.57142857142857,True,11.42857142857143,ok,no_hr_loss,5,42
651,80,44.651162790697676,True,35.348837209302324,ok,no_hr_loss,5,42
652,80,75.29411764705883,True,4.705882352941174,ok,no_hr_loss,5,42
653,80,67.36842105263158,True,12.631578947368425,ok,no_hr_loss,5,42
654,80,71.11111111111111,True,8.888888888888886,ok,no_hr_loss,5,42
655,80,80.84210526315789,True,0.8421052631578902,ok,no_hr_loss,5,42
656,80,56.470588235294116,True,23.529411764705884,ok,no_hr_loss,5,42
657,80,80.0,True,0.0,ok,no_hr_loss,5,42
658,80,75.29411764705883,True,4.705882352941174,ok,no_hr_loss,5,42
659,80,80.84210526315789,True,0.8421052631578902,ok,no_hr_loss,5,42
660,80,61.935483870967744,True,18.064516129032256,ok,no_hr_loss,5,42
661,80,78.36734693877551,True,1.632653061224488,ok,no_hr_loss,5,42
662,80,78.36734693877551,True,1.632653061224488,ok,no_hr_loss,5,42
663,80,48.301886792452834,True,31.698113207547166,ok,no_hr_loss,5,42
664,80,81.70212765957447,True,1.7021276595744723,ok,no_hr_loss,5,42
665,80,96.0,True,16.0,ok,no_hr_loss,5,42
666,80,82.58064516129032,True,2.5806451612903203,ok,no_hr_loss,5,42
667,80,79.17525773195877,True,0.8247422680412342,ok,no_hr_loss,5,42
668,80,69.81818181818181,True,10.181818181818187,ok,no_hr_loss,5,42
669,80,72.45283018867924,True,7.547169811320757,ok,no_hr_loss,5,42
670,80,76.8,True,3.200000000000003,ok,no_hr_loss,5,42
671,80,72.45283018867924,True,7.547169811320757,ok,no_hr_loss,5,42
672,80,65.64102564102564,True,14.358974358974365,ok,no_hr_loss,5,42
673,80,61.935483870967744,True,18.064516129032256,ok,no_hr_loss,5,42
674,80,70.45871559633028,True,9.54128440366972,ok,no_hr_loss,5,42
675,80,70.45871559633028,True,9.54128440366972,ok,no_hr_loss,5,42
676,80,69.81818181818181,True,10.181818181818187,ok,no_hr_loss,5,42
677,80,75.29411764705883,True,4.705882352941174,ok,no_hr_loss,5,42
678,80,71.11111111111111,True,8.888888888888886,ok,no_hr_loss,5,42
679,80,52.602739726027394,True,27.397260273972606,ok,no_hr_loss,5,42
680,80,75.29411764705883,True,4.705882352941174,ok,no_hr_loss,5,42
681,80,69.1891891891892,True,10.810810810810807,ok,no_hr_loss,5,42
682,80,78.36734693877551,True,1.632653061224488,ok,no_hr_loss,5,42
683,80,71.11111111111111,True,8.888888888888886,ok,no_hr_loss,5,42
684,80,75.29411764705883,True,4.705882352941174,ok,no_hr_loss,5,42
685,80,71.11111111111111,True,8.888888888888886,ok,no_hr_loss,5,42
686,80,72.45283018867924,True,7.547169811320757,ok,no_hr_loss,5,42
687,80,85.33333333333333,True,5.333333333333329,ok,no_hr_loss,5,42
688,80,80.0,True,0.0,ok,no_hr_loss,5,42
689,80,56.058394160583944,True,23.941605839416056,ok,no_hr_loss,5,42
690,80,59.53488372093023,True,20.46511627906977,ok,no_hr_loss,5,42
691,80,80.84210526315789,True,0.8421052631578902,ok,no_hr_loss,5,42
692,80,68.57142857142857,True,11.42857142857143,ok,no_hr_loss,5,42
693,80,85.33333333333333,True,5.333333333333329,ok,no_hr_loss,5,42
694,80,75.29411764705883,True,4.705882352941174,ok,no_hr_loss,5,42
695,80,81.70212765957447,True,1.7021276595744723,ok,no_hr_loss,5,42
696,80,77.57575757575758,True,2.424242424242422,ok,no_hr_loss,5,42
697,80,72.45283018867924,True,7.547169811320757,ok,no_hr_loss,5,42
698,80,77.57575757575758,True,2.424242424242422,ok,no_hr_loss,5,42
699,80,66.20689655172414,True,13.793103448275858,ok,no_hr_loss,5,42
700,80,83.47826086956522,True,3.4782608695652186,ok,no_hr_loss,5,42
701,80,76.03960396039604,True,3.960396039603964,ok,no_hr_loss,5,42
702,80,85.33333333333333,True,5.333333333333329,ok,no_hr_loss,5,42
703,80,70.45871559633028,True,9.54128440366972,ok,no_hr_loss,5,42
704,80,76.03960396039604,True,3.960396039603964,ok,no_hr_loss,5,42
705,80,69.1891891891892,True,10.810810810810807,ok,no_hr_loss,5,42
706,80,79.17525773195877,True,0.8247422680412342,ok,no_hr_loss,5,42
707,80,76.03960396039604,True,3.960396039603964,ok,no_hr_loss,5,42
708,80,85.33333333333333,True,5.333333333333329,ok,no_hr_loss,5,42
709,80,75.29411764705883,True,4.705882352941174,ok,no_hr_loss,5,42
710,80,69.1891891891892,True,10.810810810810807,ok,no_hr_loss,5,42
711,80,81.70212765957447,True,1.7021276595744723,ok,no_hr_loss,5,42
712,80,83.47826086956522,True,3.4782608695652186,ok,no_hr_loss,5,42
713,80,76.8,True,3.200000000000003,ok,no_hr_loss,5,42
714,80,71.11111111111111,True,8.888888888888886,ok,no_hr_loss,5,42
715,80,66.20689655172414,True,13.793103448275858,ok,no_hr_loss,5,42
716,80,80.0,True,0.0,ok,no_hr_loss,5,42
717,80,83.47826086956522,True,3.4782608695652186,ok,no_hr_loss,5,42
718,80,73.84615384615384,True,6.15384615384616,ok,no_hr_loss,5,42
719,80,57.744360902255636,True,22.255639097744364,ok,no_hr_loss,5,42
720,80,54.46808510638298,True,25.53191489361702,ok,no_hr_loss,5,42
721,80,69.1891891891892,True,10.810810810810807,ok,no_hr_loss,5,42
722,80,71.77570093457943,True,8.224299065420567,ok,no_hr_loss,5,42
723,80,62.4390243902439,True,17.5609756097561,ok,no_hr_loss,5,42
724,80,71.11111111111111,True,8.888888888888886,ok,no_hr_loss,5,42
725,80,62.950819672131146,True,17.049180327868854,ok,no_hr_loss,5,42
726,80,76.8,True,3.200000000000003,ok,no_hr_loss,5,42
727,80,83.47826086956522,True,3.4782608695652186,ok,no_hr_loss,5,42
728,80,87.27272727272727,True,7.272727272727266,ok,no_hr_loss,5,42
729,80,73.14285714285714,True,6.857142857142861,ok,no_hr_loss,5,42
730,80,91.42857142857143,True,11.42857142857143,ok,no_hr_loss,5,42
731,80,75.29411764705883,True,4.705882352941174,ok,no_hr_loss,5,42
732,80,78.36734693877551,True,1.632653061224488,ok,no_hr_loss,5,42
733,80,56.058394160583944,True,23.941605839416056,ok,no_hr_loss,5,42
734,80,80.0,True,0.0,ok,no_hr_loss,5,42
735,80,74.5631067961165,True,5.4368932038835,ok,no_hr_loss,5,42
736,80,76.8,True,3.200000000000003,ok,no_hr_loss,5,42
737,80,77.57575757575758,True,2.424242424242422,ok,no_hr_loss,5,42
738,80,88.27586206896552,True,8.275862068965523,ok,no_hr_loss,5,42
739,80,83.47826086956522,True,3.4782608695652186,ok,no_hr_loss,5,42
740,80,81.70212765957447,True,1.7021276595744723,ok,no_hr_loss,5,42
741,80,75.29411764705883,True,4.705882352941174,ok,no_hr_loss,5,42
742,80,60.95238095238095,True,19.04761904761905,ok,no_hr_loss,5,42
743,80,66.20689655172414,True,13.793103448275858,ok,no_hr_loss,5,42
744,80,69.81818181818181,True,10.181818181818187,ok,no_hr_loss,5,42
745,80,83.47826086956522,True,3.4782608695652186,ok,no_hr_loss,5,42
746,80,81.70212765957447,True,1.7021276595744723,ok,no_hr_loss,5,42
747,80,85.33333333333333,True,5.333333333333329,ok,no_hr_loss,5,42
748,80,87.27272727272727,True,7.272727272727266,ok,no_hr_loss,5,42
749,80,71.11111111111111,True,8.888888888888886,ok,no_hr_loss,5,42
750,80,80.0,True,0.0,ok,no_hr_loss,5,42
751,80,67.36842105263158,True,12.631578947368425,ok,no_hr_loss,5,42
752,80,80.0,True,0.0,ok,no_hr_loss,5,42
753,80,68.57142857142857,True,11.42857142857143,ok,no_hr_loss,5,42
754,80,85.33333333333333,True,5.333333333333329,ok,no_hr_loss,5,42
755,80,71.11111111111111,True,8.888888888888886,ok,no_hr_loss,5,42
756,80,79.17525773195877,True,0.8247422680412342,ok,no_hr_loss,5,42
757,80,76.8,True,3.200000000000003,ok,no_hr_loss,5,42
758,80,85.33333333333333,True,5.333333333333329,ok,no_hr_loss,5,42
759,80,82.58064516129032,True,2.5806451612903203,ok,no_hr_loss,5,42
760,80,75.29411764705883,True,4.705882352941174,ok,no_hr_loss,5,42
761,80,71.77570093457943,True,8.224299065420567,ok,no_hr_loss,5,42
762,80,68.57142857142857,True,11.42857142857143,ok,no_hr_loss,5,42
763,80,79.17525773195877,True,0.8247422680412342,ok,no_hr_loss,5,42
764,80,72.45283018867924,True,7.547169811320757,ok,no_hr_loss,5,42
765,80,80.0,True,0.0,ok,no_hr_loss,5,42
766,80,67.96460176991151,True,12.03539823008849,ok,no_hr_loss,5,42
767,80,54.08450704225352,True,25.91549295774648,ok,no_hr_loss,5,42
768,80,76.8,True,3.200000000000003,ok,no_hr_loss,5,42
769,80,78.36734693877551,True,1.632653061224488,ok,no_hr_loss,5,42
770,80,80.0,True,0.0,ok,no_hr_loss,5,42
771,80,80.0,True,0.0,ok,no_hr_loss,5,42
772,80,67.36842105263158,True,12.631578947368425,ok,no_hr_loss,5,42
773,80,88.27586206896552,True,8.275862068965523,ok,no_hr_loss,5,42
774,80,80.84210526315789,True,0.8421052631578902,ok,no_hr_loss,5,42
775,80,88.27586206896552,True,8.275862068965523,ok,no_hr_loss,5,42
776,80,91.42857142857143,True,11.42857142857143,ok,no_hr_loss,5,42
777,80,61.935483870967744,True,18.064516129032256,ok,no_hr_loss,5,42
778,80,93.65853658536585,True,13.658536585365852,ok,no_hr_loss,5,42
779,80,84.3956043956044,True,4.395604395604394,ok,no_hr_loss,5,42
780,80,87.27272727272727,True,7.272727272727266,ok,no_hr_loss,5,42
781,80,75.29411764705883,True,4.705882352941174,ok,no_hr_loss,5,42
782,80,76.03960396039604,True,3.960396039603964,ok,no_hr_loss,5,42
783,80,73.84615384615384,True,6.15384615384616,ok,no_hr_loss,5,42
784,80,81.70212765957447,True,1.7021276595744723,ok,no_hr_loss,5,42
785,80,76.03960396039604,True,3.960396039603964,ok,no_hr_loss,5,42
786,80,83.47826086956522,True,3.4782608695652186,ok,no_hr_loss,5,42
787,80,68.57142857142857,True,11.42857142857143,ok,no_hr_loss,5,42
788,80,82.58064516129032,True,2.5806451612903203,ok,no_hr_loss,5,42
789,80,93.65853658536585,True,13.658536585365852,ok,no_hr_loss,5,42
790,80,76.03960396039604,True,3.960396039603964,ok,no_hr_loss,5,42
791,80,51.891891891891895,True,28.108108108108105,ok,no_hr_loss,5,42
792,80,79.17525773195877,True,0.8247422680412342,ok,no_hr_loss,5,42
793,80,68.57142857142857,True,11.42857142857143,ok,no_hr_loss,5,42
794,80,80.0,True,0.0,ok,no_hr_loss,5,42
795,80,69.1891891891892,True,10.810810810810807,ok,no_hr_loss,5,42
796,80,65.64102564102564,True,14.358974358974365,ok,no_hr_loss,5,42
797,80,80.0,True,0.0,ok,no_hr_loss,5,42
798,80,76.8,True,3.200000000000003,ok,no_hr_loss,5,42
799,80,62.950819672131146,True,17.049180327868854,ok,no_hr_loss,5,42
800,80,76.8,True,3.200000000000003,ok,no_hr_loss,5,42
801,80,53.333333333333336,True,26.666666666666664,ok,no_hr_loss,5,42
802,80,68.57142857142857,True,11.42857142857143,ok,no_hr_loss,5,42
803,80,75.29411764705883,True,4.705882352941174,ok,no_hr_loss,5,42
804,80,80.0,True,0.0,ok,no_hr_loss,5,42
805,80,75.29411764705883,True,4.705882352941174,ok,no_hr_loss,5,42
806,80,72.45283018867924,True,7.547169811320757,ok,no_hr_loss,5,42
807,80,56.470588235294116,True,23.529411764705884,ok,no_hr_loss,5,42
808,80,73.84615384615384,True,6.15384615384616,ok,no_hr_loss,5,42
809,80,93.65853658536585,True,13.658536585365852,ok,no_hr_loss,5,42
810,80,74.5631067961165,True,5.4368932038835,ok,no_hr_loss,5,42
811,80,93.65853658536585,True,13.658536585365852,ok,no_hr_loss,5,42
812,80,80.84210526315789,True,0.8421052631578902,ok,no_hr_loss,5,42
813,80,81.70212765957447,True,1.7021276595744723,ok,no_hr_loss,5,42
814,80,69.81818181818181,True,10.181818181818187,ok,no_hr_loss,5,42
815,80,76.8,True,3.200000000000003,ok,no_hr_loss,5,42
816,80,73.84615384615384,True,6.15384615384616,ok,no_hr_loss,5,42
817,80,70.45871559633028,True,9.54128440366972,ok,no_hr_loss,5,42
818,80,79.17525773195877,True,0.8247422680412342,ok,no_hr_loss,5,42
819,80,87.27272727272727,True,7.272727272727266,ok,no_hr_loss,5,42
820,80,75.29411764705883,True,4.705882352941174,ok,no_hr_loss,5,42
821,80,81.70212765957447,True,1.7021276595744723,ok,no_hr_loss,5,42
822,80,77.57575757575758,True,2.424242424242422,ok,no_hr_loss,5,42
823,80,82.58064516129032,True,2.5806451612903203,ok,no_hr_loss,5,42
824,80,76.8,True,3.200000000000003,ok,no_hr_loss,5,42
825,80,82.58064516129032,True,2.5806451612903203,ok,no_hr_loss,5,42
826,80,68.57142857142857,True,11.42857142857143,ok,no_hr_loss,5,42
827,80,89.30232558139535,True,9.302325581395351,ok,no_hr_loss,5,42
828,80,80.0,True,0.0,ok,no_hr_loss,5,42
829,80,57.3134328358209,True,22.686567164179102,ok,no_hr_loss,5,42
830,80,83.47826086956522,True,3.4782608695652186,ok,no_hr_loss,5,42
831,80,80.0,True,0.0,ok,no_hr_loss,5,42
832,80,75.29411764705883,True,4.705882352941174,ok,no_hr_loss,5,42
833,80,81.70212765957447,True,1.7021276595744723,ok,no_hr_loss,5,42
834,80,80.0,True,0.0,ok,no_hr_loss,5,42
835,80,76.8,True,3.200000000000003,ok,no_hr_loss,5,42
836,80,85.33333333333333,True,5.333333333333329,ok,no_hr_loss,5,42
837,80,64.53781512605042,True,15.462184873949582,ok,no_hr_loss,5,42
838,80,81.70212765957447,True,1.7021276595744723,ok,no_hr_loss,5,42
839,80,81.70212765957447,True,1.7021276595744723,ok,no_hr_loss,5,42
840,80,88.27586206896552,True,8.275862068965523,ok,no_hr_loss,5,42
841,80,81.70212765957447,True,1.7021276595744723,ok,no_hr_loss,5,42
842,80,68.57142857142857,True,11.42857142857143,ok,no_hr_loss,5,42
843,80,73.84615384615384,True,6.15384615384616,ok,no_hr_loss,5,42
844,80,79.17525773195877,True,0.8247422680412342,ok,no_hr_loss,5,42
845,80,80.0,True,0.0,ok,no_hr_loss,5,42
846,80,87.27272727272727,True,7.272727272727266,ok,no_hr_loss,5,42
847,80,71.77570093457943,True,8.224299065420567,ok,no_hr_loss,5,42
848,80,76.8,True,3.200000000000003,ok,no_hr_loss,5,42
849,80,83.47826086956522,True,3.4782608695652186,ok,no_hr_loss,5,42
850,80,69.81818181818181,True,10.181818181818187,ok,no_hr_loss,5,42
851,80,76.8,True,3.200000000000003,ok,no_hr_loss,5,42
852,80,78.36734693877551,True,1.632653061224488,ok,no_hr_loss,5,42
853,80,96.0,True,16.0,ok,no_hr_loss,5,42
854,80,76.8,True,3.200000000000003,ok,no_hr_loss,5,42
855,80,83.47826086956522,True,3.4782608695652186,ok,no_hr_loss,5,42
856,80,89.30232558139535,True,9.302325581395351,ok,no_hr_loss,5,42
857,80,76.8,True,3.200000000000003,ok,no_hr_loss,5,42
858,80,71.11111111111111,True,8.888888888888886,ok,no_hr_loss,5,42
859,80,73.84615384615384,True,6.15384615384616,ok,no_hr_loss,5,42
860,80,64.53781512605042,True,15.462184873949582,ok,no_hr_loss,5,42
861,80,71.11111111111111,True,8.888888888888886,ok,no_hr_loss,5,42
862,80,74.5631067961165,True,5.4368932038835,ok,no_hr_loss,5,42
863,80,61.935483870967744,True,18.064516129032256,ok,no_hr_loss,5,42
864,80,57.744360902255636,True,22.255639097744364,ok,no_hr_loss,5,42
865,80,80.0,True,0.0,ok,no_hr_loss,5,42
866,80,69.1891891891892,True,10.810810810810807,ok,no_hr_loss,5,42
867,80,80.84210526315789,True,0.8421052631578902,ok,no_hr_loss,5,42
868,80,80.0,True,0.0,ok,no_hr_loss,5,42
869,80,81.70212765957447,True,1.7021276595744723,ok,no_hr_loss,5,42
870,80,59.07692307692308,True,20.92307692307692,ok,no_hr_loss,5,42
871,80,62.950819672131146,True,17.049180327868854,ok,no_hr_loss,5,42
872,80,77.57575757575758,True,2.424242424242422,ok,no_hr_loss,5,42
873,80,87.27272727272727,True,7.272727272727266,ok,no_hr_loss,5,42
874,80,76.03960396039604,True,3.960396039603964,ok,no_hr_loss,5,42
875,80,80.84210526315789,True,0.8421052631578902,ok,no_hr_loss,5,42
876,80,88.27586206896552,True,8.275862068965523,ok,no_hr_loss,5,42
877,80,77.57575757575758,True,2.424242424242422,ok,no_hr_loss,5,42
878,80,67.36842105263158,True,12.631578947368425,ok,no_hr_loss,5,42
879,80,73.84615384615384,True,6.15384615384616,ok,no_hr_loss,5,42
880,80,75.29411764705883,True,4.705882352941174,ok,no_hr_loss,5,42
881,80,62.950819672131146,True,17.049180327868854,ok,no_hr_loss,5,42
882,80,78.36734693877551,True,1.632653061224488,ok,no_hr_loss,5,42
883,80,76.8,True,3.200000000000003,ok,no_hr_loss,5,42
884,80,54.08450704225352,True,25.91549295774648,ok,no_hr_loss,5,42
885,80,85.33333333333333,True,5.333333333333329,ok,no_hr_loss,5,42
886,80,73.84615384615384,True,6.15384615384616,ok,no_hr_loss,5,42
887,80,63.47107438016529,True,16.52892561983471,ok,no_hr_loss,5,42
888,80,80.0,True,0.0,ok,no_hr_loss,5,42
889,80,89.30232558139535,True,9.302325581395351,ok,no_hr_loss,5,42
890,80,66.20689655172414,True,13.793103448275858,ok,no_hr_loss,5,42
891,80,72.45283018867924,True,7.547169811320757,ok,no_hr_loss,5,42
892,80,88.27586206896552,True,8.275862068965523,ok,no_hr_loss,5,42
893,80,91.42857142857143,True,11.42857142857143,ok,no_hr_loss,5,42
894,80,76.8,True,3.200000000000003,ok,no_hr_loss,5,42
895,80,76.8,True,3.200000000000003,ok,no_hr_loss,5,42
896,80,62.950819672131146,True,17.049180327868854,ok,no_hr_loss,5,42
897,80,54.857142857142854,True,25.142857142857146,ok,no_hr_loss,5,42
898,80,89.30232558139535,True,9.302325581395351,ok,no_hr_loss,5,42
899,80,54.08450704225352,True,25.91549295774648,ok,no_hr_loss,5,42
900,80,81.70212765957447,True,1.7021276595744723,ok,no_hr_loss,5,42
901,80,64.0,True,16.0,ok,no_hr_loss,5,42
902,80,84.3956043956044,True,4.395604395604394,ok,no_hr_loss,5,42
903,80,64.0,True,16.0,ok,no_hr_loss,5,42
904,80,75.29411764705883,True,4.705882352941174,ok,no_hr_loss,5,42
905,80,71.77570093457943,True,8.224299065420567,ok,no_hr_loss,5,42
906,80,83.47826086956522,True,3.4782608695652186,ok,no_hr_loss,5,42
907,80,71.77570093457943,True,8.224299065420567,ok,no_hr_loss,5,42
908,80,49.87012987012987,True,30.129870129870127,ok,no_hr_loss,5,42
909,80,78.36734693877551,True,1.632653061224488,ok,no_hr_loss,5,42
910,80,88.27586206896552,True,8.275862068965523,ok,no_hr_loss,5,42
911,80,96.0,True,16.0,ok,no_hr_loss,5,42
912,80,77.57575757575758,True,2.424242424242422,ok,no_hr_loss,5,42
913,80,58.62595419847328,True,21.37404580152672,ok,no_hr_loss,5,42
914,80,76.8,True,3.200000000000003,ok,no_hr_loss,5,42
915,80,53.70629370629371,True,26.293706293706293,ok,no_hr_loss,5,42
916,80,84.3956043956044,True,4.395604395604394,ok,no_hr_loss,5,42
917,80,78.36734693877551,True,1.632653061224488,ok,no_hr_loss,5,42
918,80,69.81818181818181,True,10.181818181818187,ok,no_hr_loss,5,42
919,80,74.5631067961165,True,5.4368932038835,ok,no_hr_loss,5,42
920,80,72.45283018867924,True,7.547169811320757,ok,no_hr_loss,5,42
921,80,80.0,True,0.0,ok,no_hr_loss,5,42
922,80,87.27272727272727,True,7.272727272727266,ok,no_hr_loss,5,42
923,80,80.0,True,0.0,ok,no_hr_loss,5,42
924,80,78.36734693877551,True,1.632653061224488,ok,no_hr_loss,5,42
925,80,75.29411764705883,True,4.705882352941174,ok,no_hr_loss,5,42
926,80,75.29411764705883,True,4.705882352941174,ok,no_hr_loss,5,42
927,80,78.36734693877551,True,1.632653061224488,ok,no_hr_loss,5,42
928,80,86.29213483146067,True,6.292134831460672,ok,no_hr_loss,5,42
929,80,87.27272727272727,True,7.272727272727266,ok,no_hr_loss,5,42
930,80,73.84615384615384,True,6.15384615384616,ok,no_hr_loss,5,42
931,80,86.29213483146067,True,6.292134831460672,ok,no_hr_loss,5,42
932,80,76.03960396039604,True,3.960396039603964,ok,no_hr_loss,5,42
933,80,59.07692307692308,True,20.92307692307692,ok,no_hr_loss,5,42
934,80,73.84615384615384,True,6.15384615384616,ok,no_hr_loss,5,42
935,80,81.70212765957447,True,1.7021276595744723,ok,no_hr_loss,5,42
936,80,69.81818181818181,True,10.181818181818187,ok,no_hr_loss,5,42
937,80,71.77570093457943,True,8.224299065420567,ok,no_hr_loss,5,42
938,80,84.3956043956044,True,4.395604395604394,ok,no_hr_loss,5,42
939,80,78.36734693877551,True,1.632653061224488,ok,no_hr_loss,5,42
940,80,60.0,True,20.0,ok,no_hr_loss,5,42
941,80,85.33333333333333,True,5.333333333333329,ok,no_hr_loss,5,42
942,80,73.84615384615384,True,6.15384615384616,ok,no_hr_loss,5,42
943,80,67.36842105263158,True,12.631578947368425,ok,no_hr_loss,5,42
944,80,85.33333333333333,True,5.333333333333329,ok,no_hr_loss,5,42
945,80,82.58064516129032,True,2.5806451612903203,ok,no_hr_loss,5,42
946,80,76.8,True,3.200000000000003,ok,no_hr_loss,5,42
947,80,66.20689655172414,True,13.793103448275858,ok,no_hr_loss,5,42
948,80,73.84615384615384,True,6.15384615384616,ok,no_hr_loss,5,42
949,80,68.57142857142857,True,11.42857142857143,ok,no_hr_loss,5,42
950,80,69.81818181818181,True,10.181818181818187,ok,no_hr_loss,5,42
951,80,54.857142857142854,True,25.142857142857146,ok,no_hr_loss,5,42
952,80,87.27272727272727,True,7.272727272727266,ok,no_hr_loss,5,42
953,80,89.30232558139535,True,9.302325581395351,ok,no_hr_loss,5,42
954,80,75.29411764705883,True,4.705882352941174,ok,no_hr_loss,5,42
955,80,80.0,True,0.0,ok,no_hr_loss,5,42
956,80,81.70212765957447,True,1.7021276595744723,ok,no_hr_loss,5,42
957,80,71.77570093457943,True,8.224299065420567,ok,no_hr_loss,5,42
958,80,81.70212765957447,True,1.7021276595744723,ok,no_hr_loss,5,42
959,80,76.8,True,3.200000000000003,ok,no_hr_loss,5,42
960,80,87.27272727272727,True,7.272727272727266,ok,no_hr_loss,5,42
961,80,71.77570093457943,True,8.224299065420567,ok,no_hr_loss,5,42
962,80,82.58064516129032,True,2.5806451612903203,ok,no_hr_loss,5,42
963,80,91.42857142857143,True,11.42857142857143,ok,no_hr_loss,5,42
964,80,78.36734693877551,True,1.632653061224488,ok,no_hr_loss,5,42
965,80,75.29411764705883,True,4.705882352941174,ok,no_hr_loss,5,42
966,80,71.11111111111111,True,8.888888888888886,ok,no_hr_loss,5,42
967,80,80.0,True,0.0,ok,no_hr_loss,5,42
968,80,76.8,True,3.200000000000003,ok,no_hr_loss,5,42
969,80,87.27272727272727,True,7.272727272727266,ok,no_hr_loss,5,42
970,80,80.0,True,0.0,ok,no_hr_loss,5,42
971,80,72.45283018867924,True,7.547169811320757,ok,no_hr_loss,5,42
972,80,89.30232558139535,True,9.302325581395351,ok,no_hr_loss,5,42
973,80,80.0,True,0.0,ok,no_hr_loss,5,42
974,80,87.27272727272727,True,7.272727272727266,ok,no_hr_loss,5,42
975,80,82.58064516129032,True,2.5806451612903203,ok,no_hr_loss,5,42
976,80,68.57142857142857,True,11.42857142857143,ok,no_hr_loss,5,42
977,80,81.70212765957447,True,1.7021276595744723,ok,no_hr_loss,5,42
978,80,91.42857142857143,True,11.42857142857143,ok,no_hr_loss,5,42
979,80,81.70212765957447,True,1.7021276595744723,ok,no_hr_loss,5,42
980,80,81.70212765957447,True,1.7021276595744723,ok,no_hr_loss,5,42
981,80,69.81818181818181,True,10.181818181818187,ok,no_hr_loss,5,42
982,80,74.5631067961165,True,5.4368932038835,ok,no_hr_loss,5,42
983,80,71.77570093457943,True,8.224299065420567,ok,no_hr_loss,5,42
984,80,80.0,True,0.0,ok,no_hr_loss,5,42
985,80,80.0,True,0.0,ok,no_hr_loss,5,42
986,80,80.84210526315789,True,0.8421052631578902,ok,no_hr_loss,5,42
987,80,72.45283018867924,True,7.547169811320757,ok,no_hr_loss,5,42
988,80,80.0,True,0.0,ok,no_hr_loss,5,42
989,80,78.36734693877551,True,1.632653061224488,ok,no_hr_loss,5,42
990,80,80.84210526315789,True,0.8421052631578902,ok,no_hr_loss,5,42
991,80,73.84615384615384,True,6.15384615384616,ok,no_hr_loss,5,42
992,80,78.36734693877551,True,1.632653061224488,ok,no_hr_loss,5,42
993,80,73.84615384615384,True,6.15384615384616,ok,no_hr_loss,5,42
994,80,79.17525773195877,True,0.8247422680412342,ok,no_hr_loss,5,42
995,80,84.3956043956044,True,4.395604395604394,ok,no_hr_loss,5,42
996,80,83.47826086956522,True,3.4782608695652186,ok,no_hr_loss,5,42
997,80,76.8,True,3.200000000000003,ok,no_hr_loss,5,42
998,80,83.47826086956522,True,3.4782608695652186,ok,no_hr_loss,5,42
999,80,70.45871559633028,True,9.54128440366972,ok,no_hr_loss,5,42
0,120,50.86092715231788,True,69.13907284768212,ok,no_hr_loss,5,42
1,120,75.29411764705883,True,44.705882352941174,ok,no_hr_loss,5,42
2,120,60.47244094488189,True,59.52755905511811,ok,no_hr_loss,5,42
3,120,53.333333333333336,True,66.66666666666666,ok,no_hr_loss,5,42
4,120,76.8,True,43.2,ok,no_hr_loss,5,42
5,120,53.333333333333336,True,66.66666666666666,ok,no_hr_loss,5,42
6,120,56.888888888888886,True,63.111111111111114,ok,no_hr_loss,5,42
7,120,93.65853658536585,True,26.34146341463415,ok,no_hr_loss,5,42
8,120,76.8,True,43.2,ok,no_hr_loss,5,42
9,120,67.36842105263158,True,52.631578947368425,ok,no_hr_loss,5,42
10,120,73.14285714285714,True,46.85714285714286,ok,no_hr_loss,5,42
11,120,87.27272727272727,True,32.727272727272734,ok,no_hr_loss,5,42
12,120,69.81818181818181,True,50.18181818181819,ok,no_hr_loss,5,42
13,120,83.47826086956522,True,36.52173913043478,ok,no_hr_loss,5,42
14,120,83.47826086956522,True,36.52173913043478,ok,no_hr_loss,5,42
15,120,71.77570093457943,True,48.22429906542057,ok,no_hr_loss,5,42
16,120,85.33333333333333,True,34.66666666666667,ok,no_hr_loss,5,42
17,120,62.950819672131146,True,57.049180327868854,ok,no_hr_loss,5,42
18,120,87.27272727272727,True,32.727272727272734,ok,no_hr_loss,5,42
19,120,58.62595419847328,True,61.37404580152672,ok,no_hr_loss,5,42
20,120,91.42857142857143,True,28.57142857142857,ok,no_hr_loss,5,42
21,120,82.58064516129032,True,37.41935483870968,ok,no_hr_loss,5,42
22,120,71.11111111111111,True,48.888888888888886,ok,no_hr_loss,5,42
23,120,61.935483870967744,True,58.064516129032256,ok,no_hr_loss,5,42
24,120,85.33333333333333,True,34.66666666666667,ok,no_hr_loss,5,42
25,120,84.3956043956044,True,35.604395604395606,ok,no_hr_loss,5,42
26,120,85.33333333333333,True,34.66666666666667,ok,no_hr_loss,5,42
27,120,83.47826086956522,True,36.52173913043478,ok,no_hr_loss,5,42
28,120,80.0,True,40.0,ok,no_hr_loss,5,42
29,120,72.45283018867924,True,47.54716981132076,ok,no_hr_loss,5,42
30,120,54.46808510638298,True,65.53191489361703,ok,no_hr_loss,5,42
31,120,85.33333333333333,True,34.66666666666667,ok,no_hr_loss,5,42
32,120,68.57142857142857,True,51.42857142857143,ok,no_hr_loss,5,42
33,120,87.27272727272727,True,32.727272727272734,ok,no_hr_loss,5,42
34,120,71.11111111111111,True,48.888888888888886,ok,no_hr_loss,5,42
35,120,64.0,True,56.0,ok,no_hr_loss,5,42
36,120,81.70212765957447,True,38.29787234042553,ok,no_hr_loss,5,42
37,120,69.1891891891892,True,50.81081081081081,ok,no_hr_loss,5,42
38,120,76.8,True,43.2,ok,no_hr_loss,5,42
39,120,79.17525773195877,True,40.824742268041234,ok,no_hr_loss,5,42
40,120,85.33333333333333,True,34.66666666666667,ok,no_hr_loss,5,42
41,120,62.950819672131146,True,57.049180327868854,ok,no_hr_loss,5,42
42,120,76.8,True,43.2,ok,no_hr_loss,5,42
43,120,78.36734693877551,True,41.63265306122449,ok,no_hr_loss,5,42
44,120,66.78260869565217,True,53.21739130434783,ok,no_hr_loss,5,42
45,120,76.8,True,43.2,ok,no_hr_loss,5,42
46,120,79.17525773195877,True,40.824742268041234,ok,no_hr_loss,5,42
47,120,83.47826086956522,True,36.52173913043478,ok,no_hr_loss,5,42
48,120,85.33333333333333,True,34.66666666666667,ok,no_hr_loss,5,42
49,120,87.27272727272727,True,32.727272727272734,ok,no_hr_loss,5,42
50,120,64.0,True,56.0,ok,no_hr_loss,5,42
51,120,80.0,True,40.0,ok,no_hr_loss,5,42
52,120,75.29411764705883,True,44.705882352941174,ok,no_hr_loss,5,42
53,120,81.70212765957447,True,38.29787234042553,ok,no_hr_loss,5,42
54,120,85.33333333333333,True,34.66666666666667,ok,no_hr_loss,5,42
55,120,87.27272727272727,True,32.727272727272734,ok,no_hr_loss,5,42
56,120,67.36842105263158,True,52.631578947368425,ok,no_hr_loss,5,42
57,120,81.70212765957447,True,38.29787234042553,ok,no_hr_loss,5,42
58,120,85.33333333333333,True,34.66666666666667,ok,no_hr_loss,5,42
59,120,85.33333333333333,True,34.66666666666667,ok,no_hr_loss,5,42
60,120,76.03960396039604,True,43.960396039603964,ok,no_hr_loss,5,42
61,120,72.45283018867924,True,47.54716981132076,ok,no_hr_loss,5,42
62,120,75.29411764705883,True,44.705882352941174,ok,no_hr_loss,5,42
63,120,87.27272727272727,True,32.727272727272734,ok,no_hr_loss,5,42
64,120,73.84615384615384,True,46.15384615384616,ok,no_hr_loss,5,42
65,120,73.84615384615384,True,46.15384615384616,ok,no_hr_loss,5,42
66,120,54.08450704225352,True,65.91549295774648,ok,no_hr_loss,5,42
67,120,80.0,True,40.0,ok,no_hr_loss,5,42
68,120,74.5631067961165,True,45.4368932038835,ok,no_hr_loss,5,42
69,120,66.20689655172414,True,53.79310344827586,ok,no_hr_loss,5,42
70,120,67.96460176991151,True,52.03539823008849,ok,no_hr_loss,5,42
71,120,54.46808510638298,True,65.53191489361703,ok,no_hr_loss,5,42
72,120,59.07692307692308,True,60.92307692307692,ok,no_hr_loss,5,42
73,120,73.14285714285714,True,46.85714285714286,ok,no_hr_loss,5,42
74,120,88.27586206896552,True,31.724137931034477,ok,no_hr_loss,5,42
75,120,60.95238095238095,True,59.04761904761905,ok,no_hr_loss,5,42
76,120,89.30232558139535,True,30.69767441860465,ok,no_hr_loss,5,42
77,120,84.3956043956044,True,35.604395604395606,ok,no_hr_loss,5,42
78,120,68.57142857142857,True,51.42857142857143,ok,no_hr_loss,5,42
79,120,69.1891891891892,True,50.81081081081081,ok,no_hr_loss,5,42
80,120,80.0,True,40.0,ok,no_hr_loss,5,42
81,120,83.47826086956522,True,36.52173913043478,ok,no_hr_loss,5,42
82,120,80.0,True,40.0,ok,no_hr_loss,5,42
83,120,84.3956043956044,True,35.604395604395606,ok,no_hr_loss,5,42
84,120,81.70212765957447,True,38.29787234042553,ok,no_hr_loss,5,42
85,120,57.3134328358209,True,62.6865671641791,ok,no_hr_loss,5,42
86,120,77.57575757575758,True,42.42424242424242,ok,no_hr_loss,5,42
87,120,80.0,True,40.0,ok,no_hr_loss,5,42
88,120,65.08474576271186,True,54.91525423728814,ok,no_hr_loss,5,42
89,120,74.5631067961165,True,45.4368932038835,ok,no_hr_loss,5,42
90,120,91.42857142857143,True,28.57142857142857,ok,no_hr_loss,5,42
91,120,78.36734693877551,True,41.63265306122449,ok,no_hr_loss,5,42
92,120,71.77570093457943,True,48.22429906542057,ok,no_hr_loss,5,42
93,120,87.27272727272727,True,32.727272727272734,ok,no_hr_loss,5,42
94,120,76.8,True,43.2,ok,no_hr_loss,5,42
95,120,87.27272727272727,True,32.727272727272734,ok,no_hr_loss,5,42
96,120,76.03960396039604,True,43.960396039603964,ok,no_hr_loss,5,42
97,120,75.29411764705883,True,44.705882352941174,ok,no_hr_loss,5,42
98,120,85.33333333333333,True,34.66666666666667,ok,no_hr_loss,5,42
99,120,83.47826086956522,True,36.52173913043478,ok,no_hr_loss,5,42
100,120,74.5631067961165,True,45.4368932038835,ok,no_hr_loss,5,42
101,120,73.14285714285714,True,46.85714285714286,ok,no_hr_loss,5,42
102,120,80.0,True,40.0,ok,no_hr_loss,5,42
103,120,84.3956043956044,True,35.604395604395606,ok,no_hr_loss,5,42
104,120,78.36734693877551,True,41.63265306122449,ok,no_hr_loss,5,42
105,120,85.33333333333333,True,34.66666666666667,ok,no_hr_loss,5,42
106,120,80.0,True,40.0,ok,no_hr_loss,5,42
107,120,66.78260869565217,True,53.21739130434783,ok,no_hr_loss,5,42
108,120,76.8,True,43.2,ok,no_hr_loss,5,42
109,120,76.8,True,43.2,ok,no_hr_loss,5,42
110,120,73.14285714285714,True,46.85714285714286,ok,no_hr_loss,5,42
111,120,86.29213483146067,True,33.70786516853933,ok,no_hr_loss,5,42
112,120,91.42857142857143,True,28.57142857142857,ok,no_hr_loss,5,42
113,120,74.5631067961165,True,45.4368932038835,ok,no_hr_loss,5,42
114,120,76.8,True,43.2,ok,no_hr_loss,5,42
115,120,81.70212765957447,True,38.29787234042553,ok,no_hr_loss,5,42
116,120,80.84210526315789,True,39.15789473684211,ok,no_hr_loss,5,42
117,120,84.3956043956044,True,35.604395604395606,ok,no_hr_loss,5,42
118,120,73.14285714285714,True,46.85714285714286,ok,no_hr_loss,5,42
119,120,81.70212765957447,True,38.29787234042553,ok,no_hr_loss,5,42
120,120,83.47826086956522,True,36.52173913043478,ok,no_hr_loss,5,42
121,120,71.11111111111111,True,48.888888888888886,ok,no_hr_loss,5,42
122,120,64.0,True,56.0,ok,no_hr_loss,5,42
123,120,73.84615384615384,True,46.15384615384616,ok,no_hr_loss,5,42
124,120,76.8,True,43.2,ok,no_hr_loss,5,42
125,120,90.3529411764706,True,29.647058823529406,ok,no_hr_loss,5,42
126,120,81.70212765957447,True,38.29787234042553,ok,no_hr_loss,5,42
127,120,85.33333333333333,True,34.66666666666667,ok,no_hr_loss,5,42
128,120,53.333333333333336,True,66.66666666666666,ok,no_hr_loss,5,42
129,120,76.03960396039604,True,43.960396039603964,ok,no_hr_loss,5,42
130,120,74.5631067961165,True,45.4368932038835,ok,no_hr_loss,5,42
131,120,81.70212765957447,True,38.29787234042553,ok,no_hr_loss,5,42
132,120,61.935483870967744,True,58.064516129032256,ok,no_hr_loss,5,42
133,120,71.77570093457943,True,48.22429906542057,ok,no_hr_loss,5,42
134,120,78.36734693877551,True,41.63265306122449,ok,no_hr_loss,5,42
135,120,80.0,True,40.0,ok,no_hr_loss,5,42
136,120,74.5631067961165,True,45.4368932038835,ok,no_hr_loss,5,42
137,120,96.0,True,24.0,ok,no_hr_loss,5,42
138,120,59.07692307692308,True,60.92307692307692,ok,no_hr_loss,5,42
139,120,67.36842105263158,True,52.631578947368425,ok,no_hr_loss,5,42
140,120,80.0,True,40.0,ok,no_hr_loss,5,42
141,120,60.95238095238095,True,59.04761904761905,ok,no_hr_loss,5,42
142,120,86.29213483146067,True,33.70786516853933,ok,no_hr_loss,5,42
143,120,82.58064516129032,True,37.41935483870968,ok,no_hr_loss,5,42
144,120,87.27272727272727,True,32.727272727272734,ok,no_hr_loss,5,42
145,120,65.08474576271186,True,54.91525423728814,ok,no_hr_loss,5,42
146,120,84.3956043956044,True,35.604395604395606,ok,no_hr_loss,5,42
147,120,84.3956043956044,True,35.604395604395606,ok,no_hr_loss,5,42
148,120,86.29213483146067,True,33.70786516853933,ok,no_hr_loss,5,42
149,120,64.0,True,56.0,ok,no_hr_loss,5,42
150,120,84.3956043956044,True,35.604395604395606,ok,no_hr_loss,5,42
151,120,77.57575757575758,True,42.42424242424242,ok,no_hr_loss,5,42
152,120,66.20689655172414,True,53.79310344827586,ok,no_hr_loss,5,42
153,120,76.8,True,43.2,ok,no_hr_loss,5,42
154,120,60.95238095238095,True,59.04761904761905,ok,no_hr_loss,5,42
155,120,72.45283018867924,True,47.54716981132076,ok,no_hr_loss,5,42
156,120,80.0,True,40.0,ok,no_hr_loss,5,42
157,120,71.77570093457943,True,48.22429906542057,ok,no_hr_loss,5,42
158,120,73.14285714285714,True,46.85714285714286,ok,no_hr_loss,5,42
159,120,85.33333333333333,True,34.66666666666667,ok,no_hr_loss,5,42
160,120,54.46808510638298,True,65.53191489361703,ok,no_hr_loss,5,42
161,120,73.84615384615384,True,46.15384615384616,ok,no_hr_loss,5,42
162,120,87.27272727272727,True,32.727272727272734,ok,no_hr_loss,5,42
163,120,54.08450704225352,True,65.91549295774648,ok,no_hr_loss,5,42
164,120,76.03960396039604,True,43.960396039603964,ok,no_hr_loss,5,42
165,120,45.1764705882353,True,74.8235294117647,ok,no_hr_loss,5,42
166,120,74.5631067961165,True,45.4368932038835,ok,no_hr_loss,5,42
167,120,71.11111111111111,True,48.888888888888886,ok,no_hr_loss,5,42
168,120,71.77570093457943,True,48.22429906542057,ok,no_hr_loss,5,42
169,120,69.81818181818181,True,50.18181818181819,ok,no_hr_loss,5,42
170,120,83.47826086956522,True,36.52173913043478,ok,no_hr_loss,5,42
171,120,80.0,True,40.0,ok,no_hr_loss,5,42
172,120,74.5631067961165,True,45.4368932038835,ok,no_hr_loss,5,42
173,120,65.08474576271186,True,54.91525423728814,ok,no_hr_loss,5,42
174,120,60.47244094488189,True,59.52755905511811,ok,no_hr_loss,5,42
175,120,79.17525773195877,True,40.824742268041234,ok,no_hr_loss,5,42
176,120,85.33333333333333,True,34.66666666666667,ok,no_hr_loss,5,42
177,120,68.57142857142857,True,51.42857142857143,ok,no_hr_loss,5,42
178,120,65.08474576271186,True,54.91525423728814,ok,no_hr_loss,5,42
179,120,75.29411764705883,True,44.705882352941174,ok,no_hr_loss,5,42
180,120,88.27586206896552,True,31.724137931034477,ok,no_hr_loss,5,42
181,120,76.8,True,43.2,ok,no_hr_loss,5,42
182,120,71.11111111111111,True,48.888888888888886,ok,no_hr_loss,5,42
183,120,80.0,True,40.0,ok,no_hr_loss,5,42
184,120,75.29411764705883,True,44.705882352941174,ok,no_hr_loss,5,42
185,120,85.33333333333333,True,34.66666666666667,ok,no_hr_loss,5,42
186,120,73.84615384615384,True,46.15384615384616,ok,no_hr_loss,5,42
187,120,71.77570093457943,True,48.22429906542057,ok,no_hr_loss,5,42
188,120,76.8,True,43.2,ok,no_hr_loss,5,42
189,120,87.27272727272727,True,32.727272727272734,ok,no_hr_loss,5,42
190,120,78.36734693877551,True,41.63265306122449,ok,no_hr_loss,5,42
191,120,52.602739726027394,True,67.3972602739726,ok,no_hr_loss,5,42
192,120,89.30232558139535,True,30.69767441860465,ok,no_hr_loss,5,42
193,120,80.0,True,40.0,ok,no_hr_loss,5,42
194,120,76.8,True,43.2,ok,no_hr_loss,5,42
195,120,84.3956043956044,True,35.604395604395606,ok,no_hr_loss,5,42
196,120,69.1891891891892,True,50.81081081081081,ok,no_hr_loss,5,42
197,120,80.0,True,40.0,ok,no_hr_loss,5,42
198,120,87.27272727272727,True,32.727272727272734,ok,no_hr_loss,5,42
199,120,80.84210526315789,True,39.15789473684211,ok,no_hr_loss,5,42
200,120,61.935483870967744,True,58.064516129032256,ok,no_hr_loss,5,42
201,120,87.27272727272727,True,32.727272727272734,ok,no_hr_loss,5,42
202,120,85.33333333333333,True,34.66666666666667,ok,no_hr_loss,5,42
203,120,87.27272727272727,True,32.727272727272734,ok,no_hr_loss,5,42
204,120,76.8,True,43.2,ok,no_hr_loss,5,42
205,120,73.84615384615384,True,46.15384615384616,ok,no_hr_loss,5,42
206,120,80.0,True,40.0,ok,no_hr_loss,5,42
207,120,77.57575757575758,True,42.42424242424242,ok,no_hr_loss,5,42
208,120,77.57575757575758,True,42.42424242424242,ok,no_hr_loss,5,42
209,120,79.17525773195877,True,40.824742268041234,ok,no_hr_loss,5,42
210,120,86.29213483146067,True,33.70786516853933,ok,no_hr_loss,5,42
211,120,80.0,True,40.0,ok,no_hr_loss,5,42
212,120,78.36734693877551,True,41.63265306122449,ok,no_hr_loss,5,42
213,120,64.53781512605042,True,55.46218487394958,ok,no_hr_loss,5,42
214,120,67.36842105263158,True,52.631578947368425,ok,no_hr_loss,5,42
215,120,77.57575757575758,True,42.42424242424242,ok,no_hr_loss,5,42
216,120,78.36734693877551,True,41.63265306122449,ok,no_hr_loss,5,42
217,120,74.5631067961165,True,45.4368932038835,ok,no_hr_loss,5,42
218,120,77.57575757575758,True,42.42424242424242,ok,no_hr_loss,5,42
219,120,70.45871559633028,True,49.54128440366972,ok,no_hr_loss,5,42
220,120,76.03960396039604,True,43.960396039603964,ok,no_hr_loss,5,42
221,120,81.70212765957447,True,38.29787234042553,ok,no_hr_loss,5,42
222,120,72.45283018867924,True,47.54716981132076,ok,no_hr_loss,5,42
223,120,81.70212765957447,True,38.29787234042553,ok,no_hr_loss,5,42
224,120,69.81818181818181,True,50.18181818181819,ok,no_hr_loss,5,42
225,120,81.70212765957447,True,38.29787234042553,ok,no_hr_loss,5,42
226,120,81.70212765957447,True,38.29787234042553,ok,no_hr_loss,5,42
227,120,78.36734693877551,True,41.63265306122449,ok,no_hr_loss,5,42
228,120,59.07692307692308,True,60.92307692307692,ok,no_hr_loss,5,42
229,120,76.8,True,43.2,ok,no_hr_loss,5,42
230,120,83.47826086956522,True,36.52173913043478,ok,no_hr_loss,5,42
231,120,87.27272727272727,True,32.727272727272734,ok,no_hr_loss,5,42
232,120,65.64102564102564,True,54.358974358974365,ok,no_hr_loss,5,42
233,120,81.70212765957447,True,38.29787234042553,ok,no_hr_loss,5,42
234,120,83.47826086956522,True,36.52173913043478,ok,no_hr_loss,5,42
235,120,73.84615384615384,True,46.15384615384616,ok,no_hr_loss,5,42
236,120,76.8,True,43.2,ok,no_hr_loss,5,42
237,120,76.03960396039604,True,43.960396039603964,ok,no_hr_loss,5,42
238,120,81.70212765957447,True,38.29787234042553,ok,no_hr_loss,5,42
239,120,96.0,True,24.0,ok,no_hr_loss,5,42
240,120,81.70212765957447,True,38.29787234042553,ok,no_hr_loss,5,42
241,120,76.8,True,43.2,ok,no_hr_loss,5,42
242,120,71.11111111111111,True,48.888888888888886,ok,no_hr_loss,5,42
243,120,76.8,True,43.2,ok,no_hr_loss,5,42
244,120,68.57142857142857,True,51.42857142857143,ok,no_hr_loss,5,42
245,120,69.81818181818181,True,50.18181818181819,ok,no_hr_loss,5,42
246,120,86.29213483146067,True,33.70786516853933,ok,no_hr_loss,5,42
247,120,75.29411764705883,True,44.705882352941174,ok,no_hr_loss,5,42
248,120,77.57575757575758,True,42.42424242424242,ok,no_hr_loss,5,42
249,120,76.03960396039604,True,43.960396039603964,ok,no_hr_loss,5,42
250,120,67.96460176991151,True,52.03539823008849,ok,no_hr_loss,5,42
251,120,76.03960396039604,True,43.960396039603964,ok,no_hr_loss,5,42
252,120,81.70212765957447,True,38.29787234042553,ok,no_hr_loss,5,42
253,120,69.81818181818181,True,50.18181818181819,ok,no_hr_loss,5,42
254,120,67.36842105263158,True,52.631578947368425,ok,no_hr_loss,5,42
255,120,91.42857142857143,True,28.57142857142857,ok,no_hr_loss,5,42
256,120,56.470588235294116,True,63.529411764705884,ok,no_hr_loss,5,42
257,120,79.17525773195877,True,40.824742268041234,ok,no_hr_loss,5,42
258,120,80.0,True,40.0,ok,no_hr_loss,5,42
259,120,83.47826086956522,True,36.52173913043478,ok,no_hr_loss,5,42
260,120,78.36734693877551,True,41.63265306122449,ok,no_hr_loss,5,42
261,120,80.0,True,40.0,ok,no_hr_loss,5,42
262,120,85.33333333333333,True,34.66666666666667,ok,no_hr_loss,5,42
263,120,71.11111111111111,True,48.888888888888886,ok,no_hr_loss,5,42
264,120,78.36734693877551,True,41.63265306122449,ok,no_hr_loss,5,42
265,120,76.8,True,43.2,ok,no_hr_loss,5,42
266,120,81.70212765957447,True,38.29787234042553,ok,no_hr_loss,5,42
267,120,69.1891891891892,True,50.81081081081081,ok,no_hr_loss,5,42
268,120,59.07692307692308,True,60.92307692307692,ok,no_hr_loss,5,42
269,120,69.81818181818181,True,50.18181818181819,ok,no_hr_loss,5,42
270,120,76.8,True,43.2,ok,no_hr_loss,5,42
271,120,73.14285714285714,True,46.85714285714286,ok,no_hr_loss,5,42
272,120,87.27272727272727,True,32.727272727272734,ok,no_hr_loss,5,42
273,120,62.950819672131146,True,57.049180327868854,ok,no_hr_loss,5,42
274,120,78.36734693877551,True,41.63265306122449,ok,no_hr_loss,5,42
275,120,83.47826086956522,True,36.52173913043478,ok,no_hr_loss,5,42
276,120,70.45871559633028,True,49.54128440366972,ok,no_hr_loss,5,42
277,120,74.5631067961165,True,45.4368932038835,ok,no_hr_loss,5,42
278,120,78.36734693877551,True,41.63265306122449,ok,no_hr_loss,5,42
279,120,80.84210526315789,True,39.15789473684211,ok,no_hr_loss,5,42
280,120,83.47826086956522,True,36.52173913043478,ok,no_hr_loss,5,42
281,120,85.33333333333333,True,34.66666666666667,ok,no_hr_loss,5,42
282,120,73.14285714285714,True,46.85714285714286,ok,no_hr_loss,5,42
283,120,73.84615384615384,True,46.15384615384616,ok,no_hr_loss,5,42
284,120,69.81818181818181,True,50.18181818181819,ok,no_hr_loss,5,42
285,120,68.57142857142857,True,51.42857142857143,ok,no_hr_loss,5,42
286,120,74.5631067961165,True,45.4368932038835,ok,no_hr_loss,5,42
287,120,82.58064516129032,True,37.41935483870968,ok,no_hr_loss,5,42
288,120,80.84210526315789,True,39.15789473684211,ok,no_hr_loss,5,42
289,120,72.45283018867924,True,47.54716981132076,ok,no_hr_loss,5,42
290,120,85.33333333333333,True,34.66666666666667,ok,no_hr_loss,5,42
291,120,87.27272727272727,True,32.727272727272734,ok,no_hr_loss,5,42
292,120,73.84615384615384,True,46.15384615384616,ok,no_hr_loss,5,42
293,120,74.5631067961165,True,45.4368932038835,ok,no_hr_loss,5,42
294,120,70.45871559633028,True,49.54128440366972,ok,no_hr_loss,5,42
295,120,76.8,True,43.2,ok,no_hr_loss,5,42
296,120,72.45283018867924,True,47.54716981132076,ok,no_hr_loss,5,42
297,120,82.58064516129032,True,37.41935483870968,ok,no_hr_loss,5,42
298,120,68.57142857142857,True,51.42857142857143,ok,no_hr_loss,5,42
299,120,81.70212765957447,True,38.29787234042553,ok,no_hr_loss,5,42
300,120,72.45283018867924,True,47.54716981132076,ok,no_hr_loss,5,42
301,120,91.42857142857143,True,28.57142857142857,ok,no_hr_loss,5,42
302,120,78.36734693877551,True,41.63265306122449,ok,no_hr_loss,5,42
303,120,71.11111111111111,True,48.888888888888886,ok,no_hr_loss,5,42
304,120,80.0,True,40.0,ok,no_hr_loss,5,42
305,120,50.526315789473685,True,69.47368421052632,ok,no_hr_loss,5,42
306,120,87.27272727272727,True,32.727272727272734,ok,no_hr_loss,5,42
307,120,80.0,True,40.0,ok,no_hr_loss,5,42
308,120,80.0,True,40.0,ok,no_hr_loss,5,42
309,120,66.20689655172414,True,53.79310344827586,ok,no_hr_loss,5,42
310,120,56.888888888888886,True,63.111111111111114,ok,no_hr_loss,5,42
311,120,69.1891891891892,True,50.81081081081081,ok,no_hr_loss,5,42
312,120,81.70212765957447,True,38.29787234042553,ok,no_hr_loss,5,42
313,120,76.03960396039604,True,43.960396039603964,ok,no_hr_loss,5,42
314,120,75.29411764705883,True,44.705882352941174,ok,no_hr_loss,5,42
315,120,83.47826086956522,True,36.52173913043478,ok,no_hr_loss,5,42
316,120,85.33333333333333,True,34.66666666666667,ok,no_hr_loss,5,42
317,120,71.77570093457943,True,48.22429906542057,ok,no_hr_loss,5,42
318,120,93.65853658536585,True,26.34146341463415,ok,no_hr_loss,5,42
319,120,80.0,True,40.0,ok,no_hr_loss,5,42
320,120,75.29411764705883,True,44.705882352941174,ok,no_hr_loss,5,42
321,120,83.47826086956522,True,36.52173913043478,ok,no_hr_loss,5,42
322,120,64.53781512605042,True,55.46218487394958,ok,no_hr_loss,5,42
323,120,68.57142857142857,True,51.42857142857143,ok,no_hr_loss,5,42
324,120,60.95238095238095,True,59.04761904761905,ok,no_hr_loss,5,42
325,120,76.8,True,43.2,ok,no_hr_loss,5,42
326,120,80.0,True,40.0,ok,no_hr_loss,5,42
327,120,80.0,True,40.0,ok,no_hr_loss,5,42
328,120,80.0,True,40.0,ok,no_hr_loss,5,42
329,120,71.11111111111111,True,48.888888888888886,ok,no_hr_loss,5,42
330,120,73.14285714285714,True,46.85714285714286,ok,no_hr_loss,5,42
331,120,78.36734693877551,True,41.63265306122449,ok,no_hr_loss,5,42
332,120,87.27272727272727,True,32.727272727272734,ok,no_hr_loss,5,42
333,120,85.33333333333333,True,34.66666666666667,ok,no_hr_loss,5,42
334,120,67.36842105263158,True,52.631578947368425,ok,no_hr_loss,5,42
335,120,61.44,True,58.56,ok,no_hr_loss,5,42
336,120,66.20689655172414,True,53.79310344827586,ok,no_hr_loss,5,42
337,120,96.0,True,24.0,ok,no_hr_loss,5,42
338,120,96.0,True,24.0,ok,no_hr_loss,5,42
339,120,77.57575757575758,True,42.42424242424242,ok,no_hr_loss,5,42
340,120,71.11111111111111,True,48.888888888888886,ok,no_hr_loss,5,42
341,120,56.470588235294116,True,63.529411764705884,ok,no_hr_loss,5,42
342,120,77.57575757575758,True,42.42424242424242,ok,no_hr_loss,5,42
343,120,66.78260869565217,True,53.21739130434783,ok,no_hr_loss,5,42
344,120,83.47826086956522,True,36.52173913043478,ok,no_hr_loss,5,42
345,120,65.08474576271186,True,54.91525423728814,ok,no_hr_loss,5,42
346,120,50.526315789473685,True,69.47368421052632,ok,no_hr_loss,5,42
347,120,72.45283018867924,True,47.54716981132076,ok,no_hr_loss,5,42
348,120,69.81818181818181,True,50.18181818181819,ok,no_hr_loss,5,42
349,120,87.27272727272727,True,32.727272727272734,ok,no_hr_loss,5,42
350,120,73.84615384615384,True,46.15384615384616,ok,no_hr_loss,5,42
351,120,89.30232558139535,True,30.69767441860465,ok,no_hr_loss,5,42
352,120,78.36734693877551,True,41.63265306122449,ok,no_hr_loss,5,42
353,120,72.45283018867924,True,47.54716981132076,ok,no_hr_loss,5,42
354,120,76.8,True,43.2,ok,no_hr_loss,5,42
355,120,63.47107438016529,True,56.52892561983471,ok,no_hr_loss,5,42
356,120,57.3134328358209,True,62.6865671641791,ok,no_hr_loss,5,42
357,120,80.0,True,40.0,ok,no_hr_loss,5,42
358,120,76.8,True,43.2,ok,no_hr_loss,5,42
359,120,87.27272727272727,True,32.727272727272734,ok,no_hr_loss,5,42
360,120,74.5631067961165,True,45.4368932038835,ok,no_hr_loss,5,42
361,120,50.86092715231788,True,69.13907284768212,ok,no_hr_loss,5,42
362,120,51.2,True,68.8,ok,no_hr_loss,5,42
363,120,79.17525773195877,True,40.824742268041234,ok,no_hr_loss,5,42
364,120,86.29213483146067,True,33.70786516853933,ok,no_hr_loss,5,42
365,120,76.8,True,43.2,ok,no_hr_loss,5,42
366,120,46.829268292682926,True,73.17073170731707,ok,no_hr_loss,5,42
367,120,76.03960396039604,True,43.960396039603964,ok,no_hr_loss,5,42
368,120,81.70212765957447,True,38.29787234042553,ok,no_hr_loss,5,42
369,120,85.33333333333333,True,34.66666666666667,ok,no_hr_loss,5,42
370,120,84.3956043956044,True,35.604395604395606,ok,no_hr_loss,5,42
371,120,85.33333333333333,True,34.66666666666667,ok,no_hr_loss,5,42
372,120,76.03960396039604,True,43.960396039603964,ok,no_hr_loss,5,42
373,120,83.47826086956522,True,36.52173913043478,ok,no_hr_loss,5,42
374,120,80.0,True,40.0,ok,no_hr_loss,5,42
375,120,70.45871559633028,True,49.54128440366972,ok,no_hr_loss,5,42
376,120,89.30232558139535,True,30.69767441860465,ok,no_hr_loss,5,42
377,120,85.33333333333333,True,34.66666666666667,ok,no_hr_loss,5,42
378,120,85.33333333333333,True,34.66666666666667,ok,no_hr_loss,5,42
379,120,54.08450704225352,True,65.91549295774648,ok,no_hr_loss,5,42
380,120,86.29213483146067,True,33.70786516853933,ok,no_hr_loss,5,42
381,120,78.36734693877551,True,41.63265306122449,ok,no_hr_loss,5,42
382,120,83.47826086956522,True,36.52173913043478,ok,no_hr_loss,5,42
383,120,65.08474576271186,True,54.91525423728814,ok,no_hr_loss,5,42
384,120,62.950819672131146,True,57.049180327868854,ok,no_hr_loss,5,42
385,120,69.81818181818181,True,50.18181818181819,ok,no_hr_loss,5,42
386,120,80.0,True,40.0,ok,no_hr_loss,5,42
387,120,76.8,True,43.2,ok,no_hr_loss,5,42
388,120,78.36734693877551,True,41.63265306122449,ok,no_hr_loss,5,42
389,120,83.47826086956522,True,36.52173913043478,ok,no_hr_loss,5,42
390,120,43.63636363636363,True,76.36363636363637,ok,no_hr_loss,5,42
391,120,87.27272727272727,True,32.727272727272734,ok,no_hr_loss,5,42
392,120,75.29411764705883,True,44.705882352941174,ok,no_hr_loss,5,42
393,120,91.42857142857143,True,28.57142857142857,ok,no_hr_loss,5,42
394,120,91.42857142857143,True,28.57142857142857,ok,no_hr_loss,5,42
395,120,74.5631067961165,True,45.4368932038835,ok,no_hr_loss,5,42
396,120,76.8,True,43.2,ok,no_hr_loss,5,42
397,120,78.36734693877551,True,41.63265306122449,ok,no_hr_loss,5,42
398,120,76.8,True,43.2,ok,no_hr_loss,5,42
399,120,78.36734693877551,True,41.63265306122449,ok,no_hr_loss,5,42
400,120,78.36734693877551,True,41.63265306122449,ok,no_hr_loss,5,42
401,120,80.0,True,40.0,ok,no_hr_loss,5,42
402,120,71.77570093457943,True,48.22429906542057,ok,no_hr_loss,5,42
403,120,68.57142857142857,True,51.42857142857143,ok,no_hr_loss,5,42
404,120,84.3956043956044,True,35.604395604395606,ok,no_hr_loss,5,42
405,120,80.0,True,40.0,ok,no_hr_loss,5,42
406,120,83.47826086956522,True,36.52173913043478,ok,no_hr_loss,5,42
407,120,80.0,True,40.0,ok,no_hr_loss,5,42
408,120,71.77570093457943,True,48.22429906542057,ok,no_hr_loss,5,42
409,120,76.8,True,43.2,ok,no_hr_loss,5,42
410,120,87.27272727272727,True,32.727272727272734,ok,no_hr_loss,5,42
411,120,80.84210526315789,True,39.15789473684211,ok,no_hr_loss,5,42
412,120,73.84615384615384,True,46.15384615384616,ok,no_hr_loss,5,42
413,120,80.0,True,40.0,ok,no_hr_loss,5,42
414,120,81.70212765957447,True,38.29787234042553,ok,no_hr_loss,5,42
415,120,77.57575757575758,True,42.42424242424242,ok,no_hr_loss,5,42
416,120,75.29411764705883,True,44.705882352941174,ok,no_hr_loss,5,42
417,120,79.17525773195877,True,40.824742268041234,ok,no_hr_loss,5,42
418,120,89.30232558139535,True,30.69767441860465,ok,no_hr_loss,5,42
419,120,80.84210526315789,True,39.15789473684211,ok,no_hr_loss,5,42
420,120,84.3956043956044,True,35.604395604395606,ok,no_hr_loss,5,42
421,120,65.08474576271186,True,54.91525423728814,ok,no_hr_loss,5,42
422,120,86.29213483146067,True,33.70786516853933,ok,no_hr_loss,5,42
423,120,78.36734693877551,True,41.63265306122449,ok,no_hr_loss,5,42
424,120,60.95238095238095,True,59.04761904761905,ok,no_hr_loss,5,42
425,120,53.333333333333336,True,66.66666666666666,ok,no_hr_loss,5,42
426,120,81.70212765957447,True,38.29787234042553,ok,no_hr_loss,5,42
427,120,81.70212765957447,True,38.29787234042553,ok,no_hr_loss,5,42
428,120,74.5631067961165,True,45.4368932038835,ok,no_hr_loss,5,42
429,120,59.07692307692308,True,60.92307692307692,ok,no_hr_loss,5,42
430,120,76.8,True,43.2,ok,no_hr_loss,5,42
431,120,54.46808510638298,True,65.53191489361703,ok,no_hr_loss,5,42
432,120,83.47826086956522,True,36.52173913043478,ok,no_hr_loss,5,42
433,120,80.0,True,40.0,ok,no_hr_loss,5,42
434,120,73.84615384615384,True,46.15384615384616,ok,no_hr_loss,5,42
435,120,52.602739726027394,True,67.3972602739726,ok,no_hr_loss,5,42
436,120,73.84615384615384,True,46.15384615384616,ok,no_hr_loss,5,42
437,120,81.70212765957447,True,38.29787234042553,ok,no_hr_loss,5,42
438,120,78.36734693877551,True,41.63265306122449,ok,no_hr_loss,5,42
439,120,85.33333333333333,True,34.66666666666667,ok,no_hr_loss,5,42
440,120,89.30232558139535,True,30.69767441860465,ok,no_hr_loss,5,42
441,120,78.36734693877551,True,41.63265306122449,ok,no_hr_loss,5,42
442,120,76.8,True,43.2,ok,no_hr_loss,5,42
443,120,69.81818181818181,True,50.18181818181819,ok,no_hr_loss,5,42
444,120,81.70212765957447,True,38.29787234042553,ok,no_hr_loss,5,42
445,120,73.84615384615384,True,46.15384615384616,ok,no_hr_loss,5,42
446,120,81.70212765957447,True,38.29787234042553,ok,no_hr_loss,5,42
447,120,75.29411764705883,True,44.705882352941174,ok,no_hr_loss,5,42
448,120,69.81818181818181,True,50.18181818181819,ok,no_hr_loss,5,42
449,120,78.36734693877551,True,41.63265306122449,ok,no_hr_loss,5,42
450,120,74.5631067961165,True,45.4368932038835,ok,no_hr_loss,5,42
451,120,75.29411764705883,True,44.705882352941174,ok,no_hr_loss,5,42
452,120,82.58064516129032,True,37.41935483870968,ok,no_hr_loss,5,42
453,120,85.33333333333333,True,34.66666666666667,ok,no_hr_loss,5,42
454,120,72.45283018867924,True,47.54716981132076,ok,no_hr_loss,5,42
455,120,78.36734693877551,True,41.63265306122449,ok,no_hr_loss,5,42
456,120,71.77570093457943,True,48.22429906542057,ok,no_hr_loss,5,42
457,120,69.81818181818181,True,50.18181818181819,ok,no_hr_loss,5,42
458,120,67.96460176991151,True,52.03539823008849,ok,no_hr_loss,5,42
459,120,96.0,True,24.0,ok,no_hr_loss,5,42
460,120,87.27272727272727,True,32.727272727272734,ok,no_hr_loss,5,42
461,120,68.57142857142857,True,51.42857142857143,ok,no_hr_loss,5,42
462,120,76.8,True,43.2,ok,no_hr_loss,5,42
463,120,73.84615384615384,True,46.15384615384616,ok,no_hr_loss,5,42
464,120,80.0,True,40.0,ok,no_hr_loss,5,42
465,120,73.84615384615384,True,46.15384615384616,ok,no_hr_loss,5,42
466,120,93.65853658536585,True,26.34146341463415,ok,no_hr_loss,5,42
467,120,72.45283018867924,True,47.54716981132076,ok,no_hr_loss,5,42
468,120,85.33333333333333,True,34.66666666666667,ok,no_hr_loss,5,42
469,120,69.81818181818181,True,50.18181818181819,ok,no_hr_loss,5,42
470,120,81.70212765957447,True,38.29787234042553,ok,no_hr_loss,5,42
471,120,73.84615384615384,True,46.15384615384616,ok,no_hr_loss,5,42
472,120,84.3956043956044,True,35.604395604395606,ok,no_hr_loss,5,42
473,120,83.47826086956522,True,36.52173913043478,ok,no_hr_loss,5,42
474,120,61.935483870967744,True,58.064516129032256,ok,no_hr_loss,5,42
475,120,73.84615384615384,True,46.15384615384616,ok,no_hr_loss,5,42
476,120,75.29411764705883,True,44.705882352941174,ok,no_hr_loss,5,42
477,120,76.8,True,43.2,ok,no_hr_loss,5,42
478,120,61.935483870967744,True,58.064516129032256,ok,no_hr_loss,5,42
479,120,76.03960396039604,True,43.960396039603964,ok,no_hr_loss,5,42
480,120,89.30232558139535,True,30.69767441860465,ok,no_hr_loss,5,42
481,120,91.42857142857143,True,28.57142857142857,ok,no_hr_loss,5,42
482,120,67.36842105263158,True,52.631578947368425,ok,no_hr_loss,5,42
483,120,80.0,True,40.0,ok,no_hr_loss,5,42
484,120,76.8,True,43.2,ok,no_hr_loss,5,42
485,120,79.17525773195877,True,40.824742268041234,ok,no_hr_loss,5,42
486,120,71.11111111111111,True,48.888888888888886,ok,no_hr_loss,5,42
487,120,83.47826086956522,True,36.52173913043478,ok,no_hr_loss,5,42
488,120,96.0,True,24.0,ok,no_hr_loss,5,42
489,120,53.333333333333336,True,66.66666666666666,ok,no_hr_loss,5,42
490,120,58.62595419847328,True,61.37404580152672,ok,no_hr_loss,5,42
491,120,62.950819672131146,True,57.049180327868854,ok,no_hr_loss,5,42
492,120,74.5631067961165,True,45.4368932038835,ok,no_hr_loss,5,42
493,120,75.29411764705883,True,44.705882352941174,ok,no_hr_loss,5,42
494,120,76.8,True,43.2,ok,no_hr_loss,5,42
495,120,73.84615384615384,True,46.15384615384616,ok,no_hr_loss,5,42
496,120,62.950819672131146,True,57.049180327868854,ok,no_hr_loss,5,42
497,120,80.0,True,40.0,ok,no_hr_loss,5,42
498,120,69.81818181818181,True,50.18181818181819,ok,no_hr_loss,5,42
499,120,81.70212765957447,True,38.29787234042553,ok,no_hr_loss,5,42
500,120,80.84210526315789,True,39.15789473684211,ok,no_hr_loss,5,42
501,120,93.65853658536585,True,26.34146341463415,ok,no_hr_loss,5,42
502,120,81.70212765957447,True,38.29787234042553,ok,no_hr_loss,5,42
503,120,81.70212765957447,True,38.29787234042553,ok,no_hr_loss,5,42
504,120,79.17525773195877,True,40.824742268041234,ok,no_hr_loss,5,42
505,120,83.47826086956522,True,36.52173913043478,ok,no_hr_loss,5,42
506,120,81.70212765957447,True,38.29787234042553,ok,no_hr_loss,5,42
507,120,75.29411764705883,True,44.705882352941174,ok,no_hr_loss,5,42
508,120,71.11111111111111,True,48.888888888888886,ok,no_hr_loss,5,42
509,120,85.33333333333333,True,34.66666666666667,ok,no_hr_loss,5,42
510,120,78.36734693877551,True,41.63265306122449,ok,no_hr_loss,5,42
511,120,81.70212765957447,True,38.29787234042553,ok,no_hr_loss,5,42
512,120,87.27272727272727,True,32.727272727272734,ok,no_hr_loss,5,42
513,120,78.36734693877551,True,41.63265306122449,ok,no_hr_loss,5,42
514,120,80.84210526315789,True,39.15789473684211,ok,no_hr_loss,5,42
515,120,76.03960396039604,True,43.960396039603964,ok,no_hr_loss,5,42
516,120,82.58064516129032,True,37.41935483870968,ok,no_hr_loss,5,42
517,120,87.27272727272727,True,32.727272727272734,ok,no_hr_loss,5,42
518,120,67.36842105263158,True,52.631578947368425,ok,no_hr_loss,5,42
519,120,60.0,True,60.0,ok,no_hr_loss,5,42
520,120,75.29411764705883,True,44.705882352941174,ok,no_hr_loss,5,42
521,120,71.11111111111111,True,48.888888888888886,ok,no_hr_loss,5,42
522,120,80.84210526315789,True,39.15789473684211,ok,no_hr_loss,5,42
523,120,63.47107438016529,True,56.52892561983471,ok,no_hr_loss,5,42
524,120,62.950819672131146,True,57.049180327868854,ok,no_hr_loss,5,42
525,120,81.70212765957447,True,38.29787234042553,ok,no_hr_loss,5,42
526,120,64.53781512605042,True,55.46218487394958,ok,no_hr_loss,5,42
527,120,65.08474576271186,True,54.91525423728814,ok,no_hr_loss,5,42
528,120,76.8,True,43.2,ok,no_hr_loss,5,42
529,120,65.64102564102564,True,54.358974358974365,ok,no_hr_loss,5,42
530,120,76.8,True,43.2,ok,no_hr_loss,5,42
531,120,71.11111111111111,True,48.888888888888886,ok,no_hr_loss,5,42
532,120,73.14285714285714,True,46.85714285714286,ok,no_hr_loss,5,42
533,120,87.27272727272727,True,32.727272727272734,ok,no_hr_loss,5,42
534,120,80.0,True,40.0,ok,no_hr_loss,5,42
535,120,73.84615384615384,True,46.15384615384616,ok,no_hr_loss,5,42
536,120,88.27586206896552,True,31.724137931034477,ok,no_hr_loss,5,42
537,120,80.0,True,40.0,ok,no_hr_loss,5,42
538,120,65.08474576271186,True,54.91525423728814,ok,no_hr_loss,5,42
539,120,61.935483870967744,True,58.064516129032256,ok,no_hr_loss,5,42
540,120,78.36734693877551,True,41.63265306122449,ok,no_hr_loss,5,42
541,120,81.70212765957447,True,38.29787234042553,ok,no_hr_loss,5,42
542,120,67.36842105263158,True,52.631578947368425,ok,no_hr_loss,5,42
543,120,69.81818181818181,True,50.18181818181819,ok,no_hr_loss,5,42
544,120,78.36734693877551,True,41.63265306122449,ok,no_hr_loss,5,42
545,120,69.81818181818181,True,50.18181818181819,ok,no_hr_loss,5,42
546,120,75.29411764705883,True,44.705882352941174,ok,no_hr_loss,5,42
547,120,73.14285714285714,True,46.85714285714286,ok,no_hr_loss,5,42
548,120,59.07692307692308,True,60.92307692307692,ok,no_hr_loss,5,42
549,120,68.57142857142857,True,51.42857142857143,ok,no_hr_loss,5,42
550,120,68.57142857142857,True,51.42857142857143,ok,no_hr_loss,5,42
551,120,78.36734693877551,True,41.63265306122449,ok,no_hr_loss,5,42
552,120,75.29411764705883,True,44.705882352941174,ok,no_hr_loss,5,42
553,120,85.33333333333333,True,34.66666666666667,ok,no_hr_loss,5,42
554,120,89.30232558139535,True,30.69767441860465,ok,no_hr_loss,5,42
555,120,70.45871559633028,True,49.54128440366972,ok,no_hr_loss,5,42
556,120,78.36734693877551,True,41.63265306122449,ok,no_hr_loss,5,42
557,120,55.65217391304348,True,64.34782608695653,ok,no_hr_loss,5,42
558,120,76.8,True,43.2,ok,no_hr_loss,5,42
559,120,78.36734693877551,True,41.63265306122449,ok,no_hr_loss,5,42
560,120,69.81818181818181,True,50.18181818181819,ok,no_hr_loss,5,42
561,120,90.3529411764706,True,29.647058823529406,ok,no_hr_loss,5,42
562,120,69.1891891891892,True,50.81081081081081,ok,no_hr_loss,5,42
563,120,59.07692307692308,True,60.92307692307692,ok,no_hr_loss,5,42
564,120,87.27272727272727,True,32.727272727272734,ok,no_hr_loss,5,42
565,120,65.08474576271186,True,54.91525423728814,ok,no_hr_loss,5,42
566,120,91.42857142857143,True,28.57142857142857,ok,no_hr_loss,5,42
567,120,73.84615384615384,True,46.15384615384616,ok,no_hr_loss,5,42
568,120,67.36842105263158,True,52.631578947368425,ok,no_hr_loss,5,42
569,120,73.84615384615384,True,46.15384615384616,ok,no_hr_loss,5,42
570,120,70.45871559633028,True,49.54128440366972,ok,no_hr_loss,5,42
571,120,73.84615384615384,True,46.15384615384616,ok,no_hr_loss,5,42
572,120,72.45283018867924,True,47.54716981132076,ok,no_hr_loss,5,42
573,120,74.5631067961165,True,45.4368932038835,ok,no_hr_loss,5,42
574,120,80.84210526315789,True,39.15789473684211,ok,no_hr_loss,5,42
575,120,68.57142857142857,True,51.42857142857143,ok,no_hr_loss,5,42
576,120,73.84615384615384,True,46.15384615384616,ok,no_hr_loss,5,42
577,120,56.470588235294116,True,63.529411764705884,ok,no_hr_loss,5,42
578,120,76.8,True,43.2,ok,no_hr_loss,5,42
579,120,76.03960396039604,True,43.960396039603964,ok,no_hr_loss,5,42
580,120,83.47826086956522,True,36.52173913043478,ok,no_hr_loss,5,42
581,120,80.0,True,40.0,ok,no_hr_loss,5,42
582,120,73.84615384615384,True,46.15384615384616,ok,no_hr_loss,5,42
583,120,80.0,True,40.0,ok,no_hr_loss,5,42
584,120,65.08474576271186,True,54.91525423728814,ok,no_hr_loss,5,42
585,120,72.45283018867924,True,47.54716981132076,ok,no_hr_loss,5,42
586,120,84.3956043956044,True,35.604395604395606,ok,no_hr_loss,5,42
587,120,80.0,True,40.0,ok,no_hr_loss,5,42
588,120,87.27272727272727,True,32.727272727272734,ok,no_hr_loss,5,42
589,120,87.27272727272727,True,32.727272727272734,ok,no_hr_loss,5,42
590,120,86.29213483146067,True,33.70786516853933,ok,no_hr_loss,5,42
591,120,83.47826086956522,True,36.52173913043478,ok,no_hr_loss,5,42
592,120,80.0,True,40.0,ok,no_hr_loss,5,42
593,120,67.36842105263158,True,52.631578947368425,ok,no_hr_loss,5,42
594,120,80.0,True,40.0,ok,no_hr_loss,5,42
595,120,81.70212765957447,True,38.29787234042553,ok,no_hr_loss,5,42
596,120,81.70212765957447,True,38.29787234042553,ok,no_hr_loss,5,42
597,120,87.27272727272727,True,32.727272727272734,ok,no_hr_loss,5,42
598,120,73.14285714285714,True,46.85714285714286,ok,no_hr_loss,5,42
599,120,75.29411764705883,True,44.705882352941174,ok,no_hr_loss,5,42
600,120,71.11111111111111,True,48.888888888888886,ok,no_hr_loss,5,42
601,120,76.8,True,43.2,ok,no_hr_loss,5,42
602,120,87.27272727272727,True,32.727272727272734,ok,no_hr_loss,5,42
603,120,78.36734693877551,True,41.63265306122449,ok,no_hr_loss,5,42
604,120,89.30232558139535,True,30.69767441860465,ok,no_hr_loss,5,42
605,120,66.20689655172414,True,53.79310344827586,ok,no_hr_loss,5,42
606,120,67.36842105263158,True,52.631578947368425,ok,no_hr_loss,5,42
607,120,48.0,True,72.0,ok,no_hr_loss,5,42
608,120,86.29213483146067,True,33.70786516853933,ok,no_hr_loss,5,42
609,120,65.08474576271186,True,54.91525423728814,ok,no_hr_loss,5,42
610,120,73.84615384615384,True,46.15384615384616,ok,no_hr_loss,5,42
611,120,68.57142857142857,True,51.42857142857143,ok,no_hr_loss,5,42
612,120,75.29411764705883,True,44.705882352941174,ok,no_hr_loss,5,42
613,120,71.11111111111111,True,48.888888888888886,ok,no_hr_loss,5,42
614,120,71.11111111111111,True,48.888888888888886,ok,no_hr_loss,5,42
615,120,87.27272727272727,True,32.727272727272734,ok,no_hr_loss,5,42
616,120,80.0,True,40.0,ok,no_hr_loss,5,42
617,120,78.36734693877551,True,41.63265306122449,ok,no_hr_loss,5,42
618,120,80.0,True,40.0,ok,no_hr_loss,5,42
619,120,73.84615384615384,True,46.15384615384616,ok,no_hr_loss,5,42
620,120,78.36734693877551,True,41.63265306122449,ok,no_hr_loss,5,42
621,120,90.3529411764706,True,29.647058823529406,ok,no_hr_loss,5,42
622,120,80.0,True,40.0,ok,no_hr_loss,5,42
623,120,82.58064516129032,True,37.41935483870968,ok,no_hr_loss,5,42
624,120,75.29411764705883,True,44.705882352941174,ok,no_hr_loss,5,42
625,120,81.70212765957447,True,38.29787234042553,ok,no_hr_loss,5,42
626,120,53.70629370629371,True,66.2937062937063,ok,no_hr_loss,5,42
627,120,80.0,True,40.0,ok,no_hr_loss,5,42
628,120,71.11111111111111,True,48.888888888888886,ok,no_hr_loss,5,42
629,120,80.0,True,40.0,ok,no_hr_loss,5,42
630,120,76.8,True,43.2,ok,no_hr_loss,5,42
631,120,80.0,True,40.0,ok,no_hr_loss,5,42
632,120,88.27586206896552,True,31.724137931034477,ok,no_hr_loss,5,42
633,120,76.8,True,43.2,ok,no_hr_loss,5,42
634,120,65.08474576271186,True,54.91525423728814,ok,no_hr_loss,5,42
635,120,64.0,True,56.0,ok,no_hr_loss,5,42
636,120,78.36734693877551,True,41.63265306122449,ok,no_hr_loss,5,42
637,120,97.21518987341773,True,22.784810126582272,ok,no_hr_loss,5,42
638,120,93.65853658536585,True,26.34146341463415,ok,no_hr_loss,5,42
639,120,76.8,True,43.2,ok,no_hr_loss,5,42
640,120,70.45871559633028,True,49.54128440366972,ok,no_hr_loss,5,42
641,120,89.30232558139535,True,30.69767441860465,ok,no_hr_loss,5,42
642,120,68.57142857142857,True,51.42857142857143,ok,no_hr_loss,5,42
643,120,50.86092715231788,True,69.13907284768212,ok,no_hr_loss,5,42
644,120,85.33333333333333,True,34.66666666666667,ok,no_hr_loss,5,42
645,120,68.57142857142857,True,51.42857142857143,ok,no_hr_loss,5,42
646,120,91.42857142857143,True,28.57142857142857,ok,no_hr_loss,5,42
647,120,73.84615384615384,True,46.15384615384616,ok,no_hr_loss,5,42
648,120,77.57575757575758,True,42.42424242424242,ok,no_hr_loss,5,42
649,120,82.58064516129032,True,37.41935483870968,ok,no_hr_loss,5,42
650,120,69.81818181818181,True,50.18181818181819,ok,no_hr_loss,5,42
651,120,43.885714285714286,True,76.11428571428571,ok,no_hr_loss,5,42
652,120,76.03960396039604,True,43.960396039603964,ok,no_hr_loss,5,42
653,120,71.11111111111111,True,48.888888888888886,ok,no_hr_loss,5,42
654,120,74.5631067961165,True,45.4368932038835,ok,no_hr_loss,5,42
655,120,78.36734693877551,True,41.63265306122449,ok,no_hr_loss,5,42
656,120,56.470588235294116,True,63.529411764705884,ok,no_hr_loss,5,42
657,120,80.0,True,40.0,ok,no_hr_loss,5,42
658,120,73.84615384615384,True,46.15384615384616,ok,no_hr_loss,5,42
659,120,85.33333333333333,True,34.66666666666667,ok,no_hr_loss,5,42
660,120,61.935483870967744,True,58.064516129032256,ok,no_hr_loss,5,42
661,120,77.57575757575758,True,42.42424242424242,ok,no_hr_loss,5,42
662,120,78.36734693877551,True,41.63265306122449,ok,no_hr_loss,5,42
663,120,50.19607843137255,True,69.80392156862746,ok,no_hr_loss,5,42
664,120,80.0,True,40.0,ok,no_hr_loss,5,42
665,120,96.0,True,24.0,ok,no_hr_loss,5,42
666,120,81.70212765957447,True,38.29787234042553,ok,no_hr_loss,5,42
667,120,79.17525773195877,True,40.824742268041234,ok,no_hr_loss,5,42
668,120,69.81818181818181,True,50.18181818181819,ok,no_hr_loss,5,42
669,120,72.45283018867924,True,47.54716981132076,ok,no_hr_loss,5,42
670,120,76.03960396039604,True,43.960396039603964,ok,no_hr_loss,5,42
671,120,71.11111111111111,True,48.888888888888886,ok,no_hr_loss,5,42
672,120,66.78260869565217,True,53.21739130434783,ok,no_hr_loss,5,42
673,120,62.950819672131146,True,57.049180327868854,ok,no_hr_loss,5,42
674,120,69.81818181818181,True,50.18181818181819,ok,no_hr_loss,5,42
675,120,71.77570093457943,True,48.22429906542057,ok,no_hr_loss,5,42
676,120,67.36842105263158,True,52.631578947368425,ok,no_hr_loss,5,42
677,120,75.29411764705883,True,44.705882352941174,ok,no_hr_loss,5,42
678,120,73.84615384615384,True,46.15384615384616,ok,no_hr_loss,5,42
679,120,54.46808510638298,True,65.53191489361703,ok,no_hr_loss,5,42
680,120,76.03960396039604,True,43.960396039603964,ok,no_hr_loss,5,42
681,120,70.45871559633028,True,49.54128440366972,ok,no_hr_loss,5,42
682,120,72.45283018867924,True,47.54716981132076,ok,no_hr_loss,5,42
683,120,75.29411764705883,True,44.705882352941174,ok,no_hr_loss,5,42
684,120,81.70212765957447,True,38.29787234042553,ok,no_hr_loss,5,42
685,120,73.14285714285714,True,46.85714285714286,ok,no_hr_loss,5,42
686,120,73.14285714285714,True,46.85714285714286,ok,no_hr_loss,5,42
687,120,85.33333333333333,True,34.66666666666667,ok,no_hr_loss,5,42
688,120,80.0,True,40.0,ok,no_hr_loss,5,42
689,120,56.058394160583944,True,63.941605839416056,ok,no_hr_loss,5,42
690,120,59.53488372093023,True,60.46511627906977,ok,no_hr_loss,5,42
691,120,78.36734693877551,True,41.63265306122449,ok,no_hr_loss,5,42
692,120,68.57142857142857,True,51.42857142857143,ok,no_hr_loss,5,42
693,120,83.47826086956522,True,36.52173913043478,ok,no_hr_loss,5,42
694,120,78.36734693877551,True,41.63265306122449,ok,no_hr_loss,5,42
695,120,80.0,True,40.0,ok,no_hr_loss,5,42
696,120,79.17525773195877,True,40.824742268041234,ok,no_hr_loss,5,42
697,120,73.14285714285714,True,46.85714285714286,ok,no_hr_loss,5,42
698,120,77.57575757575758,True,42.42424242424242,ok,no_hr_loss,5,42
699,120,69.81818181818181,True,50.18181818181819,ok,no_hr_loss,5,42
700,120,81.70212765957447,True,38.29787234042553,ok,no_hr_loss,5,42
701,120,78.36734693877551,True,41.63265306122449,ok,no_hr_loss,5,42
702,120,85.33333333333333,True,34.66666666666667,ok,no_hr_loss,5,42
703,120,70.45871559633028,True,49.54128440366972,ok,no_hr_loss,5,42
704,120,74.5631067961165,True,45.4368932038835,ok,no_hr_loss,5,42
705,120,75.29411764705883,True,44.705882352941174,ok,no_hr_loss,5,42
706,120,75.29411764705883,True,44.705882352941174,ok,no_hr_loss,5,42
707,120,75.29411764705883,True,44.705882352941174,ok,no_hr_loss,5,42
708,120,57.3134328358209,True,62.6865671641791,ok,no_hr_loss,5,42
709,120,75.29411764705883,True,44.705882352941174,ok,no_hr_loss,5,42
710,120,70.45871559633028,True,49.54128440366972,ok,no_hr_loss,5,42
711,120,81.70212765957447,True,38.29787234042553,ok,no_hr_loss,5,42
712,120,83.47826086956522,True,36.52173913043478,ok,no_hr_loss,5,42
713,120,76.8,True,43.2,ok,no_hr_loss,5,42
714,120,71.11111111111111,True,48.888888888888886,ok,no_hr_loss,5,42
715,120,66.20689655172414,True,53.79310344827586,ok,no_hr_loss,5,42
716,120,80.0,True,40.0,ok,no_hr_loss,5,42
717,120,83.47826086956522,True,36.52173913043478,ok,no_hr_loss,5,42
718,120,76.03960396039604,True,43.960396039603964,ok,no_hr_loss,5,42
719,120,64.0,True,56.0,ok,no_hr_loss,5,42
720,120,55.65217391304348,True,64.34782608695653,ok,no_hr_loss,5,42
721,120,68.57142857142857,True,51.42857142857143,ok,no_hr_loss,5,42
722,120,72.45283018867924,True,47.54716981132076,ok,no_hr_loss,5,42
723,120,64.0,True,56.0,ok,no_hr_loss,5,42
724,120,73.14285714285714,True,46.85714285714286,ok,no_hr_loss,5,42
725,120,62.950819672131146,True,57.049180327868854,ok,no_hr_loss,5,42
726,120,83.47826086956522,True,36.52173913043478,ok,no_hr_loss,5,42
727,120,81.70212765957447,True,38.29787234042553,ok,no_hr_loss,5,42
728,120,80.0,True,40.0,ok,no_hr_loss,5,42
729,120,69.81818181818181,True,50.18181818181819,ok,no_hr_loss,5,42
730,120,87.27272727272727,True,32.727272727272734,ok,no_hr_loss,5,42
731,120,75.29411764705883,True,44.705882352941174,ok,no_hr_loss,5,42
732,120,71.11111111111111,True,48.888888888888886,ok,no_hr_loss,5,42
733,120,67.36842105263158,True,52.631578947368425,ok,no_hr_loss,5,42
734,120,80.0,True,40.0,ok,no_hr_loss,5,42
735,120,73.14285714285714,True,46.85714285714286,ok,no_hr_loss,5,42
736,120,77.57575757575758,True,42.42424242424242,ok,no_hr_loss,5,42
737,120,77.57575757575758,True,42.42424242424242,ok,no_hr_loss,5,42
738,120,85.33333333333333,True,34.66666666666667,ok,no_hr_loss,5,42
739,120,83.47826086956522,True,36.52173913043478,ok,no_hr_loss,5,42
740,120,79.17525773195877,True,40.824742268041234,ok,no_hr_loss,5,42
741,120,76.8,True,43.2,ok,no_hr_loss,5,42
742,120,60.95238095238095,True,59.04761904761905,ok,no_hr_loss,5,42
743,120,83.47826086956522,True,36.52173913043478,ok,no_hr_loss,5,42
744,120,69.81818181818181,True,50.18181818181819,ok,no_hr_loss,5,42
745,120,78.36734693877551,True,41.63265306122449,ok,no_hr_loss,5,42
746,120,73.14285714285714,True,46.85714285714286,ok,no_hr_loss,5,42
747,120,81.70212765957447,True,38.29787234042553,ok,no_hr_loss,5,42
748,120,87.27272727272727,True,32.727272727272734,ok,no_hr_loss,5,42
749,120,76.8,True,43.2,ok,no_hr_loss,5,42
750,120,80.0,True,40.0,ok,no_hr_loss,5,42
751,120,67.36842105263158,True,52.631578947368425,ok,no_hr_loss,5,42
752,120,80.0,True,40.0,ok,no_hr_loss,5,42
753,120,68.57142857142857,True,51.42857142857143,ok,no_hr_loss,5,42
754,120,86.29213483146067,True,33.70786516853933,ok,no_hr_loss,5,42
755,120,71.11111111111111,True,48.888888888888886,ok,no_hr_loss,5,42
756,120,78.36734693877551,True,41.63265306122449,ok,no_hr_loss,5,42
757,120,76.8,True,43.2,ok,no_hr_loss,5,42
758,120,85.33333333333333,True,34.66666666666667,ok,no_hr_loss,5,42
759,120,82.58064516129032,True,37.41935483870968,ok,no_hr_loss,5,42
760,120,75.29411764705883,True,44.705882352941174,ok,no_hr_loss,5,42
761,120,71.77570093457943,True,48.22429906542057,ok,no_hr_loss,5,42
762,120,68.57142857142857,True,51.42857142857143,ok,no_hr_loss,5,42
763,120,79.17525773195877,True,40.824742268041234,ok,no_hr_loss,5,42
764,120,76.8,True,43.2,ok,no_hr_loss,5,42
765,120,80.0,True,40.0,ok,no_hr_loss,5,42
766,120,67.96460176991151,True,52.03539823008849,ok,no_hr_loss,5,42
767,120,54.08450704225352,True,65.91549295774648,ok,no_hr_loss,5,42
768,120,73.84615384615384,True,46.15384615384616,ok,no_hr_loss,5,42
769,120,78.36734693877551,True,41.63265306122449,ok,no_hr_loss,5,42
770,120,88.27586206896552,True,31.724137931034477,ok,no_hr_loss,5,42
771,120,78.36734693877551,True,41.63265306122449,ok,no_hr_loss,5,42
772,120,60.0,True,60.0,ok,no_hr_loss,5,42
773,120,87.27272727272727,True,32.727272727272734,ok,no_hr_loss,5,42
774,120,80.84210526315789,True,39.15789473684211,ok,no_hr_loss,5,42
775,120,88.27586206896552,True,31.724137931034477,ok,no_hr_loss,5,42
776,120,87.27272727272727,True,32.727272727272734,ok,no_hr_loss,5,42
777,120,60.0,True,60.0,ok,no_hr_loss,5,42
778,120,92.53012048192771,True,27.46987951807229,ok,no_hr_loss,5,42
779,120,81.70212765957447,True,38.29787234042553,ok,no_hr_loss,5,42
780,120,81.70212765957447,True,38.29787234042553,ok,no_hr_loss,5,42
781,120,73.14285714285714,True,46.85714285714286,ok,no_hr_loss,5,42
782,120,76.03960396039604,True,43.960396039603964,ok,no_hr_loss,5,42
783,120,86.29213483146067,True,33.70786516853933,ok,no_hr_loss,5,42
784,120,81.70212765957447,True,38.29787234042553,ok,no_hr_loss,5,42
785,120,76.8,True,43.2,ok,no_hr_loss,5,42
786,120,83.47826086956522,True,36.52173913043478,ok,no_hr_loss,5,42
787,120,71.11111111111111,True,48.888888888888886,ok,no_hr_loss,5,42
788,120,80.84210526315789,True,39.15789473684211,ok,no_hr_loss,5,42
789,120,93.65853658536585,True,26.34146341463415,ok,no_hr_loss,5,42
790,120,87.27272727272727,True,32.727272727272734,ok,no_hr_loss,5,42
791,120,54.08450704225352,True,65.91549295774648,ok,no_hr_loss,5,42
792,120,79.17525773195877,True,40.824742268041234,ok,no_hr_loss,5,42
793,120,68.57142857142857,True,51.42857142857143,ok,no_hr_loss,5,42
794,120,72.45283018867924,True,47.54716981132076,ok,no_hr_loss,5,42
795,120,67.96460176991151,True,52.03539823008849,ok,no_hr_loss,5,42
796,120,66.78260869565217,True,53.21739130434783,ok,no_hr_loss,5,42
797,120,87.27272727272727,True,32.727272727272734,ok,no_hr_loss,5,42
798,120,78.36734693877551,True,41.63265306122449,ok,no_hr_loss,5,42
799,120,65.08474576271186,True,54.91525423728814,ok,no_hr_loss,5,42
800,120,76.8,True,43.2,ok,no_hr_loss,5,42
801,120,73.84615384615384,True,46.15384615384616,ok,no_hr_loss,5,42
802,120,68.57142857142857,True,51.42857142857143,ok,no_hr_loss,5,42
803,120,80.0,True,40.0,ok,no_hr_loss,5,42
804,120,80.0,True,40.0,ok,no_hr_loss,5,42
805,120,72.45283018867924,True,47.54716981132076,ok,no_hr_loss,5,42
806,120,73.14285714285714,True,46.85714285714286,ok,no_hr_loss,5,42
807,120,56.470588235294116,True,63.529411764705884,ok,no_hr_loss,5,42
808,120,73.84615384615384,True,46.15384615384616,ok,no_hr_loss,5,42
809,120,93.65853658536585,True,26.34146341463415,ok,no_hr_loss,5,42
810,120,74.5631067961165,True,45.4368932038835,ok,no_hr_loss,5,42
811,120,89.30232558139535,True,30.69767441860465,ok,no_hr_loss,5,42
812,120,76.8,True,43.2,ok,no_hr_loss,5,42
813,120,81.70212765957447,True,38.29787234042553,ok,no_hr_loss,5,42
814,120,69.81818181818181,True,50.18181818181819,ok,no_hr_loss,5,42
815,120,76.8,True,43.2,ok,no_hr_loss,5,42
816,120,76.8,True,43.2,ok,no_hr_loss,5,42
817,120,70.45871559633028,True,49.54128440366972,ok,no_hr_loss,5,42
818,120,79.17525773195877,True,40.824742268041234,ok,no_hr_loss,5,42
819,120,87.27272727272727,True,32.727272727272734,ok,no_hr_loss,5,42
820,120,78.36734693877551,True,41.63265306122449,ok,no_hr_loss,5,42
821,120,81.70212765957447,True,38.29787234042553,ok,no_hr_loss,5,42
822,120,81.70212765957447,True,38.29787234042553,ok,no_hr_loss,5,42
823,120,80.0,True,40.0,ok,no_hr_loss,5,42
824,120,76.8,True,43.2,ok,no_hr_loss,5,42
825,120,86.29213483146067,True,33.70786516853933,ok,no_hr_loss,5,42
826,120,65.08474576271186,True,54.91525423728814,ok,no_hr_loss,5,42
827,120,96.0,True,24.0,ok,no_hr_loss,5,42
828,120,80.0,True,40.0,ok,no_hr_loss,5,42
829,120,57.3134328358209,True,62.6865671641791,ok,no_hr_loss,5,42
830,120,83.47826086956522,True,36.52173913043478,ok,no_hr_loss,5,42
831,120,80.0,True,40.0,ok,no_hr_loss,5,42
832,120,75.29411764705883,True,44.705882352941174,ok,no_hr_loss,5,42
833,120,79.17525773195877,True,40.824742268041234,ok,no_hr_loss,5,42
834,120,80.84210526315789,True,39.15789473684211,ok,no_hr_loss,5,42
835,120,76.8,True,43.2,ok,no_hr_loss,5,42
836,120,83.47826086956522,True,36.52173913043478,ok,no_hr_loss,5,42
837,120,65.08474576271186,True,54.91525423728814,ok,no_hr_loss,5,42
838,120,85.33333333333333,True,34.66666666666667,ok,no_hr_loss,5,42
839,120,81.70212765957447,True,38.29787234042553,ok,no_hr_loss,5,42
840,120,85.33333333333333,True,34.66666666666667,ok,no_hr_loss,5,42
841,120,81.70212765957447,True,38.29787234042553,ok,no_hr_loss,5,42
842,120,72.45283018867924,True,47.54716981132076,ok,no_hr_loss,5,42
843,120,73.84615384615384,True,46.15384615384616,ok,no_hr_loss,5,42
844,120,79.17525773195877,True,40.824742268041234,ok,no_hr_loss,5,42
845,120,81.70212765957447,True,38.29787234042553,ok,no_hr_loss,5,42
846,120,87.27272727272727,True,32.727272727272734,ok,no_hr_loss,5,42
847,120,68.57142857142857,True,51.42857142857143,ok,no_hr_loss,5,42
848,120,49.54838709677419,True,70.45161290322581,ok,no_hr_loss,5,42
849,120,76.8,True,43.2,ok,no_hr_loss,5,42
850,120,72.45283018867924,True,47.54716981132076,ok,no_hr_loss,5,42
851,120,76.8,True,43.2,ok,no_hr_loss,5,42
852,120,74.5631067961165,True,45.4368932038835,ok,no_hr_loss,5,42
853,120,91.42857142857143,True,28.57142857142857,ok,no_hr_loss,5,42
854,120,73.84615384615384,True,46.15384615384616,ok,no_hr_loss,5,42
855,120,83.47826086956522,True,36.52173913043478,ok,no_hr_loss,5,42
856,120,88.27586206896552,True,31.724137931034477,ok,no_hr_loss,5,42
857,120,75.29411764705883,True,44.705882352941174,ok,no_hr_loss,5,42
858,120,67.36842105263158,True,52.631578947368425,ok,no_hr_loss,5,42
859,120,69.1891891891892,True,50.81081081081081,ok,no_hr_loss,5,42
860,120,63.47107438016529,True,56.52892561983471,ok,no_hr_loss,5,42
861,120,89.30232558139535,True,30.69767441860465,ok,no_hr_loss,5,42
862,120,71.11111111111111,True,48.888888888888886,ok,no_hr_loss,5,42
863,120,76.8,True,43.2,ok,no_hr_loss,5,42
864,120,54.857142857142854,True,65.14285714285714,ok,no_hr_loss,5,42
865,120,69.81818181818181,True,50.18181818181819,ok,no_hr_loss,5,42
866,120,73.14285714285714,True,46.85714285714286,ok,no_hr_loss,5,42
867,120,80.84210526315789,True,39.15789473684211,ok,no_hr_loss,5,42
868,120,80.0,True,40.0,ok,no_hr_loss,5,42
869,120,80.84210526315789,True,39.15789473684211,ok,no_hr_loss,5,42
870,120,57.3134328358209,True,62.6865671641791,ok,no_hr_loss,5,42
871,120,58.62595419847328,True,61.37404580152672,ok,no_hr_loss,5,42
872,120,78.36734693877551,True,41.63265306122449,ok,no_hr_loss,5,42
873,120,90.3529411764706,True,29.647058823529406,ok,no_hr_loss,5,42
874,120,74.5631067961165,True,45.4368932038835,ok,no_hr_loss,5,42
875,120,81.70212765957447,True,38.29787234042553,ok,no_hr_loss,5,42
876,120,97.21518987341773,True,22.784810126582272,ok,no_hr_loss,5,42
877,120,80.0,True,40.0,ok,no_hr_loss,5,42
878,120,76.8,True,43.2,ok,no_hr_loss,5,42
879,120,84.3956043956044,True,35.604395604395606,ok,no_hr_loss,5,42
880,120,78.36734693877551,True,41.63265306122449,ok,no_hr_loss,5,42
881,120,62.950819672131146,True,57.049180327868854,ok,no_hr_loss,5,42
882,120,73.84615384615384,True,46.15384615384616,ok,no_hr_loss,5,42
883,120,85.33333333333333,True,34.66666666666667,ok,no_hr_loss,5,42
884,120,54.08450704225352,True,65.91549295774648,ok,no_hr_loss,5,42
885,120,85.33333333333333,True,34.66666666666667,ok,no_hr_loss,5,42
886,120,73.84615384615384,True,46.15384615384616,ok,no_hr_loss,5,42
887,120,62.950819672131146,True,57.049180327868854,ok,no_hr_loss,5,42
888,120,80.84210526315789,True,39.15789473684211,ok,no_hr_loss,5,42
889,120,89.30232558139535,True,30.69767441860465,ok,no_hr_loss,5,42
890,120,66.20689655172414,True,53.79310344827586,ok,no_hr_loss,5,42
891,120,73.14285714285714,True,46.85714285714286,ok,no_hr_loss,5,42
892,120,83.47826086956522,True,36.52173913043478,ok,no_hr_loss,5,42
893,120,91.42857142857143,True,28.57142857142857,ok,no_hr_loss,5,42
894,120,80.0,True,40.0,ok,no_hr_loss,5,42
895,120,75.29411764705883,True,44.705882352941174,ok,no_hr_loss,5,42
896,120,62.950819672131146,True,57.049180327868854,ok,no_hr_loss,5,42
897,120,54.857142857142854,True,65.14285714285714,ok,no_hr_loss,5,42
898,120,89.30232558139535,True,30.69767441860465,ok,no_hr_loss,5,42
899,120,53.333333333333336,True,66.66666666666666,ok,no_hr_loss,5,42
900,120,81.70212765957447,True,38.29787234042553,ok,no_hr_loss,5,42
901,120,64.0,True,56.0,ok,no_hr_loss,5,42
902,120,83.47826086956522,True,36.52173913043478,ok,no_hr_loss,5,42
903,120,65.08474576271186,True,54.91525423728814,ok,no_hr_loss,5,42
904,120,80.0,True,40.0,ok,no_hr_loss,5,42
905,120,73.14285714285714,True,46.85714285714286,ok,no_hr_loss,5,42
906,120,83.47826086956522,True,36.52173913043478,ok,no_hr_loss,5,42
907,120,75.29411764705883,True,44.705882352941174,ok,no_hr_loss,5,42
908,120,49.23076923076923,True,70.76923076923077,ok,no_hr_loss,5,42
909,120,76.8,True,43.2,ok,no_hr_loss,5,42
910,120,89.30232558139535,True,30.69767441860465,ok,no_hr_loss,5,42
911,120,96.0,True,24.0,ok,no_hr_loss,5,42
912,120,77.57575757575758,True,42.42424242424242,ok,no_hr_loss,5,42
913,120,58.18181818181818,True,61.81818181818182,ok,no_hr_loss,5,42
914,120,76.8,True,43.2,ok,no_hr_loss,5,42
915,120,53.70629370629371,True,66.2937062937063,ok,no_hr_loss,5,42
916,120,85.33333333333333,True,34.66666666666667,ok,no_hr_loss,5,42
917,120,78.36734693877551,True,41.63265306122449,ok,no_hr_loss,5,42
918,120,69.81818181818181,True,50.18181818181819,ok,no_hr_loss,5,42
919,120,65.08474576271186,True,54.91525423728814,ok,no_hr_loss,5,42
920,120,69.1891891891892,True,50.81081081081081,ok,no_hr_loss,5,42
921,120,80.0,True,40.0,ok,no_hr_loss,5,42
922,120,80.0,True,40.0,ok,no_hr_loss,5,42
923,120,80.84210526315789,True,39.15789473684211,ok,no_hr_loss,5,42
924,120,76.8,True,43.2,ok,no_hr_loss,5,42
925,120,83.47826086956522,True,36.52173913043478,ok,no_hr_loss,5,42
926,120,75.29411764705883,True,44.705882352941174,ok,no_hr_loss,5,42
927,120,75.29411764705883,True,44.705882352941174,ok,no_hr_loss,5,42
928,120,91.42857142857143,True,28.57142857142857,ok,no_hr_loss,5,42
929,120,87.27272727272727,True,32.727272727272734,ok,no_hr_loss,5,42
930,120,73.84615384615384,True,46.15384615384616,ok,no_hr_loss,5,42
931,120,86.29213483146067,True,33.70786516853933,ok,no_hr_loss,5,42
932,120,75.29411764705883,True,44.705882352941174,ok,no_hr_loss,5,42
933,120,60.95238095238095,True,59.04761904761905,ok,no_hr_loss,5,42
934,120,73.14285714285714,True,46.85714285714286,ok,no_hr_loss,5,42
935,120,80.0,True,40.0,ok,no_hr_loss,5,42
936,120,78.36734693877551,True,41.63265306122449,ok,no_hr_loss,5,42
937,120,69.1891891891892,True,50.81081081081081,ok,no_hr_loss,5,42
938,120,86.29213483146067,True,33.70786516853933,ok,no_hr_loss,5,42
939,120,73.84615384615384,True,46.15384615384616,ok,no_hr_loss,5,42
940,120,60.0,True,60.0,ok,no_hr_loss,5,42
941,120,87.27272727272727,True,32.727272727272734,ok,no_hr_loss,5,42
942,120,73.84615384615384,True,46.15384615384616,ok,no_hr_loss,5,42
943,120,66.78260869565217,True,53.21739130434783,ok,no_hr_loss,5,42
944,120,87.27272727272727,True,32.727272727272734,ok,no_hr_loss,5,42
945,120,82.58064516129032,True,37.41935483870968,ok,no_hr_loss,5,42
946,120,83.47826086956522,True,36.52173913043478,ok,no_hr_loss,5,42
947,120,66.20689655172414,True,53.79310344827586,ok,no_hr_loss,5,42
948,120,73.84615384615384,True,46.15384615384616,ok,no_hr_loss,5,42
949,120,61.935483870967744,True,58.064516129032256,ok,no_hr_loss,5,42
950,120,68.57142857142857,True,51.42857142857143,ok,no_hr_loss,5,42
951,120,75.29411764705883,True,44.705882352941174,ok,no_hr_loss,5,42
952,120,87.27272727272727,True,32.727272727272734,ok,no_hr_loss,5,42
953,120,87.27272727272727,True,32.727272727272734,ok,no_hr_loss,5,42
954,120,75.29411764705883,True,44.705882352941174,ok,no_hr_loss,5,42
955,120,80.0,True,40.0,ok,no_hr_loss,5,42
956,120,81.70212765957447,True,38.29787234042553,ok,no_hr_loss,5,42
957,120,72.45283018867924,True,47.54716981132076,ok,no_hr_loss,5,42
958,120,81.70212765957447,True,38.29787234042553,ok,no_hr_loss,5,42
959,120,80.84210526315789,True,39.15789473684211,ok,no_hr_loss,5,42
960,120,87.27272727272727,True,32.727272727272734,ok,no_hr_loss,5,42
961,120,70.45871559633028,True,49.54128440366972,ok,no_hr_loss,5,42
962,120,82.58064516129032,True,37.41935483870968,ok,no_hr_loss,5,42
963,120,90.3529411764706,True,29.647058823529406,ok,no_hr_loss,5,42
964,120,78.36734693877551,True,41.63265306122449,ok,no_hr_loss,5,42
965,120,78.36734693877551,True,41.63265306122449,ok,no_hr_loss,5,42
966,120,71.11111111111111,True,48.888888888888886,ok,no_hr_loss,5,42
967,120,79.17525773195877,True,40.824742268041234,ok,no_hr_loss,5,42
968,120,76.8,True,43.2,ok,no_hr_loss,5,42
969,120,85.33333333333333,True,34.66666666666667,ok,no_hr_loss,5,42
970,120,78.36734693877551,True,41.63265306122449,ok,no_hr_loss,5,42
971,120,76.8,True,43.2,ok,no_hr_loss,5,42
972,120,91.42857142857143,True,28.57142857142857,ok,no_hr_loss,5,42
973,120,81.70212765957447,True,38.29787234042553,ok,no_hr_loss,5,42
974,120,83.47826086956522,True,36.52173913043478,ok,no_hr_loss,5,42
975,120,85.33333333333333,True,34.66666666666667,ok,no_hr_loss,5,42
976,120,69.81818181818181,True,50.18181818181819,ok,no_hr_loss,5,42
977,120,78.36734693877551,True,41.63265306122449,ok,no_hr_loss,5,42
978,120,81.70212765957447,True,38.29787234042553,ok,no_hr_loss,5,42
979,120,87.27272727272727,True,32.727272727272734,ok,no_hr_loss,5,42
980,120,96.0,True,24.0,ok,no_hr_loss,5,42
981,120,69.81818181818181,True,50.18181818181819,ok,no_hr_loss,5,42
982,120,80.0,True,40.0,ok,no_hr_loss,5,42
983,120,72.45283018867924,True,47.54716981132076,ok,no_hr_loss,5,42
984,120,83.47826086956522,True,36.52173913043478,ok,no_hr_loss,5,42
985,120,79.17525773195877,True,40.824742268041234,ok,no_hr_loss,5,42
986,120,81.70212765957447,True,38.29787234042553,ok,no_hr_loss,5,42
987,120,69.81818181818181,True,50.18181818181819,ok,no_hr_loss,5,42
988,120,80.0,True,40.0,ok,no_hr_loss,5,42
989,120,78.36734693877551,True,41.63265306122449,ok,no_hr_loss,5,42
990,120,83.47826086956522,True,36.52173913043478,ok,no_hr_loss,5,42
991,120,75.29411764705883,True,44.705882352941174,ok,no_hr_loss,5,42
992,120,78.36734693877551,True,41.63265306122449,ok,no_hr_loss,5,42
993,120,73.84615384615384,True,46.15384615384616,ok,no_hr_loss,5,42
994,120,77.57575757575758,True,42.42424242424242,ok,no_hr_loss,5,42
995,120,84.3956043956044,True,35.604395604395606,ok,no_hr_loss,5,42
996,120,79.17525773195877,True,40.824742268041234,ok,no_hr_loss,5,42
997,120,80.0,True,40.0,ok,no_hr_loss,5,42
998,120,83.47826086956522,True,36.52173913043478,ok,no_hr_loss,5,42
999,120,70.45871559633028,True,49.54128440366972,ok,no_hr_loss,5,42
