index,target_hr,method,fold,seed,rise_time_s,width50_s,rise_cycle_ratio,beat_extraction_success,amplitude_range,amplitude_std
0,60,gaussian,1,42,0.25,0.59375,0.25,1.0,1.9892501831054688,0.6356554627418518
1,60,gaussian,1,42,0.34375,0.609375,0.34375,1.0,2.320849657058716,0.8068695068359375
2,60,gaussian,1,42,0.5,0.53125,0.5,1.0,0.725523829460144,0.24549369513988495
3,60,gaussian,1,42,0.34375,0.59375,0.34375,1.0,2.2132909297943115,0.7228179574012756
4,60,gaussian,1,42,0.3125,0.59375,0.3125,1.0,1.1290066242218018,0.3353668749332428
5,60,gaussian,1,42,0.34375,0.375,0.34375,1.0,0.9977266788482666,0.2997701168060303
6,60,gaussian,1,42,0.296875,0.5625,0.296875,1.0,1.923114538192749,0.6421833038330078
7,60,gaussian,1,42,0.546875,0.578125,0.546875,1.0,0.2086273431777954,0.06824371218681335
8,60,gaussian,1,42,0.34375,0.5625,0.34375,1.0,2.987826108932495,1.0046526193618774
9,60,gaussian,1,42,0.453125,0.390625,0.453125,1.0,6.081816673278809,2.1385257244110107
10,60,gaussian,1,42,0.265625,0.46875,0.265625,1.0,1.5311391353607178,0.4551909863948822
11,60,gaussian,1,42,0.3125,0.59375,0.3125,1.0,2.0952959060668945,0.7192129492759705
12,60,gaussian,1,42,0.546875,0.578125,0.546875,1.0,0.20874880254268646,0.06824371218681335
13,60,gaussian,1,42,0.171875,0.15625,0.4230769230769231,1.0,1.237790584564209,0.3825078010559082
14,60,gaussian,1,42,0.6875,0.328125,0.6875,1.0,0.6009776592254639,0.17500925064086914
15,60,gaussian,1,42,0.28125,0.234375,0.28125,1.0,1.538785696029663,0.4493439793586731
16,60,gaussian,1,42,0.328125,0.609375,0.328125,1.0,1.6998133659362793,0.561323344707489
17,60,gaussian,1,42,0.53125,0.59375,0.53125,1.0,0.25483012199401855,0.08843199163675308
18,60,gaussian,1,42,,,,0.0,0.8876273036003113,0.29389268159866333
19,60,gaussian,1,42,0.25,0.2421875,0.5,1.0,2.6706643104553223,0.9446226358413696
20,60,gaussian,1,42,0.328125,0.28125,0.328125,1.0,2.245669364929199,0.7233791351318359
21,60,gaussian,1,42,0.328125,0.640625,0.328125,1.0,1.338411569595337,0.4696386158466339
22,60,gaussian,1,42,0.328125,0.640625,0.328125,1.0,1.338918924331665,0.4696386158466339
23,60,gaussian,1,42,0.2109375,0.2265625,0.47045454545454546,1.0,0.35718661546707153,0.10909299552440643
24,60,gaussian,1,42,0.3125,0.625,0.3125,1.0,1.0629709959030151,0.3629729449748993
25,60,gaussian,1,42,0.2421875,0.234375,0.509009009009009,1.0,2.661695957183838,0.8698555827140808
26,60,gaussian,1,42,0.25,0.2265625,0.5035897435897436,1.0,3.926450252532959,1.2443922758102417
27,60,gaussian,1,42,0.703125,0.609375,0.703125,1.0,0.40193694829940796,0.14424189925193787
28,60,gaussian,1,42,0.625,0.5625,0.625,1.0,2.5430169105529785,0.827955424785614
29,60,gaussian,1,42,0.5625,0.515625,0.5625,1.0,3.488938093185425,1.2590174674987793
30,60,gaussian,1,42,0.25,0.578125,0.25,1.0,0.7847936153411865,0.268269807100296
31,60,gaussian,1,42,0.25,0.59375,0.25,1.0,3.2481465339660645,1.0903656482696533
32,60,gaussian,1,42,0.265625,0.578125,0.265625,1.0,2.6816487312316895,0.8880186080932617
33,60,gaussian,1,42,0.765625,0.5625,0.765625,1.0,0.407436728477478,0.13902129232883453
34,60,gaussian,1,42,0.4375,0.375,0.4375,1.0,0.895271897315979,0.3588749170303345
35,60,gaussian,1,42,0.40625,0.4375,0.40625,1.0,1.0737061500549316,0.3498137891292572
36,60,gaussian,1,42,0.25,0.578125,0.25,1.0,2.1117594242095947,0.7304341793060303
37,60,gaussian,1,42,0.34375,0.3125,0.34375,1.0,0.5255700945854187,0.19282181560993195
38,60,gaussian,1,42,0.453125,0.375,0.453125,1.0,0.8946247100830078,0.3588749170303345
39,60,gaussian,1,42,0.421875,0.4375,0.421875,1.0,2.139145851135254,0.7319700121879578
40,60,gaussian,1,42,0.53125,0.609375,0.53125,1.0,1.334323763847351,0.4710029363632202
41,60,gaussian,1,42,0.453125,0.609375,0.453125,1.0,0.9743450880050659,0.32987305521965027
42,60,gaussian,1,42,0.3125,0.546875,0.3125,1.0,1.985208511352539,0.6202473044395447
43,60,gaussian,1,42,0.25,0.21875,0.5416666666666667,1.0,4.123194694519043,1.3195258378982544
44,60,gaussian,1,42,0.59375,0.609375,0.59375,1.0,0.3359304666519165,0.10481635481119156
45,60,gaussian,1,42,0.59375,0.515625,0.59375,1.0,3.9795470237731934,1.3409349918365479
46,60,gaussian,1,42,0.3125,0.578125,0.3125,1.0,0.9565562009811401,0.3232263922691345
47,60,gaussian,1,42,0.296875,0.59375,0.296875,1.0,3.2592008113861084,1.0514593124389648
48,60,gaussian,1,42,0.296875,0.59375,0.296875,1.0,0.7895445823669434,0.2479552924633026
49,60,gaussian,1,42,0.34375,0.640625,0.34375,1.0,1.3386707305908203,0.4696386158466339
50,60,gaussian,1,42,0.703125,0.640625,0.703125,1.0,2.22322940826416,0.7215526700019836
51,60,gaussian,1,42,0.328125,0.28125,0.328125,1.0,2.2455992698669434,0.7233791351318359
52,60,gaussian,1,42,0.453125,0.453125,0.453125,1.0,2.1430063247680664,0.751731276512146
53,60,gaussian,1,42,0.296875,0.296875,0.296875,1.0,0.2917177379131317,0.08795788139104843
54,60,gaussian,1,42,0.40625,0.640625,0.40625,1.0,0.7827351093292236,0.2658153772354126
55,60,gaussian,1,42,0.234375,0.234375,0.48177339901477834,1.0,1.0836858749389648,0.3530712127685547
56,60,gaussian,1,42,0.296875,0.265625,0.296875,1.0,1.5438928604125977,0.47155678272247314
57,60,gaussian,1,42,0.53125,0.515625,0.53125,1.0,1.2777881622314453,0.4475904703140259
58,60,gaussian,1,42,0.546875,0.578125,0.546875,1.0,8.424013137817383,2.9245388507843018
59,60,gaussian,1,42,0.40625,0.5625,0.40625,1.0,0.480612188577652,0.16770228743553162
60,60,gaussian,1,42,0.25,0.609375,0.25,1.0,1.7351007461547852,0.5715391039848328
61,60,gaussian,1,42,0.25,0.5625,0.25,1.0,1.258996605873108,0.396025151014328
62,60,gaussian,1,42,0.359375,0.640625,0.359375,1.0,3.2370030879974365,1.0621241331100464
63,60,gaussian,1,42,,,,0.0,0.8876372575759888,0.29389268159866333
64,60,gaussian,1,42,0.171875,0.140625,0.3142857142857143,1.0,1.2046254873275757,0.41919246315956116
65,60,gaussian,1,42,0.328125,0.265625,0.328125,1.0,7.742598533630371,2.3642730712890625
66,60,gaussian,1,42,0.375,0.578125,0.375,1.0,5.17955207824707,1.7771198749542236
67,60,gaussian,1,42,0.5625,0.609375,0.5625,1.0,0.6123131513595581,0.19749173521995544
68,60,gaussian,1,42,0.25,0.578125,0.25,1.0,1.2991273403167725,0.4172990620136261
69,60,gaussian,1,42,0.359375,0.53125,0.359375,1.0,2.6789727210998535,0.906391978263855
70,60,gaussian,1,42,0.2734375,0.2578125,0.5133333333333333,1.0,1.139536738395691,0.3806523382663727
71,60,gaussian,1,42,0.6875,0.3125,0.6875,1.0,0.6011414527893066,0.17500925064086914
72,60,gaussian,1,42,0.40625,0.5625,0.40625,1.0,0.48079559206962585,0.16770228743553162
73,60,gaussian,1,42,0.5625,0.53125,0.5625,1.0,3.4876320362091064,1.2590175867080688
74,60,gaussian,1,42,0.59375,0.640625,0.59375,1.0,0.689056932926178,0.22890017926692963
75,60,gaussian,1,42,0.375,0.390625,0.375,1.0,1.1906476020812988,0.3775847256183624
76,60,gaussian,1,42,0.3125,0.59375,0.3125,1.0,3.4893276691436768,1.132073998451233
77,60,gaussian,1,42,0.296875,0.546875,0.296875,1.0,0.5872186422348022,0.17396937310695648
78,60,gaussian,1,42,0.296875,0.5625,0.296875,1.0,2.975794792175293,0.9458302855491638
79,60,gaussian,1,42,0.234375,0.2421875,0.46875,1.0,1.869678020477295,0.5583112239837646
80,60,gaussian,1,42,0.25,0.5625,0.25,1.0,0.599877119064331,0.19633041322231293
81,60,gaussian,1,42,0.28125,0.5625,0.28125,1.0,2.681370735168457,0.8880186080932617
82,60,gaussian,1,42,0.53125,0.53125,0.53125,1.0,1.1245360374450684,0.3784044682979584
83,60,gaussian,1,42,0.265625,0.59375,0.265625,1.0,2.1374194622039795,0.7478921413421631
84,60,gaussian,1,42,0.46875,0.515625,0.46875,1.0,0.5304508805274963,0.18881584703922272
85,60,gaussian,1,42,0.5625,0.484375,0.5625,1.0,1.4398449659347534,0.49489012360572815
86,60,gaussian,1,42,0.640625,0.640625,0.640625,1.0,0.7415327429771423,0.246124267578125
87,60,gaussian,1,42,0.546875,0.59375,0.546875,1.0,7.193987846374512,2.38603138923645
88,60,gaussian,1,42,0.328125,0.578125,0.328125,1.0,1.8090730905532837,0.6145297884941101
89,60,gaussian,1,42,0.328125,0.609375,0.328125,1.0,2.5285868644714355,0.7681836485862732
90,60,gaussian,1,42,0.296875,0.625,0.296875,1.0,1.6133698225021362,0.5127493143081665
91,60,gaussian,1,42,0.46875,0.625,0.46875,1.0,0.7285741567611694,0.24572186172008514
92,60,gaussian,1,42,0.4375,0.609375,0.4375,1.0,0.920770525932312,0.32737624645233154
93,60,gaussian,1,42,0.328125,0.578125,0.328125,1.0,1.4064433574676514,0.47567903995513916
94,60,gaussian,1,42,0.25,0.609375,0.25,1.0,1.9904119968414307,0.6326796412467957
95,60,gaussian,1,42,0.34375,0.609375,0.34375,1.0,0.9048531651496887,0.31607916951179504
96,60,gaussian,1,42,0.703125,0.625,0.703125,1.0,1.1041319370269775,0.40008917450904846
97,60,gaussian,1,42,0.234375,0.625,0.234375,1.0,2.1322922706604004,0.7477774620056152
98,60,gaussian,1,42,0.296875,0.59375,0.296875,1.0,0.7897796630859375,0.2479552924633026
99,60,gaussian,1,42,0.078125,0.046875,0.3333333333333333,1.0,2.2960448265075684,0.760219395160675
100,60,gaussian,1,42,0.109375,0.078125,0.3181818181818182,1.0,1.5304518938064575,0.5190969705581665
101,60,gaussian,1,42,0.265625,0.59375,0.265625,1.0,2.137969970703125,0.7478921413421631
102,60,gaussian,1,42,0.6875,0.625,0.6875,1.0,2.2212674617767334,0.7215527296066284
103,60,gaussian,1,42,0.34375,0.390625,0.34375,1.0,0.9990772008895874,0.2997701168060303
104,60,gaussian,1,42,0.484375,0.5,0.484375,1.0,1.0387122631072998,0.35948023200035095
105,60,gaussian,1,42,0.390625,0.4375,0.390625,1.0,1.6145051717758179,0.51277095079422
106,60,gaussian,1,42,0.625,0.453125,0.625,1.0,6.779593467712402,2.347736358642578
107,60,gaussian,1,42,,,,0.0,3.3260748386383057,1.1142836809158325
108,60,gaussian,1,42,0.453125,0.609375,0.453125,1.0,4.6656813621521,1.6733280420303345
109,60,gaussian,1,42,0.390625,0.546875,0.390625,1.0,0.6953568458557129,0.22600245475769043
110,60,gaussian,1,42,0.453125,0.609375,0.453125,1.0,4.665681838989258,1.6733280420303345
111,60,gaussian,1,42,0.296875,0.59375,0.296875,1.0,1.1528979539871216,0.40454134345054626
112,60,gaussian,1,42,0.296875,0.46875,0.296875,1.0,2.8527045249938965,0.8512217998504639
113,60,gaussian,1,42,0.34375,0.5625,0.34375,1.0,1.2999980449676514,0.424254447221756
114,60,gaussian,1,42,0.5,0.515625,0.5,1.0,3.0276265144348145,1.076743245124817
115,60,gaussian,1,42,0.265625,0.59375,0.265625,1.0,1.261723518371582,0.42354270815849304
116,60,gaussian,1,42,0.5,0.546875,0.5,1.0,1.2968305349349976,0.45391592383384705
117,60,gaussian,1,42,0.5,0.421875,0.5,1.0,0.8387161493301392,0.2958470582962036
118,60,gaussian,1,42,0.453125,0.40625,0.453125,1.0,2.0784974098205566,0.7440846562385559
119,60,gaussian,1,42,0.296875,0.21875,0.296875,1.0,0.9811590313911438,0.28719931840896606
120,60,gaussian,1,42,0.328125,0.40625,0.328125,1.0,0.966934323310852,0.34201377630233765
121,60,gaussian,1,42,0.515625,0.515625,0.515625,1.0,4.749765872955322,1.6814554929733276
122,60,gaussian,1,42,0.25,0.578125,0.25,1.0,2.1117045879364014,0.7304341793060303
123,60,gaussian,1,42,0.3125,0.578125,0.3125,1.0,2.724785327911377,0.9887730479240417
124,60,gaussian,1,42,0.34375,0.375,0.34375,1.0,1.120449185371399,0.3426576554775238
125,60,gaussian,1,42,0.390625,0.4375,0.390625,1.0,2.9886605739593506,1.083630084991455
126,60,gaussian,1,42,0.515625,0.59375,0.515625,1.0,0.44295409321784973,0.15965035557746887
127,60,gaussian,1,42,0.203125,0.140625,0.7647058823529411,1.0,3.1363935470581055,1.033909559249878
128,60,gaussian,1,42,0.4375,0.59375,0.4375,1.0,0.7319787740707397,0.23785224556922913
129,60,gaussian,1,42,0.671875,0.375,0.671875,1.0,3.8175902366638184,1.1939916610717773
130,60,gaussian,1,42,0.375,0.671875,0.375,1.0,0.48810580372810364,0.14776141941547394
131,60,gaussian,1,42,0.265625,0.625,0.265625,1.0,1.5526094436645508,0.4894073009490967
132,60,gaussian,1,42,0.25,0.5625,0.25,1.0,2.6327261924743652,0.867691695690155
133,60,gaussian,1,42,0.296875,0.265625,0.7037037037037037,1.0,3.650615930557251,1.1947077512741089
134,60,gaussian,1,42,0.296875,0.546875,0.296875,1.0,0.5868716239929199,0.17396937310695648
135,60,gaussian,1,42,0.71875,0.5,0.71875,1.0,2.1031529903411865,0.6984643936157227
136,60,gaussian,1,42,0.453125,0.40625,0.453125,1.0,2.0789926052093506,0.7440846562385559
137,60,gaussian,1,42,0.46875,0.46875,0.46875,1.0,1.5958991050720215,0.5471730828285217
138,60,gaussian,1,42,0.625,0.578125,0.625,1.0,0.9511188268661499,0.306283563375473
139,60,gaussian,1,42,0.625,0.59375,0.625,1.0,2.9988155364990234,1.0942634344100952
140,60,gaussian,1,42,0.296875,0.21875,0.296875,1.0,0.9811698198318481,0.28719931840896606
141,60,gaussian,1,42,0.734375,0.5625,0.734375,1.0,6.793598175048828,2.0703816413879395
142,60,gaussian,1,42,0.375,0.4375,0.375,1.0,0.9991614818572998,0.33865776658058167
143,60,gaussian,1,42,0.3125,0.578125,0.3125,1.0,2.725083112716675,0.9887731075286865
144,60,gaussian,1,42,0.28125,0.28125,0.4090909090909091,1.0,3.082810401916504,0.9555655121803284
145,60,gaussian,1,42,0.421875,0.46875,0.421875,1.0,1.1249537467956543,0.3646370768547058
146,60,gaussian,1,42,0.265625,0.59375,0.265625,1.0,3.252946376800537,1.0903656482696533
147,60,gaussian,1,42,0.421875,0.390625,0.421875,1.0,2.288140296936035,0.7572996616363525
148,60,gaussian,1,42,0.40625,0.4375,0.40625,1.0,1.0736368894577026,0.3498137891292572
149,60,gaussian,1,42,,,,0.0,1.3675322532653809,0.4626970887184143
150,60,gaussian,1,42,0.65625,0.609375,0.65625,1.0,0.3900477886199951,0.13604682683944702
151,60,gaussian,1,42,0.5625,0.640625,0.5625,1.0,0.6671727895736694,0.22425968945026398
152,60,gaussian,1,42,0.265625,0.265625,0.5090909090909091,1.0,1.5241436958312988,0.46210265159606934
153,60,gaussian,1,42,0.453125,0.40625,0.453125,1.0,2.079026699066162,0.7440846562385559
154,60,gaussian,1,42,0.28125,0.25,0.5404858299595142,1.0,2.8600211143493652,0.882222056388855
155,60,gaussian,1,42,0.421875,0.671875,0.421875,1.0,0.2160489857196808,0.06841857731342316
156,60,gaussian,1,42,0.421875,0.46875,0.421875,1.0,1.124830722808838,0.3646370768547058
157,60,gaussian,1,42,0.453125,0.390625,0.453125,1.0,6.0733418464660645,2.1385254859924316
158,60,gaussian,1,42,0.671875,0.59375,0.671875,1.0,2.639545440673828,0.9427172541618347
159,60,gaussian,1,42,0.515625,0.578125,0.515625,1.0,0.6492055058479309,0.22398333251476288
160,60,gaussian,1,42,0.40625,0.40625,0.40625,1.0,0.6119350790977478,0.1960570216178894
161,60,gaussian,1,42,0.484375,0.515625,0.484375,1.0,0.39437007904052734,0.13647978007793427
162,60,gaussian,1,42,0.40625,0.5625,0.40625,1.0,0.4807380437850952,0.16770228743553162
163,60,gaussian,1,42,,,,0.0,1.530904769897461,0.5190969705581665
164,60,gaussian,1,42,0.390625,0.640625,0.390625,1.0,1.3684921264648438,0.45219579339027405
165,60,gaussian,1,42,0.34375,0.484375,0.34375,1.0,2.2829389572143555,0.7110126614570618
166,60,gaussian,1,42,0.3125,0.609375,0.3125,1.0,1.5933823585510254,0.5418189167976379
167,60,gaussian,1,42,0.484375,0.546875,0.484375,1.0,1.7553201913833618,0.6520154476165771
168,60,gaussian,1,42,0.421875,0.59375,0.421875,1.0,0.2593851387500763,0.08283542096614838
169,60,gaussian,1,42,,,,0.0,2.542726516723633,0.853732168674469
170,60,gaussian,1,42,0.59375,0.421875,0.59375,1.0,1.0436996221542358,0.32954296469688416
171,60,gaussian,1,42,0.34375,0.375,0.34375,1.0,1.119980812072754,0.3426576554775238
172,60,gaussian,1,42,0.40625,0.453125,0.40625,1.0,1.7304162979125977,0.5800822973251343
173,60,gaussian,1,42,0.625,0.46875,0.625,1.0,6.78216552734375,2.347736358642578
174,60,gaussian,1,42,0.359375,0.4375,0.359375,1.0,2.1469497680664062,0.6833860874176025
175,60,gaussian,1,42,0.25,0.2265625,0.5198412698412699,1.0,0.9449897408485413,0.3147042691707611
176,60,gaussian,1,42,0.265625,0.5625,0.265625,1.0,0.9091546535491943,0.3399078845977783
177,60,gaussian,1,42,0.25,0.234375,0.49560117302052786,1.0,1.8337217569351196,0.6312980651855469
178,60,gaussian,1,42,0.59375,0.453125,0.59375,1.0,3.0454750061035156,1.053959846496582
179,60,gaussian,1,42,0.28125,0.65625,0.28125,1.0,0.9976067543029785,0.3449229598045349
180,60,gaussian,1,42,0.53125,0.46875,0.53125,1.0,1.0528883934020996,0.3614308536052704
181,60,gaussian,1,42,0.53125,0.625,0.53125,1.0,0.8307743072509766,0.2952440679073334
182,60,gaussian,1,42,0.28125,0.625,0.28125,1.0,1.0796163082122803,0.35915425419807434
183,60,gaussian,1,42,0.234375,0.25,0.4652981427174976,1.0,4.464944362640381,1.3797106742858887
184,60,gaussian,1,42,0.453125,0.390625,0.453125,1.0,6.078177452087402,2.1385254859924316
185,60,gaussian,1,42,0.515625,0.625,0.515625,1.0,1.3341882228851318,0.4710029363632202
186,60,gaussian,1,42,0.328125,0.59375,0.328125,1.0,1.8105064630508423,0.6145297884941101
187,60,gaussian,1,42,0.390625,0.40625,0.390625,1.0,0.34803253412246704,0.11180268228054047
188,60,gaussian,1,42,0.25,0.2421875,0.5,1.0,2.6712722778320312,0.9446226358413696
189,60,gaussian,1,42,0.546875,0.5,0.546875,1.0,1.010688066482544,0.341830849647522
190,60,gaussian,1,42,0.2421875,0.2421875,0.5431818181818182,1.0,3.0850977897644043,0.9555655121803284
191,60,gaussian,1,42,0.375,0.390625,0.375,1.0,1.1910080909729004,0.3775847256183624
192,60,gaussian,1,42,0.21875,0.5,0.21875,1.0,0.6298732757568359,0.18517933785915375
193,60,gaussian,1,42,0.21875,0.2265625,0.4375,1.0,3.6685264110565186,1.0271719694137573
194,60,gaussian,1,42,0.296875,0.5625,0.296875,1.0,0.6350672245025635,0.2002226859331131
195,60,gaussian,1,42,0.359375,0.1875,0.359375,1.0,5.4378132820129395,1.7449796199798584
196,60,gaussian,1,42,0.46875,0.453125,0.46875,1.0,3.3381171226501465,1.1407109498977661
197,60,gaussian,1,42,0.234375,0.625,0.234375,1.0,2.132355213165283,0.7477774024009705
198,60,gaussian,1,42,0.5,0.546875,0.5,1.0,7.858935832977295,2.7248730659484863
199,60,gaussian,1,42,0.21875,0.578125,0.21875,1.0,1.8530261516571045,0.6433864831924438
200,60,gaussian,1,42,0.296875,0.625,0.296875,1.0,2.711394786834717,0.8979183435440063
201,60,gaussian,1,42,0.296875,0.625,0.296875,1.0,6.0979156494140625,2.034385919570923
202,60,gaussian,1,42,0.28125,0.59375,0.28125,1.0,1.3437674045562744,0.4306492507457733
203,60,gaussian,1,42,0.546875,0.640625,0.546875,1.0,3.64617919921875,1.2555880546569824
204,60,gaussian,1,42,0.2578125,0.265625,0.501984126984127,1.0,2.5820152759552,0.8440955877304077
205,60,gaussian,1,42,0.3125,0.59375,0.3125,1.0,1.13004732131958,0.3353668749332428
206,60,gaussian,1,42,0.40625,0.484375,0.40625,1.0,0.29400017857551575,0.08988106995820999
207,60,gaussian,1,42,0.40625,0.5625,0.40625,1.0,6.550783634185791,2.083655595779419
208,60,gaussian,1,42,0.28125,0.2890625,0.4791666666666667,1.0,2.053034782409668,0.6698139905929565
209,60,gaussian,1,42,0.40625,0.34375,0.6842105263157895,1.0,3.3259854316711426,1.1142836809158325
210,60,gaussian,1,42,0.53125,0.484375,0.53125,1.0,1.0534510612487793,0.3614308536052704
211,60,gaussian,1,42,0.546875,0.46875,0.546875,1.0,3.2488880157470703,1.196162223815918
212,60,gaussian,1,42,0.328125,0.546875,0.328125,1.0,1.7374308109283447,0.5816274285316467
213,60,gaussian,1,42,0.25,0.609375,0.25,1.0,1.5327177047729492,0.5257356762886047
214,60,gaussian,1,42,0.25,0.609375,0.25,1.0,1.5329012870788574,0.5257356762886047
215,60,gaussian,1,42,0.265625,0.578125,0.265625,1.0,1.0609101057052612,0.3645017743110657
216,60,gaussian,1,42,0.71875,0.515625,0.71875,1.0,4.074529647827148,1.2652599811553955
217,60,gaussian,1,42,0.34375,0.578125,0.34375,1.0,1.0544558763504028,0.32252177596092224
218,60,gaussian,1,42,0.234375,0.515625,0.234375,1.0,0.6283486485481262,0.18517935276031494
219,60,gaussian,1,42,0.28125,0.25,0.591728525980912,1.0,4.851553440093994,1.4879250526428223
220,60,gaussian,1,42,0.359375,0.328125,0.359375,1.0,2.6085057258605957,0.881791353225708
221,60,gaussian,1,42,0.546875,0.578125,0.546875,1.0,0.20867778360843658,0.06824371218681335
222,60,gaussian,1,42,0.390625,0.578125,0.390625,1.0,1.543717622756958,0.497736394405365
223,60,gaussian,1,42,0.421875,0.640625,0.421875,1.0,2.5423102378845215,0.8660001158714294
224,60,gaussian,1,42,0.625,0.59375,0.625,1.0,2.9992012977600098,1.0942634344100952
225,60,gaussian,1,42,0.59375,0.453125,0.59375,1.0,2.9416720867156982,0.9399842023849487
226,60,gaussian,1,42,0.328125,0.546875,0.328125,1.0,1.3145256042480469,0.43337276577949524
227,60,gaussian,1,42,0.34375,0.609375,0.34375,1.0,1.4722676277160645,0.47676071524620056
228,60,gaussian,1,42,0.515625,0.609375,0.515625,1.0,1.334256887435913,0.4710029363632202
229,60,gaussian,1,42,0.515625,0.5,0.515625,1.0,2.9562816619873047,1.0764422416687012
230,60,gaussian,1,42,0.453125,0.390625,0.453125,1.0,6.079659461975098,2.1385254859924316
231,60,gaussian,1,42,0.328125,0.5625,0.328125,1.0,0.24663183093070984,0.08155831694602966
232,60,gaussian,1,42,0.71875,0.609375,0.71875,1.0,1.1056382656097412,0.40008917450904846
233,60,gaussian,1,42,0.1875,0.1875,0.2926829268292683,1.0,1.899600863456726,0.606056809425354
234,60,gaussian,1,42,,,,0.0,1.204736590385437,0.41919246315956116
235,60,gaussian,1,42,0.2265625,0.2109375,0.4866666666666667,1.0,2.27797269821167,0.7750107049942017
236,60,gaussian,1,42,0.34375,0.59375,0.34375,1.0,0.6819722652435303,0.22119742631912231
237,60,gaussian,1,42,0.609375,0.640625,0.609375,1.0,0.8819787502288818,0.27559131383895874
238,60,gaussian,1,42,0.328125,0.625,0.328125,1.0,0.9949831962585449,0.3565085232257843
239,60,gaussian,1,42,0.28125,0.5625,0.28125,1.0,4.405881404876709,1.394054889678955
240,60,gaussian,1,42,0.5,0.203125,0.5,1.0,1.5206092596054077,0.5029045939445496
241,60,gaussian,1,42,0.546875,0.59375,0.546875,1.0,7.1876726150512695,2.38603138923645
242,60,gaussian,1,42,0.328125,0.578125,0.328125,1.0,0.9563378095626831,0.3232264220714569
243,60,gaussian,1,42,0.390625,0.609375,0.390625,1.0,6.417472839355469,2.317805767059326
244,60,gaussian,1,42,0.3125,0.578125,0.3125,1.0,1.6510573625564575,0.5510165095329285
245,60,gaussian,1,42,0.265625,0.59375,0.265625,1.0,1.4653624296188354,0.47281065583229065
246,60,gaussian,1,42,0.2265625,0.234375,0.47874493927125505,1.0,2.720700263977051,0.8682747483253479
247,60,gaussian,1,42,0.265625,0.59375,0.265625,1.0,3.253046989440918,1.0903656482696533
248,60,gaussian,1,42,0.28125,0.578125,0.28125,1.0,1.438178539276123,0.4109717607498169
249,60,gaussian,1,42,0.421875,0.625,0.421875,1.0,2.5416653156280518,0.8660001158714294
250,60,gaussian,1,42,0.546875,0.421875,0.546875,1.0,5.3745551109313965,1.846243143081665
251,60,gaussian,1,42,0.421875,0.46875,0.421875,1.0,0.8032392263412476,0.2681974470615387
252,60,gaussian,1,42,0.328125,0.59375,0.328125,1.0,0.6354424953460693,0.2089425027370453
253,60,gaussian,1,42,0.34375,0.5625,0.34375,1.0,3.9649620056152344,1.2741868495941162
254,60,gaussian,1,42,0.3125,0.3125,0.3125,1.0,3.989943027496338,1.1794668436050415
255,60,gaussian,1,42,0.359375,0.484375,0.359375,1.0,1.4599418640136719,0.47241586446762085
256,60,gaussian,1,42,0.296875,0.59375,0.296875,1.0,1.128385066986084,0.3353668451309204
257,60,gaussian,1,42,0.34375,0.578125,0.34375,1.0,0.3739132285118103,0.11962015181779861
258,60,gaussian,1,42,0.34375,0.53125,0.34375,1.0,0.6285359263420105,0.21381822228431702
259,60,gaussian,1,42,0.296875,0.546875,0.296875,1.0,1.4897899627685547,0.4570489525794983
260,60,gaussian,1,42,0.453125,0.46875,0.453125,1.0,1.596840739250183,0.5471730828285217
261,60,gaussian,1,42,0.34375,0.578125,0.34375,1.0,1.0554141998291016,0.32252177596092224
262,60,gaussian,1,42,0.6875,0.46875,0.6875,1.0,2.7069664001464844,0.8516330122947693
263,60,gaussian,1,42,0.2109375,0.2421875,0.44666666666666666,1.0,0.6269224286079407,0.18992917239665985
264,60,gaussian,1,42,0.265625,0.5625,0.265625,1.0,0.9089189767837524,0.3399078845977783
265,60,gaussian,1,42,0.296875,0.296875,0.296875,1.0,0.16471964120864868,0.04736306890845299
266,60,gaussian,1,42,0.515625,0.59375,0.515625,1.0,3.7290382385253906,1.2777098417282104
267,60,gaussian,1,42,0.546875,0.578125,0.546875,1.0,0.25461089611053467,0.08843199163675308
268,60,gaussian,1,42,0.328125,0.609375,0.328125,1.0,1.4720206260681152,0.4925076365470886
269,60,gaussian,1,42,0.265625,0.625,0.265625,1.0,1.5515682697296143,0.4894073009490967
270,60,gaussian,1,42,0.65625,0.375,0.65625,1.0,3.815647602081299,1.1939916610717773
271,60,gaussian,1,42,0.28125,0.234375,0.28125,1.0,1.5409762859344482,0.4493439793586731
272,60,gaussian,1,42,0.234375,0.609375,0.234375,1.0,0.642084002494812,0.22000110149383545
273,60,gaussian,1,42,0.25,0.2421875,0.5,1.0,2.670948028564453,0.9446226358413696
274,60,gaussian,1,42,0.265625,0.59375,0.265625,1.0,3.250847578048706,1.0903656482696533
275,60,gaussian,1,42,0.328125,0.5625,0.328125,1.0,2.502824068069458,0.8295822739601135
276,60,gaussian,1,42,0.328125,0.546875,0.328125,1.0,0.5287901759147644,0.18065448105335236
277,60,gaussian,1,42,0.375,0.59375,0.375,1.0,1.130774736404419,0.36708855628967285
278,60,gaussian,1,42,0.5625,0.5,0.5625,1.0,0.5625554323196411,0.1794770359992981
279,60,gaussian,1,42,0.484375,0.546875,0.484375,1.0,0.29245343804359436,0.09871940314769745
280,60,gaussian,1,42,0.2421875,0.2265625,0.49901477832512314,1.0,0.9445669054985046,0.3147042691707611
281,60,gaussian,1,42,0.3125,0.546875,0.3125,1.0,2.73169207572937,0.9053818583488464
282,60,gaussian,1,42,0.546875,0.625,0.546875,1.0,0.6675833463668823,0.22425968945026398
283,60,gaussian,1,42,0.34375,0.5625,0.34375,1.0,2.989314556121826,1.0046526193618774
284,60,gaussian,1,42,0.34375,0.3125,0.34375,1.0,1.8579435348510742,0.6200043559074402
285,60,gaussian,1,42,0.265625,0.59375,0.265625,1.0,1.4654574394226074,0.4728105962276459
286,60,gaussian,1,42,0.546875,0.625,0.546875,1.0,0.6127243638038635,0.19749173521995544
287,60,gaussian,1,42,0.265625,0.515625,0.265625,1.0,1.0978697538375854,0.3584064245223999
288,60,gaussian,1,42,0.421875,0.59375,0.421875,1.0,0.25908955931663513,0.08283542096614838
289,60,gaussian,1,42,0.390625,0.40625,0.390625,1.0,0.5725972652435303,0.20059597492218018
290,60,gaussian,1,42,0.53125,0.578125,0.53125,1.0,8.431587219238281,2.9245388507843018
291,60,gaussian,1,42,0.671875,0.375,0.671875,1.0,3.822195529937744,1.1939916610717773
292,60,gaussian,1,42,0.28125,0.2890625,0.48299319727891155,1.0,2.0543649196624756,0.6698140501976013
293,60,gaussian,1,42,0.25,0.2265625,0.5416666666666667,1.0,4.119167327880859,1.3195258378982544
294,60,gaussian,1,42,0.390625,0.640625,0.390625,1.0,0.7831605672836304,0.2658153772354126
295,60,gaussian,1,42,0.296875,0.609375,0.296875,1.0,2.0677905082702637,0.6832566857337952
296,60,gaussian,1,42,0.21875,0.578125,0.21875,1.0,1.8550204038619995,0.6433864831924438
297,60,gaussian,1,42,0.34375,0.375,0.34375,1.0,1.6539684534072876,0.5026766061782837
298,60,gaussian,1,42,0.703125,0.515625,0.703125,1.0,2.6427412033081055,0.9125421643257141
299,60,gaussian,1,42,0.46875,0.59375,0.46875,1.0,0.9745433926582336,0.32987305521965027
300,60,gaussian,1,42,0.328125,0.5625,0.328125,1.0,2.0402278900146484,0.6471436023712158
301,60,gaussian,1,42,0.2421875,0.1796875,0.5310077519379844,1.0,2.5972740650177,0.8293046951293945
302,60,gaussian,1,42,0.1875,0.203125,0.3076923076923077,1.0,0.5719016790390015,0.17580732703208923
303,60,gaussian,1,42,0.25,0.59375,0.25,1.0,1.9901944398880005,0.6356554627418518
304,60,gaussian,1,42,0.296875,0.46875,0.296875,1.0,2.850231885910034,0.8512218594551086
305,60,gaussian,1,42,0.25,0.609375,0.25,1.0,1.8628458976745605,0.6194067597389221
306,60,gaussian,1,42,0.515625,0.53125,0.515625,1.0,1.1238222122192383,0.3784044682979584
307,60,gaussian,1,42,0.546875,0.59375,0.546875,1.0,0.20892035961151123,0.06824371218681335
308,60,gaussian,1,42,0.515625,0.609375,0.515625,1.0,0.4429498314857483,0.15965035557746887
309,60,gaussian,1,42,0.328125,0.3125,0.328125,1.0,3.7280683517456055,1.158577799797058
310,60,gaussian,1,42,0.4375,0.625,0.4375,1.0,4.661012649536133,1.6733280420303345
311,60,gaussian,1,42,0.328125,0.421875,0.328125,1.0,1.5154914855957031,0.46217697858810425
312,60,gaussian,1,42,0.25,0.265625,0.6153846153846154,1.0,1.339654803276062,0.4414007365703583
313,60,gaussian,1,42,0.578125,0.640625,0.578125,1.0,5.73966646194458,1.9582089185714722
314,60,gaussian,1,42,0.34375,0.578125,0.34375,1.0,1.478386640548706,0.49368178844451904
315,60,gaussian,1,42,0.359375,0.53125,0.359375,1.0,0.6293879151344299,0.2138182371854782
316,60,gaussian,1,42,0.375,0.5625,0.375,1.0,1.245739221572876,0.4218868613243103
317,60,gaussian,1,42,0.25,0.578125,0.25,1.0,2.427490472793579,0.7474327087402344
318,60,gaussian,1,42,0.609375,0.40625,0.609375,1.0,1.3129589557647705,0.40940406918525696
319,60,gaussian,1,42,0.546875,0.453125,0.546875,1.0,3.2489428520202637,1.196162223815918
320,60,gaussian,1,42,0.265625,0.625,0.265625,1.0,0.9790421724319458,0.3407631516456604
321,60,gaussian,1,42,0.1953125,0.2109375,0.3963831867057674,1.0,4.187922477722168,1.2769149541854858
322,60,gaussian,1,42,0.234375,0.25,0.6521739130434783,1.0,2.1732165813446045,0.6467058658599854
323,60,gaussian,1,42,0.328125,0.59375,0.328125,1.0,0.3743378520011902,0.11962015926837921
324,60,gaussian,1,42,0.3125,0.5625,0.3125,1.0,1.9883009195327759,0.6202473044395447
325,60,gaussian,1,42,0.328125,0.625,0.328125,1.0,0.8454544544219971,0.297735333442688
326,60,gaussian,1,42,0.5625,0.53125,0.5625,1.0,3.488452434539795,1.2590174674987793
327,60,gaussian,1,42,0.484375,0.578125,0.484375,1.0,1.5355219841003418,0.5315380096435547
328,60,gaussian,1,42,0.40625,0.578125,0.40625,1.0,1.5437657833099365,0.497736394405365
329,60,gaussian,1,42,0.34375,0.296875,0.7096774193548387,1.0,2.4969024658203125,0.854820966720581
330,60,gaussian,1,42,0.4375,0.59375,0.4375,1.0,0.7314687967300415,0.23785224556922913
331,60,gaussian,1,42,0.234375,0.625,0.234375,1.0,2.132565498352051,0.7477774024009705
332,60,gaussian,1,42,0.640625,0.625,0.640625,1.0,2.155515670776367,0.7217497229576111
333,60,gaussian,1,42,0.34375,0.625,0.34375,1.0,0.8444325923919678,0.297735333442688
334,60,gaussian,1,42,0.421875,0.46875,0.421875,1.0,0.8030797243118286,0.2681974470615387
335,60,gaussian,1,42,0.625,0.59375,0.625,1.0,0.9507815837860107,0.306283563375473
336,60,gaussian,1,42,0.2578125,0.265625,0.501984126984127,1.0,2.5830929279327393,0.8440955877304077
337,60,gaussian,1,42,0.578125,0.625,0.578125,1.0,2.1921873092651367,0.7032487392425537
338,60,gaussian,1,42,0.234375,0.21875,0.4604604604604604,1.0,0.7473856210708618,0.2155940979719162
339,60,gaussian,1,42,0.515625,0.421875,0.515625,1.0,1.6609364748001099,0.6435307264328003
340,60,gaussian,1,42,0.421875,0.640625,0.421875,1.0,2.541350841522217,0.8660001158714294
341,60,gaussian,1,42,0.53125,0.578125,0.53125,1.0,8.431950569152832,2.9245388507843018
342,60,gaussian,1,42,0.453125,0.40625,0.453125,1.0,2.0787830352783203,0.7440846562385559
343,60,gaussian,1,42,0.421875,0.484375,0.421875,1.0,3.2659859657287598,1.0559587478637695
344,60,gaussian,1,42,0.40625,0.515625,0.40625,1.0,1.6676247119903564,0.5774274468421936
345,60,gaussian,1,42,0.390625,0.40625,0.390625,1.0,0.3479735851287842,0.11180268228054047
346,60,gaussian,1,42,0.46875,0.625,0.46875,1.0,0.7285715341567993,0.24572186172008514
347,60,gaussian,1,42,0.578125,0.53125,0.578125,1.0,3.6477890014648438,1.308430552482605
348,60,gaussian,1,42,0.40625,0.484375,0.40625,1.0,2.137408494949341,0.732180118560791
349,60,gaussian,1,42,0.28125,0.59375,0.28125,1.0,2.217819929122925,0.7509734630584717
350,60,gaussian,1,42,0.609375,0.59375,0.609375,1.0,0.9506816864013672,0.306283563375473
351,60,gaussian,1,42,0.296875,0.59375,0.296875,1.0,0.7880442142486572,0.2479552924633026
352,60,gaussian,1,42,0.40625,0.640625,0.40625,1.0,0.7828580141067505,0.2658153772354126
353,60,gaussian,1,42,0.3125,0.59375,0.3125,1.0,3.489511013031006,1.132073998451233
354,60,gaussian,1,42,0.5625,0.515625,0.5625,1.0,2.776003122329712,0.9722275137901306
355,60,gaussian,1,42,0.234375,0.2265625,0.48177339901477834,1.0,1.0864945650100708,0.3530712425708771
356,60,gaussian,1,42,0.2421875,0.265625,0.493993993993994,1.0,3.1963682174682617,0.9846563339233398
357,60,gaussian,1,42,0.21875,0.2265625,0.4375,1.0,3.6692025661468506,1.0271720886230469
358,60,gaussian,1,42,0.25,0.28125,0.3404255319148936,1.0,3.136967658996582,1.033909559249878
359,60,gaussian,1,42,0.328125,0.5625,0.328125,1.0,0.5287575721740723,0.18065448105335236
360,60,gaussian,1,42,0.296875,0.53125,0.296875,1.0,5.081803321838379,1.6055541038513184
361,60,gaussian,1,42,0.296875,0.59375,0.296875,1.0,0.7895911931991577,0.2479552924633026
362,60,gaussian,1,42,0.5,0.5625,0.5,1.0,1.297036051750183,0.45391592383384705
363,60,gaussian,1,42,0.3125,0.59375,0.3125,1.0,1.4725476503372192,0.4925076365470886
364,60,gaussian,1,42,0.328125,0.5625,0.328125,1.0,1.532638669013977,0.5177129507064819
365,60,gaussian,1,42,0.65625,0.546875,0.65625,1.0,2.917121648788452,1.0306659936904907
366,60,gaussian,1,42,0.53125,0.625,0.53125,1.0,3.644219398498535,1.255588173866272
367,60,gaussian,1,42,0.25,0.59375,0.25,1.0,3.2483839988708496,1.0903656482696533
368,60,gaussian,1,42,0.25,0.609375,0.25,1.0,1.9898910522460938,0.6326796412467957
369,60,gaussian,1,42,0.265625,0.59375,0.265625,1.0,2.0938196182250977,0.7290475368499756
370,60,gaussian,1,42,0.1875,0.15625,0.42857142857142855,1.0,0.7490086555480957,0.2155941128730774
371,60,gaussian,1,42,0.34375,0.625,0.34375,1.0,0.8447874784469604,0.297735333442688
372,60,gaussian,1,42,0.2265625,0.234375,0.47197197197197194,1.0,1.7909471988677979,0.5641760230064392
373,60,gaussian,1,42,0.3125,0.265625,0.7407407407407407,1.0,3.6496760845184326,1.1947077512741089
374,60,gaussian,1,42,0.53125,0.46875,0.53125,1.0,1.0531585216522217,0.3614308536052704
375,60,gaussian,1,42,0.59375,0.515625,0.59375,1.0,3.9792308807373047,1.3409348726272583
376,60,gaussian,1,42,0.265625,0.25,0.5020242914979758,1.0,1.3679158687591553,0.4626970887184143
377,60,gaussian,1,42,0.2109375,0.203125,0.4724284199363733,1.0,1.899630069732666,0.6060568690299988
378,60,gaussian,1,42,0.453125,0.375,0.453125,1.0,0.8945900797843933,0.3588749170303345
379,60,gaussian,1,42,0.34375,0.59375,0.34375,1.0,0.3738923668861389,0.11962015181779861
380,60,gaussian,1,42,0.15625,0.15625,0.2777777777777778,1.0,1.4287364482879639,0.4594738185405731
381,60,gaussian,1,42,0.421875,0.4375,0.421875,1.0,2.138991355895996,0.7319700121879578
382,60,gaussian,1,42,,,,0.0,1.3462331295013428,0.42714598774909973
383,60,gaussian,1,42,0.296875,0.609375,0.296875,1.0,2.0925238132476807,0.7192129492759705
384,60,gaussian,1,42,0.328125,0.59375,0.328125,1.0,3.3710665702819824,1.1246880292892456
385,60,gaussian,1,42,0.75,0.5625,0.75,1.0,6.787228584289551,2.0703814029693604
386,60,gaussian,1,42,0.5,0.5,0.5,1.0,4.750514507293701,1.6814552545547485
387,60,gaussian,1,42,0.453125,0.4375,0.453125,1.0,1.0841708183288574,0.3802252411842346
388,60,gaussian,1,42,0.390625,0.640625,0.390625,1.0,1.3681280612945557,0.45219582319259644
389,60,gaussian,1,42,0.34375,0.578125,0.34375,1.0,2.2359564304351807,0.7328566908836365
390,60,gaussian,1,42,0.265625,0.2578125,0.5158730158730158,1.0,2.58107328414917,0.8440955877304077
391,60,gaussian,1,42,0.2734375,0.2421875,0.579004329004329,1.0,4.859402656555176,1.4879249334335327
392,60,gaussian,1,42,0.125,0.109375,0.23529411764705882,1.0,2.218153476715088,0.6573672890663147
393,60,gaussian,1,42,0.703125,0.515625,0.703125,1.0,2.6430022716522217,0.9125421643257141
394,60,gaussian,1,42,0.2578125,0.21875,0.5410410410410411,1.0,2.659900426864624,0.8698555827140808
395,60,gaussian,1,42,0.28125,0.5625,0.28125,1.0,0.6345758438110352,0.2002226710319519
396,60,gaussian,1,42,0.296875,0.28125,0.296875,1.0,0.29155629873275757,0.08795788139104843
397,60,gaussian,1,42,0.53125,0.609375,0.53125,1.0,1.3341033458709717,0.4710029065608978
398,60,gaussian,1,42,0.46875,0.515625,0.46875,1.0,1.5205764770507812,0.526970624923706
399,60,gaussian,1,42,0.296875,0.265625,0.296875,1.0,1.5444133281707764,0.47155678272247314
400,60,gaussian,1,42,0.296875,0.625,0.296875,1.0,6.094267845153809,2.034385919570923
401,60,gaussian,1,42,0.5,0.5,0.5,1.0,2.2733981609344482,0.775098979473114
402,60,gaussian,1,42,0.34375,0.375,0.34375,1.0,1.1197733879089355,0.3426576554775238
403,60,gaussian,1,42,0.28125,0.578125,0.28125,1.0,2.4309120178222656,0.7798635959625244
404,60,gaussian,1,42,0.703125,0.609375,0.703125,1.0,0.9075740575790405,0.28176483511924744
405,60,gaussian,1,42,0.5,0.625,0.5,1.0,0.21795959770679474,0.07155759632587433
406,60,gaussian,1,42,0.28125,0.625,0.28125,1.0,1.5594100952148438,0.4813578128814697
407,60,gaussian,1,42,0.3125,0.59375,0.3125,1.0,1.650410771369934,0.5510165095329285
408,60,gaussian,1,42,0.3125,0.59375,0.3125,1.0,3.489180564880371,1.132073998451233
409,60,gaussian,1,42,0.40625,0.5625,0.40625,1.0,1.5460000038146973,0.497736394405365
410,60,gaussian,1,42,0.296875,0.59375,0.296875,1.0,3.256549119949341,1.0514593124389648
411,60,gaussian,1,42,0.390625,0.421875,0.390625,1.0,2.062958240509033,0.6580610871315002
412,60,gaussian,1,42,,,,0.0,2.7417044639587402,0.867396891117096
413,60,gaussian,1,42,0.25,0.2421875,0.5175175175175175,1.0,0.5949241518974304,0.18930187821388245
414,60,gaussian,1,42,0.265625,0.578125,0.265625,1.0,3.326295852661133,1.0406773090362549
415,60,gaussian,1,42,0.328125,0.328125,0.328125,1.0,3.789407730102539,1.1805291175842285
416,60,gaussian,1,42,0.59375,0.453125,0.59375,1.0,2.9410951137542725,0.9399842023849487
417,60,gaussian,1,42,0.515625,0.59375,0.515625,1.0,1.0177197456359863,0.3516086935997009
418,60,gaussian,1,42,0.515625,0.609375,0.515625,1.0,1.3339451551437378,0.4710029363632202
419,60,gaussian,1,42,0.359375,0.53125,0.359375,1.0,2.6760447025299072,0.906391978263855
420,60,gaussian,1,42,0.296875,0.5625,0.296875,1.0,2.976437568664551,0.945830225944519
421,60,gaussian,1,42,0.578125,0.5,0.578125,1.0,1.093526840209961,0.3797011077404022
422,60,gaussian,1,42,,,,0.0,1.27283775806427,0.4180077016353607
423,60,gaussian,1,42,0.265625,0.5625,0.265625,1.0,0.5994285345077515,0.19633041322231293
424,60,gaussian,1,42,0.390625,0.421875,0.390625,1.0,3.6666324138641357,1.2229821681976318
425,60,gaussian,1,42,0.25,0.5625,0.25,1.0,1.2581260204315186,0.396025151014328
426,60,gaussian,1,42,0.2578125,0.265625,0.4568106312292359,1.0,2.58235502243042,0.8090972304344177
427,60,gaussian,1,42,0.28125,0.625,0.28125,1.0,2.1143882274627686,0.7174201607704163
428,60,gaussian,1,42,0.484375,0.359375,0.484375,1.0,1.0254544019699097,0.357885479927063
429,60,gaussian,1,42,0.609375,0.640625,0.609375,1.0,0.8819538950920105,0.27559131383895874
430,60,gaussian,1,42,0.53125,0.53125,0.53125,1.0,1.6108498573303223,0.5573310852050781
431,60,gaussian,1,42,0.328125,0.59375,0.328125,1.0,0.466592013835907,0.14917464554309845
432,60,gaussian,1,42,,,,0.0,1.9880032539367676,0.6326796412467957
433,60,gaussian,1,42,0.265625,0.2890625,0.5238095238095238,1.0,0.339913934469223,0.09121035039424896
434,60,gaussian,1,42,0.71875,0.515625,0.71875,1.0,4.068883419036865,1.2652599811553955
435,60,gaussian,1,42,0.546875,0.625,0.546875,1.0,1.4959800243377686,0.5471937656402588
436,60,gaussian,1,42,0.328125,0.59375,0.328125,1.0,5.016384124755859,1.6939834356307983
437,60,gaussian,1,42,0.578125,0.625,0.578125,1.0,0.6419430375099182,0.22473907470703125
438,60,gaussian,1,42,0.3125,0.5,0.3125,1.0,0.5442434549331665,0.17374804615974426
439,60,gaussian,1,42,0.3125,0.421875,0.3125,1.0,1.5179016590118408,0.46217697858810425
440,60,gaussian,1,42,0.25,0.2265625,0.5545454545454546,1.0,3.0840859413146973,0.9555655121803284
441,60,gaussian,1,42,0.359375,0.53125,0.359375,1.0,0.6294469237327576,0.21381822228431702
442,60,gaussian,1,42,0.359375,0.671875,0.359375,1.0,0.5296851396560669,0.1722566783428192
443,60,gaussian,1,42,0.609375,0.578125,0.609375,1.0,3.0773863792419434,1.0646185874938965
444,60,gaussian,1,42,0.1875,0.203125,0.6,1.0,0.3562479019165039,0.10909299552440643
445,60,gaussian,1,42,0.25,0.59375,0.25,1.0,1.7356445789337158,0.5715391039848328
446,60,gaussian,1,42,0.4375,0.453125,0.4375,1.0,2.4321274757385254,0.8317863345146179
447,60,gaussian,1,42,0.6875,0.3125,0.6875,1.0,0.6011348962783813,0.17500925064086914
448,60,gaussian,1,42,0.359375,0.625,0.359375,1.0,0.9048972129821777,0.31607916951179504
449,60,gaussian,1,42,0.296875,0.3125,0.296875,1.0,2.4041249752044678,0.708076000213623
450,60,gaussian,1,42,0.40625,0.5625,0.40625,1.0,6.553694248199463,2.083655595779419
451,60,gaussian,1,42,0.390625,0.421875,0.390625,1.0,1.7034484148025513,0.5638735294342041
452,60,gaussian,1,42,0.296875,0.296875,0.296875,1.0,0.1644933670759201,0.04736306890845299
453,60,gaussian,1,42,0.46875,0.328125,0.46875,1.0,1.054031491279602,0.35867613554000854
454,60,gaussian,1,42,0.390625,0.59375,0.390625,1.0,1.5612934827804565,0.4914318323135376
455,60,gaussian,1,42,0.34375,0.625,0.34375,1.0,0.9958823919296265,0.3565085232257843
456,60,gaussian,1,42,0.53125,0.328125,0.53125,1.0,2.8463406562805176,1.034978985786438
457,60,gaussian,1,42,0.421875,0.390625,0.421875,1.0,2.2881126403808594,0.7572996616363525
458,60,gaussian,1,42,0.65625,0.46875,0.65625,1.0,15.236804962158203,4.890635013580322
459,60,gaussian,1,42,0.640625,0.640625,0.640625,1.0,1.979867935180664,0.6561064720153809
460,60,gaussian,1,42,0.546875,0.59375,0.546875,1.0,1.310532569885254,0.43816426396369934
461,60,gaussian,1,42,0.2890625,0.28125,0.5250312891113893,1.0,1.5417616367340088,0.49075010418891907
462,60,gaussian,1,42,0.65625,0.484375,0.65625,1.0,15.242535591125488,4.8906354904174805
463,60,gaussian,1,42,0.53125,0.484375,0.53125,1.0,1.0102031230926514,0.341830849647522
464,60,gaussian,1,42,0.28125,0.578125,0.28125,1.0,1.064624547958374,0.36085936427116394
465,60,gaussian,1,42,0.71875,0.234375,0.71875,1.0,5.04573917388916,1.5708109140396118
466,60,gaussian,1,42,0.359375,0.5625,0.359375,1.0,1.1072769165039062,0.3619183301925659
467,60,gaussian,1,42,0.78125,0.578125,0.78125,1.0,0.4057730436325073,0.13902129232883453
468,60,gaussian,1,42,0.40625,0.578125,0.40625,1.0,1.5436962842941284,0.4977364242076874
469,60,gaussian,1,42,0.28125,0.28125,0.5143929912390488,1.0,1.5413296222686768,0.49075010418891907
470,60,gaussian,1,42,0.46875,0.609375,0.46875,1.0,0.974770188331604,0.32987305521965027
471,60,gaussian,1,42,0.28125,0.609375,0.28125,1.0,0.9786539077758789,0.3407631516456604
472,60,gaussian,1,42,0.2421875,0.203125,0.49014778325123154,1.0,1.161257028579712,0.32903116941452026
473,60,gaussian,1,42,0.25,0.5625,0.25,1.0,0.4547177851200104,0.15016692876815796
474,60,gaussian,1,42,0.265625,0.5625,0.265625,1.0,0.9091932773590088,0.3399078845977783
475,60,gaussian,1,42,0.40625,0.640625,0.40625,1.0,2.5390238761901855,0.8660001158714294
476,60,gaussian,1,42,0.328125,0.59375,0.328125,1.0,0.46666255593299866,0.14917464554309845
477,60,gaussian,1,42,0.265625,0.59375,0.265625,1.0,3.251408100128174,1.0903656482696533
478,60,gaussian,1,42,0.34375,0.359375,0.34375,1.0,4.509140491485596,1.410272479057312
479,60,gaussian,1,42,0.40625,0.484375,0.40625,1.0,0.2939794659614563,0.08988107740879059
480,60,gaussian,1,42,0.2734375,0.140625,0.5044296788482835,1.0,1.357808232307434,0.4287993907928467
481,60,gaussian,1,42,0.234375,0.625,0.234375,1.0,2.1328258514404297,0.7477774024009705
482,60,gaussian,1,42,0.296875,0.546875,0.296875,1.0,4.341264247894287,1.3665751218795776
483,60,gaussian,1,42,0.671875,0.375,0.671875,1.0,3.822892427444458,1.1939916610717773
484,60,gaussian,1,42,0.5625,0.53125,0.5625,1.0,3.4870638847351074,1.2590175867080688
485,60,gaussian,1,42,0.453125,0.453125,0.453125,1.0,2.1422905921936035,0.751731276512146
486,60,gaussian,1,42,0.46875,0.515625,0.46875,1.0,0.3944627046585083,0.13647978007793427
487,60,gaussian,1,42,0.546875,0.640625,0.546875,1.0,2.2278218269348145,0.7759823203086853
488,60,gaussian,1,42,0.625,0.578125,0.625,1.0,2.540400981903076,0.827955424785614
489,60,gaussian,1,42,0.3125,0.515625,0.3125,1.0,1.672622799873352,0.5193136930465698
490,60,gaussian,1,42,0.5625,0.53125,0.5625,1.0,3.48799204826355,1.2590175867080688
491,60,gaussian,1,42,0.2421875,0.28125,0.44480519480519476,1.0,2.464890956878662,0.7464252710342407
492,60,gaussian,1,42,0.546875,0.640625,0.546875,1.0,0.33975356817245483,0.11560230702161789
493,60,gaussian,1,42,0.3125,0.578125,0.3125,1.0,2.727449893951416,0.9887731075286865
494,60,gaussian,1,42,0.359375,0.53125,0.359375,1.0,2.67472243309021,0.906391978263855
495,60,gaussian,1,42,0.328125,0.5,0.328125,1.0,4.320954322814941,1.3854387998580933
496,60,gaussian,1,42,0.296875,0.609375,0.296875,1.0,2.06913685798645,0.6832566857337952
497,60,gaussian,1,42,0.515625,0.578125,0.515625,1.0,0.8005269765853882,0.26684680581092834
498,60,gaussian,1,42,0.359375,0.375,0.359375,1.0,3.894484758377075,1.2560795545578003
499,60,gaussian,1,42,0.53125,0.640625,0.53125,1.0,0.3398005962371826,0.11560230702161789
500,60,gaussian,1,42,0.53125,0.46875,0.53125,1.0,1.0533230304718018,0.3614308536052704
501,60,gaussian,1,42,0.265625,0.625,0.265625,1.0,0.9789202809333801,0.3407631516456604
502,60,gaussian,1,42,0.578125,0.53125,0.578125,1.0,3.6460046768188477,1.308430552482605
503,60,gaussian,1,42,0.5625,0.640625,0.5625,1.0,1.7769149541854858,0.5812349319458008
504,60,gaussian,1,42,0.375,0.59375,0.375,1.0,1.1307711601257324,0.36708855628967285
505,60,gaussian,1,42,0.25,0.609375,0.25,1.0,1.5351642370224,0.5257356762886047
506,60,gaussian,1,42,0.328125,0.609375,0.328125,1.0,2.215463161468506,0.7228179574012756
507,60,gaussian,1,42,0.59375,0.4375,0.59375,1.0,2.9441142082214355,0.9399842023849487
508,60,gaussian,1,42,0.484375,0.609375,0.484375,1.0,0.47933101654052734,0.1638273298740387
509,60,gaussian,1,42,,,,0.0,2.94146466255188,0.9428353309631348
510,60,gaussian,1,42,0.4375,0.640625,0.4375,1.0,0.43106213212013245,0.13988879323005676
511,60,gaussian,1,42,0.140625,0.09375,0.34615384615384615,1.0,1.3679594993591309,0.4626970887184143
512,60,gaussian,1,42,0.375,0.4375,0.375,1.0,0.9998089671134949,0.33865776658058167
513,60,gaussian,1,42,0.484375,0.375,0.484375,1.0,1.0262196063995361,0.357885479927063
514,60,gaussian,1,42,0.46875,0.46875,0.6666666666666666,1.0,1.2726342678070068,0.41800767183303833
515,60,gaussian,1,42,0.59375,0.625,0.59375,1.0,2.1922459602355957,0.7032486796379089
516,60,gaussian,1,42,0.359375,0.609375,0.359375,1.0,1.5850040912628174,0.5603402853012085
517,60,gaussian,1,42,0.2421875,0.265625,0.46205128205128204,1.0,5.301610946655273,1.5892510414123535
518,60,gaussian,1,42,0.2265625,0.1875,0.4955703211517165,1.0,2.5974955558776855,0.8293046355247498
519,60,gaussian,1,42,0.40625,0.453125,0.40625,1.0,1.7314283847808838,0.5800822973251343
520,60,gaussian,1,42,0.421875,0.46875,0.421875,1.0,1.1241545677185059,0.3646370768547058
521,60,gaussian,1,42,0.234375,0.265625,0.43333333333333335,1.0,3.6680190563201904,1.108033537864685
522,60,gaussian,1,42,0.3125,0.5625,0.3125,1.0,0.5288936495780945,0.18065448105335236
523,60,gaussian,1,42,0.625,0.59375,0.625,1.0,3.0001440048217773,1.0942633152008057
524,60,gaussian,1,42,0.328125,0.609375,0.328125,1.0,2.320713996887207,0.8068695068359375
525,60,gaussian,1,42,0.5625,0.640625,0.5625,1.0,0.6671746969223022,0.22425968945026398
526,60,gaussian,1,42,0.46875,0.3125,0.46875,1.0,1.0544909238815308,0.35867613554000854
527,60,gaussian,1,42,0.25,0.15625,0.4901960784313726,1.0,2.751652717590332,0.9757277369499207
528,60,gaussian,1,42,0.375,0.546875,0.375,1.0,1.2457925081253052,0.4218868613243103
529,60,gaussian,1,42,0.265625,0.578125,0.265625,1.0,2.9635367393493652,0.9879330396652222
530,60,gaussian,1,42,0.296875,0.484375,0.296875,1.0,2.8474440574645996,0.8512217402458191
531,60,gaussian,1,42,0.34375,0.640625,0.34375,1.0,2.2134134769439697,0.7335115671157837
532,60,gaussian,1,42,0.296875,0.625,0.296875,1.0,1.5831466913223267,0.5685566067695618
533,60,gaussian,1,42,0.28125,0.3125,0.28125,1.0,2.4064910411834717,0.708076000213623
534,60,gaussian,1,42,0.296875,0.609375,0.296875,1.0,2.068626880645752,0.6832566857337952
535,60,gaussian,1,42,,,,0.0,2.5391290187835693,0.853732168674469
536,60,gaussian,1,42,0.453125,0.625,0.453125,1.0,0.7287049293518066,0.24572187662124634
537,60,gaussian,1,42,0.671875,0.546875,0.671875,1.0,3.091759204864502,0.994309663772583
538,60,gaussian,1,42,0.296875,0.59375,0.296875,1.0,3.256220579147339,1.0514594316482544
539,60,gaussian,1,42,0.5,0.375,0.5,1.0,4.947320938110352,1.7736482620239258
540,60,gaussian,1,42,0.53125,0.625,0.53125,1.0,1.334141731262207,0.4710029363632202
541,60,gaussian,1,42,0.40625,0.25,0.40625,1.0,1.6549396514892578,0.5755638480186462
542,60,gaussian,1,42,0.28125,0.5625,0.28125,1.0,3.0997772216796875,0.9908080101013184
543,60,gaussian,1,42,0.21875,0.203125,0.4408602150537634,1.0,1.435459852218628,0.39355459809303284
544,60,gaussian,1,42,0.4375,0.609375,0.4375,1.0,0.9209247827529907,0.32737624645233154
545,60,gaussian,1,42,0.484375,0.53125,0.484375,1.0,0.7258245944976807,0.24549369513988495
546,60,gaussian,1,42,0.40625,0.5625,0.40625,1.0,1.6565563678741455,0.587451159954071
547,60,gaussian,1,42,0.546875,0.484375,0.546875,1.0,1.0105611085891724,0.341830849647522
548,60,gaussian,1,42,0.3125,0.609375,0.3125,1.0,3.377206325531006,1.145105004310608
549,60,gaussian,1,42,0.34375,0.390625,0.34375,1.0,0.9993171691894531,0.2997701168060303
550,60,gaussian,1,42,0.5625,0.46875,0.5625,1.0,1.4393548965454102,0.49489009380340576
551,60,gaussian,1,42,0.671875,0.375,0.671875,1.0,3.818695306777954,1.1939916610717773
552,60,gaussian,1,42,0.3125,0.3125,0.3125,1.0,0.4100457727909088,0.12514282763004303
553,60,gaussian,1,42,0.2734375,0.25,0.579004329004329,1.0,4.858051300048828,1.4879250526428223
554,60,gaussian,1,42,0.53125,0.5,0.53125,1.0,2.9558510780334473,1.0764422416687012
555,60,gaussian,1,42,,,,0.0,1.2733609676361084,0.41800767183303833
556,60,gaussian,1,42,0.265625,0.59375,0.265625,1.0,2.0693745613098145,0.6823208332061768
557,60,gaussian,1,42,0.4375,0.640625,0.4375,1.0,2.3270397186279297,0.7336642146110535
558,60,gaussian,1,42,0.6875,0.484375,0.6875,1.0,2.7073471546173096,0.8516329526901245
559,60,gaussian,1,42,0.234375,0.21875,0.48472906403940885,1.0,1.2044821977615356,0.41919246315956116
560,60,gaussian,1,42,0.25,0.578125,0.25,1.0,2.958831787109375,0.9879330396652222
561,60,gaussian,1,42,0.2421875,0.25,0.463963963963964,1.0,1.4339414834976196,0.4469276964664459
562,60,gaussian,1,42,0.265625,0.59375,0.265625,1.0,2.13750958442688,0.7478920817375183
563,60,gaussian,1,42,0.359375,0.40625,0.359375,1.0,1.190004825592041,0.3775847256183624
564,60,gaussian,1,42,0.6875,0.625,0.6875,1.0,0.7151262760162354,0.2540087103843689
565,60,gaussian,1,42,0.53125,0.625,0.53125,1.0,0.7340001463890076,0.24535368382930756
566,60,gaussian,1,42,0.296875,0.609375,0.296875,1.0,2.067065715789795,0.6832566857337952
567,60,gaussian,1,42,0.453125,0.390625,0.453125,1.0,6.082179069519043,2.1385257244110107
568,60,gaussian,1,42,0.421875,0.5,0.421875,1.0,0.908804178237915,0.29741325974464417
569,60,gaussian,1,42,0.375,0.4375,0.375,1.0,2.8062939643859863,0.931291937828064
570,60,gaussian,1,42,0.296875,0.59375,0.296875,1.0,1.9702889919281006,0.5825971961021423
571,60,gaussian,1,42,0.359375,0.59375,0.359375,1.0,1.4728662967681885,0.47676071524620056
572,60,gaussian,1,42,0.390625,0.390625,0.6756756756756757,1.0,1.897922158241272,0.6209119558334351
573,60,gaussian,1,42,0.265625,0.578125,0.265625,1.0,1.0616142749786377,0.3645017445087433
574,60,gaussian,1,42,0.4375,0.46875,0.4375,1.0,2.4322867393493652,0.8317863345146179
575,60,gaussian,1,42,0.65625,0.609375,0.65625,1.0,0.38964173197746277,0.13604682683944702
576,60,gaussian,1,42,0.625,0.640625,0.625,1.0,0.8819949626922607,0.27559131383895874
577,60,gaussian,1,42,0.71875,0.515625,0.71875,1.0,4.068628311157227,1.2652599811553955
578,60,gaussian,1,42,0.375,0.46875,0.375,1.0,0.10762861371040344,0.03692401573061943
579,60,gaussian,1,42,0.484375,0.5,0.484375,1.0,2.273374080657959,0.775098979473114
580,60,gaussian,1,42,0.703125,0.609375,0.703125,1.0,0.9077011346817017,0.28176483511924744
581,60,gaussian,1,42,0.2578125,0.2421875,0.5187134502923976,1.0,2.6685287952423096,0.9446226358413696
582,60,gaussian,1,42,0.46875,0.453125,0.46875,1.0,3.3408570289611816,1.1407110691070557
583,60,gaussian,1,42,0.328125,0.640625,0.328125,1.0,1.3393795490264893,0.4696386158466339
584,60,gaussian,1,42,0.421875,0.4375,0.421875,1.0,1.3964409828186035,0.4820362329483032
585,60,gaussian,1,42,0.25,0.578125,0.25,1.0,0.7861989736557007,0.268269807100296
586,60,gaussian,1,42,0.578125,0.5,0.578125,1.0,0.563061535358429,0.1794770359992981
587,60,gaussian,1,42,0.671875,0.375,0.671875,1.0,3.8199939727783203,1.1939916610717773
588,60,gaussian,1,42,0.421875,0.25,0.421875,1.0,1.6529065370559692,0.5755638480186462
589,60,gaussian,1,42,0.265625,0.578125,0.265625,1.0,2.337111234664917,0.7557627558708191
590,60,gaussian,1,42,0.65625,0.28125,0.65625,1.0,1.8094723224639893,0.5941817164421082
591,60,gaussian,1,42,0.421875,0.5,0.421875,1.0,0.9092492461204529,0.29741325974464417
592,60,gaussian,1,42,0.328125,0.3125,0.328125,1.0,3.7297513484954834,1.158577799797058
593,60,gaussian,1,42,0.28125,0.296875,0.28125,1.0,0.16437716782093048,0.04736306890845299
594,60,gaussian,1,42,0.328125,0.578125,0.328125,1.0,1.8073804378509521,0.6145297884941101
595,60,gaussian,1,42,0.21875,0.578125,0.21875,1.0,1.8541210889816284,0.6433864235877991
596,60,gaussian,1,42,0.34375,0.5625,0.34375,1.0,3.9683468341827393,1.2741868495941162
597,60,gaussian,1,42,0.46875,0.453125,0.46875,1.0,0.47783952951431274,0.16198040544986725
598,60,gaussian,1,42,0.390625,0.453125,0.390625,1.0,0.10749229043722153,0.03692401200532913
599,60,gaussian,1,42,0.265625,0.265625,0.4473684210526316,1.0,0.4321221709251404,0.12356246262788773
600,60,gaussian,1,42,0.265625,0.59375,0.265625,1.0,2.525202751159668,0.825227677822113
601,60,gaussian,1,42,0.09375,0.0625,0.35294117647058826,1.0,1.5400946140289307,0.49075010418891907
602,60,gaussian,1,42,,,,0.0,3.936886787414551,1.3691399097442627
603,60,gaussian,1,42,0.359375,0.546875,0.359375,1.0,1.8473366498947144,0.6259273290634155
604,60,gaussian,1,42,0.34375,0.5625,0.34375,1.0,1.532097339630127,0.5177129507064819
605,60,gaussian,1,42,0.484375,0.375,0.484375,1.0,1.0264832973480225,0.357885479927063
606,60,gaussian,1,42,0.3125,0.3125,0.3125,1.0,3.7301626205444336,1.158577799797058
607,60,gaussian,1,42,0.375,0.40625,0.375,1.0,0.3480876684188843,0.11180267482995987
608,60,gaussian,1,42,0.125,0.09375,0.3333333333333333,1.0,5.304365158081055,1.5892510414123535
609,60,gaussian,1,42,0.265625,0.5625,0.265625,1.0,0.6000977158546448,0.19633041322231293
610,60,gaussian,1,42,0.40625,0.25,0.40625,1.0,1.6523146629333496,0.5755638480186462
611,60,gaussian,1,42,0.375,0.4375,0.375,1.0,2.8083224296569824,0.9312919974327087
612,60,gaussian,1,42,0.28125,0.5625,0.28125,1.0,4.335610389709473,1.3665751218795776
613,60,gaussian,1,42,0.453125,0.578125,0.453125,1.0,2.573709487915039,0.8924452662467957
614,60,gaussian,1,42,0.265625,0.5625,0.265625,1.0,0.9077853560447693,0.3399078845977783
615,60,gaussian,1,42,0.5,0.46875,0.5,1.0,1.4330912828445435,0.48263585567474365
616,60,gaussian,1,42,0.296875,0.546875,0.296875,1.0,1.48933744430542,0.4570489525794983
617,60,gaussian,1,42,0.578125,0.625,0.578125,1.0,5.741050720214844,1.9582089185714722
618,60,gaussian,1,42,0.296875,0.5625,0.296875,1.0,0.6349691152572632,0.2002226859331131
619,60,gaussian,1,42,0.359375,0.34375,0.359375,1.0,2.6088366508483887,0.881791353225708
620,60,gaussian,1,42,0.421875,0.4375,0.421875,1.0,1.0730875730514526,0.3498137891292572
621,60,gaussian,1,42,0.3125,0.59375,0.3125,1.0,2.0951507091522217,0.7192129492759705
622,60,gaussian,1,42,,,,0.0,1.2735897302627563,0.41800767183303833
623,60,gaussian,1,42,0.34375,0.484375,0.34375,1.0,2.282815933227539,0.7110127210617065
624,60,gaussian,1,42,0.234375,0.21875,0.46153846153846156,1.0,1.2377899885177612,0.3825078010559082
625,60,gaussian,1,42,0.65625,0.65625,0.65625,1.0,0.483809232711792,0.14745916426181793
626,60,gaussian,1,42,0.2734375,0.25,0.5041666666666667,1.0,2.5424351692199707,0.853732168674469
627,60,gaussian,1,42,,,,0.0,8.39115047454834,2.6922895908355713
628,60,gaussian,1,42,0.125,0.125,0.23529411764705882,1.0,2.219977378845215,0.6573672294616699
629,60,gaussian,1,42,0.28125,0.59375,0.28125,1.0,1.3454225063323975,0.4306492507457733
630,60,gaussian,1,42,0.40625,0.390625,0.40625,1.0,2.288454532623291,0.7572996616363525
631,60,gaussian,1,42,0.34375,0.328125,0.34375,1.0,1.8590641021728516,0.620004415512085
632,60,gaussian,1,42,,,,0.0,1.5309231281280518,0.5190969705581665
633,60,gaussian,1,42,0.359375,0.546875,0.359375,1.0,1.8462495803833008,0.6259272694587708
634,60,gaussian,1,42,0.53125,0.46875,0.53125,1.0,0.7457652688026428,0.24860000610351562
635,60,gaussian,1,42,0.40625,0.5625,0.40625,1.0,1.5459609031677246,0.497736394405365
636,60,gaussian,1,42,0.515625,0.578125,0.515625,1.0,0.6492263078689575,0.22398334741592407
637,60,gaussian,1,42,0.375,0.640625,0.375,1.0,1.8010525703430176,0.5762497186660767
638,60,gaussian,1,42,0.328125,0.5625,0.328125,1.0,0.6486008763313293,0.21652276813983917
639,60,gaussian,1,42,0.140625,0.09375,0.34615384615384615,1.0,1.3675527572631836,0.4626970887184143
640,60,gaussian,1,42,0.296875,0.640625,0.296875,1.0,0.6058320999145508,0.1897205412387848
641,60,gaussian,1,42,0.28125,0.46875,0.28125,1.0,1.5262731313705444,0.4551909863948822
642,60,gaussian,1,42,0.25,0.609375,0.25,1.0,1.2612265348434448,0.42354273796081543
643,60,gaussian,1,42,0.3125,0.609375,0.3125,1.0,3.4863123893737793,1.132073998451233
644,60,gaussian,1,42,0.3125,0.578125,0.3125,1.0,0.9565471410751343,0.3232263922691345
645,60,gaussian,1,42,,,,0.0,8.384573936462402,2.6922895908355713
646,60,gaussian,1,42,0.5,0.5,0.5,1.0,2.274590015411377,0.775098979473114
647,60,gaussian,1,42,0.34375,0.5625,0.34375,1.0,2.98932147026062,1.0046526193618774
648,60,gaussian,1,42,0.421875,0.59375,0.421875,1.0,0.25933727622032166,0.08283542841672897
649,60,gaussian,1,42,0.25,0.578125,0.25,1.0,1.2987141609191895,0.4172990620136261
650,60,gaussian,1,42,0.34375,0.640625,0.34375,1.0,1.727236032485962,0.6203634142875671
651,60,gaussian,1,42,0.265625,0.59375,0.265625,1.0,1.985795497894287,0.6356554627418518
652,60,gaussian,1,42,0.328125,0.515625,0.328125,1.0,3.2067384719848633,1.0226917266845703
653,60,gaussian,1,42,0.265625,0.578125,0.265625,1.0,3.328718662261963,1.0406773090362549
654,60,gaussian,1,42,0.609375,0.390625,0.609375,1.0,1.3114495277404785,0.40940406918525696
655,60,gaussian,1,42,0.53125,0.609375,0.53125,1.0,1.4979822635650635,0.5471937656402588
656,60,gaussian,1,42,0.640625,0.640625,0.640625,1.0,1.978907823562622,0.6561064720153809
657,60,gaussian,1,42,0.625,0.640625,0.625,1.0,0.8824050426483154,0.27559131383895874
658,60,gaussian,1,42,0.46875,0.546875,0.46875,1.0,0.2926429808139801,0.09871941059827805
659,60,gaussian,1,42,0.546875,0.625,0.546875,1.0,1.9751067161560059,0.7085590362548828
660,60,gaussian,1,42,0.296875,0.5625,0.296875,1.0,1.9232354164123535,0.642183244228363
661,60,gaussian,1,42,0.546875,0.453125,0.546875,1.0,3.2489993572235107,1.196162223815918
662,60,gaussian,1,42,0.359375,0.65625,0.359375,1.0,3.2376248836517334,1.0621241331100464
663,60,gaussian,1,42,0.265625,0.46875,0.265625,1.0,1.5290051698684692,0.4551909863948822
664,60,gaussian,1,42,0.46875,0.484375,0.625,1.0,1.541439414024353,0.49075013399124146
665,60,gaussian,1,42,0.546875,0.59375,0.546875,1.0,0.6837117075920105,0.23604103922843933
666,60,gaussian,1,42,0.53125,0.609375,0.53125,1.0,0.8309037685394287,0.295244038105011
667,60,gaussian,1,42,0.734375,0.640625,0.734375,1.0,0.7648630142211914,0.2584344446659088
668,60,gaussian,1,42,0.328125,0.375,0.328125,1.0,4.513314247131348,1.410272479057312
669,60,gaussian,1,42,0.375,0.4375,0.375,1.0,0.9995314478874207,0.3386577367782593
670,60,gaussian,1,42,,,,0.0,2.275923252105713,0.7750106453895569
671,60,gaussian,1,42,0.546875,0.59375,0.546875,1.0,1.1150293350219727,0.38703545928001404
672,60,gaussian,1,42,0.609375,0.390625,0.609375,1.0,1.3128678798675537,0.40940403938293457
673,60,gaussian,1,42,0.328125,0.265625,0.328125,1.0,2.5396671295166016,0.826026976108551
674,60,gaussian,1,42,0.234375,0.203125,0.36585365853658536,1.0,2.739394187927246,0.867396891117096
675,60,gaussian,1,42,0.375,0.3125,0.375,1.0,3.9401068687438965,1.329843521118164
676,60,gaussian,1,42,0.375,0.4375,0.375,1.0,0.999751091003418,0.33865776658058167
677,60,gaussian,1,42,0.25,0.59375,0.25,1.0,1.9907761812210083,0.635655403137207
678,60,gaussian,1,42,0.65625,0.65625,0.65625,1.0,0.4839553236961365,0.14745916426181793
679,60,gaussian,1,42,0.25,0.578125,0.25,1.0,1.985905647277832,0.6709766387939453
680,60,gaussian,1,42,0.5,0.328125,0.5,1.0,1.0607964992523193,0.3670174181461334
681,60,gaussian,1,42,0.5625,0.625,0.5625,1.0,1.4223345518112183,0.4469342827796936
682,60,gaussian,1,42,0.2421875,0.2421875,0.492914979757085,1.0,0.4343506991863251,0.12356246262788773
683,60,gaussian,1,42,0.265625,0.59375,0.265625,1.0,1.4955928325653076,0.48185041546821594
684,60,gaussian,1,42,0.265625,0.578125,0.265625,1.0,2.2214901447296143,0.7509734630584717
685,60,gaussian,1,42,0.25,0.2421875,0.5,1.0,1.8321962356567383,0.6312980651855469
686,60,gaussian,1,42,0.484375,0.53125,0.484375,1.0,0.3943767249584198,0.13647978007793427
687,60,gaussian,1,42,0.53125,0.609375,0.53125,1.0,1.4981138706207275,0.5471937656402588
688,60,gaussian,1,42,0.328125,0.59375,0.328125,1.0,5.0128302574157715,1.6939834356307983
689,60,gaussian,1,42,0.2421875,0.2265625,0.48137254901960785,1.0,0.5437741279602051,0.1524157077074051
690,60,gaussian,1,42,0.703125,0.53125,0.703125,1.0,1.5304173231124878,0.4535657465457916
691,60,gaussian,1,42,0.28125,0.609375,0.28125,1.0,1.0800964832305908,0.35915425419807434
692,60,gaussian,1,42,0.34375,0.5625,0.34375,1.0,1.2998528480529785,0.424254447221756
693,60,gaussian,1,42,0.328125,0.546875,0.328125,1.0,2.5009024143218994,0.8295822739601135
694,60,gaussian,1,42,0.40625,0.390625,0.40625,1.0,2.288461685180664,0.7572996616363525
695,60,gaussian,1,42,0.5625,0.5,0.5625,1.0,0.5626599192619324,0.1794770359992981
696,60,gaussian,1,42,0.53125,0.5,0.53125,1.0,2.6161117553710938,0.8547807335853577
697,60,gaussian,1,42,0.40625,0.40625,0.40625,1.0,0.572145402431488,0.20059597492218018
698,60,gaussian,1,42,0.34375,0.390625,0.34375,1.0,0.9993845224380493,0.2997701168060303
699,60,gaussian,1,42,0.3125,0.609375,0.3125,1.0,1.473006010055542,0.492507666349411
700,60,gaussian,1,42,0.359375,0.640625,0.359375,1.0,1.7268335819244385,0.6203634142875671
701,60,gaussian,1,42,0.421875,0.5625,0.421875,1.0,1.6565449237823486,0.587451159954071
702,60,gaussian,1,42,0.703125,0.515625,0.703125,1.0,2.6433591842651367,0.9125421643257141
703,60,gaussian,1,42,,,,0.0,1.0629488229751587,0.3557979464530945
704,60,gaussian,1,42,0.328125,0.546875,0.328125,1.0,0.24643942713737488,0.08155831694602966
705,60,gaussian,1,42,0.25,0.234375,0.35555555555555557,1.0,5.779351234436035,1.890779733657837
706,60,gaussian,1,42,0.296875,0.5625,0.296875,1.0,0.7268668413162231,0.24020567536354065
707,60,gaussian,1,42,0.3125,0.296875,0.3125,1.0,2.2464795112609863,0.7233791351318359
708,60,gaussian,1,42,0.390625,0.390625,0.6756756756756757,1.0,1.8978310823440552,0.6209119558334351
709,60,gaussian,1,42,0.734375,0.5625,0.734375,1.0,6.796477317810059,2.0703814029693604
710,60,gaussian,1,42,0.328125,0.421875,0.328125,1.0,1.5155473947525024,0.46217697858810425
711,60,gaussian,1,42,0.453125,0.46875,0.453125,1.0,1.5960643291473389,0.5471730828285217
712,60,gaussian,1,42,0.40625,0.625,0.40625,1.0,0.9966640472412109,0.3395322859287262
713,60,gaussian,1,42,0.328125,0.609375,0.328125,1.0,0.46643906831741333,0.14917464554309845
714,60,gaussian,1,42,0.53125,0.4375,0.53125,1.0,5.373690128326416,1.846243143081665
715,60,gaussian,1,42,0.296875,0.578125,0.296875,1.0,1.0632723569869995,0.36085936427116394
716,60,gaussian,1,42,0.2421875,0.25,0.463963963963964,1.0,4.790556907653809,1.481274962425232
717,60,gaussian,1,42,0.375,0.609375,0.375,1.0,1.5872529745101929,0.5603402853012085
718,60,gaussian,1,42,0.65625,0.65625,0.65625,1.0,0.4836469292640686,0.14745916426181793
719,60,gaussian,1,42,0.25,0.59375,0.25,1.0,1.9908561706542969,0.6326796412467957
720,60,gaussian,1,42,0.59375,0.4375,0.59375,1.0,3.046520233154297,1.053959846496582
721,60,gaussian,1,42,0.5,0.46875,0.5,1.0,1.4320838451385498,0.48263585567474365
722,60,gaussian,1,42,0.578125,0.640625,0.578125,1.0,3.5562071800231934,1.2913000583648682
723,60,gaussian,1,42,0.34375,0.578125,0.34375,1.0,0.5815081000328064,0.198351189494133
724,60,gaussian,1,42,,,,0.0,2.276796817779541,0.7750107049942017
725,60,gaussian,1,42,0.59375,0.4375,0.59375,1.0,2.9439377784729004,0.9399842023849487
726,60,gaussian,1,42,0.21875,0.234375,0.6086956521739131,1.0,1.902968406677246,0.606056809425354
727,60,gaussian,1,42,0.359375,0.296875,0.359375,1.0,0.5249013900756836,0.19282181560993195
728,60,gaussian,1,42,0.34375,0.578125,0.34375,1.0,0.6486104726791382,0.21842092275619507
729,60,gaussian,1,42,0.25,0.2421875,0.5076023391812865,1.0,2.6684179306030273,0.9446226358413696
730,60,gaussian,1,42,0.5,0.546875,0.5,1.0,1.2973634004592896,0.45391595363616943
731,60,gaussian,1,42,0.359375,0.578125,0.359375,1.0,0.46943509578704834,0.1627407819032669
732,60,gaussian,1,42,0.2421875,0.1953125,0.5307529162248144,1.0,2.7385878562927246,0.867396891117096
733,60,gaussian,1,42,0.453125,0.484375,0.6170212765957447,1.0,1.5409820079803467,0.49075013399124146
734,60,gaussian,1,42,0.328125,0.609375,0.328125,1.0,2.6731677055358887,0.931484580039978
735,60,gaussian,1,42,0.265625,0.2265625,0.4959514170040486,1.0,3.325474739074707,1.1142836809158325
736,60,gaussian,1,42,0.2265625,0.2265625,0.47874493927125505,1.0,2.7238426208496094,0.8682747483253479
737,60,gaussian,1,42,0.265625,0.2578125,0.5020242914979758,1.0,1.1395821571350098,0.3806523382663727
738,60,gaussian,1,42,0.515625,0.375,0.515625,1.0,4.949409484863281,1.7736482620239258
739,60,gaussian,1,42,0.265625,0.578125,0.265625,1.0,2.335710048675537,0.7557627558708191
740,60,gaussian,1,42,0.5,0.484375,0.5,1.0,2.0279245376586914,0.7197142839431763
741,60,gaussian,1,42,0.25,0.609375,0.25,1.0,1.8607940673828125,0.6194067001342773
742,60,gaussian,1,42,0.25,0.609375,0.25,1.0,1.8561770915985107,0.6638737320899963
743,60,gaussian,1,42,0.3125,0.28125,0.3125,1.0,0.29150304198265076,0.08795788139104843
744,60,gaussian,1,42,0.4375,0.640625,0.4375,1.0,0.4310359060764313,0.13988879323005676
745,60,gaussian,1,42,0.671875,0.265625,0.671875,1.0,3.5510449409484863,1.1323788166046143
746,60,gaussian,1,42,0.328125,0.375,0.5526315789473685,1.0,1.0789794921875,0.3276802897453308
747,60,gaussian,1,42,0.40625,0.40625,0.40625,1.0,0.6123352646827698,0.1960570067167282
748,60,gaussian,1,42,0.2421875,0.203125,0.49014778325123154,1.0,1.1643840074539185,0.32903119921684265
749,60,gaussian,1,42,0.453125,0.4375,0.453125,1.0,1.0842174291610718,0.380225270986557
750,60,gaussian,1,42,0.484375,0.515625,0.484375,1.0,0.39439117908477783,0.13647978007793427
751,60,gaussian,1,42,0.328125,0.59375,0.328125,1.0,1.2115212678909302,0.42650681734085083
752,60,gaussian,1,42,0.25,0.59375,0.25,1.0,2.110944986343384,0.7304341793060303
753,60,gaussian,1,42,0.421875,0.1875,0.627906976744186,1.0,1.361659288406372,0.4287993907928467
754,60,gaussian,1,42,0.59375,0.515625,0.59375,1.0,3.9794976711273193,1.3409348726272583
755,60,gaussian,1,42,0.46875,0.5,0.46875,1.0,1.0385030508041382,0.35948023200035095
756,60,gaussian,1,42,0.28125,0.5625,0.28125,1.0,4.403301239013672,1.394054889678955
757,60,gaussian,1,42,0.328125,0.546875,0.328125,1.0,0.6611226797103882,0.20631785690784454
758,60,gaussian,1,42,0.25,0.25,0.4774774774774775,1.0,1.4367167949676514,0.4469276964664459
759,60,gaussian,1,42,0.703125,0.59375,0.703125,1.0,0.5249694585800171,0.1936076283454895
760,60,gaussian,1,42,0.53125,0.515625,0.53125,1.0,1.6110215187072754,0.5573310852050781
761,60,gaussian,1,42,0.515625,0.609375,0.515625,1.0,0.7341321706771851,0.24535368382930756
762,60,gaussian,1,42,0.296875,0.625,0.296875,1.0,2.7093405723571777,0.8979184031486511
763,60,gaussian,1,42,,,,0.0,4.1861491203308105,1.2769149541854858
764,60,gaussian,1,42,0.34375,0.515625,0.34375,1.0,4.319814682006836,1.3854387998580933
765,60,gaussian,1,42,0.421875,0.4375,0.421875,1.0,2.038808822631836,0.6808997988700867
766,60,gaussian,1,42,0.5625,0.5,0.5625,1.0,0.562466025352478,0.1794770359992981
767,60,gaussian,1,42,0.296875,0.546875,0.296875,1.0,1.4893717765808105,0.4570489525794983
768,60,gaussian,1,42,0.234375,0.625,0.234375,1.0,0.4088970422744751,0.1402009129524231
769,60,gaussian,1,42,0.4375,0.40625,0.4375,1.0,0.9549735188484192,0.34244099259376526
770,60,gaussian,1,42,0.59375,0.46875,0.59375,1.0,0.1360224038362503,0.042324554175138474
771,60,gaussian,1,42,0.34375,0.3125,0.34375,1.0,0.5254212617874146,0.19282180070877075
772,60,gaussian,1,42,0.265625,0.59375,0.265625,1.0,1.2620084285736084,0.42354270815849304
773,60,gaussian,1,42,0.2734375,0.2578125,0.521255060728745,1.0,2.853667974472046,0.882222056388855
774,60,gaussian,1,42,0.453125,0.40625,0.453125,1.0,2.078911304473877,0.7440846562385559
775,60,gaussian,1,42,0.359375,0.578125,0.359375,1.0,1.1068977117538452,0.3619183301925659
776,60,gaussian,1,42,0.359375,0.578125,0.359375,1.0,0.47008469700813293,0.1627407819032669
777,60,gaussian,1,42,0.28125,0.625,0.28125,1.0,1.2173625230789185,0.4078541696071625
778,60,gaussian,1,42,0.265625,0.265625,0.4473684210526316,1.0,0.43382686376571655,0.12356246262788773
779,60,gaussian,1,42,0.234375,0.265625,0.43333333333333335,1.0,3.6681623458862305,1.108033537864685
780,60,gaussian,1,42,0.375,0.484375,0.375,1.0,2.251427412033081,0.7914089560508728
781,60,gaussian,1,42,0.40625,0.390625,0.40625,1.0,2.2897396087646484,0.7572997212409973
782,60,gaussian,1,42,0.3125,0.546875,0.3125,1.0,2.7824931144714355,0.8686729073524475
783,60,gaussian,1,42,,,,0.0,1.0621540546417236,0.35579797625541687
784,60,gaussian,1,42,0.34375,0.5625,0.34375,1.0,1.299662470817566,0.424254447221756
785,60,gaussian,1,42,0.5,0.328125,0.5,1.0,1.0609158277511597,0.36701738834381104
786,60,gaussian,1,42,0.390625,0.5625,0.390625,1.0,0.6953496932983398,0.22600245475769043
787,60,gaussian,1,42,0.625,0.640625,0.625,1.0,1.977308750152588,0.6561064720153809
788,60,gaussian,1,42,,,,0.0,8.380892753601074,2.6922895908355713
789,60,gaussian,1,42,0.21875,0.59375,0.21875,1.0,3.319345712661743,1.1072630882263184
790,60,gaussian,1,42,0.421875,0.59375,0.421875,1.0,0.2593536078929901,0.08283542841672897
791,60,gaussian,1,42,0.265625,0.5625,0.265625,1.0,1.4399282932281494,0.4109717905521393
792,60,gaussian,1,42,0.46875,0.453125,0.46875,1.0,0.47766220569610596,0.16198040544986725
793,60,gaussian,1,42,0.40625,0.4375,0.40625,1.0,2.0382609367370605,0.6808997988700867
794,60,gaussian,1,42,0.328125,0.546875,0.328125,1.0,0.24651731550693512,0.08155831694602966
795,60,gaussian,1,42,0.28125,0.484375,0.28125,1.0,2.8480119705200195,0.8512218594551086
796,60,gaussian,1,42,0.46875,0.5,0.46875,1.0,1.039109706878662,0.35948023200035095
797,60,gaussian,1,42,0.5,0.515625,0.5,1.0,2.2745542526245117,0.775098979473114
798,60,gaussian,1,42,0.296875,0.5625,0.296875,1.0,0.7271453142166138,0.24020567536354065
799,60,gaussian,1,42,0.5,0.546875,0.5,1.0,0.7256485819816589,0.24549369513988495
800,60,gaussian,1,42,0.265625,0.609375,0.265625,1.0,0.8005739450454712,0.26784375309944153
801,60,gaussian,1,42,0.359375,0.5625,0.359375,1.0,1.2306177616119385,0.4059378206729889
802,60,gaussian,1,42,0.328125,0.515625,0.328125,1.0,3.206860303878784,1.0226917266845703
803,60,gaussian,1,42,0.34375,0.609375,0.34375,1.0,2.3209385871887207,0.8068695068359375
804,60,gaussian,1,42,0.6875,0.625,0.6875,1.0,2.2212512493133545,0.7215526700019836
805,60,gaussian,1,42,0.375,0.453125,0.375,1.0,0.10758800059556961,0.03692401200532913
806,60,gaussian,1,42,0.515625,0.625,0.515625,1.0,1.3342149257659912,0.4710029065608978
807,60,gaussian,1,42,0.359375,0.484375,0.359375,1.0,2.2509984970092773,0.7914089560508728
808,60,gaussian,1,42,0.2265625,0.2109375,0.4866666666666667,1.0,2.278087854385376,0.7750107049942017
809,60,gaussian,1,42,0.265625,0.2578125,0.5020242914979758,1.0,1.138792872428894,0.38065236806869507
810,60,gaussian,1,42,0.25,0.609375,0.25,1.0,1.8557870388031006,0.6638737320899963
811,60,gaussian,1,42,0.21875,0.515625,0.21875,1.0,0.6300145983695984,0.18517935276031494
812,60,gaussian,1,42,0.3125,0.578125,0.3125,1.0,1.4069846868515015,0.4756790101528168
813,60,gaussian,1,42,0.734375,0.640625,0.734375,1.0,0.7649778127670288,0.2584344148635864
814,60,gaussian,1,42,0.453125,0.640625,0.453125,1.0,0.43040937185287476,0.13988879323005676
815,60,gaussian,1,42,0.296875,0.296875,0.296875,1.0,0.16451606154441833,0.04736306890845299
816,60,gaussian,1,42,0.484375,0.53125,0.484375,1.0,0.2924334406852722,0.09871941059827805
817,60,gaussian,1,42,0.4375,0.640625,0.4375,1.0,2.326617956161499,0.7336641550064087
818,60,gaussian,1,42,0.546875,0.5,0.546875,1.0,2.615823745727539,0.8547807335853577
819,60,gaussian,1,42,0.296875,0.5625,0.296875,1.0,0.7271782159805298,0.24020567536354065
820,60,gaussian,1,42,0.5,0.421875,0.5,1.0,0.4078786373138428,0.14545348286628723
821,60,gaussian,1,42,0.390625,0.59375,0.390625,1.0,1.5607900619506836,0.4914318323135376
822,60,gaussian,1,42,0.546875,0.5,0.546875,1.0,2.6158759593963623,0.8547807335853577
823,60,gaussian,1,42,0.453125,0.4375,0.453125,1.0,1.0836377143859863,0.380225270986557
824,60,gaussian,1,42,0.59375,0.453125,0.59375,1.0,2.9442691802978516,0.9399842023849487
825,60,gaussian,1,42,0.484375,0.53125,0.484375,1.0,1.7554337978363037,0.6520154476165771
826,60,gaussian,1,42,0.453125,0.453125,0.453125,1.0,2.14170503616333,0.751731276512146
827,60,gaussian,1,42,0.2890625,0.2734375,0.5394557823129251,1.0,1.618887186050415,0.4285542070865631
828,60,gaussian,1,42,0.59375,0.4375,0.59375,1.0,3.0463552474975586,1.053959846496582
829,60,gaussian,1,42,0.53125,0.5,0.53125,1.0,2.6179511547088623,0.8547807335853577
830,60,gaussian,1,42,0.328125,0.5,0.328125,1.0,2.283149480819702,0.7110127210617065
831,60,gaussian,1,42,0.40625,0.5625,0.40625,1.0,1.6558892726898193,0.587451159954071
832,60,gaussian,1,42,0.359375,0.5625,0.359375,1.0,1.1079837083816528,0.3619183301925659
833,60,gaussian,1,42,0.453125,0.40625,0.453125,1.0,2.07901668548584,0.7440846562385559
834,60,gaussian,1,42,0.265625,0.265625,0.4473684210526316,1.0,0.4339154064655304,0.12356246262788773
835,60,gaussian,1,42,0.5,0.4375,0.5,1.0,0.8386472463607788,0.2958470582962036
836,60,gaussian,1,42,0.734375,0.640625,0.734375,1.0,0.7654030919075012,0.2584344446659088
837,60,gaussian,1,42,0.296875,0.609375,0.296875,1.0,2.1621034145355225,0.7258647680282593
838,60,gaussian,1,42,0.46875,0.484375,0.625,1.0,1.541060447692871,0.49075010418891907
839,60,gaussian,1,42,0.40625,0.25,0.40625,1.0,1.6561229228973389,0.5755638480186462
840,60,gaussian,1,42,0.234375,0.578125,0.234375,1.0,2.427757740020752,0.7474327087402344
841,60,gaussian,1,42,0.28125,0.25,0.5404858299595142,1.0,2.8600358963012695,0.882222056388855
842,60,gaussian,1,42,0.640625,0.46875,0.640625,1.0,6.783351898193359,2.347736358642578
843,60,gaussian,1,42,0.28125,0.609375,0.28125,1.0,0.7987634539604187,0.24908705055713654
844,60,gaussian,1,42,0.28125,0.65625,0.28125,1.0,0.9968394637107849,0.3449229598045349
845,60,gaussian,1,42,0.28125,0.65625,0.28125,1.0,0.9974424839019775,0.3449229300022125
846,60,gaussian,1,42,0.28125,0.59375,0.28125,1.0,2.5239667892456055,0.825227677822113
847,60,gaussian,1,42,0.28125,0.5625,0.28125,1.0,2.8512678146362305,0.9444712400436401
848,60,gaussian,1,42,0.328125,0.609375,0.328125,1.0,0.45892244577407837,0.15517883002758026
849,60,gaussian,1,42,0.453125,0.453125,0.453125,1.0,2.1431667804718018,0.751731276512146
850,60,gaussian,1,42,0.703125,0.21875,0.703125,1.0,5.047305583953857,1.5708109140396118
851,60,gaussian,1,42,0.25,0.578125,0.25,1.0,1.0640473365783691,0.3645017743110657
852,60,gaussian,1,42,0.25,0.59375,0.25,1.0,1.534847378730774,0.5257356762886047
853,60,gaussian,1,42,0.609375,0.640625,0.609375,1.0,4.332517623901367,1.4456032514572144
854,60,gaussian,1,42,0.46875,0.453125,0.46875,1.0,0.47783952951431274,0.16198040544986725
855,60,gaussian,1,42,0.328125,0.375,0.328125,1.0,4.512811183929443,1.4102725982666016
856,60,gaussian,1,42,0.1875,0.1875,0.3,1.0,0.5715526342391968,0.17580732703208923
857,60,gaussian,1,42,0.34375,0.609375,0.34375,1.0,0.9053363800048828,0.31607916951179504
858,60,gaussian,1,42,0.375,0.578125,0.375,1.0,5.178500175476074,1.7771198749542236
859,60,gaussian,1,42,0.328125,0.609375,0.328125,1.0,2.6723837852478027,0.931484580039978
860,60,gaussian,1,42,0.2734375,0.25,0.5795334040296924,1.0,4.8519487380981445,1.4879250526428223
861,60,gaussian,1,42,,,,0.0,2.7417047023773193,0.8673968315124512
862,60,gaussian,1,42,0.234375,0.59375,0.234375,1.0,3.309669256210327,1.1072630882263184
863,60,gaussian,1,42,0.25,0.2265625,0.5,1.0,3.9259557723999023,1.2443921566009521
864,60,gaussian,1,42,0.375,0.546875,0.375,1.0,1.244943380355835,0.4218868613243103
865,60,gaussian,1,42,,,,0.0,4.185871124267578,1.2769149541854858
866,60,gaussian,1,42,0.265625,0.28125,0.5238095238095238,1.0,0.3398222327232361,0.09121035039424896
867,60,gaussian,1,42,0.09375,0.0625,0.2857142857142857,1.0,2.582705497741699,0.8090972304344177
868,60,gaussian,1,42,0.234375,0.625,0.234375,1.0,2.127828359603882,0.7477774024009705
869,60,gaussian,1,42,0.328125,0.5,0.328125,1.0,4.320260047912598,1.3854387998580933
870,60,gaussian,1,42,0.390625,0.546875,0.390625,1.0,0.6949424147605896,0.22600245475769043
871,60,gaussian,1,42,0.453125,0.4375,0.453125,1.0,1.0836747884750366,0.380225270986557
872,60,gaussian,1,42,0.59375,0.640625,0.59375,1.0,2.190465211868286,0.7032487392425537
873,60,gaussian,1,42,0.21875,0.2265625,0.4375,1.0,3.6694092750549316,1.0271720886230469
874,60,gaussian,1,42,0.703125,0.609375,0.703125,1.0,0.9075736403465271,0.28176483511924744
875,60,gaussian,1,42,0.2734375,0.21875,0.5620689655172414,1.0,1.4108226299285889,0.4268548786640167
876,60,gaussian,1,42,0.34375,0.59375,0.34375,1.0,0.7774209380149841,0.2502507269382477
877,60,gaussian,1,42,0.421875,0.59375,0.421875,1.0,0.2592412829399109,0.08283542841672897
878,60,gaussian,1,42,0.484375,0.515625,0.484375,1.0,1.0386230945587158,0.35948023200035095
879,60,gaussian,1,42,0.265625,0.625,0.265625,1.0,1.5526988506317139,0.4894073009490967
880,60,gaussian,1,42,0.359375,0.296875,0.359375,1.0,0.5249930620193481,0.19282181560993195
881,60,gaussian,1,42,0.25,0.25,0.4841269841269842,1.0,1.282050609588623,0.4110652208328247
882,60,gaussian,1,42,0.359375,0.546875,0.359375,1.0,1.8463339805603027,0.6259273290634155
883,60,gaussian,1,42,0.390625,0.40625,0.390625,1.0,2.062979221343994,0.6580610871315002
884,60,gaussian,1,42,0.28125,0.484375,0.28125,1.0,0.2694794237613678,0.08210767060518265
885,60,gaussian,1,42,0.546875,0.59375,0.546875,1.0,0.20881140232086182,0.06824370473623276
886,60,gaussian,1,42,0.34375,0.609375,0.34375,1.0,1.4723132848739624,0.47676071524620056
887,60,gaussian,1,42,0.328125,0.609375,0.328125,1.0,2.3217830657958984,0.8068695068359375
888,60,gaussian,1,42,0.375,0.640625,0.375,1.0,3.2337591648101807,1.0621241331100464
889,60,gaussian,1,42,0.71875,0.234375,0.71875,1.0,5.045005798339844,1.5708109140396118
890,60,gaussian,1,42,0.375,0.640625,0.375,1.0,3.235307216644287,1.0621241331100464
891,60,gaussian,1,42,0.203125,0.21875,0.44166666666666665,1.0,0.5720154047012329,0.17580732703208923
892,60,gaussian,1,42,0.296875,0.625,0.296875,1.0,2.7105650901794434,0.8979183435440063
893,60,gaussian,1,42,,,,0.0,1.5309205055236816,0.5190969705581665
894,60,gaussian,1,42,0.5,0.578125,0.5,1.0,1.0177643299102783,0.3516086935997009
895,60,gaussian,1,42,0.53125,0.578125,0.53125,1.0,0.6839920878410339,0.23604105412960052
896,60,gaussian,1,42,0.59375,0.453125,0.59375,1.0,0.13595399260520935,0.042324554175138474
897,60,gaussian,1,42,0.234375,0.203125,0.5632040050062578,1.0,3.1325650215148926,1.0339096784591675
898,60,gaussian,1,42,0.3125,0.578125,0.3125,1.0,1.129766583442688,0.3353668749332428
899,60,gaussian,1,42,0.390625,0.484375,0.390625,1.0,2.1378355026245117,0.732180118560791
900,60,gaussian,1,42,0.546875,0.421875,0.546875,1.0,5.373719215393066,1.846243143081665
901,60,gaussian,1,42,0.296875,0.609375,0.296875,1.0,2.0691699981689453,0.6832566857337952
902,60,gaussian,1,42,0.265625,0.578125,0.265625,1.0,2.526834487915039,0.8252277374267578
903,60,gaussian,1,42,0.203125,0.21875,0.4115347018572825,1.0,2.2171196937561035,0.6573672294616699
904,60,gaussian,1,42,0.265625,0.140625,0.48062015503875966,1.0,1.3609507083892822,0.4287993907928467
905,60,gaussian,1,42,0.515625,0.609375,0.515625,1.0,2.567323684692383,0.9514796733856201
906,60,gaussian,1,42,0.265625,0.28125,0.3541666666666667,1.0,3.1354146003723145,1.033909559249878
907,60,gaussian,1,42,,,,0.0,2.762453556060791,0.9757277369499207
908,60,gaussian,1,42,0.53125,0.5,0.53125,1.0,2.617938280105591,0.8547807335853577
909,60,gaussian,1,42,0.2734375,0.265625,0.5157004830917875,1.0,0.58763188123703,0.17903101444244385
910,60,gaussian,1,42,0.59375,0.640625,0.59375,1.0,3.554603338241577,1.2913000583648682
911,60,gaussian,1,42,0.28125,0.5625,0.28125,1.0,2.681565761566162,0.8880186080932617
912,60,gaussian,1,42,0.3125,0.609375,0.3125,1.0,3.3781347274780273,1.145105004310608
913,60,gaussian,1,42,0.2578125,0.2734375,0.5010121457489879,1.0,1.0787264108657837,0.3276802897453308
914,60,gaussian,1,42,0.484375,0.59375,0.484375,1.0,0.4790811538696289,0.1638273298740387
915,60,gaussian,1,42,0.25,0.578125,0.25,1.0,2.4266676902770996,0.7474327087402344
916,60,gaussian,1,42,0.28125,0.609375,0.28125,1.0,0.7537446022033691,0.24779579043388367
917,60,gaussian,1,42,0.34375,0.328125,0.34375,1.0,2.607743978500366,0.881791353225708
918,60,gaussian,1,42,0.5,0.46875,0.5,1.0,2.3299639225006104,0.8156629204750061
919,60,gaussian,1,42,0.4375,0.484375,0.4375,1.0,0.9087282419204712,0.29741325974464417
920,60,gaussian,1,42,0.53125,0.53125,0.53125,1.0,1.1246747970581055,0.3784044682979584
921,60,gaussian,1,42,0.25,0.578125,0.25,1.0,1.1148113012313843,0.37282460927963257
922,60,gaussian,1,42,0.46875,0.546875,0.46875,1.0,0.3406527042388916,0.12094993144273758
923,60,gaussian,1,42,0.5,0.421875,0.5,1.0,0.4080069661140442,0.14545348286628723
924,60,gaussian,1,42,0.40625,0.640625,0.40625,1.0,2.5384528636932373,0.8660001158714294
925,60,gaussian,1,42,0.328125,0.59375,0.328125,1.0,3.370995044708252,1.1246880292892456
926,60,gaussian,1,42,0.203125,0.2109375,0.4156862745098039,1.0,2.2218823432922363,0.6573672294616699
927,60,gaussian,1,42,0.671875,0.375,0.671875,1.0,3.8164479732513428,1.1939916610717773
928,60,gaussian,1,42,0.5,0.484375,0.5,1.0,2.0278890132904053,0.7197142839431763
929,60,gaussian,1,42,0.328125,0.59375,0.328125,1.0,0.3741460144519806,0.11962015926837921
930,60,gaussian,1,42,0.265625,0.59375,0.265625,1.0,2.097867488861084,0.7290475368499756
931,60,gaussian,1,42,0.46875,0.546875,0.46875,1.0,0.2926371991634369,0.09871941059827805
932,60,gaussian,1,42,0.1953125,0.1953125,0.4282051282051282,1.0,1.989352822303772,0.6326796412467957
933,60,gaussian,1,42,0.296875,0.5625,0.296875,1.0,1.923255443572998,0.6421833038330078
934,60,gaussian,1,42,0.359375,0.640625,0.359375,1.0,2.212949275970459,0.7335115671157837
935,60,gaussian,1,42,0.421875,0.453125,0.421875,1.0,2.668715000152588,0.9185458421707153
936,60,gaussian,1,42,0.40625,0.609375,0.40625,1.0,0.37482693791389465,0.12421581894159317
937,60,gaussian,1,42,0.609375,0.546875,0.609375,1.0,6.8705058097839355,2.1651930809020996
938,60,gaussian,1,42,0.28125,0.625,0.28125,1.0,1.2175549268722534,0.4078541696071625
939,60,gaussian,1,42,0.484375,0.59375,0.484375,1.0,1.5350089073181152,0.5315380096435547
940,60,gaussian,1,42,0.390625,0.640625,0.390625,1.0,0.7832730412483215,0.2658153772354126
941,60,gaussian,1,42,0.421875,0.59375,0.421875,1.0,0.2594599723815918,0.08283542841672897
942,60,gaussian,1,42,0.28125,0.296875,0.6428571428571429,1.0,0.9438399076461792,0.3147042691707611
943,60,gaussian,1,42,0.328125,0.28125,0.328125,1.0,2.538175582885742,0.826026976108551
944,60,gaussian,1,42,0.328125,0.625,0.328125,1.0,0.8454222679138184,0.297735333442688
945,60,gaussian,1,42,0.578125,0.625,0.578125,1.0,1.777258038520813,0.5812349319458008
946,60,gaussian,1,42,0.171875,0.15625,0.3142857142857143,1.0,1.2039531469345093,0.41919246315956116
947,60,gaussian,1,42,0.265625,0.46875,0.265625,1.0,1.5297303199768066,0.4551909863948822
948,60,gaussian,1,42,0.296875,0.578125,0.296875,1.0,3.257385015487671,1.0514593124389648
949,60,gaussian,1,42,0.25,0.578125,0.25,1.0,2.627068042755127,0.867691695690155
950,60,gaussian,1,42,0.6875,0.484375,0.6875,1.0,2.70550799369812,0.8516329526901245
951,60,gaussian,1,42,0.328125,0.265625,0.328125,1.0,7.733645439147949,2.3642728328704834
952,60,gaussian,1,42,0.4375,0.59375,0.4375,1.0,0.259178102016449,0.08283542841672897
953,60,gaussian,1,42,0.234375,0.578125,0.234375,1.0,2.4257702827453613,0.7474327087402344
954,60,gaussian,1,42,0.59375,0.609375,0.59375,1.0,0.33609500527381897,0.10481635481119156
955,60,gaussian,1,42,0.4375,0.484375,0.4375,1.0,0.6388283371925354,0.23355405032634735
956,60,gaussian,1,42,0.265625,0.625,0.265625,1.0,0.9788639545440674,0.3407631516456604
957,60,gaussian,1,42,0.328125,0.328125,0.328125,1.0,3.788393974304199,1.1805291175842285
958,60,gaussian,1,42,0.25,0.609375,0.25,1.0,1.853742241859436,0.6638737320899963
959,60,gaussian,1,42,0.328125,0.625,0.328125,1.0,0.9954408407211304,0.3565085232257843
960,60,gaussian,1,42,0.2421875,0.21875,0.4807692307692308,1.0,1.2366201877593994,0.3825078010559082
961,60,gaussian,1,42,0.625,0.671875,0.625,1.0,0.35137367248535156,0.10898495465517044
962,60,gaussian,1,42,0.5,0.578125,0.5,1.0,0.4396660327911377,0.15039485692977905
963,60,gaussian,1,42,0.3125,0.4375,0.3125,1.0,1.5178778171539307,0.46217697858810425
964,60,gaussian,1,42,0.640625,0.65625,0.640625,1.0,0.7420881986618042,0.246124267578125
965,60,gaussian,1,42,0.328125,0.546875,0.328125,1.0,1.535144567489624,0.47242024540901184
966,60,gaussian,1,42,0.53125,0.625,0.53125,1.0,0.8311607241630554,0.295244038105011
967,60,gaussian,1,42,0.34375,0.578125,0.34375,1.0,1.4783670902252197,0.49368178844451904
968,60,gaussian,1,42,0.171875,0.15625,0.2894736842105263,1.0,0.8856219053268433,0.29389268159866333
969,60,gaussian,1,42,0.34375,0.609375,0.34375,1.0,0.7832133769989014,0.25871771574020386
970,60,gaussian,1,42,0.3125,0.578125,0.3125,1.0,2.727412700653076,0.9887731075286865
971,60,gaussian,1,42,0.375,0.59375,0.375,1.0,1.1296570301055908,0.36708858609199524
972,60,gaussian,1,42,0.453125,0.578125,0.453125,1.0,2.572286605834961,0.8924452662467957
973,60,gaussian,1,42,0.515625,0.484375,0.515625,1.0,2.9570906162261963,1.0764422416687012
974,60,gaussian,1,42,,,,0.0,1.8362860679626465,0.6367589831352234
975,60,gaussian,1,42,0.46875,0.328125,0.46875,1.0,1.0532569885253906,0.35867613554000854
976,60,gaussian,1,42,0.5625,0.5625,0.5625,1.0,0.8468174338340759,0.2849869132041931
977,60,gaussian,1,42,0.34375,0.328125,0.34375,1.0,1.2774296998977661,0.4114142954349518
978,60,gaussian,1,42,0.390625,0.5625,0.390625,1.0,0.6953518390655518,0.22600243985652924
979,60,gaussian,1,42,0.65625,0.46875,0.65625,1.0,15.219636917114258,4.8906354904174805
980,60,gaussian,1,42,0.375,0.65625,0.375,1.0,0.487719863653183,0.14776141941547394
981,60,gaussian,1,42,0.2265625,0.234375,0.47197197197197194,1.0,1.791548490524292,0.5641760230064392
982,60,gaussian,1,42,0.296875,0.609375,0.296875,1.0,2.0694377422332764,0.6832566857337952
983,60,gaussian,1,42,0.328125,0.625,0.328125,1.0,0.8448219299316406,0.297735333442688
984,60,gaussian,1,42,,,,0.0,0.8874589204788208,0.29389268159866333
985,60,gaussian,1,42,0.296875,0.53125,0.296875,1.0,5.085629463195801,1.6055541038513184
986,60,gaussian,1,42,0.3125,0.546875,0.3125,1.0,1.984678030014038,0.6202473044395447
987,60,gaussian,1,42,0.296875,0.625,0.296875,1.0,3.9308977127075195,1.3691399097442627
988,60,gaussian,1,42,0.28125,0.640625,0.28125,1.0,1.215785264968872,0.4078541696071625
989,60,gaussian,1,42,0.703125,0.59375,0.703125,1.0,0.5243569612503052,0.1936076283454895
990,60,gaussian,1,42,0.28125,0.65625,0.28125,1.0,0.9979005455970764,0.3449229598045349
991,60,gaussian,1,42,0.34375,0.59375,0.34375,1.0,0.7828616499900818,0.25871771574020386
992,60,gaussian,1,42,0.28125,0.2421875,0.6017316017316017,1.0,4.859330177307129,1.4879250526428223
993,60,gaussian,1,42,0.25,0.2578125,0.4727272727272727,1.0,1.5218178033828735,0.46210265159606934
994,60,gaussian,1,42,0.25,0.578125,0.25,1.0,1.1147371530532837,0.37282460927963257
995,60,gaussian,1,42,0.296875,0.59375,0.296875,1.0,1.1651673316955566,0.4067686200141907
996,60,gaussian,1,42,0.359375,0.578125,0.359375,1.0,1.107027292251587,0.3619183301925659
997,60,gaussian,1,42,0.265625,0.2734375,0.49941520467836253,1.0,0.5880427360534668,0.17903101444244385
998,60,gaussian,1,42,0.296875,0.5625,0.296875,1.0,1.9232138395309448,0.642183244228363
999,60,gaussian,1,42,0.546875,0.59375,0.546875,1.0,7.188358306884766,2.3860316276550293
0,80,gaussian,1,42,0.1875,0.453125,0.25,1.0,1.9892501831054688,0.6419141888618469
1,80,gaussian,1,42,0.25,0.453125,0.3333333333333333,1.0,2.3173890113830566,0.8093973994255066
2,80,gaussian,1,42,0.359375,0.40625,0.4791666666666667,1.0,0.7253669500350952,0.24518854916095734
3,80,gaussian,1,42,0.25,0.453125,0.3333333333333333,1.0,2.2152633666992188,0.7269391417503357
4,80,gaussian,1,42,0.234375,0.453125,0.3125,1.0,1.1283618211746216,0.33257701992988586
5,80,gaussian,1,42,0.25,0.28125,0.3333333333333333,1.0,0.99796062707901,0.30309736728668213
6,80,gaussian,1,42,0.234375,0.421875,0.3125,1.0,1.9191608428955078,0.6483736634254456
7,80,gaussian,1,42,0.421875,0.4375,0.5625,1.0,0.20850923657417297,0.06838296353816986
8,80,gaussian,1,42,0.265625,0.421875,0.3541666666666667,1.0,2.9872827529907227,0.993842601776123
9,80,gaussian,1,42,0.34375,0.296875,0.4583333333333333,1.0,6.077760696411133,2.1319825649261475
10,80,gaussian,1,42,0.203125,0.34375,0.2708333333333333,1.0,1.527536392211914,0.4510701894760132
11,80,gaussian,1,42,0.234375,0.453125,0.3125,1.0,2.0948290824890137,0.7233389019966125
12,80,gaussian,1,42,0.40625,0.421875,0.5416666666666666,1.0,0.20859292149543762,0.06788896769285202
13,80,gaussian,1,42,0.140625,0.109375,0.45,1.0,1.2360200881958008,0.3867734968662262
14,80,gaussian,1,42,0.515625,0.234375,0.6875,1.0,0.6009832620620728,0.17745545506477356
15,80,gaussian,1,42,0.203125,0.171875,0.2708333333333333,1.0,1.5387969017028809,0.4486352801322937
16,80,gaussian,1,42,0.234375,0.46875,0.3125,1.0,1.6976032257080078,0.5612475872039795
17,80,gaussian,1,42,0.40625,0.421875,0.5416666666666666,1.0,0.25464117527008057,0.08745963871479034
18,80,gaussian,1,42,0.1875,0.484375,0.25,1.0,0.885273814201355,0.29629024863243103
19,80,gaussian,1,42,0.265625,0.25,0.5,1.0,2.6663975715637207,0.938090980052948
20,80,gaussian,1,42,0.25,0.21875,0.3333333333333333,1.0,2.2420225143432617,0.7298101782798767
21,80,gaussian,1,42,0.25,0.46875,0.3333333333333333,1.0,1.337674856185913,0.47197964787483215
22,80,gaussian,1,42,0.25,0.484375,0.3333333333333333,1.0,1.3397161960601807,0.46603623032569885
23,80,gaussian,1,42,0.140625,0.484375,0.1875,1.0,0.35718661546707153,0.10985013097524643
24,80,gaussian,1,42,0.234375,0.453125,0.3125,1.0,1.0612033605575562,0.3661876320838928
25,80,gaussian,1,42,0.484375,0.5,0.6458333333333334,1.0,2.661135673522949,0.8566519021987915
26,80,gaussian,1,42,0.21875,0.1875,0.5,1.0,3.9240546226501465,1.2248626947402954
27,80,gaussian,1,42,0.53125,0.453125,0.7083333333333334,1.0,0.4016568660736084,0.14478600025177002
28,80,gaussian,1,42,0.46875,0.421875,0.625,1.0,2.538712978363037,0.8191823363304138
29,80,gaussian,1,42,0.40625,0.390625,0.5416666666666666,1.0,3.4844954013824463,1.2547993659973145
30,80,gaussian,1,42,0.171875,0.421875,0.22916666666666666,1.0,0.7853959798812866,0.27015647292137146
31,80,gaussian,1,42,0.1875,0.4375,0.25,1.0,3.2481465339660645,1.0893762111663818
32,80,gaussian,1,42,0.21875,0.4375,0.2916666666666667,1.0,2.672581195831299,0.8847237229347229
33,80,gaussian,1,42,0.578125,0.421875,0.7708333333333334,1.0,0.40649181604385376,0.1388455480337143
34,80,gaussian,1,42,0.34375,0.28125,0.4583333333333333,1.0,0.8950000405311584,0.36095336079597473
35,80,gaussian,1,42,0.3125,0.3125,0.4166666666666667,1.0,1.0736463069915771,0.3497365117073059
36,80,gaussian,1,42,0.203125,0.4375,0.2708333333333333,1.0,2.1040937900543213,0.7215163111686707
37,80,gaussian,1,42,0.28125,0.21875,0.375,1.0,0.5216308236122131,0.1898173689842224
38,80,gaussian,1,42,0.328125,0.265625,0.4375,1.0,0.8934537172317505,0.3592597544193268
39,80,gaussian,1,42,0.3125,0.328125,0.4166666666666667,1.0,2.137989044189453,0.7339562773704529
40,80,gaussian,1,42,0.390625,0.453125,0.5208333333333334,1.0,1.3340955972671509,0.4742989242076874
41,80,gaussian,1,42,0.34375,0.4375,0.4583333333333333,1.0,0.9734281897544861,0.32997292280197144
42,80,gaussian,1,42,0.234375,0.421875,0.3125,1.0,1.9883854389190674,0.6253075003623962
43,80,gaussian,1,42,0.453125,0.484375,0.6041666666666666,1.0,4.112609386444092,1.3311529159545898
44,80,gaussian,1,42,0.453125,0.46875,0.6041666666666666,1.0,0.33611831068992615,0.10416966676712036
45,80,gaussian,1,42,0.4375,0.390625,0.5833333333333334,1.0,3.97585129737854,1.3367879390716553
46,80,gaussian,1,42,0.25,0.421875,0.3333333333333333,1.0,0.9555854201316833,0.32331880927085876
47,80,gaussian,1,42,0.21875,0.4375,0.2916666666666667,1.0,3.260775327682495,1.043891429901123
48,80,gaussian,1,42,0.234375,0.4375,0.3125,1.0,0.787756085395813,0.25028499960899353
49,80,gaussian,1,42,0.25,0.484375,0.3333333333333333,1.0,1.3398739099502563,0.4638318419456482
50,80,gaussian,1,42,0.53125,0.46875,0.7083333333333334,1.0,2.221912384033203,0.7137439250946045
51,80,gaussian,1,42,0.25,0.21875,0.3333333333333333,1.0,2.2424442768096924,0.7283539175987244
52,80,gaussian,1,42,0.34375,0.328125,0.4583333333333333,1.0,2.141019344329834,0.7533940076828003
53,80,gaussian,1,42,0.234375,0.21875,0.3125,1.0,0.29147982597351074,0.08877316117286682
54,80,gaussian,1,42,0.3125,0.46875,0.4166666666666667,1.0,0.7820685505867004,0.2664415240287781
55,80,gaussian,1,42,0.203125,0.5,0.2708333333333333,1.0,1.0848278999328613,0.3558862507343292
56,80,gaussian,1,42,0.234375,0.1875,0.3125,1.0,1.5434446334838867,0.46395373344421387
57,80,gaussian,1,42,0.40625,0.375,0.5416666666666666,1.0,1.2782570123672485,0.4493377208709717
58,80,gaussian,1,42,0.390625,0.4375,0.5208333333333334,1.0,8.421167373657227,2.905635118484497
59,80,gaussian,1,42,0.296875,0.421875,0.3958333333333333,1.0,0.4804176390171051,0.1662830412387848
60,80,gaussian,1,42,0.1875,0.453125,0.25,1.0,1.7357168197631836,0.575423538684845
61,80,gaussian,1,42,0.1875,0.421875,0.25,1.0,1.2578239440917969,0.39572790265083313
62,80,gaussian,1,42,0.265625,0.484375,0.3541666666666667,1.0,3.2317638397216797,1.064933180809021
63,80,gaussian,1,42,0.1875,0.484375,0.25,1.0,0.885308563709259,0.2960510551929474
64,80,gaussian,1,42,0.46875,0.484375,0.625,1.0,1.2046254873275757,0.42177584767341614
65,80,gaussian,1,42,0.25,0.203125,0.3333333333333333,1.0,7.741133689880371,2.3333539962768555
66,80,gaussian,1,42,0.28125,0.4375,0.375,1.0,5.181138038635254,1.771845817565918
67,80,gaussian,1,42,0.40625,0.453125,0.5416666666666666,1.0,0.6118242740631104,0.1992293745279312
68,80,gaussian,1,42,0.1875,0.4375,0.25,1.0,1.2991273403167725,0.41380545496940613
69,80,gaussian,1,42,0.265625,0.390625,0.3541666666666667,1.0,2.677427291870117,0.9059610962867737
70,80,gaussian,1,42,0.296875,0.5,0.3958333333333333,1.0,1.1394128799438477,0.37543120980262756
71,80,gaussian,1,42,0.515625,0.25,0.6875,1.0,0.6006781458854675,0.17713584005832672
72,80,gaussian,1,42,0.3125,0.421875,0.4166666666666667,1.0,0.48008251190185547,0.16862274706363678
73,80,gaussian,1,42,0.421875,0.390625,0.5625,1.0,3.488955020904541,1.2481062412261963
74,80,gaussian,1,42,0.4375,0.46875,0.5833333333333334,1.0,0.6876409649848938,0.22934205830097198
75,80,gaussian,1,42,0.28125,0.28125,0.375,1.0,1.1894397735595703,0.37637239694595337
76,80,gaussian,1,42,0.234375,0.4375,0.3125,1.0,3.4835152626037598,1.1273951530456543
77,80,gaussian,1,42,0.21875,0.390625,0.2916666666666667,1.0,0.5850917100906372,0.1763940453529358
78,80,gaussian,1,42,0.21875,0.421875,0.2916666666666667,1.0,2.9737777709960938,0.94464510679245
79,80,gaussian,1,42,0.203125,0.484375,0.2708333333333333,1.0,1.8706185817718506,0.5650209188461304
80,80,gaussian,1,42,0.203125,0.421875,0.2708333333333333,1.0,0.5997509956359863,0.19741757214069366
81,80,gaussian,1,42,0.203125,0.4375,0.2708333333333333,1.0,2.6766021251678467,0.8887688517570496
82,80,gaussian,1,42,0.40625,0.390625,0.5416666666666666,1.0,1.123063325881958,0.3799685537815094
83,80,gaussian,1,42,0.1875,0.4375,0.25,1.0,2.1354753971099854,0.7396149635314941
84,80,gaussian,1,42,0.359375,0.390625,0.4791666666666667,1.0,0.5301865339279175,0.1901182383298874
85,80,gaussian,1,42,0.421875,0.359375,0.5625,1.0,1.4398449659347534,0.49228784441947937
86,80,gaussian,1,42,0.46875,0.484375,0.625,1.0,0.7407342195510864,0.24668289721012115
87,80,gaussian,1,42,0.421875,0.453125,0.5625,1.0,7.182313919067383,2.405001640319824
88,80,gaussian,1,42,0.25,0.421875,0.3333333333333333,1.0,1.8098348379135132,0.6087581515312195
89,80,gaussian,1,42,0.25,0.4375,0.3333333333333333,1.0,2.5302047729492188,0.7640209794044495
90,80,gaussian,1,42,0.203125,0.46875,0.2708333333333333,1.0,1.6097114086151123,0.5055683255195618
91,80,gaussian,1,42,0.34375,0.453125,0.4583333333333333,1.0,0.7281903624534607,0.24609830975532532
92,80,gaussian,1,42,0.328125,0.453125,0.4375,1.0,0.920770525932312,0.3281714916229248
93,80,gaussian,1,42,0.25,0.421875,0.3333333333333333,1.0,1.4058094024658203,0.4752805531024933
94,80,gaussian,1,42,0.1875,0.453125,0.25,1.0,1.9895350933074951,0.6276093125343323
95,80,gaussian,1,42,0.265625,0.46875,0.3541666666666667,1.0,0.9052084684371948,0.3162136375904083
96,80,gaussian,1,42,0.53125,0.453125,0.7083333333333334,1.0,1.103582501411438,0.39520782232284546
97,80,gaussian,1,42,0.171875,0.46875,0.22916666666666666,1.0,2.12542986869812,0.7384535074234009
98,80,gaussian,1,42,0.234375,0.4375,0.3125,1.0,0.7877892255783081,0.24498575925827026
99,80,gaussian,1,42,0.375,0.3125,0.5,1.0,2.2960448265075684,0.7657073736190796
100,80,gaussian,1,42,0.34375,0.46875,0.4583333333333333,1.0,1.5312755107879639,0.5217682719230652
101,80,gaussian,1,42,0.1875,0.453125,0.25,1.0,2.131051540374756,0.7519429922103882
102,80,gaussian,1,42,0.53125,0.46875,0.7083333333333334,1.0,2.2233383655548096,0.7118834853172302
103,80,gaussian,1,42,0.25,0.296875,0.3333333333333333,1.0,0.998663067817688,0.3032655119895935
104,80,gaussian,1,42,0.34375,0.375,0.4583333333333333,1.0,1.0377882719039917,0.3613378703594208
105,80,gaussian,1,42,0.296875,0.328125,0.3958333333333333,1.0,1.6140077114105225,0.510657548904419
106,80,gaussian,1,42,0.484375,0.34375,0.6458333333333334,1.0,6.779489517211914,2.3604660034179688
107,80,gaussian,1,42,0.3125,0.421875,0.4166666666666667,1.0,3.3230373859405518,1.1034001111984253
108,80,gaussian,1,42,0.34375,0.46875,0.4583333333333333,1.0,4.66432523727417,1.6745308637619019
109,80,gaussian,1,42,0.296875,0.421875,0.3958333333333333,1.0,0.6948608160018921,0.22878119349479675
110,80,gaussian,1,42,0.328125,0.453125,0.4375,1.0,4.661439895629883,1.675063967704773
111,80,gaussian,1,42,0.234375,0.4375,0.3125,1.0,1.15138840675354,0.4009210765361786
112,80,gaussian,1,42,0.21875,0.34375,0.2916666666666667,1.0,2.8416433334350586,0.8430367112159729
113,80,gaussian,1,42,0.25,0.421875,0.3333333333333333,1.0,1.298579216003418,0.4235498905181885
114,80,gaussian,1,42,0.375,0.375,0.5,1.0,3.0263025760650635,1.0705633163452148
115,80,gaussian,1,42,0.203125,0.4375,0.2708333333333333,1.0,1.2608518600463867,0.4271983504295349
116,80,gaussian,1,42,0.375,0.40625,0.5,1.0,1.2975927591323853,0.4566918909549713
117,80,gaussian,1,42,0.375,0.3125,0.5,1.0,0.8387161493301392,0.29304736852645874
118,80,gaussian,1,42,0.34375,0.296875,0.4583333333333333,1.0,2.0789577960968018,0.7476884722709656
119,80,gaussian,1,42,0.21875,0.15625,0.2916666666666667,1.0,0.9786088466644287,0.2836205065250397
120,80,gaussian,1,42,0.25,0.3125,0.3333333333333333,1.0,0.9669312238693237,0.3405522406101227
121,80,gaussian,1,42,0.375,0.375,0.5,1.0,4.750242710113525,1.6716245412826538
122,80,gaussian,1,42,0.1875,0.4375,0.25,1.0,2.1073760986328125,0.7216336131095886
123,80,gaussian,1,42,0.234375,0.4375,0.3125,1.0,2.724785327911377,0.9916492104530334
124,80,gaussian,1,42,0.25,0.28125,0.3333333333333333,1.0,1.117795705795288,0.3428153991699219
125,80,gaussian,1,42,0.28125,0.328125,0.375,1.0,2.9886088371276855,1.0755351781845093
126,80,gaussian,1,42,0.390625,0.4375,0.5208333333333334,1.0,0.44296228885650635,0.16002143919467926
127,80,gaussian,1,42,0.390625,0.453125,0.5208333333333334,1.0,3.13509464263916,1.0258903503417969
128,80,gaussian,1,42,0.328125,0.4375,0.4375,1.0,0.7305887937545776,0.2352612167596817
129,80,gaussian,1,42,0.5,0.265625,0.6666666666666666,1.0,3.8244400024414062,1.189866542816162
130,80,gaussian,1,42,0.28125,0.5,0.375,1.0,0.48777180910110474,0.14640681445598602
131,80,gaussian,1,42,0.1875,0.453125,0.25,1.0,1.545285940170288,0.4932834208011627
132,80,gaussian,1,42,0.1875,0.4375,0.25,1.0,2.6327261924743652,0.8710312843322754
133,80,gaussian,1,42,0.46875,0.46875,0.625,1.0,3.6522648334503174,1.1963646411895752
134,80,gaussian,1,42,0.21875,0.40625,0.2916666666666667,1.0,0.587665319442749,0.17562615871429443
135,80,gaussian,1,42,0.53125,0.375,0.7083333333333334,1.0,2.1035056114196777,0.6949132084846497
136,80,gaussian,1,42,0.34375,0.296875,0.4583333333333333,1.0,2.0765790939331055,0.7498498558998108
137,80,gaussian,1,42,0.34375,0.359375,0.4583333333333333,1.0,1.5963068008422852,0.548128068447113
138,80,gaussian,1,42,0.453125,0.421875,0.6041666666666666,1.0,0.9497026205062866,0.3053663671016693
139,80,gaussian,1,42,0.46875,0.421875,0.625,1.0,2.9988155364990234,1.08513343334198
140,80,gaussian,1,42,0.21875,0.15625,0.2916666666666667,1.0,0.9817882776260376,0.28269705176353455
141,80,gaussian,1,42,0.5625,0.421875,0.75,1.0,6.789951324462891,2.090832233428955
142,80,gaussian,1,42,0.28125,0.328125,0.375,1.0,0.9972678422927856,0.3395438492298126
143,80,gaussian,1,42,0.234375,0.421875,0.3125,1.0,2.72527813911438,0.987253725528717
144,80,gaussian,1,42,0.4375,0.484375,0.5833333333333334,1.0,3.086160182952881,0.9651041626930237
145,80,gaussian,1,42,0.3125,0.34375,0.4166666666666667,1.0,1.122930645942688,0.3621010482311249
146,80,gaussian,1,42,0.203125,0.4375,0.2708333333333333,1.0,3.2502593994140625,1.0880415439605713
147,80,gaussian,1,42,0.296875,0.296875,0.3958333333333333,1.0,2.2865142822265625,0.7553648352622986
148,80,gaussian,1,42,0.3125,0.328125,0.4166666666666667,1.0,1.0737276077270508,0.34674644470214844
149,80,gaussian,1,42,0.296875,0.5,0.3958333333333333,1.0,1.3685182332992554,0.4665071964263916
150,80,gaussian,1,42,0.5,0.453125,0.6666666666666666,1.0,0.3893824815750122,0.13660432398319244
151,80,gaussian,1,42,0.421875,0.46875,0.5625,1.0,0.667754054069519,0.22531501948833466
152,80,gaussian,1,42,0.109375,0.078125,0.4666666666666667,1.0,1.5217206478118896,0.4592036008834839
153,80,gaussian,1,42,0.34375,0.296875,0.4583333333333333,1.0,2.0791893005371094,0.7416715025901794
154,80,gaussian,1,42,0.578125,0.46875,0.7708333333333334,1.0,2.852475643157959,0.8702218532562256
155,80,gaussian,1,42,0.3125,0.5,0.4166666666666667,1.0,0.21578240394592285,0.06852874904870987
156,80,gaussian,1,42,0.3125,0.34375,0.4166666666666667,1.0,1.1235343217849731,0.36225414276123047
157,80,gaussian,1,42,0.34375,0.296875,0.4583333333333333,1.0,6.076613426208496,2.122002601623535
158,80,gaussian,1,42,0.5,0.4375,0.6666666666666666,1.0,2.636843681335449,0.9418008327484131
159,80,gaussian,1,42,0.390625,0.4375,0.5208333333333334,1.0,0.6486135125160217,0.22437222301959991
160,80,gaussian,1,42,0.3125,0.296875,0.4166666666666667,1.0,0.6119085550308228,0.1966422200202942
161,80,gaussian,1,42,0.34375,0.390625,0.4583333333333333,1.0,0.3939269185066223,0.1368798464536667
162,80,gaussian,1,42,0.3125,0.421875,0.4166666666666667,1.0,0.48030656576156616,0.16775400936603546
163,80,gaussian,1,42,0.34375,0.46875,0.4583333333333333,1.0,1.5310933589935303,0.5233578681945801
164,80,gaussian,1,42,0.296875,0.484375,0.3958333333333333,1.0,1.368636131286621,0.4537518620491028
165,80,gaussian,1,42,0.25,0.359375,0.3333333333333333,1.0,2.2834384441375732,0.7073944807052612
166,80,gaussian,1,42,0.234375,0.453125,0.3125,1.0,1.5947345495224,0.5472812652587891
167,80,gaussian,1,42,0.359375,0.40625,0.4791666666666667,1.0,1.7552510499954224,0.6568382382392883
168,80,gaussian,1,42,0.3125,0.453125,0.4166666666666667,1.0,0.25898686051368713,0.08290308713912964
169,80,gaussian,1,42,0.3125,0.5,0.4166666666666667,1.0,2.540900707244873,0.8612753748893738
170,80,gaussian,1,42,0.453125,0.3125,0.6041666666666666,1.0,1.04307222366333,0.3282802402973175
171,80,gaussian,1,42,0.265625,0.265625,0.3541666666666667,1.0,1.1204559803009033,0.33886635303497314
172,80,gaussian,1,42,0.3125,0.34375,0.4166666666666667,1.0,1.7300586700439453,0.5780414342880249
173,80,gaussian,1,42,0.46875,0.34375,0.625,1.0,6.773454666137695,2.3450469970703125
174,80,gaussian,1,42,0.265625,0.328125,0.3541666666666667,1.0,2.1491293907165527,0.6806811094284058
175,80,gaussian,1,42,0.484375,0.5,0.6458333333333334,1.0,0.9454092979431152,0.3100098967552185
176,80,gaussian,1,42,0.203125,0.421875,0.2708333333333333,1.0,0.9082167148590088,0.3405104875564575
177,80,gaussian,1,42,0.25,0.5,0.3333333333333333,1.0,1.8314697742462158,0.6242302656173706
178,80,gaussian,1,42,0.453125,0.328125,0.6041666666666666,1.0,3.042203903198242,1.0560773611068726
179,80,gaussian,1,42,0.203125,0.484375,0.2708333333333333,1.0,0.9978438019752502,0.3469969928264618
180,80,gaussian,1,42,0.40625,0.359375,0.5416666666666666,1.0,1.0530651807785034,0.36039912700653076
181,80,gaussian,1,42,0.390625,0.46875,0.5208333333333334,1.0,0.830564022064209,0.29488784074783325
182,80,gaussian,1,42,0.21875,0.453125,0.2916666666666667,1.0,1.0773611068725586,0.35960209369659424
183,80,gaussian,1,42,0.21875,0.5,0.2916666666666667,1.0,4.4569196701049805,1.3606148958206177
184,80,gaussian,1,42,0.34375,0.28125,0.4583333333333333,1.0,6.073504447937012,2.1454241275787354
185,80,gaussian,1,42,0.390625,0.453125,0.5208333333333334,1.0,1.3348500728607178,0.4719516336917877
186,80,gaussian,1,42,0.25,0.421875,0.3333333333333333,1.0,1.8102173805236816,0.6150732636451721
187,80,gaussian,1,42,0.296875,0.3125,0.3958333333333333,1.0,0.34757959842681885,0.11142076551914215
188,80,gaussian,1,42,0.1875,0.1796875,0.509090909090909,1.0,2.6703009605407715,0.9477236866950989
189,80,gaussian,1,42,0.40625,0.375,0.5416666666666666,1.0,1.0099314451217651,0.33931079506874084
190,80,gaussian,1,42,0.4375,0.46875,0.5833333333333334,1.0,3.0849719047546387,0.9541221857070923
191,80,gaussian,1,42,0.265625,0.28125,0.3541666666666667,1.0,1.1886591911315918,0.3768901824951172
192,80,gaussian,1,42,0.171875,0.375,0.22916666666666666,1.0,0.6297216415405273,0.18352150917053223
193,80,gaussian,1,42,0.203125,0.21875,0.2708333333333333,1.0,3.6778831481933594,1.0420773029327393
194,80,gaussian,1,42,0.203125,0.4375,0.2708333333333333,1.0,0.6340786218643188,0.1982305496931076
195,80,gaussian,1,42,0.265625,0.140625,0.3541666666666667,1.0,5.441114902496338,1.7471388578414917
196,80,gaussian,1,42,0.34375,0.34375,0.4583333333333333,1.0,3.3379573822021484,1.131277322769165
197,80,gaussian,1,42,0.1875,0.46875,0.25,1.0,2.1277828216552734,0.749457061290741
198,80,gaussian,1,42,0.375,0.421875,0.5,1.0,7.852487564086914,2.731013298034668
199,80,gaussian,1,42,0.171875,0.4375,0.22916666666666666,1.0,1.851454257965088,0.6425541639328003
200,80,gaussian,1,42,0.21875,0.46875,0.2916666666666667,1.0,2.705655097961426,0.9059963822364807
201,80,gaussian,1,42,0.21875,0.46875,0.2916666666666667,1.0,6.095552921295166,2.0504069328308105
202,80,gaussian,1,42,0.21875,0.4375,0.2916666666666667,1.0,1.3428053855895996,0.4304155707359314
203,80,gaussian,1,42,0.40625,0.46875,0.5416666666666666,1.0,3.646523952484131,1.242444634437561
204,80,gaussian,1,42,0.265625,0.515625,0.3541666666666667,1.0,2.58052396774292,0.8478808403015137
205,80,gaussian,1,42,0.234375,0.4375,0.3125,1.0,1.12897789478302,0.3323670029640198
206,80,gaussian,1,42,0.296875,0.359375,0.3958333333333333,1.0,0.2935374975204468,0.08891203254461288
207,80,gaussian,1,42,0.3125,0.40625,0.4166666666666667,1.0,6.544713973999023,2.070862054824829
208,80,gaussian,1,42,0.375,0.46875,0.5,1.0,2.052577495574951,0.6626935005187988
209,80,gaussian,1,42,0.3125,0.421875,0.4166666666666667,1.0,3.3250741958618164,1.1152316331863403
210,80,gaussian,1,42,0.390625,0.34375,0.5208333333333334,1.0,1.052432894706726,0.36036762595176697
211,80,gaussian,1,42,0.40625,0.34375,0.5416666666666666,1.0,3.247685670852661,1.1918065547943115
212,80,gaussian,1,42,0.25,0.40625,0.3333333333333333,1.0,1.7362229824066162,0.5777044892311096
213,80,gaussian,1,42,0.1875,0.453125,0.25,1.0,1.5352803468704224,0.5301377773284912
214,80,gaussian,1,42,0.1875,0.453125,0.25,1.0,1.5329012870788574,0.5290435552597046
215,80,gaussian,1,42,0.1875,0.4375,0.25,1.0,1.0636146068572998,0.36714887619018555
216,80,gaussian,1,42,0.53125,0.390625,0.7083333333333334,1.0,4.0667219161987305,1.2546107769012451
217,80,gaussian,1,42,0.265625,0.421875,0.3541666666666667,1.0,1.0546116828918457,0.31948646903038025
218,80,gaussian,1,42,0.15625,0.390625,0.20833333333333334,1.0,0.6235934495925903,0.18596869707107544
219,80,gaussian,1,42,0.1875,0.171875,0.7058823529411765,1.0,4.856557369232178,1.5057079792022705
220,80,gaussian,1,42,0.265625,0.25,0.3541666666666667,1.0,2.610380172729492,0.8800770044326782
221,80,gaussian,1,42,0.40625,0.4375,0.5416666666666666,1.0,0.20876716077327728,0.06847766786813736
222,80,gaussian,1,42,0.3125,0.421875,0.4166666666666667,1.0,1.5442051887512207,0.4949084222316742
223,80,gaussian,1,42,0.328125,0.484375,0.4375,1.0,2.5359134674072266,0.869939386844635
224,80,gaussian,1,42,0.453125,0.4375,0.6041666666666666,1.0,2.995486259460449,1.0919888019561768
225,80,gaussian,1,42,0.453125,0.34375,0.6041666666666666,1.0,2.940681219100952,0.9407512545585632
226,80,gaussian,1,42,0.234375,0.40625,0.3125,1.0,1.3148107528686523,0.43202298879623413
227,80,gaussian,1,42,0.265625,0.453125,0.3541666666666667,1.0,1.4710423946380615,0.4761069118976593
228,80,gaussian,1,42,0.390625,0.46875,0.5208333333333334,1.0,1.3330659866333008,0.4719061851501465
229,80,gaussian,1,42,0.375,0.359375,0.5,1.0,2.954446315765381,1.069690465927124
230,80,gaussian,1,42,0.34375,0.296875,0.4583333333333333,1.0,6.0730695724487305,2.1357293128967285
231,80,gaussian,1,42,0.25,0.421875,0.3333333333333333,1.0,0.24629536271095276,0.08142944425344467
232,80,gaussian,1,42,0.546875,0.453125,0.7291666666666666,1.0,1.103484034538269,0.40135037899017334
233,80,gaussian,1,42,0.15625,0.46875,0.20833333333333334,1.0,1.8974193334579468,0.6096847653388977
234,80,gaussian,1,42,0.46875,0.5,0.625,1.0,1.2035683393478394,0.4221462607383728
235,80,gaussian,1,42,0.453125,0.5,0.6041666666666666,1.0,2.2746453285217285,0.7787986993789673
236,80,gaussian,1,42,0.25,0.4375,0.3333333333333333,1.0,0.6809956431388855,0.2208719551563263
237,80,gaussian,1,42,0.46875,0.484375,0.625,1.0,0.8830205798149109,0.2756190896034241
238,80,gaussian,1,42,0.265625,0.453125,0.3541666666666667,1.0,0.9944911003112793,0.3570582866668701
239,80,gaussian,1,42,0.21875,0.40625,0.2916666666666667,1.0,4.401602745056152,1.3791157007217407
240,80,gaussian,1,42,0.375,0.140625,0.5,1.0,1.513144612312317,0.49619898200035095
241,80,gaussian,1,42,0.40625,0.4375,0.5416666666666666,1.0,7.183657169342041,2.3921942710876465
242,80,gaussian,1,42,0.234375,0.4375,0.3125,1.0,0.9568344354629517,0.32107681035995483
243,80,gaussian,1,42,0.296875,0.453125,0.3958333333333333,1.0,6.417572975158691,2.318392276763916
244,80,gaussian,1,42,0.234375,0.421875,0.3125,1.0,1.6510573625564575,0.5507134199142456
245,80,gaussian,1,42,0.203125,0.4375,0.2708333333333333,1.0,1.4608755111694336,0.47697922587394714
246,80,gaussian,1,42,0.1875,0.5,0.25,1.0,2.720700263977051,0.8748965263366699
247,80,gaussian,1,42,0.203125,0.4375,0.2708333333333333,1.0,3.2509708404541016,1.0932564735412598
248,80,gaussian,1,42,0.203125,0.421875,0.2708333333333333,1.0,1.4403448104858398,0.4077611565589905
249,80,gaussian,1,42,0.3125,0.46875,0.4166666666666667,1.0,2.542259454727173,0.8706386089324951
250,80,gaussian,1,42,0.40625,0.3125,0.5416666666666666,1.0,5.373885154724121,1.8296656608581543
251,80,gaussian,1,42,0.3125,0.328125,0.4166666666666667,1.0,0.8024432063102722,0.2706284821033478
252,80,gaussian,1,42,0.234375,0.4375,0.3125,1.0,0.6359897255897522,0.20887994766235352
253,80,gaussian,1,42,0.25,0.421875,0.3333333333333333,1.0,3.965744972229004,1.2656067609786987
254,80,gaussian,1,42,0.234375,0.21875,0.3125,1.0,3.978647232055664,1.1760802268981934
255,80,gaussian,1,42,0.265625,0.359375,0.3541666666666667,1.0,1.4581928253173828,0.4719335734844208
256,80,gaussian,1,42,0.234375,0.4375,0.3125,1.0,1.1266710758209229,0.34035351872444153
257,80,gaussian,1,42,0.25,0.4375,0.3333333333333333,1.0,0.37313395738601685,0.11824915558099747
258,80,gaussian,1,42,0.28125,0.390625,0.375,1.0,0.628116250038147,0.21532568335533142
259,80,gaussian,1,42,0.21875,0.40625,0.2916666666666667,1.0,1.4905589818954468,0.45629453659057617
260,80,gaussian,1,42,0.34375,0.359375,0.4583333333333333,1.0,1.5969924926757812,0.5500065684318542
261,80,gaussian,1,42,0.25,0.4375,0.3333333333333333,1.0,1.0546042919158936,0.3272447884082794
262,80,gaussian,1,42,0.515625,0.359375,0.6875,1.0,2.700704574584961,0.845816433429718
263,80,gaussian,1,42,0.171875,0.484375,0.22916666666666666,1.0,0.6281430721282959,0.1871144026517868
264,80,gaussian,1,42,0.203125,0.421875,0.2708333333333333,1.0,0.9053514003753662,0.3406105935573578
265,80,gaussian,1,42,0.21875,0.21875,0.2916666666666667,1.0,0.16477404534816742,0.04714600369334221
266,80,gaussian,1,42,0.390625,0.4375,0.5208333333333334,1.0,3.7249255180358887,1.2860246896743774
267,80,gaussian,1,42,0.40625,0.4375,0.5416666666666666,1.0,0.25479912757873535,0.0876280665397644
268,80,gaussian,1,42,0.234375,0.453125,0.3125,1.0,1.473534345626831,0.4862627685070038
269,80,gaussian,1,42,0.203125,0.46875,0.2708333333333333,1.0,1.5526515245437622,0.48789116740226746
270,80,gaussian,1,42,0.515625,0.28125,0.6875,1.0,3.815251350402832,1.1882045269012451
271,80,gaussian,1,42,0.203125,0.1875,0.2708333333333333,1.0,1.5383597612380981,0.44801339507102966
272,80,gaussian,1,42,0.1875,0.453125,0.25,1.0,0.6430044770240784,0.2176954746246338
273,80,gaussian,1,42,0.265625,0.25,0.5151515151515151,1.0,2.6664912700653076,0.9346317648887634
274,80,gaussian,1,42,0.203125,0.4375,0.2708333333333333,1.0,3.249556541442871,1.097710371017456
275,80,gaussian,1,42,0.234375,0.421875,0.3125,1.0,2.4966464042663574,0.8271147012710571
276,80,gaussian,1,42,0.25,0.40625,0.3333333333333333,1.0,0.5284405946731567,0.18061506748199463
277,80,gaussian,1,42,0.28125,0.453125,0.375,1.0,1.1268600225448608,0.3671289086341858
278,80,gaussian,1,42,0.421875,0.375,0.5625,1.0,0.5625554323196411,0.17988811433315277
279,80,gaussian,1,42,0.359375,0.40625,0.4791666666666667,1.0,0.29225316643714905,0.09863787889480591
280,80,gaussian,1,42,0.484375,0.5,0.6458333333333334,1.0,0.9451745748519897,0.31003087759017944
281,80,gaussian,1,42,0.234375,0.40625,0.3125,1.0,2.73128080368042,0.897979736328125
282,80,gaussian,1,42,0.40625,0.46875,0.5416666666666666,1.0,0.6671358346939087,0.2213200032711029
283,80,gaussian,1,42,0.265625,0.421875,0.3541666666666667,1.0,2.9851207733154297,0.9993970990180969
284,80,gaussian,1,42,0.265625,0.234375,0.3541666666666667,1.0,1.8599224090576172,0.6137589812278748
285,80,gaussian,1,42,0.203125,0.4375,0.2708333333333333,1.0,1.4658420085906982,0.47332850098609924
286,80,gaussian,1,42,0.40625,0.453125,0.5416666666666666,1.0,0.6126769781112671,0.19522787630558014
287,80,gaussian,1,42,0.203125,0.375,0.2708333333333333,1.0,1.0972015857696533,0.3572843074798584
288,80,gaussian,1,42,0.3125,0.4375,0.4166666666666667,1.0,0.2591545581817627,0.08241862803697586
289,80,gaussian,1,42,0.296875,0.296875,0.3958333333333333,1.0,0.5720997452735901,0.20090758800506592
290,80,gaussian,1,42,0.40625,0.421875,0.5416666666666666,1.0,8.427696228027344,2.9240260124206543
291,80,gaussian,1,42,0.5,0.28125,0.6666666666666666,1.0,3.8200998306274414,1.1883361339569092
292,80,gaussian,1,42,0.359375,0.46875,0.4791666666666667,1.0,2.053040027618408,0.6766819357872009
293,80,gaussian,1,42,0.453125,0.484375,0.6041666666666666,1.0,4.121514797210693,1.3008116483688354
294,80,gaussian,1,42,0.296875,0.484375,0.3958333333333333,1.0,0.7832427620887756,0.2671477794647217
295,80,gaussian,1,42,0.21875,0.453125,0.2916666666666667,1.0,2.065394401550293,0.6888149380683899
296,80,gaussian,1,42,0.171875,0.4375,0.22916666666666666,1.0,1.8481197357177734,0.6418504118919373
297,80,gaussian,1,42,0.25,0.28125,0.3333333333333333,1.0,1.65138578414917,0.508624255657196
298,80,gaussian,1,42,0.53125,0.375,0.7083333333333334,1.0,2.6419172286987305,0.9177082180976868
299,80,gaussian,1,42,0.34375,0.453125,0.4583333333333333,1.0,0.9742833375930786,0.3305836021900177
300,80,gaussian,1,42,0.234375,0.421875,0.3125,1.0,2.0394511222839355,0.6555437445640564
301,80,gaussian,1,42,0.4375,0.1875,0.5833333333333334,1.0,2.5975863933563232,0.8322272300720215
302,80,gaussian,1,42,0.171875,0.46875,0.22916666666666666,1.0,0.5710626840591431,0.17653681337833405
303,80,gaussian,1,42,0.1875,0.4375,0.25,1.0,1.9841415882110596,0.6361661553382874
304,80,gaussian,1,42,0.21875,0.34375,0.2916666666666667,1.0,2.8528213500976562,0.8624471426010132
305,80,gaussian,1,42,0.1875,0.453125,0.25,1.0,1.8636248111724854,0.6216369271278381
306,80,gaussian,1,42,0.390625,0.40625,0.5208333333333334,1.0,1.1242198944091797,0.3819950222969055
307,80,gaussian,1,42,0.421875,0.4375,0.5625,1.0,0.208481565117836,0.0678882747888565
308,80,gaussian,1,42,0.390625,0.4375,0.5208333333333334,1.0,0.44299769401550293,0.15903609991073608
309,80,gaussian,1,42,0.234375,0.234375,0.3125,1.0,3.7287697792053223,1.1563210487365723
310,80,gaussian,1,42,0.328125,0.453125,0.4375,1.0,4.661012649536133,1.678750991821289
311,80,gaussian,1,42,0.234375,0.3125,0.3125,1.0,1.5143630504608154,0.4583226144313812
312,80,gaussian,1,42,0.1875,0.5,0.25,1.0,1.3404762744903564,0.43476882576942444
313,80,gaussian,1,42,0.421875,0.46875,0.5625,1.0,5.737029075622559,1.9740632772445679
314,80,gaussian,1,42,0.265625,0.421875,0.3541666666666667,1.0,1.4778518676757812,0.49349141120910645
315,80,gaussian,1,42,0.265625,0.390625,0.3541666666666667,1.0,0.6296030879020691,0.21181155741214752
316,80,gaussian,1,42,0.28125,0.40625,0.375,1.0,1.2443002462387085,0.4221283495426178
317,80,gaussian,1,42,0.1875,0.4375,0.25,1.0,2.4218907356262207,0.7544373273849487
318,80,gaussian,1,42,0.453125,0.296875,0.6041666666666666,1.0,1.3123753070831299,0.4074525237083435
319,80,gaussian,1,42,0.40625,0.34375,0.5416666666666666,1.0,3.249422073364258,1.189390778541565
320,80,gaussian,1,42,0.203125,0.453125,0.2708333333333333,1.0,0.979319155216217,0.34273213148117065
321,80,gaussian,1,42,0.21875,0.453125,0.2916666666666667,1.0,4.185042381286621,1.2753427028656006
322,80,gaussian,1,42,0.484375,0.296875,0.6458333333333334,1.0,2.16701602935791,0.6409751772880554
323,80,gaussian,1,42,0.25,0.453125,0.3333333333333333,1.0,0.3743179440498352,0.11922506242990494
324,80,gaussian,1,42,0.234375,0.421875,0.3125,1.0,1.9874267578125,0.628393292427063
325,80,gaussian,1,42,0.25,0.46875,0.3333333333333333,1.0,0.8453236818313599,0.29854804277420044
326,80,gaussian,1,42,0.421875,0.390625,0.5625,1.0,3.4856319427490234,1.2546792030334473
327,80,gaussian,1,42,0.359375,0.4375,0.4791666666666667,1.0,1.5347328186035156,0.534750759601593
328,80,gaussian,1,42,0.296875,0.421875,0.3958333333333333,1.0,1.544010877609253,0.4950278401374817
329,80,gaussian,1,42,0.484375,0.453125,0.6458333333333334,1.0,2.492619037628174,0.8551294207572937
330,80,gaussian,1,42,0.328125,0.4375,0.4375,1.0,0.7314687967300415,0.2394682765007019
331,80,gaussian,1,42,0.171875,0.46875,0.22916666666666666,1.0,2.129366874694824,0.7424679398536682
332,80,gaussian,1,42,0.484375,0.46875,0.6458333333333334,1.0,2.1545979976654053,0.7221927642822266
333,80,gaussian,1,42,0.25,0.46875,0.3333333333333333,1.0,0.8453577756881714,0.3002871870994568
334,80,gaussian,1,42,0.3125,0.34375,0.4166666666666667,1.0,0.8031126856803894,0.26678329706192017
335,80,gaussian,1,42,0.453125,0.4375,0.6041666666666666,1.0,0.9497963190078735,0.30619680881500244
336,80,gaussian,1,42,0.265625,0.5,0.3541666666666667,1.0,2.5775537490844727,0.837453305721283
337,80,gaussian,1,42,0.4375,0.46875,0.5833333333333334,1.0,2.192359447479248,0.7029377818107605
338,80,gaussian,1,42,0.140625,0.109375,0.42857142857142855,1.0,0.7480331063270569,0.21609768271446228
339,80,gaussian,1,42,0.390625,0.3125,0.5208333333333334,1.0,1.6624853610992432,0.6383987069129944
340,80,gaussian,1,42,0.3125,0.484375,0.4166666666666667,1.0,2.5405218601226807,0.8543868660926819
341,80,gaussian,1,42,0.40625,0.421875,0.5416666666666666,1.0,8.428330421447754,2.9413182735443115
342,80,gaussian,1,42,0.34375,0.3125,0.4583333333333333,1.0,2.078641891479492,0.7421560883522034
343,80,gaussian,1,42,0.3125,0.359375,0.4166666666666667,1.0,3.2689404487609863,1.04940664768219
344,80,gaussian,1,42,0.296875,0.375,0.3958333333333333,1.0,1.6658207178115845,0.5826473236083984
345,80,gaussian,1,42,0.28125,0.296875,0.375,1.0,0.3480839431285858,0.11314026266336441
346,80,gaussian,1,42,0.34375,0.453125,0.4583333333333333,1.0,0.7282779216766357,0.24743294715881348
347,80,gaussian,1,42,0.4375,0.40625,0.5833333333333334,1.0,3.645911455154419,1.309151291847229
348,80,gaussian,1,42,0.296875,0.359375,0.3958333333333333,1.0,2.137942314147949,0.7283428311347961
349,80,gaussian,1,42,0.203125,0.4375,0.2708333333333333,1.0,2.2115976810455322,0.7418968677520752
350,80,gaussian,1,42,0.453125,0.421875,0.6041666666666666,1.0,0.9496920108795166,0.3061513900756836
351,80,gaussian,1,42,0.21875,0.4375,0.2916666666666667,1.0,0.7895094156265259,0.24535241723060608
352,80,gaussian,1,42,0.296875,0.484375,0.3958333333333333,1.0,0.7834601402282715,0.2672173082828522
353,80,gaussian,1,42,0.234375,0.453125,0.3125,1.0,3.4844295978546143,1.1341526508331299
354,80,gaussian,1,42,0.421875,0.375,0.5625,1.0,2.776003122329712,0.9806802868843079
355,80,gaussian,1,42,0.21875,0.5,0.2916666666666667,1.0,1.0844998359680176,0.35516825318336487
356,80,gaussian,1,42,0.1875,0.171875,0.42857142857142855,1.0,3.1899423599243164,0.9876570701599121
357,80,gaussian,1,42,0.1875,0.21875,0.25,1.0,3.6608362197875977,1.042466163635254
358,80,gaussian,1,42,0.390625,0.4375,0.5208333333333334,1.0,3.13630747795105,1.0345996618270874
359,80,gaussian,1,42,0.234375,0.421875,0.3125,1.0,0.5288928747177124,0.18176709115505219
360,80,gaussian,1,42,0.21875,0.390625,0.2916666666666667,1.0,5.081674575805664,1.614503264427185
361,80,gaussian,1,42,0.234375,0.4375,0.3125,1.0,0.7877751588821411,0.2449912130832672
362,80,gaussian,1,42,0.375,0.40625,0.5,1.0,1.297036051750183,0.4515228271484375
363,80,gaussian,1,42,0.234375,0.453125,0.3125,1.0,1.4725476503372192,0.4865746796131134
364,80,gaussian,1,42,0.25,0.421875,0.3333333333333333,1.0,1.5290231704711914,0.518475353717804
365,80,gaussian,1,42,0.5,0.40625,0.6666666666666666,1.0,2.916654109954834,1.0231329202651978
366,80,gaussian,1,42,0.40625,0.46875,0.5416666666666666,1.0,3.6453988552093506,1.2638098001480103
367,80,gaussian,1,42,0.1875,0.453125,0.25,1.0,3.2418558597564697,1.0974189043045044
368,80,gaussian,1,42,0.1875,0.453125,0.25,1.0,1.9828969240188599,0.6299198865890503
369,80,gaussian,1,42,0.1875,0.453125,0.25,1.0,2.092893600463867,0.7332479953765869
370,80,gaussian,1,42,,,,0.0,0.7466775178909302,0.21796058118343353
371,80,gaussian,1,42,0.25,0.46875,0.3333333333333333,1.0,0.8451947569847107,0.296140193939209
372,80,gaussian,1,42,0.1875,0.5,0.25,1.0,1.78399658203125,0.5676709413528442
373,80,gaussian,1,42,0.484375,0.46875,0.6458333333333334,1.0,3.645749807357788,1.1912105083465576
374,80,gaussian,1,42,0.40625,0.359375,0.5416666666666666,1.0,1.0525376796722412,0.3606847822666168
375,80,gaussian,1,42,0.453125,0.375,0.6041666666666666,1.0,3.975898265838623,1.3296138048171997
376,80,gaussian,1,42,0.296875,0.5,0.3958333333333333,1.0,1.3682525157928467,0.4663398861885071
377,80,gaussian,1,42,0.171875,0.453125,0.22916666666666666,1.0,1.9044162034988403,0.6090872883796692
378,80,gaussian,1,42,0.328125,0.28125,0.4375,1.0,0.8952728509902954,0.35974499583244324
379,80,gaussian,1,42,0.25,0.4375,0.3333333333333333,1.0,0.37328362464904785,0.12078861147165298
380,80,gaussian,1,42,0.1875,0.484375,0.25,1.0,1.4253509044647217,0.46128347516059875
381,80,gaussian,1,42,0.296875,0.328125,0.3958333333333333,1.0,2.13625168800354,0.7327266335487366
382,80,gaussian,1,42,0.1875,0.46875,0.25,1.0,1.342414379119873,0.43081051111221313
383,80,gaussian,1,42,0.234375,0.4375,0.3125,1.0,2.091146945953369,0.7201446294784546
384,80,gaussian,1,42,0.25,0.4375,0.3333333333333333,1.0,3.3675665855407715,1.12236750125885
385,80,gaussian,1,42,0.5625,0.421875,0.75,1.0,6.790946960449219,2.0617566108703613
386,80,gaussian,1,42,0.390625,0.375,0.5208333333333334,1.0,4.745782852172852,1.6720209121704102
387,80,gaussian,1,42,0.34375,0.328125,0.4583333333333333,1.0,1.0819346904754639,0.3829721510410309
388,80,gaussian,1,42,0.296875,0.484375,0.3958333333333333,1.0,1.3680899143218994,0.4484436511993408
389,80,gaussian,1,42,0.265625,0.421875,0.3541666666666667,1.0,2.237149715423584,0.7415184378623962
390,80,gaussian,1,42,0.265625,0.5,0.3541666666666667,1.0,2.578047752380371,0.8488962054252625
391,80,gaussian,1,42,,,,0.0,4.849043369293213,1.4827618598937988
392,80,gaussian,1,42,0.203125,0.4375,0.2708333333333333,1.0,2.221747398376465,0.6592928171157837
393,80,gaussian,1,42,0.53125,0.390625,0.7083333333333334,1.0,2.6390862464904785,0.9204976558685303
394,80,gaussian,1,42,0.46875,0.484375,0.625,1.0,2.6616897583007812,0.8708745837211609
395,80,gaussian,1,42,0.21875,0.421875,0.2916666666666667,1.0,0.6355928778648376,0.1997351199388504
396,80,gaussian,1,42,0.21875,0.203125,0.2916666666666667,1.0,0.29142117500305176,0.08903010189533234
397,80,gaussian,1,42,0.390625,0.453125,0.5208333333333334,1.0,1.3320982456207275,0.4694685637950897
398,80,gaussian,1,42,0.359375,0.375,0.4791666666666667,1.0,1.5208237171173096,0.529872715473175
399,80,gaussian,1,42,0.21875,0.1875,0.2916666666666667,1.0,1.543794870376587,0.46396592259407043
400,80,gaussian,1,42,0.21875,0.453125,0.2916666666666667,1.0,6.101551055908203,2.0122010707855225
401,80,gaussian,1,42,0.375,0.375,0.5,1.0,2.2733981609344482,0.7806921005249023
402,80,gaussian,1,42,0.265625,0.265625,0.3541666666666667,1.0,1.120675802230835,0.34670376777648926
403,80,gaussian,1,42,0.203125,0.421875,0.2708333333333333,1.0,2.430513620376587,0.7705492973327637
404,80,gaussian,1,42,0.53125,0.453125,0.7083333333333334,1.0,0.9056091904640198,0.27931779623031616
405,80,gaussian,1,42,0.375,0.46875,0.5,1.0,0.21795959770679474,0.07180386781692505
406,80,gaussian,1,42,0.203125,0.46875,0.2708333333333333,1.0,1.5587214231491089,0.47608089447021484
407,80,gaussian,1,42,0.234375,0.4375,0.3125,1.0,1.6520596742630005,0.557007908821106
408,80,gaussian,1,42,0.234375,0.4375,0.3125,1.0,3.482907772064209,1.1181221008300781
409,80,gaussian,1,42,0.296875,0.421875,0.3958333333333333,1.0,1.5444390773773193,0.5031086802482605
410,80,gaussian,1,42,0.21875,0.4375,0.2916666666666667,1.0,3.260140895843506,1.058371663093567
411,80,gaussian,1,42,0.296875,0.3125,0.3958333333333333,1.0,2.0635287761688232,0.6578633785247803
412,80,gaussian,1,42,0.4375,0.1875,0.5833333333333334,1.0,2.739471912384033,0.8663874268531799
413,80,gaussian,1,42,0.5,0.515625,0.6666666666666666,1.0,0.5935826897621155,0.19011208415031433
414,80,gaussian,1,42,0.203125,0.4375,0.2708333333333333,1.0,3.3222477436065674,1.0314507484436035
415,80,gaussian,1,42,0.25,0.234375,0.3333333333333333,1.0,3.791937828063965,1.1800169944763184
416,80,gaussian,1,42,0.4375,0.328125,0.5833333333333334,1.0,2.937333583831787,0.9334401488304138
417,80,gaussian,1,42,0.390625,0.4375,0.5208333333333334,1.0,1.0169929265975952,0.3538224697113037
418,80,gaussian,1,42,0.390625,0.46875,0.5208333333333334,1.0,1.3338329792022705,0.4660068154335022
419,80,gaussian,1,42,0.265625,0.40625,0.3541666666666667,1.0,2.6783008575439453,0.9158675670623779
420,80,gaussian,1,42,0.234375,0.421875,0.3125,1.0,2.971893548965454,0.9533995985984802
421,80,gaussian,1,42,0.421875,0.375,0.5625,1.0,1.0927197933197021,0.38041654229164124
422,80,gaussian,1,42,0.359375,0.46875,0.4791666666666667,1.0,1.2729448080062866,0.41524538397789
423,80,gaussian,1,42,0.1875,0.421875,0.25,1.0,0.600121796131134,0.19521206617355347
424,80,gaussian,1,42,0.296875,0.3125,0.3958333333333333,1.0,3.668562889099121,1.2143744230270386
425,80,gaussian,1,42,0.1875,0.421875,0.25,1.0,1.2551605701446533,0.4000846743583679
426,80,gaussian,1,42,0.3125,0.46875,0.4166666666666667,1.0,2.583291530609131,0.7997468709945679
427,80,gaussian,1,42,0.21875,0.46875,0.2916666666666667,1.0,2.1130614280700684,0.721153974533081
428,80,gaussian,1,42,0.359375,0.265625,0.4791666666666667,1.0,1.024876594543457,0.35885873436927795
429,80,gaussian,1,42,0.46875,0.46875,0.625,1.0,0.8824728727340698,0.27539438009262085
430,80,gaussian,1,42,0.40625,0.390625,0.5416666666666666,1.0,1.6091742515563965,0.5598348379135132
431,80,gaussian,1,42,0.234375,0.4375,0.3125,1.0,0.46607375144958496,0.150934100151062
432,80,gaussian,1,42,0.1875,0.453125,0.25,1.0,1.9901002645492554,0.637767493724823
433,80,gaussian,1,42,0.15625,0.109375,0.47619047619047616,1.0,0.3396347165107727,0.09072042256593704
434,80,gaussian,1,42,0.546875,0.375,0.7291666666666666,1.0,4.071115493774414,1.256791591644287
435,80,gaussian,1,42,0.40625,0.453125,0.5416666666666666,1.0,1.4972407817840576,0.5416249632835388
436,80,gaussian,1,42,0.25,0.453125,0.3333333333333333,1.0,5.01695442199707,1.6732484102249146
437,80,gaussian,1,42,0.421875,0.453125,0.5625,1.0,0.6421253681182861,0.22540123760700226
438,80,gaussian,1,42,0.21875,0.390625,0.2916666666666667,1.0,0.5432827472686768,0.17579221725463867
439,80,gaussian,1,42,0.234375,0.3125,0.3125,1.0,1.5138254165649414,0.46313580870628357
440,80,gaussian,1,42,0.4375,0.46875,0.5833333333333334,1.0,3.086254596710205,0.9571272134780884
441,80,gaussian,1,42,0.265625,0.390625,0.3541666666666667,1.0,0.6287627220153809,0.21396493911743164
442,80,gaussian,1,42,0.265625,0.5,0.3541666666666667,1.0,0.5292661190032959,0.1736125946044922
443,80,gaussian,1,42,0.453125,0.4375,0.6041666666666666,1.0,3.077939987182617,1.0529462099075317
444,80,gaussian,1,42,0.140625,0.484375,0.1875,1.0,0.3562479019165039,0.10751435905694962
445,80,gaussian,1,42,0.1875,0.453125,0.25,1.0,1.7356445789337158,0.575912356376648
446,80,gaussian,1,42,0.3125,0.34375,0.4166666666666667,1.0,2.431852340698242,0.832709014415741
447,80,gaussian,1,42,0.515625,0.234375,0.6875,1.0,0.6011348962783813,0.17706838250160217
448,80,gaussian,1,42,0.25,0.46875,0.3333333333333333,1.0,0.9038786888122559,0.3159962594509125
449,80,gaussian,1,42,0.203125,0.21875,0.2708333333333333,1.0,2.399106502532959,0.7116859555244446
450,80,gaussian,1,42,0.296875,0.421875,0.3958333333333333,1.0,6.550814628601074,2.0970373153686523
451,80,gaussian,1,42,0.296875,0.3125,0.3958333333333333,1.0,1.7031700611114502,0.5700317621231079
452,80,gaussian,1,42,0.21875,0.21875,0.2916666666666667,1.0,0.1647755652666092,0.04790668934583664
453,80,gaussian,1,42,0.359375,0.234375,0.4791666666666667,1.0,1.0534030199050903,0.3589877784252167
454,80,gaussian,1,42,0.296875,0.453125,0.3958333333333333,1.0,1.5605275630950928,0.48850804567337036
455,80,gaussian,1,42,0.265625,0.453125,0.3541666666666667,1.0,0.9942799806594849,0.3517173230648041
456,80,gaussian,1,42,0.390625,0.25,0.5208333333333334,1.0,2.848374366760254,1.037359595298767
457,80,gaussian,1,42,0.296875,0.296875,0.3958333333333333,1.0,2.286468505859375,0.7585052847862244
458,80,gaussian,1,42,0.5,0.34375,0.6666666666666666,1.0,15.226338386535645,4.861225605010986
459,80,gaussian,1,42,0.484375,0.484375,0.6458333333333334,1.0,1.9769401550292969,0.6578369736671448
460,80,gaussian,1,42,0.40625,0.4375,0.5416666666666666,1.0,1.3077528476715088,0.4393385648727417
461,80,gaussian,1,42,0.34375,0.359375,0.4583333333333333,1.0,1.5424261093139648,0.4847986400127411
462,80,gaussian,1,42,0.484375,0.359375,0.6458333333333334,1.0,15.229524612426758,4.875284671783447
463,80,gaussian,1,42,0.40625,0.375,0.5416666666666666,1.0,1.010642170906067,0.3391723334789276
464,80,gaussian,1,42,0.203125,0.4375,0.2708333333333333,1.0,1.064501404762268,0.3615559935569763
465,80,gaussian,1,42,0.546875,0.171875,0.7291666666666666,1.0,5.0263848304748535,1.5741714239120483
466,80,gaussian,1,42,0.28125,0.421875,0.375,1.0,1.1060312986373901,0.36207035183906555
467,80,gaussian,1,42,0.578125,0.421875,0.7708333333333334,1.0,0.4073522686958313,0.1396096646785736
468,80,gaussian,1,42,0.296875,0.4375,0.3958333333333333,1.0,1.545188546180725,0.4945438504219055
469,80,gaussian,1,42,0.34375,0.34375,0.4583333333333333,1.0,1.538144826889038,0.48973244428634644
470,80,gaussian,1,42,0.34375,0.453125,0.4583333333333333,1.0,0.9742145538330078,0.32817181944847107
471,80,gaussian,1,42,0.203125,0.46875,0.2708333333333333,1.0,0.9797813296318054,0.3418245017528534
472,80,gaussian,1,42,,,,0.0,1.162442684173584,0.32865092158317566
473,80,gaussian,1,42,0.1875,0.421875,0.25,1.0,0.45443522930145264,0.1484161764383316
474,80,gaussian,1,42,0.203125,0.421875,0.2708333333333333,1.0,0.907576322555542,0.3393101096153259
475,80,gaussian,1,42,0.3125,0.484375,0.4166666666666667,1.0,2.5399839878082275,0.8617258071899414
476,80,gaussian,1,42,0.25,0.453125,0.3333333333333333,1.0,0.46672213077545166,0.1489943414926529
477,80,gaussian,1,42,0.1875,0.4375,0.25,1.0,3.2459230422973633,1.095128059387207
478,80,gaussian,1,42,0.25,0.28125,0.3333333333333333,1.0,4.5035929679870605,1.4072234630584717
479,80,gaussian,1,42,0.3125,0.34375,0.4166666666666667,1.0,0.29374343156814575,0.08990635722875595
480,80,gaussian,1,42,0.3125,0.140625,0.4166666666666667,1.0,1.3608919382095337,0.43070632219314575
481,80,gaussian,1,42,0.171875,0.453125,0.22916666666666666,1.0,2.1313633918762207,0.7436624765396118
482,80,gaussian,1,42,0.21875,0.421875,0.2916666666666667,1.0,4.341144561767578,1.3677703142166138
483,80,gaussian,1,42,0.5,0.265625,0.6666666666666666,1.0,3.824481248855591,1.2066534757614136
484,80,gaussian,1,42,0.40625,0.390625,0.5416666666666666,1.0,3.485008716583252,1.261222004890442
485,80,gaussian,1,42,0.328125,0.34375,0.4375,1.0,2.14085054397583,0.7546477913856506
486,80,gaussian,1,42,0.359375,0.390625,0.4791666666666667,1.0,0.3941536247730255,0.1361924409866333
487,80,gaussian,1,42,0.40625,0.46875,0.5416666666666666,1.0,2.227518320083618,0.7667678594589233
488,80,gaussian,1,42,0.46875,0.421875,0.625,1.0,2.540400981903076,0.8319437503814697
489,80,gaussian,1,42,0.234375,0.390625,0.3125,1.0,1.670263409614563,0.516557514667511
490,80,gaussian,1,42,0.40625,0.390625,0.5416666666666666,1.0,3.485253095626831,1.253610610961914
491,80,gaussian,1,42,0.28125,0.484375,0.375,1.0,2.464890956878662,0.7439067959785461
492,80,gaussian,1,42,0.40625,0.46875,0.5416666666666666,1.0,0.33964666724205017,0.11595223098993301
493,80,gaussian,1,42,0.234375,0.421875,0.3125,1.0,2.7188830375671387,0.9870010018348694
494,80,gaussian,1,42,0.265625,0.40625,0.3541666666666667,1.0,2.678483486175537,0.913461446762085
495,80,gaussian,1,42,0.25,0.375,0.3333333333333333,1.0,4.320693016052246,1.3764004707336426
496,80,gaussian,1,42,0.21875,0.453125,0.2916666666666667,1.0,2.065920114517212,0.6841913461685181
497,80,gaussian,1,42,0.390625,0.4375,0.5208333333333334,1.0,0.8001112937927246,0.26551923155784607
498,80,gaussian,1,42,0.265625,0.28125,0.3541666666666667,1.0,3.895331621170044,1.2528876066207886
499,80,gaussian,1,42,0.40625,0.46875,0.5416666666666666,1.0,0.33993297815322876,0.11641789227724075
500,80,gaussian,1,42,0.390625,0.34375,0.5208333333333334,1.0,1.052317500114441,0.3592768907546997
501,80,gaussian,1,42,0.203125,0.453125,0.2708333333333333,1.0,0.9783532619476318,0.3433491587638855
502,80,gaussian,1,42,0.4375,0.40625,0.5833333333333334,1.0,3.6462531089782715,1.310972809791565
503,80,gaussian,1,42,0.4375,0.46875,0.5833333333333334,1.0,1.7760008573532104,0.5836682915687561
504,80,gaussian,1,42,0.28125,0.453125,0.375,1.0,1.129576563835144,0.3672013580799103
505,80,gaussian,1,42,0.1875,0.453125,0.25,1.0,1.5338318347930908,0.530105471611023
506,80,gaussian,1,42,0.25,0.4375,0.3333333333333333,1.0,2.2144246101379395,0.7193679809570312
507,80,gaussian,1,42,0.453125,0.328125,0.6041666666666666,1.0,2.94219708442688,0.9378921985626221
508,80,gaussian,1,42,0.359375,0.4375,0.4791666666666667,1.0,0.4794674217700958,0.16424410045146942
509,80,gaussian,1,42,0.53125,0.4375,0.7083333333333334,1.0,2.9300408363342285,0.9340190887451172
510,80,gaussian,1,42,0.328125,0.484375,0.4375,1.0,0.43106213212013245,0.1403050273656845
511,80,gaussian,1,42,0.296875,0.484375,0.3958333333333333,1.0,1.3654773235321045,0.4654112160205841
512,80,gaussian,1,42,0.28125,0.328125,0.375,1.0,0.9998089671134949,0.3367740511894226
513,80,gaussian,1,42,0.359375,0.28125,0.4791666666666667,1.0,1.026489496231079,0.35841473937034607
514,80,gaussian,1,42,0.359375,0.46875,0.4791666666666667,1.0,1.2731236219406128,0.419730007648468
515,80,gaussian,1,42,0.4375,0.46875,0.5833333333333334,1.0,2.18913197517395,0.6970810890197754
516,80,gaussian,1,42,0.28125,0.453125,0.375,1.0,1.584742546081543,0.5546439290046692
517,80,gaussian,1,42,0.109375,0.0625,0.3888888888888889,1.0,5.2877044677734375,1.6106715202331543
518,80,gaussian,1,42,0.4375,0.1875,0.5833333333333334,1.0,2.6000237464904785,0.8201842308044434
519,80,gaussian,1,42,0.296875,0.34375,0.3958333333333333,1.0,1.7309560775756836,0.5851763486862183
520,80,gaussian,1,42,0.3125,0.34375,0.4166666666666667,1.0,1.1249932050704956,0.3668946325778961
521,80,gaussian,1,42,0.265625,0.453125,0.3541666666666667,1.0,3.6666483879089355,1.1040953397750854
522,80,gaussian,1,42,0.25,0.40625,0.3333333333333333,1.0,0.5283263921737671,0.1797584742307663
523,80,gaussian,1,42,0.46875,0.4375,0.625,1.0,2.9964804649353027,1.09550940990448
524,80,gaussian,1,42,0.25,0.453125,0.3333333333333333,1.0,2.3198864459991455,0.796858012676239
525,80,gaussian,1,42,0.40625,0.46875,0.5416666666666666,1.0,0.6668579578399658,0.2236355096101761
526,80,gaussian,1,42,0.34375,0.25,0.4583333333333333,1.0,1.0539867877960205,0.3607114851474762
527,80,gaussian,1,42,0.265625,0.125,0.3541666666666667,1.0,2.7516531944274902,0.9755158424377441
528,80,gaussian,1,42,0.296875,0.40625,0.3958333333333333,1.0,1.2427465915679932,0.4250544607639313
529,80,gaussian,1,42,0.1875,0.4375,0.25,1.0,2.959052562713623,0.9829448461532593
530,80,gaussian,1,42,0.21875,0.359375,0.2916666666666667,1.0,2.852138042449951,0.8605397343635559
531,80,gaussian,1,42,0.25,0.484375,0.3333333333333333,1.0,2.211869239807129,0.734997570514679
532,80,gaussian,1,42,0.234375,0.46875,0.3125,1.0,1.5812602043151855,0.5709277987480164
533,80,gaussian,1,42,0.21875,0.21875,0.2916666666666667,1.0,2.4034247398376465,0.7143039107322693
534,80,gaussian,1,42,0.234375,0.453125,0.3125,1.0,2.062793493270874,0.6806392669677734
535,80,gaussian,1,42,0.328125,0.484375,0.4375,1.0,2.535099983215332,0.8428670167922974
536,80,gaussian,1,42,0.34375,0.46875,0.4583333333333333,1.0,0.7291291952133179,0.24691523611545563
537,80,gaussian,1,42,0.515625,0.421875,0.6875,1.0,3.0916335582733154,0.9903607964515686
538,80,gaussian,1,42,0.21875,0.4375,0.2916666666666667,1.0,3.2599997520446777,1.039984941482544
539,80,gaussian,1,42,0.390625,0.265625,0.5208333333333334,1.0,4.9491753578186035,1.7808232307434082
540,80,gaussian,1,42,0.390625,0.46875,0.5208333333333334,1.0,1.333531379699707,0.46976494789123535
541,80,gaussian,1,42,0.296875,0.1875,0.3958333333333333,1.0,1.6491049528121948,0.5796262621879578
542,80,gaussian,1,42,0.203125,0.421875,0.2708333333333333,1.0,3.0958242416381836,0.9963967800140381
543,80,gaussian,1,42,0.1875,0.1875,0.25,1.0,1.4379706382751465,0.3935224413871765
544,80,gaussian,1,42,0.328125,0.453125,0.4375,1.0,0.9209247827529907,0.3254607021808624
545,80,gaussian,1,42,0.359375,0.390625,0.4791666666666667,1.0,0.7251553535461426,0.2461036890745163
546,80,gaussian,1,42,0.3125,0.40625,0.4166666666666667,1.0,1.6569263935089111,0.5888857841491699
547,80,gaussian,1,42,0.40625,0.359375,0.5416666666666666,1.0,1.0085644721984863,0.34326526522636414
548,80,gaussian,1,42,0.234375,0.453125,0.3125,1.0,3.3728039264678955,1.1547681093215942
549,80,gaussian,1,42,0.25,0.28125,0.3333333333333333,1.0,0.9980252981185913,0.2979843318462372
550,80,gaussian,1,42,0.421875,0.359375,0.5625,1.0,1.4393548965454102,0.4990901052951813
551,80,gaussian,1,42,0.5,0.265625,0.6666666666666666,1.0,3.824510097503662,1.1906033754348755
552,80,gaussian,1,42,0.234375,0.234375,0.3125,1.0,0.4100457727909088,0.12502962350845337
553,80,gaussian,1,42,0.21875,0.1875,0.45161290322580644,1.0,4.85069465637207,1.4760658740997314
554,80,gaussian,1,42,0.375,0.359375,0.5,1.0,2.954575538635254,1.0740833282470703
555,80,gaussian,1,42,0.359375,0.46875,0.4791666666666667,1.0,1.2732086181640625,0.41521456837654114
556,80,gaussian,1,42,0.1875,0.4375,0.25,1.0,2.067396640777588,0.6774593591690063
557,80,gaussian,1,42,0.3125,0.46875,0.4166666666666667,1.0,2.3273463249206543,0.7355548143386841
558,80,gaussian,1,42,0.515625,0.359375,0.6875,1.0,2.7019004821777344,0.8610183596611023
559,80,gaussian,1,42,0.46875,0.5,0.625,1.0,1.2043733596801758,0.42159411311149597
560,80,gaussian,1,42,0.203125,0.4375,0.2708333333333333,1.0,2.961439847946167,0.9762105941772461
561,80,gaussian,1,42,0.265625,0.46875,0.3541666666666667,1.0,1.4346425533294678,0.44221943616867065
562,80,gaussian,1,42,0.203125,0.4375,0.2708333333333333,1.0,2.13258957862854,0.7542157173156738
563,80,gaussian,1,42,0.265625,0.28125,0.3541666666666667,1.0,1.188688039779663,0.38001886010169983
564,80,gaussian,1,42,0.515625,0.46875,0.6875,1.0,0.715673565864563,0.25480857491493225
565,80,gaussian,1,42,0.390625,0.46875,0.5208333333333334,1.0,0.732775092124939,0.2451201230287552
566,80,gaussian,1,42,0.21875,0.453125,0.2916666666666667,1.0,2.063563346862793,0.6898529529571533
567,80,gaussian,1,42,0.34375,0.296875,0.4583333333333333,1.0,6.070333957672119,2.134014368057251
568,80,gaussian,1,42,0.328125,0.375,0.4375,1.0,0.9084439277648926,0.2964789867401123
569,80,gaussian,1,42,0.265625,0.328125,0.3541666666666667,1.0,2.8024678230285645,0.9226144552230835
570,80,gaussian,1,42,0.21875,0.4375,0.2916666666666667,1.0,1.969974160194397,0.5768016576766968
571,80,gaussian,1,42,0.265625,0.4375,0.3541666666666667,1.0,1.472444772720337,0.48180028796195984
572,80,gaussian,1,42,0.546875,0.5,0.7291666666666666,1.0,1.8936628103256226,0.6222593784332275
573,80,gaussian,1,42,0.1875,0.4375,0.25,1.0,1.0581932067871094,0.3674452602863312
574,80,gaussian,1,42,0.3125,0.34375,0.4166666666666667,1.0,2.4318485260009766,0.8400188088417053
575,80,gaussian,1,42,0.484375,0.453125,0.6458333333333334,1.0,0.38980358839035034,0.13690398633480072
576,80,gaussian,1,42,0.46875,0.484375,0.625,1.0,0.8830268383026123,0.2752763032913208
577,80,gaussian,1,42,0.53125,0.375,0.7083333333333334,1.0,4.061285972595215,1.2776964902877808
578,80,gaussian,1,42,0.296875,0.34375,0.3958333333333333,1.0,0.10729390382766724,0.037193335592746735
579,80,gaussian,1,42,0.359375,0.375,0.4791666666666667,1.0,2.2716429233551025,0.7727324366569519
580,80,gaussian,1,42,0.515625,0.453125,0.6875,1.0,0.9054225087165833,0.2852802574634552
581,80,gaussian,1,42,0.265625,0.25,0.5151515151515151,1.0,2.666989326477051,0.9315585494041443
582,80,gaussian,1,42,0.359375,0.34375,0.4791666666666667,1.0,3.338346004486084,1.134251594543457
583,80,gaussian,1,42,0.25,0.46875,0.3333333333333333,1.0,1.3359242677688599,0.4720064401626587
584,80,gaussian,1,42,0.3125,0.328125,0.4166666666666667,1.0,1.3958570957183838,0.4852162301540375
585,80,gaussian,1,42,0.1875,0.421875,0.25,1.0,0.7844125032424927,0.269403874874115
586,80,gaussian,1,42,0.4375,0.375,0.5833333333333334,1.0,0.5628572702407837,0.17824000120162964
587,80,gaussian,1,42,0.5,0.265625,0.6666666666666666,1.0,3.8244707584381104,1.2081069946289062
588,80,gaussian,1,42,0.3125,0.171875,0.4166666666666667,1.0,1.6561373472213745,0.5798116326332092
589,80,gaussian,1,42,0.203125,0.4375,0.2708333333333333,1.0,2.331549644470215,0.7495412826538086
590,80,gaussian,1,42,0.5,0.203125,0.6666666666666666,1.0,1.805938482284546,0.5899323225021362
591,80,gaussian,1,42,0.328125,0.359375,0.4375,1.0,0.9080469608306885,0.2952786386013031
592,80,gaussian,1,42,0.234375,0.234375,0.3125,1.0,3.7274904251098633,1.1526445150375366
593,80,gaussian,1,42,0.21875,0.21875,0.2916666666666667,1.0,0.164507657289505,0.04711740463972092
594,80,gaussian,1,42,0.234375,0.4375,0.3125,1.0,1.8065487146377563,0.6101387739181519
595,80,gaussian,1,42,0.15625,0.421875,0.20833333333333334,1.0,1.8450090885162354,0.6402868032455444
596,80,gaussian,1,42,0.25,0.40625,0.3333333333333333,1.0,3.967421054840088,1.2809805870056152
597,80,gaussian,1,42,0.359375,0.34375,0.4791666666666667,1.0,0.47740644216537476,0.16087961196899414
598,80,gaussian,1,42,0.28125,0.34375,0.375,1.0,0.10757637023925781,0.03724034130573273
599,80,gaussian,1,42,0.1875,0.203125,0.42857142857142855,1.0,0.43274468183517456,0.12475612014532089
600,80,gaussian,1,42,0.203125,0.4375,0.2708333333333333,1.0,2.527750015258789,0.8257990479469299
601,80,gaussian,1,42,0.359375,0.359375,0.4791666666666667,1.0,1.5388085842132568,0.4954429566860199
602,80,gaussian,1,42,0.21875,0.46875,0.2916666666666667,1.0,3.934574604034424,1.3786547183990479
603,80,gaussian,1,42,0.265625,0.40625,0.3541666666666667,1.0,1.8473222255706787,0.6327959299087524
604,80,gaussian,1,42,0.25,0.40625,0.3333333333333333,1.0,1.53303861618042,0.5196685791015625
605,80,gaussian,1,42,0.359375,0.28125,0.4791666666666667,1.0,1.0262548923492432,0.3561011254787445
606,80,gaussian,1,42,0.234375,0.21875,0.3125,1.0,3.7301626205444336,1.1728683710098267
607,80,gaussian,1,42,0.296875,0.296875,0.3958333333333333,1.0,0.3474784195423126,0.11147099733352661
608,80,gaussian,1,42,0.265625,0.5,0.3541666666666667,1.0,5.306981086730957,1.6099106073379517
609,80,gaussian,1,42,0.203125,0.421875,0.2708333333333333,1.0,0.5981544852256775,0.19645291566848755
610,80,gaussian,1,42,0.3125,0.1875,0.4166666666666667,1.0,1.6504318714141846,0.5797426700592041
611,80,gaussian,1,42,0.28125,0.328125,0.375,1.0,2.8083224296569824,0.9294407367706299
612,80,gaussian,1,42,0.21875,0.40625,0.2916666666666667,1.0,4.339339256286621,1.3677834272384644
613,80,gaussian,1,42,0.328125,0.4375,0.4375,1.0,2.5701260566711426,0.8921312093734741
614,80,gaussian,1,42,0.203125,0.421875,0.2708333333333333,1.0,0.9086440205574036,0.33956214785575867
615,80,gaussian,1,42,0.375,0.34375,0.5,1.0,1.4315483570098877,0.48333287239074707
616,80,gaussian,1,42,0.21875,0.40625,0.2916666666666667,1.0,1.4874956607818604,0.4627958834171295
617,80,gaussian,1,42,0.421875,0.46875,0.5625,1.0,5.737274646759033,1.970956563949585
618,80,gaussian,1,42,0.21875,0.421875,0.2916666666666667,1.0,0.6352167129516602,0.1980348825454712
619,80,gaussian,1,42,0.25,0.25,0.3333333333333333,1.0,2.6020917892456055,0.8833837509155273
620,80,gaussian,1,42,0.3125,0.328125,0.4166666666666667,1.0,1.0721592903137207,0.3538617193698883
621,80,gaussian,1,42,0.234375,0.453125,0.3125,1.0,2.095024585723877,0.71987384557724
622,80,gaussian,1,42,0.359375,0.46875,0.4791666666666667,1.0,1.2727051973342896,0.4162256717681885
623,80,gaussian,1,42,0.25,0.375,0.3333333333333333,1.0,2.279770851135254,0.7062453031539917
624,80,gaussian,1,42,0.140625,0.109375,0.47368421052631576,1.0,1.237039566040039,0.3862353265285492
625,80,gaussian,1,42,0.484375,0.484375,0.6458333333333334,1.0,0.4834033250808716,0.14944317936897278
626,80,gaussian,1,42,0.328125,0.484375,0.4375,1.0,2.535883903503418,0.857421875
627,80,gaussian,1,42,0.421875,0.453125,0.5625,1.0,8.376254081726074,2.67140531539917
628,80,gaussian,1,42,0.203125,0.453125,0.2708333333333333,1.0,2.215695858001709,0.6572214365005493
629,80,gaussian,1,42,0.21875,0.4375,0.2916666666666667,1.0,1.3416945934295654,0.435387521982193
630,80,gaussian,1,42,0.3125,0.28125,0.4166666666666667,1.0,2.289605140686035,0.7654393315315247
631,80,gaussian,1,42,0.265625,0.25,0.3541666666666667,1.0,1.859832525253296,0.6261789798736572
632,80,gaussian,1,42,0.34375,0.46875,0.4583333333333333,1.0,1.5311849117279053,0.5233733057975769
633,80,gaussian,1,42,0.265625,0.40625,0.3541666666666667,1.0,1.8437849283218384,0.6243590116500854
634,80,gaussian,1,42,0.390625,0.34375,0.5208333333333334,1.0,0.7457832098007202,0.24860714375972748
635,80,gaussian,1,42,0.296875,0.4375,0.3958333333333333,1.0,1.5449790954589844,0.49664607644081116
636,80,gaussian,1,42,0.390625,0.421875,0.5208333333333334,1.0,0.648826003074646,0.22345146536827087
637,80,gaussian,1,42,0.28125,0.46875,0.375,1.0,1.802081823348999,0.579438328742981
638,80,gaussian,1,42,0.234375,0.421875,0.3125,1.0,0.6480632424354553,0.21875478327274323
639,80,gaussian,1,42,0.3125,0.484375,0.4166666666666667,1.0,1.3637670278549194,0.4655682444572449
640,80,gaussian,1,42,0.21875,0.46875,0.2916666666666667,1.0,0.6057783365249634,0.19163022935390472
641,80,gaussian,1,42,0.203125,0.34375,0.2708333333333333,1.0,1.5264334678649902,0.4610881805419922
642,80,gaussian,1,42,0.203125,0.453125,0.2708333333333333,1.0,1.2584593296051025,0.41911667585372925
643,80,gaussian,1,42,0.21875,0.4375,0.2916666666666667,1.0,3.4812865257263184,1.12375807762146
644,80,gaussian,1,42,0.25,0.421875,0.3333333333333333,1.0,0.9553064107894897,0.32376253604888916
645,80,gaussian,1,42,0.40625,0.46875,0.5416666666666666,1.0,8.379009246826172,2.694715976715088
646,80,gaussian,1,42,0.359375,0.375,0.4791666666666667,1.0,2.2715940475463867,0.7812393307685852
647,80,gaussian,1,42,0.25,0.40625,0.3333333333333333,1.0,2.986140251159668,1.0014615058898926
648,80,gaussian,1,42,0.328125,0.4375,0.4375,1.0,0.259181946516037,0.08284993469715118
649,80,gaussian,1,42,0.1875,0.4375,0.25,1.0,1.2987141609191895,0.4138615131378174
650,80,gaussian,1,42,0.25,0.484375,0.3333333333333333,1.0,1.7240240573883057,0.6235009431838989
651,80,gaussian,1,42,0.1875,0.453125,0.25,1.0,1.9850101470947266,0.6400182247161865
652,80,gaussian,1,42,0.234375,0.390625,0.3125,1.0,3.2069311141967773,1.0303382873535156
653,80,gaussian,1,42,0.203125,0.4375,0.2708333333333333,1.0,3.3228790760040283,1.0300503969192505
654,80,gaussian,1,42,0.46875,0.296875,0.625,1.0,1.310542345046997,0.4056316316127777
655,80,gaussian,1,42,0.40625,0.453125,0.5416666666666666,1.0,1.497190237045288,0.5477825403213501
656,80,gaussian,1,42,0.484375,0.46875,0.6458333333333334,1.0,1.9792063236236572,0.658207356929779
657,80,gaussian,1,42,0.46875,0.484375,0.625,1.0,0.8817868232727051,0.2721181809902191
658,80,gaussian,1,42,0.359375,0.40625,0.4791666666666667,1.0,0.2925456762313843,0.09897144138813019
659,80,gaussian,1,42,0.421875,0.46875,0.5625,1.0,1.9728354215621948,0.7120236754417419
660,80,gaussian,1,42,0.21875,0.421875,0.2916666666666667,1.0,1.9225351810455322,0.6381713151931763
661,80,gaussian,1,42,0.40625,0.34375,0.5416666666666666,1.0,3.249432325363159,1.1926281452178955
662,80,gaussian,1,42,0.265625,0.484375,0.3541666666666667,1.0,3.2344155311584473,1.0491259098052979
663,80,gaussian,1,42,0.203125,0.34375,0.2708333333333333,1.0,1.5310509204864502,0.4518502950668335
664,80,gaussian,1,42,0.34375,0.34375,0.4583333333333333,1.0,1.5379173755645752,0.4929918050765991
665,80,gaussian,1,42,0.40625,0.4375,0.5416666666666666,1.0,0.6838448643684387,0.23658272624015808
666,80,gaussian,1,42,0.390625,0.46875,0.5208333333333334,1.0,0.8304805755615234,0.2971450686454773
667,80,gaussian,1,42,0.546875,0.484375,0.7291666666666666,1.0,0.7656296491622925,0.25940659642219543
668,80,gaussian,1,42,0.25,0.265625,0.3333333333333333,1.0,4.513232231140137,1.4050343036651611
669,80,gaussian,1,42,0.28125,0.328125,0.375,1.0,0.9999948740005493,0.3368845283985138
670,80,gaussian,1,42,0.453125,0.5,0.6041666666666666,1.0,2.2740650177001953,0.7636217474937439
671,80,gaussian,1,42,0.390625,0.4375,0.5208333333333334,1.0,1.114149570465088,0.3872590661048889
672,80,gaussian,1,42,0.46875,0.28125,0.625,1.0,1.3106639385223389,0.4087405800819397
673,80,gaussian,1,42,0.25,0.203125,0.3333333333333333,1.0,2.540348529815674,0.8351789116859436
674,80,gaussian,1,42,0.4375,0.1875,0.5833333333333334,1.0,2.7416229248046875,0.8668553233146667
675,80,gaussian,1,42,0.28125,0.234375,0.375,1.0,3.941213369369507,1.333680272102356
676,80,gaussian,1,42,0.28125,0.328125,0.375,1.0,0.9981158971786499,0.3402206599712372
677,80,gaussian,1,42,0.203125,0.4375,0.2708333333333333,1.0,1.9814367294311523,0.6360023617744446
678,80,gaussian,1,42,0.484375,0.5,0.6458333333333334,1.0,0.48345839977264404,0.14543944597244263
679,80,gaussian,1,42,0.171875,0.4375,0.22916666666666666,1.0,1.983768105506897,0.671977162361145
680,80,gaussian,1,42,0.359375,0.234375,0.4791666666666667,1.0,1.0591856241226196,0.3693225383758545
681,80,gaussian,1,42,0.421875,0.46875,0.5625,1.0,1.4223345518112183,0.44214391708374023
682,80,gaussian,1,42,0.1875,0.203125,0.42857142857142855,1.0,0.4322242736816406,0.1227714866399765
683,80,gaussian,1,42,0.203125,0.453125,0.2708333333333333,1.0,1.4917232990264893,0.48269450664520264
684,80,gaussian,1,42,0.203125,0.4375,0.2708333333333333,1.0,2.2129456996917725,0.7545956373214722
685,80,gaussian,1,42,0.25,0.515625,0.3333333333333333,1.0,1.827939748764038,0.6346088647842407
686,80,gaussian,1,42,0.359375,0.390625,0.4791666666666667,1.0,0.39431190490722656,0.13673631846904755
687,80,gaussian,1,42,0.390625,0.46875,0.5208333333333334,1.0,1.4968156814575195,0.5481600761413574
688,80,gaussian,1,42,0.25,0.453125,0.3333333333333333,1.0,5.015345573425293,1.7080477476119995
689,80,gaussian,1,42,0.203125,0.1875,0.52,1.0,0.54384845495224,0.15041963756084442
690,80,gaussian,1,42,0.53125,0.390625,0.7083333333333334,1.0,1.5306451320648193,0.4535065293312073
691,80,gaussian,1,42,0.203125,0.453125,0.2708333333333333,1.0,1.0778310298919678,0.3615949749946594
692,80,gaussian,1,42,0.25,0.421875,0.3333333333333333,1.0,1.2993717193603516,0.4219210147857666
693,80,gaussian,1,42,0.25,0.40625,0.3333333333333333,1.0,2.5015854835510254,0.825549304485321
694,80,gaussian,1,42,0.3125,0.28125,0.4166666666666667,1.0,2.287597179412842,0.7648006677627563
695,80,gaussian,1,42,0.4375,0.359375,0.5833333333333334,1.0,0.5627337098121643,0.1799406260251999
696,80,gaussian,1,42,0.40625,0.359375,0.5416666666666666,1.0,2.6136183738708496,0.852440357208252
697,80,gaussian,1,42,0.296875,0.28125,0.3958333333333333,1.0,0.5724769830703735,0.2002154290676117
698,80,gaussian,1,42,0.25,0.28125,0.3333333333333333,1.0,0.9977284669876099,0.29842817783355713
699,80,gaussian,1,42,0.234375,0.453125,0.3125,1.0,1.4736906290054321,0.49031659960746765
700,80,gaussian,1,42,0.265625,0.46875,0.3541666666666667,1.0,1.7259159088134766,0.6142797470092773
701,80,gaussian,1,42,0.3125,0.421875,0.4166666666666667,1.0,1.65639066696167,0.5861698985099792
702,80,gaussian,1,42,0.53125,0.375,0.7083333333333334,1.0,2.6427674293518066,0.9088475704193115
703,80,gaussian,1,42,0.390625,0.46875,0.5208333333333334,1.0,1.0615785121917725,0.35663819313049316
704,80,gaussian,1,42,0.25,0.40625,0.3333333333333333,1.0,0.2466239333152771,0.0811801329255104
705,80,gaussian,1,42,0.40625,0.46875,0.5416666666666666,1.0,5.783683776855469,1.9016525745391846
706,80,gaussian,1,42,0.21875,0.421875,0.2916666666666667,1.0,0.7262593507766724,0.24270600080490112
707,80,gaussian,1,42,0.234375,0.203125,0.3125,1.0,2.2431819438934326,0.7309630513191223
708,80,gaussian,1,42,0.546875,0.5,0.7291666666666666,1.0,1.8946506977081299,0.6187102794647217
709,80,gaussian,1,42,0.546875,0.40625,0.7291666666666666,1.0,6.777383327484131,2.08907151222229
710,80,gaussian,1,42,0.234375,0.328125,0.3125,1.0,1.5178719758987427,0.46253344416618347
711,80,gaussian,1,42,0.34375,0.34375,0.4583333333333333,1.0,1.5937111377716064,0.5458489060401917
712,80,gaussian,1,42,0.296875,0.46875,0.3958333333333333,1.0,0.9976022243499756,0.3412378132343292
713,80,gaussian,1,42,0.25,0.4375,0.3333333333333333,1.0,0.46660947799682617,0.15058301389217377
714,80,gaussian,1,42,0.40625,0.328125,0.5416666666666666,1.0,5.3705902099609375,1.8381752967834473
715,80,gaussian,1,42,0.21875,0.4375,0.2916666666666667,1.0,1.0649492740631104,0.35783228278160095
716,80,gaussian,1,42,0.265625,0.484375,0.3541666666666667,1.0,4.780054092407227,1.4807610511779785
717,80,gaussian,1,42,0.265625,0.46875,0.3541666666666667,1.0,1.5833700895309448,0.5589426755905151
718,80,gaussian,1,42,0.5,0.5,0.6666666666666666,1.0,0.4830901622772217,0.14782066643238068
719,80,gaussian,1,42,0.1875,0.453125,0.25,1.0,1.9880849123001099,0.6339883804321289
720,80,gaussian,1,42,0.453125,0.328125,0.6041666666666666,1.0,3.044640064239502,1.0503911972045898
721,80,gaussian,1,42,0.375,0.34375,0.5,1.0,1.432746410369873,0.48378071188926697
722,80,gaussian,1,42,0.4375,0.46875,0.5833333333333334,1.0,3.5527596473693848,1.275944709777832
723,80,gaussian,1,42,0.25,0.421875,0.3333333333333333,1.0,0.581139087677002,0.1991075575351715
724,80,gaussian,1,42,0.4375,0.5,0.5833333333333334,1.0,2.277794361114502,0.765539824962616
725,80,gaussian,1,42,0.453125,0.328125,0.6041666666666666,1.0,2.9398515224456787,0.9357107281684875
726,80,gaussian,1,42,0.171875,0.46875,0.22916666666666666,1.0,1.9016553163528442,0.5979456901550293
727,80,gaussian,1,42,0.265625,0.21875,0.3541666666666667,1.0,0.526240348815918,0.19368597865104675
728,80,gaussian,1,42,0.265625,0.421875,0.3541666666666667,1.0,0.6485246419906616,0.2183213084936142
729,80,gaussian,1,42,0.25,0.25,0.48484848484848486,1.0,2.6691646575927734,0.9313669204711914
730,80,gaussian,1,42,0.375,0.40625,0.5,1.0,1.2958651781082153,0.4573498070240021
731,80,gaussian,1,42,0.28125,0.4375,0.375,1.0,0.4692233204841614,0.1619560420513153
732,80,gaussian,1,42,0.4375,0.1875,0.5833333333333334,1.0,2.73976993560791,0.8655418157577515
733,80,gaussian,1,42,0.359375,0.359375,0.4791666666666667,1.0,1.5377662181854248,0.4925861358642578
734,80,gaussian,1,42,0.25,0.453125,0.3333333333333333,1.0,2.6731581687927246,0.92325359582901
735,80,gaussian,1,42,0.3125,0.421875,0.4166666666666667,1.0,3.322564125061035,1.1124998331069946
736,80,gaussian,1,42,0.1875,0.5,0.25,1.0,2.721081256866455,0.8578162789344788
737,80,gaussian,1,42,0.296875,0.5,0.3958333333333333,1.0,1.140363335609436,0.3747217357158661
738,80,gaussian,1,42,0.375,0.265625,0.5,1.0,4.949519157409668,1.760272741317749
739,80,gaussian,1,42,0.203125,0.421875,0.2708333333333333,1.0,2.3372578620910645,0.7563033103942871
740,80,gaussian,1,42,0.359375,0.359375,0.4791666666666667,1.0,2.0254504680633545,0.7231639623641968
741,80,gaussian,1,42,0.1875,0.453125,0.25,1.0,1.8607940673828125,0.6111474633216858
742,80,gaussian,1,42,0.1875,0.453125,0.25,1.0,1.8563148975372314,0.6689481139183044
743,80,gaussian,1,42,0.234375,0.21875,0.3125,1.0,0.29150304198265076,0.0882805734872818
744,80,gaussian,1,42,0.328125,0.484375,0.4375,1.0,0.4310359060764313,0.14051204919815063
745,80,gaussian,1,42,0.515625,0.1875,0.6875,1.0,3.5401010513305664,1.146435260772705
746,80,gaussian,1,42,0.25,0.28125,0.5517241379310345,1.0,1.076580286026001,0.32595744729042053
747,80,gaussian,1,42,0.3125,0.3125,0.4166666666666667,1.0,0.6119263172149658,0.19622187316417694
748,80,gaussian,1,42,0.171875,0.15625,0.4230769230769231,1.0,1.1643840074539185,0.33251920342445374
749,80,gaussian,1,42,0.34375,0.328125,0.4583333333333333,1.0,1.0840561389923096,0.3814016878604889
750,80,gaussian,1,42,0.359375,0.375,0.4791666666666667,1.0,0.3945532441139221,0.1368522197008133
751,80,gaussian,1,42,0.234375,0.453125,0.3125,1.0,1.2121312618255615,0.4259258806705475
752,80,gaussian,1,42,0.1875,0.453125,0.25,1.0,2.1109914779663086,0.724187970161438
753,80,gaussian,1,42,0.3125,0.140625,0.4166666666666667,1.0,1.3554109334945679,0.4244837760925293
754,80,gaussian,1,42,0.453125,0.375,0.6041666666666666,1.0,3.9749062061309814,1.3327209949493408
755,80,gaussian,1,42,0.359375,0.375,0.4791666666666667,1.0,1.0391606092453003,0.35869336128234863
756,80,gaussian,1,42,0.203125,0.40625,0.2708333333333333,1.0,4.398393630981445,1.3853908777236938
757,80,gaussian,1,42,0.25,0.40625,0.3333333333333333,1.0,0.6606335043907166,0.20798777043819427
758,80,gaussian,1,42,0.265625,0.46875,0.3541666666666667,1.0,1.4364310503005981,0.44399523735046387
759,80,gaussian,1,42,0.53125,0.4375,0.7083333333333334,1.0,0.5250314474105835,0.19318674504756927
760,80,gaussian,1,42,0.40625,0.375,0.5416666666666666,1.0,1.6094849109649658,0.5542192459106445
761,80,gaussian,1,42,0.40625,0.46875,0.5416666666666666,1.0,0.7325842380523682,0.24230776727199554
762,80,gaussian,1,42,0.21875,0.46875,0.2916666666666667,1.0,2.7070932388305664,0.8922109603881836
763,80,gaussian,1,42,0.203125,0.453125,0.2708333333333333,1.0,4.184349536895752,1.2609063386917114
764,80,gaussian,1,42,0.25,0.390625,0.3333333333333333,1.0,4.309924125671387,1.3965736627578735
765,80,gaussian,1,42,0.3125,0.328125,0.4166666666666667,1.0,2.03804874420166,0.6782484650611877
766,80,gaussian,1,42,0.421875,0.375,0.5625,1.0,0.562466025352478,0.1783774346113205
767,80,gaussian,1,42,0.21875,0.40625,0.2916666666666667,1.0,1.4903032779693604,0.4556496739387512
768,80,gaussian,1,42,0.15625,0.46875,0.20833333333333334,1.0,0.4070888161659241,0.13828366994857788
769,80,gaussian,1,42,0.328125,0.3125,0.4375,1.0,0.9540256857872009,0.3412286639213562
770,80,gaussian,1,42,0.453125,0.34375,0.6041666666666666,1.0,0.13577447831630707,0.041961465030908585
771,80,gaussian,1,42,0.265625,0.21875,0.3541666666666667,1.0,0.5271010994911194,0.19156882166862488
772,80,gaussian,1,42,0.203125,0.453125,0.2708333333333333,1.0,1.2587933540344238,0.42501556873321533
773,80,gaussian,1,42,0.5625,0.484375,0.75,1.0,2.8559088706970215,0.886714518070221
774,80,gaussian,1,42,0.34375,0.296875,0.4583333333333333,1.0,2.076486349105835,0.7488762736320496
775,80,gaussian,1,42,0.265625,0.421875,0.3541666666666667,1.0,1.1072337627410889,0.36630678176879883
776,80,gaussian,1,42,0.265625,0.4375,0.3541666666666667,1.0,0.4698956608772278,0.16238869726657867
777,80,gaussian,1,42,0.21875,0.46875,0.2916666666666667,1.0,1.2158715724945068,0.40195024013519287
778,80,gaussian,1,42,0.1875,0.1875,0.42857142857142855,1.0,0.43322300910949707,0.12441420555114746
779,80,gaussian,1,42,0.265625,0.46875,0.3541666666666667,1.0,3.659609794616699,1.1234875917434692
780,80,gaussian,1,42,0.28125,0.375,0.375,1.0,2.250190019607544,0.7904078960418701
781,80,gaussian,1,42,0.3125,0.296875,0.4166666666666667,1.0,2.28745174407959,0.765225887298584
782,80,gaussian,1,42,0.25,0.40625,0.3333333333333333,1.0,2.779134750366211,0.8640321493148804
783,80,gaussian,1,42,0.390625,0.46875,0.5208333333333334,1.0,1.0616039037704468,0.3557339608669281
784,80,gaussian,1,42,0.25,0.421875,0.3333333333333333,1.0,1.2991780042648315,0.42303282022476196
785,80,gaussian,1,42,0.359375,0.234375,0.4791666666666667,1.0,1.0601155757904053,0.36832213401794434
786,80,gaussian,1,42,0.296875,0.40625,0.3958333333333333,1.0,0.6954376697540283,0.22748665511608124
787,80,gaussian,1,42,0.46875,0.484375,0.625,1.0,1.977308750152588,0.6589241027832031
788,80,gaussian,1,42,0.40625,0.453125,0.5416666666666666,1.0,8.388455390930176,2.6842310428619385
789,80,gaussian,1,42,0.171875,0.4375,0.22916666666666666,1.0,3.320220947265625,1.1128886938095093
790,80,gaussian,1,42,0.328125,0.453125,0.4375,1.0,0.2590779662132263,0.08220169693231583
791,80,gaussian,1,42,0.203125,0.421875,0.2708333333333333,1.0,1.4398306608200073,0.4083508551120758
792,80,gaussian,1,42,0.34375,0.328125,0.4583333333333333,1.0,0.47709882259368896,0.16161978244781494
793,80,gaussian,1,42,0.3125,0.328125,0.4166666666666667,1.0,2.0334391593933105,0.6784932613372803
794,80,gaussian,1,42,0.25,0.40625,0.3333333333333333,1.0,0.24632322788238525,0.08120308071374893
795,80,gaussian,1,42,0.234375,0.34375,0.3125,1.0,2.84084415435791,0.8425236940383911
796,80,gaussian,1,42,0.359375,0.375,0.4791666666666667,1.0,1.0391147136688232,0.35819199681282043
797,80,gaussian,1,42,0.375,0.375,0.5,1.0,2.2745542526245117,0.7704055905342102
798,80,gaussian,1,42,0.21875,0.421875,0.2916666666666667,1.0,0.7270546555519104,0.24213695526123047
799,80,gaussian,1,42,0.375,0.40625,0.5,1.0,0.7256485819816589,0.2442551553249359
800,80,gaussian,1,42,0.203125,0.453125,0.2708333333333333,1.0,0.8002766370773315,0.2699638307094574
801,80,gaussian,1,42,0.265625,0.40625,0.3541666666666667,1.0,1.2304658889770508,0.40512943267822266
802,80,gaussian,1,42,0.25,0.390625,0.3333333333333333,1.0,3.201414108276367,1.0319112539291382
803,80,gaussian,1,42,0.25,0.453125,0.3333333333333333,1.0,2.322418212890625,0.8066335320472717
804,80,gaussian,1,42,0.53125,0.46875,0.7083333333333334,1.0,2.2201828956604004,0.7170503735542297
805,80,gaussian,1,42,0.28125,0.34375,0.375,1.0,0.10736582428216934,0.03684765100479126
806,80,gaussian,1,42,0.40625,0.453125,0.5416666666666666,1.0,1.332043170928955,0.4721613824367523
807,80,gaussian,1,42,0.28125,0.359375,0.375,1.0,2.2489585876464844,0.7867028713226318
808,80,gaussian,1,42,0.4375,0.484375,0.5833333333333334,1.0,2.275968551635742,0.781525731086731
809,80,gaussian,1,42,0.296875,0.5,0.3958333333333333,1.0,1.1402534246444702,0.3842361867427826
810,80,gaussian,1,42,0.1875,0.453125,0.25,1.0,1.8516358137130737,0.6606714129447937
811,80,gaussian,1,42,0.171875,0.375,0.22916666666666666,1.0,0.6287038326263428,0.1842193603515625
812,80,gaussian,1,42,0.234375,0.4375,0.3125,1.0,1.4069846868515015,0.47611895203590393
813,80,gaussian,1,42,0.546875,0.484375,0.7291666666666666,1.0,0.7651225328445435,0.260545939207077
814,80,gaussian,1,42,0.328125,0.46875,0.4375,1.0,0.43020668625831604,0.13918116688728333
815,80,gaussian,1,42,0.21875,0.21875,0.2916666666666667,1.0,0.16477082669734955,0.048016343265771866
816,80,gaussian,1,42,0.359375,0.390625,0.4791666666666667,1.0,0.2926012873649597,0.09888782352209091
817,80,gaussian,1,42,0.3125,0.46875,0.4166666666666667,1.0,2.3285796642303467,0.7350200414657593
818,80,gaussian,1,42,0.40625,0.375,0.5416666666666666,1.0,2.6169753074645996,0.8494596481323242
819,80,gaussian,1,42,0.21875,0.421875,0.2916666666666667,1.0,0.7254908084869385,0.23850972950458527
820,80,gaussian,1,42,0.375,0.3125,0.5,1.0,0.4078786373138428,0.14607614278793335
821,80,gaussian,1,42,0.296875,0.453125,0.3958333333333333,1.0,1.5610246658325195,0.4885237216949463
822,80,gaussian,1,42,0.40625,0.375,0.5416666666666666,1.0,2.6165308952331543,0.8599118590354919
823,80,gaussian,1,42,0.34375,0.328125,0.4583333333333333,1.0,1.0829135179519653,0.3766748607158661
824,80,gaussian,1,42,0.453125,0.328125,0.6041666666666666,1.0,2.9420204162597656,0.9378165602684021
825,80,gaussian,1,42,0.359375,0.40625,0.4791666666666667,1.0,1.7549314498901367,0.6478393077850342
826,80,gaussian,1,42,0.34375,0.328125,0.4583333333333333,1.0,2.1424787044525146,0.745841383934021
827,80,gaussian,1,42,,,,0.0,1.618887186050415,0.42470940947532654
828,80,gaussian,1,42,0.4375,0.328125,0.5833333333333334,1.0,3.0419936180114746,1.0563838481903076
829,80,gaussian,1,42,0.40625,0.375,0.5416666666666666,1.0,2.616180896759033,0.8555920720100403
830,80,gaussian,1,42,0.25,0.375,0.3333333333333333,1.0,2.2798166275024414,0.7072531580924988
831,80,gaussian,1,42,0.3125,0.421875,0.4166666666666667,1.0,1.6569032669067383,0.5872190594673157
832,80,gaussian,1,42,0.265625,0.421875,0.3541666666666667,1.0,1.106909990310669,0.3617049753665924
833,80,gaussian,1,42,0.34375,0.296875,0.4583333333333333,1.0,2.079042434692383,0.7363302111625671
834,80,gaussian,1,42,0.1875,0.203125,0.42857142857142855,1.0,0.4323176443576813,0.12438151240348816
835,80,gaussian,1,42,0.375,0.328125,0.5,1.0,0.8376647233963013,0.2957608103752136
836,80,gaussian,1,42,0.546875,0.46875,0.7291666666666666,1.0,0.7619069218635559,0.25979313254356384
837,80,gaussian,1,42,0.234375,0.453125,0.3125,1.0,2.158299684524536,0.7251158356666565
838,80,gaussian,1,42,0.34375,0.359375,0.4583333333333333,1.0,1.5418602228164673,0.491757333278656
839,80,gaussian,1,42,0.296875,0.1875,0.3958333333333333,1.0,1.6495400667190552,0.5802370309829712
840,80,gaussian,1,42,0.1875,0.421875,0.25,1.0,2.42751145362854,0.7419316172599792
841,80,gaussian,1,42,0.578125,0.46875,0.7708333333333334,1.0,2.8525638580322266,0.8870485424995422
842,80,gaussian,1,42,0.46875,0.34375,0.625,1.0,6.775591850280762,2.341811418533325
843,80,gaussian,1,42,0.203125,0.453125,0.2708333333333333,1.0,0.797814667224884,0.24911846220493317
844,80,gaussian,1,42,0.21875,0.484375,0.2916666666666667,1.0,0.9961733818054199,0.3404848575592041
845,80,gaussian,1,42,0.203125,0.484375,0.2708333333333333,1.0,0.996062159538269,0.34756749868392944
846,80,gaussian,1,42,0.203125,0.4375,0.2708333333333333,1.0,2.527740001678467,0.8254358768463135
847,80,gaussian,1,42,0.203125,0.421875,0.2708333333333333,1.0,2.8483588695526123,0.9513846635818481
848,80,gaussian,1,42,0.234375,0.453125,0.3125,1.0,0.458362340927124,0.1531476229429245
849,80,gaussian,1,42,0.34375,0.34375,0.4583333333333333,1.0,2.140775203704834,0.7564339637756348
850,80,gaussian,1,42,0.546875,0.171875,0.7291666666666666,1.0,5.028206825256348,1.5803273916244507
851,80,gaussian,1,42,0.1875,0.4375,0.25,1.0,1.0625581741333008,0.3611339032649994
852,80,gaussian,1,42,0.1875,0.4375,0.25,1.0,1.5303475856781006,0.530036211013794
853,80,gaussian,1,42,0.453125,0.46875,0.6041666666666666,1.0,4.334198474884033,1.44365656375885
854,80,gaussian,1,42,0.34375,0.328125,0.4583333333333333,1.0,0.4771411716938019,0.1609811931848526
855,80,gaussian,1,42,0.265625,0.28125,0.3541666666666667,1.0,4.499508857727051,1.3954476118087769
856,80,gaussian,1,42,0.171875,0.484375,0.22916666666666666,1.0,0.5718508958816528,0.1771947145462036
857,80,gaussian,1,42,0.265625,0.46875,0.3541666666666667,1.0,0.905508279800415,0.3188520669937134
858,80,gaussian,1,42,0.28125,0.421875,0.375,1.0,5.176712989807129,1.7793207168579102
859,80,gaussian,1,42,0.25,0.453125,0.3333333333333333,1.0,2.671780586242676,0.9323098063468933
860,80,gaussian,1,42,0.21875,0.1875,0.45161290322580644,1.0,4.851503849029541,1.4722425937652588
861,80,gaussian,1,42,0.4375,0.203125,0.5833333333333334,1.0,2.731884002685547,0.8560749292373657
862,80,gaussian,1,42,0.171875,0.453125,0.22916666666666666,1.0,3.316094398498535,1.1160889863967896
863,80,gaussian,1,42,0.21875,0.1875,0.5,1.0,3.9229912757873535,1.2275168895721436
864,80,gaussian,1,42,0.296875,0.40625,0.3958333333333333,1.0,1.2426884174346924,0.4181523621082306
865,80,gaussian,1,42,0.21875,0.4375,0.2916666666666667,1.0,4.178650856018066,1.2909964323043823
866,80,gaussian,1,42,0.15625,0.109375,0.47619047619047616,1.0,0.3385985195636749,0.0907217264175415
867,80,gaussian,1,42,0.3125,0.46875,0.4166666666666667,1.0,2.5827226638793945,0.8168286681175232
868,80,gaussian,1,42,0.1875,0.46875,0.25,1.0,2.129426956176758,0.7387368679046631
869,80,gaussian,1,42,0.25,0.375,0.3333333333333333,1.0,4.318541526794434,1.3773940801620483
870,80,gaussian,1,42,0.296875,0.40625,0.3958333333333333,1.0,0.6941096782684326,0.2259431779384613
871,80,gaussian,1,42,0.34375,0.3125,0.4583333333333333,1.0,1.0843050479888916,0.38158923387527466
872,80,gaussian,1,42,0.4375,0.46875,0.5833333333333334,1.0,2.189499616622925,0.6971870064735413
873,80,gaussian,1,42,0.203125,0.21875,0.2708333333333333,1.0,3.670963764190674,1.0167732238769531
874,80,gaussian,1,42,0.53125,0.453125,0.7083333333333334,1.0,0.9072239398956299,0.2816702425479889
875,80,gaussian,1,42,0.5,0.15625,0.6666666666666666,1.0,1.4098069667816162,0.4253019094467163
876,80,gaussian,1,42,0.265625,0.4375,0.3541666666666667,1.0,0.7765495777130127,0.24999579787254333
877,80,gaussian,1,42,0.328125,0.453125,0.4375,1.0,0.25897416472435,0.08291325718164444
878,80,gaussian,1,42,0.359375,0.375,0.4791666666666667,1.0,1.0386137962341309,0.3571411669254303
879,80,gaussian,1,42,0.203125,0.46875,0.2708333333333333,1.0,1.5528606176376343,0.49054694175720215
880,80,gaussian,1,42,0.265625,0.21875,0.3541666666666667,1.0,0.5249929428100586,0.19029296934604645
881,80,gaussian,1,42,0.25,0.5,0.3333333333333333,1.0,1.2804663181304932,0.4125300347805023
882,80,gaussian,1,42,0.265625,0.40625,0.3541666666666667,1.0,1.8436224460601807,0.6223841905593872
883,80,gaussian,1,42,0.28125,0.3125,0.375,1.0,2.0626659393310547,0.6523680090904236
884,80,gaussian,1,42,0.21875,0.359375,0.2916666666666667,1.0,0.26928406953811646,0.08150792866945267
885,80,gaussian,1,42,0.40625,0.421875,0.5416666666666666,1.0,0.208844393491745,0.06902705132961273
886,80,gaussian,1,42,0.265625,0.453125,0.3541666666666667,1.0,1.4701722860336304,0.47644561529159546
887,80,gaussian,1,42,0.25,0.453125,0.3333333333333333,1.0,2.3215672969818115,0.7966057062149048
888,80,gaussian,1,42,0.265625,0.46875,0.3541666666666667,1.0,3.235351800918579,1.0513049364089966
889,80,gaussian,1,42,0.53125,0.15625,0.7083333333333334,1.0,5.040308952331543,1.5789321660995483
890,80,gaussian,1,42,0.28125,0.484375,0.375,1.0,3.233316421508789,1.0504125356674194
891,80,gaussian,1,42,0.171875,0.46875,0.22916666666666666,1.0,0.5719783306121826,0.1771245002746582
892,80,gaussian,1,42,0.21875,0.453125,0.2916666666666667,1.0,2.708798885345459,0.8882759809494019
893,80,gaussian,1,42,0.34375,0.46875,0.4583333333333333,1.0,1.5312728881835938,0.5198073983192444
894,80,gaussian,1,42,0.390625,0.4375,0.5208333333333334,1.0,1.0166479349136353,0.35369765758514404
895,80,gaussian,1,42,0.40625,0.4375,0.5416666666666666,1.0,0.6832513809204102,0.23684963583946228
896,80,gaussian,1,42,0.4375,0.34375,0.5833333333333334,1.0,0.13583125174045563,0.042016007006168365
897,80,gaussian,1,42,0.390625,0.453125,0.5208333333333334,1.0,3.136664390563965,1.0316641330718994
898,80,gaussian,1,42,0.234375,0.4375,0.3125,1.0,1.129766583442688,0.3321313261985779
899,80,gaussian,1,42,0.3125,0.359375,0.4166666666666667,1.0,2.134392261505127,0.7267865538597107
900,80,gaussian,1,42,0.40625,0.3125,0.5416666666666666,1.0,5.376158237457275,1.8588378429412842
901,80,gaussian,1,42,0.234375,0.453125,0.3125,1.0,2.062932014465332,0.6776083111763
902,80,gaussian,1,42,0.203125,0.4375,0.2708333333333333,1.0,2.5248587131500244,0.8182907700538635
903,80,gaussian,1,42,0.203125,0.4375,0.2708333333333333,1.0,2.219855785369873,0.6558936834335327
904,80,gaussian,1,42,0.3125,0.140625,0.4166666666666667,1.0,1.3558443784713745,0.4336369037628174
905,80,gaussian,1,42,0.390625,0.453125,0.5208333333333334,1.0,2.565654754638672,0.9536778926849365
906,80,gaussian,1,42,0.390625,0.453125,0.5208333333333334,1.0,3.136573314666748,1.034332275390625
907,80,gaussian,1,42,0.265625,0.125,0.3541666666666667,1.0,2.759058713912964,0.978306233882904
908,80,gaussian,1,42,0.40625,0.375,0.5416666666666666,1.0,2.61686372756958,0.8554647564888
909,80,gaussian,1,42,,,,0.0,0.586402416229248,0.1773236095905304
910,80,gaussian,1,42,0.4375,0.46875,0.5833333333333334,1.0,3.553016185760498,1.2997699975967407
911,80,gaussian,1,42,0.203125,0.421875,0.2708333333333333,1.0,2.682868003845215,0.8952363729476929
912,80,gaussian,1,42,0.234375,0.453125,0.3125,1.0,3.371960401535034,1.1544458866119385
913,80,gaussian,1,42,0.140625,0.109375,0.45,1.0,1.0794830322265625,0.3277702033519745
914,80,gaussian,1,42,0.375,0.453125,0.5,1.0,0.478878378868103,0.16503971815109253
915,80,gaussian,1,42,0.1875,0.4375,0.25,1.0,2.4266676902770996,0.7477717399597168
916,80,gaussian,1,42,0.203125,0.453125,0.2708333333333333,1.0,0.7529676556587219,0.24531684815883636
917,80,gaussian,1,42,0.265625,0.25,0.3541666666666667,1.0,2.6099343299865723,0.8845552206039429
918,80,gaussian,1,42,0.375,0.34375,0.5,1.0,2.3299639225006104,0.8197547197341919
919,80,gaussian,1,42,0.328125,0.359375,0.4375,1.0,0.9081844091415405,0.29645854234695435
920,80,gaussian,1,42,0.390625,0.390625,0.5208333333333334,1.0,1.1244817972183228,0.37494611740112305
921,80,gaussian,1,42,0.1875,0.421875,0.25,1.0,1.1148113012313843,0.37623143196105957
922,80,gaussian,1,42,0.34375,0.421875,0.4583333333333333,1.0,0.3406543731689453,0.12090732902288437
923,80,gaussian,1,42,0.375,0.3125,0.5,1.0,0.4080069661140442,0.14584746956825256
924,80,gaussian,1,42,0.328125,0.46875,0.4375,1.0,2.5366244316101074,0.8537153005599976
925,80,gaussian,1,42,0.265625,0.4375,0.3541666666666667,1.0,3.3642711639404297,1.11465585231781
926,80,gaussian,1,42,0.203125,0.453125,0.2708333333333333,1.0,2.2144322395324707,0.6496160626411438
927,80,gaussian,1,42,0.5,0.265625,0.6666666666666666,1.0,3.816351890563965,1.1846781969070435
928,80,gaussian,1,42,0.359375,0.359375,0.4791666666666667,1.0,2.0253212451934814,0.7184322476387024
929,80,gaussian,1,42,0.25,0.4375,0.3333333333333333,1.0,0.3738230764865875,0.12082771956920624
930,80,gaussian,1,42,0.1875,0.453125,0.25,1.0,2.0942132472991943,0.7262576818466187
931,80,gaussian,1,42,0.359375,0.40625,0.4791666666666667,1.0,0.292173832654953,0.09822878986597061
932,80,gaussian,1,42,0.1875,0.453125,0.25,1.0,1.9887666702270508,0.6341384053230286
933,80,gaussian,1,42,0.234375,0.421875,0.3125,1.0,1.919198751449585,0.6483516693115234
934,80,gaussian,1,42,0.265625,0.46875,0.3541666666666667,1.0,2.2104907035827637,0.7370390892028809
935,80,gaussian,1,42,0.328125,0.34375,0.4375,1.0,2.668222427368164,0.9203866720199585
936,80,gaussian,1,42,0.296875,0.453125,0.3958333333333333,1.0,0.37498536705970764,0.12507809698581696
937,80,gaussian,1,42,0.46875,0.40625,0.625,1.0,6.880001544952393,2.1462929248809814
938,80,gaussian,1,42,0.21875,0.46875,0.2916666666666667,1.0,1.2161959409713745,0.41138535737991333
939,80,gaussian,1,42,0.359375,0.4375,0.4791666666666667,1.0,1.5350499153137207,0.5327935814857483
940,80,gaussian,1,42,0.296875,0.484375,0.3958333333333333,1.0,0.781748354434967,0.2619035840034485
941,80,gaussian,1,42,0.328125,0.4375,0.4375,1.0,0.2591710388660431,0.08390640467405319
942,80,gaussian,1,42,0.484375,0.5,0.6458333333333334,1.0,0.9429666996002197,0.3106853663921356
943,80,gaussian,1,42,0.25,0.203125,0.3333333333333333,1.0,2.5375113487243652,0.8131468296051025
944,80,gaussian,1,42,0.25,0.46875,0.3333333333333333,1.0,0.8435004949569702,0.298936128616333
945,80,gaussian,1,42,0.421875,0.46875,0.5625,1.0,1.7765514850616455,0.5814817547798157
946,80,gaussian,1,42,0.484375,0.5,0.6458333333333334,1.0,1.201851725578308,0.4215275049209595
947,80,gaussian,1,42,0.203125,0.359375,0.2708333333333333,1.0,1.5289266109466553,0.46026933193206787
948,80,gaussian,1,42,0.21875,0.421875,0.2916666666666667,1.0,3.259760856628418,1.0620143413543701
949,80,gaussian,1,42,0.203125,0.421875,0.2708333333333333,1.0,2.61954402923584,0.8663482069969177
950,80,gaussian,1,42,0.515625,0.359375,0.6875,1.0,2.7078561782836914,0.8574420213699341
951,80,gaussian,1,42,0.25,0.203125,0.3333333333333333,1.0,7.73629093170166,2.3645741939544678
952,80,gaussian,1,42,0.3125,0.4375,0.4166666666666667,1.0,0.2592741549015045,0.08239265531301498
953,80,gaussian,1,42,0.1875,0.4375,0.25,1.0,2.426726818084717,0.7391805052757263
954,80,gaussian,1,42,0.453125,0.453125,0.6041666666666666,1.0,0.33566737174987793,0.1046341136097908
955,80,gaussian,1,42,0.3125,0.359375,0.4166666666666667,1.0,0.638492226600647,0.2351197451353073
956,80,gaussian,1,42,0.21875,0.453125,0.2916666666666667,1.0,0.9771184921264648,0.3434406518936157
957,80,gaussian,1,42,0.25,0.234375,0.3333333333333333,1.0,3.7903594970703125,1.1642887592315674
958,80,gaussian,1,42,0.1875,0.453125,0.25,1.0,1.8569433689117432,0.6656593680381775
959,80,gaussian,1,42,0.25,0.46875,0.3333333333333333,1.0,0.9959408044815063,0.3579710125923157
960,80,gaussian,1,42,0.21875,0.203125,0.5,1.0,1.2359009981155396,0.3765902519226074
961,80,gaussian,1,42,0.484375,0.5,0.6458333333333334,1.0,0.350871205329895,0.11034906655550003
962,80,gaussian,1,42,0.375,0.4375,0.5,1.0,0.4391023814678192,0.15060260891914368
963,80,gaussian,1,42,0.234375,0.3125,0.3125,1.0,1.513915777206421,0.4588942527770996
964,80,gaussian,1,42,0.46875,0.484375,0.625,1.0,0.7405555248260498,0.24480918049812317
965,80,gaussian,1,42,0.25,0.40625,0.3333333333333333,1.0,1.5334501266479492,0.4694569706916809
966,80,gaussian,1,42,0.390625,0.46875,0.5208333333333334,1.0,0.8304747939109802,0.29258814454078674
967,80,gaussian,1,42,0.265625,0.421875,0.3541666666666667,1.0,1.4789621829986572,0.48904329538345337
968,80,gaussian,1,42,0.1875,0.484375,0.25,1.0,0.8856219053268433,0.2953210771083832
969,80,gaussian,1,42,0.25,0.453125,0.3333333333333333,1.0,0.7825987339019775,0.2557867467403412
970,80,gaussian,1,42,0.234375,0.4375,0.3125,1.0,2.719733238220215,0.983357846736908
971,80,gaussian,1,42,0.28125,0.4375,0.375,1.0,1.1296570301055908,0.37062105536460876
972,80,gaussian,1,42,0.34375,0.421875,0.4583333333333333,1.0,2.57382869720459,0.882642388343811
973,80,gaussian,1,42,0.390625,0.359375,0.5208333333333334,1.0,2.955395221710205,1.0823166370391846
974,80,gaussian,1,42,0.328125,0.484375,0.4375,1.0,1.8338247537612915,0.6276703476905823
975,80,gaussian,1,42,0.359375,0.25,0.4791666666666667,1.0,1.0539214611053467,0.35384121537208557
976,80,gaussian,1,42,0.421875,0.421875,0.5625,1.0,0.8460793495178223,0.28739646077156067
977,80,gaussian,1,42,0.265625,0.25,0.3541666666666667,1.0,1.2744371891021729,0.40641286969184875
978,80,gaussian,1,42,0.28125,0.40625,0.375,1.0,0.6937270760536194,0.22549019753932953
979,80,gaussian,1,42,0.5,0.359375,0.6666666666666666,1.0,15.221321105957031,4.873441696166992
980,80,gaussian,1,42,0.296875,0.5,0.3958333333333333,1.0,0.48762649297714233,0.14973384141921997
981,80,gaussian,1,42,0.1875,0.5,0.25,1.0,1.7840275764465332,0.568181037902832
982,80,gaussian,1,42,0.21875,0.453125,0.2916666666666667,1.0,2.0628886222839355,0.6894129514694214
983,80,gaussian,1,42,0.25,0.46875,0.3333333333333333,1.0,0.844319224357605,0.29876279830932617
984,80,gaussian,1,42,0.203125,0.484375,0.2708333333333333,1.0,0.8852852582931519,0.2894669473171234
985,80,gaussian,1,42,0.234375,0.40625,0.3125,1.0,5.069849967956543,1.6161625385284424
986,80,gaussian,1,42,0.234375,0.40625,0.3125,1.0,1.9874911308288574,0.6163460612297058
987,80,gaussian,1,42,0.21875,0.46875,0.2916666666666667,1.0,3.93367338180542,1.3615835905075073
988,80,gaussian,1,42,0.203125,0.484375,0.2708333333333333,1.0,1.2158253192901611,0.4058369994163513
989,80,gaussian,1,42,0.53125,0.4375,0.7083333333333334,1.0,0.525018572807312,0.19399499893188477
990,80,gaussian,1,42,0.203125,0.484375,0.2708333333333333,1.0,0.9976837635040283,0.3464077413082123
991,80,gaussian,1,42,0.25,0.453125,0.3333333333333333,1.0,0.7820647358894348,0.26083970069885254
992,80,gaussian,1,42,0.234375,0.203125,0.4838709677419355,1.0,4.85668420791626,1.4702880382537842
993,80,gaussian,1,42,,,,0.0,1.523524522781372,0.4593333899974823
994,80,gaussian,1,42,0.203125,0.421875,0.2708333333333333,1.0,1.1122839450836182,0.3746485114097595
995,80,gaussian,1,42,0.21875,0.4375,0.2916666666666667,1.0,1.1636364459991455,0.40747326612472534
996,80,gaussian,1,42,0.265625,0.421875,0.3541666666666667,1.0,1.1074085235595703,0.36176231503486633
997,80,gaussian,1,42,0.09375,0.0625,0.4,1.0,0.5866039395332336,0.18079742789268494
998,80,gaussian,1,42,0.234375,0.421875,0.3125,1.0,1.9181500673294067,0.6416750550270081
999,80,gaussian,1,42,0.40625,0.4375,0.5416666666666666,1.0,7.192363739013672,2.3886942863464355
0,120,gaussian,1,42,0.125,0.296875,0.25,1.0,1.9892501831054688,0.6356554627418518
1,120,gaussian,1,42,0.15625,0.296875,0.3125,1.0,2.3124098777770996,0.8068695068359375
2,120,gaussian,1,42,0.25,0.25,0.5,1.0,0.725523829460144,0.24549369513988495
3,120,gaussian,1,42,0.171875,0.296875,0.34375,1.0,2.2132909297943115,0.7228179574012756
4,120,gaussian,1,42,0.15625,0.296875,0.3125,1.0,1.1290066242218018,0.3353668749332428
5,120,gaussian,1,42,0.171875,0.171875,0.34375,1.0,0.9959242939949036,0.2997701168060303
6,120,gaussian,1,42,0.140625,0.265625,0.28125,1.0,1.9125115871429443,0.642183244228363
7,120,gaussian,1,42,0.28125,0.28125,0.5625,1.0,0.20850923657417297,0.06824371218681335
8,120,gaussian,1,42,0.171875,0.265625,0.34375,1.0,2.987826108932495,1.0046526193618774
9,120,gaussian,1,42,0.21875,0.1875,0.4375,1.0,6.061700820922852,2.1385257244110107
10,120,gaussian,1,42,0.140625,0.234375,0.28125,1.0,1.5146663188934326,0.4551909863948822
11,120,gaussian,1,42,0.15625,0.296875,0.3125,1.0,2.081439733505249,0.7192129492759705
12,120,gaussian,1,42,0.265625,0.28125,0.53125,1.0,0.2085888385772705,0.06824370473623276
13,120,gaussian,1,42,0.15625,0.140625,0.3125,1.0,1.2311656475067139,0.3825078010559082
14,120,gaussian,1,42,0.34375,0.15625,0.6875,1.0,0.5964431166648865,0.17500926554203033
15,120,gaussian,1,42,0.140625,0.109375,0.28125,1.0,1.538785696029663,0.4493439793586731
16,120,gaussian,1,42,0.15625,0.296875,0.3125,1.0,1.6976032257080078,0.5613232851028442
17,120,gaussian,1,42,0.265625,0.28125,0.53125,1.0,0.25398576259613037,0.08843199908733368
18,120,gaussian,1,42,0.125,0.3125,0.25,1.0,0.8824282884597778,0.29389268159866333
19,120,gaussian,1,42,0.328125,0.171875,0.65625,1.0,2.6568920612335205,0.9446226358413696
20,120,gaussian,1,42,0.15625,0.140625,0.3125,1.0,2.235281467437744,0.7233791351318359
21,120,gaussian,1,42,0.15625,0.3125,0.3125,1.0,1.3350639343261719,0.4696386158466339
22,120,gaussian,1,42,0.171875,0.3125,0.34375,1.0,1.3385930061340332,0.4696386158466339
23,120,gaussian,1,42,0.09375,0.3125,0.1875,1.0,0.35718661546707153,0.10909299552440643
24,120,gaussian,1,42,0.171875,0.296875,0.34375,1.0,1.058043122291565,0.3629729151725769
25,120,gaussian,1,42,0.328125,0.328125,0.65625,1.0,2.650434970855713,0.8698555827140808
26,120,gaussian,1,42,0.359375,0.125,0.71875,1.0,3.904571056365967,1.2443922758102417
27,120,gaussian,1,42,0.203125,0.296875,0.40625,1.0,0.39930593967437744,0.14424189925193787
28,120,gaussian,1,42,0.3125,0.28125,0.625,1.0,2.5294480323791504,0.827955424785614
29,120,gaussian,1,42,0.28125,0.25,0.5625,1.0,3.488938093185425,1.2590175867080688
30,120,gaussian,1,42,0.125,0.28125,0.25,1.0,0.7847936153411865,0.268269807100296
31,120,gaussian,1,42,0.125,0.28125,0.25,1.0,3.2481465339660645,1.0903656482696533
32,120,gaussian,1,42,0.140625,0.28125,0.28125,1.0,2.6798224449157715,0.8880186080932617
33,120,gaussian,1,42,0.375,0.28125,0.75,1.0,0.40064799785614014,0.13902129232883453
34,120,gaussian,1,42,0.234375,0.171875,0.46875,1.0,0.8918744921684265,0.3588749170303345
35,120,gaussian,1,42,0.203125,0.203125,0.40625,1.0,1.0737061500549316,0.3498137891292572
36,120,gaussian,1,42,0.125,0.28125,0.25,1.0,2.1117594242095947,0.7304341793060303
37,120,gaussian,1,42,0.1875,0.140625,0.375,1.0,0.5216308236122131,0.19282181560993195
38,120,gaussian,1,42,0.21875,0.171875,0.4375,1.0,0.8934537172317505,0.3588749170303345
39,120,gaussian,1,42,0.203125,0.203125,0.40625,1.0,2.135638475418091,0.7319700121879578
40,120,gaussian,1,42,0.265625,0.296875,0.53125,1.0,1.334323763847351,0.4710029363632202
41,120,gaussian,1,42,0.234375,0.296875,0.46875,1.0,0.9720205068588257,0.3298730254173279
42,120,gaussian,1,42,0.15625,0.265625,0.3125,1.0,1.9815871715545654,0.6202473044395447
43,120,gaussian,1,42,0.296875,0.328125,0.59375,1.0,4.11343240737915,1.3195258378982544
44,120,gaussian,1,42,0.296875,0.296875,0.59375,1.0,0.33487164974212646,0.10481635481119156
45,120,gaussian,1,42,0.296875,0.25,0.59375,1.0,3.9795470237731934,1.3409349918365479
46,120,gaussian,1,42,0.171875,0.28125,0.34375,1.0,0.9521653652191162,0.3232263922691345
47,120,gaussian,1,42,0.140625,0.296875,0.28125,1.0,3.2497756481170654,1.0514593124389648
48,120,gaussian,1,42,0.140625,0.296875,0.28125,1.0,0.7862014770507812,0.2479552924633026
49,120,gaussian,1,42,0.15625,0.3125,0.3125,1.0,1.3346424102783203,0.4696386158466339
50,120,gaussian,1,42,0.34375,0.3125,0.6875,1.0,2.219999074935913,0.7215526700019836
51,120,gaussian,1,42,0.15625,0.140625,0.3125,1.0,2.23372220993042,0.7233791351318359
52,120,gaussian,1,42,0.21875,0.21875,0.4375,1.0,2.139908790588379,0.751731276512146
53,120,gaussian,1,42,0.15625,0.140625,0.3125,1.0,0.29047727584838867,0.08795787394046783
54,120,gaussian,1,42,0.203125,0.3125,0.40625,1.0,0.7827351093292236,0.2658153772354126
55,120,gaussian,1,42,0.140625,0.328125,0.28125,1.0,1.0823974609375,0.3530712425708771
56,120,gaussian,1,42,0.15625,0.125,0.3125,1.0,1.5434446334838867,0.47155678272247314
57,120,gaussian,1,42,0.265625,0.25,0.53125,1.0,1.2777881622314453,0.4475904703140259
58,120,gaussian,1,42,0.265625,0.28125,0.53125,1.0,8.42131519317627,2.9245388507843018
59,120,gaussian,1,42,0.203125,0.28125,0.40625,1.0,0.47926241159439087,0.16770228743553162
60,120,gaussian,1,42,0.125,0.296875,0.25,1.0,1.7198333740234375,0.5715391039848328
61,120,gaussian,1,42,0.109375,0.265625,0.21875,1.0,1.2429697513580322,0.396025151014328
62,120,gaussian,1,42,0.1875,0.3125,0.375,1.0,3.2286152839660645,1.0621241331100464
63,120,gaussian,1,42,0.125,0.3125,0.25,1.0,0.8823189735412598,0.29389268159866333
64,120,gaussian,1,42,0.3125,0.328125,0.625,1.0,1.2046254873275757,0.41919246315956116
65,120,gaussian,1,42,0.171875,0.125,0.34375,1.0,7.729958534240723,2.3642730712890625
66,120,gaussian,1,42,0.1875,0.28125,0.375,1.0,5.161326885223389,1.7771198749542236
67,120,gaussian,1,42,0.265625,0.296875,0.53125,1.0,0.6113057136535645,0.19749173521995544
68,120,gaussian,1,42,0.125,0.28125,0.25,1.0,1.2991273403167725,0.4172990620136261
69,120,gaussian,1,42,0.1875,0.25,0.375,1.0,2.671508550643921,0.906391978263855
70,120,gaussian,1,42,0.203125,0.328125,0.40625,1.0,1.139536738395691,0.3806523382663727
71,120,gaussian,1,42,0.359375,0.15625,0.71875,1.0,0.595693826675415,0.17500925064086914
72,120,gaussian,1,42,0.203125,0.265625,0.40625,1.0,0.48079559206962585,0.16770228743553162
73,120,gaussian,1,42,0.28125,0.25,0.5625,1.0,3.4818806648254395,1.2590175867080688
74,120,gaussian,1,42,0.296875,0.3125,0.59375,1.0,0.689056932926178,0.22890017926692963
75,120,gaussian,1,42,0.1875,0.1875,0.375,1.0,1.1906476020812988,0.3775847554206848
76,120,gaussian,1,42,0.140625,0.296875,0.28125,1.0,3.4653587341308594,1.132073998451233
77,120,gaussian,1,42,0.140625,0.265625,0.28125,1.0,0.586927056312561,0.17396937310695648
78,120,gaussian,1,42,0.15625,0.28125,0.3125,1.0,2.9661684036254883,0.9458302855491638
79,120,gaussian,1,42,0.140625,0.328125,0.28125,1.0,1.8691949844360352,0.5583111643791199
80,120,gaussian,1,42,0.125,0.28125,0.25,1.0,0.599877119064331,0.19633041322231293
81,120,gaussian,1,42,0.125,0.28125,0.25,1.0,2.660322666168213,0.8880185484886169
82,120,gaussian,1,42,0.25,0.265625,0.5,1.0,1.1194888353347778,0.3784044682979584
83,120,gaussian,1,42,0.125,0.28125,0.25,1.0,2.1354753971099854,0.7478921413421631
84,120,gaussian,1,42,0.234375,0.25,0.46875,1.0,0.528952419757843,0.18881584703922272
85,120,gaussian,1,42,0.28125,0.234375,0.5625,1.0,1.4398449659347534,0.49489012360572815
86,120,gaussian,1,42,0.328125,0.3125,0.65625,1.0,0.7391300797462463,0.2461242526769638
87,120,gaussian,1,42,0.265625,0.28125,0.53125,1.0,7.165328025817871,2.38603138923645
88,120,gaussian,1,42,0.15625,0.28125,0.3125,1.0,1.80611252784729,0.6145297884941101
89,120,gaussian,1,42,0.171875,0.296875,0.34375,1.0,2.5253560543060303,0.7681835889816284
90,120,gaussian,1,42,0.140625,0.3125,0.28125,1.0,1.6118195056915283,0.5127493143081665
91,120,gaussian,1,42,0.234375,0.296875,0.46875,1.0,0.7285741567611694,0.24572189152240753
92,120,gaussian,1,42,0.21875,0.296875,0.4375,1.0,0.920770525932312,0.32737624645233154
93,120,gaussian,1,42,0.171875,0.28125,0.34375,1.0,1.400841474533081,0.4756790101528168
94,120,gaussian,1,42,0.109375,0.296875,0.21875,1.0,1.971308946609497,0.6326795816421509
95,120,gaussian,1,42,0.171875,0.296875,0.34375,1.0,0.9026685953140259,0.31607916951179504
96,120,gaussian,1,42,0.359375,0.296875,0.71875,1.0,1.102394461631775,0.40008917450904846
97,120,gaussian,1,42,0.125,0.296875,0.25,1.0,2.120659112930298,0.7477774024009705
98,120,gaussian,1,42,0.140625,0.296875,0.28125,1.0,0.7851406335830688,0.2479552924633026
99,120,gaussian,1,42,0.25,0.203125,0.5,1.0,2.2960448265075684,0.760219395160675
100,120,gaussian,1,42,0.234375,0.3125,0.46875,1.0,1.530335545539856,0.5190969705581665
101,120,gaussian,1,42,0.125,0.28125,0.25,1.0,2.134392738342285,0.7478921413421631
102,120,gaussian,1,42,0.34375,0.296875,0.6875,1.0,2.2212674617767334,0.7215526700019836
103,120,gaussian,1,42,0.171875,0.1875,0.34375,1.0,0.9990772008895874,0.2997701168060303
104,120,gaussian,1,42,0.234375,0.25,0.46875,1.0,1.038009762763977,0.35948023200035095
105,120,gaussian,1,42,0.1875,0.203125,0.375,1.0,1.6101380586624146,0.51277095079422
106,120,gaussian,1,42,0.3125,0.21875,0.625,1.0,6.779593467712402,2.347736358642578
107,120,gaussian,1,42,0.203125,0.28125,0.40625,1.0,3.3260748386383057,1.1142836809158325
108,120,gaussian,1,42,0.21875,0.296875,0.4375,1.0,4.658970832824707,1.6733280420303345
109,120,gaussian,1,42,0.1875,0.265625,0.375,1.0,0.6926839351654053,0.22600243985652924
110,120,gaussian,1,42,0.21875,0.296875,0.4375,1.0,4.646406650543213,1.6733280420303345
111,120,gaussian,1,42,0.15625,0.28125,0.3125,1.0,1.15138840675354,0.40454134345054626
112,120,gaussian,1,42,0.140625,0.234375,0.28125,1.0,2.845015287399292,0.8512218594551086
113,120,gaussian,1,42,0.171875,0.265625,0.34375,1.0,1.2952240705490112,0.424254447221756
114,120,gaussian,1,42,0.265625,0.25,0.53125,1.0,3.0139503479003906,1.076743245124817
115,120,gaussian,1,42,0.125,0.28125,0.25,1.0,1.2569122314453125,0.42354270815849304
116,120,gaussian,1,42,0.25,0.265625,0.5,1.0,1.2949373722076416,0.45391595363616943
117,120,gaussian,1,42,0.25,0.203125,0.5,1.0,0.8387161493301392,0.2958470582962036
118,120,gaussian,1,42,0.234375,0.203125,0.46875,1.0,2.0783708095550537,0.7440846562385559
119,120,gaussian,1,42,0.140625,0.109375,0.28125,1.0,0.9805293679237366,0.28719931840896606
120,120,gaussian,1,42,0.171875,0.1875,0.34375,1.0,0.9669005870819092,0.34201377630233765
121,120,gaussian,1,42,0.25,0.25,0.5,1.0,4.745540618896484,1.681455373764038
122,120,gaussian,1,42,0.140625,0.28125,0.28125,1.0,2.0894110202789307,0.7304341793060303
123,120,gaussian,1,42,0.15625,0.28125,0.3125,1.0,2.724785327911377,0.9887731075286865
124,120,gaussian,1,42,0.1875,0.1875,0.375,1.0,1.1138195991516113,0.3426576554775238
125,120,gaussian,1,42,0.1875,0.203125,0.375,1.0,2.9886088371276855,1.0836302042007446
126,120,gaussian,1,42,0.265625,0.296875,0.53125,1.0,0.4422803521156311,0.15965035557746887
127,120,gaussian,1,42,0.25,0.28125,0.5,1.0,3.1272411346435547,1.0339096784591675
128,120,gaussian,1,42,0.21875,0.296875,0.4375,1.0,0.7287777662277222,0.23785223066806793
129,120,gaussian,1,42,0.34375,0.1875,0.6875,1.0,3.813605785369873,1.1939916610717773
130,120,gaussian,1,42,0.203125,0.328125,0.40625,1.0,0.48565518856048584,0.14776140451431274
131,120,gaussian,1,42,0.140625,0.3125,0.28125,1.0,1.5483133792877197,0.4894073009490967
132,120,gaussian,1,42,0.125,0.28125,0.25,1.0,2.6327261924743652,0.867691695690155
133,120,gaussian,1,42,0.3125,0.296875,0.625,1.0,3.633960247039795,1.1947077512741089
134,120,gaussian,1,42,0.140625,0.265625,0.28125,1.0,0.5862652063369751,0.17396937310695648
135,120,gaussian,1,42,0.34375,0.25,0.6875,1.0,2.0881922245025635,0.6984643936157227
136,120,gaussian,1,42,0.234375,0.203125,0.46875,1.0,2.0774948596954346,0.7440846562385559
137,120,gaussian,1,42,0.234375,0.234375,0.46875,1.0,1.5958991050720215,0.5471730828285217
138,120,gaussian,1,42,0.3125,0.28125,0.625,1.0,0.9511188268661499,0.306283563375473
139,120,gaussian,1,42,0.3125,0.28125,0.625,1.0,2.9988155364990234,1.0942634344100952
140,120,gaussian,1,42,0.140625,0.09375,0.28125,1.0,0.9723837375640869,0.28719931840896606
141,120,gaussian,1,42,0.359375,0.265625,0.71875,1.0,6.768777847290039,2.0703814029693604
142,120,gaussian,1,42,0.1875,0.203125,0.375,1.0,0.9972678422927856,0.33865776658058167
143,120,gaussian,1,42,0.15625,0.28125,0.3125,1.0,2.725083112716675,0.9887730479240417
144,120,gaussian,1,42,0.28125,0.3125,0.5625,1.0,3.073964834213257,0.9555655121803284
145,120,gaussian,1,42,0.203125,0.234375,0.40625,1.0,1.1208734512329102,0.3646370768547058
146,120,gaussian,1,42,0.140625,0.296875,0.28125,1.0,3.227221965789795,1.0903656482696533
147,120,gaussian,1,42,0.203125,0.1875,0.40625,1.0,2.2867448329925537,0.7572997212409973
148,120,gaussian,1,42,0.203125,0.203125,0.40625,1.0,1.0736368894577026,0.3498137891292572
149,120,gaussian,1,42,0.1875,0.328125,0.375,1.0,1.362196922302246,0.4626970887184143
150,120,gaussian,1,42,0.328125,0.296875,0.65625,1.0,0.387858510017395,0.13604682683944702
151,120,gaussian,1,42,0.28125,0.3125,0.5625,1.0,0.6654475927352905,0.22425968945026398
152,120,gaussian,1,42,0.1875,0.203125,0.375,1.0,1.5146414041519165,0.46210265159606934
153,120,gaussian,1,42,0.234375,0.203125,0.46875,1.0,2.07802152633667,0.7440847158432007
154,120,gaussian,1,42,0.375,0.3125,0.75,1.0,2.8358078002929688,0.882222056388855
155,120,gaussian,1,42,0.203125,0.328125,0.40625,1.0,0.21604445576667786,0.06841857731342316
156,120,gaussian,1,42,0.203125,0.21875,0.40625,1.0,1.1217608451843262,0.3646370768547058
157,120,gaussian,1,42,0.234375,0.1875,0.46875,1.0,6.0731611251831055,2.1385257244110107
158,120,gaussian,1,42,0.328125,0.296875,0.65625,1.0,2.6284830570220947,0.9427172541618347
159,120,gaussian,1,42,0.25,0.28125,0.5,1.0,0.6475966572761536,0.22398334741592407
160,120,gaussian,1,42,0.203125,0.1875,0.40625,1.0,0.6099822521209717,0.1960570067167282
161,120,gaussian,1,42,0.234375,0.25,0.46875,1.0,0.39410439133644104,0.13647978007793427
162,120,gaussian,1,42,0.203125,0.265625,0.40625,1.0,0.4807380437850952,0.16770228743553162
163,120,gaussian,1,42,0.234375,0.3125,0.46875,1.0,1.52888822555542,0.5190969705581665
164,120,gaussian,1,42,0.203125,0.3125,0.40625,1.0,1.3664307594299316,0.45219579339027405
165,120,gaussian,1,42,0.171875,0.234375,0.34375,1.0,2.2829389572143555,0.7110127210617065
166,120,gaussian,1,42,0.15625,0.296875,0.3125,1.0,1.5933823585510254,0.5418189167976379
167,120,gaussian,1,42,0.234375,0.265625,0.46875,1.0,1.7534918785095215,0.6520154476165771
168,120,gaussian,1,42,0.21875,0.296875,0.4375,1.0,0.25876638293266296,0.08283542096614838
169,120,gaussian,1,42,0.203125,0.328125,0.40625,1.0,2.5274410247802734,0.853732168674469
170,120,gaussian,1,42,0.3125,0.203125,0.625,1.0,1.0363245010375977,0.32954296469688416
171,120,gaussian,1,42,0.1875,0.1875,0.375,1.0,1.1141250133514404,0.3426576852798462
172,120,gaussian,1,42,0.203125,0.21875,0.40625,1.0,1.7304162979125977,0.5800822973251343
173,120,gaussian,1,42,0.328125,0.234375,0.65625,1.0,6.7555437088012695,2.347736358642578
174,120,gaussian,1,42,0.171875,0.21875,0.34375,1.0,2.146859645843506,0.6833860874176025
175,120,gaussian,1,42,0.328125,0.328125,0.65625,1.0,0.9441452026367188,0.3147042989730835
176,120,gaussian,1,42,0.140625,0.265625,0.28125,1.0,0.9011924266815186,0.3399078845977783
177,120,gaussian,1,42,0.15625,0.328125,0.3125,1.0,1.8248037099838257,0.6312980651855469
178,120,gaussian,1,42,0.296875,0.21875,0.59375,1.0,3.0354762077331543,1.053959846496582
179,120,gaussian,1,42,0.140625,0.3125,0.28125,1.0,0.9976067543029785,0.3449229598045349
180,120,gaussian,1,42,0.265625,0.21875,0.53125,1.0,1.0528883934020996,0.3614308536052704
181,120,gaussian,1,42,0.265625,0.296875,0.53125,1.0,0.8307743072509766,0.2952440679073334
182,120,gaussian,1,42,0.140625,0.3125,0.28125,1.0,1.0796163082122803,0.35915425419807434
183,120,gaussian,1,42,0.15625,0.328125,0.3125,1.0,4.4565606117248535,1.3797106742858887
184,120,gaussian,1,42,0.21875,0.1875,0.4375,1.0,6.072203636169434,2.1385254859924316
185,120,gaussian,1,42,0.265625,0.296875,0.53125,1.0,1.3339816331863403,0.4710029065608978
186,120,gaussian,1,42,0.171875,0.28125,0.34375,1.0,1.8052420616149902,0.6145297884941101
187,120,gaussian,1,42,0.1875,0.1875,0.375,1.0,0.3469722270965576,0.11180266737937927
188,120,gaussian,1,42,0.328125,0.15625,0.65625,1.0,2.6712722778320312,0.9446226358413696
189,120,gaussian,1,42,0.265625,0.25,0.53125,1.0,1.0083396434783936,0.341830849647522
190,120,gaussian,1,42,0.296875,0.3125,0.59375,1.0,3.078901767730713,0.9555655121803284
191,120,gaussian,1,42,0.1875,0.1875,0.375,1.0,1.1839685440063477,0.3775847554206848
192,120,gaussian,1,42,0.109375,0.25,0.21875,1.0,0.6298732757568359,0.18517935276031494
193,120,gaussian,1,42,0.125,0.140625,0.25,1.0,3.661231517791748,1.0271719694137573
194,120,gaussian,1,42,0.140625,0.28125,0.28125,1.0,0.6346741914749146,0.2002226859331131
195,120,gaussian,1,42,0.1875,0.09375,0.375,1.0,5.437793731689453,1.7449796199798584
196,120,gaussian,1,42,0.234375,0.21875,0.46875,1.0,3.333173990249634,1.1407109498977661
197,120,gaussian,1,42,0.109375,0.296875,0.21875,1.0,2.1129603385925293,0.7477774024009705
198,120,gaussian,1,42,0.25,0.265625,0.5,1.0,7.827798843383789,2.724871873855591
199,120,gaussian,1,42,0.109375,0.28125,0.21875,1.0,1.8530261516571045,0.6433864831924438
200,120,gaussian,1,42,0.140625,0.3125,0.28125,1.0,2.7004358768463135,0.8979184031486511
201,120,gaussian,1,42,0.140625,0.296875,0.28125,1.0,6.068752288818359,2.034385919570923
202,120,gaussian,1,42,0.140625,0.28125,0.28125,1.0,1.338475227355957,0.4306492805480957
203,120,gaussian,1,42,0.265625,0.3125,0.53125,1.0,3.641113042831421,1.255588173866272
204,120,gaussian,1,42,0.171875,0.34375,0.34375,1.0,2.5650925636291504,0.8440956473350525
205,120,gaussian,1,42,0.140625,0.296875,0.28125,1.0,1.1202731132507324,0.3353668451309204
206,120,gaussian,1,42,0.21875,0.21875,0.4375,1.0,0.2915176749229431,0.08988106995820999
207,120,gaussian,1,42,0.203125,0.265625,0.40625,1.0,6.550783634185791,2.08365535736084
208,120,gaussian,1,42,0.234375,0.3125,0.46875,1.0,2.051018238067627,0.6698139905929565
209,120,gaussian,1,42,0.203125,0.265625,0.40625,1.0,3.305950164794922,1.1142836809158325
210,120,gaussian,1,42,0.265625,0.234375,0.53125,1.0,1.048447608947754,0.3614308536052704
211,120,gaussian,1,42,0.28125,0.21875,0.5625,1.0,3.245248794555664,1.196162223815918
212,120,gaussian,1,42,0.15625,0.265625,0.3125,1.0,1.729894995689392,0.5816274285316467
213,120,gaussian,1,42,0.125,0.296875,0.25,1.0,1.5259302854537964,0.5257356762886047
214,120,gaussian,1,42,0.125,0.296875,0.25,1.0,1.5329012870788574,0.5257356762886047
215,120,gaussian,1,42,0.125,0.28125,0.25,1.0,1.0600404739379883,0.3645017445087433
216,120,gaussian,1,42,0.359375,0.25,0.71875,1.0,4.074529647827148,1.2652599811553955
217,120,gaussian,1,42,0.171875,0.28125,0.34375,1.0,1.0544558763504028,0.32252177596092224
218,120,gaussian,1,42,0.109375,0.25,0.21875,1.0,0.6237318515777588,0.18517935276031494
219,120,gaussian,1,42,0.328125,0.171875,0.65625,1.0,4.8509697914123535,1.4879249334335327
220,120,gaussian,1,42,0.171875,0.15625,0.34375,1.0,2.608100414276123,0.881791353225708
221,120,gaussian,1,42,0.265625,0.28125,0.53125,1.0,0.20858493447303772,0.06824370473623276
222,120,gaussian,1,42,0.203125,0.28125,0.40625,1.0,1.543154001235962,0.497736394405365
223,120,gaussian,1,42,0.203125,0.3125,0.40625,1.0,2.5386297702789307,0.8660001158714294
224,120,gaussian,1,42,0.3125,0.296875,0.625,1.0,2.9933836460113525,1.0942633152008057
225,120,gaussian,1,42,0.296875,0.21875,0.59375,1.0,2.9330382347106934,0.9399842023849487
226,120,gaussian,1,42,0.15625,0.265625,0.3125,1.0,1.3134796619415283,0.4333727955818176
227,120,gaussian,1,42,0.171875,0.296875,0.34375,1.0,1.4722676277160645,0.47676071524620056
228,120,gaussian,1,42,0.265625,0.296875,0.53125,1.0,1.3325481414794922,0.4710029363632202
229,120,gaussian,1,42,0.25,0.234375,0.5,1.0,2.954446315765381,1.0764422416687012
230,120,gaussian,1,42,0.21875,0.1875,0.4375,1.0,6.067139625549316,2.1385254859924316
231,120,gaussian,1,42,0.15625,0.265625,0.3125,1.0,0.24613401293754578,0.08155831694602966
232,120,gaussian,1,42,0.359375,0.296875,0.71875,1.0,1.1056382656097412,0.40008917450904846
233,120,gaussian,1,42,0.109375,0.296875,0.21875,1.0,1.899600863456726,0.606056809425354
234,120,gaussian,1,42,0.328125,0.328125,0.65625,1.0,1.196181297302246,0.41919246315956116
235,120,gaussian,1,42,0.296875,0.3125,0.59375,1.0,2.27797269821167,0.7750107049942017
236,120,gaussian,1,42,0.15625,0.28125,0.3125,1.0,0.6809295415878296,0.22119741141796112
237,120,gaussian,1,42,0.3125,0.3125,0.625,1.0,0.8797917366027832,0.27559131383895874
238,120,gaussian,1,42,0.171875,0.296875,0.34375,1.0,0.9948533773422241,0.3565085232257843
239,120,gaussian,1,42,0.15625,0.265625,0.3125,1.0,4.361289978027344,1.394054889678955
240,120,gaussian,1,42,0.25,0.09375,0.5,1.0,1.5128363370895386,0.5029045343399048
241,120,gaussian,1,42,0.265625,0.28125,0.53125,1.0,7.182565212249756,2.3860316276550293
242,120,gaussian,1,42,0.15625,0.28125,0.3125,1.0,0.9524685144424438,0.3232264220714569
243,120,gaussian,1,42,0.203125,0.296875,0.40625,1.0,6.4091925621032715,2.317805767059326
244,120,gaussian,1,42,0.15625,0.28125,0.3125,1.0,1.6510573625564575,0.5510165095329285
245,120,gaussian,1,42,0.140625,0.296875,0.28125,1.0,1.4586598873138428,0.47281062602996826
246,120,gaussian,1,42,0.125,0.328125,0.25,1.0,2.720700263977051,0.8682747483253479
247,120,gaussian,1,42,0.125,0.28125,0.25,1.0,3.241546154022217,1.0903657674789429
248,120,gaussian,1,42,0.125,0.28125,0.25,1.0,1.4312587976455688,0.4109717607498169
249,120,gaussian,1,42,0.203125,0.296875,0.40625,1.0,2.539217233657837,0.8660001158714294
250,120,gaussian,1,42,0.265625,0.203125,0.53125,1.0,5.3603739738464355,1.846243143081665
251,120,gaussian,1,42,0.21875,0.21875,0.4375,1.0,0.8022342920303345,0.2681974470615387
252,120,gaussian,1,42,0.15625,0.296875,0.3125,1.0,0.6342724561691284,0.2089425027370453
253,120,gaussian,1,42,0.171875,0.265625,0.34375,1.0,3.9614949226379395,1.2741868495941162
254,120,gaussian,1,42,0.140625,0.15625,0.28125,1.0,3.9208614826202393,1.1794668436050415
255,120,gaussian,1,42,0.1875,0.234375,0.375,1.0,1.4579193592071533,0.47241586446762085
256,120,gaussian,1,42,0.15625,0.296875,0.3125,1.0,1.1266710758209229,0.3353668749332428
257,120,gaussian,1,42,0.15625,0.28125,0.3125,1.0,0.373048335313797,0.11962015181779861
258,120,gaussian,1,42,0.1875,0.25,0.375,1.0,0.628116250038147,0.21381822228431702
259,120,gaussian,1,42,0.140625,0.265625,0.28125,1.0,1.488034963607788,0.4570489525794983
260,120,gaussian,1,42,0.234375,0.234375,0.46875,1.0,1.592710256576538,0.547173023223877
261,120,gaussian,1,42,0.171875,0.28125,0.34375,1.0,1.0508294105529785,0.32252177596092224
262,120,gaussian,1,42,0.34375,0.21875,0.6875,1.0,2.6904611587524414,0.8516330718994141
263,120,gaussian,1,42,0.125,0.328125,0.25,1.0,0.6226593852043152,0.18992917239665985
264,120,gaussian,1,42,0.140625,0.28125,0.28125,1.0,0.9085531234741211,0.3399078845977783
265,120,gaussian,1,42,0.140625,0.140625,0.28125,1.0,0.16430413722991943,0.04736306890845299
266,120,gaussian,1,42,0.25,0.296875,0.5,1.0,3.724337100982666,1.2777098417282104
267,120,gaussian,1,42,0.265625,0.28125,0.53125,1.0,0.254502534866333,0.08843199908733368
268,120,gaussian,1,42,0.15625,0.296875,0.3125,1.0,1.4700394868850708,0.4925076365470886
269,120,gaussian,1,42,0.140625,0.3125,0.28125,1.0,1.5495400428771973,0.4894073009490967
270,120,gaussian,1,42,0.34375,0.1875,0.6875,1.0,3.815251350402832,1.1939916610717773
271,120,gaussian,1,42,0.140625,0.109375,0.28125,1.0,1.5193853378295898,0.4493439793586731
272,120,gaussian,1,42,0.125,0.296875,0.25,1.0,0.6395686864852905,0.22000110149383545
273,120,gaussian,1,42,0.328125,0.15625,0.65625,1.0,2.670948028564453,0.9446226358413696
274,120,gaussian,1,42,0.125,0.296875,0.25,1.0,3.2396154403686523,1.0903656482696533
275,120,gaussian,1,42,0.171875,0.28125,0.34375,1.0,2.495464324951172,0.8295822739601135
276,120,gaussian,1,42,0.15625,0.265625,0.3125,1.0,0.5274155139923096,0.18065448105335236
277,120,gaussian,1,42,0.1875,0.28125,0.375,1.0,1.130774736404419,0.36708858609199524
278,120,gaussian,1,42,0.28125,0.234375,0.5625,1.0,0.5625554323196411,0.1794770359992981
279,120,gaussian,1,42,0.234375,0.265625,0.46875,1.0,0.291949063539505,0.09871941059827805
280,120,gaussian,1,42,0.328125,0.328125,0.65625,1.0,0.9443022012710571,0.3147042691707611
281,120,gaussian,1,42,0.15625,0.265625,0.3125,1.0,2.73169207572937,0.9053818583488464
282,120,gaussian,1,42,0.28125,0.3125,0.5625,1.0,0.6666494607925415,0.22425968945026398
283,120,gaussian,1,42,0.171875,0.28125,0.34375,1.0,2.989314556121826,1.0046526193618774
284,120,gaussian,1,42,0.171875,0.140625,0.34375,1.0,1.8579435348510742,0.6200043559074402
285,120,gaussian,1,42,0.140625,0.28125,0.28125,1.0,1.4624879360198975,0.4728105962276459
286,120,gaussian,1,42,0.265625,0.3125,0.53125,1.0,0.6115203499794006,0.19749173521995544
287,120,gaussian,1,42,0.125,0.25,0.25,1.0,1.0864683389663696,0.3584063947200775
288,120,gaussian,1,42,0.203125,0.28125,0.40625,1.0,0.25880324840545654,0.08283542841672897
289,120,gaussian,1,42,0.203125,0.203125,0.40625,1.0,0.5707061886787415,0.20059596002101898
290,120,gaussian,1,42,0.265625,0.28125,0.53125,1.0,8.393449783325195,2.9245388507843018
291,120,gaussian,1,42,0.34375,0.171875,0.6875,1.0,3.818415641784668,1.1939916610717773
292,120,gaussian,1,42,0.25,0.3125,0.5,1.0,2.0523970127105713,0.6698140501976013
293,120,gaussian,1,42,0.296875,0.328125,0.59375,1.0,4.11799955368042,1.3195258378982544
294,120,gaussian,1,42,0.203125,0.3125,0.40625,1.0,0.7820690274238586,0.2658153772354126
295,120,gaussian,1,42,0.15625,0.296875,0.3125,1.0,2.0623958110809326,0.6832566857337952
296,120,gaussian,1,42,0.09375,0.28125,0.1875,1.0,1.814697265625,0.6433864235877991
297,120,gaussian,1,42,0.171875,0.171875,0.34375,1.0,1.6539684534072876,0.5026766061782837
298,120,gaussian,1,42,0.34375,0.25,0.6875,1.0,2.638153076171875,0.9125421643257141
299,120,gaussian,1,42,0.234375,0.296875,0.46875,1.0,0.9702780246734619,0.32987305521965027
300,120,gaussian,1,42,0.15625,0.265625,0.3125,1.0,2.0394511222839355,0.6471436023712158
301,120,gaussian,1,42,0.296875,0.125,0.59375,1.0,2.5972740650177,0.8293046951293945
302,120,gaussian,1,42,0.125,0.3125,0.25,1.0,0.56458580493927,0.17580734193325043
303,120,gaussian,1,42,0.125,0.296875,0.25,1.0,1.969174861907959,0.6356554627418518
304,120,gaussian,1,42,0.140625,0.21875,0.28125,1.0,2.843229055404663,0.8512217998504639
305,120,gaussian,1,42,0.125,0.296875,0.25,1.0,1.8471660614013672,0.6194067597389221
306,120,gaussian,1,42,0.265625,0.265625,0.53125,1.0,1.1221957206726074,0.3784044682979584
307,120,gaussian,1,42,0.265625,0.296875,0.53125,1.0,0.2084626704454422,0.06824370473623276
308,120,gaussian,1,42,0.265625,0.296875,0.53125,1.0,0.44239652156829834,0.15965035557746887
309,120,gaussian,1,42,0.15625,0.15625,0.3125,1.0,3.722026824951172,1.1585779190063477
310,120,gaussian,1,42,0.21875,0.296875,0.4375,1.0,4.661012649536133,1.6733280420303345
311,120,gaussian,1,42,0.15625,0.203125,0.3125,1.0,1.5143630504608154,0.46217697858810425
312,120,gaussian,1,42,0.125,0.328125,0.25,1.0,1.3279690742492676,0.44140076637268066
313,120,gaussian,1,42,0.296875,0.3125,0.59375,1.0,5.715614318847656,1.9582089185714722
314,120,gaussian,1,42,0.171875,0.28125,0.34375,1.0,1.478386640548706,0.49368178844451904
315,120,gaussian,1,42,0.171875,0.265625,0.34375,1.0,0.627178430557251,0.21381822228431702
316,120,gaussian,1,42,0.1875,0.265625,0.375,1.0,1.2388856410980225,0.4218868613243103
317,120,gaussian,1,42,0.109375,0.28125,0.21875,1.0,2.4056482315063477,0.7474327087402344
318,120,gaussian,1,42,0.296875,0.1875,0.59375,1.0,1.3076045513153076,0.40940406918525696
319,120,gaussian,1,42,0.265625,0.21875,0.53125,1.0,3.2467613220214844,1.196162223815918
320,120,gaussian,1,42,0.140625,0.296875,0.28125,1.0,0.9758005142211914,0.3407631516456604
321,120,gaussian,1,42,0.140625,0.296875,0.28125,1.0,4.187922477722168,1.2769149541854858
322,120,gaussian,1,42,0.328125,0.203125,0.65625,1.0,2.170469284057617,0.6467058658599854
323,120,gaussian,1,42,0.171875,0.28125,0.34375,1.0,0.3732309341430664,0.11962015181779861
324,120,gaussian,1,42,0.15625,0.28125,0.3125,1.0,1.9726524353027344,0.6202473044395447
325,120,gaussian,1,42,0.171875,0.296875,0.34375,1.0,0.8435508012771606,0.297735333442688
326,120,gaussian,1,42,0.28125,0.25,0.5625,1.0,3.488452434539795,1.2590175867080688
327,120,gaussian,1,42,0.25,0.28125,0.5,1.0,1.5328881740570068,0.5315380096435547
328,120,gaussian,1,42,0.203125,0.28125,0.40625,1.0,1.5420966148376465,0.497736394405365
329,120,gaussian,1,42,0.34375,0.296875,0.6875,1.0,2.478633403778076,0.854820966720581
330,120,gaussian,1,42,0.21875,0.296875,0.4375,1.0,0.7314687967300415,0.23785223066806793
331,120,gaussian,1,42,0.125,0.3125,0.25,1.0,2.128970146179199,0.7477774024009705
332,120,gaussian,1,42,0.328125,0.3125,0.65625,1.0,2.1457698345184326,0.7217497229576111
333,120,gaussian,1,42,0.171875,0.296875,0.34375,1.0,0.8444325923919678,0.297735333442688
334,120,gaussian,1,42,0.203125,0.234375,0.40625,1.0,0.8009274005889893,0.2681974470615387
335,120,gaussian,1,42,0.3125,0.28125,0.625,1.0,0.9464046955108643,0.306283563375473
336,120,gaussian,1,42,0.171875,0.328125,0.34375,1.0,2.5830929279327393,0.8440955877304077
337,120,gaussian,1,42,0.296875,0.3125,0.59375,1.0,2.1885666847229004,0.7032486796379089
338,120,gaussian,1,42,0.140625,0.140625,0.28125,1.0,0.7464808225631714,0.2155941128730774
339,120,gaussian,1,42,0.265625,0.203125,0.53125,1.0,1.6568197011947632,0.6435307264328003
340,120,gaussian,1,42,0.21875,0.3125,0.4375,1.0,2.537074565887451,0.8660001158714294
341,120,gaussian,1,42,0.265625,0.28125,0.53125,1.0,8.39091968536377,2.9245388507843018
342,120,gaussian,1,42,0.234375,0.203125,0.46875,1.0,2.076880693435669,0.7440846562385559
343,120,gaussian,1,42,0.21875,0.234375,0.4375,1.0,3.2592363357543945,1.0559587478637695
344,120,gaussian,1,42,0.203125,0.25,0.40625,1.0,1.6676247119903564,0.5774273872375488
345,120,gaussian,1,42,0.1875,0.203125,0.375,1.0,0.3472594916820526,0.11180268228054047
346,120,gaussian,1,42,0.234375,0.296875,0.46875,1.0,0.7285715341567993,0.24572189152240753
347,120,gaussian,1,42,0.28125,0.265625,0.5625,1.0,3.6422505378723145,1.3084304332733154
348,120,gaussian,1,42,0.203125,0.234375,0.40625,1.0,2.130427598953247,0.732180118560791
349,120,gaussian,1,42,0.125,0.28125,0.25,1.0,2.2114417552948,0.7509734630584717
350,120,gaussian,1,42,0.3125,0.28125,0.625,1.0,0.9476685523986816,0.306283563375473
351,120,gaussian,1,42,0.15625,0.28125,0.3125,1.0,0.7878000736236572,0.2479552924633026
352,120,gaussian,1,42,0.203125,0.3125,0.40625,1.0,0.780832827091217,0.2658153772354126
353,120,gaussian,1,42,0.140625,0.296875,0.28125,1.0,3.464852809906006,1.132073998451233
354,120,gaussian,1,42,0.28125,0.25,0.5625,1.0,2.776003122329712,0.9722275137901306
355,120,gaussian,1,42,0.140625,0.328125,0.28125,1.0,1.0745025873184204,0.3530712127685547
356,120,gaussian,1,42,0.328125,0.1875,0.65625,1.0,3.1763954162597656,0.9846563339233398
357,120,gaussian,1,42,0.125,0.140625,0.25,1.0,3.6608362197875977,1.0271720886230469
358,120,gaussian,1,42,0.265625,0.28125,0.53125,1.0,3.127201557159424,1.033909559249878
359,120,gaussian,1,42,0.15625,0.265625,0.3125,1.0,0.5272982716560364,0.18065446615219116
360,120,gaussian,1,42,0.15625,0.25,0.3125,1.0,5.069469928741455,1.6055541038513184
361,120,gaussian,1,42,0.140625,0.296875,0.28125,1.0,0.7860785126686096,0.2479552924633026
362,120,gaussian,1,42,0.25,0.265625,0.5,1.0,1.297036051750183,0.45391592383384705
363,120,gaussian,1,42,0.15625,0.28125,0.3125,1.0,1.4725476503372192,0.4925076365470886
364,120,gaussian,1,42,0.171875,0.28125,0.34375,1.0,1.5305280685424805,0.5177129507064819
365,120,gaussian,1,42,0.34375,0.265625,0.6875,1.0,2.9016432762145996,1.0306659936904907
366,120,gaussian,1,42,0.265625,0.296875,0.53125,1.0,3.644219398498535,1.255588173866272
367,120,gaussian,1,42,0.140625,0.296875,0.28125,1.0,3.2362990379333496,1.0903656482696533
368,120,gaussian,1,42,0.109375,0.296875,0.21875,1.0,1.9723000526428223,0.6326796412467957
369,120,gaussian,1,42,0.125,0.296875,0.25,1.0,2.092893600463867,0.7290475368499756
370,120,gaussian,1,42,0.15625,0.140625,0.3125,1.0,0.7442290186882019,0.2155941128730774
371,120,gaussian,1,42,0.171875,0.296875,0.34375,1.0,0.8447874784469604,0.297735333442688
372,120,gaussian,1,42,0.125,0.328125,0.25,1.0,1.773881435394287,0.5641760230064392
373,120,gaussian,1,42,0.3125,0.296875,0.625,1.0,3.6374974250793457,1.1947077512741089
374,120,gaussian,1,42,0.265625,0.234375,0.53125,1.0,1.0498350858688354,0.3614308834075928
375,120,gaussian,1,42,0.296875,0.25,0.59375,1.0,3.9792308807373047,1.3409348726272583
376,120,gaussian,1,42,0.203125,0.3125,0.40625,1.0,1.363046407699585,0.4626970887184143
377,120,gaussian,1,42,0.109375,0.296875,0.21875,1.0,1.895588994026184,0.606056809425354
378,120,gaussian,1,42,0.21875,0.171875,0.4375,1.0,0.8935182094573975,0.3588749170303345
379,120,gaussian,1,42,0.15625,0.28125,0.3125,1.0,0.3730330467224121,0.11962015926837921
380,120,gaussian,1,42,0.140625,0.3125,0.28125,1.0,1.4186115264892578,0.4594738185405731
381,120,gaussian,1,42,0.203125,0.21875,0.40625,1.0,2.137608289718628,0.7319700121879578
382,120,gaussian,1,42,0.125,0.3125,0.25,1.0,1.3300904035568237,0.4271460175514221
383,120,gaussian,1,42,0.15625,0.296875,0.3125,1.0,2.091146945953369,0.7192129492759705
384,120,gaussian,1,42,0.171875,0.296875,0.34375,1.0,3.3626549243927,1.1246880292892456
385,120,gaussian,1,42,0.359375,0.265625,0.71875,1.0,6.763543128967285,2.0703814029693604
386,120,gaussian,1,42,0.25,0.25,0.5,1.0,4.750514507293701,1.681455373764038
387,120,gaussian,1,42,0.234375,0.21875,0.46875,1.0,1.082505702972412,0.380225270986557
388,120,gaussian,1,42,0.203125,0.3125,0.40625,1.0,1.3655307292938232,0.45219579339027405
389,120,gaussian,1,42,0.1875,0.28125,0.375,1.0,2.2278928756713867,0.7328567504882812
390,120,gaussian,1,42,0.171875,0.34375,0.34375,1.0,2.5699946880340576,0.8440956473350525
391,120,gaussian,1,42,0.328125,0.171875,0.65625,1.0,4.859402656555176,1.4879250526428223
392,120,gaussian,1,42,0.125,0.296875,0.25,1.0,2.209416627883911,0.6573672890663147
393,120,gaussian,1,42,0.34375,0.25,0.6875,1.0,2.638176679611206,0.9125421643257141
394,120,gaussian,1,42,0.328125,0.3125,0.65625,1.0,2.6534268856048584,0.8698555827140808
395,120,gaussian,1,42,0.140625,0.265625,0.28125,1.0,0.6345758438110352,0.2002226710319519
396,120,gaussian,1,42,0.140625,0.140625,0.28125,1.0,0.2897378206253052,0.08795788139104843
397,120,gaussian,1,42,0.25,0.296875,0.5,1.0,1.3299559354782104,0.4710029363632202
398,120,gaussian,1,42,0.234375,0.25,0.46875,1.0,1.5205764770507812,0.526970624923706
399,120,gaussian,1,42,0.140625,0.125,0.28125,1.0,1.5430771112442017,0.47155678272247314
400,120,gaussian,1,42,0.140625,0.3125,0.28125,1.0,6.0936384201049805,2.034385919570923
401,120,gaussian,1,42,0.25,0.25,0.5,1.0,2.2733981609344482,0.775098979473114
402,120,gaussian,1,42,0.171875,0.171875,0.34375,1.0,1.1197733879089355,0.3426576554775238
403,120,gaussian,1,42,0.140625,0.28125,0.28125,1.0,2.4260811805725098,0.7798635959625244
404,120,gaussian,1,42,0.34375,0.296875,0.6875,1.0,0.904663622379303,0.28176483511924744
405,120,gaussian,1,42,0.25,0.3125,0.5,1.0,0.21795959770679474,0.07155759632587433
406,120,gaussian,1,42,0.125,0.296875,0.25,1.0,1.5437591075897217,0.4813578128814697
407,120,gaussian,1,42,0.15625,0.296875,0.3125,1.0,1.650410771369934,0.5510165095329285
408,120,gaussian,1,42,0.140625,0.296875,0.28125,1.0,3.465290069580078,1.132073998451233
409,120,gaussian,1,42,0.203125,0.265625,0.40625,1.0,1.5460000038146973,0.497736394405365
410,120,gaussian,1,42,0.140625,0.296875,0.28125,1.0,3.2534995079040527,1.0514594316482544
411,120,gaussian,1,42,0.203125,0.203125,0.40625,1.0,2.0576651096343994,0.6580610871315002
412,120,gaussian,1,42,0.28125,0.125,0.5625,1.0,2.7181670665740967,0.8673968315124512
413,120,gaussian,1,42,0.3125,0.34375,0.625,1.0,0.5901211500167847,0.18930187821388245
414,120,gaussian,1,42,0.125,0.28125,0.25,1.0,3.32014799118042,1.0406773090362549
415,120,gaussian,1,42,0.171875,0.15625,0.34375,1.0,3.781844139099121,1.1805291175842285
416,120,gaussian,1,42,0.296875,0.21875,0.59375,1.0,2.934152364730835,0.9399842023849487
417,120,gaussian,1,42,0.25,0.28125,0.5,1.0,1.01558256149292,0.3516087234020233
418,120,gaussian,1,42,0.265625,0.296875,0.53125,1.0,1.3315067291259766,0.4710029363632202
419,120,gaussian,1,42,0.1875,0.25,0.375,1.0,2.674529552459717,0.906391978263855
420,120,gaussian,1,42,0.15625,0.265625,0.3125,1.0,2.9749650955200195,0.9458302855491638
421,120,gaussian,1,42,0.28125,0.25,0.5625,1.0,1.0907747745513916,0.3797011077404022
422,120,gaussian,1,42,0.234375,0.3125,0.46875,1.0,1.2687164545059204,0.41800767183303833
423,120,gaussian,1,42,0.140625,0.265625,0.28125,1.0,0.5978010296821594,0.19633041322231293
424,120,gaussian,1,42,0.203125,0.203125,0.40625,1.0,3.6645336151123047,1.2229821681976318
425,120,gaussian,1,42,0.125,0.28125,0.25,1.0,1.2581260204315186,0.396025151014328
426,120,gaussian,1,42,0.203125,0.3125,0.40625,1.0,2.5803017616271973,0.8090972304344177
427,120,gaussian,1,42,0.140625,0.296875,0.28125,1.0,2.096332550048828,0.7174201607704163
428,120,gaussian,1,42,0.25,0.171875,0.5,1.0,1.024756908416748,0.357885479927063
429,120,gaussian,1,42,0.3125,0.3125,0.625,1.0,0.8816795349121094,0.27559131383895874
430,120,gaussian,1,42,0.265625,0.265625,0.53125,1.0,1.6108498573303223,0.5573311448097229
431,120,gaussian,1,42,0.171875,0.296875,0.34375,1.0,0.4654538333415985,0.14917464554309845
432,120,gaussian,1,42,0.125,0.296875,0.25,1.0,1.9830937385559082,0.6326796412467957
433,120,gaussian,1,42,0.375,0.109375,0.75,1.0,0.3377167284488678,0.09121035039424896
434,120,gaussian,1,42,0.359375,0.25,0.71875,1.0,4.068883419036865,1.2652599811553955
435,120,gaussian,1,42,0.265625,0.296875,0.53125,1.0,1.4952971935272217,0.547193706035614
436,120,gaussian,1,42,0.171875,0.296875,0.34375,1.0,5.00362491607666,1.6939834356307983
437,120,gaussian,1,42,0.296875,0.3125,0.59375,1.0,0.6410342454910278,0.22473908960819244
438,120,gaussian,1,42,0.15625,0.25,0.3125,1.0,0.5442434549331665,0.17374804615974426
439,120,gaussian,1,42,0.15625,0.203125,0.3125,1.0,1.5179016590118408,0.46217697858810425
440,120,gaussian,1,42,0.28125,0.3125,0.5625,1.0,3.0714612007141113,0.9555655121803284
441,120,gaussian,1,42,0.1875,0.25,0.375,1.0,0.6286291480064392,0.21381822228431702
442,120,gaussian,1,42,0.1875,0.328125,0.375,1.0,0.5261926054954529,0.1722566783428192
443,120,gaussian,1,42,0.3125,0.28125,0.625,1.0,3.0729928016662598,1.0646185874938965
444,120,gaussian,1,42,0.09375,0.3125,0.1875,1.0,0.3562479019165039,0.10909299552440643
445,120,gaussian,1,42,0.125,0.296875,0.25,1.0,1.7356445789337158,0.5715391039848328
446,120,gaussian,1,42,0.21875,0.21875,0.4375,1.0,2.4321274757385254,0.8317863345146179
447,120,gaussian,1,42,0.34375,0.140625,0.6875,1.0,0.6011348962783813,0.17500925064086914
448,120,gaussian,1,42,0.171875,0.296875,0.34375,1.0,0.9039829969406128,0.31607916951179504
449,120,gaussian,1,42,0.140625,0.140625,0.28125,1.0,2.4015543460845947,0.7080760598182678
450,120,gaussian,1,42,0.203125,0.265625,0.40625,1.0,6.509786605834961,2.083655595779419
451,120,gaussian,1,42,0.203125,0.203125,0.40625,1.0,1.6984195709228516,0.5638735294342041
452,120,gaussian,1,42,0.15625,0.140625,0.3125,1.0,0.16419225931167603,0.04736306890845299
453,120,gaussian,1,42,0.234375,0.15625,0.46875,1.0,1.054031491279602,0.35867613554000854
454,120,gaussian,1,42,0.203125,0.28125,0.40625,1.0,1.553495168685913,0.4914318323135376
455,120,gaussian,1,42,0.171875,0.296875,0.34375,1.0,0.9958823919296265,0.3565085232257843
456,120,gaussian,1,42,0.25,0.15625,0.5,1.0,2.841525077819824,1.034978985786438
457,120,gaussian,1,42,0.203125,0.1875,0.40625,1.0,2.286376953125,0.7572997212409973
458,120,gaussian,1,42,0.328125,0.21875,0.65625,1.0,15.172002792358398,4.8906354904174805
459,120,gaussian,1,42,0.3125,0.3125,0.625,1.0,1.9737889766693115,0.6561064720153809
460,120,gaussian,1,42,0.265625,0.28125,0.53125,1.0,1.3090336322784424,0.43816426396369934
461,120,gaussian,1,42,0.234375,0.234375,0.46875,1.0,1.5417616367340088,0.49075013399124146
462,120,gaussian,1,42,0.328125,0.234375,0.65625,1.0,15.146726608276367,4.890635013580322
463,120,gaussian,1,42,0.265625,0.234375,0.53125,1.0,1.0102031230926514,0.341830849647522
464,120,gaussian,1,42,0.140625,0.28125,0.28125,1.0,1.06142258644104,0.36085936427116394
465,120,gaussian,1,42,0.34375,0.109375,0.6875,1.0,5.010168075561523,1.5708109140396118
466,120,gaussian,1,42,0.1875,0.265625,0.375,1.0,1.1060312986373901,0.3619183599948883
467,120,gaussian,1,42,0.375,0.28125,0.75,1.0,0.40505748987197876,0.13902129232883453
468,120,gaussian,1,42,0.203125,0.28125,0.40625,1.0,1.5436962842941284,0.4977364242076874
469,120,gaussian,1,42,0.234375,0.234375,0.46875,1.0,1.5371140241622925,0.49075013399124146
470,120,gaussian,1,42,0.234375,0.296875,0.46875,1.0,0.974770188331604,0.3298730254173279
471,120,gaussian,1,42,0.140625,0.296875,0.28125,1.0,0.9786539077758789,0.3407631516456604
472,120,gaussian,1,42,0.125,0.09375,0.25,1.0,1.161257028579712,0.32903119921684265
473,120,gaussian,1,42,0.140625,0.265625,0.28125,1.0,0.44920647144317627,0.15016692876815796
474,120,gaussian,1,42,0.140625,0.265625,0.28125,1.0,0.9019813537597656,0.3399078845977783
475,120,gaussian,1,42,0.203125,0.3125,0.40625,1.0,2.5390238761901855,0.8660001158714294
476,120,gaussian,1,42,0.171875,0.296875,0.34375,1.0,0.46539872884750366,0.14917464554309845
477,120,gaussian,1,42,0.140625,0.296875,0.28125,1.0,3.231889247894287,1.0903656482696533
478,120,gaussian,1,42,0.171875,0.171875,0.34375,1.0,4.509140491485596,1.410272479057312
479,120,gaussian,1,42,0.203125,0.21875,0.40625,1.0,0.29168203473091125,0.08988107740879059
480,120,gaussian,1,42,0.203125,0.09375,0.40625,1.0,1.35780668258667,0.4287993907928467
481,120,gaussian,1,42,0.109375,0.296875,0.21875,1.0,2.1111559867858887,0.7477774024009705
482,120,gaussian,1,42,0.140625,0.265625,0.28125,1.0,4.319852828979492,1.3665751218795776
483,120,gaussian,1,42,0.328125,0.171875,0.65625,1.0,3.807243824005127,1.1939916610717773
484,120,gaussian,1,42,0.28125,0.265625,0.5625,1.0,3.4830241203308105,1.2590175867080688
485,120,gaussian,1,42,0.234375,0.21875,0.46875,1.0,2.139948606491089,0.751731276512146
486,120,gaussian,1,42,0.234375,0.25,0.46875,1.0,0.3944627046585083,0.13647978007793427
487,120,gaussian,1,42,0.265625,0.3125,0.53125,1.0,2.21848201751709,0.7759823203086853
488,120,gaussian,1,42,0.3125,0.28125,0.625,1.0,2.540400981903076,0.827955424785614
489,120,gaussian,1,42,0.15625,0.25,0.3125,1.0,1.672622799873352,0.5193136930465698
490,120,gaussian,1,42,0.28125,0.25,0.5625,1.0,3.480957508087158,1.2590175867080688
491,120,gaussian,1,42,0.1875,0.3125,0.375,1.0,2.464890956878662,0.7464252710342407
492,120,gaussian,1,42,0.265625,0.3125,0.53125,1.0,0.3381993770599365,0.11560230702161789
493,120,gaussian,1,42,0.15625,0.28125,0.3125,1.0,2.727449893951416,0.9887731075286865
494,120,gaussian,1,42,0.1875,0.25,0.375,1.0,2.6746737957000732,0.906391978263855
495,120,gaussian,1,42,0.171875,0.234375,0.34375,1.0,4.3100361824035645,1.3854387998580933
496,120,gaussian,1,42,0.15625,0.296875,0.3125,1.0,2.0608649253845215,0.6832566857337952
497,120,gaussian,1,42,0.25,0.28125,0.5,1.0,0.799111545085907,0.26684680581092834
498,120,gaussian,1,42,0.171875,0.1875,0.34375,1.0,3.8881638050079346,1.2560795545578003
499,120,gaussian,1,42,0.265625,0.3125,0.53125,1.0,0.3398005962371826,0.11560230702161789
500,120,gaussian,1,42,0.265625,0.21875,0.53125,1.0,1.0533230304718018,0.3614308536052704
501,120,gaussian,1,42,0.140625,0.296875,0.28125,1.0,0.9746863842010498,0.3407631516456604
502,120,gaussian,1,42,0.296875,0.25,0.59375,1.0,3.638331413269043,1.308430552482605
503,120,gaussian,1,42,0.28125,0.3125,0.5625,1.0,1.7769149541854858,0.581234872341156
504,120,gaussian,1,42,0.1875,0.296875,0.375,1.0,1.121903419494629,0.36708858609199524
505,120,gaussian,1,42,0.140625,0.296875,0.28125,1.0,1.517683744430542,0.5257356762886047
506,120,gaussian,1,42,0.171875,0.296875,0.34375,1.0,2.2056379318237305,0.7228179574012756
507,120,gaussian,1,42,0.296875,0.21875,0.59375,1.0,2.9235482215881348,0.9399842023849487
508,120,gaussian,1,42,0.234375,0.296875,0.46875,1.0,0.47894951701164246,0.1638273298740387
509,120,gaussian,1,42,0.359375,0.296875,0.71875,1.0,2.9361138343811035,0.9428353309631348
510,120,gaussian,1,42,0.21875,0.3125,0.4375,1.0,0.43106213212013245,0.13988879323005676
511,120,gaussian,1,42,0.203125,0.3125,0.40625,1.0,1.362654209136963,0.4626970887184143
512,120,gaussian,1,42,0.1875,0.21875,0.375,1.0,0.9998089671134949,0.33865776658058167
513,120,gaussian,1,42,0.25,0.171875,0.5,1.0,1.0237122774124146,0.357885479927063
514,120,gaussian,1,42,0.234375,0.296875,0.46875,1.0,1.2726342678070068,0.41800767183303833
515,120,gaussian,1,42,0.28125,0.3125,0.5625,1.0,2.181041717529297,0.7032486796379089
516,120,gaussian,1,42,0.1875,0.296875,0.375,1.0,1.584742546081543,0.5603402853012085
517,120,gaussian,1,42,0.1875,0.328125,0.375,1.0,5.28188943862915,1.5892510414123535
518,120,gaussian,1,42,0.296875,0.125,0.59375,1.0,2.589456796646118,0.8293046951293945
519,120,gaussian,1,42,0.203125,0.21875,0.40625,1.0,1.7314283847808838,0.5800822973251343
520,120,gaussian,1,42,0.203125,0.234375,0.40625,1.0,1.123000979423523,0.3646370768547058
521,120,gaussian,1,42,0.171875,0.296875,0.34375,1.0,3.6506705284118652,1.108033537864685
522,120,gaussian,1,42,0.15625,0.265625,0.3125,1.0,0.5288936495780945,0.18065448105335236
523,120,gaussian,1,42,0.296875,0.296875,0.59375,1.0,2.991366147994995,1.0942633152008057
524,120,gaussian,1,42,0.171875,0.296875,0.34375,1.0,2.31386137008667,0.8068695068359375
525,120,gaussian,1,42,0.28125,0.3125,0.5625,1.0,0.6654437184333801,0.22425968945026398
526,120,gaussian,1,42,0.234375,0.15625,0.46875,1.0,1.0544909238815308,0.35867613554000854
527,120,gaussian,1,42,0.171875,0.078125,0.34375,1.0,2.751652717590332,0.9757277369499207
528,120,gaussian,1,42,0.1875,0.265625,0.375,1.0,1.2457925081253052,0.4218868613243103
529,120,gaussian,1,42,0.125,0.28125,0.25,1.0,2.9448556900024414,0.9879330396652222
530,120,gaussian,1,42,0.15625,0.234375,0.3125,1.0,2.84248948097229,0.8512217998504639
531,120,gaussian,1,42,0.171875,0.3125,0.34375,1.0,2.2134134769439697,0.7335115671157837
532,120,gaussian,1,42,0.15625,0.296875,0.3125,1.0,1.5812602043151855,0.5685566067695618
533,120,gaussian,1,42,0.140625,0.140625,0.28125,1.0,2.3850715160369873,0.708076000213623
534,120,gaussian,1,42,0.140625,0.296875,0.28125,1.0,2.062607765197754,0.6832566857337952
535,120,gaussian,1,42,0.21875,0.3125,0.4375,1.0,2.535099983215332,0.853732168674469
536,120,gaussian,1,42,0.21875,0.3125,0.4375,1.0,0.7266848683357239,0.24572187662124634
537,120,gaussian,1,42,0.34375,0.265625,0.6875,1.0,3.0916335582733154,0.994309663772583
538,120,gaussian,1,42,0.140625,0.296875,0.28125,1.0,3.2537643909454346,1.0514593124389648
539,120,gaussian,1,42,0.25,0.1875,0.5,1.0,4.947320938110352,1.7736482620239258
540,120,gaussian,1,42,0.265625,0.3125,0.53125,1.0,1.3289542198181152,0.4710029065608978
541,120,gaussian,1,42,0.21875,0.109375,0.4375,1.0,1.646094799041748,0.5755638480186462
542,120,gaussian,1,42,0.140625,0.265625,0.28125,1.0,3.0887434482574463,0.9908080101013184
543,120,gaussian,1,42,0.125,0.109375,0.25,1.0,1.4315083026885986,0.39355459809303284
544,120,gaussian,1,42,0.21875,0.296875,0.4375,1.0,0.9209247827529907,0.32737624645233154
545,120,gaussian,1,42,0.25,0.25,0.5,1.0,0.724724531173706,0.24549369513988495
546,120,gaussian,1,42,0.203125,0.265625,0.40625,1.0,1.6565563678741455,0.587451159954071
547,120,gaussian,1,42,0.265625,0.234375,0.53125,1.0,1.0099232196807861,0.341830849647522
548,120,gaussian,1,42,0.15625,0.296875,0.3125,1.0,3.377206325531006,1.145105004310608
549,120,gaussian,1,42,0.171875,0.1875,0.34375,1.0,0.9993171691894531,0.2997701168060303
550,120,gaussian,1,42,0.28125,0.21875,0.5625,1.0,1.4393548965454102,0.49489012360572815
551,120,gaussian,1,42,0.34375,0.1875,0.6875,1.0,3.812603235244751,1.1939916610717773
552,120,gaussian,1,42,0.15625,0.140625,0.3125,1.0,0.4100457727909088,0.12514282763004303
553,120,gaussian,1,42,0.328125,0.171875,0.65625,1.0,4.858051300048828,1.4879250526428223
554,120,gaussian,1,42,0.25,0.234375,0.5,1.0,2.954575538635254,1.0764422416687012
555,120,gaussian,1,42,0.234375,0.296875,0.46875,1.0,1.2733609676361084,0.4180077016353607
556,120,gaussian,1,42,0.125,0.28125,0.25,1.0,2.067396640777588,0.6823208928108215
557,120,gaussian,1,42,0.203125,0.3125,0.40625,1.0,2.3225812911987305,0.7336642146110535
558,120,gaussian,1,42,0.34375,0.234375,0.6875,1.0,2.688304901123047,0.8516329526901245
559,120,gaussian,1,42,0.3125,0.328125,0.625,1.0,1.1966568231582642,0.41919246315956116
560,120,gaussian,1,42,0.140625,0.28125,0.28125,1.0,2.949699878692627,0.9879330396652222
561,120,gaussian,1,42,0.171875,0.3125,0.34375,1.0,1.4339414834976196,0.4469276964664459
562,120,gaussian,1,42,0.125,0.296875,0.25,1.0,2.1275298595428467,0.7478921413421631
563,120,gaussian,1,42,0.1875,0.1875,0.375,1.0,1.1881000995635986,0.3775847256183624
564,120,gaussian,1,42,0.34375,0.296875,0.6875,1.0,0.7125513553619385,0.2540087103843689
565,120,gaussian,1,42,0.25,0.3125,0.5,1.0,0.7320629358291626,0.24535369873046875
566,120,gaussian,1,42,0.140625,0.296875,0.28125,1.0,2.064445734024048,0.6832566857337952
567,120,gaussian,1,42,0.234375,0.1875,0.46875,1.0,6.067500591278076,2.1385254859924316
568,120,gaussian,1,42,0.203125,0.25,0.40625,1.0,0.9057773351669312,0.29741325974464417
569,120,gaussian,1,42,0.1875,0.21875,0.375,1.0,2.799102783203125,0.931291937828064
570,120,gaussian,1,42,0.140625,0.28125,0.28125,1.0,1.9626381397247314,0.5825971364974976
571,120,gaussian,1,42,0.171875,0.28125,0.34375,1.0,1.4669196605682373,0.47676071524620056
572,120,gaussian,1,42,0.359375,0.328125,0.71875,1.0,1.883405089378357,0.6209120154380798
573,120,gaussian,1,42,0.125,0.296875,0.25,1.0,1.0581932067871094,0.3645017445087433
574,120,gaussian,1,42,0.21875,0.21875,0.4375,1.0,2.4322867393493652,0.8317863345146179
575,120,gaussian,1,42,0.328125,0.296875,0.65625,1.0,0.3888202905654907,0.13604682683944702
576,120,gaussian,1,42,0.3125,0.3125,0.625,1.0,0.8796523213386536,0.27559131383895874
577,120,gaussian,1,42,0.359375,0.25,0.71875,1.0,4.0584540367126465,1.2652599811553955
578,120,gaussian,1,42,0.1875,0.21875,0.375,1.0,0.10762861371040344,0.03692401200532913
579,120,gaussian,1,42,0.25,0.234375,0.5,1.0,2.269789695739746,0.775098979473114
580,120,gaussian,1,42,0.34375,0.296875,0.6875,1.0,0.903785765171051,0.28176480531692505
581,120,gaussian,1,42,0.328125,0.15625,0.65625,1.0,2.6685287952423096,0.9446226358413696
582,120,gaussian,1,42,0.21875,0.21875,0.4375,1.0,3.3222718238830566,1.1407110691070557
583,120,gaussian,1,42,0.171875,0.3125,0.34375,1.0,1.3359066247940063,0.4696386158466339
584,120,gaussian,1,42,0.21875,0.203125,0.4375,1.0,1.3939499855041504,0.4820362329483032
585,120,gaussian,1,42,0.109375,0.28125,0.21875,1.0,0.7765698432922363,0.268269807100296
586,120,gaussian,1,42,0.28125,0.234375,0.5625,1.0,0.5615924596786499,0.1794770359992981
587,120,gaussian,1,42,0.34375,0.1875,0.6875,1.0,3.8111729621887207,1.1939916610717773
588,120,gaussian,1,42,0.203125,0.109375,0.40625,1.0,1.6494431495666504,0.5755638480186462
589,120,gaussian,1,42,0.125,0.28125,0.25,1.0,2.3263192176818848,0.7557627558708191
590,120,gaussian,1,42,0.34375,0.140625,0.6875,1.0,1.8050663471221924,0.5941817164421082
591,120,gaussian,1,42,0.21875,0.234375,0.4375,1.0,0.9079440236091614,0.29741325974464417
592,120,gaussian,1,42,0.15625,0.140625,0.3125,1.0,3.7274904251098633,1.158577799797058
593,120,gaussian,1,42,0.140625,0.140625,0.28125,1.0,0.16437716782093048,0.04736306890845299
594,120,gaussian,1,42,0.15625,0.28125,0.3125,1.0,1.8065487146377563,0.6145297884941101
595,120,gaussian,1,42,0.109375,0.28125,0.21875,1.0,1.8541210889816284,0.6433864831924438
596,120,gaussian,1,42,0.171875,0.28125,0.34375,1.0,3.9683468341827393,1.2741867303848267
597,120,gaussian,1,42,0.234375,0.21875,0.46875,1.0,0.47783952951431274,0.16198040544986725
598,120,gaussian,1,42,0.1875,0.21875,0.375,1.0,0.10747949779033661,0.03692401200532913
599,120,gaussian,1,42,0.109375,0.09375,0.21875,1.0,0.4321221709251404,0.12356246262788773
600,120,gaussian,1,42,0.140625,0.296875,0.28125,1.0,2.5194621086120605,0.825227677822113
601,120,gaussian,1,42,0.234375,0.234375,0.46875,1.0,1.5400439500808716,0.49075010418891907
602,120,gaussian,1,42,0.15625,0.296875,0.3125,1.0,3.9020376205444336,1.3691397905349731
603,120,gaussian,1,42,0.171875,0.265625,0.34375,1.0,1.8428542613983154,0.6259273290634155
604,120,gaussian,1,42,0.15625,0.265625,0.3125,1.0,1.5268335342407227,0.5177129507064819
605,120,gaussian,1,42,0.25,0.171875,0.5,1.0,1.023160696029663,0.3578855097293854
606,120,gaussian,1,42,0.15625,0.140625,0.3125,1.0,3.7301626205444336,1.158577799797058
607,120,gaussian,1,42,0.1875,0.203125,0.375,1.0,0.3480876684188843,0.11180267482995987
608,120,gaussian,1,42,0.171875,0.328125,0.34375,1.0,5.289985179901123,1.5892510414123535
609,120,gaussian,1,42,0.125,0.28125,0.25,1.0,0.5977146625518799,0.19633042812347412
610,120,gaussian,1,42,0.203125,0.109375,0.40625,1.0,1.65043044090271,0.5755638480186462
611,120,gaussian,1,42,0.1875,0.203125,0.375,1.0,2.8083224296569824,0.9312919974327087
612,120,gaussian,1,42,0.140625,0.28125,0.28125,1.0,4.335610389709473,1.3665751218795776
613,120,gaussian,1,42,0.234375,0.28125,0.46875,1.0,2.571499824523926,0.8924452662467957
614,120,gaussian,1,42,0.125,0.28125,0.25,1.0,0.9057929515838623,0.3399078845977783
615,120,gaussian,1,42,0.25,0.234375,0.5,1.0,1.4278695583343506,0.48263585567474365
616,120,gaussian,1,42,0.140625,0.265625,0.28125,1.0,1.4881305694580078,0.4570489525794983
617,120,gaussian,1,42,0.28125,0.296875,0.5625,1.0,5.730828285217285,1.9582087993621826
618,120,gaussian,1,42,0.140625,0.28125,0.28125,1.0,0.6339582204818726,0.2002226710319519
619,120,gaussian,1,42,0.171875,0.171875,0.34375,1.0,2.604701042175293,0.881791353225708
620,120,gaussian,1,42,0.203125,0.203125,0.40625,1.0,1.0718575716018677,0.3498137891292572
621,120,gaussian,1,42,0.15625,0.296875,0.3125,1.0,2.08233642578125,0.7192129492759705
622,120,gaussian,1,42,0.234375,0.296875,0.46875,1.0,1.2735897302627563,0.41800767183303833
623,120,gaussian,1,42,0.171875,0.234375,0.34375,1.0,2.282815933227539,0.7110127210617065
624,120,gaussian,1,42,0.15625,0.140625,0.3125,1.0,1.2324132919311523,0.3825078010559082
625,120,gaussian,1,42,0.328125,0.3125,0.65625,1.0,0.483809232711792,0.14745916426181793
626,120,gaussian,1,42,0.203125,0.328125,0.40625,1.0,2.5327653884887695,0.853732168674469
627,120,gaussian,1,42,0.265625,0.296875,0.53125,1.0,8.359151840209961,2.6922895908355713
628,120,gaussian,1,42,0.125,0.296875,0.25,1.0,2.2073817253112793,0.6573672890663147
629,120,gaussian,1,42,0.140625,0.296875,0.28125,1.0,1.3454225063323975,0.4306492507457733
630,120,gaussian,1,42,0.203125,0.1875,0.40625,1.0,2.288454532623291,0.7572996616363525
631,120,gaussian,1,42,0.171875,0.15625,0.34375,1.0,1.8590641021728516,0.620004415512085
632,120,gaussian,1,42,0.234375,0.3125,0.46875,1.0,1.529125452041626,0.5190969705581665
633,120,gaussian,1,42,0.171875,0.265625,0.34375,1.0,1.845360279083252,0.6259272694587708
634,120,gaussian,1,42,0.265625,0.21875,0.53125,1.0,0.7457652688026428,0.24860000610351562
635,120,gaussian,1,42,0.203125,0.28125,0.40625,1.0,1.5352551937103271,0.497736394405365
636,120,gaussian,1,42,0.25,0.28125,0.5,1.0,0.6474983096122742,0.22398334741592407
637,120,gaussian,1,42,0.1875,0.3125,0.375,1.0,1.7937607765197754,0.5762497186660767
638,120,gaussian,1,42,0.171875,0.28125,0.34375,1.0,0.6462922096252441,0.21652278304100037
639,120,gaussian,1,42,0.1875,0.328125,0.375,1.0,1.362161636352539,0.4626970887184143
640,120,gaussian,1,42,0.140625,0.3125,0.28125,1.0,0.6030958890914917,0.1897205412387848
641,120,gaussian,1,42,0.140625,0.21875,0.28125,1.0,1.5262731313705444,0.4551909863948822
642,120,gaussian,1,42,0.140625,0.296875,0.28125,1.0,1.255436658859253,0.42354273796081543
643,120,gaussian,1,42,0.15625,0.296875,0.3125,1.0,3.4737770557403564,1.132073998451233
644,120,gaussian,1,42,0.15625,0.28125,0.3125,1.0,0.9565471410751343,0.3232263922691345
645,120,gaussian,1,42,0.265625,0.3125,0.53125,1.0,8.378463745117188,2.6922898292541504
646,120,gaussian,1,42,0.25,0.234375,0.5,1.0,2.274590015411377,0.775098979473114
647,120,gaussian,1,42,0.1875,0.265625,0.375,1.0,2.969351053237915,1.0046526193618774
648,120,gaussian,1,42,0.203125,0.28125,0.40625,1.0,0.25880002975463867,0.08283542841672897
649,120,gaussian,1,42,0.125,0.28125,0.25,1.0,1.2987141609191895,0.4172990620136261
650,120,gaussian,1,42,0.1875,0.3125,0.375,1.0,1.7191369533538818,0.6203634142875671
651,120,gaussian,1,42,0.125,0.296875,0.25,1.0,1.9850101470947266,0.6356554627418518
652,120,gaussian,1,42,0.15625,0.25,0.3125,1.0,3.1998915672302246,1.0226917266845703
653,120,gaussian,1,42,0.125,0.28125,0.25,1.0,3.3042311668395996,1.0406773090362549
654,120,gaussian,1,42,0.3125,0.1875,0.625,1.0,1.310542345046997,0.40940406918525696
655,120,gaussian,1,42,0.265625,0.296875,0.53125,1.0,1.4979822635650635,0.547193706035614
656,120,gaussian,1,42,0.3125,0.3125,0.625,1.0,1.975419521331787,0.6561064720153809
657,120,gaussian,1,42,0.3125,0.3125,0.625,1.0,0.8824050426483154,0.27559131383895874
658,120,gaussian,1,42,0.234375,0.265625,0.46875,1.0,0.2926429808139801,0.09871941059827805
659,120,gaussian,1,42,0.265625,0.3125,0.53125,1.0,1.9712674617767334,0.7085590362548828
660,120,gaussian,1,42,0.15625,0.28125,0.3125,1.0,1.9162909984588623,0.642183244228363
661,120,gaussian,1,42,0.265625,0.21875,0.53125,1.0,3.2466788291931152,1.196162223815918
662,120,gaussian,1,42,0.1875,0.3125,0.375,1.0,3.223106861114502,1.0621241331100464
663,120,gaussian,1,42,0.140625,0.21875,0.28125,1.0,1.5231353044509888,0.4551909863948822
664,120,gaussian,1,42,0.21875,0.234375,0.4375,1.0,1.5350439548492432,0.49075010418891907
665,120,gaussian,1,42,0.265625,0.296875,0.53125,1.0,0.6830829381942749,0.23604103922843933
666,120,gaussian,1,42,0.265625,0.296875,0.53125,1.0,0.8276430368423462,0.295244038105011
667,120,gaussian,1,42,0.359375,0.3125,0.71875,1.0,0.7637107372283936,0.2584344446659088
668,120,gaussian,1,42,0.171875,0.171875,0.34375,1.0,4.496791839599609,1.410272479057312
669,120,gaussian,1,42,0.1875,0.203125,0.375,1.0,0.9964722394943237,0.33865776658058167
670,120,gaussian,1,42,0.296875,0.328125,0.59375,1.0,2.2741551399230957,0.7750107049942017
671,120,gaussian,1,42,0.265625,0.296875,0.53125,1.0,1.1143088340759277,0.38703542947769165
672,120,gaussian,1,42,0.296875,0.1875,0.59375,1.0,1.3077528476715088,0.40940406918525696
673,120,gaussian,1,42,0.171875,0.125,0.34375,1.0,2.5388333797454834,0.826026976108551
674,120,gaussian,1,42,0.296875,0.125,0.59375,1.0,2.7294487953186035,0.867396891117096
675,120,gaussian,1,42,0.203125,0.15625,0.40625,1.0,3.9270272254943848,1.329843521118164
676,120,gaussian,1,42,0.1875,0.21875,0.375,1.0,0.9956995248794556,0.33865776658058167
677,120,gaussian,1,42,0.125,0.28125,0.25,1.0,1.9907761812210083,0.635655403137207
678,120,gaussian,1,42,0.328125,0.3125,0.65625,1.0,0.4839553236961365,0.14745916426181793
679,120,gaussian,1,42,0.125,0.28125,0.25,1.0,1.985905647277832,0.6709766983985901
680,120,gaussian,1,42,0.25,0.15625,0.5,1.0,1.0607964992523193,0.3670174181461334
681,120,gaussian,1,42,0.28125,0.3125,0.5625,1.0,1.4223345518112183,0.446934312582016
682,120,gaussian,1,42,0.109375,0.09375,0.21875,1.0,0.4343506991863251,0.12356246262788773
683,120,gaussian,1,42,0.125,0.28125,0.25,1.0,1.490502953529358,0.48185041546821594
684,120,gaussian,1,42,0.140625,0.28125,0.28125,1.0,2.21669864654541,0.7509734630584717
685,120,gaussian,1,42,0.171875,0.328125,0.34375,1.0,1.8283929824829102,0.6312980651855469
686,120,gaussian,1,42,0.234375,0.265625,0.46875,1.0,0.3934035301208496,0.13647978007793427
687,120,gaussian,1,42,0.28125,0.296875,0.5625,1.0,1.4888750314712524,0.547193706035614
688,120,gaussian,1,42,0.171875,0.296875,0.34375,1.0,5.005740165710449,1.6939834356307983
689,120,gaussian,1,42,0.140625,0.125,0.28125,1.0,0.5437741279602051,0.1524157077074051
690,120,gaussian,1,42,0.359375,0.25,0.71875,1.0,1.52667236328125,0.4535657465457916
691,120,gaussian,1,42,0.140625,0.296875,0.28125,1.0,1.0800964832305908,0.35915425419807434
692,120,gaussian,1,42,0.171875,0.265625,0.34375,1.0,1.2955820560455322,0.424254447221756
693,120,gaussian,1,42,0.15625,0.265625,0.3125,1.0,2.4968791007995605,0.8295822739601135
694,120,gaussian,1,42,0.203125,0.1875,0.40625,1.0,2.281540632247925,0.7572996616363525
695,120,gaussian,1,42,0.28125,0.234375,0.5625,1.0,0.5626599192619324,0.1794770359992981
696,120,gaussian,1,42,0.265625,0.25,0.53125,1.0,2.608961582183838,0.8547807335853577
697,120,gaussian,1,42,0.203125,0.1875,0.40625,1.0,0.572145402431488,0.20059596002101898
698,120,gaussian,1,42,0.171875,0.1875,0.34375,1.0,0.9993845224380493,0.2997701168060303
699,120,gaussian,1,42,0.15625,0.296875,0.3125,1.0,1.465993881225586,0.4925076365470886
700,120,gaussian,1,42,0.171875,0.3125,0.34375,1.0,1.719241738319397,0.6203634142875671
701,120,gaussian,1,42,0.203125,0.265625,0.40625,1.0,1.6542229652404785,0.587451159954071
702,120,gaussian,1,42,0.34375,0.25,0.6875,1.0,2.6381518840789795,0.9125421643257141
703,120,gaussian,1,42,0.265625,0.296875,0.53125,1.0,1.0629488229751587,0.35579797625541687
704,120,gaussian,1,42,0.171875,0.265625,0.34375,1.0,0.24623529613018036,0.08155831694602966
705,120,gaussian,1,42,0.265625,0.296875,0.53125,1.0,5.773120880126953,1.8907798528671265
706,120,gaussian,1,42,0.15625,0.28125,0.3125,1.0,0.7250491380691528,0.24020567536354065
707,120,gaussian,1,42,0.171875,0.140625,0.34375,1.0,2.2323598861694336,0.7233791351318359
708,120,gaussian,1,42,0.375,0.328125,0.75,1.0,1.8978310823440552,0.6209120154380798
709,120,gaussian,1,42,0.375,0.28125,0.75,1.0,6.7606658935546875,2.0703814029693604
710,120,gaussian,1,42,0.15625,0.203125,0.3125,1.0,1.513936996459961,0.46217697858810425
711,120,gaussian,1,42,0.234375,0.234375,0.46875,1.0,1.594423532485962,0.5471730828285217
712,120,gaussian,1,42,0.203125,0.296875,0.40625,1.0,0.9963656663894653,0.3395322859287262
713,120,gaussian,1,42,0.171875,0.296875,0.34375,1.0,0.4655781388282776,0.14917464554309845
714,120,gaussian,1,42,0.265625,0.21875,0.53125,1.0,5.373690128326416,1.846243143081665
715,120,gaussian,1,42,0.140625,0.28125,0.28125,1.0,1.0631858110427856,0.36085936427116394
716,120,gaussian,1,42,0.15625,0.328125,0.3125,1.0,4.757413864135742,1.481274962425232
717,120,gaussian,1,42,0.1875,0.296875,0.375,1.0,1.5872529745101929,0.5603403449058533
718,120,gaussian,1,42,0.328125,0.328125,0.65625,1.0,0.48129016160964966,0.14745916426181793
719,120,gaussian,1,42,0.109375,0.28125,0.21875,1.0,1.9674327373504639,0.6326796412467957
720,120,gaussian,1,42,0.3125,0.203125,0.625,1.0,3.0275087356567383,1.053959846496582
721,120,gaussian,1,42,0.25,0.21875,0.5,1.0,1.4320838451385498,0.48263585567474365
722,120,gaussian,1,42,0.296875,0.3125,0.59375,1.0,3.5405097007751465,1.2913000583648682
723,120,gaussian,1,42,0.171875,0.28125,0.34375,1.0,0.5790016651153564,0.198351189494133
724,120,gaussian,1,42,0.296875,0.328125,0.59375,1.0,2.270371913909912,0.7750107049942017
725,120,gaussian,1,42,0.296875,0.203125,0.59375,1.0,2.9439377784729004,0.9399842023849487
726,120,gaussian,1,42,0.109375,0.296875,0.21875,1.0,1.8821241855621338,0.606056809425354
727,120,gaussian,1,42,0.1875,0.140625,0.375,1.0,0.5249009132385254,0.19282180070877075
728,120,gaussian,1,42,0.171875,0.28125,0.34375,1.0,0.6486104726791382,0.21842092275619507
729,120,gaussian,1,42,0.328125,0.15625,0.65625,1.0,2.6624200344085693,0.9446226358413696
730,120,gaussian,1,42,0.25,0.265625,0.5,1.0,1.2934954166412354,0.45391592383384705
731,120,gaussian,1,42,0.1875,0.28125,0.375,1.0,0.4692233204841614,0.1627407819032669
732,120,gaussian,1,42,0.296875,0.125,0.59375,1.0,2.7385878562927246,0.867396891117096
733,120,gaussian,1,42,0.234375,0.234375,0.46875,1.0,1.5383613109588623,0.49075010418891907
734,120,gaussian,1,42,0.171875,0.296875,0.34375,1.0,2.66506290435791,0.931484580039978
735,120,gaussian,1,42,0.203125,0.28125,0.40625,1.0,3.3085544109344482,1.1142836809158325
736,120,gaussian,1,42,0.109375,0.328125,0.21875,1.0,2.6951022148132324,0.8682747483253479
737,120,gaussian,1,42,0.203125,0.3125,0.40625,1.0,1.1369482278823853,0.3806523382663727
738,120,gaussian,1,42,0.25,0.1875,0.5,1.0,4.940790176391602,1.7736482620239258
739,120,gaussian,1,42,0.140625,0.28125,0.28125,1.0,2.3342232704162598,0.7557627558708191
740,120,gaussian,1,42,0.25,0.234375,0.5,1.0,2.025073289871216,0.7197142839431763
741,120,gaussian,1,42,0.125,0.296875,0.25,1.0,1.8607940673828125,0.6194067597389221
742,120,gaussian,1,42,0.125,0.296875,0.25,1.0,1.8389863967895508,0.6638737320899963
743,120,gaussian,1,42,0.15625,0.125,0.3125,1.0,0.29150304198265076,0.08795788139104843
744,120,gaussian,1,42,0.21875,0.3125,0.4375,1.0,0.4310359060764313,0.13988877832889557
745,120,gaussian,1,42,0.328125,0.125,0.65625,1.0,3.5487258434295654,1.1323788166046143
746,120,gaussian,1,42,0.171875,0.1875,0.34375,1.0,1.0766018629074097,0.3276802897453308
747,120,gaussian,1,42,0.203125,0.203125,0.40625,1.0,0.6123352646827698,0.1960570216178894
748,120,gaussian,1,42,0.125,0.09375,0.25,1.0,1.1643840074539185,0.32903119921684265
749,120,gaussian,1,42,0.234375,0.203125,0.46875,1.0,1.081512451171875,0.3802252411842346
750,120,gaussian,1,42,0.234375,0.25,0.46875,1.0,0.3940301537513733,0.13647978007793427
751,120,gaussian,1,42,0.15625,0.296875,0.3125,1.0,1.207849144935608,0.42650678753852844
752,120,gaussian,1,42,0.125,0.296875,0.25,1.0,2.090700626373291,0.7304341793060303
753,120,gaussian,1,42,0.21875,0.09375,0.4375,1.0,1.3616358041763306,0.4287993907928467
754,120,gaussian,1,42,0.296875,0.25,0.59375,1.0,3.9794976711273193,1.3409348726272583
755,120,gaussian,1,42,0.234375,0.234375,0.46875,1.0,1.0385030508041382,0.35948023200035095
756,120,gaussian,1,42,0.140625,0.265625,0.28125,1.0,4.375110626220703,1.394054889678955
757,120,gaussian,1,42,0.15625,0.265625,0.3125,1.0,0.6588410139083862,0.20631785690784454
758,120,gaussian,1,42,0.171875,0.3125,0.34375,1.0,1.4312465190887451,0.4469276964664459
759,120,gaussian,1,42,0.359375,0.296875,0.71875,1.0,0.5237086415290833,0.1936076283454895
760,120,gaussian,1,42,0.265625,0.25,0.53125,1.0,1.6110215187072754,0.5573310852050781
761,120,gaussian,1,42,0.265625,0.296875,0.53125,1.0,0.7332104444503784,0.24535368382930756
762,120,gaussian,1,42,0.15625,0.296875,0.3125,1.0,2.698276996612549,0.8979183435440063
763,120,gaussian,1,42,0.140625,0.296875,0.28125,1.0,4.1861491203308105,1.2769148349761963
764,120,gaussian,1,42,0.15625,0.25,0.3125,1.0,4.303978443145752,1.3854387998580933
765,120,gaussian,1,42,0.203125,0.21875,0.40625,1.0,2.0293192863464355,0.6808997988700867
766,120,gaussian,1,42,0.28125,0.25,0.5625,1.0,0.562466025352478,0.1794770210981369
767,120,gaussian,1,42,0.140625,0.265625,0.28125,1.0,1.4881260395050049,0.4570489525794983
768,120,gaussian,1,42,0.109375,0.3125,0.21875,1.0,0.408636212348938,0.1402009278535843
769,120,gaussian,1,42,0.21875,0.203125,0.4375,1.0,0.9519608020782471,0.34244096279144287
770,120,gaussian,1,42,0.28125,0.21875,0.5625,1.0,0.13512060046195984,0.042324554175138474
771,120,gaussian,1,42,0.1875,0.140625,0.375,1.0,0.5218710899353027,0.19282180070877075
772,120,gaussian,1,42,0.125,0.296875,0.25,1.0,1.2568137645721436,0.42354270815849304
773,120,gaussian,1,42,0.390625,0.3125,0.78125,1.0,2.8405773639678955,0.882222056388855
774,120,gaussian,1,42,0.234375,0.1875,0.46875,1.0,2.0742406845092773,0.7440846562385559
775,120,gaussian,1,42,0.171875,0.28125,0.34375,1.0,1.1052565574645996,0.3619183301925659
776,120,gaussian,1,42,0.1875,0.28125,0.375,1.0,0.4689890742301941,0.1627407819032669
777,120,gaussian,1,42,0.140625,0.3125,0.28125,1.0,1.2173625230789185,0.4078541696071625
778,120,gaussian,1,42,0.109375,0.09375,0.21875,1.0,0.43382686376571655,0.12356247007846832
779,120,gaussian,1,42,0.171875,0.3125,0.34375,1.0,3.6572694778442383,1.108033537864685
780,120,gaussian,1,42,0.171875,0.234375,0.34375,1.0,2.2436742782592773,0.7914089560508728
781,120,gaussian,1,42,0.203125,0.1875,0.40625,1.0,2.2897396087646484,0.7572996616363525
782,120,gaussian,1,42,0.15625,0.265625,0.3125,1.0,2.7703514099121094,0.8686729073524475
783,120,gaussian,1,42,0.265625,0.3125,0.53125,1.0,1.0594899654388428,0.3557979464530945
784,120,gaussian,1,42,0.171875,0.265625,0.34375,1.0,1.2959967851638794,0.4242544174194336
785,120,gaussian,1,42,0.25,0.15625,0.5,1.0,1.0542809963226318,0.36701738834381104
786,120,gaussian,1,42,0.203125,0.265625,0.40625,1.0,0.693578839302063,0.22600245475769043
787,120,gaussian,1,42,0.3125,0.3125,0.625,1.0,1.977308750152588,0.6561064720153809
788,120,gaussian,1,42,0.265625,0.296875,0.53125,1.0,8.374191284179688,2.6922895908355713
789,120,gaussian,1,42,0.125,0.296875,0.25,1.0,3.2798757553100586,1.1072630882263184
790,120,gaussian,1,42,0.203125,0.296875,0.40625,1.0,0.2584769129753113,0.08283542096614838
791,120,gaussian,1,42,0.140625,0.265625,0.28125,1.0,1.4351158142089844,0.4109717905521393
792,120,gaussian,1,42,0.234375,0.21875,0.46875,1.0,0.47766220569610596,0.16198040544986725
793,120,gaussian,1,42,0.21875,0.203125,0.4375,1.0,2.0312936305999756,0.6808997392654419
794,120,gaussian,1,42,0.171875,0.265625,0.34375,1.0,0.24625946581363678,0.08155831694602966
795,120,gaussian,1,42,0.15625,0.234375,0.3125,1.0,2.84084415435791,0.8512217998504639
796,120,gaussian,1,42,0.25,0.25,0.5,1.0,1.0352541208267212,0.35948023200035095
797,120,gaussian,1,42,0.25,0.25,0.5,1.0,2.2745542526245117,0.775098979473114
798,120,gaussian,1,42,0.140625,0.28125,0.28125,1.0,0.7249563932418823,0.24020566046237946
799,120,gaussian,1,42,0.25,0.265625,0.5,1.0,0.7256485819816589,0.24549369513988495
800,120,gaussian,1,42,0.140625,0.28125,0.28125,1.0,0.7974103689193726,0.26784375309944153
801,120,gaussian,1,42,0.1875,0.28125,0.375,1.0,1.2300171852111816,0.4059378206729889
802,120,gaussian,1,42,0.15625,0.25,0.3125,1.0,3.199197769165039,1.0226917266845703
803,120,gaussian,1,42,0.15625,0.296875,0.3125,1.0,2.3130757808685303,0.8068695068359375
804,120,gaussian,1,42,0.359375,0.3125,0.71875,1.0,2.216390609741211,0.7215526700019836
805,120,gaussian,1,42,0.1875,0.21875,0.375,1.0,0.1071174368262291,0.03692401200532913
806,120,gaussian,1,42,0.265625,0.296875,0.53125,1.0,1.3339307308197021,0.4710029363632202
807,120,gaussian,1,42,0.1875,0.234375,0.375,1.0,2.250767230987549,0.7914089560508728
808,120,gaussian,1,42,0.296875,0.328125,0.59375,1.0,2.26678204536438,0.7750107049942017
809,120,gaussian,1,42,0.203125,0.3125,0.40625,1.0,1.1382603645324707,0.38065239787101746
810,120,gaussian,1,42,0.125,0.296875,0.25,1.0,1.8557870388031006,0.6638737320899963
811,120,gaussian,1,42,0.109375,0.25,0.21875,1.0,0.6158519983291626,0.18517933785915375
812,120,gaussian,1,42,0.15625,0.28125,0.3125,1.0,1.4069846868515015,0.4756790101528168
813,120,gaussian,1,42,0.375,0.3125,0.75,1.0,0.7607988715171814,0.2584344148635864
814,120,gaussian,1,42,0.21875,0.3125,0.4375,1.0,0.43020668625831604,0.13988877832889557
815,120,gaussian,1,42,0.15625,0.140625,0.3125,1.0,0.1641816794872284,0.04736306890845299
816,120,gaussian,1,42,0.234375,0.25,0.46875,1.0,0.2922068238258362,0.09871939569711685
817,120,gaussian,1,42,0.21875,0.3125,0.4375,1.0,2.326617956161499,0.7336642146110535
818,120,gaussian,1,42,0.265625,0.25,0.53125,1.0,2.614851474761963,0.8547807335853577
819,120,gaussian,1,42,0.140625,0.265625,0.28125,1.0,0.7226938009262085,0.24020567536354065
820,120,gaussian,1,42,0.25,0.203125,0.5,1.0,0.4078786373138428,0.14545348286628723
821,120,gaussian,1,42,0.203125,0.28125,0.40625,1.0,1.5559957027435303,0.4914318025112152
822,120,gaussian,1,42,0.265625,0.234375,0.53125,1.0,2.6092398166656494,0.8547807335853577
823,120,gaussian,1,42,0.21875,0.21875,0.4375,1.0,1.0811470746994019,0.380225270986557
824,120,gaussian,1,42,0.3125,0.21875,0.625,1.0,2.9212570190429688,0.9399842023849487
825,120,gaussian,1,42,0.25,0.25,0.5,1.0,1.7550592422485352,0.6520154476165771
826,120,gaussian,1,42,0.21875,0.21875,0.4375,1.0,2.1408350467681885,0.751731276512146
827,120,gaussian,1,42,0.4375,0.046875,0.875,1.0,1.618887186050415,0.4285542070865631
828,120,gaussian,1,42,0.296875,0.21875,0.59375,1.0,3.0463552474975586,1.053959846496582
829,120,gaussian,1,42,0.265625,0.234375,0.53125,1.0,2.6179511547088623,0.8547807335853577
830,120,gaussian,1,42,0.171875,0.25,0.34375,1.0,2.2782375812530518,0.7110127210617065
831,120,gaussian,1,42,0.203125,0.28125,0.40625,1.0,1.6558892726898193,0.587451159954071
832,120,gaussian,1,42,0.1875,0.265625,0.375,1.0,1.1048977375030518,0.3619183301925659
833,120,gaussian,1,42,0.234375,0.203125,0.46875,1.0,2.0776076316833496,0.7440846562385559
834,120,gaussian,1,42,0.109375,0.09375,0.21875,1.0,0.42855632305145264,0.12356247007846832
835,120,gaussian,1,42,0.25,0.21875,0.5,1.0,0.8386472463607788,0.2958470582962036
836,120,gaussian,1,42,0.359375,0.3125,0.71875,1.0,0.7634120583534241,0.2584344148635864
837,120,gaussian,1,42,0.140625,0.296875,0.28125,1.0,2.157263994216919,0.7258647680282593
838,120,gaussian,1,42,0.234375,0.234375,0.46875,1.0,1.541060447692871,0.49075010418891907
839,120,gaussian,1,42,0.203125,0.125,0.40625,1.0,1.6561229228973389,0.5755638480186462
840,120,gaussian,1,42,0.125,0.28125,0.25,1.0,2.42751145362854,0.7474327087402344
841,120,gaussian,1,42,0.375,0.3125,0.75,1.0,2.8356173038482666,0.882222056388855
842,120,gaussian,1,42,0.3125,0.21875,0.625,1.0,6.778904914855957,2.347736358642578
843,120,gaussian,1,42,0.140625,0.296875,0.28125,1.0,0.7987634539604187,0.24908705055713654
844,120,gaussian,1,42,0.140625,0.3125,0.28125,1.0,0.9968394637107849,0.3449229300022125
845,120,gaussian,1,42,0.140625,0.328125,0.28125,1.0,0.9922840595245361,0.3449229598045349
846,120,gaussian,1,42,0.125,0.28125,0.25,1.0,2.5142250061035156,0.8252277374267578
847,120,gaussian,1,42,0.140625,0.265625,0.28125,1.0,2.8512678146362305,0.9444712400436401
848,120,gaussian,1,42,0.171875,0.296875,0.34375,1.0,0.4575306177139282,0.15517883002758026
849,120,gaussian,1,42,0.21875,0.21875,0.4375,1.0,2.137676239013672,0.751731276512146
850,120,gaussian,1,42,0.359375,0.09375,0.71875,1.0,5.0457048416137695,1.5708109140396118
851,120,gaussian,1,42,0.140625,0.28125,0.28125,1.0,1.0511475801467896,0.36450180411338806
852,120,gaussian,1,42,0.140625,0.28125,0.28125,1.0,1.5204393863677979,0.5257356762886047
853,120,gaussian,1,42,0.296875,0.3125,0.59375,1.0,4.3297882080078125,1.4456032514572144
854,120,gaussian,1,42,0.25,0.21875,0.5,1.0,0.47580742835998535,0.16198040544986725
855,120,gaussian,1,42,0.171875,0.1875,0.34375,1.0,4.508408069610596,1.4102725982666016
856,120,gaussian,1,42,0.109375,0.3125,0.21875,1.0,0.5715526342391968,0.17580732703208923
857,120,gaussian,1,42,0.1875,0.296875,0.375,1.0,0.9014867544174194,0.31607916951179504
858,120,gaussian,1,42,0.1875,0.28125,0.375,1.0,5.178500175476074,1.7771198749542236
859,120,gaussian,1,42,0.171875,0.296875,0.34375,1.0,2.6659631729125977,0.931484580039978
860,120,gaussian,1,42,0.328125,0.171875,0.65625,1.0,4.8519487380981445,1.4879250526428223
861,120,gaussian,1,42,0.296875,0.125,0.59375,1.0,2.7417047023773193,0.8673968315124512
862,120,gaussian,1,42,0.109375,0.296875,0.21875,1.0,3.3024063110351562,1.1072630882263184
863,120,gaussian,1,42,0.34375,0.125,0.6875,1.0,3.920109987258911,1.2443921566009521
864,120,gaussian,1,42,0.1875,0.265625,0.375,1.0,1.2419040203094482,0.4218868613243103
865,120,gaussian,1,42,0.140625,0.28125,0.28125,1.0,4.165390491485596,1.2769149541854858
866,120,gaussian,1,42,0.375,0.109375,0.75,1.0,0.3386659622192383,0.09121034294366837
867,120,gaussian,1,42,0.203125,0.3125,0.40625,1.0,2.577892780303955,0.809097170829773
868,120,gaussian,1,42,0.109375,0.3125,0.21875,1.0,2.1228678226470947,0.7477774024009705
869,120,gaussian,1,42,0.171875,0.234375,0.34375,1.0,4.30742073059082,1.3854387998580933
870,120,gaussian,1,42,0.1875,0.265625,0.375,1.0,0.6933540105819702,0.22600245475769043
871,120,gaussian,1,42,0.234375,0.203125,0.46875,1.0,1.0833425521850586,0.3802253007888794
872,120,gaussian,1,42,0.28125,0.3125,0.5625,1.0,2.1843173503875732,0.7032486796379089
873,120,gaussian,1,42,0.140625,0.140625,0.28125,1.0,3.6694092750549316,1.0271720886230469
874,120,gaussian,1,42,0.359375,0.296875,0.71875,1.0,0.9033740758895874,0.28176483511924744
875,120,gaussian,1,42,0.34375,0.109375,0.6875,1.0,1.39583420753479,0.4268548786640167
876,120,gaussian,1,42,0.171875,0.296875,0.34375,1.0,0.7721998691558838,0.2502507269382477
877,120,gaussian,1,42,0.21875,0.296875,0.4375,1.0,0.25897416472435,0.08283542841672897
878,120,gaussian,1,42,0.234375,0.25,0.46875,1.0,1.0364508628845215,0.35948023200035095
879,120,gaussian,1,42,0.140625,0.3125,0.28125,1.0,1.5480281114578247,0.4894073009490967
880,120,gaussian,1,42,0.1875,0.140625,0.375,1.0,0.5249925851821899,0.19282181560993195
881,120,gaussian,1,42,0.171875,0.328125,0.34375,1.0,1.2705192565917969,0.4110652208328247
882,120,gaussian,1,42,0.171875,0.265625,0.34375,1.0,1.845294713973999,0.6259273290634155
883,120,gaussian,1,42,0.203125,0.203125,0.40625,1.0,2.0587995052337646,0.6580610871315002
884,120,gaussian,1,42,0.140625,0.234375,0.28125,1.0,0.2694794237613678,0.08210767060518265
885,120,gaussian,1,42,0.28125,0.28125,0.5625,1.0,0.20837101340293884,0.06824371218681335
886,120,gaussian,1,42,0.171875,0.296875,0.34375,1.0,1.4723132848739624,0.47676074504852295
887,120,gaussian,1,42,0.171875,0.296875,0.34375,1.0,2.3141002655029297,0.8068695068359375
888,120,gaussian,1,42,0.1875,0.3125,0.375,1.0,3.2337591648101807,1.0621241331100464
889,120,gaussian,1,42,0.359375,0.109375,0.71875,1.0,5.045005798339844,1.5708109140396118
890,120,gaussian,1,42,0.171875,0.3125,0.34375,1.0,3.2235193252563477,1.0621241331100464
891,120,gaussian,1,42,0.109375,0.3125,0.21875,1.0,0.5720154047012329,0.17580732703208923
892,120,gaussian,1,42,0.15625,0.3125,0.3125,1.0,2.696157693862915,0.8979184031486511
893,120,gaussian,1,42,0.234375,0.3125,0.46875,1.0,1.5293935537338257,0.5190969705581665
894,120,gaussian,1,42,0.265625,0.28125,0.53125,1.0,1.0148420333862305,0.3516086935997009
895,120,gaussian,1,42,0.265625,0.28125,0.53125,1.0,0.6839920878410339,0.23604103922843933
896,120,gaussian,1,42,0.296875,0.21875,0.59375,1.0,0.13535204529762268,0.042324554175138474
897,120,gaussian,1,42,0.25,0.296875,0.5,1.0,3.13131046295166,1.0339096784591675
898,120,gaussian,1,42,0.15625,0.28125,0.3125,1.0,1.129766583442688,0.3353668749332428
899,120,gaussian,1,42,0.203125,0.234375,0.40625,1.0,2.13580322265625,0.732180118560791
900,120,gaussian,1,42,0.265625,0.203125,0.53125,1.0,5.368851661682129,1.846243143081665
901,120,gaussian,1,42,0.140625,0.296875,0.28125,1.0,2.0611019134521484,0.6832566857337952
902,120,gaussian,1,42,0.140625,0.296875,0.28125,1.0,2.50842547416687,0.825227677822113
903,120,gaussian,1,42,0.140625,0.296875,0.28125,1.0,2.2171196937561035,0.6573672294616699
904,120,gaussian,1,42,0.21875,0.09375,0.4375,1.0,1.3493778705596924,0.42879942059516907
905,120,gaussian,1,42,0.25,0.296875,0.5,1.0,2.5583086013793945,0.9514796137809753
906,120,gaussian,1,42,0.265625,0.296875,0.53125,1.0,3.1307268142700195,1.033909559249878
907,120,gaussian,1,42,0.34375,0.0625,0.6875,1.0,2.719006299972534,0.9757277369499207
908,120,gaussian,1,42,0.265625,0.234375,0.53125,1.0,2.617938280105591,0.8547807335853577
909,120,gaussian,1,42,0.203125,0.21875,0.40625,1.0,0.5866550803184509,0.17903101444244385
910,120,gaussian,1,42,0.296875,0.3125,0.59375,1.0,3.554603338241577,1.2913000583648682
911,120,gaussian,1,42,0.125,0.28125,0.25,1.0,2.66324520111084,0.8880186080932617
912,120,gaussian,1,42,0.15625,0.296875,0.3125,1.0,3.355928897857666,1.145105004310608
913,120,gaussian,1,42,0.171875,0.1875,0.34375,1.0,1.0787264108657837,0.3276802897453308
914,120,gaussian,1,42,0.25,0.296875,0.5,1.0,0.478878378868103,0.1638273298740387
915,120,gaussian,1,42,0.125,0.28125,0.25,1.0,2.4266676902770996,0.7474327087402344
916,120,gaussian,1,42,0.125,0.296875,0.25,1.0,0.7500969171524048,0.24779579043388367
917,120,gaussian,1,42,0.171875,0.15625,0.34375,1.0,2.607743978500366,0.881791353225708
918,120,gaussian,1,42,0.25,0.21875,0.5,1.0,2.3299639225006104,0.8156629204750061
919,120,gaussian,1,42,0.203125,0.234375,0.40625,1.0,0.9061006307601929,0.29741325974464417
920,120,gaussian,1,42,0.25,0.265625,0.5,1.0,1.119286298751831,0.3784044682979584
921,120,gaussian,1,42,0.125,0.28125,0.25,1.0,1.1148113012313843,0.37282460927963257
922,120,gaussian,1,42,0.234375,0.265625,0.46875,1.0,0.3406527042388916,0.12094993144273758
923,120,gaussian,1,42,0.25,0.203125,0.5,1.0,0.4080069661140442,0.14545348286628723
924,120,gaussian,1,42,0.21875,0.3125,0.4375,1.0,2.5366244316101074,0.8660001158714294
925,120,gaussian,1,42,0.171875,0.296875,0.34375,1.0,3.366091251373291,1.1246880292892456
926,120,gaussian,1,42,0.140625,0.28125,0.28125,1.0,2.213033676147461,0.6573672294616699
927,120,gaussian,1,42,0.328125,0.171875,0.65625,1.0,3.8151206970214844,1.1939916610717773
928,120,gaussian,1,42,0.25,0.234375,0.5,1.0,2.025181293487549,0.7197142839431763
929,120,gaussian,1,42,0.15625,0.296875,0.3125,1.0,0.37279215455055237,0.11962015181779861
930,120,gaussian,1,42,0.140625,0.296875,0.28125,1.0,2.0836267471313477,0.7290475368499756
931,120,gaussian,1,42,0.234375,0.265625,0.46875,1.0,0.2926371991634369,0.09871941059827805
932,120,gaussian,1,42,0.125,0.296875,0.25,1.0,1.9887666702270508,0.6326796412467957
933,120,gaussian,1,42,0.15625,0.265625,0.3125,1.0,1.912089467048645,0.642183244228363
934,120,gaussian,1,42,0.171875,0.3125,0.34375,1.0,2.2082128524780273,0.7335115671157837
935,120,gaussian,1,42,0.21875,0.21875,0.4375,1.0,2.668222427368164,0.9185458421707153
936,120,gaussian,1,42,0.203125,0.296875,0.40625,1.0,0.37482693791389465,0.12421581894159317
937,120,gaussian,1,42,0.3125,0.265625,0.625,1.0,6.86434268951416,2.1651928424835205
938,120,gaussian,1,42,0.140625,0.296875,0.28125,1.0,1.205501914024353,0.4078541696071625
939,120,gaussian,1,42,0.234375,0.28125,0.46875,1.0,1.532623291015625,0.5315380096435547
940,120,gaussian,1,42,0.203125,0.3125,0.40625,1.0,0.7814965844154358,0.2658153772354126
941,120,gaussian,1,42,0.21875,0.296875,0.4375,1.0,0.2585020065307617,0.08283542841672897
942,120,gaussian,1,42,0.3125,0.328125,0.625,1.0,0.9422727823257446,0.3147042691707611
943,120,gaussian,1,42,0.171875,0.140625,0.34375,1.0,2.534167766571045,0.826026976108551
944,120,gaussian,1,42,0.171875,0.296875,0.34375,1.0,0.8429794311523438,0.297735333442688
945,120,gaussian,1,42,0.28125,0.296875,0.5625,1.0,1.7732197046279907,0.581234872341156
946,120,gaussian,1,42,0.3125,0.328125,0.625,1.0,1.1987102031707764,0.41919246315956116
947,120,gaussian,1,42,0.125,0.234375,0.25,1.0,1.526555061340332,0.4551909863948822
948,120,gaussian,1,42,0.15625,0.28125,0.3125,1.0,3.2454726696014404,1.0514593124389648
949,120,gaussian,1,42,0.125,0.28125,0.25,1.0,2.618278980255127,0.8676917552947998
950,120,gaussian,1,42,0.34375,0.234375,0.6875,1.0,2.6949470043182373,0.8516330122947693
951,120,gaussian,1,42,0.171875,0.125,0.34375,1.0,7.732861518859863,2.3642728328704834
952,120,gaussian,1,42,0.203125,0.296875,0.40625,1.0,0.25870993733406067,0.08283542096614838
953,120,gaussian,1,42,0.125,0.28125,0.25,1.0,2.416749954223633,0.7474327087402344
954,120,gaussian,1,42,0.296875,0.296875,0.59375,1.0,0.33609500527381897,0.10481635481119156
955,120,gaussian,1,42,0.21875,0.234375,0.4375,1.0,0.6382830142974854,0.23355405032634735
956,120,gaussian,1,42,0.140625,0.3125,0.28125,1.0,0.9788293838500977,0.3407631814479828
957,120,gaussian,1,42,0.171875,0.15625,0.34375,1.0,3.784578800201416,1.1805291175842285
958,120,gaussian,1,42,0.125,0.296875,0.25,1.0,1.8461108207702637,0.6638737320899963
959,120,gaussian,1,42,0.171875,0.296875,0.34375,1.0,0.9952776432037354,0.3565085232257843
960,120,gaussian,1,42,0.15625,0.125,0.3125,1.0,1.235647439956665,0.3825078010559082
961,120,gaussian,1,42,0.328125,0.328125,0.65625,1.0,0.3489638566970825,0.10898495465517044
962,120,gaussian,1,42,0.25,0.28125,0.5,1.0,0.4396660327911377,0.15039485692977905
963,120,gaussian,1,42,0.15625,0.203125,0.3125,1.0,1.5178778171539307,0.46217697858810425
964,120,gaussian,1,42,0.3125,0.3125,0.625,1.0,0.7404476404190063,0.246124267578125
965,120,gaussian,1,42,0.15625,0.265625,0.3125,1.0,1.5290441513061523,0.47242027521133423
966,120,gaussian,1,42,0.265625,0.296875,0.53125,1.0,0.8311607241630554,0.2952440679073334
967,120,gaussian,1,42,0.1875,0.28125,0.375,1.0,1.472879409790039,0.49368178844451904
968,120,gaussian,1,42,0.125,0.3125,0.25,1.0,0.8856219053268433,0.29389268159866333
969,120,gaussian,1,42,0.171875,0.296875,0.34375,1.0,0.7832133769989014,0.25871771574020386
970,120,gaussian,1,42,0.15625,0.28125,0.3125,1.0,2.727412700653076,0.9887730479240417
971,120,gaussian,1,42,0.1875,0.28125,0.375,1.0,1.1296570301055908,0.36708858609199524
972,120,gaussian,1,42,0.21875,0.28125,0.4375,1.0,2.5702624320983887,0.8924452662467957
973,120,gaussian,1,42,0.25,0.234375,0.5,1.0,2.954087257385254,1.0764423608779907
974,120,gaussian,1,42,0.234375,0.3125,0.46875,1.0,1.8342945575714111,0.6367589831352234
975,120,gaussian,1,42,0.234375,0.15625,0.46875,1.0,1.0532569885253906,0.35867613554000854
976,120,gaussian,1,42,0.296875,0.265625,0.59375,1.0,0.8425315618515015,0.2849869132041931
977,120,gaussian,1,42,0.171875,0.15625,0.34375,1.0,1.2774296998977661,0.4114142954349518
978,120,gaussian,1,42,0.203125,0.265625,0.40625,1.0,0.693571925163269,0.22600243985652924
979,120,gaussian,1,42,0.328125,0.21875,0.65625,1.0,15.204939842224121,4.8906354904174805
980,120,gaussian,1,42,0.203125,0.328125,0.40625,1.0,0.4865291118621826,0.14776141941547394
981,120,gaussian,1,42,0.125,0.328125,0.25,1.0,1.791548490524292,0.5641760230064392
982,120,gaussian,1,42,0.140625,0.296875,0.28125,1.0,2.0616424083709717,0.6832566857337952
983,120,gaussian,1,42,0.15625,0.3125,0.3125,1.0,0.8429301977157593,0.297735333442688
984,120,gaussian,1,42,0.125,0.328125,0.25,1.0,0.884365439414978,0.29389268159866333
985,120,gaussian,1,42,0.15625,0.265625,0.3125,1.0,5.073131561279297,1.6055541038513184
986,120,gaussian,1,42,0.15625,0.265625,0.3125,1.0,1.984678030014038,0.6202473044395447
987,120,gaussian,1,42,0.140625,0.3125,0.28125,1.0,3.927034378051758,1.3691399097442627
988,120,gaussian,1,42,0.140625,0.3125,0.28125,1.0,1.215785264968872,0.4078541696071625
989,120,gaussian,1,42,0.34375,0.28125,0.6875,1.0,0.5240957140922546,0.1936076283454895
990,120,gaussian,1,42,0.140625,0.3125,0.28125,1.0,0.9979005455970764,0.3449229598045349
991,120,gaussian,1,42,0.15625,0.28125,0.3125,1.0,0.779673159122467,0.25871774554252625
992,120,gaussian,1,42,0.328125,0.171875,0.65625,1.0,4.8197245597839355,1.4879250526428223
993,120,gaussian,1,42,0.203125,0.203125,0.40625,1.0,1.5174424648284912,0.46210262179374695
994,120,gaussian,1,42,0.140625,0.28125,0.28125,1.0,1.109645128250122,0.37282460927963257
995,120,gaussian,1,42,0.15625,0.28125,0.3125,1.0,1.1634619235992432,0.40676864981651306
996,120,gaussian,1,42,0.171875,0.28125,0.34375,1.0,1.1049869060516357,0.3619183301925659
997,120,gaussian,1,42,0.203125,0.21875,0.40625,1.0,0.5880427360534668,0.17903102934360504
998,120,gaussian,1,42,0.140625,0.28125,0.28125,1.0,1.9163689613342285,0.6421833038330078
999,120,gaussian,1,42,0.28125,0.296875,0.5625,1.0,7.177927017211914,2.38603138923645
