index,target_hr,method,fold,seed,rise_time_s,width50_s,rise_cycle_ratio,beat_extraction_success,amplitude_range,amplitude_std
0,60,gaussian,3,42,0.296875,0.578125,0.296875,1.0,3.0982327461242676,0.9788246154785156
1,60,gaussian,3,42,0.546875,0.625,0.546875,1.0,1.207993507385254,0.39991098642349243
2,60,gaussian,3,42,0.2421875,0.265625,0.4863147605083089,1.0,1.577892780303955,0.494332492351532
3,60,gaussian,3,42,0.71875,0.25,0.71875,1.0,3.386665105819702,1.0112320184707642
4,60,gaussian,3,42,0.515625,0.546875,0.515625,1.0,2.086361885070801,0.7577435970306396
5,60,gaussian,3,42,0.609375,0.578125,0.609375,1.0,1.0075929164886475,0.33937451243400574
6,60,gaussian,3,42,0.484375,0.53125,0.484375,1.0,1.2844529151916504,0.4361361861228943
7,60,gaussian,3,42,0.515625,0.59375,0.515625,1.0,2.0482330322265625,0.6800931692123413
8,60,gaussian,3,42,0.625,0.453125,0.625,1.0,1.0178942680358887,0.3411709666252136
9,60,gaussian,3,42,0.75,0.171875,0.75,1.0,3.2144875526428223,0.8790019154548645
10,60,gaussian,3,42,0.3125,0.65625,0.3125,1.0,0.4479418992996216,0.15799151360988617
11,60,gaussian,3,42,0.265625,0.625,0.265625,1.0,0.8093760013580322,0.2570779621601105
12,60,gaussian,3,42,0.4375,0.53125,0.4375,1.0,2.4271669387817383,0.7858484983444214
13,60,gaussian,3,42,0.375,0.640625,0.375,1.0,8.357023239135742,2.789849281311035
14,60,gaussian,3,42,0.640625,0.4375,0.640625,1.0,1.2808557748794556,0.4857315123081207
15,60,gaussian,3,42,0.25,0.609375,0.25,1.0,0.9533745646476746,0.3186919689178467
16,60,gaussian,3,42,0.40625,0.34375,0.40625,1.0,1.0178202390670776,0.368088960647583
17,60,gaussian,3,42,0.2421875,0.234375,0.4686234817813766,1.0,3.7782418727874756,1.1032991409301758
18,60,gaussian,3,42,0.359375,0.625,0.359375,1.0,1.1123003959655762,0.3702371120452881
19,60,gaussian,3,42,0.25,0.578125,0.25,1.0,2.829958915710449,0.9339835047721863
20,60,gaussian,3,42,0.390625,0.65625,0.390625,1.0,1.1662414073944092,0.4179263412952423
21,60,gaussian,3,42,0.75,0.640625,0.75,1.0,0.9976025819778442,0.28227680921554565
22,60,gaussian,3,42,0.75,0.640625,0.75,1.0,0.9959338307380676,0.28227680921554565
23,60,gaussian,3,42,0.25,0.546875,0.25,1.0,3.1640167236328125,1.0076628923416138
24,60,gaussian,3,42,0.3125,0.59375,0.3125,1.0,1.8317129611968994,0.6211245656013489
25,60,gaussian,3,42,,,,0.0,3.670222520828247,1.3019355535507202
26,60,gaussian,3,42,0.5625,0.59375,0.5625,1.0,3.438044548034668,1.109535813331604
27,60,gaussian,3,42,0.3125,0.578125,0.3125,1.0,1.2504518032073975,0.40949976444244385
28,60,gaussian,3,42,0.234375,0.59375,0.234375,1.0,1.1188981533050537,0.35109952092170715
29,60,gaussian,3,42,0.515625,0.484375,0.515625,1.0,0.8954333662986755,0.3026740550994873
30,60,gaussian,3,42,0.3125,0.5,0.3125,1.0,3.0550947189331055,0.9335649013519287
31,60,gaussian,3,42,0.375,0.640625,0.375,1.0,0.7209932804107666,0.22202575206756592
32,60,gaussian,3,42,0.5625,0.65625,0.5625,1.0,0.6771019697189331,0.224343404173851
33,60,gaussian,3,42,0.546875,0.640625,0.546875,1.0,1.1855517625808716,0.42940443754196167
34,60,gaussian,3,42,0.328125,0.59375,0.328125,1.0,0.7910845279693604,0.26664477586746216
35,60,gaussian,3,42,0.46875,0.609375,0.46875,1.0,1.9660283327102661,0.6536042094230652
36,60,gaussian,3,42,0.359375,0.34375,0.359375,1.0,2.4601693153381348,0.8085212707519531
37,60,gaussian,3,42,0.3125,0.4375,0.3125,1.0,2.869601011276245,1.0084228515625
38,60,gaussian,3,42,,,,0.0,4.276540756225586,1.3899248838424683
39,60,gaussian,3,42,0.296875,0.28125,0.296875,1.0,1.5559180974960327,0.4471234679222107
40,60,gaussian,3,42,0.359375,0.5625,0.359375,1.0,1.7930147647857666,0.5745750665664673
41,60,gaussian,3,42,0.5,0.484375,0.5,1.0,0.9114193916320801,0.30761444568634033
42,60,gaussian,3,42,0.4375,0.640625,0.4375,1.0,1.834762454032898,0.6042883396148682
43,60,gaussian,3,42,0.328125,0.4375,0.328125,1.0,2.1434884071350098,0.6808890700340271
44,60,gaussian,3,42,0.2421875,0.234375,0.48137254901960785,1.0,1.7183917760849,0.4992418587207794
45,60,gaussian,3,42,0.625,0.359375,0.625,1.0,0.6286740303039551,0.21539020538330078
46,60,gaussian,3,42,0.28125,0.609375,0.28125,1.0,1.219925880432129,0.4424881339073181
47,60,gaussian,3,42,0.734375,0.59375,0.734375,1.0,4.442777633666992,1.49518883228302
48,60,gaussian,3,42,0.25,0.203125,0.43243243243243246,1.0,3.2623190879821777,0.9643943905830383
49,60,gaussian,3,42,0.734375,0.484375,0.734375,1.0,1.8247225284576416,0.6518515348434448
50,60,gaussian,3,42,0.359375,0.609375,0.359375,1.0,0.7409107685089111,0.2504967451095581
51,60,gaussian,3,42,0.390625,0.65625,0.390625,1.0,1.1663484573364258,0.4179263710975647
52,60,gaussian,3,42,0.515625,0.546875,0.515625,1.0,4.595518589019775,1.6278574466705322
53,60,gaussian,3,42,0.234375,0.203125,0.234375,1.0,0.5844903588294983,0.16235987842082977
54,60,gaussian,3,42,0.515625,0.359375,0.515625,1.0,3.79325532913208,1.2809631824493408
55,60,gaussian,3,42,0.296875,0.4375,0.296875,1.0,5.6734395027160645,1.749622106552124
56,60,gaussian,3,42,0.5625,0.484375,0.5625,1.0,3.392277240753174,1.0768266916275024
57,60,gaussian,3,42,0.328125,0.390625,0.328125,1.0,0.6061863303184509,0.18451417982578278
58,60,gaussian,3,42,0.265625,0.640625,0.265625,1.0,0.8111292719841003,0.2570779621601105
59,60,gaussian,3,42,0.2421875,0.2265625,0.473973973973974,1.0,1.882856011390686,0.5500472784042358
60,60,gaussian,3,42,0.265625,0.578125,0.265625,1.0,2.776535749435425,0.9126384258270264
61,60,gaussian,3,42,0.21875,0.21875,0.46346346346346345,1.0,2.427234172821045,0.789128839969635
62,60,gaussian,3,42,0.59375,0.546875,0.59375,1.0,2.896512508392334,0.9715073108673096
63,60,gaussian,3,42,0.359375,0.625,0.359375,1.0,1.1123182773590088,0.3702371120452881
64,60,gaussian,3,42,0.28125,0.2734375,0.5061224489795919,1.0,2.112175703048706,0.6737768650054932
65,60,gaussian,3,42,0.296875,0.28125,0.296875,1.0,2.0780787467956543,0.6020156145095825
66,60,gaussian,3,42,0.234375,0.2421875,0.4492307692307692,1.0,3.776545524597168,1.1032991409301758
67,60,gaussian,3,42,0.40625,0.40625,0.40625,1.0,0.6735134720802307,0.23122216761112213
68,60,gaussian,3,42,0.53125,0.609375,0.53125,1.0,2.564870834350586,0.8485561013221741
69,60,gaussian,3,42,0.328125,0.375,0.4883720930232558,1.0,0.4767218232154846,0.12352108955383301
70,60,gaussian,3,42,0.53125,0.625,0.53125,1.0,0.5131195783615112,0.17183126509189606
71,60,gaussian,3,42,0.640625,0.421875,0.640625,1.0,1.280308485031128,0.4857315123081207
72,60,gaussian,3,42,0.2421875,0.2265625,0.473973973973974,1.0,1.885192632675171,0.5500473380088806
73,60,gaussian,3,42,0.53125,0.484375,0.53125,1.0,0.8948962688446045,0.3026740550994873
74,60,gaussian,3,42,0.2421875,0.234375,0.5050607287449393,1.0,1.4694304466247559,0.4657178521156311
75,60,gaussian,3,42,0.25,0.265625,0.6153846153846154,1.0,4.862762451171875,1.5281610488891602
76,60,gaussian,3,42,,,,0.0,4.0638298988342285,1.3259674310684204
77,60,gaussian,3,42,0.5,0.515625,0.5,1.0,1.5916699171066284,0.566011905670166
78,60,gaussian,3,42,0.515625,0.625,0.515625,1.0,0.6030071973800659,0.2075459063053131
79,60,gaussian,3,42,0.796875,0.171875,0.796875,1.0,1.2250996828079224,0.3108579218387604
80,60,gaussian,3,42,0.421875,0.578125,0.421875,1.0,0.8663267493247986,0.31613126397132874
81,60,gaussian,3,42,0.5625,0.640625,0.5625,1.0,0.6769319176673889,0.224343404173851
82,60,gaussian,3,42,0.21875,0.625,0.21875,1.0,0.3481558561325073,0.11650138348340988
83,60,gaussian,3,42,0.59375,0.4375,0.59375,1.0,2.231006145477295,0.7021687030792236
84,60,gaussian,3,42,0.28125,0.625,0.28125,1.0,0.7361518144607544,0.25312626361846924
85,60,gaussian,3,42,0.671875,0.515625,0.671875,1.0,2.054561138153076,0.7162758111953735
86,60,gaussian,3,42,0.265625,0.5,0.265625,1.0,4.368677139282227,1.3277976512908936
87,60,gaussian,3,42,0.421875,0.640625,0.421875,1.0,2.0204405784606934,0.6944703459739685
88,60,gaussian,3,42,0.296875,0.546875,0.296875,1.0,2.207444667816162,0.7244951128959656
89,60,gaussian,3,42,0.3125,0.296875,0.3125,1.0,2.3885741233825684,0.7681828737258911
90,60,gaussian,3,42,0.28125,0.609375,0.28125,1.0,1.7896263599395752,0.5843824148178101
91,60,gaussian,3,42,0.25,0.609375,0.25,1.0,0.8196024894714355,0.260444313287735
92,60,gaussian,3,42,0.640625,0.375,0.640625,1.0,1.355820894241333,0.414715975522995
93,60,gaussian,3,42,0.390625,0.453125,0.390625,1.0,2.45361328125,0.8038054704666138
94,60,gaussian,3,42,0.390625,0.4375,0.390625,1.0,2.7936758995056152,0.920196533203125
95,60,gaussian,3,42,0.421875,0.40625,0.421875,1.0,0.8926929235458374,0.3314261734485626
96,60,gaussian,3,42,0.46875,0.390625,0.46875,1.0,0.9702739715576172,0.3342571258544922
97,60,gaussian,3,42,0.421875,0.453125,0.421875,1.0,2.836263418197632,0.9565668702125549
98,60,gaussian,3,42,0.265625,0.25,0.5495495495495495,1.0,3.261627197265625,0.9643943905830383
99,60,gaussian,3,42,0.5,0.609375,0.5,1.0,0.5101218223571777,0.18050700426101685
100,60,gaussian,3,42,0.25,0.625,0.25,1.0,1.3714110851287842,0.4910022020339966
101,60,gaussian,3,42,0.59375,0.453125,0.59375,1.0,2.2304983139038086,0.7021687030792236
102,60,gaussian,3,42,0.34375,0.625,0.34375,1.0,0.7417693138122559,0.2504967451095581
103,60,gaussian,3,42,0.59375,0.578125,0.59375,1.0,1.0075793266296387,0.33937451243400574
104,60,gaussian,3,42,0.5,0.609375,0.5,1.0,0.38915377855300903,0.13670700788497925
105,60,gaussian,3,42,0.265625,0.609375,0.265625,1.0,0.38171884417533875,0.11595472693443298
106,60,gaussian,3,42,0.484375,0.296875,0.484375,1.0,0.9875136613845825,0.3269091844558716
107,60,gaussian,3,42,0.234375,0.25,0.6,1.0,3.2471683025360107,1.0362168550491333
108,60,gaussian,3,42,0.71875,0.34375,0.71875,1.0,6.84199333190918,2.034745931625366
109,60,gaussian,3,42,0.28125,0.546875,0.28125,1.0,1.1297070980072021,0.3642869293689728
110,60,gaussian,3,42,0.71875,0.34375,0.71875,1.0,6.841915607452393,2.034745931625366
111,60,gaussian,3,42,0.28125,0.28125,0.28125,1.0,0.652253270149231,0.18908612430095673
112,60,gaussian,3,42,0.328125,0.59375,0.328125,1.0,6.260793685913086,2.1230101585388184
113,60,gaussian,3,42,0.5625,0.46875,0.5625,1.0,0.5595398545265198,0.18913434445858002
114,60,gaussian,3,42,0.4375,0.375,0.4375,1.0,2.9829983711242676,0.986101508140564
115,60,gaussian,3,42,0.25,0.59375,0.25,1.0,0.6278451681137085,0.22103218734264374
116,60,gaussian,3,42,0.46875,0.34375,0.46875,1.0,3.213801860809326,1.057142972946167
117,60,gaussian,3,42,,,,0.0,0.21863189339637756,0.054038155823946
118,60,gaussian,3,42,0.421875,0.59375,0.421875,1.0,0.7088719606399536,0.22449561953544617
119,60,gaussian,3,42,0.375,0.46875,0.375,1.0,1.8838584423065186,0.6158208847045898
120,60,gaussian,3,42,0.25,0.578125,0.25,1.0,1.09592866897583,0.34890034794807434
121,60,gaussian,3,42,0.265625,0.640625,0.265625,1.0,1.2147469520568848,0.4082562029361725
122,60,gaussian,3,42,0.375,0.65625,0.375,1.0,1.3195557594299316,0.3991532325744629
123,60,gaussian,3,42,0.53125,0.59375,0.53125,1.0,3.738236904144287,1.3206371068954468
124,60,gaussian,3,42,0.4375,0.625,0.4375,1.0,1.834336280822754,0.6042883396148682
125,60,gaussian,3,42,0.578125,0.4375,0.578125,1.0,2.454500675201416,0.8268193006515503
126,60,gaussian,3,42,0.484375,0.59375,0.484375,1.0,2.9796605110168457,0.9889764785766602
127,60,gaussian,3,42,0.578125,0.546875,0.578125,1.0,0.4381496012210846,0.14672359824180603
128,60,gaussian,3,42,0.328125,0.40625,0.328125,1.0,2.4913182258605957,0.7661331295967102
129,60,gaussian,3,42,0.296875,0.2578125,0.5493107104984093,1.0,2.2630646228790283,0.6345010995864868
130,60,gaussian,3,42,0.5625,0.625,0.5625,1.0,4.1365647315979,1.3380197286605835
131,60,gaussian,3,42,0.28125,0.625,0.28125,1.0,2.5190811157226562,0.8760129809379578
132,60,gaussian,3,42,0.390625,0.453125,0.390625,1.0,1.7195956707000732,0.547264039516449
133,60,gaussian,3,42,0.3125,0.53125,0.3125,1.0,1.0914877653121948,0.3603912591934204
134,60,gaussian,3,42,0.5,0.515625,0.5,1.0,1.590657353401184,0.566011905670166
135,60,gaussian,3,42,0.375,0.671875,0.375,1.0,0.8244642019271851,0.24803966283798218
136,60,gaussian,3,42,0.25,0.578125,0.25,1.0,1.8052901029586792,0.5928657650947571
137,60,gaussian,3,42,0.546875,0.5625,0.546875,1.0,1.0738306045532227,0.3597373366355896
138,60,gaussian,3,42,0.328125,0.59375,0.328125,1.0,1.494638204574585,0.5059489011764526
139,60,gaussian,3,42,0.3125,0.546875,0.3125,1.0,1.091362476348877,0.3603912591934204
140,60,gaussian,3,42,0.375,0.46875,0.375,1.0,1.8838530778884888,0.6158208847045898
141,60,gaussian,3,42,0.28125,0.65625,0.28125,1.0,0.8924843668937683,0.2761553227901459
142,60,gaussian,3,42,0.421875,0.484375,0.421875,1.0,1.3864202499389648,0.46123194694519043
143,60,gaussian,3,42,0.53125,0.59375,0.53125,1.0,3.7381391525268555,1.3206371068954468
144,60,gaussian,3,42,0.359375,0.390625,0.359375,1.0,4.697845458984375,1.526188611984253
145,60,gaussian,3,42,0.359375,0.359375,0.359375,1.0,1.5927079916000366,0.49849021434783936
146,60,gaussian,3,42,0.359375,0.65625,0.359375,1.0,3.2188124656677246,1.0449466705322266
147,60,gaussian,3,42,0.234375,0.59375,0.234375,1.0,0.7444947957992554,0.25127196311950684
148,60,gaussian,3,42,0.578125,0.609375,0.578125,1.0,1.8961436748504639,0.5981844067573547
149,60,gaussian,3,42,0.296875,0.578125,0.296875,1.0,0.6439542770385742,0.23901505768299103
150,60,gaussian,3,42,0.34375,0.359375,0.34375,1.0,2.3525044918060303,0.7301414012908936
151,60,gaussian,3,42,0.390625,0.640625,0.390625,1.0,2.4921326637268066,0.8657653331756592
152,60,gaussian,3,42,0.59375,0.453125,0.59375,1.0,1.974684238433838,0.6458542346954346
153,60,gaussian,3,42,0.25,0.5625,0.25,1.0,1.8067054748535156,0.5928657650947571
154,60,gaussian,3,42,0.25,0.25,0.4920634920634921,1.0,1.1644067764282227,0.346228688955307
155,60,gaussian,3,42,0.296875,0.5625,0.296875,1.0,2.2540712356567383,0.7339079976081848
156,60,gaussian,3,42,0.359375,0.34375,0.359375,1.0,1.5925283432006836,0.49849021434783936
157,60,gaussian,3,42,0.765625,0.171875,0.765625,1.0,3.217506170272827,0.8790019154548645
158,60,gaussian,3,42,0.5,0.46875,0.5,1.0,1.4894514083862305,0.5302867293357849
159,60,gaussian,3,42,0.484375,0.53125,0.484375,1.0,4.8179931640625,1.6736509799957275
160,60,gaussian,3,42,0.25,0.25,0.5179487179487179,1.0,3.225759983062744,0.9610816836357117
161,60,gaussian,3,42,0.234375,0.59375,0.234375,1.0,1.3371295928955078,0.4569246470928192
162,60,gaussian,3,42,0.3125,0.296875,0.5405405405405406,1.0,1.8850817680358887,0.5500472784042358
163,60,gaussian,3,42,0.265625,0.609375,0.265625,1.0,1.3735473155975342,0.4910022020339966
164,60,gaussian,3,42,0.28125,0.53125,0.28125,1.0,3.2769765853881836,1.0432727336883545
165,60,gaussian,3,42,0.265625,0.625,0.265625,1.0,0.7080607414245605,0.21904022991657257
166,60,gaussian,3,42,0.609375,0.640625,0.609375,1.0,1.7500364780426025,0.5684443712234497
167,60,gaussian,3,42,0.671875,0.265625,0.671875,1.0,1.8521491289138794,0.6374068260192871
168,60,gaussian,3,42,0.234375,0.59375,0.234375,1.0,0.7444062232971191,0.25127193331718445
169,60,gaussian,3,42,0.640625,0.65625,0.640625,1.0,3.0340309143066406,1.0100618600845337
170,60,gaussian,3,42,0.328125,0.390625,0.5833333333333334,1.0,2.8350210189819336,0.8633221387863159
171,60,gaussian,3,42,0.4375,0.625,0.4375,1.0,1.8345309495925903,0.6042883992195129
172,60,gaussian,3,42,0.203125,0.59375,0.203125,1.0,0.958594799041748,0.3008495271205902
173,60,gaussian,3,42,0.484375,0.296875,0.484375,1.0,0.9868448376655579,0.3269091546535492
174,60,gaussian,3,42,0.625,0.421875,0.625,1.0,0.7698999643325806,0.23653459548950195
175,60,gaussian,3,42,0.59375,0.40625,0.59375,1.0,1.1388802528381348,0.38947778940200806
176,60,gaussian,3,42,0.484375,0.21875,0.484375,1.0,1.1700091361999512,0.38014301657676697
177,60,gaussian,3,42,0.390625,0.359375,0.390625,1.0,1.62868332862854,0.5339771509170532
178,60,gaussian,3,42,0.390625,0.421875,0.390625,1.0,8.949932098388672,2.8167831897735596
179,60,gaussian,3,42,0.46875,0.609375,0.46875,1.0,2.142317771911621,0.728180468082428
180,60,gaussian,3,42,0.59375,0.578125,0.59375,1.0,1.9588837623596191,0.7009580731391907
181,60,gaussian,3,42,0.234375,0.5625,0.234375,1.0,1.0537145137786865,0.3352883756160736
182,60,gaussian,3,42,0.40625,0.4375,0.40625,1.0,0.8769329786300659,0.28011971712112427
183,60,gaussian,3,42,0.34375,0.609375,0.34375,1.0,0.6571731567382812,0.22384026646614075
184,60,gaussian,3,42,0.765625,0.171875,0.765625,1.0,3.210879325866699,0.8790019154548645
185,60,gaussian,3,42,0.359375,0.5625,0.359375,1.0,1.7927815914154053,0.5745750665664673
186,60,gaussian,3,42,0.296875,0.546875,0.296875,1.0,2.2108492851257324,0.7244951128959656
187,60,gaussian,3,42,0.515625,0.625,0.515625,1.0,0.6032674312591553,0.2075459063053131
188,60,gaussian,3,42,0.265625,0.578125,0.265625,1.0,2.830470085144043,0.9339835047721863
189,60,gaussian,3,42,0.375,0.390625,0.375,1.0,1.5951642990112305,0.5014387965202332
190,60,gaussian,3,42,0.375,0.40625,0.375,1.0,4.6972246170043945,1.526188611984253
191,60,gaussian,3,42,0.265625,0.59375,0.265625,1.0,1.9319403171539307,0.6334043145179749
192,60,gaussian,3,42,0.296875,0.59375,0.296875,1.0,0.9659932851791382,0.2980898916721344
193,60,gaussian,3,42,0.2421875,0.234375,0.489247311827957,1.0,2.036303997039795,0.6884003281593323
194,60,gaussian,3,42,0.296875,0.609375,0.296875,1.0,3.4421937465667725,1.0369596481323242
195,60,gaussian,3,42,0.265625,0.59375,0.265625,1.0,2.7913756370544434,0.92879718542099
196,60,gaussian,3,42,0.546875,0.59375,0.546875,1.0,6.553455352783203,2.1592390537261963
197,60,gaussian,3,42,0.40625,0.453125,0.40625,1.0,2.8330237865448,0.9565668702125549
198,60,gaussian,3,42,0.328125,0.546875,0.328125,1.0,1.9834871292114258,0.6609451174736023
199,60,gaussian,3,42,0.4375,0.21875,0.4375,1.0,1.6287930011749268,0.5147967338562012
200,60,gaussian,3,42,0.578125,0.359375,0.578125,1.0,0.6753267049789429,0.2169201672077179
201,60,gaussian,3,42,0.3125,0.578125,0.3125,1.0,1.1105860471725464,0.34761306643486023
202,60,gaussian,3,42,0.71875,0.609375,0.71875,1.0,2.9034643173217773,1.0541362762451172
203,60,gaussian,3,42,0.59375,0.625,0.59375,1.0,1.0365502834320068,0.3513859808444977
204,60,gaussian,3,42,0.28125,0.609375,0.28125,1.0,1.2195100784301758,0.4424881339073181
205,60,gaussian,3,42,0.515625,0.546875,0.515625,1.0,2.0878407955169678,0.7577435970306396
206,60,gaussian,3,42,0.21875,0.625,0.21875,1.0,0.4221643805503845,0.1463245302438736
207,60,gaussian,3,42,0.359375,0.375,0.359375,1.0,3.7435498237609863,1.2103304862976074
208,60,gaussian,3,42,0.375,0.609375,0.375,1.0,0.6858608722686768,0.2458472102880478
209,60,gaussian,3,42,0.234375,0.234375,0.49230769230769234,1.0,3.2467331886291504,1.0362168550491333
210,60,gaussian,3,42,0.578125,0.578125,0.578125,1.0,1.9588676691055298,0.7009580731391907
211,60,gaussian,3,42,0.53125,0.609375,0.53125,1.0,2.1363863945007324,0.7290163636207581
212,60,gaussian,3,42,0.40625,0.46875,0.40625,1.0,6.644881725311279,2.1284685134887695
213,60,gaussian,3,42,,,,0.0,0.16768378019332886,0.05007735267281532
214,60,gaussian,3,42,,,,0.0,0.16683103144168854,0.05007735639810562
215,60,gaussian,3,42,0.796875,0.5625,0.796875,1.0,2.6920294761657715,0.8402297496795654
216,60,gaussian,3,42,0.296875,0.296875,0.296875,1.0,1.5558322668075562,0.4471234977245331
217,60,gaussian,3,42,0.46875,0.609375,0.46875,1.0,1.712559461593628,0.580588698387146
218,60,gaussian,3,42,0.296875,0.609375,0.296875,1.0,0.9672248363494873,0.2980898916721344
219,60,gaussian,3,42,0.25,0.265625,0.5216450216450217,1.0,7.196025371551514,2.1728131771087646
220,60,gaussian,3,42,0.21875,0.203125,0.21875,1.0,0.5825068354606628,0.16235987842082977
221,60,gaussian,3,42,0.4375,0.53125,0.4375,1.0,2.427074432373047,0.7858484983444214
222,60,gaussian,3,42,0.40625,0.421875,0.40625,1.0,4.174788951873779,1.4554390907287598
223,60,gaussian,3,42,0.53125,0.59375,0.53125,1.0,2.1211345195770264,0.7001899480819702
224,60,gaussian,3,42,0.515625,0.484375,0.515625,1.0,2.573361396789551,0.8807703852653503
225,60,gaussian,3,42,0.578125,0.640625,0.578125,1.0,1.674710988998413,0.5940494537353516
226,60,gaussian,3,42,0.296875,0.578125,0.296875,1.0,3.0978755950927734,0.9788245558738708
227,60,gaussian,3,42,0.40625,0.59375,0.40625,1.0,1.8662214279174805,0.6679362058639526
228,60,gaussian,3,42,0.375,0.5625,0.375,1.0,1.7908389568328857,0.5745750665664673
229,60,gaussian,3,42,0.296875,0.578125,0.296875,1.0,1.9556339979171753,0.6577370762825012
230,60,gaussian,3,42,0.765625,0.171875,0.765625,1.0,3.217611312866211,0.8790019750595093
231,60,gaussian,3,42,0.28125,0.625,0.28125,1.0,2.1065683364868164,0.7025063633918762
232,60,gaussian,3,42,0.421875,0.421875,0.421875,1.0,1.6494190692901611,0.5843642950057983
233,60,gaussian,3,42,0.21875,0.234375,0.358974358974359,1.0,3.24699330329895,1.0362168550491333
234,60,gaussian,3,42,0.3125,0.578125,0.3125,1.0,1.759179711341858,0.5635548233985901
235,60,gaussian,3,42,0.28125,0.5625,0.28125,1.0,2.171914577484131,0.734968364238739
236,60,gaussian,3,42,0.8125,0.640625,0.8125,1.0,0.5575230121612549,0.16873827576637268
237,60,gaussian,3,42,0.609375,0.6875,0.609375,1.0,0.6758710145950317,0.21171635389328003
238,60,gaussian,3,42,0.2578125,0.2734375,0.5136852394916911,1.0,0.8070903420448303,0.22524605691432953
239,60,gaussian,3,42,0.34375,0.578125,0.34375,1.0,5.37318754196167,1.751750111579895
240,60,gaussian,3,42,0.296875,0.625,0.296875,1.0,2.1915059089660645,0.6637626886367798
241,60,gaussian,3,42,0.40625,0.65625,0.40625,1.0,2.0213873386383057,0.6944703459739685
242,60,gaussian,3,42,0.25,0.5625,0.25,1.0,3.674149513244629,1.1736830472946167
243,60,gaussian,3,42,0.3125,0.5625,0.3125,1.0,1.4074269533157349,0.43756991624832153
244,60,gaussian,3,42,0.375,0.609375,0.375,1.0,1.927466630935669,0.6093341112136841
245,60,gaussian,3,42,0.25,0.515625,0.25,1.0,3.223508358001709,0.9800679683685303
246,60,gaussian,3,42,0.296875,0.59375,0.296875,1.0,2.0973258018493652,0.6899480223655701
247,60,gaussian,3,42,0.359375,0.65625,0.359375,1.0,3.2177107334136963,1.0449466705322266
248,60,gaussian,3,42,0.34375,0.609375,0.34375,1.0,3.5511937141418457,1.264445424079895
249,60,gaussian,3,42,0.53125,0.59375,0.53125,1.0,2.1206274032592773,0.700190007686615
250,60,gaussian,3,42,0.34375,0.578125,0.34375,1.0,4.09484338760376,1.324594497680664
251,60,gaussian,3,42,0.5,0.296875,0.5,1.0,1.0561197996139526,0.394836962223053
252,60,gaussian,3,42,0.25,0.59375,0.25,1.0,1.3379237651824951,0.4569246172904968
253,60,gaussian,3,42,0.328125,0.328125,0.328125,1.0,1.0695734024047852,0.3414474129676819
254,60,gaussian,3,42,0.328125,0.546875,0.328125,1.0,1.210322380065918,0.39859429001808167
255,60,gaussian,3,42,0.4375,0.53125,0.4375,1.0,5.161238670349121,1.729920506477356
256,60,gaussian,3,42,0.296875,0.609375,0.296875,1.0,1.2518126964569092,0.4500899910926819
257,60,gaussian,3,42,0.484375,0.546875,0.484375,1.0,1.24714195728302,0.44280362129211426
258,60,gaussian,3,42,0.2265625,0.2421875,0.4723076923076923,1.0,4.469142913818359,1.2944576740264893
259,60,gaussian,3,42,0.2421875,0.2265625,0.49901477832512314,1.0,2.0999135971069336,0.7230730056762695
260,60,gaussian,3,42,0.546875,0.5625,0.546875,1.0,1.0752503871917725,0.3597373366355896
261,60,gaussian,3,42,0.46875,0.609375,0.46875,1.0,1.7129651308059692,0.580588698387146
262,60,gaussian,3,42,0.375,0.421875,0.375,1.0,2.6326749324798584,0.8201781511306763
263,60,gaussian,3,42,0.328125,0.59375,0.328125,1.0,1.8248614072799683,0.6038284301757812
264,60,gaussian,3,42,0.484375,0.234375,0.484375,1.0,1.1695446968078613,0.38014301657676697
265,60,gaussian,3,42,0.296875,0.53125,0.296875,1.0,0.6754391193389893,0.21896402537822723
266,60,gaussian,3,42,0.5,0.59375,0.5,1.0,2.8257699012756348,0.9499767422676086
267,60,gaussian,3,42,0.4375,0.296875,0.4375,1.0,1.073594570159912,0.35230109095573425
268,60,gaussian,3,42,0.25,0.25,0.525,1.0,2.5790746212005615,0.7750096321105957
269,60,gaussian,3,42,0.28125,0.625,0.28125,1.0,2.5201773643493652,0.8760129809379578
270,60,gaussian,3,42,,,,0.0,2.261654853820801,0.6345011591911316
271,60,gaussian,3,42,0.25,0.59375,0.25,1.0,0.9528782367706299,0.3186919689178467
272,60,gaussian,3,42,0.453125,0.421875,0.453125,1.0,10.665351867675781,3.6407103538513184
273,60,gaussian,3,42,0.265625,0.578125,0.265625,1.0,2.8303213119506836,0.9339835047721863
274,60,gaussian,3,42,0.375,0.625,0.375,1.0,0.7208139300346375,0.22202575206756592
275,60,gaussian,3,42,0.53125,0.578125,0.53125,1.0,5.783517837524414,1.9256315231323242
276,60,gaussian,3,42,0.40625,0.5625,0.40625,1.0,0.5940502882003784,0.20281963050365448
277,60,gaussian,3,42,0.25,0.609375,0.25,1.0,2.5148861408233643,0.8192574381828308
278,60,gaussian,3,42,0.609375,0.53125,0.609375,1.0,2.3156633377075195,0.7446303367614746
279,60,gaussian,3,42,0.671875,0.375,0.671875,1.0,1.1555817127227783,0.3430840075016022
280,60,gaussian,3,42,0.609375,0.40625,0.609375,1.0,1.1389843225479126,0.38947778940200806
281,60,gaussian,3,42,0.234375,0.578125,0.234375,1.0,1.5244851112365723,0.4818313419818878
282,60,gaussian,3,42,0.390625,0.640625,0.390625,1.0,2.491107940673828,0.8657653331756592
283,60,gaussian,3,42,0.625,0.453125,0.625,1.0,1.0176105499267578,0.3411709666252136
284,60,gaussian,3,42,0.296875,0.609375,0.296875,1.0,1.284148097038269,0.4271469712257385
285,60,gaussian,3,42,0.25,0.515625,0.25,1.0,3.2242040634155273,0.9800679683685303
286,60,gaussian,3,42,0.40625,0.40625,0.40625,1.0,0.6737468242645264,0.23122216761112213
287,60,gaussian,3,42,0.53125,0.609375,0.53125,1.0,0.5998287796974182,0.2082398533821106
288,60,gaussian,3,42,0.234375,0.59375,0.234375,1.0,0.7445801496505737,0.25127193331718445
289,60,gaussian,3,42,0.296875,0.609375,0.296875,1.0,2.5409774780273438,0.8767145276069641
290,60,gaussian,3,42,0.296875,0.53125,0.296875,1.0,0.9700790643692017,0.32212942838668823
291,60,gaussian,3,42,0.3046875,0.265625,0.5710498409331919,1.0,2.2564382553100586,0.6345011591911316
292,60,gaussian,3,42,0.375,0.609375,0.375,1.0,0.686008632183075,0.2458472102880478
293,60,gaussian,3,42,0.34375,0.4375,0.34375,1.0,2.1470630168914795,0.6808890700340271
294,60,gaussian,3,42,0.515625,0.359375,0.515625,1.0,3.7920761108398438,1.2809631824493408
295,60,gaussian,3,42,0.265625,0.640625,0.265625,1.0,0.755218505859375,0.237728089094162
296,60,gaussian,3,42,0.4375,0.21875,0.4375,1.0,1.6298012733459473,0.5147967338562012
297,60,gaussian,3,42,0.609375,0.625,0.609375,1.0,6.606900215148926,2.265450954437256
298,60,gaussian,3,42,0.375,0.328125,0.375,1.0,0.7994627356529236,0.2443089485168457
299,60,gaussian,3,42,0.5,0.484375,0.5,1.0,0.9117165803909302,0.30761444568634033
300,60,gaussian,3,42,0.5,0.484375,0.5,1.0,5.69601583480835,2.0140182971954346
301,60,gaussian,3,42,0.71875,0.53125,0.71875,1.0,0.29110223054885864,0.10301131755113602
302,60,gaussian,3,42,0.3125,0.546875,0.3125,1.0,1.9823501110076904,0.6609451174736023
303,60,gaussian,3,42,0.28125,0.59375,0.28125,1.0,3.102412700653076,0.9788245558738708
304,60,gaussian,3,42,0.296875,0.53125,0.296875,1.0,4.571992874145508,1.6807516813278198
305,60,gaussian,3,42,0.3125,0.515625,0.3125,1.0,0.6753302812576294,0.21896402537822723
306,60,gaussian,3,42,0.203125,0.625,0.203125,1.0,0.34836065769195557,0.11650138348340988
307,60,gaussian,3,42,0.4375,0.515625,0.4375,1.0,2.425845146179199,0.7858484983444214
308,60,gaussian,3,42,0.46875,0.625,0.46875,1.0,2.275265693664551,0.7725185751914978
309,60,gaussian,3,42,0.296875,0.5625,0.296875,1.0,2.1477859020233154,0.664484441280365
310,60,gaussian,3,42,0.703125,0.34375,0.703125,1.0,6.825829029083252,2.034745693206787
311,60,gaussian,3,42,0.296875,0.59375,0.296875,1.0,2.1871676445007324,0.7609708309173584
312,60,gaussian,3,42,0.25,0.625,0.25,1.0,0.715093731880188,0.2318403124809265
313,60,gaussian,3,42,0.640625,0.28125,0.640625,1.0,7.579754829406738,2.5055787563323975
314,60,gaussian,3,42,0.375,0.453125,0.375,1.0,1.729917049407959,0.5617276430130005
315,60,gaussian,3,42,0.234375,0.2421875,0.48512820512820515,1.0,4.468509674072266,1.2944576740264893
316,60,gaussian,3,42,0.375,0.453125,0.375,1.0,1.8322606086730957,0.6055760979652405
317,60,gaussian,3,42,0.3125,0.609375,0.3125,1.0,1.9785075187683105,0.6610429883003235
318,60,gaussian,3,42,0.5,0.484375,0.5,1.0,1.2716091871261597,0.44965362548828125
319,60,gaussian,3,42,0.546875,0.625,0.546875,1.0,2.134495735168457,0.7290163040161133
320,60,gaussian,3,42,0.421875,0.640625,0.421875,1.0,3.236675262451172,1.0095770359039307
321,60,gaussian,3,42,0.46875,0.40625,0.46875,1.0,0.9794299602508545,0.3559204936027527
322,60,gaussian,3,42,0.296875,0.25,0.7037037037037037,1.0,4.222749710083008,1.2786591053009033
323,60,gaussian,3,42,0.484375,0.5625,0.484375,1.0,1.2482746839523315,0.44280362129211426
324,60,gaussian,3,42,0.6875,0.609375,0.6875,1.0,1.9739480018615723,0.7020685076713562
325,60,gaussian,3,42,0.25,0.578125,0.25,1.0,1.1590251922607422,0.3601595461368561
326,60,gaussian,3,42,0.515625,0.46875,0.515625,1.0,0.8959002494812012,0.3026740550994873
327,60,gaussian,3,42,0.4375,0.203125,0.4375,1.0,1.6253962516784668,0.5147967338562012
328,60,gaussian,3,42,0.40625,0.4375,0.40625,1.0,4.175046920776367,1.4554390907287598
329,60,gaussian,3,42,0.421875,0.5625,0.421875,1.0,0.5609585642814636,0.1986137181520462
330,60,gaussian,3,42,0.296875,0.5625,0.296875,1.0,1.1464369297027588,0.3700445890426636
331,60,gaussian,3,42,0.40625,0.453125,0.40625,1.0,2.833071708679199,0.9565668702125549
332,60,gaussian,3,42,0.4375,0.609375,0.4375,1.0,1.0313018560409546,0.3279573321342468
333,60,gaussian,3,42,0.234375,0.578125,0.234375,1.0,1.1599276065826416,0.3601595461368561
334,60,gaussian,3,42,0.5,0.296875,0.5,1.0,1.0559526681900024,0.394836962223053
335,60,gaussian,3,42,0.578125,0.65625,0.578125,1.0,0.6117328405380249,0.21594159305095673
336,60,gaussian,3,42,0.46875,0.609375,0.46875,1.0,2.1421127319335938,0.728180468082428
337,60,gaussian,3,42,0.203125,0.171875,0.41935483870967744,1.0,0.9304470419883728,0.279359370470047
338,60,gaussian,3,42,0.734375,0.640625,0.734375,1.0,3.701798439025879,1.2734575271606445
339,60,gaussian,3,42,0.265625,0.59375,0.265625,1.0,0.9033347368240356,0.3139442801475525
340,60,gaussian,3,42,0.546875,0.609375,0.546875,1.0,2.1205646991729736,0.7001899480819702
341,60,gaussian,3,42,0.296875,0.53125,0.296875,1.0,0.96986985206604,0.32212942838668823
342,60,gaussian,3,42,0.40625,0.609375,0.40625,1.0,0.7080132961273193,0.22449560463428497
343,60,gaussian,3,42,0.453125,0.5625,0.453125,1.0,0.648904025554657,0.21692173182964325
344,60,gaussian,3,42,0.3125,0.578125,0.3125,1.0,1.7616355419158936,0.5635548233985901
345,60,gaussian,3,42,0.5,0.515625,0.5,1.0,3.5326027870178223,1.2617511749267578
346,60,gaussian,3,42,0.25,0.609375,0.25,1.0,0.8196284174919128,0.260444313287735
347,60,gaussian,3,42,0.28125,0.28125,0.6666666666666666,1.0,3.2628839015960693,0.9643943309783936
348,60,gaussian,3,42,0.25,0.59375,0.25,1.0,0.6277914047241211,0.22103218734264374
349,60,gaussian,3,42,0.40625,0.65625,0.40625,1.0,1.3515543937683105,0.47885245084762573
350,60,gaussian,3,42,0.578125,0.65625,0.578125,1.0,0.6113890409469604,0.21594157814979553
351,60,gaussian,3,42,0.34375,0.4375,0.34375,1.0,2.1436781883239746,0.6808890700340271
352,60,gaussian,3,42,0.515625,0.359375,0.515625,1.0,3.7933502197265625,1.2809631824493408
353,60,gaussian,3,42,0.453125,0.46875,0.6590909090909091,1.0,4.0627570152282715,1.3259674310684204
354,60,gaussian,3,42,0.46875,0.625,0.46875,1.0,2.274695873260498,0.7725185751914978
355,60,gaussian,3,42,0.296875,0.453125,0.296875,1.0,5.676965713500977,1.7496222257614136
356,60,gaussian,3,42,0.28125,0.625,0.28125,1.0,0.7651886940002441,0.265464186668396
357,60,gaussian,3,42,0.2421875,0.234375,0.489247311827957,1.0,2.0363075733184814,0.6884002685546875
358,60,gaussian,3,42,0.578125,0.546875,0.578125,1.0,0.43802300095558167,0.14672359824180603
359,60,gaussian,3,42,0.671875,0.5625,0.671875,1.0,7.7004852294921875,2.3148436546325684
360,60,gaussian,3,42,0.484375,0.5625,0.484375,1.0,8.911090850830078,3.1001737117767334
361,60,gaussian,3,42,0.265625,0.2421875,0.5495495495495495,1.0,3.2622928619384766,0.9643943905830383
362,60,gaussian,3,42,0.4375,0.484375,0.4375,1.0,1.3861017227172852,0.46123194694519043
363,60,gaussian,3,42,0.28125,0.65625,0.28125,1.0,1.9702942371368408,0.576625645160675
364,60,gaussian,3,42,0.53125,0.609375,0.53125,1.0,1.0588266849517822,0.3836066424846649
365,60,gaussian,3,42,0.359375,0.5625,0.359375,1.0,1.951738953590393,0.6195946931838989
366,60,gaussian,3,42,0.59375,0.640625,0.59375,1.0,1.035841464996338,0.3513859808444977
367,60,gaussian,3,42,0.359375,0.671875,0.359375,1.0,3.2168350219726562,1.0449466705322266
368,60,gaussian,3,42,0.40625,0.4375,0.40625,1.0,2.7936487197875977,0.920196533203125
369,60,gaussian,3,42,0.359375,0.65625,0.359375,1.0,3.2164134979248047,1.0449466705322266
370,60,gaussian,3,42,0.734375,0.640625,0.734375,1.0,3.7047972679138184,1.2734575271606445
371,60,gaussian,3,42,0.234375,0.578125,0.234375,1.0,1.1616668701171875,0.3601595461368561
372,60,gaussian,3,42,0.546875,0.609375,0.546875,1.0,1.2065865993499756,0.39991095662117004
373,60,gaussian,3,42,0.3125,0.53125,0.3125,1.0,1.0914578437805176,0.3603912591934204
374,60,gaussian,3,42,0.59375,0.578125,0.59375,1.0,1.9588871002197266,0.7009580135345459
375,60,gaussian,3,42,0.625,0.359375,0.625,1.0,0.6285405158996582,0.21539020538330078
376,60,gaussian,3,42,0.28125,0.59375,0.28125,1.0,0.6445115208625793,0.23901504278182983
377,60,gaussian,3,42,0.234375,0.25,0.49230769230769234,1.0,3.248563289642334,1.0362168550491333
378,60,gaussian,3,42,0.328125,0.59375,0.328125,1.0,0.790215790271759,0.26664477586746216
379,60,gaussian,3,42,0.484375,0.546875,0.484375,1.0,1.2473373413085938,0.44280362129211426
380,60,gaussian,3,42,0.390625,0.375,0.390625,1.0,4.680229187011719,1.5593430995941162
381,60,gaussian,3,42,0.296875,0.28125,0.296875,1.0,1.5563225746154785,0.4471234977245331
382,60,gaussian,3,42,0.328125,0.59375,0.328125,1.0,0.5938030481338501,0.20137372612953186
383,60,gaussian,3,42,0.265625,0.625,0.265625,1.0,0.8105734586715698,0.2570779621601105
384,60,gaussian,3,42,0.453125,0.5625,0.453125,1.0,0.38293710350990295,0.12795434892177582
385,60,gaussian,3,42,0.28125,0.671875,0.28125,1.0,0.8924157023429871,0.2761553227901459
386,60,gaussian,3,42,0.28125,0.640625,0.28125,1.0,1.215455174446106,0.4082562029361725
387,60,gaussian,3,42,0.28125,0.265625,0.28125,1.0,0.49725961685180664,0.14200685918331146
388,60,gaussian,3,42,0.296875,0.53125,0.296875,1.0,3.275739908218384,1.0432727336883545
389,60,gaussian,3,42,0.5625,0.546875,0.5625,1.0,1.316666841506958,0.4321223497390747
390,60,gaussian,3,42,0.28125,0.609375,0.28125,1.0,1.220003604888916,0.4424881041049957
391,60,gaussian,3,42,0.25,0.265625,0.5216450216450217,1.0,7.201210975646973,2.1728131771087646
392,60,gaussian,3,42,0.265625,0.65625,0.265625,1.0,1.8510782718658447,0.6457422375679016
393,60,gaussian,3,42,0.390625,0.40625,0.390625,1.0,0.5096118450164795,0.16093620657920837
394,60,gaussian,3,42,0.625,0.59375,0.625,1.0,2.052232027053833,0.6990538239479065
395,60,gaussian,3,42,0.296875,0.609375,0.296875,1.0,3.4368112087249756,1.0369596481323242
396,60,gaussian,3,42,0.234375,0.1875,0.234375,1.0,0.5849531888961792,0.16235987842082977
397,60,gaussian,3,42,0.359375,0.5625,0.359375,1.0,1.792576551437378,0.5745750665664673
398,60,gaussian,3,42,0.328125,0.59375,0.328125,1.0,3.1947126388549805,1.0426242351531982
399,60,gaussian,3,42,0.5625,0.484375,0.5625,1.0,3.3927550315856934,1.076826572418213
400,60,gaussian,3,42,0.296875,0.578125,0.296875,1.0,1.1105270385742188,0.34761306643486023
401,60,gaussian,3,42,0.6875,0.34375,0.6875,1.0,0.40889033675193787,0.12238209694623947
402,60,gaussian,3,42,0.4375,0.625,0.4375,1.0,1.8343645334243774,0.6042883396148682
403,60,gaussian,3,42,0.671875,0.640625,0.671875,1.0,2.6391501426696777,0.9035865664482117
404,60,gaussian,3,42,0.296875,0.609375,0.296875,1.0,1.7263038158416748,0.6209012866020203
405,60,gaussian,3,42,0.421875,0.578125,0.421875,1.0,0.8658808469772339,0.31613126397132874
406,60,gaussian,3,42,0.296875,0.640625,0.296875,1.0,2.110994815826416,0.6758586168289185
407,60,gaussian,3,42,0.375,0.609375,0.375,1.0,1.9267616271972656,0.6093341112136841
408,60,gaussian,3,42,,,,0.0,4.063850402832031,1.3259674310684204
409,60,gaussian,3,42,0.40625,0.421875,0.40625,1.0,4.1687703132629395,1.4554390907287598
410,60,gaussian,3,42,0.5,0.484375,0.5,1.0,5.824352264404297,2.0613677501678467
411,60,gaussian,3,42,0.234375,0.21875,0.4166666666666667,1.0,1.5382996797561646,0.4530969560146332
412,60,gaussian,3,42,0.28125,0.59375,0.28125,1.0,2.6867096424102783,0.8147038817405701
413,60,gaussian,3,42,0.265625,0.5625,0.265625,1.0,3.159435272216797,1.0076630115509033
414,60,gaussian,3,42,0.28125,0.625,0.28125,1.0,2.1107280254364014,0.6758586168289185
415,60,gaussian,3,42,0.234375,0.578125,0.234375,1.0,0.6596997976303101,0.19470098614692688
416,60,gaussian,3,42,0.578125,0.640625,0.578125,1.0,1.674539566040039,0.5940494537353516
417,60,gaussian,3,42,0.625,0.34375,0.625,1.0,0.5471892356872559,0.19737295806407928
418,60,gaussian,3,42,0.375,0.5625,0.375,1.0,1.790998935699463,0.5745750665664673
419,60,gaussian,3,42,0.34375,0.375,0.5,1.0,0.47782212495803833,0.12352108955383301
420,60,gaussian,3,42,0.515625,0.625,0.515625,1.0,0.6031712889671326,0.20754589140415192
421,60,gaussian,3,42,0.5,0.25,0.5,1.0,0.602593183517456,0.20267701148986816
422,60,gaussian,3,42,0.3125,0.328125,0.3125,1.0,1.7797988653182983,0.5326981544494629
423,60,gaussian,3,42,0.3125,0.53125,0.3125,1.0,1.2330591678619385,0.38220345973968506
424,60,gaussian,3,42,0.171875,0.15625,0.34375,1.0,2.431647300720215,0.7364474534988403
425,60,gaussian,3,42,0.140625,0.109375,0.3333333333333333,1.0,3.6907262802124023,1.2348800897598267
426,60,gaussian,3,42,0.375,0.40625,0.375,1.0,10.862163543701172,3.418128252029419
427,60,gaussian,3,42,0.4375,0.640625,0.4375,1.0,2.359804391860962,0.7492405772209167
428,60,gaussian,3,42,0.46875,0.59375,0.46875,1.0,2.222292900085449,0.7924453616142273
429,60,gaussian,3,42,0.609375,0.6875,0.609375,1.0,0.6760053634643555,0.21171636879444122
430,60,gaussian,3,42,0.265625,0.625,0.265625,1.0,0.7363827228546143,0.25312626361846924
431,60,gaussian,3,42,0.328125,0.59375,0.328125,1.0,2.8452954292297363,0.9650029540061951
432,60,gaussian,3,42,0.40625,0.453125,0.40625,1.0,2.795693874359131,0.920196533203125
433,60,gaussian,3,42,0.46875,0.46875,0.46875,1.0,1.2976367473602295,0.44948655366897583
434,60,gaussian,3,42,0.28125,0.296875,0.28125,1.0,1.5537315607070923,0.4471234679222107
435,60,gaussian,3,42,0.484375,0.484375,0.484375,1.0,1.0608196258544922,0.3638835549354553
436,60,gaussian,3,42,0.578125,0.234375,0.578125,1.0,0.3848417103290558,0.12830401957035065
437,60,gaussian,3,42,0.5,0.515625,0.5,1.0,1.267439842224121,0.44337013363838196
438,60,gaussian,3,42,0.671875,0.265625,0.671875,1.0,1.8527390956878662,0.6374068260192871
439,60,gaussian,3,42,0.28125,0.5625,0.28125,1.0,1.147632360458374,0.3700445890426636
440,60,gaussian,3,42,0.359375,0.40625,0.359375,1.0,4.700322151184082,1.526188611984253
441,60,gaussian,3,42,0.234375,0.2421875,0.48512820512820515,1.0,4.467601299285889,1.2944576740264893
442,60,gaussian,3,42,0.296875,0.578125,0.296875,1.0,2.285688877105713,0.7486350536346436
443,60,gaussian,3,42,0.28125,0.65625,0.28125,1.0,0.3852040469646454,0.126343235373497
444,60,gaussian,3,42,0.359375,0.578125,0.359375,1.0,2.708517551422119,0.9245169758796692
445,60,gaussian,3,42,0.25,0.59375,0.25,1.0,2.7790780067443848,0.9126384258270264
446,60,gaussian,3,42,0.546875,0.625,0.546875,1.0,2.1345396041870117,0.7290163636207581
447,60,gaussian,3,42,0.640625,0.421875,0.640625,1.0,1.2802796363830566,0.4857315123081207
448,60,gaussian,3,42,0.421875,0.40625,0.421875,1.0,0.892865002155304,0.3314261734485626
449,60,gaussian,3,42,0.34375,0.625,0.34375,1.0,0.74196457862854,0.2504967451095581
450,60,gaussian,3,42,0.34375,0.390625,0.34375,1.0,3.7483325004577637,1.2103303670883179
451,60,gaussian,3,42,0.296875,0.578125,0.296875,1.0,0.8565303087234497,0.2819162607192993
452,60,gaussian,3,42,0.296875,0.53125,0.296875,1.0,0.6762364506721497,0.21896402537822723
453,60,gaussian,3,42,0.296875,0.546875,0.296875,1.0,1.7866798639297485,0.5391489267349243
454,60,gaussian,3,42,0.53125,0.578125,0.53125,1.0,3.7984464168548584,1.2499419450759888
455,60,gaussian,3,42,0.2578125,0.2734375,0.515625,1.0,0.808040976524353,0.22524605691432953
456,60,gaussian,3,42,0.34375,0.390625,0.34375,1.0,3.7484018802642822,1.2103303670883179
457,60,gaussian,3,42,0.609375,0.6875,0.609375,1.0,0.36224502325057983,0.11305201053619385
458,60,gaussian,3,42,0.609375,0.59375,0.609375,1.0,2.0522446632385254,0.6990538239479065
459,60,gaussian,3,42,0.4375,0.578125,0.4375,1.0,0.7927706241607666,0.27921316027641296
460,60,gaussian,3,42,0.328125,0.59375,0.328125,1.0,1.9863154888153076,0.6431218385696411
461,60,gaussian,3,42,,,,0.0,0.19477662444114685,0.05770985037088394
462,60,gaussian,3,42,0.609375,0.59375,0.609375,1.0,2.051309585571289,0.6990537643432617
463,60,gaussian,3,42,0.359375,0.390625,0.359375,1.0,1.5958471298217773,0.5014387965202332
464,60,gaussian,3,42,0.453125,0.453125,0.6744186046511628,1.0,4.062797546386719,1.3259674310684204
465,60,gaussian,3,42,0.4375,0.484375,0.4375,1.0,1.6968271732330322,0.5545709729194641
466,60,gaussian,3,42,0.28125,0.28125,0.28125,1.0,1.6528733968734741,0.4903970956802368
467,60,gaussian,3,42,0.546875,0.625,0.546875,1.0,1.1871466636657715,0.42940443754196167
468,60,gaussian,3,42,0.40625,0.4375,0.40625,1.0,4.175044059753418,1.4554389715194702
469,60,gaussian,3,42,,,,0.0,0.19526264071464539,0.05770984664559364
470,60,gaussian,3,42,0.5,0.484375,0.5,1.0,0.9122974872589111,0.30761444568634033
471,60,gaussian,3,42,0.40625,0.640625,0.40625,1.0,3.241387128829956,1.0095770359039307
472,60,gaussian,3,42,0.359375,0.390625,0.359375,1.0,0.8944761753082275,0.27115345001220703
473,60,gaussian,3,42,0.5,0.546875,0.5,1.0,2.6652705669403076,0.9804604053497314
474,60,gaussian,3,42,0.484375,0.21875,0.484375,1.0,1.170151948928833,0.38014301657676697
475,60,gaussian,3,42,0.546875,0.59375,0.546875,1.0,2.1203293800354004,0.700190007686615
476,60,gaussian,3,42,0.328125,0.59375,0.328125,1.0,2.8451333045959473,0.9650029540061951
477,60,gaussian,3,42,0.359375,0.65625,0.359375,1.0,3.218442916870117,1.0449466705322266
478,60,gaussian,3,42,0.65625,0.4375,0.65625,1.0,2.250655174255371,0.8380820155143738
479,60,gaussian,3,42,0.21875,0.640625,0.21875,1.0,0.4224843978881836,0.1463245302438736
480,60,gaussian,3,42,0.25,0.578125,0.25,1.0,0.7904528379440308,0.23073653876781464
481,60,gaussian,3,42,0.40625,0.453125,0.40625,1.0,2.833118438720703,0.9565669298171997
482,60,gaussian,3,42,0.390625,0.359375,0.390625,1.0,4.679088115692139,1.5593430995941162
483,60,gaussian,3,42,0.453125,0.421875,0.7073170731707317,1.0,2.2577595710754395,0.6345010995864868
484,60,gaussian,3,42,0.515625,0.46875,0.515625,1.0,0.8958306312561035,0.3026740252971649
485,60,gaussian,3,42,0.5,0.546875,0.5,1.0,4.591865062713623,1.6278573274612427
486,60,gaussian,3,42,0.25,0.578125,0.25,1.0,1.336030125617981,0.4569246172904968
487,60,gaussian,3,42,0.28125,0.59375,0.28125,1.0,1.1820878982543945,0.33871376514434814
488,60,gaussian,3,42,0.234375,0.609375,0.234375,1.0,1.1205893754959106,0.35109955072402954
489,60,gaussian,3,42,0.296875,0.59375,0.296875,1.0,1.4725306034088135,0.4775875508785248
490,60,gaussian,3,42,0.53125,0.484375,0.53125,1.0,0.8948525190353394,0.3026740252971649
491,60,gaussian,3,42,0.328125,0.515625,0.328125,1.0,3.0410170555114746,1.1153661012649536
492,60,gaussian,3,42,0.234375,0.5625,0.234375,1.0,0.6460068225860596,0.19736622273921967
493,60,gaussian,3,42,0.515625,0.59375,0.515625,1.0,3.736954927444458,1.3206371068954468
494,60,gaussian,3,42,0.34375,0.375,0.5116279069767442,1.0,0.4776182174682617,0.12352108210325241
495,60,gaussian,3,42,0.5,0.546875,0.5,1.0,2.664999008178711,0.9804604053497314
496,60,gaussian,3,42,0.25,0.640625,0.25,1.0,0.7554750442504883,0.237728089094162
497,60,gaussian,3,42,0.28125,0.609375,0.28125,1.0,1.7898707389831543,0.5843824148178101
498,60,gaussian,3,42,0.34375,0.546875,0.34375,1.0,6.981477737426758,2.3933794498443604
499,60,gaussian,3,42,0.28125,0.59375,0.28125,1.0,2.6875205039978027,0.8147039413452148
500,60,gaussian,3,42,0.59375,0.578125,0.59375,1.0,1.958784818649292,0.7009580731391907
501,60,gaussian,3,42,0.421875,0.640625,0.421875,1.0,3.2376677989959717,1.0095770359039307
502,60,gaussian,3,42,0.5,0.625,0.5,1.0,0.7637931108474731,0.25428953766822815
503,60,gaussian,3,42,0.5,0.5,0.5,1.0,2.4125630855560303,0.840613842010498
504,60,gaussian,3,42,0.25,0.609375,0.25,1.0,2.5146846771240234,0.8192574381828308
505,60,gaussian,3,42,,,,0.0,0.1674535572528839,0.05007735267281532
506,60,gaussian,3,42,0.484375,0.59375,0.484375,1.0,1.7189888954162598,0.583961009979248
507,60,gaussian,3,42,0.5625,0.640625,0.5625,1.0,1.6758453845977783,0.5940494537353516
508,60,gaussian,3,42,0.2109375,0.2265625,0.44494494494494496,1.0,4.87495231628418,1.5281609296798706
509,60,gaussian,3,42,0.28125,0.265625,0.28125,1.0,0.6113691329956055,0.17032462358474731
510,60,gaussian,3,42,0.390625,0.453125,0.390625,1.0,2.456094741821289,0.8038054704666138
511,60,gaussian,3,42,0.2421875,0.2421875,0.488988988988989,1.0,1.3474102020263672,0.35684382915496826
512,60,gaussian,3,42,0.4375,0.484375,0.4375,1.0,1.3860695362091064,0.46123194694519043
513,60,gaussian,3,42,0.5,0.625,0.5,1.0,0.7638099789619446,0.25428953766822815
514,60,gaussian,3,42,0.3125,0.328125,0.3125,1.0,1.7797601222991943,0.5326981544494629
515,60,gaussian,3,42,0.296875,0.28125,0.5588235294117647,1.0,0.9300419092178345,0.279359370470047
516,60,gaussian,3,42,0.359375,0.375,0.5227272727272727,1.0,2.3864352703094482,0.7612283825874329
517,60,gaussian,3,42,0.234375,0.609375,0.234375,1.0,1.1206505298614502,0.35109952092170715
518,60,gaussian,3,42,0.734375,0.53125,0.734375,1.0,0.29165369272232056,0.10301131755113602
519,60,gaussian,3,42,0.21875,0.59375,0.21875,1.0,0.9550784826278687,0.3008495271205902
520,60,gaussian,3,42,0.296875,0.328125,0.296875,1.0,1.0185537338256836,0.2903383672237396
521,60,gaussian,3,42,0.734375,0.640625,0.734375,1.0,3.7045226097106934,1.2734575271606445
522,60,gaussian,3,42,0.390625,0.578125,0.390625,1.0,0.5937508940696716,0.20281963050365448
523,60,gaussian,3,42,0.515625,0.484375,0.515625,1.0,2.57275128364563,0.8807703852653503
524,60,gaussian,3,42,0.546875,0.625,0.546875,1.0,1.2081398963928223,0.39991098642349243
525,60,gaussian,3,42,0.390625,0.640625,0.390625,1.0,2.492140293121338,0.8657653331756592
526,60,gaussian,3,42,0.65625,0.578125,0.65625,1.0,4.6452531814575195,1.461611032485962
527,60,gaussian,3,42,0.3125,0.578125,0.3125,1.0,1.3904348611831665,0.44894513487815857
528,60,gaussian,3,42,0.375,0.5625,0.375,1.0,1.9517252445220947,0.6195946931838989
529,60,gaussian,3,42,0.296875,0.59375,0.296875,1.0,2.0991029739379883,0.6899480223655701
530,60,gaussian,3,42,0.296875,0.53125,0.296875,1.0,4.569515228271484,1.6807516813278198
531,60,gaussian,3,42,0.65625,0.359375,0.65625,1.0,1.3574795722961426,0.414715975522995
532,60,gaussian,3,42,0.25,0.625,0.25,1.0,0.7075848579406738,0.21904022991657257
533,60,gaussian,3,42,0.25,0.234375,0.49852216748768474,1.0,1.544222354888916,0.45158135890960693
534,60,gaussian,3,42,0.25,0.640625,0.25,1.0,0.7554051876068115,0.237728089094162
535,60,gaussian,3,42,0.625,0.65625,0.625,1.0,3.0320279598236084,1.0100618600845337
536,60,gaussian,3,42,0.25,0.609375,0.25,1.0,0.8195163011550903,0.2604442834854126
537,60,gaussian,3,42,0.203125,0.203125,0.65,1.0,4.178537368774414,1.269051194190979
538,60,gaussian,3,42,0.5,0.484375,0.5,1.0,5.824716567993164,2.0613677501678467
539,60,gaussian,3,42,0.5,0.5625,0.5,1.0,5.130555629730225,1.7545218467712402
540,60,gaussian,3,42,0.546875,0.59375,0.546875,1.0,6.552334308624268,2.1592392921447754
541,60,gaussian,3,42,0.46875,0.546875,0.46875,1.0,1.6326946020126343,0.5613531470298767
542,60,gaussian,3,42,0.34375,0.640625,0.34375,1.0,1.594435453414917,0.5600876808166504
543,60,gaussian,3,42,0.40625,0.546875,0.40625,1.0,2.9190826416015625,1.0034650564193726
544,60,gaussian,3,42,0.65625,0.359375,0.65625,1.0,1.3575483560562134,0.414715975522995
545,60,gaussian,3,42,0.25,0.2734375,0.5,1.0,1.580972671508789,0.494332492351532
546,60,gaussian,3,42,0.296875,0.609375,0.296875,1.0,1.2524447441101074,0.4500899910926819
547,60,gaussian,3,42,0.359375,0.328125,0.359375,1.0,2.4595015048980713,0.8085212707519531
548,60,gaussian,3,42,0.296875,0.546875,0.296875,1.0,1.786820888519287,0.5391489267349243
549,60,gaussian,3,42,0.25,0.546875,0.25,1.0,1.0313591957092285,0.3143889904022217
550,60,gaussian,3,42,0.671875,0.515625,0.671875,1.0,2.0527095794677734,0.7162758111953735
551,60,gaussian,3,42,,,,0.0,2.263638496398926,0.6345011591911316
552,60,gaussian,3,42,0.234375,0.640625,0.234375,1.0,1.3763399124145508,0.4763934910297394
553,60,gaussian,3,42,0.4375,0.453125,0.4375,1.0,1.3010132312774658,0.4442049562931061
554,60,gaussian,3,42,0.296875,0.59375,0.296875,1.0,1.9557654857635498,0.6577370762825012
555,60,gaussian,3,42,0.328125,0.328125,0.328125,1.0,1.7801778316497803,0.5326980948448181
556,60,gaussian,3,42,0.515625,0.546875,0.515625,1.0,2.087850570678711,0.7577435970306396
557,60,gaussian,3,42,0.375,0.46875,0.375,1.0,2.204789161682129,0.6851749420166016
558,60,gaussian,3,42,0.375,0.421875,0.375,1.0,2.630347490310669,0.8201781511306763
559,60,gaussian,3,42,0.296875,0.578125,0.296875,1.0,1.7578178644180298,0.5635548233985901
560,60,gaussian,3,42,0.296875,0.59375,0.296875,1.0,2.1000938415527344,0.6899480223655701
561,60,gaussian,3,42,0.234375,0.625,0.234375,1.0,1.112094521522522,0.3834627568721771
562,60,gaussian,3,42,0.59375,0.4375,0.59375,1.0,2.228205680847168,0.7021687030792236
563,60,gaussian,3,42,0.28125,0.59375,0.28125,1.0,1.9346650838851929,0.6334043145179749
564,60,gaussian,3,42,0.5,0.515625,0.5,1.0,1.5916520357131958,0.566011905670166
565,60,gaussian,3,42,0.234375,0.234375,0.46031746031746035,1.0,2.9448249340057373,0.846342921257019
566,60,gaussian,3,42,0.359375,0.625,0.359375,1.0,2.6654319763183594,0.8243602514266968
567,60,gaussian,3,42,0.75,0.171875,0.75,1.0,3.2106008529663086,0.8790019154548645
568,60,gaussian,3,42,0.265625,0.59375,0.265625,1.0,2.231384754180908,0.6993544101715088
569,60,gaussian,3,42,0.3125,0.546875,0.3125,1.0,2.5085456371307373,0.8123971223831177
570,60,gaussian,3,42,0.25,0.640625,0.25,1.0,0.7554428577423096,0.237728089094162
571,60,gaussian,3,42,0.390625,0.59375,0.390625,1.0,1.8666378259658813,0.6679362654685974
572,60,gaussian,3,42,0.2578125,0.2578125,0.5360551431601273,1.0,1.4481384754180908,0.4350964426994324
573,60,gaussian,3,42,0.375,0.4375,0.375,1.0,2.282362937927246,0.698706328868866
574,60,gaussian,3,42,0.53125,0.609375,0.53125,1.0,2.1359879970550537,0.7290163636207581
575,60,gaussian,3,42,0.34375,0.375,0.34375,1.0,2.3539702892303467,0.7301413416862488
576,60,gaussian,3,42,0.609375,0.6875,0.609375,1.0,0.6758169531822205,0.21171636879444122
577,60,gaussian,3,42,0.25,0.5625,0.25,1.0,3.666785478591919,1.1736831665039062
578,60,gaussian,3,42,0.28125,0.578125,0.28125,1.0,0.5062337517738342,0.1797412782907486
579,60,gaussian,3,42,0.328125,0.546875,0.328125,1.0,1.6045029163360596,0.48045358061790466
580,60,gaussian,3,42,0.296875,0.609375,0.296875,1.0,1.7260973453521729,0.6209012269973755
581,60,gaussian,3,42,0.265625,0.578125,0.265625,1.0,2.82822322845459,0.9339835047721863
582,60,gaussian,3,42,0.546875,0.59375,0.546875,1.0,6.553804397583008,2.1592390537261963
583,60,gaussian,3,42,0.75,0.640625,0.75,1.0,0.9964371919631958,0.28227680921554565
584,60,gaussian,3,42,0.2421875,0.2421875,0.4724137931034483,1.0,5.687121391296387,1.7561064958572388
585,60,gaussian,3,42,0.484375,0.5,0.484375,1.0,0.5184178948402405,0.1808185577392578
586,60,gaussian,3,42,0.609375,0.546875,0.609375,1.0,2.315746784210205,0.7446303367614746
587,60,gaussian,3,42,0.453125,0.421875,0.7073170731707317,1.0,2.2642035484313965,0.6345010995864868
588,60,gaussian,3,42,0.46875,0.546875,0.46875,1.0,1.6336591243743896,0.5613531470298767
589,60,gaussian,3,42,0.40625,0.59375,0.40625,1.0,7.986479759216309,2.8529226779937744
590,60,gaussian,3,42,0.25,0.640625,0.25,1.0,0.7054815292358398,0.21515336632728577
591,60,gaussian,3,42,0.25,0.609375,0.25,1.0,2.230724573135376,0.6993544101715088
592,60,gaussian,3,42,0.734375,0.59375,0.734375,1.0,4.441007614135742,1.49518883228302
593,60,gaussian,3,42,0.296875,0.53125,0.296875,1.0,0.6765011548995972,0.21896404027938843
594,60,gaussian,3,42,0.28125,0.5625,0.28125,1.0,2.2067134380340576,0.7244950532913208
595,60,gaussian,3,42,0.296875,0.640625,0.296875,1.0,0.9025048017501831,0.29703548550605774
596,60,gaussian,3,42,0.3125,0.328125,0.3125,1.0,1.0706857442855835,0.3414474129676819
597,60,gaussian,3,42,0.375,0.46875,0.375,1.0,6.235707759857178,2.0151493549346924
598,60,gaussian,3,42,0.265625,0.578125,0.265625,1.0,0.5057337284088135,0.1797412782907486
599,60,gaussian,3,42,0.796875,0.5625,0.796875,1.0,2.6745431423187256,0.8402297496795654
600,60,gaussian,3,42,0.3125,0.53125,0.3125,1.0,4.1640143394470215,1.4528067111968994
601,60,gaussian,3,42,,,,0.0,0.19545233249664307,0.05770984664559364
602,60,gaussian,3,42,0.53125,0.515625,0.53125,1.0,0.6425354480743408,0.2201022207736969
603,60,gaussian,3,42,,,,0.0,2.4276530742645264,0.789128839969635
604,60,gaussian,3,42,0.515625,0.234375,0.515625,1.0,0.6012665033340454,0.20267701148986816
605,60,gaussian,3,42,0.46875,0.59375,0.46875,1.0,2.2237586975097656,0.7924454212188721
606,60,gaussian,3,42,0.734375,0.59375,0.734375,1.0,4.44285774230957,1.49518883228302
607,60,gaussian,3,42,0.5,0.5,0.5,1.0,3.531270980834961,1.2617511749267578
608,60,gaussian,3,42,0.234375,0.59375,0.234375,1.0,1.118898868560791,0.35109952092170715
609,60,gaussian,3,42,0.3125,0.515625,0.3125,1.0,1.2324633598327637,0.38220345973968506
610,60,gaussian,3,42,0.46875,0.53125,0.46875,1.0,1.633500099182129,0.5613531470298767
611,60,gaussian,3,42,0.296875,0.546875,0.296875,1.0,2.5071468353271484,0.8123971223831177
612,60,gaussian,3,42,0.53125,0.59375,0.53125,1.0,2.089554786682129,0.7215080261230469
613,60,gaussian,3,42,0.40625,0.609375,0.40625,1.0,0.45946425199508667,0.1475992649793625
614,60,gaussian,3,42,0.3125,0.328125,0.3125,1.0,1.7795768976211548,0.5326981544494629
615,60,gaussian,3,42,0.71875,0.265625,0.71875,1.0,0.552384614944458,0.15466707944869995
616,60,gaussian,3,42,0.1875,0.15625,0.34285714285714286,1.0,2.0998034477233887,0.7230730056762695
617,60,gaussian,3,42,0.625,0.28125,0.625,1.0,7.589724063873291,2.5055787563323975
618,60,gaussian,3,42,0.296875,0.609375,0.296875,1.0,3.440505027770996,1.0369596481323242
619,60,gaussian,3,42,0.546875,0.59375,0.546875,1.0,2.3187472820281982,0.8080588579177856
620,60,gaussian,3,42,0.578125,0.609375,0.578125,1.0,1.8972828388214111,0.5981844067573547
621,60,gaussian,3,42,0.265625,0.625,0.265625,1.0,0.8091250658035278,0.2570779621601105
622,60,gaussian,3,42,0.328125,0.328125,0.328125,1.0,1.7785272598266602,0.5326981544494629
623,60,gaussian,3,42,0.265625,0.625,0.265625,1.0,0.7079341411590576,0.21904022991657257
624,60,gaussian,3,42,0.2890625,0.2734375,0.5371155885471899,1.0,3.532006025314331,1.0611554384231567
625,60,gaussian,3,42,0.59375,0.640625,0.59375,1.0,2.768281936645508,0.992725670337677
626,60,gaussian,3,42,0.640625,0.65625,0.640625,1.0,3.0325770378112793,1.0100617408752441
627,60,gaussian,3,42,0.359375,0.59375,0.359375,1.0,2.831348419189453,0.8828157186508179
628,60,gaussian,3,42,0.265625,0.65625,0.265625,1.0,1.8506810665130615,0.6457422375679016
629,60,gaussian,3,42,0.71875,0.609375,0.71875,1.0,2.906172752380371,1.0541362762451172
630,60,gaussian,3,42,0.234375,0.59375,0.234375,1.0,0.7437919974327087,0.25127193331718445
631,60,gaussian,3,42,0.3125,0.609375,0.3125,1.0,1.283703327178955,0.4271469712257385
632,60,gaussian,3,42,0.265625,0.609375,0.265625,1.0,1.3733257055282593,0.4910022020339966
633,60,gaussian,3,42,0.21875,0.21875,0.46346346346346345,1.0,2.4294590950012207,0.789128839969635
634,60,gaussian,3,42,0.5625,0.609375,0.5625,1.0,5.025325775146484,1.6592539548873901
635,60,gaussian,3,42,0.421875,0.421875,0.421875,1.0,4.167642593383789,1.4554390907287598
636,60,gaussian,3,42,0.484375,0.53125,0.484375,1.0,4.818144798278809,1.6736509799957275
637,60,gaussian,3,42,0.46875,0.53125,0.46875,1.0,7.622455596923828,2.7399747371673584
638,60,gaussian,3,42,0.53125,0.59375,0.53125,1.0,2.0488109588623047,0.6800932288169861
639,60,gaussian,3,42,0.234375,0.2265625,0.4754754754754755,1.0,1.349187970161438,0.3568437993526459
640,60,gaussian,3,42,0.234375,0.5625,0.234375,1.0,1.052017331123352,0.3352883756160736
641,60,gaussian,3,42,0.3125,0.640625,0.3125,1.0,0.4470994472503662,0.15799152851104736
642,60,gaussian,3,42,0.25,0.609375,0.25,1.0,0.6271346807479858,0.22103218734264374
643,60,gaussian,3,42,0.21875,0.59375,0.21875,1.0,0.9795803427696228,0.3003983199596405
644,60,gaussian,3,42,0.25,0.5625,0.25,1.0,3.6731863021850586,1.1736830472946167
645,60,gaussian,3,42,0.359375,0.609375,0.359375,1.0,2.8265938758850098,0.8828156590461731
646,60,gaussian,3,42,0.3125,0.546875,0.3125,1.0,1.6083827018737793,0.48045358061790466
647,60,gaussian,3,42,0.671875,0.234375,0.671875,1.0,6.570470809936523,1.9876296520233154
648,60,gaussian,3,42,0.234375,0.59375,0.234375,1.0,0.744558572769165,0.25127193331718445
649,60,gaussian,3,42,0.53125,0.609375,0.53125,1.0,2.5652875900268555,0.8485561013221741
650,60,gaussian,3,42,0.671875,0.3125,0.671875,1.0,2.331615924835205,0.7488301992416382
651,60,gaussian,3,42,0.28125,0.59375,0.28125,1.0,3.1014225482940674,0.9788245558738708
652,60,gaussian,3,42,0.28125,0.2734375,0.5045454545454545,1.0,4.280742168426514,1.3899248838424683
653,60,gaussian,3,42,0.28125,0.578125,0.28125,1.0,2.284214973449707,0.7741732597351074
654,60,gaussian,3,42,0.5,0.484375,0.5,1.0,1.2714264392852783,0.44965362548828125
655,60,gaussian,3,42,0.5,0.484375,0.5,1.0,1.0616698265075684,0.3638835549354553
656,60,gaussian,3,42,0.5625,0.453125,0.5625,1.0,3.092028856277466,1.034892201423645
657,60,gaussian,3,42,0.625,0.6875,0.625,1.0,0.6757169961929321,0.21171636879444122
658,60,gaussian,3,42,0.671875,0.359375,0.671875,1.0,1.156496286392212,0.3430840075016022
659,60,gaussian,3,42,0.484375,0.59375,0.484375,1.0,0.9565393924713135,0.31894534826278687
660,60,gaussian,3,42,0.296875,0.609375,0.296875,1.0,1.9798998832702637,0.6610430479049683
661,60,gaussian,3,42,0.4375,0.40625,0.4375,1.0,1.6735389232635498,0.5265775918960571
662,60,gaussian,3,42,0.578125,0.546875,0.578125,1.0,2.8975682258605957,0.9715073108673096
663,60,gaussian,3,42,0.3125,0.65625,0.3125,1.0,0.44763028621673584,0.15799151360988617
664,60,gaussian,3,42,,,,0.0,0.19536083936691284,0.05770984664559364
665,60,gaussian,3,42,0.34375,0.375,0.34375,1.0,3.537079334259033,1.1178392171859741
666,60,gaussian,3,42,0.21875,0.578125,0.21875,1.0,1.0554015636444092,0.3352883756160736
667,60,gaussian,3,42,0.328125,0.625,0.328125,1.0,1.1104371547698975,0.37269607186317444
668,60,gaussian,3,42,0.65625,0.453125,0.65625,1.0,2.2522449493408203,0.8380820155143738
669,60,gaussian,3,42,0.421875,0.484375,0.421875,1.0,1.386170744895935,0.46123194694519043
670,60,gaussian,3,42,0.2421875,0.2578125,0.493993993993994,1.0,3.3720223903656006,1.038974404335022
671,60,gaussian,3,42,0.59375,0.453125,0.59375,1.0,1.9740878343582153,0.6458542346954346
672,60,gaussian,3,42,0.234375,0.2421875,0.4722222222222222,1.0,1.3465609550476074,0.3568437993526459
673,60,gaussian,3,42,0.65625,0.515625,0.65625,1.0,1.4952366352081299,0.5063761472702026
674,60,gaussian,3,42,0.28125,0.59375,0.28125,1.0,2.6930248737335205,0.8147039413452148
675,60,gaussian,3,42,0.5,0.484375,0.5,1.0,1.7837247848510742,0.6378217339515686
676,60,gaussian,3,42,0.4375,0.484375,0.4375,1.0,1.38603937625885,0.46123194694519043
677,60,gaussian,3,42,0.28125,0.59375,0.28125,1.0,3.10064697265625,0.9788246154785156
678,60,gaussian,3,42,0.390625,0.40625,0.390625,1.0,0.5656144022941589,0.18917782604694366
679,60,gaussian,3,42,0.453125,0.453125,0.453125,1.0,1.9132791757583618,0.6715543866157532
680,60,gaussian,3,42,0.25,0.25,0.525,1.0,2.5791492462158203,0.7750095725059509
681,60,gaussian,3,42,0.2421875,0.2578125,0.49310344827586206,1.0,1.1707686185836792,0.34171029925346375
682,60,gaussian,3,42,0.796875,0.5625,0.796875,1.0,2.6912100315093994,0.8402297496795654
683,60,gaussian,3,42,0.28125,0.609375,0.28125,1.0,0.9953192472457886,0.3311174809932709
684,60,gaussian,3,42,0.34375,0.5625,0.34375,1.0,4.095606327056885,1.324594497680664
685,60,gaussian,3,42,0.46875,0.484375,0.46875,1.0,11.032983779907227,3.626216411590576
686,60,gaussian,3,42,0.234375,0.59375,0.234375,1.0,1.3378994464874268,0.4569246172904968
687,60,gaussian,3,42,0.5,0.484375,0.5,1.0,1.0618294477462769,0.3638835549354553
688,60,gaussian,3,42,0.578125,0.21875,0.578125,1.0,0.3846246302127838,0.12830401957035065
689,60,gaussian,3,42,0.453125,0.59375,0.453125,1.0,5.923946380615234,1.9294755458831787
690,60,gaussian,3,42,0.296875,0.625,0.296875,1.0,1.6715002059936523,0.5896574258804321
691,60,gaussian,3,42,0.40625,0.4375,0.40625,1.0,0.8764938116073608,0.28011971712112427
692,60,gaussian,3,42,0.5625,0.46875,0.5625,1.0,0.5595386028289795,0.18913434445858002
693,60,gaussian,3,42,0.53125,0.59375,0.53125,1.0,5.782445907592773,1.9256315231323242
694,60,gaussian,3,42,0.609375,0.703125,0.609375,1.0,0.3622913360595703,0.11305201798677444
695,60,gaussian,3,42,0.609375,0.53125,0.609375,1.0,2.3147029876708984,0.7446303367614746
696,60,gaussian,3,42,0.25,0.546875,0.25,1.0,1.0313271284103394,0.3143889904022217
697,60,gaussian,3,42,0.296875,0.609375,0.296875,1.0,2.5380523204803467,0.8767145276069641
698,60,gaussian,3,42,0.25,0.5625,0.25,1.0,1.0310777425765991,0.3143889904022217
699,60,gaussian,3,42,0.234375,0.25,0.625,1.0,2.578432559967041,0.7750096321105957
700,60,gaussian,3,42,0.671875,0.3125,0.671875,1.0,2.334669351577759,0.748830258846283
701,60,gaussian,3,42,0.28125,0.34375,0.5454545454545454,1.0,2.847538709640503,0.8112468123435974
702,60,gaussian,3,42,0.390625,0.40625,0.390625,1.0,0.5096365213394165,0.16093620657920837
703,60,gaussian,3,42,0.375,0.515625,0.375,1.0,1.416348934173584,0.4831470251083374
704,60,gaussian,3,42,0.28125,0.625,0.28125,1.0,2.103473663330078,0.7025063633918762
705,60,gaussian,3,42,0.5,0.515625,0.5,1.0,0.7636613845825195,0.2704956531524658
706,60,gaussian,3,42,0.1875,0.140625,0.42857142857142855,1.0,1.1647731065750122,0.346228688955307
707,60,gaussian,3,42,0.6875,0.65625,0.6875,1.0,1.1661288738250732,0.4179263412952423
708,60,gaussian,3,42,0.2578125,0.265625,0.5360551431601273,1.0,1.4495563507080078,0.43509641289711
709,60,gaussian,3,42,0.28125,0.671875,0.28125,1.0,0.8922032117843628,0.2761553227901459
710,60,gaussian,3,42,0.296875,0.5625,0.296875,1.0,1.147378921508789,0.3700445890426636
711,60,gaussian,3,42,0.546875,0.5625,0.546875,1.0,1.074845314025879,0.3597373366355896
712,60,gaussian,3,42,0.46875,0.390625,0.46875,1.0,0.9701958298683167,0.3342571258544922
713,60,gaussian,3,42,0.390625,0.453125,0.390625,1.0,1.7185204029083252,0.547264039516449
714,60,gaussian,3,42,0.34375,0.578125,0.34375,1.0,4.094762325286865,1.324594497680664
715,60,gaussian,3,42,,,,0.0,4.063807487487793,1.3259674310684204
716,60,gaussian,3,42,0.46875,0.515625,0.46875,1.0,1.285343885421753,0.4361361861228943
717,60,gaussian,3,42,0.484375,0.5,0.484375,1.0,3.4572553634643555,1.1829627752304077
718,60,gaussian,3,42,0.390625,0.40625,0.390625,1.0,0.5655043125152588,0.18917782604694366
719,60,gaussian,3,42,0.296875,0.609375,0.296875,1.0,2.029590368270874,0.6314547061920166
720,60,gaussian,3,42,0.40625,0.421875,0.40625,1.0,8.946334838867188,2.8167831897735596
721,60,gaussian,3,42,0.71875,0.28125,0.71875,1.0,0.551162838935852,0.15466707944869995
722,60,gaussian,3,42,0.5625,0.640625,0.5625,1.0,2.6989054679870605,0.9021825194358826
723,60,gaussian,3,42,0.3125,0.546875,0.3125,1.0,1.5624033212661743,0.53465336561203
724,60,gaussian,3,42,0.28125,0.5625,0.28125,1.0,2.1723055839538574,0.734968364238739
725,60,gaussian,3,42,0.5625,0.65625,0.5625,1.0,1.6758956909179688,0.5940494537353516
726,60,gaussian,3,42,0.34375,0.640625,0.34375,1.0,0.6798714399337769,0.2072129249572754
727,60,gaussian,3,42,0.71875,0.609375,0.71875,1.0,2.905439853668213,1.0541362762451172
728,60,gaussian,3,42,0.375,0.40625,0.375,1.0,0.5660313367843628,0.18917782604694366
729,60,gaussian,3,42,0.265625,0.578125,0.265625,1.0,2.827855110168457,0.9339835047721863
730,60,gaussian,3,42,0.46875,0.359375,0.46875,1.0,3.2120985984802246,1.057142972946167
731,60,gaussian,3,42,0.3125,0.609375,0.3125,1.0,2.8470659255981445,0.9650029540061951
732,60,gaussian,3,42,0.28125,0.59375,0.28125,1.0,2.6934609413146973,0.8147038817405701
733,60,gaussian,3,42,,,,0.0,0.1953745037317276,0.05770984664559364
734,60,gaussian,3,42,0.71875,0.296875,0.71875,1.0,0.6773303747177124,0.19394280016422272
735,60,gaussian,3,42,0.359375,0.484375,0.359375,1.0,2.7740683555603027,0.9391176104545593
736,60,gaussian,3,42,0.328125,0.609375,0.328125,1.0,1.8381993770599365,0.6086733937263489
737,60,gaussian,3,42,0.640625,0.515625,0.640625,1.0,1.496413230895996,0.5063760876655579
738,60,gaussian,3,42,0.609375,0.625,0.609375,1.0,6.608979225158691,2.265450954437256
739,60,gaussian,3,42,0.40625,0.59375,0.40625,1.0,7.988197326660156,2.8529226779937744
740,60,gaussian,3,42,0.328125,0.65625,0.328125,1.0,0.8076374530792236,0.2651706635951996
741,60,gaussian,3,42,0.2421875,0.2734375,0.4625506072874494,1.0,4.288233757019043,1.2976529598236084
742,60,gaussian,3,42,0.484375,0.421875,0.484375,1.0,6.138062953948975,2.118906021118164
743,60,gaussian,3,42,0.234375,0.203125,0.234375,1.0,0.5837798118591309,0.16235987842082977
744,60,gaussian,3,42,0.390625,0.453125,0.390625,1.0,2.4553394317626953,0.8038054704666138
745,60,gaussian,3,42,0.25,0.609375,0.25,1.0,1.422992467880249,0.5082194805145264
746,60,gaussian,3,42,0.296875,0.625,0.296875,1.0,2.1895580291748047,0.6637626886367798
747,60,gaussian,3,42,0.2421875,0.2578125,0.4989878542510121,1.0,3.2293968200683594,0.9610816836357117
748,60,gaussian,3,42,0.359375,0.40625,0.359375,1.0,0.8953161239624023,0.27115345001220703
749,60,gaussian,3,42,0.28125,0.265625,0.28125,1.0,0.49740979075431824,0.14200685918331146
750,60,gaussian,3,42,0.234375,0.59375,0.234375,1.0,1.3374382257461548,0.4569246172904968
751,60,gaussian,3,42,0.296875,0.296875,0.296875,1.0,1.1271122694015503,0.3357556164264679
752,60,gaussian,3,42,0.375,0.65625,0.375,1.0,1.319401502609253,0.3991532325744629
753,60,gaussian,3,42,0.265625,0.578125,0.265625,1.0,0.7892748117446899,0.23073653876781464
754,60,gaussian,3,42,0.625,0.359375,0.625,1.0,0.6290237903594971,0.21539020538330078
755,60,gaussian,3,42,0.578125,0.546875,0.578125,1.0,1.3160572052001953,0.4321223497390747
756,60,gaussian,3,42,0.34375,0.578125,0.34375,1.0,5.378861904144287,1.751750111579895
757,60,gaussian,3,42,0.2421875,0.25,0.49117647058823527,1.0,3.0924932956695557,1.0157617330551147
758,60,gaussian,3,42,0.21875,0.625,0.21875,1.0,1.1137512922286987,0.3834627568721771
759,60,gaussian,3,42,0.3125,0.546875,0.3125,1.0,2.397501230239868,0.7736673951148987
760,60,gaussian,3,42,0.234375,0.625,0.234375,1.0,0.4216195344924927,0.1463245302438736
761,60,gaussian,3,42,0.2421875,0.2421875,0.4742063492063492,1.0,2.944746255874634,0.846342921257019
762,60,gaussian,3,42,0.578125,0.34375,0.578125,1.0,0.6756256222724915,0.2169201672077179
763,60,gaussian,3,42,0.46875,0.421875,0.46875,1.0,0.9794043302536011,0.3559204936027527
764,60,gaussian,3,42,0.453125,0.5,0.453125,1.0,3.8480277061462402,1.2599085569381714
765,60,gaussian,3,42,0.3125,0.578125,0.3125,1.0,2.146662712097168,0.6644845008850098
766,60,gaussian,3,42,0.609375,0.53125,0.609375,1.0,2.3159680366516113,0.7446303367614746
767,60,gaussian,3,42,0.2421875,0.2265625,0.49901477832512314,1.0,2.0998144149780273,0.7230730056762695
768,60,gaussian,3,42,0.328125,0.34375,0.328125,1.0,1.1712536811828613,0.36617934703826904
769,60,gaussian,3,42,0.578125,0.53125,0.578125,1.0,4.392378807067871,1.6675221920013428
770,60,gaussian,3,42,0.734375,0.484375,0.734375,1.0,1.831369400024414,0.6518515348434448
771,60,gaussian,3,42,0.3125,0.4375,0.3125,1.0,2.869685173034668,1.0084228515625
772,60,gaussian,3,42,0.453125,0.5,0.453125,1.0,3.8484230041503906,1.2599085569381714
773,60,gaussian,3,42,0.25,0.265625,0.4874874874874875,1.0,1.165479302406311,0.346228688955307
774,60,gaussian,3,42,0.25,0.578125,0.25,1.0,1.8045308589935303,0.5928657650947571
775,60,gaussian,3,42,0.28125,0.28125,0.28125,1.0,1.653611421585083,0.4903971254825592
776,60,gaussian,3,42,0.328125,0.59375,0.328125,1.0,2.8452906608581543,0.9650029540061951
777,60,gaussian,3,42,0.578125,0.640625,0.578125,1.0,1.1076128482818604,0.3793628215789795
778,60,gaussian,3,42,0.796875,0.5625,0.796875,1.0,2.688046932220459,0.8402297496795654
779,60,gaussian,3,42,0.296875,0.59375,0.296875,1.0,2.9882092475891113,0.9082119464874268
780,60,gaussian,3,42,0.5,0.484375,0.5,1.0,0.657834529876709,0.23269625008106232
781,60,gaussian,3,42,0.234375,0.59375,0.234375,1.0,0.7429458498954773,0.25127193331718445
782,60,gaussian,3,42,0.578125,0.421875,0.578125,1.0,3.276763439178467,1.1134579181671143
783,60,gaussian,3,42,0.375,0.53125,0.375,1.0,1.4168435335159302,0.4831470251083374
784,60,gaussian,3,42,0.265625,0.625,0.265625,1.0,1.3718247413635254,0.49100223183631897
785,60,gaussian,3,42,0.25,0.25,0.525,1.0,2.5782246589660645,0.7750096321105957
786,60,gaussian,3,42,0.265625,0.5625,0.265625,1.0,1.1316977739334106,0.3642869293689728
787,60,gaussian,3,42,0.4375,0.59375,0.4375,1.0,0.7923301458358765,0.27921316027641296
788,60,gaussian,3,42,0.359375,0.609375,0.359375,1.0,2.830361843109131,0.8828156590461731
789,60,gaussian,3,42,0.53125,0.609375,0.53125,1.0,1.2181700468063354,0.4329279065132141
790,60,gaussian,3,42,0.234375,0.59375,0.234375,1.0,0.742510199546814,0.25127196311950684
791,60,gaussian,3,42,0.359375,0.59375,0.359375,1.0,3.5489587783813477,1.264445424079895
792,60,gaussian,3,42,0.40625,0.640625,0.40625,1.0,1.2355369329452515,0.4123956561088562
793,60,gaussian,3,42,0.296875,0.5625,0.296875,1.0,2.148045539855957,0.664484441280365
794,60,gaussian,3,42,0.28125,0.609375,0.28125,1.0,2.106135845184326,0.7025063633918762
795,60,gaussian,3,42,0.296875,0.53125,0.296875,1.0,4.563876152038574,1.6807516813278198
796,60,gaussian,3,42,0.5625,0.546875,0.5625,1.0,1.3177199363708496,0.4321223497390747
797,60,gaussian,3,42,0.3125,0.53125,0.3125,1.0,1.6070423126220703,0.48045358061790466
798,60,gaussian,3,42,0.328125,0.296875,0.328125,1.0,1.0072211027145386,0.301785409450531
799,60,gaussian,3,42,0.21875,0.1875,0.4375,1.0,1.57998788356781,0.494332492351532
800,60,gaussian,3,42,0.15625,0.140625,0.3333333333333333,1.0,2.8436198234558105,0.8112468123435974
801,60,gaussian,3,42,0.3125,0.578125,0.3125,1.0,0.9490694403648376,0.29109254479408264
802,60,gaussian,3,42,0.109375,0.078125,0.35,1.0,4.280490398406982,1.3899248838424683
803,60,gaussian,3,42,0.328125,0.40625,0.328125,1.0,2.4905295372009277,0.7661330699920654
804,60,gaussian,3,42,0.34375,0.625,0.34375,1.0,0.7419077157974243,0.2504967451095581
805,60,gaussian,3,42,0.28125,0.578125,0.28125,1.0,0.5060906410217285,0.1797412782907486
806,60,gaussian,3,42,0.359375,0.5625,0.359375,1.0,1.7927086353302002,0.5745750665664673
807,60,gaussian,3,42,0.5,0.46875,0.5,1.0,0.6580983996391296,0.23269625008106232
808,60,gaussian,3,42,0.2421875,0.265625,0.4989878542510121,1.0,3.367938995361328,1.038974404335022
809,60,gaussian,3,42,0.546875,0.640625,0.546875,1.0,0.5129804611206055,0.17183126509189606
810,60,gaussian,3,42,0.28125,0.59375,0.28125,1.0,0.46241331100463867,0.16318149864673615
811,60,gaussian,3,42,0.3125,0.59375,0.3125,1.0,0.9656194448471069,0.2980898916721344
812,60,gaussian,3,42,0.390625,0.453125,0.390625,1.0,2.4556679725646973,0.8038054704666138
813,60,gaussian,3,42,0.328125,0.625,0.328125,1.0,1.1113331317901611,0.37269607186317444
814,60,gaussian,3,42,0.296875,0.328125,0.296875,1.0,3.837867021560669,1.1474220752716064
815,60,gaussian,3,42,0.25,0.578125,0.25,1.0,0.9020624160766602,0.3139442801475525
816,60,gaussian,3,42,0.671875,0.375,0.671875,1.0,1.1566236019134521,0.3430840075016022
817,60,gaussian,3,42,0.53125,0.59375,0.53125,1.0,7.925775051116943,2.857163429260254
818,60,gaussian,3,42,0.25,0.5625,0.25,1.0,1.0312137603759766,0.3143889904022217
819,60,gaussian,3,42,0.328125,0.296875,0.328125,1.0,1.0066204071044922,0.301785409450531
820,60,gaussian,3,42,0.328125,0.59375,0.328125,1.0,1.4946757555007935,0.5059489011764526
821,60,gaussian,3,42,0.53125,0.578125,0.53125,1.0,3.798069477081299,1.2499419450759888
822,60,gaussian,3,42,0.25,0.5625,0.25,1.0,1.030792474746704,0.3143889904022217
823,60,gaussian,3,42,0.28125,0.625,0.28125,1.0,2.520204544067383,0.8760129809379578
824,60,gaussian,3,42,0.5625,0.640625,0.5625,1.0,1.6756391525268555,0.5940494537353516
825,60,gaussian,3,42,0.34375,0.421875,0.34375,1.0,3.0983493328094482,0.9832900166511536
826,60,gaussian,3,42,0.515625,0.546875,0.515625,1.0,4.594881534576416,1.6278573274612427
827,60,gaussian,3,42,,,,0.0,3.910020589828491,1.3179529905319214
828,60,gaussian,3,42,0.40625,0.421875,0.40625,1.0,8.94717025756836,2.8167831897735596
829,60,gaussian,3,42,0.25,0.546875,0.25,1.0,1.0289747714996338,0.3143889904022217
830,60,gaussian,3,42,0.375,0.640625,0.375,1.0,8.35443115234375,2.789849281311035
831,60,gaussian,3,42,0.28125,0.609375,0.28125,1.0,1.2511876821517944,0.4500899910926819
832,60,gaussian,3,42,0.296875,0.28125,0.296875,1.0,1.6515330076217651,0.4903971254825592
833,60,gaussian,3,42,0.421875,0.609375,0.421875,1.0,0.7084395885467529,0.22449560463428497
834,60,gaussian,3,42,0.25,0.578125,0.25,1.0,1.1871047019958496,0.37062302231788635
835,60,gaussian,3,42,0.25,0.578125,0.25,1.0,1.8041634559631348,0.5928657650947571
836,60,gaussian,3,42,0.328125,0.609375,0.328125,1.0,1.111565351486206,0.37269607186317444
837,60,gaussian,3,42,0.421875,0.5625,0.421875,1.0,1.3528562784194946,0.47692930698394775
838,60,gaussian,3,42,0.25,0.65625,0.25,1.0,1.3781824111938477,0.4763934910297394
839,60,gaussian,3,42,0.46875,0.546875,0.46875,1.0,1.6324717998504639,0.5613530874252319
840,60,gaussian,3,42,0.328125,0.59375,0.328125,1.0,0.8592315912246704,0.2837355136871338
841,60,gaussian,3,42,0.1875,0.140625,0.42857142857142855,1.0,1.1644220352172852,0.346228688955307
842,60,gaussian,3,42,0.59375,0.40625,0.59375,1.0,1.1387275457382202,0.38947778940200806
843,60,gaussian,3,42,0.34375,0.640625,0.34375,1.0,0.8812466859817505,0.2840360701084137
844,60,gaussian,3,42,0.46875,0.609375,0.46875,1.0,2.142291307449341,0.728180468082428
845,60,gaussian,3,42,0.46875,0.609375,0.46875,1.0,2.142343044281006,0.7281805276870728
846,60,gaussian,3,42,0.28125,0.5625,0.28125,1.0,1.050938606262207,0.3582276403903961
847,60,gaussian,3,42,0.25,0.578125,0.25,1.0,1.1871747970581055,0.37062299251556396
848,60,gaussian,3,42,0.703125,0.34375,0.703125,1.0,6.821598052978516,2.034745931625366
849,60,gaussian,3,42,0.515625,0.546875,0.515625,1.0,4.594299793243408,1.6278573274612427
850,60,gaussian,3,42,0.421875,0.46875,0.421875,1.0,1.3023483753204346,0.4442049562931061
851,60,gaussian,3,42,0.375,0.4375,0.375,1.0,2.282362937927246,0.698706328868866
852,60,gaussian,3,42,0.5625,0.65625,0.5625,1.0,2.701213836669922,0.9021825790405273
853,60,gaussian,3,42,0.328125,0.609375,0.328125,1.0,1.4118757247924805,0.4630488455295563
854,60,gaussian,3,42,0.375,0.46875,0.375,1.0,6.235317230224609,2.0151493549346924
855,60,gaussian,3,42,0.65625,0.453125,0.65625,1.0,2.252041816711426,0.8380820155143738
856,60,gaussian,3,42,0.3125,0.546875,0.3125,1.0,1.606107234954834,0.48045358061790466
857,60,gaussian,3,42,0.546875,0.515625,0.546875,1.0,0.6425224542617798,0.2201022207736969
858,60,gaussian,3,42,0.2421875,0.2265625,0.4686234817813766,1.0,3.7758121490478516,1.1032990217208862
859,60,gaussian,3,42,0.3125,0.578125,0.3125,1.0,0.9479250907897949,0.29109257459640503
860,60,gaussian,3,42,0.421875,0.46875,0.421875,1.0,1.3024711608886719,0.4442049562931061
861,60,gaussian,3,42,0.28125,0.59375,0.28125,1.0,2.686847686767578,0.8147039413452148
862,60,gaussian,3,42,0.296875,0.578125,0.296875,1.0,1.590653657913208,0.5681335926055908
863,60,gaussian,3,42,0.375,0.578125,0.375,1.0,1.9174431562423706,0.6667227149009705
864,60,gaussian,3,42,0.375,0.453125,0.375,1.0,1.8313651084899902,0.6055760979652405
865,60,gaussian,3,42,0.46875,0.421875,0.46875,1.0,0.9793965816497803,0.3559204936027527
866,60,gaussian,3,42,0.453125,0.46875,0.453125,1.0,1.2975362539291382,0.44948652386665344
867,60,gaussian,3,42,0.375,0.40625,0.375,1.0,10.873449325561523,3.418128252029419
868,60,gaussian,3,42,0.421875,0.4375,0.421875,1.0,2.8367490768432617,0.9565668702125549
869,60,gaussian,3,42,0.5,0.546875,0.5,1.0,2.665436029434204,0.9804604053497314
870,60,gaussian,3,42,0.28125,0.5625,0.28125,1.0,1.1305603981018066,0.3642869293689728
871,60,gaussian,3,42,0.28125,0.265625,0.28125,1.0,0.49770766496658325,0.14200685918331146
872,60,gaussian,3,42,0.5,0.453125,0.5,1.0,1.2091768980026245,0.46255072951316833
873,60,gaussian,3,42,0.3125,0.328125,0.6451612903225806,1.0,2.03629207611084,0.6884002685546875
874,60,gaussian,3,42,0.296875,0.609375,0.296875,1.0,1.7255170345306396,0.6209012866020203
875,60,gaussian,3,42,0.328125,0.609375,0.328125,1.0,1.823540449142456,0.6038284301757812
876,60,gaussian,3,42,0.5625,0.546875,0.5625,1.0,3.859424114227295,1.2564023733139038
877,60,gaussian,3,42,0.234375,0.59375,0.234375,1.0,0.744666576385498,0.25127193331718445
878,60,gaussian,3,42,0.515625,0.609375,0.515625,1.0,0.38908299803733826,0.13670700788497925
879,60,gaussian,3,42,0.28125,0.625,0.28125,1.0,2.5187830924987793,0.8760129809379578
880,60,gaussian,3,42,0.3125,0.4375,0.3125,1.0,2.8683462142944336,1.0084228515625
881,60,gaussian,3,42,0.296875,0.265625,0.558974358974359,1.0,2.843090534210205,0.8206217885017395
882,60,gaussian,3,42,,,,0.0,2.42948055267334,0.789128839969635
883,60,gaussian,3,42,0.2421875,0.265625,0.49404761904761907,1.0,1.5356841087341309,0.4530969560146332
884,60,gaussian,3,42,0.421875,0.5,0.421875,1.0,2.97481632232666,0.9741758704185486
885,60,gaussian,3,42,0.4375,0.515625,0.4375,1.0,2.427107810974121,0.7858484983444214
886,60,gaussian,3,42,0.390625,0.578125,0.390625,1.0,1.8659403324127197,0.6679362654685974
887,60,gaussian,3,42,0.328125,0.40625,0.328125,1.0,2.493107318878174,0.7661330699920654
888,60,gaussian,3,42,0.2578125,0.234375,0.5088235294117647,1.0,1.0249114036560059,0.3269847333431244
889,60,gaussian,3,42,0.421875,0.453125,0.421875,1.0,1.30224609375,0.4442049562931061
890,60,gaussian,3,42,0.328125,0.3125,0.6176470588235294,1.0,1.0230740308761597,0.3269847631454468
891,60,gaussian,3,42,0.3125,0.546875,0.3125,1.0,1.607734203338623,0.48045358061790466
892,60,gaussian,3,42,0.59375,0.359375,0.59375,1.0,0.6750473976135254,0.2169201672077179
893,60,gaussian,3,42,0.265625,0.609375,0.265625,1.0,1.3730149269104004,0.4910022020339966
894,60,gaussian,3,42,0.640625,0.359375,0.640625,1.0,0.5468025803565979,0.19737295806407928
895,60,gaussian,3,42,0.328125,0.359375,0.328125,1.0,3.53511381149292,1.1178392171859741
896,60,gaussian,3,42,0.734375,0.484375,0.734375,1.0,1.828409194946289,0.6518515348434448
897,60,gaussian,3,42,0.40625,0.421875,0.40625,1.0,8.947162628173828,2.8167831897735596
898,60,gaussian,3,42,0.296875,0.609375,0.296875,1.0,1.2525712251663208,0.4500899612903595
899,60,gaussian,3,42,0.25,0.609375,0.25,1.0,0.6261426210403442,0.22103218734264374
900,60,gaussian,3,42,0.28125,0.28125,0.28125,1.0,2.082536220550537,0.6020156145095825
901,60,gaussian,3,42,0.359375,0.625,0.359375,1.0,2.6622705459594727,0.8243602514266968
902,60,gaussian,3,42,0.28125,0.5625,0.28125,1.0,1.0491276979446411,0.3582276403903961
903,60,gaussian,3,42,0.5625,0.65625,0.5625,1.0,1.6755931377410889,0.5940494537353516
904,60,gaussian,3,42,0.265625,0.578125,0.265625,1.0,0.790294885635376,0.23073653876781464
905,60,gaussian,3,42,0.3125,0.53125,0.3125,1.0,4.161377429962158,1.4528067111968994
906,60,gaussian,3,42,0.59375,0.546875,0.59375,1.0,0.437834769487381,0.14672361314296722
907,60,gaussian,3,42,0.3125,0.578125,0.3125,1.0,1.388442873954773,0.4489451050758362
908,60,gaussian,3,42,0.265625,0.546875,0.265625,1.0,1.0291498899459839,0.3143889904022217
909,60,gaussian,3,42,0.421875,0.59375,0.421875,1.0,3.210547924041748,1.1033629179000854
910,60,gaussian,3,42,0.3125,0.5625,0.3125,1.0,1.4075171947479248,0.43756991624832153
911,60,gaussian,3,42,0.5625,0.640625,0.5625,1.0,0.6766736507415771,0.224343404173851
912,60,gaussian,3,42,,,,0.0,3.6685609817504883,1.3019355535507202
913,60,gaussian,3,42,0.359375,0.46875,0.359375,1.0,1.730234146118164,0.5617275834083557
914,60,gaussian,3,42,0.21875,0.21875,0.46558704453441296,1.0,4.86964750289917,1.5281610488891602
915,60,gaussian,3,42,0.34375,0.59375,0.34375,1.0,0.8600070476531982,0.2837355136871338
916,60,gaussian,3,42,0.25,0.5625,0.25,1.0,1.7087841033935547,0.5663853287696838
917,60,gaussian,3,42,0.234375,0.1875,0.234375,1.0,0.5849634408950806,0.16235987842082977
918,60,gaussian,3,42,0.5,0.484375,0.5,1.0,1.2710959911346436,0.44965362548828125
919,60,gaussian,3,42,0.265625,0.59375,0.265625,1.0,2.232389450073242,0.6993544101715088
920,60,gaussian,3,42,0.21875,0.625,0.21875,1.0,0.3479136526584625,0.11650138348340988
921,60,gaussian,3,42,0.265625,0.515625,0.265625,1.0,0.7920160293579102,0.24044150114059448
922,60,gaussian,3,42,0.328125,0.53125,0.328125,1.0,1.9940474033355713,0.6338199377059937
923,60,gaussian,3,42,0.34375,0.59375,0.34375,1.0,1.4950625896453857,0.5059489011764526
924,60,gaussian,3,42,0.546875,0.59375,0.546875,1.0,2.120640277862549,0.700190007686615
925,60,gaussian,3,42,0.53125,0.59375,0.53125,1.0,2.089324474334717,0.7215080261230469
926,60,gaussian,3,42,0.28125,0.640625,0.28125,1.0,1.8512815237045288,0.6457422375679016
927,60,gaussian,3,42,,,,0.0,2.2610836029052734,0.6345010995864868
928,60,gaussian,3,42,0.34375,0.640625,0.34375,1.0,0.8086848855018616,0.265170693397522
929,60,gaussian,3,42,0.484375,0.5625,0.484375,1.0,1.2478288412094116,0.44280362129211426
930,60,gaussian,3,42,0.25,0.609375,0.25,1.0,0.8026736974716187,0.27085137367248535
931,60,gaussian,3,42,0.671875,0.359375,0.671875,1.0,1.1563481092453003,0.3430840075016022
932,60,gaussian,3,42,0.40625,0.453125,0.40625,1.0,2.7945704460144043,0.920196533203125
933,60,gaussian,3,42,0.296875,0.609375,0.296875,1.0,1.9792684316635132,0.6610430479049683
934,60,gaussian,3,42,0.28125,0.640625,0.28125,1.0,1.0006921291351318,0.3339638113975525
935,60,gaussian,3,42,0.640625,0.65625,0.640625,1.0,1.3804203271865845,0.47210386395454407
936,60,gaussian,3,42,0.671875,0.609375,0.671875,1.0,3.2679080963134766,1.0399410724639893
937,60,gaussian,3,42,0.421875,0.625,0.421875,1.0,1.2373358011245728,0.4123956561088562
938,60,gaussian,3,42,0.578125,0.640625,0.578125,1.0,1.1077477931976318,0.3793627917766571
939,60,gaussian,3,42,0.421875,0.21875,0.421875,1.0,1.6289350986480713,0.5147967338562012
940,60,gaussian,3,42,0.515625,0.359375,0.515625,1.0,3.791266918182373,1.2809631824493408
941,60,gaussian,3,42,0.234375,0.59375,0.234375,1.0,0.7437484264373779,0.25127196311950684
942,60,gaussian,3,42,0.609375,0.40625,0.609375,1.0,1.1391360759735107,0.38947778940200806
943,60,gaussian,3,42,0.640625,0.515625,0.640625,1.0,1.495985746383667,0.5063760876655579
944,60,gaussian,3,42,0.515625,0.609375,0.515625,1.0,0.5995743274688721,0.2082398533821106
945,60,gaussian,3,42,0.5,0.5,0.5,1.0,2.4108664989471436,0.840613842010498
946,60,gaussian,3,42,0.3125,0.578125,0.3125,1.0,1.7594200372695923,0.5635548233985901
947,60,gaussian,3,42,0.25,0.2578125,0.5409090909090909,1.0,4.1786274909973145,1.2690510749816895
948,60,gaussian,3,42,0.5,0.46875,0.5,1.0,5.830118179321289,2.0613677501678467
949,60,gaussian,3,42,0.390625,0.453125,0.390625,1.0,1.7181004285812378,0.547264039516449
950,60,gaussian,3,42,0.375,0.421875,0.375,1.0,2.6323184967041016,0.8201781511306763
951,60,gaussian,3,42,0.28125,0.28125,0.28125,1.0,2.0828447341918945,0.6020156145095825
952,60,gaussian,3,42,0.234375,0.59375,0.234375,1.0,0.7439854741096497,0.25127193331718445
953,60,gaussian,3,42,0.34375,0.59375,0.34375,1.0,0.8604016900062561,0.2837355136871338
954,60,gaussian,3,42,0.3125,0.578125,0.3125,1.0,1.3619858026504517,0.43861255049705505
955,60,gaussian,3,42,0.25,0.609375,0.25,1.0,2.1198978424072266,0.7480224370956421
956,60,gaussian,3,42,0.421875,0.640625,0.421875,1.0,3.23785400390625,1.0095770359039307
957,60,gaussian,3,42,0.234375,0.578125,0.234375,1.0,0.6579663753509521,0.19470098614692688
958,60,gaussian,3,42,0.5,0.421875,0.5,1.0,6.139828681945801,2.118906021118164
959,60,gaussian,3,42,0.34375,0.328125,0.34375,1.0,1.1707977056503296,0.36617934703826904
960,60,gaussian,3,42,0.359375,0.640625,0.359375,1.0,8.343994140625,2.789849281311035
961,60,gaussian,3,42,0.703125,0.625,0.703125,1.0,3.7210028171539307,1.1504807472229004
962,60,gaussian,3,42,0.265625,0.609375,0.265625,1.0,0.5287799835205078,0.17235849797725677
963,60,gaussian,3,42,0.296875,0.59375,0.296875,1.0,2.185619354248047,0.7609708905220032
964,60,gaussian,3,42,0.265625,0.5,0.265625,1.0,4.363096714019775,1.3277976512908936
965,60,gaussian,3,42,0.28125,0.546875,0.28125,1.0,3.1423215866088867,1.0395821332931519
966,60,gaussian,3,42,0.21875,0.578125,0.21875,1.0,1.0555367469787598,0.3352883756160736
967,60,gaussian,3,42,0.640625,0.671875,0.640625,1.0,1.3816436529159546,0.47210386395454407
968,60,gaussian,3,42,0.359375,0.609375,0.359375,1.0,1.1112433671951294,0.3702371120452881
969,60,gaussian,3,42,0.28125,0.609375,0.28125,1.0,1.195075511932373,0.3513529598712921
970,60,gaussian,3,42,0.515625,0.609375,0.515625,1.0,3.7372071743011475,1.3206371068954468
971,60,gaussian,3,42,0.25,0.59375,0.25,1.0,2.518934965133667,0.819257378578186
972,60,gaussian,3,42,0.359375,0.578125,0.359375,1.0,2.7111377716064453,0.9245169758796692
973,60,gaussian,3,42,0.296875,0.578125,0.296875,1.0,1.9551348686218262,0.6577370762825012
974,60,gaussian,3,42,0.328125,0.53125,0.328125,1.0,2.0835649967193604,0.7147092223167419
975,60,gaussian,3,42,0.296875,0.5625,0.296875,1.0,1.7852362394332886,0.5391489267349243
976,60,gaussian,3,42,0.5,0.5625,0.5,1.0,5.126880645751953,1.7545219659805298
977,60,gaussian,3,42,0.296875,0.578125,0.296875,1.0,2.421905040740967,0.8163209557533264
978,60,gaussian,3,42,0.265625,0.5625,0.265625,1.0,1.1316890716552734,0.3642869293689728
979,60,gaussian,3,42,0.296875,0.34375,0.5757575757575758,1.0,0.8069865107536316,0.22524607181549072
980,60,gaussian,3,42,0.578125,0.625,0.578125,1.0,4.135262966156006,1.3380197286605835
981,60,gaussian,3,42,0.4375,0.59375,0.4375,1.0,0.7923517823219299,0.27921316027641296
982,60,gaussian,3,42,0.25,0.640625,0.25,1.0,0.7552433013916016,0.237728089094162
983,60,gaussian,3,42,0.53125,0.609375,0.53125,1.0,0.6000379920005798,0.2082398533821106
984,60,gaussian,3,42,0.359375,0.609375,0.359375,1.0,1.1123998165130615,0.3702371120452881
985,60,gaussian,3,42,0.5,0.546875,0.5,1.0,8.916540145874023,3.1001734733581543
986,60,gaussian,3,42,0.6875,0.609375,0.6875,1.0,1.9746354818344116,0.7020685076713562
987,60,gaussian,3,42,0.375,0.546875,0.375,1.0,1.2033917903900146,0.4197874069213867
988,60,gaussian,3,42,0.59375,0.640625,0.59375,1.0,1.1083323955535889,0.3793628215789795
989,60,gaussian,3,42,0.34375,0.625,0.34375,1.0,1.3555846214294434,0.44404155015945435
990,60,gaussian,3,42,0.46875,0.609375,0.46875,1.0,2.1421940326690674,0.728180468082428
991,60,gaussian,3,42,0.578125,0.21875,0.578125,1.0,0.3847663104534149,0.12830401957035065
992,60,gaussian,3,42,0.25,0.265625,0.5216450216450217,1.0,7.201340675354004,2.1728131771087646
993,60,gaussian,3,42,0.578125,0.46875,0.578125,1.0,1.972787857055664,0.6458542346954346
994,60,gaussian,3,42,0.25,0.578125,0.25,1.0,1.093714952468872,0.34890034794807434
995,60,gaussian,3,42,0.3125,0.609375,0.3125,1.0,1.3054084777832031,0.43724921345710754
996,60,gaussian,3,42,0.28125,0.28125,0.28125,1.0,1.654723048210144,0.4903970956802368
997,60,gaussian,3,42,0.40625,0.578125,0.40625,1.0,3.212785005569458,1.103363037109375
998,60,gaussian,3,42,0.296875,0.609375,0.296875,1.0,1.9800430536270142,0.6610430479049683
999,60,gaussian,3,42,0.40625,0.65625,0.40625,1.0,2.0213429927825928,0.6944704055786133
0,80,gaussian,3,42,0.203125,0.4375,0.2708333333333333,1.0,3.0972909927368164,0.9903019666671753
1,80,gaussian,3,42,0.421875,0.46875,0.5625,1.0,1.206547498703003,0.4025111794471741
2,80,gaussian,3,42,0.171875,0.140625,0.4583333333333333,1.0,1.5769901275634766,0.49732735753059387
3,80,gaussian,3,42,0.53125,0.1875,0.7083333333333334,1.0,3.389446258544922,1.0068860054016113
4,80,gaussian,3,42,0.390625,0.40625,0.5208333333333334,1.0,2.087372064590454,0.7610043287277222
5,80,gaussian,3,42,0.453125,0.4375,0.6041666666666666,1.0,1.0067709684371948,0.3370732367038727
6,80,gaussian,3,42,0.359375,0.375,0.4791666666666667,1.0,1.2850761413574219,0.43359121680259705
7,80,gaussian,3,42,0.390625,0.4375,0.5208333333333334,1.0,2.0469307899475098,0.683382511138916
8,80,gaussian,3,42,0.46875,0.34375,0.625,1.0,1.016960620880127,0.3401607275009155
9,80,gaussian,3,42,0.578125,0.125,0.7708333333333334,1.0,3.216586112976074,0.8922989964485168
10,80,gaussian,3,42,0.234375,0.5,0.3125,1.0,0.44738060235977173,0.1578424572944641
11,80,gaussian,3,42,0.203125,0.46875,0.2708333333333333,1.0,0.8089959621429443,0.258998304605484
12,80,gaussian,3,42,0.328125,0.390625,0.4375,1.0,2.425204038619995,0.7834101915359497
13,80,gaussian,3,42,0.28125,0.46875,0.375,1.0,8.357290267944336,2.81636905670166
14,80,gaussian,3,42,0.5,0.3125,0.6666666666666666,1.0,1.2780141830444336,0.48918959498405457
15,80,gaussian,3,42,0.1875,0.453125,0.25,1.0,0.9533745646476746,0.31536000967025757
16,80,gaussian,3,42,0.3125,0.25,0.4166666666666667,1.0,1.0182572603225708,0.3632076382637024
17,80,gaussian,3,42,0.125,0.09375,0.4,1.0,3.768998146057129,1.0967625379562378
18,80,gaussian,3,42,0.265625,0.453125,0.3541666666666667,1.0,1.1115806102752686,0.3741169273853302
19,80,gaussian,3,42,0.203125,0.421875,0.2708333333333333,1.0,2.8251607418060303,0.939008355140686
20,80,gaussian,3,42,0.296875,0.5,0.3958333333333333,1.0,1.1641809940338135,0.41980698704719543
21,80,gaussian,3,42,0.5625,0.46875,0.75,1.0,0.9968858957290649,0.28462937474250793
22,80,gaussian,3,42,0.5625,0.46875,0.75,1.0,0.9959328174591064,0.278204083442688
23,80,gaussian,3,42,0.1875,0.421875,0.25,1.0,3.1640167236328125,1.0139588117599487
24,80,gaussian,3,42,0.234375,0.4375,0.3125,1.0,1.8317408561706543,0.6268259286880493
25,80,gaussian,3,42,0.25,0.484375,0.3333333333333333,1.0,3.6646616458892822,1.2844005823135376
26,80,gaussian,3,42,0.4375,0.4375,0.5833333333333334,1.0,3.436753273010254,1.1224128007888794
27,80,gaussian,3,42,0.21875,0.4375,0.2916666666666667,1.0,1.2472267150878906,0.4073752164840698
28,80,gaussian,3,42,0.1875,0.453125,0.25,1.0,1.1165183782577515,0.346567302942276
29,80,gaussian,3,42,0.390625,0.359375,0.5208333333333334,1.0,0.8948855400085449,0.3009892702102661
30,80,gaussian,3,42,0.234375,0.390625,0.3125,1.0,3.0522775650024414,0.9457209706306458
31,80,gaussian,3,42,0.28125,0.46875,0.375,1.0,0.7196525931358337,0.2248801738023758
32,80,gaussian,3,42,0.421875,0.484375,0.5625,1.0,0.6763982772827148,0.22289958596229553
33,80,gaussian,3,42,0.40625,0.46875,0.5416666666666666,1.0,1.1859707832336426,0.431371808052063
34,80,gaussian,3,42,0.234375,0.4375,0.3125,1.0,0.7899289727210999,0.2668346166610718
35,80,gaussian,3,42,0.359375,0.46875,0.4791666666666667,1.0,1.963449478149414,0.6464995741844177
36,80,gaussian,3,42,0.265625,0.25,0.3541666666666667,1.0,2.4594039916992188,0.8079243898391724
37,80,gaussian,3,42,0.234375,0.3125,0.3125,1.0,2.8631532192230225,1.0045456886291504
38,80,gaussian,3,42,0.34375,0.484375,0.4583333333333333,1.0,4.273621559143066,1.373757243156433
39,80,gaussian,3,42,0.21875,0.21875,0.2916666666666667,1.0,1.5569450855255127,0.4448344111442566
40,80,gaussian,3,42,0.28125,0.421875,0.375,1.0,1.790980577468872,0.573616623878479
41,80,gaussian,3,42,0.375,0.359375,0.5,1.0,0.9109965562820435,0.30657875537872314
42,80,gaussian,3,42,0.328125,0.46875,0.4375,1.0,1.833345890045166,0.6037673354148865
43,80,gaussian,3,42,0.25,0.3125,0.3333333333333333,1.0,2.1457390785217285,0.6777240633964539
44,80,gaussian,3,42,0.15625,0.140625,0.45454545454545453,1.0,1.7188117504119873,0.5051069855690002
45,80,gaussian,3,42,0.46875,0.265625,0.625,1.0,0.6290221214294434,0.2131955474615097
46,80,gaussian,3,42,0.21875,0.453125,0.2916666666666667,1.0,1.2192506790161133,0.44420430064201355
47,80,gaussian,3,42,0.546875,0.453125,0.7291666666666666,1.0,4.426196098327637,1.4893943071365356
48,80,gaussian,3,42,0.5,0.484375,0.6666666666666666,1.0,3.257195472717285,0.9686631560325623
49,80,gaussian,3,42,0.546875,0.359375,0.7291666666666666,1.0,1.8242511749267578,0.6494029760360718
50,80,gaussian,3,42,0.265625,0.453125,0.3541666666666667,1.0,0.7415827512741089,0.2476225197315216
51,80,gaussian,3,42,0.296875,0.5,0.3958333333333333,1.0,1.1637775897979736,0.41587480902671814
52,80,gaussian,3,42,0.390625,0.40625,0.5208333333333334,1.0,4.593803405761719,1.6262311935424805
53,80,gaussian,3,42,0.171875,0.140625,0.22916666666666666,1.0,0.584757924079895,0.1638360172510147
54,80,gaussian,3,42,0.390625,0.265625,0.5208333333333334,1.0,3.7939271926879883,1.2768406867980957
55,80,gaussian,3,42,0.21875,0.328125,0.2916666666666667,1.0,5.65788459777832,1.7734967470169067
56,80,gaussian,3,42,0.4375,0.34375,0.5833333333333334,1.0,3.3938117027282715,1.087395191192627
57,80,gaussian,3,42,0.25,0.28125,0.3333333333333333,1.0,0.6060268878936768,0.18367493152618408
58,80,gaussian,3,42,0.203125,0.46875,0.2708333333333333,1.0,0.8105570077896118,0.25343501567840576
59,80,gaussian,3,42,,,,0.0,1.882856011390686,0.5476948618888855
60,80,gaussian,3,42,0.1875,0.4375,0.25,1.0,2.779003143310547,0.9192764759063721
61,80,gaussian,3,42,0.203125,0.484375,0.2708333333333333,1.0,2.426731586456299,0.7933891415596008
62,80,gaussian,3,42,0.4375,0.40625,0.5833333333333334,1.0,2.8996644020080566,0.9819962382316589
63,80,gaussian,3,42,0.265625,0.453125,0.3541666666666667,1.0,1.1115267276763916,0.37305349111557007
64,80,gaussian,3,42,0.34375,0.359375,0.4583333333333333,1.0,2.108064889907837,0.6713497638702393
65,80,gaussian,3,42,0.21875,0.203125,0.2916666666666667,1.0,2.078793525695801,0.5952669382095337
66,80,gaussian,3,42,0.234375,0.265625,0.5357142857142857,1.0,3.7723493576049805,1.0963895320892334
67,80,gaussian,3,42,0.296875,0.3125,0.3958333333333333,1.0,0.673222541809082,0.23180140554904938
68,80,gaussian,3,42,0.40625,0.453125,0.5416666666666666,1.0,2.561823844909668,0.8393331170082092
69,80,gaussian,3,42,0.125,0.078125,0.16666666666666666,1.0,0.4707939326763153,0.12144655734300613
70,80,gaussian,3,42,0.40625,0.46875,0.5416666666666666,1.0,0.5130950212478638,0.1696460247039795
71,80,gaussian,3,42,0.484375,0.3125,0.6458333333333334,1.0,1.2802945375442505,0.4885379374027252
72,80,gaussian,3,42,0.140625,0.109375,0.42857142857142855,1.0,1.8832453489303589,0.5568876266479492
73,80,gaussian,3,42,0.390625,0.34375,0.5208333333333334,1.0,0.8952715396881104,0.30281466245651245
74,80,gaussian,3,42,0.484375,0.515625,0.6458333333333334,1.0,1.4689042568206787,0.46322759985923767
75,80,gaussian,3,42,0.1875,0.484375,0.25,1.0,4.874611854553223,1.5079026222229004
76,80,gaussian,3,42,0.328125,0.484375,0.4375,1.0,4.054594993591309,1.3072478771209717
77,80,gaussian,3,42,0.375,0.390625,0.5,1.0,1.5903863906860352,0.5632187724113464
78,80,gaussian,3,42,0.390625,0.46875,0.5208333333333334,1.0,0.6024578809738159,0.20835183560848236
79,80,gaussian,3,42,0.59375,0.109375,0.7916666666666666,1.0,1.2181446552276611,0.31316423416137695
80,80,gaussian,3,42,0.3125,0.421875,0.4166666666666667,1.0,0.8656005859375,0.31594085693359375
81,80,gaussian,3,42,0.421875,0.484375,0.5625,1.0,0.6769319176673889,0.22546298801898956
82,80,gaussian,3,42,0.15625,0.46875,0.20833333333333334,1.0,0.34837836027145386,0.11733146756887436
83,80,gaussian,3,42,0.453125,0.328125,0.6041666666666666,1.0,2.228628158569336,0.6966822147369385
84,80,gaussian,3,42,0.203125,0.453125,0.2708333333333333,1.0,0.7368447780609131,0.2511819005012512
85,80,gaussian,3,42,0.5,0.390625,0.6666666666666666,1.0,2.051375150680542,0.7153696417808533
86,80,gaussian,3,42,0.203125,0.375,0.2708333333333333,1.0,4.3669257164001465,1.3440195322036743
87,80,gaussian,3,42,0.3125,0.484375,0.4166666666666667,1.0,2.0196330547332764,0.6980762481689453
88,80,gaussian,3,42,0.21875,0.421875,0.2916666666666667,1.0,2.210141181945801,0.7181591391563416
89,80,gaussian,3,42,0.234375,0.21875,0.3125,1.0,2.386948347091675,0.756022572517395
90,80,gaussian,3,42,0.203125,0.453125,0.2708333333333333,1.0,1.7882120609283447,0.577524721622467
91,80,gaussian,3,42,0.203125,0.453125,0.2708333333333333,1.0,0.8170158863067627,0.2626945674419403
92,80,gaussian,3,42,0.5,0.28125,0.6666666666666666,1.0,1.3548206090927124,0.4192503094673157
93,80,gaussian,3,42,0.28125,0.34375,0.375,1.0,2.4516754150390625,0.8019229173660278
94,80,gaussian,3,42,0.296875,0.328125,0.3958333333333333,1.0,2.793933868408203,0.9173699021339417
95,80,gaussian,3,42,0.3125,0.296875,0.4166666666666667,1.0,0.8927147388458252,0.33011993765830994
96,80,gaussian,3,42,0.359375,0.28125,0.4791666666666667,1.0,0.9707859754562378,0.3352043628692627
97,80,gaussian,3,42,0.328125,0.328125,0.4375,1.0,2.831040143966675,0.9522433876991272
98,80,gaussian,3,42,0.515625,0.46875,0.6875,1.0,3.2587931156158447,0.9541953802108765
99,80,gaussian,3,42,0.390625,0.453125,0.5208333333333334,1.0,0.5099820494651794,0.18054842948913574
100,80,gaussian,3,42,0.1875,0.453125,0.25,1.0,1.3714110851287842,0.493643581867218
101,80,gaussian,3,42,0.4375,0.328125,0.5833333333333334,1.0,2.228548288345337,0.6967235207557678
102,80,gaussian,3,42,0.25,0.46875,0.3333333333333333,1.0,0.741132915019989,0.24876293540000916
103,80,gaussian,3,42,0.453125,0.4375,0.6041666666666666,1.0,1.0061814785003662,0.337276816368103
104,80,gaussian,3,42,0.375,0.453125,0.5,1.0,0.38915377855300903,0.13745678961277008
105,80,gaussian,3,42,0.203125,0.453125,0.2708333333333333,1.0,0.3811429738998413,0.11713340133428574
106,80,gaussian,3,42,0.359375,0.21875,0.4791666666666667,1.0,0.9854958653450012,0.32708364725112915
107,80,gaussian,3,42,0.46875,0.515625,0.625,1.0,3.2471683025360107,1.0210615396499634
108,80,gaussian,3,42,0.53125,0.265625,0.7083333333333334,1.0,6.81033992767334,2.011422634124756
109,80,gaussian,3,42,0.203125,0.421875,0.2708333333333333,1.0,1.1277496814727783,0.3664913773536682
110,80,gaussian,3,42,0.53125,0.265625,0.7083333333333334,1.0,6.853548049926758,2.0447654724121094
111,80,gaussian,3,42,0.203125,0.203125,0.2708333333333333,1.0,0.6509143114089966,0.18712696433067322
112,80,gaussian,3,42,0.25,0.4375,0.3333333333333333,1.0,6.261043548583984,2.1135692596435547
113,80,gaussian,3,42,0.421875,0.359375,0.5625,1.0,0.5591380000114441,0.18843135237693787
114,80,gaussian,3,42,0.328125,0.28125,0.4375,1.0,2.980247974395752,0.9821522831916809
115,80,gaussian,3,42,0.1875,0.453125,0.25,1.0,0.6278451681137085,0.22282494604587555
116,80,gaussian,3,42,0.34375,0.265625,0.4583333333333333,1.0,3.2116665840148926,1.069785714149475
117,80,gaussian,3,42,,,,0.0,0.21873733401298523,0.05454585328698158
118,80,gaussian,3,42,0.3125,0.453125,0.4166666666666667,1.0,0.707192599773407,0.2248825579881668
119,80,gaussian,3,42,0.265625,0.359375,0.3541666666666667,1.0,1.883826494216919,0.6130763292312622
120,80,gaussian,3,42,0.1875,0.4375,0.25,1.0,1.0955090522766113,0.35015830397605896
121,80,gaussian,3,42,0.203125,0.484375,0.2708333333333333,1.0,1.2157316207885742,0.41031745076179504
122,80,gaussian,3,42,0.28125,0.484375,0.375,1.0,1.3180649280548096,0.3999781012535095
123,80,gaussian,3,42,0.390625,0.4375,0.5208333333333334,1.0,3.7364909648895264,1.325418472290039
124,80,gaussian,3,42,0.328125,0.453125,0.4375,1.0,1.8310266733169556,0.6095624566078186
125,80,gaussian,3,42,0.4375,0.328125,0.5833333333333334,1.0,2.4547946453094482,0.8331114649772644
126,80,gaussian,3,42,0.375,0.4375,0.5,1.0,2.977531671524048,0.9820131063461304
127,80,gaussian,3,42,0.4375,0.40625,0.5833333333333334,1.0,0.43806973099708557,0.14601296186447144
128,80,gaussian,3,42,0.25,0.296875,0.3333333333333333,1.0,2.493192195892334,0.7606326341629028
129,80,gaussian,3,42,0.578125,0.421875,0.7708333333333334,1.0,2.2489418983459473,0.6413190364837646
130,80,gaussian,3,42,0.4375,0.46875,0.5833333333333334,1.0,4.131742477416992,1.3228964805603027
131,80,gaussian,3,42,0.203125,0.46875,0.2708333333333333,1.0,2.5134806632995605,0.8828662633895874
132,80,gaussian,3,42,0.28125,0.34375,0.375,1.0,1.7152024507522583,0.5426383018493652
133,80,gaussian,3,42,0.234375,0.390625,0.3125,1.0,1.0914877653121948,0.35891515016555786
134,80,gaussian,3,42,0.375,0.375,0.5,1.0,1.590657353401184,0.5630218386650085
135,80,gaussian,3,42,0.28125,0.5,0.375,1.0,0.8232723474502563,0.24966560304164886
136,80,gaussian,3,42,0.1875,0.4375,0.25,1.0,1.807509422302246,0.5941368937492371
137,80,gaussian,3,42,0.40625,0.421875,0.5416666666666666,1.0,1.0751591920852661,0.3626931309700012
138,80,gaussian,3,42,0.25,0.453125,0.3333333333333333,1.0,1.4954276084899902,0.510975182056427
139,80,gaussian,3,42,0.234375,0.40625,0.3125,1.0,1.0895071029663086,0.35719195008277893
140,80,gaussian,3,42,0.265625,0.34375,0.3541666666666667,1.0,1.8839061260223389,0.6117292642593384
141,80,gaussian,3,42,0.203125,0.5,0.2708333333333333,1.0,0.892877459526062,0.2770397365093231
142,80,gaussian,3,42,0.328125,0.359375,0.4375,1.0,1.3859055042266846,0.46128782629966736
143,80,gaussian,3,42,0.390625,0.453125,0.5208333333333334,1.0,3.736198902130127,1.3202669620513916
144,80,gaussian,3,42,0.28125,0.296875,0.375,1.0,4.697275638580322,1.511592149734497
145,80,gaussian,3,42,0.25,0.265625,0.3333333333333333,1.0,1.5933709144592285,0.49812063574790955
146,80,gaussian,3,42,0.265625,0.5,0.3541666666666667,1.0,3.2171201705932617,1.0425180196762085
147,80,gaussian,3,42,0.171875,0.4375,0.22916666666666666,1.0,0.7444336414337158,0.25167810916900635
148,80,gaussian,3,42,0.4375,0.453125,0.5833333333333334,1.0,1.8969829082489014,0.604630708694458
149,80,gaussian,3,42,0.203125,0.4375,0.2708333333333333,1.0,0.643130362033844,0.23680070042610168
150,80,gaussian,3,42,0.265625,0.265625,0.3541666666666667,1.0,2.3516290187835693,0.7397553324699402
151,80,gaussian,3,42,0.296875,0.46875,0.3958333333333333,1.0,2.491243362426758,0.8727343678474426
152,80,gaussian,3,42,0.453125,0.34375,0.6041666666666666,1.0,1.971627116203308,0.6462938189506531
153,80,gaussian,3,42,0.1875,0.421875,0.25,1.0,1.8003568649291992,0.5932248830795288
154,80,gaussian,3,42,0.140625,0.109375,0.42857142857142855,1.0,1.1645339727401733,0.34206175804138184
155,80,gaussian,3,42,0.21875,0.40625,0.2916666666666667,1.0,2.2518742084503174,0.7396206259727478
156,80,gaussian,3,42,0.265625,0.25,0.3541666666666667,1.0,1.5945252180099487,0.4980853497982025
157,80,gaussian,3,42,0.578125,0.125,0.7708333333333334,1.0,3.216142416000366,0.867840051651001
158,80,gaussian,3,42,0.375,0.34375,0.5,1.0,1.4894514083862305,0.528121292591095
159,80,gaussian,3,42,0.359375,0.390625,0.4791666666666667,1.0,4.8126220703125,1.6666339635849
160,80,gaussian,3,42,0.203125,0.171875,0.4482758620689655,1.0,3.2239458560943604,0.9543626308441162
161,80,gaussian,3,42,0.1875,0.4375,0.25,1.0,1.3366304636001587,0.4589141011238098
162,80,gaussian,3,42,0.234375,0.21875,0.5555555555555556,1.0,1.8813992738723755,0.5462990999221802
163,80,gaussian,3,42,0.203125,0.453125,0.2708333333333333,1.0,1.3716741800308228,0.4863702952861786
164,80,gaussian,3,42,0.21875,0.40625,0.2916666666666667,1.0,3.2787294387817383,1.041884183883667
165,80,gaussian,3,42,0.203125,0.46875,0.2708333333333333,1.0,0.7080375552177429,0.21857240796089172
166,80,gaussian,3,42,0.453125,0.484375,0.6041666666666666,1.0,1.7507679462432861,0.5699982047080994
167,80,gaussian,3,42,0.5,0.1875,0.6666666666666666,1.0,1.855022668838501,0.6411666870117188
168,80,gaussian,3,42,0.171875,0.4375,0.22916666666666666,1.0,0.7435603141784668,0.25029468536376953
169,80,gaussian,3,42,0.46875,0.484375,0.625,1.0,3.029926300048828,1.0111969709396362
170,80,gaussian,3,42,0.25,0.484375,0.3333333333333333,1.0,2.83298921585083,0.8533964157104492
171,80,gaussian,3,42,0.328125,0.46875,0.4375,1.0,1.8317229747772217,0.6068483591079712
172,80,gaussian,3,42,0.15625,0.4375,0.20833333333333334,1.0,0.9591952562332153,0.2971489727497101
173,80,gaussian,3,42,0.359375,0.21875,0.4791666666666667,1.0,0.987510085105896,0.33074334263801575
174,80,gaussian,3,42,0.46875,0.296875,0.625,1.0,0.7703243494033813,0.23510412871837616
175,80,gaussian,3,42,0.453125,0.296875,0.6041666666666666,1.0,1.137993574142456,0.38879525661468506
176,80,gaussian,3,42,0.359375,0.15625,0.4791666666666667,1.0,1.170011281967163,0.3824706971645355
177,80,gaussian,3,42,0.28125,0.265625,0.375,1.0,1.6268465518951416,0.5373106002807617
178,80,gaussian,3,42,0.296875,0.3125,0.3958333333333333,1.0,8.956197738647461,2.855396032333374
179,80,gaussian,3,42,0.359375,0.453125,0.4791666666666667,1.0,2.142317771911621,0.7278387546539307
180,80,gaussian,3,42,0.4375,0.4375,0.5833333333333334,1.0,1.9582476615905762,0.7024802565574646
181,80,gaussian,3,42,0.171875,0.421875,0.22916666666666666,1.0,1.0543742179870605,0.33775126934051514
182,80,gaussian,3,42,0.3125,0.3125,0.4166666666666667,1.0,0.8747435212135315,0.2779170274734497
183,80,gaussian,3,42,0.265625,0.453125,0.3541666666666667,1.0,0.6568978428840637,0.2233535200357437
184,80,gaussian,3,42,0.5625,0.125,0.75,1.0,3.1900534629821777,0.8651042580604553
185,80,gaussian,3,42,0.265625,0.40625,0.3541666666666667,1.0,1.790412425994873,0.5719072222709656
186,80,gaussian,3,42,0.21875,0.40625,0.2916666666666667,1.0,2.21053409576416,0.7230319380760193
187,80,gaussian,3,42,0.390625,0.46875,0.5208333333333334,1.0,0.6023187041282654,0.2050439864397049
188,80,gaussian,3,42,0.1875,0.4375,0.25,1.0,2.8300936222076416,0.9421110153198242
189,80,gaussian,3,42,0.265625,0.28125,0.3541666666666667,1.0,1.5945277214050293,0.5002150535583496
190,80,gaussian,3,42,0.28125,0.296875,0.375,1.0,4.694618225097656,1.5355626344680786
191,80,gaussian,3,42,0.203125,0.4375,0.2708333333333333,1.0,1.9331700801849365,0.6276704668998718
192,80,gaussian,3,42,0.21875,0.4375,0.2916666666666667,1.0,0.9664434194564819,0.2945571839809418
193,80,gaussian,3,42,0.21875,0.5,0.2916666666666667,1.0,2.0305886268615723,0.6940410733222961
194,80,gaussian,3,42,0.234375,0.453125,0.3125,1.0,3.429736614227295,1.0261980295181274
195,80,gaussian,3,42,0.1875,0.4375,0.25,1.0,2.7814934253692627,0.9193398952484131
196,80,gaussian,3,42,0.40625,0.4375,0.5416666666666666,1.0,6.5559983253479,2.1711578369140625
197,80,gaussian,3,42,0.3125,0.328125,0.4166666666666667,1.0,2.8338863849639893,0.9665193557739258
198,80,gaussian,3,42,0.25,0.40625,0.3333333333333333,1.0,1.9825708866119385,0.6558893322944641
199,80,gaussian,3,42,0.328125,0.15625,0.4375,1.0,1.6296159029006958,0.5153919458389282
200,80,gaussian,3,42,0.4375,0.25,0.5833333333333334,1.0,0.6752458810806274,0.2154034674167633
201,80,gaussian,3,42,0.234375,0.4375,0.3125,1.0,1.1105860471725464,0.3484678566455841
202,80,gaussian,3,42,0.546875,0.46875,0.7291666666666666,1.0,2.9057374000549316,1.0564037561416626
203,80,gaussian,3,42,0.4375,0.46875,0.5833333333333334,1.0,1.035980224609375,0.3467596173286438
204,80,gaussian,3,42,0.21875,0.453125,0.2916666666666667,1.0,1.2195451259613037,0.4404279887676239
205,80,gaussian,3,42,0.390625,0.40625,0.5208333333333334,1.0,2.0855300426483154,0.7538623809814453
206,80,gaussian,3,42,0.171875,0.46875,0.22916666666666666,1.0,0.4223313331604004,0.14436085522174835
207,80,gaussian,3,42,0.25,0.28125,0.3333333333333333,1.0,3.741854190826416,1.2154651880264282
208,80,gaussian,3,42,0.28125,0.453125,0.375,1.0,0.6852182149887085,0.24283593893051147
209,80,gaussian,3,42,0.46875,0.5,0.625,1.0,3.2510485649108887,1.0469576120376587
210,80,gaussian,3,42,0.4375,0.4375,0.5833333333333334,1.0,1.9573866128921509,0.7015690803527832
211,80,gaussian,3,42,0.40625,0.453125,0.5416666666666666,1.0,2.136403799057007,0.7291532158851624
212,80,gaussian,3,42,0.296875,0.34375,0.3958333333333333,1.0,6.636886119842529,2.1134867668151855
213,80,gaussian,3,42,,,,0.0,0.16677936911582947,0.050124455243349075
214,80,gaussian,3,42,,,,0.0,0.16769155859947205,0.04938170686364174
215,80,gaussian,3,42,0.59375,0.421875,0.7916666666666666,1.0,2.6788768768310547,0.8449482321739197
216,80,gaussian,3,42,0.21875,0.21875,0.2916666666666667,1.0,1.5571277141571045,0.4467865526676178
217,80,gaussian,3,42,0.359375,0.46875,0.4791666666666667,1.0,1.7109127044677734,0.5807747840881348
218,80,gaussian,3,42,0.21875,0.4375,0.2916666666666667,1.0,0.9657277464866638,0.30071812868118286
219,80,gaussian,3,42,0.140625,0.171875,0.5625,1.0,7.181215286254883,2.1825332641601562
220,80,gaussian,3,42,0.1875,0.140625,0.25,1.0,0.5815515518188477,0.1592721790075302
221,80,gaussian,3,42,0.328125,0.390625,0.4375,1.0,2.424140453338623,0.7823497653007507
222,80,gaussian,3,42,0.3125,0.328125,0.4166666666666667,1.0,4.171438217163086,1.4569836854934692
223,80,gaussian,3,42,0.40625,0.4375,0.5416666666666666,1.0,2.120378255844116,0.6978351473808289
224,80,gaussian,3,42,0.375,0.359375,0.5,1.0,2.572718858718872,0.8856356143951416
225,80,gaussian,3,42,0.421875,0.484375,0.5625,1.0,1.6756443977355957,0.5952116847038269
226,80,gaussian,3,42,0.203125,0.4375,0.2708333333333333,1.0,3.09696102142334,0.9704779982566833
227,80,gaussian,3,42,0.3125,0.4375,0.4166666666666667,1.0,1.863157033920288,0.6694840788841248
228,80,gaussian,3,42,0.265625,0.421875,0.3541666666666667,1.0,1.7925543785095215,0.5713958144187927
229,80,gaussian,3,42,0.234375,0.4375,0.3125,1.0,1.9566636085510254,0.649964451789856
230,80,gaussian,3,42,0.578125,0.125,0.7708333333333334,1.0,3.2137184143066406,0.8802525401115417
231,80,gaussian,3,42,0.203125,0.46875,0.2708333333333333,1.0,2.102747917175293,0.7041569948196411
232,80,gaussian,3,42,0.328125,0.3125,0.4375,1.0,1.6499412059783936,0.5844219923019409
233,80,gaussian,3,42,0.46875,0.515625,0.625,1.0,3.245767831802368,1.0464186668395996
234,80,gaussian,3,42,0.234375,0.421875,0.3125,1.0,1.755165934562683,0.5678254961967468
235,80,gaussian,3,42,0.21875,0.40625,0.2916666666666667,1.0,2.1687870025634766,0.7422658205032349
236,80,gaussian,3,42,0.609375,0.46875,0.8125,1.0,0.5597581267356873,0.16998592019081116
237,80,gaussian,3,42,0.453125,0.515625,0.6041666666666666,1.0,0.6753480434417725,0.21204371750354767
238,80,gaussian,3,42,0.171875,0.140625,0.4583333333333333,1.0,0.8073579668998718,0.22300384938716888
239,80,gaussian,3,42,0.265625,0.421875,0.3541666666666667,1.0,5.375888824462891,1.7339997291564941
240,80,gaussian,3,42,0.21875,0.46875,0.2916666666666667,1.0,2.1901488304138184,0.6705103516578674
241,80,gaussian,3,42,0.3125,0.484375,0.4166666666666667,1.0,2.0181868076324463,0.7002133727073669
242,80,gaussian,3,42,0.1875,0.421875,0.25,1.0,3.6659324169158936,1.1620582342147827
243,80,gaussian,3,42,0.234375,0.421875,0.3125,1.0,1.4073486328125,0.4357967674732208
244,80,gaussian,3,42,0.28125,0.453125,0.375,1.0,1.9254484176635742,0.6072104573249817
245,80,gaussian,3,42,0.203125,0.390625,0.2708333333333333,1.0,3.215886116027832,0.9890618324279785
246,80,gaussian,3,42,0.21875,0.4375,0.2916666666666667,1.0,2.099409341812134,0.6913374066352844
247,80,gaussian,3,42,0.265625,0.5,0.3541666666666667,1.0,3.218440055847168,1.0480751991271973
248,80,gaussian,3,42,0.25,0.453125,0.3333333333333333,1.0,3.5445969104766846,1.2690911293029785
249,80,gaussian,3,42,0.40625,0.453125,0.5416666666666666,1.0,2.118553638458252,0.7059659361839294
250,80,gaussian,3,42,0.25,0.421875,0.3333333333333333,1.0,4.097253799438477,1.328948736190796
251,80,gaussian,3,42,0.375,0.21875,0.5,1.0,1.0561197996139526,0.39110201597213745
252,80,gaussian,3,42,0.1875,0.4375,0.25,1.0,1.3379237651824951,0.45811930298805237
253,80,gaussian,3,42,0.234375,0.234375,0.3125,1.0,1.0724756717681885,0.3415049910545349
254,80,gaussian,3,42,0.25,0.40625,0.3333333333333333,1.0,1.2105557918548584,0.3965829014778137
255,80,gaussian,3,42,0.3125,0.390625,0.4166666666666667,1.0,5.1632184982299805,1.7342020273208618
256,80,gaussian,3,42,0.21875,0.453125,0.2916666666666667,1.0,1.249111294746399,0.4537997543811798
257,80,gaussian,3,42,0.359375,0.40625,0.4791666666666667,1.0,1.2472329139709473,0.4424416422843933
258,80,gaussian,3,42,0.1875,0.1875,0.4,1.0,4.45385217666626,1.2870041131973267
259,80,gaussian,3,42,0.21875,0.5,0.2916666666666667,1.0,2.102102279663086,0.7286733984947205
260,80,gaussian,3,42,0.40625,0.421875,0.5416666666666666,1.0,1.0748965740203857,0.3581276535987854
261,80,gaussian,3,42,0.34375,0.453125,0.4583333333333333,1.0,1.7098506689071655,0.5808054804801941
262,80,gaussian,3,42,0.28125,0.3125,0.375,1.0,2.629922389984131,0.8183351159095764
263,80,gaussian,3,42,0.25,0.453125,0.3333333333333333,1.0,1.8198163509368896,0.5964670181274414
264,80,gaussian,3,42,0.359375,0.171875,0.4791666666666667,1.0,1.1660104990005493,0.38157907128334045
265,80,gaussian,3,42,0.234375,0.390625,0.3125,1.0,0.6753708720207214,0.21694417297840118
266,80,gaussian,3,42,0.375,0.4375,0.5,1.0,2.8257699012756348,0.9574590921401978
267,80,gaussian,3,42,0.3125,0.203125,0.4166666666666667,1.0,1.072920799255371,0.3528427481651306
268,80,gaussian,3,42,,,,0.0,2.5751519203186035,0.7725025415420532
269,80,gaussian,3,42,0.21875,0.484375,0.2916666666666667,1.0,2.518688201904297,0.8756378889083862
270,80,gaussian,3,42,0.59375,0.4375,0.7916666666666666,1.0,2.265695810317993,0.6238883137702942
271,80,gaussian,3,42,0.203125,0.4375,0.2708333333333333,1.0,0.9492229223251343,0.3149556517601013
272,80,gaussian,3,42,0.328125,0.3125,0.4375,1.0,10.672788619995117,3.6294474601745605
273,80,gaussian,3,42,0.203125,0.421875,0.2708333333333333,1.0,2.8236804008483887,0.937010645866394
274,80,gaussian,3,42,0.296875,0.46875,0.3958333333333333,1.0,0.7194514870643616,0.2213422656059265
275,80,gaussian,3,42,0.390625,0.4375,0.5208333333333334,1.0,5.777707099914551,1.9457420110702515
276,80,gaussian,3,42,0.296875,0.421875,0.3958333333333333,1.0,0.5940372943878174,0.2029525488615036
277,80,gaussian,3,42,0.1875,0.453125,0.25,1.0,2.5189967155456543,0.8217028975486755
278,80,gaussian,3,42,0.453125,0.40625,0.6041666666666666,1.0,2.3154311180114746,0.7401171922683716
279,80,gaussian,3,42,0.5,0.265625,0.6666666666666666,1.0,1.1565303802490234,0.33995237946510315
280,80,gaussian,3,42,0.453125,0.296875,0.6041666666666666,1.0,1.1386079788208008,0.3887518346309662
281,80,gaussian,3,42,0.171875,0.421875,0.22916666666666666,1.0,1.5241518020629883,0.47651782631874084
282,80,gaussian,3,42,0.296875,0.484375,0.3958333333333333,1.0,2.4900879859924316,0.8534789085388184
283,80,gaussian,3,42,0.46875,0.34375,0.625,1.0,1.0177865028381348,0.33905524015426636
284,80,gaussian,3,42,0.21875,0.453125,0.2916666666666667,1.0,1.2833679914474487,0.42719408869743347
285,80,gaussian,3,42,0.1875,0.390625,0.25,1.0,3.21809458732605,0.9766070246696472
286,80,gaussian,3,42,0.3125,0.296875,0.4166666666666667,1.0,0.6728219985961914,0.23093244433403015
287,80,gaussian,3,42,0.390625,0.453125,0.5208333333333334,1.0,0.6000938415527344,0.20952212810516357
288,80,gaussian,3,42,0.171875,0.4375,0.22916666666666666,1.0,0.7441606521606445,0.2516874670982361
289,80,gaussian,3,42,0.21875,0.453125,0.2916666666666667,1.0,2.5394322872161865,0.8655359745025635
290,80,gaussian,3,42,0.21875,0.390625,0.2916666666666667,1.0,0.9685736298561096,0.3256291151046753
291,80,gaussian,3,42,0.59375,0.421875,0.7916666666666666,1.0,2.262442111968994,0.6239701509475708
292,80,gaussian,3,42,0.28125,0.453125,0.375,1.0,0.685981273651123,0.2454676330089569
293,80,gaussian,3,42,0.25,0.328125,0.3333333333333333,1.0,2.1451263427734375,0.6764854788780212
294,80,gaussian,3,42,0.390625,0.28125,0.5208333333333334,1.0,3.7837727069854736,1.2894774675369263
295,80,gaussian,3,42,0.203125,0.484375,0.2708333333333333,1.0,0.7538576126098633,0.23964621126651764
296,80,gaussian,3,42,0.328125,0.15625,0.4375,1.0,1.6298012733459473,0.5216134786605835
297,80,gaussian,3,42,0.46875,0.46875,0.625,1.0,6.602700233459473,2.273547410964966
298,80,gaussian,3,42,0.296875,0.234375,0.3958333333333333,1.0,0.7973945140838623,0.24773329496383667
299,80,gaussian,3,42,0.375,0.359375,0.5,1.0,0.9117165803909302,0.30720657110214233
300,80,gaussian,3,42,0.375,0.359375,0.5,1.0,5.69601583480835,2.0239179134368896
301,80,gaussian,3,42,0.546875,0.390625,0.7291666666666666,1.0,0.2916180491447449,0.10235501825809479
302,80,gaussian,3,42,0.234375,0.421875,0.3125,1.0,1.9823501110076904,0.658359169960022
303,80,gaussian,3,42,0.21875,0.4375,0.2916666666666667,1.0,3.100003242492676,0.9775993824005127
304,80,gaussian,3,42,0.21875,0.390625,0.2916666666666667,1.0,4.560851573944092,1.681594729423523
305,80,gaussian,3,42,0.21875,0.390625,0.2916666666666667,1.0,0.6747690439224243,0.2181195318698883
306,80,gaussian,3,42,0.15625,0.46875,0.20833333333333334,1.0,0.3461000621318817,0.11716296523809433
307,80,gaussian,3,42,0.328125,0.375,0.4375,1.0,2.420431613922119,0.783155620098114
308,80,gaussian,3,42,0.34375,0.453125,0.4583333333333333,1.0,2.2717528343200684,0.762939989566803
309,80,gaussian,3,42,0.234375,0.4375,0.3125,1.0,2.1465721130371094,0.6572467684745789
310,80,gaussian,3,42,0.53125,0.265625,0.7083333333333334,1.0,6.85581636428833,2.0472354888916016
311,80,gaussian,3,42,0.21875,0.4375,0.2916666666666667,1.0,2.1865599155426025,0.7631011009216309
312,80,gaussian,3,42,0.1875,0.46875,0.25,1.0,0.715093731880188,0.22909632325172424
313,80,gaussian,3,42,0.46875,0.21875,0.625,1.0,7.589657783508301,2.534947395324707
314,80,gaussian,3,42,0.28125,0.34375,0.375,1.0,1.729917049407959,0.5607718825340271
315,80,gaussian,3,42,0.15625,0.15625,0.5263157894736842,1.0,4.461431503295898,1.275609016418457
316,80,gaussian,3,42,0.28125,0.328125,0.375,1.0,1.831864833831787,0.605191171169281
317,80,gaussian,3,42,0.234375,0.453125,0.3125,1.0,1.9785075187683105,0.6642298698425293
318,80,gaussian,3,42,0.375,0.359375,0.5,1.0,1.2702105045318604,0.4525570869445801
319,80,gaussian,3,42,0.40625,0.453125,0.5416666666666666,1.0,2.1346120834350586,0.7236754894256592
320,80,gaussian,3,42,0.3125,0.46875,0.4166666666666667,1.0,3.237379550933838,1.0232360363006592
321,80,gaussian,3,42,0.359375,0.296875,0.4791666666666667,1.0,0.9793484807014465,0.3572199046611786
322,80,gaussian,3,42,0.5,0.21875,0.6666666666666666,1.0,4.222203731536865,1.2782878875732422
323,80,gaussian,3,42,0.359375,0.40625,0.4791666666666667,1.0,1.2463653087615967,0.4455588757991791
324,80,gaussian,3,42,0.515625,0.453125,0.6875,1.0,1.9739480018615723,0.7022753953933716
325,80,gaussian,3,42,0.1875,0.4375,0.25,1.0,1.1546971797943115,0.36300012469291687
326,80,gaussian,3,42,0.390625,0.359375,0.5208333333333334,1.0,0.8956993818283081,0.30379384756088257
327,80,gaussian,3,42,0.3125,0.15625,0.4166666666666667,1.0,1.6236529350280762,0.5142403244972229
328,80,gaussian,3,42,0.3125,0.3125,0.4166666666666667,1.0,4.166396141052246,1.4531480073928833
329,80,gaussian,3,42,0.3125,0.421875,0.4166666666666667,1.0,0.5603476762771606,0.19840630888938904
330,80,gaussian,3,42,0.21875,0.421875,0.2916666666666667,1.0,1.147308111190796,0.3738960325717926
331,80,gaussian,3,42,0.3125,0.328125,0.4166666666666667,1.0,2.8366127014160156,0.9522580504417419
332,80,gaussian,3,42,0.328125,0.46875,0.4375,1.0,1.0313018560409546,0.3263501226902008
333,80,gaussian,3,42,0.1875,0.4375,0.25,1.0,1.1549413204193115,0.3636431396007538
334,80,gaussian,3,42,0.375,0.21875,0.5,1.0,1.0538620948791504,0.3968712091445923
335,80,gaussian,3,42,0.4375,0.484375,0.5833333333333334,1.0,0.6121493577957153,0.21685287356376648
336,80,gaussian,3,42,0.34375,0.453125,0.4583333333333333,1.0,2.1385507583618164,0.731201708316803
337,80,gaussian,3,42,,,,0.0,0.9303889870643616,0.2823029160499573
338,80,gaussian,3,42,0.5625,0.484375,0.75,1.0,3.6962883472442627,1.2710437774658203
339,80,gaussian,3,42,0.1875,0.421875,0.25,1.0,0.9005089998245239,0.3146778345108032
340,80,gaussian,3,42,0.390625,0.453125,0.5208333333333334,1.0,2.1173527240753174,0.6934030055999756
341,80,gaussian,3,42,0.21875,0.390625,0.2916666666666667,1.0,0.9688439965248108,0.32339513301849365
342,80,gaussian,3,42,0.3125,0.4375,0.4166666666666667,1.0,0.7088539600372314,0.22576004266738892
343,80,gaussian,3,42,0.34375,0.421875,0.4583333333333333,1.0,0.6490468382835388,0.2170558124780655
344,80,gaussian,3,42,0.234375,0.4375,0.3125,1.0,1.7598202228546143,0.5701723098754883
345,80,gaussian,3,42,0.359375,0.375,0.4791666666666667,1.0,3.5293831825256348,1.2556980848312378
346,80,gaussian,3,42,0.203125,0.4375,0.2708333333333333,1.0,0.8171343207359314,0.26124516129493713
347,80,gaussian,3,42,0.515625,0.46875,0.6875,1.0,3.258955478668213,0.955845832824707
348,80,gaussian,3,42,0.1875,0.453125,0.25,1.0,0.6272995471954346,0.2215525507926941
349,80,gaussian,3,42,0.3125,0.484375,0.4166666666666667,1.0,1.35079026222229,0.47845974564552307
350,80,gaussian,3,42,0.4375,0.484375,0.5833333333333334,1.0,0.6120884418487549,0.2168542742729187
351,80,gaussian,3,42,0.265625,0.328125,0.3541666666666667,1.0,2.144692897796631,0.6781324744224548
352,80,gaussian,3,42,0.390625,0.265625,0.5208333333333334,1.0,3.793224811553955,1.2656280994415283
353,80,gaussian,3,42,0.34375,0.46875,0.4583333333333333,1.0,4.062445640563965,1.3316444158554077
354,80,gaussian,3,42,0.34375,0.46875,0.4583333333333333,1.0,2.2755038738250732,0.7718526124954224
355,80,gaussian,3,42,0.21875,0.328125,0.2916666666666667,1.0,5.673231601715088,1.7344990968704224
356,80,gaussian,3,42,0.203125,0.453125,0.2708333333333333,1.0,0.7658275365829468,0.26740410923957825
357,80,gaussian,3,42,0.234375,0.5,0.3125,1.0,2.0363075733184814,0.6937633752822876
358,80,gaussian,3,42,0.4375,0.40625,0.5833333333333334,1.0,0.43697595596313477,0.14817984402179718
359,80,gaussian,3,42,0.515625,0.421875,0.6875,1.0,7.707639694213867,2.3439364433288574
360,80,gaussian,3,42,0.375,0.40625,0.5,1.0,8.916638374328613,3.1246402263641357
361,80,gaussian,3,42,0.5,0.46875,0.6666666666666666,1.0,3.2569847106933594,0.9541687369346619
362,80,gaussian,3,42,0.3125,0.359375,0.4166666666666667,1.0,1.3855278491973877,0.4581955373287201
363,80,gaussian,3,42,0.21875,0.46875,0.2916666666666667,1.0,1.9706358909606934,0.573925793170929
364,80,gaussian,3,42,0.390625,0.453125,0.5208333333333334,1.0,1.0572525262832642,0.38433390855789185
365,80,gaussian,3,42,0.28125,0.421875,0.375,1.0,1.9510722160339355,0.6180107593536377
366,80,gaussian,3,42,0.4375,0.46875,0.5833333333333334,1.0,1.034726619720459,0.3517589271068573
367,80,gaussian,3,42,0.28125,0.484375,0.375,1.0,3.208549976348877,1.0509320497512817
368,80,gaussian,3,42,0.296875,0.328125,0.3958333333333333,1.0,2.7937183380126953,0.9189935922622681
369,80,gaussian,3,42,0.265625,0.484375,0.3541666666666667,1.0,3.211172103881836,1.054579257965088
370,80,gaussian,3,42,0.546875,0.46875,0.7291666666666666,1.0,3.6986613273620605,1.2798136472702026
371,80,gaussian,3,42,0.1875,0.421875,0.25,1.0,1.1595513820648193,0.35592588782310486
372,80,gaussian,3,42,0.40625,0.453125,0.5416666666666666,1.0,1.2082068920135498,0.404183566570282
373,80,gaussian,3,42,0.21875,0.40625,0.2916666666666667,1.0,1.0888323783874512,0.3586510419845581
374,80,gaussian,3,42,0.453125,0.4375,0.6041666666666666,1.0,1.9555678367614746,0.6965243816375732
375,80,gaussian,3,42,0.484375,0.265625,0.6458333333333334,1.0,0.6272095441818237,0.21607349812984467
376,80,gaussian,3,42,0.21875,0.4375,0.2916666666666667,1.0,0.643035888671875,0.23903414607048035
377,80,gaussian,3,42,0.46875,0.515625,0.625,1.0,3.245543956756592,1.0440006256103516
378,80,gaussian,3,42,0.25,0.4375,0.3333333333333333,1.0,0.7896610498428345,0.26661330461502075
379,80,gaussian,3,42,0.375,0.40625,0.5,1.0,1.2471587657928467,0.4412393867969513
380,80,gaussian,3,42,0.296875,0.28125,0.3958333333333333,1.0,4.678595066070557,1.54302978515625
381,80,gaussian,3,42,0.21875,0.21875,0.2916666666666667,1.0,1.5539913177490234,0.4535568952560425
382,80,gaussian,3,42,0.25,0.4375,0.3333333333333333,1.0,0.5932654142379761,0.2033900022506714
383,80,gaussian,3,42,0.203125,0.46875,0.2708333333333333,1.0,0.8096532225608826,0.2578078806400299
384,80,gaussian,3,42,0.328125,0.421875,0.4375,1.0,0.38226136565208435,0.12751875817775726
385,80,gaussian,3,42,0.203125,0.5,0.2708333333333333,1.0,0.890581488609314,0.27804985642433167
386,80,gaussian,3,42,0.203125,0.484375,0.2708333333333333,1.0,1.2148895263671875,0.41088002920150757
387,80,gaussian,3,42,0.203125,0.203125,0.2708333333333333,1.0,0.4968278110027313,0.1435403823852539
388,80,gaussian,3,42,0.21875,0.40625,0.2916666666666667,1.0,3.2778220176696777,1.0332964658737183
389,80,gaussian,3,42,0.421875,0.40625,0.5625,1.0,1.316666841506958,0.43270638585090637
390,80,gaussian,3,42,0.21875,0.453125,0.2916666666666667,1.0,1.219132900238037,0.443477600812912
391,80,gaussian,3,42,,,,0.0,7.1974568367004395,2.1624698638916016
392,80,gaussian,3,42,0.203125,0.484375,0.2708333333333333,1.0,1.8460065126419067,0.6489771008491516
393,80,gaussian,3,42,0.28125,0.3125,0.375,1.0,0.5093421339988708,0.1599806696176529
394,80,gaussian,3,42,0.453125,0.453125,0.6041666666666666,1.0,2.0508289337158203,0.6937716603279114
395,80,gaussian,3,42,0.21875,0.453125,0.2916666666666667,1.0,3.4422006607055664,1.0316845178604126
396,80,gaussian,3,42,0.171875,0.140625,0.22916666666666666,1.0,0.5819603204727173,0.16444693505764008
397,80,gaussian,3,42,0.265625,0.421875,0.3541666666666667,1.0,1.790327548980713,0.5704385042190552
398,80,gaussian,3,42,0.25,0.4375,0.3333333333333333,1.0,3.186875104904175,1.0417124032974243
399,80,gaussian,3,42,0.421875,0.359375,0.5625,1.0,3.3927550315856934,1.088727593421936
400,80,gaussian,3,42,0.234375,0.421875,0.3125,1.0,1.1103157997131348,0.3449944853782654
401,80,gaussian,3,42,0.515625,0.25,0.6875,1.0,0.40889033675193787,0.12233461439609528
402,80,gaussian,3,42,0.328125,0.46875,0.4375,1.0,1.8343645334243774,0.6043210625648499
403,80,gaussian,3,42,0.5,0.484375,0.6666666666666666,1.0,2.6400012969970703,0.8908315896987915
404,80,gaussian,3,42,0.21875,0.453125,0.2916666666666667,1.0,1.722238540649414,0.6188457012176514
405,80,gaussian,3,42,0.3125,0.4375,0.4166666666666667,1.0,0.8664768934249878,0.3185640871524811
406,80,gaussian,3,42,0.21875,0.46875,0.2916666666666667,1.0,2.109325885772705,0.6676201224327087
407,80,gaussian,3,42,0.28125,0.453125,0.375,1.0,1.923985242843628,0.6150467395782471
408,80,gaussian,3,42,0.328125,0.484375,0.4375,1.0,4.054158687591553,1.3239103555679321
409,80,gaussian,3,42,0.296875,0.328125,0.3958333333333333,1.0,4.1700944900512695,1.451271891593933
410,80,gaussian,3,42,0.375,0.359375,0.5,1.0,5.824352264404297,2.0610620975494385
411,80,gaussian,3,42,0.171875,0.15625,0.4230769230769231,1.0,1.5351812839508057,0.4578816890716553
412,80,gaussian,3,42,0.21875,0.4375,0.2916666666666667,1.0,2.688450813293457,0.805899441242218
413,80,gaussian,3,42,0.1875,0.421875,0.25,1.0,3.1582088470458984,1.01363205909729
414,80,gaussian,3,42,0.21875,0.46875,0.2916666666666667,1.0,2.1036860942840576,0.6769328713417053
415,80,gaussian,3,42,0.1875,0.4375,0.25,1.0,0.6568835973739624,0.19203448295593262
416,80,gaussian,3,42,0.421875,0.484375,0.5625,1.0,1.6726183891296387,0.586041271686554
417,80,gaussian,3,42,0.484375,0.265625,0.6458333333333334,1.0,0.5461766123771667,0.19631092250347137
418,80,gaussian,3,42,0.265625,0.421875,0.3541666666666667,1.0,1.7925488948822021,0.5688169598579407
419,80,gaussian,3,42,0.125,0.09375,0.16666666666666666,1.0,0.4769138693809509,0.12493278086185455
420,80,gaussian,3,42,0.390625,0.46875,0.5208333333333334,1.0,0.6025086641311646,0.20780736207962036
421,80,gaussian,3,42,0.375,0.171875,0.5,1.0,0.6011790633201599,0.20025263726711273
422,80,gaussian,3,42,0.234375,0.25,0.3125,1.0,1.7797988653182983,0.5352185964584351
423,80,gaussian,3,42,0.25,0.390625,0.3333333333333333,1.0,1.2330726385116577,0.3864983320236206
424,80,gaussian,3,42,0.21875,0.484375,0.2916666666666667,1.0,2.4332518577575684,0.7423085570335388
425,80,gaussian,3,42,0.296875,0.5,0.3958333333333333,1.0,3.6780948638916016,1.2424899339675903
426,80,gaussian,3,42,0.296875,0.296875,0.3958333333333333,1.0,10.84782886505127,3.4104256629943848
427,80,gaussian,3,42,0.328125,0.46875,0.4375,1.0,2.359804391860962,0.7514746785163879
428,80,gaussian,3,42,0.34375,0.4375,0.4583333333333333,1.0,2.2227303981781006,0.7845953702926636
429,80,gaussian,3,42,0.453125,0.515625,0.6041666666666666,1.0,0.6759696006774902,0.21204949915409088
430,80,gaussian,3,42,0.203125,0.46875,0.2708333333333333,1.0,0.7371081113815308,0.25419196486473083
431,80,gaussian,3,42,0.234375,0.453125,0.3125,1.0,2.8468666076660156,0.9737140536308289
432,80,gaussian,3,42,0.296875,0.328125,0.3958333333333333,1.0,2.7932910919189453,0.9142458438873291
433,80,gaussian,3,42,0.34375,0.34375,0.4583333333333333,1.0,1.2981114387512207,0.45023369789123535
434,80,gaussian,3,42,0.21875,0.21875,0.2916666666666667,1.0,1.553831934928894,0.45111384987831116
435,80,gaussian,3,42,0.375,0.359375,0.5,1.0,1.0616123676300049,0.3625963032245636
436,80,gaussian,3,42,0.4375,0.171875,0.5833333333333334,1.0,0.3848412334918976,0.12859545648097992
437,80,gaussian,3,42,0.375,0.375,0.5,1.0,1.268096685409546,0.44592592120170593
438,80,gaussian,3,42,0.5,0.1875,0.6666666666666666,1.0,1.8547557592391968,0.635779619216919
439,80,gaussian,3,42,0.21875,0.421875,0.2916666666666667,1.0,1.1469824314117432,0.37165191769599915
440,80,gaussian,3,42,0.28125,0.296875,0.375,1.0,4.696784496307373,1.5443978309631348
441,80,gaussian,3,42,,,,0.0,4.44743537902832,1.2781869173049927
442,80,gaussian,3,42,0.21875,0.421875,0.2916666666666667,1.0,2.2772834300994873,0.7557651400566101
443,80,gaussian,3,42,0.203125,0.484375,0.2708333333333333,1.0,0.38484567403793335,0.12452768534421921
444,80,gaussian,3,42,0.265625,0.421875,0.3541666666666667,1.0,2.7095794677734375,0.9236116409301758
445,80,gaussian,3,42,0.1875,0.4375,0.25,1.0,2.7790780067443848,0.920201301574707
446,80,gaussian,3,42,0.40625,0.46875,0.5416666666666666,1.0,2.135094404220581,0.7211880087852478
447,80,gaussian,3,42,0.484375,0.3125,0.6458333333333334,1.0,1.27797532081604,0.48703643679618835
448,80,gaussian,3,42,0.3125,0.3125,0.4166666666666667,1.0,0.8904495239257812,0.3334956765174866
449,80,gaussian,3,42,0.265625,0.453125,0.3541666666666667,1.0,0.7416049242019653,0.25073421001434326
450,80,gaussian,3,42,0.265625,0.28125,0.3541666666666667,1.0,3.7477381229400635,1.2073478698730469
451,80,gaussian,3,42,0.234375,0.4375,0.3125,1.0,0.8573019504547119,0.28481146693229675
452,80,gaussian,3,42,0.234375,0.390625,0.3125,1.0,0.6749994158744812,0.21965916454792023
453,80,gaussian,3,42,0.234375,0.421875,0.3125,1.0,1.7795851230621338,0.534356951713562
454,80,gaussian,3,42,0.390625,0.4375,0.5208333333333334,1.0,3.7936182022094727,1.2368203401565552
455,80,gaussian,3,42,0.171875,0.140625,0.4583333333333333,1.0,0.8069614768028259,0.22313912212848663
456,80,gaussian,3,42,0.265625,0.28125,0.3541666666666667,1.0,3.747732162475586,1.2132675647735596
457,80,gaussian,3,42,0.46875,0.53125,0.625,1.0,0.3614584505558014,0.11402730643749237
458,80,gaussian,3,42,0.453125,0.4375,0.6041666666666666,1.0,2.0506720542907715,0.700015664100647
459,80,gaussian,3,42,0.328125,0.4375,0.4375,1.0,0.7922567129135132,0.2786480486392975
460,80,gaussian,3,42,0.234375,0.4375,0.3125,1.0,1.9854652881622314,0.6414857506752014
461,80,gaussian,3,42,,,,0.0,0.19434237480163574,0.05749455839395523
462,80,gaussian,3,42,0.46875,0.453125,0.625,1.0,2.0510413646698,0.6975518465042114
463,80,gaussian,3,42,0.28125,0.28125,0.375,1.0,1.5944786071777344,0.4995840787887573
464,80,gaussian,3,42,0.34375,0.46875,0.4583333333333333,1.0,4.059986114501953,1.3313761949539185
465,80,gaussian,3,42,0.328125,0.359375,0.4375,1.0,1.6968271732330322,0.5517956614494324
466,80,gaussian,3,42,0.21875,0.21875,0.2916666666666667,1.0,1.6535178422927856,0.49747201800346375
467,80,gaussian,3,42,0.40625,0.46875,0.5416666666666666,1.0,1.1867058277130127,0.43016061186790466
468,80,gaussian,3,42,0.296875,0.3125,0.3958333333333333,1.0,4.170639991760254,1.4571012258529663
469,80,gaussian,3,42,,,,0.0,0.19523471593856812,0.058077700436115265
470,80,gaussian,3,42,0.375,0.359375,0.5,1.0,0.9121401906013489,0.30728134512901306
471,80,gaussian,3,42,0.296875,0.46875,0.3958333333333333,1.0,3.235448122024536,1.0110690593719482
472,80,gaussian,3,42,0.265625,0.296875,0.3541666666666667,1.0,0.8938668370246887,0.26916757225990295
473,80,gaussian,3,42,0.375,0.40625,0.5,1.0,2.6652705669403076,0.9722622036933899
474,80,gaussian,3,42,0.34375,0.171875,0.4583333333333333,1.0,1.165684461593628,0.38112160563468933
475,80,gaussian,3,42,0.390625,0.4375,0.5208333333333334,1.0,2.11708927154541,0.7057065963745117
476,80,gaussian,3,42,0.234375,0.4375,0.3125,1.0,2.845120429992676,0.966454803943634
477,80,gaussian,3,42,0.28125,0.484375,0.375,1.0,3.20998477935791,1.0482627153396606
478,80,gaussian,3,42,0.484375,0.328125,0.6458333333333334,1.0,2.2510461807250977,0.841770350933075
479,80,gaussian,3,42,0.15625,0.46875,0.20833333333333334,1.0,0.42107969522476196,0.14737318456172943
480,80,gaussian,3,42,0.1875,0.4375,0.25,1.0,0.7896174192428589,0.23005816340446472
481,80,gaussian,3,42,0.3125,0.34375,0.4166666666666667,1.0,2.8345448970794678,0.9529381990432739
482,80,gaussian,3,42,0.28125,0.265625,0.375,1.0,4.673232555389404,1.547483205795288
483,80,gaussian,3,42,0.578125,0.421875,0.7708333333333334,1.0,2.249530553817749,0.6333575248718262
484,80,gaussian,3,42,0.390625,0.359375,0.5208333333333334,1.0,0.89521324634552,0.3009144067764282
485,80,gaussian,3,42,0.390625,0.40625,0.5208333333333334,1.0,4.592921257019043,1.637139916419983
486,80,gaussian,3,42,0.1875,0.4375,0.25,1.0,1.337907314300537,0.4577038884162903
487,80,gaussian,3,42,0.203125,0.4375,0.2708333333333333,1.0,1.181357979774475,0.3352832496166229
488,80,gaussian,3,42,0.1875,0.453125,0.25,1.0,1.1151139736175537,0.35253462195396423
489,80,gaussian,3,42,0.21875,0.4375,0.2916666666666667,1.0,1.4735991954803467,0.47801923751831055
490,80,gaussian,3,42,0.390625,0.359375,0.5208333333333334,1.0,0.8953852653503418,0.30137568712234497
491,80,gaussian,3,42,0.25,0.375,0.3333333333333333,1.0,3.0373663902282715,1.1153310537338257
492,80,gaussian,3,42,0.171875,0.40625,0.22916666666666666,1.0,0.6452877521514893,0.19916275143623352
493,80,gaussian,3,42,0.40625,0.4375,0.5416666666666666,1.0,3.731874465942383,1.3296091556549072
494,80,gaussian,3,42,0.125,0.09375,0.16666666666666666,1.0,0.4753437340259552,0.12492769211530685
495,80,gaussian,3,42,0.375,0.40625,0.5,1.0,2.664433717727661,0.9792798757553101
496,80,gaussian,3,42,0.1875,0.46875,0.25,1.0,0.7554750442504883,0.23850256204605103
497,80,gaussian,3,42,0.21875,0.453125,0.2916666666666667,1.0,1.7884657382965088,0.5880745649337769
498,80,gaussian,3,42,0.25,0.40625,0.3333333333333333,1.0,6.97719144821167,2.393338680267334
499,80,gaussian,3,42,0.203125,0.453125,0.2708333333333333,1.0,2.6888515949249268,0.8124030828475952
500,80,gaussian,3,42,0.4375,0.4375,0.5833333333333334,1.0,1.9568428993225098,0.7003323435783386
501,80,gaussian,3,42,0.296875,0.484375,0.3958333333333333,1.0,3.237128257751465,1.0217069387435913
502,80,gaussian,3,42,0.375,0.46875,0.5,1.0,0.7637931108474731,0.253692090511322
503,80,gaussian,3,42,0.390625,0.375,0.5208333333333334,1.0,2.4085350036621094,0.8465290069580078
504,80,gaussian,3,42,0.171875,0.4375,0.22916666666666666,1.0,2.517751455307007,0.8223544955253601
505,80,gaussian,3,42,,,,0.0,0.16761557757854462,0.05008174106478691
506,80,gaussian,3,42,0.359375,0.453125,0.4791666666666667,1.0,1.7162165641784668,0.5767715573310852
507,80,gaussian,3,42,0.421875,0.46875,0.5625,1.0,1.6737595796585083,0.5983516573905945
508,80,gaussian,3,42,0.1875,0.484375,0.25,1.0,4.865606784820557,1.5355706214904785
509,80,gaussian,3,42,0.21875,0.1875,0.2916666666666667,1.0,0.6098619699478149,0.16957402229309082
510,80,gaussian,3,42,0.296875,0.328125,0.3958333333333333,1.0,2.453892707824707,0.7984192967414856
511,80,gaussian,3,42,0.1875,0.203125,0.42857142857142855,1.0,1.3459060192108154,0.36157307028770447
512,80,gaussian,3,42,0.3125,0.359375,0.4166666666666667,1.0,1.3853652477264404,0.45769861340522766
513,80,gaussian,3,42,0.359375,0.46875,0.4791666666666667,1.0,0.763906717300415,0.2553812861442566
514,80,gaussian,3,42,0.234375,0.234375,0.3125,1.0,1.778233528137207,0.5288143754005432
515,80,gaussian,3,42,0.234375,0.21875,0.5769230769230769,1.0,0.9274478554725647,0.2766783535480499
516,80,gaussian,3,42,0.265625,0.265625,0.5151515151515151,1.0,2.3851773738861084,0.760171115398407
517,80,gaussian,3,42,0.171875,0.453125,0.22916666666666666,1.0,1.118078589439392,0.35411736369132996
518,80,gaussian,3,42,0.546875,0.390625,0.7291666666666666,1.0,0.2906199097633362,0.10265180468559265
519,80,gaussian,3,42,0.15625,0.453125,0.20833333333333334,1.0,0.9535518288612366,0.3034277558326721
520,80,gaussian,3,42,0.234375,0.234375,0.3125,1.0,1.016383171081543,0.2943449020385742
521,80,gaussian,3,42,0.5625,0.46875,0.75,1.0,3.7008419036865234,1.2607353925704956
522,80,gaussian,3,42,0.296875,0.421875,0.3958333333333333,1.0,0.5936751961708069,0.2006986290216446
523,80,gaussian,3,42,0.375,0.34375,0.5,1.0,2.5724384784698486,0.874160885810852
524,80,gaussian,3,42,0.40625,0.46875,0.5416666666666666,1.0,1.2070057392120361,0.39536699652671814
525,80,gaussian,3,42,0.296875,0.484375,0.3958333333333333,1.0,2.492920160293579,0.8606221079826355
526,80,gaussian,3,42,0.484375,0.4375,0.6458333333333334,1.0,4.6426005363464355,1.455909252166748
527,80,gaussian,3,42,0.25,0.421875,0.3333333333333333,1.0,1.3863582611083984,0.44773411750793457
528,80,gaussian,3,42,0.28125,0.421875,0.375,1.0,1.9507404565811157,0.6209873557090759
529,80,gaussian,3,42,0.21875,0.4375,0.2916666666666667,1.0,2.099687099456787,0.6862971186637878
530,80,gaussian,3,42,0.21875,0.390625,0.2916666666666667,1.0,4.569516181945801,1.686293363571167
531,80,gaussian,3,42,0.484375,0.265625,0.6458333333333334,1.0,1.3569369316101074,0.41460683941841125
532,80,gaussian,3,42,0.203125,0.453125,0.2708333333333333,1.0,0.7084295749664307,0.21891093254089355
533,80,gaussian,3,42,0.203125,0.203125,0.5,1.0,1.544096827507019,0.4499970078468323
534,80,gaussian,3,42,0.1875,0.46875,0.25,1.0,0.7547527551651001,0.23681601881980896
535,80,gaussian,3,42,0.484375,0.5,0.6458333333333334,1.0,3.0308971405029297,0.9958575367927551
536,80,gaussian,3,42,0.203125,0.4375,0.2708333333333333,1.0,0.8180094957351685,0.2607196271419525
537,80,gaussian,3,42,0.140625,0.15625,0.6,1.0,4.180409908294678,1.2597209215164185
538,80,gaussian,3,42,0.375,0.359375,0.5,1.0,5.824716567993164,2.0614585876464844
539,80,gaussian,3,42,0.375,0.421875,0.5,1.0,5.124591827392578,1.7472615242004395
540,80,gaussian,3,42,0.40625,0.4375,0.5416666666666666,1.0,6.54980993270874,2.1688733100891113
541,80,gaussian,3,42,0.359375,0.40625,0.4791666666666667,1.0,1.6311357021331787,0.5623367428779602
542,80,gaussian,3,42,0.265625,0.46875,0.3541666666666667,1.0,1.591883659362793,0.5649306178092957
543,80,gaussian,3,42,0.3125,0.40625,0.4166666666666667,1.0,2.920482635498047,1.0027308464050293
544,80,gaussian,3,42,0.484375,0.28125,0.6458333333333334,1.0,1.357161045074463,0.41331222653388977
545,80,gaussian,3,42,0.203125,0.265625,0.5416666666666666,1.0,1.5796146392822266,0.4966459274291992
546,80,gaussian,3,42,0.21875,0.453125,0.2916666666666667,1.0,1.2518069744110107,0.4517229497432709
547,80,gaussian,3,42,0.265625,0.25,0.3541666666666667,1.0,2.453800678253174,0.8070853352546692
548,80,gaussian,3,42,0.21875,0.40625,0.2916666666666667,1.0,1.7805944681167603,0.5465102195739746
549,80,gaussian,3,42,0.1875,0.40625,0.25,1.0,1.0313591957092285,0.3137046992778778
550,80,gaussian,3,42,0.5,0.390625,0.6666666666666666,1.0,2.0541813373565674,0.7160272598266602
551,80,gaussian,3,42,0.578125,0.421875,0.7708333333333334,1.0,2.2502646446228027,0.6273778676986694
552,80,gaussian,3,42,0.1875,0.484375,0.25,1.0,1.3748836517333984,0.4697360396385193
553,80,gaussian,3,42,0.3125,0.34375,0.4166666666666667,1.0,1.3018200397491455,0.4479740858078003
554,80,gaussian,3,42,0.234375,0.4375,0.3125,1.0,1.9561502933502197,0.6519136428833008
555,80,gaussian,3,42,0.234375,0.25,0.3125,1.0,1.7796014547348022,0.5307560563087463
556,80,gaussian,3,42,0.390625,0.40625,0.5208333333333334,1.0,2.0854759216308594,0.7509060502052307
557,80,gaussian,3,42,0.28125,0.34375,0.375,1.0,2.2016820907592773,0.6822702884674072
558,80,gaussian,3,42,0.265625,0.3125,0.3541666666666667,1.0,2.6261038780212402,0.8154677152633667
559,80,gaussian,3,42,0.234375,0.421875,0.3125,1.0,1.7577975988388062,0.5621170997619629
560,80,gaussian,3,42,0.21875,0.4375,0.2916666666666667,1.0,2.0979604721069336,0.6818091869354248
561,80,gaussian,3,42,0.171875,0.46875,0.22916666666666666,1.0,1.1115977764129639,0.3803907334804535
562,80,gaussian,3,42,0.4375,0.328125,0.5833333333333334,1.0,2.22940993309021,0.7001378536224365
563,80,gaussian,3,42,0.203125,0.4375,0.2708333333333333,1.0,1.9336044788360596,0.6368513703346252
564,80,gaussian,3,42,0.375,0.375,0.5,1.0,1.5916520357131958,0.562989354133606
565,80,gaussian,3,42,0.21875,0.234375,0.5185185185185185,1.0,2.9400417804718018,0.8471149206161499
566,80,gaussian,3,42,0.28125,0.46875,0.375,1.0,2.6586074829101562,0.8282141089439392
567,80,gaussian,3,42,0.578125,0.125,0.7708333333333334,1.0,3.211226463317871,0.8783217072486877
568,80,gaussian,3,42,0.1875,0.453125,0.25,1.0,2.226250171661377,0.696477472782135
569,80,gaussian,3,42,0.234375,0.40625,0.3125,1.0,2.5094447135925293,0.8093641400337219
570,80,gaussian,3,42,0.203125,0.484375,0.2708333333333333,1.0,0.7544000148773193,0.23635756969451904
571,80,gaussian,3,42,0.296875,0.4375,0.3958333333333333,1.0,1.8643403053283691,0.6718635559082031
572,80,gaussian,3,42,0.15625,0.1875,0.5882352941176471,1.0,1.4463255405426025,0.44076085090637207
573,80,gaussian,3,42,0.28125,0.3125,0.375,1.0,2.282362937927246,0.6989026665687561
574,80,gaussian,3,42,0.40625,0.453125,0.5416666666666666,1.0,2.136390447616577,0.7317166924476624
575,80,gaussian,3,42,0.25,0.265625,0.3333333333333333,1.0,2.349442481994629,0.7220157384872437
576,80,gaussian,3,42,0.453125,0.515625,0.6041666666666666,1.0,0.6754043698310852,0.2123686820268631
577,80,gaussian,3,42,0.1875,0.421875,0.25,1.0,3.666785478591919,1.1785622835159302
578,80,gaussian,3,42,0.21875,0.4375,0.2916666666666667,1.0,0.5049499273300171,0.18126066029071808
579,80,gaussian,3,42,0.234375,0.40625,0.3125,1.0,1.607846975326538,0.4765152335166931
580,80,gaussian,3,42,0.234375,0.453125,0.3125,1.0,1.7223939895629883,0.6216052174568176
581,80,gaussian,3,42,0.1875,0.421875,0.25,1.0,2.820652961730957,0.9340695142745972
582,80,gaussian,3,42,0.40625,0.4375,0.5416666666666666,1.0,6.549191951751709,2.149916172027588
583,80,gaussian,3,42,0.5625,0.484375,0.75,1.0,0.9953480958938599,0.28534600138664246
584,80,gaussian,3,42,0.234375,0.5,0.3125,1.0,5.677202224731445,1.7534949779510498
585,80,gaussian,3,42,0.375,0.375,0.5,1.0,0.5183526873588562,0.17972888052463531
586,80,gaussian,3,42,0.453125,0.390625,0.6041666666666666,1.0,2.314753532409668,0.7395922541618347
587,80,gaussian,3,42,0.578125,0.421875,0.7708333333333334,1.0,2.2518081665039062,0.6351908445358276
588,80,gaussian,3,42,0.359375,0.40625,0.4791666666666667,1.0,1.6321353912353516,0.5567336678504944
589,80,gaussian,3,42,0.296875,0.453125,0.3958333333333333,1.0,7.984496593475342,2.8393352031707764
590,80,gaussian,3,42,0.1875,0.46875,0.25,1.0,0.7054815292358398,0.2164558321237564
591,80,gaussian,3,42,0.203125,0.453125,0.2708333333333333,1.0,2.2267565727233887,0.7000217437744141
592,80,gaussian,3,42,0.546875,0.4375,0.7291666666666666,1.0,4.422651290893555,1.493180513381958
593,80,gaussian,3,42,0.21875,0.390625,0.2916666666666667,1.0,0.6759933233261108,0.21792997419834137
594,80,gaussian,3,42,0.234375,0.40625,0.3125,1.0,2.2037243843078613,0.7207131385803223
595,80,gaussian,3,42,0.21875,0.484375,0.2916666666666667,1.0,0.9022219181060791,0.29437002539634705
596,80,gaussian,3,42,0.234375,0.234375,0.3125,1.0,1.0706857442855835,0.34520500898361206
597,80,gaussian,3,42,0.28125,0.34375,0.375,1.0,6.235707759857178,2.0018558502197266
598,80,gaussian,3,42,0.203125,0.4375,0.2708333333333333,1.0,0.5057505369186401,0.1794293224811554
599,80,gaussian,3,42,0.59375,0.40625,0.7916666666666666,1.0,2.6719586849212646,0.8459563851356506
600,80,gaussian,3,42,0.21875,0.40625,0.2916666666666667,1.0,4.156065940856934,1.4492229223251343
601,80,gaussian,3,42,,,,0.0,0.19497284293174744,0.05785631388425827
602,80,gaussian,3,42,0.40625,0.390625,0.5416666666666666,1.0,0.6424366235733032,0.21979974210262299
603,80,gaussian,3,42,0.203125,0.5,0.2708333333333333,1.0,2.4263486862182617,0.7950746417045593
604,80,gaussian,3,42,0.375,0.1875,0.5,1.0,0.6025975346565247,0.19947797060012817
605,80,gaussian,3,42,0.34375,0.4375,0.4583333333333333,1.0,2.2230477333068848,0.7967572808265686
606,80,gaussian,3,42,0.546875,0.4375,0.7291666666666666,1.0,4.434569358825684,1.4990729093551636
607,80,gaussian,3,42,0.375,0.390625,0.5,1.0,3.532846212387085,1.2645314931869507
608,80,gaussian,3,42,0.1875,0.453125,0.25,1.0,1.1188939809799194,0.3540706932544708
609,80,gaussian,3,42,0.234375,0.375,0.3125,1.0,1.233080506324768,0.3801594376564026
610,80,gaussian,3,42,0.359375,0.390625,0.4791666666666667,1.0,1.6323126554489136,0.5624173879623413
611,80,gaussian,3,42,0.234375,0.40625,0.3125,1.0,2.502478837966919,0.8170559406280518
612,80,gaussian,3,42,0.390625,0.453125,0.5208333333333334,1.0,2.0879716873168945,0.7253500819206238
613,80,gaussian,3,42,0.3125,0.453125,0.4166666666666667,1.0,0.4597586393356323,0.14779096841812134
614,80,gaussian,3,42,0.25,0.234375,0.3333333333333333,1.0,1.7778798341751099,0.530101478099823
615,80,gaussian,3,42,0.53125,0.203125,0.7083333333333334,1.0,0.5510672926902771,0.15372920036315918
616,80,gaussian,3,42,0.203125,0.5,0.2708333333333333,1.0,2.0991082191467285,0.7276912927627563
617,80,gaussian,3,42,0.46875,0.21875,0.625,1.0,7.589724063873291,2.535052537918091
618,80,gaussian,3,42,0.21875,0.453125,0.2916666666666667,1.0,3.4427177906036377,1.029194951057434
619,80,gaussian,3,42,0.421875,0.453125,0.5625,1.0,2.3177366256713867,0.799313485622406
620,80,gaussian,3,42,0.4375,0.453125,0.5833333333333334,1.0,1.8947304487228394,0.5974164605140686
621,80,gaussian,3,42,0.203125,0.46875,0.2708333333333333,1.0,0.8092219829559326,0.2577636241912842
622,80,gaussian,3,42,0.234375,0.25,0.3125,1.0,1.7797080278396606,0.536325216293335
623,80,gaussian,3,42,0.1875,0.453125,0.25,1.0,0.7080239057540894,0.2193404734134674
624,80,gaussian,3,42,0.578125,0.46875,0.7708333333333334,1.0,3.516826629638672,1.0493065118789673
625,80,gaussian,3,42,0.453125,0.484375,0.6041666666666666,1.0,2.7643747329711914,1.000010371208191
626,80,gaussian,3,42,0.484375,0.5,0.6458333333333334,1.0,3.0316131114959717,1.0133891105651855
627,80,gaussian,3,42,0.28125,0.453125,0.375,1.0,2.8230738639831543,0.8816372156143188
628,80,gaussian,3,42,0.203125,0.484375,0.2708333333333333,1.0,1.8524301052093506,0.6496678590774536
629,80,gaussian,3,42,0.53125,0.453125,0.7083333333333334,1.0,2.8999595642089844,1.0570969581604004
630,80,gaussian,3,42,0.1875,0.4375,0.25,1.0,0.7419765591621399,0.252482146024704
631,80,gaussian,3,42,0.21875,0.453125,0.2916666666666667,1.0,1.2832081317901611,0.43149369955062866
632,80,gaussian,3,42,0.1875,0.453125,0.25,1.0,1.3713655471801758,0.4863934814929962
633,80,gaussian,3,42,0.203125,0.484375,0.2708333333333333,1.0,2.4275426864624023,0.7881473898887634
634,80,gaussian,3,42,0.4375,0.453125,0.5833333333333334,1.0,5.025208473205566,1.6625858545303345
635,80,gaussian,3,42,0.296875,0.3125,0.3958333333333333,1.0,4.168942928314209,1.4550580978393555
636,80,gaussian,3,42,0.375,0.390625,0.5,1.0,4.8179240226745605,1.6700646877288818
637,80,gaussian,3,42,0.34375,0.390625,0.4583333333333333,1.0,7.6256489753723145,2.7426891326904297
638,80,gaussian,3,42,0.390625,0.453125,0.5208333333333334,1.0,2.049443244934082,0.6830909252166748
639,80,gaussian,3,42,0.1875,0.203125,0.42857142857142855,1.0,1.345993161201477,0.36160027980804443
640,80,gaussian,3,42,0.171875,0.421875,0.22916666666666666,1.0,1.0538371801376343,0.33783039450645447
641,80,gaussian,3,42,0.234375,0.484375,0.3125,1.0,0.4478943645954132,0.15900850296020508
642,80,gaussian,3,42,0.1875,0.453125,0.25,1.0,0.6271346807479858,0.2190750241279602
643,80,gaussian,3,42,0.15625,0.4375,0.20833333333333334,1.0,0.9790098667144775,0.2964029908180237
644,80,gaussian,3,42,0.203125,0.421875,0.2708333333333333,1.0,3.6636886596679688,1.181172490119934
645,80,gaussian,3,42,0.28125,0.453125,0.375,1.0,2.823814868927002,0.8938287496566772
646,80,gaussian,3,42,0.234375,0.390625,0.3125,1.0,1.6062424182891846,0.4812394082546234
647,80,gaussian,3,42,0.515625,0.171875,0.6875,1.0,6.559211730957031,2.006160259246826
648,80,gaussian,3,42,0.1875,0.453125,0.25,1.0,0.7407825589179993,0.252569317817688
649,80,gaussian,3,42,0.40625,0.453125,0.5416666666666666,1.0,2.5611019134521484,0.8394071459770203
650,80,gaussian,3,42,0.5,0.234375,0.6666666666666666,1.0,2.334379196166992,0.7562140822410583
651,80,gaussian,3,42,0.203125,0.453125,0.2708333333333333,1.0,3.0963354110717773,0.9858667254447937
652,80,gaussian,3,42,0.34375,0.484375,0.4583333333333333,1.0,4.276665210723877,1.3903295993804932
653,80,gaussian,3,42,0.203125,0.421875,0.2708333333333333,1.0,2.2828876972198486,0.7683535814285278
654,80,gaussian,3,42,0.375,0.34375,0.5,1.0,1.271752119064331,0.4519142508506775
655,80,gaussian,3,42,0.375,0.359375,0.5,1.0,1.0616698265075684,0.3614301085472107
656,80,gaussian,3,42,0.421875,0.34375,0.5625,1.0,3.092028856277466,1.0284477472305298
657,80,gaussian,3,42,0.453125,0.5,0.6041666666666666,1.0,0.6758418083190918,0.20970800518989563
658,80,gaussian,3,42,0.5,0.265625,0.6666666666666666,1.0,1.154721975326538,0.3480476438999176
659,80,gaussian,3,42,0.359375,0.4375,0.4791666666666667,1.0,0.9563342332839966,0.3169413208961487
660,80,gaussian,3,42,0.21875,0.453125,0.2916666666666667,1.0,1.9791231155395508,0.6553092002868652
661,80,gaussian,3,42,0.328125,0.3125,0.4375,1.0,1.6735389232635498,0.5333229899406433
662,80,gaussian,3,42,0.4375,0.40625,0.5833333333333334,1.0,2.8988146781921387,0.964953601360321
663,80,gaussian,3,42,0.234375,0.484375,0.3125,1.0,0.4463678300380707,0.15642832219600677
664,80,gaussian,3,42,,,,0.0,0.1952265202999115,0.05781419575214386
665,80,gaussian,3,42,0.25,0.265625,0.3333333333333333,1.0,3.534214496612549,1.1245163679122925
666,80,gaussian,3,42,0.171875,0.4375,0.22916666666666666,1.0,1.055572509765625,0.3382888734340668
667,80,gaussian,3,42,0.25,0.46875,0.3333333333333333,1.0,1.1113505363464355,0.37418755888938904
668,80,gaussian,3,42,0.484375,0.328125,0.6458333333333334,1.0,2.247624397277832,0.834760844707489
669,80,gaussian,3,42,0.3125,0.359375,0.4166666666666667,1.0,1.3856093883514404,0.4600275158882141
670,80,gaussian,3,42,,,,0.0,3.360246181488037,1.025986909866333
671,80,gaussian,3,42,0.453125,0.34375,0.6041666666666666,1.0,1.9706850051879883,0.6533886194229126
672,80,gaussian,3,42,0.1875,0.1875,0.4444444444444444,1.0,1.3482410907745361,0.3590450584888458
673,80,gaussian,3,42,0.484375,0.375,0.6458333333333334,1.0,1.4965838193893433,0.5063884854316711
674,80,gaussian,3,42,0.203125,0.4375,0.2708333333333333,1.0,2.6880908012390137,0.816098690032959
675,80,gaussian,3,42,0.375,0.359375,0.5,1.0,1.7815126180648804,0.6356446146965027
676,80,gaussian,3,42,0.328125,0.359375,0.4375,1.0,1.385497808456421,0.46245598793029785
677,80,gaussian,3,42,0.21875,0.4375,0.2916666666666667,1.0,3.094602108001709,0.9772858619689941
678,80,gaussian,3,42,0.296875,0.3125,0.3958333333333333,1.0,0.5649173259735107,0.1889219433069229
679,80,gaussian,3,42,0.328125,0.328125,0.4375,1.0,1.9132022857666016,0.6694740653038025
680,80,gaussian,3,42,0.203125,0.171875,0.43333333333333335,1.0,2.57291841506958,0.7726929783821106
681,80,gaussian,3,42,,,,0.0,1.1702497005462646,0.3368709683418274
682,80,gaussian,3,42,0.59375,0.421875,0.7916666666666666,1.0,2.6789004802703857,0.8380193710327148
683,80,gaussian,3,42,0.203125,0.453125,0.2708333333333333,1.0,0.994369387626648,0.33188480138778687
684,80,gaussian,3,42,0.25,0.421875,0.3333333333333333,1.0,4.098275184631348,1.3268225193023682
685,80,gaussian,3,42,0.359375,0.375,0.4791666666666667,1.0,11.02673053741455,3.603985548019409
686,80,gaussian,3,42,0.1875,0.4375,0.25,1.0,1.3322246074676514,0.4586712121963501
687,80,gaussian,3,42,0.375,0.34375,0.5,1.0,1.061479926109314,0.36573123931884766
688,80,gaussian,3,42,0.4375,0.171875,0.5833333333333334,1.0,0.384625107049942,0.1276177018880844
689,80,gaussian,3,42,0.359375,0.4375,0.4791666666666667,1.0,5.912745952606201,1.9206472635269165
690,80,gaussian,3,42,0.21875,0.46875,0.2916666666666667,1.0,1.6707007884979248,0.5857247710227966
691,80,gaussian,3,42,0.3125,0.3125,0.4166666666666667,1.0,0.8757103681564331,0.28351759910583496
692,80,gaussian,3,42,0.421875,0.34375,0.5625,1.0,0.5591715574264526,0.18872176110744476
693,80,gaussian,3,42,0.390625,0.421875,0.5208333333333334,1.0,5.785554885864258,1.9397859573364258
694,80,gaussian,3,42,0.453125,0.515625,0.6041666666666666,1.0,0.361960232257843,0.11335613578557968
695,80,gaussian,3,42,0.453125,0.390625,0.6041666666666666,1.0,2.3162662982940674,0.7541755437850952
696,80,gaussian,3,42,0.1875,0.421875,0.25,1.0,1.0313271284103394,0.31790149211883545
697,80,gaussian,3,42,0.234375,0.453125,0.3125,1.0,2.536287784576416,0.8776501417160034
698,80,gaussian,3,42,0.1875,0.40625,0.25,1.0,1.027813196182251,0.3170335292816162
699,80,gaussian,3,42,0.46875,0.234375,0.625,1.0,2.569796085357666,0.7747714519500732
700,80,gaussian,3,42,0.515625,0.21875,0.6875,1.0,2.328746795654297,0.7500289678573608
701,80,gaussian,3,42,0.203125,0.25,0.2708333333333333,1.0,2.8401222229003906,0.801384449005127
702,80,gaussian,3,42,0.296875,0.296875,0.3958333333333333,1.0,0.5091322660446167,0.16040074825286865
703,80,gaussian,3,42,0.28125,0.375,0.375,1.0,1.4176058769226074,0.48831841349601746
704,80,gaussian,3,42,0.21875,0.453125,0.2916666666666667,1.0,2.1052236557006836,0.6962934136390686
705,80,gaussian,3,42,0.375,0.390625,0.5,1.0,0.7630325555801392,0.26909562945365906
706,80,gaussian,3,42,0.125,0.09375,0.4,1.0,1.1639699935913086,0.3502283990383148
707,80,gaussian,3,42,0.515625,0.484375,0.6875,1.0,1.1661288738250732,0.4201204776763916
708,80,gaussian,3,42,0.15625,0.1875,0.5882352941176471,1.0,1.4479310512542725,0.4398159384727478
709,80,gaussian,3,42,0.203125,0.5,0.2708333333333333,1.0,0.8930954933166504,0.27676334977149963
710,80,gaussian,3,42,0.21875,0.421875,0.2916666666666667,1.0,1.1465284824371338,0.3693186342716217
711,80,gaussian,3,42,0.40625,0.421875,0.5416666666666666,1.0,1.0745291709899902,0.3601643145084381
712,80,gaussian,3,42,0.359375,0.28125,0.4791666666666667,1.0,0.9701071381568909,0.33276984095573425
713,80,gaussian,3,42,0.296875,0.34375,0.3958333333333333,1.0,1.7196505069732666,0.5547047257423401
714,80,gaussian,3,42,0.25,0.4375,0.3333333333333333,1.0,4.08929443359375,1.3406622409820557
715,80,gaussian,3,42,0.328125,0.484375,0.4375,1.0,4.057807922363281,1.3116827011108398
716,80,gaussian,3,42,0.34375,0.390625,0.4583333333333333,1.0,1.284043312072754,0.43755480647087097
717,80,gaussian,3,42,0.359375,0.359375,0.4791666666666667,1.0,3.456218719482422,1.174470067024231
718,80,gaussian,3,42,0.296875,0.296875,0.3958333333333333,1.0,0.565048098564148,0.19030314683914185
719,80,gaussian,3,42,0.203125,0.453125,0.2708333333333333,1.0,2.0255095958709717,0.6359134912490845
720,80,gaussian,3,42,0.296875,0.3125,0.3958333333333333,1.0,8.945280075073242,2.7990329265594482
721,80,gaussian,3,42,0.546875,0.203125,0.7291666666666666,1.0,0.5520956516265869,0.15674367547035217
722,80,gaussian,3,42,0.421875,0.484375,0.5625,1.0,2.6989054679870605,0.9003337025642395
723,80,gaussian,3,42,0.234375,0.390625,0.3125,1.0,1.5624033212661743,0.5352834463119507
724,80,gaussian,3,42,0.21875,0.421875,0.2916666666666667,1.0,2.1709861755371094,0.7267177104949951
725,80,gaussian,3,42,0.4375,0.46875,0.5833333333333334,1.0,1.6724483966827393,0.5867283940315247
726,80,gaussian,3,42,0.265625,0.484375,0.3541666666666667,1.0,0.6797056794166565,0.20474545657634735
727,80,gaussian,3,42,0.546875,0.453125,0.7291666666666666,1.0,2.904367208480835,1.0585237741470337
728,80,gaussian,3,42,0.28125,0.296875,0.375,1.0,0.5660313367843628,0.18724770843982697
729,80,gaussian,3,42,0.1875,0.4375,0.25,1.0,2.8294577598571777,0.9338425993919373
730,80,gaussian,3,42,0.359375,0.265625,0.4791666666666667,1.0,3.211552143096924,1.0553474426269531
731,80,gaussian,3,42,0.234375,0.4375,0.3125,1.0,2.8470659255981445,0.9577117562294006
732,80,gaussian,3,42,0.21875,0.4375,0.2916666666666667,1.0,2.6880745887756348,0.80516117811203
733,80,gaussian,3,42,,,,0.0,0.1951766461133957,0.05799609422683716
734,80,gaussian,3,42,0.53125,0.21875,0.7083333333333334,1.0,0.6776828765869141,0.192657932639122
735,80,gaussian,3,42,0.265625,0.359375,0.3541666666666667,1.0,2.7739152908325195,0.9368680119514465
736,80,gaussian,3,42,0.25,0.453125,0.3333333333333333,1.0,1.838439702987671,0.6021575927734375
737,80,gaussian,3,42,0.484375,0.390625,0.6458333333333334,1.0,1.4967390298843384,0.5034147500991821
738,80,gaussian,3,42,0.46875,0.484375,0.625,1.0,6.609215259552002,2.2763211727142334
739,80,gaussian,3,42,0.296875,0.4375,0.3958333333333333,1.0,7.977035999298096,2.8651537895202637
740,80,gaussian,3,42,0.25,0.484375,0.3333333333333333,1.0,0.8077753782272339,0.26707184314727783
741,80,gaussian,3,42,0.25,0.5,0.3333333333333333,1.0,4.293015480041504,1.2798219919204712
742,80,gaussian,3,42,0.359375,0.3125,0.4791666666666667,1.0,6.132648944854736,2.106398820877075
743,80,gaussian,3,42,0.171875,0.15625,0.22916666666666666,1.0,0.5847833156585693,0.16385355591773987
744,80,gaussian,3,42,0.296875,0.328125,0.3958333333333333,1.0,2.4525718688964844,0.7968481779098511
745,80,gaussian,3,42,0.171875,0.46875,0.22916666666666666,1.0,1.4203970432281494,0.5100590586662292
746,80,gaussian,3,42,0.21875,0.46875,0.2916666666666667,1.0,2.186281204223633,0.6622526049613953
747,80,gaussian,3,42,0.1875,0.203125,0.6,1.0,3.2195587158203125,0.9614196419715881
748,80,gaussian,3,42,0.265625,0.296875,0.3541666666666667,1.0,0.8930885195732117,0.27512460947036743
749,80,gaussian,3,42,0.203125,0.1875,0.2708333333333333,1.0,0.4960063397884369,0.14356978237628937
750,80,gaussian,3,42,0.171875,0.4375,0.22916666666666666,1.0,1.336220622062683,0.45342469215393066
751,80,gaussian,3,42,0.234375,0.21875,0.3125,1.0,1.1270862817764282,0.33310002088546753
752,80,gaussian,3,42,0.28125,0.484375,0.375,1.0,1.3170323371887207,0.39486709237098694
753,80,gaussian,3,42,0.1875,0.421875,0.25,1.0,0.7895562052726746,0.23010756075382233
754,80,gaussian,3,42,0.46875,0.265625,0.625,1.0,0.6286688446998596,0.21610131859779358
755,80,gaussian,3,42,0.421875,0.40625,0.5625,1.0,1.3151651620864868,0.4293921887874603
756,80,gaussian,3,42,0.25,0.4375,0.3333333333333333,1.0,5.377006530761719,1.7456817626953125
757,80,gaussian,3,42,0.5,0.515625,0.6666666666666666,1.0,3.0961413383483887,1.0223687887191772
758,80,gaussian,3,42,0.171875,0.46875,0.22916666666666666,1.0,1.1148643493652344,0.3784475326538086
759,80,gaussian,3,42,0.234375,0.40625,0.3125,1.0,2.397501230239868,0.7704707980155945
760,80,gaussian,3,42,0.171875,0.46875,0.22916666666666666,1.0,0.4223579466342926,0.1469394415616989
761,80,gaussian,3,42,0.125,0.109375,0.38095238095238093,1.0,2.9401450157165527,0.8394300937652588
762,80,gaussian,3,42,0.4375,0.25,0.5833333333333334,1.0,0.6754298210144043,0.21681159734725952
763,80,gaussian,3,42,0.34375,0.3125,0.4583333333333333,1.0,0.9772124886512756,0.3578031063079834
764,80,gaussian,3,42,0.34375,0.375,0.4583333333333333,1.0,3.845531702041626,1.270646572113037
765,80,gaussian,3,42,0.234375,0.421875,0.3125,1.0,2.1456618309020996,0.6647303700447083
766,80,gaussian,3,42,0.453125,0.40625,0.6041666666666666,1.0,2.315988063812256,0.7391727566719055
767,80,gaussian,3,42,0.21875,0.5,0.2916666666666667,1.0,2.1023736000061035,0.7273804545402527
768,80,gaussian,3,42,0.25,0.25,0.3333333333333333,1.0,1.170485258102417,0.36637091636657715
769,80,gaussian,3,42,0.4375,0.40625,0.5833333333333334,1.0,4.392596244812012,1.6641004085540771
770,80,gaussian,3,42,0.546875,0.375,0.7291666666666666,1.0,1.828127384185791,0.6469234228134155
771,80,gaussian,3,42,0.234375,0.328125,0.3125,1.0,2.866590738296509,1.0033185482025146
772,80,gaussian,3,42,0.34375,0.359375,0.4583333333333333,1.0,3.8483924865722656,1.2580920457839966
773,80,gaussian,3,42,0.140625,0.109375,0.45,1.0,1.1635278463363647,0.3501860201358795
774,80,gaussian,3,42,0.1875,0.421875,0.25,1.0,1.8045539855957031,0.5908310413360596
775,80,gaussian,3,42,0.21875,0.203125,0.2916666666666667,1.0,1.6545255184173584,0.49435877799987793
776,80,gaussian,3,42,0.25,0.4375,0.3333333333333333,1.0,2.8417673110961914,0.9656515717506409
777,80,gaussian,3,42,0.4375,0.46875,0.5833333333333334,1.0,1.1078513860702515,0.37531131505966187
778,80,gaussian,3,42,0.59375,0.421875,0.7916666666666666,1.0,2.692422866821289,0.8449954390525818
779,80,gaussian,3,42,0.234375,0.4375,0.3125,1.0,2.9795963764190674,0.9185322523117065
780,80,gaussian,3,42,0.375,0.359375,0.5,1.0,0.657717764377594,0.23416757583618164
781,80,gaussian,3,42,0.171875,0.4375,0.22916666666666666,1.0,0.7443300485610962,0.2526025176048279
782,80,gaussian,3,42,0.4375,0.3125,0.5833333333333334,1.0,3.2728965282440186,1.1249701976776123
783,80,gaussian,3,42,0.28125,0.375,0.375,1.0,1.4176031351089478,0.48032793402671814
784,80,gaussian,3,42,0.203125,0.46875,0.2708333333333333,1.0,1.3723913431167603,0.489605575799942
785,80,gaussian,3,42,0.46875,0.234375,0.625,1.0,2.5696768760681152,0.7794885635375977
786,80,gaussian,3,42,0.203125,0.40625,0.2708333333333333,1.0,1.1302716732025146,0.3681234121322632
787,80,gaussian,3,42,0.328125,0.4375,0.4375,1.0,0.7930537462234497,0.2789841592311859
788,80,gaussian,3,42,0.265625,0.453125,0.3541666666666667,1.0,2.828136920928955,0.8901692032814026
789,80,gaussian,3,42,0.40625,0.453125,0.5416666666666666,1.0,1.217258095741272,0.4333939850330353
790,80,gaussian,3,42,0.1875,0.4375,0.25,1.0,0.7419808506965637,0.24860398471355438
791,80,gaussian,3,42,0.25,0.453125,0.3333333333333333,1.0,3.5458264350891113,1.2675281763076782
792,80,gaussian,3,42,0.3125,0.46875,0.4166666666666667,1.0,1.2366664409637451,0.4069094657897949
793,80,gaussian,3,42,0.234375,0.421875,0.3125,1.0,2.146233558654785,0.6592241525650024
794,80,gaussian,3,42,0.21875,0.453125,0.2916666666666667,1.0,2.104787826538086,0.6991328001022339
795,80,gaussian,3,42,0.21875,0.40625,0.2916666666666667,1.0,4.571946144104004,1.6641805171966553
796,80,gaussian,3,42,0.421875,0.40625,0.5625,1.0,1.315718173980713,0.4308851659297943
797,80,gaussian,3,42,0.234375,0.40625,0.3125,1.0,1.6019599437713623,0.47654008865356445
798,80,gaussian,3,42,0.234375,0.21875,0.3125,1.0,1.0069804191589355,0.30456992983818054
799,80,gaussian,3,42,,,,0.0,1.5759631395339966,0.49999645352363586
800,80,gaussian,3,42,0.203125,0.265625,0.2708333333333333,1.0,2.8400588035583496,0.8219271302223206
801,80,gaussian,3,42,0.234375,0.4375,0.3125,1.0,0.9490694403648376,0.2892787754535675
802,80,gaussian,3,42,0.34375,0.46875,0.4583333333333333,1.0,4.279452323913574,1.397896647453308
803,80,gaussian,3,42,0.25,0.296875,0.3333333333333333,1.0,2.488071918487549,0.7638863921165466
804,80,gaussian,3,42,0.25,0.46875,0.3333333333333333,1.0,0.7411043643951416,0.24715429544448853
805,80,gaussian,3,42,0.21875,0.4375,0.2916666666666667,1.0,0.504686176776886,0.17777478694915771
806,80,gaussian,3,42,0.265625,0.421875,0.3541666666666667,1.0,1.7915196418762207,0.5730398893356323
807,80,gaussian,3,42,0.375,0.359375,0.5,1.0,0.6579601168632507,0.2331862598657608
808,80,gaussian,3,42,0.171875,0.21875,0.55,1.0,3.364779472351074,1.048401951789856
809,80,gaussian,3,42,0.40625,0.484375,0.5416666666666666,1.0,0.5130290389060974,0.1719771772623062
810,80,gaussian,3,42,0.203125,0.4375,0.2708333333333333,1.0,0.4613102674484253,0.16316421329975128
811,80,gaussian,3,42,0.21875,0.4375,0.2916666666666667,1.0,0.9667615294456482,0.2974569499492645
812,80,gaussian,3,42,0.296875,0.328125,0.3958333333333333,1.0,2.456188440322876,0.8019770979881287
813,80,gaussian,3,42,0.25,0.46875,0.3333333333333333,1.0,1.1116610765457153,0.37270283699035645
814,80,gaussian,3,42,0.234375,0.234375,0.3125,1.0,3.8345532417297363,1.1418424844741821
815,80,gaussian,3,42,0.1875,0.4375,0.25,1.0,0.9020624160766602,0.31577619910240173
816,80,gaussian,3,42,0.515625,0.265625,0.6875,1.0,1.1543117761611938,0.33995765447616577
817,80,gaussian,3,42,0.40625,0.4375,0.5416666666666666,1.0,7.91196346282959,2.86804461479187
818,80,gaussian,3,42,0.1875,0.40625,0.25,1.0,1.0312137603759766,0.3162558972835541
819,80,gaussian,3,42,0.25,0.21875,0.3333333333333333,1.0,1.0076637268066406,0.30082783102989197
820,80,gaussian,3,42,0.25,0.4375,0.3333333333333333,1.0,1.4953100681304932,0.5016458034515381
821,80,gaussian,3,42,0.40625,0.4375,0.5416666666666666,1.0,3.79227614402771,1.2446112632751465
822,80,gaussian,3,42,0.203125,0.40625,0.2708333333333333,1.0,1.0278356075286865,0.31091344356536865
823,80,gaussian,3,42,0.21875,0.46875,0.2916666666666667,1.0,2.520514965057373,0.8789339065551758
824,80,gaussian,3,42,0.4375,0.46875,0.5833333333333334,1.0,1.6735126972198486,0.5983603596687317
825,80,gaussian,3,42,0.25,0.328125,0.3333333333333333,1.0,3.093838691711426,0.9794731140136719
826,80,gaussian,3,42,0.390625,0.40625,0.5208333333333334,1.0,4.590722560882568,1.6275336742401123
827,80,gaussian,3,42,0.421875,0.453125,0.5625,1.0,3.909452438354492,1.3035792112350464
828,80,gaussian,3,42,0.296875,0.296875,0.3958333333333333,1.0,8.958072662353516,2.8542611598968506
829,80,gaussian,3,42,0.203125,0.40625,0.2708333333333333,1.0,1.027539610862732,0.3110527992248535
830,80,gaussian,3,42,0.28125,0.46875,0.375,1.0,8.358701705932617,2.799992084503174
831,80,gaussian,3,42,0.21875,0.453125,0.2916666666666667,1.0,1.2528101205825806,0.45029202103614807
832,80,gaussian,3,42,0.21875,0.203125,0.2916666666666667,1.0,1.6545504331588745,0.48427215218544006
833,80,gaussian,3,42,0.3125,0.4375,0.4166666666666667,1.0,0.7085720300674438,0.2234203815460205
834,80,gaussian,3,42,0.1875,0.421875,0.25,1.0,1.1871047019958496,0.374289333820343
835,80,gaussian,3,42,0.1875,0.421875,0.25,1.0,1.80489182472229,0.5936995148658752
836,80,gaussian,3,42,0.25,0.453125,0.3333333333333333,1.0,1.1098473072052002,0.3750878572463989
837,80,gaussian,3,42,0.3125,0.421875,0.4166666666666667,1.0,1.3527804613113403,0.4804997742176056
838,80,gaussian,3,42,0.1875,0.484375,0.25,1.0,1.3785457611083984,0.4790973961353302
839,80,gaussian,3,42,0.359375,0.40625,0.4791666666666667,1.0,1.630983591079712,0.563356876373291
840,80,gaussian,3,42,0.265625,0.4375,0.3541666666666667,1.0,0.8590183258056641,0.2827950119972229
841,80,gaussian,3,42,0.140625,0.109375,0.42857142857142855,1.0,1.164520502090454,0.3502197563648224
842,80,gaussian,3,42,0.453125,0.296875,0.6041666666666666,1.0,1.1393295526504517,0.39203548431396484
843,80,gaussian,3,42,0.265625,0.46875,0.3541666666666667,1.0,0.881186842918396,0.28442516922950745
844,80,gaussian,3,42,0.34375,0.453125,0.4583333333333333,1.0,2.1388673782348633,0.7312882542610168
845,80,gaussian,3,42,0.359375,0.453125,0.4791666666666667,1.0,2.139704942703247,0.730036735534668
846,80,gaussian,3,42,0.203125,0.40625,0.2708333333333333,1.0,1.050445556640625,0.3584640920162201
847,80,gaussian,3,42,0.1875,0.421875,0.25,1.0,1.188298225402832,0.37400496006011963
848,80,gaussian,3,42,0.53125,0.25,0.7083333333333334,1.0,6.833948135375977,2.022958517074585
849,80,gaussian,3,42,0.375,0.421875,0.5,1.0,4.592224597930908,1.6375027894973755
850,80,gaussian,3,42,0.3125,0.34375,0.4166666666666667,1.0,1.3016858100891113,0.4418681561946869
851,80,gaussian,3,42,0.28125,0.328125,0.375,1.0,2.282362937927246,0.6930679678916931
852,80,gaussian,3,42,0.421875,0.484375,0.5625,1.0,2.6986422538757324,0.9059648513793945
853,80,gaussian,3,42,0.234375,0.453125,0.3125,1.0,1.4107699394226074,0.4667057693004608
854,80,gaussian,3,42,0.28125,0.328125,0.375,1.0,6.238300800323486,2.0029397010803223
855,80,gaussian,3,42,0.484375,0.328125,0.6458333333333334,1.0,2.2516589164733887,0.8439534306526184
856,80,gaussian,3,42,0.234375,0.390625,0.3125,1.0,1.606107234954834,0.4864240288734436
857,80,gaussian,3,42,0.40625,0.390625,0.5416666666666666,1.0,0.6427861452102661,0.21940520405769348
858,80,gaussian,3,42,0.25,0.25,0.5517241379310345,1.0,3.7731375694274902,1.0947076082229614
859,80,gaussian,3,42,0.21875,0.421875,0.2916666666666667,1.0,0.9459294080734253,0.28989478945732117
860,80,gaussian,3,42,0.3125,0.34375,0.4166666666666667,1.0,1.3014471530914307,0.44575417041778564
861,80,gaussian,3,42,0.21875,0.4375,0.2916666666666667,1.0,2.6907477378845215,0.8244490027427673
862,80,gaussian,3,42,0.203125,0.421875,0.2708333333333333,1.0,1.5877134799957275,0.5730476975440979
863,80,gaussian,3,42,0.28125,0.4375,0.375,1.0,1.91742742061615,0.6653518676757812
864,80,gaussian,3,42,0.28125,0.34375,0.375,1.0,1.83242666721344,0.6029648184776306
865,80,gaussian,3,42,0.359375,0.296875,0.4791666666666667,1.0,0.9785088300704956,0.35384315252304077
866,80,gaussian,3,42,0.34375,0.34375,0.4583333333333333,1.0,1.2974284887313843,0.4512932300567627
867,80,gaussian,3,42,0.28125,0.296875,0.375,1.0,10.848992347717285,3.4643266201019287
868,80,gaussian,3,42,0.3125,0.328125,0.4166666666666667,1.0,2.8362972736358643,0.9516921639442444
869,80,gaussian,3,42,0.375,0.40625,0.5,1.0,2.665436029434204,0.9786320924758911
870,80,gaussian,3,42,0.203125,0.421875,0.2708333333333333,1.0,1.1322814226150513,0.36807867884635925
871,80,gaussian,3,42,0.203125,0.1875,0.2708333333333333,1.0,0.49794745445251465,0.14241892099380493
872,80,gaussian,3,42,0.359375,0.328125,0.4791666666666667,1.0,1.2088602781295776,0.4610779881477356
873,80,gaussian,3,42,0.234375,0.5,0.3125,1.0,2.033400058746338,0.6892067790031433
874,80,gaussian,3,42,0.21875,0.4375,0.2916666666666667,1.0,1.7259244918823242,0.6242889165878296
875,80,gaussian,3,42,0.25,0.453125,0.3333333333333333,1.0,1.8245849609375,0.6095605492591858
876,80,gaussian,3,42,0.421875,0.421875,0.5625,1.0,3.860183000564575,1.271488070487976
877,80,gaussian,3,42,0.171875,0.4375,0.22916666666666666,1.0,0.7424697875976562,0.250350683927536
878,80,gaussian,3,42,0.375,0.453125,0.5,1.0,0.38911640644073486,0.13689181208610535
879,80,gaussian,3,42,0.21875,0.46875,0.2916666666666667,1.0,2.5203299522399902,0.8782268762588501
880,80,gaussian,3,42,0.234375,0.3125,0.3125,1.0,2.868939161300659,1.0049628019332886
881,80,gaussian,3,42,0.578125,0.4375,0.7708333333333334,1.0,2.8355674743652344,0.8297224044799805
882,80,gaussian,3,42,0.203125,0.484375,0.2708333333333333,1.0,2.4274277687072754,0.79388427734375
883,80,gaussian,3,42,0.1875,0.21875,0.5714285714285714,1.0,1.53829026222229,0.45520132780075073
884,80,gaussian,3,42,0.3125,0.359375,0.4166666666666667,1.0,2.971558094024658,0.9674286842346191
885,80,gaussian,3,42,0.328125,0.390625,0.4375,1.0,2.427107810974121,0.7878796458244324
886,80,gaussian,3,42,0.296875,0.4375,0.3958333333333333,1.0,1.8661243915557861,0.668097734451294
887,80,gaussian,3,42,0.25,0.3125,0.3333333333333333,1.0,2.4859836101531982,0.7608559727668762
888,80,gaussian,3,42,0.234375,0.234375,0.3125,1.0,1.0217463970184326,0.32322922348976135
889,80,gaussian,3,42,0.328125,0.34375,0.4375,1.0,1.3008232116699219,0.4429488182067871
890,80,gaussian,3,42,0.25,0.234375,0.3333333333333333,1.0,1.024763584136963,0.32547491788864136
891,80,gaussian,3,42,0.234375,0.40625,0.3125,1.0,1.604624629020691,0.48417794704437256
892,80,gaussian,3,42,0.4375,0.265625,0.5833333333333334,1.0,0.6746470928192139,0.21567495167255402
893,80,gaussian,3,42,0.1875,0.453125,0.25,1.0,1.3714861869812012,0.4845338761806488
894,80,gaussian,3,42,0.46875,0.265625,0.625,1.0,0.546796441078186,0.1969747245311737
895,80,gaussian,3,42,0.25,0.265625,0.3333333333333333,1.0,3.5371994972229004,1.132034182548523
896,80,gaussian,3,42,0.546875,0.359375,0.7291666666666666,1.0,1.83146071434021,0.6476337909698486
897,80,gaussian,3,42,0.296875,0.3125,0.3958333333333333,1.0,8.951610565185547,2.7976791858673096
898,80,gaussian,3,42,0.21875,0.453125,0.2916666666666667,1.0,1.251023769378662,0.4453096091747284
899,80,gaussian,3,42,0.1875,0.453125,0.25,1.0,0.6277540922164917,0.22141574323177338
900,80,gaussian,3,42,0.21875,0.203125,0.2916666666666667,1.0,2.080565929412842,0.5945461392402649
901,80,gaussian,3,42,0.265625,0.46875,0.3541666666666667,1.0,2.660466194152832,0.8141629099845886
902,80,gaussian,3,42,0.21875,0.40625,0.2916666666666667,1.0,1.0500472784042358,0.3544710874557495
903,80,gaussian,3,42,0.4375,0.46875,0.5833333333333334,1.0,1.6734251976013184,0.5968635082244873
904,80,gaussian,3,42,0.1875,0.421875,0.25,1.0,0.7894208431243896,0.23065784573554993
905,80,gaussian,3,42,0.234375,0.390625,0.3125,1.0,4.1641950607299805,1.4584625959396362
906,80,gaussian,3,42,0.4375,0.40625,0.5833333333333334,1.0,0.43766486644744873,0.14820405840873718
907,80,gaussian,3,42,0.234375,0.4375,0.3125,1.0,1.3903952836990356,0.4437997043132782
908,80,gaussian,3,42,0.203125,0.40625,0.2708333333333333,1.0,1.0281237363815308,0.3110651671886444
909,80,gaussian,3,42,0.296875,0.4375,0.3958333333333333,1.0,3.2099320888519287,1.1009159088134766
910,80,gaussian,3,42,0.234375,0.421875,0.3125,1.0,1.4075171947479248,0.44342559576034546
911,80,gaussian,3,42,0.421875,0.484375,0.5625,1.0,0.6762464046478271,0.225336492061615
912,80,gaussian,3,42,0.25,0.5,0.3333333333333333,1.0,3.66489839553833,1.3084276914596558
913,80,gaussian,3,42,0.28125,0.34375,0.375,1.0,1.7288986444473267,0.56434166431427
914,80,gaussian,3,42,0.1875,0.484375,0.25,1.0,4.862857818603516,1.5319764614105225
915,80,gaussian,3,42,0.25,0.4375,0.3333333333333333,1.0,0.8597381114959717,0.28496241569519043
916,80,gaussian,3,42,0.1875,0.421875,0.25,1.0,1.7023576498031616,0.5596806406974792
917,80,gaussian,3,42,0.171875,0.140625,0.22916666666666666,1.0,0.5818799734115601,0.16302625834941864
918,80,gaussian,3,42,0.375,0.359375,0.5,1.0,1.2710959911346436,0.45254963636398315
919,80,gaussian,3,42,0.203125,0.453125,0.2708333333333333,1.0,2.2259979248046875,0.6998468637466431
920,80,gaussian,3,42,0.15625,0.453125,0.20833333333333334,1.0,0.3477970063686371,0.11489155143499374
921,80,gaussian,3,42,0.1875,0.390625,0.25,1.0,0.7917811274528503,0.24295882880687714
922,80,gaussian,3,42,0.25,0.390625,0.3333333333333333,1.0,1.9948649406433105,0.6327981352806091
923,80,gaussian,3,42,0.265625,0.4375,0.3541666666666667,1.0,1.492079496383667,0.5050247311592102
924,80,gaussian,3,42,0.40625,0.4375,0.5416666666666666,1.0,2.121042013168335,0.694710910320282
925,80,gaussian,3,42,0.40625,0.4375,0.5416666666666666,1.0,2.0863265991210938,0.7142228484153748
926,80,gaussian,3,42,0.203125,0.484375,0.2708333333333333,1.0,1.8523178100585938,0.6369521617889404
927,80,gaussian,3,42,0.59375,0.421875,0.7916666666666666,1.0,2.2612762451171875,0.633696436882019
928,80,gaussian,3,42,0.25,0.484375,0.3333333333333333,1.0,0.808005154132843,0.2657066285610199
929,80,gaussian,3,42,0.359375,0.421875,0.4791666666666667,1.0,1.248030662536621,0.4411969482898712
930,80,gaussian,3,42,0.1875,0.453125,0.25,1.0,0.8026736974716187,0.26907461881637573
931,80,gaussian,3,42,0.5,0.265625,0.6666666666666666,1.0,1.156765103340149,0.34405067563056946
932,80,gaussian,3,42,0.296875,0.328125,0.3958333333333333,1.0,2.794508218765259,0.921142041683197
933,80,gaussian,3,42,0.21875,0.4375,0.2916666666666667,1.0,1.9797053337097168,0.6665124297142029
934,80,gaussian,3,42,0.203125,0.46875,0.2708333333333333,1.0,1.0007511377334595,0.3363855183124542
935,80,gaussian,3,42,0.484375,0.5,0.6458333333333334,1.0,1.3816702365875244,0.46782055497169495
936,80,gaussian,3,42,0.5,0.453125,0.6666666666666666,1.0,3.2663321495056152,1.037929654121399
937,80,gaussian,3,42,0.3125,0.46875,0.4166666666666667,1.0,1.235350251197815,0.41148170828819275
938,80,gaussian,3,42,0.4375,0.484375,0.5833333333333334,1.0,1.1059722900390625,0.3795557916164398
939,80,gaussian,3,42,0.328125,0.15625,0.4375,1.0,1.6289191246032715,0.5194820761680603
940,80,gaussian,3,42,0.390625,0.265625,0.5208333333333334,1.0,3.7911806106567383,1.2912472486495972
941,80,gaussian,3,42,0.171875,0.453125,0.22916666666666666,1.0,0.7406430244445801,0.253379762172699
942,80,gaussian,3,42,0.453125,0.3125,0.6041666666666666,1.0,1.13908052444458,0.390261173248291
943,80,gaussian,3,42,0.484375,0.375,0.6458333333333334,1.0,1.4949665069580078,0.5090650320053101
944,80,gaussian,3,42,0.390625,0.46875,0.5208333333333334,1.0,0.5996013879776001,0.2097800374031067
945,80,gaussian,3,42,0.375,0.375,0.5,1.0,2.412649393081665,0.8365607261657715
946,80,gaussian,3,42,0.234375,0.421875,0.3125,1.0,1.7600603103637695,0.5682520270347595
947,80,gaussian,3,42,0.21875,0.21875,0.42424242424242425,1.0,4.180397033691406,1.267284870147705
948,80,gaussian,3,42,0.375,0.359375,0.5,1.0,5.8252434730529785,2.0672452449798584
949,80,gaussian,3,42,0.296875,0.34375,0.3958333333333333,1.0,1.7195038795471191,0.5465865731239319
950,80,gaussian,3,42,0.28125,0.3125,0.375,1.0,2.631669521331787,0.813073456287384
951,80,gaussian,3,42,0.203125,0.203125,0.2708333333333333,1.0,2.0783395767211914,0.5991313457489014
952,80,gaussian,3,42,0.171875,0.4375,0.22916666666666666,1.0,0.7426044940948486,0.24877479672431946
953,80,gaussian,3,42,0.25,0.4375,0.3333333333333333,1.0,0.8597218990325928,0.28043267130851746
954,80,gaussian,3,42,0.234375,0.4375,0.3125,1.0,1.3614345788955688,0.4402707517147064
955,80,gaussian,3,42,0.1875,0.46875,0.25,1.0,2.1229753494262695,0.7531481981277466
956,80,gaussian,3,42,0.3125,0.484375,0.4166666666666667,1.0,3.2407734394073486,1.0122655630111694
957,80,gaussian,3,42,0.171875,0.421875,0.22916666666666666,1.0,0.6582825183868408,0.19471490383148193
958,80,gaussian,3,42,0.359375,0.3125,0.4791666666666667,1.0,6.134378910064697,2.1298251152038574
959,80,gaussian,3,42,0.25,0.234375,0.3333333333333333,1.0,1.1716251373291016,0.3611984848976135
960,80,gaussian,3,42,0.28125,0.484375,0.375,1.0,8.341236114501953,2.792339563369751
961,80,gaussian,3,42,0.53125,0.46875,0.7083333333333334,1.0,3.718419075012207,1.151249885559082
962,80,gaussian,3,42,0.203125,0.453125,0.2708333333333333,1.0,0.5283331871032715,0.17001400887966156
963,80,gaussian,3,42,0.21875,0.4375,0.2916666666666667,1.0,2.186854839324951,0.7516617774963379
964,80,gaussian,3,42,0.203125,0.375,0.2708333333333333,1.0,4.367179870605469,1.330565333366394
965,80,gaussian,3,42,0.21875,0.40625,0.2916666666666667,1.0,3.1405351161956787,1.0363909006118774
966,80,gaussian,3,42,0.171875,0.4375,0.22916666666666666,1.0,1.055584192276001,0.3361046016216278
967,80,gaussian,3,42,0.484375,0.5,0.6458333333333334,1.0,1.3818597793579102,0.4659871757030487
968,80,gaussian,3,42,0.265625,0.453125,0.3541666666666667,1.0,1.1104092597961426,0.3701231777667999
969,80,gaussian,3,42,0.203125,0.46875,0.2708333333333333,1.0,1.190948486328125,0.3472179174423218
970,80,gaussian,3,42,0.40625,0.4375,0.5416666666666666,1.0,3.73152232170105,1.3238507509231567
971,80,gaussian,3,42,0.1875,0.453125,0.25,1.0,2.515669584274292,0.8090410232543945
972,80,gaussian,3,42,0.28125,0.4375,0.375,1.0,2.708306312561035,0.9149800539016724
973,80,gaussian,3,42,0.234375,0.4375,0.3125,1.0,1.95699143409729,0.66156005859375
974,80,gaussian,3,42,0.25,0.375,0.3333333333333333,1.0,2.083993911743164,0.713179349899292
975,80,gaussian,3,42,0.21875,0.40625,0.2916666666666667,1.0,1.782496452331543,0.5404106378555298
976,80,gaussian,3,42,0.375,0.421875,0.5,1.0,5.122981548309326,1.7591155767440796
977,80,gaussian,3,42,0.21875,0.4375,0.2916666666666667,1.0,2.4240305423736572,0.8166243433952332
978,80,gaussian,3,42,0.203125,0.421875,0.2708333333333333,1.0,1.131158471107483,0.3639524579048157
979,80,gaussian,3,42,0.1953125,0.1875,0.5208333333333334,1.0,0.8079448938369751,0.22318269312381744
980,80,gaussian,3,42,0.421875,0.46875,0.5625,1.0,4.137357711791992,1.3431861400604248
981,80,gaussian,3,42,0.328125,0.4375,0.4375,1.0,0.7930570840835571,0.28095200657844543
982,80,gaussian,3,42,0.1875,0.46875,0.25,1.0,0.7552433013916016,0.23987261950969696
983,80,gaussian,3,42,0.40625,0.46875,0.5416666666666666,1.0,0.5995776057243347,0.2095676213502884
984,80,gaussian,3,42,0.265625,0.46875,0.3541666666666667,1.0,1.110640048980713,0.3653693199157715
985,80,gaussian,3,42,0.359375,0.421875,0.4791666666666667,1.0,8.904268264770508,3.1242525577545166
986,80,gaussian,3,42,0.515625,0.46875,0.6875,1.0,1.970226526260376,0.6936821341514587
987,80,gaussian,3,42,0.28125,0.40625,0.375,1.0,1.2026708126068115,0.4222070872783661
988,80,gaussian,3,42,0.4375,0.484375,0.5833333333333334,1.0,1.1078529357910156,0.38253021240234375
989,80,gaussian,3,42,0.25,0.453125,0.3333333333333333,1.0,1.3539555072784424,0.44902315735816956
990,80,gaussian,3,42,0.359375,0.453125,0.4791666666666667,1.0,2.142042398452759,0.7315595149993896
991,80,gaussian,3,42,0.4375,0.171875,0.5833333333333334,1.0,0.38476622104644775,0.1276022046804428
992,80,gaussian,3,42,0.21875,0.21875,0.4375,1.0,7.18110466003418,2.1581532955169678
993,80,gaussian,3,42,0.4375,0.34375,0.5833333333333334,1.0,1.97446870803833,0.6437968611717224
994,80,gaussian,3,42,0.203125,0.421875,0.2708333333333333,1.0,1.0914709568023682,0.35084277391433716
995,80,gaussian,3,42,0.234375,0.46875,0.3125,1.0,1.3054084777832031,0.43825840950012207
996,80,gaussian,3,42,0.203125,0.203125,0.2708333333333333,1.0,1.6512665748596191,0.4973154067993164
997,80,gaussian,3,42,0.296875,0.4375,0.3958333333333333,1.0,3.210341691970825,1.1023885011672974
998,80,gaussian,3,42,0.234375,0.453125,0.3125,1.0,1.977867603302002,0.6622315049171448
999,80,gaussian,3,42,0.3125,0.484375,0.4166666666666667,1.0,2.017014980316162,0.6930440664291382
0,120,gaussian,3,42,0.140625,0.28125,0.28125,1.0,3.096141815185547,0.9788246154785156
1,120,gaussian,3,42,0.265625,0.3125,0.53125,1.0,1.2061700820922852,0.39991098642349243
2,120,gaussian,3,42,0.140625,0.34375,0.28125,1.0,1.5777885913848877,0.494332492351532
3,120,gaussian,3,42,0.359375,0.125,0.71875,1.0,3.370440721511841,1.0112320184707642
4,120,gaussian,3,42,0.265625,0.265625,0.53125,1.0,2.0850419998168945,0.7577435970306396
5,120,gaussian,3,42,0.296875,0.28125,0.59375,1.0,1.0054621696472168,0.33937451243400574
6,120,gaussian,3,42,0.234375,0.25,0.46875,1.0,1.2841657400131226,0.4361361861228943
7,120,gaussian,3,42,0.25,0.296875,0.5,1.0,2.0453388690948486,0.6800932288169861
8,120,gaussian,3,42,0.296875,0.21875,0.59375,1.0,1.012521505355835,0.3411709666252136
9,120,gaussian,3,42,0.390625,0.078125,0.78125,1.0,3.1771655082702637,0.8790019154548645
10,120,gaussian,3,42,0.15625,0.3125,0.3125,1.0,0.44387662410736084,0.15799151360988617
11,120,gaussian,3,42,0.140625,0.3125,0.28125,1.0,0.807978630065918,0.2570779621601105
12,120,gaussian,3,42,0.203125,0.25,0.40625,1.0,2.4109206199645996,0.7858484983444214
13,120,gaussian,3,42,0.1875,0.3125,0.375,1.0,8.31259536743164,2.789849281311035
14,120,gaussian,3,42,0.328125,0.21875,0.65625,1.0,1.2806659936904907,0.4857315123081207
15,120,gaussian,3,42,0.125,0.296875,0.25,1.0,0.9533745646476746,0.3186919689178467
16,120,gaussian,3,42,0.203125,0.171875,0.40625,1.0,1.0178202390670776,0.368088960647583
17,120,gaussian,3,42,0.15625,0.15625,0.3125,1.0,3.7661349773406982,1.1032991409301758
18,120,gaussian,3,42,0.171875,0.3125,0.34375,1.0,1.1068556308746338,0.3702371120452881
19,120,gaussian,3,42,0.125,0.28125,0.25,1.0,2.829958915710449,0.9339835047721863
20,120,gaussian,3,42,0.34375,0.328125,0.6875,1.0,1.1657994985580444,0.4179263710975647
21,120,gaussian,3,42,0.390625,0.3125,0.78125,1.0,0.9854798316955566,0.28227680921554565
22,120,gaussian,3,42,0.375,0.3125,0.75,1.0,0.9959338307380676,0.28227680921554565
23,120,gaussian,3,42,0.125,0.265625,0.25,1.0,3.1640167236328125,1.0076630115509033
24,120,gaussian,3,42,0.15625,0.296875,0.3125,1.0,1.8211853504180908,0.6211245656013489
25,120,gaussian,3,42,0.1875,0.328125,0.375,1.0,3.64414119720459,1.3019355535507202
26,120,gaussian,3,42,0.296875,0.28125,0.59375,1.0,3.4293437004089355,1.109535813331604
27,120,gaussian,3,42,0.15625,0.28125,0.3125,1.0,1.245643138885498,0.40949976444244385
28,120,gaussian,3,42,0.109375,0.28125,0.21875,1.0,1.1113076210021973,0.35109952092170715
29,120,gaussian,3,42,0.25,0.234375,0.5,1.0,0.8941125869750977,0.3026740550994873
30,120,gaussian,3,42,0.171875,0.25,0.34375,1.0,3.047347068786621,0.9335649013519287
31,120,gaussian,3,42,0.203125,0.3125,0.40625,1.0,0.7165023684501648,0.22202575206756592
32,120,gaussian,3,42,0.28125,0.328125,0.5625,1.0,0.6718344688415527,0.224343404173851
33,120,gaussian,3,42,0.265625,0.3125,0.53125,1.0,1.184983730316162,0.42940446734428406
34,120,gaussian,3,42,0.171875,0.296875,0.34375,1.0,0.7882109880447388,0.26664477586746216
35,120,gaussian,3,42,0.21875,0.296875,0.4375,1.0,1.955199956893921,0.6536042094230652
36,120,gaussian,3,42,0.171875,0.15625,0.34375,1.0,2.4480650424957275,0.8085212707519531
37,120,gaussian,3,42,0.15625,0.203125,0.3125,1.0,2.831850051879883,1.0084228515625
38,120,gaussian,3,42,0.21875,0.3125,0.4375,1.0,4.2706804275512695,1.3899248838424683
39,120,gaussian,3,42,0.140625,0.140625,0.28125,1.0,1.5536065101623535,0.4471234977245331
40,120,gaussian,3,42,0.171875,0.265625,0.34375,1.0,1.7864511013031006,0.5745750665664673
41,120,gaussian,3,42,0.25,0.234375,0.5,1.0,0.9109965562820435,0.30761444568634033
42,120,gaussian,3,42,0.203125,0.3125,0.40625,1.0,1.8226014375686646,0.6042883396148682
43,120,gaussian,3,42,0.171875,0.203125,0.34375,1.0,2.1431777477264404,0.6808890700340271
44,120,gaussian,3,42,0.140625,0.125,0.28125,1.0,1.7150307893753052,0.4992418587207794
45,120,gaussian,3,42,0.3125,0.171875,0.625,1.0,0.626603364944458,0.21539020538330078
46,120,gaussian,3,42,0.140625,0.296875,0.28125,1.0,1.219925880432129,0.4424881041049957
47,120,gaussian,3,42,0.359375,0.28125,0.71875,1.0,4.434813976287842,1.49518883228302
48,120,gaussian,3,42,0.34375,0.3125,0.6875,1.0,3.255126476287842,0.9643943905830383
49,120,gaussian,3,42,0.375,0.234375,0.75,1.0,1.8237526416778564,0.6518515348434448
50,120,gaussian,3,42,0.171875,0.296875,0.34375,1.0,0.7404739856719971,0.2504967451095581
51,120,gaussian,3,42,0.34375,0.328125,0.6875,1.0,1.1660012006759644,0.4179263710975647
52,120,gaussian,3,42,0.265625,0.265625,0.53125,1.0,4.580138206481934,1.6278573274612427
53,120,gaussian,3,42,0.109375,0.09375,0.21875,1.0,0.5827170610427856,0.16235986351966858
54,120,gaussian,3,42,0.265625,0.171875,0.53125,1.0,3.79148006439209,1.2809631824493408
55,120,gaussian,3,42,0.15625,0.21875,0.3125,1.0,5.654253959655762,1.7496222257614136
56,120,gaussian,3,42,0.296875,0.234375,0.59375,1.0,3.387852191925049,1.0768266916275024
57,120,gaussian,3,42,0.171875,0.1875,0.34375,1.0,0.603460431098938,0.18451417982578278
58,120,gaussian,3,42,0.125,0.296875,0.25,1.0,0.8069291114807129,0.2570779621601105
59,120,gaussian,3,42,0.15625,0.140625,0.3125,1.0,1.882856011390686,0.5500473380088806
60,120,gaussian,3,42,0.125,0.28125,0.25,1.0,2.765963554382324,0.9126384258270264
61,120,gaussian,3,42,0.125,0.3125,0.25,1.0,2.419191837310791,0.789128839969635
62,120,gaussian,3,42,0.28125,0.265625,0.5625,1.0,2.8929555416107178,0.9715073108673096
63,120,gaussian,3,42,0.171875,0.3125,0.34375,1.0,1.1069667339324951,0.3702371120452881
64,120,gaussian,3,42,0.234375,0.234375,0.46875,1.0,2.112175703048706,0.6737768650054932
65,120,gaussian,3,42,0.140625,0.140625,0.28125,1.0,2.074364185333252,0.6020156145095825
66,120,gaussian,3,42,0.171875,0.171875,0.34375,1.0,3.7614293098449707,1.1032991409301758
67,120,gaussian,3,42,0.203125,0.203125,0.40625,1.0,0.6735134720802307,0.23122216761112213
68,120,gaussian,3,42,0.265625,0.296875,0.53125,1.0,2.564870834350586,0.8485561013221741
69,120,gaussian,3,42,0.09375,0.046875,0.1875,1.0,0.46847912669181824,0.12352108955383301
70,120,gaussian,3,42,0.28125,0.3125,0.5625,1.0,0.5105246901512146,0.17183126509189606
71,120,gaussian,3,42,0.328125,0.203125,0.65625,1.0,1.2797824144363403,0.4857315123081207
72,120,gaussian,3,42,0.171875,0.140625,0.34375,1.0,1.8719592094421387,0.5500473380088806
73,120,gaussian,3,42,0.265625,0.234375,0.53125,1.0,0.8948962688446045,0.3026740550994873
74,120,gaussian,3,42,0.328125,0.34375,0.65625,1.0,1.4611291885375977,0.4657178521156311
75,120,gaussian,3,42,0.125,0.3125,0.25,1.0,4.848030090332031,1.5281609296798706
76,120,gaussian,3,42,0.21875,0.3125,0.4375,1.0,4.054017066955566,1.3259674310684204
77,120,gaussian,3,42,0.265625,0.25,0.53125,1.0,1.5856003761291504,0.5660118460655212
78,120,gaussian,3,42,0.265625,0.296875,0.53125,1.0,0.602601170539856,0.2075459063053131
79,120,gaussian,3,42,0.390625,0.078125,0.78125,1.0,1.2013270854949951,0.3108579218387604
80,120,gaussian,3,42,0.203125,0.28125,0.40625,1.0,0.864280104637146,0.31613126397132874
81,120,gaussian,3,42,0.28125,0.3125,0.5625,1.0,0.6769319176673889,0.224343404173851
82,120,gaussian,3,42,0.109375,0.296875,0.21875,1.0,0.3481558561325073,0.11650138348340988
83,120,gaussian,3,42,0.296875,0.21875,0.59375,1.0,2.2162365913391113,0.7021687030792236
84,120,gaussian,3,42,0.140625,0.3125,0.28125,1.0,0.7361518144607544,0.25312626361846924
85,120,gaussian,3,42,0.328125,0.25,0.65625,1.0,2.050615072250366,0.7162758111953735
86,120,gaussian,3,42,0.125,0.25,0.25,1.0,4.357585430145264,1.3277976512908936
87,120,gaussian,3,42,0.203125,0.3125,0.40625,1.0,2.0172770023345947,0.6944703459739685
88,120,gaussian,3,42,0.15625,0.265625,0.3125,1.0,2.204517364501953,0.7244951128959656
89,120,gaussian,3,42,0.171875,0.140625,0.34375,1.0,2.37603759765625,0.7681828737258911
90,120,gaussian,3,42,0.140625,0.296875,0.28125,1.0,1.7833571434020996,0.5843824148178101
91,120,gaussian,3,42,0.125,0.296875,0.25,1.0,0.8196024894714355,0.260444313287735
92,120,gaussian,3,42,0.328125,0.171875,0.65625,1.0,1.3543347120285034,0.4147160053253174
93,120,gaussian,3,42,0.1875,0.21875,0.375,1.0,2.4516754150390625,0.8038054704666138
94,120,gaussian,3,42,0.203125,0.203125,0.40625,1.0,2.787935495376587,0.920196533203125
95,120,gaussian,3,42,0.21875,0.1875,0.4375,1.0,0.889045238494873,0.3314261734485626
96,120,gaussian,3,42,0.25,0.1875,0.5,1.0,0.966874361038208,0.3342571258544922
97,120,gaussian,3,42,0.203125,0.21875,0.40625,1.0,2.8315982818603516,0.9565668702125549
98,120,gaussian,3,42,0.34375,0.296875,0.6875,1.0,3.2587931156158447,0.9643943905830383
99,120,gaussian,3,42,0.265625,0.296875,0.53125,1.0,0.5091850161552429,0.18050700426101685
100,120,gaussian,3,42,0.125,0.296875,0.25,1.0,1.3714110851287842,0.49100223183631897
101,120,gaussian,3,42,0.296875,0.21875,0.59375,1.0,2.219196319580078,0.7021687030792236
102,120,gaussian,3,42,0.171875,0.3125,0.34375,1.0,0.7387771606445312,0.2504967451095581
103,120,gaussian,3,42,0.296875,0.28125,0.59375,1.0,1.0075793266296387,0.33937451243400574
104,120,gaussian,3,42,0.25,0.296875,0.5,1.0,0.38915377855300903,0.13670700788497925
105,120,gaussian,3,42,0.125,0.296875,0.25,1.0,0.38107120990753174,0.11595472693443298
106,120,gaussian,3,42,0.234375,0.140625,0.46875,1.0,0.9843136072158813,0.3269091844558716
107,120,gaussian,3,42,0.3125,0.328125,0.625,1.0,3.2471683025360107,1.0362168550491333
108,120,gaussian,3,42,0.359375,0.15625,0.71875,1.0,6.84199333190918,2.034745693206787
109,120,gaussian,3,42,0.125,0.265625,0.25,1.0,1.1274352073669434,0.3642869293689728
110,120,gaussian,3,42,0.34375,0.171875,0.6875,1.0,6.715569019317627,2.034745693206787
111,120,gaussian,3,42,0.140625,0.140625,0.28125,1.0,0.652253270149231,0.18908610939979553
112,120,gaussian,3,42,0.171875,0.28125,0.34375,1.0,6.246953964233398,2.1230101585388184
113,120,gaussian,3,42,0.265625,0.21875,0.53125,1.0,0.5579118728637695,0.18913434445858002
114,120,gaussian,3,42,0.234375,0.1875,0.46875,1.0,2.972653865814209,0.9861014485359192
115,120,gaussian,3,42,0.125,0.296875,0.25,1.0,0.6278451681137085,0.22103218734264374
116,120,gaussian,3,42,0.234375,0.15625,0.46875,1.0,3.213801860809326,1.057142972946167
117,120,gaussian,3,42,,,,0.0,0.21155646443367004,0.0540381595492363
118,120,gaussian,3,42,0.203125,0.28125,0.40625,1.0,0.7076689004898071,0.22449560463428497
119,120,gaussian,3,42,0.1875,0.21875,0.375,1.0,1.8838584423065186,0.6158208250999451
120,120,gaussian,3,42,0.140625,0.28125,0.28125,1.0,1.08504319190979,0.34890034794807434
121,120,gaussian,3,42,0.140625,0.3125,0.28125,1.0,1.2131856679916382,0.4082562029361725
122,120,gaussian,3,42,0.203125,0.328125,0.40625,1.0,1.308883786201477,0.3991532325744629
123,120,gaussian,3,42,0.265625,0.28125,0.53125,1.0,3.738236904144287,1.3206371068954468
124,120,gaussian,3,42,0.21875,0.296875,0.4375,1.0,1.8250633478164673,0.6042883992195129
125,120,gaussian,3,42,0.28125,0.21875,0.5625,1.0,2.4478416442871094,0.8268192410469055
126,120,gaussian,3,42,0.25,0.296875,0.5,1.0,2.975525379180908,0.9889764785766602
127,120,gaussian,3,42,0.296875,0.265625,0.59375,1.0,0.4367378056049347,0.14672359824180603
128,120,gaussian,3,42,0.171875,0.203125,0.34375,1.0,2.489854097366333,0.7661330699920654
129,120,gaussian,3,42,0.40625,0.28125,0.8125,1.0,2.2340197563171387,0.6345010995864868
130,120,gaussian,3,42,0.28125,0.3125,0.5625,1.0,4.1365647315979,1.3380197286605835
131,120,gaussian,3,42,0.140625,0.3125,0.28125,1.0,2.5190811157226562,0.8760129809379578
132,120,gaussian,3,42,0.203125,0.21875,0.40625,1.0,1.7168278694152832,0.547264039516449
133,120,gaussian,3,42,0.15625,0.265625,0.3125,1.0,1.0914877653121948,0.3603912591934204
134,120,gaussian,3,42,0.25,0.25,0.5,1.0,1.590657353401184,0.566011905670166
135,120,gaussian,3,42,0.1875,0.328125,0.375,1.0,0.8167397975921631,0.24803966283798218
136,120,gaussian,3,42,0.125,0.28125,0.25,1.0,1.794123888015747,0.5928657650947571
137,120,gaussian,3,42,0.28125,0.28125,0.5625,1.0,1.0731748342514038,0.3597373366355896
138,120,gaussian,3,42,0.171875,0.28125,0.34375,1.0,1.4934749603271484,0.5059489011764526
139,120,gaussian,3,42,0.140625,0.265625,0.28125,1.0,1.0850565433502197,0.3603912591934204
140,120,gaussian,3,42,0.171875,0.234375,0.34375,1.0,1.8789794445037842,0.6158208250999451
141,120,gaussian,3,42,0.140625,0.328125,0.28125,1.0,0.8924843668937683,0.2761553227901459
142,120,gaussian,3,42,0.21875,0.234375,0.4375,1.0,1.383502721786499,0.46123194694519043
143,120,gaussian,3,42,0.265625,0.28125,0.53125,1.0,3.7381391525268555,1.3206372261047363
144,120,gaussian,3,42,0.171875,0.1875,0.34375,1.0,4.685046195983887,1.526188611984253
145,120,gaussian,3,42,0.171875,0.171875,0.34375,1.0,1.592484951019287,0.49849021434783936
146,120,gaussian,3,42,0.171875,0.328125,0.34375,1.0,3.2008960247039795,1.0449466705322266
147,120,gaussian,3,42,0.109375,0.296875,0.21875,1.0,0.7424210906028748,0.25127193331718445
148,120,gaussian,3,42,0.296875,0.296875,0.59375,1.0,1.8916281461715698,0.5981844067573547
149,120,gaussian,3,42,0.140625,0.28125,0.28125,1.0,0.643577516078949,0.23901504278182983
150,120,gaussian,3,42,0.171875,0.171875,0.34375,1.0,2.3431777954101562,0.7301413416862488
151,120,gaussian,3,42,0.203125,0.3125,0.40625,1.0,2.490762710571289,0.8657653331756592
152,120,gaussian,3,42,0.28125,0.21875,0.5625,1.0,1.9641883373260498,0.6458542346954346
153,120,gaussian,3,42,0.140625,0.265625,0.28125,1.0,1.7897512912750244,0.5928657650947571
154,120,gaussian,3,42,0.171875,0.171875,0.34375,1.0,1.1592109203338623,0.346228688955307
155,120,gaussian,3,42,0.140625,0.265625,0.28125,1.0,2.2411208152770996,0.7339079976081848
156,120,gaussian,3,42,0.171875,0.15625,0.34375,1.0,1.592390775680542,0.49849021434783936
157,120,gaussian,3,42,0.375,0.078125,0.75,1.0,3.215176820755005,0.8790019154548645
158,120,gaussian,3,42,0.25,0.21875,0.5,1.0,1.4894514083862305,0.530278742313385
159,120,gaussian,3,42,0.25,0.25,0.5,1.0,4.80784273147583,1.6736509799957275
160,120,gaussian,3,42,0.328125,0.34375,0.65625,1.0,3.2123379707336426,0.9610816836357117
161,120,gaussian,3,42,0.125,0.296875,0.25,1.0,1.3342489004135132,0.4569246470928192
162,120,gaussian,3,42,0.171875,0.140625,0.34375,1.0,1.8709913492202759,0.5500473380088806
163,120,gaussian,3,42,0.125,0.296875,0.25,1.0,1.3712365627288818,0.49100223183631897
164,120,gaussian,3,42,0.140625,0.265625,0.28125,1.0,3.2769765853881836,1.043272614479065
165,120,gaussian,3,42,0.140625,0.3125,0.28125,1.0,0.7056386470794678,0.21904021501541138
166,120,gaussian,3,42,0.296875,0.3125,0.59375,1.0,1.7452301979064941,0.5684443712234497
167,120,gaussian,3,42,0.34375,0.125,0.6875,1.0,1.8518304824829102,0.6374068260192871
168,120,gaussian,3,42,0.125,0.296875,0.25,1.0,0.7372860312461853,0.25127196311950684
169,120,gaussian,3,42,0.3125,0.3125,0.625,1.0,3.0279247760772705,1.0100618600845337
170,120,gaussian,3,42,0.15625,0.3125,0.3125,1.0,2.8186545372009277,0.8633221387863159
171,120,gaussian,3,42,0.21875,0.3125,0.4375,1.0,1.823556900024414,0.6042883396148682
172,120,gaussian,3,42,0.109375,0.28125,0.21875,1.0,0.9579464197158813,0.3008495271205902
173,120,gaussian,3,42,0.234375,0.140625,0.46875,1.0,0.9865764379501343,0.3269091844558716
174,120,gaussian,3,42,0.3125,0.203125,0.625,1.0,0.7662459015846252,0.23653459548950195
175,120,gaussian,3,42,0.3125,0.203125,0.625,1.0,1.1345126628875732,0.38947778940200806
176,120,gaussian,3,42,0.234375,0.09375,0.46875,1.0,1.1700040102005005,0.38014301657676697
177,120,gaussian,3,42,0.1875,0.171875,0.375,1.0,1.6248974800109863,0.5339771509170532
178,120,gaussian,3,42,0.203125,0.203125,0.40625,1.0,8.945560455322266,2.8167831897735596
179,120,gaussian,3,42,0.25,0.296875,0.5,1.0,2.132289171218872,0.7281804084777832
180,120,gaussian,3,42,0.296875,0.28125,0.59375,1.0,1.9588837623596191,0.7009580731391907
181,120,gaussian,3,42,0.109375,0.265625,0.21875,1.0,1.0535521507263184,0.3352883756160736
182,120,gaussian,3,42,0.203125,0.21875,0.40625,1.0,0.8769329786300659,0.28011971712112427
183,120,gaussian,3,42,0.171875,0.296875,0.34375,1.0,0.6571731567382812,0.22384026646614075
184,120,gaussian,3,42,0.375,0.078125,0.75,1.0,3.1900534629821777,0.8790019154548645
185,120,gaussian,3,42,0.1875,0.265625,0.375,1.0,1.7894110679626465,0.5745750665664673
186,120,gaussian,3,42,0.140625,0.265625,0.28125,1.0,2.2045235633850098,0.7244951128959656
187,120,gaussian,3,42,0.265625,0.296875,0.53125,1.0,0.6027963161468506,0.2075459063053131
188,120,gaussian,3,42,0.125,0.28125,0.25,1.0,2.810173988342285,0.9339835047721863
189,120,gaussian,3,42,0.171875,0.1875,0.34375,1.0,1.5891196727752686,0.5014387965202332
190,120,gaussian,3,42,0.171875,0.203125,0.34375,1.0,4.6845550537109375,1.526188611984253
191,120,gaussian,3,42,0.140625,0.28125,0.28125,1.0,1.930126428604126,0.6334043145179749
192,120,gaussian,3,42,0.140625,0.296875,0.28125,1.0,0.9633781909942627,0.2980898916721344
193,120,gaussian,3,42,0.15625,0.328125,0.3125,1.0,2.036303997039795,0.6884003281593323
194,120,gaussian,3,42,0.140625,0.296875,0.28125,1.0,3.4287874698638916,1.0369596481323242
195,120,gaussian,3,42,0.140625,0.296875,0.28125,1.0,2.7783312797546387,0.92879718542099
196,120,gaussian,3,42,0.265625,0.28125,0.53125,1.0,6.540907382965088,2.1592392921447754
197,120,gaussian,3,42,0.203125,0.21875,0.40625,1.0,2.8330237865448,0.9565668702125549
198,120,gaussian,3,42,0.15625,0.265625,0.3125,1.0,1.9820888042449951,0.6609451174736023
199,120,gaussian,3,42,0.203125,0.109375,0.40625,1.0,1.61712646484375,0.5147967338562012
200,120,gaussian,3,42,0.296875,0.171875,0.59375,1.0,0.6745473146438599,0.2169201672077179
201,120,gaussian,3,42,0.15625,0.28125,0.3125,1.0,1.1105860471725464,0.34761306643486023
202,120,gaussian,3,42,0.359375,0.296875,0.71875,1.0,2.9034643173217773,1.0541362762451172
203,120,gaussian,3,42,0.296875,0.296875,0.59375,1.0,1.0365502834320068,0.3513859808444977
204,120,gaussian,3,42,0.140625,0.296875,0.28125,1.0,1.2195100784301758,0.4424881041049957
205,120,gaussian,3,42,0.25,0.265625,0.5,1.0,2.0861899852752686,0.7577436566352844
206,120,gaussian,3,42,0.109375,0.3125,0.21875,1.0,0.4221643805503845,0.1463245302438736
207,120,gaussian,3,42,0.171875,0.171875,0.34375,1.0,3.7424912452697754,1.2103304862976074
208,120,gaussian,3,42,0.1875,0.296875,0.375,1.0,0.6858608722686768,0.2458472102880478
209,120,gaussian,3,42,0.3125,0.34375,0.625,1.0,3.2362589836120605,1.0362168550491333
210,120,gaussian,3,42,0.296875,0.28125,0.59375,1.0,1.9543232917785645,0.7009580731391907
211,120,gaussian,3,42,0.265625,0.296875,0.53125,1.0,2.1363863945007324,0.7290163636207581
212,120,gaussian,3,42,0.203125,0.234375,0.40625,1.0,6.644881725311279,2.1284685134887695
213,120,gaussian,3,42,,,,0.0,0.16262924671173096,0.05007735639810562
214,120,gaussian,3,42,,,,0.0,0.1655047982931137,0.05007735267281532
215,120,gaussian,3,42,0.390625,0.265625,0.78125,1.0,2.6327548027038574,0.8402297496795654
216,120,gaussian,3,42,0.140625,0.140625,0.28125,1.0,1.5520718097686768,0.4471234977245331
217,120,gaussian,3,42,0.234375,0.296875,0.46875,1.0,1.7047783136367798,0.580588698387146
218,120,gaussian,3,42,0.15625,0.296875,0.3125,1.0,0.9639413952827454,0.2980898916721344
219,120,gaussian,3,42,0.328125,0.171875,0.65625,1.0,7.186120986938477,2.1728131771087646
220,120,gaussian,3,42,0.125,0.09375,0.25,1.0,0.5815515518188477,0.16235987842082977
221,120,gaussian,3,42,0.21875,0.265625,0.4375,1.0,2.410949945449829,0.7858484983444214
222,120,gaussian,3,42,0.203125,0.203125,0.40625,1.0,4.174788951873779,1.4554390907287598
223,120,gaussian,3,42,0.265625,0.28125,0.53125,1.0,2.1211345195770264,0.7001899480819702
224,120,gaussian,3,42,0.25,0.234375,0.5,1.0,2.5653445720672607,0.8807703256607056
225,120,gaussian,3,42,0.28125,0.3125,0.5625,1.0,1.6721382141113281,0.5940494537353516
226,120,gaussian,3,42,0.140625,0.28125,0.28125,1.0,3.0941479206085205,0.9788245558738708
227,120,gaussian,3,42,0.1875,0.28125,0.375,1.0,1.8618857860565186,0.6679362654685974
228,120,gaussian,3,42,0.1875,0.28125,0.375,1.0,1.7908389568328857,0.5745750665664673
229,120,gaussian,3,42,0.15625,0.28125,0.3125,1.0,1.9522101879119873,0.6577370762825012
230,120,gaussian,3,42,0.390625,0.078125,0.78125,1.0,3.159853458404541,0.8790019750595093
231,120,gaussian,3,42,0.15625,0.296875,0.3125,1.0,2.087559700012207,0.7025063633918762
232,120,gaussian,3,42,0.21875,0.203125,0.4375,1.0,1.6474459171295166,0.5843642950057983
233,120,gaussian,3,42,0.3125,0.34375,0.625,1.0,3.245767831802368,1.0362168550491333
234,120,gaussian,3,42,0.15625,0.28125,0.3125,1.0,1.755165934562683,0.5635548233985901
235,120,gaussian,3,42,0.140625,0.265625,0.28125,1.0,2.171914577484131,0.734968364238739
236,120,gaussian,3,42,0.40625,0.3125,0.8125,1.0,0.552736759185791,0.16873827576637268
237,120,gaussian,3,42,0.3125,0.328125,0.625,1.0,0.6757445335388184,0.21171636879444122
238,120,gaussian,3,42,0.359375,0.125,0.71875,1.0,0.8041790127754211,0.22524607181549072
239,120,gaussian,3,42,0.171875,0.28125,0.34375,1.0,5.37318754196167,1.751750111579895
240,120,gaussian,3,42,0.15625,0.296875,0.3125,1.0,2.179837703704834,0.6637626886367798
241,120,gaussian,3,42,0.21875,0.3125,0.4375,1.0,2.010000228881836,0.6944703459739685
242,120,gaussian,3,42,0.140625,0.265625,0.28125,1.0,3.6387290954589844,1.1736830472946167
243,120,gaussian,3,42,0.15625,0.28125,0.3125,1.0,1.3977912664413452,0.43756991624832153
244,120,gaussian,3,42,0.203125,0.296875,0.40625,1.0,1.9129328727722168,0.6093341708183289
245,120,gaussian,3,42,0.125,0.25,0.25,1.0,3.223508358001709,0.9800679683685303
246,120,gaussian,3,42,0.140625,0.296875,0.28125,1.0,2.095518112182617,0.6899480223655701
247,120,gaussian,3,42,0.171875,0.3125,0.34375,1.0,3.2125344276428223,1.0449466705322266
248,120,gaussian,3,42,0.171875,0.296875,0.34375,1.0,3.5511937141418457,1.264445424079895
249,120,gaussian,3,42,0.265625,0.28125,0.53125,1.0,2.1206274032592773,0.700190007686615
250,120,gaussian,3,42,0.171875,0.28125,0.34375,1.0,4.09484338760376,1.324594497680664
251,120,gaussian,3,42,0.25,0.140625,0.5,1.0,1.0561197996139526,0.3948369026184082
252,120,gaussian,3,42,0.125,0.296875,0.25,1.0,1.3379237651824951,0.4569246470928192
253,120,gaussian,3,42,0.15625,0.15625,0.3125,1.0,1.069499135017395,0.3414474129676819
254,120,gaussian,3,42,0.15625,0.265625,0.3125,1.0,1.2073767185211182,0.39859429001808167
255,120,gaussian,3,42,0.203125,0.25,0.40625,1.0,5.15779972076416,1.729920506477356
256,120,gaussian,3,42,0.140625,0.296875,0.28125,1.0,1.2504974603652954,0.4500899910926819
257,120,gaussian,3,42,0.234375,0.265625,0.46875,1.0,1.2465356588363647,0.44280362129211426
258,120,gaussian,3,42,0.109375,0.109375,0.21875,1.0,4.469142913818359,1.2944576740264893
259,120,gaussian,3,42,0.140625,0.328125,0.28125,1.0,2.0974035263061523,0.7230730056762695
260,120,gaussian,3,42,0.28125,0.28125,0.5625,1.0,1.0726624727249146,0.3597373366355896
261,120,gaussian,3,42,0.234375,0.296875,0.46875,1.0,1.7129651308059692,0.580588698387146
262,120,gaussian,3,42,0.171875,0.203125,0.34375,1.0,2.6150920391082764,0.8201781511306763
263,120,gaussian,3,42,0.171875,0.296875,0.34375,1.0,1.8198285102844238,0.6038284301757812
264,120,gaussian,3,42,0.234375,0.109375,0.46875,1.0,1.1622880697250366,0.38014301657676697
265,120,gaussian,3,42,0.15625,0.265625,0.3125,1.0,0.6753708720207214,0.21896402537822723
266,120,gaussian,3,42,0.25,0.296875,0.5,1.0,2.8257699012756348,0.9499767422676086
267,120,gaussian,3,42,0.203125,0.140625,0.40625,1.0,1.0727064609527588,0.35230109095573425
268,120,gaussian,3,42,0.328125,0.140625,0.65625,1.0,2.564624547958374,0.7750096321105957
269,120,gaussian,3,42,0.140625,0.3125,0.28125,1.0,2.5201773643493652,0.8760129809379578
270,120,gaussian,3,42,0.40625,0.28125,0.8125,1.0,2.236985206604004,0.6345011591911316
271,120,gaussian,3,42,0.125,0.28125,0.25,1.0,0.9457969665527344,0.3186919689178467
272,120,gaussian,3,42,0.21875,0.203125,0.4375,1.0,10.663990020751953,3.6407101154327393
273,120,gaussian,3,42,0.125,0.28125,0.25,1.0,2.812338352203369,0.9339835047721863
274,120,gaussian,3,42,0.1875,0.296875,0.375,1.0,0.7170900702476501,0.22202575206756592
275,120,gaussian,3,42,0.265625,0.28125,0.53125,1.0,5.767426490783691,1.9256315231323242
276,120,gaussian,3,42,0.203125,0.28125,0.40625,1.0,0.5915910005569458,0.20281963050365448
277,120,gaussian,3,42,0.109375,0.296875,0.21875,1.0,2.50508975982666,0.819257378578186
278,120,gaussian,3,42,0.296875,0.265625,0.59375,1.0,2.3101766109466553,0.7446303367614746
279,120,gaussian,3,42,0.328125,0.171875,0.65625,1.0,1.1544818878173828,0.3430840075016022
280,120,gaussian,3,42,0.296875,0.203125,0.59375,1.0,1.134979248046875,0.38947778940200806
281,120,gaussian,3,42,0.109375,0.28125,0.21875,1.0,1.5237829685211182,0.4818313419818878
282,120,gaussian,3,42,0.203125,0.3125,0.40625,1.0,2.489414691925049,0.8657653331756592
283,120,gaussian,3,42,0.3125,0.21875,0.625,1.0,1.0134831666946411,0.3411709666252136
284,120,gaussian,3,42,0.15625,0.296875,0.3125,1.0,1.2782695293426514,0.4271469712257385
285,120,gaussian,3,42,0.140625,0.25,0.28125,1.0,3.190969467163086,0.9800679683685303
286,120,gaussian,3,42,0.203125,0.203125,0.40625,1.0,0.6737468242645264,0.23122216761112213
287,120,gaussian,3,42,0.265625,0.296875,0.53125,1.0,0.5998287796974182,0.2082398533821106
288,120,gaussian,3,42,0.125,0.296875,0.25,1.0,0.7424076795578003,0.25127193331718445
289,120,gaussian,3,42,0.15625,0.296875,0.3125,1.0,2.529914140701294,0.8767145276069641
290,120,gaussian,3,42,0.140625,0.25,0.28125,1.0,0.9680327773094177,0.32212942838668823
291,120,gaussian,3,42,0.390625,0.28125,0.78125,1.0,2.2495017051696777,0.6345011591911316
292,120,gaussian,3,42,0.203125,0.296875,0.40625,1.0,0.6828336715698242,0.2458472102880478
293,120,gaussian,3,42,0.171875,0.203125,0.34375,1.0,2.134622097015381,0.6808890700340271
294,120,gaussian,3,42,0.265625,0.171875,0.53125,1.0,3.7842488288879395,1.2809631824493408
295,120,gaussian,3,42,0.125,0.3125,0.25,1.0,0.7551809549331665,0.237728089094162
296,120,gaussian,3,42,0.21875,0.09375,0.4375,1.0,1.6298012733459473,0.5147967338562012
297,120,gaussian,3,42,0.3125,0.3125,0.625,1.0,6.602700233459473,2.265450954437256
298,120,gaussian,3,42,0.1875,0.15625,0.375,1.0,0.797313928604126,0.2443089336156845
299,120,gaussian,3,42,0.25,0.234375,0.5,1.0,0.9117165803909302,0.30761444568634033
300,120,gaussian,3,42,0.25,0.234375,0.5,1.0,5.69601583480835,2.0140180587768555
301,120,gaussian,3,42,0.359375,0.25,0.71875,1.0,0.29110223054885864,0.10301131755113602
302,120,gaussian,3,42,0.15625,0.265625,0.3125,1.0,1.9823501110076904,0.6609451174736023
303,120,gaussian,3,42,0.140625,0.296875,0.28125,1.0,3.102412700653076,0.9788245558738708
304,120,gaussian,3,42,0.140625,0.265625,0.28125,1.0,4.542448997497559,1.6807516813278198
305,120,gaussian,3,42,0.140625,0.25,0.28125,1.0,0.6742809414863586,0.21896402537822723
306,120,gaussian,3,42,0.109375,0.3125,0.21875,1.0,0.34517282247543335,0.11650138348340988
307,120,gaussian,3,42,0.21875,0.25,0.4375,1.0,2.417252540588379,0.7858484983444214
308,120,gaussian,3,42,0.234375,0.296875,0.46875,1.0,2.275265693664551,0.7725185751914978
309,120,gaussian,3,42,0.15625,0.28125,0.3125,1.0,2.1402502059936523,0.6644845008850098
310,120,gaussian,3,42,0.359375,0.171875,0.71875,1.0,6.74882173538208,2.034745931625366
311,120,gaussian,3,42,0.15625,0.28125,0.3125,1.0,2.183044195175171,0.7609708309173584
312,120,gaussian,3,42,0.125,0.296875,0.25,1.0,0.715093731880188,0.2318403124809265
313,120,gaussian,3,42,0.3125,0.140625,0.625,1.0,7.561857223510742,2.5055789947509766
314,120,gaussian,3,42,0.1875,0.21875,0.375,1.0,1.729917049407959,0.5617275834083557
315,120,gaussian,3,42,0.109375,0.09375,0.21875,1.0,4.400591850280762,1.2944576740264893
316,120,gaussian,3,42,0.1875,0.21875,0.375,1.0,1.8223669528961182,0.6055760979652405
317,120,gaussian,3,42,0.15625,0.296875,0.3125,1.0,1.9785075187683105,0.6610429883003235
318,120,gaussian,3,42,0.25,0.234375,0.5,1.0,1.2676362991333008,0.44965365529060364
319,120,gaussian,3,42,0.265625,0.3125,0.53125,1.0,2.131315231323242,0.7290163636207581
320,120,gaussian,3,42,0.203125,0.3125,0.40625,1.0,3.2325210571289062,1.0095770359039307
321,120,gaussian,3,42,0.234375,0.1875,0.46875,1.0,0.9794299602508545,0.3559204936027527
322,120,gaussian,3,42,0.328125,0.140625,0.65625,1.0,4.2213263511657715,1.2786591053009033
323,120,gaussian,3,42,0.25,0.265625,0.5,1.0,1.2467143535614014,0.44280362129211426
324,120,gaussian,3,42,0.34375,0.296875,0.6875,1.0,1.9739480018615723,0.7020685076713562
325,120,gaussian,3,42,0.109375,0.28125,0.21875,1.0,1.1535295248031616,0.3601595461368561
326,120,gaussian,3,42,0.265625,0.234375,0.53125,1.0,0.8938164710998535,0.3026740550994873
327,120,gaussian,3,42,0.203125,0.09375,0.40625,1.0,1.623610019683838,0.5147967338562012
328,120,gaussian,3,42,0.203125,0.21875,0.40625,1.0,4.175046920776367,1.4554390907287598
329,120,gaussian,3,42,0.203125,0.28125,0.40625,1.0,0.5602943897247314,0.1986137181520462
330,120,gaussian,3,42,0.140625,0.28125,0.28125,1.0,1.1426066160202026,0.3700445890426636
331,120,gaussian,3,42,0.21875,0.21875,0.4375,1.0,2.831054925918579,0.9565668702125549
332,120,gaussian,3,42,0.21875,0.296875,0.4375,1.0,1.0313018560409546,0.3279573321342468
333,120,gaussian,3,42,0.125,0.28125,0.25,1.0,1.1549413204193115,0.3601595461368561
334,120,gaussian,3,42,0.25,0.140625,0.5,1.0,1.050038456916809,0.39483699202537537
335,120,gaussian,3,42,0.296875,0.328125,0.59375,1.0,0.6105853915214539,0.21594157814979553
336,120,gaussian,3,42,0.25,0.296875,0.5,1.0,2.133605718612671,0.7281805276870728
337,120,gaussian,3,42,0.140625,0.140625,0.28125,1.0,0.9256126880645752,0.2793593406677246
338,120,gaussian,3,42,0.375,0.3125,0.75,1.0,3.6962883472442627,1.2734575271606445
339,120,gaussian,3,42,0.125,0.28125,0.25,1.0,0.9018815755844116,0.3139442801475525
340,120,gaussian,3,42,0.265625,0.296875,0.53125,1.0,2.120486259460449,0.7001899480819702
341,120,gaussian,3,42,0.140625,0.25,0.28125,1.0,0.9681938886642456,0.32212942838668823
342,120,gaussian,3,42,0.21875,0.296875,0.4375,1.0,0.706660270690918,0.22449560463428497
343,120,gaussian,3,42,0.234375,0.265625,0.46875,1.0,0.6475147604942322,0.21692171692848206
344,120,gaussian,3,42,0.140625,0.28125,0.28125,1.0,1.7451260089874268,0.5635548233985901
345,120,gaussian,3,42,0.25,0.25,0.5,1.0,3.518749475479126,1.2617511749267578
346,120,gaussian,3,42,0.125,0.296875,0.25,1.0,0.8196284174919128,0.260444313287735
347,120,gaussian,3,42,0.328125,0.3125,0.65625,1.0,3.244206428527832,0.9643943905830383
348,120,gaussian,3,42,0.125,0.28125,0.25,1.0,0.6207590103149414,0.22103218734264374
349,120,gaussian,3,42,0.203125,0.328125,0.40625,1.0,1.3515543937683105,0.47885242104530334
350,120,gaussian,3,42,0.296875,0.328125,0.59375,1.0,0.6110633015632629,0.21594159305095673
351,120,gaussian,3,42,0.171875,0.21875,0.34375,1.0,2.142153263092041,0.6808890700340271
352,120,gaussian,3,42,0.265625,0.171875,0.53125,1.0,3.7779693603515625,1.2809631824493408
353,120,gaussian,3,42,0.234375,0.3125,0.46875,1.0,4.054836273193359,1.3259674310684204
354,120,gaussian,3,42,0.21875,0.3125,0.4375,1.0,2.266003131866455,0.7725185751914978
355,120,gaussian,3,42,0.15625,0.21875,0.3125,1.0,5.667799949645996,1.7496222257614136
356,120,gaussian,3,42,0.125,0.296875,0.25,1.0,0.7609518766403198,0.265464186668396
357,120,gaussian,3,42,0.15625,0.328125,0.3125,1.0,2.0363075733184814,0.6884002685546875
358,120,gaussian,3,42,0.296875,0.265625,0.59375,1.0,0.43748345971107483,0.14672361314296722
359,120,gaussian,3,42,0.34375,0.265625,0.6875,1.0,7.674388885498047,2.3148436546325684
360,120,gaussian,3,42,0.25,0.28125,0.5,1.0,8.902210235595703,3.1001734733581543
361,120,gaussian,3,42,0.34375,0.296875,0.6875,1.0,3.255675792694092,0.9643943905830383
362,120,gaussian,3,42,0.21875,0.234375,0.4375,1.0,1.3861017227172852,0.46123194694519043
363,120,gaussian,3,42,0.140625,0.3125,0.28125,1.0,1.9702942371368408,0.576625645160675
364,120,gaussian,3,42,0.265625,0.296875,0.53125,1.0,1.0588266849517822,0.3836066424846649
365,120,gaussian,3,42,0.1875,0.265625,0.375,1.0,1.948470950126648,0.6195946931838989
366,120,gaussian,3,42,0.296875,0.3125,0.59375,1.0,1.0340957641601562,0.3513859808444977
367,120,gaussian,3,42,0.171875,0.328125,0.34375,1.0,3.2090134620666504,1.0449466705322266
368,120,gaussian,3,42,0.203125,0.203125,0.40625,1.0,2.786477565765381,0.920196533203125
369,120,gaussian,3,42,0.1875,0.328125,0.375,1.0,3.206183910369873,1.0449467897415161
370,120,gaussian,3,42,0.375,0.3125,0.75,1.0,3.6962733268737793,1.2734575271606445
371,120,gaussian,3,42,0.125,0.28125,0.25,1.0,1.149735689163208,0.3601595461368561
372,120,gaussian,3,42,0.28125,0.296875,0.5625,1.0,1.2062513828277588,0.39991095662117004
373,120,gaussian,3,42,0.15625,0.265625,0.3125,1.0,1.0914578437805176,0.3603912591934204
374,120,gaussian,3,42,0.28125,0.28125,0.5625,1.0,1.9526937007904053,0.7009580135345459
375,120,gaussian,3,42,0.3125,0.171875,0.625,1.0,0.6269060373306274,0.21539020538330078
376,120,gaussian,3,42,0.140625,0.296875,0.28125,1.0,0.6445115208625793,0.23901504278182983
377,120,gaussian,3,42,0.3125,0.34375,0.625,1.0,3.248563289642334,1.0362168550491333
378,120,gaussian,3,42,0.171875,0.28125,0.34375,1.0,0.7891548275947571,0.26664477586746216
379,120,gaussian,3,42,0.234375,0.265625,0.46875,1.0,1.2465715408325195,0.44280362129211426
380,120,gaussian,3,42,0.1875,0.171875,0.375,1.0,4.676072597503662,1.5593430995941162
381,120,gaussian,3,42,0.15625,0.125,0.3125,1.0,1.5481364727020264,0.4471234977245331
382,120,gaussian,3,42,0.15625,0.296875,0.3125,1.0,0.5918478965759277,0.20137372612953186
383,120,gaussian,3,42,0.125,0.296875,0.25,1.0,0.8087904453277588,0.2570779621601105
384,120,gaussian,3,42,0.234375,0.265625,0.46875,1.0,0.3820224404335022,0.12795434892177582
385,120,gaussian,3,42,0.140625,0.328125,0.28125,1.0,0.8924157023429871,0.2761553227901459
386,120,gaussian,3,42,0.140625,0.3125,0.28125,1.0,1.215455174446106,0.4082562029361725
387,120,gaussian,3,42,0.140625,0.125,0.28125,1.0,0.4938683807849884,0.14200685918331146
388,120,gaussian,3,42,0.140625,0.265625,0.28125,1.0,3.2750368118286133,1.0432727336883545
389,120,gaussian,3,42,0.28125,0.265625,0.5625,1.0,1.316666841506958,0.4321223497390747
390,120,gaussian,3,42,0.140625,0.296875,0.28125,1.0,1.220003604888916,0.4424881339073181
391,120,gaussian,3,42,0.3125,0.1875,0.625,1.0,7.175811290740967,2.1728131771087646
392,120,gaussian,3,42,0.140625,0.3125,0.28125,1.0,1.8467237949371338,0.6457422375679016
393,120,gaussian,3,42,0.1875,0.203125,0.375,1.0,0.5087987184524536,0.16093620657920837
394,120,gaussian,3,42,0.3125,0.296875,0.625,1.0,2.052232027053833,0.6990538239479065
395,120,gaussian,3,42,0.15625,0.296875,0.3125,1.0,3.429605484008789,1.0369596481323242
396,120,gaussian,3,42,0.125,0.09375,0.25,1.0,0.5814014673233032,0.16235986351966858
397,120,gaussian,3,42,0.1875,0.28125,0.375,1.0,1.7902987003326416,0.5745750665664673
398,120,gaussian,3,42,0.171875,0.296875,0.34375,1.0,3.181771755218506,1.0426242351531982
399,120,gaussian,3,42,0.28125,0.234375,0.5625,1.0,3.3927550315856934,1.076826572418213
400,120,gaussian,3,42,0.140625,0.28125,0.28125,1.0,1.1088604927062988,0.34761306643486023
401,120,gaussian,3,42,0.34375,0.171875,0.6875,1.0,0.40889033675193787,0.12238209694623947
402,120,gaussian,3,42,0.21875,0.296875,0.4375,1.0,1.8343645334243774,0.6042883396148682
403,120,gaussian,3,42,0.34375,0.3125,0.6875,1.0,2.6336007118225098,0.9035865664482117
404,120,gaussian,3,42,0.15625,0.296875,0.3125,1.0,1.7187849283218384,0.6209012866020203
405,120,gaussian,3,42,0.203125,0.28125,0.40625,1.0,0.8654780387878418,0.31613126397132874
406,120,gaussian,3,42,0.15625,0.3125,0.3125,1.0,2.0999903678894043,0.6758586168289185
407,120,gaussian,3,42,0.1875,0.296875,0.375,1.0,1.9267616271972656,0.6093341708183289
408,120,gaussian,3,42,0.21875,0.3125,0.4375,1.0,4.054474830627441,1.3259674310684204
409,120,gaussian,3,42,0.203125,0.203125,0.40625,1.0,4.164278030395508,1.4554390907287598
410,120,gaussian,3,42,0.25,0.234375,0.5,1.0,5.824352264404297,2.0613677501678467
411,120,gaussian,3,42,0.109375,0.34375,0.21875,1.0,1.5171021223068237,0.4530969560146332
412,120,gaussian,3,42,0.140625,0.28125,0.28125,1.0,2.6844544410705566,0.8147038817405701
413,120,gaussian,3,42,0.125,0.265625,0.25,1.0,3.1582088470458984,1.0076630115509033
414,120,gaussian,3,42,0.15625,0.296875,0.3125,1.0,2.1017394065856934,0.6758586168289185
415,120,gaussian,3,42,0.109375,0.28125,0.21875,1.0,0.6570566892623901,0.19470098614692688
416,120,gaussian,3,42,0.28125,0.3125,0.5625,1.0,1.6726183891296387,0.5940494537353516
417,120,gaussian,3,42,0.3125,0.15625,0.625,1.0,0.5471892356872559,0.19737295806407928
418,120,gaussian,3,42,0.1875,0.28125,0.375,1.0,1.790998935699463,0.5745750665664673
419,120,gaussian,3,42,0.09375,0.046875,0.1875,1.0,0.46162593364715576,0.12352108955383301
420,120,gaussian,3,42,0.265625,0.296875,0.53125,1.0,0.6028338670730591,0.2075459063053131
421,120,gaussian,3,42,0.25,0.125,0.5,1.0,0.602593183517456,0.20267701148986816
422,120,gaussian,3,42,0.15625,0.15625,0.3125,1.0,1.7797988653182983,0.5326981544494629
423,120,gaussian,3,42,0.15625,0.25,0.3125,1.0,1.2330591678619385,0.38220345973968506
424,120,gaussian,3,42,0.15625,0.3125,0.3125,1.0,2.416046619415283,0.7364474534988403
425,120,gaussian,3,42,0.1875,0.328125,0.375,1.0,3.6907262802124023,1.2348800897598267
426,120,gaussian,3,42,0.1875,0.1875,0.375,1.0,10.844697952270508,3.418128252029419
427,120,gaussian,3,42,0.21875,0.3125,0.4375,1.0,2.359804391860962,0.7492405772209167
428,120,gaussian,3,42,0.234375,0.296875,0.46875,1.0,2.222292900085449,0.7924454212188721
429,120,gaussian,3,42,0.296875,0.34375,0.59375,1.0,0.6724648475646973,0.21171635389328003
430,120,gaussian,3,42,0.140625,0.3125,0.28125,1.0,0.7362104654312134,0.25312626361846924
431,120,gaussian,3,42,0.15625,0.296875,0.3125,1.0,2.8445539474487305,0.9650029540061951
432,120,gaussian,3,42,0.203125,0.21875,0.40625,1.0,2.795693874359131,0.920196533203125
433,120,gaussian,3,42,0.21875,0.234375,0.4375,1.0,1.2938783168792725,0.44948652386665344
434,120,gaussian,3,42,0.140625,0.140625,0.28125,1.0,1.5537315607070923,0.4471234679222107
435,120,gaussian,3,42,0.25,0.234375,0.5,1.0,1.0607407093048096,0.36388352513313293
436,120,gaussian,3,42,0.296875,0.109375,0.59375,1.0,0.3848332464694977,0.12830401957035065
437,120,gaussian,3,42,0.25,0.25,0.5,1.0,1.2650724649429321,0.44337013363838196
438,120,gaussian,3,42,0.34375,0.125,0.6875,1.0,1.8521909713745117,0.6374068260192871
439,120,gaussian,3,42,0.140625,0.28125,0.28125,1.0,1.147632360458374,0.3700445890426636
440,120,gaussian,3,42,0.1875,0.1875,0.375,1.0,4.6868157386779785,1.526188611984253
441,120,gaussian,3,42,0.109375,0.109375,0.21875,1.0,4.467601299285889,1.2944576740264893
442,120,gaussian,3,42,0.140625,0.28125,0.28125,1.0,2.2836368083953857,0.7486350536346436
443,120,gaussian,3,42,0.140625,0.3125,0.28125,1.0,0.3835703730583191,0.126343235373497
444,120,gaussian,3,42,0.171875,0.28125,0.34375,1.0,2.704211950302124,0.9245169758796692
445,120,gaussian,3,42,0.125,0.28125,0.25,1.0,2.7790780067443848,0.9126384854316711
446,120,gaussian,3,42,0.265625,0.3125,0.53125,1.0,2.13142466545105,0.7290163636207581
447,120,gaussian,3,42,0.328125,0.203125,0.65625,1.0,1.2773220539093018,0.4857315123081207
448,120,gaussian,3,42,0.203125,0.203125,0.40625,1.0,0.8928003311157227,0.3314261734485626
449,120,gaussian,3,42,0.171875,0.3125,0.34375,1.0,0.7379872798919678,0.2504967451095581
450,120,gaussian,3,42,0.1875,0.1875,0.375,1.0,3.7263917922973633,1.2103303670883179
451,120,gaussian,3,42,0.15625,0.28125,0.3125,1.0,0.8544467091560364,0.2819162607192993
452,120,gaussian,3,42,0.140625,0.25,0.28125,1.0,0.6731619834899902,0.21896404027938843
453,120,gaussian,3,42,0.140625,0.265625,0.28125,1.0,1.7835257053375244,0.5391489267349243
454,120,gaussian,3,42,0.265625,0.28125,0.53125,1.0,3.7984464168548584,1.2499419450759888
455,120,gaussian,3,42,0.375,0.109375,0.75,1.0,0.8065037727355957,0.22524607181549072
456,120,gaussian,3,42,0.1875,0.1875,0.375,1.0,3.7262356281280518,1.2103303670883179
457,120,gaussian,3,42,0.3125,0.34375,0.625,1.0,0.3611569404602051,0.11305201053619385
458,120,gaussian,3,42,0.3125,0.28125,0.625,1.0,2.044894218444824,0.6990537643432617
459,120,gaussian,3,42,0.21875,0.28125,0.4375,1.0,0.7927706241607666,0.27921316027641296
460,120,gaussian,3,42,0.171875,0.28125,0.34375,1.0,1.981482744216919,0.6431217789649963
461,120,gaussian,3,42,,,,0.0,0.19411377608776093,0.05770985037088394
462,120,gaussian,3,42,0.3125,0.296875,0.625,1.0,2.050567388534546,0.6990538239479065
463,120,gaussian,3,42,0.1875,0.1875,0.375,1.0,1.5924901962280273,0.5014387965202332
464,120,gaussian,3,42,0.21875,0.3125,0.4375,1.0,4.057244300842285,1.3259674310684204
465,120,gaussian,3,42,0.21875,0.234375,0.4375,1.0,1.6968271732330322,0.5545710325241089
466,120,gaussian,3,42,0.140625,0.125,0.28125,1.0,1.6528733968734741,0.4903970956802368
467,120,gaussian,3,42,0.265625,0.296875,0.53125,1.0,1.1816647052764893,0.42940443754196167
468,120,gaussian,3,42,0.21875,0.203125,0.4375,1.0,4.14398193359375,1.4554390907287598
469,120,gaussian,3,42,,,,0.0,0.19526264071464539,0.05770984664559364
470,120,gaussian,3,42,0.25,0.234375,0.5,1.0,0.9087138175964355,0.3076144754886627
471,120,gaussian,3,42,0.21875,0.3125,0.4375,1.0,3.2207281589508057,1.0095770359039307
472,120,gaussian,3,42,0.1875,0.1875,0.375,1.0,0.8914408683776855,0.27115345001220703
473,120,gaussian,3,42,0.25,0.265625,0.5,1.0,2.6652705669403076,0.9804604053497314
474,120,gaussian,3,42,0.234375,0.09375,0.46875,1.0,1.170148491859436,0.38014301657676697
475,120,gaussian,3,42,0.265625,0.28125,0.53125,1.0,2.1180505752563477,0.700190007686615
476,120,gaussian,3,42,0.15625,0.296875,0.3125,1.0,2.845120429992676,0.9650029540061951
477,120,gaussian,3,42,0.171875,0.328125,0.34375,1.0,3.205038547515869,1.0449467897415161
478,120,gaussian,3,42,0.328125,0.21875,0.65625,1.0,2.250655174255371,0.8380820155143738
479,120,gaussian,3,42,0.109375,0.3125,0.21875,1.0,0.4224843978881836,0.1463245302438736
480,120,gaussian,3,42,0.140625,0.28125,0.28125,1.0,0.7830543518066406,0.23073655366897583
481,120,gaussian,3,42,0.203125,0.21875,0.40625,1.0,2.833118438720703,0.9565668702125549
482,120,gaussian,3,42,0.203125,0.171875,0.40625,1.0,4.673232078552246,1.5593430995941162
483,120,gaussian,3,42,0.390625,0.28125,0.78125,1.0,2.2518675327301025,0.6345010995864868
484,120,gaussian,3,42,0.25,0.21875,0.5,1.0,0.8925731182098389,0.3026740550994873
485,120,gaussian,3,42,0.265625,0.265625,0.53125,1.0,4.587734699249268,1.6278574466705322
486,120,gaussian,3,42,0.109375,0.28125,0.21875,1.0,1.3288973569869995,0.4569246172904968
487,120,gaussian,3,42,0.140625,0.28125,0.28125,1.0,1.1739931106567383,0.33871376514434814
488,120,gaussian,3,42,0.125,0.296875,0.25,1.0,1.1181766986846924,0.35109952092170715
489,120,gaussian,3,42,0.140625,0.296875,0.28125,1.0,1.4713001251220703,0.4775875508785248
490,120,gaussian,3,42,0.265625,0.234375,0.53125,1.0,0.8948525190353394,0.3026740550994873
491,120,gaussian,3,42,0.15625,0.25,0.3125,1.0,3.0293025970458984,1.1153661012649536
492,120,gaussian,3,42,0.125,0.28125,0.25,1.0,0.6450881361961365,0.19736622273921967
493,120,gaussian,3,42,0.265625,0.28125,0.53125,1.0,3.733499050140381,1.3206371068954468
494,120,gaussian,3,42,0.078125,0.046875,0.15625,1.0,0.46491169929504395,0.12352108210325241
495,120,gaussian,3,42,0.25,0.265625,0.5,1.0,2.664999008178711,0.9804604053497314
496,120,gaussian,3,42,0.125,0.3125,0.25,1.0,0.7554750442504883,0.237728089094162
497,120,gaussian,3,42,0.140625,0.296875,0.28125,1.0,1.7898707389831543,0.5843824148178101
498,120,gaussian,3,42,0.171875,0.265625,0.34375,1.0,6.981477737426758,2.3933794498443604
499,120,gaussian,3,42,0.140625,0.296875,0.28125,1.0,2.6875205039978027,0.8147039413452148
500,120,gaussian,3,42,0.296875,0.28125,0.59375,1.0,1.958784818649292,0.7009580731391907
501,120,gaussian,3,42,0.203125,0.3125,0.40625,1.0,3.2350831031799316,1.0095770359039307
502,120,gaussian,3,42,0.25,0.3125,0.5,1.0,0.7637931108474731,0.25428950786590576
503,120,gaussian,3,42,0.25,0.25,0.5,1.0,2.4125630855560303,0.840613842010498
504,120,gaussian,3,42,0.125,0.296875,0.25,1.0,2.5146846771240234,0.8192574381828308
505,120,gaussian,3,42,,,,0.0,0.16405333578586578,0.05007735267281532
506,120,gaussian,3,42,0.25,0.296875,0.5,1.0,1.7155554294586182,0.583961009979248
507,120,gaussian,3,42,0.296875,0.3125,0.59375,1.0,1.6660106182098389,0.5940494537353516
508,120,gaussian,3,42,0.140625,0.328125,0.28125,1.0,4.804017066955566,1.5281610488891602
509,120,gaussian,3,42,0.140625,0.125,0.28125,1.0,0.6113691329956055,0.17032462358474731
510,120,gaussian,3,42,0.1875,0.21875,0.375,1.0,2.449714183807373,0.8038054704666138
511,120,gaussian,3,42,0.109375,0.09375,0.21875,1.0,1.3474102020263672,0.3568437695503235
512,120,gaussian,3,42,0.21875,0.234375,0.4375,1.0,1.3860695362091064,0.46123194694519043
513,120,gaussian,3,42,0.234375,0.296875,0.46875,1.0,0.7630206346511841,0.25428953766822815
514,120,gaussian,3,42,0.171875,0.15625,0.34375,1.0,1.7715489864349365,0.5326981544494629
515,120,gaussian,3,42,0.140625,0.140625,0.28125,1.0,0.9271254539489746,0.279359370470047
516,120,gaussian,3,42,0.1875,0.171875,0.375,1.0,2.3778586387634277,0.7612284421920776
517,120,gaussian,3,42,0.125,0.296875,0.25,1.0,1.110515832901001,0.35109955072402954
518,120,gaussian,3,42,0.359375,0.265625,0.71875,1.0,0.2915530800819397,0.10301131755113602
519,120,gaussian,3,42,0.109375,0.28125,0.21875,1.0,0.9550784826278687,0.3008495271205902
520,120,gaussian,3,42,0.140625,0.15625,0.28125,1.0,1.0153286457061768,0.2903383672237396
521,120,gaussian,3,42,0.359375,0.3125,0.71875,1.0,3.678737163543701,1.2734575271606445
522,120,gaussian,3,42,0.203125,0.28125,0.40625,1.0,0.592517077922821,0.20281963050365448
523,120,gaussian,3,42,0.265625,0.234375,0.53125,1.0,2.5655384063720703,0.8807703852653503
524,120,gaussian,3,42,0.28125,0.3125,0.5625,1.0,1.2064294815063477,0.39991098642349243
525,120,gaussian,3,42,0.203125,0.3125,0.40625,1.0,2.4907641410827637,0.8657653331756592
526,120,gaussian,3,42,0.328125,0.28125,0.65625,1.0,4.6452531814575195,1.461611032485962
527,120,gaussian,3,42,0.15625,0.28125,0.3125,1.0,1.3904348611831665,0.44894513487815857
528,120,gaussian,3,42,0.171875,0.28125,0.34375,1.0,1.9440233707427979,0.6195946931838989
529,120,gaussian,3,42,0.15625,0.28125,0.3125,1.0,2.093726634979248,0.6899480223655701
530,120,gaussian,3,42,0.140625,0.25,0.28125,1.0,4.564065456390381,1.6807516813278198
531,120,gaussian,3,42,0.3125,0.171875,0.625,1.0,1.3465662002563477,0.414715975522995
532,120,gaussian,3,42,0.125,0.296875,0.25,1.0,0.7075848579406738,0.21904022991657257
533,120,gaussian,3,42,0.125,0.125,0.25,1.0,1.5280954837799072,0.45158135890960693
534,120,gaussian,3,42,0.140625,0.3125,0.28125,1.0,0.7503173351287842,0.237728089094162
535,120,gaussian,3,42,0.3125,0.328125,0.625,1.0,3.0320279598236084,1.0100618600845337
536,120,gaussian,3,42,0.140625,0.296875,0.28125,1.0,0.8117570877075195,0.260444313287735
537,120,gaussian,3,42,0.296875,0.203125,0.59375,1.0,4.164294242858887,1.269051194190979
538,120,gaussian,3,42,0.25,0.234375,0.5,1.0,5.824716567993164,2.0613677501678467
539,120,gaussian,3,42,0.25,0.265625,0.5,1.0,5.114504814147949,1.7545219659805298
540,120,gaussian,3,42,0.28125,0.296875,0.5625,1.0,6.537510871887207,2.1592392921447754
541,120,gaussian,3,42,0.234375,0.265625,0.46875,1.0,1.6286976337432861,0.5613531470298767
542,120,gaussian,3,42,0.1875,0.3125,0.375,1.0,1.5871336460113525,0.5600876808166504
543,120,gaussian,3,42,0.203125,0.265625,0.40625,1.0,2.9190826416015625,1.0034650564193726
544,120,gaussian,3,42,0.3125,0.171875,0.625,1.0,1.3470927476882935,0.414715975522995
545,120,gaussian,3,42,0.140625,0.34375,0.28125,1.0,1.580972671508789,0.494332492351532
546,120,gaussian,3,42,0.15625,0.296875,0.3125,1.0,1.2472031116485596,0.4500899910926819
547,120,gaussian,3,42,0.171875,0.15625,0.34375,1.0,2.458209276199341,0.8085212707519531
548,120,gaussian,3,42,0.140625,0.28125,0.28125,1.0,1.7794042825698853,0.5391489267349243
549,120,gaussian,3,42,0.125,0.265625,0.25,1.0,1.0313591957092285,0.3143889904022217
550,120,gaussian,3,42,0.34375,0.25,0.6875,1.0,2.0494847297668457,0.7162758111953735
551,120,gaussian,3,42,0.40625,0.28125,0.8125,1.0,2.23225998878479,0.6345011591911316
552,120,gaussian,3,42,0.125,0.3125,0.25,1.0,1.3748836517333984,0.4763934910297394
553,120,gaussian,3,42,0.203125,0.21875,0.40625,1.0,1.3001641035079956,0.4442049562931061
554,120,gaussian,3,42,0.15625,0.28125,0.3125,1.0,1.953580379486084,0.6577370762825012
555,120,gaussian,3,42,0.15625,0.15625,0.3125,1.0,1.7737327814102173,0.5326980948448181
556,120,gaussian,3,42,0.25,0.265625,0.5,1.0,2.086169719696045,0.7577435970306396
557,120,gaussian,3,42,0.171875,0.21875,0.34375,1.0,2.196042060852051,0.6851749420166016
558,120,gaussian,3,42,0.1875,0.203125,0.375,1.0,2.6218886375427246,0.8201781511306763
559,120,gaussian,3,42,0.15625,0.28125,0.3125,1.0,1.7577975988388062,0.5635548233985901
560,120,gaussian,3,42,0.15625,0.28125,0.3125,1.0,2.0939173698425293,0.6899480223655701
561,120,gaussian,3,42,0.125,0.3125,0.25,1.0,1.107017993927002,0.3834627568721771
562,120,gaussian,3,42,0.296875,0.21875,0.59375,1.0,2.228205680847168,0.7021687030792236
563,120,gaussian,3,42,0.140625,0.28125,0.28125,1.0,1.9162285327911377,0.6334043145179749
564,120,gaussian,3,42,0.25,0.25,0.5,1.0,1.5916520357131958,0.566011905670166
565,120,gaussian,3,42,0.15625,0.15625,0.3125,1.0,2.9361424446105957,0.846342921257019
566,120,gaussian,3,42,0.171875,0.296875,0.34375,1.0,2.6570374965667725,0.8243602514266968
567,120,gaussian,3,42,0.375,0.078125,0.75,1.0,3.2106008529663086,0.8790019750595093
568,120,gaussian,3,42,0.125,0.296875,0.25,1.0,2.226250171661377,0.6993544101715088
569,120,gaussian,3,42,0.15625,0.265625,0.3125,1.0,2.4953556060791016,0.8123971223831177
570,120,gaussian,3,42,0.125,0.3125,0.25,1.0,0.7554428577423096,0.23772810399532318
571,120,gaussian,3,42,0.203125,0.28125,0.40625,1.0,1.8621985912322998,0.6679362058639526
572,120,gaussian,3,42,0.328125,0.171875,0.65625,1.0,1.4433441162109375,0.43509641289711
573,120,gaussian,3,42,0.1875,0.203125,0.375,1.0,2.282362937927246,0.6987062692642212
574,120,gaussian,3,42,0.265625,0.296875,0.53125,1.0,2.1272480487823486,0.7290163040161133
575,120,gaussian,3,42,0.171875,0.171875,0.34375,1.0,2.3539702892303467,0.7301413416862488
576,120,gaussian,3,42,0.3125,0.328125,0.625,1.0,0.6757479906082153,0.21171636879444122
577,120,gaussian,3,42,0.125,0.28125,0.25,1.0,3.666785478591919,1.1736830472946167
578,120,gaussian,3,42,0.125,0.28125,0.25,1.0,0.5026092529296875,0.1797412782907486
579,120,gaussian,3,42,0.15625,0.265625,0.3125,1.0,1.6043368577957153,0.48045358061790466
580,120,gaussian,3,42,0.140625,0.296875,0.28125,1.0,1.7195807695388794,0.6209012269973755
581,120,gaussian,3,42,0.125,0.28125,0.25,1.0,2.820652961730957,0.9339835047721863
582,120,gaussian,3,42,0.28125,0.28125,0.5625,1.0,6.528593063354492,2.1592390537261963
583,120,gaussian,3,42,0.375,0.3125,0.75,1.0,0.9964371919631958,0.28227680921554565
584,120,gaussian,3,42,0.15625,0.328125,0.3125,1.0,5.677202224731445,1.7561064958572388
585,120,gaussian,3,42,0.25,0.234375,0.5,1.0,0.5172259211540222,0.1808185577392578
586,120,gaussian,3,42,0.296875,0.265625,0.59375,1.0,2.3055477142333984,0.7446303367614746
587,120,gaussian,3,42,0.40625,0.28125,0.8125,1.0,2.229790687561035,0.6345010995864868
588,120,gaussian,3,42,0.234375,0.265625,0.46875,1.0,1.6336591243743896,0.5613531470298767
589,120,gaussian,3,42,0.203125,0.296875,0.40625,1.0,7.986479759216309,2.8529226779937744
590,120,gaussian,3,42,0.125,0.3125,0.25,1.0,0.7054815292358398,0.21515336632728577
591,120,gaussian,3,42,0.140625,0.296875,0.28125,1.0,2.220734119415283,0.6993544101715088
592,120,gaussian,3,42,0.359375,0.296875,0.71875,1.0,4.42914342880249,1.49518883228302
593,120,gaussian,3,42,0.15625,0.265625,0.3125,1.0,0.6752372980117798,0.21896402537822723
594,120,gaussian,3,42,0.15625,0.265625,0.3125,1.0,2.2037243843078613,0.7244951128959656
595,120,gaussian,3,42,0.140625,0.296875,0.28125,1.0,0.8983076810836792,0.29703548550605774
596,120,gaussian,3,42,0.15625,0.15625,0.3125,1.0,1.0706857442855835,0.3414474129676819
597,120,gaussian,3,42,0.1875,0.234375,0.375,1.0,6.235707759857178,2.0151493549346924
598,120,gaussian,3,42,0.140625,0.28125,0.28125,1.0,0.5046845078468323,0.1797412782907486
599,120,gaussian,3,42,0.390625,0.265625,0.78125,1.0,2.673661231994629,0.8402297496795654
600,120,gaussian,3,42,0.15625,0.265625,0.3125,1.0,4.1640143394470215,1.4528067111968994
601,120,gaussian,3,42,,,,0.0,0.19545233249664307,0.05770985037088394
602,120,gaussian,3,42,0.265625,0.25,0.53125,1.0,0.6425354480743408,0.2201022207736969
603,120,gaussian,3,42,0.125,0.3125,0.25,1.0,2.418642520904541,0.789128839969635
604,120,gaussian,3,42,0.25,0.109375,0.5,1.0,0.6011651754379272,0.20267701148986816
605,120,gaussian,3,42,0.234375,0.296875,0.46875,1.0,2.216282367706299,0.7924454212188721
606,120,gaussian,3,42,0.359375,0.296875,0.71875,1.0,4.41779899597168,1.49518883228302
607,120,gaussian,3,42,0.25,0.25,0.5,1.0,3.523514747619629,1.2617511749267578
608,120,gaussian,3,42,0.125,0.296875,0.25,1.0,1.1188939809799194,0.35109952092170715
609,120,gaussian,3,42,0.171875,0.25,0.34375,1.0,1.2295989990234375,0.38220348954200745
610,120,gaussian,3,42,0.234375,0.265625,0.46875,1.0,1.6256741285324097,0.5613530874252319
611,120,gaussian,3,42,0.15625,0.265625,0.3125,1.0,2.502478837966919,0.8123971223831177
612,120,gaussian,3,42,0.265625,0.28125,0.53125,1.0,2.089554786682129,0.7215080261230469
613,120,gaussian,3,42,0.21875,0.296875,0.4375,1.0,0.4578743577003479,0.14759927988052368
614,120,gaussian,3,42,0.15625,0.15625,0.3125,1.0,1.7795768976211548,0.5326981544494629
615,120,gaussian,3,42,0.359375,0.125,0.71875,1.0,0.5474203824996948,0.15466707944869995
616,120,gaussian,3,42,0.140625,0.328125,0.28125,1.0,2.098515033721924,0.7230729460716248
617,120,gaussian,3,42,0.3125,0.140625,0.625,1.0,7.589724063873291,2.5055789947509766
618,120,gaussian,3,42,0.140625,0.296875,0.28125,1.0,3.4323577880859375,1.0369596481323242
619,120,gaussian,3,42,0.28125,0.296875,0.5625,1.0,2.3177366256713867,0.8080589175224304
620,120,gaussian,3,42,0.28125,0.296875,0.5625,1.0,1.8875924348831177,0.5981844067573547
621,120,gaussian,3,42,0.140625,0.3125,0.28125,1.0,0.807963490486145,0.2570779621601105
622,120,gaussian,3,42,0.171875,0.15625,0.34375,1.0,1.772845983505249,0.5326980948448181
623,120,gaussian,3,42,0.140625,0.3125,0.28125,1.0,0.7056471109390259,0.21904022991657257
624,120,gaussian,3,42,0.390625,0.3125,0.78125,1.0,3.480811595916748,1.0611554384231567
625,120,gaussian,3,42,0.3125,0.3125,0.625,1.0,2.7576518058776855,0.992725670337677
626,120,gaussian,3,42,0.328125,0.3125,0.65625,1.0,3.023066520690918,1.0100618600845337
627,120,gaussian,3,42,0.171875,0.296875,0.34375,1.0,2.8234353065490723,0.8828156590461731
628,120,gaussian,3,42,0.140625,0.3125,0.28125,1.0,1.848482608795166,0.6457422375679016
629,120,gaussian,3,42,0.375,0.296875,0.75,1.0,2.8837900161743164,1.0541362762451172
630,120,gaussian,3,42,0.109375,0.28125,0.21875,1.0,0.7425227165222168,0.25127193331718445
631,120,gaussian,3,42,0.140625,0.296875,0.28125,1.0,1.277848720550537,0.4271469712257385
632,120,gaussian,3,42,0.125,0.296875,0.25,1.0,1.3713655471801758,0.4910022020339966
633,120,gaussian,3,42,0.140625,0.3125,0.28125,1.0,2.412400960922241,0.789128839969635
634,120,gaussian,3,42,0.28125,0.296875,0.5625,1.0,5.025325775146484,1.6592539548873901
635,120,gaussian,3,42,0.203125,0.203125,0.40625,1.0,4.167184829711914,1.4554390907287598
636,120,gaussian,3,42,0.25,0.25,0.5,1.0,4.806966781616211,1.6736509799957275
637,120,gaussian,3,42,0.234375,0.25,0.46875,1.0,7.622455596923828,2.7399749755859375
638,120,gaussian,3,42,0.265625,0.28125,0.53125,1.0,2.0488109588623047,0.6800931692123413
639,120,gaussian,3,42,0.109375,0.078125,0.21875,1.0,1.330701470375061,0.35684382915496826
640,120,gaussian,3,42,0.109375,0.265625,0.21875,1.0,1.0509066581726074,0.3352883756160736
641,120,gaussian,3,42,0.15625,0.3125,0.3125,1.0,0.44663792848587036,0.15799152851104736
642,120,gaussian,3,42,0.125,0.296875,0.25,1.0,0.6271346807479858,0.22103218734264374
643,120,gaussian,3,42,0.109375,0.296875,0.21875,1.0,0.9795803427696228,0.3003982901573181
644,120,gaussian,3,42,0.125,0.28125,0.25,1.0,3.6731863021850586,1.1736830472946167
645,120,gaussian,3,42,0.1875,0.296875,0.375,1.0,2.823814868927002,0.8828156590461731
646,120,gaussian,3,42,0.171875,0.265625,0.34375,1.0,1.5924830436706543,0.48045358061790466
647,120,gaussian,3,42,0.328125,0.109375,0.65625,1.0,6.564565658569336,1.9876296520233154
648,120,gaussian,3,42,0.109375,0.296875,0.21875,1.0,0.7423502206802368,0.25127193331718445
649,120,gaussian,3,42,0.265625,0.296875,0.53125,1.0,2.5652875900268555,0.8485561013221741
650,120,gaussian,3,42,0.328125,0.15625,0.65625,1.0,2.329430103302002,0.748830258846283
651,120,gaussian,3,42,0.140625,0.296875,0.28125,1.0,3.1014225482940674,0.9788246154785156
652,120,gaussian,3,42,0.21875,0.3125,0.4375,1.0,4.262136459350586,1.3899248838424683
653,120,gaussian,3,42,0.140625,0.28125,0.28125,1.0,2.284214973449707,0.7741732597351074
654,120,gaussian,3,42,0.25,0.234375,0.5,1.0,1.2683191299438477,0.44965362548828125
655,120,gaussian,3,42,0.25,0.234375,0.5,1.0,1.0616698265075684,0.36388352513313293
656,120,gaussian,3,42,0.28125,0.21875,0.5625,1.0,3.092028856277466,1.0348923206329346
657,120,gaussian,3,42,0.296875,0.34375,0.59375,1.0,0.6732391119003296,0.21171636879444122
658,120,gaussian,3,42,0.34375,0.171875,0.6875,1.0,1.153938889503479,0.3430840075016022
659,120,gaussian,3,42,0.234375,0.28125,0.46875,1.0,0.9536936283111572,0.31894534826278687
660,120,gaussian,3,42,0.15625,0.296875,0.3125,1.0,1.9779682159423828,0.6610429883003235
661,120,gaussian,3,42,0.21875,0.1875,0.4375,1.0,1.6735389232635498,0.5265775918960571
662,120,gaussian,3,42,0.28125,0.265625,0.5625,1.0,2.8930892944335938,0.9715073108673096
663,120,gaussian,3,42,0.15625,0.3125,0.3125,1.0,0.44571200013160706,0.15799151360988617
664,120,gaussian,3,42,,,,0.0,0.1921418011188507,0.05770984664559364
665,120,gaussian,3,42,0.171875,0.1875,0.34375,1.0,3.537079334259033,1.1178392171859741
666,120,gaussian,3,42,0.125,0.28125,0.25,1.0,1.041245460510254,0.3352883756160736
667,120,gaussian,3,42,0.15625,0.3125,0.3125,1.0,1.1080260276794434,0.37269607186317444
668,120,gaussian,3,42,0.328125,0.21875,0.65625,1.0,2.2522449493408203,0.8380820155143738
669,120,gaussian,3,42,0.21875,0.234375,0.4375,1.0,1.3825615644454956,0.4612319767475128
670,120,gaussian,3,42,0.328125,0.1875,0.65625,1.0,3.358473539352417,1.038974404335022
671,120,gaussian,3,42,0.296875,0.21875,0.59375,1.0,1.9652743339538574,0.6458542346954346
672,120,gaussian,3,42,0.109375,0.09375,0.21875,1.0,1.3465609550476074,0.3568437695503235
673,120,gaussian,3,42,0.3125,0.25,0.625,1.0,1.4922972917556763,0.5063761472702026
674,120,gaussian,3,42,0.140625,0.28125,0.28125,1.0,2.670722246170044,0.8147038817405701
675,120,gaussian,3,42,0.25,0.234375,0.5,1.0,1.7786117792129517,0.6378217339515686
676,120,gaussian,3,42,0.203125,0.234375,0.40625,1.0,1.381727933883667,0.46123194694519043
677,120,gaussian,3,42,0.140625,0.28125,0.28125,1.0,3.084833860397339,0.9788246154785156
678,120,gaussian,3,42,0.1875,0.203125,0.375,1.0,0.5644658803939819,0.18917781114578247
679,120,gaussian,3,42,0.21875,0.21875,0.4375,1.0,1.9132022857666016,0.6715543270111084
680,120,gaussian,3,42,0.328125,0.15625,0.65625,1.0,2.5709404945373535,0.7750096321105957
681,120,gaussian,3,42,0.125,0.34375,0.25,1.0,1.1701055765151978,0.34171029925346375
682,120,gaussian,3,42,0.40625,0.265625,0.8125,1.0,2.626552104949951,0.8402298092842102
683,120,gaussian,3,42,0.140625,0.296875,0.28125,1.0,0.9953192472457886,0.3311174809932709
684,120,gaussian,3,42,0.15625,0.265625,0.3125,1.0,4.079785346984863,1.324594497680664
685,120,gaussian,3,42,0.234375,0.234375,0.46875,1.0,10.96635913848877,3.626216411590576
686,120,gaussian,3,42,0.125,0.296875,0.25,1.0,1.337536334991455,0.4569246172904968
687,120,gaussian,3,42,0.25,0.234375,0.5,1.0,1.0572260618209839,0.3638835549354553
688,120,gaussian,3,42,0.296875,0.109375,0.59375,1.0,0.38461893796920776,0.12830401957035065
689,120,gaussian,3,42,0.234375,0.296875,0.46875,1.0,5.919164657592773,1.9294755458831787
690,120,gaussian,3,42,0.15625,0.296875,0.3125,1.0,1.663750410079956,0.5896573662757874
691,120,gaussian,3,42,0.203125,0.21875,0.40625,1.0,0.8764938116073608,0.2801196873188019
692,120,gaussian,3,42,0.265625,0.21875,0.53125,1.0,0.557945191860199,0.18913434445858002
693,120,gaussian,3,42,0.265625,0.28125,0.53125,1.0,5.782445907592773,1.9256315231323242
694,120,gaussian,3,42,0.3125,0.34375,0.625,1.0,0.3593953847885132,0.11305201053619385
695,120,gaussian,3,42,0.296875,0.265625,0.59375,1.0,2.3076460361480713,0.7446303367614746
696,120,gaussian,3,42,0.125,0.265625,0.25,1.0,1.0313271284103394,0.3143889904022217
697,120,gaussian,3,42,0.15625,0.296875,0.3125,1.0,2.536287784576416,0.8767145276069641
698,120,gaussian,3,42,0.125,0.265625,0.25,1.0,1.0310777425765991,0.3143889904022217
699,120,gaussian,3,42,0.328125,0.140625,0.65625,1.0,2.5710818767547607,0.7750096321105957
700,120,gaussian,3,42,0.328125,0.15625,0.65625,1.0,2.325024127960205,0.748830258846283
701,120,gaussian,3,42,0.15625,0.15625,0.3125,1.0,2.821234703063965,0.8112468123435974
702,120,gaussian,3,42,0.1875,0.203125,0.375,1.0,0.5089491009712219,0.16093620657920837
703,120,gaussian,3,42,0.1875,0.25,0.375,1.0,1.4140264987945557,0.4831470251083374
704,120,gaussian,3,42,0.140625,0.296875,0.28125,1.0,2.103473663330078,0.7025063633918762
705,120,gaussian,3,42,0.25,0.25,0.5,1.0,0.7636613845825195,0.2704956829547882
706,120,gaussian,3,42,0.171875,0.171875,0.34375,1.0,1.1579920053482056,0.3462287187576294
707,120,gaussian,3,42,0.34375,0.328125,0.6875,1.0,1.1661288738250732,0.4179263710975647
708,120,gaussian,3,42,0.328125,0.171875,0.65625,1.0,1.4495563507080078,0.4350964426994324
709,120,gaussian,3,42,0.125,0.328125,0.25,1.0,0.8866312503814697,0.2761553227901459
710,120,gaussian,3,42,0.140625,0.265625,0.28125,1.0,1.1405508518218994,0.3700445890426636
711,120,gaussian,3,42,0.28125,0.28125,0.5625,1.0,1.0732495784759521,0.3597373366355896
712,120,gaussian,3,42,0.234375,0.1875,0.46875,1.0,0.9701958298683167,0.3342571556568146
713,120,gaussian,3,42,0.203125,0.21875,0.40625,1.0,1.7161123752593994,0.547264039516449
714,120,gaussian,3,42,0.15625,0.28125,0.3125,1.0,4.078859329223633,1.324594497680664
715,120,gaussian,3,42,0.21875,0.3125,0.4375,1.0,4.041868209838867,1.3259674310684204
716,120,gaussian,3,42,0.234375,0.25,0.46875,1.0,1.279869794845581,0.4361361861228943
717,120,gaussian,3,42,0.25,0.25,0.5,1.0,3.4551680088043213,1.1829627752304077
718,120,gaussian,3,42,0.1875,0.1875,0.375,1.0,0.564859926700592,0.18917781114578247
719,120,gaussian,3,42,0.140625,0.296875,0.28125,1.0,2.026611089706421,0.6314547657966614
720,120,gaussian,3,42,0.203125,0.203125,0.40625,1.0,8.946334838867188,2.8167831897735596
721,120,gaussian,3,42,0.359375,0.125,0.71875,1.0,0.551162838935852,0.15466707944869995
722,120,gaussian,3,42,0.28125,0.3125,0.5625,1.0,2.6989054679870605,0.9021825790405273
723,120,gaussian,3,42,0.15625,0.265625,0.3125,1.0,1.5624033212661743,0.53465336561203
724,120,gaussian,3,42,0.15625,0.28125,0.3125,1.0,2.1538991928100586,0.734968364238739
725,120,gaussian,3,42,0.28125,0.3125,0.5625,1.0,1.6758956909179688,0.5940494537353516
726,120,gaussian,3,42,0.171875,0.3125,0.34375,1.0,0.6798714399337769,0.2072129249572754
727,120,gaussian,3,42,0.359375,0.296875,0.71875,1.0,2.905439853668213,1.0541362762451172
728,120,gaussian,3,42,0.1875,0.1875,0.375,1.0,0.5660313367843628,0.18917784094810486
729,120,gaussian,3,42,0.125,0.28125,0.25,1.0,2.8186097145080566,0.9339835047721863
730,120,gaussian,3,42,0.234375,0.171875,0.46875,1.0,3.2120985984802246,1.057142972946167
731,120,gaussian,3,42,0.15625,0.296875,0.3125,1.0,2.8470659255981445,0.9650029540061951
732,120,gaussian,3,42,0.140625,0.296875,0.28125,1.0,2.6934609413146973,0.8147038817405701
733,120,gaussian,3,42,,,,0.0,0.1953745037317276,0.05770985037088394
734,120,gaussian,3,42,0.34375,0.140625,0.6875,1.0,0.6727495193481445,0.19394280016422272
735,120,gaussian,3,42,0.1875,0.234375,0.375,1.0,2.7729244232177734,0.9391175508499146
736,120,gaussian,3,42,0.15625,0.296875,0.3125,1.0,1.8337428569793701,0.6086733937263489
737,120,gaussian,3,42,0.328125,0.25,0.65625,1.0,1.4943785667419434,0.5063760876655579
738,120,gaussian,3,42,0.3125,0.3125,0.625,1.0,6.597650051116943,2.265450954437256
739,120,gaussian,3,42,0.1875,0.28125,0.375,1.0,7.9748687744140625,2.8529224395751953
740,120,gaussian,3,42,0.171875,0.328125,0.34375,1.0,0.8061022162437439,0.265170693397522
741,120,gaussian,3,42,0.171875,0.328125,0.34375,1.0,4.288233757019043,1.2976529598236084
742,120,gaussian,3,42,0.25,0.203125,0.5,1.0,6.1233696937561035,2.118906021118164
743,120,gaussian,3,42,0.109375,0.09375,0.21875,1.0,0.5813273191452026,0.16235986351966858
744,120,gaussian,3,42,0.1875,0.21875,0.375,1.0,2.450711727142334,0.8038054704666138
745,120,gaussian,3,42,0.125,0.296875,0.25,1.0,1.422992467880249,0.5082194805145264
746,120,gaussian,3,42,0.15625,0.296875,0.3125,1.0,2.1833529472351074,0.6637626886367798
747,120,gaussian,3,42,0.328125,0.328125,0.65625,1.0,3.2293968200683594,0.9610816836357117
748,120,gaussian,3,42,0.171875,0.1875,0.34375,1.0,0.8934399485588074,0.27115345001220703
749,120,gaussian,3,42,0.140625,0.125,0.28125,1.0,0.49740979075431824,0.14200685918331146
750,120,gaussian,3,42,0.125,0.296875,0.25,1.0,1.334887981414795,0.4569246172904968
751,120,gaussian,3,42,0.15625,0.140625,0.3125,1.0,1.1270862817764282,0.3357556164264679
752,120,gaussian,3,42,0.203125,0.328125,0.40625,1.0,1.309733271598816,0.3991532027721405
753,120,gaussian,3,42,0.125,0.28125,0.25,1.0,0.7886792421340942,0.23073655366897583
754,120,gaussian,3,42,0.3125,0.171875,0.625,1.0,0.6248847842216492,0.21539020538330078
755,120,gaussian,3,42,0.28125,0.265625,0.5625,1.0,1.3151651620864868,0.4321223497390747
756,120,gaussian,3,42,0.171875,0.28125,0.34375,1.0,5.378861904144287,1.751750111579895
757,120,gaussian,3,42,0.328125,0.328125,0.65625,1.0,3.0884673595428467,1.0157617330551147
758,120,gaussian,3,42,0.109375,0.3125,0.21875,1.0,1.1137512922286987,0.3834627568721771
759,120,gaussian,3,42,0.15625,0.265625,0.3125,1.0,2.397501230239868,0.7736673951148987
760,120,gaussian,3,42,0.109375,0.296875,0.21875,1.0,0.41967707872390747,0.1463245302438736
761,120,gaussian,3,42,0.15625,0.15625,0.3125,1.0,2.932861328125,0.846342921257019
762,120,gaussian,3,42,0.296875,0.171875,0.59375,1.0,0.6723840236663818,0.2169201672077179
763,120,gaussian,3,42,0.234375,0.203125,0.46875,1.0,0.9794043302536011,0.3559204936027527
764,120,gaussian,3,42,0.21875,0.25,0.4375,1.0,3.8440284729003906,1.2599085569381714
765,120,gaussian,3,42,0.140625,0.28125,0.28125,1.0,2.138155937194824,0.6644845008850098
766,120,gaussian,3,42,0.296875,0.265625,0.59375,1.0,2.3112316131591797,0.7446303367614746
767,120,gaussian,3,42,0.140625,0.328125,0.28125,1.0,2.0984389781951904,0.7230729460716248
768,120,gaussian,3,42,0.15625,0.171875,0.3125,1.0,1.1666700839996338,0.36617934703826904
769,120,gaussian,3,42,0.296875,0.265625,0.59375,1.0,4.388293266296387,1.6675221920013428
770,120,gaussian,3,42,0.359375,0.234375,0.71875,1.0,1.8013091087341309,0.6518515348434448
771,120,gaussian,3,42,0.15625,0.203125,0.3125,1.0,2.830535650253296,1.0084228515625
772,120,gaussian,3,42,0.234375,0.234375,0.46875,1.0,3.8358423709869385,1.2599085569381714
773,120,gaussian,3,42,0.15625,0.171875,0.3125,1.0,1.1598374843597412,0.346228688955307
774,120,gaussian,3,42,0.125,0.28125,0.25,1.0,1.8045308589935303,0.5928657650947571
775,120,gaussian,3,42,0.15625,0.140625,0.3125,1.0,1.6425868272781372,0.4903971254825592
776,120,gaussian,3,42,0.15625,0.296875,0.3125,1.0,2.8392701148986816,0.9650029540061951
777,120,gaussian,3,42,0.296875,0.3125,0.59375,1.0,1.1064722537994385,0.3793628215789795
778,120,gaussian,3,42,0.390625,0.265625,0.78125,1.0,2.652892589569092,0.8402297496795654
779,120,gaussian,3,42,0.140625,0.296875,0.28125,1.0,2.9695873260498047,0.9082119464874268
780,120,gaussian,3,42,0.25,0.234375,0.5,1.0,0.657834529876709,0.23269623517990112
781,120,gaussian,3,42,0.109375,0.28125,0.21875,1.0,0.7400010824203491,0.25127193331718445
782,120,gaussian,3,42,0.296875,0.203125,0.59375,1.0,3.2749900817871094,1.1134580373764038
783,120,gaussian,3,42,0.1875,0.25,0.375,1.0,1.4129877090454102,0.4831470251083374
784,120,gaussian,3,42,0.140625,0.3125,0.28125,1.0,1.3695881366729736,0.4910022020339966
785,120,gaussian,3,42,0.328125,0.140625,0.65625,1.0,2.5715584754943848,0.7750095725059509
786,120,gaussian,3,42,0.125,0.265625,0.25,1.0,1.127903938293457,0.3642869293689728
787,120,gaussian,3,42,0.21875,0.296875,0.4375,1.0,0.7913113832473755,0.27921316027641296
788,120,gaussian,3,42,0.1875,0.296875,0.375,1.0,2.8226890563964844,0.8828156590461731
789,120,gaussian,3,42,0.265625,0.296875,0.53125,1.0,1.2150169610977173,0.4329279065132141
790,120,gaussian,3,42,0.125,0.296875,0.25,1.0,0.7419808506965637,0.25127193331718445
791,120,gaussian,3,42,0.171875,0.28125,0.34375,1.0,3.5481204986572266,1.264445424079895
792,120,gaussian,3,42,0.203125,0.3125,0.40625,1.0,1.2355369329452515,0.4123956561088562
793,120,gaussian,3,42,0.15625,0.28125,0.3125,1.0,2.1414847373962402,0.664484441280365
794,120,gaussian,3,42,0.140625,0.296875,0.28125,1.0,2.106135845184326,0.7025063633918762
795,120,gaussian,3,42,0.15625,0.25,0.3125,1.0,4.556552886962891,1.6807516813278198
796,120,gaussian,3,42,0.28125,0.265625,0.5625,1.0,1.311030626296997,0.4321223497390747
797,120,gaussian,3,42,0.15625,0.265625,0.3125,1.0,1.5996036529541016,0.4804535508155823
798,120,gaussian,3,42,0.171875,0.140625,0.34375,1.0,1.0043708086013794,0.301785409450531
799,120,gaussian,3,42,0.140625,0.34375,0.28125,1.0,1.5679669380187988,0.494332492351532
800,120,gaussian,3,42,0.140625,0.171875,0.28125,1.0,2.8436198234558105,0.8112468123435974
801,120,gaussian,3,42,0.15625,0.28125,0.3125,1.0,0.9490694403648376,0.29109257459640503
802,120,gaussian,3,42,0.21875,0.3125,0.4375,1.0,4.262844085693359,1.3899248838424683
803,120,gaussian,3,42,0.15625,0.1875,0.3125,1.0,2.483677387237549,0.7661330699920654
804,120,gaussian,3,42,0.171875,0.296875,0.34375,1.0,0.7419077157974243,0.2504967451095581
805,120,gaussian,3,42,0.140625,0.28125,0.28125,1.0,0.5060906410217285,0.1797412782907486
806,120,gaussian,3,42,0.1875,0.265625,0.375,1.0,1.7895210981369019,0.5745750665664673
807,120,gaussian,3,42,0.25,0.234375,0.5,1.0,0.6555708646774292,0.23269625008106232
808,120,gaussian,3,42,0.328125,0.171875,0.65625,1.0,3.367938995361328,1.038974404335022
809,120,gaussian,3,42,0.265625,0.3125,0.53125,1.0,0.5112297534942627,0.17183126509189606
810,120,gaussian,3,42,0.140625,0.296875,0.28125,1.0,0.46241331100463867,0.16318149864673615
811,120,gaussian,3,42,0.15625,0.28125,0.3125,1.0,0.9656194448471069,0.2980898916721344
812,120,gaussian,3,42,0.203125,0.21875,0.40625,1.0,2.451653003692627,0.8038054704666138
813,120,gaussian,3,42,0.171875,0.296875,0.34375,1.0,1.1096869707107544,0.37269607186317444
814,120,gaussian,3,42,0.15625,0.15625,0.3125,1.0,3.8345532417297363,1.1474220752716064
815,120,gaussian,3,42,0.125,0.28125,0.25,1.0,0.9020624160766602,0.3139442801475525
816,120,gaussian,3,42,0.328125,0.171875,0.65625,1.0,1.1540155410766602,0.3430840075016022
817,120,gaussian,3,42,0.25,0.296875,0.5,1.0,7.9033403396606445,2.857163429260254
818,120,gaussian,3,42,0.125,0.265625,0.25,1.0,1.0312137603759766,0.3143889904022217
819,120,gaussian,3,42,0.15625,0.140625,0.3125,1.0,1.0065709352493286,0.301785409450531
820,120,gaussian,3,42,0.171875,0.296875,0.34375,1.0,1.4922869205474854,0.5059489011764526
821,120,gaussian,3,42,0.265625,0.28125,0.53125,1.0,3.798069477081299,1.2499419450759888
822,120,gaussian,3,42,0.125,0.28125,0.25,1.0,1.0219343900680542,0.3143889904022217
823,120,gaussian,3,42,0.15625,0.296875,0.3125,1.0,2.504230260848999,0.8760129809379578
824,120,gaussian,3,42,0.28125,0.3125,0.5625,1.0,1.6657681465148926,0.5940494537353516
825,120,gaussian,3,42,0.15625,0.203125,0.3125,1.0,3.0856852531433105,0.9832900166511536
826,120,gaussian,3,42,0.25,0.265625,0.5,1.0,4.586627006530762,1.6278573274612427
827,120,gaussian,3,42,0.28125,0.296875,0.5625,1.0,3.889087677001953,1.3179529905319214
828,120,gaussian,3,42,0.1875,0.203125,0.375,1.0,8.930002212524414,2.8167831897735596
829,120,gaussian,3,42,0.125,0.265625,0.25,1.0,1.0260069370269775,0.3143889904022217
830,120,gaussian,3,42,0.1875,0.3125,0.375,1.0,8.321098327636719,2.789849281311035
831,120,gaussian,3,42,0.15625,0.296875,0.3125,1.0,1.2484402656555176,0.4500899910926819
832,120,gaussian,3,42,0.140625,0.125,0.28125,1.0,1.6495344638824463,0.4903971254825592
833,120,gaussian,3,42,0.21875,0.296875,0.4375,1.0,0.7066190242767334,0.22449560463428497
834,120,gaussian,3,42,0.125,0.28125,0.25,1.0,1.1871047019958496,0.37062302231788635
835,120,gaussian,3,42,0.125,0.28125,0.25,1.0,1.8041634559631348,0.5928657650947571
836,120,gaussian,3,42,0.171875,0.296875,0.34375,1.0,1.1067743301391602,0.37269607186317444
837,120,gaussian,3,42,0.203125,0.265625,0.40625,1.0,1.351075291633606,0.47692930698394775
838,120,gaussian,3,42,0.125,0.328125,0.25,1.0,1.3662128448486328,0.4763934910297394
839,120,gaussian,3,42,0.234375,0.265625,0.46875,1.0,1.629289150238037,0.5613531470298767
840,120,gaussian,3,42,0.171875,0.28125,0.34375,1.0,0.8582735061645508,0.2837355136871338
841,120,gaussian,3,42,0.171875,0.171875,0.34375,1.0,1.1592081785202026,0.346228688955307
842,120,gaussian,3,42,0.3125,0.203125,0.625,1.0,1.1350172758102417,0.38947778940200806
843,120,gaussian,3,42,0.171875,0.3125,0.34375,1.0,0.8812466859817505,0.2840360701084137
844,120,gaussian,3,42,0.25,0.296875,0.5,1.0,2.1332271099090576,0.728180468082428
845,120,gaussian,3,42,0.234375,0.296875,0.46875,1.0,2.142343044281006,0.7281805276870728
846,120,gaussian,3,42,0.140625,0.265625,0.28125,1.0,1.050938606262207,0.3582276403903961
847,120,gaussian,3,42,0.125,0.28125,0.25,1.0,1.1871747970581055,0.37062302231788635
848,120,gaussian,3,42,0.359375,0.171875,0.71875,1.0,6.820245742797852,2.034745931625366
849,120,gaussian,3,42,0.25,0.265625,0.5,1.0,4.592224597930908,1.6278573274612427
850,120,gaussian,3,42,0.21875,0.21875,0.4375,1.0,1.2994645833969116,0.4442049264907837
851,120,gaussian,3,42,0.1875,0.21875,0.375,1.0,2.282362937927246,0.698706328868866
852,120,gaussian,3,42,0.296875,0.328125,0.59375,1.0,2.68770432472229,0.9021825790405273
853,120,gaussian,3,42,0.15625,0.296875,0.3125,1.0,1.4107699394226074,0.4630488455295563
854,120,gaussian,3,42,0.1875,0.21875,0.375,1.0,6.212378025054932,2.0151493549346924
855,120,gaussian,3,42,0.3125,0.21875,0.625,1.0,2.242051124572754,0.8380820155143738
856,120,gaussian,3,42,0.15625,0.265625,0.3125,1.0,1.606107234954834,0.48045358061790466
857,120,gaussian,3,42,0.265625,0.25,0.53125,1.0,0.6418482065200806,0.2201022207736969
858,120,gaussian,3,42,0.15625,0.15625,0.3125,1.0,3.770512104034424,1.1032991409301758
859,120,gaussian,3,42,0.15625,0.28125,0.3125,1.0,0.9457138776779175,0.29109257459640503
860,120,gaussian,3,42,0.21875,0.21875,0.4375,1.0,1.2990953922271729,0.4442049562931061
861,120,gaussian,3,42,0.140625,0.296875,0.28125,1.0,2.686847686767578,0.8147039413452148
862,120,gaussian,3,42,0.140625,0.28125,0.28125,1.0,1.5880653858184814,0.568133533000946
863,120,gaussian,3,42,0.1875,0.28125,0.375,1.0,1.9090948104858398,0.6667227149009705
864,120,gaussian,3,42,0.1875,0.21875,0.375,1.0,1.8258274793624878,0.6055760979652405
865,120,gaussian,3,42,0.234375,0.203125,0.46875,1.0,0.9740104079246521,0.3559204936027527
866,120,gaussian,3,42,0.234375,0.234375,0.46875,1.0,1.2949621677398682,0.44948652386665344
867,120,gaussian,3,42,0.1875,0.1875,0.375,1.0,10.820053100585938,3.418128252029419
868,120,gaussian,3,42,0.203125,0.203125,0.40625,1.0,2.8283839225769043,0.9565668702125549
869,120,gaussian,3,42,0.25,0.265625,0.5,1.0,2.665436029434204,0.9804604053497314
870,120,gaussian,3,42,0.125,0.28125,0.25,1.0,1.125873327255249,0.3642869293689728
871,120,gaussian,3,42,0.140625,0.125,0.28125,1.0,0.49770766496658325,0.14200685918331146
872,120,gaussian,3,42,0.25,0.21875,0.5,1.0,1.2091768980026245,0.46255072951316833
873,120,gaussian,3,42,0.140625,0.328125,0.28125,1.0,2.0204834938049316,0.6884002685546875
874,120,gaussian,3,42,0.140625,0.296875,0.28125,1.0,1.7209866046905518,0.6209012866020203
875,120,gaussian,3,42,0.15625,0.296875,0.3125,1.0,1.8186213970184326,0.6038284301757812
876,120,gaussian,3,42,0.296875,0.265625,0.59375,1.0,3.844987630844116,1.2564023733139038
877,120,gaussian,3,42,0.125,0.28125,0.25,1.0,0.7351436614990234,0.25127193331718445
878,120,gaussian,3,42,0.265625,0.296875,0.53125,1.0,0.3886358141899109,0.13670700788497925
879,120,gaussian,3,42,0.140625,0.3125,0.28125,1.0,2.5187830924987793,0.8760129809379578
880,120,gaussian,3,42,0.15625,0.203125,0.3125,1.0,2.844144105911255,1.0084228515625
881,120,gaussian,3,42,0.375,0.296875,0.75,1.0,2.830902576446533,0.8206217885017395
882,120,gaussian,3,42,0.140625,0.3125,0.28125,1.0,2.412038803100586,0.789128839969635
883,120,gaussian,3,42,0.125,0.34375,0.25,1.0,1.525674819946289,0.4530969560146332
884,120,gaussian,3,42,0.21875,0.25,0.4375,1.0,2.9668314456939697,0.9741759300231934
885,120,gaussian,3,42,0.21875,0.25,0.4375,1.0,2.427107810974121,0.7858484983444214
886,120,gaussian,3,42,0.203125,0.28125,0.40625,1.0,1.8639111518859863,0.6679362654685974
887,120,gaussian,3,42,0.171875,0.203125,0.34375,1.0,2.4868879318237305,0.7661331295967102
888,120,gaussian,3,42,0.171875,0.140625,0.34375,1.0,1.021547794342041,0.3269847333431244
889,120,gaussian,3,42,0.203125,0.21875,0.40625,1.0,1.2989702224731445,0.4442049562931061
890,120,gaussian,3,42,0.15625,0.15625,0.3125,1.0,1.0216023921966553,0.3269847333431244
891,120,gaussian,3,42,0.15625,0.265625,0.3125,1.0,1.607734203338623,0.48045358061790466
892,120,gaussian,3,42,0.296875,0.171875,0.59375,1.0,0.6736092567443848,0.2169201672077179
893,120,gaussian,3,42,0.125,0.296875,0.25,1.0,1.3714861869812012,0.49100223183631897
894,120,gaussian,3,42,0.3125,0.171875,0.625,1.0,0.546796441078186,0.19737295806407928
895,120,gaussian,3,42,0.171875,0.171875,0.34375,1.0,3.5284881591796875,1.1178392171859741
896,120,gaussian,3,42,0.359375,0.234375,0.71875,1.0,1.8173569440841675,0.6518515348434448
897,120,gaussian,3,42,0.203125,0.203125,0.40625,1.0,8.947162628173828,2.8167831897735596
898,120,gaussian,3,42,0.15625,0.296875,0.3125,1.0,1.2468241453170776,0.4500899910926819
899,120,gaussian,3,42,0.125,0.296875,0.25,1.0,0.6251440644264221,0.22103218734264374
900,120,gaussian,3,42,0.140625,0.125,0.28125,1.0,2.0617682933807373,0.6020156145095825
901,120,gaussian,3,42,0.171875,0.296875,0.34375,1.0,2.6605143547058105,0.8243602514266968
902,120,gaussian,3,42,0.140625,0.265625,0.28125,1.0,1.0474607944488525,0.3582276403903961
903,120,gaussian,3,42,0.28125,0.3125,0.5625,1.0,1.6755931377410889,0.5940494537353516
904,120,gaussian,3,42,0.125,0.28125,0.25,1.0,0.7894208431243896,0.23073655366897583
905,120,gaussian,3,42,0.15625,0.25,0.3125,1.0,4.145363807678223,1.4528065919876099
906,120,gaussian,3,42,0.296875,0.265625,0.59375,1.0,0.437834769487381,0.14672359824180603
907,120,gaussian,3,42,0.15625,0.28125,0.3125,1.0,1.3855316638946533,0.44894513487815857
908,120,gaussian,3,42,0.125,0.265625,0.25,1.0,1.0273780822753906,0.3143889904022217
909,120,gaussian,3,42,0.203125,0.296875,0.40625,1.0,3.210007429122925,1.103363037109375
910,120,gaussian,3,42,0.15625,0.265625,0.3125,1.0,1.4075171947479248,0.43756991624832153
911,120,gaussian,3,42,0.28125,0.3125,0.5625,1.0,0.6766736507415771,0.224343404173851
912,120,gaussian,3,42,0.171875,0.3125,0.34375,1.0,3.6685609817504883,1.3019355535507202
913,120,gaussian,3,42,0.1875,0.21875,0.375,1.0,1.7288986444473267,0.5617275834083557
914,120,gaussian,3,42,0.125,0.3125,0.25,1.0,4.86964750289917,1.5281610488891602
915,120,gaussian,3,42,0.171875,0.28125,0.34375,1.0,0.8565082550048828,0.2837355136871338
916,120,gaussian,3,42,0.125,0.296875,0.25,1.0,1.6941626071929932,0.5663853287696838
917,120,gaussian,3,42,0.125,0.09375,0.25,1.0,0.5813650488853455,0.16235986351966858
918,120,gaussian,3,42,0.25,0.234375,0.5,1.0,1.2710959911346436,0.44965362548828125
919,120,gaussian,3,42,0.125,0.296875,0.25,1.0,2.2239298820495605,0.6993544101715088
920,120,gaussian,3,42,0.109375,0.296875,0.21875,1.0,0.3479136526584625,0.11650138348340988
921,120,gaussian,3,42,0.125,0.25,0.25,1.0,0.7917811274528503,0.24044150114059448
922,120,gaussian,3,42,0.171875,0.265625,0.34375,1.0,1.991283893585205,0.6338199377059937
923,120,gaussian,3,42,0.15625,0.296875,0.3125,1.0,1.4882103204727173,0.5059489011764526
924,120,gaussian,3,42,0.265625,0.296875,0.53125,1.0,2.1182539463043213,0.700190007686615
925,120,gaussian,3,42,0.265625,0.28125,0.53125,1.0,2.089324474334717,0.7215080261230469
926,120,gaussian,3,42,0.125,0.3125,0.25,1.0,1.8391859531402588,0.6457422375679016
927,120,gaussian,3,42,0.390625,0.265625,0.78125,1.0,2.2610836029052734,0.6345011591911316
928,120,gaussian,3,42,0.171875,0.3125,0.34375,1.0,0.8086848855018616,0.265170693397522
929,120,gaussian,3,42,0.234375,0.28125,0.46875,1.0,1.2455449104309082,0.44280362129211426
930,120,gaussian,3,42,0.125,0.296875,0.25,1.0,0.8026736974716187,0.27085137367248535
931,120,gaussian,3,42,0.34375,0.171875,0.6875,1.0,1.1540331840515137,0.3430840075016022
932,120,gaussian,3,42,0.203125,0.21875,0.40625,1.0,2.7841429710388184,0.920196533203125
933,120,gaussian,3,42,0.140625,0.296875,0.28125,1.0,1.9734416007995605,0.6610430479049683
934,120,gaussian,3,42,0.140625,0.3125,0.28125,1.0,0.9975274801254272,0.3339638113975525
935,120,gaussian,3,42,0.3125,0.328125,0.625,1.0,1.3760186433792114,0.47210386395454407
936,120,gaussian,3,42,0.328125,0.296875,0.65625,1.0,3.2536697387695312,1.0399410724639893
937,120,gaussian,3,42,0.21875,0.296875,0.4375,1.0,1.2342544794082642,0.4123956561088562
938,120,gaussian,3,42,0.296875,0.3125,0.59375,1.0,1.105098009109497,0.3793628215789795
939,120,gaussian,3,42,0.21875,0.09375,0.4375,1.0,1.6289191246032715,0.5147967338562012
940,120,gaussian,3,42,0.265625,0.171875,0.53125,1.0,3.787217617034912,1.2809631824493408
941,120,gaussian,3,42,0.125,0.296875,0.25,1.0,0.7390111684799194,0.25127196311950684
942,120,gaussian,3,42,0.296875,0.203125,0.59375,1.0,1.136443018913269,0.38947778940200806
943,120,gaussian,3,42,0.3125,0.25,0.625,1.0,1.4910768270492554,0.5063760876655579
944,120,gaussian,3,42,0.265625,0.296875,0.53125,1.0,0.5990118384361267,0.2082398533821106
945,120,gaussian,3,42,0.25,0.25,0.5,1.0,2.407620429992676,0.840613842010498
946,120,gaussian,3,42,0.15625,0.28125,0.3125,1.0,1.7594200372695923,0.5635547637939453
947,120,gaussian,3,42,0.296875,0.203125,0.59375,1.0,4.164065361022949,1.269051194190979
948,120,gaussian,3,42,0.25,0.234375,0.5,1.0,5.807295799255371,2.061367988586426
949,120,gaussian,3,42,0.203125,0.21875,0.40625,1.0,1.7165058851242065,0.5472640991210938
950,120,gaussian,3,42,0.1875,0.203125,0.375,1.0,2.6149849891662598,0.8201781511306763
951,120,gaussian,3,42,0.15625,0.140625,0.3125,1.0,2.06121563911438,0.6020156145095825
952,120,gaussian,3,42,0.125,0.296875,0.25,1.0,0.742538332939148,0.25127193331718445
953,120,gaussian,3,42,0.171875,0.28125,0.34375,1.0,0.8604016900062561,0.2837355136871338
954,120,gaussian,3,42,0.15625,0.28125,0.3125,1.0,1.351798415184021,0.43861255049705505
955,120,gaussian,3,42,0.125,0.296875,0.25,1.0,2.1096103191375732,0.7480224370956421
956,120,gaussian,3,42,0.203125,0.3125,0.40625,1.0,3.233692169189453,1.0095770359039307
957,120,gaussian,3,42,0.109375,0.28125,0.21875,1.0,0.6570115089416504,0.19470098614692688
958,120,gaussian,3,42,0.25,0.203125,0.5,1.0,6.113856792449951,2.118906021118164
959,120,gaussian,3,42,0.171875,0.15625,0.34375,1.0,1.1707977056503296,0.36617934703826904
960,120,gaussian,3,42,0.1875,0.3125,0.375,1.0,8.341236114501953,2.789849281311035
961,120,gaussian,3,42,0.34375,0.296875,0.6875,1.0,3.719198703765869,1.15048086643219
962,120,gaussian,3,42,0.125,0.296875,0.25,1.0,0.5268887281417847,0.17235849797725677
963,120,gaussian,3,42,0.140625,0.296875,0.28125,1.0,2.1832079887390137,0.7609708309173584
964,120,gaussian,3,42,0.140625,0.234375,0.28125,1.0,4.341130256652832,1.3277976512908936
965,120,gaussian,3,42,0.140625,0.265625,0.28125,1.0,3.1423215866088867,1.0395821332931519
966,120,gaussian,3,42,0.109375,0.28125,0.21875,1.0,1.0555367469787598,0.3352883756160736
967,120,gaussian,3,42,0.328125,0.328125,0.65625,1.0,1.3793385028839111,0.47210386395454407
968,120,gaussian,3,42,0.1875,0.296875,0.375,1.0,1.1089444160461426,0.3702371120452881
969,120,gaussian,3,42,0.15625,0.296875,0.3125,1.0,1.1879249811172485,0.3513529598712921
970,120,gaussian,3,42,0.265625,0.296875,0.53125,1.0,3.7327592372894287,1.3206371068954468
971,120,gaussian,3,42,0.109375,0.28125,0.21875,1.0,2.494680643081665,0.819257378578186
972,120,gaussian,3,42,0.171875,0.28125,0.34375,1.0,2.700373649597168,0.9245169758796692
973,120,gaussian,3,42,0.15625,0.28125,0.3125,1.0,1.9501943588256836,0.6577370762825012
974,120,gaussian,3,42,0.171875,0.25,0.34375,1.0,2.0819568634033203,0.7147092223167419
975,120,gaussian,3,42,0.140625,0.28125,0.28125,1.0,1.7845954895019531,0.5391489267349243
976,120,gaussian,3,42,0.25,0.265625,0.5,1.0,5.122981548309326,1.7545218467712402
977,120,gaussian,3,42,0.140625,0.28125,0.28125,1.0,2.416372776031494,0.8163209557533264
978,120,gaussian,3,42,0.125,0.265625,0.25,1.0,1.1279077529907227,0.3642869293689728
979,120,gaussian,3,42,0.375,0.125,0.75,1.0,0.8069865107536316,0.22524607181549072
980,120,gaussian,3,42,0.28125,0.3125,0.5625,1.0,4.127567768096924,1.3380197286605835
981,120,gaussian,3,42,0.21875,0.296875,0.4375,1.0,0.7912769317626953,0.27921316027641296
982,120,gaussian,3,42,0.125,0.3125,0.25,1.0,0.7552433013916016,0.23772810399532318
983,120,gaussian,3,42,0.265625,0.296875,0.53125,1.0,0.6000379920005798,0.2082398533821106
984,120,gaussian,3,42,0.171875,0.296875,0.34375,1.0,1.1096222400665283,0.3702371120452881
985,120,gaussian,3,42,0.25,0.265625,0.5,1.0,8.916540145874023,3.100173234939575
986,120,gaussian,3,42,0.34375,0.296875,0.6875,1.0,1.9660176038742065,0.7020685076713562
987,120,gaussian,3,42,0.1875,0.265625,0.375,1.0,1.194608211517334,0.4197874069213867
988,120,gaussian,3,42,0.296875,0.3125,0.59375,1.0,1.1083323955535889,0.3793628215789795
989,120,gaussian,3,42,0.15625,0.3125,0.3125,1.0,1.351090669631958,0.44404155015945435
990,120,gaussian,3,42,0.25,0.296875,0.5,1.0,2.131643533706665,0.728180468082428
991,120,gaussian,3,42,0.296875,0.109375,0.59375,1.0,0.3847590684890747,0.12830401957035065
992,120,gaussian,3,42,0.328125,0.1875,0.65625,1.0,7.161972999572754,2.1728131771087646
993,120,gaussian,3,42,0.296875,0.234375,0.59375,1.0,1.9719743728637695,0.6458542346954346
994,120,gaussian,3,42,0.125,0.28125,0.25,1.0,1.0901618003845215,0.34890034794807434
995,120,gaussian,3,42,0.15625,0.296875,0.3125,1.0,1.3054084777832031,0.43724924325942993
996,120,gaussian,3,42,0.15625,0.140625,0.3125,1.0,1.6370787620544434,0.4903970956802368
997,120,gaussian,3,42,0.203125,0.28125,0.40625,1.0,3.212785005569458,1.103363037109375
998,120,gaussian,3,42,0.15625,0.296875,0.3125,1.0,1.977867603302002,0.6610430479049683
999,120,gaussian,3,42,0.203125,0.328125,0.40625,1.0,2.0213429927825928,0.6944704055786133
