index,target_hr,method,fold,seed,rise_time_s,width50_s,rise_cycle_ratio,beat_extraction_success,amplitude_range,amplitude_std
0,60,gaussian,5,43,0.3125,0.59375,0.3125,1.0,1.8622394800186157,0.5649250745773315
1,60,gaussian,5,43,0.359375,0.546875,0.359375,1.0,1.2686978578567505,0.4183330833911896
2,60,gaussian,5,43,0.28125,0.609375,0.28125,1.0,0.33806151151657104,0.11935698240995407
3,60,gaussian,5,43,0.59375,0.640625,0.59375,1.0,4.075965881347656,1.2874592542648315
4,60,gaussian,5,43,0.328125,0.546875,0.328125,1.0,1.5097479820251465,0.5027443766593933
5,60,gaussian,5,43,0.421875,0.421875,0.421875,1.0,1.4057273864746094,0.4614464342594147
6,60,gaussian,5,43,0.65625,0.34375,0.65625,1.0,1.6957286596298218,0.5214398503303528
7,60,gaussian,5,43,0.390625,0.625,0.390625,1.0,1.5663697719573975,0.5359230637550354
8,60,gaussian,5,43,0.421875,0.453125,0.5625,1.0,2.7449300289154053,0.8712747693061829
9,60,gaussian,5,43,0.265625,0.265625,0.265625,1.0,0.5509318113327026,0.1543194204568863
10,60,gaussian,5,43,0.625,0.671875,0.625,1.0,0.9815328121185303,0.3152647316455841
11,60,gaussian,5,43,0.25,0.234375,0.5,1.0,1.2182104587554932,0.349346399307251
12,60,gaussian,5,43,0.703125,0.625,0.703125,1.0,2.0980920791625977,0.699913501739502
13,60,gaussian,5,43,0.40625,0.609375,0.40625,1.0,0.9478663206100464,0.33773282170295715
14,60,gaussian,5,43,0.328125,0.375,0.5526315789473685,1.0,1.280228853225708,0.37934714555740356
15,60,gaussian,5,43,0.515625,0.59375,0.515625,1.0,0.26740705966949463,0.09643147885799408
16,60,gaussian,5,43,0.28125,0.609375,0.28125,1.0,0.32117554545402527,0.1126881018280983
17,60,gaussian,5,43,0.34375,0.453125,0.34375,1.0,1.62932288646698,0.5209882259368896
18,60,gaussian,5,43,0.3125,0.625,0.3125,1.0,1.3603514432907104,0.44818297028541565
19,60,gaussian,5,43,0.3125,0.625,0.3125,1.0,1.6277213096618652,0.5840129256248474
20,60,gaussian,5,43,0.4375,0.59375,0.4375,1.0,2.249007225036621,0.7214365601539612
21,60,gaussian,5,43,0.5,0.484375,0.5,1.0,1.392444133758545,0.45934826135635376
22,60,gaussian,5,43,0.296875,0.59375,0.296875,1.0,1.1974940299987793,0.380638062953949
23,60,gaussian,5,43,0.28125,0.578125,0.28125,1.0,2.053548812866211,0.7306289076805115
24,60,gaussian,5,43,0.546875,0.59375,0.546875,1.0,2.5940346717834473,0.8491767644882202
25,60,gaussian,5,43,0.34375,0.125,0.34375,1.0,0.26143044233322144,0.07785899192094803
26,60,gaussian,5,43,0.390625,0.4375,0.390625,1.0,0.7583222389221191,0.24413448572158813
27,60,gaussian,5,43,0.296875,0.59375,0.296875,1.0,1.5133055448532104,0.5037436485290527
28,60,gaussian,5,43,,,,0.0,3.640850067138672,1.2497599124908447
29,60,gaussian,5,43,0.390625,0.46875,0.390625,1.0,2.6696555614471436,0.8790299296379089
30,60,gaussian,5,43,0.328125,0.609375,0.328125,1.0,2.600841522216797,0.8755248188972473
31,60,gaussian,5,43,0.4375,0.28125,0.4375,1.0,0.7077715992927551,0.23675496876239777
32,60,gaussian,5,43,0.2578125,0.2578125,0.46875,1.0,4.444850921630859,1.414624810218811
33,60,gaussian,5,43,0.421875,0.5,0.421875,1.0,3.9031128883361816,1.2415895462036133
34,60,gaussian,5,43,0.515625,0.5,0.515625,1.0,10.856063842773438,3.6975231170654297
35,60,gaussian,5,43,0.796875,0.578125,0.796875,1.0,0.7729551792144775,0.221279114484787
36,60,gaussian,5,43,0.265625,0.609375,0.265625,1.0,1.1345397233963013,0.358008474111557
37,60,gaussian,5,43,0.4375,0.453125,0.4375,1.0,0.9432768821716309,0.32915061712265015
38,60,gaussian,5,43,0.234375,0.265625,0.6,1.0,1.4221882820129395,0.45537570118904114
39,60,gaussian,5,43,0.328125,0.625,0.328125,1.0,1.6281810998916626,0.5840128660202026
40,60,gaussian,5,43,0.4375,0.578125,0.4375,1.0,4.434589385986328,1.5930087566375732
41,60,gaussian,5,43,0.328125,0.609375,0.328125,1.0,0.9334850907325745,0.311336487531662
42,60,gaussian,5,43,0.59375,0.484375,0.59375,1.0,3.8118033409118652,1.3720557689666748
43,60,gaussian,5,43,0.53125,0.625,0.53125,1.0,1.5088979005813599,0.537145733833313
44,60,gaussian,5,43,0.296875,0.4375,0.296875,1.0,0.2927190959453583,0.11151722073554993
45,60,gaussian,5,43,0.296875,0.609375,0.296875,1.0,0.8683127164840698,0.2722015380859375
46,60,gaussian,5,43,0.3125,0.671875,0.3125,1.0,1.0136723518371582,0.297924280166626
47,60,gaussian,5,43,,,,0.0,0.2455006092786789,0.07212748378515244
48,60,gaussian,5,43,0.421875,0.4375,0.421875,1.0,1.6155765056610107,0.5526183247566223
49,60,gaussian,5,43,0.4375,0.3125,0.4375,1.0,0.8264433145523071,0.27711787819862366
50,60,gaussian,5,43,0.3125,0.609375,0.3125,1.0,1.3602204322814941,0.44818294048309326
51,60,gaussian,5,43,0.296875,0.609375,0.296875,1.0,1.8664581775665283,0.5649251341819763
52,60,gaussian,5,43,0.296875,0.625,0.296875,1.0,1.761073350906372,0.5827472805976868
53,60,gaussian,5,43,0.625,0.5625,0.625,1.0,4.4141106605529785,1.4553712606430054
54,60,gaussian,5,43,0.703125,0.609375,0.703125,1.0,2.406977653503418,0.7454692125320435
55,60,gaussian,5,43,0.515625,0.5,0.515625,1.0,10.859006881713867,3.6975231170654297
56,60,gaussian,5,43,0.390625,0.453125,0.390625,1.0,2.6704320907592773,0.8790299296379089
57,60,gaussian,5,43,0.328125,0.625,0.328125,1.0,1.9400262832641602,0.6657390594482422
58,60,gaussian,5,43,0.40625,0.640625,0.40625,1.0,0.3562611937522888,0.11986112594604492
59,60,gaussian,5,43,0.515625,0.578125,0.515625,1.0,0.5790203213691711,0.20032449066638947
60,60,gaussian,5,43,0.375,0.578125,0.375,1.0,0.39868196845054626,0.12759730219841003
61,60,gaussian,5,43,0.3125,0.375,0.5882352941176471,1.0,1.2894811630249023,0.40593221783638
62,60,gaussian,5,43,0.53125,0.25,0.53125,1.0,0.9700452089309692,0.3499085009098053
63,60,gaussian,5,43,,,,0.0,0.24562451243400574,0.07212748378515244
64,60,gaussian,5,43,0.34375,0.5625,0.34375,1.0,1.9853103160858154,0.6751131415367126
65,60,gaussian,5,43,0.171875,0.15625,0.44,1.0,0.9374907612800598,0.27570831775665283
66,60,gaussian,5,43,0.4375,0.59375,0.4375,1.0,3.2268176078796387,1.0907543897628784
67,60,gaussian,5,43,0.234375,0.21875,0.4612937433722163,1.0,3.2860374450683594,1.0900341272354126
68,60,gaussian,5,43,0.4375,0.5625,0.4375,1.0,0.4754005968570709,0.15393660962581635
69,60,gaussian,5,43,0.734375,0.25,0.734375,1.0,2.344961643218994,0.6499215960502625
70,60,gaussian,5,43,0.3125,0.515625,0.3125,1.0,1.5614107847213745,0.4722707271575928
71,60,gaussian,5,43,0.40625,0.65625,0.40625,1.0,2.7464396953582764,0.88178551197052
72,60,gaussian,5,43,0.453125,0.46875,0.453125,1.0,1.140472173690796,0.39271247386932373
73,60,gaussian,5,43,0.515625,0.296875,0.515625,1.0,2.3071534633636475,0.8374586701393127
74,60,gaussian,5,43,0.59375,0.65625,0.59375,1.0,0.7165058851242065,0.22255535423755646
75,60,gaussian,5,43,0.328125,0.625,0.328125,1.0,2.728412628173828,0.9170017242431641
76,60,gaussian,5,43,0.546875,0.625,0.546875,1.0,1.732438564300537,0.5882750749588013
77,60,gaussian,5,43,0.34375,0.34375,0.34375,1.0,0.8351070880889893,0.26951274275779724
78,60,gaussian,5,43,0.34375,0.625,0.34375,1.0,0.833735466003418,0.296142578125
79,60,gaussian,5,43,0.703125,0.515625,0.703125,1.0,3.4894847869873047,1.0612781047821045
80,60,gaussian,5,43,0.234375,0.515625,0.234375,1.0,0.8363772630691528,0.24808062613010406
81,60,gaussian,5,43,0.46875,0.5,0.46875,1.0,2.001174211502075,0.6849731206893921
82,60,gaussian,5,43,0.28125,0.2734375,0.5160575858250277,1.0,1.9803534746170044,0.638842761516571
83,60,gaussian,5,43,0.6875,0.65625,0.6875,1.0,1.265557885169983,0.3951030671596527
84,60,gaussian,5,43,0.109375,0.078125,0.28,1.0,4.1921610832214355,1.3782602548599243
85,60,gaussian,5,43,0.703125,0.5,0.703125,1.0,1.8104615211486816,0.6179637312889099
86,60,gaussian,5,43,0.5,0.515625,0.5,1.0,0.49901145696640015,0.17633679509162903
87,60,gaussian,5,43,0.265625,0.640625,0.265625,1.0,1.0454355478286743,0.30658525228500366
88,60,gaussian,5,43,0.40625,0.65625,0.40625,1.0,0.3391270637512207,0.10914325714111328
89,60,gaussian,5,43,0.4375,0.453125,0.4375,1.0,0.9435839653015137,0.32915061712265015
90,60,gaussian,5,43,0.546875,0.609375,0.546875,1.0,2.592444896697998,0.849176824092865
91,60,gaussian,5,43,0.390625,0.28125,0.390625,1.0,2.290680408477783,0.7398934364318848
92,60,gaussian,5,43,0.25,0.578125,0.25,1.0,2.228425979614258,0.746481716632843
93,60,gaussian,5,43,0.296875,0.625,0.296875,1.0,1.7611544132232666,0.5827472805976868
94,60,gaussian,5,43,0.6875,0.375,0.6875,1.0,0.6381738185882568,0.18636097013950348
95,60,gaussian,5,43,0.484375,0.53125,0.484375,1.0,1.7499421834945679,0.6108641028404236
96,60,gaussian,5,43,0.296875,0.28125,0.4418604651162791,1.0,5.601891040802002,1.705932855606079
97,60,gaussian,5,43,0.59375,0.625,0.59375,1.0,0.938129186630249,0.29240092635154724
98,60,gaussian,5,43,0.515625,0.25,0.515625,1.0,0.9698907136917114,0.3499085009098053
99,60,gaussian,5,43,0.421875,0.65625,0.421875,1.0,2.7460315227508545,0.88178551197052
100,60,gaussian,5,43,0.3125,0.421875,0.3125,1.0,0.4203585982322693,0.12928612530231476
101,60,gaussian,5,43,0.328125,0.609375,0.328125,1.0,2.3762454986572266,0.7671411037445068
102,60,gaussian,5,43,0.75,0.25,0.75,1.0,2.3854591846466064,0.6574363112449646
103,60,gaussian,5,43,0.3125,0.40625,0.3125,1.0,2.69242262840271,0.8120822310447693
104,60,gaussian,5,43,0.375,0.671875,0.375,1.0,1.1177252531051636,0.3731052577495575
105,60,gaussian,5,43,0.453125,0.640625,0.453125,1.0,2.347886085510254,0.8048031330108643
106,60,gaussian,5,43,0.5,0.21875,0.5,1.0,0.45464634895324707,0.16319648921489716
107,60,gaussian,5,43,0.484375,0.546875,0.484375,1.0,1.7974432706832886,0.6399551033973694
108,60,gaussian,5,43,0.3125,0.46875,0.3125,1.0,4.385783672332764,1.3936231136322021
109,60,gaussian,5,43,0.328125,0.34375,0.328125,1.0,1.1579935550689697,0.34946537017822266
110,60,gaussian,5,43,0.359375,0.59375,0.359375,1.0,0.6906020641326904,0.23125915229320526
111,60,gaussian,5,43,0.34375,0.59375,0.34375,1.0,2.248257875442505,0.7544336318969727
112,60,gaussian,5,43,0.34375,0.25,0.34375,1.0,1.2813386917114258,0.41226834058761597
113,60,gaussian,5,43,0.40625,0.53125,0.40625,1.0,3.1124696731567383,1.0137230157852173
114,60,gaussian,5,43,0.71875,0.59375,0.71875,1.0,2.375058174133301,0.7093368172645569
115,60,gaussian,5,43,0.28125,0.59375,0.28125,1.0,0.26308101415634155,0.09247051924467087
116,60,gaussian,5,43,0.234375,0.578125,0.234375,1.0,1.4029655456542969,0.4464188814163208
117,60,gaussian,5,43,0.546875,0.125,0.546875,1.0,0.7411051392555237,0.20930570363998413
118,60,gaussian,5,43,0.40625,0.4375,0.5652173913043478,1.0,3.8403429985046387,1.1879770755767822
119,60,gaussian,5,43,0.234375,0.609375,0.234375,1.0,0.5081725120544434,0.1550697386264801
120,60,gaussian,5,43,0.359375,0.640625,0.359375,1.0,0.8604698181152344,0.2979808449745178
121,60,gaussian,5,43,0.484375,0.40625,0.484375,1.0,2.9291296005249023,1.0062048435211182
122,60,gaussian,5,43,0.265625,0.28125,0.265625,1.0,1.2702550888061523,0.35127952694892883
123,60,gaussian,5,43,0.5,0.609375,0.5,1.0,1.504133701324463,0.5122764110565186
124,60,gaussian,5,43,0.34375,0.59375,0.34375,1.0,2.2477784156799316,0.7544336318969727
125,60,gaussian,5,43,0.34375,0.34375,0.34375,1.0,3.028447151184082,0.9459420442581177
126,60,gaussian,5,43,0.28125,0.5625,0.28125,1.0,2.1926932334899902,0.7648919224739075
127,60,gaussian,5,43,0.25,0.2265625,0.4964102564102564,1.0,4.152894973754883,1.3430908918380737
128,60,gaussian,5,43,0.703125,0.65625,0.703125,1.0,2.060822010040283,0.6682609915733337
129,60,gaussian,5,43,0.328125,0.546875,0.328125,1.0,3.2773075103759766,1.1779439449310303
130,60,gaussian,5,43,0.4375,0.28125,0.4375,1.0,0.7086960077285767,0.23675496876239777
131,60,gaussian,5,43,0.203125,0.171875,0.43333333333333335,1.0,1.0470024347305298,0.31257063150405884
132,60,gaussian,5,43,0.34375,0.34375,0.34375,1.0,0.8339959383010864,0.26951274275779724
133,60,gaussian,5,43,0.421875,0.34375,0.421875,1.0,3.7181177139282227,1.4121181964874268
134,60,gaussian,5,43,0.40625,0.65625,0.40625,1.0,2.7471401691436768,0.88178551197052
135,60,gaussian,5,43,0.265625,0.296875,0.6071428571428571,1.0,2.9961698055267334,0.9806077480316162
136,60,gaussian,5,43,0.4375,0.46875,0.4375,1.0,5.051900386810303,1.7007060050964355
137,60,gaussian,5,43,0.640625,0.671875,0.640625,1.0,1.2211761474609375,0.374406635761261
138,60,gaussian,5,43,0.328125,0.609375,0.328125,1.0,0.9330328702926636,0.311336487531662
139,60,gaussian,5,43,0.5625,0.640625,0.5625,1.0,1.2438859939575195,0.4027174413204193
140,60,gaussian,5,43,0.25,0.2578125,0.4375,1.0,2.7412285804748535,0.8712747693061829
141,60,gaussian,5,43,0.53125,0.625,0.53125,1.0,0.7564682960510254,0.25284549593925476
142,60,gaussian,5,43,,,,0.0,0.24553024768829346,0.07212748378515244
143,60,gaussian,5,43,0.28125,0.59375,0.28125,1.0,0.26336055994033813,0.09247051924467087
144,60,gaussian,5,43,0.421875,0.4375,0.421875,1.0,0.9701769351959229,0.32193639874458313
145,60,gaussian,5,43,0.296875,0.546875,0.296875,1.0,2.7485976219177246,0.8646398186683655
146,60,gaussian,5,43,,,,0.0,1.4827935695648193,0.502629280090332
147,60,gaussian,5,43,0.390625,0.40625,0.390625,1.0,0.6684024333953857,0.21555976569652557
148,60,gaussian,5,43,0.265625,0.59375,0.265625,1.0,2.3006186485290527,0.7713654041290283
149,60,gaussian,5,43,0.328125,0.609375,0.328125,1.0,0.5530186295509338,0.18807822465896606
150,60,gaussian,5,43,0.234375,0.1875,0.4166666666666667,1.0,2.1980271339416504,0.6836853623390198
151,60,gaussian,5,43,0.46875,0.5,0.46875,1.0,2.000277519226074,0.6849731206893921
152,60,gaussian,5,43,0.703125,0.28125,0.703125,1.0,1.0340900421142578,0.3048269748687744
153,60,gaussian,5,43,,,,0.0,6.44291877746582,2.096884250640869
154,60,gaussian,5,43,0.46875,0.53125,0.46875,1.0,0.7811001539230347,0.2587800920009613
155,60,gaussian,5,43,0.4375,0.421875,0.4375,1.0,1.406308650970459,0.4614464342594147
156,60,gaussian,5,43,0.46875,0.59375,0.46875,1.0,5.102307319641113,1.8481210470199585
157,60,gaussian,5,43,0.2265625,0.2265625,0.4866666666666667,1.0,1.9062321186065674,0.6349779963493347
158,60,gaussian,5,43,0.515625,0.59375,0.515625,1.0,1.114565372467041,0.3967968821525574
159,60,gaussian,5,43,0.265625,0.59375,0.265625,1.0,2.2995543479919434,0.7713653445243835
160,60,gaussian,5,43,0.515625,0.25,0.515625,1.0,0.9709620475769043,0.3499085009098053
161,60,gaussian,5,43,0.390625,0.59375,0.390625,1.0,1.5970771312713623,0.5121224522590637
162,60,gaussian,5,43,0.421875,0.609375,0.421875,1.0,0.9232115745544434,0.30049610137939453
163,60,gaussian,5,43,0.5,0.609375,0.5,1.0,1.5043771266937256,0.5122764110565186
164,60,gaussian,5,43,0.703125,0.5,0.703125,1.0,1.8145756721496582,0.6179637312889099
165,60,gaussian,5,43,0.734375,0.515625,0.734375,1.0,4.730940818786621,1.3733031749725342
166,60,gaussian,5,43,0.28125,0.578125,0.28125,1.0,1.2178685665130615,0.43734946846961975
167,60,gaussian,5,43,0.484375,0.40625,0.484375,1.0,0.7800402045249939,0.31086546182632446
168,60,gaussian,5,43,0.296875,0.625,0.296875,1.0,0.988490641117096,0.32251599431037903
169,60,gaussian,5,43,,,,0.0,11.295076370239258,3.767470121383667
170,60,gaussian,5,43,0.71875,0.59375,0.71875,1.0,2.3740527629852295,0.7093368172645569
171,60,gaussian,5,43,0.390625,0.484375,0.390625,1.0,2.2832741737365723,0.7498369812965393
172,60,gaussian,5,43,0.4375,0.5625,0.4375,1.0,3.7239866256713867,1.218899130821228
173,60,gaussian,5,43,0.5,0.53125,0.5,1.0,0.49900490045547485,0.17633679509162903
174,60,gaussian,5,43,0.609375,0.546875,0.609375,1.0,0.9318145513534546,0.32325679063796997
175,60,gaussian,5,43,0.703125,0.5,0.703125,1.0,1.8142973184585571,0.6179637908935547
176,60,gaussian,5,43,0.25,0.265625,0.49411764705882355,1.0,1.2902014255523682,0.40593221783638
177,60,gaussian,5,43,0.46875,0.40625,0.46875,1.0,2.926438093185425,1.0062048435211182
178,60,gaussian,5,43,0.609375,0.546875,0.609375,1.0,0.9316850304603577,0.32325679063796997
179,60,gaussian,5,43,0.265625,0.625,0.265625,1.0,0.8442718982696533,0.29766982793807983
180,60,gaussian,5,43,0.515625,0.609375,0.515625,1.0,1.1316893100738525,0.3928813636302948
181,60,gaussian,5,43,0.609375,0.5625,0.609375,1.0,0.9315040111541748,0.32325679063796997
182,60,gaussian,5,43,0.359375,0.65625,0.359375,1.0,0.9108654260635376,0.286105215549469
183,60,gaussian,5,43,0.390625,0.640625,0.390625,1.0,1.0578556060791016,0.3326621949672699
184,60,gaussian,5,43,,,,0.0,0.23306912183761597,0.07765717804431915
185,60,gaussian,5,43,0.71875,0.625,0.71875,1.0,2.0966196060180664,0.6999135613441467
186,60,gaussian,5,43,0.3125,0.46875,0.3125,1.0,4.383968353271484,1.3936231136322021
187,60,gaussian,5,43,0.515625,0.53125,0.515625,1.0,0.7703649997711182,0.27215346693992615
188,60,gaussian,5,43,0.609375,0.65625,0.609375,1.0,4.077008247375488,1.2874592542648315
189,60,gaussian,5,43,0.4375,0.59375,0.4375,1.0,3.225935935974121,1.0907543897628784
190,60,gaussian,5,43,0.640625,0.546875,0.640625,1.0,1.3677327632904053,0.48124849796295166
191,60,gaussian,5,43,0.265625,0.625,0.265625,1.0,0.48356616497039795,0.1583956927061081
192,60,gaussian,5,43,0.265625,0.625,0.265625,1.0,0.7985658049583435,0.2548014223575592
193,60,gaussian,5,43,0.28125,0.640625,0.28125,1.0,0.49146348237991333,0.15428361296653748
194,60,gaussian,5,43,0.453125,0.546875,0.453125,1.0,0.4215007424354553,0.15066669881343842
195,60,gaussian,5,43,0.34375,0.625,0.34375,1.0,1.643455982208252,0.5053595304489136
196,60,gaussian,5,43,0.40625,0.46875,0.40625,1.0,1.265357494354248,0.3986198902130127
197,60,gaussian,5,43,0.5,0.46875,0.5,1.0,1.6888748407363892,0.5809628367424011
198,60,gaussian,5,43,0.2578125,0.265625,0.46875,1.0,4.447910785675049,1.414624810218811
199,60,gaussian,5,43,0.328125,0.609375,0.328125,1.0,0.5208479762077332,0.17389798164367676
200,60,gaussian,5,43,0.25,0.59375,0.25,1.0,0.9229069948196411,0.27358102798461914
201,60,gaussian,5,43,0.65625,0.65625,0.65625,1.0,1.3722000122070312,0.48530781269073486
202,60,gaussian,5,43,0.4375,0.40625,0.4375,1.0,2.811901330947876,0.9852439761161804
203,60,gaussian,5,43,0.484375,0.546875,0.484375,1.0,1.7984182834625244,0.6399551033973694
204,60,gaussian,5,43,0.484375,0.421875,0.484375,1.0,1.340660572052002,0.441160649061203
205,60,gaussian,5,43,0.25,0.609375,0.25,1.0,2.169236660003662,0.7184174656867981
206,60,gaussian,5,43,0.4375,0.578125,0.4375,1.0,3.7282400131225586,1.2188992500305176
207,60,gaussian,5,43,0.2578125,0.21875,0.47333333333333333,1.0,4.192630767822266,1.3782602548599243
208,60,gaussian,5,43,0.75,0.25,0.75,1.0,2.385512113571167,0.6574363112449646
209,60,gaussian,5,43,0.4375,0.53125,0.4375,1.0,0.8192371726036072,0.28384941816329956
210,60,gaussian,5,43,0.765625,0.171875,0.765625,1.0,0.33187270164489746,0.10259360074996948
211,60,gaussian,5,43,0.4375,0.46875,0.4375,1.0,5.0524373054504395,1.700706124305725
212,60,gaussian,5,43,0.3125,0.59375,0.3125,1.0,0.6666833758354187,0.23132432997226715
213,60,gaussian,5,43,0.296875,0.59375,0.296875,1.0,2.1286489963531494,0.704119861125946
214,60,gaussian,5,43,0.6875,0.65625,0.6875,1.0,2.05759859085083,0.6682609915733337
215,60,gaussian,5,43,0.390625,0.625,0.390625,1.0,1.5670044422149658,0.5359231233596802
216,60,gaussian,5,43,0.28125,0.625,0.28125,1.0,0.6252532005310059,0.19608396291732788
217,60,gaussian,5,43,0.71875,0.609375,0.71875,1.0,2.3770196437835693,0.7093368172645569
218,60,gaussian,5,43,0.5,0.46875,0.5,1.0,1.6440300941467285,0.5729756951332092
219,60,gaussian,5,43,0.328125,0.609375,0.328125,1.0,1.871511459350586,0.6303302645683289
220,60,gaussian,5,43,0.265625,0.265625,0.6538461538461539,1.0,1.6207538843154907,0.5470496416091919
221,60,gaussian,5,43,0.21875,0.625,0.21875,1.0,0.5081809759140015,0.1550697386264801
222,60,gaussian,5,43,0.328125,0.390625,0.6,1.0,1.318174958229065,0.4089643657207489
223,60,gaussian,5,43,0.75,0.609375,0.75,1.0,3.1136317253112793,1.1079213619232178
224,60,gaussian,5,43,0.421875,0.421875,0.421875,1.0,1.6162832975387573,0.5526183247566223
225,60,gaussian,5,43,0.703125,0.625,0.703125,1.0,2.100006341934204,0.699913501739502
226,60,gaussian,5,43,0.296875,0.609375,0.296875,1.0,2.1443920135498047,0.777265727519989
227,60,gaussian,5,43,0.3125,0.59375,0.3125,1.0,0.34909647703170776,0.11932548880577087
228,60,gaussian,5,43,0.265625,0.265625,0.265625,1.0,0.5524045825004578,0.1543194055557251
229,60,gaussian,5,43,0.34375,0.578125,0.34375,1.0,2.072188138961792,0.6937791109085083
230,60,gaussian,5,43,0.625,0.4375,0.625,1.0,1.8395229578018188,0.6721925139427185
231,60,gaussian,5,43,0.328125,0.40625,0.328125,1.0,18.11368179321289,5.732033729553223
232,60,gaussian,5,43,0.421875,0.484375,0.421875,1.0,0.45986127853393555,0.15941481292247772
233,60,gaussian,5,43,0.28125,0.640625,0.28125,1.0,0.4908393919467926,0.15428361296653748
234,60,gaussian,5,43,0.28125,0.2734375,0.5160575858250277,1.0,1.9779804944992065,0.638842761516571
235,60,gaussian,5,43,0.265625,0.65625,0.265625,1.0,0.4903537333011627,0.15428361296653748
236,60,gaussian,5,43,0.6875,0.375,0.6875,1.0,0.6378455758094788,0.18636097013950348
237,60,gaussian,5,43,0.34375,0.515625,0.34375,1.0,2.7405354976654053,0.881738007068634
238,60,gaussian,5,43,0.25,0.2265625,0.5242914979757085,1.0,1.3712892532348633,0.41799378395080566
239,60,gaussian,5,43,0.34375,0.234375,0.34375,1.0,1.2794179916381836,0.41226834058761597
240,60,gaussian,5,43,0.390625,0.625,0.390625,1.0,1.741328477859497,0.5810627341270447
241,60,gaussian,5,43,0.40625,0.453125,0.40625,1.0,0.6092486381530762,0.19144318997859955
242,60,gaussian,5,43,0.609375,0.65625,0.609375,1.0,0.9824360609054565,0.3152647614479065
243,60,gaussian,5,43,0.359375,0.4375,0.359375,1.0,2.2869629859924316,0.739246666431427
244,60,gaussian,5,43,0.421875,0.328125,0.421875,1.0,3.7174081802368164,1.4121181964874268
245,60,gaussian,5,43,0.34375,0.375,0.55,1.0,1.7274285554885864,0.5111360549926758
246,60,gaussian,5,43,0.25,0.234375,0.4901960784313726,1.0,3.416515350341797,1.1589614152908325
247,60,gaussian,5,43,0.453125,0.640625,0.453125,1.0,4.931170463562012,1.7041919231414795
248,60,gaussian,5,43,0.34375,0.59375,0.34375,1.0,0.6904191970825195,0.23125913739204407
249,60,gaussian,5,43,0.34375,0.390625,0.34375,1.0,0.6995968818664551,0.2673601806163788
250,60,gaussian,5,43,0.75,0.28125,0.75,1.0,0.6491745710372925,0.18618731200695038
251,60,gaussian,5,43,0.265625,0.578125,0.265625,1.0,2.1673779487609863,0.7254230380058289
252,60,gaussian,5,43,0.296875,0.59375,0.296875,1.0,1.5130741596221924,0.5037436485290527
253,60,gaussian,5,43,0.453125,0.625,0.453125,1.0,1.2581560611724854,0.4010013937950134
254,60,gaussian,5,43,0.2421875,0.2578125,0.5229468599033816,1.0,1.913542628288269,0.5904129147529602
255,60,gaussian,5,43,0.40625,0.65625,0.40625,1.0,0.872299313545227,0.27119725942611694
256,60,gaussian,5,43,0.34375,0.5625,0.34375,1.0,1.389328956604004,0.46512648463249207
257,60,gaussian,5,43,0.375,0.546875,0.375,1.0,1.2677438259124756,0.4183330833911896
258,60,gaussian,5,43,0.671875,0.65625,0.671875,1.0,1.2671900987625122,0.3951030671596527
259,60,gaussian,5,43,0.28125,0.609375,0.28125,1.0,2.63547945022583,0.8528203368186951
260,60,gaussian,5,43,0.234375,0.2265625,0.49049049049049054,1.0,4.900190353393555,1.610319972038269
261,60,gaussian,5,43,0.265625,0.625,0.265625,1.0,1.1329759359359741,0.358008474111557
262,60,gaussian,5,43,0.296875,0.453125,0.296875,1.0,1.559044599533081,0.49477845430374146
263,60,gaussian,5,43,0.296875,0.609375,0.296875,1.0,0.9892113208770752,0.32971447706222534
264,60,gaussian,5,43,0.25,0.59375,0.25,1.0,0.92205810546875,0.27358102798461914
265,60,gaussian,5,43,0.21875,0.1875,0.4375,1.0,1.2188935279846191,0.3493463695049286
266,60,gaussian,5,43,0.3125,0.625,0.3125,1.0,1.8713527917861938,0.6303302049636841
267,60,gaussian,5,43,0.3125,0.640625,0.3125,1.0,1.6283857822418213,0.5840129256248474
268,60,gaussian,5,43,0.3125,0.484375,0.3125,1.0,4.384299278259277,1.3936231136322021
269,60,gaussian,5,43,0.28125,0.609375,0.28125,1.0,0.3210274279117584,0.1126881018280983
270,60,gaussian,5,43,0.40625,0.65625,0.40625,1.0,0.33932721614837646,0.10914325714111328
271,60,gaussian,5,43,0.265625,0.59375,0.265625,1.0,2.021681547164917,0.6606104969978333
272,60,gaussian,5,43,0.15625,0.140625,0.45454545454545453,1.0,3.2884905338287354,1.0900342464447021
273,60,gaussian,5,43,0.296875,0.59375,0.296875,1.0,1.8646693229675293,0.5649250745773315
274,60,gaussian,5,43,0.3125,0.5625,0.3125,1.0,1.0592612028121948,0.3573152422904968
275,60,gaussian,5,43,0.3125,0.578125,0.3125,1.0,9.204476356506348,2.9700984954833984
276,60,gaussian,5,43,0.28125,0.59375,0.28125,1.0,2.6342897415161133,0.8528203368186951
277,60,gaussian,5,43,0.71875,0.234375,0.71875,1.0,4.668591499328613,1.4298757314682007
278,60,gaussian,5,43,0.375,0.59375,0.375,1.0,1.3228727579116821,0.43236595392227173
279,60,gaussian,5,43,0.734375,0.578125,0.734375,1.0,8.245698928833008,2.9398109912872314
280,60,gaussian,5,43,0.265625,0.640625,0.265625,1.0,1.043220043182373,0.30658525228500366
281,60,gaussian,5,43,0.3125,0.484375,0.3125,1.0,4.386203765869141,1.3936229944229126
282,60,gaussian,5,43,0.328125,0.578125,0.328125,1.0,2.0725643634796143,0.6937790513038635
283,60,gaussian,5,43,0.2421875,0.25,0.5125,1.0,4.623344898223877,1.401373267173767
284,60,gaussian,5,43,0.265625,0.609375,0.265625,1.0,1.1338714361190796,0.358008474111557
285,60,gaussian,5,43,0.4375,0.46875,0.4375,1.0,1.1400408744812012,0.3927125036716461
286,60,gaussian,5,43,0.265625,0.21875,0.68,1.0,1.4975132942199707,0.47256070375442505
287,60,gaussian,5,43,,,,0.0,4.192671298980713,1.3782602548599243
288,60,gaussian,5,43,0.5,0.40625,0.5,1.0,3.8603739738464355,1.3442085981369019
289,60,gaussian,5,43,0.59375,0.40625,0.59375,1.0,1.1598212718963623,0.38440462946891785
290,60,gaussian,5,43,0.5,0.421875,0.5,1.0,2.614948272705078,0.9846195578575134
291,60,gaussian,5,43,0.46875,0.53125,0.46875,1.0,0.7811431288719177,0.2587800621986389
292,60,gaussian,5,43,0.34375,0.359375,0.34375,1.0,1.1675946712493896,0.36076223850250244
293,60,gaussian,5,43,0.453125,0.59375,0.453125,1.0,0.5397740602493286,0.1779031902551651
294,60,gaussian,5,43,0.40625,0.546875,0.40625,1.0,2.8507142066955566,0.9800425171852112
295,60,gaussian,5,43,0.28125,0.609375,0.28125,1.0,1.7629157304763794,0.5820947289466858
296,60,gaussian,5,43,0.296875,0.609375,0.296875,1.0,2.7946829795837402,0.9792250394821167
297,60,gaussian,5,43,0.2265625,0.2265625,0.4875,1.0,1.9073684215545654,0.6349779963493347
298,60,gaussian,5,43,0.296875,0.453125,0.296875,1.0,1.5592265129089355,0.49477845430374146
299,60,gaussian,5,43,0.53125,0.546875,0.53125,1.0,1.2720530033111572,0.46073171496391296
300,60,gaussian,5,43,0.4375,0.578125,0.4375,1.0,4.433775901794434,1.5930087566375732
301,60,gaussian,5,43,0.53125,0.625,0.53125,1.0,1.507431983947754,0.537145733833313
302,60,gaussian,5,43,0.625,0.4375,0.625,1.0,1.8389761447906494,0.6721925139427185
303,60,gaussian,5,43,0.578125,0.5625,0.578125,1.0,0.715354859828949,0.25497907400131226
304,60,gaussian,5,43,0.390625,0.46875,0.390625,1.0,2.475004196166992,0.8123241066932678
305,60,gaussian,5,43,0.65625,0.359375,0.65625,1.0,1.6939654350280762,0.5214398503303528
306,60,gaussian,5,43,0.453125,0.625,0.453125,1.0,1.256681203842163,0.4010013937950134
307,60,gaussian,5,43,0.265625,0.2421875,0.5392156862745098,1.0,4.229740142822266,1.3317501544952393
308,60,gaussian,5,43,0.609375,0.484375,0.609375,1.0,5.938965320587158,2.011370897293091
309,60,gaussian,5,43,0.546875,0.578125,0.546875,1.0,1.218475341796875,0.3914422392845154
310,60,gaussian,5,43,0.375,0.546875,0.375,1.0,6.65720272064209,2.2622108459472656
311,60,gaussian,5,43,0.359375,0.65625,0.359375,1.0,0.8592318296432495,0.2979808449745178
312,60,gaussian,5,43,0.296875,0.453125,0.296875,1.0,1.559647560119629,0.49477845430374146
313,60,gaussian,5,43,0.265625,0.625,0.265625,1.0,1.1332756280899048,0.358008474111557
314,60,gaussian,5,43,0.390625,0.484375,0.390625,1.0,2.473127603530884,0.8123241066932678
315,60,gaussian,5,43,0.296875,0.546875,0.296875,1.0,1.8540503978729248,0.5390484929084778
316,60,gaussian,5,43,0.375,0.5625,0.375,1.0,2.2127678394317627,0.7357970476150513
317,60,gaussian,5,43,0.609375,0.640625,0.609375,1.0,4.0749311447143555,1.2874592542648315
318,60,gaussian,5,43,0.703125,0.265625,0.703125,1.0,0.7953561544418335,0.24362999200820923
319,60,gaussian,5,43,0.234375,0.2734375,0.4610837438423645,1.0,1.5395917892456055,0.4476616382598877
320,60,gaussian,5,43,0.515625,0.53125,0.515625,1.0,0.7701218724250793,0.27215346693992615
321,60,gaussian,5,43,0.421875,0.453125,0.421875,1.0,0.9428730010986328,0.32915061712265015
322,60,gaussian,5,43,0.609375,0.5625,0.609375,1.0,0.9311835765838623,0.32325679063796997
323,60,gaussian,5,43,0.328125,0.609375,0.328125,1.0,0.5208591222763062,0.17389798164367676
324,60,gaussian,5,43,0.234375,0.234375,0.4610837438423645,1.0,3.5945606231689453,1.029188632965088
325,60,gaussian,5,43,0.421875,0.4375,0.421875,1.0,0.9700677394866943,0.32193639874458313
326,60,gaussian,5,43,0.578125,0.15625,0.578125,1.0,0.6514363288879395,0.20386895537376404
327,60,gaussian,5,43,0.28125,0.53125,0.28125,1.0,1.6757888793945312,0.5729416608810425
328,60,gaussian,5,43,0.328125,0.546875,0.328125,1.0,3.2767953872680664,1.1779439449310303
329,60,gaussian,5,43,0.328125,0.5625,0.328125,1.0,0.9628815650939941,0.30012837052345276
330,60,gaussian,5,43,0.484375,0.40625,0.484375,1.0,2.929227352142334,1.0062048435211182
331,60,gaussian,5,43,0.34375,0.578125,0.34375,1.0,1.5206058025360107,0.5278982520103455
332,60,gaussian,5,43,0.6875,0.109375,0.6875,1.0,0.8694612979888916,0.27920207381248474
333,60,gaussian,5,43,0.390625,0.40625,0.390625,1.0,0.6684312224388123,0.21555976569652557
334,60,gaussian,5,43,0.328125,0.625,0.328125,1.0,2.7286782264709473,0.9170017242431641
335,60,gaussian,5,43,0.390625,0.6875,0.390625,1.0,0.8182139992713928,0.25271689891815186
336,60,gaussian,5,43,0.59375,0.328125,0.59375,1.0,0.5612757205963135,0.1650417000055313
337,60,gaussian,5,43,0.453125,0.59375,0.453125,1.0,3.3835418224334717,1.0912504196166992
338,60,gaussian,5,43,0.359375,0.59375,0.359375,1.0,0.6906071305274963,0.23125915229320526
339,60,gaussian,5,43,0.4375,0.328125,0.4375,1.0,3.7153918743133545,1.4121181964874268
340,60,gaussian,5,43,0.46875,0.59375,0.46875,1.0,5.106301784515381,1.8481210470199585
341,60,gaussian,5,43,0.328125,0.625,0.328125,1.0,2.726789951324463,0.9170017242431641
342,60,gaussian,5,43,0.6875,0.34375,0.6875,1.0,1.6384496688842773,0.4736481010913849
343,60,gaussian,5,43,0.703125,0.5,0.703125,1.0,1.8096764087677002,0.6179637312889099
344,60,gaussian,5,43,0.609375,0.65625,0.609375,1.0,0.9823603630065918,0.3152647614479065
345,60,gaussian,5,43,0.390625,0.578125,0.390625,1.0,1.8464409112930298,0.6049382090568542
346,60,gaussian,5,43,0.2265625,0.234375,0.4438423645320197,1.0,3.5933876037597656,1.029188632965088
347,60,gaussian,5,43,0.25,0.25,0.5380116959064327,1.0,3.4319684505462646,1.082504153251648
348,60,gaussian,5,43,0.75,0.609375,0.75,1.0,3.1163244247436523,1.1079213619232178
349,60,gaussian,5,43,0.40625,0.609375,0.40625,1.0,0.9379453659057617,0.3386525809764862
350,60,gaussian,5,43,0.328125,0.625,0.328125,1.0,1.9392333030700684,0.6657390594482422
351,60,gaussian,5,43,0.484375,0.59375,0.484375,1.0,4.6615777015686035,1.6756350994110107
352,60,gaussian,5,43,0.75,0.25,0.75,1.0,2.344036817550659,0.6499215960502625
353,60,gaussian,5,43,0.390625,0.609375,0.390625,1.0,2.122091770172119,0.7728293538093567
354,60,gaussian,5,43,0.625,0.625,0.625,1.0,3.3788347244262695,1.1943804025650024
355,60,gaussian,5,43,0.375,0.546875,0.375,1.0,6.654636383056641,2.2622108459472656
356,60,gaussian,5,43,0.65625,0.390625,0.65625,1.0,5.96372127532959,1.9229283332824707
357,60,gaussian,5,43,0.296875,0.59375,0.296875,1.0,1.863378882408142,0.5649251341819763
358,60,gaussian,5,43,0.484375,0.421875,0.484375,1.0,0.7796764373779297,0.3108654320240021
359,60,gaussian,5,43,0.328125,0.625,0.328125,1.0,2.726379156112671,0.9170017242431641
360,60,gaussian,5,43,0.53125,0.609375,0.53125,1.0,1.6551328897476196,0.5616057515144348
361,60,gaussian,5,43,0.484375,0.375,0.484375,1.0,3.2425739765167236,1.1040769815444946
362,60,gaussian,5,43,0.328125,0.5625,0.328125,1.0,1.5097954273223877,0.5027443766593933
363,60,gaussian,5,43,0.2421875,0.2734375,0.47832512315270936,1.0,1.5380324125289917,0.4476616382598877
364,60,gaussian,5,43,0.28125,0.640625,0.28125,1.0,0.4555109739303589,0.1494034379720688
365,60,gaussian,5,43,0.1875,0.140625,0.4,1.0,1.289660930633545,0.40593221783638
366,60,gaussian,5,43,0.296875,0.328125,0.5428571428571428,1.0,3.589578628540039,1.029188632965088
367,60,gaussian,5,43,0.59375,0.390625,0.59375,1.0,1.161811351776123,0.38440459966659546
368,60,gaussian,5,43,0.09375,0.0625,0.35294117647058826,1.0,2.359645366668701,0.777108907699585
369,60,gaussian,5,43,0.546875,0.609375,0.546875,1.0,2.593935012817383,0.8491767644882202
370,60,gaussian,5,43,0.609375,0.65625,0.609375,1.0,1.4678497314453125,0.48859870433807373
371,60,gaussian,5,43,0.359375,0.671875,0.359375,1.0,0.9541450142860413,0.2867252230644226
372,60,gaussian,5,43,0.640625,0.671875,0.640625,1.0,1.2197636365890503,0.374406635761261
373,60,gaussian,5,43,0.265625,0.265625,0.48051948051948057,1.0,7.6439385414123535,2.4695005416870117
374,60,gaussian,5,43,0.59375,0.484375,0.59375,1.0,3.812614917755127,1.3720557689666748
375,60,gaussian,5,43,0.25,0.609375,0.25,1.0,2.170083999633789,0.7184174656867981
376,60,gaussian,5,43,0.703125,0.625,0.703125,1.0,2.099125385284424,0.699913501739502
377,60,gaussian,5,43,0.40625,0.375,0.40625,1.0,2.7931017875671387,0.9396771788597107
378,60,gaussian,5,43,0.515625,0.4375,0.515625,1.0,1.1477298736572266,0.39838558435440063
379,60,gaussian,5,43,0.703125,0.28125,0.703125,1.0,1.0328246355056763,0.3048269748687744
380,60,gaussian,5,43,0.453125,0.5,0.453125,1.0,0.7297854423522949,0.2500039339065552
381,60,gaussian,5,43,0.46875,0.453125,0.46875,1.0,0.7745765447616577,0.26682013273239136
382,60,gaussian,5,43,0.5,0.421875,0.5,1.0,2.163243532180786,0.8555253744125366
383,60,gaussian,5,43,0.609375,0.65625,0.609375,1.0,0.9823194146156311,0.3152647614479065
384,60,gaussian,5,43,0.15625,0.125,0.4166666666666667,1.0,1.725139856338501,0.5111361145973206
385,60,gaussian,5,43,0.734375,0.515625,0.734375,1.0,4.730998992919922,1.3733031749725342
386,60,gaussian,5,43,0.5625,0.546875,0.5625,1.0,7.24670934677124,2.6197056770324707
387,60,gaussian,5,43,0.421875,0.484375,0.421875,1.0,0.4598219394683838,0.15941481292247772
388,60,gaussian,5,43,0.265625,0.578125,0.265625,1.0,2.16555118560791,0.7254230380058289
389,60,gaussian,5,43,0.296875,0.296875,0.296875,1.0,0.378134548664093,0.10852812975645065
390,60,gaussian,5,43,0.15625,0.125,0.37037037037037035,1.0,2.0232737064361572,0.7088102698326111
391,60,gaussian,5,43,0.28125,0.640625,0.28125,1.0,0.4915180504322052,0.15428361296653748
392,60,gaussian,5,43,0.2421875,0.25,0.5125,1.0,4.622859001159668,1.401373267173767
393,60,gaussian,5,43,0.28125,0.28125,0.525974025974026,1.0,2.7074363231658936,0.8456494808197021
394,60,gaussian,5,43,0.328125,0.359375,0.328125,1.0,1.1601758003234863,0.34946537017822266
395,60,gaussian,5,43,0.28125,0.65625,0.28125,1.0,0.4375445246696472,0.1515556275844574
396,60,gaussian,5,43,0.625,0.703125,0.625,1.0,0.618800163269043,0.1974010020494461
397,60,gaussian,5,43,0.109375,0.078125,0.30434782608695654,1.0,7.650273323059082,2.4695005416870117
398,60,gaussian,5,43,0.234375,0.515625,0.234375,1.0,0.8351760506629944,0.24808062613010406
399,60,gaussian,5,43,0.2421875,0.2421875,0.484375,1.0,1.2190678119659424,0.3493463695049286
400,60,gaussian,5,43,0.171875,0.125,0.4230769230769231,1.0,1.614338755607605,0.5117970705032349
401,60,gaussian,5,43,0.640625,0.484375,0.640625,1.0,1.2814791202545166,0.4528442323207855
402,60,gaussian,5,43,0.359375,0.34375,0.359375,1.0,1.2606666088104248,0.4274633526802063
403,60,gaussian,5,43,0.3125,0.515625,0.3125,1.0,1.5613679885864258,0.4722707271575928
404,60,gaussian,5,43,0.5,0.4375,0.5,1.0,0.8013743162155151,0.27267569303512573
405,60,gaussian,5,43,0.671875,0.65625,0.671875,1.0,2.5785927772521973,0.8824953436851501
406,60,gaussian,5,43,0.375,0.546875,0.375,1.0,2.2109947204589844,0.7357969880104065
407,60,gaussian,5,43,0.25,0.25,0.5380116959064327,1.0,3.4345555305480957,1.082504153251648
408,60,gaussian,5,43,0.5625,0.640625,0.5625,1.0,2.201732635498047,0.6933602094650269
409,60,gaussian,5,43,0.296875,0.578125,0.296875,1.0,0.6667746305465698,0.23132432997226715
410,60,gaussian,5,43,0.40625,0.4375,0.40625,1.0,0.810289740562439,0.26750239729881287
411,60,gaussian,5,43,0.34375,0.390625,0.34375,1.0,2.178220748901367,0.6771894693374634
412,60,gaussian,5,43,0.4375,0.28125,0.4375,1.0,0.7087351083755493,0.23675495386123657
413,60,gaussian,5,43,0.703125,0.265625,0.703125,1.0,0.7942453622817993,0.24362999200820923
414,60,gaussian,5,43,0.328125,0.59375,0.328125,1.0,9.191844940185547,2.9700984954833984
415,60,gaussian,5,43,0.3125,0.65625,0.3125,1.0,1.012362003326416,0.297924280166626
416,60,gaussian,5,43,0.3125,0.359375,0.6060606060606061,1.0,1.2897734642028809,0.40593221783638
417,60,gaussian,5,43,0.734375,0.25,0.734375,1.0,2.348210573196411,0.6499215960502625
418,60,gaussian,5,43,0.53125,0.5,0.53125,1.0,10.852802276611328,3.6975231170654297
419,60,gaussian,5,43,0.609375,0.484375,0.609375,1.0,5.939260005950928,2.011370897293091
420,60,gaussian,5,43,0.296875,0.578125,0.296875,1.0,0.656745195388794,0.20052888989448547
421,60,gaussian,5,43,0.28125,0.28125,0.525974025974026,1.0,2.708171844482422,0.8456495404243469
422,60,gaussian,5,43,0.296875,0.5625,0.296875,1.0,2.7462475299835205,0.8646398186683655
423,60,gaussian,5,43,0.40625,0.4375,0.40625,1.0,0.8084322214126587,0.2675023674964905
424,60,gaussian,5,43,0.21875,0.203125,0.35,1.0,1.907576560974121,0.6349779963493347
425,60,gaussian,5,43,0.390625,0.40625,0.390625,1.0,0.6687477827072144,0.21555978059768677
426,60,gaussian,5,43,0.390625,0.328125,0.390625,1.0,1.511944055557251,0.5055071115493774
427,60,gaussian,5,43,,,,0.0,0.24536804854869843,0.07212748378515244
428,60,gaussian,5,43,0.640625,0.5,0.640625,1.0,1.2820988893508911,0.4528442323207855
429,60,gaussian,5,43,0.265625,0.59375,0.265625,1.0,2.301647901535034,0.7713654041290283
430,60,gaussian,5,43,0.34375,0.578125,0.34375,1.0,2.0730185508728027,0.6937791109085083
431,60,gaussian,5,43,0.703125,0.515625,0.703125,1.0,2.6585559844970703,0.8778858184814453
432,60,gaussian,5,43,0.359375,0.65625,0.359375,1.0,0.9112998247146606,0.286105215549469
433,60,gaussian,5,43,0.109375,0.0625,0.3684210526315789,1.0,3.0960440635681152,1.0787469148635864
434,60,gaussian,5,43,0.328125,0.5625,0.328125,1.0,1.3893439769744873,0.46512648463249207
435,60,gaussian,5,43,0.609375,0.421875,0.609375,1.0,6.094164848327637,1.900815725326538
436,60,gaussian,5,43,0.34375,0.59375,0.34375,1.0,0.6046127676963806,0.20221494138240814
437,60,gaussian,5,43,0.40625,0.59375,0.40625,1.0,2.6982364654541016,0.8450959324836731
438,60,gaussian,5,43,0.6875,0.375,0.6875,1.0,0.6374011039733887,0.18636097013950348
439,60,gaussian,5,43,0.28125,0.53125,0.28125,1.0,2.760218858718872,0.8463281989097595
440,60,gaussian,5,43,0.34375,0.515625,0.34375,1.0,1.0848326683044434,0.34633752703666687
441,60,gaussian,5,43,0.5,0.5625,0.5,1.0,1.7980446815490723,0.6399551033973694
442,60,gaussian,5,43,0.4375,0.421875,0.4375,1.0,1.4060113430023193,0.4614464342594147
443,60,gaussian,5,43,0.546875,0.4375,0.546875,1.0,0.3788052499294281,0.1485593169927597
444,60,gaussian,5,43,0.375,0.59375,0.375,1.0,1.3227589130401611,0.43236595392227173
445,60,gaussian,5,43,0.234375,0.609375,0.234375,1.0,2.1705856323242188,0.7184175252914429
446,60,gaussian,5,43,0.453125,0.625,0.453125,1.0,2.8219950199127197,0.9340140223503113
447,60,gaussian,5,43,0.265625,0.59375,0.265625,1.0,2.301893949508667,0.7713654041290283
448,60,gaussian,5,43,0.515625,0.609375,0.515625,1.0,0.40252599120140076,0.1376381367444992
449,60,gaussian,5,43,0.265625,0.609375,0.265625,1.0,1.1342778205871582,0.358008474111557
450,60,gaussian,5,43,0.5625,0.625,0.5625,1.0,10.292058944702148,3.5638577938079834
451,60,gaussian,5,43,0.390625,0.640625,0.390625,1.0,1.0580006837844849,0.3326621949672699
452,60,gaussian,5,43,,,,0.0,0.2331836223602295,0.07765717804431915
453,60,gaussian,5,43,0.328125,0.578125,0.328125,1.0,1.5213806629180908,0.5278983116149902
454,60,gaussian,5,43,0.265625,0.296875,0.53125,1.0,1.2201954126358032,0.3493463695049286
455,60,gaussian,5,43,0.328125,0.578125,0.328125,1.0,2.5469212532043457,0.8390257358551025
456,60,gaussian,5,43,0.484375,0.40625,0.484375,1.0,2.929314613342285,1.0062048435211182
457,60,gaussian,5,43,0.25,0.2578125,0.49607843137254903,1.0,1.0478053092956543,0.31257060170173645
458,60,gaussian,5,43,0.265625,0.5625,0.265625,1.0,2.1683290004730225,0.6823872327804565
459,60,gaussian,5,43,0.28125,0.5625,0.28125,1.0,2.0562314987182617,0.7306289076805115
460,60,gaussian,5,43,0.28125,0.3125,0.28125,1.0,1.886880874633789,0.5380703210830688
461,60,gaussian,5,43,0.515625,0.59375,0.515625,1.0,0.9718300104141235,0.3472624719142914
462,60,gaussian,5,43,0.265625,0.625,0.265625,1.0,0.7313939332962036,0.23119644820690155
463,60,gaussian,5,43,0.375,0.609375,0.375,1.0,0.6888974905014038,0.21679779887199402
464,60,gaussian,5,43,0.390625,0.640625,0.390625,1.0,1.0578826665878296,0.3326621651649475
465,60,gaussian,5,43,0.265625,0.25,0.5166666666666666,1.0,1.726812720298767,0.5111361145973206
466,60,gaussian,5,43,0.25,0.578125,0.25,1.0,1.3995494842529297,0.4464188814163208
467,60,gaussian,5,43,0.328125,0.578125,0.328125,1.0,2.0725836753845215,0.6937791109085083
468,60,gaussian,5,43,0.265625,0.4375,0.265625,1.0,3.0378804206848145,1.0411996841430664
469,60,gaussian,5,43,0.703125,0.5,0.703125,1.0,1.81239652633667,0.6179637312889099
470,60,gaussian,5,43,0.34375,0.671875,0.34375,1.0,0.9533289670944214,0.2867252230644226
471,60,gaussian,5,43,0.609375,0.421875,0.609375,1.0,0.5522316694259644,0.17363278567790985
472,60,gaussian,5,43,0.5,0.59375,0.5,1.0,3.0953211784362793,1.078747034072876
473,60,gaussian,5,43,0.796875,0.578125,0.796875,1.0,0.7735112905502319,0.221279114484787
474,60,gaussian,5,43,0.359375,0.515625,0.359375,1.0,2.2080607414245605,0.7211422920227051
475,60,gaussian,5,43,0.34375,0.515625,0.34375,1.0,1.0849549770355225,0.34633752703666687
476,60,gaussian,5,43,0.453125,0.625,0.453125,1.0,2.823261260986328,0.9340140223503113
477,60,gaussian,5,43,0.34375,0.5625,0.34375,1.0,1.7375025749206543,0.557138204574585
478,60,gaussian,5,43,0.34375,0.59375,0.34375,1.0,0.6040783524513245,0.20221495628356934
479,60,gaussian,5,43,0.234375,0.234375,0.49049049049049054,1.0,4.850121021270752,1.576934814453125
480,60,gaussian,5,43,0.75,0.25,0.75,1.0,2.3797481060028076,0.6574363112449646
481,60,gaussian,5,43,0.46875,0.5625,0.46875,1.0,1.2039905786514282,0.4006062150001526
482,60,gaussian,5,43,0.703125,0.28125,0.703125,1.0,0.7948155403137207,0.24362999200820923
483,60,gaussian,5,43,0.34375,0.34375,0.34375,1.0,0.8347437977790833,0.26951274275779724
484,60,gaussian,5,43,0.65625,0.484375,0.65625,1.0,1.8449841737747192,0.5800797343254089
485,60,gaussian,5,43,0.53125,0.59375,0.53125,1.0,4.826631546020508,1.6422935724258423
486,60,gaussian,5,43,0.421875,0.59375,0.421875,1.0,4.4366655349731445,1.5930087566375732
487,60,gaussian,5,43,0.640625,0.6875,0.640625,1.0,1.2198188304901123,0.374406635761261
488,60,gaussian,5,43,0.703125,0.28125,0.703125,1.0,1.034116268157959,0.304826945066452
489,60,gaussian,5,43,0.34375,0.5625,0.34375,1.0,2.5452699661254883,0.8390257358551025
490,60,gaussian,5,43,0.40625,0.453125,0.40625,1.0,1.266180157661438,0.3986199200153351
491,60,gaussian,5,43,0.265625,0.5625,0.265625,1.0,2.054506540298462,0.7306289076805115
492,60,gaussian,5,43,0.3125,0.578125,0.3125,1.0,1.6448144912719727,0.5415304899215698
493,60,gaussian,5,43,0.5,0.5625,0.5,1.0,1.7980296611785889,0.6399551033973694
494,60,gaussian,5,43,0.203125,0.1875,0.34210526315789475,1.0,1.4993870258331299,0.47256070375442505
495,60,gaussian,5,43,0.34375,0.34375,0.34375,1.0,0.8345837593078613,0.26951274275779724
496,60,gaussian,5,43,0.25,0.609375,0.25,1.0,2.0260424613952637,0.6606104969978333
497,60,gaussian,5,43,0.484375,0.421875,0.484375,1.0,1.3398449420928955,0.4411606192588806
498,60,gaussian,5,43,0.2734375,0.1796875,0.48498122653316644,1.0,2.359217643737793,0.777108907699585
499,60,gaussian,5,43,0.265625,0.578125,0.265625,1.0,2.146373987197876,0.7312065958976746
500,60,gaussian,5,43,0.25,0.59375,0.25,1.0,2.1746835708618164,0.7184174656867981
501,60,gaussian,5,43,0.328125,0.359375,0.328125,1.0,2.3191919326782227,0.7087973952293396
502,60,gaussian,5,43,0.46875,0.484375,0.46875,1.0,0.35973984003067017,0.11691776663064957
503,60,gaussian,5,43,0.421875,0.390625,0.421875,1.0,2.4642155170440674,0.8806359171867371
504,60,gaussian,5,43,0.296875,0.59375,0.296875,1.0,0.9610904455184937,0.3154926002025604
505,60,gaussian,5,43,0.375,0.578125,0.375,1.0,2.125667095184326,0.7450371384620667
506,60,gaussian,5,43,0.578125,0.65625,0.578125,1.0,0.7171024084091187,0.22255535423755646
507,60,gaussian,5,43,0.296875,0.609375,0.296875,1.0,1.7637447118759155,0.5820947289466858
508,60,gaussian,5,43,0.28125,0.28125,0.5160575858250277,1.0,2.7024316787719727,0.8456494808197021
509,60,gaussian,5,43,0.265625,0.625,0.265625,1.0,0.7992109060287476,0.2548014223575592
510,60,gaussian,5,43,0.640625,0.578125,0.640625,1.0,0.43541836738586426,0.15301533043384552
511,60,gaussian,5,43,0.4375,0.53125,0.4375,1.0,0.8192563056945801,0.28384941816329956
512,60,gaussian,5,43,0.234375,0.2265625,0.49049049049049054,1.0,4.901269912719727,1.610319972038269
513,60,gaussian,5,43,0.609375,0.40625,0.609375,1.0,6.08967924118042,1.900815725326538
514,60,gaussian,5,43,0.5,0.46875,0.5,1.0,1.6895695924758911,0.5809628367424011
515,60,gaussian,5,43,0.109375,0.09375,0.3181818181818182,1.0,3.856537342071533,1.2128548622131348
516,60,gaussian,5,43,0.4375,0.484375,0.4375,1.0,0.4597107172012329,0.15941481292247772
517,60,gaussian,5,43,0.328125,0.484375,0.328125,1.0,2.0286154747009277,0.6356099247932434
518,60,gaussian,5,43,0.59375,0.0625,0.59375,1.0,0.600623607635498,0.15151219069957733
519,60,gaussian,5,43,0.296875,0.59375,0.296875,1.0,2.793656349182129,0.9792250394821167
520,60,gaussian,5,43,0.515625,0.59375,0.515625,1.0,1.1141564846038818,0.3967968821525574
521,60,gaussian,5,43,0.25,0.2421875,0.48923076923076925,1.0,6.905600547790527,2.0515480041503906
522,60,gaussian,5,43,0.265625,0.65625,0.265625,1.0,1.0250558853149414,0.34922105073928833
523,60,gaussian,5,43,0.4375,0.59375,0.4375,1.0,2.2495241165161133,0.7214365601539612
524,60,gaussian,5,43,0.4375,0.640625,0.4375,1.0,5.988472938537598,2.0436198711395264
525,60,gaussian,5,43,0.4375,0.46875,0.4375,1.0,0.7227057218551636,0.24433393776416779
526,60,gaussian,5,43,0.3125,0.328125,0.3125,1.0,0.3597782850265503,0.1096101701259613
527,60,gaussian,5,43,0.515625,0.484375,0.515625,1.0,4.3043389320373535,1.4891234636306763
528,60,gaussian,5,43,0.71875,0.515625,0.71875,1.0,2.658576726913452,0.8778858184814453
529,60,gaussian,5,43,0.296875,0.625,0.296875,1.0,0.9178144335746765,0.31147491931915283
530,60,gaussian,5,43,0.53125,0.609375,0.53125,1.0,0.5499370694160461,0.1962711066007614
531,60,gaussian,5,43,0.2890625,0.28125,0.5398671096345515,1.0,2.7022337913513184,0.8456494808197021
532,60,gaussian,5,43,0.390625,0.609375,0.390625,1.0,2.7000269889831543,0.8450959324836731
533,60,gaussian,5,43,0.390625,0.578125,0.390625,1.0,2.518643856048584,0.8348037600517273
534,60,gaussian,5,43,0.265625,0.28125,0.5198412698412699,1.0,2.0389294624328613,0.5552576184272766
535,60,gaussian,5,43,0.625,0.421875,0.625,1.0,1.9704279899597168,0.6525838375091553
536,60,gaussian,5,43,0.5625,0.59375,0.5625,1.0,0.5175832509994507,0.1791718602180481
537,60,gaussian,5,43,0.203125,0.171875,0.48148148148148145,1.0,2.3094711303710938,0.6973774433135986
538,60,gaussian,5,43,0.6875,0.65625,0.6875,1.0,1.0872303247451782,0.36782950162887573
539,60,gaussian,5,43,0.40625,0.546875,0.40625,1.0,2.850940704345703,0.9800424575805664
540,60,gaussian,5,43,0.3125,0.484375,0.3125,1.0,4.386285781860352,1.3936231136322021
541,60,gaussian,5,43,0.21875,0.609375,0.21875,1.0,0.5077747106552124,0.1550697386264801
542,60,gaussian,5,43,0.4375,0.40625,0.4375,1.0,2.8118090629577637,0.9852439761161804
543,60,gaussian,5,43,0.359375,0.171875,0.359375,1.0,0.5805608034133911,0.1920149177312851
544,60,gaussian,5,43,0.453125,0.4375,0.453125,1.0,1.392012596130371,0.49670296907424927
545,60,gaussian,5,43,0.3125,0.5,0.3125,1.0,1.559091329574585,0.4722707271575928
546,60,gaussian,5,43,0.265625,0.625,0.265625,1.0,0.7976559400558472,0.2548014223575592
547,60,gaussian,5,43,0.34375,0.40625,0.34375,1.0,2.1759934425354004,0.6771894693374634
548,60,gaussian,5,43,0.25,0.2421875,0.5,1.0,1.2185688018798828,0.349346399307251
549,60,gaussian,5,43,0.421875,0.359375,0.421875,1.0,1.6125166416168213,0.5790060758590698
550,60,gaussian,5,43,0.296875,0.59375,0.296875,1.0,0.9605696201324463,0.3154926002025604
551,60,gaussian,5,43,0.328125,0.578125,0.328125,1.0,1.2748780250549316,0.4197436273097992
552,60,gaussian,5,43,0.46875,0.5625,0.46875,1.0,1.2531647682189941,0.41446396708488464
553,60,gaussian,5,43,0.359375,0.53125,0.359375,1.0,3.092003583908081,0.9952517151832581
554,60,gaussian,5,43,0.40625,0.5625,0.40625,1.0,1.4415192604064941,0.47851839661598206
555,60,gaussian,5,43,0.453125,0.40625,0.453125,1.0,2.812756061553955,0.9852439761161804
556,60,gaussian,5,43,0.25,0.578125,0.25,1.0,1.8045005798339844,0.5807965397834778
557,60,gaussian,5,43,0.265625,0.578125,0.265625,1.0,2.1462790966033936,0.7312065958976746
558,60,gaussian,5,43,0.609375,0.140625,0.609375,1.0,0.6745342016220093,0.19888581335544586
559,60,gaussian,5,43,0.5,0.46875,0.5,1.0,2.3129544258117676,0.8689207434654236
560,60,gaussian,5,43,0.71875,0.234375,0.71875,1.0,4.664270877838135,1.4298757314682007
561,60,gaussian,5,43,0.28125,0.609375,0.28125,1.0,0.3212514817714691,0.1126881018280983
562,60,gaussian,5,43,0.421875,0.3125,0.421875,1.0,3.8799943923950195,1.4009912014007568
563,60,gaussian,5,43,0.390625,0.609375,0.390625,1.0,2.6996049880981445,0.8450959324836731
564,60,gaussian,5,43,0.25,0.546875,0.25,1.0,1.1808810234069824,0.358924001455307
565,60,gaussian,5,43,0.53125,0.421875,0.53125,1.0,1.4529770612716675,0.5004756450653076
566,60,gaussian,5,43,0.3125,0.5,0.3125,1.0,0.560723066329956,0.1790534257888794
567,60,gaussian,5,43,0.453125,0.578125,0.453125,1.0,0.5394017100334167,0.1779031902551651
568,60,gaussian,5,43,0.328125,0.609375,0.328125,1.0,0.5208246111869812,0.17389798164367676
569,60,gaussian,5,43,0.6875,0.640625,0.6875,1.0,0.5857512950897217,0.20416706800460815
570,60,gaussian,5,43,0.328125,0.515625,0.328125,1.0,1.5589134693145752,0.4722707271575928
571,60,gaussian,5,43,0.25,0.59375,0.25,1.0,2.024338722229004,0.6606104969978333
572,60,gaussian,5,43,0.546875,0.28125,0.546875,1.0,0.8578031659126282,0.3233034908771515
573,60,gaussian,5,43,0.34375,0.390625,0.34375,1.0,0.6992626786231995,0.2673601806163788
574,60,gaussian,5,43,0.421875,0.546875,0.421875,1.0,1.1419436931610107,0.37069812417030334
575,60,gaussian,5,43,0.28125,0.609375,0.28125,1.0,0.29578912258148193,0.09639250487089157
576,60,gaussian,5,43,0.296875,0.609375,0.296875,1.0,0.9615188837051392,0.3154926002025604
577,60,gaussian,5,43,0.53125,0.625,0.53125,1.0,1.5087358951568604,0.537145733833313
578,60,gaussian,5,43,0.46875,0.46875,0.46875,1.0,0.4273557662963867,0.13950377702713013
579,60,gaussian,5,43,,,,0.0,0.24550025165081024,0.07212748378515244
580,60,gaussian,5,43,0.5625,0.609375,0.5625,1.0,4.978887557983398,1.5809032917022705
581,60,gaussian,5,43,0.3125,0.328125,0.3125,1.0,0.972461998462677,0.2924444079399109
582,60,gaussian,5,43,0.28125,0.609375,0.28125,1.0,0.9889795184135437,0.32971447706222534
583,60,gaussian,5,43,0.328125,0.21875,0.328125,1.0,1.7793776988983154,0.5142515897750854
584,60,gaussian,5,43,0.234375,0.234375,0.4610837438423645,1.0,3.59415864944458,1.029188632965088
585,60,gaussian,5,43,0.296875,0.5625,0.296875,1.0,0.6566822528839111,0.20052888989448547
586,60,gaussian,5,43,0.234375,0.59375,0.234375,1.0,0.920964241027832,0.27358102798461914
587,60,gaussian,5,43,0.328125,0.53125,0.328125,1.0,4.510196685791016,1.4522353410720825
588,60,gaussian,5,43,0.3125,0.625,0.3125,1.0,1.3603602647781372,0.44818294048309326
589,60,gaussian,5,43,0.234375,0.234375,0.49049049049049054,1.0,4.848292350769043,1.576934814453125
590,60,gaussian,5,43,0.28125,0.625,0.28125,1.0,0.39910760521888733,0.14073674380779266
591,60,gaussian,5,43,0.28125,0.53125,0.28125,1.0,1.6778665781021118,0.5729416608810425
592,60,gaussian,5,43,0.5,0.46875,0.5,1.0,1.6447051763534546,0.5729756951332092
593,60,gaussian,5,43,0.265625,0.609375,0.265625,1.0,0.7318704128265381,0.23119646310806274
594,60,gaussian,5,43,0.28125,0.609375,0.28125,1.0,0.9464390277862549,0.29896044731140137
595,60,gaussian,5,43,0.3125,0.40625,0.3125,1.0,2.6944875717163086,0.8120822310447693
596,60,gaussian,5,43,0.421875,0.4375,0.421875,1.0,1.6151169538497925,0.5526183247566223
597,60,gaussian,5,43,0.296875,0.609375,0.296875,1.0,0.9870264530181885,0.3225160241127014
598,60,gaussian,5,43,0.28125,0.5625,0.28125,1.0,2.0569851398468018,0.7306289076805115
599,60,gaussian,5,43,0.296875,0.625,0.296875,1.0,1.7616815567016602,0.5827472805976868
600,60,gaussian,5,43,0.4375,0.53125,0.4375,1.0,2.1337552070617676,0.7165537476539612
601,60,gaussian,5,43,0.4375,0.40625,0.7,1.0,4.931490898132324,1.7041919231414795
602,60,gaussian,5,43,0.609375,0.640625,0.609375,1.0,4.074615955352783,1.2874592542648315
603,60,gaussian,5,43,0.2578125,0.265625,0.507085020242915,1.0,1.2781791687011719,0.37934717535972595
604,60,gaussian,5,43,0.328125,0.40625,0.328125,1.0,18.11325454711914,5.732033729553223
605,60,gaussian,5,43,0.4375,0.59375,0.4375,1.0,3.2258594036102295,1.0907543897628784
606,60,gaussian,5,43,,,,0.0,1.4994322061538696,0.47256067395210266
607,60,gaussian,5,43,0.46875,0.578125,0.46875,1.0,0.5392976999282837,0.1779031902551651
608,60,gaussian,5,43,0.28125,0.65625,0.28125,1.0,0.43778929114341736,0.1515556126832962
609,60,gaussian,5,43,0.28125,0.59375,0.28125,1.0,0.9452675580978394,0.29896047711372375
610,60,gaussian,5,43,0.296875,0.515625,0.296875,1.0,0.5606515407562256,0.1790534257888794
611,60,gaussian,5,43,0.390625,0.484375,0.390625,1.0,0.8214842081069946,0.26402056217193604
612,60,gaussian,5,43,0.359375,0.390625,0.5609756097560976,1.0,1.7258200645446777,0.5111361145973206
613,60,gaussian,5,43,0.25,0.2421875,0.48923076923076925,1.0,6.904430389404297,2.0515480041503906
614,60,gaussian,5,43,0.5625,0.59375,0.5625,1.0,0.5175966620445251,0.1791718602180481
615,60,gaussian,5,43,0.359375,0.671875,0.359375,1.0,0.9114922285079956,0.286105215549469
616,60,gaussian,5,43,0.25,0.59375,0.25,1.0,1.9545292854309082,0.5610527992248535
617,60,gaussian,5,43,0.328125,0.578125,0.328125,1.0,2.5467379093170166,0.8390256762504578
618,60,gaussian,5,43,0.265625,0.59375,0.265625,1.0,2.1620919704437256,0.7254230380058289
619,60,gaussian,5,43,0.265625,0.28125,0.265625,1.0,0.5529305934906006,0.1543194055557251
620,60,gaussian,5,43,0.28125,0.609375,0.28125,1.0,1.8836898803710938,0.6075199246406555
621,60,gaussian,5,43,0.4375,0.296875,0.4375,1.0,0.8256465196609497,0.27711787819862366
622,60,gaussian,5,43,0.2578125,0.2578125,0.5522727272727272,1.0,6.753495216369629,2.1170778274536133
623,60,gaussian,5,43,0.453125,0.46875,0.453125,1.0,1.140666127204895,0.39271247386932373
624,60,gaussian,5,43,0.40625,0.234375,0.40625,1.0,0.4549643099308014,0.16319648921489716
625,60,gaussian,5,43,0.421875,0.640625,0.421875,1.0,0.3389500379562378,0.10914326459169388
626,60,gaussian,5,43,0.515625,0.4375,0.515625,1.0,1.1471304893493652,0.39838558435440063
627,60,gaussian,5,43,0.375,0.375,0.375,1.0,4.052806377410889,1.3411979675292969
628,60,gaussian,5,43,0.484375,0.53125,0.484375,1.0,1.750107765197754,0.6108641028404236
629,60,gaussian,5,43,0.25,0.2421875,0.48923076923076925,1.0,6.894359588623047,2.0515480041503906
630,60,gaussian,5,43,0.5,0.421875,0.5,1.0,2.1635398864746094,0.8555253744125366
631,60,gaussian,5,43,0.25,0.2421875,0.48923076923076925,1.0,6.904487609863281,2.0515480041503906
632,60,gaussian,5,43,0.28125,0.640625,0.28125,1.0,0.4553917348384857,0.1494034379720688
633,60,gaussian,5,43,0.4375,0.546875,0.4375,1.0,1.145277500152588,0.3984547257423401
634,60,gaussian,5,43,0.421875,0.453125,0.574468085106383,1.0,2.7399678230285645,0.8712747693061829
635,60,gaussian,5,43,0.484375,0.375,0.484375,1.0,3.242310047149658,1.1040769815444946
636,60,gaussian,5,43,0.3125,0.59375,0.3125,1.0,1.5115909576416016,0.5037436485290527
637,60,gaussian,5,43,0.578125,0.40625,0.578125,1.0,3.1761369705200195,1.0885140895843506
638,60,gaussian,5,43,0.34375,0.625,0.34375,1.0,0.2604963481426239,0.09391983598470688
639,60,gaussian,5,43,0.296875,0.609375,0.296875,1.0,1.866307258605957,0.5649251341819763
640,60,gaussian,5,43,0.625,0.546875,0.625,1.0,1.3664047718048096,0.48124849796295166
641,60,gaussian,5,43,0.4375,0.53125,0.4375,1.0,0.8191674947738647,0.2838493883609772
642,60,gaussian,5,43,0.40625,0.375,0.40625,1.0,2.7947120666503906,0.9396771788597107
643,60,gaussian,5,43,0.2734375,0.265625,0.5133333333333333,1.0,1.4826526641845703,0.502629280090332
644,60,gaussian,5,43,0.3125,0.59375,0.3125,1.0,1.648059368133545,0.5191063284873962
645,60,gaussian,5,43,0.34375,0.546875,0.34375,1.0,1.2699915170669556,0.41913318634033203
646,60,gaussian,5,43,0.3125,0.578125,0.3125,1.0,1.6448546648025513,0.5415304899215698
647,60,gaussian,5,43,0.34375,0.6875,0.34375,1.0,0.9530160427093506,0.2867252230644226
648,60,gaussian,5,43,0.421875,0.5625,0.421875,1.0,3.723667860031128,1.218899130821228
649,60,gaussian,5,43,0.34375,0.625,0.34375,1.0,1.6428964138031006,0.5053595304489136
650,60,gaussian,5,43,0.546875,0.4375,0.546875,1.0,0.3790978491306305,0.1485593169927597
651,60,gaussian,5,43,0.484375,0.515625,0.484375,1.0,1.1413209438323975,0.3990286886692047
652,60,gaussian,5,43,0.328125,0.375,0.328125,1.0,2.3174562454223633,0.7087973952293396
653,60,gaussian,5,43,0.296875,0.59375,0.296875,1.0,2.131279706954956,0.704119861125946
654,60,gaussian,5,43,,,,0.0,11.29766845703125,3.767470359802246
655,60,gaussian,5,43,0.3125,0.375,0.5882352941176471,1.0,1.2901517152786255,0.40593221783638
656,60,gaussian,5,43,0.28125,0.609375,0.28125,1.0,2.636366128921509,0.8528203368186951
657,60,gaussian,5,43,0.15625,0.125,0.43478260869565216,1.0,3.2900452613830566,1.0900342464447021
658,60,gaussian,5,43,0.5,0.390625,0.5,1.0,3.857987642288208,1.3442085981369019
659,60,gaussian,5,43,0.4375,0.484375,0.4375,1.0,1.1400055885314941,0.39271247386932373
660,60,gaussian,5,43,0.375,0.4375,0.375,1.0,0.7583717107772827,0.24413448572158813
661,60,gaussian,5,43,0.2421875,0.2578125,0.5362953692115144,1.0,1.9139517545700073,0.5904129147529602
662,60,gaussian,5,43,0.3125,0.5625,0.3125,1.0,1.0589045286178589,0.3573152720928192
663,60,gaussian,5,43,0.265625,0.59375,0.265625,1.0,2.301854133605957,0.7713654041290283
664,60,gaussian,5,43,0.578125,0.578125,0.578125,1.0,0.5174975395202637,0.1791718602180481
665,60,gaussian,5,43,0.3125,0.40625,0.3125,1.0,0.4206656217575073,0.12928612530231476
666,60,gaussian,5,43,0.390625,0.625,0.390625,1.0,1.0435690879821777,0.3219505250453949
667,60,gaussian,5,43,0.515625,0.53125,0.515625,1.0,0.7702476382255554,0.27215346693992615
668,60,gaussian,5,43,0.3125,0.5625,0.3125,1.0,2.6260948181152344,0.8117505311965942
669,60,gaussian,5,43,0.4375,0.375,0.4375,1.0,1.6107478141784668,0.5790060758590698
670,60,gaussian,5,43,0.140625,0.109375,0.3103448275862069,1.0,3.4160923957824707,1.1589614152908325
671,60,gaussian,5,43,0.359375,0.59375,0.359375,1.0,4.107248306274414,1.3279017210006714
672,60,gaussian,5,43,0.53125,0.546875,0.53125,1.0,1.2717785835266113,0.4607316851615906
673,60,gaussian,5,43,0.59375,0.609375,0.59375,1.0,0.9382984638214111,0.29240092635154724
674,60,gaussian,5,43,0.3125,0.59375,0.3125,1.0,1.5115070343017578,0.5037436485290527
675,60,gaussian,5,43,0.328125,0.484375,0.328125,1.0,2.028921604156494,0.6356099247932434
676,60,gaussian,5,43,0.3125,0.5625,0.3125,1.0,2.745934009552002,0.8646398186683655
677,60,gaussian,5,43,0.3125,0.46875,0.3125,1.0,4.387726783752441,1.3936231136322021
678,60,gaussian,5,43,0.59375,0.421875,0.59375,1.0,0.5517436265945435,0.17363277077674866
679,60,gaussian,5,43,0.3125,0.328125,0.3125,1.0,2.185607433319092,0.6592128872871399
680,60,gaussian,5,43,0.703125,0.53125,0.703125,1.0,3.484105110168457,1.0612781047821045
681,60,gaussian,5,43,,,,0.0,0.23250313103199005,0.07765717804431915
682,60,gaussian,5,43,0.5625,0.59375,0.5625,1.0,2.5941500663757324,0.849176824092865
683,60,gaussian,5,43,0.734375,0.53125,0.734375,1.0,4.730029106140137,1.3733031749725342
684,60,gaussian,5,43,0.390625,0.578125,0.390625,1.0,2.1272354125976562,0.7450371384620667
685,60,gaussian,5,43,0.578125,0.625,0.578125,1.0,10.291524887084961,3.5638577938079834
686,60,gaussian,5,43,0.375,0.625,0.375,1.0,0.36959242820739746,0.13482220470905304
687,60,gaussian,5,43,0.328125,0.546875,0.328125,1.0,3.2776050567626953,1.1779438257217407
688,60,gaussian,5,43,0.5,0.46875,0.5,1.0,1.6893384456634521,0.5809628367424011
689,60,gaussian,5,43,0.40625,0.4375,0.40625,1.0,0.8098234534263611,0.26750239729881287
690,60,gaussian,5,43,0.28125,0.484375,0.28125,1.0,0.7631497383117676,0.23962128162384033
691,60,gaussian,5,43,0.5625,0.59375,0.5625,1.0,0.5175436735153198,0.1791718453168869
692,60,gaussian,5,43,0.65625,0.359375,0.65625,1.0,1.6936981678009033,0.5214399099349976
693,60,gaussian,5,43,0.484375,0.515625,0.484375,1.0,5.769261360168457,1.9742461442947388
694,60,gaussian,5,43,0.765625,0.171875,0.765625,1.0,0.33185678720474243,0.10259360820055008
695,60,gaussian,5,43,0.390625,0.59375,0.390625,1.0,0.39851728081703186,0.12759730219841003
696,60,gaussian,5,43,0.34375,0.515625,0.34375,1.0,2.2065210342407227,0.7211422920227051
697,60,gaussian,5,43,0.265625,0.15625,0.5095095095095095,1.0,2.022914409637451,0.7088103294372559
698,60,gaussian,5,43,0.578125,0.171875,0.578125,1.0,0.6534926295280457,0.20386895537376404
699,60,gaussian,5,43,0.234375,0.234375,0.4610837438423645,1.0,3.5945944786071777,1.029188632965088
700,60,gaussian,5,43,0.4375,0.53125,0.4375,1.0,2.1331255435943604,0.7165537476539612
701,60,gaussian,5,43,0.265625,0.625,0.265625,1.0,0.7315673828125,0.23119646310806274
702,60,gaussian,5,43,0.296875,0.625,0.296875,1.0,0.39958813786506653,0.14073674380779266
703,60,gaussian,5,43,0.2421875,0.265625,0.4753694581280788,1.0,1.3163652420043945,0.4089643657207489
704,60,gaussian,5,43,0.296875,0.5625,0.296875,1.0,0.6561398506164551,0.20052888989448547
705,60,gaussian,5,43,0.265625,0.234375,0.7083333333333334,1.0,3.3388495445251465,1.0723718404769897
706,60,gaussian,5,43,0.421875,0.421875,0.675,1.0,11.296832084655762,3.767470121383667
707,60,gaussian,5,43,0.453125,0.59375,0.453125,1.0,2.087177276611328,0.6807360053062439
708,60,gaussian,5,43,0.2578125,0.25,0.5542635658914729,1.0,5.602055072784424,1.705932855606079
709,60,gaussian,5,43,0.328125,0.609375,0.328125,1.0,0.9334760904312134,0.3113365173339844
710,60,gaussian,5,43,0.578125,0.5,0.578125,1.0,14.417021751403809,4.715048789978027
711,60,gaussian,5,43,0.265625,0.25,0.5166666666666666,1.0,1.7268105745315552,0.5111361145973206
712,60,gaussian,5,43,0.390625,0.40625,0.390625,1.0,2.157029628753662,0.720337450504303
713,60,gaussian,5,43,0.265625,0.5625,0.265625,1.0,2.1677892208099365,0.6823872327804565
714,60,gaussian,5,43,0.28125,0.609375,0.28125,1.0,0.868676483631134,0.2722015380859375
715,60,gaussian,5,43,0.5625,0.625,0.5625,1.0,1.9594190120697021,0.6357995271682739
716,60,gaussian,5,43,0.421875,0.40625,0.421875,1.0,2.465456485748291,0.8806358575820923
717,60,gaussian,5,43,0.296875,0.46875,0.296875,1.0,2.980003833770752,1.0520358085632324
718,60,gaussian,5,43,0.328125,0.234375,0.328125,1.0,1.7698602676391602,0.5142515897750854
719,60,gaussian,5,43,0.453125,0.625,0.453125,1.0,1.2580316066741943,0.4010013937950134
720,60,gaussian,5,43,0.2578125,0.265625,0.4876923076923077,1.0,2.4272303581237793,0.766457736492157
721,60,gaussian,5,43,0.515625,0.625,0.515625,1.0,0.7567611336708069,0.25284549593925476
722,60,gaussian,5,43,0.3125,0.375,0.5882352941176471,1.0,1.2899924516677856,0.40593221783638
723,60,gaussian,5,43,0.421875,0.296875,0.421875,1.0,3.874098777770996,1.4009912014007568
724,60,gaussian,5,43,0.390625,0.421875,0.390625,1.0,0.7585505247116089,0.24413448572158813
725,60,gaussian,5,43,0.296875,0.578125,0.296875,1.0,1.3844709396362305,0.45660099387168884
726,60,gaussian,5,43,0.265625,0.625,0.265625,1.0,0.7272408604621887,0.22954197227954865
727,60,gaussian,5,43,0.6875,0.65625,0.6875,1.0,3.7938599586486816,1.3142871856689453
728,60,gaussian,5,43,0.734375,0.515625,0.734375,1.0,4.722968101501465,1.3733031749725342
729,60,gaussian,5,43,0.328125,0.578125,0.328125,1.0,1.5213127136230469,0.5278983116149902
730,60,gaussian,5,43,0.265625,0.2578125,0.4791666666666667,1.0,4.443901062011719,1.414624810218811
731,60,gaussian,5,43,0.40625,0.53125,0.40625,1.0,4.188735485076904,1.3782602548599243
732,60,gaussian,5,43,0.328125,0.421875,0.328125,1.0,0.42045772075653076,0.12928612530231476
733,60,gaussian,5,43,0.46875,0.46875,0.46875,1.0,0.7750778198242188,0.26682016253471375
734,60,gaussian,5,43,0.28125,0.2890625,0.5416666666666666,1.0,2.779709815979004,0.7015011310577393
735,60,gaussian,5,43,0.734375,0.25,0.734375,1.0,2.3831963539123535,0.6574363112449646
736,60,gaussian,5,43,0.59375,0.59375,0.59375,1.0,1.085686206817627,0.3615240156650543
737,60,gaussian,5,43,0.34375,0.515625,0.34375,1.0,2.2063467502593994,0.7211422920227051
738,60,gaussian,5,43,0.234375,0.53125,0.234375,1.0,1.182298183441162,0.358924001455307
739,60,gaussian,5,43,0.453125,0.59375,0.453125,1.0,2.086836099624634,0.6807360053062439
740,60,gaussian,5,43,0.3125,0.328125,0.3125,1.0,0.9266838431358337,0.27485978603363037
741,60,gaussian,5,43,0.4375,0.53125,0.4375,1.0,2.132549285888672,0.716553807258606
742,60,gaussian,5,43,0.46875,0.609375,0.46875,1.0,1.836961269378662,0.6021822690963745
743,60,gaussian,5,43,0.34375,0.5,0.34375,1.0,2.7392663955688477,0.881738007068634
744,60,gaussian,5,43,0.34375,0.625,0.34375,1.0,0.833166241645813,0.296142578125
745,60,gaussian,5,43,0.25,0.640625,0.25,1.0,1.0255966186523438,0.34922105073928833
746,60,gaussian,5,43,0.4375,0.46875,0.6511627906976745,1.0,1.981310248374939,0.638842761516571
747,60,gaussian,5,43,0.5,0.515625,0.5,1.0,0.9649578332901001,0.339159220457077
748,60,gaussian,5,43,0.453125,0.59375,0.453125,1.0,0.5399110317230225,0.1779031902551651
749,60,gaussian,5,43,0.609375,0.140625,0.609375,1.0,0.6738024353981018,0.19888581335544586
750,60,gaussian,5,43,0.421875,0.453125,0.5625,1.0,2.7432470321655273,0.8712747693061829
751,60,gaussian,5,43,0.46875,0.578125,0.46875,1.0,2.676222801208496,0.8857775926589966
752,60,gaussian,5,43,0.3125,0.53125,0.3125,1.0,4.505363941192627,1.4522353410720825
753,60,gaussian,5,43,0.703125,0.28125,0.703125,1.0,1.034098505973816,0.3048269748687744
754,60,gaussian,5,43,0.5625,0.4375,0.5625,1.0,0.7456732988357544,0.27580344676971436
755,60,gaussian,5,43,0.34375,0.40625,0.34375,1.0,18.13629150390625,5.732033729553223
756,60,gaussian,5,43,0.640625,0.53125,0.640625,1.0,3.437302589416504,1.1323950290679932
757,60,gaussian,5,43,0.421875,0.34375,0.421875,1.0,3.717599868774414,1.4121181964874268
758,60,gaussian,5,43,0.40625,0.4375,0.40625,1.0,2.0028629302978516,0.6291452646255493
759,60,gaussian,5,43,0.671875,0.640625,0.671875,1.0,3.0393266677856445,0.9268489480018616
760,60,gaussian,5,43,0.3125,0.65625,0.3125,1.0,1.0122677087783813,0.297924280166626
761,60,gaussian,5,43,0.328125,0.578125,0.328125,1.0,1.2749491930007935,0.4197436273097992
762,60,gaussian,5,43,0.375,0.5625,0.375,1.0,2.2125205993652344,0.7357969880104065
763,60,gaussian,5,43,0.421875,0.59375,0.421875,1.0,2.248445987701416,0.721436619758606
764,60,gaussian,5,43,0.21875,0.203125,0.358974358974359,1.0,3.338836193084717,1.0723718404769897
765,60,gaussian,5,43,0.484375,0.609375,0.484375,1.0,5.1026482582092285,1.848121166229248
766,60,gaussian,5,43,0.453125,0.59375,0.453125,1.0,3.3871042728424072,1.0912504196166992
767,60,gaussian,5,43,0.34375,0.40625,0.34375,1.0,0.698941707611084,0.2673601806163788
768,60,gaussian,5,43,0.234375,0.171875,0.234375,1.0,0.7878456115722656,0.22860290110111237
769,60,gaussian,5,43,0.421875,0.59375,0.421875,1.0,0.4954003095626831,0.160552516579628
770,60,gaussian,5,43,0.265625,0.609375,0.265625,1.0,0.4832714796066284,0.1583956927061081
771,60,gaussian,5,43,0.375,0.625,0.375,1.0,1.7357804775238037,0.5630769729614258
772,60,gaussian,5,43,0.28125,0.609375,0.28125,1.0,2.4032979011535645,0.7163817882537842
773,60,gaussian,5,43,0.4375,0.328125,0.4375,1.0,3.3603951930999756,1.1540552377700806
774,60,gaussian,5,43,0.2578125,0.265625,0.49787910922587486,1.0,1.7265160083770752,0.5111361145973206
775,60,gaussian,5,43,0.71875,0.328125,0.71875,1.0,3.0148465633392334,0.8909674882888794
776,60,gaussian,5,43,0.265625,0.5625,0.265625,1.0,2.1673316955566406,0.6823872327804565
777,60,gaussian,5,43,0.4375,0.484375,0.4375,1.0,0.45968183875083923,0.15941481292247772
778,60,gaussian,5,43,0.265625,0.296875,0.6071428571428571,1.0,2.99465012550354,0.9806077480316162
779,60,gaussian,5,43,0.34375,0.546875,0.34375,1.0,1.509509801864624,0.5027443766593933
780,60,gaussian,5,43,0.40625,0.609375,0.40625,1.0,0.4950859546661377,0.1605525016784668
781,60,gaussian,5,43,0.328125,0.609375,0.328125,1.0,1.3604586124420166,0.44818294048309326
782,60,gaussian,5,43,0.265625,0.578125,0.265625,1.0,2.601107597351074,0.8604997992515564
783,60,gaussian,5,43,0.40625,0.46875,0.40625,1.0,1.264847993850708,0.3986199200153351
784,60,gaussian,5,43,0.390625,0.5,0.390625,1.0,0.4532439112663269,0.15406863391399384
785,60,gaussian,5,43,0.25,0.609375,0.25,1.0,2.170653820037842,0.7184174656867981
786,60,gaussian,5,43,0.234375,0.609375,0.234375,1.0,0.508569061756134,0.1550697386264801
787,60,gaussian,5,43,0.65625,0.484375,0.65625,1.0,1.8455910682678223,0.5800797343254089
788,60,gaussian,5,43,0.53125,0.546875,0.53125,1.0,1.2718136310577393,0.4607316851615906
789,60,gaussian,5,43,0.3125,0.59375,0.3125,1.0,2.777467727661133,0.9086682200431824
790,60,gaussian,5,43,0.40625,0.46875,0.40625,1.0,0.6093363761901855,0.19144318997859955
791,60,gaussian,5,43,0.453125,0.578125,0.453125,1.0,2.0852129459381104,0.6807360053062439
792,60,gaussian,5,43,0.390625,0.578125,0.390625,1.0,1.4411921501159668,0.47851839661598206
793,60,gaussian,5,43,0.46875,0.578125,0.46875,1.0,2.6755027770996094,0.8857775330543518
794,60,gaussian,5,43,0.484375,0.4375,0.484375,1.0,0.8008785247802734,0.27267569303512573
795,60,gaussian,5,43,0.40625,0.640625,0.40625,1.0,2.637617588043213,0.8457244038581848
796,60,gaussian,5,43,0.3125,0.59375,0.3125,1.0,1.5115399360656738,0.5037436485290527
797,60,gaussian,5,43,0.328125,0.3125,0.328125,1.0,0.3596954941749573,0.1096101701259613
798,60,gaussian,5,43,0.234375,0.203125,0.38461538461538464,1.0,1.422464370727539,0.45537570118904114
799,60,gaussian,5,43,0.4375,0.5625,0.4375,1.0,3.7236149311065674,1.2188992500305176
800,60,gaussian,5,43,0.328125,0.578125,0.328125,1.0,1.521120309829712,0.5278983116149902
801,60,gaussian,5,43,0.5,0.515625,0.5,1.0,0.4990230202674866,0.17633679509162903
802,60,gaussian,5,43,0.515625,0.25,0.515625,1.0,0.9712012410163879,0.3499085009098053
803,60,gaussian,5,43,0.2265625,0.2421875,0.47948717948717945,1.0,1.4202172756195068,0.45537570118904114
804,60,gaussian,5,43,0.453125,0.578125,0.453125,1.0,1.2521014213562012,0.41446399688720703
805,60,gaussian,5,43,0.46875,0.625,0.46875,1.0,1.4302963018417358,0.4666047692298889
806,60,gaussian,5,43,0.375,0.546875,0.375,1.0,6.657148361206055,2.2622108459472656
807,60,gaussian,5,43,0.4375,0.4375,0.4375,1.0,0.9435505867004395,0.32915061712265015
808,60,gaussian,5,43,0.375,0.4375,0.375,1.0,0.7587589025497437,0.24413448572158813
809,60,gaussian,5,43,0.5625,0.625,0.5625,1.0,1.2450988292694092,0.4027174413204193
810,60,gaussian,5,43,0.5625,0.609375,0.5625,1.0,1.7254934310913086,0.5718448758125305
811,60,gaussian,5,43,0.28125,0.609375,0.28125,1.0,1.764215350151062,0.5820947289466858
812,60,gaussian,5,43,0.2265625,0.2265625,0.4438423645320197,1.0,3.592123508453369,1.029188632965088
813,60,gaussian,5,43,0.703125,0.65625,0.703125,1.0,0.5859811305999756,0.20416706800460815
814,60,gaussian,5,43,0.3125,0.625,0.3125,1.0,1.87058687210083,0.6303302645683289
815,60,gaussian,5,43,0.328125,0.546875,0.328125,1.0,1.509343147277832,0.5027443766593933
816,60,gaussian,5,43,0.34375,0.59375,0.34375,1.0,2.0728907585144043,0.6937791109085083
817,60,gaussian,5,43,0.34375,0.59375,0.34375,1.0,1.9499876499176025,0.6309885382652283
818,60,gaussian,5,43,0.4375,0.46875,0.4375,1.0,0.6906169652938843,0.21278859674930573
819,60,gaussian,5,43,0.28125,0.609375,0.28125,1.0,0.9464250802993774,0.29896044731140137
820,60,gaussian,5,43,0.234375,0.234375,0.49049049049049054,1.0,4.850358963012695,1.576934814453125
821,60,gaussian,5,43,0.3125,0.609375,0.3125,1.0,0.9323487281799316,0.311336487531662
822,60,gaussian,5,43,0.265625,0.25,0.5670995670995671,1.0,5.5997843742370605,1.7059329748153687
823,60,gaussian,5,43,0.28125,0.25,0.5261538461538462,1.0,1.4830772876739502,0.502629280090332
824,60,gaussian,5,43,0.265625,0.625,0.265625,1.0,0.7987016439437866,0.2548014223575592
825,60,gaussian,5,43,0.328125,0.375,0.328125,1.0,2.3192505836486816,0.7087973952293396
826,60,gaussian,5,43,0.296875,0.625,0.296875,1.0,0.9176262021064758,0.31147491931915283
827,60,gaussian,5,43,0.4375,0.28125,0.4375,1.0,0.7083408236503601,0.23675495386123657
828,60,gaussian,5,43,0.703125,0.640625,0.703125,1.0,2.060393810272217,0.6682609915733337
829,60,gaussian,5,43,0.78125,0.171875,0.78125,1.0,0.33198022842407227,0.10259360820055008
830,60,gaussian,5,43,0.328125,0.34375,0.5384615384615384,1.0,0.9387029409408569,0.27570831775665283
831,60,gaussian,5,43,0.5625,0.625,0.5625,1.0,4.9769287109375,1.5809032917022705
832,60,gaussian,5,43,0.265625,0.59375,0.265625,1.0,0.8686951994895935,0.2783045172691345
833,60,gaussian,5,43,0.328125,0.59375,0.328125,1.0,1.2745025157928467,0.4197436273097992
834,60,gaussian,5,43,0.5,0.578125,0.5,1.0,5.8466477394104,2.00541353225708
835,60,gaussian,5,43,0.71875,0.609375,0.71875,1.0,7.36430549621582,2.608360528945923
836,60,gaussian,5,43,0.375,0.359375,0.375,1.0,1.397015929222107,0.427838534116745
837,60,gaussian,5,43,0.5,0.578125,0.5,1.0,3.096280574798584,1.078747034072876
838,60,gaussian,5,43,0.25,0.59375,0.25,1.0,1.9513370990753174,0.5610527992248535
839,60,gaussian,5,43,0.484375,0.609375,0.484375,1.0,4.661521911621094,1.6756350994110107
840,60,gaussian,5,43,0.359375,0.375,0.359375,1.0,2.5898709297180176,0.8097262382507324
841,60,gaussian,5,43,0.375,0.578125,0.375,1.0,0.3985183835029602,0.12759730219841003
842,60,gaussian,5,43,0.40625,0.640625,0.40625,1.0,2.748598575592041,0.88178551197052
843,60,gaussian,5,43,0.546875,0.609375,0.546875,1.0,1.7244377136230469,0.5718448758125305
844,60,gaussian,5,43,0.703125,0.265625,0.703125,1.0,0.7941781282424927,0.24362999200820923
845,60,gaussian,5,43,0.59375,0.328125,0.59375,1.0,0.5601077079772949,0.1650417000055313
846,60,gaussian,5,43,0.359375,0.359375,0.359375,1.0,1.3976569175720215,0.427838534116745
847,60,gaussian,5,43,0.203125,0.1875,0.35135135135135137,1.0,4.903360843658447,1.610319972038269
848,60,gaussian,5,43,0.59375,0.484375,0.59375,1.0,3.815964698791504,1.3720557689666748
849,60,gaussian,5,43,0.4375,0.484375,0.4375,1.0,2.0076074600219727,0.7761099338531494
850,60,gaussian,5,43,0.328125,0.625,0.328125,1.0,1.87065589427948,0.6303302645683289
851,60,gaussian,5,43,0.34375,0.5625,0.34375,1.0,2.5454516410827637,0.8390257358551025
852,60,gaussian,5,43,0.46875,0.46875,0.46875,1.0,0.4273456633090973,0.13950377702713013
853,60,gaussian,5,43,0.53125,0.625,0.53125,1.0,1.50797438621521,0.537145733833313
854,60,gaussian,5,43,0.2421875,0.25,0.5125,1.0,4.623007774353027,1.401373267173767
855,60,gaussian,5,43,0.609375,0.640625,0.609375,1.0,1.4667885303497314,0.48859870433807373
856,60,gaussian,5,43,0.421875,0.5,0.421875,1.0,3.9029202461242676,1.2415894269943237
857,60,gaussian,5,43,0.640625,0.421875,0.640625,1.0,1.9705051183700562,0.6525837779045105
858,60,gaussian,5,43,0.2421875,0.2265625,0.5194871794871795,1.0,3.3388123512268066,1.0723718404769897
859,60,gaussian,5,43,0.421875,0.4375,0.421875,1.0,1.6147687435150146,0.5526183247566223
860,60,gaussian,5,43,0.296875,0.3125,0.5277777777777778,1.0,3.6434223651885986,1.0407403707504272
861,60,gaussian,5,43,0.3125,0.328125,0.3125,1.0,0.9266455173492432,0.274859756231308
862,60,gaussian,5,43,0.4375,0.59375,0.4375,1.0,2.2498397827148438,0.7214365601539612
863,60,gaussian,5,43,0.640625,0.546875,0.640625,1.0,1.3676156997680664,0.48124849796295166
864,60,gaussian,5,43,0.28125,0.609375,0.28125,1.0,0.9886841773986816,0.32971447706222534
865,60,gaussian,5,43,0.28125,0.609375,0.28125,1.0,0.9464226961135864,0.29896044731140137
866,60,gaussian,5,43,0.34375,0.515625,0.34375,1.0,2.738388776779175,0.881738007068634
867,60,gaussian,5,43,0.28125,0.28125,0.28125,1.0,1.505797266960144,0.4220346510410309
868,60,gaussian,5,43,0.34375,0.328125,0.34375,1.0,3.0283312797546387,0.9459421038627625
869,60,gaussian,5,43,0.3125,0.59375,0.3125,1.0,1.6661323308944702,0.5538284778594971
870,60,gaussian,5,43,0.59375,0.328125,0.59375,1.0,0.5593662261962891,0.1650417000055313
871,60,gaussian,5,43,0.40625,0.4375,0.40625,1.0,2.0032882690429688,0.6291452646255493
872,60,gaussian,5,43,0.328125,0.609375,0.328125,1.0,2.7281832695007324,0.9170017242431641
873,60,gaussian,5,43,0.28125,0.65625,0.28125,1.0,0.4378443658351898,0.1515556126832962
874,60,gaussian,5,43,0.671875,0.640625,0.671875,1.0,1.088381290435791,0.36782950162887573
875,60,gaussian,5,43,0.375,0.625,0.375,1.0,0.3699750602245331,0.13482218980789185
876,60,gaussian,5,43,0.34375,0.484375,0.34375,1.0,2.025841236114502,0.6356099247932434
877,60,gaussian,5,43,0.296875,0.59375,0.296875,1.0,1.8639137744903564,0.5649251341819763
878,60,gaussian,5,43,0.5,0.34375,0.5,1.0,1.228512167930603,0.44727951288223267
879,60,gaussian,5,43,0.265625,0.28125,0.265625,1.0,0.5527256727218628,0.1543194055557251
880,60,gaussian,5,43,0.671875,0.65625,0.671875,1.0,1.265588402748108,0.3951030671596527
881,60,gaussian,5,43,,,,0.0,11.2932767868042,3.767470121383667
882,60,gaussian,5,43,0.6875,0.34375,0.6875,1.0,1.638495683670044,0.4736481010913849
883,60,gaussian,5,43,0.4375,0.296875,0.4375,1.0,0.8258705139160156,0.27711787819862366
884,60,gaussian,5,43,0.328125,0.375,0.328125,1.0,1.1595754623413086,0.3569408059120178
885,60,gaussian,5,43,0.453125,0.546875,0.453125,1.0,0.8188627362251282,0.28384941816329956
886,60,gaussian,5,43,0.2578125,0.265625,0.5335497835497836,1.0,7.018157005310059,2.122096061706543
887,60,gaussian,5,43,0.28125,0.28125,0.5160575858250277,1.0,1.978228211402893,0.638842761516571
888,60,gaussian,5,43,0.34375,0.59375,0.34375,1.0,0.6905903816223145,0.23125915229320526
889,60,gaussian,5,43,0.25,0.640625,0.25,1.0,1.0247857570648193,0.34922105073928833
890,60,gaussian,5,43,0.28125,0.2734375,0.5160575858250277,1.0,1.9806780815124512,0.638842761516571
891,60,gaussian,5,43,0.703125,0.625,0.703125,1.0,1.3512481451034546,0.41318801045417786
892,60,gaussian,5,43,0.34375,0.5625,0.34375,1.0,1.268611192703247,0.41913315653800964
893,60,gaussian,5,43,0.46875,0.625,0.46875,1.0,1.8347344398498535,0.6021822690963745
894,60,gaussian,5,43,0.609375,0.65625,0.609375,1.0,0.9819778203964233,0.3152647614479065
895,60,gaussian,5,43,0.25,0.2578125,0.475,1.0,1.2372758388519287,0.36734482645988464
896,60,gaussian,5,43,0.5625,0.546875,0.5625,1.0,7.24277400970459,2.6197056770324707
897,60,gaussian,5,43,0.25,0.2421875,0.4901960784313726,1.0,3.41336727142334,1.1589614152908325
898,60,gaussian,5,43,0.296875,0.609375,0.296875,1.0,2.7948179244995117,0.9792250394821167
899,60,gaussian,5,43,0.484375,0.40625,0.484375,1.0,2.617015838623047,0.9846195578575134
900,60,gaussian,5,43,0.328125,0.59375,0.328125,1.0,2.7779572010040283,0.9086682796478271
901,60,gaussian,5,43,0.65625,0.65625,0.65625,1.0,1.3720684051513672,0.48530781269073486
902,60,gaussian,5,43,0.265625,0.2578125,0.5202429149797572,1.0,1.2820143699645996,0.37934717535972595
903,60,gaussian,5,43,0.59375,0.078125,0.59375,1.0,0.5898745656013489,0.15151220560073853
904,60,gaussian,5,43,0.375,0.671875,0.375,1.0,1.117656946182251,0.3731052279472351
905,60,gaussian,5,43,0.46875,0.5625,0.46875,1.0,1.203984260559082,0.4006061851978302
906,60,gaussian,5,43,0.328125,0.546875,0.328125,1.0,1.354619026184082,0.44660577178001404
907,60,gaussian,5,43,0.328125,0.625,0.328125,1.0,2.7287893295288086,0.9170017242431641
908,60,gaussian,5,43,0.4375,0.28125,0.4375,1.0,0.7088974118232727,0.23675496876239777
909,60,gaussian,5,43,0.40625,0.453125,0.6341463414634146,1.0,3.8563730716705322,1.2128548622131348
910,60,gaussian,5,43,0.328125,0.46875,0.328125,1.0,0.6811390519142151,0.22189384698867798
911,60,gaussian,5,43,0.328125,0.375,0.328125,1.0,1.159452199935913,0.3569408059120178
912,60,gaussian,5,43,0.609375,0.671875,0.609375,1.0,0.982276439666748,0.3152647614479065
913,60,gaussian,5,43,0.234375,0.21875,0.49797570850202433,1.0,1.6209957599639893,0.5470495820045471
914,60,gaussian,5,43,0.421875,0.3125,0.421875,1.0,3.879817247390747,1.4009912014007568
915,60,gaussian,5,43,0.3125,0.59375,0.3125,1.0,3.3525390625,1.052991509437561
916,60,gaussian,5,43,0.515625,0.484375,0.515625,1.0,4.304183483123779,1.4891234636306763
917,60,gaussian,5,43,0.25,0.234375,0.4964102564102564,1.0,4.152440547943115,1.3430908918380737
918,60,gaussian,5,43,0.5,0.421875,0.5,1.0,2.1635384559631348,0.8555253744125366
919,60,gaussian,5,43,0.65625,0.484375,0.65625,1.0,1.8460395336151123,0.5800797343254089
920,60,gaussian,5,43,0.453125,0.625,0.453125,1.0,1.2570433616638184,0.4010014235973358
921,60,gaussian,5,43,0.328125,0.609375,0.328125,1.0,1.3601763248443604,0.44818297028541565
922,60,gaussian,5,43,0.3125,0.5625,0.3125,1.0,1.0587965250015259,0.3573152720928192
923,60,gaussian,5,43,0.5,0.40625,0.5,1.0,0.779877245426178,0.31086546182632446
924,60,gaussian,5,43,0.34375,0.34375,0.34375,1.0,3.0249485969543457,0.9459421038627625
925,60,gaussian,5,43,0.328125,0.578125,0.328125,1.0,1.2742161750793457,0.4197436273097992
926,60,gaussian,5,43,0.3125,0.421875,0.3125,1.0,0.4205344319343567,0.12928612530231476
927,60,gaussian,5,43,0.375,0.59375,0.375,1.0,1.861142635345459,0.6427898406982422
928,60,gaussian,5,43,0.296875,0.59375,0.296875,1.0,2.7916712760925293,0.9792250394821167
929,60,gaussian,5,43,0.296875,0.625,0.296875,1.0,1.7614140510559082,0.5827472805976868
930,60,gaussian,5,43,0.75,0.28125,0.75,1.0,0.6485179662704468,0.18618729710578918
931,60,gaussian,5,43,0.1875,0.140625,0.46153846153846156,1.0,1.2817399501800537,0.37934717535972595
932,60,gaussian,5,43,0.34375,0.59375,0.34375,1.0,4.109040260314941,1.3279017210006714
933,60,gaussian,5,43,0.609375,0.40625,0.609375,1.0,1.1598578691482544,0.38440459966659546
934,60,gaussian,5,43,0.65625,0.609375,0.65625,1.0,0.6333321332931519,0.19405585527420044
935,60,gaussian,5,43,0.59375,0.0625,0.59375,1.0,0.5975696444511414,0.15151219069957733
936,60,gaussian,5,43,0.2421875,0.2578125,0.5229468599033816,1.0,1.912346601486206,0.5904128551483154
937,60,gaussian,5,43,0.28125,0.609375,0.28125,1.0,0.32127171754837036,0.1126881018280983
938,60,gaussian,5,43,0.34375,0.25,0.34375,1.0,1.2816684246063232,0.41226834058761597
939,60,gaussian,5,43,0.28125,0.1796875,0.49561952440550694,1.0,2.357426166534424,0.777108907699585
940,60,gaussian,5,43,0.265625,0.15625,0.5095095095095095,1.0,2.021742582321167,0.7088102698326111
941,60,gaussian,5,43,0.328125,0.625,0.328125,1.0,0.5201691389083862,0.17389798164367676
942,60,gaussian,5,43,0.609375,0.140625,0.609375,1.0,0.6746250987052917,0.19888581335544586
943,60,gaussian,5,43,0.296875,0.625,0.296875,1.0,0.3995974659919739,0.14073674380779266
944,60,gaussian,5,43,0.546875,0.625,0.546875,1.0,1.7315118312835693,0.5882750749588013
945,60,gaussian,5,43,0.2578125,0.265625,0.4876923076923077,1.0,2.428258180618286,0.766457736492157
946,60,gaussian,5,43,0.375,0.671875,0.375,1.0,1.1178476810455322,0.3731052279472351
947,60,gaussian,5,43,0.25,0.2265625,0.5225225225225225,1.0,1.373051643371582,0.41799378395080566
948,60,gaussian,5,43,0.75,0.28125,0.75,1.0,0.6491744518280029,0.18618729710578918
949,60,gaussian,5,43,0.625,0.546875,0.625,1.0,1.366389513015747,0.48124849796295166
950,60,gaussian,5,43,0.5,0.34375,0.5,1.0,1.2271164655685425,0.44727951288223267
951,60,gaussian,5,43,0.59375,0.5625,0.59375,1.0,0.7154518365859985,0.25497907400131226
952,60,gaussian,5,43,0.375,0.59375,0.375,1.0,1.861534833908081,0.6427898406982422
953,60,gaussian,5,43,0.71875,0.59375,0.71875,1.0,2.3735289573669434,0.7093368172645569
954,60,gaussian,5,43,0.6875,0.59375,0.6875,1.0,2.4102349281311035,0.7454692125320435
955,60,gaussian,5,43,0.625,0.671875,0.625,1.0,0.9624806046485901,0.3305564224720001
956,60,gaussian,5,43,0.515625,0.625,0.515625,1.0,0.40206944942474365,0.1376381367444992
957,60,gaussian,5,43,0.609375,0.140625,0.609375,1.0,0.6746240854263306,0.19888581335544586
958,60,gaussian,5,43,0.28125,0.59375,0.28125,1.0,1.8439452648162842,0.5944212675094604
959,60,gaussian,5,43,0.46875,0.609375,0.46875,1.0,1.8357704877853394,0.6021822690963745
960,60,gaussian,5,43,0.640625,0.484375,0.640625,1.0,1.844425082206726,0.5800797939300537
961,60,gaussian,5,43,0.40625,0.59375,0.40625,1.0,2.6985623836517334,0.8450959324836731
962,60,gaussian,5,43,0.4375,0.46875,0.4375,1.0,5.051394462585449,1.7007060050964355
963,60,gaussian,5,43,0.28125,0.625,0.28125,1.0,0.3991563618183136,0.14073675870895386
964,60,gaussian,5,43,0.34375,0.375,0.34375,1.0,2.5890796184539795,0.8097262382507324
965,60,gaussian,5,43,0.5,0.59375,0.5,1.0,1.504331111907959,0.5122764110565186
966,60,gaussian,5,43,0.421875,0.578125,0.421875,1.0,4.435128211975098,1.5930087566375732
967,60,gaussian,5,43,0.390625,0.625,0.390625,1.0,1.566957712173462,0.5359231233596802
968,60,gaussian,5,43,0.703125,0.65625,0.703125,1.0,2.0608415603637695,0.6682609915733337
969,60,gaussian,5,43,0.484375,0.1875,0.484375,1.0,1.4986193180084229,0.5096413493156433
970,60,gaussian,5,43,0.515625,0.5,0.515625,1.0,1.9391608238220215,0.689624547958374
971,60,gaussian,5,43,0.546875,0.4375,0.546875,1.0,0.3790963888168335,0.1485593169927597
972,60,gaussian,5,43,0.3125,0.546875,0.3125,1.0,4.504305839538574,1.4522353410720825
973,60,gaussian,5,43,0.34375,0.46875,0.34375,1.0,0.6804473996162415,0.22189383208751678
974,60,gaussian,5,43,0.25,0.609375,0.25,1.0,1.131920337677002,0.358008474111557
975,60,gaussian,5,43,0.671875,0.625,0.671875,1.0,3.042158603668213,0.9268489480018616
976,60,gaussian,5,43,0.46875,0.53125,0.46875,1.0,0.7814735174179077,0.2587800621986389
977,60,gaussian,5,43,0.453125,0.375,0.453125,1.0,0.8633688688278198,0.28409773111343384
978,60,gaussian,5,43,0.34375,0.625,0.34375,1.0,0.26039162278175354,0.09391983598470688
979,60,gaussian,5,43,0.328125,0.484375,0.328125,1.0,2.0271360874176025,0.6356099247932434
980,60,gaussian,5,43,0.4375,0.390625,0.4375,1.0,2.464559555053711,0.8806358575820923
981,60,gaussian,5,43,0.3125,0.5625,0.3125,1.0,2.6818089485168457,0.8507698178291321
982,60,gaussian,5,43,0.453125,0.375,0.453125,1.0,0.8631651401519775,0.28409773111343384
983,60,gaussian,5,43,0.375,0.546875,0.375,1.0,6.657016754150391,2.2622108459472656
984,60,gaussian,5,43,0.6875,0.34375,0.6875,1.0,1.6387922763824463,0.4736481010913849
985,60,gaussian,5,43,0.3125,0.296875,0.4444444444444444,1.0,3.4296133518218994,1.082504153251648
986,60,gaussian,5,43,0.328125,0.609375,0.328125,1.0,0.5207223892211914,0.17389798164367676
987,60,gaussian,5,43,0.609375,0.421875,0.609375,1.0,0.5518067479133606,0.17363278567790985
988,60,gaussian,5,43,0.34375,0.546875,0.34375,1.0,0.9625828266143799,0.30012837052345276
989,60,gaussian,5,43,0.40625,0.375,0.40625,1.0,2.837151050567627,0.9409937262535095
990,60,gaussian,5,43,0.296875,0.296875,0.296875,1.0,0.378390908241272,0.10852812975645065
991,60,gaussian,5,43,0.71875,0.609375,0.71875,1.0,1.3517014980316162,0.41318804025650024
992,60,gaussian,5,43,0.421875,0.421875,0.421875,1.0,0.9697229862213135,0.32193639874458313
993,60,gaussian,5,43,0.296875,0.453125,0.296875,1.0,1.5596344470977783,0.49477845430374146
994,60,gaussian,5,43,0.34375,0.625,0.34375,1.0,1.6434874534606934,0.5053595304489136
995,60,gaussian,5,43,0.296875,0.5625,0.296875,1.0,0.6563861966133118,0.20052888989448547
996,60,gaussian,5,43,0.703125,0.3125,0.703125,1.0,3.0110995769500732,0.8909675478935242
997,60,gaussian,5,43,0.265625,0.609375,0.265625,1.0,1.1338224411010742,0.358008474111557
998,60,gaussian,5,43,0.453125,0.484375,0.453125,1.0,0.359531432390213,0.11691776663064957
999,60,gaussian,5,43,0.328125,0.21875,0.328125,1.0,1.7784059047698975,0.5142515897750854
0,80,gaussian,5,43,0.21875,0.453125,0.2916666666666667,1.0,1.863480806350708,0.5684369206428528
1,80,gaussian,5,43,0.265625,0.40625,0.3541666666666667,1.0,1.2684290409088135,0.4161791503429413
2,80,gaussian,5,43,0.203125,0.4375,0.2708333333333333,1.0,0.33838891983032227,0.11874246597290039
3,80,gaussian,5,43,0.4375,0.484375,0.5833333333333334,1.0,4.071910858154297,1.2899216413497925
4,80,gaussian,5,43,0.265625,0.40625,0.3541666666666667,1.0,1.5063292980194092,0.5010942220687866
5,80,gaussian,5,43,0.328125,0.3125,0.4375,1.0,1.4073407649993896,0.45959076285362244
6,80,gaussian,5,43,0.5,0.265625,0.6666666666666666,1.0,1.695165991783142,0.5156327486038208
7,80,gaussian,5,43,0.296875,0.46875,0.3958333333333333,1.0,1.5659600496292114,0.5331002473831177
8,80,gaussian,5,43,0.3125,0.328125,0.5555555555555556,1.0,2.7448487281799316,0.8693661093711853
9,80,gaussian,5,43,0.1875,0.203125,0.25,1.0,0.5508816838264465,0.15372683107852936
10,80,gaussian,5,43,0.46875,0.5,0.625,1.0,0.9801759719848633,0.3159504532814026
11,80,gaussian,5,43,0.171875,0.140625,0.4583333333333333,1.0,1.2162034511566162,0.35316357016563416
12,80,gaussian,5,43,0.53125,0.453125,0.7083333333333334,1.0,2.0997726917266846,0.6995882987976074
13,80,gaussian,5,43,0.3125,0.453125,0.4166666666666667,1.0,0.9478360414505005,0.33372676372528076
14,80,gaussian,5,43,0.265625,0.28125,0.5862068965517241,1.0,1.277357816696167,0.38044869899749756
15,80,gaussian,5,43,0.390625,0.4375,0.5208333333333334,1.0,0.2669107913970947,0.09612608700990677
16,80,gaussian,5,43,0.21875,0.453125,0.2916666666666667,1.0,0.3205956816673279,0.11198267340660095
17,80,gaussian,5,43,0.265625,0.328125,0.3541666666666667,1.0,1.6279258728027344,0.5243464708328247
18,80,gaussian,5,43,0.25,0.46875,0.3333333333333333,1.0,1.359177827835083,0.45317068696022034
19,80,gaussian,5,43,0.234375,0.46875,0.3125,1.0,1.6277213096618652,0.585112988948822
20,80,gaussian,5,43,0.328125,0.4375,0.4375,1.0,2.2463479042053223,0.7234890460968018
21,80,gaussian,5,43,0.390625,0.359375,0.5208333333333334,1.0,1.391709804534912,0.4580148458480835
22,80,gaussian,5,43,0.234375,0.4375,0.3125,1.0,1.1949905157089233,0.38049018383026123
23,80,gaussian,5,43,0.21875,0.421875,0.2916666666666667,1.0,2.0529205799102783,0.7329931855201721
24,80,gaussian,5,43,0.421875,0.453125,0.5625,1.0,2.594186782836914,0.8424263000488281
25,80,gaussian,5,43,0.25,0.09375,0.3333333333333333,1.0,0.26230496168136597,0.0783020481467247
26,80,gaussian,5,43,0.28125,0.328125,0.375,1.0,0.7580591440200806,0.24335366487503052
27,80,gaussian,5,43,0.21875,0.4375,0.2916666666666667,1.0,1.5128910541534424,0.5083513259887695
28,80,gaussian,5,43,0.375,0.453125,0.5,1.0,3.6412739753723145,1.2515865564346313
29,80,gaussian,5,43,0.296875,0.34375,0.3958333333333333,1.0,2.6691689491271973,0.8795009851455688
30,80,gaussian,5,43,0.25,0.453125,0.3333333333333333,1.0,2.599976062774658,0.8706270456314087
31,80,gaussian,5,43,0.328125,0.21875,0.4375,1.0,0.7088518142700195,0.2332180291414261
32,80,gaussian,5,43,0.0625,0.046875,0.36363636363636365,1.0,4.438928604125977,1.408379316329956
33,80,gaussian,5,43,0.3125,0.375,0.4166666666666667,1.0,3.9013566970825195,1.2428430318832397
34,80,gaussian,5,43,0.390625,0.375,0.5208333333333334,1.0,10.849377632141113,3.7165002822875977
35,80,gaussian,5,43,0.59375,0.421875,0.7916666666666666,1.0,0.7728562355041504,0.2183932363986969
36,80,gaussian,5,43,0.1875,0.453125,0.25,1.0,1.1308541297912598,0.35616201162338257
37,80,gaussian,5,43,0.328125,0.328125,0.4375,1.0,0.9432768821716309,0.32624515891075134
38,80,gaussian,5,43,0.46875,0.5,0.625,1.0,1.4221882820129395,0.45197972655296326
39,80,gaussian,5,43,0.25,0.46875,0.3333333333333333,1.0,1.6267094612121582,0.5870513916015625
40,80,gaussian,5,43,0.3125,0.4375,0.4166666666666667,1.0,4.434889793395996,1.5992270708084106
41,80,gaussian,5,43,0.25,0.453125,0.3333333333333333,1.0,0.9324545860290527,0.30738115310668945
42,80,gaussian,5,43,0.453125,0.359375,0.6041666666666666,1.0,3.8117175102233887,1.3802337646484375
43,80,gaussian,5,43,0.390625,0.46875,0.5208333333333334,1.0,1.507512092590332,0.5301889777183533
44,80,gaussian,5,43,0.203125,0.328125,0.2708333333333333,1.0,0.29142647981643677,0.11122462898492813
45,80,gaussian,5,43,0.203125,0.453125,0.2708333333333333,1.0,0.866174578666687,0.2692459523677826
46,80,gaussian,5,43,0.234375,0.484375,0.3125,1.0,1.0128185749053955,0.29712948203086853
47,80,gaussian,5,43,,,,0.0,0.2456139624118805,0.0718812569975853
48,80,gaussian,5,43,0.3125,0.328125,0.4166666666666667,1.0,1.6162796020507812,0.5532150268554688
49,80,gaussian,5,43,0.328125,0.234375,0.4375,1.0,0.824736475944519,0.27792689204216003
50,80,gaussian,5,43,0.25,0.46875,0.3333333333333333,1.0,1.3587749004364014,0.4459174871444702
51,80,gaussian,5,43,0.21875,0.4375,0.2916666666666667,1.0,1.864485502243042,0.5628902316093445
52,80,gaussian,5,43,0.234375,0.453125,0.3125,1.0,1.7601590156555176,0.5839356780052185
53,80,gaussian,5,43,0.484375,0.421875,0.6458333333333334,1.0,4.406598091125488,1.4396377801895142
54,80,gaussian,5,43,0.515625,0.4375,0.6875,1.0,2.405377149581909,0.7409839630126953
55,80,gaussian,5,43,0.375,0.359375,0.5,1.0,10.835491180419922,3.69065260887146
56,80,gaussian,5,43,0.296875,0.34375,0.3958333333333333,1.0,2.6665725708007812,0.8761609792709351
57,80,gaussian,5,43,0.25,0.453125,0.3333333333333333,1.0,1.939744472503662,0.6660531759262085
58,80,gaussian,5,43,0.3125,0.484375,0.4166666666666667,1.0,0.3564976751804352,0.12089943885803223
59,80,gaussian,5,43,0.390625,0.4375,0.5208333333333334,1.0,0.5782208442687988,0.201457217335701
60,80,gaussian,5,43,0.28125,0.4375,0.375,1.0,0.39868196845054626,0.12904073297977448
61,80,gaussian,5,43,0.234375,0.515625,0.3125,1.0,1.2870241403579712,0.4006914794445038
62,80,gaussian,5,43,0.375,0.1875,0.5,1.0,0.9689806699752808,0.3494270145893097
63,80,gaussian,5,43,,,,0.0,0.24562451243400574,0.07156824320554733
64,80,gaussian,5,43,0.265625,0.421875,0.3541666666666667,1.0,1.983266830444336,0.6752547025680542
65,80,gaussian,5,43,0.1796875,0.1796875,0.4691470054446461,1.0,0.9372682571411133,0.2771044671535492
66,80,gaussian,5,43,0.328125,0.4375,0.4375,1.0,3.226370334625244,1.0945117473602295
67,80,gaussian,5,43,0.125,0.109375,0.47058823529411764,1.0,3.287081241607666,1.0986790657043457
68,80,gaussian,5,43,0.328125,0.421875,0.4375,1.0,0.4750104248523712,0.15440738201141357
69,80,gaussian,5,43,0.546875,0.1875,0.7291666666666666,1.0,2.347766399383545,0.6598479747772217
70,80,gaussian,5,43,0.234375,0.375,0.3125,1.0,1.5594415664672852,0.46838703751564026
71,80,gaussian,5,43,0.3125,0.484375,0.4166666666666667,1.0,2.7443203926086426,0.8848455548286438
72,80,gaussian,5,43,0.34375,0.34375,0.4583333333333333,1.0,1.1394574642181396,0.3952864408493042
73,80,gaussian,5,43,0.375,0.21875,0.5,1.0,2.3088607788085938,0.8249543905258179
74,80,gaussian,5,43,0.4375,0.484375,0.5833333333333334,1.0,0.7162907719612122,0.2233770489692688
75,80,gaussian,5,43,0.25,0.453125,0.3333333333333333,1.0,2.7247872352600098,0.9183431267738342
76,80,gaussian,5,43,0.40625,0.453125,0.5416666666666666,1.0,1.7328555583953857,0.5913478136062622
77,80,gaussian,5,43,0.265625,0.265625,0.3541666666666667,1.0,0.8319454193115234,0.26942551136016846
78,80,gaussian,5,43,0.265625,0.46875,0.3541666666666667,1.0,0.8336058855056763,0.29695624113082886
79,80,gaussian,5,43,0.515625,0.390625,0.6875,1.0,3.4855127334594727,1.0699620246887207
80,80,gaussian,5,43,0.171875,0.390625,0.22916666666666666,1.0,0.8334534168243408,0.24623674154281616
81,80,gaussian,5,43,0.359375,0.359375,0.4791666666666667,1.0,2.0011236667633057,0.6885015368461609
82,80,gaussian,5,43,0.328125,0.5,0.4375,1.0,1.981189250946045,0.6459563374519348
83,80,gaussian,5,43,0.5,0.5,0.6666666666666666,1.0,1.2666473388671875,0.39830708503723145
84,80,gaussian,5,43,0.3125,0.40625,0.4166666666666667,1.0,4.185474872589111,1.3773295879364014
85,80,gaussian,5,43,0.53125,0.359375,0.7083333333333334,1.0,1.8105764389038086,0.6207584738731384
86,80,gaussian,5,43,0.375,0.375,0.5,1.0,0.49901145696640015,0.17558111250400543
87,80,gaussian,5,43,0.1875,0.484375,0.25,1.0,1.0427428483963013,0.30957943201065063
88,80,gaussian,5,43,0.3125,0.484375,0.4166666666666667,1.0,0.3391473889350891,0.10957761853933334
89,80,gaussian,5,43,0.3125,0.328125,0.4166666666666667,1.0,0.9418937563896179,0.3304450809955597
90,80,gaussian,5,43,0.40625,0.453125,0.5416666666666666,1.0,2.5916337966918945,0.848809003829956
91,80,gaussian,5,43,0.28125,0.21875,0.375,1.0,2.2934072017669678,0.7398045659065247
92,80,gaussian,5,43,0.1875,0.4375,0.25,1.0,2.223695755004883,0.7509560585021973
93,80,gaussian,5,43,0.234375,0.453125,0.3125,1.0,1.760032296180725,0.5816709995269775
94,80,gaussian,5,43,0.515625,0.28125,0.6875,1.0,0.6381738185882568,0.18764111399650574
95,80,gaussian,5,43,0.375,0.390625,0.5,1.0,1.7493515014648438,0.6109908819198608
96,80,gaussian,5,43,,,,0.0,5.591832160949707,1.7203255891799927
97,80,gaussian,5,43,0.4375,0.453125,0.5833333333333334,1.0,0.9371713995933533,0.289569228887558
98,80,gaussian,5,43,0.390625,0.1875,0.5208333333333334,1.0,0.9709001779556274,0.3525250256061554
99,80,gaussian,5,43,0.3125,0.484375,0.4166666666666667,1.0,2.746779441833496,0.8836540579795837
100,80,gaussian,5,43,0.234375,0.296875,0.3125,1.0,0.4203585982322693,0.12822000682353973
101,80,gaussian,5,43,0.25,0.4375,0.3333333333333333,1.0,2.3741602897644043,0.7728384137153625
102,80,gaussian,5,43,0.546875,0.171875,0.7291666666666666,1.0,2.37678861618042,0.6484534740447998
103,80,gaussian,5,43,0.234375,0.296875,0.3125,1.0,2.695831775665283,0.8067615628242493
104,80,gaussian,5,43,0.28125,0.5,0.375,1.0,1.1172945499420166,0.37586265802383423
105,80,gaussian,5,43,0.328125,0.484375,0.4375,1.0,2.3499488830566406,0.7964833974838257
106,80,gaussian,5,43,0.375,0.15625,0.5,1.0,0.4530436098575592,0.1646183431148529
107,80,gaussian,5,43,0.375,0.40625,0.5,1.0,1.7969679832458496,0.6375049352645874
108,80,gaussian,5,43,0.234375,0.34375,0.3125,1.0,4.387394905090332,1.399846076965332
109,80,gaussian,5,43,0.25,0.265625,0.3333333333333333,1.0,1.1590523719787598,0.345694899559021
110,80,gaussian,5,43,0.265625,0.4375,0.3541666666666667,1.0,0.6901100277900696,0.23043325543403625
111,80,gaussian,5,43,0.265625,0.4375,0.3541666666666667,1.0,2.2469892501831055,0.751572847366333
112,80,gaussian,5,43,0.25,0.171875,0.3333333333333333,1.0,1.278390884399414,0.4055517613887787
113,80,gaussian,5,43,0.296875,0.40625,0.3958333333333333,1.0,3.112227439880371,1.0073573589324951
114,80,gaussian,5,43,0.546875,0.453125,0.7291666666666666,1.0,2.375047206878662,0.7076047658920288
115,80,gaussian,5,43,0.21875,0.4375,0.2916666666666667,1.0,0.26340892910957336,0.09304728358983994
116,80,gaussian,5,43,0.1875,0.4375,0.25,1.0,1.3975634574890137,0.4499092400074005
117,80,gaussian,5,43,0.390625,0.078125,0.5208333333333334,1.0,0.7352538704872131,0.20449420809745789
118,80,gaussian,5,43,0.3125,0.328125,0.4166666666666667,1.0,3.836329936981201,1.1877363920211792
119,80,gaussian,5,43,0.171875,0.453125,0.22916666666666666,1.0,0.5051263570785522,0.15558212995529175
120,80,gaussian,5,43,0.265625,0.484375,0.3541666666666667,1.0,0.8597901463508606,0.2997216582298279
121,80,gaussian,5,43,0.359375,0.296875,0.4791666666666667,1.0,2.929260492324829,1.0079047679901123
122,80,gaussian,5,43,0.203125,0.203125,0.2708333333333333,1.0,1.2684869766235352,0.3558972477912903
123,80,gaussian,5,43,0.375,0.453125,0.5,1.0,1.5021617412567139,0.5105817317962646
124,80,gaussian,5,43,0.265625,0.453125,0.3541666666666667,1.0,2.2449018955230713,0.7533774375915527
125,80,gaussian,5,43,0.25,0.25,0.3333333333333333,1.0,3.0236616134643555,0.9346209764480591
126,80,gaussian,5,43,0.1875,0.4375,0.25,1.0,2.1885299682617188,0.7715274691581726
127,80,gaussian,5,43,0.234375,0.203125,0.5172413793103449,1.0,4.15162467956543,1.32266104221344
128,80,gaussian,5,43,0.515625,0.484375,0.6875,1.0,2.0571072101593018,0.6750701069831848
129,80,gaussian,5,43,0.265625,0.421875,0.3541666666666667,1.0,3.271313190460205,1.1756583452224731
130,80,gaussian,5,43,0.328125,0.203125,0.4375,1.0,0.7072776556015015,0.23783382773399353
131,80,gaussian,5,43,,,,0.0,1.047945261001587,0.31623339653015137
132,80,gaussian,5,43,0.25,0.25,0.3333333333333333,1.0,0.8351428508758545,0.266821026802063
133,80,gaussian,5,43,0.328125,0.25,0.4375,1.0,3.7142252922058105,1.4225736856460571
134,80,gaussian,5,43,0.296875,0.484375,0.3958333333333333,1.0,2.744839668273926,0.879711925983429
135,80,gaussian,5,43,0.203125,0.484375,0.2708333333333333,1.0,2.98775053024292,0.9694699048995972
136,80,gaussian,5,43,0.34375,0.34375,0.4583333333333333,1.0,5.04754114151001,1.6908918619155884
137,80,gaussian,5,43,0.46875,0.5,0.625,1.0,1.2180922031402588,0.3746781647205353
138,80,gaussian,5,43,0.25,0.453125,0.3333333333333333,1.0,0.9330083131790161,0.30870434641838074
139,80,gaussian,5,43,0.421875,0.46875,0.5625,1.0,1.2451649904251099,0.39778435230255127
140,80,gaussian,5,43,0.328125,0.328125,0.5833333333333334,1.0,2.739013433456421,0.8647376298904419
141,80,gaussian,5,43,0.390625,0.453125,0.5208333333333334,1.0,0.7569591999053955,0.2526857554912567
142,80,gaussian,5,43,,,,0.0,0.24541997909545898,0.07147455215454102
143,80,gaussian,5,43,0.21875,0.4375,0.2916666666666667,1.0,0.26304638385772705,0.09134992212057114
144,80,gaussian,5,43,0.328125,0.3125,0.4375,1.0,0.9701910018920898,0.3244873583316803
145,80,gaussian,5,43,0.234375,0.421875,0.3125,1.0,2.7457542419433594,0.8662163615226746
146,80,gaussian,5,43,0.3125,0.5,0.4166666666666667,1.0,1.4816532135009766,0.5065938234329224
147,80,gaussian,5,43,0.296875,0.3125,0.3958333333333333,1.0,0.6680595874786377,0.21507936716079712
148,80,gaussian,5,43,0.1875,0.453125,0.25,1.0,2.2950353622436523,0.7785532474517822
149,80,gaussian,5,43,0.25,0.453125,0.3333333333333333,1.0,0.5524389147758484,0.1855953335762024
150,80,gaussian,5,43,0.5,0.5,0.6666666666666666,1.0,2.1998448371887207,0.6882081031799316
151,80,gaussian,5,43,0.34375,0.375,0.4583333333333333,1.0,1.9981942176818848,0.683565616607666
152,80,gaussian,5,43,0.546875,0.203125,0.7291666666666666,1.0,1.02949857711792,0.303864985704422
153,80,gaussian,5,43,0.34375,0.46875,0.4583333333333333,1.0,6.44374942779541,2.106252908706665
154,80,gaussian,5,43,0.359375,0.390625,0.4791666666666667,1.0,0.780585527420044,0.25725704431533813
155,80,gaussian,5,43,0.328125,0.3125,0.4375,1.0,1.4060558080673218,0.4610917866230011
156,80,gaussian,5,43,0.359375,0.453125,0.4791666666666667,1.0,5.098801612854004,1.8563306331634521
157,80,gaussian,5,43,0.453125,0.5,0.6041666666666666,1.0,1.9062449932098389,0.6379427909851074
158,80,gaussian,5,43,0.375,0.453125,0.5,1.0,1.112797737121582,0.39807945489883423
159,80,gaussian,5,43,0.1875,0.4375,0.25,1.0,2.296854257583618,0.7755089998245239
160,80,gaussian,5,43,0.390625,0.1875,0.5208333333333334,1.0,0.9709620475769043,0.3522094488143921
161,80,gaussian,5,43,0.28125,0.4375,0.375,1.0,1.5990599393844604,0.5082414746284485
162,80,gaussian,5,43,0.328125,0.453125,0.4375,1.0,0.9247355461120605,0.30403241515159607
163,80,gaussian,5,43,0.375,0.453125,0.5,1.0,1.5043771266937256,0.5098814964294434
164,80,gaussian,5,43,0.53125,0.375,0.7083333333333334,1.0,1.8091408014297485,0.6196804046630859
165,80,gaussian,5,43,0.546875,0.390625,0.7291666666666666,1.0,4.729294776916504,1.3638557195663452
166,80,gaussian,5,43,0.21875,0.4375,0.2916666666666667,1.0,1.217374324798584,0.43625301122665405
167,80,gaussian,5,43,0.375,0.3125,0.5,1.0,0.7800289392471313,0.312243789434433
168,80,gaussian,5,43,0.234375,0.46875,0.3125,1.0,0.985802948474884,0.318719744682312
169,80,gaussian,5,43,0.3125,0.484375,0.4166666666666667,1.0,11.300246238708496,3.7246851921081543
170,80,gaussian,5,43,0.53125,0.453125,0.7083333333333334,1.0,2.37338924407959,0.7130753397941589
171,80,gaussian,5,43,0.28125,0.359375,0.375,1.0,2.2814807891845703,0.749474287033081
172,80,gaussian,5,43,0.328125,0.421875,0.4375,1.0,3.728256940841675,1.2113982439041138
173,80,gaussian,5,43,0.375,0.390625,0.5,1.0,0.4985743761062622,0.17621448636054993
174,80,gaussian,5,43,0.453125,0.421875,0.6041666666666666,1.0,0.9313125610351562,0.32433876395225525
175,80,gaussian,5,43,0.53125,0.375,0.7083333333333334,1.0,1.8069310188293457,0.6133581399917603
176,80,gaussian,5,43,,,,0.0,1.2882885932922363,0.3996489644050598
177,80,gaussian,5,43,0.359375,0.296875,0.4791666666666667,1.0,2.926818370819092,1.0059219598770142
178,80,gaussian,5,43,0.453125,0.40625,0.6041666666666666,1.0,0.9313119053840637,0.32409730553627014
179,80,gaussian,5,43,0.203125,0.46875,0.2708333333333333,1.0,0.8448699712753296,0.30002331733703613
180,80,gaussian,5,43,0.390625,0.453125,0.5208333333333334,1.0,1.1290150880813599,0.39386454224586487
181,80,gaussian,5,43,0.46875,0.40625,0.625,1.0,0.9299582839012146,0.32590001821517944
182,80,gaussian,5,43,0.28125,0.5,0.375,1.0,0.9105398654937744,0.28959354758262634
183,80,gaussian,5,43,0.296875,0.484375,0.3958333333333333,1.0,1.0560271739959717,0.33263570070266724
184,80,gaussian,5,43,,,,0.0,0.23187509179115295,0.07676635682582855
185,80,gaussian,5,43,0.53125,0.46875,0.7083333333333334,1.0,2.100318193435669,0.7065779566764832
186,80,gaussian,5,43,0.234375,0.34375,0.3125,1.0,4.382312774658203,1.3833013772964478
187,80,gaussian,5,43,0.390625,0.390625,0.5208333333333334,1.0,0.7700502872467041,0.27003365755081177
188,80,gaussian,5,43,0.453125,0.484375,0.6041666666666666,1.0,4.079293727874756,1.2732152938842773
189,80,gaussian,5,43,0.328125,0.4375,0.4375,1.0,3.2232561111450195,1.0785244703292847
190,80,gaussian,5,43,0.484375,0.40625,0.6458333333333334,1.0,1.366858720779419,0.483862042427063
191,80,gaussian,5,43,0.203125,0.453125,0.2708333333333333,1.0,0.4836066961288452,0.15901727974414825
192,80,gaussian,5,43,0.203125,0.46875,0.2708333333333333,1.0,0.7992296814918518,0.2565993368625641
193,80,gaussian,5,43,0.203125,0.484375,0.2708333333333333,1.0,0.4909554719924927,0.15485571324825287
194,80,gaussian,5,43,0.34375,0.421875,0.4583333333333333,1.0,0.4214624762535095,0.1513594537973404
195,80,gaussian,5,43,0.265625,0.46875,0.3541666666666667,1.0,1.6400420665740967,0.509976327419281
196,80,gaussian,5,43,0.3125,0.359375,0.4166666666666667,1.0,1.2648383378982544,0.39647212624549866
197,80,gaussian,5,43,0.375,0.359375,0.5,1.0,1.686354398727417,0.5815367698669434
198,80,gaussian,5,43,0.0625,0.046875,0.3333333333333333,1.0,4.438179969787598,1.408443570137024
199,80,gaussian,5,43,0.25,0.453125,0.3333333333333333,1.0,0.5206291079521179,0.1757505238056183
200,80,gaussian,5,43,0.1875,0.453125,0.25,1.0,0.9224984645843506,0.2759283185005188
201,80,gaussian,5,43,0.484375,0.484375,0.6458333333333334,1.0,1.37074613571167,0.4877099394798279
202,80,gaussian,5,43,0.328125,0.296875,0.4375,1.0,2.8102774620056152,0.9906059503555298
203,80,gaussian,5,43,0.375,0.40625,0.5,1.0,1.7974485158920288,0.6441280841827393
204,80,gaussian,5,43,0.359375,0.3125,0.4791666666666667,1.0,1.3399295806884766,0.44609004259109497
205,80,gaussian,5,43,0.171875,0.4375,0.22916666666666666,1.0,2.165189266204834,0.7235018610954285
206,80,gaussian,5,43,0.328125,0.421875,0.4375,1.0,3.7282400131225586,1.2147363424301147
207,80,gaussian,5,43,0.3125,0.40625,0.4166666666666667,1.0,4.182316780090332,1.3731566667556763
208,80,gaussian,5,43,0.546875,0.171875,0.7291666666666666,1.0,2.375525951385498,0.6674984693527222
209,80,gaussian,5,43,0.34375,0.40625,0.4583333333333333,1.0,0.8182122707366943,0.28503257036209106
210,80,gaussian,5,43,0.578125,0.125,0.7708333333333334,1.0,0.3320467472076416,0.10293526947498322
211,80,gaussian,5,43,0.328125,0.34375,0.4375,1.0,5.050403594970703,1.6911512613296509
212,80,gaussian,5,43,0.234375,0.4375,0.3125,1.0,0.6666833758354187,0.23205654323101044
213,80,gaussian,5,43,0.21875,0.4375,0.2916666666666667,1.0,2.1312055587768555,0.7040294408798218
214,80,gaussian,5,43,0.515625,0.484375,0.6875,1.0,2.056339979171753,0.6734678149223328
215,80,gaussian,5,43,0.28125,0.46875,0.375,1.0,1.566148281097412,0.5287585854530334
216,80,gaussian,5,43,0.21875,0.453125,0.2916666666666667,1.0,0.6257032155990601,0.19739584624767303
217,80,gaussian,5,43,0.546875,0.453125,0.7291666666666666,1.0,2.373073101043701,0.7138271331787109
218,80,gaussian,5,43,0.375,0.34375,0.5,1.0,1.6447064876556396,0.5694284439086914
219,80,gaussian,5,43,0.234375,0.46875,0.3125,1.0,1.870539903640747,0.6317901611328125
220,80,gaussian,5,43,0.453125,0.5,0.6041666666666666,1.0,1.6189839839935303,0.5388243794441223
221,80,gaussian,5,43,0.171875,0.453125,0.22916666666666666,1.0,0.5088863372802734,0.15653803944587708
222,80,gaussian,5,43,0.25,0.515625,0.3333333333333333,1.0,1.317434549331665,0.4084782302379608
223,80,gaussian,5,43,0.546875,0.453125,0.7291666666666666,1.0,3.1065711975097656,1.1128575801849365
224,80,gaussian,5,43,0.3125,0.328125,0.4166666666666667,1.0,1.615389347076416,0.550055980682373
225,80,gaussian,5,43,0.515625,0.46875,0.6875,1.0,2.092902183532715,0.6907844543457031
226,80,gaussian,5,43,0.21875,0.4375,0.2916666666666667,1.0,2.143472194671631,0.7837928533554077
227,80,gaussian,5,43,0.25,0.4375,0.3333333333333333,1.0,0.34830522537231445,0.11957772076129913
228,80,gaussian,5,43,0.203125,0.203125,0.2708333333333333,1.0,0.5525611042976379,0.15621669590473175
229,80,gaussian,5,43,0.265625,0.4375,0.3541666666666667,1.0,2.0687668323516846,0.6864143013954163
230,80,gaussian,5,43,0.484375,0.328125,0.6458333333333334,1.0,1.831948161125183,0.6735992431640625
231,80,gaussian,5,43,0.265625,0.296875,0.3541666666666667,1.0,18.1104679107666,5.768634796142578
232,80,gaussian,5,43,0.328125,0.359375,0.4375,1.0,0.45950204133987427,0.1583539843559265
233,80,gaussian,5,43,0.203125,0.484375,0.2708333333333333,1.0,0.49022603034973145,0.15464378893375397
234,80,gaussian,5,43,0.328125,0.5,0.4375,1.0,1.9812135696411133,0.6319756507873535
235,80,gaussian,5,43,0.21875,0.46875,0.2916666666666667,1.0,0.4905964136123657,0.15269091725349426
236,80,gaussian,5,43,0.515625,0.28125,0.6875,1.0,0.6381018161773682,0.1847352236509323
237,80,gaussian,5,43,0.265625,0.390625,0.3541666666666667,1.0,2.7390077114105225,0.8850827217102051
238,80,gaussian,5,43,0.484375,0.203125,0.6458333333333334,1.0,1.3712525367736816,0.41654396057128906
239,80,gaussian,5,43,0.25,0.1875,0.3333333333333333,1.0,1.281211495399475,0.41248130798339844
240,80,gaussian,5,43,0.28125,0.453125,0.375,1.0,1.7397444248199463,0.582079291343689
241,80,gaussian,5,43,0.296875,0.34375,0.3958333333333333,1.0,0.6085646152496338,0.19096608459949493
242,80,gaussian,5,43,0.46875,0.5,0.625,1.0,0.9806450605392456,0.316164493560791
243,80,gaussian,5,43,0.265625,0.328125,0.3541666666666667,1.0,2.285353422164917,0.7338597774505615
244,80,gaussian,5,43,0.3125,0.25,0.4166666666666667,1.0,3.713738441467285,1.3961961269378662
245,80,gaussian,5,43,0.265625,0.296875,0.5666666666666667,1.0,1.726797342300415,0.5078706741333008
246,80,gaussian,5,43,0.265625,0.5,0.3541666666666667,1.0,3.41418194770813,1.1570955514907837
247,80,gaussian,5,43,0.328125,0.484375,0.4375,1.0,4.930964946746826,1.6836787462234497
248,80,gaussian,5,43,0.265625,0.453125,0.3541666666666667,1.0,0.68975830078125,0.22968921065330505
249,80,gaussian,5,43,0.265625,0.28125,0.3541666666666667,1.0,0.6995514631271362,0.267772912979126
250,80,gaussian,5,43,0.5625,0.21875,0.75,1.0,0.6478585600852966,0.18804524838924408
251,80,gaussian,5,43,0.203125,0.421875,0.2708333333333333,1.0,2.165842294692993,0.7238708734512329
252,80,gaussian,5,43,0.234375,0.4375,0.3125,1.0,1.5110150575637817,0.5032736659049988
253,80,gaussian,5,43,0.328125,0.46875,0.4375,1.0,1.2554140090942383,0.4025352895259857
254,80,gaussian,5,43,0.125,0.125,0.6153846153846154,1.0,1.9147229194641113,0.5904228091239929
255,80,gaussian,5,43,0.296875,0.484375,0.3958333333333333,1.0,0.8709384202957153,0.2747901976108551
256,80,gaussian,5,43,0.265625,0.421875,0.3541666666666667,1.0,1.3874719142913818,0.4649553596973419
257,80,gaussian,5,43,0.28125,0.40625,0.375,1.0,1.2673099040985107,0.41506731510162354
258,80,gaussian,5,43,0.5,0.484375,0.6666666666666666,1.0,1.2668085098266602,0.39962759613990784
259,80,gaussian,5,43,0.203125,0.4375,0.2708333333333333,1.0,2.630610704421997,0.8544516563415527
260,80,gaussian,5,43,0.484375,0.5,0.6458333333333334,1.0,4.892640590667725,1.62443208694458
261,80,gaussian,5,43,0.1875,0.453125,0.25,1.0,1.1319355964660645,0.3613249361515045
262,80,gaussian,5,43,0.21875,0.328125,0.2916666666666667,1.0,1.558358907699585,0.4913133680820465
263,80,gaussian,5,43,0.21875,0.453125,0.2916666666666667,1.0,0.98775315284729,0.3258560299873352
264,80,gaussian,5,43,0.1875,0.4375,0.25,1.0,0.92205810546875,0.27551811933517456
265,80,gaussian,5,43,,,,0.0,1.2205318212509155,0.35203203558921814
266,80,gaussian,5,43,0.25,0.46875,0.3333333333333333,1.0,1.87066650390625,0.6232473850250244
267,80,gaussian,5,43,0.234375,0.46875,0.3125,1.0,1.6267870664596558,0.5777333974838257
268,80,gaussian,5,43,0.234375,0.34375,0.3125,1.0,4.384299278259277,1.3846120834350586
269,80,gaussian,5,43,0.203125,0.453125,0.2708333333333333,1.0,0.3208118975162506,0.11284961551427841
270,80,gaussian,5,43,0.3125,0.484375,0.4166666666666667,1.0,0.33922505378723145,0.10909423977136612
271,80,gaussian,5,43,0.1875,0.4375,0.25,1.0,2.0214719772338867,0.653641402721405
272,80,gaussian,5,43,0.109375,0.09375,0.4117647058823529,1.0,3.2852559089660645,1.0988603830337524
273,80,gaussian,5,43,0.21875,0.4375,0.2916666666666667,1.0,1.8653161525726318,0.5698203444480896
274,80,gaussian,5,43,0.234375,0.421875,0.3125,1.0,1.057204008102417,0.35702788829803467
275,80,gaussian,5,43,0.234375,0.4375,0.3125,1.0,9.195322036743164,2.981588840484619
276,80,gaussian,5,43,0.21875,0.453125,0.2916666666666667,1.0,2.6313071250915527,0.8421120643615723
277,80,gaussian,5,43,0.546875,0.171875,0.7291666666666666,1.0,4.66428279876709,1.4436562061309814
278,80,gaussian,5,43,0.296875,0.4375,0.3958333333333333,1.0,1.3211140632629395,0.4320957064628601
279,80,gaussian,5,43,0.546875,0.421875,0.7291666666666666,1.0,8.241341590881348,2.907179594039917
280,80,gaussian,5,43,0.203125,0.46875,0.2708333333333333,1.0,1.043357491493225,0.302307665348053
281,80,gaussian,5,43,0.234375,0.34375,0.3125,1.0,4.386203765869141,1.4117594957351685
282,80,gaussian,5,43,0.25,0.421875,0.3333333333333333,1.0,2.0733652114868164,0.6918737888336182
283,80,gaussian,5,43,0.46875,0.5,0.625,1.0,4.620687484741211,1.3999279737472534
284,80,gaussian,5,43,0.203125,0.453125,0.2708333333333333,1.0,1.1321606636047363,0.3572175204753876
285,80,gaussian,5,43,0.328125,0.359375,0.4375,1.0,1.1400408744812012,0.39430272579193115
286,80,gaussian,5,43,0.453125,0.21875,0.6041666666666666,1.0,1.4954711198806763,0.4748735725879669
287,80,gaussian,5,43,0.3125,0.40625,0.4166666666666667,1.0,4.18204927444458,1.3692235946655273
288,80,gaussian,5,43,0.375,0.296875,0.5,1.0,3.8603739738464355,1.3316607475280762
289,80,gaussian,5,43,0.453125,0.296875,0.6041666666666666,1.0,1.1616668701171875,0.3824118971824646
290,80,gaussian,5,43,0.359375,0.296875,0.4791666666666667,1.0,2.610008716583252,0.9901459217071533
291,80,gaussian,5,43,0.359375,0.390625,0.4791666666666667,1.0,0.7813988924026489,0.25810882449150085
292,80,gaussian,5,43,0.25,0.265625,0.3333333333333333,1.0,1.1663800477981567,0.36416828632354736
293,80,gaussian,5,43,0.34375,0.4375,0.4583333333333333,1.0,0.5394638180732727,0.17858415842056274
294,80,gaussian,5,43,0.3125,0.40625,0.4166666666666667,1.0,2.851438045501709,0.9797177314758301
295,80,gaussian,5,43,0.203125,0.453125,0.2708333333333333,1.0,1.7604568004608154,0.5874796509742737
296,80,gaussian,5,43,0.234375,0.453125,0.3125,1.0,2.790558099746704,0.9765145778656006
297,80,gaussian,5,43,0.453125,0.5,0.6041666666666666,1.0,1.9063975811004639,0.6407486200332642
298,80,gaussian,5,43,0.21875,0.34375,0.2916666666666667,1.0,1.5588878393173218,0.4984109699726105
299,80,gaussian,5,43,0.40625,0.40625,0.5416666666666666,1.0,1.2710325717926025,0.46276792883872986
300,80,gaussian,5,43,0.3125,0.4375,0.4166666666666667,1.0,4.431073188781738,1.5836777687072754
301,80,gaussian,5,43,0.40625,0.46875,0.5416666666666666,1.0,1.508116364479065,0.5330660939216614
302,80,gaussian,5,43,0.484375,0.328125,0.6458333333333334,1.0,1.835173487663269,0.6688475608825684
303,80,gaussian,5,43,0.453125,0.4375,0.6041666666666666,1.0,0.7149887084960938,0.2551855742931366
304,80,gaussian,5,43,0.296875,0.34375,0.3958333333333333,1.0,2.4738693237304688,0.8221781253814697
305,80,gaussian,5,43,0.484375,0.265625,0.6458333333333334,1.0,1.6947214603424072,0.5152320265769958
306,80,gaussian,5,43,0.34375,0.453125,0.4583333333333333,1.0,1.257951259613037,0.4002293348312378
307,80,gaussian,5,43,0.515625,0.5,0.6875,1.0,4.2232866287231445,1.3461816310882568
308,80,gaussian,5,43,0.453125,0.359375,0.6041666666666666,1.0,5.936813831329346,1.9960846900939941
309,80,gaussian,5,43,0.421875,0.4375,0.5625,1.0,1.218191146850586,0.39094415307044983
310,80,gaussian,5,43,0.28125,0.40625,0.375,1.0,6.653687000274658,2.2511258125305176
311,80,gaussian,5,43,0.265625,0.484375,0.3541666666666667,1.0,0.8605003952980042,0.3003629446029663
312,80,gaussian,5,43,0.21875,0.34375,0.2916666666666667,1.0,1.5534980297088623,0.49511486291885376
313,80,gaussian,5,43,0.1875,0.453125,0.25,1.0,1.1319503784179688,0.35631924867630005
314,80,gaussian,5,43,0.296875,0.34375,0.3958333333333333,1.0,2.4744434356689453,0.8134675025939941
315,80,gaussian,5,43,0.21875,0.40625,0.2916666666666667,1.0,1.8546380996704102,0.5395771265029907
316,80,gaussian,5,43,0.28125,0.40625,0.375,1.0,2.2106540203094482,0.7326515913009644
317,80,gaussian,5,43,0.453125,0.484375,0.6041666666666666,1.0,4.075985431671143,1.286802053451538
318,80,gaussian,5,43,0.53125,0.1875,0.7083333333333334,1.0,0.7952418327331543,0.24327953159809113
319,80,gaussian,5,43,0.140625,0.109375,0.4090909090909091,1.0,1.5379197597503662,0.4439482092857361
320,80,gaussian,5,43,0.375,0.390625,0.5,1.0,0.7697141170501709,0.27369633316993713
321,80,gaussian,5,43,0.328125,0.328125,0.4375,1.0,0.9417569637298584,0.3314462900161743
322,80,gaussian,5,43,0.453125,0.421875,0.6041666666666666,1.0,0.9314630031585693,0.32210707664489746
323,80,gaussian,5,43,0.25,0.453125,0.3333333333333333,1.0,0.519670844078064,0.17390701174736023
324,80,gaussian,5,43,0.234375,0.25,0.3125,1.0,3.5848991870880127,1.0437557697296143
325,80,gaussian,5,43,0.3125,0.328125,0.4166666666666667,1.0,0.968502402305603,0.3219132721424103
326,80,gaussian,5,43,0.4375,0.109375,0.5833333333333334,1.0,0.6538029909133911,0.20096805691719055
327,80,gaussian,5,43,0.21875,0.390625,0.2916666666666667,1.0,1.678962230682373,0.5782228708267212
328,80,gaussian,5,43,0.25,0.40625,0.3333333333333333,1.0,3.2773985862731934,1.187157154083252
329,80,gaussian,5,43,0.25,0.40625,0.3333333333333333,1.0,0.9627020359039307,0.298214852809906
330,80,gaussian,5,43,0.359375,0.3125,0.4791666666666667,1.0,2.925635814666748,0.996014416217804
331,80,gaussian,5,43,0.25,0.421875,0.3333333333333333,1.0,1.5218747854232788,0.5265995860099792
332,80,gaussian,5,43,0.515625,0.078125,0.6875,1.0,0.8694612979888916,0.28091615438461304
333,80,gaussian,5,43,0.296875,0.296875,0.3958333333333333,1.0,0.6689532995223999,0.21500636637210846
334,80,gaussian,5,43,0.25,0.46875,0.3333333333333333,1.0,2.7246222496032715,0.9184637069702148
335,80,gaussian,5,43,0.28125,0.515625,0.375,1.0,0.8178523778915405,0.25327837467193604
336,80,gaussian,5,43,0.4375,0.234375,0.5833333333333334,1.0,0.5609222650527954,0.16466154158115387
337,80,gaussian,5,43,0.328125,0.453125,0.4375,1.0,3.3826210498809814,1.1036157608032227
338,80,gaussian,5,43,0.265625,0.4375,0.3541666666666667,1.0,0.6900851130485535,0.23113995790481567
339,80,gaussian,5,43,0.3125,0.25,0.4166666666666667,1.0,3.7177906036376953,1.420609474182129
340,80,gaussian,5,43,0.359375,0.4375,0.4791666666666667,1.0,5.1050333976745605,1.8580124378204346
341,80,gaussian,5,43,0.25,0.46875,0.3333333333333333,1.0,2.7269287109375,0.9176416993141174
342,80,gaussian,5,43,0.515625,0.25,0.6875,1.0,1.634842872619629,0.47894731163978577
343,80,gaussian,5,43,0.53125,0.359375,0.7083333333333334,1.0,1.8113577365875244,0.6147074103355408
344,80,gaussian,5,43,0.46875,0.484375,0.625,1.0,0.9814964532852173,0.31152936816215515
345,80,gaussian,5,43,0.28125,0.4375,0.375,1.0,1.8458287715911865,0.6003437638282776
346,80,gaussian,5,43,0.234375,0.25,0.5555555555555556,1.0,3.5859503746032715,1.020406723022461
347,80,gaussian,5,43,,,,0.0,3.426145076751709,1.079813003540039
348,80,gaussian,5,43,0.5625,0.453125,0.75,1.0,3.1163244247436523,1.110234022140503
349,80,gaussian,5,43,0.296875,0.453125,0.3958333333333333,1.0,0.9365988969802856,0.3379426598548889
350,80,gaussian,5,43,0.234375,0.453125,0.3125,1.0,1.939049482345581,0.6663528680801392
351,80,gaussian,5,43,0.375,0.453125,0.5,1.0,4.652031421661377,1.682987928390503
352,80,gaussian,5,43,0.546875,0.1875,0.7291666666666666,1.0,2.3464512825012207,0.655350387096405
353,80,gaussian,5,43,0.28125,0.4375,0.375,1.0,2.121753215789795,0.775558352470398
354,80,gaussian,5,43,0.46875,0.46875,0.625,1.0,3.3734898567199707,1.196031093597412
355,80,gaussian,5,43,0.28125,0.40625,0.375,1.0,6.656961441040039,2.2852416038513184
356,80,gaussian,5,43,0.484375,0.296875,0.6458333333333334,1.0,5.972636699676514,1.9218964576721191
357,80,gaussian,5,43,0.234375,0.453125,0.3125,1.0,1.8623638153076172,0.5716300010681152
358,80,gaussian,5,43,0.375,0.3125,0.5,1.0,0.780131459236145,0.3105464279651642
359,80,gaussian,5,43,0.234375,0.453125,0.3125,1.0,2.7239432334899902,0.9092153906822205
360,80,gaussian,5,43,0.390625,0.453125,0.5208333333333334,1.0,1.6529278755187988,0.5668805837631226
361,80,gaussian,5,43,0.359375,0.28125,0.4791666666666667,1.0,3.2398996353149414,1.1139017343521118
362,80,gaussian,5,43,0.25,0.40625,0.3333333333333333,1.0,1.510156273841858,0.49963119626045227
363,80,gaussian,5,43,0.125,0.109375,0.36363636363636365,1.0,1.5371688604354858,0.44212082028388977
364,80,gaussian,5,43,0.21875,0.484375,0.2916666666666667,1.0,0.4548240005970001,0.15057744085788727
365,80,gaussian,5,43,0.234375,0.515625,0.3125,1.0,1.2866109609603882,0.4095795452594757
366,80,gaussian,5,43,0.234375,0.25,0.3125,1.0,3.584169387817383,1.0181317329406738
367,80,gaussian,5,43,0.4375,0.28125,0.5833333333333334,1.0,1.16098952293396,0.3840084373950958
368,80,gaussian,5,43,0.34375,0.203125,0.4583333333333333,1.0,2.3538923263549805,0.7791998386383057
369,80,gaussian,5,43,0.421875,0.453125,0.5625,1.0,2.5938994884490967,0.8480481505393982
370,80,gaussian,5,43,0.46875,0.484375,0.625,1.0,1.464119553565979,0.48975497484207153
371,80,gaussian,5,43,0.265625,0.5,0.3541666666666667,1.0,0.9523546695709229,0.28625553846359253
372,80,gaussian,5,43,0.484375,0.5,0.6458333333333334,1.0,1.2184985876083374,0.3770977854728699
373,80,gaussian,5,43,0.3125,0.484375,0.4166666666666667,1.0,7.630764961242676,2.4334354400634766
374,80,gaussian,5,43,0.453125,0.359375,0.6041666666666666,1.0,3.813441276550293,1.3784122467041016
375,80,gaussian,5,43,0.1875,0.453125,0.25,1.0,2.1728262901306152,0.7145909070968628
376,80,gaussian,5,43,0.53125,0.453125,0.7083333333333334,1.0,2.100351572036743,0.7012302279472351
377,80,gaussian,5,43,0.296875,0.28125,0.3958333333333333,1.0,2.7917709350585938,0.9499777555465698
378,80,gaussian,5,43,0.375,0.328125,0.5,1.0,1.1466434001922607,0.39700189232826233
379,80,gaussian,5,43,0.53125,0.21875,0.7083333333333334,1.0,1.0344769954681396,0.3068784177303314
380,80,gaussian,5,43,0.34375,0.375,0.4583333333333333,1.0,0.7295026779174805,0.24789118766784668
381,80,gaussian,5,43,0.359375,0.34375,0.4791666666666667,1.0,0.7746329307556152,0.2684461176395416
382,80,gaussian,5,43,0.375,0.3125,0.5,1.0,2.1636946201324463,0.8530685305595398
383,80,gaussian,5,43,0.453125,0.5,0.6041666666666666,1.0,0.9817162752151489,0.31830915808677673
384,80,gaussian,5,43,,,,0.0,1.7269413471221924,0.5168953537940979
385,80,gaussian,5,43,0.546875,0.390625,0.7291666666666666,1.0,4.72757625579834,1.3667494058609009
386,80,gaussian,5,43,0.421875,0.40625,0.5625,1.0,7.243434906005859,2.6328868865966797
387,80,gaussian,5,43,0.328125,0.359375,0.4375,1.0,0.4595640301704407,0.15871480107307434
388,80,gaussian,5,43,0.1875,0.4375,0.25,1.0,2.157808303833008,0.731662392616272
389,80,gaussian,5,43,0.21875,0.21875,0.2916666666666667,1.0,0.37827813625335693,0.10871835052967072
390,80,gaussian,5,43,0.546875,0.09375,0.7291666666666666,1.0,2.019246816635132,0.7111319899559021
391,80,gaussian,5,43,0.21875,0.46875,0.2916666666666667,1.0,0.49036943912506104,0.15275949239730835
392,80,gaussian,5,43,0.46875,0.5,0.625,1.0,4.621710300445557,1.3896440267562866
393,80,gaussian,5,43,0.609375,0.5,0.8125,1.0,2.7028307914733887,0.8335343599319458
394,80,gaussian,5,43,0.25,0.25,0.3333333333333333,1.0,1.1602551937103271,0.34722572565078735
395,80,gaussian,5,43,0.21875,0.484375,0.2916666666666667,1.0,0.4366757869720459,0.15261633694171906
396,80,gaussian,5,43,0.46875,0.515625,0.625,1.0,0.6174677014350891,0.19439399242401123
397,80,gaussian,5,43,0.3125,0.484375,0.4166666666666667,1.0,7.642719268798828,2.4889941215515137
398,80,gaussian,5,43,0.1875,0.390625,0.25,1.0,0.8320046067237854,0.24822598695755005
399,80,gaussian,5,43,0.15625,0.140625,0.4166666666666667,1.0,1.2176554203033447,0.35161224007606506
400,80,gaussian,5,43,0.578125,0.515625,0.7708333333333334,1.0,1.6142301559448242,0.5162866711616516
401,80,gaussian,5,43,0.484375,0.359375,0.6458333333333334,1.0,1.2812268733978271,0.4529569447040558
402,80,gaussian,5,43,0.28125,0.265625,0.375,1.0,1.2582781314849854,0.4314916431903839
403,80,gaussian,5,43,0.234375,0.390625,0.3125,1.0,1.5601584911346436,0.4776543080806732
404,80,gaussian,5,43,0.359375,0.328125,0.4791666666666667,1.0,0.8005396723747253,0.2711186110973358
405,80,gaussian,5,43,0.5,0.484375,0.6666666666666666,1.0,2.5789787769317627,0.8703267574310303
406,80,gaussian,5,43,0.28125,0.40625,0.375,1.0,2.2110447883605957,0.7355308532714844
407,80,gaussian,5,43,0.15625,0.140625,0.6666666666666666,1.0,3.42769455909729,1.092298150062561
408,80,gaussian,5,43,0.421875,0.484375,0.5625,1.0,2.201732635498047,0.6926851272583008
409,80,gaussian,5,43,0.234375,0.4375,0.3125,1.0,0.6662864685058594,0.23160159587860107
410,80,gaussian,5,43,0.296875,0.328125,0.3958333333333333,1.0,0.8097094297409058,0.26760250329971313
411,80,gaussian,5,43,0.25,0.28125,0.3333333333333333,1.0,2.1781280040740967,0.6725336909294128
412,80,gaussian,5,43,0.328125,0.203125,0.4375,1.0,0.7075357437133789,0.23429720103740692
413,80,gaussian,5,43,0.53125,0.203125,0.7083333333333334,1.0,0.7948983907699585,0.24018904566764832
414,80,gaussian,5,43,0.234375,0.4375,0.3125,1.0,9.188796997070312,3.004635810852051
415,80,gaussian,5,43,0.234375,0.484375,0.3125,1.0,1.0137101411819458,0.2974395155906677
416,80,gaussian,5,43,0.234375,0.28125,0.5769230769230769,1.0,1.2862625122070312,0.40349632501602173
417,80,gaussian,5,43,0.5625,0.1875,0.75,1.0,2.344755172729492,0.6447911262512207
418,80,gaussian,5,43,0.390625,0.375,0.5208333333333334,1.0,10.858680725097656,3.6991257667541504
419,80,gaussian,5,43,0.453125,0.359375,0.6041666666666666,1.0,5.935316562652588,1.997424602508545
420,80,gaussian,5,43,0.234375,0.4375,0.3125,1.0,0.6555250287055969,0.19842517375946045
421,80,gaussian,5,43,0.609375,0.484375,0.8125,1.0,2.69862699508667,0.8498421311378479
422,80,gaussian,5,43,0.234375,0.40625,0.3125,1.0,2.7459092140197754,0.8585299253463745
423,80,gaussian,5,43,0.3125,0.328125,0.4166666666666667,1.0,0.8086755275726318,0.2677496373653412
424,80,gaussian,5,43,0.453125,0.5,0.6041666666666666,1.0,1.903942346572876,0.6390784382820129
425,80,gaussian,5,43,0.296875,0.296875,0.3958333333333333,1.0,0.6687004566192627,0.2139013558626175
426,80,gaussian,5,43,0.296875,0.234375,0.3958333333333333,1.0,1.5096213817596436,0.5070213675498962
427,80,gaussian,5,43,,,,0.0,0.24525682628154755,0.07151444256305695
428,80,gaussian,5,43,0.484375,0.359375,0.6458333333333334,1.0,1.2803338766098022,0.4525213837623596
429,80,gaussian,5,43,0.203125,0.453125,0.2708333333333333,1.0,2.297297954559326,0.771192193031311
430,80,gaussian,5,43,0.265625,0.4375,0.3541666666666667,1.0,2.0688555240631104,0.6928395628929138
431,80,gaussian,5,43,0.53125,0.390625,0.7083333333333334,1.0,2.6557350158691406,0.8812688589096069
432,80,gaussian,5,43,0.265625,0.5,0.3541666666666667,1.0,0.9107288122177124,0.28615498542785645
433,80,gaussian,5,43,0.359375,0.4375,0.4791666666666667,1.0,3.0919129848480225,1.0808359384536743
434,80,gaussian,5,43,0.25,0.421875,0.3333333333333333,1.0,1.3873291015625,0.4665702283382416
435,80,gaussian,5,43,0.46875,0.3125,0.625,1.0,6.088126182556152,1.8952616453170776
436,80,gaussian,5,43,0.265625,0.4375,0.3541666666666667,1.0,0.6034272313117981,0.20175176858901978
437,80,gaussian,5,43,0.28125,0.453125,0.375,1.0,2.6959996223449707,0.8401398658752441
438,80,gaussian,5,43,0.53125,0.265625,0.7083333333333334,1.0,0.6355823278427124,0.18506497144699097
439,80,gaussian,5,43,0.21875,0.390625,0.2916666666666667,1.0,2.7603344917297363,0.8416520953178406
440,80,gaussian,5,43,0.265625,0.390625,0.3541666666666667,1.0,1.0844066143035889,0.3446226716041565
441,80,gaussian,5,43,0.375,0.40625,0.5,1.0,1.7980446815490723,0.6441136002540588
442,80,gaussian,5,43,0.328125,0.3125,0.4375,1.0,1.407395601272583,0.4598076641559601
443,80,gaussian,5,43,0.40625,0.328125,0.5416666666666666,1.0,0.37879592180252075,0.14859740436077118
444,80,gaussian,5,43,0.28125,0.453125,0.375,1.0,1.3222942352294922,0.4312300980091095
445,80,gaussian,5,43,0.1875,0.4375,0.25,1.0,2.170356273651123,0.7215070724487305
446,80,gaussian,5,43,0.34375,0.453125,0.4583333333333333,1.0,2.8225672245025635,0.9382830858230591
447,80,gaussian,5,43,0.203125,0.453125,0.2708333333333333,1.0,2.2979350090026855,0.7615674138069153
448,80,gaussian,5,43,0.390625,0.453125,0.5208333333333334,1.0,0.4021937847137451,0.13809086382389069
449,80,gaussian,5,43,0.1875,0.453125,0.25,1.0,1.131547451019287,0.35337740182876587
450,80,gaussian,5,43,0.421875,0.46875,0.5625,1.0,10.292058944702148,3.562437057495117
451,80,gaussian,5,43,0.28125,0.46875,0.375,1.0,1.0564823150634766,0.33573299646377563
452,80,gaussian,5,43,,,,0.0,0.231523334980011,0.07604970037937164
453,80,gaussian,5,43,0.25,0.421875,0.3333333333333333,1.0,1.5182451009750366,0.5272523760795593
454,80,gaussian,5,43,0.203125,0.203125,0.5416666666666666,1.0,1.216174840927124,0.34491848945617676
455,80,gaussian,5,43,0.25,0.421875,0.3333333333333333,1.0,2.5388028621673584,0.8312570452690125
456,80,gaussian,5,43,0.359375,0.296875,0.4791666666666667,1.0,2.9277491569519043,0.9991186261177063
457,80,gaussian,5,43,0.15625,0.125,0.43478260869565216,1.0,1.0469201803207397,0.30997586250305176
458,80,gaussian,5,43,0.1875,0.421875,0.25,1.0,2.165269374847412,0.6866247057914734
459,80,gaussian,5,43,0.203125,0.421875,0.2708333333333333,1.0,2.0533607006073,0.7322651743888855
460,80,gaussian,5,43,0.21875,0.234375,0.2916666666666667,1.0,1.8879492282867432,0.5451194643974304
461,80,gaussian,5,43,0.390625,0.4375,0.5208333333333334,1.0,0.9725615382194519,0.34859946370124817
462,80,gaussian,5,43,0.21875,0.46875,0.2916666666666667,1.0,0.7286908626556396,0.23111295700073242
463,80,gaussian,5,43,0.28125,0.453125,0.375,1.0,0.6876259446144104,0.21737775206565857
464,80,gaussian,5,43,0.28125,0.46875,0.375,1.0,1.0573124885559082,0.3295808732509613
465,80,gaussian,5,43,0.125,0.078125,0.4444444444444444,1.0,1.727083444595337,0.5099924802780151
466,80,gaussian,5,43,0.171875,0.4375,0.22916666666666666,1.0,1.3996282815933228,0.45046040415763855
467,80,gaussian,5,43,0.25,0.4375,0.3333333333333333,1.0,2.0731444358825684,0.6928477883338928
468,80,gaussian,5,43,0.203125,0.3125,0.2708333333333333,1.0,3.0237584114074707,1.0373094081878662
469,80,gaussian,5,43,0.53125,0.359375,0.7083333333333334,1.0,1.8078025579452515,0.615864634513855
470,80,gaussian,5,43,0.265625,0.5,0.3541666666666667,1.0,0.9535675644874573,0.2907752990722656
471,80,gaussian,5,43,0.453125,0.3125,0.6041666666666666,1.0,0.5523831844329834,0.17280516028404236
472,80,gaussian,5,43,0.359375,0.4375,0.4791666666666667,1.0,3.0921101570129395,1.0825539827346802
473,80,gaussian,5,43,0.59375,0.421875,0.7916666666666666,1.0,0.7655185461044312,0.21813979744911194
474,80,gaussian,5,43,0.265625,0.390625,0.3541666666666667,1.0,2.208919048309326,0.7187139391899109
475,80,gaussian,5,43,0.265625,0.390625,0.3541666666666667,1.0,1.083511471748352,0.34481456875801086
476,80,gaussian,5,43,0.34375,0.46875,0.4583333333333333,1.0,2.8224899768829346,0.938815176486969
477,80,gaussian,5,43,0.265625,0.421875,0.3541666666666667,1.0,1.735790729522705,0.5639777779579163
478,80,gaussian,5,43,0.25,0.453125,0.3333333333333333,1.0,0.6038184762001038,0.2004060000181198
479,80,gaussian,5,43,0.46875,0.5,0.625,1.0,4.845999240875244,1.5872684717178345
480,80,gaussian,5,43,0.5625,0.1875,0.75,1.0,2.3824851512908936,0.649684488773346
481,80,gaussian,5,43,0.34375,0.421875,0.4583333333333333,1.0,1.2028462886810303,0.3968544602394104
482,80,gaussian,5,43,0.53125,0.1875,0.7083333333333334,1.0,0.7940308451652527,0.24542255699634552
483,80,gaussian,5,43,0.25,0.25,0.3333333333333333,1.0,0.8335229754447937,0.26982414722442627
484,80,gaussian,5,43,0.484375,0.359375,0.6458333333333334,1.0,1.8471684455871582,0.5763287544250488
485,80,gaussian,5,43,0.390625,0.4375,0.5208333333333334,1.0,4.8234710693359375,1.6445239782333374
486,80,gaussian,5,43,0.328125,0.4375,0.4375,1.0,4.432852268218994,1.585318922996521
487,80,gaussian,5,43,0.484375,0.515625,0.6458333333333334,1.0,1.2208293676376343,0.3785112500190735
488,80,gaussian,5,43,0.53125,0.21875,0.7083333333333334,1.0,1.0334467887878418,0.3070422410964966
489,80,gaussian,5,43,0.25,0.4375,0.3333333333333333,1.0,2.5440673828125,0.8471825122833252
490,80,gaussian,5,43,0.296875,0.34375,0.3958333333333333,1.0,1.2642287015914917,0.39904123544692993
491,80,gaussian,5,43,0.203125,0.421875,0.2708333333333333,1.0,2.055612802505493,0.7317913770675659
492,80,gaussian,5,43,0.21875,0.421875,0.2916666666666667,1.0,1.6426773071289062,0.54058438539505
493,80,gaussian,5,43,0.375,0.40625,0.5,1.0,1.7965128421783447,0.6394833326339722
494,80,gaussian,5,43,0.453125,0.21875,0.6041666666666666,1.0,1.4994657039642334,0.4782428741455078
495,80,gaussian,5,43,0.25,0.25,0.3333333333333333,1.0,0.8351547718048096,0.2689874470233917
496,80,gaussian,5,43,0.1875,0.453125,0.25,1.0,2.0260424613952637,0.6667193174362183
497,80,gaussian,5,43,0.359375,0.3125,0.4791666666666667,1.0,1.3383597135543823,0.442004919052124
498,80,gaussian,5,43,0.34375,0.203125,0.4583333333333333,1.0,2.359100103378296,0.7716202139854431
499,80,gaussian,5,43,0.203125,0.421875,0.2708333333333333,1.0,2.1474077701568604,0.726629912853241
500,80,gaussian,5,43,0.1875,0.453125,0.25,1.0,2.1746835708618164,0.7204132080078125
501,80,gaussian,5,43,0.234375,0.265625,0.3125,1.0,2.314089298248291,0.7047507762908936
502,80,gaussian,5,43,0.34375,0.359375,0.4583333333333333,1.0,0.3597909212112427,0.11624359339475632
503,80,gaussian,5,43,0.328125,0.296875,0.4375,1.0,2.4655826091766357,0.8793337941169739
504,80,gaussian,5,43,0.21875,0.453125,0.2916666666666667,1.0,0.9613951444625854,0.31578606367111206
505,80,gaussian,5,43,0.296875,0.421875,0.3958333333333333,1.0,2.123782157897949,0.7471244931221008
506,80,gaussian,5,43,0.421875,0.484375,0.5625,1.0,0.7147260904312134,0.22391696274280548
507,80,gaussian,5,43,0.21875,0.453125,0.2916666666666667,1.0,1.7601585388183594,0.5880392789840698
508,80,gaussian,5,43,0.609375,0.5,0.8125,1.0,2.7029707431793213,0.8510438203811646
509,80,gaussian,5,43,0.203125,0.46875,0.2708333333333333,1.0,0.7981340289115906,0.2571284770965576
510,80,gaussian,5,43,0.484375,0.421875,0.6458333333333334,1.0,0.43556395173072815,0.1516536921262741
511,80,gaussian,5,43,0.328125,0.40625,0.4375,1.0,0.8187615275382996,0.28172287344932556
512,80,gaussian,5,43,0.46875,0.5,0.625,1.0,4.901269912719727,1.5853068828582764
513,80,gaussian,5,43,0.453125,0.3125,0.6041666666666666,1.0,6.088039875030518,1.9197709560394287
514,80,gaussian,5,43,0.375,0.34375,0.5,1.0,1.6895695924758911,0.5773529410362244
515,80,gaussian,5,43,0.3125,0.484375,0.4166666666666667,1.0,3.855726480484009,1.2259361743927002
516,80,gaussian,5,43,0.328125,0.359375,0.4375,1.0,0.45965513586997986,0.15827859938144684
517,80,gaussian,5,43,0.25,0.359375,0.3333333333333333,1.0,2.0263049602508545,0.6374019980430603
518,80,gaussian,5,43,0.4375,0.046875,0.5833333333333334,1.0,0.600623607635498,0.15313561260700226
519,80,gaussian,5,43,0.234375,0.453125,0.3125,1.0,2.790027141571045,0.9817742705345154
520,80,gaussian,5,43,0.390625,0.4375,0.5208333333333334,1.0,1.1142271757125854,0.39184561371803284
521,80,gaussian,5,43,0.125,0.09375,0.42105263157894735,1.0,6.885282039642334,2.0774896144866943
522,80,gaussian,5,43,0.1875,0.484375,0.25,1.0,1.0251994132995605,0.35123884677886963
523,80,gaussian,5,43,0.3125,0.4375,0.4166666666666667,1.0,2.24623966217041,0.7157715559005737
524,80,gaussian,5,43,0.328125,0.46875,0.4375,1.0,5.988472938537598,2.017808198928833
525,80,gaussian,5,43,0.328125,0.34375,0.4375,1.0,0.7227057218551636,0.2449311763048172
526,80,gaussian,5,43,0.25,0.234375,0.3333333333333333,1.0,0.3592422306537628,0.10908474028110504
527,80,gaussian,5,43,0.375,0.359375,0.5,1.0,4.297978401184082,1.5002847909927368
528,80,gaussian,5,43,0.53125,0.390625,0.7083333333333334,1.0,2.654026746749878,0.8848130106925964
529,80,gaussian,5,43,0.234375,0.46875,0.3125,1.0,0.9161750078201294,0.3120368719100952
530,80,gaussian,5,43,0.390625,0.453125,0.5208333333333334,1.0,0.5501530170440674,0.19506895542144775
531,80,gaussian,5,43,0.59375,0.5,0.7916666666666666,1.0,2.7046866416931152,0.8340752720832825
532,80,gaussian,5,43,0.296875,0.453125,0.3958333333333333,1.0,2.6974716186523438,0.8401545882225037
533,80,gaussian,5,43,0.28125,0.4375,0.375,1.0,2.517646074295044,0.8295961022377014
534,80,gaussian,5,43,0.15625,0.109375,0.47619047619047616,1.0,2.0360894203186035,0.5490180253982544
535,80,gaussian,5,43,0.46875,0.3125,0.625,1.0,1.968230128288269,0.6514631509780884
536,80,gaussian,5,43,0.421875,0.4375,0.5625,1.0,0.5175832509994507,0.17765630781650543
537,80,gaussian,5,43,0.15625,0.140625,0.47619047619047616,1.0,2.310664653778076,0.7051553726196289
538,80,gaussian,5,43,0.515625,0.484375,0.6875,1.0,1.0872303247451782,0.3686263859272003
539,80,gaussian,5,43,0.3125,0.40625,0.4166666666666667,1.0,2.853738784790039,0.9738748073577881
540,80,gaussian,5,43,0.234375,0.34375,0.3125,1.0,4.386285781860352,1.3966691493988037
541,80,gaussian,5,43,0.171875,0.453125,0.22916666666666666,1.0,0.5073419213294983,0.1565394401550293
542,80,gaussian,5,43,0.328125,0.296875,0.4375,1.0,2.8091554641723633,0.97505122423172
543,80,gaussian,5,43,0.265625,0.125,0.3541666666666667,1.0,0.5799054503440857,0.192784383893013
544,80,gaussian,5,43,0.34375,0.3125,0.4583333333333333,1.0,1.3922104835510254,0.4990062415599823
545,80,gaussian,5,43,0.25,0.375,0.3333333333333333,1.0,1.5562114715576172,0.46920475363731384
546,80,gaussian,5,43,0.203125,0.46875,0.2708333333333333,1.0,0.7993870973587036,0.25722622871398926
547,80,gaussian,5,43,0.25,0.28125,0.3333333333333333,1.0,2.178121566772461,0.6736684441566467
548,80,gaussian,5,43,0.15625,0.140625,0.4166666666666667,1.0,1.218462347984314,0.3466891348361969
549,80,gaussian,5,43,0.328125,0.265625,0.4375,1.0,1.6120717525482178,0.5787009596824646
550,80,gaussian,5,43,0.21875,0.453125,0.2916666666666667,1.0,0.9611570835113525,0.31864526867866516
551,80,gaussian,5,43,0.234375,0.4375,0.3125,1.0,1.2731550931930542,0.4172399640083313
552,80,gaussian,5,43,0.34375,0.421875,0.4583333333333333,1.0,1.2524501085281372,0.41509321331977844
553,80,gaussian,5,43,0.28125,0.40625,0.375,1.0,3.0913236141204834,0.9932401776313782
554,80,gaussian,5,43,0.296875,0.421875,0.3958333333333333,1.0,1.441878318786621,0.48363634943962097
555,80,gaussian,5,43,0.328125,0.296875,0.4375,1.0,2.811856746673584,0.9752008318901062
556,80,gaussian,5,43,0.1875,0.4375,0.25,1.0,1.7986642122268677,0.5829340219497681
557,80,gaussian,5,43,0.203125,0.4375,0.2708333333333333,1.0,2.1433215141296387,0.7269800305366516
558,80,gaussian,5,43,0.46875,0.09375,0.625,1.0,0.6736576557159424,0.19495782256126404
559,80,gaussian,5,43,0.375,0.34375,0.5,1.0,2.3112010955810547,0.874839723110199
560,80,gaussian,5,43,0.546875,0.171875,0.7291666666666666,1.0,4.661620140075684,1.4459282159805298
561,80,gaussian,5,43,0.203125,0.453125,0.2708333333333333,1.0,0.3212589621543884,0.11284884065389633
562,80,gaussian,5,43,0.3125,0.234375,0.4166666666666667,1.0,3.879973888397217,1.403574824333191
563,80,gaussian,5,43,0.296875,0.453125,0.3958333333333333,1.0,2.6969103813171387,0.8363351821899414
564,80,gaussian,5,43,0.171875,0.40625,0.22916666666666666,1.0,1.1828534603118896,0.3580928146839142
565,80,gaussian,5,43,0.390625,0.3125,0.5208333333333334,1.0,1.4520196914672852,0.49821561574935913
566,80,gaussian,5,43,0.234375,0.375,0.3125,1.0,0.5607015490531921,0.17780831456184387
567,80,gaussian,5,43,0.34375,0.4375,0.4583333333333333,1.0,0.5398471355438232,0.17817799746990204
568,80,gaussian,5,43,0.25,0.453125,0.3333333333333333,1.0,0.5201481580734253,0.1757747381925583
569,80,gaussian,5,43,0.515625,0.484375,0.6875,1.0,0.5856552124023438,0.20118948817253113
570,80,gaussian,5,43,0.234375,0.375,0.3125,1.0,1.5571929216384888,0.46923381090164185
571,80,gaussian,5,43,0.1875,0.453125,0.25,1.0,2.0260019302368164,0.6544029116630554
572,80,gaussian,5,43,0.40625,0.1875,0.5416666666666666,1.0,0.8547756671905518,0.3184763491153717
573,80,gaussian,5,43,0.265625,0.28125,0.3541666666666667,1.0,0.6992651224136353,0.2650793194770813
574,80,gaussian,5,43,0.296875,0.40625,0.3958333333333333,1.0,1.1390630006790161,0.37075817584991455
575,80,gaussian,5,43,0.203125,0.453125,0.2708333333333333,1.0,0.295419305562973,0.09736518561840057
576,80,gaussian,5,43,0.234375,0.453125,0.3125,1.0,0.9587986469268799,0.3184255063533783
577,80,gaussian,5,43,0.40625,0.46875,0.5416666666666666,1.0,1.508056640625,0.5298994779586792
578,80,gaussian,5,43,0.359375,0.34375,0.4791666666666667,1.0,0.4270792603492737,0.1387205272912979
579,80,gaussian,5,43,,,,0.0,0.24509911239147186,0.07187607884407043
580,80,gaussian,5,43,0.421875,0.453125,0.5625,1.0,4.974350929260254,1.5753867626190186
581,80,gaussian,5,43,0.234375,0.234375,0.3125,1.0,0.9699346423149109,0.29639872908592224
582,80,gaussian,5,43,0.203125,0.453125,0.2708333333333333,1.0,0.9857800006866455,0.32978108525276184
583,80,gaussian,5,43,0.25,0.15625,0.3333333333333333,1.0,1.7644963264465332,0.514251708984375
584,80,gaussian,5,43,0.21875,0.234375,0.5384615384615384,1.0,3.5925629138946533,1.0208343267440796
585,80,gaussian,5,43,0.21875,0.421875,0.2916666666666667,1.0,0.656363844871521,0.20133718848228455
586,80,gaussian,5,43,0.1875,0.4375,0.25,1.0,0.9230769872665405,0.27668246626853943
587,80,gaussian,5,43,0.234375,0.40625,0.3125,1.0,4.50536584854126,1.4468052387237549
588,80,gaussian,5,43,0.234375,0.453125,0.3125,1.0,1.3590408563613892,0.4482654929161072
589,80,gaussian,5,43,0.46875,0.5,0.625,1.0,4.848254680633545,1.5834277868270874
590,80,gaussian,5,43,0.21875,0.46875,0.2916666666666667,1.0,0.3985494375228882,0.14101222157478333
591,80,gaussian,5,43,0.203125,0.40625,0.2708333333333333,1.0,1.6770187616348267,0.5727924704551697
592,80,gaussian,5,43,0.375,0.359375,0.5,1.0,1.6435000896453857,0.5695188641548157
593,80,gaussian,5,43,0.203125,0.46875,0.2708333333333333,1.0,0.730435848236084,0.23214009404182434
594,80,gaussian,5,43,0.203125,0.453125,0.2708333333333333,1.0,0.9442546367645264,0.2989978790283203
595,80,gaussian,5,43,0.234375,0.296875,0.3125,1.0,2.6944875717163086,0.8064360022544861
596,80,gaussian,5,43,0.3125,0.328125,0.4166666666666667,1.0,1.6160662174224854,0.5487208962440491
597,80,gaussian,5,43,0.234375,0.46875,0.3125,1.0,0.9857096672058105,0.32591259479522705
598,80,gaussian,5,43,0.21875,0.421875,0.2916666666666667,1.0,2.0523550510406494,0.7239320874214172
599,80,gaussian,5,43,0.234375,0.453125,0.3125,1.0,1.7609425783157349,0.584516167640686
600,80,gaussian,5,43,0.328125,0.390625,0.4375,1.0,2.130504608154297,0.7189531326293945
601,80,gaussian,5,43,0.34375,0.46875,0.4583333333333333,1.0,4.927745819091797,1.712204933166504
602,80,gaussian,5,43,0.453125,0.484375,0.6041666666666666,1.0,4.074746131896973,1.2857576608657837
603,80,gaussian,5,43,,,,0.0,1.2781758308410645,0.37533169984817505
604,80,gaussian,5,43,0.25,0.296875,0.3333333333333333,1.0,18.124710083007812,5.699432849884033
605,80,gaussian,5,43,0.328125,0.4375,0.4375,1.0,3.2233543395996094,1.0949028730392456
606,80,gaussian,5,43,0.453125,0.21875,0.6041666666666666,1.0,1.496708869934082,0.46837249398231506
607,80,gaussian,5,43,0.34375,0.4375,0.4583333333333333,1.0,0.5395499467849731,0.17617332935333252
608,80,gaussian,5,43,0.203125,0.484375,0.2708333333333333,1.0,0.43776196241378784,0.15259933471679688
609,80,gaussian,5,43,0.203125,0.453125,0.2708333333333333,1.0,0.9468317031860352,0.29575222730636597
610,80,gaussian,5,43,0.234375,0.375,0.3125,1.0,0.5606945753097534,0.177931547164917
611,80,gaussian,5,43,0.28125,0.359375,0.375,1.0,0.8216309547424316,0.26317116618156433
612,80,gaussian,5,43,0.25,0.28125,0.5333333333333333,1.0,1.7222778797149658,0.5092707276344299
613,80,gaussian,5,43,0.125,0.109375,0.4444444444444444,1.0,6.898039817810059,2.0648488998413086
614,80,gaussian,5,43,0.421875,0.4375,0.5625,1.0,0.5172408223152161,0.18065470457077026
615,80,gaussian,5,43,0.28125,0.484375,0.375,1.0,0.9112652540206909,0.2895452082157135
616,80,gaussian,5,43,0.1875,0.4375,0.25,1.0,1.9500426054000854,0.5529026985168457
617,80,gaussian,5,43,0.25,0.4375,0.3333333333333333,1.0,2.5453834533691406,0.8484959602355957
618,80,gaussian,5,43,0.203125,0.421875,0.2708333333333333,1.0,2.166748523712158,0.7224862575531006
619,80,gaussian,5,43,0.1875,0.1875,0.25,1.0,0.5508170127868652,0.1563386172056198
620,80,gaussian,5,43,0.21875,0.453125,0.2916666666666667,1.0,1.8827719688415527,0.6142252683639526
621,80,gaussian,5,43,0.328125,0.21875,0.4375,1.0,0.8265324831008911,0.2773498594760895
622,80,gaussian,5,43,0.234375,0.21875,0.45454545454545453,1.0,6.753495216369629,2.1135711669921875
623,80,gaussian,5,43,0.34375,0.34375,0.4583333333333333,1.0,1.1399805545806885,0.39272260665893555
624,80,gaussian,5,43,0.375,0.15625,0.5,1.0,0.45301538705825806,0.16000041365623474
625,80,gaussian,5,43,0.3125,0.484375,0.4166666666666667,1.0,0.3392353355884552,0.1076371893286705
626,80,gaussian,5,43,0.375,0.328125,0.5,1.0,1.1467161178588867,0.40084123611450195
627,80,gaussian,5,43,0.28125,0.28125,0.375,1.0,4.052806377410889,1.3525102138519287
628,80,gaussian,5,43,0.375,0.390625,0.5,1.0,1.7493469715118408,0.6052742004394531
629,80,gaussian,5,43,0.25,0.25,0.5333333333333333,1.0,6.902189254760742,2.0319671630859375
630,80,gaussian,5,43,0.375,0.3125,0.5,1.0,2.1636593341827393,0.8559916615486145
631,80,gaussian,5,43,0.25,0.265625,0.5333333333333333,1.0,6.893527984619141,2.0491487979888916
632,80,gaussian,5,43,0.203125,0.484375,0.2708333333333333,1.0,0.45490598678588867,0.14793367683887482
633,80,gaussian,5,43,0.328125,0.40625,0.4375,1.0,1.145819902420044,0.3990260362625122
634,80,gaussian,5,43,0.3125,0.328125,0.5555555555555556,1.0,2.742699384689331,0.869735836982727
635,80,gaussian,5,43,0.359375,0.265625,0.4791666666666667,1.0,3.235013484954834,1.1060506105422974
636,80,gaussian,5,43,0.234375,0.4375,0.3125,1.0,1.5115909576416016,0.5039578080177307
637,80,gaussian,5,43,0.4375,0.296875,0.5833333333333334,1.0,3.1764626502990723,1.0902959108352661
638,80,gaussian,5,43,0.265625,0.453125,0.3541666666666667,1.0,0.26062288880348206,0.0946693867444992
639,80,gaussian,5,43,0.21875,0.4375,0.2916666666666667,1.0,1.863906979560852,0.5659632086753845
640,80,gaussian,5,43,0.484375,0.40625,0.6458333333333334,1.0,1.3665651082992554,0.48287200927734375
641,80,gaussian,5,43,0.328125,0.390625,0.4375,1.0,0.8191674947738647,0.2847643792629242
642,80,gaussian,5,43,0.296875,0.28125,0.3958333333333333,1.0,2.7900242805480957,0.9409577250480652
643,80,gaussian,5,43,0.3125,0.5,0.4166666666666667,1.0,1.4816012382507324,0.5050141215324402
644,80,gaussian,5,43,0.234375,0.4375,0.3125,1.0,1.6461678743362427,0.5132314562797546
645,80,gaussian,5,43,0.265625,0.40625,0.3541666666666667,1.0,1.268592357635498,0.41994908452033997
646,80,gaussian,5,43,0.234375,0.421875,0.3125,1.0,1.6448546648025513,0.5400760173797607
647,80,gaussian,5,43,0.265625,0.5,0.3541666666666667,1.0,0.9526642560958862,0.2864048182964325
648,80,gaussian,5,43,0.328125,0.40625,0.4375,1.0,3.7280845642089844,1.217545509338379
649,80,gaussian,5,43,0.265625,0.46875,0.3541666666666667,1.0,1.6396793127059937,0.5040003061294556
650,80,gaussian,5,43,0.40625,0.328125,0.5416666666666666,1.0,0.3787287771701813,0.14861272275447845
651,80,gaussian,5,43,0.375,0.390625,0.5,1.0,1.1409108638763428,0.3956150412559509
652,80,gaussian,5,43,0.25,0.265625,0.3333333333333333,1.0,2.3170199394226074,0.7190220952033997
653,80,gaussian,5,43,0.21875,0.4375,0.2916666666666667,1.0,2.131342887878418,0.6968663930892944
654,80,gaussian,5,43,0.3125,0.484375,0.4166666666666667,1.0,11.29555892944336,3.798372507095337
655,80,gaussian,5,43,0.21875,0.28125,0.56,1.0,1.2855756282806396,0.39973536133766174
656,80,gaussian,5,43,0.21875,0.453125,0.2916666666666667,1.0,2.634082555770874,0.860990583896637
657,80,gaussian,5,43,0.1875,0.15625,0.49335863377609107,1.0,3.286348819732666,1.0899319648742676
658,80,gaussian,5,43,0.375,0.296875,0.5,1.0,3.8603782653808594,1.354514241218567
659,80,gaussian,5,43,0.328125,0.34375,0.4375,1.0,1.1400055885314941,0.3939255177974701
660,80,gaussian,5,43,0.296875,0.3125,0.3958333333333333,1.0,0.7578540444374084,0.24192224442958832
661,80,gaussian,5,43,0.234375,0.25,0.42857142857142855,1.0,1.9136548042297363,0.5894233584403992
662,80,gaussian,5,43,0.234375,0.421875,0.3125,1.0,1.057973027229309,0.35425257682800293
663,80,gaussian,5,43,0.203125,0.4375,0.2708333333333333,1.0,2.299694776535034,0.7754824161529541
664,80,gaussian,5,43,0.4375,0.4375,0.5833333333333334,1.0,0.5174556970596313,0.1806992143392563
665,80,gaussian,5,43,0.234375,0.296875,0.3125,1.0,0.42027777433395386,0.131139874458313
666,80,gaussian,5,43,0.28125,0.453125,0.375,1.0,1.0436660051345825,0.3214068114757538
667,80,gaussian,5,43,0.390625,0.390625,0.5208333333333334,1.0,0.7700745463371277,0.27338817715644836
668,80,gaussian,5,43,0.234375,0.421875,0.3125,1.0,2.6260948181152344,0.8222350478172302
669,80,gaussian,5,43,0.3125,0.28125,0.4166666666666667,1.0,1.6103466749191284,0.5726514458656311
670,80,gaussian,5,43,0.265625,0.5,0.3541666666666667,1.0,3.4118852615356445,1.1664628982543945
671,80,gaussian,5,43,0.265625,0.4375,0.3541666666666667,1.0,4.107025146484375,1.3188122510910034
672,80,gaussian,5,43,0.40625,0.390625,0.5416666666666666,1.0,1.27079176902771,0.4566575586795807
673,80,gaussian,5,43,0.453125,0.453125,0.6041666666666666,1.0,0.936515212059021,0.2909151613712311
674,80,gaussian,5,43,0.234375,0.4375,0.3125,1.0,1.5115070343017578,0.507806658744812
675,80,gaussian,5,43,0.25,0.359375,0.3333333333333333,1.0,2.029232978820801,0.6440261602401733
676,80,gaussian,5,43,0.234375,0.40625,0.3125,1.0,2.745934009552002,0.869895339012146
677,80,gaussian,5,43,0.234375,0.34375,0.3125,1.0,4.384873390197754,1.3872958421707153
678,80,gaussian,5,43,0.453125,0.3125,0.6041666666666666,1.0,0.5516300201416016,0.17552627623081207
679,80,gaussian,5,43,0.25,0.234375,0.3333333333333333,1.0,2.1804463863372803,0.6571041345596313
680,80,gaussian,5,43,0.515625,0.390625,0.6875,1.0,3.485684394836426,1.0542387962341309
681,80,gaussian,5,43,,,,0.0,0.2332209199666977,0.07837896049022675
682,80,gaussian,5,43,0.421875,0.453125,0.5625,1.0,2.5941500663757324,0.8442202210426331
683,80,gaussian,5,43,0.5625,0.390625,0.75,1.0,4.716684341430664,1.3842557668685913
684,80,gaussian,5,43,0.28125,0.421875,0.375,1.0,2.1256470680236816,0.7464820146560669
685,80,gaussian,5,43,0.4375,0.453125,0.5833333333333334,1.0,10.278755187988281,3.584819793701172
686,80,gaussian,5,43,0.28125,0.46875,0.375,1.0,0.36959242820739746,0.1352040022611618
687,80,gaussian,5,43,0.25,0.421875,0.3333333333333333,1.0,3.2770609855651855,1.1756292581558228
688,80,gaussian,5,43,0.375,0.359375,0.5,1.0,1.687462568283081,0.582443118095398
689,80,gaussian,5,43,0.3125,0.328125,0.4166666666666667,1.0,0.8093976378440857,0.2673473656177521
690,80,gaussian,5,43,0.21875,0.359375,0.2916666666666667,1.0,0.7651169896125793,0.23761701583862305
691,80,gaussian,5,43,0.421875,0.4375,0.5625,1.0,0.5175436735153198,0.18007124960422516
692,80,gaussian,5,43,0.5,0.265625,0.6666666666666666,1.0,1.6950445175170898,0.519960880279541
693,80,gaussian,5,43,0.359375,0.390625,0.4791666666666667,1.0,5.772682189941406,1.9585697650909424
694,80,gaussian,5,43,0.578125,0.125,0.7708333333333334,1.0,0.33022570610046387,0.1034979373216629
695,80,gaussian,5,43,0.28125,0.4375,0.375,1.0,0.39862918853759766,0.12696048617362976
696,80,gaussian,5,43,0.265625,0.375,0.3541666666666667,1.0,2.2025535106658936,0.7172079682350159
697,80,gaussian,5,43,0.546875,0.09375,0.7291666666666666,1.0,2.0229203701019287,0.7097783088684082
698,80,gaussian,5,43,0.421875,0.125,0.5625,1.0,0.6534926295280457,0.20020240545272827
699,80,gaussian,5,43,0.234375,0.25,0.3125,1.0,3.5847439765930176,1.0197293758392334
700,80,gaussian,5,43,0.328125,0.390625,0.4375,1.0,2.1331255435943604,0.7111801505088806
701,80,gaussian,5,43,0.203125,0.453125,0.2708333333333333,1.0,0.7312363386154175,0.23348788917064667
702,80,gaussian,5,43,0.21875,0.46875,0.2916666666666667,1.0,0.39821314811706543,0.1416091024875641
703,80,gaussian,5,43,0.25,0.515625,0.3333333333333333,1.0,1.3149559497833252,0.40269380807876587
704,80,gaussian,5,43,0.21875,0.421875,0.2916666666666667,1.0,0.656139612197876,0.202568918466568
705,80,gaussian,5,43,0.453125,0.5,0.6041666666666666,1.0,3.3362016677856445,1.0583397150039673
706,80,gaussian,5,43,0.328125,0.484375,0.4375,1.0,11.277904510498047,3.7821569442749023
707,80,gaussian,5,43,0.34375,0.421875,0.4583333333333333,1.0,2.084716796875,0.6854458451271057
708,80,gaussian,5,43,0.171875,0.15625,0.6875,1.0,5.596285343170166,1.7297428846359253
709,80,gaussian,5,43,0.25,0.453125,0.3333333333333333,1.0,0.9325635433197021,0.3095591366291046
710,80,gaussian,5,43,0.421875,0.375,0.5625,1.0,14.407442092895508,4.759982585906982
711,80,gaussian,5,43,0.125,0.09375,0.4444444444444444,1.0,1.7278428077697754,0.5171266794204712
712,80,gaussian,5,43,0.296875,0.3125,0.3958333333333333,1.0,2.156236410140991,0.7212649583816528
713,80,gaussian,5,43,0.1875,0.421875,0.25,1.0,2.166050434112549,0.6852098703384399
714,80,gaussian,5,43,0.21875,0.453125,0.2916666666666667,1.0,0.8686462044715881,0.2723252475261688
715,80,gaussian,5,43,0.421875,0.46875,0.5625,1.0,1.9588637351989746,0.6328378915786743
716,80,gaussian,5,43,0.328125,0.296875,0.4375,1.0,2.4653992652893066,0.8852134943008423
717,80,gaussian,5,43,0.21875,0.34375,0.2916666666666667,1.0,2.973268508911133,1.0457515716552734
718,80,gaussian,5,43,0.234375,0.15625,0.3125,1.0,1.7697008848190308,0.5092968344688416
719,80,gaussian,5,43,0.34375,0.46875,0.4583333333333333,1.0,1.256582498550415,0.39885151386260986
720,80,gaussian,5,43,0.28125,0.5,0.375,1.0,2.4272303581237793,0.7603468894958496
721,80,gaussian,5,43,0.390625,0.46875,0.5208333333333334,1.0,0.7561317682266235,0.2534494400024414
722,80,gaussian,5,43,0.21875,0.28125,0.56,1.0,1.285979986190796,0.40073487162590027
723,80,gaussian,5,43,0.328125,0.21875,0.4375,1.0,3.8740532398223877,1.4041695594787598
724,80,gaussian,5,43,0.296875,0.3125,0.3958333333333333,1.0,0.7578104734420776,0.2437455952167511
725,80,gaussian,5,43,0.234375,0.421875,0.3125,1.0,1.3829078674316406,0.4541804790496826
726,80,gaussian,5,43,0.1875,0.453125,0.25,1.0,0.7247567176818848,0.2298794984817505
727,80,gaussian,5,43,0.53125,0.484375,0.7083333333333334,1.0,3.7878875732421875,1.3129723072052002
728,80,gaussian,5,43,0.5625,0.390625,0.75,1.0,4.719236373901367,1.3614215850830078
729,80,gaussian,5,43,0.265625,0.421875,0.3541666666666667,1.0,1.5180318355560303,0.5307355523109436
730,80,gaussian,5,43,0.078125,0.046875,0.4166666666666667,1.0,4.448085308074951,1.4311926364898682
731,80,gaussian,5,43,0.296875,0.390625,0.3958333333333333,1.0,4.190606594085693,1.3943369388580322
732,80,gaussian,5,43,0.25,0.296875,0.3333333333333333,1.0,0.420190691947937,0.1309550702571869
733,80,gaussian,5,43,0.359375,0.34375,0.4791666666666667,1.0,0.7746317386627197,0.26893946528434753
734,80,gaussian,5,43,0.125,0.078125,0.47058823529411764,1.0,2.7610299587249756,0.6856669783592224
735,80,gaussian,5,43,0.5625,0.1875,0.75,1.0,2.385509490966797,0.6544234156608582
736,80,gaussian,5,43,0.453125,0.4375,0.6041666666666666,1.0,1.084409475326538,0.3574574291706085
737,80,gaussian,5,43,0.265625,0.375,0.3541666666666667,1.0,2.2079129219055176,0.7162635326385498
738,80,gaussian,5,43,0.1875,0.390625,0.25,1.0,1.1758685111999512,0.3612575829029083
739,80,gaussian,5,43,0.34375,0.421875,0.4583333333333333,1.0,2.0862603187561035,0.6834395527839661
740,80,gaussian,5,43,0.234375,0.25,0.3125,1.0,0.9229083061218262,0.27315858006477356
741,80,gaussian,5,43,0.328125,0.390625,0.4375,1.0,2.1353602409362793,0.7144033312797546
742,80,gaussian,5,43,0.359375,0.453125,0.4791666666666667,1.0,1.8355339765548706,0.6001817584037781
743,80,gaussian,5,43,0.25,0.375,0.3333333333333333,1.0,2.7367095947265625,0.8838958740234375
744,80,gaussian,5,43,0.265625,0.46875,0.3541666666666667,1.0,0.8322275876998901,0.29750174283981323
745,80,gaussian,5,43,0.1875,0.484375,0.25,1.0,1.023926854133606,0.34744691848754883
746,80,gaussian,5,43,0.328125,0.484375,0.4375,1.0,1.9746780395507812,0.6419568061828613
747,80,gaussian,5,43,0.375,0.390625,0.5,1.0,0.9649578332901001,0.3379436135292053
748,80,gaussian,5,43,0.34375,0.4375,0.4583333333333333,1.0,0.5399742126464844,0.17622332274913788
749,80,gaussian,5,43,0.453125,0.109375,0.6041666666666666,1.0,0.6689189672470093,0.1976231038570404
750,80,gaussian,5,43,0.3125,0.328125,0.5555555555555556,1.0,2.744590997695923,0.8709372282028198
751,80,gaussian,5,43,0.34375,0.421875,0.4583333333333333,1.0,2.671945571899414,0.8797355890274048
752,80,gaussian,5,43,0.234375,0.390625,0.3125,1.0,4.500881195068359,1.446716547012329
753,80,gaussian,5,43,0.53125,0.203125,0.7083333333333334,1.0,1.032976508140564,0.30082371830940247
754,80,gaussian,5,43,0.421875,0.328125,0.5625,1.0,0.745238184928894,0.2778242528438568
755,80,gaussian,5,43,0.265625,0.296875,0.3541666666666667,1.0,18.1142578125,5.679753303527832
756,80,gaussian,5,43,0.484375,0.40625,0.6458333333333334,1.0,3.439851760864258,1.1443572044372559
757,80,gaussian,5,43,0.3125,0.25,0.4166666666666667,1.0,3.7180135250091553,1.3964067697525024
758,80,gaussian,5,43,0.3125,0.328125,0.4166666666666667,1.0,2.0038719177246094,0.6335593461990356
759,80,gaussian,5,43,0.5,0.46875,0.6666666666666666,1.0,3.0374081134796143,0.9156873822212219
760,80,gaussian,5,43,0.234375,0.484375,0.3125,1.0,1.0122677087783813,0.30199894309043884
761,80,gaussian,5,43,0.25,0.421875,0.3333333333333333,1.0,1.2740240097045898,0.4195103347301483
762,80,gaussian,5,43,0.28125,0.40625,0.375,1.0,2.208179473876953,0.7284194231033325
763,80,gaussian,5,43,0.328125,0.4375,0.4375,1.0,2.2498245239257812,0.7283496856689453
764,80,gaussian,5,43,0.453125,0.484375,0.6041666666666666,1.0,3.3378090858459473,1.0754587650299072
765,80,gaussian,5,43,0.34375,0.453125,0.4583333333333333,1.0,5.1023149490356445,1.8587101697921753
766,80,gaussian,5,43,0.328125,0.453125,0.4375,1.0,3.3800599575042725,1.0942161083221436
767,80,gaussian,5,43,0.265625,0.296875,0.3541666666666667,1.0,0.6985243558883667,0.26710352301597595
768,80,gaussian,5,43,0.171875,0.125,0.22916666666666666,1.0,0.7873576879501343,0.22871993482112885
769,80,gaussian,5,43,0.3125,0.4375,0.4166666666666667,1.0,0.4956038296222687,0.16094402968883514
770,80,gaussian,5,43,0.203125,0.453125,0.2708333333333333,1.0,0.48329079151153564,0.1598956435918808
771,80,gaussian,5,43,0.28125,0.46875,0.375,1.0,1.7344393730163574,0.5662704110145569
772,80,gaussian,5,43,0.1875,0.453125,0.25,1.0,2.400571823120117,0.7152513861656189
773,80,gaussian,5,43,0.328125,0.234375,0.4375,1.0,3.3553736209869385,1.1398526430130005
774,80,gaussian,5,43,0.265625,0.296875,0.5666666666666667,1.0,1.727077603340149,0.5085748434066772
775,80,gaussian,5,43,0.53125,0.234375,0.7083333333333334,1.0,3.015791893005371,0.8851858377456665
776,80,gaussian,5,43,0.1875,0.421875,0.25,1.0,2.163712978363037,0.6896145343780518
777,80,gaussian,5,43,0.328125,0.359375,0.4375,1.0,0.4596894383430481,0.1591307669878006
778,80,gaussian,5,43,0.21875,0.484375,0.2916666666666667,1.0,2.9837961196899414,0.975678563117981
779,80,gaussian,5,43,0.25,0.40625,0.3333333333333333,1.0,1.506317138671875,0.4998558461666107
780,80,gaussian,5,43,0.3125,0.4375,0.4166666666666667,1.0,0.49552232027053833,0.16064397990703583
781,80,gaussian,5,43,0.234375,0.453125,0.3125,1.0,1.360280156135559,0.44674524664878845
782,80,gaussian,5,43,0.203125,0.4375,0.2708333333333333,1.0,2.6008996963500977,0.8664146065711975
783,80,gaussian,5,43,0.296875,0.34375,0.3958333333333333,1.0,1.2635549306869507,0.39612483978271484
784,80,gaussian,5,43,0.296875,0.375,0.3958333333333333,1.0,0.4527955651283264,0.15301649272441864
785,80,gaussian,5,43,0.1875,0.453125,0.25,1.0,2.172403335571289,0.7146263122558594
786,80,gaussian,5,43,0.171875,0.46875,0.22916666666666666,1.0,0.507693350315094,0.1531958431005478
787,80,gaussian,5,43,0.5,0.359375,0.6666666666666666,1.0,1.8441016674041748,0.5759496688842773
788,80,gaussian,5,43,0.390625,0.40625,0.5208333333333334,1.0,1.2713239192962646,0.46212175488471985
789,80,gaussian,5,43,0.234375,0.4375,0.3125,1.0,2.779714584350586,0.9102140069007874
790,80,gaussian,5,43,0.296875,0.34375,0.3958333333333333,1.0,0.6092472672462463,0.19067375361919403
791,80,gaussian,5,43,0.34375,0.421875,0.4583333333333333,1.0,2.0841479301452637,0.6827797293663025
792,80,gaussian,5,43,0.3125,0.421875,0.4166666666666667,1.0,1.4390207529067993,0.47427603602409363
793,80,gaussian,5,43,0.359375,0.4375,0.4791666666666667,1.0,2.6728830337524414,0.8949874043464661
794,80,gaussian,5,43,0.359375,0.328125,0.4791666666666667,1.0,0.800463080406189,0.27215564250946045
795,80,gaussian,5,43,0.296875,0.46875,0.3958333333333333,1.0,2.6346006393432617,0.8417863845825195
796,80,gaussian,5,43,0.21875,0.4375,0.2916666666666667,1.0,1.5123028755187988,0.5065717101097107
797,80,gaussian,5,43,0.25,0.234375,0.3333333333333333,1.0,0.3591148257255554,0.11116228997707367
798,80,gaussian,5,43,0.46875,0.515625,0.625,1.0,1.4197667837142944,0.45829468965530396
799,80,gaussian,5,43,0.328125,0.421875,0.4375,1.0,3.7267608642578125,1.2190521955490112
800,80,gaussian,5,43,0.265625,0.421875,0.3541666666666667,1.0,1.5181407928466797,0.5268308520317078
801,80,gaussian,5,43,0.375,0.390625,0.5,1.0,0.4986702799797058,0.17482876777648926
802,80,gaussian,5,43,0.390625,0.1875,0.5208333333333334,1.0,0.9685389995574951,0.3524770736694336
803,80,gaussian,5,43,0.46875,0.515625,0.625,1.0,1.4223663806915283,0.45721200108528137
804,80,gaussian,5,43,0.34375,0.421875,0.4583333333333333,1.0,1.2530375719070435,0.4172622561454773
805,80,gaussian,5,43,0.359375,0.46875,0.4791666666666667,1.0,1.432257056236267,0.46510815620422363
806,80,gaussian,5,43,0.28125,0.40625,0.375,1.0,6.653973579406738,2.283531427383423
807,80,gaussian,5,43,0.328125,0.34375,0.4375,1.0,0.9435505867004395,0.3300352096557617
808,80,gaussian,5,43,0.28125,0.328125,0.375,1.0,0.7587589025497437,0.24727720022201538
809,80,gaussian,5,43,0.421875,0.46875,0.5625,1.0,1.2433756589889526,0.40396612882614136
810,80,gaussian,5,43,0.421875,0.46875,0.5625,1.0,1.7254934310913086,0.5778815746307373
811,80,gaussian,5,43,0.21875,0.453125,0.2916666666666667,1.0,1.7647470235824585,0.5825281143188477
812,80,gaussian,5,43,0.234375,0.25,0.5555555555555556,1.0,3.5855154991149902,1.0221192836761475
813,80,gaussian,5,43,0.53125,0.46875,0.7083333333333334,1.0,0.5855517983436584,0.20185454189777374
814,80,gaussian,5,43,0.25,0.453125,0.3333333333333333,1.0,1.8701269626617432,0.6353787183761597
815,80,gaussian,5,43,0.25,0.40625,0.3333333333333333,1.0,1.5089693069458008,0.4993155300617218
816,80,gaussian,5,43,0.25,0.421875,0.3333333333333333,1.0,2.072873592376709,0.6906201243400574
817,80,gaussian,5,43,0.25,0.4375,0.3333333333333333,1.0,1.950185775756836,0.6270696520805359
818,80,gaussian,5,43,0.328125,0.34375,0.4375,1.0,0.6900146007537842,0.21465358138084412
819,80,gaussian,5,43,0.21875,0.453125,0.2916666666666667,1.0,0.9434152841567993,0.2954390347003937
820,80,gaussian,5,43,0.46875,0.5,0.625,1.0,4.837047576904297,1.5827487707138062
821,80,gaussian,5,43,0.25,0.453125,0.3333333333333333,1.0,0.9323877096176147,0.3100086450576782
822,80,gaussian,5,43,,,,0.0,5.596026420593262,1.6943366527557373
823,80,gaussian,5,43,0.3125,0.5,0.4166666666666667,1.0,1.4795116186141968,0.50511634349823
824,80,gaussian,5,43,0.203125,0.46875,0.2708333333333333,1.0,0.797377347946167,0.2526889443397522
825,80,gaussian,5,43,0.25,0.265625,0.3333333333333333,1.0,2.3171839714050293,0.7050048112869263
826,80,gaussian,5,43,0.234375,0.46875,0.3125,1.0,0.9162217974662781,0.31197449564933777
827,80,gaussian,5,43,0.328125,0.21875,0.4375,1.0,0.7089213728904724,0.23833367228507996
828,80,gaussian,5,43,0.53125,0.484375,0.7083333333333334,1.0,2.0593760013580322,0.6695404052734375
829,80,gaussian,5,43,0.578125,0.125,0.7708333333333334,1.0,0.33226507902145386,0.10334981977939606
830,80,gaussian,5,43,0.234375,0.25,0.5172413793103449,1.0,0.9365025758743286,0.27369001507759094
831,80,gaussian,5,43,0.421875,0.46875,0.5625,1.0,4.9769287109375,1.5809873342514038
832,80,gaussian,5,43,0.203125,0.453125,0.2708333333333333,1.0,0.869871973991394,0.2784460484981537
833,80,gaussian,5,43,0.25,0.421875,0.3333333333333333,1.0,1.2742700576782227,0.4174470603466034
834,80,gaussian,5,43,0.375,0.421875,0.5,1.0,5.839938163757324,1.9835976362228394
835,80,gaussian,5,43,0.546875,0.453125,0.7291666666666666,1.0,7.368800163269043,2.575507879257202
836,80,gaussian,5,43,0.28125,0.28125,0.375,1.0,1.3978904485702515,0.4257349669933319
837,80,gaussian,5,43,0.375,0.421875,0.5,1.0,3.094809055328369,1.072967529296875
838,80,gaussian,5,43,0.1875,0.4375,0.25,1.0,1.9513370990753174,0.5652560591697693
839,80,gaussian,5,43,0.359375,0.4375,0.4791666666666667,1.0,4.662665843963623,1.685012698173523
840,80,gaussian,5,43,0.265625,0.28125,0.3541666666666667,1.0,2.583102226257324,0.8071067929267883
841,80,gaussian,5,43,0.296875,0.421875,0.3958333333333333,1.0,0.39813232421875,0.12746891379356384
842,80,gaussian,5,43,0.296875,0.484375,0.3958333333333333,1.0,2.7437329292297363,0.8827255964279175
843,80,gaussian,5,43,0.421875,0.453125,0.5625,1.0,1.723170280456543,0.5664179921150208
844,80,gaussian,5,43,0.53125,0.203125,0.7083333333333334,1.0,0.7922652959823608,0.2453276515007019
845,80,gaussian,5,43,0.453125,0.234375,0.6041666666666666,1.0,0.5616443157196045,0.16301287710666656
846,80,gaussian,5,43,0.28125,0.265625,0.375,1.0,1.397556185722351,0.4335169792175293
847,80,gaussian,5,43,0.484375,0.5,0.6458333333333334,1.0,4.89667272567749,1.6236525774002075
848,80,gaussian,5,43,0.453125,0.359375,0.6041666666666666,1.0,3.8091554641723633,1.3695316314697266
849,80,gaussian,5,43,0.34375,0.359375,0.4583333333333333,1.0,2.003546953201294,0.775825023651123
850,80,gaussian,5,43,0.25,0.453125,0.3333333333333333,1.0,1.8702257871627808,0.6317010521888733
851,80,gaussian,5,43,0.25,0.421875,0.3333333333333333,1.0,2.5387730598449707,0.8353793025016785
852,80,gaussian,5,43,0.359375,0.359375,0.4791666666666667,1.0,0.4271520972251892,0.13965575397014618
853,80,gaussian,5,43,0.40625,0.46875,0.5416666666666666,1.0,1.5077531337738037,0.5324004888534546
854,80,gaussian,5,43,0.484375,0.5,0.6458333333333334,1.0,4.618374824523926,1.4194570779800415
855,80,gaussian,5,43,0.453125,0.484375,0.6041666666666666,1.0,1.4641727209091187,0.4815516471862793
856,80,gaussian,5,43,0.3125,0.375,0.4166666666666667,1.0,3.901557683944702,1.2330409288406372
857,80,gaussian,5,43,0.46875,0.3125,0.625,1.0,1.9696333408355713,0.6472052335739136
858,80,gaussian,5,43,0.453125,0.5,0.6041666666666666,1.0,3.33089017868042,1.0662912130355835
859,80,gaussian,5,43,0.328125,0.3125,0.4375,1.0,1.6131949424743652,0.5534847974777222
860,80,gaussian,5,43,0.21875,0.234375,0.5185185185185185,1.0,3.636536121368408,1.0299696922302246
861,80,gaussian,5,43,0.234375,0.25,0.3125,1.0,0.9260631799697876,0.2734749913215637
862,80,gaussian,5,43,0.3125,0.4375,0.4166666666666667,1.0,2.2458510398864746,0.7168487906455994
863,80,gaussian,5,43,0.46875,0.421875,0.625,1.0,1.3661718368530273,0.4852062165737152
864,80,gaussian,5,43,0.21875,0.4375,0.2916666666666667,1.0,0.9893412590026855,0.33016437292099
865,80,gaussian,5,43,0.203125,0.453125,0.2708333333333333,1.0,0.9456483125686646,0.2978905141353607
866,80,gaussian,5,43,0.265625,0.390625,0.3541666666666667,1.0,2.7373104095458984,0.8788225054740906
867,80,gaussian,5,43,0.203125,0.1875,0.2708333333333333,1.0,1.5041409730911255,0.41746145486831665
868,80,gaussian,5,43,0.25,0.25,0.3333333333333333,1.0,3.0278639793395996,0.9581304788589478
869,80,gaussian,5,43,0.21875,0.4375,0.2916666666666667,1.0,1.6626663208007812,0.5530948042869568
870,80,gaussian,5,43,0.4375,0.234375,0.5833333333333334,1.0,0.5592529773712158,0.16413532197475433
871,80,gaussian,5,43,0.296875,0.328125,0.3958333333333333,1.0,2.0040106773376465,0.6352989673614502
872,80,gaussian,5,43,0.25,0.46875,0.3333333333333333,1.0,2.7276196479797363,0.9192590713500977
873,80,gaussian,5,43,0.203125,0.484375,0.2708333333333333,1.0,0.43789616227149963,0.15232394635677338
874,80,gaussian,5,43,0.5,0.484375,0.6666666666666666,1.0,1.0875357389450073,0.3687390387058258
875,80,gaussian,5,43,0.28125,0.46875,0.375,1.0,0.3695506453514099,0.13583940267562866
876,80,gaussian,5,43,0.25,0.359375,0.3333333333333333,1.0,2.029236316680908,0.6310843825340271
877,80,gaussian,5,43,0.234375,0.453125,0.3125,1.0,1.8612611293792725,0.5623754262924194
878,80,gaussian,5,43,0.375,0.25,0.5,1.0,1.2279975414276123,0.4443187117576599
879,80,gaussian,5,43,0.1875,0.203125,0.25,1.0,0.5509154796600342,0.15299536287784576
880,80,gaussian,5,43,0.515625,0.484375,0.6875,1.0,1.2655422687530518,0.39123231172561646
881,80,gaussian,5,43,0.3125,0.46875,0.4166666666666667,1.0,11.29667854309082,3.7957444190979004
882,80,gaussian,5,43,0.515625,0.265625,0.6875,1.0,1.6340718269348145,0.47272881865501404
883,80,gaussian,5,43,0.34375,0.234375,0.4583333333333333,1.0,0.8242169618606567,0.27787813544273376
884,80,gaussian,5,43,0.234375,0.28125,0.3125,1.0,1.1574640274047852,0.3564641773700714
885,80,gaussian,5,43,0.34375,0.40625,0.4583333333333333,1.0,0.8180971741676331,0.28441205620765686
886,80,gaussian,5,43,0.140625,0.171875,0.5625,1.0,7.024383068084717,2.1308910846710205
887,80,gaussian,5,43,0.328125,0.484375,0.4375,1.0,1.9749125242233276,0.6395148634910583
888,80,gaussian,5,43,0.265625,0.4375,0.3541666666666667,1.0,0.6909176111221313,0.23207250237464905
889,80,gaussian,5,43,0.203125,0.46875,0.2708333333333333,1.0,1.0233864784240723,0.3507237136363983
890,80,gaussian,5,43,0.328125,0.5,0.4375,1.0,1.9771487712860107,0.6298685073852539
891,80,gaussian,5,43,0.53125,0.453125,0.7083333333333334,1.0,1.3521040678024292,0.4121399223804474
892,80,gaussian,5,43,0.265625,0.40625,0.3541666666666667,1.0,1.2682193517684937,0.42405906319618225
893,80,gaussian,5,43,0.34375,0.453125,0.4583333333333333,1.0,1.8350214958190918,0.5997586250305176
894,80,gaussian,5,43,0.453125,0.5,0.6041666666666666,1.0,0.9818354845046997,0.3109810948371887
895,80,gaussian,5,43,0.109375,0.09375,0.3888888888888889,1.0,1.236790657043457,0.3726658225059509
896,80,gaussian,5,43,0.421875,0.40625,0.5625,1.0,7.2466936111450195,2.6041035652160645
897,80,gaussian,5,43,0.265625,0.5,0.3541666666666667,1.0,3.4158778190612793,1.1672415733337402
898,80,gaussian,5,43,0.234375,0.453125,0.3125,1.0,2.7912850379943848,0.9872878789901733
899,80,gaussian,5,43,0.359375,0.3125,0.4791666666666667,1.0,2.615182399749756,0.9816322922706604
900,80,gaussian,5,43,0.25,0.4375,0.3333333333333333,1.0,2.774980068206787,0.9012091159820557
901,80,gaussian,5,43,0.484375,0.5,0.6458333333333334,1.0,1.3709595203399658,0.47931239008903503
902,80,gaussian,5,43,0.25,0.28125,0.5714285714285714,1.0,1.2774288654327393,0.3814418613910675
903,80,gaussian,5,43,0.4375,0.046875,0.5833333333333334,1.0,0.5829142332077026,0.15313482284545898
904,80,gaussian,5,43,0.28125,0.5,0.375,1.0,1.1154873371124268,0.374936580657959
905,80,gaussian,5,43,0.359375,0.421875,0.4791666666666667,1.0,1.202728509902954,0.40249207615852356
906,80,gaussian,5,43,0.234375,0.40625,0.3125,1.0,1.35440993309021,0.4452782869338989
907,80,gaussian,5,43,0.25,0.46875,0.3333333333333333,1.0,2.7242462635040283,0.9253647923469543
908,80,gaussian,5,43,0.328125,0.203125,0.4375,1.0,0.7068266272544861,0.2331349104642868
909,80,gaussian,5,43,0.3125,0.5,0.4166666666666667,1.0,3.8532676696777344,1.2132986783981323
910,80,gaussian,5,43,0.234375,0.34375,0.3125,1.0,0.6791044473648071,0.22391967475414276
911,80,gaussian,5,43,0.25,0.28125,0.3333333333333333,1.0,1.1579385995864868,0.35428687930107117
912,80,gaussian,5,43,0.46875,0.5,0.625,1.0,0.9814218878746033,0.31579557061195374
913,80,gaussian,5,43,0.453125,0.5,0.6041666666666666,1.0,1.6187595129013062,0.5384678840637207
914,80,gaussian,5,43,0.3125,0.234375,0.4166666666666667,1.0,3.8748693466186523,1.4042446613311768
915,80,gaussian,5,43,0.234375,0.453125,0.3125,1.0,3.350379467010498,1.04421865940094
916,80,gaussian,5,43,0.390625,0.359375,0.5208333333333334,1.0,4.29954195022583,1.5007946491241455
917,80,gaussian,5,43,0.21875,0.203125,0.4827586206896552,1.0,4.1521220207214355,1.338362693786621
918,80,gaussian,5,43,0.375,0.3125,0.5,1.0,2.1627535820007324,0.8598149418830872
919,80,gaussian,5,43,0.484375,0.359375,0.6458333333333334,1.0,1.8464173078536987,0.5753549337387085
920,80,gaussian,5,43,0.34375,0.46875,0.4583333333333333,1.0,1.255345344543457,0.39924299716949463
921,80,gaussian,5,43,0.25,0.46875,0.3333333333333333,1.0,1.359176754951477,0.44236359000205994
922,80,gaussian,5,43,0.234375,0.421875,0.3125,1.0,1.0595003366470337,0.360811710357666
923,80,gaussian,5,43,0.375,0.3125,0.5,1.0,0.7801185846328735,0.30945897102355957
924,80,gaussian,5,43,0.25,0.25,0.3333333333333333,1.0,3.028204917907715,0.951202392578125
925,80,gaussian,5,43,0.25,0.421875,0.3333333333333333,1.0,1.2741847038269043,0.41904065012931824
926,80,gaussian,5,43,0.234375,0.3125,0.3125,1.0,0.42056822776794434,0.13066361844539642
927,80,gaussian,5,43,0.28125,0.4375,0.375,1.0,1.861142635345459,0.643585205078125
928,80,gaussian,5,43,0.234375,0.453125,0.3125,1.0,2.7906970977783203,0.981433093547821
929,80,gaussian,5,43,0.234375,0.453125,0.3125,1.0,1.759506344795227,0.5780441761016846
930,80,gaussian,5,43,0.5625,0.21875,0.75,1.0,0.6472114324569702,0.1865142434835434
931,80,gaussian,5,43,,,,0.0,1.277017593383789,0.3835495710372925
932,80,gaussian,5,43,0.265625,0.4375,0.3541666666666667,1.0,4.11204719543457,1.3426858186721802
933,80,gaussian,5,43,0.4375,0.296875,0.5833333333333334,1.0,1.1593477725982666,0.38176506757736206
934,80,gaussian,5,43,0.5,0.46875,0.6666666666666666,1.0,0.6323577165603638,0.19586196541786194
935,80,gaussian,5,43,0.4375,0.046875,0.5833333333333334,1.0,0.6003087759017944,0.14804024994373322
936,80,gaussian,5,43,,,,0.0,1.911469578742981,0.5876668691635132
937,80,gaussian,5,43,0.203125,0.453125,0.2708333333333333,1.0,0.32127314805984497,0.1112556979060173
938,80,gaussian,5,43,0.265625,0.171875,0.3541666666666667,1.0,1.276318907737732,0.4066029191017151
939,80,gaussian,5,43,0.34375,0.21875,0.4583333333333333,1.0,2.3605804443359375,0.7671216726303101
940,80,gaussian,5,43,0.546875,0.09375,0.7291666666666666,1.0,2.0217394828796387,0.7108505368232727
941,80,gaussian,5,43,0.25,0.453125,0.3333333333333333,1.0,0.5200209021568298,0.17422591149806976
942,80,gaussian,5,43,0.46875,0.09375,0.625,1.0,0.674625039100647,0.19979669153690338
943,80,gaussian,5,43,0.21875,0.46875,0.2916666666666667,1.0,0.3990757465362549,0.141682431101799
944,80,gaussian,5,43,0.40625,0.453125,0.5416666666666666,1.0,1.7310322523117065,0.5906757116317749
945,80,gaussian,5,43,0.28125,0.5,0.375,1.0,2.4300336837768555,0.7674820423126221
946,80,gaussian,5,43,0.28125,0.5,0.375,1.0,1.1178476810455322,0.3756752014160156
947,80,gaussian,5,43,0.484375,0.203125,0.6458333333333334,1.0,1.3721308708190918,0.4168722629547119
948,80,gaussian,5,43,0.546875,0.21875,0.7291666666666666,1.0,0.6446626782417297,0.18727223575115204
949,80,gaussian,5,43,0.46875,0.40625,0.625,1.0,1.366389513015747,0.48166218400001526
950,80,gaussian,5,43,0.375,0.265625,0.5,1.0,1.2271164655685425,0.44806045293807983
951,80,gaussian,5,43,0.453125,0.421875,0.6041666666666666,1.0,0.7147879600524902,0.25391948223114014
952,80,gaussian,5,43,0.296875,0.4375,0.3958333333333333,1.0,1.8584649562835693,0.644300103187561
953,80,gaussian,5,43,0.53125,0.453125,0.7083333333333334,1.0,2.3736753463745117,0.7186183929443359
954,80,gaussian,5,43,0.515625,0.4375,0.6875,1.0,2.405872344970703,0.7542210817337036
955,80,gaussian,5,43,0.46875,0.5,0.625,1.0,0.9613995552062988,0.32881835103034973
956,80,gaussian,5,43,0.390625,0.453125,0.5208333333333334,1.0,0.4024796783924103,0.1368485689163208
957,80,gaussian,5,43,0.46875,0.09375,0.625,1.0,0.6746240258216858,0.20110712945461273
958,80,gaussian,5,43,0.21875,0.4375,0.2916666666666667,1.0,1.8439137935638428,0.5984382629394531
959,80,gaussian,5,43,0.359375,0.453125,0.4791666666666667,1.0,1.835381269454956,0.6062523126602173
960,80,gaussian,5,43,0.484375,0.359375,0.6458333333333334,1.0,1.8471962213516235,0.5784117579460144
961,80,gaussian,5,43,0.28125,0.453125,0.375,1.0,2.6956262588500977,0.840656042098999
962,80,gaussian,5,43,0.34375,0.34375,0.4583333333333333,1.0,5.048501014709473,1.6908445358276367
963,80,gaussian,5,43,0.21875,0.46875,0.2916666666666667,1.0,0.3994203805923462,0.1411944180727005
964,80,gaussian,5,43,0.265625,0.28125,0.3541666666666667,1.0,2.5819332599639893,0.8002070784568787
965,80,gaussian,5,43,0.375,0.453125,0.5,1.0,1.504286289215088,0.508665144443512
966,80,gaussian,5,43,0.3125,0.421875,0.4166666666666667,1.0,4.435822010040283,1.592532753944397
967,80,gaussian,5,43,0.28125,0.453125,0.375,1.0,1.5653553009033203,0.5373198390007019
968,80,gaussian,5,43,0.515625,0.484375,0.6875,1.0,2.056776523590088,0.6722332835197449
969,80,gaussian,5,43,0.34375,0.15625,0.4583333333333333,1.0,1.4956319332122803,0.5065634846687317
970,80,gaussian,5,43,0.375,0.375,0.5,1.0,1.9388365745544434,0.6870668530464172
971,80,gaussian,5,43,0.40625,0.328125,0.5416666666666666,1.0,0.3787846565246582,0.14802080392837524
972,80,gaussian,5,43,0.234375,0.40625,0.3125,1.0,4.5041022300720215,1.4697551727294922
973,80,gaussian,5,43,0.25,0.359375,0.3333333333333333,1.0,0.6815133690834045,0.22356216609477997
974,80,gaussian,5,43,0.203125,0.453125,0.2708333333333333,1.0,1.1307079792022705,0.36131995916366577
975,80,gaussian,5,43,0.5,0.46875,0.6666666666666666,1.0,3.037412405014038,0.9166633486747742
976,80,gaussian,5,43,0.359375,0.390625,0.4791666666666667,1.0,0.7813150882720947,0.2596137821674347
977,80,gaussian,5,43,0.34375,0.265625,0.4583333333333333,1.0,0.8614058494567871,0.2855023145675659
978,80,gaussian,5,43,0.25,0.46875,0.3333333333333333,1.0,0.26030296087265015,0.09397955238819122
979,80,gaussian,5,43,0.25,0.359375,0.3333333333333333,1.0,2.0254321098327637,0.6310001611709595
980,80,gaussian,5,43,0.328125,0.28125,0.4375,1.0,2.464559555053711,0.8771158456802368
981,80,gaussian,5,43,0.25,0.421875,0.3333333333333333,1.0,2.6741385459899902,0.8578208088874817
982,80,gaussian,5,43,0.34375,0.28125,0.4583333333333333,1.0,0.8635216951370239,0.2850155234336853
983,80,gaussian,5,43,0.28125,0.40625,0.375,1.0,6.649776458740234,2.286654472351074
984,80,gaussian,5,43,0.515625,0.265625,0.6875,1.0,1.6349879503250122,0.4807056188583374
985,80,gaussian,5,43,0.234375,0.21875,0.4411764705882353,1.0,3.433506965637207,1.080275297164917
986,80,gaussian,5,43,0.25,0.453125,0.3333333333333333,1.0,0.5204041004180908,0.17554356157779694
987,80,gaussian,5,43,0.453125,0.3125,0.6041666666666666,1.0,0.5521763563156128,0.17500926554203033
988,80,gaussian,5,43,0.25,0.40625,0.3333333333333333,1.0,0.9628859758377075,0.29846009612083435
989,80,gaussian,5,43,0.3125,0.28125,0.4166666666666667,1.0,2.8333182334899902,0.9415526390075684
990,80,gaussian,5,43,0.234375,0.21875,0.3125,1.0,0.37724730372428894,0.10718997567892075
991,80,gaussian,5,43,0.53125,0.46875,0.7083333333333334,1.0,1.3486889600753784,0.4099312722682953
992,80,gaussian,5,43,0.3125,0.328125,0.4166666666666667,1.0,0.9694710969924927,0.32108303904533386
993,80,gaussian,5,43,0.234375,0.34375,0.3125,1.0,1.554816484451294,0.4999222755432129
994,80,gaussian,5,43,0.265625,0.453125,0.3541666666666667,1.0,1.640106439590454,0.5014594197273254
995,80,gaussian,5,43,0.21875,0.421875,0.2916666666666667,1.0,0.655082106590271,0.2009914070367813
996,80,gaussian,5,43,0.53125,0.234375,0.7083333333333334,1.0,3.011435031890869,0.8867568373680115
997,80,gaussian,5,43,0.1875,0.453125,0.25,1.0,1.1314263343811035,0.35315820574760437
998,80,gaussian,5,43,0.359375,0.359375,0.4791666666666667,1.0,0.3594479560852051,0.11671288311481476
999,80,gaussian,5,43,0.25,0.15625,0.3333333333333333,1.0,1.7693471908569336,0.5075553059577942
0,120,gaussian,5,43,0.140625,0.296875,0.28125,1.0,1.8602008819580078,0.5649251341819763
1,120,gaussian,5,43,0.171875,0.265625,0.34375,1.0,1.2647918462753296,0.4183330833911896
2,120,gaussian,5,43,0.125,0.296875,0.25,1.0,0.3364103436470032,0.11935697495937347
3,120,gaussian,5,43,0.296875,0.3125,0.59375,1.0,4.075965881347656,1.2874592542648315
4,120,gaussian,5,43,0.171875,0.265625,0.34375,1.0,1.5079140663146973,0.5027443766593933
5,120,gaussian,5,43,0.21875,0.203125,0.4375,1.0,1.4035160541534424,0.4614464342594147
6,120,gaussian,5,43,0.328125,0.171875,0.65625,1.0,1.6957286596298218,0.5214398503303528
7,120,gaussian,5,43,0.203125,0.3125,0.40625,1.0,1.5626598596572876,0.5359230637550354
8,120,gaussian,5,43,0.203125,0.21875,0.40625,1.0,2.7321887016296387,0.8712747693061829
9,120,gaussian,5,43,0.125,0.125,0.25,1.0,0.5508816838264465,0.1543194204568863
10,120,gaussian,5,43,0.296875,0.328125,0.59375,1.0,0.9783496856689453,0.3152647614479065
11,120,gaussian,5,43,0.140625,0.140625,0.28125,1.0,1.2182104587554932,0.3493463695049286
12,120,gaussian,5,43,0.34375,0.296875,0.6875,1.0,2.0921785831451416,0.699913501739502
13,120,gaussian,5,43,0.21875,0.296875,0.4375,1.0,0.9441015720367432,0.33773282170295715
14,120,gaussian,5,43,0.390625,0.109375,0.78125,1.0,1.280228853225708,0.37934717535972595
15,120,gaussian,5,43,0.265625,0.28125,0.53125,1.0,0.26722919940948486,0.09643147885799408
16,120,gaussian,5,43,0.140625,0.296875,0.28125,1.0,0.32117554545402527,0.1126881018280983
17,120,gaussian,5,43,0.171875,0.21875,0.34375,1.0,1.62932288646698,0.5209882259368896
18,120,gaussian,5,43,0.15625,0.3125,0.3125,1.0,1.3603514432907104,0.44818294048309326
19,120,gaussian,5,43,0.15625,0.3125,0.3125,1.0,1.6277213096618652,0.5840129256248474
20,120,gaussian,5,43,0.21875,0.28125,0.4375,1.0,2.249007225036621,0.7214365601539612
21,120,gaussian,5,43,0.25,0.234375,0.5,1.0,1.392444133758545,0.45934823155403137
22,120,gaussian,5,43,0.140625,0.296875,0.28125,1.0,1.192740797996521,0.380638062953949
23,120,gaussian,5,43,0.140625,0.28125,0.28125,1.0,2.053548812866211,0.7306289076805115
24,120,gaussian,5,43,0.28125,0.28125,0.5625,1.0,2.582663059234619,0.8491767644882202
25,120,gaussian,5,43,0.15625,0.046875,0.3125,1.0,0.2581928074359894,0.07785899192094803
26,120,gaussian,5,43,0.1875,0.21875,0.375,1.0,0.7580591440200806,0.24413448572158813
27,120,gaussian,5,43,0.15625,0.28125,0.3125,1.0,1.5112953186035156,0.5037436485290527
28,120,gaussian,5,43,0.25,0.28125,0.5,1.0,3.640850067138672,1.2497599124908447
29,120,gaussian,5,43,0.1875,0.234375,0.375,1.0,2.6612138748168945,0.8790299296379089
30,120,gaussian,5,43,0.171875,0.296875,0.34375,1.0,2.5919737815856934,0.8755248188972473
31,120,gaussian,5,43,0.21875,0.140625,0.4375,1.0,0.707122802734375,0.23675498366355896
32,120,gaussian,5,43,0.21875,0.21875,0.4375,1.0,4.438928604125977,1.414624810218811
33,120,gaussian,5,43,0.203125,0.25,0.40625,1.0,3.900014877319336,1.2415895462036133
34,120,gaussian,5,43,0.25,0.234375,0.5,1.0,10.830423355102539,3.6975231170654297
35,120,gaussian,5,43,0.40625,0.28125,0.8125,1.0,0.7601717710494995,0.221279114484787
36,120,gaussian,5,43,0.125,0.296875,0.25,1.0,1.1292805671691895,0.358008474111557
37,120,gaussian,5,43,0.21875,0.21875,0.4375,1.0,0.9432768821716309,0.32915061712265015
38,120,gaussian,5,43,0.3125,0.328125,0.625,1.0,1.4221882820129395,0.45537570118904114
39,120,gaussian,5,43,0.15625,0.3125,0.3125,1.0,1.621412992477417,0.5840129256248474
40,120,gaussian,5,43,0.21875,0.28125,0.4375,1.0,4.434589385986328,1.5930087566375732
41,120,gaussian,5,43,0.15625,0.296875,0.3125,1.0,0.9306556582450867,0.3113365173339844
42,120,gaussian,5,43,0.296875,0.234375,0.59375,1.0,3.8118033409118652,1.3720556497573853
43,120,gaussian,5,43,0.28125,0.3125,0.5625,1.0,1.4991332292556763,0.537145733833313
44,120,gaussian,5,43,0.140625,0.21875,0.28125,1.0,0.29142963886260986,0.11151722073554993
45,120,gaussian,5,43,0.140625,0.296875,0.28125,1.0,0.8670923709869385,0.2722015380859375
46,120,gaussian,5,43,0.171875,0.328125,0.34375,1.0,1.0044341087341309,0.297924280166626
47,120,gaussian,5,43,,,,0.0,0.2448459416627884,0.07212748378515244
48,120,gaussian,5,43,0.203125,0.203125,0.40625,1.0,1.6137688159942627,0.5526183247566223
49,120,gaussian,5,43,0.21875,0.15625,0.4375,1.0,0.8264433145523071,0.27711787819862366
50,120,gaussian,5,43,0.171875,0.296875,0.34375,1.0,1.3542249202728271,0.44818297028541565
51,120,gaussian,5,43,0.15625,0.296875,0.3125,1.0,1.857104778289795,0.5649250745773315
52,120,gaussian,5,43,0.15625,0.3125,0.3125,1.0,1.7601590156555176,0.5827473402023315
53,120,gaussian,5,43,0.3125,0.265625,0.625,1.0,4.405757904052734,1.4553712606430054
54,120,gaussian,5,43,0.34375,0.296875,0.6875,1.0,2.405377149581909,0.7454692125320435
55,120,gaussian,5,43,0.265625,0.234375,0.53125,1.0,10.844303131103516,3.6975228786468506
56,120,gaussian,5,43,0.203125,0.21875,0.40625,1.0,2.663069248199463,0.8790299296379089
57,120,gaussian,5,43,0.171875,0.296875,0.34375,1.0,1.938758134841919,0.6657390594482422
58,120,gaussian,5,43,0.203125,0.3125,0.40625,1.0,0.3555532991886139,0.11986113339662552
59,120,gaussian,5,43,0.265625,0.28125,0.53125,1.0,0.5785007476806641,0.20032449066638947
60,120,gaussian,5,43,0.1875,0.28125,0.375,1.0,0.39868196845054626,0.12759728729724884
61,120,gaussian,5,43,0.15625,0.34375,0.3125,1.0,1.2894811630249023,0.40593221783638
62,120,gaussian,5,43,0.25,0.125,0.5,1.0,0.9689806699752808,0.3499085009098053
63,120,gaussian,5,43,,,,0.0,0.24562451243400574,0.07212748378515244
64,120,gaussian,5,43,0.171875,0.28125,0.34375,1.0,1.9853103160858154,0.6751131415367126
65,120,gaussian,5,43,0.15625,0.15625,0.3125,1.0,0.9372682571411133,0.27570831775665283
66,120,gaussian,5,43,0.21875,0.28125,0.4375,1.0,3.2109718322753906,1.0907543897628784
67,120,gaussian,5,43,0.171875,0.140625,0.34375,1.0,3.276096820831299,1.0900341272354126
68,120,gaussian,5,43,0.203125,0.28125,0.40625,1.0,0.4736090898513794,0.15393660962581635
69,120,gaussian,5,43,0.359375,0.125,0.71875,1.0,2.337155342102051,0.6499215960502625
70,120,gaussian,5,43,0.171875,0.25,0.34375,1.0,1.5488295555114746,0.4722707271575928
71,120,gaussian,5,43,0.203125,0.3125,0.40625,1.0,2.7392263412475586,0.88178551197052
72,120,gaussian,5,43,0.21875,0.21875,0.4375,1.0,1.1392992734909058,0.3927125036716461
73,120,gaussian,5,43,0.265625,0.140625,0.53125,1.0,2.3071372509002686,0.8374586701393127
74,120,gaussian,5,43,0.296875,0.328125,0.59375,1.0,0.7165058851242065,0.22255535423755646
75,120,gaussian,5,43,0.15625,0.3125,0.3125,1.0,2.72121262550354,0.9170017242431641
76,120,gaussian,5,43,0.265625,0.296875,0.53125,1.0,1.7280268669128418,0.5882750749588013
77,120,gaussian,5,43,0.171875,0.15625,0.34375,1.0,0.8351070880889893,0.26951274275779724
78,120,gaussian,5,43,0.171875,0.3125,0.34375,1.0,0.8302420377731323,0.296142578125
79,120,gaussian,5,43,0.34375,0.25,0.6875,1.0,3.474712371826172,1.0612781047821045
80,120,gaussian,5,43,0.125,0.25,0.25,1.0,0.8278730511665344,0.24808062613010406
81,120,gaussian,5,43,0.234375,0.234375,0.46875,1.0,2.001174211502075,0.6849731802940369
82,120,gaussian,5,43,0.21875,0.328125,0.4375,1.0,1.9701743125915527,0.638842761516571
83,120,gaussian,5,43,0.34375,0.328125,0.6875,1.0,1.265557885169983,0.3951030671596527
84,120,gaussian,5,43,0.1875,0.265625,0.375,1.0,4.167628288269043,1.3782602548599243
85,120,gaussian,5,43,0.34375,0.234375,0.6875,1.0,1.8068592548370361,0.6179637908935547
86,120,gaussian,5,43,0.25,0.25,0.5,1.0,0.49901145696640015,0.17633679509162903
87,120,gaussian,5,43,0.140625,0.3125,0.28125,1.0,1.0397446155548096,0.30658528208732605
88,120,gaussian,5,43,0.203125,0.328125,0.40625,1.0,0.3391270637512207,0.10914326459169388
89,120,gaussian,5,43,0.21875,0.21875,0.4375,1.0,0.9435839653015137,0.32915061712265015
90,120,gaussian,5,43,0.28125,0.296875,0.5625,1.0,2.5858311653137207,0.8491767644882202
91,120,gaussian,5,43,0.1875,0.140625,0.375,1.0,2.289968490600586,0.7398934364318848
92,120,gaussian,5,43,0.125,0.28125,0.25,1.0,2.19946551322937,0.7464816570281982
93,120,gaussian,5,43,0.15625,0.3125,0.3125,1.0,1.760032296180725,0.5827472805976868
94,120,gaussian,5,43,0.34375,0.171875,0.6875,1.0,0.6381738185882568,0.18636097013950348
95,120,gaussian,5,43,0.234375,0.25,0.46875,1.0,1.7479934692382812,0.6108641028404236
96,120,gaussian,5,43,0.3125,0.203125,0.625,1.0,5.601891040802002,1.705932855606079
97,120,gaussian,5,43,0.296875,0.3125,0.59375,1.0,0.938129186630249,0.29240092635154724
98,120,gaussian,5,43,0.25,0.125,0.5,1.0,0.9698907136917114,0.3499084711074829
99,120,gaussian,5,43,0.203125,0.3125,0.40625,1.0,2.7430715560913086,0.88178551197052
100,120,gaussian,5,43,0.15625,0.203125,0.3125,1.0,0.4203585982322693,0.12928612530231476
101,120,gaussian,5,43,0.15625,0.296875,0.3125,1.0,2.3674111366271973,0.7671411037445068
102,120,gaussian,5,43,0.375,0.109375,0.75,1.0,2.3854591846466064,0.6574363112449646
103,120,gaussian,5,43,0.15625,0.203125,0.3125,1.0,2.683806896209717,0.8120822310447693
104,120,gaussian,5,43,0.1875,0.328125,0.375,1.0,1.1091361045837402,0.3731052279472351
105,120,gaussian,5,43,0.21875,0.3125,0.4375,1.0,2.3469252586364746,0.804803192615509
106,120,gaussian,5,43,0.25,0.109375,0.5,1.0,0.45464634895324707,0.16301019489765167
107,120,gaussian,5,43,0.25,0.265625,0.5,1.0,1.7969679832458496,0.6399551033973694
108,120,gaussian,5,43,0.15625,0.21875,0.3125,1.0,4.362428665161133,1.3936231136322021
109,120,gaussian,5,43,0.171875,0.171875,0.34375,1.0,1.1575748920440674,0.34946537017822266
110,120,gaussian,5,43,0.171875,0.28125,0.34375,1.0,0.6882315874099731,0.23125913739204407
111,120,gaussian,5,43,0.171875,0.28125,0.34375,1.0,2.238415241241455,0.7544336318969727
112,120,gaussian,5,43,0.171875,0.125,0.34375,1.0,1.2813386917114258,0.41226834058761597
113,120,gaussian,5,43,0.1875,0.265625,0.375,1.0,3.0962047576904297,1.0137230157852173
114,120,gaussian,5,43,0.359375,0.296875,0.71875,1.0,2.375058174133301,0.7093368172645569
115,120,gaussian,5,43,0.140625,0.296875,0.28125,1.0,0.26308101415634155,0.09247051924467087
116,120,gaussian,5,43,0.109375,0.28125,0.21875,1.0,1.3930699825286865,0.4464188814163208
117,120,gaussian,5,43,0.265625,0.0625,0.53125,1.0,0.7411051392555237,0.2093055695295334
118,120,gaussian,5,43,0.203125,0.21875,0.40625,1.0,3.8403429985046387,1.1879770755767822
119,120,gaussian,5,43,0.109375,0.296875,0.21875,1.0,0.505526602268219,0.1550697386264801
120,120,gaussian,5,43,0.1875,0.3125,0.375,1.0,0.8588905930519104,0.2979808449745178
121,120,gaussian,5,43,0.234375,0.1875,0.46875,1.0,2.927708148956299,1.0062048435211182
122,120,gaussian,5,43,0.125,0.125,0.25,1.0,1.2605681419372559,0.35127952694892883
123,120,gaussian,5,43,0.25,0.296875,0.5,1.0,1.4998838901519775,0.5122764110565186
124,120,gaussian,5,43,0.171875,0.296875,0.34375,1.0,2.239694833755493,0.7544336318969727
125,120,gaussian,5,43,0.171875,0.15625,0.34375,1.0,3.028447151184082,0.9459420442581177
126,120,gaussian,5,43,0.125,0.28125,0.25,1.0,2.1885299682617188,0.7648919820785522
127,120,gaussian,5,43,0.140625,0.140625,0.28125,1.0,4.1302361488342285,1.3430908918380737
128,120,gaussian,5,43,0.34375,0.328125,0.6875,1.0,2.0524497032165527,0.6682609915733337
129,120,gaussian,5,43,0.171875,0.265625,0.34375,1.0,3.275275945663452,1.1779439449310303
130,120,gaussian,5,43,0.21875,0.140625,0.4375,1.0,0.7051792144775391,0.23675496876239777
131,120,gaussian,5,43,0.140625,0.15625,0.28125,1.0,1.0454838275909424,0.31257063150405884
132,120,gaussian,5,43,0.171875,0.171875,0.34375,1.0,0.8312376141548157,0.26951274275779724
133,120,gaussian,5,43,0.21875,0.15625,0.4375,1.0,3.7179503440856934,1.4121181964874268
134,120,gaussian,5,43,0.203125,0.3125,0.40625,1.0,2.7471401691436768,0.88178551197052
135,120,gaussian,5,43,0.140625,0.328125,0.28125,1.0,2.985652446746826,0.9806077480316162
136,120,gaussian,5,43,0.234375,0.21875,0.46875,1.0,5.039772033691406,1.700706124305725
137,120,gaussian,5,43,0.328125,0.328125,0.65625,1.0,1.2143253087997437,0.374406635761261
138,120,gaussian,5,43,0.171875,0.296875,0.34375,1.0,0.9300684928894043,0.311336487531662
139,120,gaussian,5,43,0.28125,0.3125,0.5625,1.0,1.240889310836792,0.4027174413204193
140,120,gaussian,5,43,0.21875,0.21875,0.4375,1.0,2.739013433456421,0.8712747693061829
141,120,gaussian,5,43,0.25,0.3125,0.5,1.0,0.7544040083885193,0.25284549593925476
142,120,gaussian,5,43,,,,0.0,0.24522924423217773,0.07212748378515244
143,120,gaussian,5,43,0.140625,0.296875,0.28125,1.0,0.26336055994033813,0.09247051924467087
144,120,gaussian,5,43,0.21875,0.21875,0.4375,1.0,0.967651903629303,0.32193639874458313
145,120,gaussian,5,43,0.140625,0.265625,0.28125,1.0,2.7384047508239746,0.8646398186683655
146,120,gaussian,5,43,0.203125,0.328125,0.40625,1.0,1.473341703414917,0.502629280090332
147,120,gaussian,5,43,0.1875,0.203125,0.375,1.0,0.666138231754303,0.21555976569652557
148,120,gaussian,5,43,0.140625,0.296875,0.28125,1.0,2.2899117469787598,0.7713654041290283
149,120,gaussian,5,43,0.171875,0.296875,0.34375,1.0,0.5514365434646606,0.18807822465896606
150,120,gaussian,5,43,0.328125,0.34375,0.65625,1.0,2.1976869106292725,0.6836853623390198
151,120,gaussian,5,43,0.234375,0.234375,0.46875,1.0,2.000277519226074,0.6849731802940369
152,120,gaussian,5,43,0.359375,0.140625,0.71875,1.0,1.0330333709716797,0.3048269748687744
153,120,gaussian,5,43,0.234375,0.296875,0.46875,1.0,6.44291877746582,2.096884250640869
154,120,gaussian,5,43,0.234375,0.25,0.46875,1.0,0.7789068818092346,0.2587800920009613
155,120,gaussian,5,43,0.21875,0.203125,0.4375,1.0,1.406308650970459,0.4614464342594147
156,120,gaussian,5,43,0.234375,0.28125,0.46875,1.0,5.095062732696533,1.848121166229248
157,120,gaussian,5,43,0.296875,0.328125,0.59375,1.0,1.9062321186065674,0.6349779963493347
158,120,gaussian,5,43,0.25,0.296875,0.5,1.0,1.1124783754348755,0.3967968821525574
159,120,gaussian,5,43,0.140625,0.28125,0.28125,1.0,2.2949576377868652,0.7713654041290283
160,120,gaussian,5,43,0.265625,0.109375,0.53125,1.0,0.9709620475769043,0.3499085009098053
161,120,gaussian,5,43,0.1875,0.296875,0.375,1.0,1.5959298610687256,0.5121224522590637
162,120,gaussian,5,43,0.21875,0.296875,0.4375,1.0,0.9230985641479492,0.30049607157707214
163,120,gaussian,5,43,0.25,0.296875,0.5,1.0,1.5043771266937256,0.5122764110565186
164,120,gaussian,5,43,0.359375,0.25,0.71875,1.0,1.7774486541748047,0.6179637312889099
165,120,gaussian,5,43,0.359375,0.25,0.71875,1.0,4.714646339416504,1.3733031749725342
166,120,gaussian,5,43,0.140625,0.28125,0.28125,1.0,1.2178685665130615,0.43734946846961975
167,120,gaussian,5,43,0.25,0.203125,0.5,1.0,0.7800289392471313,0.3108654320240021
168,120,gaussian,5,43,0.140625,0.3125,0.28125,1.0,0.9853332042694092,0.3225160241127014
169,120,gaussian,5,43,0.203125,0.328125,0.40625,1.0,11.267561912536621,3.767470121383667
170,120,gaussian,5,43,0.359375,0.28125,0.71875,1.0,2.3666000366210938,0.7093368172645569
171,120,gaussian,5,43,0.1875,0.234375,0.375,1.0,2.2814807891845703,0.7498369812965393
172,120,gaussian,5,43,0.21875,0.265625,0.4375,1.0,3.718845844268799,1.218899130821228
173,120,gaussian,5,43,0.25,0.25,0.5,1.0,0.4970903992652893,0.17633679509162903
174,120,gaussian,5,43,0.296875,0.265625,0.59375,1.0,0.9273250102996826,0.32325679063796997
175,120,gaussian,5,43,0.359375,0.25,0.71875,1.0,1.7827277183532715,0.6179637908935547
176,120,gaussian,5,43,0.140625,0.328125,0.28125,1.0,1.2784231901168823,0.40593221783638
177,120,gaussian,5,43,0.234375,0.1875,0.46875,1.0,2.926438093185425,1.0062048435211182
178,120,gaussian,5,43,0.3125,0.265625,0.625,1.0,0.9298794269561768,0.32325679063796997
179,120,gaussian,5,43,0.140625,0.3125,0.28125,1.0,0.843400239944458,0.29766982793807983
180,120,gaussian,5,43,0.265625,0.296875,0.53125,1.0,1.1304004192352295,0.3928813636302948
181,120,gaussian,5,43,0.296875,0.265625,0.59375,1.0,0.9304615259170532,0.32325679063796997
182,120,gaussian,5,43,0.1875,0.328125,0.375,1.0,0.9101102352142334,0.2861052453517914
183,120,gaussian,5,43,0.1875,0.3125,0.375,1.0,1.0551729202270508,0.3326621651649475
184,120,gaussian,5,43,,,,0.0,0.22973500192165375,0.07765930145978928
185,120,gaussian,5,43,0.34375,0.296875,0.6875,1.0,2.092846393585205,0.6999135613441467
186,120,gaussian,5,43,0.15625,0.234375,0.3125,1.0,4.383968353271484,1.3936231136322021
187,120,gaussian,5,43,0.25,0.265625,0.5,1.0,0.7688403725624084,0.27215346693992615
188,120,gaussian,5,43,0.296875,0.328125,0.59375,1.0,4.075771331787109,1.2874592542648315
189,120,gaussian,5,43,0.21875,0.296875,0.4375,1.0,3.225935935974121,1.0907543897628784
190,120,gaussian,5,43,0.3125,0.265625,0.625,1.0,1.3642362356185913,0.48124849796295166
191,120,gaussian,5,43,0.140625,0.296875,0.28125,1.0,0.48144811391830444,0.1583956927061081
192,120,gaussian,5,43,0.140625,0.3125,0.28125,1.0,0.7964048385620117,0.2548014223575592
193,120,gaussian,5,43,0.140625,0.3125,0.28125,1.0,0.49146348237991333,0.15428361296653748
194,120,gaussian,5,43,0.234375,0.265625,0.46875,1.0,0.4210502505302429,0.15066669881343842
195,120,gaussian,5,43,0.15625,0.3125,0.3125,1.0,1.6325186491012573,0.5053595900535583
196,120,gaussian,5,43,0.203125,0.21875,0.40625,1.0,1.261046051979065,0.3986198902130127
197,120,gaussian,5,43,0.25,0.234375,0.5,1.0,1.685302495956421,0.5809628367424011
198,120,gaussian,5,43,0.21875,0.21875,0.4375,1.0,4.434749603271484,1.414624810218811
199,120,gaussian,5,43,0.171875,0.296875,0.34375,1.0,0.5189784169197083,0.17389798164367676
200,120,gaussian,5,43,0.125,0.296875,0.25,1.0,0.9118599891662598,0.27358102798461914
201,120,gaussian,5,43,0.328125,0.328125,0.65625,1.0,1.3615556955337524,0.48530781269073486
202,120,gaussian,5,43,0.234375,0.203125,0.46875,1.0,2.805004119873047,0.9852439761161804
203,120,gaussian,5,43,0.25,0.265625,0.5,1.0,1.7966952323913574,0.6399551033973694
204,120,gaussian,5,43,0.25,0.203125,0.5,1.0,1.3366522789001465,0.4411606192588806
205,120,gaussian,5,43,0.125,0.296875,0.25,1.0,2.164576292037964,0.7184174656867981
206,120,gaussian,5,43,0.21875,0.28125,0.4375,1.0,3.7282400131225586,1.218899130821228
207,120,gaussian,5,43,0.203125,0.265625,0.40625,1.0,4.192630767822266,1.3782602548599243
208,120,gaussian,5,43,0.375,0.109375,0.75,1.0,2.385512113571167,0.6574363708496094
209,120,gaussian,5,43,0.21875,0.265625,0.4375,1.0,0.8192371726036072,0.28384941816329956
210,120,gaussian,5,43,0.390625,0.078125,0.78125,1.0,0.3315064311027527,0.10259360074996948
211,120,gaussian,5,43,0.234375,0.21875,0.46875,1.0,5.036667823791504,1.7007060050964355
212,120,gaussian,5,43,0.15625,0.28125,0.3125,1.0,0.6666833758354187,0.23132432997226715
213,120,gaussian,5,43,0.140625,0.296875,0.28125,1.0,2.1282401084899902,0.704119861125946
214,120,gaussian,5,43,0.359375,0.3125,0.71875,1.0,2.0521438121795654,0.6682609915733337
215,120,gaussian,5,43,0.1875,0.296875,0.375,1.0,1.5609922409057617,0.5359230637550354
216,120,gaussian,5,43,0.140625,0.296875,0.28125,1.0,0.6252532005310059,0.19608396291732788
217,120,gaussian,5,43,0.359375,0.296875,0.71875,1.0,2.3594086170196533,0.7093368172645569
218,120,gaussian,5,43,0.25,0.234375,0.5,1.0,1.6404201984405518,0.5729756951332092
219,120,gaussian,5,43,0.15625,0.296875,0.3125,1.0,1.870539903640747,0.6303302645683289
220,120,gaussian,5,43,0.3125,0.328125,0.625,1.0,1.6144294738769531,0.5470495820045471
221,120,gaussian,5,43,0.125,0.296875,0.25,1.0,0.5040538907051086,0.1550697386264801
222,120,gaussian,5,43,0.171875,0.328125,0.34375,1.0,1.3098697662353516,0.4089643657207489
223,120,gaussian,5,43,0.375,0.296875,0.75,1.0,3.092249631881714,1.1079213619232178
224,120,gaussian,5,43,0.21875,0.203125,0.4375,1.0,1.6124083995819092,0.5526183247566223
225,120,gaussian,5,43,0.359375,0.3125,0.71875,1.0,2.0931806564331055,0.699913501739502
226,120,gaussian,5,43,0.15625,0.296875,0.3125,1.0,2.1357734203338623,0.7772657871246338
227,120,gaussian,5,43,0.15625,0.28125,0.3125,1.0,0.34909647703170776,0.11932548880577087
228,120,gaussian,5,43,0.140625,0.125,0.28125,1.0,0.5504118204116821,0.1543194204568863
229,120,gaussian,5,43,0.171875,0.28125,0.34375,1.0,2.072188138961792,0.6937791109085083
230,120,gaussian,5,43,0.3125,0.203125,0.625,1.0,1.8395229578018188,0.6721925139427185
231,120,gaussian,5,43,0.171875,0.1875,0.34375,1.0,18.100706100463867,5.732033729553223
232,120,gaussian,5,43,0.21875,0.234375,0.4375,1.0,0.45950204133987427,0.15941481292247772
233,120,gaussian,5,43,0.140625,0.3125,0.28125,1.0,0.4890393614768982,0.15428361296653748
234,120,gaussian,5,43,0.21875,0.3125,0.4375,1.0,1.9754281044006348,0.638842761516571
235,120,gaussian,5,43,0.140625,0.3125,0.28125,1.0,0.4900607466697693,0.15428361296653748
236,120,gaussian,5,43,0.34375,0.1875,0.6875,1.0,0.6338650584220886,0.18636098504066467
237,120,gaussian,5,43,0.1875,0.25,0.375,1.0,2.7214927673339844,0.8817379474639893
238,120,gaussian,5,43,0.328125,0.140625,0.65625,1.0,1.3691799640655518,0.41799378395080566
239,120,gaussian,5,43,0.171875,0.109375,0.34375,1.0,1.2763667106628418,0.41226834058761597
240,120,gaussian,5,43,0.1875,0.296875,0.375,1.0,1.737726092338562,0.5810627341270447
241,120,gaussian,5,43,0.203125,0.21875,0.40625,1.0,0.6092486381530762,0.19144318997859955
242,120,gaussian,5,43,0.3125,0.328125,0.625,1.0,0.9804052114486694,0.3152647316455841
243,120,gaussian,5,43,0.1875,0.203125,0.375,1.0,2.2782022953033447,0.7392466068267822
244,120,gaussian,5,43,0.21875,0.15625,0.4375,1.0,3.7118611335754395,1.4121181964874268
245,120,gaussian,5,43,0.171875,0.1875,0.34375,1.0,1.7127454280853271,0.5111361145973206
246,120,gaussian,5,43,0.171875,0.3125,0.34375,1.0,3.416515350341797,1.1589614152908325
247,120,gaussian,5,43,0.21875,0.3125,0.4375,1.0,4.930964946746826,1.7041919231414795
248,120,gaussian,5,43,0.171875,0.28125,0.34375,1.0,0.6904191970825195,0.23125913739204407
249,120,gaussian,5,43,0.171875,0.1875,0.34375,1.0,0.6995968818664551,0.2673601806163788
250,120,gaussian,5,43,0.359375,0.140625,0.71875,1.0,0.6388322114944458,0.18618731200695038
251,120,gaussian,5,43,0.140625,0.28125,0.28125,1.0,2.1513872146606445,0.7254230380058289
252,120,gaussian,5,43,0.140625,0.296875,0.28125,1.0,1.508811354637146,0.5037436485290527
253,120,gaussian,5,43,0.234375,0.296875,0.46875,1.0,1.2534986734390259,0.4010014235973358
254,120,gaussian,5,43,0.296875,0.21875,0.59375,1.0,1.913542628288269,0.5904129147529602
255,120,gaussian,5,43,0.203125,0.3125,0.40625,1.0,0.8679999113082886,0.27119728922843933
256,120,gaussian,5,43,0.171875,0.28125,0.34375,1.0,1.389328956604004,0.46512648463249207
257,120,gaussian,5,43,0.171875,0.265625,0.34375,1.0,1.2655344009399414,0.4183330833911896
258,120,gaussian,5,43,0.328125,0.3125,0.65625,1.0,1.2624162435531616,0.3951030671596527
259,120,gaussian,5,43,0.140625,0.296875,0.28125,1.0,2.618238687515259,0.8528203368186951
260,120,gaussian,5,43,0.328125,0.328125,0.65625,1.0,4.87894344329834,1.610319972038269
261,120,gaussian,5,43,0.140625,0.3125,0.28125,1.0,1.1300791501998901,0.358008474111557
262,120,gaussian,5,43,0.15625,0.21875,0.3125,1.0,1.5512175559997559,0.49477845430374146
263,120,gaussian,5,43,0.140625,0.296875,0.28125,1.0,0.9861077070236206,0.32971447706222534
264,120,gaussian,5,43,0.125,0.28125,0.25,1.0,0.92205810546875,0.27358102798461914
265,120,gaussian,5,43,0.140625,0.140625,0.28125,1.0,1.2173197269439697,0.3493463695049286
266,120,gaussian,5,43,0.15625,0.3125,0.3125,1.0,1.8713527917861938,0.6303302645683289
267,120,gaussian,5,43,0.171875,0.3125,0.34375,1.0,1.6214020252227783,0.5840129256248474
268,120,gaussian,5,43,0.15625,0.234375,0.3125,1.0,4.384299278259277,1.3936231136322021
269,120,gaussian,5,43,0.140625,0.296875,0.28125,1.0,0.31978076696395874,0.1126881018280983
270,120,gaussian,5,43,0.21875,0.3125,0.4375,1.0,0.3369974195957184,0.10914325714111328
271,120,gaussian,5,43,0.125,0.28125,0.25,1.0,2.0214719772338867,0.6606104969978333
272,120,gaussian,5,43,0.15625,0.140625,0.3125,1.0,3.2852559089660645,1.0900342464447021
273,120,gaussian,5,43,0.140625,0.296875,0.28125,1.0,1.8587138652801514,0.5649250745773315
274,120,gaussian,5,43,0.15625,0.265625,0.3125,1.0,1.0592612028121948,0.3573152720928192
275,120,gaussian,5,43,0.171875,0.28125,0.34375,1.0,9.139766693115234,2.9700984954833984
276,120,gaussian,5,43,0.140625,0.28125,0.28125,1.0,2.6214284896850586,0.8528203368186951
277,120,gaussian,5,43,0.359375,0.109375,0.71875,1.0,4.668591499328613,1.4298757314682007
278,120,gaussian,5,43,0.1875,0.28125,0.375,1.0,1.318247675895691,0.43236595392227173
279,120,gaussian,5,43,0.359375,0.28125,0.71875,1.0,8.191585540771484,2.9398112297058105
280,120,gaussian,5,43,0.140625,0.3125,0.28125,1.0,1.04179048538208,0.30658525228500366
281,120,gaussian,5,43,0.15625,0.234375,0.3125,1.0,4.386203765869141,1.3936229944229126
282,120,gaussian,5,43,0.171875,0.28125,0.34375,1.0,2.0692787170410156,0.6937790513038635
283,120,gaussian,5,43,0.328125,0.328125,0.65625,1.0,4.594249248504639,1.401373267173767
284,120,gaussian,5,43,0.125,0.296875,0.25,1.0,1.1315308809280396,0.358008474111557
285,120,gaussian,5,43,0.21875,0.21875,0.4375,1.0,1.1400408744812012,0.3927125036716461
286,120,gaussian,5,43,0.296875,0.125,0.59375,1.0,1.4954564571380615,0.47256070375442505
287,120,gaussian,5,43,0.203125,0.265625,0.40625,1.0,4.192671298980713,1.3782602548599243
288,120,gaussian,5,43,0.25,0.1875,0.5,1.0,3.8603739738464355,1.3442085981369019
289,120,gaussian,5,43,0.296875,0.1875,0.59375,1.0,1.1598212718963623,0.38440462946891785
290,120,gaussian,5,43,0.234375,0.203125,0.46875,1.0,2.609713077545166,0.9846194982528687
291,120,gaussian,5,43,0.234375,0.265625,0.46875,1.0,0.7811431288719177,0.2587800621986389
292,120,gaussian,5,43,0.15625,0.171875,0.3125,1.0,1.160226821899414,0.36076223850250244
293,120,gaussian,5,43,0.21875,0.296875,0.4375,1.0,0.5388537049293518,0.1779031902551651
294,120,gaussian,5,43,0.203125,0.265625,0.40625,1.0,2.8507142066955566,0.9800424575805664
295,120,gaussian,5,43,0.140625,0.296875,0.28125,1.0,1.7629157304763794,0.5820947289466858
296,120,gaussian,5,43,0.15625,0.296875,0.3125,1.0,2.7870616912841797,0.9792250394821167
297,120,gaussian,5,43,0.296875,0.328125,0.59375,1.0,1.8945300579071045,0.6349779963493347
298,120,gaussian,5,43,0.140625,0.21875,0.28125,1.0,1.548181176185608,0.49477845430374146
299,120,gaussian,5,43,0.25,0.265625,0.5,1.0,1.268140435218811,0.4607316851615906
300,120,gaussian,5,43,0.203125,0.28125,0.40625,1.0,4.429136276245117,1.5930087566375732
301,120,gaussian,5,43,0.265625,0.296875,0.53125,1.0,1.507431983947754,0.537145733833313
302,120,gaussian,5,43,0.3125,0.203125,0.625,1.0,1.8389761447906494,0.6721925139427185
303,120,gaussian,5,43,0.296875,0.28125,0.59375,1.0,0.7146940231323242,0.25497907400131226
304,120,gaussian,5,43,0.1875,0.21875,0.375,1.0,2.467156410217285,0.812324047088623
305,120,gaussian,5,43,0.328125,0.171875,0.65625,1.0,1.6939654350280762,0.5214399099349976
306,120,gaussian,5,43,0.234375,0.296875,0.46875,1.0,1.255887508392334,0.4010013937950134
307,120,gaussian,5,43,0.34375,0.328125,0.6875,1.0,4.187190055847168,1.3317501544952393
308,120,gaussian,5,43,0.296875,0.234375,0.59375,1.0,5.919132232666016,2.011370897293091
309,120,gaussian,5,43,0.28125,0.28125,0.5625,1.0,1.218191146850586,0.3914422392845154
310,120,gaussian,5,43,0.203125,0.265625,0.40625,1.0,6.622181415557861,2.2622108459472656
311,120,gaussian,5,43,0.1875,0.328125,0.375,1.0,0.8587785959243774,0.2979808449745178
312,120,gaussian,5,43,0.15625,0.21875,0.3125,1.0,1.557802677154541,0.49477842450141907
313,120,gaussian,5,43,0.140625,0.3125,0.28125,1.0,1.130026936531067,0.358008474111557
314,120,gaussian,5,43,0.203125,0.234375,0.40625,1.0,2.4707460403442383,0.8123241066932678
315,120,gaussian,5,43,0.140625,0.265625,0.28125,1.0,1.8460967540740967,0.5390484929084778
316,120,gaussian,5,43,0.203125,0.265625,0.40625,1.0,2.2005999088287354,0.7357970476150513
317,120,gaussian,5,43,0.296875,0.3125,0.59375,1.0,4.067689895629883,1.2874592542648315
318,120,gaussian,5,43,0.359375,0.125,0.71875,1.0,0.792401909828186,0.24362997710704803
319,120,gaussian,5,43,0.15625,0.328125,0.3125,1.0,1.5325981378555298,0.4476616382598877
320,120,gaussian,5,43,0.25,0.25,0.5,1.0,0.7697141170501709,0.27215346693992615
321,120,gaussian,5,43,0.21875,0.21875,0.4375,1.0,0.9417569637298584,0.32915061712265015
322,120,gaussian,5,43,0.296875,0.265625,0.59375,1.0,0.9305448532104492,0.32325679063796997
323,120,gaussian,5,43,0.171875,0.296875,0.34375,1.0,0.5187216997146606,0.17389798164367676
324,120,gaussian,5,43,0.15625,0.15625,0.3125,1.0,3.575134754180908,1.029188632965088
325,120,gaussian,5,43,0.21875,0.21875,0.4375,1.0,0.9680619239807129,0.32193639874458313
326,120,gaussian,5,43,0.296875,0.078125,0.59375,1.0,0.6475942134857178,0.2038687914609909
327,120,gaussian,5,43,0.140625,0.265625,0.28125,1.0,1.6757888793945312,0.5729416608810425
328,120,gaussian,5,43,0.171875,0.265625,0.34375,1.0,3.266392230987549,1.1779439449310303
329,120,gaussian,5,43,0.15625,0.265625,0.3125,1.0,0.9583200216293335,0.30012837052345276
330,120,gaussian,5,43,0.234375,0.203125,0.46875,1.0,2.9173669815063477,1.0062049627304077
331,120,gaussian,5,43,0.171875,0.28125,0.34375,1.0,1.5206058025360107,0.5278983116149902
332,120,gaussian,5,43,0.34375,0.046875,0.6875,1.0,0.8694612979888916,0.27920207381248474
333,120,gaussian,5,43,0.203125,0.1875,0.40625,1.0,0.6683510541915894,0.21555976569652557
334,120,gaussian,5,43,0.15625,0.3125,0.3125,1.0,2.7203617095947266,0.9170017242431641
335,120,gaussian,5,43,0.1875,0.34375,0.375,1.0,0.8165615797042847,0.25271689891815186
336,120,gaussian,5,43,0.296875,0.15625,0.59375,1.0,0.5612757205963135,0.1650417000055313
337,120,gaussian,5,43,0.21875,0.296875,0.4375,1.0,3.3826210498809814,1.0912504196166992
338,120,gaussian,5,43,0.171875,0.28125,0.34375,1.0,0.6882740259170532,0.23125915229320526
339,120,gaussian,5,43,0.21875,0.15625,0.4375,1.0,3.7153918743133545,1.4121181964874268
340,120,gaussian,5,43,0.234375,0.296875,0.46875,1.0,5.106301784515381,1.8481210470199585
341,120,gaussian,5,43,0.15625,0.3125,0.3125,1.0,2.7236177921295166,0.9170017242431641
342,120,gaussian,5,43,0.34375,0.15625,0.6875,1.0,1.6384496688842773,0.4736481010913849
343,120,gaussian,5,43,0.34375,0.234375,0.6875,1.0,1.806288242340088,0.6179637908935547
344,120,gaussian,5,43,0.3125,0.3125,0.625,1.0,0.9784364700317383,0.3152647614479065
345,120,gaussian,5,43,0.1875,0.28125,0.375,1.0,1.8458287715911865,0.6049382090568542
346,120,gaussian,5,43,0.140625,0.171875,0.28125,1.0,3.575430154800415,1.029188632965088
347,120,gaussian,5,43,0.3125,0.1875,0.625,1.0,3.4254684448242188,1.082504153251648
348,120,gaussian,5,43,0.375,0.296875,0.75,1.0,3.1163244247436523,1.1079213619232178
349,120,gaussian,5,43,0.203125,0.296875,0.40625,1.0,0.9379453659057617,0.3386525511741638
350,120,gaussian,5,43,0.15625,0.3125,0.3125,1.0,1.939049482345581,0.6657390594482422
351,120,gaussian,5,43,0.234375,0.28125,0.46875,1.0,4.653450012207031,1.6756350994110107
352,120,gaussian,5,43,0.359375,0.125,0.71875,1.0,2.3388121128082275,0.6499215364456177
353,120,gaussian,5,43,0.1875,0.296875,0.375,1.0,2.121753215789795,0.7728293538093567
354,120,gaussian,5,43,0.3125,0.3125,0.625,1.0,3.3788347244262695,1.1943804025650024
355,120,gaussian,5,43,0.1875,0.265625,0.375,1.0,6.632036209106445,2.2622108459472656
356,120,gaussian,5,43,0.3125,0.1875,0.625,1.0,5.953989028930664,1.9229283332824707
357,120,gaussian,5,43,0.15625,0.28125,0.3125,1.0,1.8623638153076172,0.5649250745773315
358,120,gaussian,5,43,0.25,0.203125,0.5,1.0,0.7786032557487488,0.31086546182632446
359,120,gaussian,5,43,0.15625,0.3125,0.3125,1.0,2.7239432334899902,0.9170017242431641
360,120,gaussian,5,43,0.25,0.296875,0.5,1.0,1.6486375331878662,0.56160569190979
361,120,gaussian,5,43,0.234375,0.171875,0.46875,1.0,3.230820655822754,1.1040769815444946
362,120,gaussian,5,43,0.171875,0.265625,0.34375,1.0,1.5066643953323364,0.5027443766593933
363,120,gaussian,5,43,0.15625,0.328125,0.3125,1.0,1.537266492843628,0.4476616382598877
364,120,gaussian,5,43,0.140625,0.3125,0.28125,1.0,0.45304203033447266,0.1494034379720688
365,120,gaussian,5,43,0.15625,0.34375,0.3125,1.0,1.289660930633545,0.40593221783638
366,120,gaussian,5,43,0.140625,0.15625,0.28125,1.0,3.579714775085449,1.029188632965088
367,120,gaussian,5,43,0.296875,0.1875,0.59375,1.0,1.1544787883758545,0.38440462946891785
368,120,gaussian,5,43,0.21875,0.140625,0.4375,1.0,2.3520469665527344,0.777108907699585
369,120,gaussian,5,43,0.28125,0.296875,0.5625,1.0,2.5898969173431396,0.8491767644882202
370,120,gaussian,5,43,0.296875,0.328125,0.59375,1.0,1.4659897089004517,0.48859870433807373
371,120,gaussian,5,43,0.171875,0.328125,0.34375,1.0,0.9513722658157349,0.2867252230644226
372,120,gaussian,5,43,0.328125,0.328125,0.65625,1.0,1.2185654640197754,0.374406635761261
373,120,gaussian,5,43,0.203125,0.328125,0.40625,1.0,7.634469032287598,2.4695005416870117
374,120,gaussian,5,43,0.296875,0.234375,0.59375,1.0,3.812614917755127,1.3720557689666748
375,120,gaussian,5,43,0.125,0.296875,0.25,1.0,2.170083999633789,0.7184174656867981
376,120,gaussian,5,43,0.359375,0.3125,0.71875,1.0,2.0949246883392334,0.699913501739502
377,120,gaussian,5,43,0.203125,0.171875,0.40625,1.0,2.7931017875671387,0.9396771192550659
378,120,gaussian,5,43,0.265625,0.203125,0.53125,1.0,1.1460375785827637,0.39838558435440063
379,120,gaussian,5,43,0.359375,0.125,0.71875,1.0,1.031821370124817,0.3048269748687744
380,120,gaussian,5,43,0.234375,0.25,0.46875,1.0,0.7273826599121094,0.2500039339065552
381,120,gaussian,5,43,0.234375,0.21875,0.46875,1.0,0.7745765447616577,0.26682013273239136
382,120,gaussian,5,43,0.25,0.203125,0.5,1.0,2.1622202396392822,0.8555253744125366
383,120,gaussian,5,43,0.296875,0.3125,0.59375,1.0,0.976155161857605,0.3152647614479065
384,120,gaussian,5,43,0.171875,0.1875,0.34375,1.0,1.7194491624832153,0.5111361145973206
385,120,gaussian,5,43,0.375,0.25,0.75,1.0,4.716203212738037,1.3733031749725342
386,120,gaussian,5,43,0.265625,0.265625,0.53125,1.0,7.22381591796875,2.6197056770324707
387,120,gaussian,5,43,0.21875,0.234375,0.4375,1.0,0.4595640301704407,0.15941482782363892
388,120,gaussian,5,43,0.140625,0.296875,0.28125,1.0,2.158278465270996,0.7254230380058289
389,120,gaussian,5,43,0.140625,0.140625,0.28125,1.0,0.37708359956741333,0.10852812975645065
390,120,gaussian,5,43,0.1875,0.09375,0.375,1.0,1.985780119895935,0.7088102698326111
391,120,gaussian,5,43,0.140625,0.3125,0.28125,1.0,0.4915180504322052,0.15428361296653748
392,120,gaussian,5,43,0.328125,0.328125,0.65625,1.0,4.592339038848877,1.401373267173767
393,120,gaussian,5,43,0.40625,0.328125,0.8125,1.0,2.7028307914733887,0.8456495404243469
394,120,gaussian,5,43,0.171875,0.171875,0.34375,1.0,1.1568857431411743,0.34946537017822266
395,120,gaussian,5,43,0.140625,0.3125,0.28125,1.0,0.4375445246696472,0.1515556275844574
396,120,gaussian,5,43,0.3125,0.34375,0.625,1.0,0.6136645078659058,0.1974010020494461
397,120,gaussian,5,43,0.21875,0.3125,0.4375,1.0,7.6097259521484375,2.4695005416870117
398,120,gaussian,5,43,0.125,0.25,0.25,1.0,0.8320046067237854,0.24808061122894287
399,120,gaussian,5,43,0.125,0.140625,0.25,1.0,1.2115652561187744,0.3493463695049286
400,120,gaussian,5,43,0.390625,0.328125,0.78125,1.0,1.6059411764144897,0.5117970705032349
401,120,gaussian,5,43,0.3125,0.234375,0.625,1.0,1.279053807258606,0.4528442323207855
402,120,gaussian,5,43,0.171875,0.171875,0.34375,1.0,1.2568397521972656,0.4274633526802063
403,120,gaussian,5,43,0.171875,0.25,0.34375,1.0,1.5489617586135864,0.4722707271575928
404,120,gaussian,5,43,0.234375,0.203125,0.46875,1.0,0.7973632216453552,0.27267569303512573
405,120,gaussian,5,43,0.328125,0.3125,0.65625,1.0,2.570161819458008,0.8824953436851501
406,120,gaussian,5,43,0.1875,0.265625,0.375,1.0,2.2109947204589844,0.7357970476150513
407,120,gaussian,5,43,0.296875,0.1875,0.59375,1.0,3.4185585975646973,1.082504153251648
408,120,gaussian,5,43,0.28125,0.3125,0.5625,1.0,2.201732635498047,0.6933601498603821
409,120,gaussian,5,43,0.15625,0.28125,0.3125,1.0,0.6662864685058594,0.23132432997226715
410,120,gaussian,5,43,0.203125,0.203125,0.40625,1.0,0.8032032251358032,0.26750239729881287
411,120,gaussian,5,43,0.15625,0.1875,0.3125,1.0,2.164494037628174,0.6771894693374634
412,120,gaussian,5,43,0.21875,0.125,0.4375,1.0,0.7087351083755493,0.23675496876239777
413,120,gaussian,5,43,0.34375,0.125,0.6875,1.0,0.7923258543014526,0.24362999200820923
414,120,gaussian,5,43,0.15625,0.28125,0.3125,1.0,9.188796997070312,2.9700984954833984
415,120,gaussian,5,43,0.15625,0.3125,0.3125,1.0,1.008593201637268,0.297924280166626
416,120,gaussian,5,43,0.15625,0.34375,0.3125,1.0,1.2897734642028809,0.40593221783638
417,120,gaussian,5,43,0.375,0.109375,0.75,1.0,2.344755172729492,0.6499215960502625
418,120,gaussian,5,43,0.265625,0.25,0.53125,1.0,10.852802276611328,3.6975231170654297
419,120,gaussian,5,43,0.3125,0.234375,0.625,1.0,5.927989482879639,2.011370897293091
420,120,gaussian,5,43,0.15625,0.28125,0.3125,1.0,0.6531187891960144,0.20052887499332428
421,120,gaussian,5,43,0.390625,0.328125,0.78125,1.0,2.672715663909912,0.8456495404243469
422,120,gaussian,5,43,0.140625,0.28125,0.28125,1.0,2.7395260334014893,0.8646398186683655
423,120,gaussian,5,43,0.203125,0.21875,0.40625,1.0,0.8084322214126587,0.26750239729881287
424,120,gaussian,5,43,0.296875,0.34375,0.59375,1.0,1.907576560974121,0.6349779963493347
425,120,gaussian,5,43,0.203125,0.1875,0.40625,1.0,0.6669625043869019,0.21555976569652557
426,120,gaussian,5,43,0.1875,0.15625,0.375,1.0,1.5079352855682373,0.5055071115493774
427,120,gaussian,5,43,,,,0.0,0.24525682628154755,0.07212748378515244
428,120,gaussian,5,43,0.328125,0.234375,0.65625,1.0,1.2785735130310059,0.4528442323207855
429,120,gaussian,5,43,0.125,0.296875,0.25,1.0,2.288313865661621,0.7713654041290283
430,120,gaussian,5,43,0.15625,0.28125,0.3125,1.0,2.0634446144104004,0.6937791109085083
431,120,gaussian,5,43,0.34375,0.25,0.6875,1.0,2.63629412651062,0.8778858184814453
432,120,gaussian,5,43,0.1875,0.3125,0.375,1.0,0.9089142084121704,0.286105215549469
433,120,gaussian,5,43,0.25,0.28125,0.5,1.0,3.0960440635681152,1.0787469148635864
434,120,gaussian,5,43,0.171875,0.28125,0.34375,1.0,1.3874255418777466,0.46512648463249207
435,120,gaussian,5,43,0.3125,0.203125,0.625,1.0,6.08012580871582,1.900815725326538
436,120,gaussian,5,43,0.171875,0.28125,0.34375,1.0,0.6046127676963806,0.20221495628356934
437,120,gaussian,5,43,0.1875,0.296875,0.375,1.0,2.6959996223449707,0.8450959324836731
438,120,gaussian,5,43,0.34375,0.1875,0.6875,1.0,0.6350228190422058,0.18636098504066467
439,120,gaussian,5,43,0.15625,0.25,0.3125,1.0,2.7398977279663086,0.8463281989097595
440,120,gaussian,5,43,0.171875,0.25,0.34375,1.0,1.0778696537017822,0.34633752703666687
441,120,gaussian,5,43,0.25,0.265625,0.5,1.0,1.7980446815490723,0.6399551033973694
442,120,gaussian,5,43,0.21875,0.203125,0.4375,1.0,1.402907371520996,0.4614464342594147
443,120,gaussian,5,43,0.28125,0.21875,0.5625,1.0,0.3787742257118225,0.1485593169927597
444,120,gaussian,5,43,0.1875,0.296875,0.375,1.0,1.3227589130401611,0.43236592411994934
445,120,gaussian,5,43,0.125,0.296875,0.25,1.0,2.170356273651123,0.7184175252914429
446,120,gaussian,5,43,0.21875,0.296875,0.4375,1.0,2.8130812644958496,0.9340140223503113
447,120,gaussian,5,43,0.125,0.296875,0.25,1.0,2.287220001220703,0.7713653445243835
448,120,gaussian,5,43,0.25,0.296875,0.5,1.0,0.40133970975875854,0.1376381367444992
449,120,gaussian,5,43,0.140625,0.296875,0.28125,1.0,1.1293625831604004,0.358008474111557
450,120,gaussian,5,43,0.28125,0.296875,0.5625,1.0,10.292058944702148,3.5638577938079834
451,120,gaussian,5,43,0.1875,0.3125,0.375,1.0,1.0567365884780884,0.3326621949672699
452,120,gaussian,5,43,,,,0.0,0.2331836223602295,0.07765506207942963
453,120,gaussian,5,43,0.171875,0.28125,0.34375,1.0,1.5194880962371826,0.5278983116149902
454,120,gaussian,5,43,0.140625,0.140625,0.28125,1.0,1.2142291069030762,0.349346399307251
455,120,gaussian,5,43,0.171875,0.28125,0.34375,1.0,2.5430312156677246,0.8390257358551025
456,120,gaussian,5,43,0.234375,0.203125,0.46875,1.0,2.914794445037842,1.0062049627304077
457,120,gaussian,5,43,0.15625,0.15625,0.3125,1.0,1.0401281118392944,0.31257060170173645
458,120,gaussian,5,43,0.140625,0.28125,0.28125,1.0,2.148432970046997,0.6823872327804565
459,120,gaussian,5,43,0.140625,0.28125,0.28125,1.0,2.04473876953125,0.7306289076805115
460,120,gaussian,5,43,0.140625,0.15625,0.28125,1.0,1.886880874633789,0.5380703210830688
461,120,gaussian,5,43,0.25,0.296875,0.5,1.0,0.9714739918708801,0.3472624719142914
462,120,gaussian,5,43,0.140625,0.3125,0.28125,1.0,0.7303802371025085,0.23119646310806274
463,120,gaussian,5,43,0.1875,0.296875,0.375,1.0,0.6848105192184448,0.21679779887199402
464,120,gaussian,5,43,0.1875,0.3125,0.375,1.0,1.055529236793518,0.3326621651649475
465,120,gaussian,5,43,0.171875,0.1875,0.34375,1.0,1.718518853187561,0.5111361145973206
466,120,gaussian,5,43,0.109375,0.28125,0.21875,1.0,1.3978726863861084,0.4464188814163208
467,120,gaussian,5,43,0.171875,0.28125,0.34375,1.0,2.069113254547119,0.6937791109085083
468,120,gaussian,5,43,0.140625,0.21875,0.28125,1.0,2.998183488845825,1.041199803352356
469,120,gaussian,5,43,0.359375,0.234375,0.71875,1.0,1.8093609809875488,0.6179637312889099
470,120,gaussian,5,43,0.171875,0.328125,0.34375,1.0,0.9533289670944214,0.2867252230644226
471,120,gaussian,5,43,0.296875,0.203125,0.59375,1.0,0.5515481233596802,0.17363277077674866
472,120,gaussian,5,43,0.25,0.296875,0.5,1.0,3.0861451625823975,1.0787469148635864
473,120,gaussian,5,43,0.390625,0.28125,0.78125,1.0,0.7723509669303894,0.221279114484787
474,120,gaussian,5,43,0.171875,0.25,0.34375,1.0,2.2052230834960938,0.7211422920227051
475,120,gaussian,5,43,0.171875,0.25,0.34375,1.0,1.0849549770355225,0.3463374972343445
476,120,gaussian,5,43,0.234375,0.296875,0.46875,1.0,2.8110592365264893,0.9340140223503113
477,120,gaussian,5,43,0.171875,0.28125,0.34375,1.0,1.7375025749206543,0.557138204574585
478,120,gaussian,5,43,0.171875,0.296875,0.34375,1.0,0.6040783524513245,0.20221494138240814
479,120,gaussian,5,43,0.3125,0.328125,0.625,1.0,4.850121021270752,1.576934814453125
480,120,gaussian,5,43,0.375,0.125,0.75,1.0,2.3797481060028076,0.6574363112449646
481,120,gaussian,5,43,0.25,0.28125,0.5,1.0,1.196664571762085,0.4006062150001526
482,120,gaussian,5,43,0.34375,0.125,0.6875,1.0,0.792167603969574,0.24362999200820923
483,120,gaussian,5,43,0.171875,0.15625,0.34375,1.0,0.8347437977790833,0.26951274275779724
484,120,gaussian,5,43,0.328125,0.234375,0.65625,1.0,1.8449841737747192,0.5800797343254089
485,120,gaussian,5,43,0.265625,0.28125,0.53125,1.0,4.826631546020508,1.6422935724258423
486,120,gaussian,5,43,0.21875,0.296875,0.4375,1.0,4.432632923126221,1.5930087566375732
487,120,gaussian,5,43,0.328125,0.34375,0.65625,1.0,1.2172577381134033,0.374406635761261
488,120,gaussian,5,43,0.359375,0.125,0.71875,1.0,1.0260474681854248,0.3048269748687744
489,120,gaussian,5,43,0.171875,0.28125,0.34375,1.0,2.5452699661254883,0.8390257358551025
490,120,gaussian,5,43,0.203125,0.21875,0.40625,1.0,1.266180157661438,0.3986199200153351
491,120,gaussian,5,43,0.140625,0.265625,0.28125,1.0,2.0536813735961914,0.7306289076805115
492,120,gaussian,5,43,0.15625,0.28125,0.3125,1.0,1.6448144912719727,0.5415304899215698
493,120,gaussian,5,43,0.234375,0.28125,0.46875,1.0,1.7942553758621216,0.6399551033973694
494,120,gaussian,5,43,0.296875,0.125,0.59375,1.0,1.4984850883483887,0.47256070375442505
495,120,gaussian,5,43,0.15625,0.171875,0.3125,1.0,0.8299496173858643,0.26951274275779724
496,120,gaussian,5,43,0.125,0.296875,0.25,1.0,2.0260424613952637,0.6606104969978333
497,120,gaussian,5,43,0.25,0.203125,0.5,1.0,1.3377779722213745,0.4411606192588806
498,120,gaussian,5,43,0.21875,0.125,0.4375,1.0,2.358194351196289,0.777108907699585
499,120,gaussian,5,43,0.140625,0.28125,0.28125,1.0,2.1384105682373047,0.7312065958976746
500,120,gaussian,5,43,0.125,0.296875,0.25,1.0,2.1746835708618164,0.7184174656867981
501,120,gaussian,5,43,0.15625,0.171875,0.3125,1.0,2.3133111000061035,0.7087973952293396
502,120,gaussian,5,43,0.234375,0.234375,0.46875,1.0,0.35973984003067017,0.11691775918006897
503,120,gaussian,5,43,0.21875,0.1875,0.4375,1.0,2.462855339050293,0.8806358575820923
504,120,gaussian,5,43,0.140625,0.296875,0.28125,1.0,0.9589343667030334,0.3154926002025604
505,120,gaussian,5,43,0.203125,0.28125,0.40625,1.0,2.122492790222168,0.7450371384620667
506,120,gaussian,5,43,0.296875,0.328125,0.59375,1.0,0.7154574394226074,0.22255535423755646
507,120,gaussian,5,43,0.140625,0.3125,0.28125,1.0,1.7596244812011719,0.5820947289466858
508,120,gaussian,5,43,0.390625,0.328125,0.78125,1.0,2.691383123397827,0.8456494808197021
509,120,gaussian,5,43,0.125,0.296875,0.25,1.0,0.7967208623886108,0.2548014223575592
510,120,gaussian,5,43,0.328125,0.28125,0.65625,1.0,0.43499699234962463,0.15301533043384552
511,120,gaussian,5,43,0.234375,0.25,0.46875,1.0,0.8160305023193359,0.28384941816329956
512,120,gaussian,5,43,0.3125,0.328125,0.625,1.0,4.901269912719727,1.610319972038269
513,120,gaussian,5,43,0.3125,0.203125,0.625,1.0,6.085740089416504,1.900815725326538
514,120,gaussian,5,43,0.25,0.21875,0.5,1.0,1.6895695924758911,0.5809629559516907
515,120,gaussian,5,43,0.21875,0.328125,0.4375,1.0,3.8292365074157715,1.2128548622131348
516,120,gaussian,5,43,0.203125,0.234375,0.40625,1.0,0.45880788564682007,0.15941481292247772
517,120,gaussian,5,43,0.15625,0.234375,0.3125,1.0,2.0211355686187744,0.6356099247932434
518,120,gaussian,5,43,0.296875,0.03125,0.59375,1.0,0.600623607635498,0.15151269733905792
519,120,gaussian,5,43,0.15625,0.28125,0.3125,1.0,2.790027141571045,0.9792250394821167
520,120,gaussian,5,43,0.265625,0.28125,0.53125,1.0,1.1118366718292236,0.3967968821525574
521,120,gaussian,5,43,0.171875,0.15625,0.34375,1.0,6.868819236755371,2.0515480041503906
522,120,gaussian,5,43,0.125,0.328125,0.25,1.0,1.0219762325286865,0.34922105073928833
523,120,gaussian,5,43,0.21875,0.296875,0.4375,1.0,2.236618995666504,0.7214365601539612
524,120,gaussian,5,43,0.21875,0.3125,0.4375,1.0,5.988472938537598,2.0436198711395264
525,120,gaussian,5,43,0.21875,0.234375,0.4375,1.0,0.7227057218551636,0.24433393776416779
526,120,gaussian,5,43,0.171875,0.15625,0.34375,1.0,0.35746487975120544,0.1096101701259613
527,120,gaussian,5,43,0.25,0.234375,0.5,1.0,4.294521331787109,1.4891234636306763
528,120,gaussian,5,43,0.34375,0.25,0.6875,1.0,2.6387524604797363,0.8778858184814453
529,120,gaussian,5,43,0.140625,0.3125,0.28125,1.0,0.9134632349014282,0.31147491931915283
530,120,gaussian,5,43,0.25,0.296875,0.5,1.0,0.5481652021408081,0.19627109169960022
531,120,gaussian,5,43,0.40625,0.328125,0.8125,1.0,2.7022337913513184,0.8456494808197021
532,120,gaussian,5,43,0.1875,0.296875,0.375,1.0,2.696305990219116,0.8450959324836731
533,120,gaussian,5,43,0.1875,0.28125,0.375,1.0,2.5122146606445312,0.8348037600517273
534,120,gaussian,5,43,0.375,0.109375,0.75,1.0,2.0389294624328613,0.5552575588226318
535,120,gaussian,5,43,0.328125,0.203125,0.65625,1.0,1.9554466009140015,0.6525838375091553
536,120,gaussian,5,43,0.28125,0.28125,0.5625,1.0,0.5175832509994507,0.1791718602180481
537,120,gaussian,5,43,0.15625,0.125,0.3125,1.0,2.298832654953003,0.6973774433135986
538,120,gaussian,5,43,0.34375,0.328125,0.6875,1.0,1.0872303247451782,0.36782950162887573
539,120,gaussian,5,43,0.21875,0.265625,0.4375,1.0,2.846212863922119,0.9800424575805664
540,120,gaussian,5,43,0.15625,0.234375,0.3125,1.0,4.386285781860352,1.3936229944229126
541,120,gaussian,5,43,0.109375,0.296875,0.21875,1.0,0.5077747106552124,0.1550697386264801
542,120,gaussian,5,43,0.234375,0.203125,0.46875,1.0,2.8057756423950195,0.9852439761161804
543,120,gaussian,5,43,0.1875,0.078125,0.375,1.0,0.5710311532020569,0.1920149177312851
544,120,gaussian,5,43,0.234375,0.203125,0.46875,1.0,1.3911997079849243,0.49670296907424927
545,120,gaussian,5,43,0.15625,0.25,0.3125,1.0,1.5552175045013428,0.4722707271575928
546,120,gaussian,5,43,0.125,0.296875,0.25,1.0,0.7968602180480957,0.2548014223575592
547,120,gaussian,5,43,0.171875,0.1875,0.34375,1.0,2.1759934425354004,0.6771894693374634
548,120,gaussian,5,43,0.140625,0.140625,0.28125,1.0,1.2185688018798828,0.3493463695049286
549,120,gaussian,5,43,0.21875,0.1875,0.4375,1.0,1.6067122220993042,0.5790060758590698
550,120,gaussian,5,43,0.140625,0.296875,0.28125,1.0,0.9592926502227783,0.31549257040023804
551,120,gaussian,5,43,0.15625,0.28125,0.3125,1.0,1.2695298194885254,0.4197436273097992
552,120,gaussian,5,43,0.234375,0.265625,0.46875,1.0,1.2531647682189941,0.41446396708488464
553,120,gaussian,5,43,0.171875,0.265625,0.34375,1.0,3.0824103355407715,0.9952517151832581
554,120,gaussian,5,43,0.1875,0.28125,0.375,1.0,1.43570876121521,0.47851839661598206
555,120,gaussian,5,43,0.21875,0.203125,0.4375,1.0,2.8034353256225586,0.9852440357208252
556,120,gaussian,5,43,0.125,0.28125,0.25,1.0,1.8045005798339844,0.5807965397834778
557,120,gaussian,5,43,0.140625,0.28125,0.28125,1.0,2.140493869781494,0.7312065958976746
558,120,gaussian,5,43,0.3125,0.0625,0.625,1.0,0.6593499779701233,0.19888067245483398
559,120,gaussian,5,43,0.25,0.234375,0.5,1.0,2.3129544258117676,0.8689207434654236
560,120,gaussian,5,43,0.359375,0.109375,0.71875,1.0,4.664270877838135,1.4298757314682007
561,120,gaussian,5,43,0.140625,0.296875,0.28125,1.0,0.31900539994239807,0.1126881092786789
562,120,gaussian,5,43,0.203125,0.15625,0.40625,1.0,3.8797788619995117,1.4009912014007568
563,120,gaussian,5,43,0.1875,0.296875,0.375,1.0,2.6963067054748535,0.8450959324836731
564,120,gaussian,5,43,0.125,0.265625,0.25,1.0,1.1808810234069824,0.3589240312576294
565,120,gaussian,5,43,0.265625,0.203125,0.53125,1.0,1.4457182884216309,0.5004756450653076
566,120,gaussian,5,43,0.140625,0.234375,0.28125,1.0,0.5581679344177246,0.1790534406900406
567,120,gaussian,5,43,0.234375,0.28125,0.46875,1.0,0.5390993356704712,0.1779031902551651
568,120,gaussian,5,43,0.15625,0.296875,0.3125,1.0,0.5184869766235352,0.17389798164367676
569,120,gaussian,5,43,0.359375,0.3125,0.71875,1.0,0.5831112265586853,0.20416706800460815
570,120,gaussian,5,43,0.15625,0.25,0.3125,1.0,1.5571929216384888,0.4722707271575928
571,120,gaussian,5,43,0.125,0.28125,0.25,1.0,2.0098867416381836,0.6606104969978333
572,120,gaussian,5,43,0.28125,0.125,0.5625,1.0,0.8513100147247314,0.3233035206794739
573,120,gaussian,5,43,0.171875,0.1875,0.34375,1.0,0.6992626786231995,0.2673601806163788
574,120,gaussian,5,43,0.203125,0.265625,0.40625,1.0,1.1414073705673218,0.37069812417030334
575,120,gaussian,5,43,0.140625,0.296875,0.28125,1.0,0.2935253083705902,0.09639250487089157
576,120,gaussian,5,43,0.140625,0.296875,0.28125,1.0,0.9572287797927856,0.3154926002025604
577,120,gaussian,5,43,0.265625,0.296875,0.53125,1.0,1.5087358951568604,0.537145733833313
578,120,gaussian,5,43,0.234375,0.234375,0.46875,1.0,0.4241810142993927,0.13950377702713013
579,120,gaussian,5,43,,,,0.0,0.24412328004837036,0.07212748378515244
580,120,gaussian,5,43,0.265625,0.296875,0.53125,1.0,4.9494781494140625,1.58090341091156
581,120,gaussian,5,43,0.15625,0.15625,0.3125,1.0,0.9662575721740723,0.2924444079399109
582,120,gaussian,5,43,0.15625,0.296875,0.3125,1.0,0.9845467805862427,0.32971447706222534
583,120,gaussian,5,43,0.15625,0.09375,0.3125,1.0,1.778533697128296,0.5142516493797302
584,120,gaussian,5,43,0.140625,0.15625,0.28125,1.0,3.575495719909668,1.029188632965088
585,120,gaussian,5,43,0.15625,0.28125,0.3125,1.0,0.6538530588150024,0.20052888989448547
586,120,gaussian,5,43,0.125,0.28125,0.25,1.0,0.9178478717803955,0.27358102798461914
587,120,gaussian,5,43,0.171875,0.265625,0.34375,1.0,4.487212181091309,1.4522353410720825
588,120,gaussian,5,43,0.171875,0.296875,0.34375,1.0,1.3545513153076172,0.44818294048309326
589,120,gaussian,5,43,0.3125,0.328125,0.625,1.0,4.848292350769043,1.576934814453125
590,120,gaussian,5,43,0.15625,0.296875,0.3125,1.0,0.3981211185455322,0.14073674380779266
591,120,gaussian,5,43,0.140625,0.25,0.28125,1.0,1.6778665781021118,0.5729416608810425
592,120,gaussian,5,43,0.234375,0.234375,0.46875,1.0,1.6371245384216309,0.5729756951332092
593,120,gaussian,5,43,0.140625,0.296875,0.28125,1.0,0.7292648553848267,0.23119646310806274
594,120,gaussian,5,43,0.140625,0.296875,0.28125,1.0,0.9464390277862549,0.29896044731140137
595,120,gaussian,5,43,0.15625,0.1875,0.3125,1.0,2.6944875717163086,0.8120822310447693
596,120,gaussian,5,43,0.203125,0.203125,0.40625,1.0,1.6140652894973755,0.5526183247566223
597,120,gaussian,5,43,0.15625,0.296875,0.3125,1.0,0.9857096672058105,0.32251599431037903
598,120,gaussian,5,43,0.140625,0.28125,0.28125,1.0,2.0403451919555664,0.7306289076805115
599,120,gaussian,5,43,0.15625,0.296875,0.3125,1.0,1.758277416229248,0.5827473402023315
600,120,gaussian,5,43,0.21875,0.265625,0.4375,1.0,2.130504608154297,0.7165537476539612
601,120,gaussian,5,43,0.21875,0.3125,0.4375,1.0,4.931490898132324,1.7041919231414795
602,120,gaussian,5,43,0.296875,0.3125,0.59375,1.0,4.066952228546143,1.287459373474121
603,120,gaussian,5,43,0.390625,0.09375,0.78125,1.0,1.2718898057937622,0.37934714555740356
604,120,gaussian,5,43,0.171875,0.203125,0.34375,1.0,18.10370635986328,5.732033729553223
605,120,gaussian,5,43,0.21875,0.28125,0.4375,1.0,3.2258594036102295,1.0907543897628784
606,120,gaussian,5,43,0.3125,0.140625,0.625,1.0,1.4981179237365723,0.47256067395210266
607,120,gaussian,5,43,0.234375,0.28125,0.46875,1.0,0.5392976999282837,0.1779031902551651
608,120,gaussian,5,43,0.140625,0.328125,0.28125,1.0,0.43778929114341736,0.1515556126832962
609,120,gaussian,5,43,0.140625,0.296875,0.28125,1.0,0.9452675580978394,0.29896044731140137
610,120,gaussian,5,43,0.15625,0.25,0.3125,1.0,0.5595499277114868,0.1790534257888794
611,120,gaussian,5,43,0.203125,0.234375,0.40625,1.0,0.8188446760177612,0.26402056217193604
612,120,gaussian,5,43,0.171875,0.1875,0.34375,1.0,1.7234450578689575,0.5111361145973206
613,120,gaussian,5,43,0.15625,0.171875,0.3125,1.0,6.881087303161621,2.0515480041503906
614,120,gaussian,5,43,0.296875,0.296875,0.59375,1.0,0.5162230134010315,0.1791718453168869
615,120,gaussian,5,43,0.1875,0.328125,0.375,1.0,0.9063558578491211,0.286105215549469
616,120,gaussian,5,43,0.125,0.296875,0.25,1.0,1.9545292854309082,0.5610527992248535
617,120,gaussian,5,43,0.15625,0.28125,0.3125,1.0,2.536165237426758,0.8390257358551025
618,120,gaussian,5,43,0.125,0.28125,0.25,1.0,2.1596646308898926,0.7254230380058289
619,120,gaussian,5,43,0.125,0.125,0.25,1.0,0.5482836961746216,0.1543194055557251
620,120,gaussian,5,43,0.140625,0.296875,0.28125,1.0,1.8836898803710938,0.6075199246406555
621,120,gaussian,5,43,0.21875,0.140625,0.4375,1.0,0.8241605162620544,0.27711787819862366
622,120,gaussian,5,43,0.3125,0.1875,0.625,1.0,6.753495216369629,2.117077589035034
623,120,gaussian,5,43,0.21875,0.234375,0.4375,1.0,1.1383988857269287,0.39271247386932373
624,120,gaussian,5,43,0.25,0.109375,0.5,1.0,0.45301538705825806,0.16317780315876007
625,120,gaussian,5,43,0.203125,0.3125,0.40625,1.0,0.33846330642700195,0.10914326459169388
626,120,gaussian,5,43,0.265625,0.203125,0.53125,1.0,1.1462123394012451,0.39838558435440063
627,120,gaussian,5,43,0.1875,0.1875,0.375,1.0,4.052806377410889,1.3411979675292969
628,120,gaussian,5,43,0.25,0.265625,0.5,1.0,1.7493469715118408,0.6108641028404236
629,120,gaussian,5,43,0.171875,0.15625,0.34375,1.0,6.885085105895996,2.0515480041503906
630,120,gaussian,5,43,0.25,0.203125,0.5,1.0,2.1613008975982666,0.8555253744125366
631,120,gaussian,5,43,0.15625,0.171875,0.3125,1.0,6.88100528717041,2.0515480041503906
632,120,gaussian,5,43,0.140625,0.3125,0.28125,1.0,0.4553917348384857,0.1494034379720688
633,120,gaussian,5,43,0.21875,0.265625,0.4375,1.0,1.1421741247177124,0.3984547257423401
634,120,gaussian,5,43,0.203125,0.21875,0.40625,1.0,2.7383575439453125,0.8712747097015381
635,120,gaussian,5,43,0.234375,0.1875,0.46875,1.0,3.241227626800537,1.1040769815444946
636,120,gaussian,5,43,0.15625,0.28125,0.3125,1.0,1.5115909576416016,0.5037436485290527
637,120,gaussian,5,43,0.296875,0.1875,0.59375,1.0,3.164790630340576,1.088513970375061
638,120,gaussian,5,43,0.171875,0.296875,0.34375,1.0,0.2604963481426239,0.09391983598470688
639,120,gaussian,5,43,0.15625,0.296875,0.3125,1.0,1.8581494092941284,0.5649251341819763
640,120,gaussian,5,43,0.328125,0.265625,0.65625,1.0,1.3647314310073853,0.48124849796295166
641,120,gaussian,5,43,0.21875,0.265625,0.4375,1.0,0.8191674947738647,0.28384941816329956
642,120,gaussian,5,43,0.203125,0.171875,0.40625,1.0,2.7947120666503906,0.9396771788597107
643,120,gaussian,5,43,0.203125,0.328125,0.40625,1.0,1.4826526641845703,0.502629280090332
644,120,gaussian,5,43,0.15625,0.296875,0.3125,1.0,1.648059368133545,0.519106388092041
645,120,gaussian,5,43,0.171875,0.265625,0.34375,1.0,1.2699915170669556,0.41913315653800964
646,120,gaussian,5,43,0.15625,0.28125,0.3125,1.0,1.6448546648025513,0.5415304899215698
647,120,gaussian,5,43,0.171875,0.34375,0.34375,1.0,0.9530160427093506,0.2867252230644226
648,120,gaussian,5,43,0.21875,0.28125,0.4375,1.0,3.719782829284668,1.218899130821228
649,120,gaussian,5,43,0.171875,0.296875,0.34375,1.0,1.6428964138031006,0.5053595900535583
650,120,gaussian,5,43,0.265625,0.203125,0.53125,1.0,0.37587761878967285,0.1485593169927597
651,120,gaussian,5,43,0.25,0.25,0.5,1.0,1.1390225887298584,0.3990286886692047
652,120,gaussian,5,43,0.15625,0.171875,0.3125,1.0,2.314218282699585,0.7087973952293396
653,120,gaussian,5,43,0.15625,0.28125,0.3125,1.0,2.124088764190674,0.704119861125946
654,120,gaussian,5,43,0.21875,0.3125,0.4375,1.0,11.256978988647461,3.767470359802246
655,120,gaussian,5,43,0.15625,0.34375,0.3125,1.0,1.2901517152786255,0.4059321880340576
656,120,gaussian,5,43,0.140625,0.296875,0.28125,1.0,2.6139931678771973,0.8528203368186951
657,120,gaussian,5,43,0.15625,0.140625,0.3125,1.0,3.2722744941711426,1.0900341272354126
658,120,gaussian,5,43,0.25,0.1875,0.5,1.0,3.8498926162719727,1.3442085981369019
659,120,gaussian,5,43,0.21875,0.234375,0.4375,1.0,1.1400055885314941,0.3927125036716461
660,120,gaussian,5,43,0.1875,0.203125,0.375,1.0,0.7553876638412476,0.24413450062274933
661,120,gaussian,5,43,0.296875,0.203125,0.59375,1.0,1.909511923789978,0.5904128551483154
662,120,gaussian,5,43,0.15625,0.265625,0.3125,1.0,1.0589045286178589,0.3573152422904968
663,120,gaussian,5,43,0.125,0.28125,0.25,1.0,2.2955222129821777,0.7713654041290283
664,120,gaussian,5,43,0.296875,0.28125,0.59375,1.0,0.5166494250297546,0.1791718602180481
665,120,gaussian,5,43,0.171875,0.203125,0.34375,1.0,0.41849565505981445,0.12928612530231476
666,120,gaussian,5,43,0.1875,0.296875,0.375,1.0,1.040453314781189,0.3219504952430725
667,120,gaussian,5,43,0.265625,0.265625,0.53125,1.0,0.7684522867202759,0.27215346693992615
668,120,gaussian,5,43,0.15625,0.265625,0.3125,1.0,2.6260948181152344,0.8117505311965942
669,120,gaussian,5,43,0.203125,0.171875,0.40625,1.0,1.6100249290466309,0.5790061354637146
670,120,gaussian,5,43,0.171875,0.328125,0.34375,1.0,3.3932666778564453,1.1589614152908325
671,120,gaussian,5,43,0.171875,0.296875,0.34375,1.0,4.101831436157227,1.3279017210006714
672,120,gaussian,5,43,0.265625,0.265625,0.53125,1.0,1.2717785835266113,0.46073171496391296
673,120,gaussian,5,43,0.296875,0.296875,0.59375,1.0,0.9343119859695435,0.29240092635154724
674,120,gaussian,5,43,0.15625,0.28125,0.3125,1.0,1.5115070343017578,0.5037436485290527
675,120,gaussian,5,43,0.171875,0.234375,0.34375,1.0,2.022825002670288,0.6356099247932434
676,120,gaussian,5,43,0.15625,0.265625,0.3125,1.0,2.745934009552002,0.8646398186683655
677,120,gaussian,5,43,0.171875,0.21875,0.34375,1.0,4.354666233062744,1.3936229944229126
678,120,gaussian,5,43,0.296875,0.203125,0.59375,1.0,0.5517436265945435,0.17363277077674866
679,120,gaussian,5,43,0.15625,0.15625,0.3125,1.0,2.173706531524658,0.6592128872871399
680,120,gaussian,5,43,0.359375,0.265625,0.71875,1.0,3.475517749786377,1.0612781047821045
681,120,gaussian,5,43,,,,0.0,0.23118913173675537,0.0776587426662445
682,120,gaussian,5,43,0.28125,0.296875,0.5625,1.0,2.5941500663757324,0.8491767644882202
683,120,gaussian,5,43,0.359375,0.265625,0.71875,1.0,4.693953037261963,1.3733031749725342
684,120,gaussian,5,43,0.203125,0.28125,0.40625,1.0,2.1191861629486084,0.7450371384620667
685,120,gaussian,5,43,0.28125,0.3125,0.5625,1.0,10.259843826293945,3.5638577938079834
686,120,gaussian,5,43,0.1875,0.3125,0.375,1.0,0.36959242820739746,0.13482220470905304
687,120,gaussian,5,43,0.171875,0.265625,0.34375,1.0,3.269186019897461,1.1779439449310303
688,120,gaussian,5,43,0.25,0.234375,0.5,1.0,1.6838287115097046,0.5809627175331116
689,120,gaussian,5,43,0.203125,0.21875,0.40625,1.0,0.8098234534263611,0.26750239729881287
690,120,gaussian,5,43,0.140625,0.234375,0.28125,1.0,0.7626047134399414,0.23962128162384033
691,120,gaussian,5,43,0.28125,0.28125,0.5625,1.0,0.5175436735153198,0.1791718602180481
692,120,gaussian,5,43,0.328125,0.171875,0.65625,1.0,1.6936981678009033,0.5214398503303528
693,120,gaussian,5,43,0.234375,0.25,0.46875,1.0,5.7668914794921875,1.9742462635040283
694,120,gaussian,5,43,0.390625,0.078125,0.78125,1.0,0.3281760811805725,0.10259360820055008
695,120,gaussian,5,43,0.1875,0.28125,0.375,1.0,0.3977958559989929,0.12759730219841003
696,120,gaussian,5,43,0.1875,0.25,0.375,1.0,2.2023544311523438,0.7211422920227051
697,120,gaussian,5,43,0.359375,0.0625,0.71875,1.0,2.0228025913238525,0.7088102698326111
698,120,gaussian,5,43,0.28125,0.078125,0.5625,1.0,0.6534926295280457,0.2038685530424118
699,120,gaussian,5,43,0.15625,0.15625,0.3125,1.0,3.575599431991577,1.029188632965088
700,120,gaussian,5,43,0.21875,0.265625,0.4375,1.0,2.1331255435943604,0.716553807258606
701,120,gaussian,5,43,0.140625,0.296875,0.28125,1.0,0.7281419038772583,0.23119646310806274
702,120,gaussian,5,43,0.140625,0.296875,0.28125,1.0,0.39855557680130005,0.14073674380779266
703,120,gaussian,5,43,0.171875,0.328125,0.34375,1.0,1.3129264116287231,0.4089643657207489
704,120,gaussian,5,43,0.15625,0.265625,0.3125,1.0,0.6549221277236938,0.20052888989448547
705,120,gaussian,5,43,0.3125,0.3125,0.625,1.0,3.319181442260742,1.0723718404769897
706,120,gaussian,5,43,0.203125,0.3125,0.40625,1.0,11.282684326171875,3.767470121383667
707,120,gaussian,5,43,0.234375,0.28125,0.46875,1.0,2.0793356895446777,0.6807360053062439
708,120,gaussian,5,43,0.328125,0.203125,0.65625,1.0,5.569380760192871,1.7059329748153687
709,120,gaussian,5,43,0.15625,0.296875,0.3125,1.0,0.9311978816986084,0.3113365173339844
710,120,gaussian,5,43,0.28125,0.234375,0.5625,1.0,14.393964767456055,4.715048789978027
711,120,gaussian,5,43,0.171875,0.171875,0.34375,1.0,1.7256031036376953,0.5111361145973206
712,120,gaussian,5,43,0.203125,0.1875,0.40625,1.0,2.148038387298584,0.7203375101089478
713,120,gaussian,5,43,0.125,0.28125,0.25,1.0,2.156073570251465,0.6823872327804565
714,120,gaussian,5,43,0.140625,0.296875,0.28125,1.0,0.868676483631134,0.2722015380859375
715,120,gaussian,5,43,0.28125,0.3125,0.5625,1.0,1.947003722190857,0.6357995271682739
716,120,gaussian,5,43,0.21875,0.1875,0.4375,1.0,2.4653992652893066,0.8806358575820923
717,120,gaussian,5,43,0.15625,0.21875,0.3125,1.0,2.959207057952881,1.0520358085632324
718,120,gaussian,5,43,0.15625,0.109375,0.3125,1.0,1.7697008848190308,0.5142515897750854
719,120,gaussian,5,43,0.21875,0.296875,0.4375,1.0,1.253302812576294,0.4010013937950134
720,120,gaussian,5,43,0.1875,0.328125,0.375,1.0,2.4272303581237793,0.766457736492157
721,120,gaussian,5,43,0.265625,0.3125,0.53125,1.0,0.7542436122894287,0.25284549593925476
722,120,gaussian,5,43,0.15625,0.34375,0.3125,1.0,1.2899924516677856,0.40593221783638
723,120,gaussian,5,43,0.21875,0.140625,0.4375,1.0,3.8740532398223877,1.4009912014007568
724,120,gaussian,5,43,0.1875,0.203125,0.375,1.0,0.757146954536438,0.24413450062274933
725,120,gaussian,5,43,0.15625,0.28125,0.3125,1.0,1.3829078674316406,0.45660099387168884
726,120,gaussian,5,43,0.140625,0.3125,0.28125,1.0,0.7251616716384888,0.22954195737838745
727,120,gaussian,5,43,0.34375,0.328125,0.6875,1.0,3.7938599586486816,1.3142871856689453
728,120,gaussian,5,43,0.359375,0.25,0.71875,1.0,4.716185569763184,1.3733031749725342
729,120,gaussian,5,43,0.171875,0.28125,0.34375,1.0,1.5193564891815186,0.5278982520103455
730,120,gaussian,5,43,0.203125,0.21875,0.40625,1.0,4.435486316680908,1.414624810218811
731,120,gaussian,5,43,0.203125,0.25,0.40625,1.0,4.178352355957031,1.3782602548599243
732,120,gaussian,5,43,0.15625,0.203125,0.3125,1.0,0.41905051469802856,0.12928612530231476
733,120,gaussian,5,43,0.234375,0.21875,0.46875,1.0,0.7750778198242188,0.26682013273239136
734,120,gaussian,5,43,0.40625,0.078125,0.8125,1.0,2.768711566925049,0.7015011310577393
735,120,gaussian,5,43,0.375,0.125,0.75,1.0,2.367319107055664,0.6574363112449646
736,120,gaussian,5,43,0.296875,0.28125,0.59375,1.0,1.0799202919006348,0.3615240156650543
737,120,gaussian,5,43,0.171875,0.25,0.34375,1.0,2.2063467502593994,0.7211422920227051
738,120,gaussian,5,43,0.125,0.265625,0.25,1.0,1.1758685111999512,0.358924001455307
739,120,gaussian,5,43,0.21875,0.28125,0.4375,1.0,2.077840566635132,0.6807359457015991
740,120,gaussian,5,43,0.15625,0.15625,0.3125,1.0,0.9266838431358337,0.27485978603363037
741,120,gaussian,5,43,0.21875,0.25,0.4375,1.0,2.132549285888672,0.716553807258606
742,120,gaussian,5,43,0.234375,0.296875,0.46875,1.0,1.8264617919921875,0.6021822690963745
743,120,gaussian,5,43,0.171875,0.25,0.34375,1.0,2.7392663955688477,0.8817379474639893
744,120,gaussian,5,43,0.171875,0.3125,0.34375,1.0,0.8316420316696167,0.2961425483226776
745,120,gaussian,5,43,0.140625,0.3125,0.28125,1.0,1.0179061889648438,0.34922105073928833
746,120,gaussian,5,43,0.21875,0.328125,0.4375,1.0,1.981310248374939,0.638842761516571
747,120,gaussian,5,43,0.25,0.25,0.5,1.0,0.9649578332901001,0.33915919065475464
748,120,gaussian,5,43,0.234375,0.296875,0.46875,1.0,0.5391769409179688,0.1779031902551651
749,120,gaussian,5,43,0.3125,0.0625,0.625,1.0,0.6631660461425781,0.1988743096590042
750,120,gaussian,5,43,0.21875,0.21875,0.4375,1.0,2.736893653869629,0.8712747693061829
751,120,gaussian,5,43,0.234375,0.28125,0.46875,1.0,2.676222801208496,0.8857775330543518
752,120,gaussian,5,43,0.171875,0.265625,0.34375,1.0,4.495293617248535,1.4522353410720825
753,120,gaussian,5,43,0.359375,0.140625,0.71875,1.0,1.0258378982543945,0.3048269748687744
754,120,gaussian,5,43,0.296875,0.203125,0.59375,1.0,0.7435159683227539,0.27580344676971436
755,120,gaussian,5,43,0.171875,0.203125,0.34375,1.0,18.13629150390625,5.732033729553223
756,120,gaussian,5,43,0.328125,0.265625,0.65625,1.0,3.435145854949951,1.1323950290679932
757,120,gaussian,5,43,0.203125,0.171875,0.40625,1.0,3.709984540939331,1.4121181964874268
758,120,gaussian,5,43,0.203125,0.21875,0.40625,1.0,1.999652624130249,0.6291453242301941
759,120,gaussian,5,43,0.328125,0.3125,0.65625,1.0,3.0346338748931885,0.9268489480018616
760,120,gaussian,5,43,0.15625,0.328125,0.3125,1.0,1.0122677087783813,0.297924280166626
761,120,gaussian,5,43,0.15625,0.28125,0.3125,1.0,1.2700409889221191,0.4197436273097992
762,120,gaussian,5,43,0.1875,0.28125,0.375,1.0,2.2125205993652344,0.7357970476150513
763,120,gaussian,5,43,0.21875,0.296875,0.4375,1.0,2.2432947158813477,0.7214365601539612
764,120,gaussian,5,43,0.296875,0.328125,0.59375,1.0,3.329231023788452,1.0723718404769897
765,120,gaussian,5,43,0.234375,0.296875,0.46875,1.0,5.10234260559082,1.8481210470199585
766,120,gaussian,5,43,0.21875,0.296875,0.4375,1.0,3.3795714378356934,1.0912504196166992
767,120,gaussian,5,43,0.171875,0.203125,0.34375,1.0,0.698941707611084,0.2673601806163788
768,120,gaussian,5,43,0.125,0.078125,0.25,1.0,0.777147650718689,0.22860288619995117
769,120,gaussian,5,43,0.203125,0.296875,0.40625,1.0,0.49437958002090454,0.1605525016784668
770,120,gaussian,5,43,0.140625,0.296875,0.28125,1.0,0.481372594833374,0.1583956927061081
771,120,gaussian,5,43,0.171875,0.296875,0.34375,1.0,1.7278685569763184,0.5630769729614258
772,120,gaussian,5,43,0.125,0.296875,0.25,1.0,2.400571823120117,0.7163817882537842
773,120,gaussian,5,43,0.203125,0.171875,0.40625,1.0,3.339053153991699,1.1540552377700806
774,120,gaussian,5,43,0.171875,0.1875,0.34375,1.0,1.72389554977417,0.5111361145973206
775,120,gaussian,5,43,0.359375,0.15625,0.71875,1.0,3.0148465633392334,0.8909675478935242
776,120,gaussian,5,43,0.140625,0.28125,0.28125,1.0,2.1517367362976074,0.6823872327804565
777,120,gaussian,5,43,0.203125,0.234375,0.40625,1.0,0.45876985788345337,0.15941481292247772
778,120,gaussian,5,43,0.140625,0.328125,0.28125,1.0,2.99117112159729,0.9806077480316162
779,120,gaussian,5,43,0.15625,0.265625,0.3125,1.0,1.5038129091262817,0.5027443766593933
780,120,gaussian,5,43,0.21875,0.296875,0.4375,1.0,0.4938395023345947,0.1605525016784668
781,120,gaussian,5,43,0.15625,0.296875,0.3125,1.0,1.3559677600860596,0.44818294048309326
782,120,gaussian,5,43,0.140625,0.28125,0.28125,1.0,2.594082832336426,0.8604998588562012
783,120,gaussian,5,43,0.203125,0.234375,0.40625,1.0,1.2620885372161865,0.3986199200153351
784,120,gaussian,5,43,0.203125,0.25,0.40625,1.0,0.45311081409454346,0.15406863391399384
785,120,gaussian,5,43,0.125,0.296875,0.25,1.0,2.170653820037842,0.7184174656867981
786,120,gaussian,5,43,0.109375,0.296875,0.21875,1.0,0.5018700361251831,0.1550697386264801
787,120,gaussian,5,43,0.328125,0.234375,0.65625,1.0,1.842725396156311,0.5800797939300537
788,120,gaussian,5,43,0.265625,0.265625,0.53125,1.0,1.2687538862228394,0.4607316851615906
789,120,gaussian,5,43,0.15625,0.296875,0.3125,1.0,2.7667434215545654,0.9086681604385376
790,120,gaussian,5,43,0.203125,0.21875,0.40625,1.0,0.6056472063064575,0.19144318997859955
791,120,gaussian,5,43,0.21875,0.28125,0.4375,1.0,2.0812668800354004,0.6807359457015991
792,120,gaussian,5,43,0.203125,0.28125,0.40625,1.0,1.4393680095672607,0.47851836681365967
793,120,gaussian,5,43,0.234375,0.28125,0.46875,1.0,2.6755027770996094,0.8857775330543518
794,120,gaussian,5,43,0.25,0.203125,0.5,1.0,0.799942135810852,0.27267569303512573
795,120,gaussian,5,43,0.203125,0.3125,0.40625,1.0,2.637617588043213,0.8457244038581848
796,120,gaussian,5,43,0.140625,0.296875,0.28125,1.0,1.5098854303359985,0.5037436485290527
797,120,gaussian,5,43,0.15625,0.15625,0.3125,1.0,0.358426570892334,0.1096101701259613
798,120,gaussian,5,43,0.3125,0.34375,0.625,1.0,1.411051869392395,0.45537570118904114
799,120,gaussian,5,43,0.21875,0.265625,0.4375,1.0,3.7236149311065674,1.2188992500305176
800,120,gaussian,5,43,0.171875,0.28125,0.34375,1.0,1.5202224254608154,0.5278982520103455
801,120,gaussian,5,43,0.25,0.25,0.5,1.0,0.49687516689300537,0.17633680999279022
802,120,gaussian,5,43,0.265625,0.109375,0.53125,1.0,0.9712011814117432,0.3499084711074829
803,120,gaussian,5,43,0.3125,0.34375,0.625,1.0,1.4183642864227295,0.45537570118904114
804,120,gaussian,5,43,0.234375,0.28125,0.46875,1.0,1.2513108253479004,0.41446399688720703
805,120,gaussian,5,43,0.25,0.3125,0.5,1.0,1.4296460151672363,0.4666047692298889
806,120,gaussian,5,43,0.203125,0.265625,0.40625,1.0,6.622034072875977,2.2622108459472656
807,120,gaussian,5,43,0.21875,0.21875,0.4375,1.0,0.9435505867004395,0.32915058732032776
808,120,gaussian,5,43,0.1875,0.21875,0.375,1.0,0.7587589025497437,0.24413450062274933
809,120,gaussian,5,43,0.28125,0.296875,0.5625,1.0,1.2368916273117065,0.4027174413204193
810,120,gaussian,5,43,0.28125,0.296875,0.5625,1.0,1.7254934310913086,0.5718449354171753
811,120,gaussian,5,43,0.15625,0.296875,0.3125,1.0,1.7533541917800903,0.5820947289466858
812,120,gaussian,5,43,0.140625,0.171875,0.28125,1.0,3.5775187015533447,1.029188632965088
813,120,gaussian,5,43,0.34375,0.3125,0.6875,1.0,0.5832288265228271,0.20416706800460815
814,120,gaussian,5,43,0.171875,0.296875,0.34375,1.0,1.8648312091827393,0.6303302049636841
815,120,gaussian,5,43,0.171875,0.265625,0.34375,1.0,1.5046989917755127,0.5027443766593933
816,120,gaussian,5,43,0.171875,0.28125,0.34375,1.0,2.0728907585144043,0.6937791109085083
817,120,gaussian,5,43,0.171875,0.28125,0.34375,1.0,1.9499876499176025,0.6309885382652283
818,120,gaussian,5,43,0.203125,0.234375,0.40625,1.0,0.6866324543952942,0.21278859674930573
819,120,gaussian,5,43,0.125,0.296875,0.25,1.0,0.9398298859596252,0.29896044731140137
820,120,gaussian,5,43,0.3125,0.328125,0.625,1.0,4.827216148376465,1.576934814453125
821,120,gaussian,5,43,0.171875,0.296875,0.34375,1.0,0.9306976795196533,0.311336487531662
822,120,gaussian,5,43,0.3125,0.1875,0.625,1.0,5.584409713745117,1.7059329748153687
823,120,gaussian,5,43,0.203125,0.3125,0.40625,1.0,1.48138427734375,0.502629280090332
824,120,gaussian,5,43,0.125,0.296875,0.25,1.0,0.7970232367515564,0.2548014223575592
825,120,gaussian,5,43,0.15625,0.171875,0.3125,1.0,2.3075637817382812,0.7087973952293396
826,120,gaussian,5,43,0.140625,0.3125,0.28125,1.0,0.9139692783355713,0.31147491931915283
827,120,gaussian,5,43,0.21875,0.140625,0.4375,1.0,0.7061878442764282,0.23675496876239777
828,120,gaussian,5,43,0.359375,0.3125,0.71875,1.0,2.0498883724212646,0.6682609915733337
829,120,gaussian,5,43,0.390625,0.078125,0.78125,1.0,0.33198022842407227,0.10259360820055008
830,120,gaussian,5,43,0.15625,0.171875,0.3125,1.0,0.9370946288108826,0.2757083475589752
831,120,gaussian,5,43,0.28125,0.296875,0.5625,1.0,4.9769287109375,1.5809032917022705
832,120,gaussian,5,43,0.125,0.28125,0.25,1.0,0.8649694323539734,0.2783045172691345
833,120,gaussian,5,43,0.171875,0.28125,0.34375,1.0,1.2702503204345703,0.4197436273097992
834,120,gaussian,5,43,0.25,0.28125,0.5,1.0,5.8466477394104,2.00541353225708
835,120,gaussian,5,43,0.359375,0.296875,0.71875,1.0,7.36430549621582,2.608360767364502
836,120,gaussian,5,43,0.1875,0.171875,0.375,1.0,1.3908134698867798,0.427838534116745
837,120,gaussian,5,43,0.234375,0.28125,0.46875,1.0,3.0853278636932373,1.0787469148635864
838,120,gaussian,5,43,0.125,0.28125,0.25,1.0,1.9513370990753174,0.5610527992248535
839,120,gaussian,5,43,0.234375,0.296875,0.46875,1.0,4.657622814178467,1.6756350994110107
840,120,gaussian,5,43,0.171875,0.171875,0.34375,1.0,2.5877890586853027,0.8097262382507324
841,120,gaussian,5,43,0.1875,0.28125,0.375,1.0,0.3967934250831604,0.12759730219841003
842,120,gaussian,5,43,0.203125,0.3125,0.40625,1.0,2.748598575592041,0.88178551197052
843,120,gaussian,5,43,0.28125,0.296875,0.5625,1.0,1.723170280456543,0.5718448758125305
844,120,gaussian,5,43,0.34375,0.125,0.6875,1.0,0.7915089726448059,0.24362997710704803
845,120,gaussian,5,43,0.296875,0.15625,0.59375,1.0,0.5554101467132568,0.1650417000055313
846,120,gaussian,5,43,0.1875,0.171875,0.375,1.0,1.3947169780731201,0.427838534116745
847,120,gaussian,5,43,0.328125,0.328125,0.65625,1.0,4.8723859786987305,1.610319972038269
848,120,gaussian,5,43,0.296875,0.234375,0.59375,1.0,3.815964698791504,1.3720557689666748
849,120,gaussian,5,43,0.234375,0.234375,0.46875,1.0,2.0027685165405273,0.7761099338531494
850,120,gaussian,5,43,0.171875,0.296875,0.34375,1.0,1.8647756576538086,0.6303302645683289
851,120,gaussian,5,43,0.15625,0.265625,0.3125,1.0,2.5386056900024414,0.8390257358551025
852,120,gaussian,5,43,0.234375,0.21875,0.46875,1.0,0.4273456633090973,0.13950377702713013
853,120,gaussian,5,43,0.265625,0.3125,0.53125,1.0,1.5037505626678467,0.537145733833313
854,120,gaussian,5,43,0.3125,0.328125,0.625,1.0,4.623007774353027,1.401373267173767
855,120,gaussian,5,43,0.296875,0.3125,0.59375,1.0,1.464773178100586,0.4885987341403961
856,120,gaussian,5,43,0.203125,0.25,0.40625,1.0,3.9001152515411377,1.2415895462036133
857,120,gaussian,5,43,0.3125,0.203125,0.625,1.0,1.9561158418655396,0.6525838375091553
858,120,gaussian,5,43,0.296875,0.328125,0.59375,1.0,3.32908034324646,1.0723718404769897
859,120,gaussian,5,43,0.21875,0.21875,0.4375,1.0,1.6131949424743652,0.5526183247566223
860,120,gaussian,5,43,0.15625,0.140625,0.3125,1.0,3.632319927215576,1.0407403707504272
861,120,gaussian,5,43,0.15625,0.15625,0.3125,1.0,0.918204665184021,0.274859756231308
862,120,gaussian,5,43,0.21875,0.28125,0.4375,1.0,2.2498397827148438,0.7214365601539612
863,120,gaussian,5,43,0.3125,0.265625,0.625,1.0,1.3650010824203491,0.48124849796295166
864,120,gaussian,5,43,0.140625,0.296875,0.28125,1.0,0.9886841773986816,0.32971447706222534
865,120,gaussian,5,43,0.140625,0.296875,0.28125,1.0,0.9464226961135864,0.29896047711372375
866,120,gaussian,5,43,0.171875,0.25,0.34375,1.0,2.729745388031006,0.8817379474639893
867,120,gaussian,5,43,0.140625,0.125,0.28125,1.0,1.4951460361480713,0.4220346510410309
868,120,gaussian,5,43,0.15625,0.15625,0.3125,1.0,3.0071215629577637,0.9459421038627625
869,120,gaussian,5,43,0.15625,0.296875,0.3125,1.0,1.657504677772522,0.5538284778594971
870,120,gaussian,5,43,0.296875,0.15625,0.59375,1.0,0.5593662261962891,0.1650417000055313
871,120,gaussian,5,43,0.203125,0.203125,0.40625,1.0,2.0032882690429688,0.6291453242301941
872,120,gaussian,5,43,0.171875,0.296875,0.34375,1.0,2.7176477909088135,0.9170017242431641
873,120,gaussian,5,43,0.125,0.3125,0.25,1.0,0.43432947993278503,0.1515556126832962
874,120,gaussian,5,43,0.34375,0.3125,0.6875,1.0,1.0853443145751953,0.36782950162887573
875,120,gaussian,5,43,0.1875,0.296875,0.375,1.0,0.3699750602245331,0.13482220470905304
876,120,gaussian,5,43,0.15625,0.234375,0.3125,1.0,2.023683786392212,0.6356099247932434
877,120,gaussian,5,43,0.140625,0.296875,0.28125,1.0,1.8592848777770996,0.5649251341819763
878,120,gaussian,5,43,0.25,0.171875,0.5,1.0,1.2206188440322876,0.44727951288223267
879,120,gaussian,5,43,0.140625,0.125,0.28125,1.0,0.5492888689041138,0.1543194204568863
880,120,gaussian,5,43,0.34375,0.328125,0.6875,1.0,1.2655422687530518,0.3951030671596527
881,120,gaussian,5,43,0.203125,0.3125,0.40625,1.0,11.283354759216309,3.767470121383667
882,120,gaussian,5,43,0.34375,0.171875,0.6875,1.0,1.6265485286712646,0.4736480712890625
883,120,gaussian,5,43,0.21875,0.140625,0.4375,1.0,0.8237565159797668,0.27711787819862366
884,120,gaussian,5,43,0.171875,0.1875,0.34375,1.0,1.1568808555603027,0.3569408059120178
885,120,gaussian,5,43,0.21875,0.265625,0.4375,1.0,0.8173500895500183,0.28384941816329956
886,120,gaussian,5,43,0.328125,0.171875,0.65625,1.0,7.018157005310059,2.122095823287964
887,120,gaussian,5,43,0.21875,0.328125,0.4375,1.0,1.9749125242233276,0.638842761516571
888,120,gaussian,5,43,0.1875,0.296875,0.375,1.0,0.688064455986023,0.23125915229320526
889,120,gaussian,5,43,0.125,0.3125,0.25,1.0,1.0247857570648193,0.34922105073928833
890,120,gaussian,5,43,0.21875,0.328125,0.4375,1.0,1.9806780815124512,0.638842761516571
891,120,gaussian,5,43,0.359375,0.3125,0.71875,1.0,1.347773790359497,0.41318801045417786
892,120,gaussian,5,43,0.171875,0.28125,0.34375,1.0,1.266036033630371,0.41913315653800964
893,120,gaussian,5,43,0.234375,0.3125,0.46875,1.0,1.8347344398498535,0.6021822690963745
894,120,gaussian,5,43,0.296875,0.3125,0.59375,1.0,0.97722327709198,0.3152647316455841
895,120,gaussian,5,43,0.171875,0.1875,0.34375,1.0,1.2323808670043945,0.36734485626220703
896,120,gaussian,5,43,0.28125,0.265625,0.5625,1.0,7.233992576599121,2.6197056770324707
897,120,gaussian,5,43,0.171875,0.328125,0.34375,1.0,3.4016921520233154,1.158961296081543
898,120,gaussian,5,43,0.15625,0.296875,0.3125,1.0,2.785078525543213,0.9792250394821167
899,120,gaussian,5,43,0.25,0.203125,0.5,1.0,2.600403308868408,0.9846194982528687
900,120,gaussian,5,43,0.15625,0.296875,0.3125,1.0,2.769932270050049,0.9086681604385376
901,120,gaussian,5,43,0.328125,0.3125,0.65625,1.0,1.3720684051513672,0.48530781269073486
902,120,gaussian,5,43,0.390625,0.109375,0.78125,1.0,1.2820143699645996,0.37934717535972595
903,120,gaussian,5,43,0.28125,0.03125,0.5625,1.0,0.5829142332077026,0.15151213109493256
904,120,gaussian,5,43,0.1875,0.328125,0.375,1.0,1.109917163848877,0.3731052279472351
905,120,gaussian,5,43,0.234375,0.265625,0.46875,1.0,1.203984260559082,0.4006062150001526
906,120,gaussian,5,43,0.15625,0.265625,0.3125,1.0,1.3543012142181396,0.44660577178001404
907,120,gaussian,5,43,0.15625,0.3125,0.3125,1.0,2.7198660373687744,0.9170017242431641
908,120,gaussian,5,43,0.21875,0.125,0.4375,1.0,0.7088974118232727,0.23675495386123657
909,120,gaussian,5,43,0.203125,0.328125,0.40625,1.0,3.8563730716705322,1.2128548622131348
910,120,gaussian,5,43,0.171875,0.234375,0.34375,1.0,0.6781081557273865,0.22189384698867798
911,120,gaussian,5,43,0.15625,0.171875,0.3125,1.0,1.157868504524231,0.3569408059120178
912,120,gaussian,5,43,0.3125,0.3125,0.625,1.0,0.9788385629653931,0.3152647614479065
913,120,gaussian,5,43,0.3125,0.328125,0.625,1.0,1.6132030487060547,0.5470495820045471
914,120,gaussian,5,43,0.21875,0.140625,0.4375,1.0,3.860193967819214,1.4009912014007568
915,120,gaussian,5,43,0.140625,0.296875,0.28125,1.0,3.3387908935546875,1.052991509437561
916,120,gaussian,5,43,0.25,0.234375,0.5,1.0,4.294332504272461,1.4891234636306763
917,120,gaussian,5,43,0.15625,0.125,0.3125,1.0,4.152440547943115,1.3430908918380737
918,120,gaussian,5,43,0.25,0.203125,0.5,1.0,2.1613073348999023,0.8555253744125366
919,120,gaussian,5,43,0.328125,0.234375,0.65625,1.0,1.8460395336151123,0.5800797343254089
920,120,gaussian,5,43,0.234375,0.296875,0.46875,1.0,1.25558340549469,0.4010014235973358
921,120,gaussian,5,43,0.15625,0.296875,0.3125,1.0,1.354240894317627,0.44818294048309326
922,120,gaussian,5,43,0.15625,0.28125,0.3125,1.0,1.0546598434448242,0.3573152720928192
923,120,gaussian,5,43,0.234375,0.1875,0.46875,1.0,0.778195321559906,0.31086546182632446
924,120,gaussian,5,43,0.171875,0.15625,0.34375,1.0,3.0249485969543457,0.9459421038627625
925,120,gaussian,5,43,0.171875,0.28125,0.34375,1.0,1.2706005573272705,0.4197436273097992
926,120,gaussian,5,43,0.171875,0.203125,0.34375,1.0,0.41872575879096985,0.12928612530231476
927,120,gaussian,5,43,0.1875,0.296875,0.375,1.0,1.861142635345459,0.6427898406982422
928,120,gaussian,5,43,0.140625,0.296875,0.28125,1.0,2.7841527462005615,0.9792250394821167
929,120,gaussian,5,43,0.15625,0.3125,0.3125,1.0,1.759506344795227,0.5827472805976868
930,120,gaussian,5,43,0.375,0.125,0.75,1.0,0.6485179662704468,0.18618729710578918
931,120,gaussian,5,43,0.390625,0.109375,0.78125,1.0,1.2817399501800537,0.37934717535972595
932,120,gaussian,5,43,0.171875,0.28125,0.34375,1.0,4.109040260314941,1.3279017210006714
933,120,gaussian,5,43,0.296875,0.1875,0.59375,1.0,1.159283995628357,0.38440459966659546
934,120,gaussian,5,43,0.328125,0.296875,0.65625,1.0,0.6333321332931519,0.19405587017536163
935,120,gaussian,5,43,0.28125,0.03125,0.5625,1.0,0.568161129951477,0.15151184797286987
936,120,gaussian,5,43,0.296875,0.21875,0.59375,1.0,1.912346601486206,0.5904128551483154
937,120,gaussian,5,43,0.140625,0.296875,0.28125,1.0,0.3189018964767456,0.1126881018280983
938,120,gaussian,5,43,0.171875,0.125,0.34375,1.0,1.2816684246063232,0.41226834058761597
939,120,gaussian,5,43,0.234375,0.140625,0.46875,1.0,2.357426166534424,0.7771088480949402
940,120,gaussian,5,43,0.359375,0.0625,0.71875,1.0,2.021604061126709,0.7088102698326111
941,120,gaussian,5,43,0.171875,0.296875,0.34375,1.0,0.5199784636497498,0.17389798164367676
942,120,gaussian,5,43,0.3125,0.0625,0.625,1.0,0.674625039100647,0.19888117909431458
943,120,gaussian,5,43,0.15625,0.3125,0.3125,1.0,0.3977010250091553,0.14073674380779266
944,120,gaussian,5,43,0.265625,0.3125,0.53125,1.0,1.7272093296051025,0.5882750749588013
945,120,gaussian,5,43,0.1875,0.328125,0.375,1.0,2.428258180618286,0.766457736492157
946,120,gaussian,5,43,0.1875,0.328125,0.375,1.0,1.1178476810455322,0.3731052279472351
947,120,gaussian,5,43,0.328125,0.140625,0.65625,1.0,1.3633952140808105,0.41799378395080566
948,120,gaussian,5,43,0.375,0.125,0.75,1.0,0.6491744518280029,0.18618729710578918
949,120,gaussian,5,43,0.3125,0.265625,0.625,1.0,1.366389513015747,0.48124849796295166
950,120,gaussian,5,43,0.25,0.15625,0.5,1.0,1.2271164655685425,0.44727951288223267
951,120,gaussian,5,43,0.296875,0.28125,0.59375,1.0,0.7143645286560059,0.25497907400131226
952,120,gaussian,5,43,0.1875,0.296875,0.375,1.0,1.861534833908081,0.6427898406982422
953,120,gaussian,5,43,0.359375,0.28125,0.71875,1.0,2.3674354553222656,0.7093368172645569
954,120,gaussian,5,43,0.359375,0.296875,0.71875,1.0,2.390911102294922,0.7454692125320435
955,120,gaussian,5,43,0.3125,0.328125,0.625,1.0,0.9624806046485901,0.3305564224720001
956,120,gaussian,5,43,0.25,0.3125,0.5,1.0,0.40197867155075073,0.1376381367444992
957,120,gaussian,5,43,0.3125,0.0625,0.625,1.0,0.6746240258216858,0.19888116419315338
958,120,gaussian,5,43,0.140625,0.296875,0.28125,1.0,1.8439452648162842,0.5944212675094604
959,120,gaussian,5,43,0.234375,0.296875,0.46875,1.0,1.8307490348815918,0.6021822690963745
960,120,gaussian,5,43,0.328125,0.234375,0.65625,1.0,1.8442720174789429,0.5800797939300537
961,120,gaussian,5,43,0.1875,0.296875,0.375,1.0,2.6956262588500977,0.8450959324836731
962,120,gaussian,5,43,0.234375,0.21875,0.46875,1.0,5.039958953857422,1.7007060050964355
963,120,gaussian,5,43,0.140625,0.3125,0.28125,1.0,0.3991563618183136,0.14073674380779266
964,120,gaussian,5,43,0.1875,0.1875,0.375,1.0,2.580801248550415,0.8097262382507324
965,120,gaussian,5,43,0.25,0.296875,0.5,1.0,1.4991899728775024,0.5122764110565186
966,120,gaussian,5,43,0.21875,0.28125,0.4375,1.0,4.429758071899414,1.5930087566375732
967,120,gaussian,5,43,0.1875,0.3125,0.375,1.0,1.564168095588684,0.5359230637550354
968,120,gaussian,5,43,0.34375,0.328125,0.6875,1.0,2.05326509475708,0.6682609915733337
969,120,gaussian,5,43,0.234375,0.09375,0.46875,1.0,1.4956319332122803,0.5096417665481567
970,120,gaussian,5,43,0.25,0.234375,0.5,1.0,1.9365358352661133,0.6896246075630188
971,120,gaussian,5,43,0.265625,0.203125,0.53125,1.0,0.3760424256324768,0.1485593169927597
972,120,gaussian,5,43,0.171875,0.265625,0.34375,1.0,4.496382713317871,1.4522353410720825
973,120,gaussian,5,43,0.15625,0.21875,0.3125,1.0,0.6788959503173828,0.22189383208751678
974,120,gaussian,5,43,0.140625,0.296875,0.28125,1.0,1.1294338703155518,0.358008474111557
975,120,gaussian,5,43,0.34375,0.296875,0.6875,1.0,3.0371384620666504,0.9268489480018616
976,120,gaussian,5,43,0.25,0.25,0.5,1.0,0.7776514291763306,0.2587800920009613
977,120,gaussian,5,43,0.234375,0.171875,0.46875,1.0,0.8623437881469727,0.28409773111343384
978,120,gaussian,5,43,0.171875,0.3125,0.34375,1.0,0.26039162278175354,0.09391983598470688
979,120,gaussian,5,43,0.171875,0.234375,0.34375,1.0,2.025890350341797,0.6356099247932434
980,120,gaussian,5,43,0.21875,0.1875,0.4375,1.0,2.464559555053711,0.8806358575820923
981,120,gaussian,5,43,0.15625,0.265625,0.3125,1.0,2.6818089485168457,0.8507698178291321
982,120,gaussian,5,43,0.21875,0.1875,0.4375,1.0,0.8613051176071167,0.28409770131111145
983,120,gaussian,5,43,0.203125,0.265625,0.40625,1.0,6.623089790344238,2.2622108459472656
984,120,gaussian,5,43,0.34375,0.171875,0.6875,1.0,1.624990701675415,0.4736481010913849
985,120,gaussian,5,43,0.3125,0.1875,0.625,1.0,3.4268860816955566,1.082504153251648
986,120,gaussian,5,43,0.15625,0.296875,0.3125,1.0,0.5188212394714355,0.17389798164367676
987,120,gaussian,5,43,0.296875,0.203125,0.59375,1.0,0.5517770648002625,0.17363278567790985
988,120,gaussian,5,43,0.171875,0.265625,0.34375,1.0,0.9625828266143799,0.30012837052345276
989,120,gaussian,5,43,0.203125,0.171875,0.40625,1.0,2.8237855434417725,0.9409937262535095
990,120,gaussian,5,43,0.140625,0.140625,0.28125,1.0,0.3764072060585022,0.10852812975645065
991,120,gaussian,5,43,0.34375,0.296875,0.6875,1.0,1.341871976852417,0.41318804025650024
992,120,gaussian,5,43,0.21875,0.203125,0.4375,1.0,0.9682155847549438,0.32193639874458313
993,120,gaussian,5,43,0.15625,0.21875,0.3125,1.0,1.5571447610855103,0.49477845430374146
994,120,gaussian,5,43,0.15625,0.3125,0.3125,1.0,1.6324613094329834,0.5053595304489136
995,120,gaussian,5,43,0.15625,0.265625,0.3125,1.0,0.6546163558959961,0.20052888989448547
996,120,gaussian,5,43,0.359375,0.15625,0.71875,1.0,3.006678581237793,0.8909674286842346
997,120,gaussian,5,43,0.140625,0.296875,0.28125,1.0,1.127702236175537,0.358008474111557
998,120,gaussian,5,43,0.234375,0.234375,0.46875,1.0,0.3594774007797241,0.11691776663064957
999,120,gaussian,5,43,0.15625,0.09375,0.3125,1.0,1.778017282485962,0.5142515897750854
