index,target_hr,method,fold,seed,rise_time_s,width50_s,rise_cycle_ratio,beat_extraction_success,amplitude_range,amplitude_std
0,60,no_condition,3,42,0.3828125,0.4921875,0.47777777777777775,1.0,4.380553245544434,0.9216251969337463
1,60,no_condition,3,42,0.25,0.453125,0.4915254237288136,1.0,3.9474518299102783,0.7383958101272583
2,60,no_condition,3,42,0.375,0.46875,0.4444444444444444,1.0,4.59361457824707,0.8905132412910461
3,60,no_condition,3,42,0.4609375,0.5546875,0.4733075874602453,1.0,2.8509130477905273,0.6918261051177979
4,60,no_condition,3,42,0.3359375,0.484375,0.35812356979405036,1.0,3.568382501602173,0.7378096580505371
5,60,no_condition,3,42,0.4140625,0.5234375,0.3804794520547945,1.0,4.616359710693359,0.7713212966918945
6,60,no_condition,3,42,0.5,0.65625,0.46774193548387094,1.0,4.536438941955566,0.7347586154937744
7,60,no_condition,3,42,0.3125,0.5,0.39215686274509803,1.0,2.2791519165039062,0.4589326083660126
8,60,no_condition,3,42,0.328125,0.34375,0.46808510638297873,1.0,5.871705055236816,0.9504241943359375
9,60,no_condition,3,42,0.2890625,0.4296875,0.39379699248120303,1.0,4.419167518615723,0.8143782615661621
10,60,no_condition,3,42,0.3046875,0.4453125,0.4486607142857143,1.0,4.933788299560547,0.898347020149231
11,60,no_condition,3,42,0.3125,0.4140625,0.4165217391304348,1.0,4.297035217285156,0.7762899398803711
12,60,no_condition,3,42,0.34375,0.4375,0.4888888888888889,1.0,4.176969528198242,0.8403587937355042
13,60,no_condition,3,42,0.359375,0.453125,0.4230769230769231,1.0,4.594477653503418,0.8747756481170654
14,60,no_condition,3,42,0.421875,0.46875,0.421875,1.0,3.625577449798584,0.8177172541618347
15,60,no_condition,3,42,0.3984375,0.5,0.5076650943396226,1.0,2.475254535675049,0.5312015414237976
16,60,no_condition,3,42,0.40625,0.453125,0.5098039215686274,1.0,4.888044357299805,0.844146192073822
17,60,no_condition,3,42,0.5234375,0.7109375,0.522635998539613,1.0,5.275081157684326,1.013588547706604
18,60,no_condition,3,42,0.3359375,0.5234375,0.41742081447963797,1.0,3.354311466217041,0.6637043356895447
19,60,no_condition,3,42,0.3125,0.453125,0.4444444444444444,1.0,4.2677412033081055,0.9660204648971558
20,60,no_condition,3,42,0.265625,0.390625,0.375,1.0,3.912705183029175,0.5949830412864685
21,60,no_condition,3,42,0.328125,0.515625,0.40384615384615385,1.0,2.2494235038757324,0.4953697621822357
22,60,no_condition,3,42,0.390625,0.46875,0.3787878787878788,1.0,4.089500904083252,0.8686645030975342
23,60,no_condition,3,42,0.671875,0.640625,0.5802469135802469,1.0,2.6662397384643555,0.6846359968185425
24,60,no_condition,3,42,0.3203125,0.421875,0.43173758865248224,1.0,3.8411924839019775,0.7671859264373779
25,60,no_condition,3,42,0.3046875,0.375,0.4024621212121212,1.0,3.4499764442443848,0.6445375680923462
26,60,no_condition,3,42,0.3125,0.53125,0.3362745098039216,1.0,2.3603169918060303,0.5670758485794067
27,60,no_condition,3,42,0.3984375,0.5625,0.48863636363636365,1.0,3.5723681449890137,0.7451268434524536
28,60,no_condition,3,42,0.375,0.5,0.41379310344827586,1.0,3.5941879749298096,0.7074309587478638
29,60,no_condition,3,42,0.3125,0.421875,0.40476190476190477,1.0,5.51397705078125,1.0367342233657837
30,60,no_condition,3,42,0.484375,0.484375,0.5535714285714286,1.0,3.161271333694458,0.61613929271698
31,60,no_condition,3,42,0.375,0.53125,0.46938775510204084,1.0,3.7705230712890625,0.8390572667121887
32,60,no_condition,3,42,0.3203125,0.46875,0.4388440860215054,1.0,4.406742095947266,0.8021727800369263
33,60,no_condition,3,42,0.34375,0.453125,0.4363672182821119,1.0,4.016302108764648,0.9414279460906982
34,60,no_condition,3,42,0.375,0.390625,0.5,1.0,5.185738563537598,1.0252245664596558
35,60,no_condition,3,42,0.3125,0.453125,0.35714285714285715,1.0,3.500753402709961,0.7084019780158997
36,60,no_condition,3,42,0.3203125,0.421875,0.4596938775510204,1.0,3.5051612854003906,0.7859939932823181
37,60,no_condition,3,42,0.375,0.421875,0.4666666666666667,1.0,2.9331817626953125,0.6375885009765625
38,60,no_condition,3,42,0.328125,0.359375,0.48,1.0,6.469115257263184,1.1032418012619019
39,60,no_condition,3,42,0.296875,0.390625,0.42857142857142855,1.0,3.3445491790771484,0.6220667958259583
40,60,no_condition,3,42,0.2890625,0.4453125,0.3888888888888889,1.0,3.678255081176758,0.6907536387443542
41,60,no_condition,3,42,0.328125,0.4375,0.4175084175084175,1.0,5.079113006591797,0.7726247906684875
42,60,no_condition,3,42,0.390625,0.546875,0.47540983606557374,1.0,5.063458442687988,0.9567832350730896
43,60,no_condition,3,42,0.40625,0.484375,0.453125,1.0,4.1880316734313965,1.0017552375793457
44,60,no_condition,3,42,0.3203125,0.515625,0.4133771929824561,1.0,4.6414408683776855,0.7106652855873108
45,60,no_condition,3,42,0.296875,0.53125,0.38202247191011235,1.0,4.22122859954834,0.7526112794876099
46,60,no_condition,3,42,0.375,0.421875,0.45,1.0,5.702334880828857,0.9931548833847046
47,60,no_condition,3,42,0.3046875,0.4609375,0.3976982097186701,1.0,4.618200302124023,0.9102534055709839
48,60,no_condition,3,42,0.3515625,0.4765625,0.4498419085944237,1.0,4.0937910079956055,0.9064299464225769
49,60,no_condition,3,42,0.640625,0.90625,0.5974025974025974,1.0,4.080531597137451,0.7711877822875977
50,60,no_condition,3,42,0.34375,0.53125,0.3877551020408163,1.0,2.639248847961426,0.6228154897689819
51,60,no_condition,3,42,0.359375,0.515625,0.40816326530612246,1.0,6.265878200531006,0.9904727339744568
52,60,no_condition,3,42,0.3984375,0.59375,0.4595827900912647,1.0,2.3796303272247314,0.5171619653701782
53,60,no_condition,3,42,0.453125,0.5078125,0.4358047016274864,1.0,4.120708465576172,0.8412620425224304
54,60,no_condition,3,42,0.3203125,0.4140625,0.4173169267707083,1.0,4.454686164855957,0.9303073287010193
55,60,no_condition,3,42,0.4453125,0.5703125,0.4057308970099668,1.0,5.667740821838379,1.1456971168518066
56,60,no_condition,3,42,0.390625,0.546875,0.42264250065668507,1.0,4.358994483947754,0.9681797623634338
57,60,no_condition,3,42,0.296875,0.421875,0.3958333333333333,1.0,3.547302722930908,0.9110321402549744
58,60,no_condition,3,42,0.4921875,0.5546875,0.47621158392434987,1.0,3.5951292514801025,0.7307014465332031
59,60,no_condition,3,42,0.390625,0.484375,0.4909090909090909,1.0,2.6460964679718018,0.508720874786377
60,60,no_condition,3,42,0.3125,0.4375,0.425531914893617,1.0,3.2790932655334473,0.732488751411438
61,60,no_condition,3,42,0.34375,0.484375,0.4626865671641791,1.0,5.227852821350098,1.2039991617202759
62,60,no_condition,3,42,0.3203125,0.40625,0.4140689089417555,1.0,3.1980395317077637,0.6221188902854919
63,60,no_condition,3,42,0.359375,0.4609375,0.36592741935483875,1.0,3.088146686553955,0.6669031977653503
64,60,no_condition,3,42,0.453125,0.5625,0.4947209653092006,1.0,3.4036314487457275,0.6942046880722046
65,60,no_condition,3,42,0.2890625,0.3984375,0.47058823529411764,1.0,3.6002402305603027,0.7324541807174683
66,60,no_condition,3,42,0.359375,0.4375,0.48936170212765956,1.0,5.150595664978027,0.9673365950584412
67,60,no_condition,3,42,0.25,0.390625,0.38095238095238093,1.0,2.547382354736328,0.5821547508239746
68,60,no_condition,3,42,0.46875,0.515625,0.45652173913043476,1.0,3.9724111557006836,0.8227306604385376
69,60,no_condition,3,42,0.359375,0.5,0.4507042253521127,1.0,3.071056365966797,0.7056137323379517
70,60,no_condition,3,42,0.3359375,0.4140625,0.4444444444444444,1.0,5.300403118133545,0.9611612558364868
71,60,no_condition,3,42,0.515625,0.53125,0.4852941176470588,1.0,2.765106678009033,0.6654072403907776
72,60,no_condition,3,42,0.3125,0.390625,0.3953488372093023,1.0,4.424367427825928,0.9773414134979248
73,60,no_condition,3,42,0.5625,0.578125,0.4166666666666667,1.0,4.357912063598633,0.9521719813346863
74,60,no_condition,3,42,0.3828125,0.515625,0.48636363636363633,1.0,3.8769571781158447,0.7404784560203552
75,60,no_condition,3,42,0.5390625,0.546875,0.47685185185185186,1.0,3.8319201469421387,0.7648996710777283
76,60,no_condition,3,42,0.375,0.5,0.5263157894736842,1.0,4.57596492767334,0.686873197555542
77,60,no_condition,3,42,0.359375,0.453125,0.38636363636363635,1.0,5.269240856170654,0.9533583521842957
78,60,no_condition,3,42,0.4453125,0.5234375,0.5003561253561254,1.0,4.197857856750488,0.740444004535675
79,60,no_condition,3,42,0.296875,0.4375,0.36538461538461536,1.0,5.754826545715332,1.0494998693466187
80,60,no_condition,3,42,0.3203125,0.4375,0.4765765765765766,1.0,2.573122978210449,0.6367950439453125
81,60,no_condition,3,42,0.265625,0.328125,0.3541666666666667,1.0,2.9626047611236572,0.5608025789260864
82,60,no_condition,3,42,0.3125,0.4375,0.456959706959707,1.0,3.4557723999023438,0.7771756052970886
83,60,no_condition,3,42,0.359375,0.421875,0.4791666666666667,1.0,4.689708232879639,0.9820429086685181
84,60,no_condition,3,42,0.34375,0.4765625,0.42820512820512824,1.0,2.5526413917541504,0.49821579456329346
85,60,no_condition,3,42,0.3515625,0.5625,0.4072003577817531,1.0,2.5312533378601074,0.514427125453949
86,60,no_condition,3,42,0.375,0.46875,0.4398989898989899,1.0,4.903934478759766,1.0500811338424683
87,60,no_condition,3,42,0.328125,0.4375,0.4375,1.0,4.338252067565918,0.779080867767334
88,60,no_condition,3,42,0.40625,0.4375,0.4647887323943662,1.0,3.0769639015197754,0.643453061580658
89,60,no_condition,3,42,0.359375,0.46875,0.4406779661016949,1.0,5.246215343475342,0.9257916212081909
90,60,no_condition,3,42,0.296875,0.453125,0.4107142857142857,1.0,3.331627607345581,0.5301095247268677
91,60,no_condition,3,42,0.28125,0.375,0.3900372054568003,1.0,3.1161446571350098,0.7025999426841736
92,60,no_condition,3,42,0.296875,0.40625,0.42592592592592593,1.0,4.250704765319824,0.7819607853889465
93,60,no_condition,3,42,0.34375,0.484375,0.4186046511627907,1.0,4.0255632400512695,0.6793206334114075
94,60,no_condition,3,42,0.4921875,0.5703125,0.45285714285714285,1.0,5.868814468383789,0.9381016492843628
95,60,no_condition,3,42,0.359375,0.4453125,0.44466827827021216,1.0,5.435336589813232,1.0603643655776978
96,60,no_condition,3,42,0.3984375,0.4609375,0.4735449735449735,1.0,4.967208385467529,1.0846226215362549
97,60,no_condition,3,42,0.328125,0.4375,0.40384615384615385,1.0,3.2242536544799805,0.7257267236709595
98,60,no_condition,3,42,0.34375,0.5625,0.46808510638297873,1.0,3.3492870330810547,0.7414125800132751
99,60,no_condition,3,42,0.6640625,0.5703125,0.6082223631367576,1.0,3.614957809448242,0.8935859799385071
100,60,no_condition,3,42,0.234375,0.40625,0.3333333333333333,1.0,2.9487109184265137,0.7212446928024292
101,60,no_condition,3,42,0.3125,0.421875,0.39663461538461536,1.0,3.229374408721924,0.8033444881439209
102,60,no_condition,3,42,0.359375,0.4453125,0.4361111111111111,1.0,3.346970796585083,0.6812290549278259
103,60,no_condition,3,42,0.359375,0.453125,0.46166666666666667,1.0,2.5049848556518555,0.5947598814964294
104,60,no_condition,3,42,0.359375,0.46875,0.4117647058823529,1.0,5.032730579376221,0.7778457999229431
105,60,no_condition,3,42,0.3828125,0.484375,0.47014637904468415,1.0,3.7510876655578613,0.7369842529296875
106,60,no_condition,3,42,0.4140625,0.546875,0.49489795918367346,1.0,4.186943054199219,0.8786669373512268
107,60,no_condition,3,42,0.34375,0.3984375,0.42372234935164,1.0,4.535885810852051,0.7942987680435181
108,60,no_condition,3,42,0.28125,0.453125,0.35714285714285715,1.0,4.17605447769165,0.8133321404457092
109,60,no_condition,3,42,0.359375,0.46875,0.4338680926916221,1.0,8.228893280029297,1.3776606321334839
110,60,no_condition,3,42,0.453125,0.46875,0.4885262621111678,1.0,2.948289394378662,0.5894180536270142
111,60,no_condition,3,42,0.328125,0.515625,0.46511627906976744,1.0,3.424708843231201,0.6471457481384277
112,60,no_condition,3,42,0.2890625,0.3984375,0.39930232558139533,1.0,4.505947113037109,0.7665249705314636
113,60,no_condition,3,42,0.3984375,0.5546875,0.4801894918173988,1.0,6.622861385345459,1.0179409980773926
114,60,no_condition,3,42,0.453125,0.5625,0.48333333333333334,1.0,3.6658501625061035,0.7692962288856506
115,60,no_condition,3,42,0.3125,0.453125,0.414378860672615,1.0,3.1490695476531982,0.7164105772972107
116,60,no_condition,3,42,0.359375,0.59375,0.37142857142857144,1.0,4.578372955322266,0.7916538715362549
117,60,no_condition,3,42,0.328125,0.5234375,0.42424242424242425,1.0,3.067991018295288,0.6424594521522522
118,60,no_condition,3,42,0.3828125,0.4453125,0.5084016393442623,1.0,3.6880269050598145,0.7580897212028503
119,60,no_condition,3,42,0.296875,0.46875,0.38461538461538464,1.0,3.1472487449645996,0.6348052024841309
120,60,no_condition,3,42,0.328125,0.4375,0.4613142554319025,1.0,2.8045129776000977,0.6292619705200195
121,60,no_condition,3,42,0.359375,0.46875,0.49613152804642163,1.0,5.887873649597168,1.1576648950576782
122,60,no_condition,3,42,0.453125,0.5625,0.4666666666666667,1.0,3.3833556175231934,0.6789886355400085
123,60,no_condition,3,42,0.2578125,0.3984375,0.42105263157894735,1.0,3.586638927459717,0.7249690890312195
124,60,no_condition,3,42,0.2578125,0.34375,0.4084249084249084,1.0,3.7156903743743896,0.6371526122093201
125,60,no_condition,3,42,0.421875,0.671875,0.46551724137931033,1.0,3.632999897003174,0.6204859614372253
126,60,no_condition,3,42,0.359375,0.421875,0.45714285714285713,1.0,3.933161497116089,0.7354574799537659
127,60,no_condition,3,42,0.296875,0.375,0.38899950223992036,1.0,1.9524409770965576,0.4837520122528076
128,60,no_condition,3,42,0.328125,0.453125,0.45652173913043476,1.0,2.807845115661621,0.7017893195152283
129,60,no_condition,3,42,0.328125,0.4296875,0.41589147286821704,1.0,4.418983459472656,0.9022103548049927
130,60,no_condition,3,42,0.296875,0.484375,0.4222222222222222,1.0,3.0528955459594727,0.6298704147338867
131,60,no_condition,3,42,0.3359375,0.453125,0.46051356589147285,1.0,5.085653305053711,0.8547192215919495
132,60,no_condition,3,42,0.34375,0.671875,0.4,1.0,3.9574170112609863,0.8724343180656433
133,60,no_condition,3,42,0.3203125,0.4140625,0.39811320754716983,1.0,4.073094844818115,0.9220591187477112
134,60,no_condition,3,42,0.4609375,0.6484375,0.5412457912457913,1.0,4.729605674743652,0.8388371467590332
135,60,no_condition,3,42,0.265625,0.40625,0.391304347826087,1.0,3.922384738922119,0.7891407012939453
136,60,no_condition,3,42,0.296875,0.46875,0.3958333333333333,1.0,2.886441469192505,0.6918460726737976
137,60,no_condition,3,42,0.421875,0.640625,0.627906976744186,1.0,4.005827903747559,0.848147988319397
138,60,no_condition,3,42,0.40625,0.46875,0.4782608695652174,1.0,3.427180051803589,0.8455677032470703
139,60,no_condition,3,42,0.53125,0.640625,0.5066666666666667,1.0,2.6808648109436035,0.7085850834846497
140,60,no_condition,3,42,0.3203125,0.4296875,0.4408482142857143,1.0,2.867310047149658,0.5561037063598633
141,60,no_condition,3,42,0.390625,0.6875,0.38461538461538464,1.0,2.8756957054138184,0.6452487707138062
142,60,no_condition,3,42,0.3203125,0.375,0.4126333059885152,1.0,2.7546491622924805,0.6318585872650146
143,60,no_condition,3,42,0.34375,0.484375,0.45098039215686275,1.0,3.6234540939331055,0.749718189239502
144,60,no_condition,3,42,0.390625,0.5625,0.45454545454545453,1.0,3.6129097938537598,0.6904837489128113
145,60,no_condition,3,42,0.390625,0.515625,0.48936170212765956,1.0,5.83302116394043,1.0469244718551636
146,60,no_condition,3,42,0.328125,0.359375,0.45652173913043476,1.0,4.9930219650268555,0.8548994064331055
147,60,no_condition,3,42,0.28125,0.375,0.4186046511627907,1.0,4.901735305786133,0.9493933916091919
148,60,no_condition,3,42,0.328125,0.4375,0.42,1.0,3.456688165664673,0.8482170104980469
149,60,no_condition,3,42,0.3203125,0.453125,0.4,1.0,3.7210445404052734,0.7394238710403442
150,60,no_condition,3,42,0.3125,0.46875,0.4230769230769231,1.0,3.909101963043213,0.7523624300956726
151,60,no_condition,3,42,0.359375,0.5,0.3953488372093023,1.0,3.060784101486206,0.7192608118057251
152,60,no_condition,3,42,0.328125,0.453125,0.42,1.0,4.215786457061768,0.907561182975769
153,60,no_condition,3,42,0.3984375,0.4765625,0.3680555555555556,1.0,3.0341124534606934,0.715225338935852
154,60,no_condition,3,42,0.359375,0.484375,0.4084448160535117,1.0,3.5643045902252197,0.7256324291229248
155,60,no_condition,3,42,0.328125,0.4140625,0.4300211416490486,1.0,3.00003719329834,0.6743960976600647
156,60,no_condition,3,42,0.359375,0.453125,0.4392982456140351,1.0,3.876206874847412,0.7689399719238281
157,60,no_condition,3,42,0.390625,0.65625,0.4098360655737705,1.0,3.7426352500915527,0.8329578042030334
158,60,no_condition,3,42,0.3046875,0.4609375,0.4037037037037037,1.0,6.90687370300293,1.051292061805725
159,60,no_condition,3,42,0.40625,0.5546875,0.3924903722721438,1.0,3.9373247623443604,0.6826015710830688
160,60,no_condition,3,42,0.3203125,0.3671875,0.4337979094076655,1.0,6.471331596374512,1.032410740852356
161,60,no_condition,3,42,0.359375,0.5625,0.4666666666666667,1.0,3.478656768798828,0.8009848594665527
162,60,no_condition,3,42,0.328125,0.515625,0.4523809523809524,1.0,6.333170413970947,0.9901114106178284
163,60,no_condition,3,42,0.3828125,0.5078125,0.38400900900900903,1.0,4.625631332397461,0.9027391076087952
164,60,no_condition,3,42,0.3203125,0.453125,0.4231884057971015,1.0,5.282841682434082,0.8054233193397522
165,60,no_condition,3,42,0.3828125,0.46875,0.4058700209643606,1.0,3.23240065574646,0.6400018930435181
166,60,no_condition,3,42,0.3984375,0.484375,0.44914728682170546,1.0,2.808274269104004,0.49763762950897217
167,60,no_condition,3,42,0.375,0.4765625,0.4163135593220339,1.0,2.447887420654297,0.5410006642341614
168,60,no_condition,3,42,0.3828125,0.515625,0.47333333333333333,1.0,4.894498348236084,1.105189561843872
169,60,no_condition,3,42,0.4765625,0.71875,0.4235963727570905,1.0,2.3319826126098633,0.5408145785331726
170,60,no_condition,3,42,0.3125,0.4453125,0.3963045555909525,1.0,4.660124778747559,0.841715395450592
171,60,no_condition,3,42,0.3671875,0.4921875,0.4196428571428571,1.0,6.992955207824707,1.2139168977737427
172,60,no_condition,3,42,0.3125,0.375,0.4523809523809524,1.0,6.229563236236572,1.1866307258605957
173,60,no_condition,3,42,0.3125,0.453125,0.39215686274509803,1.0,2.451111316680908,0.5079692602157593
174,60,no_condition,3,42,0.34375,0.578125,0.4,1.0,2.9976539611816406,0.6776984930038452
175,60,no_condition,3,42,0.328125,0.578125,0.4222222222222222,1.0,5.291572570800781,0.9174972176551819
176,60,no_condition,3,42,0.3046875,0.390625,0.4532608695652174,1.0,4.585912704467773,0.793752133846283
177,60,no_condition,3,42,0.296875,0.3828125,0.4286750483558994,1.0,3.1076560020446777,0.7003594636917114
178,60,no_condition,3,42,0.3046875,0.484375,0.4030732860520094,1.0,3.3198275566101074,0.773657500743866
179,60,no_condition,3,42,0.328125,0.453125,0.40652173913043477,1.0,4.600963592529297,0.9728212356567383
180,60,no_condition,3,42,0.390625,0.46875,0.4883720930232558,1.0,3.7355098724365234,0.7187802791595459
181,60,no_condition,3,42,0.328125,0.453125,0.48148148148148145,1.0,5.013951778411865,0.8626675605773926
182,60,no_condition,3,42,0.390625,0.390625,0.5076923076923077,1.0,4.639111042022705,0.7749454379081726
183,60,no_condition,3,42,0.453125,0.5625,0.42028985507246375,1.0,4.445940017700195,0.7854927182197571
184,60,no_condition,3,42,0.4375,0.46875,0.4722222222222222,1.0,5.852442741394043,1.1141467094421387
185,60,no_condition,3,42,0.359375,0.421875,0.48936170212765956,1.0,4.303496837615967,0.8948001861572266
186,60,no_condition,3,42,0.3125,0.46875,0.4444444444444444,1.0,5.221530914306641,0.9849700331687927
187,60,no_condition,3,42,0.328125,0.703125,0.3958333333333333,1.0,3.49969482421875,0.6815534234046936
188,60,no_condition,3,42,0.3203125,0.4453125,0.44254658385093165,1.0,4.31306266784668,0.8654608726501465
189,60,no_condition,3,42,0.28125,0.421875,0.40100430416068866,1.0,3.275083303451538,0.6991164684295654
190,60,no_condition,3,42,0.28125,0.40625,0.4,1.0,3.6767497062683105,0.752860963344574
191,60,no_condition,3,42,0.34375,0.4609375,0.44838455476753347,1.0,4.2783732414245605,0.7947279810905457
192,60,no_condition,3,42,0.3046875,0.4453125,0.40004432624113473,1.0,3.2041642665863037,0.6156314015388489
193,60,no_condition,3,42,0.453125,0.5546875,0.4590732519422863,1.0,5.337374687194824,0.9109945893287659
194,60,no_condition,3,42,0.2578125,0.3828125,0.358695652173913,1.0,4.292529106140137,0.8537940382957458
195,60,no_condition,3,42,0.375,0.4375,0.5,1.0,4.7166900634765625,0.7037878036499023
196,60,no_condition,3,42,0.4296875,0.53125,0.4206349206349206,1.0,2.582367420196533,0.5618336796760559
197,60,no_condition,3,42,0.3359375,0.390625,0.382895816242822,1.0,5.443912506103516,1.0313334465026855
198,60,no_condition,3,42,0.296875,0.359375,0.4339622641509434,1.0,5.580358505249023,0.9371411800384521
199,60,no_condition,3,42,0.296875,0.453125,0.391304347826087,1.0,3.7036314010620117,0.8396120071411133
200,60,no_condition,3,42,0.4609375,0.5234375,0.539396628216504,1.0,4.25539493560791,0.9911983013153076
201,60,no_condition,3,42,0.28125,0.375,0.38541666666666663,1.0,3.8319640159606934,0.7212544679641724
202,60,no_condition,3,42,0.34375,0.515625,0.45454545454545453,1.0,6.474291801452637,1.0118420124053955
203,60,no_condition,3,42,0.359375,0.3984375,0.4601840736294518,1.0,3.7234208583831787,0.7352756261825562
204,60,no_condition,3,42,0.421875,0.46875,0.5437370600414079,1.0,3.308746337890625,0.6866809725761414
205,60,no_condition,3,42,0.296875,0.3359375,0.40266912103083297,1.0,5.02047872543335,0.8861925601959229
206,60,no_condition,3,42,0.359375,0.46875,0.5,1.0,3.894221782684326,0.6141552925109863
207,60,no_condition,3,42,0.34375,0.625,0.33757716049382713,1.0,2.779322862625122,0.6752976775169373
208,60,no_condition,3,42,0.3125,0.390625,0.4166666666666667,1.0,4.037500381469727,0.9062472581863403
209,60,no_condition,3,42,0.34375,0.40625,0.4583333333333333,1.0,5.402710914611816,0.923667848110199
210,60,no_condition,3,42,0.3359375,0.3984375,0.390598862495818,1.0,3.175133466720581,0.7237051129341125
211,60,no_condition,3,42,0.6171875,0.6640625,0.5582627118644068,1.0,5.270516872406006,0.9975854754447937
212,60,no_condition,3,42,0.390625,0.46875,0.5,1.0,4.326931953430176,0.7724314332008362
213,60,no_condition,3,42,0.3125,0.5,0.45,1.0,3.06351637840271,0.6531709432601929
214,60,no_condition,3,42,0.46875,0.53125,0.4918032786885246,1.0,3.314202308654785,0.7369241714477539
215,60,no_condition,3,42,0.34375,0.4375,0.4107142857142857,1.0,4.222217559814453,0.8497014045715332
216,60,no_condition,3,42,0.390625,0.375,0.4716981132075472,1.0,4.782135486602783,0.8179214596748352
217,60,no_condition,3,42,0.390625,0.6640625,0.3854895104895105,1.0,2.738785743713379,0.565007746219635
218,60,no_condition,3,42,0.359375,0.5,0.5,1.0,3.1663999557495117,0.6473120450973511
219,60,no_condition,3,42,0.2734375,0.4140625,0.43704680290046144,1.0,4.008144855499268,0.7458635568618774
220,60,no_condition,3,42,0.4375,0.453125,0.36666666666666664,1.0,3.904709815979004,0.8035848736763
221,60,no_condition,3,42,0.5546875,0.609375,0.5248015873015872,1.0,5.991189479827881,1.0278067588806152
222,60,no_condition,3,42,0.421875,0.515625,0.423728813559322,1.0,2.153846502304077,0.44811028242111206
223,60,no_condition,3,42,0.375,0.4296875,0.47333333333333333,1.0,4.646758079528809,0.897636890411377
224,60,no_condition,3,42,0.296875,0.4375,0.42857142857142855,1.0,2.7915234565734863,0.6109968423843384
225,60,no_condition,3,42,0.28125,0.40625,0.3958333333333333,1.0,4.124723434448242,0.8473071455955505
226,60,no_condition,3,42,0.3125,0.4375,0.4528301886792453,1.0,2.7213246822357178,0.6713047623634338
227,60,no_condition,3,42,0.296875,0.359375,0.3958333333333333,1.0,4.800260066986084,1.0166553258895874
228,60,no_condition,3,42,0.40625,0.515625,0.5060240963855421,1.0,5.132587909698486,0.9743499755859375
229,60,no_condition,3,42,0.390625,0.5625,0.4666666666666667,1.0,2.873856544494629,0.6598808169364929
230,60,no_condition,3,42,0.390625,0.5625,0.4858490566037736,1.0,4.69731330871582,0.8934959769248962
231,60,no_condition,3,42,0.609375,0.828125,0.5652173913043478,1.0,2.7737646102905273,0.6352229714393616
232,60,no_condition,3,42,0.28125,0.546875,0.39705882352941174,1.0,3.2007269859313965,0.727730393409729
233,60,no_condition,3,42,0.3828125,0.4765625,0.48074701578744705,1.0,3.764749050140381,0.7606164813041687
234,60,no_condition,3,42,0.296875,0.453125,0.41304347826086957,1.0,4.113803386688232,0.7046669721603394
235,60,no_condition,3,42,0.2890625,0.4609375,0.37575757575757573,1.0,3.842827796936035,0.7966755032539368
236,60,no_condition,3,42,0.421875,0.4375,0.4810126582278481,1.0,4.421680450439453,0.8916072249412537
237,60,no_condition,3,42,0.34375,0.53125,0.4888888888888889,1.0,4.807941913604736,0.7912442684173584
238,60,no_condition,3,42,0.3359375,0.484375,0.42391304347826086,1.0,5.293184280395508,0.9318740367889404
239,60,no_condition,3,42,0.328125,0.453125,0.4517625231910946,1.0,4.328733444213867,0.8955278992652893
240,60,no_condition,3,42,0.2734375,0.4140625,0.40630797773654914,1.0,3.5734658241271973,0.6675397157669067
241,60,no_condition,3,42,0.328125,0.421875,0.485576923076923,1.0,4.727614402770996,0.9550420641899109
242,60,no_condition,3,42,0.46875,0.640625,0.5172413793103449,1.0,3.3734233379364014,0.8436654210090637
243,60,no_condition,3,42,0.3125,0.453125,0.4166666666666667,1.0,3.766202926635742,0.7273160815238953
244,60,no_condition,3,42,0.3359375,0.453125,0.4349881796690307,1.0,3.5589611530303955,0.7830034494400024
245,60,no_condition,3,42,0.34375,0.59375,0.6206896551724138,1.0,4.0034990310668945,0.9365813732147217
246,60,no_condition,3,42,0.3125,0.4140625,0.45081135902636915,1.0,4.70774507522583,0.8625590801239014
247,60,no_condition,3,42,0.34375,0.578125,0.4230769230769231,1.0,4.771594524383545,0.9003653526306152
248,60,no_condition,3,42,0.328125,0.484375,0.41198752228163993,1.0,2.9943418502807617,0.7360153198242188
249,60,no_condition,3,42,0.5234375,0.6640625,0.5070131271354074,1.0,2.7052366733551025,0.6037314534187317
250,60,no_condition,3,42,0.5078125,0.609375,0.4612134344528711,1.0,4.526803970336914,1.0006685256958008
251,60,no_condition,3,42,0.453125,0.515625,0.484375,1.0,3.857790946960449,0.8165674209594727
252,60,no_condition,3,42,0.34375,0.46875,0.4107142857142857,1.0,4.035003662109375,0.8120887279510498
253,60,no_condition,3,42,0.34375,0.515625,0.5147058823529411,1.0,5.089055061340332,0.8241109848022461
254,60,no_condition,3,42,0.28125,0.4375,0.3953488372093023,1.0,3.892916202545166,0.8765139579772949
255,60,no_condition,3,42,0.3125,0.4375,0.44,1.0,3.9640603065490723,0.8193148374557495
256,60,no_condition,3,42,0.375,0.4375,0.42857142857142855,1.0,3.959773540496826,0.8553492426872253
257,60,no_condition,3,42,0.5,0.4609375,0.43167701863354035,1.0,3.622124195098877,0.811771810054779
258,60,no_condition,3,42,0.25,0.390625,0.38095238095238093,1.0,3.3637542724609375,0.7576014399528503
259,60,no_condition,3,42,0.3671875,0.46875,0.48469387755102045,1.0,3.874318838119507,0.758165717124939
260,60,no_condition,3,42,0.359375,0.390625,0.425531914893617,1.0,5.694842338562012,1.0545625686645508
261,60,no_condition,3,42,0.3828125,0.4609375,0.478030303030303,1.0,4.822348594665527,1.0214083194732666
262,60,no_condition,3,42,0.3671875,0.4921875,0.4019607843137255,1.0,5.349489688873291,0.9391244649887085
263,60,no_condition,3,42,0.296875,0.484375,0.4444444444444444,1.0,3.907362937927246,0.8385118246078491
264,60,no_condition,3,42,0.375,0.421875,0.5106382978723404,1.0,5.31524133682251,0.839227020740509
265,60,no_condition,3,42,0.4609375,0.484375,0.5400130123617437,1.0,3.4388179779052734,0.748435914516449
266,60,no_condition,3,42,0.40625,0.46875,0.45614035087719296,1.0,4.838044166564941,0.9937317371368408
267,60,no_condition,3,42,0.359375,0.375,0.40476190476190477,1.0,4.249610424041748,0.773749828338623
268,60,no_condition,3,42,0.2578125,0.4140625,0.373546511627907,1.0,2.565598487854004,0.6871984004974365
269,60,no_condition,3,42,0.3046875,0.4296875,0.46111111111111114,1.0,4.705677032470703,0.7723365426063538
270,60,no_condition,3,42,0.359375,0.453125,0.40625,1.0,4.927242279052734,0.9033183455467224
271,60,no_condition,3,42,0.28125,0.421875,0.3958333333333333,1.0,4.186643600463867,0.8325943350791931
272,60,no_condition,3,42,0.3359375,0.4453125,0.46107301331181927,1.0,3.019685745239258,0.7218907475471497
273,60,no_condition,3,42,0.390625,0.6484375,0.4198966408268734,1.0,2.1426095962524414,0.4859350025653839
274,60,no_condition,3,42,0.765625,0.5,0.6057692307692307,1.0,3.6377182006835938,0.6553406119346619
275,60,no_condition,3,42,0.3125,0.4296875,0.40588235294117647,1.0,4.220885276794434,0.7451072931289673
276,60,no_condition,3,42,0.4296875,0.46875,0.5106732348111659,1.0,4.442870616912842,0.6676202416419983
277,60,no_condition,3,42,0.3203125,0.46875,0.43741496598639457,1.0,4.428798675537109,0.8354092836380005
278,60,no_condition,3,42,0.375,0.5,0.4888888888888889,1.0,1.386146068572998,0.3376355767250061
279,60,no_condition,3,42,0.28125,0.390625,0.4090909090909091,1.0,4.529306888580322,0.7744903564453125
280,60,no_condition,3,42,0.484375,0.4375,0.5238095238095238,1.0,4.205941200256348,0.8708052635192871
281,60,no_condition,3,42,0.3125,0.421875,0.45,1.0,4.2616705894470215,0.7089152932167053
282,60,no_condition,3,42,0.25,0.390625,0.375,1.0,2.772496223449707,0.6015166640281677
283,60,no_condition,3,42,0.34375,0.4375,0.4486607142857143,1.0,5.587920665740967,0.9960740208625793
284,60,no_condition,3,42,0.4375,0.5625,0.5,1.0,4.695859432220459,0.9427846670150757
285,60,no_condition,3,42,0.296875,0.390625,0.40004432624113473,1.0,4.261502265930176,0.7857121825218201
286,60,no_condition,3,42,0.390625,0.40625,0.5,1.0,3.46588134765625,0.699693500995636
287,60,no_condition,3,42,0.375,0.515625,0.43636363636363634,1.0,3.6900877952575684,0.7431895136833191
288,60,no_condition,3,42,0.25,0.421875,0.38461538461538464,1.0,4.265790939331055,0.81534343957901
289,60,no_condition,3,42,0.3046875,0.484375,0.3875,1.0,4.46229887008667,0.8249675631523132
290,60,no_condition,3,42,0.34375,0.546875,0.3794757033248082,1.0,4.2485857009887695,0.8447210788726807
291,60,no_condition,3,42,0.4375,0.46875,0.5,1.0,3.7763237953186035,0.8851174712181091
292,60,no_condition,3,42,0.3671875,0.4140625,0.46828211189913316,1.0,6.718131065368652,1.032254934310913
293,60,no_condition,3,42,0.296875,0.4375,0.4176356589147287,1.0,3.3859243392944336,0.6841413974761963
294,60,no_condition,3,42,0.3828125,0.5234375,0.3916799272561946,1.0,4.9096221923828125,0.9898554682731628
295,60,no_condition,3,42,0.359375,0.390625,0.4423076923076923,1.0,5.464637756347656,1.0524319410324097
296,60,no_condition,3,42,0.375,0.484375,0.45,1.0,5.201107025146484,0.8591415286064148
297,60,no_condition,3,42,0.640625,0.6328125,0.6396103896103896,1.0,4.949258327484131,0.9879483580589294
298,60,no_condition,3,42,0.453125,0.5,0.5135135135135135,1.0,3.6532864570617676,0.7164570093154907
299,60,no_condition,3,42,0.375,0.46875,0.48,1.0,3.1028635501861572,0.6677731871604919
300,60,no_condition,3,42,0.390625,0.421875,0.5,1.0,5.185947418212891,0.9661882519721985
301,60,no_condition,3,42,0.3046875,0.375,0.4077055779183439,1.0,6.485489845275879,1.1842848062515259
302,60,no_condition,3,42,0.3125,0.421875,0.4375,1.0,4.024987697601318,0.8822564482688904
303,60,no_condition,3,42,0.3515625,0.4375,0.4052215884159719,1.0,4.660490036010742,0.9737028479576111
304,60,no_condition,3,42,0.296875,0.484375,0.4340425531914894,1.0,5.824228286743164,0.9182921648025513
305,60,no_condition,3,42,0.328125,0.46875,0.4673202614379085,1.0,3.219033718109131,0.6434630751609802
306,60,no_condition,3,42,0.359375,0.4453125,0.40084134615384615,1.0,3.059713125228882,0.7251995801925659
307,60,no_condition,3,42,0.265625,0.4375,0.3827027027027027,1.0,3.102421283721924,0.6073674559593201
308,60,no_condition,3,42,0.375,0.5625,0.48333333333333334,1.0,2.8969929218292236,0.6584309339523315
309,60,no_condition,3,42,0.40625,0.4375,0.5142857142857142,1.0,4.605684280395508,0.9125077128410339
310,60,no_condition,3,42,0.28125,0.390625,0.4528301886792453,1.0,4.1339216232299805,0.8081145882606506
311,60,no_condition,3,42,0.296875,0.46875,0.41304347826086957,1.0,2.911515712738037,0.6062431335449219
312,60,no_condition,3,42,0.3046875,0.4609375,0.4275074478649454,1.0,4.110798358917236,0.8900098204612732
313,60,no_condition,3,42,0.375,0.515625,0.4,1.0,5.44145393371582,0.955720841884613
314,60,no_condition,3,42,0.328125,0.3984375,0.42857142857142855,1.0,4.2039995193481445,0.8265100121498108
315,60,no_condition,3,42,0.28125,0.40625,0.43859649122807015,1.0,7.482852935791016,1.287671685218811
316,60,no_condition,3,42,0.375,0.546875,0.4444444444444444,1.0,4.583856582641602,0.8211005926132202
317,60,no_condition,3,42,0.34375,0.40625,0.42824730572887126,1.0,5.55069637298584,0.9906149506568909
318,60,no_condition,3,42,0.3125,0.375,0.4146341463414634,1.0,5.160493850708008,0.9545883536338806
319,60,no_condition,3,42,0.390625,0.5625,0.4166666666666667,1.0,4.790317535400391,0.9425783157348633
320,60,no_condition,3,42,0.375,0.4296875,0.4801920768307323,1.0,3.953874111175537,0.7587282061576843
321,60,no_condition,3,42,0.359375,0.578125,0.46296296296296297,1.0,6.455694675445557,1.240843653678894
322,60,no_condition,3,42,0.390625,0.453125,0.49122807017543857,1.0,4.361818313598633,0.9256458878517151
323,60,no_condition,3,42,0.375,0.46875,0.4782608695652174,1.0,4.576673984527588,1.0317580699920654
324,60,no_condition,3,42,0.4453125,0.5859375,0.4848675914249685,1.0,3.0759432315826416,0.6738108396530151
325,60,no_condition,3,42,0.265625,0.4375,0.36363636363636365,1.0,3.7204806804656982,0.6740248203277588
326,60,no_condition,3,42,0.3125,0.40625,0.43,1.0,5.854353904724121,1.1322838068008423
327,60,no_condition,3,42,0.28125,0.390625,0.4224308300395257,1.0,2.7271199226379395,0.6360799670219421
328,60,no_condition,3,42,0.3125,0.4921875,0.3878021978021978,1.0,5.327724456787109,1.0232093334197998
329,60,no_condition,3,42,0.3125,0.375,0.4166666666666667,1.0,3.7034287452697754,0.7151132225990295
330,60,no_condition,3,42,0.3046875,0.40625,0.40993788819875776,1.0,7.957099437713623,1.1846696138381958
331,60,no_condition,3,42,0.359375,0.4453125,0.4496567505720824,1.0,4.108723163604736,0.7426894903182983
332,60,no_condition,3,42,0.28125,0.421875,0.3688888888888889,1.0,2.73319673538208,0.5384995341300964
333,60,no_condition,3,42,0.25,0.3984375,0.34930313588850176,1.0,3.5680031776428223,0.7855289578437805
334,60,no_condition,3,42,0.359375,0.484375,0.45,1.0,7.405633449554443,1.2472078800201416
335,60,no_condition,3,42,0.5078125,0.6796875,0.5325531342480495,1.0,4.040424346923828,0.8273300528526306
336,60,no_condition,3,42,0.3125,0.421875,0.47619047619047616,1.0,3.7880654335021973,0.8227251768112183
337,60,no_condition,3,42,0.375,0.4375,0.46808510638297873,1.0,3.755650520324707,0.7125670313835144
338,60,no_condition,3,42,0.3125,0.5703125,0.41462765957446807,1.0,4.677768707275391,0.9344428777694702
339,60,no_condition,3,42,0.3046875,0.3671875,0.44832826747720367,1.0,2.8006951808929443,0.6259601712226868
340,60,no_condition,3,42,0.359375,0.34375,0.4523809523809524,1.0,2.8645079135894775,0.5079145431518555
341,60,no_condition,3,42,0.359375,0.4921875,0.46568627450980393,1.0,3.2260031700134277,0.7363913655281067
342,60,no_condition,3,42,0.25,0.375,0.3404255319148936,1.0,3.7229111194610596,0.7862539887428284
343,60,no_condition,3,42,0.578125,0.5625,0.5606060606060606,1.0,3.8505125045776367,0.6614635586738586
344,60,no_condition,3,42,0.375,0.4140625,0.4585714285714286,1.0,3.8846306800842285,0.7665311694145203
345,60,no_condition,3,42,0.34375,0.359375,0.4782608695652174,1.0,4.475495338439941,0.8014662861824036
346,60,no_condition,3,42,0.328125,0.390625,0.42358803986710963,1.0,5.953170299530029,1.1125235557556152
347,60,no_condition,3,42,0.6328125,0.7265625,0.5503040353786622,1.0,3.3325672149658203,0.6258578896522522
348,60,no_condition,3,42,0.3359375,0.46875,0.3833333333333333,1.0,7.764678955078125,1.1814568042755127
349,60,no_condition,3,42,0.328125,0.453125,0.42857142857142855,1.0,4.731358051300049,0.8082534670829773
350,60,no_condition,3,42,0.34375,0.46875,0.44,1.0,4.149263381958008,0.899307370185852
351,60,no_condition,3,42,0.40625,0.6796875,0.3448275862068966,1.0,5.035278797149658,0.9663892388343811
352,60,no_condition,3,42,0.3046875,0.4375,0.41418918918918923,1.0,3.7773354053497314,0.7126249670982361
353,60,no_condition,3,42,0.328125,0.453125,0.38548387096774195,1.0,3.8470914363861084,0.8643423914909363
354,60,no_condition,3,42,0.375,0.5,0.46755637367694436,1.0,5.254284858703613,0.9735826253890991
355,60,no_condition,3,42,0.390625,0.53125,0.44,1.0,3.396328926086426,0.6410846710205078
356,60,no_condition,3,42,0.3671875,0.484375,0.43000000000000005,1.0,4.7893781661987305,0.9460511207580566
357,60,no_condition,3,42,0.28125,0.421875,0.4,1.0,4.023761749267578,0.955374538898468
358,60,no_condition,3,42,0.3203125,0.453125,0.44155844155844154,1.0,4.188090801239014,0.8526512384414673
359,60,no_condition,3,42,0.4140625,0.46875,0.522560528246515,1.0,4.274989128112793,0.9137219190597534
360,60,no_condition,3,42,0.359375,0.375,0.4444444444444444,1.0,3.7711851596832275,0.7333738803863525
361,60,no_condition,3,42,0.5625,0.84375,0.42105263157894735,1.0,3.670928478240967,0.7802485227584839
362,60,no_condition,3,42,0.375,0.46875,0.36363636363636365,1.0,3.7550148963928223,0.6255356669425964
363,60,no_condition,3,42,0.328125,0.453125,0.43478260869565216,1.0,3.6539688110351562,0.8474408388137817
364,60,no_condition,3,42,0.390625,0.53125,0.4482758620689655,1.0,2.7830801010131836,0.7238277792930603
365,60,no_condition,3,42,0.2734375,0.4453125,0.4039893617021276,1.0,3.04571533203125,0.5544449090957642
366,60,no_condition,3,42,0.4140625,0.5,0.4152260638297872,1.0,3.191828727722168,0.6199366450309753
367,60,no_condition,3,42,0.5546875,0.6328125,0.5583386176284084,1.0,4.2352776527404785,0.9412615895271301
368,60,no_condition,3,42,0.390625,0.515625,0.5217391304347826,1.0,3.8699817657470703,0.5775859951972961
369,60,no_condition,3,42,0.296875,0.484375,0.43137254901960786,1.0,3.865839958190918,0.7183237671852112
370,60,no_condition,3,42,0.3046875,0.3828125,0.4083333333333333,1.0,4.239202976226807,0.9468296766281128
371,60,no_condition,3,42,0.28125,0.4375,0.3902439024390244,1.0,3.5861878395080566,0.7135418057441711
372,60,no_condition,3,42,0.3203125,0.4609375,0.38235294117647056,1.0,4.147780418395996,0.8990095257759094
373,60,no_condition,3,42,0.328125,0.390625,0.4015151515151515,1.0,4.052246570587158,0.8148178458213806
374,60,no_condition,3,42,0.3359375,0.5234375,0.42606707317073167,1.0,3.3306479454040527,0.6509107947349548
375,60,no_condition,3,42,0.359375,0.484375,0.45652173913043476,1.0,6.682210445404053,0.9605958461761475
376,60,no_condition,3,42,0.328125,0.4453125,0.412962962962963,1.0,3.411592960357666,0.7155334949493408
377,60,no_condition,3,42,0.3125,0.390625,0.5128205128205128,1.0,3.9981560707092285,0.649105966091156
378,60,no_condition,3,42,0.296875,0.390625,0.4492424242424242,1.0,3.8880763053894043,0.8160321116447449
379,60,no_condition,3,42,0.3515625,0.3984375,0.40162037037037035,1.0,5.015252113342285,0.8832717537879944
380,60,no_condition,3,42,0.34375,0.453125,0.43137254901960786,1.0,3.882702350616455,0.6473143100738525
381,60,no_condition,3,42,0.3515625,0.5546875,0.4326923076923077,1.0,4.3422160148620605,0.881758451461792
382,60,no_condition,3,42,0.4765625,0.5703125,0.48834134615384617,1.0,3.7545957565307617,0.7775223255157471
383,60,no_condition,3,42,0.359375,0.53125,0.3943506969919296,1.0,2.3498401641845703,0.5548887252807617
384,60,no_condition,3,42,0.703125,0.53125,0.5357142857142857,1.0,3.514582395553589,0.7371755242347717
385,60,no_condition,3,42,0.3125,0.390625,0.4148936170212766,1.0,4.174655914306641,0.754738986492157
386,60,no_condition,3,42,0.5078125,0.4609375,0.5268628078030061,1.0,2.9944984912872314,0.7082468867301941
387,60,no_condition,3,42,0.390625,0.515625,0.43137254901960786,1.0,4.7876176834106445,0.9084063768386841
388,60,no_condition,3,42,0.296875,0.40625,0.453125,1.0,2.155524730682373,0.384196013212204
389,60,no_condition,3,42,0.3046875,0.390625,0.4429164504411002,1.0,4.088017463684082,0.7306111454963684
390,60,no_condition,3,42,0.375,0.4375,0.45454545454545453,1.0,3.7053654193878174,0.7132394909858704
391,60,no_condition,3,42,0.359375,0.34375,0.425531914893617,1.0,3.8047187328338623,0.6442626118659973
392,60,no_condition,3,42,0.265625,0.34375,0.39767441860465114,1.0,5.091708183288574,0.9074732065200806
393,60,no_condition,3,42,0.296875,0.40625,0.36538461538461536,1.0,3.286898136138916,0.7633079290390015
394,60,no_condition,3,42,0.3203125,0.4453125,0.4202317290552585,1.0,4.824550628662109,0.9876447916030884
395,60,no_condition,3,42,0.375,0.515625,0.45614035087719296,1.0,2.9199790954589844,0.657406210899353
396,60,no_condition,3,42,0.328125,0.390625,0.4716981132075472,1.0,5.078187942504883,0.950051486492157
397,60,no_condition,3,42,0.328125,0.46875,0.41025641025641024,1.0,2.9829230308532715,0.5567570924758911
398,60,no_condition,3,42,0.28125,0.4296875,0.40930232558139534,1.0,2.893873453140259,0.6413529515266418
399,60,no_condition,3,42,0.4375,0.421875,0.5,1.0,4.9926629066467285,0.9089614152908325
400,60,no_condition,3,42,0.375,0.5,0.47058823529411764,1.0,3.830392837524414,0.7651560306549072
401,60,no_condition,3,42,0.4375,0.515625,0.4383561643835616,1.0,2.8293426036834717,0.6201950907707214
402,60,no_condition,3,42,0.359375,0.546875,0.4090909090909091,1.0,4.006716251373291,0.9535660147666931
403,60,no_condition,3,42,0.375,0.40625,0.5172413793103449,1.0,4.539238929748535,0.7098076939582825
404,60,no_condition,3,42,0.34375,0.5,0.44680851063829785,1.0,3.923976421356201,0.9383794665336609
405,60,no_condition,3,42,0.359375,0.40625,0.45098039215686275,1.0,4.898456573486328,0.8869189620018005
406,60,no_condition,3,42,0.3125,0.3828125,0.5304878048780488,1.0,4.10491943359375,0.7667868733406067
407,60,no_condition,3,42,0.3125,0.4296875,0.4436649659863946,1.0,3.120487689971924,0.646883487701416
408,60,no_condition,3,42,0.375,0.5,0.5,1.0,4.152044296264648,0.7877506613731384
409,60,no_condition,3,42,0.234375,0.375,0.34146341463414637,1.0,2.266064167022705,0.501692533493042
410,60,no_condition,3,42,0.375,0.390625,0.4528301886792453,1.0,5.325576305389404,1.0778791904449463
411,60,no_condition,3,42,0.328125,0.453125,0.5,1.0,4.310829162597656,0.8758480548858643
412,60,no_condition,3,42,0.3984375,0.46875,0.4482581967213115,1.0,3.5530905723571777,0.8800487518310547
413,60,no_condition,3,42,0.265625,0.453125,0.3541666666666667,1.0,4.854557514190674,0.9750474095344543
414,60,no_condition,3,42,0.3359375,0.4375,0.4023809523809524,1.0,4.788756370544434,0.8223312497138977
415,60,no_condition,3,42,0.34375,0.453125,0.48958333333333337,1.0,3.0564372539520264,0.5593988299369812
416,60,no_condition,3,42,0.3046875,0.5078125,0.4253419452887538,1.0,4.615393161773682,1.0517853498458862
417,60,no_condition,3,42,0.328125,0.453125,0.45454545454545453,1.0,4.663995742797852,0.9642149209976196
418,60,no_condition,3,42,0.375,0.46875,0.48,1.0,3.475594997406006,0.7735210061073303
419,60,no_condition,3,42,0.359375,0.515625,0.4745762711864407,1.0,4.402052402496338,0.8519172072410583
420,60,no_condition,3,42,0.3125,0.4609375,0.35615384615384615,1.0,3.722954273223877,0.7802197933197021
421,60,no_condition,3,42,0.40625,0.5,0.5,1.0,4.28687858581543,1.001944661140442
422,60,no_condition,3,42,0.328125,0.375,0.4222222222222222,1.0,3.85402512550354,0.816750168800354
423,60,no_condition,3,42,0.265625,0.34375,0.425,1.0,2.6741976737976074,0.5358414053916931
424,60,no_condition,3,42,0.375,0.3984375,0.46587481146304677,1.0,2.913989782333374,0.6408615112304688
425,60,no_condition,3,42,0.265625,0.515625,0.3541666666666667,1.0,4.209909439086914,0.8568259477615356
426,60,no_condition,3,42,0.265625,0.421875,0.38095238095238093,1.0,2.597541332244873,0.6055171489715576
427,60,no_condition,3,42,0.28125,0.359375,0.40652173913043477,1.0,4.563281059265137,0.8109689950942993
428,60,no_condition,3,42,0.5625,0.734375,0.4931506849315068,1.0,4.126111030578613,0.8106907606124878
429,60,no_condition,3,42,0.328125,0.5078125,0.43559718969555034,1.0,2.595127820968628,0.6138591170310974
430,60,no_condition,3,42,0.328125,0.421875,0.4644101543056247,1.0,4.241781234741211,0.684588611125946
431,60,no_condition,3,42,0.40625,0.578125,0.5,1.0,5.8044304847717285,1.0409255027770996
432,60,no_condition,3,42,0.375,0.4296875,0.4496567505720824,1.0,4.2176055908203125,0.851365327835083
433,60,no_condition,3,42,0.46875,0.46875,0.4788732394366197,1.0,4.726076126098633,1.0539010763168335
434,60,no_condition,3,42,0.3671875,0.546875,0.39608711701734955,1.0,2.9228880405426025,0.6748993396759033
435,60,no_condition,3,42,0.390625,0.4921875,0.4702240566037736,1.0,3.705585479736328,0.8314876556396484
436,60,no_condition,3,42,0.3046875,0.4453125,0.4037456445993031,1.0,2.8086013793945312,0.5513068437576294
437,60,no_condition,3,42,0.3046875,0.4609375,0.37145969498910675,1.0,4.687512397766113,1.100858449935913
438,60,no_condition,3,42,0.3125,0.4375,0.4444444444444444,1.0,4.0062360763549805,0.7776129841804504
439,60,no_condition,3,42,0.3125,0.46875,0.37735849056603776,1.0,1.8719216585159302,0.4570332467556
440,60,no_condition,3,42,0.40625,0.453125,0.5074626865671642,1.0,2.9017906188964844,0.6536074280738831
441,60,no_condition,3,42,0.390625,0.484375,0.4264705882352941,1.0,3.2893898487091064,0.7255622744560242
442,60,no_condition,3,42,0.40625,0.4375,0.48214285714285715,1.0,4.665338516235352,0.9019039273262024
443,60,no_condition,3,42,0.328125,0.453125,0.37889483933787726,1.0,2.5812714099884033,0.5728185176849365
444,60,no_condition,3,42,0.328125,0.484375,0.38,1.0,4.63200569152832,0.9135434627532959
445,60,no_condition,3,42,0.3515625,0.421875,0.46660069272637306,1.0,3.2953405380249023,0.5733339190483093
446,60,no_condition,3,42,0.3125,0.53125,0.35294117647058826,1.0,3.4622535705566406,0.7906816601753235
447,60,no_condition,3,42,0.40625,0.515625,0.4411764705882353,1.0,4.1695661544799805,0.9880916476249695
448,60,no_condition,3,42,0.3671875,0.4921875,0.4222222222222222,1.0,3.2565197944641113,0.6618502140045166
449,60,no_condition,3,42,0.375,0.53125,0.4,1.0,2.6322402954101562,0.48311367630958557
450,60,no_condition,3,42,0.28125,0.40625,0.43902439024390244,1.0,4.418041229248047,0.7331435084342957
451,60,no_condition,3,42,0.28125,0.421875,0.3953488372093023,1.0,2.364511728286743,0.4870438873767853
452,60,no_condition,3,42,0.28125,0.375,0.4,1.0,4.424754619598389,0.7746054530143738
453,60,no_condition,3,42,0.3046875,0.40625,0.433125,1.0,4.859903335571289,0.961912989616394
454,60,no_condition,3,42,0.359375,0.421875,0.45375106564364875,1.0,5.486110687255859,0.8812174201011658
455,60,no_condition,3,42,0.265625,0.421875,0.4473684210526316,1.0,4.269394397735596,0.8641414046287537
456,60,no_condition,3,42,0.3515625,0.4453125,0.4206349206349206,1.0,4.076964855194092,0.9408813714981079
457,60,no_condition,3,42,0.265625,0.40625,0.4117647058823529,1.0,4.286624431610107,0.7353062629699707
458,60,no_condition,3,42,0.34375,0.484375,0.43137254901960786,1.0,2.3623852729797363,0.5611929297447205
459,60,no_condition,3,42,0.359375,0.390625,0.46551724137931033,1.0,4.5339155197143555,0.9357500076293945
460,60,no_condition,3,42,0.3125,0.5,0.42501186521120077,1.0,3.9508371353149414,0.9255684614181519
461,60,no_condition,3,42,0.375,0.4375,0.49019607843137253,1.0,4.7103071212768555,0.9273486733436584
462,60,no_condition,3,42,0.34375,0.4375,0.5277777777777778,1.0,5.185309886932373,1.0874032974243164
463,60,no_condition,3,42,0.3125,0.4609375,0.4342105263157895,1.0,3.197572946548462,0.6874684691429138
464,60,no_condition,3,42,0.3359375,0.4453125,0.45783898305084747,1.0,4.7531256675720215,0.8025163412094116
465,60,no_condition,3,42,0.3984375,0.515625,0.43914141414141417,1.0,5.367018699645996,0.8764532208442688
466,60,no_condition,3,42,0.3671875,0.421875,0.4522222222222222,1.0,4.308872699737549,0.9712784290313721
467,60,no_condition,3,42,0.328125,0.4296875,0.42735042735042733,1.0,4.569516181945801,1.0909960269927979
468,60,no_condition,3,42,0.3125,0.515625,0.4418604651162791,1.0,4.279775619506836,0.763915479183197
469,60,no_condition,3,42,0.28125,0.484375,0.425,1.0,3.788285255432129,0.9137995839118958
470,60,no_condition,3,42,0.359375,0.453125,0.46938775510204084,1.0,3.979116916656494,0.7651726007461548
471,60,no_condition,3,42,0.34375,0.40625,0.4318181818181818,1.0,6.975329399108887,1.0098927021026611
472,60,no_condition,3,42,0.328125,0.46875,0.42857142857142855,1.0,4.165058612823486,0.7925035357475281
473,60,no_condition,3,42,0.359375,0.484375,0.48,1.0,3.203298568725586,0.7120620608329773
474,60,no_condition,3,42,0.890625,0.75,0.6705882352941176,1.0,3.0043835639953613,0.6585846543312073
475,60,no_condition,3,42,0.390625,0.4375,0.43786407766990293,1.0,4.327910900115967,0.7784031629562378
476,60,no_condition,3,42,0.359375,0.515625,0.4166666666666667,1.0,4.22321891784668,0.8623653054237366
477,60,no_condition,3,42,0.375,0.4921875,0.42428571428571427,1.0,5.837342262268066,0.8811623454093933
478,60,no_condition,3,42,0.40625,0.515625,0.4727272727272727,1.0,5.513122081756592,0.9873640537261963
479,60,no_condition,3,42,0.359375,0.546875,0.45652173913043476,1.0,3.575888156890869,0.7234169840812683
480,60,no_condition,3,42,0.3125,0.4375,0.4473684210526316,1.0,5.635489463806152,0.9643016457557678
481,60,no_condition,3,42,0.40625,0.5625,0.4727272727272727,1.0,4.028373718261719,0.8335457444190979
482,60,no_condition,3,42,0.453125,0.671875,0.4664082687338501,1.0,4.9431962966918945,1.027948260307312
483,60,no_condition,3,42,0.265625,0.34375,0.4166666666666667,1.0,2.925661325454712,0.6095831394195557
484,60,no_condition,3,42,0.34375,0.46875,0.4,1.0,3.0615739822387695,0.6456001400947571
485,60,no_condition,3,42,0.3203125,0.4765625,0.42992424242424243,1.0,3.8220367431640625,0.7307302355766296
486,60,no_condition,3,42,0.734375,0.578125,0.5529411764705883,1.0,3.168997287750244,0.49395397305488586
487,60,no_condition,3,42,0.453125,0.75,0.509090909090909,1.0,2.6040711402893066,0.5323565006256104
488,60,no_condition,3,42,0.3125,0.390625,0.4523809523809524,1.0,5.178097724914551,0.9716326594352722
489,60,no_condition,3,42,0.375,0.5,0.35555555555555557,1.0,3.679079532623291,0.7072221040725708
490,60,no_condition,3,42,0.34375,0.484375,0.4375,1.0,3.6604044437408447,0.8209099173545837
491,60,no_condition,3,42,0.3203125,0.4765625,0.3719985875706215,1.0,3.927406072616577,0.8339118957519531
492,60,no_condition,3,42,0.3125,0.421875,0.47368421052631576,1.0,3.387587070465088,0.6599423885345459
493,60,no_condition,3,42,0.3359375,0.46875,0.4104609929078014,1.0,4.766842842102051,0.8189765810966492
494,60,no_condition,3,42,0.359375,0.421875,0.44,1.0,4.182910442352295,0.8549431562423706
495,60,no_condition,3,42,0.5625,0.546875,0.5454545454545454,1.0,3.9998881816864014,0.767444372177124
496,60,no_condition,3,42,0.5,0.546875,0.4649122807017544,1.0,4.653180122375488,0.966860830783844
497,60,no_condition,3,42,0.34375,0.4375,0.4230769230769231,1.0,4.547972679138184,0.9701730608940125
498,60,no_condition,3,42,0.3984375,0.5625,0.44157951676884244,1.0,2.8546881675720215,0.622461199760437
499,60,no_condition,3,42,0.3203125,0.453125,0.38857142857142857,1.0,3.4246482849121094,0.6378279328346252
500,60,no_condition,3,42,0.6875,0.578125,0.5185185185185185,1.0,3.332749605178833,0.6513147354125977
501,60,no_condition,3,42,0.375,0.546875,0.41304347826086957,1.0,4.1576738357543945,0.7941364645957947
502,60,no_condition,3,42,0.4296875,0.46875,0.4775974025974026,1.0,3.2756218910217285,0.7032802104949951
503,60,no_condition,3,42,0.375,0.453125,0.4398550724637681,1.0,2.4517314434051514,0.4757992923259735
504,60,no_condition,3,42,0.265625,0.40625,0.38037825059101654,1.0,4.392505645751953,0.8345425724983215
505,60,no_condition,3,42,0.359375,0.546875,0.4189189189189189,1.0,2.8353543281555176,0.6142335534095764
506,60,no_condition,3,42,0.3359375,0.4453125,0.4430147058823529,1.0,4.38830041885376,0.8370192646980286
507,60,no_condition,3,42,0.3046875,0.4609375,0.3978328173374613,1.0,5.1526641845703125,0.9809232354164124
508,60,no_condition,3,42,0.3046875,0.4375,0.39607843137254906,1.0,4.173393726348877,1.0485224723815918
509,60,no_condition,3,42,0.296875,0.4375,0.4318181818181818,1.0,3.0370867252349854,0.6228620409965515
510,60,no_condition,3,42,0.640625,0.671875,0.6041666666666667,1.0,4.165040016174316,0.8461424708366394
511,60,no_condition,3,42,0.296875,0.46875,0.4382290562036055,1.0,3.420720100402832,0.8288810849189758
512,60,no_condition,3,42,0.296875,0.390625,0.425531914893617,1.0,2.608160972595215,0.6268876791000366
513,60,no_condition,3,42,0.4375,0.4921875,0.498202614379085,1.0,4.526662826538086,0.9479668736457825
514,60,no_condition,3,42,0.328125,0.5,0.40384615384615385,1.0,5.919889450073242,1.2043635845184326
515,60,no_condition,3,42,0.28125,0.4375,0.4,1.0,3.1386141777038574,0.6473736763000488
516,60,no_condition,3,42,0.3125,0.390625,0.4154686601495112,1.0,5.223660469055176,1.0371737480163574
517,60,no_condition,3,42,0.359375,0.5859375,0.4086270871985158,1.0,2.880847930908203,0.6411280035972595
518,60,no_condition,3,42,0.328125,0.46875,0.4210950080515298,1.0,3.6109583377838135,0.8886300325393677
519,60,no_condition,3,42,0.484375,0.640625,0.5658602150537635,1.0,4.173605442047119,0.8635650277137756
520,60,no_condition,3,42,0.421875,0.390625,0.6299657534246574,1.0,4.903591156005859,0.898009717464447
521,60,no_condition,3,42,0.46875,0.6953125,0.48958333333333337,1.0,3.704846143722534,0.6762959957122803
522,60,no_condition,3,42,0.3125,0.4375,0.44594594594594594,1.0,6.557045936584473,1.0131033658981323
523,60,no_condition,3,42,0.359375,0.4375,0.4429206819866568,1.0,3.2570276260375977,0.7147249579429626
524,60,no_condition,3,42,0.5390625,0.6875,0.5110842844600527,1.0,6.370290279388428,1.1809602975845337
525,60,no_condition,3,42,0.390625,0.515625,0.45227272727272727,1.0,3.4509525299072266,0.6249322891235352
526,60,no_condition,3,42,0.46875,0.5546875,0.4220985691573927,1.0,3.4399051666259766,0.8068461418151855
527,60,no_condition,3,42,0.40625,0.421875,0.48867753623188404,1.0,3.9834818840026855,0.7211778163909912
528,60,no_condition,3,42,0.5390625,0.53125,0.5213940648723258,1.0,3.285914421081543,0.7438581585884094
529,60,no_condition,3,42,0.3515625,0.46875,0.43461160275319566,1.0,3.1071014404296875,0.6897498369216919
530,60,no_condition,3,42,0.28125,0.390625,0.37898936170212766,1.0,4.512661933898926,0.831424355506897
531,60,no_condition,3,42,0.4140625,0.46875,0.4858490566037736,1.0,4.290221214294434,0.8615293502807617
532,60,no_condition,3,42,0.28125,0.453125,0.3927963698241633,1.0,3.4982872009277344,0.7213656902313232
533,60,no_condition,3,42,0.328125,0.40625,0.4418604651162791,1.0,5.693952560424805,0.9310271739959717
534,60,no_condition,3,42,0.3515625,0.421875,0.4351984696317551,1.0,3.5640296936035156,0.6672701239585876
535,60,no_condition,3,42,0.3125,0.453125,0.4444444444444444,1.0,5.976169586181641,1.2150558233261108
536,60,no_condition,3,42,0.3359375,0.4453125,0.4385451505016722,1.0,3.1509647369384766,0.6264976263046265
537,60,no_condition,3,42,0.484375,0.53125,0.4626865671641791,1.0,5.116121292114258,0.9953807592391968
538,60,no_condition,3,42,0.34375,0.4375,0.4816666666666667,1.0,3.305569887161255,0.6306006908416748
539,60,no_condition,3,42,0.796875,0.515625,0.625,1.0,3.635453224182129,0.7930548787117004
540,60,no_condition,3,42,0.4375,0.484375,0.4878048780487805,1.0,3.0767853260040283,0.6306703686714172
541,60,no_condition,3,42,0.34375,0.4375,0.5365853658536586,1.0,4.033110618591309,0.8632783889770508
542,60,no_condition,3,42,0.2890625,0.453125,0.3746031746031746,1.0,3.0602312088012695,0.6477082967758179
543,60,no_condition,3,42,0.3671875,0.421875,0.46989436619718306,1.0,5.936822891235352,1.3456512689590454
544,60,no_condition,3,42,0.328125,0.390625,0.42,1.0,4.282680034637451,0.6910648345947266
545,60,no_condition,3,42,0.4453125,0.5234375,0.5297510625379478,1.0,3.4832849502563477,0.9272465109825134
546,60,no_condition,3,42,0.3125,0.3828125,0.4142156862745098,1.0,4.856971740722656,0.8947110772132874
547,60,no_condition,3,42,0.3515625,0.3984375,0.4618055555555556,1.0,7.03984260559082,1.0786147117614746
548,60,no_condition,3,42,0.375,0.546875,0.5714285714285714,1.0,5.950009346008301,0.8415236473083496
549,60,no_condition,3,42,0.3125,0.453125,0.39215686274509803,1.0,3.693782329559326,0.6971445083618164
550,60,no_condition,3,42,0.375,0.40625,0.43103448275862066,1.0,4.88523006439209,0.8662538528442383
551,60,no_condition,3,42,0.3671875,0.5625,0.408955223880597,1.0,3.168604850769043,0.6011499166488647
552,60,no_condition,3,42,0.3125,0.40625,0.4,1.0,2.8473973274230957,0.5911036729812622
553,60,no_condition,3,42,0.359375,0.453125,0.47785665990534143,1.0,3.5186028480529785,0.7554410099983215
554,60,no_condition,3,42,0.3515625,0.4453125,0.4287010159651669,1.0,4.8526930809021,1.0001307725906372
555,60,no_condition,3,42,0.328125,0.4375,0.4074074074074074,1.0,5.1803436279296875,0.823201060295105
556,60,no_condition,3,42,0.46875,0.453125,0.4878048780487805,1.0,3.493614435195923,0.6186110973358154
557,60,no_condition,3,42,0.359375,0.46875,0.47887931034482756,1.0,6.0829877853393555,1.2047700881958008
558,60,no_condition,3,42,0.5078125,0.5625,0.5597826086956522,1.0,3.8196358680725098,0.9282240867614746
559,60,no_condition,3,42,0.359375,0.5625,0.5087719298245614,1.0,4.781209945678711,0.9437276124954224
560,60,no_condition,3,42,0.4296875,0.484375,0.45837999253452777,1.0,5.475767612457275,1.1298891305923462
561,60,no_condition,3,42,0.3046875,0.3671875,0.433489827856025,1.0,4.297732353210449,0.8097280263900757
562,60,no_condition,3,42,0.328125,0.484375,0.38,1.0,6.557061195373535,0.987725019454956
563,60,no_condition,3,42,0.34375,0.4375,0.42857142857142855,1.0,2.7206149101257324,0.467850923538208
564,60,no_condition,3,42,0.328125,0.390625,0.4791666666666667,1.0,5.342186450958252,0.9421679973602295
565,60,no_condition,3,42,0.3828125,0.5390625,0.45413793103448274,1.0,4.290059566497803,0.768791139125824
566,60,no_condition,3,42,0.359375,0.453125,0.425531914893617,1.0,3.740535259246826,0.7448858618736267
567,60,no_condition,3,42,0.328125,0.4453125,0.4519104084321476,1.0,3.793592929840088,0.7227646112442017
568,60,no_condition,3,42,0.3515625,0.4921875,0.4511217948717949,1.0,2.924867630004883,0.669369101524353
569,60,no_condition,3,42,0.40625,0.453125,0.5,1.0,5.0432586669921875,1.076840877532959
570,60,no_condition,3,42,0.453125,0.609375,0.4541458778807318,1.0,2.7935752868652344,0.6104865670204163
571,60,no_condition,3,42,0.4140625,0.5,0.4943859649122807,1.0,3.446896553039551,0.7167934775352478
572,60,no_condition,3,42,0.28125,0.3125,0.3695652173913043,1.0,4.784001350402832,1.0856218338012695
573,60,no_condition,3,42,0.375,0.5703125,0.37473684210526315,1.0,5.184225082397461,0.8558281064033508
574,60,no_condition,3,42,0.4609375,0.6015625,0.4701492537313433,1.0,6.612698078155518,0.9892376065254211
575,60,no_condition,3,42,0.3125,0.453125,0.42613636363636365,1.0,7.176054954528809,1.1082744598388672
576,60,no_condition,3,42,0.34375,0.453125,0.43243243243243246,1.0,5.61114501953125,1.0616422891616821
577,60,no_condition,3,42,0.296875,0.4375,0.39652173913043476,1.0,2.8124189376831055,0.5423877835273743
578,60,no_condition,3,42,0.3125,0.40625,0.4029605263157895,1.0,4.007690906524658,0.8995552659034729
579,60,no_condition,3,42,0.359375,0.546875,0.3741816693944353,1.0,4.084609031677246,0.7013219594955444
580,60,no_condition,3,42,0.265625,0.390625,0.37777777777777777,1.0,2.883147716522217,0.5623267292976379
581,60,no_condition,3,42,0.2734375,0.4375,0.37992406264831513,1.0,3.1469855308532715,0.6803122162818909
582,60,no_condition,3,42,0.3671875,0.40625,0.3974149659863946,1.0,3.878091812133789,0.7661727070808411
583,60,no_condition,3,42,0.3359375,0.421875,0.4202800361336947,1.0,6.03901481628418,1.0620895624160767
584,60,no_condition,3,42,0.515625,0.71875,0.46153846153846156,1.0,3.2447152137756348,0.7757641077041626
585,60,no_condition,3,42,0.40625,0.546875,0.4523809523809524,1.0,4.154529571533203,0.7615845203399658
586,60,no_condition,3,42,0.3125,0.5546875,0.35980392156862745,1.0,3.5072579383850098,0.6759382486343384
587,60,no_condition,3,42,0.265625,0.421875,0.40476190476190477,1.0,4.843774795532227,0.7894811630249023
588,60,no_condition,3,42,0.265625,0.3515625,0.3763888888888889,1.0,4.428715229034424,0.749982476234436
589,60,no_condition,3,42,0.3515625,0.421875,0.4646206308610401,1.0,3.3923206329345703,0.6280227899551392
590,60,no_condition,3,42,0.3671875,0.5703125,0.388755980861244,1.0,2.217391014099121,0.48183473944664
591,60,no_condition,3,42,0.2890625,0.40625,0.39881246907471546,1.0,3.662367343902588,0.8495744466781616
592,60,no_condition,3,42,0.34375,0.4375,0.463768115942029,1.0,5.13640022277832,1.0166749954223633
593,60,no_condition,3,42,0.40625,0.4375,0.48148148148148145,1.0,4.812045574188232,0.9895644187927246
594,60,no_condition,3,42,0.3828125,0.4453125,0.43443627450980393,1.0,6.159893035888672,1.039960503578186
595,60,no_condition,3,42,0.5,0.5625,0.375,1.0,3.6206116676330566,0.8368255496025085
596,60,no_condition,3,42,0.484375,0.40625,0.4626865671641791,1.0,4.106756687164307,0.8688638806343079
597,60,no_condition,3,42,0.34375,0.4609375,0.3929869186046512,1.0,4.119405746459961,0.835964024066925
598,60,no_condition,3,42,0.359375,0.453125,0.42857142857142855,1.0,5.183603763580322,1.1632466316223145
599,60,no_condition,3,42,0.328125,0.515625,0.38333333333333336,1.0,2.151789903640747,0.5154536366462708
600,60,no_condition,3,42,0.3125,0.4375,0.42,1.0,4.5942912101745605,0.8289827108383179
601,60,no_condition,3,42,0.28125,0.4140625,0.3673469387755102,1.0,3.4648561477661133,0.7240245342254639
602,60,no_condition,3,42,0.34375,0.53125,0.4117647058823529,1.0,3.449709415435791,0.6513097882270813
603,60,no_condition,3,42,0.4140625,0.515625,0.5011695906432748,1.0,4.268057823181152,0.9435208439826965
604,60,no_condition,3,42,0.375,0.5,0.3993827160493827,1.0,3.951528549194336,0.7525290846824646
605,60,no_condition,3,42,0.359375,0.4375,0.4422222222222222,1.0,3.034292221069336,0.5197195410728455
606,60,no_condition,3,42,0.46875,0.546875,0.5161290322580645,1.0,4.392461776733398,0.7648967504501343
607,60,no_condition,3,42,0.2890625,0.40625,0.43068181818181817,1.0,4.860103607177734,0.9625590443611145
608,60,no_condition,3,42,0.328125,0.421875,0.4,1.0,3.135634183883667,0.6001236438751221
609,60,no_condition,3,42,0.3125,0.5078125,0.4001600640256102,1.0,4.375884056091309,0.8384830951690674
610,60,no_condition,3,42,0.28125,0.390625,0.43902439024390244,1.0,5.462873458862305,0.8870190382003784
611,60,no_condition,3,42,0.375,0.484375,0.47058823529411764,1.0,4.363745212554932,0.846930980682373
612,60,no_condition,3,42,0.34375,0.375,0.4489795918367347,1.0,3.6573495864868164,0.7557620406150818
613,60,no_condition,3,42,0.3125,0.4375,0.4222222222222222,1.0,3.330916404724121,0.8280323147773743
614,60,no_condition,3,42,0.34375,0.453125,0.3829787234042553,1.0,3.018397331237793,0.6438344120979309
615,60,no_condition,3,42,0.25,0.390625,0.4,1.0,5.688243865966797,0.9885159134864807
616,60,no_condition,3,42,0.296875,0.3828125,0.4208776595744681,1.0,2.8345866203308105,0.617436945438385
617,60,no_condition,3,42,0.546875,0.484375,0.5735294117647058,1.0,4.535639762878418,0.9457095861434937
618,60,no_condition,3,42,0.28125,0.359375,0.391304347826087,1.0,5.039531707763672,0.9928979277610779
619,60,no_condition,3,42,0.359375,0.4609375,0.4801920768307323,1.0,4.282802104949951,0.8017831444740295
620,60,no_condition,3,42,0.5625,0.671875,0.42857142857142855,1.0,4.0925188064575195,0.8727767467498779
621,60,no_condition,3,42,0.375,0.453125,0.43902439024390244,1.0,4.11991024017334,0.8233429789543152
622,60,no_condition,3,42,0.3359375,0.4921875,0.4176716141001855,1.0,4.379116058349609,0.7742055058479309
623,60,no_condition,3,42,0.28125,0.40625,0.4,1.0,3.7649309635162354,0.843248188495636
624,60,no_condition,3,42,0.28125,0.46875,0.38461538461538464,1.0,3.2405903339385986,0.6794443726539612
625,60,no_condition,3,42,0.3046875,0.4375,0.4148936170212766,1.0,3.812626361846924,0.8069356679916382
626,60,no_condition,3,42,0.359375,0.453125,0.4186046511627907,1.0,5.881519317626953,1.0356481075286865
627,60,no_condition,3,42,0.3125,0.359375,0.46153846153846156,1.0,3.093329429626465,0.6446691155433655
628,60,no_condition,3,42,0.328125,0.4375,0.42857142857142855,1.0,2.404977560043335,0.5012983679771423
629,60,no_condition,3,42,0.234375,0.3515625,0.3571428571428571,1.0,3.510669469833374,0.6463804841041565
630,60,no_condition,3,42,0.3125,0.4375,0.4166666666666667,1.0,2.8144612312316895,0.5633509755134583
631,60,no_condition,3,42,0.28125,0.359375,0.4,1.0,4.924192428588867,0.8842602968215942
632,60,no_condition,3,42,0.359375,0.421875,0.37777777777777777,1.0,7.286005973815918,1.13992178440094
633,60,no_condition,3,42,0.265625,0.3828125,0.35158277114686043,1.0,4.078555583953857,0.726052463054657
634,60,no_condition,3,42,0.4609375,0.4765625,0.4632505175983437,1.0,5.347987174987793,0.9742891192436218
635,60,no_condition,3,42,0.71875,0.546875,0.5384615384615384,1.0,3.3336939811706543,0.6438267230987549
636,60,no_condition,3,42,0.328125,0.46875,0.45652173913043476,1.0,5.89116907119751,1.037825345993042
637,60,no_condition,3,42,0.2421875,0.3828125,0.38799283154121866,1.0,3.3140478134155273,0.8611739873886108
638,60,no_condition,3,42,0.390625,0.46875,0.6567164179104478,1.0,3.4625942707061768,0.7249572277069092
639,60,no_condition,3,42,0.328125,0.515625,0.3819655521783181,1.0,3.28517484664917,0.6953578591346741
640,60,no_condition,3,42,0.3515625,0.4609375,0.48299319727891155,1.0,2.7276718616485596,0.5030298829078674
641,60,no_condition,3,42,0.3046875,0.3828125,0.39970355731225293,1.0,3.855342388153076,0.747685968875885
642,60,no_condition,3,42,0.3515625,0.3828125,0.41605218377765174,1.0,4.946972370147705,1.0019677877426147
643,60,no_condition,3,42,0.484375,0.75,0.4166666666666667,1.0,1.5792996883392334,0.34563982486724854
644,60,no_condition,3,42,0.453125,0.5234375,0.502561071710008,1.0,2.391406774520874,0.5467365384101868
645,60,no_condition,3,42,0.34375,0.421875,0.45652173913043476,1.0,4.782537460327148,0.955313503742218
646,60,no_condition,3,42,0.28125,0.421875,0.425,1.0,5.226842403411865,1.0945613384246826
647,60,no_condition,3,42,0.4921875,0.4609375,0.45054824561403506,1.0,2.988764762878418,0.6904925107955933
648,60,no_condition,3,42,0.296875,0.5625,0.4375,1.0,7.074663162231445,1.1997318267822266
649,60,no_condition,3,42,0.28125,0.484375,0.35555555555555557,1.0,4.268177509307861,0.7585826516151428
650,60,no_condition,3,42,0.34375,0.609375,0.3986377280073886,1.0,3.63907527923584,0.8054512143135071
651,60,no_condition,3,42,0.5546875,0.6015625,0.46856144807875516,1.0,3.3223018646240234,0.7576287984848022
652,60,no_condition,3,42,0.296875,0.3828125,0.45026595744680853,1.0,4.033072471618652,0.8728696703910828
653,60,no_condition,3,42,0.328125,0.484375,0.40384615384615385,1.0,2.803406238555908,0.6437363624572754
654,60,no_condition,3,42,0.375,0.453125,0.40919305413687435,1.0,2.904803991317749,0.689540445804596
655,60,no_condition,3,42,0.265625,0.34375,0.38636363636363635,1.0,3.635094404220581,0.8089402914047241
656,60,no_condition,3,42,0.3359375,0.578125,0.41901776384535006,1.0,5.594271659851074,0.9419189691543579
657,60,no_condition,3,42,0.2890625,0.3671875,0.45416666666666666,1.0,5.027250289916992,0.9719226360321045
658,60,no_condition,3,42,0.3125,0.34375,0.48936170212765956,1.0,3.6650187969207764,0.801062285900116
659,60,no_condition,3,42,0.2890625,0.3984375,0.38367346938775515,1.0,3.04868745803833,0.5602551698684692
660,60,no_condition,3,42,0.359375,0.375,0.4166666666666667,1.0,6.098583221435547,0.8882445096969604
661,60,no_condition,3,42,0.296875,0.3984375,0.40731707317073174,1.0,3.7166595458984375,0.6627435088157654
662,60,no_condition,3,42,0.3515625,0.5078125,0.47549019607843135,1.0,3.2218542098999023,0.7172215580940247
663,60,no_condition,3,42,0.3125,0.46875,0.3695652173913043,1.0,2.848475933074951,0.6511852741241455
664,60,no_condition,3,42,0.3125,0.421875,0.403968253968254,1.0,3.0537986755371094,0.702806293964386
665,60,no_condition,3,42,0.375,0.3984375,0.46388059701492534,1.0,4.31113862991333,0.7472929358482361
666,60,no_condition,3,42,0.3125,0.375,0.4166666666666667,1.0,3.470568895339966,0.6793132424354553
667,60,no_condition,3,42,0.3203125,0.390625,0.4890817469204928,1.0,3.7714035511016846,0.7173492908477783
668,60,no_condition,3,42,0.3671875,0.3828125,0.4622222222222222,1.0,4.89829683303833,0.986303985118866
669,60,no_condition,3,42,0.34375,0.359375,0.5,1.0,4.0649638175964355,0.8918123841285706
670,60,no_condition,3,42,0.328125,0.421875,0.4375,1.0,3.5692458152770996,0.7152620553970337
671,60,no_condition,3,42,0.3203125,0.515625,0.40731707317073174,1.0,2.983510971069336,0.6461012363433838
672,60,no_condition,3,42,0.328125,0.5,0.43902439024390244,1.0,3.9691901206970215,0.6634212732315063
673,60,no_condition,3,42,0.359375,0.5625,0.37254901960784315,1.0,4.6451849937438965,0.8118491172790527
674,60,no_condition,3,42,0.421875,0.6015625,0.48686835106382975,1.0,3.228659152984619,0.7526845335960388
675,60,no_condition,3,42,0.34375,0.53125,0.4583333333333333,1.0,4.0862531661987305,0.8273816704750061
676,60,no_condition,3,42,0.265625,0.46875,0.3902439024390244,1.0,2.176828145980835,0.4950099587440491
677,60,no_condition,3,42,0.3125,0.46875,0.4001600640256102,1.0,3.525611400604248,0.751289427280426
678,60,no_condition,3,42,0.3515625,0.3984375,0.43538461538461537,1.0,3.91440749168396,0.8655659556388855
679,60,no_condition,3,42,0.4609375,0.421875,0.51346037507562,1.0,4.825654029846191,0.9943932890892029
680,60,no_condition,3,42,0.3359375,0.53125,0.3935185185185185,1.0,2.6789236068725586,0.574528694152832
681,60,no_condition,3,42,0.328125,0.390625,0.375,1.0,3.3755555152893066,0.678646445274353
682,60,no_condition,3,42,0.3828125,0.484375,0.39697802197802196,1.0,4.134243965148926,0.892004668712616
683,60,no_condition,3,42,0.34375,0.5,0.45846273291925466,1.0,4.3988542556762695,0.6665563583374023
684,60,no_condition,3,42,0.375,0.34375,0.49019607843137253,1.0,6.0194993019104,0.8372577428817749
685,60,no_condition,3,42,0.296875,0.421875,0.35714285714285715,1.0,4.414182186126709,0.9026546478271484
686,60,no_condition,3,42,0.296875,0.484375,0.36538461538461536,1.0,2.5118062496185303,0.46126341819763184
687,60,no_condition,3,42,0.375,0.546875,0.4528301886792453,1.0,5.407615661621094,0.9309208989143372
688,60,no_condition,3,42,0.3046875,0.4375,0.4057750759878419,1.0,4.0850324630737305,0.8838073015213013
689,60,no_condition,3,42,0.3125,0.4375,0.4024390243902439,1.0,3.4254989624023438,0.6641237139701843
690,60,no_condition,3,42,0.28125,0.4296875,0.39682539682539686,1.0,4.425841331481934,1.0362616777420044
691,60,no_condition,3,42,0.28125,0.4140625,0.37289972899728996,1.0,5.436487674713135,1.0266451835632324
692,60,no_condition,3,42,0.328125,0.4453125,0.4162087912087912,1.0,3.4308066368103027,0.5956918597221375
693,60,no_condition,3,42,0.328125,0.46875,0.40816326530612246,1.0,2.956402063369751,0.6615660786628723
694,60,no_condition,3,42,0.359375,0.46875,0.46938775510204084,1.0,3.7915539741516113,0.7358294129371643
695,60,no_condition,3,42,0.40625,0.453125,0.48148148148148145,1.0,4.005231857299805,0.7355202436447144
696,60,no_condition,3,42,0.28125,0.375,0.4145299145299145,1.0,3.383798599243164,0.6615121960639954
697,60,no_condition,3,42,0.25,0.375,0.37209302325581395,1.0,3.5957155227661133,0.6717812418937683
698,60,no_condition,3,42,0.4375,0.53125,0.5121951219512195,1.0,2.8593673706054688,0.6013789176940918
699,60,no_condition,3,42,0.296875,0.4140625,0.3678646934460888,1.0,5.166776657104492,0.9727323055267334
700,60,no_condition,3,42,0.3125,0.4140625,0.46296296296296297,1.0,5.295131683349609,0.9222519397735596
701,60,no_condition,3,42,0.296875,0.40625,0.425531914893617,1.0,4.926872730255127,0.8870159387588501
702,60,no_condition,3,42,0.328125,0.453125,0.4431818181818182,1.0,3.4360270500183105,0.8153451681137085
703,60,no_condition,3,42,0.421875,0.484375,0.4888888888888889,1.0,4.756051063537598,1.015453815460205
704,60,no_condition,3,42,0.4375,0.453125,0.4827586206896552,1.0,3.1729202270507812,0.6801440119743347
705,60,no_condition,3,42,0.34375,0.5,0.4074074074074074,1.0,5.457404136657715,0.9886386394500732
706,60,no_condition,3,42,0.28125,0.296875,0.4473684210526316,1.0,5.430360794067383,0.9529341459274292
707,60,no_condition,3,42,0.375,0.453125,0.4528301886792453,1.0,4.293749809265137,0.8254947066307068
708,60,no_condition,3,42,0.28125,0.4375,0.42735042735042733,1.0,2.3227086067199707,0.5127808451652527
709,60,no_condition,3,42,0.296875,0.359375,0.36538461538461536,1.0,6.125453948974609,1.0035820007324219
710,60,no_condition,3,42,0.25,0.46875,0.3488372093023256,1.0,3.30269718170166,0.5691165328025818
711,60,no_condition,3,42,0.328125,0.3671875,0.43648373983739835,1.0,3.7747671604156494,0.8674431443214417
712,60,no_condition,3,42,0.3046875,0.4375,0.4361306324927656,1.0,4.469396591186523,0.9452835321426392
713,60,no_condition,3,42,0.3359375,0.4140625,0.4984917043740573,1.0,3.864959716796875,0.7384033799171448
714,60,no_condition,3,42,0.359375,0.421875,0.45098039215686275,1.0,3.384274482727051,0.6236793398857117
715,60,no_condition,3,42,0.421875,0.4375,0.5094339622641509,1.0,4.996535301208496,0.8315799832344055
716,60,no_condition,3,42,0.3359375,0.3828125,0.4296774193548387,1.0,3.53074049949646,0.7257805466651917
717,60,no_condition,3,42,0.296875,0.3671875,0.4198966408268734,1.0,4.329532623291016,0.8622191548347473
718,60,no_condition,3,42,0.4375,0.65625,0.3888888888888889,1.0,4.950623989105225,0.9456833004951477
719,60,no_condition,3,42,0.375,0.5625,0.4033898305084746,1.0,3.0512752532958984,0.6045336723327637
720,60,no_condition,3,42,0.375,0.578125,0.3534412955465587,1.0,3.2909183502197266,0.7786094546318054
721,60,no_condition,3,42,0.375,0.546875,0.4230769230769231,1.0,5.610020637512207,0.8687927722930908
722,60,no_condition,3,42,0.34375,0.53125,0.4222222222222222,1.0,3.58841872215271,0.7161938548088074
723,60,no_condition,3,42,0.40625,0.65625,0.4891304347826087,1.0,3.2782020568847656,0.7558073997497559
724,60,no_condition,3,42,0.34375,0.4375,0.4230769230769231,1.0,3.0448031425476074,0.5902791023254395
725,60,no_condition,3,42,0.359375,0.546875,0.4423076923076923,1.0,3.4889888763427734,0.8045555353164673
726,60,no_condition,3,42,0.453125,0.59375,0.5059681697612732,1.0,3.4300098419189453,0.7583770155906677
727,60,no_condition,3,42,0.3125,0.390625,0.41025641025641024,1.0,3.1486434936523438,0.7207178473472595
728,60,no_condition,3,42,0.3359375,0.4609375,0.43773028739867353,1.0,3.3872127532958984,0.6266095042228699
729,60,no_condition,3,42,0.359375,0.4296875,0.4259153318077803,1.0,4.613015174865723,0.9144960641860962
730,60,no_condition,3,42,0.3125,0.359375,0.4444444444444444,1.0,5.38244104385376,0.9809566736221313
731,60,no_condition,3,42,0.5,0.4375,0.5185185185185185,1.0,4.876743316650391,0.8589163422584534
732,60,no_condition,3,42,0.390625,0.5625,0.4146341463414634,1.0,3.776566743850708,0.7055865526199341
733,60,no_condition,3,42,0.3125,0.40625,0.39215686274509803,1.0,4.238541603088379,0.8338202834129333
734,60,no_condition,3,42,0.421875,0.453125,0.5333333333333333,1.0,4.146490097045898,0.9376888871192932
735,60,no_condition,3,42,0.375,0.515625,0.5283018867924528,1.0,4.804407119750977,0.8918485641479492
736,60,no_condition,3,42,0.25,0.453125,0.37209302325581395,1.0,3.5483665466308594,0.644324541091919
737,60,no_condition,3,42,0.3125,0.390625,0.4,1.0,3.6418492794036865,0.7951139807701111
738,60,no_condition,3,42,0.40625,0.4375,0.47619047619047616,1.0,3.1382644176483154,0.5379592180252075
739,60,no_condition,3,42,0.328125,0.40625,0.5205479452054794,1.0,4.763381004333496,0.7937227487564087
740,60,no_condition,3,42,0.3671875,0.53125,0.3998397435897436,1.0,3.736999034881592,0.6530881524085999
741,60,no_condition,3,42,0.296875,0.46875,0.3158119658119658,1.0,2.776289939880371,0.5600061416625977
742,60,no_condition,3,42,0.4296875,0.5234375,0.5401515151515152,1.0,3.573056697845459,0.7053562998771667
743,60,no_condition,3,42,0.40625,0.4609375,0.49013539651837523,1.0,4.128211498260498,0.8658285737037659
744,60,no_condition,3,42,0.7578125,0.7109375,0.645302192904261,1.0,3.5331993103027344,0.7262777090072632
745,60,no_condition,3,42,0.3515625,0.5078125,0.4494949494949495,1.0,3.1114649772644043,0.5665413737297058
746,60,no_condition,3,42,0.375,0.5390625,0.4246031746031746,1.0,3.590907573699951,0.6861408352851868
747,60,no_condition,3,42,0.328125,0.40625,0.4,1.0,2.614715576171875,0.5639727711677551
748,60,no_condition,3,42,0.390625,0.4140625,0.48934356351236147,1.0,4.429551124572754,0.9738165736198425
749,60,no_condition,3,42,0.359375,0.46875,0.5102040816326531,1.0,2.92513370513916,0.7146381735801697
750,60,no_condition,3,42,0.28125,0.40625,0.4375,1.0,5.500383377075195,0.8341902494430542
751,60,no_condition,3,42,0.375,0.390625,0.4426229508196721,1.0,3.2533388137817383,0.7107868790626526
752,60,no_condition,3,42,0.3828125,0.515625,0.42428571428571427,1.0,4.0388078689575195,0.8111631870269775
753,60,no_condition,3,42,0.421875,0.546875,0.47965658827920865,1.0,4.958240032196045,1.079663634300232
754,60,no_condition,3,42,0.28125,0.421875,0.3958333333333333,1.0,4.35847806930542,0.9325504302978516
755,60,no_condition,3,42,0.375,0.484375,0.42,1.0,3.802187442779541,0.8341163396835327
756,60,no_condition,3,42,0.296875,0.390625,0.40816326530612246,1.0,3.2322044372558594,0.6296226978302002
757,60,no_condition,3,42,0.375,0.453125,0.4807692307692308,1.0,5.565295696258545,0.9351365566253662
758,60,no_condition,3,42,0.296875,0.390625,0.41025641025641024,1.0,3.55165958404541,0.6598581075668335
759,60,no_condition,3,42,0.265625,0.40625,0.38636363636363635,1.0,3.9377479553222656,0.7834191918373108
760,60,no_condition,3,42,0.25,0.46875,0.32894736842105265,1.0,1.9435935020446777,0.46058201789855957
761,60,no_condition,3,42,0.34375,0.40625,0.4714285714285714,1.0,3.9858829975128174,0.8923776149749756
762,60,no_condition,3,42,0.328125,0.3984375,0.4528455284552846,1.0,4.408547401428223,1.0265655517578125
763,60,no_condition,3,42,0.328125,0.4609375,0.4148936170212766,1.0,4.829145908355713,1.1471067667007446
764,60,no_condition,3,42,0.34375,0.453125,0.41965811965811967,1.0,4.14691162109375,0.7420495748519897
765,60,no_condition,3,42,0.3125,0.46875,0.38961038961038963,1.0,2.7399377822875977,0.5790235996246338
766,60,no_condition,3,42,0.3125,0.4375,0.4117647058823529,1.0,3.938159942626953,0.7734391689300537
767,60,no_condition,3,42,0.5,0.75,0.5079365079365079,1.0,3.302356004714966,0.665058434009552
768,60,no_condition,3,42,0.328125,0.453125,0.4444444444444444,1.0,2.458818197250366,0.5669891238212585
769,60,no_condition,3,42,0.3671875,0.4296875,0.4580712788259958,1.0,5.625249862670898,0.9640797972679138
770,60,no_condition,3,42,0.390625,0.5625,0.45098039215686275,1.0,3.5161023139953613,0.6668356657028198
771,60,no_condition,3,42,0.390625,0.546875,0.45454545454545453,1.0,3.73992657661438,0.6434769034385681
772,60,no_condition,3,42,0.328125,0.5625,0.4406779661016949,1.0,4.625997066497803,0.8786885738372803
773,60,no_condition,3,42,0.484375,0.5625,0.5,1.0,4.631888389587402,0.8306193947792053
774,60,no_condition,3,42,0.3125,0.40625,0.3963893249607535,1.0,5.554227828979492,1.1191898584365845
775,60,no_condition,3,42,0.34375,0.53125,0.3728813559322034,1.0,2.9604039192199707,0.581279456615448
776,60,no_condition,3,42,0.3046875,0.484375,0.41276595744680855,1.0,4.597442626953125,0.8570354580879211
777,60,no_condition,3,42,0.375,0.453125,0.47058823529411764,1.0,4.360455513000488,0.8902466893196106
778,60,no_condition,3,42,0.453125,0.4765625,0.42421383647798744,1.0,2.6587228775024414,0.5165386199951172
779,60,no_condition,3,42,0.265625,0.390625,0.41304347826086957,1.0,4.523160934448242,0.9542252421379089
780,60,no_condition,3,42,0.359375,0.5,0.42592592592592593,1.0,2.487654685974121,0.5662497282028198
781,60,no_condition,3,42,0.375,0.5,0.4782608695652174,1.0,3.0098581314086914,0.6291515827178955
782,60,no_condition,3,42,0.296875,0.4296875,0.3529050736497545,1.0,3.0658814907073975,0.637672483921051
783,60,no_condition,3,42,0.3203125,0.3125,0.4154849688031764,1.0,3.263084888458252,0.5656436681747437
784,60,no_condition,3,42,0.3125,0.40625,0.4716981132075472,1.0,4.38271951675415,0.8472079038619995
785,60,no_condition,3,42,0.328125,0.515625,0.4090909090909091,1.0,4.002547264099121,0.8181753158569336
786,60,no_condition,3,42,0.2890625,0.40625,0.4017560512577124,1.0,4.4143266677856445,0.8497948050498962
787,60,no_condition,3,42,0.34375,0.5625,0.39215686274509803,1.0,3.9384825229644775,0.723315954208374
788,60,no_condition,3,42,0.359375,0.4375,0.46153846153846156,1.0,6.178995609283447,0.8129737377166748
789,60,no_condition,3,42,0.296875,0.375,0.42857142857142855,1.0,4.838515281677246,0.9748146533966064
790,60,no_condition,3,42,0.28125,0.46875,0.3902439024390244,1.0,2.5762875080108643,0.5014265179634094
791,60,no_condition,3,42,0.359375,0.390625,0.4791666666666667,1.0,3.92376708984375,0.7542095184326172
792,60,no_condition,3,42,0.3125,0.453125,0.3492943548387097,1.0,3.1763863563537598,0.6268188953399658
793,60,no_condition,3,42,0.34375,0.453125,0.38202247191011235,1.0,4.035910606384277,0.8296794295310974
794,60,no_condition,3,42,0.390625,0.484375,0.4962657232704403,1.0,5.851114273071289,0.8784208297729492
795,60,no_condition,3,42,0.4375,0.6875,0.41304347826086957,1.0,3.365814685821533,0.7183020710945129
796,60,no_condition,3,42,0.265625,0.375,0.4396825396825397,1.0,5.035569190979004,1.0240886211395264
797,60,no_condition,3,42,0.2734375,0.359375,0.4,1.0,5.827187538146973,1.0023337602615356
798,60,no_condition,3,42,0.3671875,0.4453125,0.43399419729206967,1.0,4.547961235046387,0.8548359870910645
799,60,no_condition,3,42,0.34375,0.421875,0.3829787234042553,1.0,4.3706583976745605,0.8138446807861328
800,60,no_condition,3,42,0.5859375,0.5859375,0.5947245700961818,1.0,3.953840732574463,0.7849666476249695
801,60,no_condition,3,42,0.296875,0.421875,0.41025641025641024,1.0,4.631747245788574,0.6884729266166687
802,60,no_condition,3,42,0.328125,0.46875,0.3819655521783181,1.0,3.176424026489258,0.6544332504272461
803,60,no_condition,3,42,0.359375,0.4296875,0.435717419921018,1.0,4.213804244995117,0.7324143648147583
804,60,no_condition,3,42,0.328125,0.40625,0.42926356589147285,1.0,4.755423069000244,0.8437289595603943
805,60,no_condition,3,42,0.5078125,0.4609375,0.4783950617283951,1.0,3.7043161392211914,0.7512461543083191
806,60,no_condition,3,42,0.34375,0.421875,0.4107142857142857,1.0,3.144634246826172,0.6312329173088074
807,60,no_condition,3,42,0.46875,0.59375,0.4230769230769231,1.0,4.511994361877441,0.9813989400863647
808,60,no_condition,3,42,0.34375,0.375,0.41304347826086957,1.0,4.493047714233398,0.7430353760719299
809,60,no_condition,3,42,0.3203125,0.4140625,0.4208407871198569,1.0,5.247465133666992,0.8641058802604675
810,60,no_condition,3,42,0.3515625,0.5078125,0.43890103881902676,1.0,4.246451377868652,0.7136995792388916
811,60,no_condition,3,42,0.359375,0.515625,0.45901639344262296,1.0,5.760970115661621,1.1093111038208008
812,60,no_condition,3,42,0.546875,0.5625,0.5508658008658008,1.0,3.5768284797668457,0.7031017541885376
813,60,no_condition,3,42,0.3046875,0.421875,0.43171296296296297,1.0,2.9725189208984375,0.6467485427856445
814,60,no_condition,3,42,0.328125,0.546875,0.3620689655172414,1.0,3.7942404747009277,0.7623903155326843
815,60,no_condition,3,42,0.28125,0.4375,0.3902439024390244,1.0,3.872354507446289,0.8453868627548218
816,60,no_condition,3,42,0.265625,0.390625,0.38095238095238093,1.0,3.9922966957092285,0.8905432820320129
817,60,no_condition,3,42,0.28125,0.390625,0.41443053070960045,1.0,4.959317207336426,0.9331263303756714
818,60,no_condition,3,42,0.3203125,0.4609375,0.40454545454545454,1.0,2.5887932777404785,0.5565021634101868
819,60,no_condition,3,42,0.265625,0.375,0.38636363636363635,1.0,4.722907066345215,0.7935534119606018
820,60,no_condition,3,42,0.328125,0.4296875,0.41366627951993806,1.0,5.182470798492432,0.9517336487770081
821,60,no_condition,3,42,0.40625,0.421875,0.49056603773584906,1.0,4.043502330780029,0.960003674030304
822,60,no_condition,3,42,0.28125,0.328125,0.4583333333333333,1.0,4.598603248596191,0.9016855359077454
823,60,no_condition,3,42,0.3671875,0.4453125,0.36456628477905073,1.0,2.932802677154541,0.6552959084510803
824,60,no_condition,3,42,0.296875,0.40625,0.4176356589147287,1.0,6.242650032043457,1.0181365013122559
825,60,no_condition,3,42,0.34375,0.5,0.5294117647058824,1.0,4.92360782623291,0.9146866798400879
826,60,no_condition,3,42,0.296875,0.4140625,0.418036750483559,1.0,6.545392036437988,1.0650300979614258
827,60,no_condition,3,42,0.421875,0.5625,0.48214285714285715,1.0,2.6036620140075684,0.4508584439754486
828,60,no_condition,3,42,0.296875,0.421875,0.35185185185185186,1.0,3.6882967948913574,0.7479451298713684
829,60,no_condition,3,42,0.3125,0.453125,0.4166666666666667,1.0,4.115444183349609,0.8253918886184692
830,60,no_condition,3,42,0.3359375,0.4765625,0.4597222222222222,1.0,2.9037299156188965,0.5088880658149719
831,60,no_condition,3,42,0.3359375,0.453125,0.42803030303030304,1.0,3.5175275802612305,0.7522865533828735
832,60,no_condition,3,42,0.328125,0.453125,0.4819277108433735,1.0,4.6740827560424805,0.8315290808677673
833,60,no_condition,3,42,0.40625,0.546875,0.42424242424242425,1.0,4.2188310623168945,0.9398759603500366
834,60,no_condition,3,42,0.34375,0.5625,0.4517625231910946,1.0,4.156268119812012,0.8065685033798218
835,60,no_condition,3,42,0.359375,0.5,0.4396929824561403,1.0,3.655083179473877,0.6820062398910522
836,60,no_condition,3,42,0.3828125,0.4296875,0.4852642276422764,1.0,3.3726420402526855,0.6801986694335938
837,60,no_condition,3,42,0.359375,0.359375,0.4461538461538462,1.0,3.303091049194336,0.7779135704040527
838,60,no_condition,3,42,0.375,0.421875,0.4444444444444444,1.0,3.6010494232177734,0.709605872631073
839,60,no_condition,3,42,0.34375,0.40625,0.5263157894736842,1.0,3.58130145072937,0.6740812063217163
840,60,no_condition,3,42,0.328125,0.453125,0.4097222222222222,1.0,4.26259708404541,0.8373895287513733
841,60,no_condition,3,42,0.328125,0.40625,0.45652173913043476,1.0,3.889188766479492,0.6639429926872253
842,60,no_condition,3,42,0.46875,0.46875,0.4993978321959053,1.0,4.383584976196289,0.8615381717681885
843,60,no_condition,3,42,0.3359375,0.3984375,0.46813186813186813,1.0,3.5108537673950195,0.9331931471824646
844,60,no_condition,3,42,0.390625,0.515625,0.46296296296296297,1.0,3.4715917110443115,0.7536137104034424
845,60,no_condition,3,42,0.3125,0.453125,0.3920454545454546,1.0,3.692290782928467,0.7198743224143982
846,60,no_condition,3,42,0.3203125,0.4375,0.37721518987341773,1.0,5.13843297958374,0.8618808388710022
847,60,no_condition,3,42,0.390625,0.5,0.498999599839936,1.0,2.6329872608184814,0.5636011958122253
848,60,no_condition,3,42,0.4375,0.5546875,0.47073863636363633,1.0,4.032076835632324,0.7988775968551636
849,60,no_condition,3,42,0.28125,0.40625,0.4166666666666667,1.0,2.314074993133545,0.42483365535736084
850,60,no_condition,3,42,0.40625,0.515625,0.4716981132075472,1.0,3.0129759311676025,0.7152402997016907
851,60,no_condition,3,42,0.4375,0.453125,0.49272486772486773,1.0,5.183413505554199,1.0013577938079834
852,60,no_condition,3,42,0.375,0.515625,0.4471938775510204,1.0,5.061511516571045,0.8656509518623352
853,60,no_condition,3,42,0.390625,0.46875,0.4117647058823529,1.0,3.8914942741394043,0.8067470192909241
854,60,no_condition,3,42,0.3828125,0.5078125,0.4391304347826087,1.0,3.7633001804351807,0.7897849678993225
855,60,no_condition,3,42,0.3046875,0.4375,0.3645104895104895,1.0,3.9886703491210938,0.7867741584777832
856,60,no_condition,3,42,0.28125,0.421875,0.376940133037694,1.0,5.408816337585449,0.7919228076934814
857,60,no_condition,3,42,0.3515625,0.46875,0.4119308740445331,1.0,5.3767852783203125,0.9797240495681763
858,60,no_condition,3,42,0.3359375,0.4921875,0.40454545454545454,1.0,3.7710633277893066,0.898610532283783
859,60,no_condition,3,42,0.3125,0.484375,0.43103448275862066,1.0,2.793740749359131,0.7100315690040588
860,60,no_condition,3,42,0.578125,0.5,0.5692307692307692,1.0,3.0987157821655273,0.6889573335647583
861,60,no_condition,3,42,0.5,0.5390625,0.585,1.0,4.2087507247924805,0.8520001173019409
862,60,no_condition,3,42,0.53125,0.5546875,0.43489583333333337,1.0,3.6568145751953125,0.8669881224632263
863,60,no_condition,3,42,0.390625,0.546875,0.43636363636363634,1.0,2.692707061767578,0.5939937829971313
864,60,no_condition,3,42,0.328125,0.484375,0.475,1.0,2.0352625846862793,0.42628517746925354
865,60,no_condition,3,42,0.296875,0.40625,0.42857142857142855,1.0,4.289056301116943,0.8163959383964539
866,60,no_condition,3,42,0.3125,0.4140625,0.39737274220032837,1.0,5.438427925109863,1.0365720987319946
867,60,no_condition,3,42,0.328125,0.4375,0.42,1.0,5.180456638336182,0.8913246393203735
868,60,no_condition,3,42,0.375,0.46875,0.40594059405940597,1.0,5.274477005004883,1.1859917640686035
869,60,no_condition,3,42,0.375,0.359375,0.5,1.0,6.341850280761719,0.8715745806694031
870,60,no_condition,3,42,0.3125,0.40625,0.45,1.0,4.205847263336182,0.8002488613128662
871,60,no_condition,3,42,0.390625,0.484375,0.4305555555555556,1.0,3.7868099212646484,0.716426432132721
872,60,no_condition,3,42,0.390625,0.453125,0.5,1.0,4.704710483551025,0.9631815552711487
873,60,no_condition,3,42,0.3828125,0.4140625,0.4764254385964912,1.0,5.2265191078186035,1.0528753995895386
874,60,no_condition,3,42,0.3984375,0.4609375,0.441400304414003,1.0,4.679248809814453,0.8521339297294617
875,60,no_condition,3,42,0.28125,0.5,0.40476190476190477,1.0,3.5454816818237305,0.8045090436935425
876,60,no_condition,3,42,0.3515625,0.4921875,0.45,1.0,4.382444858551025,0.8295350074768066
877,60,no_condition,3,42,0.453125,0.5546875,0.45585585585585586,1.0,4.1045026779174805,0.7101550698280334
878,60,no_condition,3,42,0.34375,0.546875,0.39285714285714285,1.0,3.592867612838745,0.9082910418510437
879,60,no_condition,3,42,0.25,0.421875,0.36363636363636365,1.0,3.395087718963623,0.6717409491539001
880,60,no_condition,3,42,0.375,0.3984375,0.5104211897524967,1.0,4.00874662399292,0.7135350108146667
881,60,no_condition,3,42,0.4140625,0.5078125,0.5,1.0,4.357768535614014,0.9008010029792786
882,60,no_condition,3,42,0.28125,0.40625,0.39215686274509803,1.0,2.7354397773742676,0.5826514363288879
883,60,no_condition,3,42,0.421875,0.5,0.4268292682926829,1.0,3.0971155166625977,0.6691828966140747
884,60,no_condition,3,42,0.34375,0.4296875,0.4642020742723319,1.0,3.6907405853271484,0.8790351152420044
885,60,no_condition,3,42,0.421875,0.515625,0.4909090909090909,1.0,6.851370811462402,1.3342366218566895
886,60,no_condition,3,42,0.328125,0.46875,0.39622641509433965,1.0,4.590549468994141,0.8254972100257874
887,60,no_condition,3,42,0.421875,0.421875,0.4489795918367347,1.0,3.508629560470581,0.873509407043457
888,60,no_condition,3,42,0.25,0.4375,0.428743961352657,1.0,4.771492958068848,0.772316575050354
889,60,no_condition,3,42,0.296875,0.453125,0.41304347826086957,1.0,4.201189041137695,0.7865869402885437
890,60,no_condition,3,42,0.296875,0.46875,0.4318181818181818,1.0,4.084996223449707,0.8498075604438782
891,60,no_condition,3,42,0.5234375,0.59375,0.5403061224489796,1.0,4.898202896118164,1.0602046251296997
892,60,no_condition,3,42,0.359375,0.390625,0.4222222222222222,1.0,3.1680331230163574,0.7458882331848145
893,60,no_condition,3,42,0.3515625,0.3984375,0.4499799919967987,1.0,5.730979919433594,1.1753731966018677
894,60,no_condition,3,42,0.375,0.390625,0.4523809523809524,1.0,4.093527793884277,0.7302395701408386
895,60,no_condition,3,42,0.3203125,0.4921875,0.42748588797221015,1.0,3.8047285079956055,0.7821857929229736
896,60,no_condition,3,42,0.4140625,0.671875,0.36726677577741407,1.0,3.372119426727295,0.6876500248908997
897,60,no_condition,3,42,0.296875,0.421875,0.40425531914893614,1.0,3.966850757598877,0.77036052942276
898,60,no_condition,3,42,0.28125,0.390625,0.47368421052631576,1.0,2.589054584503174,0.5037424564361572
899,60,no_condition,3,42,0.3828125,0.4609375,0.475,1.0,4.137514114379883,0.8135535717010498
900,60,no_condition,3,42,0.296875,0.46875,0.4616013071895425,1.0,6.481280326843262,1.0677762031555176
901,60,no_condition,3,42,0.40625,0.515625,0.52,1.0,2.695512056350708,0.5796257853507996
902,60,no_condition,3,42,0.34375,0.515625,0.40425531914893614,1.0,4.8140869140625,1.0533885955810547
903,60,no_condition,3,42,0.359375,0.484375,0.42592592592592593,1.0,4.989110946655273,1.0814509391784668
904,60,no_condition,3,42,0.3984375,0.4453125,0.43684025334271637,1.0,3.7903881072998047,0.7098719477653503
905,60,no_condition,3,42,0.3203125,0.421875,0.45072463768115945,1.0,4.110344409942627,0.7120389938354492
906,60,no_condition,3,42,0.2734375,0.390625,0.3909905425584868,1.0,4.28154182434082,0.8372846245765686
907,60,no_condition,3,42,0.296875,0.3671875,0.43379446640316205,1.0,3.3830480575561523,0.7671859860420227
908,60,no_condition,3,42,0.4375,0.828125,0.43,1.0,2.8278794288635254,0.6653996109962463
909,60,no_condition,3,42,0.296875,0.4375,0.3953488372093023,1.0,5.149857044219971,1.0246362686157227
910,60,no_condition,3,42,0.265625,0.3984375,0.40568181818181814,1.0,3.7888994216918945,0.8025404810905457
911,60,no_condition,3,42,0.328125,0.484375,0.4318181818181818,1.0,4.657092094421387,0.8386178016662598
912,60,no_condition,3,42,0.28125,0.4375,0.4,1.0,2.8384130001068115,0.605742871761322
913,60,no_condition,3,42,0.328125,0.484375,0.40384615384615385,1.0,4.374543190002441,0.8189899325370789
914,60,no_condition,3,42,0.3671875,0.4453125,0.4342253521126761,1.0,5.791674613952637,1.2074072360992432
915,60,no_condition,3,42,0.5234375,0.6328125,0.5557142857142857,1.0,4.502312183380127,0.9346387386322021
916,60,no_condition,3,42,0.265625,0.390625,0.40476190476190477,1.0,3.7150745391845703,0.7051694393157959
917,60,no_condition,3,42,0.375,0.4375,0.4627783316716517,1.0,5.105478286743164,0.9604353308677673
918,60,no_condition,3,42,0.4375,0.546875,0.5384615384615384,1.0,3.908320426940918,0.8096650838851929
919,60,no_condition,3,42,0.375,0.515625,0.43636363636363634,1.0,2.4320621490478516,0.5779550671577454
920,60,no_condition,3,42,0.3515625,0.4296875,0.446078431372549,1.0,4.430991172790527,0.775967538356781
921,60,no_condition,3,42,0.359375,0.578125,0.5084745762711864,1.0,4.3942742347717285,0.7914896607398987
922,60,no_condition,3,42,0.375,0.484375,0.47058823529411764,1.0,5.992166519165039,1.1047923564910889
923,60,no_condition,3,42,0.3125,0.4921875,0.36251709986320113,1.0,3.9811291694641113,0.8041397929191589
924,60,no_condition,3,42,0.40625,0.453125,0.4375,1.0,4.551418304443359,0.715065062046051
925,60,no_condition,3,42,0.4296875,0.609375,0.4453580901856764,1.0,2.818678140640259,0.6707162261009216
926,60,no_condition,3,42,0.28125,0.4375,0.3611111111111111,1.0,5.394927024841309,0.9238914847373962
927,60,no_condition,3,42,0.390625,0.5,0.503903708523097,1.0,4.106162071228027,0.9379141926765442
928,60,no_condition,3,42,0.46875,0.578125,0.4166666666666667,1.0,4.071549415588379,0.9042497277259827
929,60,no_condition,3,42,0.3125,0.46875,0.36231884057971014,1.0,3.489635705947876,0.7752386927604675
930,60,no_condition,3,42,0.515625,0.6171875,0.48486522315510383,1.0,4.005134582519531,0.7580244541168213
931,60,no_condition,3,42,0.3515625,0.53125,0.44976359338061467,1.0,3.4886536598205566,0.8765620589256287
932,60,no_condition,3,42,0.3125,0.484375,0.3968253968253968,1.0,3.9459662437438965,0.847836434841156
933,60,no_condition,3,42,0.296875,0.4140625,0.4138477801268499,1.0,3.0511155128479004,0.6938847899436951
934,60,no_condition,3,42,0.2265625,0.3984375,0.3570062171209948,1.0,3.66493558883667,0.806301474571228
935,60,no_condition,3,42,0.390625,0.515625,0.5135135135135135,1.0,4.821508407592773,0.8906264901161194
936,60,no_condition,3,42,0.3828125,0.3671875,0.4752331002331003,1.0,5.189897537231445,1.1619621515274048
937,60,no_condition,3,42,0.375,0.421875,0.5111111111111111,1.0,5.722486972808838,1.136853814125061
938,60,no_condition,3,42,0.359375,0.4140625,0.4382513661202186,1.0,4.222295761108398,0.8622688055038452
939,60,no_condition,3,42,0.3359375,0.5,0.4537337662337662,1.0,3.408740997314453,0.5840527415275574
940,60,no_condition,3,42,0.375,0.484375,0.4,1.0,3.651688575744629,0.6513385772705078
941,60,no_condition,3,42,0.375,0.40625,0.5102725366876311,1.0,5.606340408325195,1.1422697305679321
942,60,no_condition,3,42,0.3515625,0.3984375,0.464193046185781,1.0,5.20667839050293,1.0766562223434448
943,60,no_condition,3,42,0.34375,0.4140625,0.44040404040404035,1.0,3.5013322830200195,0.7526856064796448
944,60,no_condition,3,42,0.375,0.46875,0.417910447761194,1.0,3.6188087463378906,0.7385433316230774
945,60,no_condition,3,42,0.359375,0.40625,0.46938775510204084,1.0,3.4227094650268555,0.7376713156700134
946,60,no_condition,3,42,0.265625,0.34375,0.37936507936507935,1.0,3.9158883094787598,0.8698399662971497
947,60,no_condition,3,42,0.3515625,0.4296875,0.4077777777777778,1.0,5.555567741394043,1.0948171615600586
948,60,no_condition,3,42,0.28125,0.328125,0.43478260869565216,1.0,3.9314918518066406,0.8011637330055237
949,60,no_condition,3,42,0.25,0.453125,0.35555555555555557,1.0,3.1966137886047363,0.5548480153083801
950,60,no_condition,3,42,0.2890625,0.6015625,0.3678839957035446,1.0,2.0120229721069336,0.4223657250404358
951,60,no_condition,3,42,0.296875,0.375,0.37209302325581395,1.0,3.1727135181427,0.5509404540061951
952,60,no_condition,3,42,0.28125,0.4140625,0.3711734693877551,1.0,3.678495407104492,0.6628386974334717
953,60,no_condition,3,42,0.28125,0.4140625,0.34123287671232877,1.0,3.5966076850891113,0.7785390615463257
954,60,no_condition,3,42,0.375,0.40625,0.4771618625277162,1.0,5.893986701965332,1.0542714595794678
955,60,no_condition,3,42,0.296875,0.4375,0.35714285714285715,1.0,3.2120604515075684,0.6432417035102844
956,60,no_condition,3,42,0.390625,0.46875,0.3918918918918919,1.0,5.617358207702637,0.946945309638977
957,60,no_condition,3,42,0.328125,0.421875,0.4444444444444444,1.0,2.4436168670654297,0.5147927403450012
958,60,no_condition,3,42,0.375,0.53125,0.4375,1.0,5.110851287841797,0.9702448844909668
959,60,no_condition,3,42,0.3125,0.375,0.4444444444444444,1.0,3.036346673965454,0.6120952367782593
960,60,no_condition,3,42,0.3359375,0.4140625,0.3958006279434851,1.0,2.6114859580993652,0.5459282398223877
961,60,no_condition,3,42,0.328125,0.5,0.3442622950819672,1.0,2.139530897140503,0.5182368755340576
962,60,no_condition,3,42,0.359375,0.4453125,0.45276292335115864,1.0,4.750734806060791,0.9175974726676941
963,60,no_condition,3,42,0.265625,0.375,0.40476190476190477,1.0,3.65269136428833,0.7932037711143494
964,60,no_condition,3,42,0.4375,0.5,0.49122807017543857,1.0,3.9803972244262695,0.6950897574424744
965,60,no_condition,3,42,0.296875,0.40625,0.35555555555555557,1.0,2.305835485458374,0.5572989583015442
966,60,no_condition,3,42,0.3125,0.4375,0.4318181818181818,1.0,3.847369909286499,0.8677009344100952
967,60,no_condition,3,42,0.390625,0.453125,0.42857142857142855,1.0,2.0147321224212646,0.4720459282398224
968,60,no_condition,3,42,0.4140625,0.5,0.48857526881720426,1.0,4.584044933319092,1.0497817993164062
969,60,no_condition,3,42,0.3203125,0.4375,0.4005802707930367,1.0,4.842739105224609,1.004970908164978
970,60,no_condition,3,42,0.359375,0.421875,0.46938775510204084,1.0,4.100667476654053,0.7794267535209656
971,60,no_condition,3,42,0.265625,0.328125,0.425,1.0,5.11251163482666,0.9857003688812256
972,60,no_condition,3,42,0.3203125,0.4375,0.4192876965772433,1.0,5.753046035766602,0.9919736385345459
973,60,no_condition,3,42,0.421875,0.5234375,0.5136165577342048,1.0,2.7974936962127686,0.6392213702201843
974,60,no_condition,3,42,0.375,0.453125,0.43859649122807015,1.0,3.7724194526672363,0.6980340480804443
975,60,no_condition,3,42,0.28125,0.4375,0.3673469387755102,1.0,3.8581528663635254,0.9411879777908325
976,60,no_condition,3,42,0.3828125,0.4765625,0.42832880434782605,1.0,3.4897289276123047,0.6453640460968018
977,60,no_condition,3,42,0.46875,0.53125,0.4230769230769231,1.0,4.106791973114014,0.8858776092529297
978,60,no_condition,3,42,0.375,0.375,0.48,1.0,6.309484481811523,0.9847933650016785
979,60,no_condition,3,42,0.390625,0.5078125,0.45407712687665586,1.0,3.036665439605713,0.5621647834777832
980,60,no_condition,3,42,0.4375,0.609375,0.49087245139876723,1.0,4.824548721313477,0.9210168123245239
981,60,no_condition,3,42,0.3046875,0.4375,0.3888888888888889,1.0,3.511381149291992,0.6313695907592773
982,60,no_condition,3,42,0.6015625,0.65625,0.5080952380952382,1.0,3.5964584350585938,0.703672468662262
983,60,no_condition,3,42,0.28125,0.484375,0.40476190476190477,1.0,5.663250923156738,0.9993690848350525
984,60,no_condition,3,42,0.390625,0.46875,0.5192307692307693,1.0,3.079318046569824,0.6439207196235657
985,60,no_condition,3,42,0.265625,0.484375,0.38636363636363635,1.0,2.7172560691833496,0.5449832677841187
986,60,no_condition,3,42,0.2578125,0.453125,0.3625,1.0,3.8731656074523926,0.6398692727088928
987,60,no_condition,3,42,0.34375,0.546875,0.4489795918367347,1.0,4.152979850769043,0.8481136560440063
988,60,no_condition,3,42,0.5078125,0.5703125,0.45676691729323304,1.0,3.406602382659912,0.8093398809432983
989,60,no_condition,3,42,0.25,0.484375,0.42105263157894735,1.0,4.610353946685791,0.8484849333763123
990,60,no_condition,3,42,0.4140625,0.5078125,0.4753205128205128,1.0,4.136758804321289,0.9050827622413635
991,60,no_condition,3,42,0.3828125,0.578125,0.42436371100164205,1.0,5.576221466064453,0.9477865099906921
992,60,no_condition,3,42,0.3359375,0.4765625,0.41000000000000003,1.0,5.823696136474609,1.0291614532470703
993,60,no_condition,3,42,0.28125,0.3828125,0.4092244418331375,1.0,4.145088195800781,0.8153390884399414
994,60,no_condition,3,42,0.34375,0.515625,0.44680851063829785,1.0,3.291937828063965,0.868986189365387
995,60,no_condition,3,42,0.3046875,0.3671875,0.42193675889328064,1.0,5.331469535827637,1.0028120279312134
996,60,no_condition,3,42,0.328125,0.40625,0.45161290322580644,1.0,3.628235101699829,0.6901854872703552
997,60,no_condition,3,42,0.328125,0.390625,0.42592592592592593,1.0,4.990863800048828,0.8854389190673828
998,60,no_condition,3,42,0.359375,0.421875,0.46938775510204084,1.0,2.7135612964630127,0.5945150852203369
999,60,no_condition,3,42,0.3359375,0.453125,0.4712906504065041,1.0,6.462668418884277,0.9464152455329895
0,80,no_condition,3,42,0.3828125,0.4921875,0.47777777777777775,1.0,4.380553245544434,0.9216251969337463
1,80,no_condition,3,42,0.25,0.453125,0.4915254237288136,1.0,3.9474518299102783,0.7383958101272583
2,80,no_condition,3,42,0.375,0.46875,0.4444444444444444,1.0,4.59361457824707,0.8905132412910461
3,80,no_condition,3,42,0.4609375,0.5546875,0.4733075874602453,1.0,2.8509130477905273,0.6918261051177979
4,80,no_condition,3,42,0.3359375,0.484375,0.35812356979405036,1.0,3.568382501602173,0.7378096580505371
5,80,no_condition,3,42,0.4140625,0.5234375,0.3804794520547945,1.0,4.616359710693359,0.7713212966918945
6,80,no_condition,3,42,0.5,0.65625,0.46774193548387094,1.0,4.536438941955566,0.7347586154937744
7,80,no_condition,3,42,0.3125,0.5,0.39215686274509803,1.0,2.2791519165039062,0.4589326083660126
8,80,no_condition,3,42,0.328125,0.34375,0.46808510638297873,1.0,5.871705055236816,0.9504241943359375
9,80,no_condition,3,42,0.2890625,0.4296875,0.39379699248120303,1.0,4.419167518615723,0.8143782615661621
10,80,no_condition,3,42,0.3046875,0.4453125,0.4486607142857143,1.0,4.933788299560547,0.898347020149231
11,80,no_condition,3,42,0.3125,0.4140625,0.4165217391304348,1.0,4.297035217285156,0.7762899398803711
12,80,no_condition,3,42,0.34375,0.4375,0.4888888888888889,1.0,4.176969528198242,0.8403587937355042
13,80,no_condition,3,42,0.359375,0.453125,0.4230769230769231,1.0,4.594477653503418,0.8747756481170654
14,80,no_condition,3,42,0.421875,0.46875,0.421875,1.0,3.625577449798584,0.8177172541618347
15,80,no_condition,3,42,0.3984375,0.5,0.5076650943396226,1.0,2.475254535675049,0.5312015414237976
16,80,no_condition,3,42,0.40625,0.453125,0.5098039215686274,1.0,4.888044357299805,0.844146192073822
17,80,no_condition,3,42,0.5234375,0.7109375,0.522635998539613,1.0,5.275081157684326,1.013588547706604
18,80,no_condition,3,42,0.3359375,0.5234375,0.41742081447963797,1.0,3.354311466217041,0.6637043356895447
19,80,no_condition,3,42,0.3125,0.453125,0.4444444444444444,1.0,4.2677412033081055,0.9660204648971558
20,80,no_condition,3,42,0.265625,0.390625,0.375,1.0,3.912705183029175,0.5949830412864685
21,80,no_condition,3,42,0.328125,0.515625,0.40384615384615385,1.0,2.2494235038757324,0.4953697621822357
22,80,no_condition,3,42,0.390625,0.46875,0.3787878787878788,1.0,4.089500904083252,0.8686645030975342
23,80,no_condition,3,42,0.671875,0.640625,0.5802469135802469,1.0,2.6662397384643555,0.6846359968185425
24,80,no_condition,3,42,0.3203125,0.421875,0.43173758865248224,1.0,3.8411924839019775,0.7671859264373779
25,80,no_condition,3,42,0.3046875,0.375,0.4024621212121212,1.0,3.4499764442443848,0.6445375680923462
26,80,no_condition,3,42,0.3125,0.53125,0.3362745098039216,1.0,2.3603169918060303,0.5670758485794067
27,80,no_condition,3,42,0.3984375,0.5625,0.48863636363636365,1.0,3.5723681449890137,0.7451268434524536
28,80,no_condition,3,42,0.375,0.5,0.41379310344827586,1.0,3.5941879749298096,0.7074309587478638
29,80,no_condition,3,42,0.3125,0.421875,0.40476190476190477,1.0,5.51397705078125,1.0367342233657837
30,80,no_condition,3,42,0.484375,0.484375,0.5535714285714286,1.0,3.161271333694458,0.61613929271698
31,80,no_condition,3,42,0.375,0.53125,0.46938775510204084,1.0,3.7705230712890625,0.8390572667121887
32,80,no_condition,3,42,0.3203125,0.46875,0.4388440860215054,1.0,4.406742095947266,0.8021727800369263
33,80,no_condition,3,42,0.34375,0.453125,0.4363672182821119,1.0,4.016302108764648,0.9414279460906982
34,80,no_condition,3,42,0.375,0.390625,0.5,1.0,5.185738563537598,1.0252245664596558
35,80,no_condition,3,42,0.3125,0.453125,0.35714285714285715,1.0,3.500753402709961,0.7084019780158997
36,80,no_condition,3,42,0.3203125,0.421875,0.4596938775510204,1.0,3.5051612854003906,0.7859939932823181
37,80,no_condition,3,42,0.375,0.421875,0.4666666666666667,1.0,2.9331817626953125,0.6375885009765625
38,80,no_condition,3,42,0.328125,0.359375,0.48,1.0,6.469115257263184,1.1032418012619019
39,80,no_condition,3,42,0.296875,0.390625,0.42857142857142855,1.0,3.3445491790771484,0.6220667958259583
40,80,no_condition,3,42,0.2890625,0.4453125,0.3888888888888889,1.0,3.678255081176758,0.6907536387443542
41,80,no_condition,3,42,0.328125,0.4375,0.4175084175084175,1.0,5.079113006591797,0.7726247906684875
42,80,no_condition,3,42,0.390625,0.546875,0.47540983606557374,1.0,5.063458442687988,0.9567832350730896
43,80,no_condition,3,42,0.40625,0.484375,0.453125,1.0,4.1880316734313965,1.0017552375793457
44,80,no_condition,3,42,0.3203125,0.515625,0.4133771929824561,1.0,4.6414408683776855,0.7106652855873108
45,80,no_condition,3,42,0.296875,0.53125,0.38202247191011235,1.0,4.22122859954834,0.7526112794876099
46,80,no_condition,3,42,0.375,0.421875,0.45,1.0,5.702334880828857,0.9931548833847046
47,80,no_condition,3,42,0.3046875,0.4609375,0.3976982097186701,1.0,4.618200302124023,0.9102534055709839
48,80,no_condition,3,42,0.3515625,0.4765625,0.4498419085944237,1.0,4.0937910079956055,0.9064299464225769
49,80,no_condition,3,42,0.640625,0.90625,0.5974025974025974,1.0,4.080531597137451,0.7711877822875977
50,80,no_condition,3,42,0.34375,0.53125,0.3877551020408163,1.0,2.639248847961426,0.6228154897689819
51,80,no_condition,3,42,0.359375,0.515625,0.40816326530612246,1.0,6.265878200531006,0.9904727339744568
52,80,no_condition,3,42,0.3984375,0.59375,0.4595827900912647,1.0,2.3796303272247314,0.5171619653701782
53,80,no_condition,3,42,0.453125,0.5078125,0.4358047016274864,1.0,4.120708465576172,0.8412620425224304
54,80,no_condition,3,42,0.3203125,0.4140625,0.4173169267707083,1.0,4.454686164855957,0.9303073287010193
55,80,no_condition,3,42,0.4453125,0.5703125,0.4057308970099668,1.0,5.667740821838379,1.1456971168518066
56,80,no_condition,3,42,0.390625,0.546875,0.42264250065668507,1.0,4.358994483947754,0.9681797623634338
57,80,no_condition,3,42,0.296875,0.421875,0.3958333333333333,1.0,3.547302722930908,0.9110321402549744
58,80,no_condition,3,42,0.4921875,0.5546875,0.47621158392434987,1.0,3.5951292514801025,0.7307014465332031
59,80,no_condition,3,42,0.390625,0.484375,0.4909090909090909,1.0,2.6460964679718018,0.508720874786377
60,80,no_condition,3,42,0.3125,0.4375,0.425531914893617,1.0,3.2790932655334473,0.732488751411438
61,80,no_condition,3,42,0.34375,0.484375,0.4626865671641791,1.0,5.227852821350098,1.2039991617202759
62,80,no_condition,3,42,0.3203125,0.40625,0.4140689089417555,1.0,3.1980395317077637,0.6221188902854919
63,80,no_condition,3,42,0.359375,0.4609375,0.36592741935483875,1.0,3.088146686553955,0.6669031977653503
64,80,no_condition,3,42,0.453125,0.5625,0.4947209653092006,1.0,3.4036314487457275,0.6942046880722046
65,80,no_condition,3,42,0.2890625,0.3984375,0.47058823529411764,1.0,3.6002402305603027,0.7324541807174683
66,80,no_condition,3,42,0.359375,0.4375,0.48936170212765956,1.0,5.150595664978027,0.9673365950584412
67,80,no_condition,3,42,0.25,0.390625,0.38095238095238093,1.0,2.547382354736328,0.5821547508239746
68,80,no_condition,3,42,0.46875,0.515625,0.45652173913043476,1.0,3.9724111557006836,0.8227306604385376
69,80,no_condition,3,42,0.359375,0.5,0.4507042253521127,1.0,3.071056365966797,0.7056137323379517
70,80,no_condition,3,42,0.3359375,0.4140625,0.4444444444444444,1.0,5.300403118133545,0.9611612558364868
71,80,no_condition,3,42,0.515625,0.53125,0.4852941176470588,1.0,2.765106678009033,0.6654072403907776
72,80,no_condition,3,42,0.3125,0.390625,0.3953488372093023,1.0,4.424367427825928,0.9773414134979248
73,80,no_condition,3,42,0.5625,0.578125,0.4166666666666667,1.0,4.357912063598633,0.9521719813346863
74,80,no_condition,3,42,0.3828125,0.515625,0.48636363636363633,1.0,3.8769571781158447,0.7404784560203552
75,80,no_condition,3,42,0.5390625,0.546875,0.47685185185185186,1.0,3.8319201469421387,0.7648996710777283
76,80,no_condition,3,42,0.375,0.5,0.5263157894736842,1.0,4.57596492767334,0.686873197555542
77,80,no_condition,3,42,0.359375,0.453125,0.38636363636363635,1.0,5.269240856170654,0.9533583521842957
78,80,no_condition,3,42,0.4453125,0.5234375,0.5003561253561254,1.0,4.197857856750488,0.740444004535675
79,80,no_condition,3,42,0.296875,0.4375,0.36538461538461536,1.0,5.754826545715332,1.0494998693466187
80,80,no_condition,3,42,0.3203125,0.4375,0.4765765765765766,1.0,2.573122978210449,0.6367950439453125
81,80,no_condition,3,42,0.265625,0.328125,0.3541666666666667,1.0,2.9626047611236572,0.5608025789260864
82,80,no_condition,3,42,0.3125,0.4375,0.456959706959707,1.0,3.4557723999023438,0.7771756052970886
83,80,no_condition,3,42,0.359375,0.421875,0.4791666666666667,1.0,4.689708232879639,0.9820429086685181
84,80,no_condition,3,42,0.34375,0.4765625,0.42820512820512824,1.0,2.5526413917541504,0.49821579456329346
85,80,no_condition,3,42,0.3515625,0.5625,0.4072003577817531,1.0,2.5312533378601074,0.514427125453949
86,80,no_condition,3,42,0.375,0.46875,0.4398989898989899,1.0,4.903934478759766,1.0500811338424683
87,80,no_condition,3,42,0.328125,0.4375,0.4375,1.0,4.338252067565918,0.779080867767334
88,80,no_condition,3,42,0.40625,0.4375,0.4647887323943662,1.0,3.0769639015197754,0.643453061580658
89,80,no_condition,3,42,0.359375,0.46875,0.4406779661016949,1.0,5.246215343475342,0.9257916212081909
90,80,no_condition,3,42,0.296875,0.453125,0.4107142857142857,1.0,3.331627607345581,0.5301095247268677
91,80,no_condition,3,42,0.28125,0.375,0.3900372054568003,1.0,3.1161446571350098,0.7025999426841736
92,80,no_condition,3,42,0.296875,0.40625,0.42592592592592593,1.0,4.250704765319824,0.7819607853889465
93,80,no_condition,3,42,0.34375,0.484375,0.4186046511627907,1.0,4.0255632400512695,0.6793206334114075
94,80,no_condition,3,42,0.4921875,0.5703125,0.45285714285714285,1.0,5.868814468383789,0.9381016492843628
95,80,no_condition,3,42,0.359375,0.4453125,0.44466827827021216,1.0,5.435336589813232,1.0603643655776978
96,80,no_condition,3,42,0.3984375,0.4609375,0.4735449735449735,1.0,4.967208385467529,1.0846226215362549
97,80,no_condition,3,42,0.328125,0.4375,0.40384615384615385,1.0,3.2242536544799805,0.7257267236709595
98,80,no_condition,3,42,0.34375,0.5625,0.46808510638297873,1.0,3.3492870330810547,0.7414125800132751
99,80,no_condition,3,42,0.6640625,0.5703125,0.6082223631367576,1.0,3.614957809448242,0.8935859799385071
100,80,no_condition,3,42,0.234375,0.40625,0.3333333333333333,1.0,2.9487109184265137,0.7212446928024292
101,80,no_condition,3,42,0.3125,0.421875,0.39663461538461536,1.0,3.229374408721924,0.8033444881439209
102,80,no_condition,3,42,0.359375,0.4453125,0.4361111111111111,1.0,3.346970796585083,0.6812290549278259
103,80,no_condition,3,42,0.359375,0.453125,0.46166666666666667,1.0,2.5049848556518555,0.5947598814964294
104,80,no_condition,3,42,0.359375,0.46875,0.4117647058823529,1.0,5.032730579376221,0.7778457999229431
105,80,no_condition,3,42,0.3828125,0.484375,0.47014637904468415,1.0,3.7510876655578613,0.7369842529296875
106,80,no_condition,3,42,0.4140625,0.546875,0.49489795918367346,1.0,4.186943054199219,0.8786669373512268
107,80,no_condition,3,42,0.34375,0.3984375,0.42372234935164,1.0,4.535885810852051,0.7942987680435181
108,80,no_condition,3,42,0.28125,0.453125,0.35714285714285715,1.0,4.17605447769165,0.8133321404457092
109,80,no_condition,3,42,0.359375,0.46875,0.4338680926916221,1.0,8.228893280029297,1.3776606321334839
110,80,no_condition,3,42,0.453125,0.46875,0.4885262621111678,1.0,2.948289394378662,0.5894180536270142
111,80,no_condition,3,42,0.328125,0.515625,0.46511627906976744,1.0,3.424708843231201,0.6471457481384277
112,80,no_condition,3,42,0.2890625,0.3984375,0.39930232558139533,1.0,4.505947113037109,0.7665249705314636
113,80,no_condition,3,42,0.3984375,0.5546875,0.4801894918173988,1.0,6.622861385345459,1.0179409980773926
114,80,no_condition,3,42,0.453125,0.5625,0.48333333333333334,1.0,3.6658501625061035,0.7692962288856506
115,80,no_condition,3,42,0.3125,0.453125,0.414378860672615,1.0,3.1490695476531982,0.7164105772972107
116,80,no_condition,3,42,0.359375,0.59375,0.37142857142857144,1.0,4.578372955322266,0.7916538715362549
117,80,no_condition,3,42,0.328125,0.5234375,0.42424242424242425,1.0,3.067991018295288,0.6424594521522522
118,80,no_condition,3,42,0.3828125,0.4453125,0.5084016393442623,1.0,3.6880269050598145,0.7580897212028503
119,80,no_condition,3,42,0.296875,0.46875,0.38461538461538464,1.0,3.1472487449645996,0.6348052024841309
120,80,no_condition,3,42,0.328125,0.4375,0.4613142554319025,1.0,2.8045129776000977,0.6292619705200195
121,80,no_condition,3,42,0.359375,0.46875,0.49613152804642163,1.0,5.887873649597168,1.1576648950576782
122,80,no_condition,3,42,0.453125,0.5625,0.4666666666666667,1.0,3.3833556175231934,0.6789886355400085
123,80,no_condition,3,42,0.2578125,0.3984375,0.42105263157894735,1.0,3.586638927459717,0.7249690890312195
124,80,no_condition,3,42,0.2578125,0.34375,0.4084249084249084,1.0,3.7156903743743896,0.6371526122093201
125,80,no_condition,3,42,0.421875,0.671875,0.46551724137931033,1.0,3.632999897003174,0.6204859614372253
126,80,no_condition,3,42,0.359375,0.421875,0.45714285714285713,1.0,3.933161497116089,0.7354574799537659
127,80,no_condition,3,42,0.296875,0.375,0.38899950223992036,1.0,1.9524409770965576,0.4837520122528076
128,80,no_condition,3,42,0.328125,0.453125,0.45652173913043476,1.0,2.807845115661621,0.7017893195152283
129,80,no_condition,3,42,0.328125,0.4296875,0.41589147286821704,1.0,4.418983459472656,0.9022103548049927
130,80,no_condition,3,42,0.296875,0.484375,0.4222222222222222,1.0,3.0528955459594727,0.6298704147338867
131,80,no_condition,3,42,0.3359375,0.453125,0.46051356589147285,1.0,5.085653305053711,0.8547192215919495
132,80,no_condition,3,42,0.34375,0.671875,0.4,1.0,3.9574170112609863,0.8724343180656433
133,80,no_condition,3,42,0.3203125,0.4140625,0.39811320754716983,1.0,4.073094844818115,0.9220591187477112
134,80,no_condition,3,42,0.4609375,0.6484375,0.5412457912457913,1.0,4.729605674743652,0.8388371467590332
135,80,no_condition,3,42,0.265625,0.40625,0.391304347826087,1.0,3.922384738922119,0.7891407012939453
136,80,no_condition,3,42,0.296875,0.46875,0.3958333333333333,1.0,2.886441469192505,0.6918460726737976
137,80,no_condition,3,42,0.421875,0.640625,0.627906976744186,1.0,4.005827903747559,0.848147988319397
138,80,no_condition,3,42,0.40625,0.46875,0.4782608695652174,1.0,3.427180051803589,0.8455677032470703
139,80,no_condition,3,42,0.53125,0.640625,0.5066666666666667,1.0,2.6808648109436035,0.7085850834846497
140,80,no_condition,3,42,0.3203125,0.4296875,0.4408482142857143,1.0,2.867310047149658,0.5561037063598633
141,80,no_condition,3,42,0.390625,0.6875,0.38461538461538464,1.0,2.8756957054138184,0.6452487707138062
142,80,no_condition,3,42,0.3203125,0.375,0.4126333059885152,1.0,2.7546491622924805,0.6318585872650146
143,80,no_condition,3,42,0.34375,0.484375,0.45098039215686275,1.0,3.6234540939331055,0.749718189239502
144,80,no_condition,3,42,0.390625,0.5625,0.45454545454545453,1.0,3.6129097938537598,0.6904837489128113
145,80,no_condition,3,42,0.390625,0.515625,0.48936170212765956,1.0,5.83302116394043,1.0469244718551636
146,80,no_condition,3,42,0.328125,0.359375,0.45652173913043476,1.0,4.9930219650268555,0.8548994064331055
147,80,no_condition,3,42,0.28125,0.375,0.4186046511627907,1.0,4.901735305786133,0.9493933916091919
148,80,no_condition,3,42,0.328125,0.4375,0.42,1.0,3.456688165664673,0.8482170104980469
149,80,no_condition,3,42,0.3203125,0.453125,0.4,1.0,3.7210445404052734,0.7394238710403442
150,80,no_condition,3,42,0.3125,0.46875,0.4230769230769231,1.0,3.909101963043213,0.7523624300956726
151,80,no_condition,3,42,0.359375,0.5,0.3953488372093023,1.0,3.060784101486206,0.7192608118057251
152,80,no_condition,3,42,0.328125,0.453125,0.42,1.0,4.215786457061768,0.907561182975769
153,80,no_condition,3,42,0.3984375,0.4765625,0.3680555555555556,1.0,3.0341124534606934,0.715225338935852
154,80,no_condition,3,42,0.359375,0.484375,0.4084448160535117,1.0,3.5643045902252197,0.7256324291229248
155,80,no_condition,3,42,0.328125,0.4140625,0.4300211416490486,1.0,3.00003719329834,0.6743960976600647
156,80,no_condition,3,42,0.359375,0.453125,0.4392982456140351,1.0,3.876206874847412,0.7689399719238281
157,80,no_condition,3,42,0.390625,0.65625,0.4098360655737705,1.0,3.7426352500915527,0.8329578042030334
158,80,no_condition,3,42,0.3046875,0.4609375,0.4037037037037037,1.0,6.90687370300293,1.051292061805725
159,80,no_condition,3,42,0.40625,0.5546875,0.3924903722721438,1.0,3.9373247623443604,0.6826015710830688
160,80,no_condition,3,42,0.3203125,0.3671875,0.4337979094076655,1.0,6.471331596374512,1.032410740852356
161,80,no_condition,3,42,0.359375,0.5625,0.4666666666666667,1.0,3.478656768798828,0.8009848594665527
162,80,no_condition,3,42,0.328125,0.515625,0.4523809523809524,1.0,6.333170413970947,0.9901114106178284
163,80,no_condition,3,42,0.3828125,0.5078125,0.38400900900900903,1.0,4.625631332397461,0.9027391076087952
164,80,no_condition,3,42,0.3203125,0.453125,0.4231884057971015,1.0,5.282841682434082,0.8054233193397522
165,80,no_condition,3,42,0.3828125,0.46875,0.4058700209643606,1.0,3.23240065574646,0.6400018930435181
166,80,no_condition,3,42,0.3984375,0.484375,0.44914728682170546,1.0,2.808274269104004,0.49763762950897217
167,80,no_condition,3,42,0.375,0.4765625,0.4163135593220339,1.0,2.447887420654297,0.5410006642341614
168,80,no_condition,3,42,0.3828125,0.515625,0.47333333333333333,1.0,4.894498348236084,1.105189561843872
169,80,no_condition,3,42,0.4765625,0.71875,0.4235963727570905,1.0,2.3319826126098633,0.5408145785331726
170,80,no_condition,3,42,0.3125,0.4453125,0.3963045555909525,1.0,4.660124778747559,0.841715395450592
171,80,no_condition,3,42,0.3671875,0.4921875,0.4196428571428571,1.0,6.992955207824707,1.2139168977737427
172,80,no_condition,3,42,0.3125,0.375,0.4523809523809524,1.0,6.229563236236572,1.1866307258605957
173,80,no_condition,3,42,0.3125,0.453125,0.39215686274509803,1.0,2.451111316680908,0.5079692602157593
174,80,no_condition,3,42,0.34375,0.578125,0.4,1.0,2.9976539611816406,0.6776984930038452
175,80,no_condition,3,42,0.328125,0.578125,0.4222222222222222,1.0,5.291572570800781,0.9174972176551819
176,80,no_condition,3,42,0.3046875,0.390625,0.4532608695652174,1.0,4.585912704467773,0.793752133846283
177,80,no_condition,3,42,0.296875,0.3828125,0.4286750483558994,1.0,3.1076560020446777,0.7003594636917114
178,80,no_condition,3,42,0.3046875,0.484375,0.4030732860520094,1.0,3.3198275566101074,0.773657500743866
179,80,no_condition,3,42,0.328125,0.453125,0.40652173913043477,1.0,4.600963592529297,0.9728212356567383
180,80,no_condition,3,42,0.390625,0.46875,0.4883720930232558,1.0,3.7355098724365234,0.7187802791595459
181,80,no_condition,3,42,0.328125,0.453125,0.48148148148148145,1.0,5.013951778411865,0.8626675605773926
182,80,no_condition,3,42,0.390625,0.390625,0.5076923076923077,1.0,4.639111042022705,0.7749454379081726
183,80,no_condition,3,42,0.453125,0.5625,0.42028985507246375,1.0,4.445940017700195,0.7854927182197571
184,80,no_condition,3,42,0.4375,0.46875,0.4722222222222222,1.0,5.852442741394043,1.1141467094421387
185,80,no_condition,3,42,0.359375,0.421875,0.48936170212765956,1.0,4.303496837615967,0.8948001861572266
186,80,no_condition,3,42,0.3125,0.46875,0.4444444444444444,1.0,5.221530914306641,0.9849700331687927
187,80,no_condition,3,42,0.328125,0.703125,0.3958333333333333,1.0,3.49969482421875,0.6815534234046936
188,80,no_condition,3,42,0.3203125,0.4453125,0.44254658385093165,1.0,4.31306266784668,0.8654608726501465
189,80,no_condition,3,42,0.28125,0.421875,0.40100430416068866,1.0,3.275083303451538,0.6991164684295654
190,80,no_condition,3,42,0.28125,0.40625,0.4,1.0,3.6767497062683105,0.752860963344574
191,80,no_condition,3,42,0.34375,0.4609375,0.44838455476753347,1.0,4.2783732414245605,0.7947279810905457
192,80,no_condition,3,42,0.3046875,0.4453125,0.40004432624113473,1.0,3.2041642665863037,0.6156314015388489
193,80,no_condition,3,42,0.453125,0.5546875,0.4590732519422863,1.0,5.337374687194824,0.9109945893287659
194,80,no_condition,3,42,0.2578125,0.3828125,0.358695652173913,1.0,4.292529106140137,0.8537940382957458
195,80,no_condition,3,42,0.375,0.4375,0.5,1.0,4.7166900634765625,0.7037878036499023
196,80,no_condition,3,42,0.4296875,0.53125,0.4206349206349206,1.0,2.582367420196533,0.5618336796760559
197,80,no_condition,3,42,0.3359375,0.390625,0.382895816242822,1.0,5.443912506103516,1.0313334465026855
198,80,no_condition,3,42,0.296875,0.359375,0.4339622641509434,1.0,5.580358505249023,0.9371411800384521
199,80,no_condition,3,42,0.296875,0.453125,0.391304347826087,1.0,3.7036314010620117,0.8396120071411133
200,80,no_condition,3,42,0.4609375,0.5234375,0.539396628216504,1.0,4.25539493560791,0.9911983013153076
201,80,no_condition,3,42,0.28125,0.375,0.38541666666666663,1.0,3.8319640159606934,0.7212544679641724
202,80,no_condition,3,42,0.34375,0.515625,0.45454545454545453,1.0,6.474291801452637,1.0118420124053955
203,80,no_condition,3,42,0.359375,0.3984375,0.4601840736294518,1.0,3.7234208583831787,0.7352756261825562
204,80,no_condition,3,42,0.421875,0.46875,0.5437370600414079,1.0,3.308746337890625,0.6866809725761414
205,80,no_condition,3,42,0.296875,0.3359375,0.40266912103083297,1.0,5.02047872543335,0.8861925601959229
206,80,no_condition,3,42,0.359375,0.46875,0.5,1.0,3.894221782684326,0.6141552925109863
207,80,no_condition,3,42,0.34375,0.625,0.33757716049382713,1.0,2.779322862625122,0.6752976775169373
208,80,no_condition,3,42,0.3125,0.390625,0.4166666666666667,1.0,4.037500381469727,0.9062472581863403
209,80,no_condition,3,42,0.34375,0.40625,0.4583333333333333,1.0,5.402710914611816,0.923667848110199
210,80,no_condition,3,42,0.3359375,0.3984375,0.390598862495818,1.0,3.175133466720581,0.7237051129341125
211,80,no_condition,3,42,0.6171875,0.6640625,0.5582627118644068,1.0,5.270516872406006,0.9975854754447937
212,80,no_condition,3,42,0.390625,0.46875,0.5,1.0,4.326931953430176,0.7724314332008362
213,80,no_condition,3,42,0.3125,0.5,0.45,1.0,3.06351637840271,0.6531709432601929
214,80,no_condition,3,42,0.46875,0.53125,0.4918032786885246,1.0,3.314202308654785,0.7369241714477539
215,80,no_condition,3,42,0.34375,0.4375,0.4107142857142857,1.0,4.222217559814453,0.8497014045715332
216,80,no_condition,3,42,0.390625,0.375,0.4716981132075472,1.0,4.782135486602783,0.8179214596748352
217,80,no_condition,3,42,0.390625,0.6640625,0.3854895104895105,1.0,2.738785743713379,0.565007746219635
218,80,no_condition,3,42,0.359375,0.5,0.5,1.0,3.1663999557495117,0.6473120450973511
219,80,no_condition,3,42,0.2734375,0.4140625,0.43704680290046144,1.0,4.008144855499268,0.7458635568618774
220,80,no_condition,3,42,0.4375,0.453125,0.36666666666666664,1.0,3.904709815979004,0.8035848736763
221,80,no_condition,3,42,0.5546875,0.609375,0.5248015873015872,1.0,5.991189479827881,1.0278067588806152
222,80,no_condition,3,42,0.421875,0.515625,0.423728813559322,1.0,2.153846502304077,0.44811028242111206
223,80,no_condition,3,42,0.375,0.4296875,0.47333333333333333,1.0,4.646758079528809,0.897636890411377
224,80,no_condition,3,42,0.296875,0.4375,0.42857142857142855,1.0,2.7915234565734863,0.6109968423843384
225,80,no_condition,3,42,0.28125,0.40625,0.3958333333333333,1.0,4.124723434448242,0.8473071455955505
226,80,no_condition,3,42,0.3125,0.4375,0.4528301886792453,1.0,2.7213246822357178,0.6713047623634338
227,80,no_condition,3,42,0.296875,0.359375,0.3958333333333333,1.0,4.800260066986084,1.0166553258895874
228,80,no_condition,3,42,0.40625,0.515625,0.5060240963855421,1.0,5.132587909698486,0.9743499755859375
229,80,no_condition,3,42,0.390625,0.5625,0.4666666666666667,1.0,2.873856544494629,0.6598808169364929
230,80,no_condition,3,42,0.390625,0.5625,0.4858490566037736,1.0,4.69731330871582,0.8934959769248962
231,80,no_condition,3,42,0.609375,0.828125,0.5652173913043478,1.0,2.7737646102905273,0.6352229714393616
232,80,no_condition,3,42,0.28125,0.546875,0.39705882352941174,1.0,3.2007269859313965,0.727730393409729
233,80,no_condition,3,42,0.3828125,0.4765625,0.48074701578744705,1.0,3.764749050140381,0.7606164813041687
234,80,no_condition,3,42,0.296875,0.453125,0.41304347826086957,1.0,4.113803386688232,0.7046669721603394
235,80,no_condition,3,42,0.2890625,0.4609375,0.37575757575757573,1.0,3.842827796936035,0.7966755032539368
236,80,no_condition,3,42,0.421875,0.4375,0.4810126582278481,1.0,4.421680450439453,0.8916072249412537
237,80,no_condition,3,42,0.34375,0.53125,0.4888888888888889,1.0,4.807941913604736,0.7912442684173584
238,80,no_condition,3,42,0.3359375,0.484375,0.42391304347826086,1.0,5.293184280395508,0.9318740367889404
239,80,no_condition,3,42,0.328125,0.453125,0.4517625231910946,1.0,4.328733444213867,0.8955278992652893
240,80,no_condition,3,42,0.2734375,0.4140625,0.40630797773654914,1.0,3.5734658241271973,0.6675397157669067
241,80,no_condition,3,42,0.328125,0.421875,0.485576923076923,1.0,4.727614402770996,0.9550420641899109
242,80,no_condition,3,42,0.46875,0.640625,0.5172413793103449,1.0,3.3734233379364014,0.8436654210090637
243,80,no_condition,3,42,0.3125,0.453125,0.4166666666666667,1.0,3.766202926635742,0.7273160815238953
244,80,no_condition,3,42,0.3359375,0.453125,0.4349881796690307,1.0,3.5589611530303955,0.7830034494400024
245,80,no_condition,3,42,0.34375,0.59375,0.6206896551724138,1.0,4.0034990310668945,0.9365813732147217
246,80,no_condition,3,42,0.3125,0.4140625,0.45081135902636915,1.0,4.70774507522583,0.8625590801239014
247,80,no_condition,3,42,0.34375,0.578125,0.4230769230769231,1.0,4.771594524383545,0.9003653526306152
248,80,no_condition,3,42,0.328125,0.484375,0.41198752228163993,1.0,2.9943418502807617,0.7360153198242188
249,80,no_condition,3,42,0.5234375,0.6640625,0.5070131271354074,1.0,2.7052366733551025,0.6037314534187317
250,80,no_condition,3,42,0.5078125,0.609375,0.4612134344528711,1.0,4.526803970336914,1.0006685256958008
251,80,no_condition,3,42,0.453125,0.515625,0.484375,1.0,3.857790946960449,0.8165674209594727
252,80,no_condition,3,42,0.34375,0.46875,0.4107142857142857,1.0,4.035003662109375,0.8120887279510498
253,80,no_condition,3,42,0.34375,0.515625,0.5147058823529411,1.0,5.089055061340332,0.8241109848022461
254,80,no_condition,3,42,0.28125,0.4375,0.3953488372093023,1.0,3.892916202545166,0.8765139579772949
255,80,no_condition,3,42,0.3125,0.4375,0.44,1.0,3.9640603065490723,0.8193148374557495
256,80,no_condition,3,42,0.375,0.4375,0.42857142857142855,1.0,3.959773540496826,0.8553492426872253
257,80,no_condition,3,42,0.5,0.4609375,0.43167701863354035,1.0,3.622124195098877,0.811771810054779
258,80,no_condition,3,42,0.25,0.390625,0.38095238095238093,1.0,3.3637542724609375,0.7576014399528503
259,80,no_condition,3,42,0.3671875,0.46875,0.48469387755102045,1.0,3.874318838119507,0.758165717124939
260,80,no_condition,3,42,0.359375,0.390625,0.425531914893617,1.0,5.694842338562012,1.0545625686645508
261,80,no_condition,3,42,0.3828125,0.4609375,0.478030303030303,1.0,4.822348594665527,1.0214083194732666
262,80,no_condition,3,42,0.3671875,0.4921875,0.4019607843137255,1.0,5.349489688873291,0.9391244649887085
263,80,no_condition,3,42,0.296875,0.484375,0.4444444444444444,1.0,3.907362937927246,0.8385118246078491
264,80,no_condition,3,42,0.375,0.421875,0.5106382978723404,1.0,5.31524133682251,0.839227020740509
265,80,no_condition,3,42,0.4609375,0.484375,0.5400130123617437,1.0,3.4388179779052734,0.748435914516449
266,80,no_condition,3,42,0.40625,0.46875,0.45614035087719296,1.0,4.838044166564941,0.9937317371368408
267,80,no_condition,3,42,0.359375,0.375,0.40476190476190477,1.0,4.249610424041748,0.773749828338623
268,80,no_condition,3,42,0.2578125,0.4140625,0.373546511627907,1.0,2.565598487854004,0.6871984004974365
269,80,no_condition,3,42,0.3046875,0.4296875,0.46111111111111114,1.0,4.705677032470703,0.7723365426063538
270,80,no_condition,3,42,0.359375,0.453125,0.40625,1.0,4.927242279052734,0.9033183455467224
271,80,no_condition,3,42,0.28125,0.421875,0.3958333333333333,1.0,4.186643600463867,0.8325943350791931
272,80,no_condition,3,42,0.3359375,0.4453125,0.46107301331181927,1.0,3.019685745239258,0.7218907475471497
273,80,no_condition,3,42,0.390625,0.6484375,0.4198966408268734,1.0,2.1426095962524414,0.4859350025653839
274,80,no_condition,3,42,0.765625,0.5,0.6057692307692307,1.0,3.6377182006835938,0.6553406119346619
275,80,no_condition,3,42,0.3125,0.4296875,0.40588235294117647,1.0,4.220885276794434,0.7451072931289673
276,80,no_condition,3,42,0.4296875,0.46875,0.5106732348111659,1.0,4.442870616912842,0.6676202416419983
277,80,no_condition,3,42,0.3203125,0.46875,0.43741496598639457,1.0,4.428798675537109,0.8354092836380005
278,80,no_condition,3,42,0.375,0.5,0.4888888888888889,1.0,1.386146068572998,0.3376355767250061
279,80,no_condition,3,42,0.28125,0.390625,0.4090909090909091,1.0,4.529306888580322,0.7744903564453125
280,80,no_condition,3,42,0.484375,0.4375,0.5238095238095238,1.0,4.205941200256348,0.8708052635192871
281,80,no_condition,3,42,0.3125,0.421875,0.45,1.0,4.2616705894470215,0.7089152932167053
282,80,no_condition,3,42,0.25,0.390625,0.375,1.0,2.772496223449707,0.6015166640281677
283,80,no_condition,3,42,0.34375,0.4375,0.4486607142857143,1.0,5.587920665740967,0.9960740208625793
284,80,no_condition,3,42,0.4375,0.5625,0.5,1.0,4.695859432220459,0.9427846670150757
285,80,no_condition,3,42,0.296875,0.390625,0.40004432624113473,1.0,4.261502265930176,0.7857121825218201
286,80,no_condition,3,42,0.390625,0.40625,0.5,1.0,3.46588134765625,0.699693500995636
287,80,no_condition,3,42,0.375,0.515625,0.43636363636363634,1.0,3.6900877952575684,0.7431895136833191
288,80,no_condition,3,42,0.25,0.421875,0.38461538461538464,1.0,4.265790939331055,0.81534343957901
289,80,no_condition,3,42,0.3046875,0.484375,0.3875,1.0,4.46229887008667,0.8249675631523132
290,80,no_condition,3,42,0.34375,0.546875,0.3794757033248082,1.0,4.2485857009887695,0.8447210788726807
291,80,no_condition,3,42,0.4375,0.46875,0.5,1.0,3.7763237953186035,0.8851174712181091
292,80,no_condition,3,42,0.3671875,0.4140625,0.46828211189913316,1.0,6.718131065368652,1.032254934310913
293,80,no_condition,3,42,0.296875,0.4375,0.4176356589147287,1.0,3.3859243392944336,0.6841413974761963
294,80,no_condition,3,42,0.3828125,0.5234375,0.3916799272561946,1.0,4.9096221923828125,0.9898554682731628
295,80,no_condition,3,42,0.359375,0.390625,0.4423076923076923,1.0,5.464637756347656,1.0524319410324097
296,80,no_condition,3,42,0.375,0.484375,0.45,1.0,5.201107025146484,0.8591415286064148
297,80,no_condition,3,42,0.640625,0.6328125,0.6396103896103896,1.0,4.949258327484131,0.9879483580589294
298,80,no_condition,3,42,0.453125,0.5,0.5135135135135135,1.0,3.6532864570617676,0.7164570093154907
299,80,no_condition,3,42,0.375,0.46875,0.48,1.0,3.1028635501861572,0.6677731871604919
300,80,no_condition,3,42,0.390625,0.421875,0.5,1.0,5.185947418212891,0.9661882519721985
301,80,no_condition,3,42,0.3046875,0.375,0.4077055779183439,1.0,6.485489845275879,1.1842848062515259
302,80,no_condition,3,42,0.3125,0.421875,0.4375,1.0,4.024987697601318,0.8822564482688904
303,80,no_condition,3,42,0.3515625,0.4375,0.4052215884159719,1.0,4.660490036010742,0.9737028479576111
304,80,no_condition,3,42,0.296875,0.484375,0.4340425531914894,1.0,5.824228286743164,0.9182921648025513
305,80,no_condition,3,42,0.328125,0.46875,0.4673202614379085,1.0,3.219033718109131,0.6434630751609802
306,80,no_condition,3,42,0.359375,0.4453125,0.40084134615384615,1.0,3.059713125228882,0.7251995801925659
307,80,no_condition,3,42,0.265625,0.4375,0.3827027027027027,1.0,3.102421283721924,0.6073674559593201
308,80,no_condition,3,42,0.375,0.5625,0.48333333333333334,1.0,2.8969929218292236,0.6584309339523315
309,80,no_condition,3,42,0.40625,0.4375,0.5142857142857142,1.0,4.605684280395508,0.9125077128410339
310,80,no_condition,3,42,0.28125,0.390625,0.4528301886792453,1.0,4.1339216232299805,0.8081145882606506
311,80,no_condition,3,42,0.296875,0.46875,0.41304347826086957,1.0,2.911515712738037,0.6062431335449219
312,80,no_condition,3,42,0.3046875,0.4609375,0.4275074478649454,1.0,4.110798358917236,0.8900098204612732
313,80,no_condition,3,42,0.375,0.515625,0.4,1.0,5.44145393371582,0.955720841884613
314,80,no_condition,3,42,0.328125,0.3984375,0.42857142857142855,1.0,4.2039995193481445,0.8265100121498108
315,80,no_condition,3,42,0.28125,0.40625,0.43859649122807015,1.0,7.482852935791016,1.287671685218811
316,80,no_condition,3,42,0.375,0.546875,0.4444444444444444,1.0,4.583856582641602,0.8211005926132202
317,80,no_condition,3,42,0.34375,0.40625,0.42824730572887126,1.0,5.55069637298584,0.9906149506568909
318,80,no_condition,3,42,0.3125,0.375,0.4146341463414634,1.0,5.160493850708008,0.9545883536338806
319,80,no_condition,3,42,0.390625,0.5625,0.4166666666666667,1.0,4.790317535400391,0.9425783157348633
320,80,no_condition,3,42,0.375,0.4296875,0.4801920768307323,1.0,3.953874111175537,0.7587282061576843
321,80,no_condition,3,42,0.359375,0.578125,0.46296296296296297,1.0,6.455694675445557,1.240843653678894
322,80,no_condition,3,42,0.390625,0.453125,0.49122807017543857,1.0,4.361818313598633,0.9256458878517151
323,80,no_condition,3,42,0.375,0.46875,0.4782608695652174,1.0,4.576673984527588,1.0317580699920654
324,80,no_condition,3,42,0.4453125,0.5859375,0.4848675914249685,1.0,3.0759432315826416,0.6738108396530151
325,80,no_condition,3,42,0.265625,0.4375,0.36363636363636365,1.0,3.7204806804656982,0.6740248203277588
326,80,no_condition,3,42,0.3125,0.40625,0.43,1.0,5.854353904724121,1.1322838068008423
327,80,no_condition,3,42,0.28125,0.390625,0.4224308300395257,1.0,2.7271199226379395,0.6360799670219421
328,80,no_condition,3,42,0.3125,0.4921875,0.3878021978021978,1.0,5.327724456787109,1.0232093334197998
329,80,no_condition,3,42,0.3125,0.375,0.4166666666666667,1.0,3.7034287452697754,0.7151132225990295
330,80,no_condition,3,42,0.3046875,0.40625,0.40993788819875776,1.0,7.957099437713623,1.1846696138381958
331,80,no_condition,3,42,0.359375,0.4453125,0.4496567505720824,1.0,4.108723163604736,0.7426894903182983
332,80,no_condition,3,42,0.28125,0.421875,0.3688888888888889,1.0,2.73319673538208,0.5384995341300964
333,80,no_condition,3,42,0.25,0.3984375,0.34930313588850176,1.0,3.5680031776428223,0.7855289578437805
334,80,no_condition,3,42,0.359375,0.484375,0.45,1.0,7.405633449554443,1.2472078800201416
335,80,no_condition,3,42,0.5078125,0.6796875,0.5325531342480495,1.0,4.040424346923828,0.8273300528526306
336,80,no_condition,3,42,0.3125,0.421875,0.47619047619047616,1.0,3.7880654335021973,0.8227251768112183
337,80,no_condition,3,42,0.375,0.4375,0.46808510638297873,1.0,3.755650520324707,0.7125670313835144
338,80,no_condition,3,42,0.3125,0.5703125,0.41462765957446807,1.0,4.677768707275391,0.9344428777694702
339,80,no_condition,3,42,0.3046875,0.3671875,0.44832826747720367,1.0,2.8006951808929443,0.6259601712226868
340,80,no_condition,3,42,0.359375,0.34375,0.4523809523809524,1.0,2.8645079135894775,0.5079145431518555
341,80,no_condition,3,42,0.359375,0.4921875,0.46568627450980393,1.0,3.2260031700134277,0.7363913655281067
342,80,no_condition,3,42,0.25,0.375,0.3404255319148936,1.0,3.7229111194610596,0.7862539887428284
343,80,no_condition,3,42,0.578125,0.5625,0.5606060606060606,1.0,3.8505125045776367,0.6614635586738586
344,80,no_condition,3,42,0.375,0.4140625,0.4585714285714286,1.0,3.8846306800842285,0.7665311694145203
345,80,no_condition,3,42,0.34375,0.359375,0.4782608695652174,1.0,4.475495338439941,0.8014662861824036
346,80,no_condition,3,42,0.328125,0.390625,0.42358803986710963,1.0,5.953170299530029,1.1125235557556152
347,80,no_condition,3,42,0.6328125,0.7265625,0.5503040353786622,1.0,3.3325672149658203,0.6258578896522522
348,80,no_condition,3,42,0.3359375,0.46875,0.3833333333333333,1.0,7.764678955078125,1.1814568042755127
349,80,no_condition,3,42,0.328125,0.453125,0.42857142857142855,1.0,4.731358051300049,0.8082534670829773
350,80,no_condition,3,42,0.34375,0.46875,0.44,1.0,4.149263381958008,0.899307370185852
351,80,no_condition,3,42,0.40625,0.6796875,0.3448275862068966,1.0,5.035278797149658,0.9663892388343811
352,80,no_condition,3,42,0.3046875,0.4375,0.41418918918918923,1.0,3.7773354053497314,0.7126249670982361
353,80,no_condition,3,42,0.328125,0.453125,0.38548387096774195,1.0,3.8470914363861084,0.8643423914909363
354,80,no_condition,3,42,0.375,0.5,0.46755637367694436,1.0,5.254284858703613,0.9735826253890991
355,80,no_condition,3,42,0.390625,0.53125,0.44,1.0,3.396328926086426,0.6410846710205078
356,80,no_condition,3,42,0.3671875,0.484375,0.43000000000000005,1.0,4.7893781661987305,0.9460511207580566
357,80,no_condition,3,42,0.28125,0.421875,0.4,1.0,4.023761749267578,0.955374538898468
358,80,no_condition,3,42,0.3203125,0.453125,0.44155844155844154,1.0,4.188090801239014,0.8526512384414673
359,80,no_condition,3,42,0.4140625,0.46875,0.522560528246515,1.0,4.274989128112793,0.9137219190597534
360,80,no_condition,3,42,0.359375,0.375,0.4444444444444444,1.0,3.7711851596832275,0.7333738803863525
361,80,no_condition,3,42,0.5625,0.84375,0.42105263157894735,1.0,3.670928478240967,0.7802485227584839
362,80,no_condition,3,42,0.375,0.46875,0.36363636363636365,1.0,3.7550148963928223,0.6255356669425964
363,80,no_condition,3,42,0.328125,0.453125,0.43478260869565216,1.0,3.6539688110351562,0.8474408388137817
364,80,no_condition,3,42,0.390625,0.53125,0.4482758620689655,1.0,2.7830801010131836,0.7238277792930603
365,80,no_condition,3,42,0.2734375,0.4453125,0.4039893617021276,1.0,3.04571533203125,0.5544449090957642
366,80,no_condition,3,42,0.4140625,0.5,0.4152260638297872,1.0,3.191828727722168,0.6199366450309753
367,80,no_condition,3,42,0.5546875,0.6328125,0.5583386176284084,1.0,4.2352776527404785,0.9412615895271301
368,80,no_condition,3,42,0.390625,0.515625,0.5217391304347826,1.0,3.8699817657470703,0.5775859951972961
369,80,no_condition,3,42,0.296875,0.484375,0.43137254901960786,1.0,3.865839958190918,0.7183237671852112
370,80,no_condition,3,42,0.3046875,0.3828125,0.4083333333333333,1.0,4.239202976226807,0.9468296766281128
371,80,no_condition,3,42,0.28125,0.4375,0.3902439024390244,1.0,3.5861878395080566,0.7135418057441711
372,80,no_condition,3,42,0.3203125,0.4609375,0.38235294117647056,1.0,4.147780418395996,0.8990095257759094
373,80,no_condition,3,42,0.328125,0.390625,0.4015151515151515,1.0,4.052246570587158,0.8148178458213806
374,80,no_condition,3,42,0.3359375,0.5234375,0.42606707317073167,1.0,3.3306479454040527,0.6509107947349548
375,80,no_condition,3,42,0.359375,0.484375,0.45652173913043476,1.0,6.682210445404053,0.9605958461761475
376,80,no_condition,3,42,0.328125,0.4453125,0.412962962962963,1.0,3.411592960357666,0.7155334949493408
377,80,no_condition,3,42,0.3125,0.390625,0.5128205128205128,1.0,3.9981560707092285,0.649105966091156
378,80,no_condition,3,42,0.296875,0.390625,0.4492424242424242,1.0,3.8880763053894043,0.8160321116447449
379,80,no_condition,3,42,0.3515625,0.3984375,0.40162037037037035,1.0,5.015252113342285,0.8832717537879944
380,80,no_condition,3,42,0.34375,0.453125,0.43137254901960786,1.0,3.882702350616455,0.6473143100738525
381,80,no_condition,3,42,0.3515625,0.5546875,0.4326923076923077,1.0,4.3422160148620605,0.881758451461792
382,80,no_condition,3,42,0.4765625,0.5703125,0.48834134615384617,1.0,3.7545957565307617,0.7775223255157471
383,80,no_condition,3,42,0.359375,0.53125,0.3943506969919296,1.0,2.3498401641845703,0.5548887252807617
384,80,no_condition,3,42,0.703125,0.53125,0.5357142857142857,1.0,3.514582395553589,0.7371755242347717
385,80,no_condition,3,42,0.3125,0.390625,0.4148936170212766,1.0,4.174655914306641,0.754738986492157
386,80,no_condition,3,42,0.5078125,0.4609375,0.5268628078030061,1.0,2.9944984912872314,0.7082468867301941
387,80,no_condition,3,42,0.390625,0.515625,0.43137254901960786,1.0,4.7876176834106445,0.9084063768386841
388,80,no_condition,3,42,0.296875,0.40625,0.453125,1.0,2.155524730682373,0.384196013212204
389,80,no_condition,3,42,0.3046875,0.390625,0.4429164504411002,1.0,4.088017463684082,0.7306111454963684
390,80,no_condition,3,42,0.375,0.4375,0.45454545454545453,1.0,3.7053654193878174,0.7132394909858704
391,80,no_condition,3,42,0.359375,0.34375,0.425531914893617,1.0,3.8047187328338623,0.6442626118659973
392,80,no_condition,3,42,0.265625,0.34375,0.39767441860465114,1.0,5.091708183288574,0.9074732065200806
393,80,no_condition,3,42,0.296875,0.40625,0.36538461538461536,1.0,3.286898136138916,0.7633079290390015
394,80,no_condition,3,42,0.3203125,0.4453125,0.4202317290552585,1.0,4.824550628662109,0.9876447916030884
395,80,no_condition,3,42,0.375,0.515625,0.45614035087719296,1.0,2.9199790954589844,0.657406210899353
396,80,no_condition,3,42,0.328125,0.390625,0.4716981132075472,1.0,5.078187942504883,0.950051486492157
397,80,no_condition,3,42,0.328125,0.46875,0.41025641025641024,1.0,2.9829230308532715,0.5567570924758911
398,80,no_condition,3,42,0.28125,0.4296875,0.40930232558139534,1.0,2.893873453140259,0.6413529515266418
399,80,no_condition,3,42,0.4375,0.421875,0.5,1.0,4.9926629066467285,0.9089614152908325
400,80,no_condition,3,42,0.375,0.5,0.47058823529411764,1.0,3.830392837524414,0.7651560306549072
401,80,no_condition,3,42,0.4375,0.515625,0.4383561643835616,1.0,2.8293426036834717,0.6201950907707214
402,80,no_condition,3,42,0.359375,0.546875,0.4090909090909091,1.0,4.006716251373291,0.9535660147666931
403,80,no_condition,3,42,0.375,0.40625,0.5172413793103449,1.0,4.539238929748535,0.7098076939582825
404,80,no_condition,3,42,0.34375,0.5,0.44680851063829785,1.0,3.923976421356201,0.9383794665336609
405,80,no_condition,3,42,0.359375,0.40625,0.45098039215686275,1.0,4.898456573486328,0.8869189620018005
406,80,no_condition,3,42,0.3125,0.3828125,0.5304878048780488,1.0,4.10491943359375,0.7667868733406067
407,80,no_condition,3,42,0.3125,0.4296875,0.4436649659863946,1.0,3.120487689971924,0.646883487701416
408,80,no_condition,3,42,0.375,0.5,0.5,1.0,4.152044296264648,0.7877506613731384
409,80,no_condition,3,42,0.234375,0.375,0.34146341463414637,1.0,2.266064167022705,0.501692533493042
410,80,no_condition,3,42,0.375,0.390625,0.4528301886792453,1.0,5.325576305389404,1.0778791904449463
411,80,no_condition,3,42,0.328125,0.453125,0.5,1.0,4.310829162597656,0.8758480548858643
412,80,no_condition,3,42,0.3984375,0.46875,0.4482581967213115,1.0,3.5530905723571777,0.8800487518310547
413,80,no_condition,3,42,0.265625,0.453125,0.3541666666666667,1.0,4.854557514190674,0.9750474095344543
414,80,no_condition,3,42,0.3359375,0.4375,0.4023809523809524,1.0,4.788756370544434,0.8223312497138977
415,80,no_condition,3,42,0.34375,0.453125,0.48958333333333337,1.0,3.0564372539520264,0.5593988299369812
416,80,no_condition,3,42,0.3046875,0.5078125,0.4253419452887538,1.0,4.615393161773682,1.0517853498458862
417,80,no_condition,3,42,0.328125,0.453125,0.45454545454545453,1.0,4.663995742797852,0.9642149209976196
418,80,no_condition,3,42,0.375,0.46875,0.48,1.0,3.475594997406006,0.7735210061073303
419,80,no_condition,3,42,0.359375,0.515625,0.4745762711864407,1.0,4.402052402496338,0.8519172072410583
420,80,no_condition,3,42,0.3125,0.4609375,0.35615384615384615,1.0,3.722954273223877,0.7802197933197021
421,80,no_condition,3,42,0.40625,0.5,0.5,1.0,4.28687858581543,1.001944661140442
422,80,no_condition,3,42,0.328125,0.375,0.4222222222222222,1.0,3.85402512550354,0.816750168800354
423,80,no_condition,3,42,0.265625,0.34375,0.425,1.0,2.6741976737976074,0.5358414053916931
424,80,no_condition,3,42,0.375,0.3984375,0.46587481146304677,1.0,2.913989782333374,0.6408615112304688
425,80,no_condition,3,42,0.265625,0.515625,0.3541666666666667,1.0,4.209909439086914,0.8568259477615356
426,80,no_condition,3,42,0.265625,0.421875,0.38095238095238093,1.0,2.597541332244873,0.6055171489715576
427,80,no_condition,3,42,0.28125,0.359375,0.40652173913043477,1.0,4.563281059265137,0.8109689950942993
428,80,no_condition,3,42,0.5625,0.734375,0.4931506849315068,1.0,4.126111030578613,0.8106907606124878
429,80,no_condition,3,42,0.328125,0.5078125,0.43559718969555034,1.0,2.595127820968628,0.6138591170310974
430,80,no_condition,3,42,0.328125,0.421875,0.4644101543056247,1.0,4.241781234741211,0.684588611125946
431,80,no_condition,3,42,0.40625,0.578125,0.5,1.0,5.8044304847717285,1.0409255027770996
432,80,no_condition,3,42,0.375,0.4296875,0.4496567505720824,1.0,4.2176055908203125,0.851365327835083
433,80,no_condition,3,42,0.46875,0.46875,0.4788732394366197,1.0,4.726076126098633,1.0539010763168335
434,80,no_condition,3,42,0.3671875,0.546875,0.39608711701734955,1.0,2.9228880405426025,0.6748993396759033
435,80,no_condition,3,42,0.390625,0.4921875,0.4702240566037736,1.0,3.705585479736328,0.8314876556396484
436,80,no_condition,3,42,0.3046875,0.4453125,0.4037456445993031,1.0,2.8086013793945312,0.5513068437576294
437,80,no_condition,3,42,0.3046875,0.4609375,0.37145969498910675,1.0,4.687512397766113,1.100858449935913
438,80,no_condition,3,42,0.3125,0.4375,0.4444444444444444,1.0,4.0062360763549805,0.7776129841804504
439,80,no_condition,3,42,0.3125,0.46875,0.37735849056603776,1.0,1.8719216585159302,0.4570332467556
440,80,no_condition,3,42,0.40625,0.453125,0.5074626865671642,1.0,2.9017906188964844,0.6536074280738831
441,80,no_condition,3,42,0.390625,0.484375,0.4264705882352941,1.0,3.2893898487091064,0.7255622744560242
442,80,no_condition,3,42,0.40625,0.4375,0.48214285714285715,1.0,4.665338516235352,0.9019039273262024
443,80,no_condition,3,42,0.328125,0.453125,0.37889483933787726,1.0,2.5812714099884033,0.5728185176849365
444,80,no_condition,3,42,0.328125,0.484375,0.38,1.0,4.63200569152832,0.9135434627532959
445,80,no_condition,3,42,0.3515625,0.421875,0.46660069272637306,1.0,3.2953405380249023,0.5733339190483093
446,80,no_condition,3,42,0.3125,0.53125,0.35294117647058826,1.0,3.4622535705566406,0.7906816601753235
447,80,no_condition,3,42,0.40625,0.515625,0.4411764705882353,1.0,4.1695661544799805,0.9880916476249695
448,80,no_condition,3,42,0.3671875,0.4921875,0.4222222222222222,1.0,3.2565197944641113,0.6618502140045166
449,80,no_condition,3,42,0.375,0.53125,0.4,1.0,2.6322402954101562,0.48311367630958557
450,80,no_condition,3,42,0.28125,0.40625,0.43902439024390244,1.0,4.418041229248047,0.7331435084342957
451,80,no_condition,3,42,0.28125,0.421875,0.3953488372093023,1.0,2.364511728286743,0.4870438873767853
452,80,no_condition,3,42,0.28125,0.375,0.4,1.0,4.424754619598389,0.7746054530143738
453,80,no_condition,3,42,0.3046875,0.40625,0.433125,1.0,4.859903335571289,0.961912989616394
454,80,no_condition,3,42,0.359375,0.421875,0.45375106564364875,1.0,5.486110687255859,0.8812174201011658
455,80,no_condition,3,42,0.265625,0.421875,0.4473684210526316,1.0,4.269394397735596,0.8641414046287537
456,80,no_condition,3,42,0.3515625,0.4453125,0.4206349206349206,1.0,4.076964855194092,0.9408813714981079
457,80,no_condition,3,42,0.265625,0.40625,0.4117647058823529,1.0,4.286624431610107,0.7353062629699707
458,80,no_condition,3,42,0.34375,0.484375,0.43137254901960786,1.0,2.3623852729797363,0.5611929297447205
459,80,no_condition,3,42,0.359375,0.390625,0.46551724137931033,1.0,4.5339155197143555,0.9357500076293945
460,80,no_condition,3,42,0.3125,0.5,0.42501186521120077,1.0,3.9508371353149414,0.9255684614181519
461,80,no_condition,3,42,0.375,0.4375,0.49019607843137253,1.0,4.7103071212768555,0.9273486733436584
462,80,no_condition,3,42,0.34375,0.4375,0.5277777777777778,1.0,5.185309886932373,1.0874032974243164
463,80,no_condition,3,42,0.3125,0.4609375,0.4342105263157895,1.0,3.197572946548462,0.6874684691429138
464,80,no_condition,3,42,0.3359375,0.4453125,0.45783898305084747,1.0,4.7531256675720215,0.8025163412094116
465,80,no_condition,3,42,0.3984375,0.515625,0.43914141414141417,1.0,5.367018699645996,0.8764532208442688
466,80,no_condition,3,42,0.3671875,0.421875,0.4522222222222222,1.0,4.308872699737549,0.9712784290313721
467,80,no_condition,3,42,0.328125,0.4296875,0.42735042735042733,1.0,4.569516181945801,1.0909960269927979
468,80,no_condition,3,42,0.3125,0.515625,0.4418604651162791,1.0,4.279775619506836,0.763915479183197
469,80,no_condition,3,42,0.28125,0.484375,0.425,1.0,3.788285255432129,0.9137995839118958
470,80,no_condition,3,42,0.359375,0.453125,0.46938775510204084,1.0,3.979116916656494,0.7651726007461548
471,80,no_condition,3,42,0.34375,0.40625,0.4318181818181818,1.0,6.975329399108887,1.0098927021026611
472,80,no_condition,3,42,0.328125,0.46875,0.42857142857142855,1.0,4.165058612823486,0.7925035357475281
473,80,no_condition,3,42,0.359375,0.484375,0.48,1.0,3.203298568725586,0.7120620608329773
474,80,no_condition,3,42,0.890625,0.75,0.6705882352941176,1.0,3.0043835639953613,0.6585846543312073
475,80,no_condition,3,42,0.390625,0.4375,0.43786407766990293,1.0,4.327910900115967,0.7784031629562378
476,80,no_condition,3,42,0.359375,0.515625,0.4166666666666667,1.0,4.22321891784668,0.8623653054237366
477,80,no_condition,3,42,0.375,0.4921875,0.42428571428571427,1.0,5.837342262268066,0.8811623454093933
478,80,no_condition,3,42,0.40625,0.515625,0.4727272727272727,1.0,5.513122081756592,0.9873640537261963
479,80,no_condition,3,42,0.359375,0.546875,0.45652173913043476,1.0,3.575888156890869,0.7234169840812683
480,80,no_condition,3,42,0.3125,0.4375,0.4473684210526316,1.0,5.635489463806152,0.9643016457557678
481,80,no_condition,3,42,0.40625,0.5625,0.4727272727272727,1.0,4.028373718261719,0.8335457444190979
482,80,no_condition,3,42,0.453125,0.671875,0.4664082687338501,1.0,4.9431962966918945,1.027948260307312
483,80,no_condition,3,42,0.265625,0.34375,0.4166666666666667,1.0,2.925661325454712,0.6095831394195557
484,80,no_condition,3,42,0.34375,0.46875,0.4,1.0,3.0615739822387695,0.6456001400947571
485,80,no_condition,3,42,0.3203125,0.4765625,0.42992424242424243,1.0,3.8220367431640625,0.7307302355766296
486,80,no_condition,3,42,0.734375,0.578125,0.5529411764705883,1.0,3.168997287750244,0.49395397305488586
487,80,no_condition,3,42,0.453125,0.75,0.509090909090909,1.0,2.6040711402893066,0.5323565006256104
488,80,no_condition,3,42,0.3125,0.390625,0.4523809523809524,1.0,5.178097724914551,0.9716326594352722
489,80,no_condition,3,42,0.375,0.5,0.35555555555555557,1.0,3.679079532623291,0.7072221040725708
490,80,no_condition,3,42,0.34375,0.484375,0.4375,1.0,3.6604044437408447,0.8209099173545837
491,80,no_condition,3,42,0.3203125,0.4765625,0.3719985875706215,1.0,3.927406072616577,0.8339118957519531
492,80,no_condition,3,42,0.3125,0.421875,0.47368421052631576,1.0,3.387587070465088,0.6599423885345459
493,80,no_condition,3,42,0.3359375,0.46875,0.4104609929078014,1.0,4.766842842102051,0.8189765810966492
494,80,no_condition,3,42,0.359375,0.421875,0.44,1.0,4.182910442352295,0.8549431562423706
495,80,no_condition,3,42,0.5625,0.546875,0.5454545454545454,1.0,3.9998881816864014,0.767444372177124
496,80,no_condition,3,42,0.5,0.546875,0.4649122807017544,1.0,4.653180122375488,0.966860830783844
497,80,no_condition,3,42,0.34375,0.4375,0.4230769230769231,1.0,4.547972679138184,0.9701730608940125
498,80,no_condition,3,42,0.3984375,0.5625,0.44157951676884244,1.0,2.8546881675720215,0.622461199760437
499,80,no_condition,3,42,0.3203125,0.453125,0.38857142857142857,1.0,3.4246482849121094,0.6378279328346252
500,80,no_condition,3,42,0.6875,0.578125,0.5185185185185185,1.0,3.332749605178833,0.6513147354125977
501,80,no_condition,3,42,0.375,0.546875,0.41304347826086957,1.0,4.1576738357543945,0.7941364645957947
502,80,no_condition,3,42,0.4296875,0.46875,0.4775974025974026,1.0,3.2756218910217285,0.7032802104949951
503,80,no_condition,3,42,0.375,0.453125,0.4398550724637681,1.0,2.4517314434051514,0.4757992923259735
504,80,no_condition,3,42,0.265625,0.40625,0.38037825059101654,1.0,4.392505645751953,0.8345425724983215
505,80,no_condition,3,42,0.359375,0.546875,0.4189189189189189,1.0,2.8353543281555176,0.6142335534095764
506,80,no_condition,3,42,0.3359375,0.4453125,0.4430147058823529,1.0,4.38830041885376,0.8370192646980286
507,80,no_condition,3,42,0.3046875,0.4609375,0.3978328173374613,1.0,5.1526641845703125,0.9809232354164124
508,80,no_condition,3,42,0.3046875,0.4375,0.39607843137254906,1.0,4.173393726348877,1.0485224723815918
509,80,no_condition,3,42,0.296875,0.4375,0.4318181818181818,1.0,3.0370867252349854,0.6228620409965515
510,80,no_condition,3,42,0.640625,0.671875,0.6041666666666667,1.0,4.165040016174316,0.8461424708366394
511,80,no_condition,3,42,0.296875,0.46875,0.4382290562036055,1.0,3.420720100402832,0.8288810849189758
512,80,no_condition,3,42,0.296875,0.390625,0.425531914893617,1.0,2.608160972595215,0.6268876791000366
513,80,no_condition,3,42,0.4375,0.4921875,0.498202614379085,1.0,4.526662826538086,0.9479668736457825
514,80,no_condition,3,42,0.328125,0.5,0.40384615384615385,1.0,5.919889450073242,1.2043635845184326
515,80,no_condition,3,42,0.28125,0.4375,0.4,1.0,3.1386141777038574,0.6473736763000488
516,80,no_condition,3,42,0.3125,0.390625,0.4154686601495112,1.0,5.223660469055176,1.0371737480163574
517,80,no_condition,3,42,0.359375,0.5859375,0.4086270871985158,1.0,2.880847930908203,0.6411280035972595
518,80,no_condition,3,42,0.328125,0.46875,0.4210950080515298,1.0,3.6109583377838135,0.8886300325393677
519,80,no_condition,3,42,0.484375,0.640625,0.5658602150537635,1.0,4.173605442047119,0.8635650277137756
520,80,no_condition,3,42,0.421875,0.390625,0.6299657534246574,1.0,4.903591156005859,0.898009717464447
521,80,no_condition,3,42,0.46875,0.6953125,0.48958333333333337,1.0,3.704846143722534,0.6762959957122803
522,80,no_condition,3,42,0.3125,0.4375,0.44594594594594594,1.0,6.557045936584473,1.0131033658981323
523,80,no_condition,3,42,0.359375,0.4375,0.4429206819866568,1.0,3.2570276260375977,0.7147249579429626
524,80,no_condition,3,42,0.5390625,0.6875,0.5110842844600527,1.0,6.370290279388428,1.1809602975845337
525,80,no_condition,3,42,0.390625,0.515625,0.45227272727272727,1.0,3.4509525299072266,0.6249322891235352
526,80,no_condition,3,42,0.46875,0.5546875,0.4220985691573927,1.0,3.4399051666259766,0.8068461418151855
527,80,no_condition,3,42,0.40625,0.421875,0.48867753623188404,1.0,3.9834818840026855,0.7211778163909912
528,80,no_condition,3,42,0.5390625,0.53125,0.5213940648723258,1.0,3.285914421081543,0.7438581585884094
529,80,no_condition,3,42,0.3515625,0.46875,0.43461160275319566,1.0,3.1071014404296875,0.6897498369216919
530,80,no_condition,3,42,0.28125,0.390625,0.37898936170212766,1.0,4.512661933898926,0.831424355506897
531,80,no_condition,3,42,0.4140625,0.46875,0.4858490566037736,1.0,4.290221214294434,0.8615293502807617
532,80,no_condition,3,42,0.28125,0.453125,0.3927963698241633,1.0,3.4982872009277344,0.7213656902313232
533,80,no_condition,3,42,0.328125,0.40625,0.4418604651162791,1.0,5.693952560424805,0.9310271739959717
534,80,no_condition,3,42,0.3515625,0.421875,0.4351984696317551,1.0,3.5640296936035156,0.6672701239585876
535,80,no_condition,3,42,0.3125,0.453125,0.4444444444444444,1.0,5.976169586181641,1.2150558233261108
536,80,no_condition,3,42,0.3359375,0.4453125,0.4385451505016722,1.0,3.1509647369384766,0.6264976263046265
537,80,no_condition,3,42,0.484375,0.53125,0.4626865671641791,1.0,5.116121292114258,0.9953807592391968
538,80,no_condition,3,42,0.34375,0.4375,0.4816666666666667,1.0,3.305569887161255,0.6306006908416748
539,80,no_condition,3,42,0.796875,0.515625,0.625,1.0,3.635453224182129,0.7930548787117004
540,80,no_condition,3,42,0.4375,0.484375,0.4878048780487805,1.0,3.0767853260040283,0.6306703686714172
541,80,no_condition,3,42,0.34375,0.4375,0.5365853658536586,1.0,4.033110618591309,0.8632783889770508
542,80,no_condition,3,42,0.2890625,0.453125,0.3746031746031746,1.0,3.0602312088012695,0.6477082967758179
543,80,no_condition,3,42,0.3671875,0.421875,0.46989436619718306,1.0,5.936822891235352,1.3456512689590454
544,80,no_condition,3,42,0.328125,0.390625,0.42,1.0,4.282680034637451,0.6910648345947266
545,80,no_condition,3,42,0.4453125,0.5234375,0.5297510625379478,1.0,3.4832849502563477,0.9272465109825134
546,80,no_condition,3,42,0.3125,0.3828125,0.4142156862745098,1.0,4.856971740722656,0.8947110772132874
547,80,no_condition,3,42,0.3515625,0.3984375,0.4618055555555556,1.0,7.03984260559082,1.0786147117614746
548,80,no_condition,3,42,0.375,0.546875,0.5714285714285714,1.0,5.950009346008301,0.8415236473083496
549,80,no_condition,3,42,0.3125,0.453125,0.39215686274509803,1.0,3.693782329559326,0.6971445083618164
550,80,no_condition,3,42,0.375,0.40625,0.43103448275862066,1.0,4.88523006439209,0.8662538528442383
551,80,no_condition,3,42,0.3671875,0.5625,0.408955223880597,1.0,3.168604850769043,0.6011499166488647
552,80,no_condition,3,42,0.3125,0.40625,0.4,1.0,2.8473973274230957,0.5911036729812622
553,80,no_condition,3,42,0.359375,0.453125,0.47785665990534143,1.0,3.5186028480529785,0.7554410099983215
554,80,no_condition,3,42,0.3515625,0.4453125,0.4287010159651669,1.0,4.8526930809021,1.0001307725906372
555,80,no_condition,3,42,0.328125,0.4375,0.4074074074074074,1.0,5.1803436279296875,0.823201060295105
556,80,no_condition,3,42,0.46875,0.453125,0.4878048780487805,1.0,3.493614435195923,0.6186110973358154
557,80,no_condition,3,42,0.359375,0.46875,0.47887931034482756,1.0,6.0829877853393555,1.2047700881958008
558,80,no_condition,3,42,0.5078125,0.5625,0.5597826086956522,1.0,3.8196358680725098,0.9282240867614746
559,80,no_condition,3,42,0.359375,0.5625,0.5087719298245614,1.0,4.781209945678711,0.9437276124954224
560,80,no_condition,3,42,0.4296875,0.484375,0.45837999253452777,1.0,5.475767612457275,1.1298891305923462
561,80,no_condition,3,42,0.3046875,0.3671875,0.433489827856025,1.0,4.297732353210449,0.8097280263900757
562,80,no_condition,3,42,0.328125,0.484375,0.38,1.0,6.557061195373535,0.987725019454956
563,80,no_condition,3,42,0.34375,0.4375,0.42857142857142855,1.0,2.7206149101257324,0.467850923538208
564,80,no_condition,3,42,0.328125,0.390625,0.4791666666666667,1.0,5.342186450958252,0.9421679973602295
565,80,no_condition,3,42,0.3828125,0.5390625,0.45413793103448274,1.0,4.290059566497803,0.768791139125824
566,80,no_condition,3,42,0.359375,0.453125,0.425531914893617,1.0,3.740535259246826,0.7448858618736267
567,80,no_condition,3,42,0.328125,0.4453125,0.4519104084321476,1.0,3.793592929840088,0.7227646112442017
568,80,no_condition,3,42,0.3515625,0.4921875,0.4511217948717949,1.0,2.924867630004883,0.669369101524353
569,80,no_condition,3,42,0.40625,0.453125,0.5,1.0,5.0432586669921875,1.076840877532959
570,80,no_condition,3,42,0.453125,0.609375,0.4541458778807318,1.0,2.7935752868652344,0.6104865670204163
571,80,no_condition,3,42,0.4140625,0.5,0.4943859649122807,1.0,3.446896553039551,0.7167934775352478
572,80,no_condition,3,42,0.28125,0.3125,0.3695652173913043,1.0,4.784001350402832,1.0856218338012695
573,80,no_condition,3,42,0.375,0.5703125,0.37473684210526315,1.0,5.184225082397461,0.8558281064033508
574,80,no_condition,3,42,0.4609375,0.6015625,0.4701492537313433,1.0,6.612698078155518,0.9892376065254211
575,80,no_condition,3,42,0.3125,0.453125,0.42613636363636365,1.0,7.176054954528809,1.1082744598388672
576,80,no_condition,3,42,0.34375,0.453125,0.43243243243243246,1.0,5.61114501953125,1.0616422891616821
577,80,no_condition,3,42,0.296875,0.4375,0.39652173913043476,1.0,2.8124189376831055,0.5423877835273743
578,80,no_condition,3,42,0.3125,0.40625,0.4029605263157895,1.0,4.007690906524658,0.8995552659034729
579,80,no_condition,3,42,0.359375,0.546875,0.3741816693944353,1.0,4.084609031677246,0.7013219594955444
580,80,no_condition,3,42,0.265625,0.390625,0.37777777777777777,1.0,2.883147716522217,0.5623267292976379
581,80,no_condition,3,42,0.2734375,0.4375,0.37992406264831513,1.0,3.1469855308532715,0.6803122162818909
582,80,no_condition,3,42,0.3671875,0.40625,0.3974149659863946,1.0,3.878091812133789,0.7661727070808411
583,80,no_condition,3,42,0.3359375,0.421875,0.4202800361336947,1.0,6.03901481628418,1.0620895624160767
584,80,no_condition,3,42,0.515625,0.71875,0.46153846153846156,1.0,3.2447152137756348,0.7757641077041626
585,80,no_condition,3,42,0.40625,0.546875,0.4523809523809524,1.0,4.154529571533203,0.7615845203399658
586,80,no_condition,3,42,0.3125,0.5546875,0.35980392156862745,1.0,3.5072579383850098,0.6759382486343384
587,80,no_condition,3,42,0.265625,0.421875,0.40476190476190477,1.0,4.843774795532227,0.7894811630249023
588,80,no_condition,3,42,0.265625,0.3515625,0.3763888888888889,1.0,4.428715229034424,0.749982476234436
589,80,no_condition,3,42,0.3515625,0.421875,0.4646206308610401,1.0,3.3923206329345703,0.6280227899551392
590,80,no_condition,3,42,0.3671875,0.5703125,0.388755980861244,1.0,2.217391014099121,0.48183473944664
591,80,no_condition,3,42,0.2890625,0.40625,0.39881246907471546,1.0,3.662367343902588,0.8495744466781616
592,80,no_condition,3,42,0.34375,0.4375,0.463768115942029,1.0,5.13640022277832,1.0166749954223633
593,80,no_condition,3,42,0.40625,0.4375,0.48148148148148145,1.0,4.812045574188232,0.9895644187927246
594,80,no_condition,3,42,0.3828125,0.4453125,0.43443627450980393,1.0,6.159893035888672,1.039960503578186
595,80,no_condition,3,42,0.5,0.5625,0.375,1.0,3.6206116676330566,0.8368255496025085
596,80,no_condition,3,42,0.484375,0.40625,0.4626865671641791,1.0,4.106756687164307,0.8688638806343079
597,80,no_condition,3,42,0.34375,0.4609375,0.3929869186046512,1.0,4.119405746459961,0.835964024066925
598,80,no_condition,3,42,0.359375,0.453125,0.42857142857142855,1.0,5.183603763580322,1.1632466316223145
599,80,no_condition,3,42,0.328125,0.515625,0.38333333333333336,1.0,2.151789903640747,0.5154536366462708
600,80,no_condition,3,42,0.3125,0.4375,0.42,1.0,4.5942912101745605,0.8289827108383179
601,80,no_condition,3,42,0.28125,0.4140625,0.3673469387755102,1.0,3.4648561477661133,0.7240245342254639
602,80,no_condition,3,42,0.34375,0.53125,0.4117647058823529,1.0,3.449709415435791,0.6513097882270813
603,80,no_condition,3,42,0.4140625,0.515625,0.5011695906432748,1.0,4.268057823181152,0.9435208439826965
604,80,no_condition,3,42,0.375,0.5,0.3993827160493827,1.0,3.951528549194336,0.7525290846824646
605,80,no_condition,3,42,0.359375,0.4375,0.4422222222222222,1.0,3.034292221069336,0.5197195410728455
606,80,no_condition,3,42,0.46875,0.546875,0.5161290322580645,1.0,4.392461776733398,0.7648967504501343
607,80,no_condition,3,42,0.2890625,0.40625,0.43068181818181817,1.0,4.860103607177734,0.9625590443611145
608,80,no_condition,3,42,0.328125,0.421875,0.4,1.0,3.135634183883667,0.6001236438751221
609,80,no_condition,3,42,0.3125,0.5078125,0.4001600640256102,1.0,4.375884056091309,0.8384830951690674
610,80,no_condition,3,42,0.28125,0.390625,0.43902439024390244,1.0,5.462873458862305,0.8870190382003784
611,80,no_condition,3,42,0.375,0.484375,0.47058823529411764,1.0,4.363745212554932,0.846930980682373
612,80,no_condition,3,42,0.34375,0.375,0.4489795918367347,1.0,3.6573495864868164,0.7557620406150818
613,80,no_condition,3,42,0.3125,0.4375,0.4222222222222222,1.0,3.330916404724121,0.8280323147773743
614,80,no_condition,3,42,0.34375,0.453125,0.3829787234042553,1.0,3.018397331237793,0.6438344120979309
615,80,no_condition,3,42,0.25,0.390625,0.4,1.0,5.688243865966797,0.9885159134864807
616,80,no_condition,3,42,0.296875,0.3828125,0.4208776595744681,1.0,2.8345866203308105,0.617436945438385
617,80,no_condition,3,42,0.546875,0.484375,0.5735294117647058,1.0,4.535639762878418,0.9457095861434937
618,80,no_condition,3,42,0.28125,0.359375,0.391304347826087,1.0,5.039531707763672,0.9928979277610779
619,80,no_condition,3,42,0.359375,0.4609375,0.4801920768307323,1.0,4.282802104949951,0.8017831444740295
620,80,no_condition,3,42,0.5625,0.671875,0.42857142857142855,1.0,4.0925188064575195,0.8727767467498779
621,80,no_condition,3,42,0.375,0.453125,0.43902439024390244,1.0,4.11991024017334,0.8233429789543152
622,80,no_condition,3,42,0.3359375,0.4921875,0.4176716141001855,1.0,4.379116058349609,0.7742055058479309
623,80,no_condition,3,42,0.28125,0.40625,0.4,1.0,3.7649309635162354,0.843248188495636
624,80,no_condition,3,42,0.28125,0.46875,0.38461538461538464,1.0,3.2405903339385986,0.6794443726539612
625,80,no_condition,3,42,0.3046875,0.4375,0.4148936170212766,1.0,3.812626361846924,0.8069356679916382
626,80,no_condition,3,42,0.359375,0.453125,0.4186046511627907,1.0,5.881519317626953,1.0356481075286865
627,80,no_condition,3,42,0.3125,0.359375,0.46153846153846156,1.0,3.093329429626465,0.6446691155433655
628,80,no_condition,3,42,0.328125,0.4375,0.42857142857142855,1.0,2.404977560043335,0.5012983679771423
629,80,no_condition,3,42,0.234375,0.3515625,0.3571428571428571,1.0,3.510669469833374,0.6463804841041565
630,80,no_condition,3,42,0.3125,0.4375,0.4166666666666667,1.0,2.8144612312316895,0.5633509755134583
631,80,no_condition,3,42,0.28125,0.359375,0.4,1.0,4.924192428588867,0.8842602968215942
632,80,no_condition,3,42,0.359375,0.421875,0.37777777777777777,1.0,7.286005973815918,1.13992178440094
633,80,no_condition,3,42,0.265625,0.3828125,0.35158277114686043,1.0,4.078555583953857,0.726052463054657
634,80,no_condition,3,42,0.4609375,0.4765625,0.4632505175983437,1.0,5.347987174987793,0.9742891192436218
635,80,no_condition,3,42,0.71875,0.546875,0.5384615384615384,1.0,3.3336939811706543,0.6438267230987549
636,80,no_condition,3,42,0.328125,0.46875,0.45652173913043476,1.0,5.89116907119751,1.037825345993042
637,80,no_condition,3,42,0.2421875,0.3828125,0.38799283154121866,1.0,3.3140478134155273,0.8611739873886108
638,80,no_condition,3,42,0.390625,0.46875,0.6567164179104478,1.0,3.4625942707061768,0.7249572277069092
639,80,no_condition,3,42,0.328125,0.515625,0.3819655521783181,1.0,3.28517484664917,0.6953578591346741
640,80,no_condition,3,42,0.3515625,0.4609375,0.48299319727891155,1.0,2.7276718616485596,0.5030298829078674
641,80,no_condition,3,42,0.3046875,0.3828125,0.39970355731225293,1.0,3.855342388153076,0.747685968875885
642,80,no_condition,3,42,0.3515625,0.3828125,0.41605218377765174,1.0,4.946972370147705,1.0019677877426147
643,80,no_condition,3,42,0.484375,0.75,0.4166666666666667,1.0,1.5792996883392334,0.34563982486724854
644,80,no_condition,3,42,0.453125,0.5234375,0.502561071710008,1.0,2.391406774520874,0.5467365384101868
645,80,no_condition,3,42,0.34375,0.421875,0.45652173913043476,1.0,4.782537460327148,0.955313503742218
646,80,no_condition,3,42,0.28125,0.421875,0.425,1.0,5.226842403411865,1.0945613384246826
647,80,no_condition,3,42,0.4921875,0.4609375,0.45054824561403506,1.0,2.988764762878418,0.6904925107955933
648,80,no_condition,3,42,0.296875,0.5625,0.4375,1.0,7.074663162231445,1.1997318267822266
649,80,no_condition,3,42,0.28125,0.484375,0.35555555555555557,1.0,4.268177509307861,0.7585826516151428
650,80,no_condition,3,42,0.34375,0.609375,0.3986377280073886,1.0,3.63907527923584,0.8054512143135071
651,80,no_condition,3,42,0.5546875,0.6015625,0.46856144807875516,1.0,3.3223018646240234,0.7576287984848022
652,80,no_condition,3,42,0.296875,0.3828125,0.45026595744680853,1.0,4.033072471618652,0.8728696703910828
653,80,no_condition,3,42,0.328125,0.484375,0.40384615384615385,1.0,2.803406238555908,0.6437363624572754
654,80,no_condition,3,42,0.375,0.453125,0.40919305413687435,1.0,2.904803991317749,0.689540445804596
655,80,no_condition,3,42,0.265625,0.34375,0.38636363636363635,1.0,3.635094404220581,0.8089402914047241
656,80,no_condition,3,42,0.3359375,0.578125,0.41901776384535006,1.0,5.594271659851074,0.9419189691543579
657,80,no_condition,3,42,0.2890625,0.3671875,0.45416666666666666,1.0,5.027250289916992,0.9719226360321045
658,80,no_condition,3,42,0.3125,0.34375,0.48936170212765956,1.0,3.6650187969207764,0.801062285900116
659,80,no_condition,3,42,0.2890625,0.3984375,0.38367346938775515,1.0,3.04868745803833,0.5602551698684692
660,80,no_condition,3,42,0.359375,0.375,0.4166666666666667,1.0,6.098583221435547,0.8882445096969604
661,80,no_condition,3,42,0.296875,0.3984375,0.40731707317073174,1.0,3.7166595458984375,0.6627435088157654
662,80,no_condition,3,42,0.3515625,0.5078125,0.47549019607843135,1.0,3.2218542098999023,0.7172215580940247
663,80,no_condition,3,42,0.3125,0.46875,0.3695652173913043,1.0,2.848475933074951,0.6511852741241455
664,80,no_condition,3,42,0.3125,0.421875,0.403968253968254,1.0,3.0537986755371094,0.702806293964386
665,80,no_condition,3,42,0.375,0.3984375,0.46388059701492534,1.0,4.31113862991333,0.7472929358482361
666,80,no_condition,3,42,0.3125,0.375,0.4166666666666667,1.0,3.470568895339966,0.6793132424354553
667,80,no_condition,3,42,0.3203125,0.390625,0.4890817469204928,1.0,3.7714035511016846,0.7173492908477783
668,80,no_condition,3,42,0.3671875,0.3828125,0.4622222222222222,1.0,4.89829683303833,0.986303985118866
669,80,no_condition,3,42,0.34375,0.359375,0.5,1.0,4.0649638175964355,0.8918123841285706
670,80,no_condition,3,42,0.328125,0.421875,0.4375,1.0,3.5692458152770996,0.7152620553970337
671,80,no_condition,3,42,0.3203125,0.515625,0.40731707317073174,1.0,2.983510971069336,0.6461012363433838
672,80,no_condition,3,42,0.328125,0.5,0.43902439024390244,1.0,3.9691901206970215,0.6634212732315063
673,80,no_condition,3,42,0.359375,0.5625,0.37254901960784315,1.0,4.6451849937438965,0.8118491172790527
674,80,no_condition,3,42,0.421875,0.6015625,0.48686835106382975,1.0,3.228659152984619,0.7526845335960388
675,80,no_condition,3,42,0.34375,0.53125,0.4583333333333333,1.0,4.0862531661987305,0.8273816704750061
676,80,no_condition,3,42,0.265625,0.46875,0.3902439024390244,1.0,2.176828145980835,0.4950099587440491
677,80,no_condition,3,42,0.3125,0.46875,0.4001600640256102,1.0,3.525611400604248,0.751289427280426
678,80,no_condition,3,42,0.3515625,0.3984375,0.43538461538461537,1.0,3.91440749168396,0.8655659556388855
679,80,no_condition,3,42,0.4609375,0.421875,0.51346037507562,1.0,4.825654029846191,0.9943932890892029
680,80,no_condition,3,42,0.3359375,0.53125,0.3935185185185185,1.0,2.6789236068725586,0.574528694152832
681,80,no_condition,3,42,0.328125,0.390625,0.375,1.0,3.3755555152893066,0.678646445274353
682,80,no_condition,3,42,0.3828125,0.484375,0.39697802197802196,1.0,4.134243965148926,0.892004668712616
683,80,no_condition,3,42,0.34375,0.5,0.45846273291925466,1.0,4.3988542556762695,0.6665563583374023
684,80,no_condition,3,42,0.375,0.34375,0.49019607843137253,1.0,6.0194993019104,0.8372577428817749
685,80,no_condition,3,42,0.296875,0.421875,0.35714285714285715,1.0,4.414182186126709,0.9026546478271484
686,80,no_condition,3,42,0.296875,0.484375,0.36538461538461536,1.0,2.5118062496185303,0.46126341819763184
687,80,no_condition,3,42,0.375,0.546875,0.4528301886792453,1.0,5.407615661621094,0.9309208989143372
688,80,no_condition,3,42,0.3046875,0.4375,0.4057750759878419,1.0,4.0850324630737305,0.8838073015213013
689,80,no_condition,3,42,0.3125,0.4375,0.4024390243902439,1.0,3.4254989624023438,0.6641237139701843
690,80,no_condition,3,42,0.28125,0.4296875,0.39682539682539686,1.0,4.425841331481934,1.0362616777420044
691,80,no_condition,3,42,0.28125,0.4140625,0.37289972899728996,1.0,5.436487674713135,1.0266451835632324
692,80,no_condition,3,42,0.328125,0.4453125,0.4162087912087912,1.0,3.4308066368103027,0.5956918597221375
693,80,no_condition,3,42,0.328125,0.46875,0.40816326530612246,1.0,2.956402063369751,0.6615660786628723
694,80,no_condition,3,42,0.359375,0.46875,0.46938775510204084,1.0,3.7915539741516113,0.7358294129371643
695,80,no_condition,3,42,0.40625,0.453125,0.48148148148148145,1.0,4.005231857299805,0.7355202436447144
696,80,no_condition,3,42,0.28125,0.375,0.4145299145299145,1.0,3.383798599243164,0.6615121960639954
697,80,no_condition,3,42,0.25,0.375,0.37209302325581395,1.0,3.5957155227661133,0.6717812418937683
698,80,no_condition,3,42,0.4375,0.53125,0.5121951219512195,1.0,2.8593673706054688,0.6013789176940918
699,80,no_condition,3,42,0.296875,0.4140625,0.3678646934460888,1.0,5.166776657104492,0.9727323055267334
700,80,no_condition,3,42,0.3125,0.4140625,0.46296296296296297,1.0,5.295131683349609,0.9222519397735596
701,80,no_condition,3,42,0.296875,0.40625,0.425531914893617,1.0,4.926872730255127,0.8870159387588501
702,80,no_condition,3,42,0.328125,0.453125,0.4431818181818182,1.0,3.4360270500183105,0.8153451681137085
703,80,no_condition,3,42,0.421875,0.484375,0.4888888888888889,1.0,4.756051063537598,1.015453815460205
704,80,no_condition,3,42,0.4375,0.453125,0.4827586206896552,1.0,3.1729202270507812,0.6801440119743347
705,80,no_condition,3,42,0.34375,0.5,0.4074074074074074,1.0,5.457404136657715,0.9886386394500732
706,80,no_condition,3,42,0.28125,0.296875,0.4473684210526316,1.0,5.430360794067383,0.9529341459274292
707,80,no_condition,3,42,0.375,0.453125,0.4528301886792453,1.0,4.293749809265137,0.8254947066307068
708,80,no_condition,3,42,0.28125,0.4375,0.42735042735042733,1.0,2.3227086067199707,0.5127808451652527
709,80,no_condition,3,42,0.296875,0.359375,0.36538461538461536,1.0,6.125453948974609,1.0035820007324219
710,80,no_condition,3,42,0.25,0.46875,0.3488372093023256,1.0,3.30269718170166,0.5691165328025818
711,80,no_condition,3,42,0.328125,0.3671875,0.43648373983739835,1.0,3.7747671604156494,0.8674431443214417
712,80,no_condition,3,42,0.3046875,0.4375,0.4361306324927656,1.0,4.469396591186523,0.9452835321426392
713,80,no_condition,3,42,0.3359375,0.4140625,0.4984917043740573,1.0,3.864959716796875,0.7384033799171448
714,80,no_condition,3,42,0.359375,0.421875,0.45098039215686275,1.0,3.384274482727051,0.6236793398857117
715,80,no_condition,3,42,0.421875,0.4375,0.5094339622641509,1.0,4.996535301208496,0.8315799832344055
716,80,no_condition,3,42,0.3359375,0.3828125,0.4296774193548387,1.0,3.53074049949646,0.7257805466651917
717,80,no_condition,3,42,0.296875,0.3671875,0.4198966408268734,1.0,4.329532623291016,0.8622191548347473
718,80,no_condition,3,42,0.4375,0.65625,0.3888888888888889,1.0,4.950623989105225,0.9456833004951477
719,80,no_condition,3,42,0.375,0.5625,0.4033898305084746,1.0,3.0512752532958984,0.6045336723327637
720,80,no_condition,3,42,0.375,0.578125,0.3534412955465587,1.0,3.2909183502197266,0.7786094546318054
721,80,no_condition,3,42,0.375,0.546875,0.4230769230769231,1.0,5.610020637512207,0.8687927722930908
722,80,no_condition,3,42,0.34375,0.53125,0.4222222222222222,1.0,3.58841872215271,0.7161938548088074
723,80,no_condition,3,42,0.40625,0.65625,0.4891304347826087,1.0,3.2782020568847656,0.7558073997497559
724,80,no_condition,3,42,0.34375,0.4375,0.4230769230769231,1.0,3.0448031425476074,0.5902791023254395
725,80,no_condition,3,42,0.359375,0.546875,0.4423076923076923,1.0,3.4889888763427734,0.8045555353164673
726,80,no_condition,3,42,0.453125,0.59375,0.5059681697612732,1.0,3.4300098419189453,0.7583770155906677
727,80,no_condition,3,42,0.3125,0.390625,0.41025641025641024,1.0,3.1486434936523438,0.7207178473472595
728,80,no_condition,3,42,0.3359375,0.4609375,0.43773028739867353,1.0,3.3872127532958984,0.6266095042228699
729,80,no_condition,3,42,0.359375,0.4296875,0.4259153318077803,1.0,4.613015174865723,0.9144960641860962
730,80,no_condition,3,42,0.3125,0.359375,0.4444444444444444,1.0,5.38244104385376,0.9809566736221313
731,80,no_condition,3,42,0.5,0.4375,0.5185185185185185,1.0,4.876743316650391,0.8589163422584534
732,80,no_condition,3,42,0.390625,0.5625,0.4146341463414634,1.0,3.776566743850708,0.7055865526199341
733,80,no_condition,3,42,0.3125,0.40625,0.39215686274509803,1.0,4.238541603088379,0.8338202834129333
734,80,no_condition,3,42,0.421875,0.453125,0.5333333333333333,1.0,4.146490097045898,0.9376888871192932
735,80,no_condition,3,42,0.375,0.515625,0.5283018867924528,1.0,4.804407119750977,0.8918485641479492
736,80,no_condition,3,42,0.25,0.453125,0.37209302325581395,1.0,3.5483665466308594,0.644324541091919
737,80,no_condition,3,42,0.3125,0.390625,0.4,1.0,3.6418492794036865,0.7951139807701111
738,80,no_condition,3,42,0.40625,0.4375,0.47619047619047616,1.0,3.1382644176483154,0.5379592180252075
739,80,no_condition,3,42,0.328125,0.40625,0.5205479452054794,1.0,4.763381004333496,0.7937227487564087
740,80,no_condition,3,42,0.3671875,0.53125,0.3998397435897436,1.0,3.736999034881592,0.6530881524085999
741,80,no_condition,3,42,0.296875,0.46875,0.3158119658119658,1.0,2.776289939880371,0.5600061416625977
742,80,no_condition,3,42,0.4296875,0.5234375,0.5401515151515152,1.0,3.573056697845459,0.7053562998771667
743,80,no_condition,3,42,0.40625,0.4609375,0.49013539651837523,1.0,4.128211498260498,0.8658285737037659
744,80,no_condition,3,42,0.7578125,0.7109375,0.645302192904261,1.0,3.5331993103027344,0.7262777090072632
745,80,no_condition,3,42,0.3515625,0.5078125,0.4494949494949495,1.0,3.1114649772644043,0.5665413737297058
746,80,no_condition,3,42,0.375,0.5390625,0.4246031746031746,1.0,3.590907573699951,0.6861408352851868
747,80,no_condition,3,42,0.328125,0.40625,0.4,1.0,2.614715576171875,0.5639727711677551
748,80,no_condition,3,42,0.390625,0.4140625,0.48934356351236147,1.0,4.429551124572754,0.9738165736198425
749,80,no_condition,3,42,0.359375,0.46875,0.5102040816326531,1.0,2.92513370513916,0.7146381735801697
750,80,no_condition,3,42,0.28125,0.40625,0.4375,1.0,5.500383377075195,0.8341902494430542
751,80,no_condition,3,42,0.375,0.390625,0.4426229508196721,1.0,3.2533388137817383,0.7107868790626526
752,80,no_condition,3,42,0.3828125,0.515625,0.42428571428571427,1.0,4.0388078689575195,0.8111631870269775
753,80,no_condition,3,42,0.421875,0.546875,0.47965658827920865,1.0,4.958240032196045,1.079663634300232
754,80,no_condition,3,42,0.28125,0.421875,0.3958333333333333,1.0,4.35847806930542,0.9325504302978516
755,80,no_condition,3,42,0.375,0.484375,0.42,1.0,3.802187442779541,0.8341163396835327
756,80,no_condition,3,42,0.296875,0.390625,0.40816326530612246,1.0,3.2322044372558594,0.6296226978302002
757,80,no_condition,3,42,0.375,0.453125,0.4807692307692308,1.0,5.565295696258545,0.9351365566253662
758,80,no_condition,3,42,0.296875,0.390625,0.41025641025641024,1.0,3.55165958404541,0.6598581075668335
759,80,no_condition,3,42,0.265625,0.40625,0.38636363636363635,1.0,3.9377479553222656,0.7834191918373108
760,80,no_condition,3,42,0.25,0.46875,0.32894736842105265,1.0,1.9435935020446777,0.46058201789855957
761,80,no_condition,3,42,0.34375,0.40625,0.4714285714285714,1.0,3.9858829975128174,0.8923776149749756
762,80,no_condition,3,42,0.328125,0.3984375,0.4528455284552846,1.0,4.408547401428223,1.0265655517578125
763,80,no_condition,3,42,0.328125,0.4609375,0.4148936170212766,1.0,4.829145908355713,1.1471067667007446
764,80,no_condition,3,42,0.34375,0.453125,0.41965811965811967,1.0,4.14691162109375,0.7420495748519897
765,80,no_condition,3,42,0.3125,0.46875,0.38961038961038963,1.0,2.7399377822875977,0.5790235996246338
766,80,no_condition,3,42,0.3125,0.4375,0.4117647058823529,1.0,3.938159942626953,0.7734391689300537
767,80,no_condition,3,42,0.5,0.75,0.5079365079365079,1.0,3.302356004714966,0.665058434009552
768,80,no_condition,3,42,0.328125,0.453125,0.4444444444444444,1.0,2.458818197250366,0.5669891238212585
769,80,no_condition,3,42,0.3671875,0.4296875,0.4580712788259958,1.0,5.625249862670898,0.9640797972679138
770,80,no_condition,3,42,0.390625,0.5625,0.45098039215686275,1.0,3.5161023139953613,0.6668356657028198
771,80,no_condition,3,42,0.390625,0.546875,0.45454545454545453,1.0,3.73992657661438,0.6434769034385681
772,80,no_condition,3,42,0.328125,0.5625,0.4406779661016949,1.0,4.625997066497803,0.8786885738372803
773,80,no_condition,3,42,0.484375,0.5625,0.5,1.0,4.631888389587402,0.8306193947792053
774,80,no_condition,3,42,0.3125,0.40625,0.3963893249607535,1.0,5.554227828979492,1.1191898584365845
775,80,no_condition,3,42,0.34375,0.53125,0.3728813559322034,1.0,2.9604039192199707,0.581279456615448
776,80,no_condition,3,42,0.3046875,0.484375,0.41276595744680855,1.0,4.597442626953125,0.8570354580879211
777,80,no_condition,3,42,0.375,0.453125,0.47058823529411764,1.0,4.360455513000488,0.8902466893196106
778,80,no_condition,3,42,0.453125,0.4765625,0.42421383647798744,1.0,2.6587228775024414,0.5165386199951172
779,80,no_condition,3,42,0.265625,0.390625,0.41304347826086957,1.0,4.523160934448242,0.9542252421379089
780,80,no_condition,3,42,0.359375,0.5,0.42592592592592593,1.0,2.487654685974121,0.5662497282028198
781,80,no_condition,3,42,0.375,0.5,0.4782608695652174,1.0,3.0098581314086914,0.6291515827178955
782,80,no_condition,3,42,0.296875,0.4296875,0.3529050736497545,1.0,3.0658814907073975,0.637672483921051
783,80,no_condition,3,42,0.3203125,0.3125,0.4154849688031764,1.0,3.263084888458252,0.5656436681747437
784,80,no_condition,3,42,0.3125,0.40625,0.4716981132075472,1.0,4.38271951675415,0.8472079038619995
785,80,no_condition,3,42,0.328125,0.515625,0.4090909090909091,1.0,4.002547264099121,0.8181753158569336
786,80,no_condition,3,42,0.2890625,0.40625,0.4017560512577124,1.0,4.4143266677856445,0.8497948050498962
787,80,no_condition,3,42,0.34375,0.5625,0.39215686274509803,1.0,3.9384825229644775,0.723315954208374
788,80,no_condition,3,42,0.359375,0.4375,0.46153846153846156,1.0,6.178995609283447,0.8129737377166748
789,80,no_condition,3,42,0.296875,0.375,0.42857142857142855,1.0,4.838515281677246,0.9748146533966064
790,80,no_condition,3,42,0.28125,0.46875,0.3902439024390244,1.0,2.5762875080108643,0.5014265179634094
791,80,no_condition,3,42,0.359375,0.390625,0.4791666666666667,1.0,3.92376708984375,0.7542095184326172
792,80,no_condition,3,42,0.3125,0.453125,0.3492943548387097,1.0,3.1763863563537598,0.6268188953399658
793,80,no_condition,3,42,0.34375,0.453125,0.38202247191011235,1.0,4.035910606384277,0.8296794295310974
794,80,no_condition,3,42,0.390625,0.484375,0.4962657232704403,1.0,5.851114273071289,0.8784208297729492
795,80,no_condition,3,42,0.4375,0.6875,0.41304347826086957,1.0,3.365814685821533,0.7183020710945129
796,80,no_condition,3,42,0.265625,0.375,0.4396825396825397,1.0,5.035569190979004,1.0240886211395264
797,80,no_condition,3,42,0.2734375,0.359375,0.4,1.0,5.827187538146973,1.0023337602615356
798,80,no_condition,3,42,0.3671875,0.4453125,0.43399419729206967,1.0,4.547961235046387,0.8548359870910645
799,80,no_condition,3,42,0.34375,0.421875,0.3829787234042553,1.0,4.3706583976745605,0.8138446807861328
800,80,no_condition,3,42,0.5859375,0.5859375,0.5947245700961818,1.0,3.953840732574463,0.7849666476249695
801,80,no_condition,3,42,0.296875,0.421875,0.41025641025641024,1.0,4.631747245788574,0.6884729266166687
802,80,no_condition,3,42,0.328125,0.46875,0.3819655521783181,1.0,3.176424026489258,0.6544332504272461
803,80,no_condition,3,42,0.359375,0.4296875,0.435717419921018,1.0,4.213804244995117,0.7324143648147583
804,80,no_condition,3,42,0.328125,0.40625,0.42926356589147285,1.0,4.755423069000244,0.8437289595603943
805,80,no_condition,3,42,0.5078125,0.4609375,0.4783950617283951,1.0,3.7043161392211914,0.7512461543083191
806,80,no_condition,3,42,0.34375,0.421875,0.4107142857142857,1.0,3.144634246826172,0.6312329173088074
807,80,no_condition,3,42,0.46875,0.59375,0.4230769230769231,1.0,4.511994361877441,0.9813989400863647
808,80,no_condition,3,42,0.34375,0.375,0.41304347826086957,1.0,4.493047714233398,0.7430353760719299
809,80,no_condition,3,42,0.3203125,0.4140625,0.4208407871198569,1.0,5.247465133666992,0.8641058802604675
810,80,no_condition,3,42,0.3515625,0.5078125,0.43890103881902676,1.0,4.246451377868652,0.7136995792388916
811,80,no_condition,3,42,0.359375,0.515625,0.45901639344262296,1.0,5.760970115661621,1.1093111038208008
812,80,no_condition,3,42,0.546875,0.5625,0.5508658008658008,1.0,3.5768284797668457,0.7031017541885376
813,80,no_condition,3,42,0.3046875,0.421875,0.43171296296296297,1.0,2.9725189208984375,0.6467485427856445
814,80,no_condition,3,42,0.328125,0.546875,0.3620689655172414,1.0,3.7942404747009277,0.7623903155326843
815,80,no_condition,3,42,0.28125,0.4375,0.3902439024390244,1.0,3.872354507446289,0.8453868627548218
816,80,no_condition,3,42,0.265625,0.390625,0.38095238095238093,1.0,3.9922966957092285,0.8905432820320129
817,80,no_condition,3,42,0.28125,0.390625,0.41443053070960045,1.0,4.959317207336426,0.9331263303756714
818,80,no_condition,3,42,0.3203125,0.4609375,0.40454545454545454,1.0,2.5887932777404785,0.5565021634101868
819,80,no_condition,3,42,0.265625,0.375,0.38636363636363635,1.0,4.722907066345215,0.7935534119606018
820,80,no_condition,3,42,0.328125,0.4296875,0.41366627951993806,1.0,5.182470798492432,0.9517336487770081
821,80,no_condition,3,42,0.40625,0.421875,0.49056603773584906,1.0,4.043502330780029,0.960003674030304
822,80,no_condition,3,42,0.28125,0.328125,0.4583333333333333,1.0,4.598603248596191,0.9016855359077454
823,80,no_condition,3,42,0.3671875,0.4453125,0.36456628477905073,1.0,2.932802677154541,0.6552959084510803
824,80,no_condition,3,42,0.296875,0.40625,0.4176356589147287,1.0,6.242650032043457,1.0181365013122559
825,80,no_condition,3,42,0.34375,0.5,0.5294117647058824,1.0,4.92360782623291,0.9146866798400879
826,80,no_condition,3,42,0.296875,0.4140625,0.418036750483559,1.0,6.545392036437988,1.0650300979614258
827,80,no_condition,3,42,0.421875,0.5625,0.48214285714285715,1.0,2.6036620140075684,0.4508584439754486
828,80,no_condition,3,42,0.296875,0.421875,0.35185185185185186,1.0,3.6882967948913574,0.7479451298713684
829,80,no_condition,3,42,0.3125,0.453125,0.4166666666666667,1.0,4.115444183349609,0.8253918886184692
830,80,no_condition,3,42,0.3359375,0.4765625,0.4597222222222222,1.0,2.9037299156188965,0.5088880658149719
831,80,no_condition,3,42,0.3359375,0.453125,0.42803030303030304,1.0,3.5175275802612305,0.7522865533828735
832,80,no_condition,3,42,0.328125,0.453125,0.4819277108433735,1.0,4.6740827560424805,0.8315290808677673
833,80,no_condition,3,42,0.40625,0.546875,0.42424242424242425,1.0,4.2188310623168945,0.9398759603500366
834,80,no_condition,3,42,0.34375,0.5625,0.4517625231910946,1.0,4.156268119812012,0.8065685033798218
835,80,no_condition,3,42,0.359375,0.5,0.4396929824561403,1.0,3.655083179473877,0.6820062398910522
836,80,no_condition,3,42,0.3828125,0.4296875,0.4852642276422764,1.0,3.3726420402526855,0.6801986694335938
837,80,no_condition,3,42,0.359375,0.359375,0.4461538461538462,1.0,3.303091049194336,0.7779135704040527
838,80,no_condition,3,42,0.375,0.421875,0.4444444444444444,1.0,3.6010494232177734,0.709605872631073
839,80,no_condition,3,42,0.34375,0.40625,0.5263157894736842,1.0,3.58130145072937,0.6740812063217163
840,80,no_condition,3,42,0.328125,0.453125,0.4097222222222222,1.0,4.26259708404541,0.8373895287513733
841,80,no_condition,3,42,0.328125,0.40625,0.45652173913043476,1.0,3.889188766479492,0.6639429926872253
842,80,no_condition,3,42,0.46875,0.46875,0.4993978321959053,1.0,4.383584976196289,0.8615381717681885
843,80,no_condition,3,42,0.3359375,0.3984375,0.46813186813186813,1.0,3.5108537673950195,0.9331931471824646
844,80,no_condition,3,42,0.390625,0.515625,0.46296296296296297,1.0,3.4715917110443115,0.7536137104034424
845,80,no_condition,3,42,0.3125,0.453125,0.3920454545454546,1.0,3.692290782928467,0.7198743224143982
846,80,no_condition,3,42,0.3203125,0.4375,0.37721518987341773,1.0,5.13843297958374,0.8618808388710022
847,80,no_condition,3,42,0.390625,0.5,0.498999599839936,1.0,2.6329872608184814,0.5636011958122253
848,80,no_condition,3,42,0.4375,0.5546875,0.47073863636363633,1.0,4.032076835632324,0.7988775968551636
849,80,no_condition,3,42,0.28125,0.40625,0.4166666666666667,1.0,2.314074993133545,0.42483365535736084
850,80,no_condition,3,42,0.40625,0.515625,0.4716981132075472,1.0,3.0129759311676025,0.7152402997016907
851,80,no_condition,3,42,0.4375,0.453125,0.49272486772486773,1.0,5.183413505554199,1.0013577938079834
852,80,no_condition,3,42,0.375,0.515625,0.4471938775510204,1.0,5.061511516571045,0.8656509518623352
853,80,no_condition,3,42,0.390625,0.46875,0.4117647058823529,1.0,3.8914942741394043,0.8067470192909241
854,80,no_condition,3,42,0.3828125,0.5078125,0.4391304347826087,1.0,3.7633001804351807,0.7897849678993225
855,80,no_condition,3,42,0.3046875,0.4375,0.3645104895104895,1.0,3.9886703491210938,0.7867741584777832
856,80,no_condition,3,42,0.28125,0.421875,0.376940133037694,1.0,5.408816337585449,0.7919228076934814
857,80,no_condition,3,42,0.3515625,0.46875,0.4119308740445331,1.0,5.3767852783203125,0.9797240495681763
858,80,no_condition,3,42,0.3359375,0.4921875,0.40454545454545454,1.0,3.7710633277893066,0.898610532283783
859,80,no_condition,3,42,0.3125,0.484375,0.43103448275862066,1.0,2.793740749359131,0.7100315690040588
860,80,no_condition,3,42,0.578125,0.5,0.5692307692307692,1.0,3.0987157821655273,0.6889573335647583
861,80,no_condition,3,42,0.5,0.5390625,0.585,1.0,4.2087507247924805,0.8520001173019409
862,80,no_condition,3,42,0.53125,0.5546875,0.43489583333333337,1.0,3.6568145751953125,0.8669881224632263
863,80,no_condition,3,42,0.390625,0.546875,0.43636363636363634,1.0,2.692707061767578,0.5939937829971313
864,80,no_condition,3,42,0.328125,0.484375,0.475,1.0,2.0352625846862793,0.42628517746925354
865,80,no_condition,3,42,0.296875,0.40625,0.42857142857142855,1.0,4.289056301116943,0.8163959383964539
866,80,no_condition,3,42,0.3125,0.4140625,0.39737274220032837,1.0,5.438427925109863,1.0365720987319946
867,80,no_condition,3,42,0.328125,0.4375,0.42,1.0,5.180456638336182,0.8913246393203735
868,80,no_condition,3,42,0.375,0.46875,0.40594059405940597,1.0,5.274477005004883,1.1859917640686035
869,80,no_condition,3,42,0.375,0.359375,0.5,1.0,6.341850280761719,0.8715745806694031
870,80,no_condition,3,42,0.3125,0.40625,0.45,1.0,4.205847263336182,0.8002488613128662
871,80,no_condition,3,42,0.390625,0.484375,0.4305555555555556,1.0,3.7868099212646484,0.716426432132721
872,80,no_condition,3,42,0.390625,0.453125,0.5,1.0,4.704710483551025,0.9631815552711487
873,80,no_condition,3,42,0.3828125,0.4140625,0.4764254385964912,1.0,5.2265191078186035,1.0528753995895386
874,80,no_condition,3,42,0.3984375,0.4609375,0.441400304414003,1.0,4.679248809814453,0.8521339297294617
875,80,no_condition,3,42,0.28125,0.5,0.40476190476190477,1.0,3.5454816818237305,0.8045090436935425
876,80,no_condition,3,42,0.3515625,0.4921875,0.45,1.0,4.382444858551025,0.8295350074768066
877,80,no_condition,3,42,0.453125,0.5546875,0.45585585585585586,1.0,4.1045026779174805,0.7101550698280334
878,80,no_condition,3,42,0.34375,0.546875,0.39285714285714285,1.0,3.592867612838745,0.9082910418510437
879,80,no_condition,3,42,0.25,0.421875,0.36363636363636365,1.0,3.395087718963623,0.6717409491539001
880,80,no_condition,3,42,0.375,0.3984375,0.5104211897524967,1.0,4.00874662399292,0.7135350108146667
881,80,no_condition,3,42,0.4140625,0.5078125,0.5,1.0,4.357768535614014,0.9008010029792786
882,80,no_condition,3,42,0.28125,0.40625,0.39215686274509803,1.0,2.7354397773742676,0.5826514363288879
883,80,no_condition,3,42,0.421875,0.5,0.4268292682926829,1.0,3.0971155166625977,0.6691828966140747
884,80,no_condition,3,42,0.34375,0.4296875,0.4642020742723319,1.0,3.6907405853271484,0.8790351152420044
885,80,no_condition,3,42,0.421875,0.515625,0.4909090909090909,1.0,6.851370811462402,1.3342366218566895
886,80,no_condition,3,42,0.328125,0.46875,0.39622641509433965,1.0,4.590549468994141,0.8254972100257874
887,80,no_condition,3,42,0.421875,0.421875,0.4489795918367347,1.0,3.508629560470581,0.873509407043457
888,80,no_condition,3,42,0.25,0.4375,0.428743961352657,1.0,4.771492958068848,0.772316575050354
889,80,no_condition,3,42,0.296875,0.453125,0.41304347826086957,1.0,4.201189041137695,0.7865869402885437
890,80,no_condition,3,42,0.296875,0.46875,0.4318181818181818,1.0,4.084996223449707,0.8498075604438782
891,80,no_condition,3,42,0.5234375,0.59375,0.5403061224489796,1.0,4.898202896118164,1.0602046251296997
892,80,no_condition,3,42,0.359375,0.390625,0.4222222222222222,1.0,3.1680331230163574,0.7458882331848145
893,80,no_condition,3,42,0.3515625,0.3984375,0.4499799919967987,1.0,5.730979919433594,1.1753731966018677
894,80,no_condition,3,42,0.375,0.390625,0.4523809523809524,1.0,4.093527793884277,0.7302395701408386
895,80,no_condition,3,42,0.3203125,0.4921875,0.42748588797221015,1.0,3.8047285079956055,0.7821857929229736
896,80,no_condition,3,42,0.4140625,0.671875,0.36726677577741407,1.0,3.372119426727295,0.6876500248908997
897,80,no_condition,3,42,0.296875,0.421875,0.40425531914893614,1.0,3.966850757598877,0.77036052942276
898,80,no_condition,3,42,0.28125,0.390625,0.47368421052631576,1.0,2.589054584503174,0.5037424564361572
899,80,no_condition,3,42,0.3828125,0.4609375,0.475,1.0,4.137514114379883,0.8135535717010498
900,80,no_condition,3,42,0.296875,0.46875,0.4616013071895425,1.0,6.481280326843262,1.0677762031555176
901,80,no_condition,3,42,0.40625,0.515625,0.52,1.0,2.695512056350708,0.5796257853507996
902,80,no_condition,3,42,0.34375,0.515625,0.40425531914893614,1.0,4.8140869140625,1.0533885955810547
903,80,no_condition,3,42,0.359375,0.484375,0.42592592592592593,1.0,4.989110946655273,1.0814509391784668
904,80,no_condition,3,42,0.3984375,0.4453125,0.43684025334271637,1.0,3.7903881072998047,0.7098719477653503
905,80,no_condition,3,42,0.3203125,0.421875,0.45072463768115945,1.0,4.110344409942627,0.7120389938354492
906,80,no_condition,3,42,0.2734375,0.390625,0.3909905425584868,1.0,4.28154182434082,0.8372846245765686
907,80,no_condition,3,42,0.296875,0.3671875,0.43379446640316205,1.0,3.3830480575561523,0.7671859860420227
908,80,no_condition,3,42,0.4375,0.828125,0.43,1.0,2.8278794288635254,0.6653996109962463
909,80,no_condition,3,42,0.296875,0.4375,0.3953488372093023,1.0,5.149857044219971,1.0246362686157227
910,80,no_condition,3,42,0.265625,0.3984375,0.40568181818181814,1.0,3.7888994216918945,0.8025404810905457
911,80,no_condition,3,42,0.328125,0.484375,0.4318181818181818,1.0,4.657092094421387,0.8386178016662598
912,80,no_condition,3,42,0.28125,0.4375,0.4,1.0,2.8384130001068115,0.605742871761322
913,80,no_condition,3,42,0.328125,0.484375,0.40384615384615385,1.0,4.374543190002441,0.8189899325370789
914,80,no_condition,3,42,0.3671875,0.4453125,0.4342253521126761,1.0,5.791674613952637,1.2074072360992432
915,80,no_condition,3,42,0.5234375,0.6328125,0.5557142857142857,1.0,4.502312183380127,0.9346387386322021
916,80,no_condition,3,42,0.265625,0.390625,0.40476190476190477,1.0,3.7150745391845703,0.7051694393157959
917,80,no_condition,3,42,0.375,0.4375,0.4627783316716517,1.0,5.105478286743164,0.9604353308677673
918,80,no_condition,3,42,0.4375,0.546875,0.5384615384615384,1.0,3.908320426940918,0.8096650838851929
919,80,no_condition,3,42,0.375,0.515625,0.43636363636363634,1.0,2.4320621490478516,0.5779550671577454
920,80,no_condition,3,42,0.3515625,0.4296875,0.446078431372549,1.0,4.430991172790527,0.775967538356781
921,80,no_condition,3,42,0.359375,0.578125,0.5084745762711864,1.0,4.3942742347717285,0.7914896607398987
922,80,no_condition,3,42,0.375,0.484375,0.47058823529411764,1.0,5.992166519165039,1.1047923564910889
923,80,no_condition,3,42,0.3125,0.4921875,0.36251709986320113,1.0,3.9811291694641113,0.8041397929191589
924,80,no_condition,3,42,0.40625,0.453125,0.4375,1.0,4.551418304443359,0.715065062046051
925,80,no_condition,3,42,0.4296875,0.609375,0.4453580901856764,1.0,2.818678140640259,0.6707162261009216
926,80,no_condition,3,42,0.28125,0.4375,0.3611111111111111,1.0,5.394927024841309,0.9238914847373962
927,80,no_condition,3,42,0.390625,0.5,0.503903708523097,1.0,4.106162071228027,0.9379141926765442
928,80,no_condition,3,42,0.46875,0.578125,0.4166666666666667,1.0,4.071549415588379,0.9042497277259827
929,80,no_condition,3,42,0.3125,0.46875,0.36231884057971014,1.0,3.489635705947876,0.7752386927604675
930,80,no_condition,3,42,0.515625,0.6171875,0.48486522315510383,1.0,4.005134582519531,0.7580244541168213
931,80,no_condition,3,42,0.3515625,0.53125,0.44976359338061467,1.0,3.4886536598205566,0.8765620589256287
932,80,no_condition,3,42,0.3125,0.484375,0.3968253968253968,1.0,3.9459662437438965,0.847836434841156
933,80,no_condition,3,42,0.296875,0.4140625,0.4138477801268499,1.0,3.0511155128479004,0.6938847899436951
934,80,no_condition,3,42,0.2265625,0.3984375,0.3570062171209948,1.0,3.66493558883667,0.806301474571228
935,80,no_condition,3,42,0.390625,0.515625,0.5135135135135135,1.0,4.821508407592773,0.8906264901161194
936,80,no_condition,3,42,0.3828125,0.3671875,0.4752331002331003,1.0,5.189897537231445,1.1619621515274048
937,80,no_condition,3,42,0.375,0.421875,0.5111111111111111,1.0,5.722486972808838,1.136853814125061
938,80,no_condition,3,42,0.359375,0.4140625,0.4382513661202186,1.0,4.222295761108398,0.8622688055038452
939,80,no_condition,3,42,0.3359375,0.5,0.4537337662337662,1.0,3.408740997314453,0.5840527415275574
940,80,no_condition,3,42,0.375,0.484375,0.4,1.0,3.651688575744629,0.6513385772705078
941,80,no_condition,3,42,0.375,0.40625,0.5102725366876311,1.0,5.606340408325195,1.1422697305679321
942,80,no_condition,3,42,0.3515625,0.3984375,0.464193046185781,1.0,5.20667839050293,1.0766562223434448
943,80,no_condition,3,42,0.34375,0.4140625,0.44040404040404035,1.0,3.5013322830200195,0.7526856064796448
944,80,no_condition,3,42,0.375,0.46875,0.417910447761194,1.0,3.6188087463378906,0.7385433316230774
945,80,no_condition,3,42,0.359375,0.40625,0.46938775510204084,1.0,3.4227094650268555,0.7376713156700134
946,80,no_condition,3,42,0.265625,0.34375,0.37936507936507935,1.0,3.9158883094787598,0.8698399662971497
947,80,no_condition,3,42,0.3515625,0.4296875,0.4077777777777778,1.0,5.555567741394043,1.0948171615600586
948,80,no_condition,3,42,0.28125,0.328125,0.43478260869565216,1.0,3.9314918518066406,0.8011637330055237
949,80,no_condition,3,42,0.25,0.453125,0.35555555555555557,1.0,3.1966137886047363,0.5548480153083801
950,80,no_condition,3,42,0.2890625,0.6015625,0.3678839957035446,1.0,2.0120229721069336,0.4223657250404358
951,80,no_condition,3,42,0.296875,0.375,0.37209302325581395,1.0,3.1727135181427,0.5509404540061951
952,80,no_condition,3,42,0.28125,0.4140625,0.3711734693877551,1.0,3.678495407104492,0.6628386974334717
953,80,no_condition,3,42,0.28125,0.4140625,0.34123287671232877,1.0,3.5966076850891113,0.7785390615463257
954,80,no_condition,3,42,0.375,0.40625,0.4771618625277162,1.0,5.893986701965332,1.0542714595794678
955,80,no_condition,3,42,0.296875,0.4375,0.35714285714285715,1.0,3.2120604515075684,0.6432417035102844
956,80,no_condition,3,42,0.390625,0.46875,0.3918918918918919,1.0,5.617358207702637,0.946945309638977
957,80,no_condition,3,42,0.328125,0.421875,0.4444444444444444,1.0,2.4436168670654297,0.5147927403450012
958,80,no_condition,3,42,0.375,0.53125,0.4375,1.0,5.110851287841797,0.9702448844909668
959,80,no_condition,3,42,0.3125,0.375,0.4444444444444444,1.0,3.036346673965454,0.6120952367782593
960,80,no_condition,3,42,0.3359375,0.4140625,0.3958006279434851,1.0,2.6114859580993652,0.5459282398223877
961,80,no_condition,3,42,0.328125,0.5,0.3442622950819672,1.0,2.139530897140503,0.5182368755340576
962,80,no_condition,3,42,0.359375,0.4453125,0.45276292335115864,1.0,4.750734806060791,0.9175974726676941
963,80,no_condition,3,42,0.265625,0.375,0.40476190476190477,1.0,3.65269136428833,0.7932037711143494
964,80,no_condition,3,42,0.4375,0.5,0.49122807017543857,1.0,3.9803972244262695,0.6950897574424744
965,80,no_condition,3,42,0.296875,0.40625,0.35555555555555557,1.0,2.305835485458374,0.5572989583015442
966,80,no_condition,3,42,0.3125,0.4375,0.4318181818181818,1.0,3.847369909286499,0.8677009344100952
967,80,no_condition,3,42,0.390625,0.453125,0.42857142857142855,1.0,2.0147321224212646,0.4720459282398224
968,80,no_condition,3,42,0.4140625,0.5,0.48857526881720426,1.0,4.584044933319092,1.0497817993164062
969,80,no_condition,3,42,0.3203125,0.4375,0.4005802707930367,1.0,4.842739105224609,1.004970908164978
970,80,no_condition,3,42,0.359375,0.421875,0.46938775510204084,1.0,4.100667476654053,0.7794267535209656
971,80,no_condition,3,42,0.265625,0.328125,0.425,1.0,5.11251163482666,0.9857003688812256
972,80,no_condition,3,42,0.3203125,0.4375,0.4192876965772433,1.0,5.753046035766602,0.9919736385345459
973,80,no_condition,3,42,0.421875,0.5234375,0.5136165577342048,1.0,2.7974936962127686,0.6392213702201843
974,80,no_condition,3,42,0.375,0.453125,0.43859649122807015,1.0,3.7724194526672363,0.6980340480804443
975,80,no_condition,3,42,0.28125,0.4375,0.3673469387755102,1.0,3.8581528663635254,0.9411879777908325
976,80,no_condition,3,42,0.3828125,0.4765625,0.42832880434782605,1.0,3.4897289276123047,0.6453640460968018
977,80,no_condition,3,42,0.46875,0.53125,0.4230769230769231,1.0,4.106791973114014,0.8858776092529297
978,80,no_condition,3,42,0.375,0.375,0.48,1.0,6.309484481811523,0.9847933650016785
979,80,no_condition,3,42,0.390625,0.5078125,0.45407712687665586,1.0,3.036665439605713,0.5621647834777832
980,80,no_condition,3,42,0.4375,0.609375,0.49087245139876723,1.0,4.824548721313477,0.9210168123245239
981,80,no_condition,3,42,0.3046875,0.4375,0.3888888888888889,1.0,3.511381149291992,0.6313695907592773
982,80,no_condition,3,42,0.6015625,0.65625,0.5080952380952382,1.0,3.5964584350585938,0.703672468662262
983,80,no_condition,3,42,0.28125,0.484375,0.40476190476190477,1.0,5.663250923156738,0.9993690848350525
984,80,no_condition,3,42,0.390625,0.46875,0.5192307692307693,1.0,3.079318046569824,0.6439207196235657
985,80,no_condition,3,42,0.265625,0.484375,0.38636363636363635,1.0,2.7172560691833496,0.5449832677841187
986,80,no_condition,3,42,0.2578125,0.453125,0.3625,1.0,3.8731656074523926,0.6398692727088928
987,80,no_condition,3,42,0.34375,0.546875,0.4489795918367347,1.0,4.152979850769043,0.8481136560440063
988,80,no_condition,3,42,0.5078125,0.5703125,0.45676691729323304,1.0,3.406602382659912,0.8093398809432983
989,80,no_condition,3,42,0.25,0.484375,0.42105263157894735,1.0,4.610353946685791,0.8484849333763123
990,80,no_condition,3,42,0.4140625,0.5078125,0.4753205128205128,1.0,4.136758804321289,0.9050827622413635
991,80,no_condition,3,42,0.3828125,0.578125,0.42436371100164205,1.0,5.576221466064453,0.9477865099906921
992,80,no_condition,3,42,0.3359375,0.4765625,0.41000000000000003,1.0,5.823696136474609,1.0291614532470703
993,80,no_condition,3,42,0.28125,0.3828125,0.4092244418331375,1.0,4.145088195800781,0.8153390884399414
994,80,no_condition,3,42,0.34375,0.515625,0.44680851063829785,1.0,3.291937828063965,0.868986189365387
995,80,no_condition,3,42,0.3046875,0.3671875,0.42193675889328064,1.0,5.331469535827637,1.0028120279312134
996,80,no_condition,3,42,0.328125,0.40625,0.45161290322580644,1.0,3.628235101699829,0.6901854872703552
997,80,no_condition,3,42,0.328125,0.390625,0.42592592592592593,1.0,4.990863800048828,0.8854389190673828
998,80,no_condition,3,42,0.359375,0.421875,0.46938775510204084,1.0,2.7135612964630127,0.5945150852203369
999,80,no_condition,3,42,0.3359375,0.453125,0.4712906504065041,1.0,6.462668418884277,0.9464152455329895
0,120,no_condition,3,42,0.3828125,0.4921875,0.47777777777777775,1.0,4.380553245544434,0.9216251969337463
1,120,no_condition,3,42,0.25,0.453125,0.4915254237288136,1.0,3.9474518299102783,0.7383958101272583
2,120,no_condition,3,42,0.375,0.46875,0.4444444444444444,1.0,4.59361457824707,0.8905132412910461
3,120,no_condition,3,42,0.4609375,0.5546875,0.4733075874602453,1.0,2.8509130477905273,0.6918261051177979
4,120,no_condition,3,42,0.3359375,0.484375,0.35812356979405036,1.0,3.568382501602173,0.7378096580505371
5,120,no_condition,3,42,0.4140625,0.5234375,0.3804794520547945,1.0,4.616359710693359,0.7713212966918945
6,120,no_condition,3,42,0.5,0.65625,0.46774193548387094,1.0,4.536438941955566,0.7347586154937744
7,120,no_condition,3,42,0.3125,0.5,0.39215686274509803,1.0,2.2791519165039062,0.4589326083660126
8,120,no_condition,3,42,0.328125,0.34375,0.46808510638297873,1.0,5.871705055236816,0.9504241943359375
9,120,no_condition,3,42,0.2890625,0.4296875,0.39379699248120303,1.0,4.419167518615723,0.8143782615661621
10,120,no_condition,3,42,0.3046875,0.4453125,0.4486607142857143,1.0,4.933788299560547,0.898347020149231
11,120,no_condition,3,42,0.3125,0.4140625,0.4165217391304348,1.0,4.297035217285156,0.7762899398803711
12,120,no_condition,3,42,0.34375,0.4375,0.4888888888888889,1.0,4.176969528198242,0.8403587937355042
13,120,no_condition,3,42,0.359375,0.453125,0.4230769230769231,1.0,4.594477653503418,0.8747756481170654
14,120,no_condition,3,42,0.421875,0.46875,0.421875,1.0,3.625577449798584,0.8177172541618347
15,120,no_condition,3,42,0.3984375,0.5,0.5076650943396226,1.0,2.475254535675049,0.5312015414237976
16,120,no_condition,3,42,0.40625,0.453125,0.5098039215686274,1.0,4.888044357299805,0.844146192073822
17,120,no_condition,3,42,0.5234375,0.7109375,0.522635998539613,1.0,5.275081157684326,1.013588547706604
18,120,no_condition,3,42,0.3359375,0.5234375,0.41742081447963797,1.0,3.354311466217041,0.6637043356895447
19,120,no_condition,3,42,0.3125,0.453125,0.4444444444444444,1.0,4.2677412033081055,0.9660204648971558
20,120,no_condition,3,42,0.265625,0.390625,0.375,1.0,3.912705183029175,0.5949830412864685
21,120,no_condition,3,42,0.328125,0.515625,0.40384615384615385,1.0,2.2494235038757324,0.4953697621822357
22,120,no_condition,3,42,0.390625,0.46875,0.3787878787878788,1.0,4.089500904083252,0.8686645030975342
23,120,no_condition,3,42,0.671875,0.640625,0.5802469135802469,1.0,2.6662397384643555,0.6846359968185425
24,120,no_condition,3,42,0.3203125,0.421875,0.43173758865248224,1.0,3.8411924839019775,0.7671859264373779
25,120,no_condition,3,42,0.3046875,0.375,0.4024621212121212,1.0,3.4499764442443848,0.6445375680923462
26,120,no_condition,3,42,0.3125,0.53125,0.3362745098039216,1.0,2.3603169918060303,0.5670758485794067
27,120,no_condition,3,42,0.3984375,0.5625,0.48863636363636365,1.0,3.5723681449890137,0.7451268434524536
28,120,no_condition,3,42,0.375,0.5,0.41379310344827586,1.0,3.5941879749298096,0.7074309587478638
29,120,no_condition,3,42,0.3125,0.421875,0.40476190476190477,1.0,5.51397705078125,1.0367342233657837
30,120,no_condition,3,42,0.484375,0.484375,0.5535714285714286,1.0,3.161271333694458,0.61613929271698
31,120,no_condition,3,42,0.375,0.53125,0.46938775510204084,1.0,3.7705230712890625,0.8390572667121887
32,120,no_condition,3,42,0.3203125,0.46875,0.4388440860215054,1.0,4.406742095947266,0.8021727800369263
33,120,no_condition,3,42,0.34375,0.453125,0.4363672182821119,1.0,4.016302108764648,0.9414279460906982
34,120,no_condition,3,42,0.375,0.390625,0.5,1.0,5.185738563537598,1.0252245664596558
35,120,no_condition,3,42,0.3125,0.453125,0.35714285714285715,1.0,3.500753402709961,0.7084019780158997
36,120,no_condition,3,42,0.3203125,0.421875,0.4596938775510204,1.0,3.5051612854003906,0.7859939932823181
37,120,no_condition,3,42,0.375,0.421875,0.4666666666666667,1.0,2.9331817626953125,0.6375885009765625
38,120,no_condition,3,42,0.328125,0.359375,0.48,1.0,6.469115257263184,1.1032418012619019
39,120,no_condition,3,42,0.296875,0.390625,0.42857142857142855,1.0,3.3445491790771484,0.6220667958259583
40,120,no_condition,3,42,0.2890625,0.4453125,0.3888888888888889,1.0,3.678255081176758,0.6907536387443542
41,120,no_condition,3,42,0.328125,0.4375,0.4175084175084175,1.0,5.079113006591797,0.7726247906684875
42,120,no_condition,3,42,0.390625,0.546875,0.47540983606557374,1.0,5.063458442687988,0.9567832350730896
43,120,no_condition,3,42,0.40625,0.484375,0.453125,1.0,4.1880316734313965,1.0017552375793457
44,120,no_condition,3,42,0.3203125,0.515625,0.4133771929824561,1.0,4.6414408683776855,0.7106652855873108
45,120,no_condition,3,42,0.296875,0.53125,0.38202247191011235,1.0,4.22122859954834,0.7526112794876099
46,120,no_condition,3,42,0.375,0.421875,0.45,1.0,5.702334880828857,0.9931548833847046
47,120,no_condition,3,42,0.3046875,0.4609375,0.3976982097186701,1.0,4.618200302124023,0.9102534055709839
48,120,no_condition,3,42,0.3515625,0.4765625,0.4498419085944237,1.0,4.0937910079956055,0.9064299464225769
49,120,no_condition,3,42,0.640625,0.90625,0.5974025974025974,1.0,4.080531597137451,0.7711877822875977
50,120,no_condition,3,42,0.34375,0.53125,0.3877551020408163,1.0,2.639248847961426,0.6228154897689819
51,120,no_condition,3,42,0.359375,0.515625,0.40816326530612246,1.0,6.265878200531006,0.9904727339744568
52,120,no_condition,3,42,0.3984375,0.59375,0.4595827900912647,1.0,2.3796303272247314,0.5171619653701782
53,120,no_condition,3,42,0.453125,0.5078125,0.4358047016274864,1.0,4.120708465576172,0.8412620425224304
54,120,no_condition,3,42,0.3203125,0.4140625,0.4173169267707083,1.0,4.454686164855957,0.9303073287010193
55,120,no_condition,3,42,0.4453125,0.5703125,0.4057308970099668,1.0,5.667740821838379,1.1456971168518066
56,120,no_condition,3,42,0.390625,0.546875,0.42264250065668507,1.0,4.358994483947754,0.9681797623634338
57,120,no_condition,3,42,0.296875,0.421875,0.3958333333333333,1.0,3.547302722930908,0.9110321402549744
58,120,no_condition,3,42,0.4921875,0.5546875,0.47621158392434987,1.0,3.5951292514801025,0.7307014465332031
59,120,no_condition,3,42,0.390625,0.484375,0.4909090909090909,1.0,2.6460964679718018,0.508720874786377
60,120,no_condition,3,42,0.3125,0.4375,0.425531914893617,1.0,3.2790932655334473,0.732488751411438
61,120,no_condition,3,42,0.34375,0.484375,0.4626865671641791,1.0,5.227852821350098,1.2039991617202759
62,120,no_condition,3,42,0.3203125,0.40625,0.4140689089417555,1.0,3.1980395317077637,0.6221188902854919
63,120,no_condition,3,42,0.359375,0.4609375,0.36592741935483875,1.0,3.088146686553955,0.6669031977653503
64,120,no_condition,3,42,0.453125,0.5625,0.4947209653092006,1.0,3.4036314487457275,0.6942046880722046
65,120,no_condition,3,42,0.2890625,0.3984375,0.47058823529411764,1.0,3.6002402305603027,0.7324541807174683
66,120,no_condition,3,42,0.359375,0.4375,0.48936170212765956,1.0,5.150595664978027,0.9673365950584412
67,120,no_condition,3,42,0.25,0.390625,0.38095238095238093,1.0,2.547382354736328,0.5821547508239746
68,120,no_condition,3,42,0.46875,0.515625,0.45652173913043476,1.0,3.9724111557006836,0.8227306604385376
69,120,no_condition,3,42,0.359375,0.5,0.4507042253521127,1.0,3.071056365966797,0.7056137323379517
70,120,no_condition,3,42,0.3359375,0.4140625,0.4444444444444444,1.0,5.300403118133545,0.9611612558364868
71,120,no_condition,3,42,0.515625,0.53125,0.4852941176470588,1.0,2.765106678009033,0.6654072403907776
72,120,no_condition,3,42,0.3125,0.390625,0.3953488372093023,1.0,4.424367427825928,0.9773414134979248
73,120,no_condition,3,42,0.5625,0.578125,0.4166666666666667,1.0,4.357912063598633,0.9521719813346863
74,120,no_condition,3,42,0.3828125,0.515625,0.48636363636363633,1.0,3.8769571781158447,0.7404784560203552
75,120,no_condition,3,42,0.5390625,0.546875,0.47685185185185186,1.0,3.8319201469421387,0.7648996710777283
76,120,no_condition,3,42,0.375,0.5,0.5263157894736842,1.0,4.57596492767334,0.686873197555542
77,120,no_condition,3,42,0.359375,0.453125,0.38636363636363635,1.0,5.269240856170654,0.9533583521842957
78,120,no_condition,3,42,0.4453125,0.5234375,0.5003561253561254,1.0,4.197857856750488,0.740444004535675
79,120,no_condition,3,42,0.296875,0.4375,0.36538461538461536,1.0,5.754826545715332,1.0494998693466187
80,120,no_condition,3,42,0.3203125,0.4375,0.4765765765765766,1.0,2.573122978210449,0.6367950439453125
81,120,no_condition,3,42,0.265625,0.328125,0.3541666666666667,1.0,2.9626047611236572,0.5608025789260864
82,120,no_condition,3,42,0.3125,0.4375,0.456959706959707,1.0,3.4557723999023438,0.7771756052970886
83,120,no_condition,3,42,0.359375,0.421875,0.4791666666666667,1.0,4.689708232879639,0.9820429086685181
84,120,no_condition,3,42,0.34375,0.4765625,0.42820512820512824,1.0,2.5526413917541504,0.49821579456329346
85,120,no_condition,3,42,0.3515625,0.5625,0.4072003577817531,1.0,2.5312533378601074,0.514427125453949
86,120,no_condition,3,42,0.375,0.46875,0.4398989898989899,1.0,4.903934478759766,1.0500811338424683
87,120,no_condition,3,42,0.328125,0.4375,0.4375,1.0,4.338252067565918,0.779080867767334
88,120,no_condition,3,42,0.40625,0.4375,0.4647887323943662,1.0,3.0769639015197754,0.643453061580658
89,120,no_condition,3,42,0.359375,0.46875,0.4406779661016949,1.0,5.246215343475342,0.9257916212081909
90,120,no_condition,3,42,0.296875,0.453125,0.4107142857142857,1.0,3.331627607345581,0.5301095247268677
91,120,no_condition,3,42,0.28125,0.375,0.3900372054568003,1.0,3.1161446571350098,0.7025999426841736
92,120,no_condition,3,42,0.296875,0.40625,0.42592592592592593,1.0,4.250704765319824,0.7819607853889465
93,120,no_condition,3,42,0.34375,0.484375,0.4186046511627907,1.0,4.0255632400512695,0.6793206334114075
94,120,no_condition,3,42,0.4921875,0.5703125,0.45285714285714285,1.0,5.868814468383789,0.9381016492843628
95,120,no_condition,3,42,0.359375,0.4453125,0.44466827827021216,1.0,5.435336589813232,1.0603643655776978
96,120,no_condition,3,42,0.3984375,0.4609375,0.4735449735449735,1.0,4.967208385467529,1.0846226215362549
97,120,no_condition,3,42,0.328125,0.4375,0.40384615384615385,1.0,3.2242536544799805,0.7257267236709595
98,120,no_condition,3,42,0.34375,0.5625,0.46808510638297873,1.0,3.3492870330810547,0.7414125800132751
99,120,no_condition,3,42,0.6640625,0.5703125,0.6082223631367576,1.0,3.614957809448242,0.8935859799385071
100,120,no_condition,3,42,0.234375,0.40625,0.3333333333333333,1.0,2.9487109184265137,0.7212446928024292
101,120,no_condition,3,42,0.3125,0.421875,0.39663461538461536,1.0,3.229374408721924,0.8033444881439209
102,120,no_condition,3,42,0.359375,0.4453125,0.4361111111111111,1.0,3.346970796585083,0.6812290549278259
103,120,no_condition,3,42,0.359375,0.453125,0.46166666666666667,1.0,2.5049848556518555,0.5947598814964294
104,120,no_condition,3,42,0.359375,0.46875,0.4117647058823529,1.0,5.032730579376221,0.7778457999229431
105,120,no_condition,3,42,0.3828125,0.484375,0.47014637904468415,1.0,3.7510876655578613,0.7369842529296875
106,120,no_condition,3,42,0.4140625,0.546875,0.49489795918367346,1.0,4.186943054199219,0.8786669373512268
107,120,no_condition,3,42,0.34375,0.3984375,0.42372234935164,1.0,4.535885810852051,0.7942987680435181
108,120,no_condition,3,42,0.28125,0.453125,0.35714285714285715,1.0,4.17605447769165,0.8133321404457092
109,120,no_condition,3,42,0.359375,0.46875,0.4338680926916221,1.0,8.228893280029297,1.3776606321334839
110,120,no_condition,3,42,0.453125,0.46875,0.4885262621111678,1.0,2.948289394378662,0.5894180536270142
111,120,no_condition,3,42,0.328125,0.515625,0.46511627906976744,1.0,3.424708843231201,0.6471457481384277
112,120,no_condition,3,42,0.2890625,0.3984375,0.39930232558139533,1.0,4.505947113037109,0.7665249705314636
113,120,no_condition,3,42,0.3984375,0.5546875,0.4801894918173988,1.0,6.622861385345459,1.0179409980773926
114,120,no_condition,3,42,0.453125,0.5625,0.48333333333333334,1.0,3.6658501625061035,0.7692962288856506
115,120,no_condition,3,42,0.3125,0.453125,0.414378860672615,1.0,3.1490695476531982,0.7164105772972107
116,120,no_condition,3,42,0.359375,0.59375,0.37142857142857144,1.0,4.578372955322266,0.7916538715362549
117,120,no_condition,3,42,0.328125,0.5234375,0.42424242424242425,1.0,3.067991018295288,0.6424594521522522
118,120,no_condition,3,42,0.3828125,0.4453125,0.5084016393442623,1.0,3.6880269050598145,0.7580897212028503
119,120,no_condition,3,42,0.296875,0.46875,0.38461538461538464,1.0,3.1472487449645996,0.6348052024841309
120,120,no_condition,3,42,0.328125,0.4375,0.4613142554319025,1.0,2.8045129776000977,0.6292619705200195
121,120,no_condition,3,42,0.359375,0.46875,0.49613152804642163,1.0,5.887873649597168,1.1576648950576782
122,120,no_condition,3,42,0.453125,0.5625,0.4666666666666667,1.0,3.3833556175231934,0.6789886355400085
123,120,no_condition,3,42,0.2578125,0.3984375,0.42105263157894735,1.0,3.586638927459717,0.7249690890312195
124,120,no_condition,3,42,0.2578125,0.34375,0.4084249084249084,1.0,3.7156903743743896,0.6371526122093201
125,120,no_condition,3,42,0.421875,0.671875,0.46551724137931033,1.0,3.632999897003174,0.6204859614372253
126,120,no_condition,3,42,0.359375,0.421875,0.45714285714285713,1.0,3.933161497116089,0.7354574799537659
127,120,no_condition,3,42,0.296875,0.375,0.38899950223992036,1.0,1.9524409770965576,0.4837520122528076
128,120,no_condition,3,42,0.328125,0.453125,0.45652173913043476,1.0,2.807845115661621,0.7017893195152283
129,120,no_condition,3,42,0.328125,0.4296875,0.41589147286821704,1.0,4.418983459472656,0.9022103548049927
130,120,no_condition,3,42,0.296875,0.484375,0.4222222222222222,1.0,3.0528955459594727,0.6298704147338867
131,120,no_condition,3,42,0.3359375,0.453125,0.46051356589147285,1.0,5.085653305053711,0.8547192215919495
132,120,no_condition,3,42,0.34375,0.671875,0.4,1.0,3.9574170112609863,0.8724343180656433
133,120,no_condition,3,42,0.3203125,0.4140625,0.39811320754716983,1.0,4.073094844818115,0.9220591187477112
134,120,no_condition,3,42,0.4609375,0.6484375,0.5412457912457913,1.0,4.729605674743652,0.8388371467590332
135,120,no_condition,3,42,0.265625,0.40625,0.391304347826087,1.0,3.922384738922119,0.7891407012939453
136,120,no_condition,3,42,0.296875,0.46875,0.3958333333333333,1.0,2.886441469192505,0.6918460726737976
137,120,no_condition,3,42,0.421875,0.640625,0.627906976744186,1.0,4.005827903747559,0.848147988319397
138,120,no_condition,3,42,0.40625,0.46875,0.4782608695652174,1.0,3.427180051803589,0.8455677032470703
139,120,no_condition,3,42,0.53125,0.640625,0.5066666666666667,1.0,2.6808648109436035,0.7085850834846497
140,120,no_condition,3,42,0.3203125,0.4296875,0.4408482142857143,1.0,2.867310047149658,0.5561037063598633
141,120,no_condition,3,42,0.390625,0.6875,0.38461538461538464,1.0,2.8756957054138184,0.6452487707138062
142,120,no_condition,3,42,0.3203125,0.375,0.4126333059885152,1.0,2.7546491622924805,0.6318585872650146
143,120,no_condition,3,42,0.34375,0.484375,0.45098039215686275,1.0,3.6234540939331055,0.749718189239502
144,120,no_condition,3,42,0.390625,0.5625,0.45454545454545453,1.0,3.6129097938537598,0.6904837489128113
145,120,no_condition,3,42,0.390625,0.515625,0.48936170212765956,1.0,5.83302116394043,1.0469244718551636
146,120,no_condition,3,42,0.328125,0.359375,0.45652173913043476,1.0,4.9930219650268555,0.8548994064331055
147,120,no_condition,3,42,0.28125,0.375,0.4186046511627907,1.0,4.901735305786133,0.9493933916091919
148,120,no_condition,3,42,0.328125,0.4375,0.42,1.0,3.456688165664673,0.8482170104980469
149,120,no_condition,3,42,0.3203125,0.453125,0.4,1.0,3.7210445404052734,0.7394238710403442
150,120,no_condition,3,42,0.3125,0.46875,0.4230769230769231,1.0,3.909101963043213,0.7523624300956726
151,120,no_condition,3,42,0.359375,0.5,0.3953488372093023,1.0,3.060784101486206,0.7192608118057251
152,120,no_condition,3,42,0.328125,0.453125,0.42,1.0,4.215786457061768,0.907561182975769
153,120,no_condition,3,42,0.3984375,0.4765625,0.3680555555555556,1.0,3.0341124534606934,0.715225338935852
154,120,no_condition,3,42,0.359375,0.484375,0.4084448160535117,1.0,3.5643045902252197,0.7256324291229248
155,120,no_condition,3,42,0.328125,0.4140625,0.4300211416490486,1.0,3.00003719329834,0.6743960976600647
156,120,no_condition,3,42,0.359375,0.453125,0.4392982456140351,1.0,3.876206874847412,0.7689399719238281
157,120,no_condition,3,42,0.390625,0.65625,0.4098360655737705,1.0,3.7426352500915527,0.8329578042030334
158,120,no_condition,3,42,0.3046875,0.4609375,0.4037037037037037,1.0,6.90687370300293,1.051292061805725
159,120,no_condition,3,42,0.40625,0.5546875,0.3924903722721438,1.0,3.9373247623443604,0.6826015710830688
160,120,no_condition,3,42,0.3203125,0.3671875,0.4337979094076655,1.0,6.471331596374512,1.032410740852356
161,120,no_condition,3,42,0.359375,0.5625,0.4666666666666667,1.0,3.478656768798828,0.8009848594665527
162,120,no_condition,3,42,0.328125,0.515625,0.4523809523809524,1.0,6.333170413970947,0.9901114106178284
163,120,no_condition,3,42,0.3828125,0.5078125,0.38400900900900903,1.0,4.625631332397461,0.9027391076087952
164,120,no_condition,3,42,0.3203125,0.453125,0.4231884057971015,1.0,5.282841682434082,0.8054233193397522
165,120,no_condition,3,42,0.3828125,0.46875,0.4058700209643606,1.0,3.23240065574646,0.6400018930435181
166,120,no_condition,3,42,0.3984375,0.484375,0.44914728682170546,1.0,2.808274269104004,0.49763762950897217
167,120,no_condition,3,42,0.375,0.4765625,0.4163135593220339,1.0,2.447887420654297,0.5410006642341614
168,120,no_condition,3,42,0.3828125,0.515625,0.47333333333333333,1.0,4.894498348236084,1.105189561843872
169,120,no_condition,3,42,0.4765625,0.71875,0.4235963727570905,1.0,2.3319826126098633,0.5408145785331726
170,120,no_condition,3,42,0.3125,0.4453125,0.3963045555909525,1.0,4.660124778747559,0.841715395450592
171,120,no_condition,3,42,0.3671875,0.4921875,0.4196428571428571,1.0,6.992955207824707,1.2139168977737427
172,120,no_condition,3,42,0.3125,0.375,0.4523809523809524,1.0,6.229563236236572,1.1866307258605957
173,120,no_condition,3,42,0.3125,0.453125,0.39215686274509803,1.0,2.451111316680908,0.5079692602157593
174,120,no_condition,3,42,0.34375,0.578125,0.4,1.0,2.9976539611816406,0.6776984930038452
175,120,no_condition,3,42,0.328125,0.578125,0.4222222222222222,1.0,5.291572570800781,0.9174972176551819
176,120,no_condition,3,42,0.3046875,0.390625,0.4532608695652174,1.0,4.585912704467773,0.793752133846283
177,120,no_condition,3,42,0.296875,0.3828125,0.4286750483558994,1.0,3.1076560020446777,0.7003594636917114
178,120,no_condition,3,42,0.3046875,0.484375,0.4030732860520094,1.0,3.3198275566101074,0.773657500743866
179,120,no_condition,3,42,0.328125,0.453125,0.40652173913043477,1.0,4.600963592529297,0.9728212356567383
180,120,no_condition,3,42,0.390625,0.46875,0.4883720930232558,1.0,3.7355098724365234,0.7187802791595459
181,120,no_condition,3,42,0.328125,0.453125,0.48148148148148145,1.0,5.013951778411865,0.8626675605773926
182,120,no_condition,3,42,0.390625,0.390625,0.5076923076923077,1.0,4.639111042022705,0.7749454379081726
183,120,no_condition,3,42,0.453125,0.5625,0.42028985507246375,1.0,4.445940017700195,0.7854927182197571
184,120,no_condition,3,42,0.4375,0.46875,0.4722222222222222,1.0,5.852442741394043,1.1141467094421387
185,120,no_condition,3,42,0.359375,0.421875,0.48936170212765956,1.0,4.303496837615967,0.8948001861572266
186,120,no_condition,3,42,0.3125,0.46875,0.4444444444444444,1.0,5.221530914306641,0.9849700331687927
187,120,no_condition,3,42,0.328125,0.703125,0.3958333333333333,1.0,3.49969482421875,0.6815534234046936
188,120,no_condition,3,42,0.3203125,0.4453125,0.44254658385093165,1.0,4.31306266784668,0.8654608726501465
189,120,no_condition,3,42,0.28125,0.421875,0.40100430416068866,1.0,3.275083303451538,0.6991164684295654
190,120,no_condition,3,42,0.28125,0.40625,0.4,1.0,3.6767497062683105,0.752860963344574
191,120,no_condition,3,42,0.34375,0.4609375,0.44838455476753347,1.0,4.2783732414245605,0.7947279810905457
192,120,no_condition,3,42,0.3046875,0.4453125,0.40004432624113473,1.0,3.2041642665863037,0.6156314015388489
193,120,no_condition,3,42,0.453125,0.5546875,0.4590732519422863,1.0,5.337374687194824,0.9109945893287659
194,120,no_condition,3,42,0.2578125,0.3828125,0.358695652173913,1.0,4.292529106140137,0.8537940382957458
195,120,no_condition,3,42,0.375,0.4375,0.5,1.0,4.7166900634765625,0.7037878036499023
196,120,no_condition,3,42,0.4296875,0.53125,0.4206349206349206,1.0,2.582367420196533,0.5618336796760559
197,120,no_condition,3,42,0.3359375,0.390625,0.382895816242822,1.0,5.443912506103516,1.0313334465026855
198,120,no_condition,3,42,0.296875,0.359375,0.4339622641509434,1.0,5.580358505249023,0.9371411800384521
199,120,no_condition,3,42,0.296875,0.453125,0.391304347826087,1.0,3.7036314010620117,0.8396120071411133
200,120,no_condition,3,42,0.4609375,0.5234375,0.539396628216504,1.0,4.25539493560791,0.9911983013153076
201,120,no_condition,3,42,0.28125,0.375,0.38541666666666663,1.0,3.8319640159606934,0.7212544679641724
202,120,no_condition,3,42,0.34375,0.515625,0.45454545454545453,1.0,6.474291801452637,1.0118420124053955
203,120,no_condition,3,42,0.359375,0.3984375,0.4601840736294518,1.0,3.7234208583831787,0.7352756261825562
204,120,no_condition,3,42,0.421875,0.46875,0.5437370600414079,1.0,3.308746337890625,0.6866809725761414
205,120,no_condition,3,42,0.296875,0.3359375,0.40266912103083297,1.0,5.02047872543335,0.8861925601959229
206,120,no_condition,3,42,0.359375,0.46875,0.5,1.0,3.894221782684326,0.6141552925109863
207,120,no_condition,3,42,0.34375,0.625,0.33757716049382713,1.0,2.779322862625122,0.6752976775169373
208,120,no_condition,3,42,0.3125,0.390625,0.4166666666666667,1.0,4.037500381469727,0.9062472581863403
209,120,no_condition,3,42,0.34375,0.40625,0.4583333333333333,1.0,5.402710914611816,0.923667848110199
210,120,no_condition,3,42,0.3359375,0.3984375,0.390598862495818,1.0,3.175133466720581,0.7237051129341125
211,120,no_condition,3,42,0.6171875,0.6640625,0.5582627118644068,1.0,5.270516872406006,0.9975854754447937
212,120,no_condition,3,42,0.390625,0.46875,0.5,1.0,4.326931953430176,0.7724314332008362
213,120,no_condition,3,42,0.3125,0.5,0.45,1.0,3.06351637840271,0.6531709432601929
214,120,no_condition,3,42,0.46875,0.53125,0.4918032786885246,1.0,3.314202308654785,0.7369241714477539
215,120,no_condition,3,42,0.34375,0.4375,0.4107142857142857,1.0,4.222217559814453,0.8497014045715332
216,120,no_condition,3,42,0.390625,0.375,0.4716981132075472,1.0,4.782135486602783,0.8179214596748352
217,120,no_condition,3,42,0.390625,0.6640625,0.3854895104895105,1.0,2.738785743713379,0.565007746219635
218,120,no_condition,3,42,0.359375,0.5,0.5,1.0,3.1663999557495117,0.6473120450973511
219,120,no_condition,3,42,0.2734375,0.4140625,0.43704680290046144,1.0,4.008144855499268,0.7458635568618774
220,120,no_condition,3,42,0.4375,0.453125,0.36666666666666664,1.0,3.904709815979004,0.8035848736763
221,120,no_condition,3,42,0.5546875,0.609375,0.5248015873015872,1.0,5.991189479827881,1.0278067588806152
222,120,no_condition,3,42,0.421875,0.515625,0.423728813559322,1.0,2.153846502304077,0.44811028242111206
223,120,no_condition,3,42,0.375,0.4296875,0.47333333333333333,1.0,4.646758079528809,0.897636890411377
224,120,no_condition,3,42,0.296875,0.4375,0.42857142857142855,1.0,2.7915234565734863,0.6109968423843384
225,120,no_condition,3,42,0.28125,0.40625,0.3958333333333333,1.0,4.124723434448242,0.8473071455955505
226,120,no_condition,3,42,0.3125,0.4375,0.4528301886792453,1.0,2.7213246822357178,0.6713047623634338
227,120,no_condition,3,42,0.296875,0.359375,0.3958333333333333,1.0,4.800260066986084,1.0166553258895874
228,120,no_condition,3,42,0.40625,0.515625,0.5060240963855421,1.0,5.132587909698486,0.9743499755859375
229,120,no_condition,3,42,0.390625,0.5625,0.4666666666666667,1.0,2.873856544494629,0.6598808169364929
230,120,no_condition,3,42,0.390625,0.5625,0.4858490566037736,1.0,4.69731330871582,0.8934959769248962
231,120,no_condition,3,42,0.609375,0.828125,0.5652173913043478,1.0,2.7737646102905273,0.6352229714393616
232,120,no_condition,3,42,0.28125,0.546875,0.39705882352941174,1.0,3.2007269859313965,0.727730393409729
233,120,no_condition,3,42,0.3828125,0.4765625,0.48074701578744705,1.0,3.764749050140381,0.7606164813041687
234,120,no_condition,3,42,0.296875,0.453125,0.41304347826086957,1.0,4.113803386688232,0.7046669721603394
235,120,no_condition,3,42,0.2890625,0.4609375,0.37575757575757573,1.0,3.842827796936035,0.7966755032539368
236,120,no_condition,3,42,0.421875,0.4375,0.4810126582278481,1.0,4.421680450439453,0.8916072249412537
237,120,no_condition,3,42,0.34375,0.53125,0.4888888888888889,1.0,4.807941913604736,0.7912442684173584
238,120,no_condition,3,42,0.3359375,0.484375,0.42391304347826086,1.0,5.293184280395508,0.9318740367889404
239,120,no_condition,3,42,0.328125,0.453125,0.4517625231910946,1.0,4.328733444213867,0.8955278992652893
240,120,no_condition,3,42,0.2734375,0.4140625,0.40630797773654914,1.0,3.5734658241271973,0.6675397157669067
241,120,no_condition,3,42,0.328125,0.421875,0.485576923076923,1.0,4.727614402770996,0.9550420641899109
242,120,no_condition,3,42,0.46875,0.640625,0.5172413793103449,1.0,3.3734233379364014,0.8436654210090637
243,120,no_condition,3,42,0.3125,0.453125,0.4166666666666667,1.0,3.766202926635742,0.7273160815238953
244,120,no_condition,3,42,0.3359375,0.453125,0.4349881796690307,1.0,3.5589611530303955,0.7830034494400024
245,120,no_condition,3,42,0.34375,0.59375,0.6206896551724138,1.0,4.0034990310668945,0.9365813732147217
246,120,no_condition,3,42,0.3125,0.4140625,0.45081135902636915,1.0,4.70774507522583,0.8625590801239014
247,120,no_condition,3,42,0.34375,0.578125,0.4230769230769231,1.0,4.771594524383545,0.9003653526306152
248,120,no_condition,3,42,0.328125,0.484375,0.41198752228163993,1.0,2.9943418502807617,0.7360153198242188
249,120,no_condition,3,42,0.5234375,0.6640625,0.5070131271354074,1.0,2.7052366733551025,0.6037314534187317
250,120,no_condition,3,42,0.5078125,0.609375,0.4612134344528711,1.0,4.526803970336914,1.0006685256958008
251,120,no_condition,3,42,0.453125,0.515625,0.484375,1.0,3.857790946960449,0.8165674209594727
252,120,no_condition,3,42,0.34375,0.46875,0.4107142857142857,1.0,4.035003662109375,0.8120887279510498
253,120,no_condition,3,42,0.34375,0.515625,0.5147058823529411,1.0,5.089055061340332,0.8241109848022461
254,120,no_condition,3,42,0.28125,0.4375,0.3953488372093023,1.0,3.892916202545166,0.8765139579772949
255,120,no_condition,3,42,0.3125,0.4375,0.44,1.0,3.9640603065490723,0.8193148374557495
256,120,no_condition,3,42,0.375,0.4375,0.42857142857142855,1.0,3.959773540496826,0.8553492426872253
257,120,no_condition,3,42,0.5,0.4609375,0.43167701863354035,1.0,3.622124195098877,0.811771810054779
258,120,no_condition,3,42,0.25,0.390625,0.38095238095238093,1.0,3.3637542724609375,0.7576014399528503
259,120,no_condition,3,42,0.3671875,0.46875,0.48469387755102045,1.0,3.874318838119507,0.758165717124939
260,120,no_condition,3,42,0.359375,0.390625,0.425531914893617,1.0,5.694842338562012,1.0545625686645508
261,120,no_condition,3,42,0.3828125,0.4609375,0.478030303030303,1.0,4.822348594665527,1.0214083194732666
262,120,no_condition,3,42,0.3671875,0.4921875,0.4019607843137255,1.0,5.349489688873291,0.9391244649887085
263,120,no_condition,3,42,0.296875,0.484375,0.4444444444444444,1.0,3.907362937927246,0.8385118246078491
264,120,no_condition,3,42,0.375,0.421875,0.5106382978723404,1.0,5.31524133682251,0.839227020740509
265,120,no_condition,3,42,0.4609375,0.484375,0.5400130123617437,1.0,3.4388179779052734,0.748435914516449
266,120,no_condition,3,42,0.40625,0.46875,0.45614035087719296,1.0,4.838044166564941,0.9937317371368408
267,120,no_condition,3,42,0.359375,0.375,0.40476190476190477,1.0,4.249610424041748,0.773749828338623
268,120,no_condition,3,42,0.2578125,0.4140625,0.373546511627907,1.0,2.565598487854004,0.6871984004974365
269,120,no_condition,3,42,0.3046875,0.4296875,0.46111111111111114,1.0,4.705677032470703,0.7723365426063538
270,120,no_condition,3,42,0.359375,0.453125,0.40625,1.0,4.927242279052734,0.9033183455467224
271,120,no_condition,3,42,0.28125,0.421875,0.3958333333333333,1.0,4.186643600463867,0.8325943350791931
272,120,no_condition,3,42,0.3359375,0.4453125,0.46107301331181927,1.0,3.019685745239258,0.7218907475471497
273,120,no_condition,3,42,0.390625,0.6484375,0.4198966408268734,1.0,2.1426095962524414,0.4859350025653839
274,120,no_condition,3,42,0.765625,0.5,0.6057692307692307,1.0,3.6377182006835938,0.6553406119346619
275,120,no_condition,3,42,0.3125,0.4296875,0.40588235294117647,1.0,4.220885276794434,0.7451072931289673
276,120,no_condition,3,42,0.4296875,0.46875,0.5106732348111659,1.0,4.442870616912842,0.6676202416419983
277,120,no_condition,3,42,0.3203125,0.46875,0.43741496598639457,1.0,4.428798675537109,0.8354092836380005
278,120,no_condition,3,42,0.375,0.5,0.4888888888888889,1.0,1.386146068572998,0.3376355767250061
279,120,no_condition,3,42,0.28125,0.390625,0.4090909090909091,1.0,4.529306888580322,0.7744903564453125
280,120,no_condition,3,42,0.484375,0.4375,0.5238095238095238,1.0,4.205941200256348,0.8708052635192871
281,120,no_condition,3,42,0.3125,0.421875,0.45,1.0,4.2616705894470215,0.7089152932167053
282,120,no_condition,3,42,0.25,0.390625,0.375,1.0,2.772496223449707,0.6015166640281677
283,120,no_condition,3,42,0.34375,0.4375,0.4486607142857143,1.0,5.587920665740967,0.9960740208625793
284,120,no_condition,3,42,0.4375,0.5625,0.5,1.0,4.695859432220459,0.9427846670150757
285,120,no_condition,3,42,0.296875,0.390625,0.40004432624113473,1.0,4.261502265930176,0.7857121825218201
286,120,no_condition,3,42,0.390625,0.40625,0.5,1.0,3.46588134765625,0.699693500995636
287,120,no_condition,3,42,0.375,0.515625,0.43636363636363634,1.0,3.6900877952575684,0.7431895136833191
288,120,no_condition,3,42,0.25,0.421875,0.38461538461538464,1.0,4.265790939331055,0.81534343957901
289,120,no_condition,3,42,0.3046875,0.484375,0.3875,1.0,4.46229887008667,0.8249675631523132
290,120,no_condition,3,42,0.34375,0.546875,0.3794757033248082,1.0,4.2485857009887695,0.8447210788726807
291,120,no_condition,3,42,0.4375,0.46875,0.5,1.0,3.7763237953186035,0.8851174712181091
292,120,no_condition,3,42,0.3671875,0.4140625,0.46828211189913316,1.0,6.718131065368652,1.032254934310913
293,120,no_condition,3,42,0.296875,0.4375,0.4176356589147287,1.0,3.3859243392944336,0.6841413974761963
294,120,no_condition,3,42,0.3828125,0.5234375,0.3916799272561946,1.0,4.9096221923828125,0.9898554682731628
295,120,no_condition,3,42,0.359375,0.390625,0.4423076923076923,1.0,5.464637756347656,1.0524319410324097
296,120,no_condition,3,42,0.375,0.484375,0.45,1.0,5.201107025146484,0.8591415286064148
297,120,no_condition,3,42,0.640625,0.6328125,0.6396103896103896,1.0,4.949258327484131,0.9879483580589294
298,120,no_condition,3,42,0.453125,0.5,0.5135135135135135,1.0,3.6532864570617676,0.7164570093154907
299,120,no_condition,3,42,0.375,0.46875,0.48,1.0,3.1028635501861572,0.6677731871604919
300,120,no_condition,3,42,0.390625,0.421875,0.5,1.0,5.185947418212891,0.9661882519721985
301,120,no_condition,3,42,0.3046875,0.375,0.4077055779183439,1.0,6.485489845275879,1.1842848062515259
302,120,no_condition,3,42,0.3125,0.421875,0.4375,1.0,4.024987697601318,0.8822564482688904
303,120,no_condition,3,42,0.3515625,0.4375,0.4052215884159719,1.0,4.660490036010742,0.9737028479576111
304,120,no_condition,3,42,0.296875,0.484375,0.4340425531914894,1.0,5.824228286743164,0.9182921648025513
305,120,no_condition,3,42,0.328125,0.46875,0.4673202614379085,1.0,3.219033718109131,0.6434630751609802
306,120,no_condition,3,42,0.359375,0.4453125,0.40084134615384615,1.0,3.059713125228882,0.7251995801925659
307,120,no_condition,3,42,0.265625,0.4375,0.3827027027027027,1.0,3.102421283721924,0.6073674559593201
308,120,no_condition,3,42,0.375,0.5625,0.48333333333333334,1.0,2.8969929218292236,0.6584309339523315
309,120,no_condition,3,42,0.40625,0.4375,0.5142857142857142,1.0,4.605684280395508,0.9125077128410339
310,120,no_condition,3,42,0.28125,0.390625,0.4528301886792453,1.0,4.1339216232299805,0.8081145882606506
311,120,no_condition,3,42,0.296875,0.46875,0.41304347826086957,1.0,2.911515712738037,0.6062431335449219
312,120,no_condition,3,42,0.3046875,0.4609375,0.4275074478649454,1.0,4.110798358917236,0.8900098204612732
313,120,no_condition,3,42,0.375,0.515625,0.4,1.0,5.44145393371582,0.955720841884613
314,120,no_condition,3,42,0.328125,0.3984375,0.42857142857142855,1.0,4.2039995193481445,0.8265100121498108
315,120,no_condition,3,42,0.28125,0.40625,0.43859649122807015,1.0,7.482852935791016,1.287671685218811
316,120,no_condition,3,42,0.375,0.546875,0.4444444444444444,1.0,4.583856582641602,0.8211005926132202
317,120,no_condition,3,42,0.34375,0.40625,0.42824730572887126,1.0,5.55069637298584,0.9906149506568909
318,120,no_condition,3,42,0.3125,0.375,0.4146341463414634,1.0,5.160493850708008,0.9545883536338806
319,120,no_condition,3,42,0.390625,0.5625,0.4166666666666667,1.0,4.790317535400391,0.9425783157348633
320,120,no_condition,3,42,0.375,0.4296875,0.4801920768307323,1.0,3.953874111175537,0.7587282061576843
321,120,no_condition,3,42,0.359375,0.578125,0.46296296296296297,1.0,6.455694675445557,1.240843653678894
322,120,no_condition,3,42,0.390625,0.453125,0.49122807017543857,1.0,4.361818313598633,0.9256458878517151
323,120,no_condition,3,42,0.375,0.46875,0.4782608695652174,1.0,4.576673984527588,1.0317580699920654
324,120,no_condition,3,42,0.4453125,0.5859375,0.4848675914249685,1.0,3.0759432315826416,0.6738108396530151
325,120,no_condition,3,42,0.265625,0.4375,0.36363636363636365,1.0,3.7204806804656982,0.6740248203277588
326,120,no_condition,3,42,0.3125,0.40625,0.43,1.0,5.854353904724121,1.1322838068008423
327,120,no_condition,3,42,0.28125,0.390625,0.4224308300395257,1.0,2.7271199226379395,0.6360799670219421
328,120,no_condition,3,42,0.3125,0.4921875,0.3878021978021978,1.0,5.327724456787109,1.0232093334197998
329,120,no_condition,3,42,0.3125,0.375,0.4166666666666667,1.0,3.7034287452697754,0.7151132225990295
330,120,no_condition,3,42,0.3046875,0.40625,0.40993788819875776,1.0,7.957099437713623,1.1846696138381958
331,120,no_condition,3,42,0.359375,0.4453125,0.4496567505720824,1.0,4.108723163604736,0.7426894903182983
332,120,no_condition,3,42,0.28125,0.421875,0.3688888888888889,1.0,2.73319673538208,0.5384995341300964
333,120,no_condition,3,42,0.25,0.3984375,0.34930313588850176,1.0,3.5680031776428223,0.7855289578437805
334,120,no_condition,3,42,0.359375,0.484375,0.45,1.0,7.405633449554443,1.2472078800201416
335,120,no_condition,3,42,0.5078125,0.6796875,0.5325531342480495,1.0,4.040424346923828,0.8273300528526306
336,120,no_condition,3,42,0.3125,0.421875,0.47619047619047616,1.0,3.7880654335021973,0.8227251768112183
337,120,no_condition,3,42,0.375,0.4375,0.46808510638297873,1.0,3.755650520324707,0.7125670313835144
338,120,no_condition,3,42,0.3125,0.5703125,0.41462765957446807,1.0,4.677768707275391,0.9344428777694702
339,120,no_condition,3,42,0.3046875,0.3671875,0.44832826747720367,1.0,2.8006951808929443,0.6259601712226868
340,120,no_condition,3,42,0.359375,0.34375,0.4523809523809524,1.0,2.8645079135894775,0.5079145431518555
341,120,no_condition,3,42,0.359375,0.4921875,0.46568627450980393,1.0,3.2260031700134277,0.7363913655281067
342,120,no_condition,3,42,0.25,0.375,0.3404255319148936,1.0,3.7229111194610596,0.7862539887428284
343,120,no_condition,3,42,0.578125,0.5625,0.5606060606060606,1.0,3.8505125045776367,0.6614635586738586
344,120,no_condition,3,42,0.375,0.4140625,0.4585714285714286,1.0,3.8846306800842285,0.7665311694145203
345,120,no_condition,3,42,0.34375,0.359375,0.4782608695652174,1.0,4.475495338439941,0.8014662861824036
346,120,no_condition,3,42,0.328125,0.390625,0.42358803986710963,1.0,5.953170299530029,1.1125235557556152
347,120,no_condition,3,42,0.6328125,0.7265625,0.5503040353786622,1.0,3.3325672149658203,0.6258578896522522
348,120,no_condition,3,42,0.3359375,0.46875,0.3833333333333333,1.0,7.764678955078125,1.1814568042755127
349,120,no_condition,3,42,0.328125,0.453125,0.42857142857142855,1.0,4.731358051300049,0.8082534670829773
350,120,no_condition,3,42,0.34375,0.46875,0.44,1.0,4.149263381958008,0.899307370185852
351,120,no_condition,3,42,0.40625,0.6796875,0.3448275862068966,1.0,5.035278797149658,0.9663892388343811
352,120,no_condition,3,42,0.3046875,0.4375,0.41418918918918923,1.0,3.7773354053497314,0.7126249670982361
353,120,no_condition,3,42,0.328125,0.453125,0.38548387096774195,1.0,3.8470914363861084,0.8643423914909363
354,120,no_condition,3,42,0.375,0.5,0.46755637367694436,1.0,5.254284858703613,0.9735826253890991
355,120,no_condition,3,42,0.390625,0.53125,0.44,1.0,3.396328926086426,0.6410846710205078
356,120,no_condition,3,42,0.3671875,0.484375,0.43000000000000005,1.0,4.7893781661987305,0.9460511207580566
357,120,no_condition,3,42,0.28125,0.421875,0.4,1.0,4.023761749267578,0.955374538898468
358,120,no_condition,3,42,0.3203125,0.453125,0.44155844155844154,1.0,4.188090801239014,0.8526512384414673
359,120,no_condition,3,42,0.4140625,0.46875,0.522560528246515,1.0,4.274989128112793,0.9137219190597534
360,120,no_condition,3,42,0.359375,0.375,0.4444444444444444,1.0,3.7711851596832275,0.7333738803863525
361,120,no_condition,3,42,0.5625,0.84375,0.42105263157894735,1.0,3.670928478240967,0.7802485227584839
362,120,no_condition,3,42,0.375,0.46875,0.36363636363636365,1.0,3.7550148963928223,0.6255356669425964
363,120,no_condition,3,42,0.328125,0.453125,0.43478260869565216,1.0,3.6539688110351562,0.8474408388137817
364,120,no_condition,3,42,0.390625,0.53125,0.4482758620689655,1.0,2.7830801010131836,0.7238277792930603
365,120,no_condition,3,42,0.2734375,0.4453125,0.4039893617021276,1.0,3.04571533203125,0.5544449090957642
366,120,no_condition,3,42,0.4140625,0.5,0.4152260638297872,1.0,3.191828727722168,0.6199366450309753
367,120,no_condition,3,42,0.5546875,0.6328125,0.5583386176284084,1.0,4.2352776527404785,0.9412615895271301
368,120,no_condition,3,42,0.390625,0.515625,0.5217391304347826,1.0,3.8699817657470703,0.5775859951972961
369,120,no_condition,3,42,0.296875,0.484375,0.43137254901960786,1.0,3.865839958190918,0.7183237671852112
370,120,no_condition,3,42,0.3046875,0.3828125,0.4083333333333333,1.0,4.239202976226807,0.9468296766281128
371,120,no_condition,3,42,0.28125,0.4375,0.3902439024390244,1.0,3.5861878395080566,0.7135418057441711
372,120,no_condition,3,42,0.3203125,0.4609375,0.38235294117647056,1.0,4.147780418395996,0.8990095257759094
373,120,no_condition,3,42,0.328125,0.390625,0.4015151515151515,1.0,4.052246570587158,0.8148178458213806
374,120,no_condition,3,42,0.3359375,0.5234375,0.42606707317073167,1.0,3.3306479454040527,0.6509107947349548
375,120,no_condition,3,42,0.359375,0.484375,0.45652173913043476,1.0,6.682210445404053,0.9605958461761475
376,120,no_condition,3,42,0.328125,0.4453125,0.412962962962963,1.0,3.411592960357666,0.7155334949493408
377,120,no_condition,3,42,0.3125,0.390625,0.5128205128205128,1.0,3.9981560707092285,0.649105966091156
378,120,no_condition,3,42,0.296875,0.390625,0.4492424242424242,1.0,3.8880763053894043,0.8160321116447449
379,120,no_condition,3,42,0.3515625,0.3984375,0.40162037037037035,1.0,5.015252113342285,0.8832717537879944
380,120,no_condition,3,42,0.34375,0.453125,0.43137254901960786,1.0,3.882702350616455,0.6473143100738525
381,120,no_condition,3,42,0.3515625,0.5546875,0.4326923076923077,1.0,4.3422160148620605,0.881758451461792
382,120,no_condition,3,42,0.4765625,0.5703125,0.48834134615384617,1.0,3.7545957565307617,0.7775223255157471
383,120,no_condition,3,42,0.359375,0.53125,0.3943506969919296,1.0,2.3498401641845703,0.5548887252807617
384,120,no_condition,3,42,0.703125,0.53125,0.5357142857142857,1.0,3.514582395553589,0.7371755242347717
385,120,no_condition,3,42,0.3125,0.390625,0.4148936170212766,1.0,4.174655914306641,0.754738986492157
386,120,no_condition,3,42,0.5078125,0.4609375,0.5268628078030061,1.0,2.9944984912872314,0.7082468867301941
387,120,no_condition,3,42,0.390625,0.515625,0.43137254901960786,1.0,4.7876176834106445,0.9084063768386841
388,120,no_condition,3,42,0.296875,0.40625,0.453125,1.0,2.155524730682373,0.384196013212204
389,120,no_condition,3,42,0.3046875,0.390625,0.4429164504411002,1.0,4.088017463684082,0.7306111454963684
390,120,no_condition,3,42,0.375,0.4375,0.45454545454545453,1.0,3.7053654193878174,0.7132394909858704
391,120,no_condition,3,42,0.359375,0.34375,0.425531914893617,1.0,3.8047187328338623,0.6442626118659973
392,120,no_condition,3,42,0.265625,0.34375,0.39767441860465114,1.0,5.091708183288574,0.9074732065200806
393,120,no_condition,3,42,0.296875,0.40625,0.36538461538461536,1.0,3.286898136138916,0.7633079290390015
394,120,no_condition,3,42,0.3203125,0.4453125,0.4202317290552585,1.0,4.824550628662109,0.9876447916030884
395,120,no_condition,3,42,0.375,0.515625,0.45614035087719296,1.0,2.9199790954589844,0.657406210899353
396,120,no_condition,3,42,0.328125,0.390625,0.4716981132075472,1.0,5.078187942504883,0.950051486492157
397,120,no_condition,3,42,0.328125,0.46875,0.41025641025641024,1.0,2.9829230308532715,0.5567570924758911
398,120,no_condition,3,42,0.28125,0.4296875,0.40930232558139534,1.0,2.893873453140259,0.6413529515266418
399,120,no_condition,3,42,0.4375,0.421875,0.5,1.0,4.9926629066467285,0.9089614152908325
400,120,no_condition,3,42,0.375,0.5,0.47058823529411764,1.0,3.830392837524414,0.7651560306549072
401,120,no_condition,3,42,0.4375,0.515625,0.4383561643835616,1.0,2.8293426036834717,0.6201950907707214
402,120,no_condition,3,42,0.359375,0.546875,0.4090909090909091,1.0,4.006716251373291,0.9535660147666931
403,120,no_condition,3,42,0.375,0.40625,0.5172413793103449,1.0,4.539238929748535,0.7098076939582825
404,120,no_condition,3,42,0.34375,0.5,0.44680851063829785,1.0,3.923976421356201,0.9383794665336609
405,120,no_condition,3,42,0.359375,0.40625,0.45098039215686275,1.0,4.898456573486328,0.8869189620018005
406,120,no_condition,3,42,0.3125,0.3828125,0.5304878048780488,1.0,4.10491943359375,0.7667868733406067
407,120,no_condition,3,42,0.3125,0.4296875,0.4436649659863946,1.0,3.120487689971924,0.646883487701416
408,120,no_condition,3,42,0.375,0.5,0.5,1.0,4.152044296264648,0.7877506613731384
409,120,no_condition,3,42,0.234375,0.375,0.34146341463414637,1.0,2.266064167022705,0.501692533493042
410,120,no_condition,3,42,0.375,0.390625,0.4528301886792453,1.0,5.325576305389404,1.0778791904449463
411,120,no_condition,3,42,0.328125,0.453125,0.5,1.0,4.310829162597656,0.8758480548858643
412,120,no_condition,3,42,0.3984375,0.46875,0.4482581967213115,1.0,3.5530905723571777,0.8800487518310547
413,120,no_condition,3,42,0.265625,0.453125,0.3541666666666667,1.0,4.854557514190674,0.9750474095344543
414,120,no_condition,3,42,0.3359375,0.4375,0.4023809523809524,1.0,4.788756370544434,0.8223312497138977
415,120,no_condition,3,42,0.34375,0.453125,0.48958333333333337,1.0,3.0564372539520264,0.5593988299369812
416,120,no_condition,3,42,0.3046875,0.5078125,0.4253419452887538,1.0,4.615393161773682,1.0517853498458862
417,120,no_condition,3,42,0.328125,0.453125,0.45454545454545453,1.0,4.663995742797852,0.9642149209976196
418,120,no_condition,3,42,0.375,0.46875,0.48,1.0,3.475594997406006,0.7735210061073303
419,120,no_condition,3,42,0.359375,0.515625,0.4745762711864407,1.0,4.402052402496338,0.8519172072410583
420,120,no_condition,3,42,0.3125,0.4609375,0.35615384615384615,1.0,3.722954273223877,0.7802197933197021
421,120,no_condition,3,42,0.40625,0.5,0.5,1.0,4.28687858581543,1.001944661140442
422,120,no_condition,3,42,0.328125,0.375,0.4222222222222222,1.0,3.85402512550354,0.816750168800354
423,120,no_condition,3,42,0.265625,0.34375,0.425,1.0,2.6741976737976074,0.5358414053916931
424,120,no_condition,3,42,0.375,0.3984375,0.46587481146304677,1.0,2.913989782333374,0.6408615112304688
425,120,no_condition,3,42,0.265625,0.515625,0.3541666666666667,1.0,4.209909439086914,0.8568259477615356
426,120,no_condition,3,42,0.265625,0.421875,0.38095238095238093,1.0,2.597541332244873,0.6055171489715576
427,120,no_condition,3,42,0.28125,0.359375,0.40652173913043477,1.0,4.563281059265137,0.8109689950942993
428,120,no_condition,3,42,0.5625,0.734375,0.4931506849315068,1.0,4.126111030578613,0.8106907606124878
429,120,no_condition,3,42,0.328125,0.5078125,0.43559718969555034,1.0,2.595127820968628,0.6138591170310974
430,120,no_condition,3,42,0.328125,0.421875,0.4644101543056247,1.0,4.241781234741211,0.684588611125946
431,120,no_condition,3,42,0.40625,0.578125,0.5,1.0,5.8044304847717285,1.0409255027770996
432,120,no_condition,3,42,0.375,0.4296875,0.4496567505720824,1.0,4.2176055908203125,0.851365327835083
433,120,no_condition,3,42,0.46875,0.46875,0.4788732394366197,1.0,4.726076126098633,1.0539010763168335
434,120,no_condition,3,42,0.3671875,0.546875,0.39608711701734955,1.0,2.9228880405426025,0.6748993396759033
435,120,no_condition,3,42,0.390625,0.4921875,0.4702240566037736,1.0,3.705585479736328,0.8314876556396484
436,120,no_condition,3,42,0.3046875,0.4453125,0.4037456445993031,1.0,2.8086013793945312,0.5513068437576294
437,120,no_condition,3,42,0.3046875,0.4609375,0.37145969498910675,1.0,4.687512397766113,1.100858449935913
438,120,no_condition,3,42,0.3125,0.4375,0.4444444444444444,1.0,4.0062360763549805,0.7776129841804504
439,120,no_condition,3,42,0.3125,0.46875,0.37735849056603776,1.0,1.8719216585159302,0.4570332467556
440,120,no_condition,3,42,0.40625,0.453125,0.5074626865671642,1.0,2.9017906188964844,0.6536074280738831
441,120,no_condition,3,42,0.390625,0.484375,0.4264705882352941,1.0,3.2893898487091064,0.7255622744560242
442,120,no_condition,3,42,0.40625,0.4375,0.48214285714285715,1.0,4.665338516235352,0.9019039273262024
443,120,no_condition,3,42,0.328125,0.453125,0.37889483933787726,1.0,2.5812714099884033,0.5728185176849365
444,120,no_condition,3,42,0.328125,0.484375,0.38,1.0,4.63200569152832,0.9135434627532959
445,120,no_condition,3,42,0.3515625,0.421875,0.46660069272637306,1.0,3.2953405380249023,0.5733339190483093
446,120,no_condition,3,42,0.3125,0.53125,0.35294117647058826,1.0,3.4622535705566406,0.7906816601753235
447,120,no_condition,3,42,0.40625,0.515625,0.4411764705882353,1.0,4.1695661544799805,0.9880916476249695
448,120,no_condition,3,42,0.3671875,0.4921875,0.4222222222222222,1.0,3.2565197944641113,0.6618502140045166
449,120,no_condition,3,42,0.375,0.53125,0.4,1.0,2.6322402954101562,0.48311367630958557
450,120,no_condition,3,42,0.28125,0.40625,0.43902439024390244,1.0,4.418041229248047,0.7331435084342957
451,120,no_condition,3,42,0.28125,0.421875,0.3953488372093023,1.0,2.364511728286743,0.4870438873767853
452,120,no_condition,3,42,0.28125,0.375,0.4,1.0,4.424754619598389,0.7746054530143738
453,120,no_condition,3,42,0.3046875,0.40625,0.433125,1.0,4.859903335571289,0.961912989616394
454,120,no_condition,3,42,0.359375,0.421875,0.45375106564364875,1.0,5.486110687255859,0.8812174201011658
455,120,no_condition,3,42,0.265625,0.421875,0.4473684210526316,1.0,4.269394397735596,0.8641414046287537
456,120,no_condition,3,42,0.3515625,0.4453125,0.4206349206349206,1.0,4.076964855194092,0.9408813714981079
457,120,no_condition,3,42,0.265625,0.40625,0.4117647058823529,1.0,4.286624431610107,0.7353062629699707
458,120,no_condition,3,42,0.34375,0.484375,0.43137254901960786,1.0,2.3623852729797363,0.5611929297447205
459,120,no_condition,3,42,0.359375,0.390625,0.46551724137931033,1.0,4.5339155197143555,0.9357500076293945
460,120,no_condition,3,42,0.3125,0.5,0.42501186521120077,1.0,3.9508371353149414,0.9255684614181519
461,120,no_condition,3,42,0.375,0.4375,0.49019607843137253,1.0,4.7103071212768555,0.9273486733436584
462,120,no_condition,3,42,0.34375,0.4375,0.5277777777777778,1.0,5.185309886932373,1.0874032974243164
463,120,no_condition,3,42,0.3125,0.4609375,0.4342105263157895,1.0,3.197572946548462,0.6874684691429138
464,120,no_condition,3,42,0.3359375,0.4453125,0.45783898305084747,1.0,4.7531256675720215,0.8025163412094116
465,120,no_condition,3,42,0.3984375,0.515625,0.43914141414141417,1.0,5.367018699645996,0.8764532208442688
466,120,no_condition,3,42,0.3671875,0.421875,0.4522222222222222,1.0,4.308872699737549,0.9712784290313721
467,120,no_condition,3,42,0.328125,0.4296875,0.42735042735042733,1.0,4.569516181945801,1.0909960269927979
468,120,no_condition,3,42,0.3125,0.515625,0.4418604651162791,1.0,4.279775619506836,0.763915479183197
469,120,no_condition,3,42,0.28125,0.484375,0.425,1.0,3.788285255432129,0.9137995839118958
470,120,no_condition,3,42,0.359375,0.453125,0.46938775510204084,1.0,3.979116916656494,0.7651726007461548
471,120,no_condition,3,42,0.34375,0.40625,0.4318181818181818,1.0,6.975329399108887,1.0098927021026611
472,120,no_condition,3,42,0.328125,0.46875,0.42857142857142855,1.0,4.165058612823486,0.7925035357475281
473,120,no_condition,3,42,0.359375,0.484375,0.48,1.0,3.203298568725586,0.7120620608329773
474,120,no_condition,3,42,0.890625,0.75,0.6705882352941176,1.0,3.0043835639953613,0.6585846543312073
475,120,no_condition,3,42,0.390625,0.4375,0.43786407766990293,1.0,4.327910900115967,0.7784031629562378
476,120,no_condition,3,42,0.359375,0.515625,0.4166666666666667,1.0,4.22321891784668,0.8623653054237366
477,120,no_condition,3,42,0.375,0.4921875,0.42428571428571427,1.0,5.837342262268066,0.8811623454093933
478,120,no_condition,3,42,0.40625,0.515625,0.4727272727272727,1.0,5.513122081756592,0.9873640537261963
479,120,no_condition,3,42,0.359375,0.546875,0.45652173913043476,1.0,3.575888156890869,0.7234169840812683
480,120,no_condition,3,42,0.3125,0.4375,0.4473684210526316,1.0,5.635489463806152,0.9643016457557678
481,120,no_condition,3,42,0.40625,0.5625,0.4727272727272727,1.0,4.028373718261719,0.8335457444190979
482,120,no_condition,3,42,0.453125,0.671875,0.4664082687338501,1.0,4.9431962966918945,1.027948260307312
483,120,no_condition,3,42,0.265625,0.34375,0.4166666666666667,1.0,2.925661325454712,0.6095831394195557
484,120,no_condition,3,42,0.34375,0.46875,0.4,1.0,3.0615739822387695,0.6456001400947571
485,120,no_condition,3,42,0.3203125,0.4765625,0.42992424242424243,1.0,3.8220367431640625,0.7307302355766296
486,120,no_condition,3,42,0.734375,0.578125,0.5529411764705883,1.0,3.168997287750244,0.49395397305488586
487,120,no_condition,3,42,0.453125,0.75,0.509090909090909,1.0,2.6040711402893066,0.5323565006256104
488,120,no_condition,3,42,0.3125,0.390625,0.4523809523809524,1.0,5.178097724914551,0.9716326594352722
489,120,no_condition,3,42,0.375,0.5,0.35555555555555557,1.0,3.679079532623291,0.7072221040725708
490,120,no_condition,3,42,0.34375,0.484375,0.4375,1.0,3.6604044437408447,0.8209099173545837
491,120,no_condition,3,42,0.3203125,0.4765625,0.3719985875706215,1.0,3.927406072616577,0.8339118957519531
492,120,no_condition,3,42,0.3125,0.421875,0.47368421052631576,1.0,3.387587070465088,0.6599423885345459
493,120,no_condition,3,42,0.3359375,0.46875,0.4104609929078014,1.0,4.766842842102051,0.8189765810966492
494,120,no_condition,3,42,0.359375,0.421875,0.44,1.0,4.182910442352295,0.8549431562423706
495,120,no_condition,3,42,0.5625,0.546875,0.5454545454545454,1.0,3.9998881816864014,0.767444372177124
496,120,no_condition,3,42,0.5,0.546875,0.4649122807017544,1.0,4.653180122375488,0.966860830783844
497,120,no_condition,3,42,0.34375,0.4375,0.4230769230769231,1.0,4.547972679138184,0.9701730608940125
498,120,no_condition,3,42,0.3984375,0.5625,0.44157951676884244,1.0,2.8546881675720215,0.622461199760437
499,120,no_condition,3,42,0.3203125,0.453125,0.38857142857142857,1.0,3.4246482849121094,0.6378279328346252
500,120,no_condition,3,42,0.6875,0.578125,0.5185185185185185,1.0,3.332749605178833,0.6513147354125977
501,120,no_condition,3,42,0.375,0.546875,0.41304347826086957,1.0,4.1576738357543945,0.7941364645957947
502,120,no_condition,3,42,0.4296875,0.46875,0.4775974025974026,1.0,3.2756218910217285,0.7032802104949951
503,120,no_condition,3,42,0.375,0.453125,0.4398550724637681,1.0,2.4517314434051514,0.4757992923259735
504,120,no_condition,3,42,0.265625,0.40625,0.38037825059101654,1.0,4.392505645751953,0.8345425724983215
505,120,no_condition,3,42,0.359375,0.546875,0.4189189189189189,1.0,2.8353543281555176,0.6142335534095764
506,120,no_condition,3,42,0.3359375,0.4453125,0.4430147058823529,1.0,4.38830041885376,0.8370192646980286
507,120,no_condition,3,42,0.3046875,0.4609375,0.3978328173374613,1.0,5.1526641845703125,0.9809232354164124
508,120,no_condition,3,42,0.3046875,0.4375,0.39607843137254906,1.0,4.173393726348877,1.0485224723815918
509,120,no_condition,3,42,0.296875,0.4375,0.4318181818181818,1.0,3.0370867252349854,0.6228620409965515
510,120,no_condition,3,42,0.640625,0.671875,0.6041666666666667,1.0,4.165040016174316,0.8461424708366394
511,120,no_condition,3,42,0.296875,0.46875,0.4382290562036055,1.0,3.420720100402832,0.8288810849189758
512,120,no_condition,3,42,0.296875,0.390625,0.425531914893617,1.0,2.608160972595215,0.6268876791000366
513,120,no_condition,3,42,0.4375,0.4921875,0.498202614379085,1.0,4.526662826538086,0.9479668736457825
514,120,no_condition,3,42,0.328125,0.5,0.40384615384615385,1.0,5.919889450073242,1.2043635845184326
515,120,no_condition,3,42,0.28125,0.4375,0.4,1.0,3.1386141777038574,0.6473736763000488
516,120,no_condition,3,42,0.3125,0.390625,0.4154686601495112,1.0,5.223660469055176,1.0371737480163574
517,120,no_condition,3,42,0.359375,0.5859375,0.4086270871985158,1.0,2.880847930908203,0.6411280035972595
518,120,no_condition,3,42,0.328125,0.46875,0.4210950080515298,1.0,3.6109583377838135,0.8886300325393677
519,120,no_condition,3,42,0.484375,0.640625,0.5658602150537635,1.0,4.173605442047119,0.8635650277137756
520,120,no_condition,3,42,0.421875,0.390625,0.6299657534246574,1.0,4.903591156005859,0.898009717464447
521,120,no_condition,3,42,0.46875,0.6953125,0.48958333333333337,1.0,3.704846143722534,0.6762959957122803
522,120,no_condition,3,42,0.3125,0.4375,0.44594594594594594,1.0,6.557045936584473,1.0131033658981323
523,120,no_condition,3,42,0.359375,0.4375,0.4429206819866568,1.0,3.2570276260375977,0.7147249579429626
524,120,no_condition,3,42,0.5390625,0.6875,0.5110842844600527,1.0,6.370290279388428,1.1809602975845337
525,120,no_condition,3,42,0.390625,0.515625,0.45227272727272727,1.0,3.4509525299072266,0.6249322891235352
526,120,no_condition,3,42,0.46875,0.5546875,0.4220985691573927,1.0,3.4399051666259766,0.8068461418151855
527,120,no_condition,3,42,0.40625,0.421875,0.48867753623188404,1.0,3.9834818840026855,0.7211778163909912
528,120,no_condition,3,42,0.5390625,0.53125,0.5213940648723258,1.0,3.285914421081543,0.7438581585884094
529,120,no_condition,3,42,0.3515625,0.46875,0.43461160275319566,1.0,3.1071014404296875,0.6897498369216919
530,120,no_condition,3,42,0.28125,0.390625,0.37898936170212766,1.0,4.512661933898926,0.831424355506897
531,120,no_condition,3,42,0.4140625,0.46875,0.4858490566037736,1.0,4.290221214294434,0.8615293502807617
532,120,no_condition,3,42,0.28125,0.453125,0.3927963698241633,1.0,3.4982872009277344,0.7213656902313232
533,120,no_condition,3,42,0.328125,0.40625,0.4418604651162791,1.0,5.693952560424805,0.9310271739959717
534,120,no_condition,3,42,0.3515625,0.421875,0.4351984696317551,1.0,3.5640296936035156,0.6672701239585876
535,120,no_condition,3,42,0.3125,0.453125,0.4444444444444444,1.0,5.976169586181641,1.2150558233261108
536,120,no_condition,3,42,0.3359375,0.4453125,0.4385451505016722,1.0,3.1509647369384766,0.6264976263046265
537,120,no_condition,3,42,0.484375,0.53125,0.4626865671641791,1.0,5.116121292114258,0.9953807592391968
538,120,no_condition,3,42,0.34375,0.4375,0.4816666666666667,1.0,3.305569887161255,0.6306006908416748
539,120,no_condition,3,42,0.796875,0.515625,0.625,1.0,3.635453224182129,0.7930548787117004
540,120,no_condition,3,42,0.4375,0.484375,0.4878048780487805,1.0,3.0767853260040283,0.6306703686714172
541,120,no_condition,3,42,0.34375,0.4375,0.5365853658536586,1.0,4.033110618591309,0.8632783889770508
542,120,no_condition,3,42,0.2890625,0.453125,0.3746031746031746,1.0,3.0602312088012695,0.6477082967758179
543,120,no_condition,3,42,0.3671875,0.421875,0.46989436619718306,1.0,5.936822891235352,1.3456512689590454
544,120,no_condition,3,42,0.328125,0.390625,0.42,1.0,4.282680034637451,0.6910648345947266
545,120,no_condition,3,42,0.4453125,0.5234375,0.5297510625379478,1.0,3.4832849502563477,0.9272465109825134
546,120,no_condition,3,42,0.3125,0.3828125,0.4142156862745098,1.0,4.856971740722656,0.8947110772132874
547,120,no_condition,3,42,0.3515625,0.3984375,0.4618055555555556,1.0,7.03984260559082,1.0786147117614746
548,120,no_condition,3,42,0.375,0.546875,0.5714285714285714,1.0,5.950009346008301,0.8415236473083496
549,120,no_condition,3,42,0.3125,0.453125,0.39215686274509803,1.0,3.693782329559326,0.6971445083618164
550,120,no_condition,3,42,0.375,0.40625,0.43103448275862066,1.0,4.88523006439209,0.8662538528442383
551,120,no_condition,3,42,0.3671875,0.5625,0.408955223880597,1.0,3.168604850769043,0.6011499166488647
552,120,no_condition,3,42,0.3125,0.40625,0.4,1.0,2.8473973274230957,0.5911036729812622
553,120,no_condition,3,42,0.359375,0.453125,0.47785665990534143,1.0,3.5186028480529785,0.7554410099983215
554,120,no_condition,3,42,0.3515625,0.4453125,0.4287010159651669,1.0,4.8526930809021,1.0001307725906372
555,120,no_condition,3,42,0.328125,0.4375,0.4074074074074074,1.0,5.1803436279296875,0.823201060295105
556,120,no_condition,3,42,0.46875,0.453125,0.4878048780487805,1.0,3.493614435195923,0.6186110973358154
557,120,no_condition,3,42,0.359375,0.46875,0.47887931034482756,1.0,6.0829877853393555,1.2047700881958008
558,120,no_condition,3,42,0.5078125,0.5625,0.5597826086956522,1.0,3.8196358680725098,0.9282240867614746
559,120,no_condition,3,42,0.359375,0.5625,0.5087719298245614,1.0,4.781209945678711,0.9437276124954224
560,120,no_condition,3,42,0.4296875,0.484375,0.45837999253452777,1.0,5.475767612457275,1.1298891305923462
561,120,no_condition,3,42,0.3046875,0.3671875,0.433489827856025,1.0,4.297732353210449,0.8097280263900757
562,120,no_condition,3,42,0.328125,0.484375,0.38,1.0,6.557061195373535,0.987725019454956
563,120,no_condition,3,42,0.34375,0.4375,0.42857142857142855,1.0,2.7206149101257324,0.467850923538208
564,120,no_condition,3,42,0.328125,0.390625,0.4791666666666667,1.0,5.342186450958252,0.9421679973602295
565,120,no_condition,3,42,0.3828125,0.5390625,0.45413793103448274,1.0,4.290059566497803,0.768791139125824
566,120,no_condition,3,42,0.359375,0.453125,0.425531914893617,1.0,3.740535259246826,0.7448858618736267
567,120,no_condition,3,42,0.328125,0.4453125,0.4519104084321476,1.0,3.793592929840088,0.7227646112442017
568,120,no_condition,3,42,0.3515625,0.4921875,0.4511217948717949,1.0,2.924867630004883,0.669369101524353
569,120,no_condition,3,42,0.40625,0.453125,0.5,1.0,5.0432586669921875,1.076840877532959
570,120,no_condition,3,42,0.453125,0.609375,0.4541458778807318,1.0,2.7935752868652344,0.6104865670204163
571,120,no_condition,3,42,0.4140625,0.5,0.4943859649122807,1.0,3.446896553039551,0.7167934775352478
572,120,no_condition,3,42,0.28125,0.3125,0.3695652173913043,1.0,4.784001350402832,1.0856218338012695
573,120,no_condition,3,42,0.375,0.5703125,0.37473684210526315,1.0,5.184225082397461,0.8558281064033508
574,120,no_condition,3,42,0.4609375,0.6015625,0.4701492537313433,1.0,6.612698078155518,0.9892376065254211
575,120,no_condition,3,42,0.3125,0.453125,0.42613636363636365,1.0,7.176054954528809,1.1082744598388672
576,120,no_condition,3,42,0.34375,0.453125,0.43243243243243246,1.0,5.61114501953125,1.0616422891616821
577,120,no_condition,3,42,0.296875,0.4375,0.39652173913043476,1.0,2.8124189376831055,0.5423877835273743
578,120,no_condition,3,42,0.3125,0.40625,0.4029605263157895,1.0,4.007690906524658,0.8995552659034729
579,120,no_condition,3,42,0.359375,0.546875,0.3741816693944353,1.0,4.084609031677246,0.7013219594955444
580,120,no_condition,3,42,0.265625,0.390625,0.37777777777777777,1.0,2.883147716522217,0.5623267292976379
581,120,no_condition,3,42,0.2734375,0.4375,0.37992406264831513,1.0,3.1469855308532715,0.6803122162818909
582,120,no_condition,3,42,0.3671875,0.40625,0.3974149659863946,1.0,3.878091812133789,0.7661727070808411
583,120,no_condition,3,42,0.3359375,0.421875,0.4202800361336947,1.0,6.03901481628418,1.0620895624160767
584,120,no_condition,3,42,0.515625,0.71875,0.46153846153846156,1.0,3.2447152137756348,0.7757641077041626
585,120,no_condition,3,42,0.40625,0.546875,0.4523809523809524,1.0,4.154529571533203,0.7615845203399658
586,120,no_condition,3,42,0.3125,0.5546875,0.35980392156862745,1.0,3.5072579383850098,0.6759382486343384
587,120,no_condition,3,42,0.265625,0.421875,0.40476190476190477,1.0,4.843774795532227,0.7894811630249023
588,120,no_condition,3,42,0.265625,0.3515625,0.3763888888888889,1.0,4.428715229034424,0.749982476234436
589,120,no_condition,3,42,0.3515625,0.421875,0.4646206308610401,1.0,3.3923206329345703,0.6280227899551392
590,120,no_condition,3,42,0.3671875,0.5703125,0.388755980861244,1.0,2.217391014099121,0.48183473944664
591,120,no_condition,3,42,0.2890625,0.40625,0.39881246907471546,1.0,3.662367343902588,0.8495744466781616
592,120,no_condition,3,42,0.34375,0.4375,0.463768115942029,1.0,5.13640022277832,1.0166749954223633
593,120,no_condition,3,42,0.40625,0.4375,0.48148148148148145,1.0,4.812045574188232,0.9895644187927246
594,120,no_condition,3,42,0.3828125,0.4453125,0.43443627450980393,1.0,6.159893035888672,1.039960503578186
595,120,no_condition,3,42,0.5,0.5625,0.375,1.0,3.6206116676330566,0.8368255496025085
596,120,no_condition,3,42,0.484375,0.40625,0.4626865671641791,1.0,4.106756687164307,0.8688638806343079
597,120,no_condition,3,42,0.34375,0.4609375,0.3929869186046512,1.0,4.119405746459961,0.835964024066925
598,120,no_condition,3,42,0.359375,0.453125,0.42857142857142855,1.0,5.183603763580322,1.1632466316223145
599,120,no_condition,3,42,0.328125,0.515625,0.38333333333333336,1.0,2.151789903640747,0.5154536366462708
600,120,no_condition,3,42,0.3125,0.4375,0.42,1.0,4.5942912101745605,0.8289827108383179
601,120,no_condition,3,42,0.28125,0.4140625,0.3673469387755102,1.0,3.4648561477661133,0.7240245342254639
602,120,no_condition,3,42,0.34375,0.53125,0.4117647058823529,1.0,3.449709415435791,0.6513097882270813
603,120,no_condition,3,42,0.4140625,0.515625,0.5011695906432748,1.0,4.268057823181152,0.9435208439826965
604,120,no_condition,3,42,0.375,0.5,0.3993827160493827,1.0,3.951528549194336,0.7525290846824646
605,120,no_condition,3,42,0.359375,0.4375,0.4422222222222222,1.0,3.034292221069336,0.5197195410728455
606,120,no_condition,3,42,0.46875,0.546875,0.5161290322580645,1.0,4.392461776733398,0.7648967504501343
607,120,no_condition,3,42,0.2890625,0.40625,0.43068181818181817,1.0,4.860103607177734,0.9625590443611145
608,120,no_condition,3,42,0.328125,0.421875,0.4,1.0,3.135634183883667,0.6001236438751221
609,120,no_condition,3,42,0.3125,0.5078125,0.4001600640256102,1.0,4.375884056091309,0.8384830951690674
610,120,no_condition,3,42,0.28125,0.390625,0.43902439024390244,1.0,5.462873458862305,0.8870190382003784
611,120,no_condition,3,42,0.375,0.484375,0.47058823529411764,1.0,4.363745212554932,0.846930980682373
612,120,no_condition,3,42,0.34375,0.375,0.4489795918367347,1.0,3.6573495864868164,0.7557620406150818
613,120,no_condition,3,42,0.3125,0.4375,0.4222222222222222,1.0,3.330916404724121,0.8280323147773743
614,120,no_condition,3,42,0.34375,0.453125,0.3829787234042553,1.0,3.018397331237793,0.6438344120979309
615,120,no_condition,3,42,0.25,0.390625,0.4,1.0,5.688243865966797,0.9885159134864807
616,120,no_condition,3,42,0.296875,0.3828125,0.4208776595744681,1.0,2.8345866203308105,0.617436945438385
617,120,no_condition,3,42,0.546875,0.484375,0.5735294117647058,1.0,4.535639762878418,0.9457095861434937
618,120,no_condition,3,42,0.28125,0.359375,0.391304347826087,1.0,5.039531707763672,0.9928979277610779
619,120,no_condition,3,42,0.359375,0.4609375,0.4801920768307323,1.0,4.282802104949951,0.8017831444740295
620,120,no_condition,3,42,0.5625,0.671875,0.42857142857142855,1.0,4.0925188064575195,0.8727767467498779
621,120,no_condition,3,42,0.375,0.453125,0.43902439024390244,1.0,4.11991024017334,0.8233429789543152
622,120,no_condition,3,42,0.3359375,0.4921875,0.4176716141001855,1.0,4.379116058349609,0.7742055058479309
623,120,no_condition,3,42,0.28125,0.40625,0.4,1.0,3.7649309635162354,0.843248188495636
624,120,no_condition,3,42,0.28125,0.46875,0.38461538461538464,1.0,3.2405903339385986,0.6794443726539612
625,120,no_condition,3,42,0.3046875,0.4375,0.4148936170212766,1.0,3.812626361846924,0.8069356679916382
626,120,no_condition,3,42,0.359375,0.453125,0.4186046511627907,1.0,5.881519317626953,1.0356481075286865
627,120,no_condition,3,42,0.3125,0.359375,0.46153846153846156,1.0,3.093329429626465,0.6446691155433655
628,120,no_condition,3,42,0.328125,0.4375,0.42857142857142855,1.0,2.404977560043335,0.5012983679771423
629,120,no_condition,3,42,0.234375,0.3515625,0.3571428571428571,1.0,3.510669469833374,0.6463804841041565
630,120,no_condition,3,42,0.3125,0.4375,0.4166666666666667,1.0,2.8144612312316895,0.5633509755134583
631,120,no_condition,3,42,0.28125,0.359375,0.4,1.0,4.924192428588867,0.8842602968215942
632,120,no_condition,3,42,0.359375,0.421875,0.37777777777777777,1.0,7.286005973815918,1.13992178440094
633,120,no_condition,3,42,0.265625,0.3828125,0.35158277114686043,1.0,4.078555583953857,0.726052463054657
634,120,no_condition,3,42,0.4609375,0.4765625,0.4632505175983437,1.0,5.347987174987793,0.9742891192436218
635,120,no_condition,3,42,0.71875,0.546875,0.5384615384615384,1.0,3.3336939811706543,0.6438267230987549
636,120,no_condition,3,42,0.328125,0.46875,0.45652173913043476,1.0,5.89116907119751,1.037825345993042
637,120,no_condition,3,42,0.2421875,0.3828125,0.38799283154121866,1.0,3.3140478134155273,0.8611739873886108
638,120,no_condition,3,42,0.390625,0.46875,0.6567164179104478,1.0,3.4625942707061768,0.7249572277069092
639,120,no_condition,3,42,0.328125,0.515625,0.3819655521783181,1.0,3.28517484664917,0.6953578591346741
640,120,no_condition,3,42,0.3515625,0.4609375,0.48299319727891155,1.0,2.7276718616485596,0.5030298829078674
641,120,no_condition,3,42,0.3046875,0.3828125,0.39970355731225293,1.0,3.855342388153076,0.747685968875885
642,120,no_condition,3,42,0.3515625,0.3828125,0.41605218377765174,1.0,4.946972370147705,1.0019677877426147
643,120,no_condition,3,42,0.484375,0.75,0.4166666666666667,1.0,1.5792996883392334,0.34563982486724854
644,120,no_condition,3,42,0.453125,0.5234375,0.502561071710008,1.0,2.391406774520874,0.5467365384101868
645,120,no_condition,3,42,0.34375,0.421875,0.45652173913043476,1.0,4.782537460327148,0.955313503742218
646,120,no_condition,3,42,0.28125,0.421875,0.425,1.0,5.226842403411865,1.0945613384246826
647,120,no_condition,3,42,0.4921875,0.4609375,0.45054824561403506,1.0,2.988764762878418,0.6904925107955933
648,120,no_condition,3,42,0.296875,0.5625,0.4375,1.0,7.074663162231445,1.1997318267822266
649,120,no_condition,3,42,0.28125,0.484375,0.35555555555555557,1.0,4.268177509307861,0.7585826516151428
650,120,no_condition,3,42,0.34375,0.609375,0.3986377280073886,1.0,3.63907527923584,0.8054512143135071
651,120,no_condition,3,42,0.5546875,0.6015625,0.46856144807875516,1.0,3.3223018646240234,0.7576287984848022
652,120,no_condition,3,42,0.296875,0.3828125,0.45026595744680853,1.0,4.033072471618652,0.8728696703910828
653,120,no_condition,3,42,0.328125,0.484375,0.40384615384615385,1.0,2.803406238555908,0.6437363624572754
654,120,no_condition,3,42,0.375,0.453125,0.40919305413687435,1.0,2.904803991317749,0.689540445804596
655,120,no_condition,3,42,0.265625,0.34375,0.38636363636363635,1.0,3.635094404220581,0.8089402914047241
656,120,no_condition,3,42,0.3359375,0.578125,0.41901776384535006,1.0,5.594271659851074,0.9419189691543579
657,120,no_condition,3,42,0.2890625,0.3671875,0.45416666666666666,1.0,5.027250289916992,0.9719226360321045
658,120,no_condition,3,42,0.3125,0.34375,0.48936170212765956,1.0,3.6650187969207764,0.801062285900116
659,120,no_condition,3,42,0.2890625,0.3984375,0.38367346938775515,1.0,3.04868745803833,0.5602551698684692
660,120,no_condition,3,42,0.359375,0.375,0.4166666666666667,1.0,6.098583221435547,0.8882445096969604
661,120,no_condition,3,42,0.296875,0.3984375,0.40731707317073174,1.0,3.7166595458984375,0.6627435088157654
662,120,no_condition,3,42,0.3515625,0.5078125,0.47549019607843135,1.0,3.2218542098999023,0.7172215580940247
663,120,no_condition,3,42,0.3125,0.46875,0.3695652173913043,1.0,2.848475933074951,0.6511852741241455
664,120,no_condition,3,42,0.3125,0.421875,0.403968253968254,1.0,3.0537986755371094,0.702806293964386
665,120,no_condition,3,42,0.375,0.3984375,0.46388059701492534,1.0,4.31113862991333,0.7472929358482361
666,120,no_condition,3,42,0.3125,0.375,0.4166666666666667,1.0,3.470568895339966,0.6793132424354553
667,120,no_condition,3,42,0.3203125,0.390625,0.4890817469204928,1.0,3.7714035511016846,0.7173492908477783
668,120,no_condition,3,42,0.3671875,0.3828125,0.4622222222222222,1.0,4.89829683303833,0.986303985118866
669,120,no_condition,3,42,0.34375,0.359375,0.5,1.0,4.0649638175964355,0.8918123841285706
670,120,no_condition,3,42,0.328125,0.421875,0.4375,1.0,3.5692458152770996,0.7152620553970337
671,120,no_condition,3,42,0.3203125,0.515625,0.40731707317073174,1.0,2.983510971069336,0.6461012363433838
672,120,no_condition,3,42,0.328125,0.5,0.43902439024390244,1.0,3.9691901206970215,0.6634212732315063
673,120,no_condition,3,42,0.359375,0.5625,0.37254901960784315,1.0,4.6451849937438965,0.8118491172790527
674,120,no_condition,3,42,0.421875,0.6015625,0.48686835106382975,1.0,3.228659152984619,0.7526845335960388
675,120,no_condition,3,42,0.34375,0.53125,0.4583333333333333,1.0,4.0862531661987305,0.8273816704750061
676,120,no_condition,3,42,0.265625,0.46875,0.3902439024390244,1.0,2.176828145980835,0.4950099587440491
677,120,no_condition,3,42,0.3125,0.46875,0.4001600640256102,1.0,3.525611400604248,0.751289427280426
678,120,no_condition,3,42,0.3515625,0.3984375,0.43538461538461537,1.0,3.91440749168396,0.8655659556388855
679,120,no_condition,3,42,0.4609375,0.421875,0.51346037507562,1.0,4.825654029846191,0.9943932890892029
680,120,no_condition,3,42,0.3359375,0.53125,0.3935185185185185,1.0,2.6789236068725586,0.574528694152832
681,120,no_condition,3,42,0.328125,0.390625,0.375,1.0,3.3755555152893066,0.678646445274353
682,120,no_condition,3,42,0.3828125,0.484375,0.39697802197802196,1.0,4.134243965148926,0.892004668712616
683,120,no_condition,3,42,0.34375,0.5,0.45846273291925466,1.0,4.3988542556762695,0.6665563583374023
684,120,no_condition,3,42,0.375,0.34375,0.49019607843137253,1.0,6.0194993019104,0.8372577428817749
685,120,no_condition,3,42,0.296875,0.421875,0.35714285714285715,1.0,4.414182186126709,0.9026546478271484
686,120,no_condition,3,42,0.296875,0.484375,0.36538461538461536,1.0,2.5118062496185303,0.46126341819763184
687,120,no_condition,3,42,0.375,0.546875,0.4528301886792453,1.0,5.407615661621094,0.9309208989143372
688,120,no_condition,3,42,0.3046875,0.4375,0.4057750759878419,1.0,4.0850324630737305,0.8838073015213013
689,120,no_condition,3,42,0.3125,0.4375,0.4024390243902439,1.0,3.4254989624023438,0.6641237139701843
690,120,no_condition,3,42,0.28125,0.4296875,0.39682539682539686,1.0,4.425841331481934,1.0362616777420044
691,120,no_condition,3,42,0.28125,0.4140625,0.37289972899728996,1.0,5.436487674713135,1.0266451835632324
692,120,no_condition,3,42,0.328125,0.4453125,0.4162087912087912,1.0,3.4308066368103027,0.5956918597221375
693,120,no_condition,3,42,0.328125,0.46875,0.40816326530612246,1.0,2.956402063369751,0.6615660786628723
694,120,no_condition,3,42,0.359375,0.46875,0.46938775510204084,1.0,3.7915539741516113,0.7358294129371643
695,120,no_condition,3,42,0.40625,0.453125,0.48148148148148145,1.0,4.005231857299805,0.7355202436447144
696,120,no_condition,3,42,0.28125,0.375,0.4145299145299145,1.0,3.383798599243164,0.6615121960639954
697,120,no_condition,3,42,0.25,0.375,0.37209302325581395,1.0,3.5957155227661133,0.6717812418937683
698,120,no_condition,3,42,0.4375,0.53125,0.5121951219512195,1.0,2.8593673706054688,0.6013789176940918
699,120,no_condition,3,42,0.296875,0.4140625,0.3678646934460888,1.0,5.166776657104492,0.9727323055267334
700,120,no_condition,3,42,0.3125,0.4140625,0.46296296296296297,1.0,5.295131683349609,0.9222519397735596
701,120,no_condition,3,42,0.296875,0.40625,0.425531914893617,1.0,4.926872730255127,0.8870159387588501
702,120,no_condition,3,42,0.328125,0.453125,0.4431818181818182,1.0,3.4360270500183105,0.8153451681137085
703,120,no_condition,3,42,0.421875,0.484375,0.4888888888888889,1.0,4.756051063537598,1.015453815460205
704,120,no_condition,3,42,0.4375,0.453125,0.4827586206896552,1.0,3.1729202270507812,0.6801440119743347
705,120,no_condition,3,42,0.34375,0.5,0.4074074074074074,1.0,5.457404136657715,0.9886386394500732
706,120,no_condition,3,42,0.28125,0.296875,0.4473684210526316,1.0,5.430360794067383,0.9529341459274292
707,120,no_condition,3,42,0.375,0.453125,0.4528301886792453,1.0,4.293749809265137,0.8254947066307068
708,120,no_condition,3,42,0.28125,0.4375,0.42735042735042733,1.0,2.3227086067199707,0.5127808451652527
709,120,no_condition,3,42,0.296875,0.359375,0.36538461538461536,1.0,6.125453948974609,1.0035820007324219
710,120,no_condition,3,42,0.25,0.46875,0.3488372093023256,1.0,3.30269718170166,0.5691165328025818
711,120,no_condition,3,42,0.328125,0.3671875,0.43648373983739835,1.0,3.7747671604156494,0.8674431443214417
712,120,no_condition,3,42,0.3046875,0.4375,0.4361306324927656,1.0,4.469396591186523,0.9452835321426392
713,120,no_condition,3,42,0.3359375,0.4140625,0.4984917043740573,1.0,3.864959716796875,0.7384033799171448
714,120,no_condition,3,42,0.359375,0.421875,0.45098039215686275,1.0,3.384274482727051,0.6236793398857117
715,120,no_condition,3,42,0.421875,0.4375,0.5094339622641509,1.0,4.996535301208496,0.8315799832344055
716,120,no_condition,3,42,0.3359375,0.3828125,0.4296774193548387,1.0,3.53074049949646,0.7257805466651917
717,120,no_condition,3,42,0.296875,0.3671875,0.4198966408268734,1.0,4.329532623291016,0.8622191548347473
718,120,no_condition,3,42,0.4375,0.65625,0.3888888888888889,1.0,4.950623989105225,0.9456833004951477
719,120,no_condition,3,42,0.375,0.5625,0.4033898305084746,1.0,3.0512752532958984,0.6045336723327637
720,120,no_condition,3,42,0.375,0.578125,0.3534412955465587,1.0,3.2909183502197266,0.7786094546318054
721,120,no_condition,3,42,0.375,0.546875,0.4230769230769231,1.0,5.610020637512207,0.8687927722930908
722,120,no_condition,3,42,0.34375,0.53125,0.4222222222222222,1.0,3.58841872215271,0.7161938548088074
723,120,no_condition,3,42,0.40625,0.65625,0.4891304347826087,1.0,3.2782020568847656,0.7558073997497559
724,120,no_condition,3,42,0.34375,0.4375,0.4230769230769231,1.0,3.0448031425476074,0.5902791023254395
725,120,no_condition,3,42,0.359375,0.546875,0.4423076923076923,1.0,3.4889888763427734,0.8045555353164673
726,120,no_condition,3,42,0.453125,0.59375,0.5059681697612732,1.0,3.4300098419189453,0.7583770155906677
727,120,no_condition,3,42,0.3125,0.390625,0.41025641025641024,1.0,3.1486434936523438,0.7207178473472595
728,120,no_condition,3,42,0.3359375,0.4609375,0.43773028739867353,1.0,3.3872127532958984,0.6266095042228699
729,120,no_condition,3,42,0.359375,0.4296875,0.4259153318077803,1.0,4.613015174865723,0.9144960641860962
730,120,no_condition,3,42,0.3125,0.359375,0.4444444444444444,1.0,5.38244104385376,0.9809566736221313
731,120,no_condition,3,42,0.5,0.4375,0.5185185185185185,1.0,4.876743316650391,0.8589163422584534
732,120,no_condition,3,42,0.390625,0.5625,0.4146341463414634,1.0,3.776566743850708,0.7055865526199341
733,120,no_condition,3,42,0.3125,0.40625,0.39215686274509803,1.0,4.238541603088379,0.8338202834129333
734,120,no_condition,3,42,0.421875,0.453125,0.5333333333333333,1.0,4.146490097045898,0.9376888871192932
735,120,no_condition,3,42,0.375,0.515625,0.5283018867924528,1.0,4.804407119750977,0.8918485641479492
736,120,no_condition,3,42,0.25,0.453125,0.37209302325581395,1.0,3.5483665466308594,0.644324541091919
737,120,no_condition,3,42,0.3125,0.390625,0.4,1.0,3.6418492794036865,0.7951139807701111
738,120,no_condition,3,42,0.40625,0.4375,0.47619047619047616,1.0,3.1382644176483154,0.5379592180252075
739,120,no_condition,3,42,0.328125,0.40625,0.5205479452054794,1.0,4.763381004333496,0.7937227487564087
740,120,no_condition,3,42,0.3671875,0.53125,0.3998397435897436,1.0,3.736999034881592,0.6530881524085999
741,120,no_condition,3,42,0.296875,0.46875,0.3158119658119658,1.0,2.776289939880371,0.5600061416625977
742,120,no_condition,3,42,0.4296875,0.5234375,0.5401515151515152,1.0,3.573056697845459,0.7053562998771667
743,120,no_condition,3,42,0.40625,0.4609375,0.49013539651837523,1.0,4.128211498260498,0.8658285737037659
744,120,no_condition,3,42,0.7578125,0.7109375,0.645302192904261,1.0,3.5331993103027344,0.7262777090072632
745,120,no_condition,3,42,0.3515625,0.5078125,0.4494949494949495,1.0,3.1114649772644043,0.5665413737297058
746,120,no_condition,3,42,0.375,0.5390625,0.4246031746031746,1.0,3.590907573699951,0.6861408352851868
747,120,no_condition,3,42,0.328125,0.40625,0.4,1.0,2.614715576171875,0.5639727711677551
748,120,no_condition,3,42,0.390625,0.4140625,0.48934356351236147,1.0,4.429551124572754,0.9738165736198425
749,120,no_condition,3,42,0.359375,0.46875,0.5102040816326531,1.0,2.92513370513916,0.7146381735801697
750,120,no_condition,3,42,0.28125,0.40625,0.4375,1.0,5.500383377075195,0.8341902494430542
751,120,no_condition,3,42,0.375,0.390625,0.4426229508196721,1.0,3.2533388137817383,0.7107868790626526
752,120,no_condition,3,42,0.3828125,0.515625,0.42428571428571427,1.0,4.0388078689575195,0.8111631870269775
753,120,no_condition,3,42,0.421875,0.546875,0.47965658827920865,1.0,4.958240032196045,1.079663634300232
754,120,no_condition,3,42,0.28125,0.421875,0.3958333333333333,1.0,4.35847806930542,0.9325504302978516
755,120,no_condition,3,42,0.375,0.484375,0.42,1.0,3.802187442779541,0.8341163396835327
756,120,no_condition,3,42,0.296875,0.390625,0.40816326530612246,1.0,3.2322044372558594,0.6296226978302002
757,120,no_condition,3,42,0.375,0.453125,0.4807692307692308,1.0,5.565295696258545,0.9351365566253662
758,120,no_condition,3,42,0.296875,0.390625,0.41025641025641024,1.0,3.55165958404541,0.6598581075668335
759,120,no_condition,3,42,0.265625,0.40625,0.38636363636363635,1.0,3.9377479553222656,0.7834191918373108
760,120,no_condition,3,42,0.25,0.46875,0.32894736842105265,1.0,1.9435935020446777,0.46058201789855957
761,120,no_condition,3,42,0.34375,0.40625,0.4714285714285714,1.0,3.9858829975128174,0.8923776149749756
762,120,no_condition,3,42,0.328125,0.3984375,0.4528455284552846,1.0,4.408547401428223,1.0265655517578125
763,120,no_condition,3,42,0.328125,0.4609375,0.4148936170212766,1.0,4.829145908355713,1.1471067667007446
764,120,no_condition,3,42,0.34375,0.453125,0.41965811965811967,1.0,4.14691162109375,0.7420495748519897
765,120,no_condition,3,42,0.3125,0.46875,0.38961038961038963,1.0,2.7399377822875977,0.5790235996246338
766,120,no_condition,3,42,0.3125,0.4375,0.4117647058823529,1.0,3.938159942626953,0.7734391689300537
767,120,no_condition,3,42,0.5,0.75,0.5079365079365079,1.0,3.302356004714966,0.665058434009552
768,120,no_condition,3,42,0.328125,0.453125,0.4444444444444444,1.0,2.458818197250366,0.5669891238212585
769,120,no_condition,3,42,0.3671875,0.4296875,0.4580712788259958,1.0,5.625249862670898,0.9640797972679138
770,120,no_condition,3,42,0.390625,0.5625,0.45098039215686275,1.0,3.5161023139953613,0.6668356657028198
771,120,no_condition,3,42,0.390625,0.546875,0.45454545454545453,1.0,3.73992657661438,0.6434769034385681
772,120,no_condition,3,42,0.328125,0.5625,0.4406779661016949,1.0,4.625997066497803,0.8786885738372803
773,120,no_condition,3,42,0.484375,0.5625,0.5,1.0,4.631888389587402,0.8306193947792053
774,120,no_condition,3,42,0.3125,0.40625,0.3963893249607535,1.0,5.554227828979492,1.1191898584365845
775,120,no_condition,3,42,0.34375,0.53125,0.3728813559322034,1.0,2.9604039192199707,0.581279456615448
776,120,no_condition,3,42,0.3046875,0.484375,0.41276595744680855,1.0,4.597442626953125,0.8570354580879211
777,120,no_condition,3,42,0.375,0.453125,0.47058823529411764,1.0,4.360455513000488,0.8902466893196106
778,120,no_condition,3,42,0.453125,0.4765625,0.42421383647798744,1.0,2.6587228775024414,0.5165386199951172
779,120,no_condition,3,42,0.265625,0.390625,0.41304347826086957,1.0,4.523160934448242,0.9542252421379089
780,120,no_condition,3,42,0.359375,0.5,0.42592592592592593,1.0,2.487654685974121,0.5662497282028198
781,120,no_condition,3,42,0.375,0.5,0.4782608695652174,1.0,3.0098581314086914,0.6291515827178955
782,120,no_condition,3,42,0.296875,0.4296875,0.3529050736497545,1.0,3.0658814907073975,0.637672483921051
783,120,no_condition,3,42,0.3203125,0.3125,0.4154849688031764,1.0,3.263084888458252,0.5656436681747437
784,120,no_condition,3,42,0.3125,0.40625,0.4716981132075472,1.0,4.38271951675415,0.8472079038619995
785,120,no_condition,3,42,0.328125,0.515625,0.4090909090909091,1.0,4.002547264099121,0.8181753158569336
786,120,no_condition,3,42,0.2890625,0.40625,0.4017560512577124,1.0,4.4143266677856445,0.8497948050498962
787,120,no_condition,3,42,0.34375,0.5625,0.39215686274509803,1.0,3.9384825229644775,0.723315954208374
788,120,no_condition,3,42,0.359375,0.4375,0.46153846153846156,1.0,6.178995609283447,0.8129737377166748
789,120,no_condition,3,42,0.296875,0.375,0.42857142857142855,1.0,4.838515281677246,0.9748146533966064
790,120,no_condition,3,42,0.28125,0.46875,0.3902439024390244,1.0,2.5762875080108643,0.5014265179634094
791,120,no_condition,3,42,0.359375,0.390625,0.4791666666666667,1.0,3.92376708984375,0.7542095184326172
792,120,no_condition,3,42,0.3125,0.453125,0.3492943548387097,1.0,3.1763863563537598,0.6268188953399658
793,120,no_condition,3,42,0.34375,0.453125,0.38202247191011235,1.0,4.035910606384277,0.8296794295310974
794,120,no_condition,3,42,0.390625,0.484375,0.4962657232704403,1.0,5.851114273071289,0.8784208297729492
795,120,no_condition,3,42,0.4375,0.6875,0.41304347826086957,1.0,3.365814685821533,0.7183020710945129
796,120,no_condition,3,42,0.265625,0.375,0.4396825396825397,1.0,5.035569190979004,1.0240886211395264
797,120,no_condition,3,42,0.2734375,0.359375,0.4,1.0,5.827187538146973,1.0023337602615356
798,120,no_condition,3,42,0.3671875,0.4453125,0.43399419729206967,1.0,4.547961235046387,0.8548359870910645
799,120,no_condition,3,42,0.34375,0.421875,0.3829787234042553,1.0,4.3706583976745605,0.8138446807861328
800,120,no_condition,3,42,0.5859375,0.5859375,0.5947245700961818,1.0,3.953840732574463,0.7849666476249695
801,120,no_condition,3,42,0.296875,0.421875,0.41025641025641024,1.0,4.631747245788574,0.6884729266166687
802,120,no_condition,3,42,0.328125,0.46875,0.3819655521783181,1.0,3.176424026489258,0.6544332504272461
803,120,no_condition,3,42,0.359375,0.4296875,0.435717419921018,1.0,4.213804244995117,0.7324143648147583
804,120,no_condition,3,42,0.328125,0.40625,0.42926356589147285,1.0,4.755423069000244,0.8437289595603943
805,120,no_condition,3,42,0.5078125,0.4609375,0.4783950617283951,1.0,3.7043161392211914,0.7512461543083191
806,120,no_condition,3,42,0.34375,0.421875,0.4107142857142857,1.0,3.144634246826172,0.6312329173088074
807,120,no_condition,3,42,0.46875,0.59375,0.4230769230769231,1.0,4.511994361877441,0.9813989400863647
808,120,no_condition,3,42,0.34375,0.375,0.41304347826086957,1.0,4.493047714233398,0.7430353760719299
809,120,no_condition,3,42,0.3203125,0.4140625,0.4208407871198569,1.0,5.247465133666992,0.8641058802604675
810,120,no_condition,3,42,0.3515625,0.5078125,0.43890103881902676,1.0,4.246451377868652,0.7136995792388916
811,120,no_condition,3,42,0.359375,0.515625,0.45901639344262296,1.0,5.760970115661621,1.1093111038208008
812,120,no_condition,3,42,0.546875,0.5625,0.5508658008658008,1.0,3.5768284797668457,0.7031017541885376
813,120,no_condition,3,42,0.3046875,0.421875,0.43171296296296297,1.0,2.9725189208984375,0.6467485427856445
814,120,no_condition,3,42,0.328125,0.546875,0.3620689655172414,1.0,3.7942404747009277,0.7623903155326843
815,120,no_condition,3,42,0.28125,0.4375,0.3902439024390244,1.0,3.872354507446289,0.8453868627548218
816,120,no_condition,3,42,0.265625,0.390625,0.38095238095238093,1.0,3.9922966957092285,0.8905432820320129
817,120,no_condition,3,42,0.28125,0.390625,0.41443053070960045,1.0,4.959317207336426,0.9331263303756714
818,120,no_condition,3,42,0.3203125,0.4609375,0.40454545454545454,1.0,2.5887932777404785,0.5565021634101868
819,120,no_condition,3,42,0.265625,0.375,0.38636363636363635,1.0,4.722907066345215,0.7935534119606018
820,120,no_condition,3,42,0.328125,0.4296875,0.41366627951993806,1.0,5.182470798492432,0.9517336487770081
821,120,no_condition,3,42,0.40625,0.421875,0.49056603773584906,1.0,4.043502330780029,0.960003674030304
822,120,no_condition,3,42,0.28125,0.328125,0.4583333333333333,1.0,4.598603248596191,0.9016855359077454
823,120,no_condition,3,42,0.3671875,0.4453125,0.36456628477905073,1.0,2.932802677154541,0.6552959084510803
824,120,no_condition,3,42,0.296875,0.40625,0.4176356589147287,1.0,6.242650032043457,1.0181365013122559
825,120,no_condition,3,42,0.34375,0.5,0.5294117647058824,1.0,4.92360782623291,0.9146866798400879
826,120,no_condition,3,42,0.296875,0.4140625,0.418036750483559,1.0,6.545392036437988,1.0650300979614258
827,120,no_condition,3,42,0.421875,0.5625,0.48214285714285715,1.0,2.6036620140075684,0.4508584439754486
828,120,no_condition,3,42,0.296875,0.421875,0.35185185185185186,1.0,3.6882967948913574,0.7479451298713684
829,120,no_condition,3,42,0.3125,0.453125,0.4166666666666667,1.0,4.115444183349609,0.8253918886184692
830,120,no_condition,3,42,0.3359375,0.4765625,0.4597222222222222,1.0,2.9037299156188965,0.5088880658149719
831,120,no_condition,3,42,0.3359375,0.453125,0.42803030303030304,1.0,3.5175275802612305,0.7522865533828735
832,120,no_condition,3,42,0.328125,0.453125,0.4819277108433735,1.0,4.6740827560424805,0.8315290808677673
833,120,no_condition,3,42,0.40625,0.546875,0.42424242424242425,1.0,4.2188310623168945,0.9398759603500366
834,120,no_condition,3,42,0.34375,0.5625,0.4517625231910946,1.0,4.156268119812012,0.8065685033798218
835,120,no_condition,3,42,0.359375,0.5,0.4396929824561403,1.0,3.655083179473877,0.6820062398910522
836,120,no_condition,3,42,0.3828125,0.4296875,0.4852642276422764,1.0,3.3726420402526855,0.6801986694335938
837,120,no_condition,3,42,0.359375,0.359375,0.4461538461538462,1.0,3.303091049194336,0.7779135704040527
838,120,no_condition,3,42,0.375,0.421875,0.4444444444444444,1.0,3.6010494232177734,0.709605872631073
839,120,no_condition,3,42,0.34375,0.40625,0.5263157894736842,1.0,3.58130145072937,0.6740812063217163
840,120,no_condition,3,42,0.328125,0.453125,0.4097222222222222,1.0,4.26259708404541,0.8373895287513733
841,120,no_condition,3,42,0.328125,0.40625,0.45652173913043476,1.0,3.889188766479492,0.6639429926872253
842,120,no_condition,3,42,0.46875,0.46875,0.4993978321959053,1.0,4.383584976196289,0.8615381717681885
843,120,no_condition,3,42,0.3359375,0.3984375,0.46813186813186813,1.0,3.5108537673950195,0.9331931471824646
844,120,no_condition,3,42,0.390625,0.515625,0.46296296296296297,1.0,3.4715917110443115,0.7536137104034424
845,120,no_condition,3,42,0.3125,0.453125,0.3920454545454546,1.0,3.692290782928467,0.7198743224143982
846,120,no_condition,3,42,0.3203125,0.4375,0.37721518987341773,1.0,5.13843297958374,0.8618808388710022
847,120,no_condition,3,42,0.390625,0.5,0.498999599839936,1.0,2.6329872608184814,0.5636011958122253
848,120,no_condition,3,42,0.4375,0.5546875,0.47073863636363633,1.0,4.032076835632324,0.7988775968551636
849,120,no_condition,3,42,0.28125,0.40625,0.4166666666666667,1.0,2.314074993133545,0.42483365535736084
850,120,no_condition,3,42,0.40625,0.515625,0.4716981132075472,1.0,3.0129759311676025,0.7152402997016907
851,120,no_condition,3,42,0.4375,0.453125,0.49272486772486773,1.0,5.183413505554199,1.0013577938079834
852,120,no_condition,3,42,0.375,0.515625,0.4471938775510204,1.0,5.061511516571045,0.8656509518623352
853,120,no_condition,3,42,0.390625,0.46875,0.4117647058823529,1.0,3.8914942741394043,0.8067470192909241
854,120,no_condition,3,42,0.3828125,0.5078125,0.4391304347826087,1.0,3.7633001804351807,0.7897849678993225
855,120,no_condition,3,42,0.3046875,0.4375,0.3645104895104895,1.0,3.9886703491210938,0.7867741584777832
856,120,no_condition,3,42,0.28125,0.421875,0.376940133037694,1.0,5.408816337585449,0.7919228076934814
857,120,no_condition,3,42,0.3515625,0.46875,0.4119308740445331,1.0,5.3767852783203125,0.9797240495681763
858,120,no_condition,3,42,0.3359375,0.4921875,0.40454545454545454,1.0,3.7710633277893066,0.898610532283783
859,120,no_condition,3,42,0.3125,0.484375,0.43103448275862066,1.0,2.793740749359131,0.7100315690040588
860,120,no_condition,3,42,0.578125,0.5,0.5692307692307692,1.0,3.0987157821655273,0.6889573335647583
861,120,no_condition,3,42,0.5,0.5390625,0.585,1.0,4.2087507247924805,0.8520001173019409
862,120,no_condition,3,42,0.53125,0.5546875,0.43489583333333337,1.0,3.6568145751953125,0.8669881224632263
863,120,no_condition,3,42,0.390625,0.546875,0.43636363636363634,1.0,2.692707061767578,0.5939937829971313
864,120,no_condition,3,42,0.328125,0.484375,0.475,1.0,2.0352625846862793,0.42628517746925354
865,120,no_condition,3,42,0.296875,0.40625,0.42857142857142855,1.0,4.289056301116943,0.8163959383964539
866,120,no_condition,3,42,0.3125,0.4140625,0.39737274220032837,1.0,5.438427925109863,1.0365720987319946
867,120,no_condition,3,42,0.328125,0.4375,0.42,1.0,5.180456638336182,0.8913246393203735
868,120,no_condition,3,42,0.375,0.46875,0.40594059405940597,1.0,5.274477005004883,1.1859917640686035
869,120,no_condition,3,42,0.375,0.359375,0.5,1.0,6.341850280761719,0.8715745806694031
870,120,no_condition,3,42,0.3125,0.40625,0.45,1.0,4.205847263336182,0.8002488613128662
871,120,no_condition,3,42,0.390625,0.484375,0.4305555555555556,1.0,3.7868099212646484,0.716426432132721
872,120,no_condition,3,42,0.390625,0.453125,0.5,1.0,4.704710483551025,0.9631815552711487
873,120,no_condition,3,42,0.3828125,0.4140625,0.4764254385964912,1.0,5.2265191078186035,1.0528753995895386
874,120,no_condition,3,42,0.3984375,0.4609375,0.441400304414003,1.0,4.679248809814453,0.8521339297294617
875,120,no_condition,3,42,0.28125,0.5,0.40476190476190477,1.0,3.5454816818237305,0.8045090436935425
876,120,no_condition,3,42,0.3515625,0.4921875,0.45,1.0,4.382444858551025,0.8295350074768066
877,120,no_condition,3,42,0.453125,0.5546875,0.45585585585585586,1.0,4.1045026779174805,0.7101550698280334
878,120,no_condition,3,42,0.34375,0.546875,0.39285714285714285,1.0,3.592867612838745,0.9082910418510437
879,120,no_condition,3,42,0.25,0.421875,0.36363636363636365,1.0,3.395087718963623,0.6717409491539001
880,120,no_condition,3,42,0.375,0.3984375,0.5104211897524967,1.0,4.00874662399292,0.7135350108146667
881,120,no_condition,3,42,0.4140625,0.5078125,0.5,1.0,4.357768535614014,0.9008010029792786
882,120,no_condition,3,42,0.28125,0.40625,0.39215686274509803,1.0,2.7354397773742676,0.5826514363288879
883,120,no_condition,3,42,0.421875,0.5,0.4268292682926829,1.0,3.0971155166625977,0.6691828966140747
884,120,no_condition,3,42,0.34375,0.4296875,0.4642020742723319,1.0,3.6907405853271484,0.8790351152420044
885,120,no_condition,3,42,0.421875,0.515625,0.4909090909090909,1.0,6.851370811462402,1.3342366218566895
886,120,no_condition,3,42,0.328125,0.46875,0.39622641509433965,1.0,4.590549468994141,0.8254972100257874
887,120,no_condition,3,42,0.421875,0.421875,0.4489795918367347,1.0,3.508629560470581,0.873509407043457
888,120,no_condition,3,42,0.25,0.4375,0.428743961352657,1.0,4.771492958068848,0.772316575050354
889,120,no_condition,3,42,0.296875,0.453125,0.41304347826086957,1.0,4.201189041137695,0.7865869402885437
890,120,no_condition,3,42,0.296875,0.46875,0.4318181818181818,1.0,4.084996223449707,0.8498075604438782
891,120,no_condition,3,42,0.5234375,0.59375,0.5403061224489796,1.0,4.898202896118164,1.0602046251296997
892,120,no_condition,3,42,0.359375,0.390625,0.4222222222222222,1.0,3.1680331230163574,0.7458882331848145
893,120,no_condition,3,42,0.3515625,0.3984375,0.4499799919967987,1.0,5.730979919433594,1.1753731966018677
894,120,no_condition,3,42,0.375,0.390625,0.4523809523809524,1.0,4.093527793884277,0.7302395701408386
895,120,no_condition,3,42,0.3203125,0.4921875,0.42748588797221015,1.0,3.8047285079956055,0.7821857929229736
896,120,no_condition,3,42,0.4140625,0.671875,0.36726677577741407,1.0,3.372119426727295,0.6876500248908997
897,120,no_condition,3,42,0.296875,0.421875,0.40425531914893614,1.0,3.966850757598877,0.77036052942276
898,120,no_condition,3,42,0.28125,0.390625,0.47368421052631576,1.0,2.589054584503174,0.5037424564361572
899,120,no_condition,3,42,0.3828125,0.4609375,0.475,1.0,4.137514114379883,0.8135535717010498
900,120,no_condition,3,42,0.296875,0.46875,0.4616013071895425,1.0,6.481280326843262,1.0677762031555176
901,120,no_condition,3,42,0.40625,0.515625,0.52,1.0,2.695512056350708,0.5796257853507996
902,120,no_condition,3,42,0.34375,0.515625,0.40425531914893614,1.0,4.8140869140625,1.0533885955810547
903,120,no_condition,3,42,0.359375,0.484375,0.42592592592592593,1.0,4.989110946655273,1.0814509391784668
904,120,no_condition,3,42,0.3984375,0.4453125,0.43684025334271637,1.0,3.7903881072998047,0.7098719477653503
905,120,no_condition,3,42,0.3203125,0.421875,0.45072463768115945,1.0,4.110344409942627,0.7120389938354492
906,120,no_condition,3,42,0.2734375,0.390625,0.3909905425584868,1.0,4.28154182434082,0.8372846245765686
907,120,no_condition,3,42,0.296875,0.3671875,0.43379446640316205,1.0,3.3830480575561523,0.7671859860420227
908,120,no_condition,3,42,0.4375,0.828125,0.43,1.0,2.8278794288635254,0.6653996109962463
909,120,no_condition,3,42,0.296875,0.4375,0.3953488372093023,1.0,5.149857044219971,1.0246362686157227
910,120,no_condition,3,42,0.265625,0.3984375,0.40568181818181814,1.0,3.7888994216918945,0.8025404810905457
911,120,no_condition,3,42,0.328125,0.484375,0.4318181818181818,1.0,4.657092094421387,0.8386178016662598
912,120,no_condition,3,42,0.28125,0.4375,0.4,1.0,2.8384130001068115,0.605742871761322
913,120,no_condition,3,42,0.328125,0.484375,0.40384615384615385,1.0,4.374543190002441,0.8189899325370789
914,120,no_condition,3,42,0.3671875,0.4453125,0.4342253521126761,1.0,5.791674613952637,1.2074072360992432
915,120,no_condition,3,42,0.5234375,0.6328125,0.5557142857142857,1.0,4.502312183380127,0.9346387386322021
916,120,no_condition,3,42,0.265625,0.390625,0.40476190476190477,1.0,3.7150745391845703,0.7051694393157959
917,120,no_condition,3,42,0.375,0.4375,0.4627783316716517,1.0,5.105478286743164,0.9604353308677673
918,120,no_condition,3,42,0.4375,0.546875,0.5384615384615384,1.0,3.908320426940918,0.8096650838851929
919,120,no_condition,3,42,0.375,0.515625,0.43636363636363634,1.0,2.4320621490478516,0.5779550671577454
920,120,no_condition,3,42,0.3515625,0.4296875,0.446078431372549,1.0,4.430991172790527,0.775967538356781
921,120,no_condition,3,42,0.359375,0.578125,0.5084745762711864,1.0,4.3942742347717285,0.7914896607398987
922,120,no_condition,3,42,0.375,0.484375,0.47058823529411764,1.0,5.992166519165039,1.1047923564910889
923,120,no_condition,3,42,0.3125,0.4921875,0.36251709986320113,1.0,3.9811291694641113,0.8041397929191589
924,120,no_condition,3,42,0.40625,0.453125,0.4375,1.0,4.551418304443359,0.715065062046051
925,120,no_condition,3,42,0.4296875,0.609375,0.4453580901856764,1.0,2.818678140640259,0.6707162261009216
926,120,no_condition,3,42,0.28125,0.4375,0.3611111111111111,1.0,5.394927024841309,0.9238914847373962
927,120,no_condition,3,42,0.390625,0.5,0.503903708523097,1.0,4.106162071228027,0.9379141926765442
928,120,no_condition,3,42,0.46875,0.578125,0.4166666666666667,1.0,4.071549415588379,0.9042497277259827
929,120,no_condition,3,42,0.3125,0.46875,0.36231884057971014,1.0,3.489635705947876,0.7752386927604675
930,120,no_condition,3,42,0.515625,0.6171875,0.48486522315510383,1.0,4.005134582519531,0.7580244541168213
931,120,no_condition,3,42,0.3515625,0.53125,0.44976359338061467,1.0,3.4886536598205566,0.8765620589256287
932,120,no_condition,3,42,0.3125,0.484375,0.3968253968253968,1.0,3.9459662437438965,0.847836434841156
933,120,no_condition,3,42,0.296875,0.4140625,0.4138477801268499,1.0,3.0511155128479004,0.6938847899436951
934,120,no_condition,3,42,0.2265625,0.3984375,0.3570062171209948,1.0,3.66493558883667,0.806301474571228
935,120,no_condition,3,42,0.390625,0.515625,0.5135135135135135,1.0,4.821508407592773,0.8906264901161194
936,120,no_condition,3,42,0.3828125,0.3671875,0.4752331002331003,1.0,5.189897537231445,1.1619621515274048
937,120,no_condition,3,42,0.375,0.421875,0.5111111111111111,1.0,5.722486972808838,1.136853814125061
938,120,no_condition,3,42,0.359375,0.4140625,0.4382513661202186,1.0,4.222295761108398,0.8622688055038452
939,120,no_condition,3,42,0.3359375,0.5,0.4537337662337662,1.0,3.408740997314453,0.5840527415275574
940,120,no_condition,3,42,0.375,0.484375,0.4,1.0,3.651688575744629,0.6513385772705078
941,120,no_condition,3,42,0.375,0.40625,0.5102725366876311,1.0,5.606340408325195,1.1422697305679321
942,120,no_condition,3,42,0.3515625,0.3984375,0.464193046185781,1.0,5.20667839050293,1.0766562223434448
943,120,no_condition,3,42,0.34375,0.4140625,0.44040404040404035,1.0,3.5013322830200195,0.7526856064796448
944,120,no_condition,3,42,0.375,0.46875,0.417910447761194,1.0,3.6188087463378906,0.7385433316230774
945,120,no_condition,3,42,0.359375,0.40625,0.46938775510204084,1.0,3.4227094650268555,0.7376713156700134
946,120,no_condition,3,42,0.265625,0.34375,0.37936507936507935,1.0,3.9158883094787598,0.8698399662971497
947,120,no_condition,3,42,0.3515625,0.4296875,0.4077777777777778,1.0,5.555567741394043,1.0948171615600586
948,120,no_condition,3,42,0.28125,0.328125,0.43478260869565216,1.0,3.9314918518066406,0.8011637330055237
949,120,no_condition,3,42,0.25,0.453125,0.35555555555555557,1.0,3.1966137886047363,0.5548480153083801
950,120,no_condition,3,42,0.2890625,0.6015625,0.3678839957035446,1.0,2.0120229721069336,0.4223657250404358
951,120,no_condition,3,42,0.296875,0.375,0.37209302325581395,1.0,3.1727135181427,0.5509404540061951
952,120,no_condition,3,42,0.28125,0.4140625,0.3711734693877551,1.0,3.678495407104492,0.6628386974334717
953,120,no_condition,3,42,0.28125,0.4140625,0.34123287671232877,1.0,3.5966076850891113,0.7785390615463257
954,120,no_condition,3,42,0.375,0.40625,0.4771618625277162,1.0,5.893986701965332,1.0542714595794678
955,120,no_condition,3,42,0.296875,0.4375,0.35714285714285715,1.0,3.2120604515075684,0.6432417035102844
956,120,no_condition,3,42,0.390625,0.46875,0.3918918918918919,1.0,5.617358207702637,0.946945309638977
957,120,no_condition,3,42,0.328125,0.421875,0.4444444444444444,1.0,2.4436168670654297,0.5147927403450012
958,120,no_condition,3,42,0.375,0.53125,0.4375,1.0,5.110851287841797,0.9702448844909668
959,120,no_condition,3,42,0.3125,0.375,0.4444444444444444,1.0,3.036346673965454,0.6120952367782593
960,120,no_condition,3,42,0.3359375,0.4140625,0.3958006279434851,1.0,2.6114859580993652,0.5459282398223877
961,120,no_condition,3,42,0.328125,0.5,0.3442622950819672,1.0,2.139530897140503,0.5182368755340576
962,120,no_condition,3,42,0.359375,0.4453125,0.45276292335115864,1.0,4.750734806060791,0.9175974726676941
963,120,no_condition,3,42,0.265625,0.375,0.40476190476190477,1.0,3.65269136428833,0.7932037711143494
964,120,no_condition,3,42,0.4375,0.5,0.49122807017543857,1.0,3.9803972244262695,0.6950897574424744
965,120,no_condition,3,42,0.296875,0.40625,0.35555555555555557,1.0,2.305835485458374,0.5572989583015442
966,120,no_condition,3,42,0.3125,0.4375,0.4318181818181818,1.0,3.847369909286499,0.8677009344100952
967,120,no_condition,3,42,0.390625,0.453125,0.42857142857142855,1.0,2.0147321224212646,0.4720459282398224
968,120,no_condition,3,42,0.4140625,0.5,0.48857526881720426,1.0,4.584044933319092,1.0497817993164062
969,120,no_condition,3,42,0.3203125,0.4375,0.4005802707930367,1.0,4.842739105224609,1.004970908164978
970,120,no_condition,3,42,0.359375,0.421875,0.46938775510204084,1.0,4.100667476654053,0.7794267535209656
971,120,no_condition,3,42,0.265625,0.328125,0.425,1.0,5.11251163482666,0.9857003688812256
972,120,no_condition,3,42,0.3203125,0.4375,0.4192876965772433,1.0,5.753046035766602,0.9919736385345459
973,120,no_condition,3,42,0.421875,0.5234375,0.5136165577342048,1.0,2.7974936962127686,0.6392213702201843
974,120,no_condition,3,42,0.375,0.453125,0.43859649122807015,1.0,3.7724194526672363,0.6980340480804443
975,120,no_condition,3,42,0.28125,0.4375,0.3673469387755102,1.0,3.8581528663635254,0.9411879777908325
976,120,no_condition,3,42,0.3828125,0.4765625,0.42832880434782605,1.0,3.4897289276123047,0.6453640460968018
977,120,no_condition,3,42,0.46875,0.53125,0.4230769230769231,1.0,4.106791973114014,0.8858776092529297
978,120,no_condition,3,42,0.375,0.375,0.48,1.0,6.309484481811523,0.9847933650016785
979,120,no_condition,3,42,0.390625,0.5078125,0.45407712687665586,1.0,3.036665439605713,0.5621647834777832
980,120,no_condition,3,42,0.4375,0.609375,0.49087245139876723,1.0,4.824548721313477,0.9210168123245239
981,120,no_condition,3,42,0.3046875,0.4375,0.3888888888888889,1.0,3.511381149291992,0.6313695907592773
982,120,no_condition,3,42,0.6015625,0.65625,0.5080952380952382,1.0,3.5964584350585938,0.703672468662262
983,120,no_condition,3,42,0.28125,0.484375,0.40476190476190477,1.0,5.663250923156738,0.9993690848350525
984,120,no_condition,3,42,0.390625,0.46875,0.5192307692307693,1.0,3.079318046569824,0.6439207196235657
985,120,no_condition,3,42,0.265625,0.484375,0.38636363636363635,1.0,2.7172560691833496,0.5449832677841187
986,120,no_condition,3,42,0.2578125,0.453125,0.3625,1.0,3.8731656074523926,0.6398692727088928
987,120,no_condition,3,42,0.34375,0.546875,0.4489795918367347,1.0,4.152979850769043,0.8481136560440063
988,120,no_condition,3,42,0.5078125,0.5703125,0.45676691729323304,1.0,3.406602382659912,0.8093398809432983
989,120,no_condition,3,42,0.25,0.484375,0.42105263157894735,1.0,4.610353946685791,0.8484849333763123
990,120,no_condition,3,42,0.4140625,0.5078125,0.4753205128205128,1.0,4.136758804321289,0.9050827622413635
991,120,no_condition,3,42,0.3828125,0.578125,0.42436371100164205,1.0,5.576221466064453,0.9477865099906921
992,120,no_condition,3,42,0.3359375,0.4765625,0.41000000000000003,1.0,5.823696136474609,1.0291614532470703
993,120,no_condition,3,42,0.28125,0.3828125,0.4092244418331375,1.0,4.145088195800781,0.8153390884399414
994,120,no_condition,3,42,0.34375,0.515625,0.44680851063829785,1.0,3.291937828063965,0.868986189365387
995,120,no_condition,3,42,0.3046875,0.3671875,0.42193675889328064,1.0,5.331469535827637,1.0028120279312134
996,120,no_condition,3,42,0.328125,0.40625,0.45161290322580644,1.0,3.628235101699829,0.6901854872703552
997,120,no_condition,3,42,0.328125,0.390625,0.42592592592592593,1.0,4.990863800048828,0.8854389190673828
998,120,no_condition,3,42,0.359375,0.421875,0.46938775510204084,1.0,2.7135612964630127,0.5945150852203369
999,120,no_condition,3,42,0.3359375,0.453125,0.4712906504065041,1.0,6.462668418884277,0.9464152455329895
