index,target_hr,method,fold,seed,rise_time_s,width50_s,rise_cycle_ratio,beat_extraction_success,amplitude_range,amplitude_std
0,60,cvae,5,44,0.4375,0.5,0.49122807017543857,1.0,4.074807167053223,0.6600565314292908
1,60,cvae,5,44,0.375,0.296875,0.4576271186440678,1.0,7.865154266357422,1.3053897619247437
2,60,cvae,5,44,0.421875,0.453125,0.5094339622641509,1.0,3.0398144721984863,0.5241602063179016
3,60,cvae,5,44,0.46875,0.515625,0.4264705882352941,1.0,5.830373764038086,0.8954793810844421
4,60,cvae,5,44,0.4453125,0.2890625,0.6471445221445222,1.0,6.73944091796875,1.3801491260528564
5,60,cvae,5,44,0.4453125,0.296875,0.6258741258741258,1.0,11.123594284057617,1.687315583229065
6,60,cvae,5,44,0.3046875,0.234375,0.37982289690069576,1.0,7.5252790451049805,1.449165940284729
7,60,cvae,5,44,0.4375,0.296875,0.5967741935483871,1.0,6.247652053833008,0.9882215261459351
8,60,cvae,5,44,0.546875,0.4921875,0.594679186228482,1.0,2.43416166305542,0.47407659888267517
9,60,cvae,5,44,0.4375,0.46875,0.4888888888888889,1.0,3.219315767288208,0.5887591242790222
10,60,cvae,5,44,0.3671875,0.40625,0.509375,1.0,4.8302788734436035,0.8980709314346313
11,60,cvae,5,44,0.40625,0.546875,0.609375,1.0,7.491759300231934,1.2414437532424927
12,60,cvae,5,44,0.375,0.484375,0.45098039215686275,1.0,3.5439870357513428,0.7234499454498291
13,60,cvae,5,44,0.453125,0.59375,0.47540983606557374,1.0,3.802492141723633,0.8307276368141174
14,60,cvae,5,44,0.4296875,0.4296875,0.49050632911392406,1.0,6.382080078125,1.0778205394744873
15,60,cvae,5,44,0.421875,0.3359375,0.6212121212121212,1.0,7.643619537353516,1.3897805213928223
16,60,cvae,5,44,0.53125,0.3125,0.6333333333333333,1.0,7.04542875289917,1.2818557024002075
17,60,cvae,5,44,0.546875,0.5234375,0.5357142857142857,1.0,5.0270466804504395,0.9088007807731628
18,60,cvae,5,44,0.65625,0.625,0.65625,1.0,3.2787437438964844,0.6809768676757812
19,60,cvae,5,44,0.375,0.34375,0.5357142857142857,1.0,2.777174234390259,0.5905004143714905
20,60,cvae,5,44,0.625,0.640625,0.5217391304347826,1.0,4.3662614822387695,0.8141065835952759
21,60,cvae,5,44,0.421875,0.4453125,0.43483772819472616,1.0,3.363572359085083,0.5274423360824585
22,60,cvae,5,44,0.515625,0.53125,0.6415094339622641,1.0,4.125920295715332,0.9302858114242554
23,60,cvae,5,44,0.390625,0.4765625,0.4968327702702703,1.0,3.524898052215576,0.6662675738334656
24,60,cvae,5,44,0.4375,0.34375,0.6376811594202898,1.0,4.639372825622559,0.8041172623634338
25,60,cvae,5,44,0.53125,0.640625,0.52,1.0,3.624319314956665,0.7523740530014038
26,60,cvae,5,44,0.453125,0.4609375,0.5414420485175202,1.0,1.9451651573181152,0.4068562686443329
27,60,cvae,5,44,0.46875,0.6875,0.425,1.0,2.0189671516418457,0.4008147120475769
28,60,cvae,5,44,0.640625,0.703125,0.5428571428571428,1.0,3.415341854095459,0.777741551399231
29,60,cvae,5,44,0.3125,0.234375,0.5326241134751772,1.0,7.5135722160339355,1.2522019147872925
30,60,cvae,5,44,0.421875,0.3984375,0.5798611111111112,1.0,2.871702194213867,0.5283666849136353
31,60,cvae,5,44,0.5,0.4375,0.6227240896358543,1.0,7.184831619262695,1.234618067741394
32,60,cvae,5,44,0.359375,0.28125,0.5283018867924528,1.0,6.5136613845825195,1.196073055267334
33,60,cvae,5,44,0.4375,0.5,0.48668831168831167,1.0,5.3975677490234375,1.1807233095169067
34,60,cvae,5,44,0.515625,0.3984375,0.49050632911392406,1.0,4.772214889526367,0.7813301086425781
35,60,cvae,5,44,0.375,0.3984375,0.4701844701844702,1.0,3.850022792816162,0.832801878452301
36,60,cvae,5,44,0.390625,0.4375,0.5208333333333334,1.0,3.2480666637420654,0.5337722301483154
37,60,cvae,5,44,0.375,0.5,0.47058823529411764,1.0,7.125443935394287,1.1865344047546387
38,60,cvae,5,44,0.75,0.78125,0.5471698113207547,1.0,4.583554267883301,0.7702272534370422
39,60,cvae,5,44,0.40625,0.484375,0.5,1.0,8.804641723632812,1.3694673776626587
40,60,cvae,5,44,0.453125,0.5390625,0.42708333333333337,1.0,4.251345634460449,0.8591902852058411
41,60,cvae,5,44,0.4921875,0.7265625,0.4652288732394366,1.0,4.7926225662231445,1.0887041091918945
42,60,cvae,5,44,0.390625,0.390625,0.525,1.0,2.0250661373138428,0.44819098711013794
43,60,cvae,5,44,0.34375,0.5,0.4583333333333333,1.0,3.2107908725738525,0.4720095992088318
44,60,cvae,5,44,0.5,0.46875,0.5454545454545454,1.0,5.137570381164551,1.0171791315078735
45,60,cvae,5,44,0.40625,0.578125,0.4262295081967213,1.0,3.384016990661621,0.6622717976570129
46,60,cvae,5,44,0.421875,0.3828125,0.47566718995290425,1.0,5.010909080505371,0.7338224053382874
47,60,cvae,5,44,0.5390625,0.515625,0.5292307692307692,1.0,3.1203179359436035,0.5078147053718567
48,60,cvae,5,44,0.453125,0.546875,0.5185185185185185,1.0,5.1746697425842285,0.7863987684249878
49,60,cvae,5,44,0.375,0.4453125,0.543778801843318,1.0,6.277678489685059,1.0759351253509521
50,60,cvae,5,44,0.34375,0.328125,0.4,1.0,3.769845724105835,0.6293968558311462
51,60,cvae,5,44,0.375,0.4375,0.43333333333333335,1.0,5.210192680358887,1.0833426713943481
52,60,cvae,5,44,0.453125,0.390625,0.5686274509803921,1.0,4.964626312255859,0.9444386959075928
53,60,cvae,5,44,0.46875,0.6328125,0.4985720114239086,1.0,3.2180745601654053,0.6038290858268738
54,60,cvae,5,44,0.4921875,0.4765625,0.5357987166497804,1.0,2.7757036685943604,0.5140008330345154
55,60,cvae,5,44,0.5625,0.609375,0.5135135135135135,1.0,3.5775821208953857,0.7122585773468018
56,60,cvae,5,44,0.4921875,0.3359375,0.5529556650246306,1.0,5.722744464874268,1.1583130359649658
57,60,cvae,5,44,0.296875,0.28125,0.375,1.0,9.606284141540527,1.5366424322128296
58,60,cvae,5,44,0.3828125,0.4921875,0.456959706959707,1.0,3.888392925262451,0.806562066078186
59,60,cvae,5,44,0.328125,0.40625,0.4727272727272727,1.0,4.291431903839111,0.817000150680542
60,60,cvae,5,44,0.4296875,0.65625,0.4854231166150671,1.0,2.49399733543396,0.5328065752983093
61,60,cvae,5,44,0.375,0.4296875,0.5594857872884063,1.0,3.404467821121216,0.6553776264190674
62,60,cvae,5,44,0.359375,0.4609375,0.4211309523809524,1.0,1.7815659046173096,0.33682557940483093
63,60,cvae,5,44,0.421875,0.578125,0.4863453815261044,1.0,3.7377641201019287,0.8701761960983276
64,60,cvae,5,44,0.4453125,0.421875,0.48834498834498835,1.0,4.986597537994385,0.8637756109237671
65,60,cvae,5,44,0.421875,0.390625,0.4074074074074074,1.0,9.921719551086426,1.448548436164856
66,60,cvae,5,44,0.4453125,0.4453125,0.49681020733652315,1.0,3.615074872970581,0.6700667142868042
67,60,cvae,5,44,0.328125,0.328125,0.375,1.0,4.207784652709961,0.8327285647392273
68,60,cvae,5,44,0.46875,0.375,0.5555555555555556,1.0,3.891611099243164,0.8290930986404419
69,60,cvae,5,44,0.4609375,0.3828125,0.520467032967033,1.0,3.40281343460083,0.6027956604957581
70,60,cvae,5,44,0.328125,0.265625,0.42857142857142855,1.0,7.519731521606445,1.0981959104537964
71,60,cvae,5,44,0.4375,0.4765625,0.5628070175438596,1.0,7.43707799911499,1.0825639963150024
72,60,cvae,5,44,0.390625,0.421875,0.5370370370370371,1.0,4.046248435974121,0.8357083201408386
73,60,cvae,5,44,0.46875,0.609375,0.5201476793248945,1.0,6.635842800140381,0.9904932379722595
74,60,cvae,5,44,0.328125,0.421875,0.45,1.0,6.83115816116333,1.0513641834259033
75,60,cvae,5,44,0.3359375,0.5703125,0.4388104407359863,1.0,4.021998882293701,0.5909430980682373
76,60,cvae,5,44,0.546875,0.5546875,0.6038461538461538,1.0,3.11611270904541,0.6719883680343628
77,60,cvae,5,44,0.65625,0.578125,0.5384615384615384,1.0,3.904937982559204,0.6601822376251221
78,60,cvae,5,44,0.390625,0.234375,0.5208333333333334,1.0,6.542567253112793,0.9540146589279175
79,60,cvae,5,44,0.515625,0.46875,0.5625,1.0,7.856766700744629,1.2634005546569824
80,60,cvae,5,44,0.484375,0.53125,0.543859649122807,1.0,3.55617618560791,0.8131842017173767
81,60,cvae,5,44,0.546875,0.53125,0.5808354591836735,1.0,3.2725377082824707,0.7031667232513428
82,60,cvae,5,44,0.421875,0.515625,0.5625,1.0,7.3563995361328125,1.451643466949463
83,60,cvae,5,44,0.4375,0.53125,0.5806451612903226,1.0,4.38252067565918,0.973678469657898
84,60,cvae,5,44,0.359375,0.390625,0.45901639344262296,1.0,6.088186264038086,1.3376448154449463
85,60,cvae,5,44,0.4375,0.390625,0.56,1.0,6.890254020690918,0.9017148613929749
86,60,cvae,5,44,0.5625,0.5625,0.5068493150684932,1.0,3.388706922531128,0.7697464823722839
87,60,cvae,5,44,0.359375,0.40625,0.4714285714285714,1.0,5.688864707946777,1.2367950677871704
88,60,cvae,5,44,0.5703125,0.6875,0.5140625,1.0,5.00757360458374,0.9762023687362671
89,60,cvae,5,44,0.515625,0.59375,0.5333333333333333,1.0,3.3634226322174072,0.6452321410179138
90,60,cvae,5,44,0.4375,0.515625,0.49122807017543857,1.0,5.393369674682617,1.0472445487976074
91,60,cvae,5,44,0.4375,0.3671875,0.4872881355932204,1.0,6.822071075439453,1.072381615638733
92,60,cvae,5,44,0.390625,0.625,0.4222222222222222,1.0,6.065361022949219,0.8276832699775696
93,60,cvae,5,44,0.375,0.609375,0.43636363636363634,1.0,4.806675434112549,0.8807806968688965
94,60,cvae,5,44,0.390625,0.609375,0.5388176638176638,1.0,7.424266815185547,1.2378004789352417
95,60,cvae,5,44,0.484375,0.390625,0.5384615384615384,1.0,3.6350059509277344,0.6092681884765625
96,60,cvae,5,44,0.484375,0.4375,0.4722222222222222,1.0,4.985958576202393,0.9290999174118042
97,60,cvae,5,44,0.296875,0.46875,0.4189189189189189,1.0,3.7373104095458984,0.6727340221405029
98,60,cvae,5,44,0.3984375,0.484375,0.44913793103448274,1.0,2.381988525390625,0.46421578526496887
99,60,cvae,5,44,0.3515625,0.4453125,0.3925438596491228,1.0,8.020869255065918,1.3383827209472656
100,60,cvae,5,44,0.34375,0.453125,0.46808510638297873,1.0,7.48252010345459,1.4604260921478271
101,60,cvae,5,44,0.46875,0.4921875,0.5491228070175438,1.0,4.575381278991699,0.8523808121681213
102,60,cvae,5,44,0.4296875,0.390625,0.5565476190476191,1.0,6.397287368774414,1.4298017024993896
103,60,cvae,5,44,0.4375,0.40625,0.4745762711864407,1.0,3.510148048400879,0.5735013484954834
104,60,cvae,5,44,0.453125,0.453125,0.5294117647058824,1.0,5.223088264465332,1.0723273754119873
105,60,cvae,5,44,0.3359375,0.4453125,0.5083333333333333,1.0,7.707041263580322,1.6682519912719727
106,60,cvae,5,44,0.421875,0.578125,0.5510204081632653,1.0,4.510943412780762,0.8220629096031189
107,60,cvae,5,44,0.421875,0.453125,0.48214285714285715,1.0,4.357781410217285,0.9065856337547302
108,60,cvae,5,44,0.59375,0.53125,0.41509433962264153,1.0,2.7083640098571777,0.5117566585540771
109,60,cvae,5,44,0.5625,0.609375,0.4807692307692308,1.0,5.093094825744629,0.877673327922821
110,60,cvae,5,44,0.703125,0.421875,0.5625,1.0,3.1025192737579346,0.5390835404396057
111,60,cvae,5,44,0.4921875,0.6484375,0.5040983606557377,1.0,4.037300109863281,0.8716703653335571
112,60,cvae,5,44,0.421875,0.4375,0.3620689655172414,1.0,3.9698870182037354,0.7279893755912781
113,60,cvae,5,44,0.390625,0.421875,0.5306122448979592,1.0,7.355136871337891,1.1672645807266235
114,60,cvae,5,44,0.4375,0.40625,0.47457850368809273,1.0,3.4503366947174072,0.6767746806144714
115,60,cvae,5,44,0.4765625,0.4453125,0.5833333333333333,1.0,2.228940010070801,0.49871569871902466
116,60,cvae,5,44,0.3671875,0.3515625,0.5054726368159204,1.0,4.913529872894287,0.9013832807540894
117,60,cvae,5,44,0.640625,0.75,0.5147058823529411,1.0,3.943387985229492,0.7599203586578369
118,60,cvae,5,44,0.34375,0.421875,0.4583333333333333,1.0,5.001500606536865,1.0409122705459595
119,60,cvae,5,44,0.4375,0.46875,0.417910447761194,1.0,6.872086524963379,1.0319771766662598
120,60,cvae,5,44,0.4453125,0.5,0.5017825311942959,1.0,7.278730392456055,1.4135823249816895
121,60,cvae,5,44,0.5,0.625,0.5142857142857142,1.0,5.61329460144043,1.1002578735351562
122,60,cvae,5,44,0.34375,0.484375,0.5641025641025641,1.0,2.886082172393799,0.47091206908226013
123,60,cvae,5,44,0.4765625,0.4453125,0.56875,1.0,4.056086540222168,0.7315919995307922
124,60,cvae,5,44,0.4296875,0.46875,0.5216687422166875,1.0,5.961666107177734,0.9470297694206238
125,60,cvae,5,44,0.78125,0.765625,0.5535714285714286,1.0,4.013854503631592,0.8466220498085022
126,60,cvae,5,44,0.34375,0.3203125,0.4694135490394338,1.0,4.678542137145996,0.8874858021736145
127,60,cvae,5,44,0.390625,0.34375,0.6006493506493507,1.0,7.97873592376709,1.2139625549316406
128,60,cvae,5,44,0.390625,0.3125,0.47368421052631576,1.0,7.393207550048828,1.2207566499710083
129,60,cvae,5,44,0.40625,0.421875,0.5087719298245614,1.0,4.432035446166992,0.8507106900215149
130,60,cvae,5,44,0.375,0.46875,0.4418604651162791,1.0,5.0217156410217285,0.8618900775909424
131,60,cvae,5,44,0.53125,0.453125,0.5161290322580645,1.0,5.436263084411621,0.7522966861724854
132,60,cvae,5,44,0.421875,0.515625,0.4513574660633484,1.0,5.747341156005859,1.1523184776306152
133,60,cvae,5,44,0.546875,0.421875,0.5632183908045977,1.0,3.1900835037231445,0.5246197581291199
134,60,cvae,5,44,0.515625,0.65625,0.5603448275862069,1.0,3.7303781509399414,0.7864933013916016
135,60,cvae,5,44,0.375,0.40625,0.5510204081632653,1.0,4.1118974685668945,0.7965417504310608
136,60,cvae,5,44,0.34375,0.453125,0.4375,1.0,4.711311340332031,0.7482603192329407
137,60,cvae,5,44,0.3359375,0.2578125,0.4930817610062893,1.0,8.260834693908691,1.458003282546997
138,60,cvae,5,44,0.484375,0.46875,0.5523882896764252,1.0,8.222047805786133,1.2328360080718994
139,60,cvae,5,44,0.34375,0.4375,0.4,1.0,4.020794868469238,0.6062153577804565
140,60,cvae,5,44,0.421875,0.25,0.6296296296296297,1.0,9.261096954345703,1.6341874599456787
141,60,cvae,5,44,0.3984375,0.3359375,0.5395604395604395,1.0,6.07810115814209,1.2094446420669556
142,60,cvae,5,44,0.4609375,0.4296875,0.5427690310014608,1.0,4.994009017944336,0.8826826810836792
143,60,cvae,5,44,0.4375,0.390625,0.5151515151515151,1.0,4.453422546386719,0.7760487198829651
144,60,cvae,5,44,0.40625,0.390625,0.52,1.0,2.721245527267456,0.5417210459709167
145,60,cvae,5,44,0.4765625,0.515625,0.5204918032786885,1.0,3.012126922607422,0.576179563999176
146,60,cvae,5,44,0.390625,0.4375,0.5,1.0,7.136736869812012,1.2881615161895752
147,60,cvae,5,44,0.40625,0.375,0.5384615384615384,1.0,4.539418697357178,0.7747872471809387
148,60,cvae,5,44,0.28125,0.40625,0.5609756097560976,1.0,4.5490922927856445,0.6748361587524414
149,60,cvae,5,44,0.4765625,0.625,0.4726789779913989,1.0,2.9558262825012207,0.5897209048271179
150,60,cvae,5,44,0.890625,0.671875,0.5573770491803278,1.0,3.5747604370117188,0.7238633632659912
151,60,cvae,5,44,0.34375,0.390625,0.5333333333333333,1.0,5.664701461791992,1.033634901046753
152,60,cvae,5,44,0.40625,0.609375,0.4666666666666667,1.0,5.391138076782227,0.9367070198059082
153,60,cvae,5,44,0.515625,0.640625,0.5409836065573771,1.0,3.1747567653656006,0.6095330715179443
154,60,cvae,5,44,0.484375,0.46875,0.725,1.0,4.310900688171387,0.8754216432571411
155,60,cvae,5,44,0.390625,0.453125,0.48936170212765956,1.0,3.343474864959717,0.68047034740448
156,60,cvae,5,44,0.4453125,0.6171875,0.43577100409836067,1.0,7.273484230041504,1.2712950706481934
157,60,cvae,5,44,0.5,0.515625,0.42592592592592593,1.0,2.982043981552124,0.6284570097923279
158,60,cvae,5,44,0.5625,0.578125,0.5428571428571428,1.0,4.0743889808654785,0.8632904887199402
159,60,cvae,5,44,0.296875,0.328125,0.41818181818181815,1.0,7.515665531158447,1.0612529516220093
160,60,cvae,5,44,0.4609375,0.3671875,0.546721571111815,1.0,6.166654586791992,1.1048495769500732
161,60,cvae,5,44,0.484375,0.484375,0.5849056603773585,1.0,3.185349702835083,0.5614761114120483
162,60,cvae,5,44,0.46875,0.421875,0.5769230769230769,1.0,3.443613052368164,0.6928302645683289
163,60,cvae,5,44,0.5,0.53125,0.5789473684210527,1.0,3.530465602874756,0.6811739802360535
164,60,cvae,5,44,0.4765625,0.4296875,0.48908577298407807,1.0,3.867497682571411,0.8689190149307251
165,60,cvae,5,44,0.53125,0.5625,0.5396825396825397,1.0,4.980175971984863,0.8017228841781616
166,60,cvae,5,44,0.515625,0.453125,0.5863636363636364,1.0,6.560479640960693,1.0220301151275635
167,60,cvae,5,44,0.453125,0.3828125,0.5721583652618135,1.0,7.080562591552734,1.2034558057785034
168,60,cvae,5,44,0.453125,0.3671875,0.5595238095238095,1.0,1.6795761585235596,0.28992074728012085
169,60,cvae,5,44,0.421875,0.4140625,0.5170454545454546,1.0,3.7111239433288574,0.7490991353988647
170,60,cvae,5,44,0.375,0.5625,0.4027777777777778,1.0,3.3038218021392822,0.6882171034812927
171,60,cvae,5,44,0.328125,0.328125,0.4222222222222222,1.0,8.51758098602295,1.5490838289260864
172,60,cvae,5,44,0.34375,0.375,0.49230769230769234,1.0,3.668330669403076,0.7071663737297058
173,60,cvae,5,44,0.546875,0.484375,0.5689655172413793,1.0,2.9750020503997803,0.5667681097984314
174,60,cvae,5,44,0.3125,0.34375,0.48936170212765956,1.0,4.231614589691162,0.8114004135131836
175,60,cvae,5,44,0.3515625,0.3984375,0.4537223340040241,1.0,6.021188735961914,1.1594736576080322
176,60,cvae,5,44,0.3046875,0.375,0.40625,1.0,5.294229030609131,0.8933149576187134
177,60,cvae,5,44,0.3359375,0.3515625,0.4636363636363636,1.0,6.149424076080322,1.020613670349121
178,60,cvae,5,44,0.5,0.640625,0.5897435897435898,1.0,2.0144898891448975,0.3984844386577606
179,60,cvae,5,44,0.53125,0.59375,0.5303030303030303,1.0,2.536269187927246,0.6245801448822021
180,60,cvae,5,44,0.359375,0.234375,0.5517241379310345,1.0,6.767413139343262,1.2225910425186157
181,60,cvae,5,44,0.4375,0.5234375,0.48059223689475794,1.0,2.5467529296875,0.48699766397476196
182,60,cvae,5,44,0.515625,0.40625,0.5384615384615384,1.0,7.403346538543701,1.0557379722595215
183,60,cvae,5,44,0.3984375,0.453125,0.49176788124156545,1.0,5.755005359649658,1.183351755142212
184,60,cvae,5,44,0.421875,0.5234375,0.5092592592592593,1.0,4.044029235839844,0.7797738909721375
185,60,cvae,5,44,0.6796875,0.609375,0.5603006189213086,1.0,4.4227800369262695,1.0619550943374634
186,60,cvae,5,44,0.453125,0.453125,0.5166666666666666,1.0,5.450212478637695,0.8347454071044922
187,60,cvae,5,44,0.3671875,0.4375,0.4094387755102041,1.0,4.329706192016602,0.8283737301826477
188,60,cvae,5,44,0.328125,0.328125,0.5,1.0,8.74421501159668,1.4099881649017334
189,60,cvae,5,44,0.4375,0.515625,0.4606741573033708,1.0,7.805270195007324,1.2940893173217773
190,60,cvae,5,44,0.375,0.515625,0.3902439024390244,1.0,4.089165687561035,0.8773663640022278
191,60,cvae,5,44,0.40625,0.5,0.4716981132075472,1.0,2.3901309967041016,0.4705088436603546
192,60,cvae,5,44,0.375,0.421875,0.4423076923076923,1.0,4.449840545654297,0.6607722043991089
193,60,cvae,5,44,0.3671875,0.328125,0.42091836734693877,1.0,4.471385955810547,0.9282964468002319
194,60,cvae,5,44,0.53125,0.3125,0.47656813266041814,1.0,3.813417911529541,0.5642680525779724
195,60,cvae,5,44,0.484375,0.609375,0.5331439393939394,1.0,7.40659236907959,1.3737801313400269
196,60,cvae,5,44,0.359375,0.484375,0.4339622641509434,1.0,3.566218137741089,0.6651855111122131
197,60,cvae,5,44,0.390625,0.5078125,0.45991332611050917,1.0,6.399232387542725,0.9451897144317627
198,60,cvae,5,44,0.4921875,0.4609375,0.5577258458318801,1.0,3.769423723220825,0.6760131120681763
199,60,cvae,5,44,0.4921875,0.6015625,0.5,1.0,6.733550071716309,1.004044532775879
200,60,cvae,5,44,0.4765625,0.53125,0.552436440677966,1.0,4.30427360534668,0.889862596988678
201,60,cvae,5,44,0.46875,0.6015625,0.48676470588235293,1.0,5.256695747375488,0.8754264712333679
202,60,cvae,5,44,0.3125,0.28125,0.44285714285714284,1.0,3.5632054805755615,0.781272828578949
203,60,cvae,5,44,0.28125,0.328125,0.4230769230769231,1.0,3.097702980041504,0.4919982850551605
204,60,cvae,5,44,0.6875,0.578125,0.6,1.0,6.048628807067871,1.0629198551177979
205,60,cvae,5,44,0.46875,0.484375,0.5254237288135594,1.0,4.510529518127441,0.7369559407234192
206,60,cvae,5,44,0.359375,0.5078125,0.5157261794634598,0.8571428571428571,10.493154525756836,1.6104241609573364
207,60,cvae,5,44,0.453125,0.3515625,0.5353422619047619,1.0,5.966425895690918,0.8531872630119324
208,60,cvae,5,44,0.5,0.625,0.5076923076923077,1.0,2.490684747695923,0.5863422751426697
209,60,cvae,5,44,0.4375,0.3984375,0.4787661406025825,1.0,5.365623474121094,1.0377898216247559
210,60,cvae,5,44,0.3125,0.359375,0.39473684210526316,1.0,2.6262595653533936,0.57097327709198
211,60,cvae,5,44,0.421875,0.421875,0.5094339622641509,1.0,3.5293447971343994,0.7468461394309998
212,60,cvae,5,44,0.390625,0.34375,0.3968253968253968,1.0,8.050357818603516,1.4186962842941284
213,60,cvae,5,44,0.6953125,0.6796875,0.6421957671957672,1.0,5.2054901123046875,0.9604241847991943
214,60,cvae,5,44,0.4921875,0.3671875,0.6347290640394089,1.0,11.82269287109375,1.9776140451431274
215,60,cvae,5,44,0.453125,0.53125,0.4915254237288136,1.0,6.086864471435547,1.0215972661972046
216,60,cvae,5,44,0.4296875,0.515625,0.4821428571428572,1.0,3.952937126159668,0.7741310596466064
217,60,cvae,5,44,0.5703125,0.4609375,0.5707630098452883,1.0,4.306534767150879,0.7200198173522949
218,60,cvae,5,44,0.453125,0.4765625,0.5925091035200277,1.0,4.992466926574707,0.9636287689208984
219,60,cvae,5,44,0.4375,0.3671875,0.5224775224775224,1.0,6.35906982421875,1.3505723476409912
220,60,cvae,5,44,0.375,0.46875,0.3939393939393939,1.0,6.419689655303955,0.9236621260643005
221,60,cvae,5,44,0.53125,0.5546875,0.5737704918032787,1.0,4.142110824584961,0.8489499092102051
222,60,cvae,5,44,0.53125,0.390625,0.5402298850574713,1.0,2.4576714038848877,0.45673996210098267
223,60,cvae,5,44,0.3359375,0.453125,0.39381720430107525,1.0,4.812130928039551,0.8655828833580017
224,60,cvae,5,44,0.4375,0.5,0.45588235294117646,1.0,3.6820967197418213,0.7428381443023682
225,60,cvae,5,44,0.4296875,0.4921875,0.4962053571428572,1.0,6.780719757080078,1.0780686140060425
226,60,cvae,5,44,0.46875,0.5234375,0.5288135593220339,1.0,5.383910655975342,1.0201343297958374
227,60,cvae,5,44,0.515625,0.4296875,0.5798611111111112,1.0,6.302684783935547,1.172450065612793
228,60,cvae,5,44,0.453125,0.59375,0.4915254237288136,1.0,3.095555305480957,0.6940333843231201
229,60,cvae,5,44,0.3671875,0.5390625,0.4719601677148847,1.0,6.423410415649414,1.1164708137512207
230,60,cvae,5,44,0.421875,0.734375,0.463768115942029,1.0,7.121296405792236,1.3692247867584229
231,60,cvae,5,44,0.4765625,0.6015625,0.49921383647798745,1.0,6.247708320617676,1.1305145025253296
232,60,cvae,5,44,0.375,0.359375,0.6078431372549019,1.0,6.313072204589844,0.9663538336753845
233,60,cvae,5,44,0.40625,0.46875,0.4642857142857143,1.0,5.183986663818359,0.9336240887641907
234,60,cvae,5,44,0.4375,0.515625,0.5,1.0,8.383373260498047,1.387986183166504
235,60,cvae,5,44,0.390625,0.53125,0.38461538461538464,1.0,3.4430346488952637,0.6556571125984192
236,60,cvae,5,44,0.359375,0.28125,0.5272727272727272,1.0,5.567702770233154,1.09954035282135
237,60,cvae,5,44,0.421875,0.375,0.5625,1.0,5.67135763168335,1.3929239511489868
238,60,cvae,5,44,0.5,0.6875,0.5818181818181818,1.0,6.478485107421875,1.161504864692688
239,60,cvae,5,44,0.3984375,0.421875,0.43028846153846156,1.0,2.4244282245635986,0.47345808148384094
240,60,cvae,5,44,0.421875,0.390625,0.48214285714285715,1.0,4.522984504699707,0.8517728447914124
241,60,cvae,5,44,0.4375,0.46875,0.573170731707317,1.0,4.357248306274414,0.9520267248153687
242,60,cvae,5,44,0.328125,0.2578125,0.565410199556541,1.0,8.273292541503906,1.6903033256530762
243,60,cvae,5,44,0.515625,0.671875,0.5283018867924528,1.0,3.2560818195343018,0.5705135464668274
244,60,cvae,5,44,0.40625,0.4453125,0.475867269984917,1.0,5.395449638366699,0.9271930456161499
245,60,cvae,5,44,0.4375,0.453125,0.5238095238095238,1.0,3.8129804134368896,0.6946287751197815
246,60,cvae,5,44,0.453125,0.484375,0.5833333333333334,1.0,2.4425222873687744,0.5199581384658813
247,60,cvae,5,44,0.3203125,0.3046875,0.46561108362196935,1.0,8.651062965393066,1.49541175365448
248,60,cvae,5,44,0.515625,0.4375,0.5294117647058824,1.0,7.63966178894043,1.3301302194595337
249,60,cvae,5,44,0.4921875,0.4609375,0.5390350877192982,1.0,3.4194092750549316,0.5938438177108765
250,60,cvae,5,44,0.53125,0.625,0.5434782608695652,1.0,8.265159606933594,1.4883742332458496
251,60,cvae,5,44,0.453125,0.5625,0.43283582089552236,1.0,4.120323181152344,0.906711220741272
252,60,cvae,5,44,0.4140625,0.3828125,0.44811180493606895,1.0,5.430601119995117,1.0285165309906006
253,60,cvae,5,44,0.546875,0.546875,0.5945945945945946,1.0,7.648589611053467,0.9912194609642029
254,60,cvae,5,44,0.375,0.28125,0.4725274725274725,1.0,8.012920379638672,1.31147301197052
255,60,cvae,5,44,0.453125,0.546875,0.47368421052631576,1.0,4.301673412322998,0.8330374360084534
256,60,cvae,5,44,0.4296875,0.3828125,0.49628325508607196,1.0,6.403782844543457,1.0741742849349976
257,60,cvae,5,44,0.3125,0.375,0.4166666666666667,1.0,8.724105834960938,1.4964979887008667
258,60,cvae,5,44,0.46875,0.625,0.578125,1.0,2.9968531131744385,0.6403102278709412
259,60,cvae,5,44,0.34375,0.421875,0.45098039215686275,1.0,5.585728645324707,1.0412451028823853
260,60,cvae,5,44,0.484375,0.515625,0.525,1.0,6.169782638549805,1.056740641593933
261,60,cvae,5,44,0.6171875,0.7578125,0.47982456140350876,1.0,3.8486475944519043,0.7140985727310181
262,60,cvae,5,44,0.375,0.53125,0.4074074074074074,1.0,3.7999558448791504,0.6680980324745178
263,60,cvae,5,44,0.4296875,0.625,0.4469857218402961,1.0,3.0737061500549316,0.6913125514984131
264,60,cvae,5,44,0.5,0.5,0.5925925925925926,1.0,3.6033198833465576,0.5860323905944824
265,60,cvae,5,44,0.3671875,0.484375,0.4608490566037736,1.0,6.903506278991699,1.1473907232284546
266,60,cvae,5,44,0.5078125,0.4140625,0.5414565826330532,1.0,7.770298957824707,1.1968539953231812
267,60,cvae,5,44,0.4609375,0.4765625,0.5191570881226054,1.0,5.312371730804443,0.9881473183631897
268,60,cvae,5,44,0.375,0.4375,0.4375,1.0,4.038461685180664,0.6327247023582458
269,60,cvae,5,44,0.390625,0.484375,0.5040983606557377,1.0,5.1894378662109375,0.8651729226112366
270,60,cvae,5,44,0.46875,0.3125,0.5454545454545454,1.0,8.13339614868164,1.2461295127868652
271,60,cvae,5,44,0.4375,0.609375,0.4827586206896552,1.0,4.200603008270264,0.9517227411270142
272,60,cvae,5,44,0.4375,0.453125,0.5384615384615384,1.0,5.3253278732299805,0.8898752927780151
273,60,cvae,5,44,0.40625,0.5625,0.55,1.0,3.4876832962036133,0.8127421140670776
274,60,cvae,5,44,0.40625,0.328125,0.45614035087719296,1.0,6.145611763000488,1.2501823902130127
275,60,cvae,5,44,0.40625,0.421875,0.4641076769690927,1.0,5.4852519035339355,1.1368662118911743
276,60,cvae,5,44,0.359375,0.40625,0.5227272727272727,1.0,6.690749168395996,1.1208537817001343
277,60,cvae,5,44,0.515625,0.4453125,0.5729984301412874,1.0,7.434376239776611,1.0881959199905396
278,60,cvae,5,44,0.625,0.59375,0.6152751423149905,1.0,4.010040283203125,0.7961549162864685
279,60,cvae,5,44,0.484375,0.6484375,0.4554712892741062,1.0,4.890995025634766,0.8107393980026245
280,60,cvae,5,44,0.3671875,0.3046875,0.4901006166828952,1.0,6.68743896484375,1.189278244972229
281,60,cvae,5,44,0.3203125,0.3046875,0.48391812865497075,1.0,5.63779354095459,0.9958488345146179
282,60,cvae,5,44,0.4140625,0.3828125,0.531947261663286,1.0,5.057289123535156,0.9769361615180969
283,60,cvae,5,44,0.375,0.53125,0.41818181818181815,1.0,4.491240501403809,0.9334062933921814
284,60,cvae,5,44,0.3984375,0.5078125,0.48958333333333337,1.0,5.869367599487305,1.030875563621521
285,60,cvae,5,44,0.40625,0.484375,0.43283582089552236,1.0,2.6347508430480957,0.5681463479995728
286,60,cvae,5,44,0.4453125,0.6015625,0.44811776061776065,1.0,4.191201210021973,0.7585236430168152
287,60,cvae,5,44,0.390625,0.421875,0.45454545454545453,1.0,3.364556074142456,0.6302578449249268
288,60,cvae,5,44,0.6484375,0.5234375,0.5861611876988335,1.0,7.591497898101807,1.0398515462875366
289,60,cvae,5,44,0.6171875,0.53125,0.5785528031290743,1.0,7.251326084136963,1.3172812461853027
290,60,cvae,5,44,0.375,0.390625,0.4823529411764706,1.0,6.189125061035156,0.7069870829582214
291,60,cvae,5,44,0.5078125,0.6328125,0.515625,1.0,3.9136452674865723,0.7660828232765198
292,60,cvae,5,44,0.421875,0.5,0.5,1.0,3.4729952812194824,0.7660059928894043
293,60,cvae,5,44,0.609375,0.5,0.6666666666666666,1.0,4.677661895751953,0.9330959916114807
294,60,cvae,5,44,0.40625,0.46875,0.4642857142857143,1.0,5.9695515632629395,0.9407473206520081
295,60,cvae,5,44,0.4375,0.3125,0.5,1.0,4.783614158630371,0.8446407318115234
296,60,cvae,5,44,0.4296875,0.3828125,0.5994318181818181,1.0,6.787945747375488,1.148079514503479
297,60,cvae,5,44,0.453125,0.40625,0.5535714285714286,1.0,3.3449513912200928,0.6233018636703491
298,60,cvae,5,44,0.46875,0.4375,0.5555555555555556,1.0,3.42693829536438,0.6806649565696716
299,60,cvae,5,44,0.40625,0.5,0.47058823529411764,1.0,2.4168918132781982,0.5084394812583923
300,60,cvae,5,44,0.421875,0.4296875,0.4941077441077441,1.0,3.544283866882324,0.6866583228111267
301,60,cvae,5,44,0.4140625,0.3515625,0.5050798258345428,1.0,6.4253058433532715,1.2012799978256226
302,60,cvae,5,44,0.28125,0.453125,0.3469387755102041,1.0,2.9729902744293213,0.4687901735305786
303,60,cvae,5,44,0.390625,0.375,0.43103448275862066,1.0,6.465516090393066,0.8900506496429443
304,60,cvae,5,44,0.5078125,0.546875,0.48333333333333334,1.0,4.165530204772949,0.6023187041282654
305,60,cvae,5,44,0.625,0.6875,0.5119047619047619,1.0,2.5766820907592773,0.6127002239227295
306,60,cvae,5,44,0.390625,0.46875,0.4791666666666667,1.0,7.9033050537109375,1.3488788604736328
307,60,cvae,5,44,0.53125,0.578125,0.4875,1.0,2.654907703399658,0.5361889600753784
308,60,cvae,5,44,0.53125,0.5,0.4594594594594595,1.0,3.516629695892334,0.7551713585853577
309,60,cvae,5,44,0.359375,0.3671875,0.5296019900497513,1.0,4.850583076477051,0.8761810064315796
310,60,cvae,5,44,0.4453125,0.5546875,0.5260989010989011,1.0,4.8520917892456055,0.9976786971092224
311,60,cvae,5,44,0.375,0.421875,0.48717948717948717,1.0,6.92864465713501,1.3094892501831055
312,60,cvae,5,44,0.3984375,0.53125,0.458980044345898,1.0,6.33742618560791,1.2032419443130493
313,60,cvae,5,44,0.46875,0.6015625,0.46316359696641385,1.0,4.0502729415893555,0.8460527062416077
314,60,cvae,5,44,0.6171875,0.5625,0.625,1.0,4.349161148071289,0.9457812309265137
315,60,cvae,5,44,0.4375,0.40625,0.5357142857142857,1.0,7.286502361297607,1.153918981552124
316,60,cvae,5,44,0.5234375,0.40625,0.5347775175644028,1.0,2.816436290740967,0.47157183289527893
317,60,cvae,5,44,0.3125,0.390625,0.43333333333333335,1.0,6.507744312286377,1.3361499309539795
318,60,cvae,5,44,0.390625,0.421875,0.3787878787878788,1.0,7.884480953216553,1.0942755937576294
319,60,cvae,5,44,0.515625,0.6796875,0.4775185936443543,1.0,3.720764636993408,0.6859641671180725
320,60,cvae,5,44,0.46875,0.4765625,0.5453042328042328,1.0,4.995567321777344,0.826546847820282
321,60,cvae,5,44,0.296875,0.265625,0.4730929989550679,1.0,4.201448440551758,0.7904552817344666
322,60,cvae,5,44,0.5546875,0.6171875,0.5304878048780488,1.0,4.510335922241211,0.8473325371742249
323,60,cvae,5,44,0.390625,0.34375,0.4005442176870748,1.0,10.468124389648438,1.307989478111267
324,60,cvae,5,44,0.453125,0.4375,0.5178571428571429,1.0,2.5469470024108887,0.4526747167110443
325,60,cvae,5,44,0.625,0.703125,0.5903614457831325,1.0,5.557626724243164,0.9059584736824036
326,60,cvae,5,44,0.359375,0.328125,0.4427434170238824,1.0,6.367692947387695,1.382624626159668
327,60,cvae,5,44,0.4375,0.453125,0.5,1.0,4.7689995765686035,0.7668071389198303
328,60,cvae,5,44,0.328125,0.296875,0.4594594594594595,1.0,4.404117107391357,0.76679527759552
329,60,cvae,5,44,0.421875,0.3828125,0.4814769975786925,1.0,4.188501358032227,0.7162374258041382
330,60,cvae,5,44,0.375,0.4375,0.47698209718670076,1.0,3.3792428970336914,0.6555249691009521
331,60,cvae,5,44,0.4375,0.421875,0.5,1.0,3.535684108734131,0.6987741589546204
332,60,cvae,5,44,0.453125,0.40625,0.5483870967741935,1.0,4.123360633850098,0.7590139508247375
333,60,cvae,5,44,0.40625,0.421875,0.49230769230769234,1.0,5.093832492828369,0.8868357539176941
334,60,cvae,5,44,0.421875,0.40625,0.5,1.0,4.950116157531738,0.9955710172653198
335,60,cvae,5,44,0.453125,0.546875,0.3953488372093023,1.0,9.09235954284668,1.5583572387695312
336,60,cvae,5,44,0.421875,0.4375,0.5,1.0,3.6461715698242188,0.7132534384727478
337,60,cvae,5,44,0.53125,0.515625,0.5087719298245614,1.0,4.399425506591797,0.7955689430236816
338,60,cvae,5,44,0.390625,0.546875,0.4115384615384615,1.0,5.392089366912842,0.9901384115219116
339,60,cvae,5,44,0.453125,0.46875,0.5087719298245614,1.0,2.0971407890319824,0.395116925239563
340,60,cvae,5,44,0.453125,0.3828125,0.6271043771043772,1.0,8.764571189880371,1.4771713018417358
341,60,cvae,5,44,0.4140625,0.6484375,0.45566922421142375,1.0,3.811978578567505,0.828792929649353
342,60,cvae,5,44,0.484375,0.65625,0.4642857142857143,1.0,3.5378975868225098,0.7141873836517334
343,60,cvae,5,44,0.546875,0.546875,0.5555555555555556,1.0,8.331170082092285,1.284974217414856
344,60,cvae,5,44,0.421875,0.4375,0.4230769230769231,1.0,2.636416435241699,0.5085484385490417
345,60,cvae,5,44,0.4609375,0.515625,0.48973004694835676,1.0,3.1905312538146973,0.6126352548599243
346,60,cvae,5,44,0.4375,0.40625,0.4444444444444444,1.0,9.036283493041992,1.350203514099121
347,60,cvae,5,44,0.4921875,0.5546875,0.48333333333333334,1.0,3.1931562423706055,0.6149594187736511
348,60,cvae,5,44,0.296875,0.375,0.31666666666666665,1.0,6.370695114135742,1.2864396572113037
349,60,cvae,5,44,0.421875,0.46875,0.5070422535211268,1.0,3.6501100063323975,0.845530092716217
350,60,cvae,5,44,0.4375,0.4375,0.5192061459667093,1.0,7.407692909240723,1.3967468738555908
351,60,cvae,5,44,0.484375,0.46875,0.5849056603773585,1.0,3.882864236831665,0.786940336227417
352,60,cvae,5,44,0.421875,0.4375,0.49056603773584906,1.0,4.231748580932617,0.7221745848655701
353,60,cvae,5,44,0.421875,0.3515625,0.47775689223057644,1.0,3.6527116298675537,0.7015494704246521
354,60,cvae,5,44,0.4609375,0.3203125,0.4959016393442623,1.0,4.204459190368652,0.8419816493988037
355,60,cvae,5,44,0.3984375,0.4921875,0.5148148148148148,1.0,7.680143356323242,1.2205750942230225
356,60,cvae,5,44,0.46875,0.4765625,0.4717029449423815,1.0,9.394547462463379,1.3124749660491943
357,60,cvae,5,44,0.34375,0.4375,0.44,1.0,9.900381088256836,1.4344059228897095
358,60,cvae,5,44,0.40625,0.4609375,0.5437405731523379,1.0,3.2873005867004395,0.6328361630439758
359,60,cvae,5,44,0.5078125,0.3828125,0.4861111111111111,1.0,5.225951194763184,0.7517983913421631
360,60,cvae,5,44,0.4296875,0.4765625,0.4821263482280431,1.0,5.075160026550293,0.9969072937965393
361,60,cvae,5,44,0.515625,0.6875,0.4714285714285714,1.0,3.5603678226470947,0.7783306241035461
362,60,cvae,5,44,0.359375,0.3671875,0.5080645161290323,1.0,4.975838661193848,0.7767459154129028
363,60,cvae,5,44,0.359375,0.328125,0.523419587291189,1.0,3.662454605102539,0.6991108655929565
364,60,cvae,5,44,0.484375,0.4921875,0.574357405140759,1.0,4.615860939025879,0.8961375951766968
365,60,cvae,5,44,0.5234375,0.640625,0.4558333333333333,1.0,4.458773612976074,0.8797734975814819
366,60,cvae,5,44,0.453125,0.53125,0.4915254237288136,1.0,3.6638641357421875,0.652198076248169
367,60,cvae,5,44,0.3125,0.171875,0.4782608695652174,1.0,6.720897674560547,0.8364896774291992
368,60,cvae,5,44,0.375,0.546875,0.42028985507246375,1.0,5.153843879699707,0.8439172506332397
369,60,cvae,5,44,0.40625,0.46875,0.43333333333333335,1.0,3.6791322231292725,0.7598420977592468
370,60,cvae,5,44,0.359375,0.40625,0.450790413054564,1.0,4.340155124664307,0.7276012301445007
371,60,cvae,5,44,0.375,0.375,0.5581395348837209,1.0,4.912784576416016,0.8889613747596741
372,60,cvae,5,44,0.5546875,0.5234375,0.593030303030303,1.0,4.407451152801514,0.6769561767578125
373,60,cvae,5,44,0.5703125,0.5390625,0.6213225371120108,1.0,7.672712802886963,1.2229727506637573
374,60,cvae,5,44,0.296875,0.34375,0.475,1.0,11.133113861083984,1.5642520189285278
375,60,cvae,5,44,0.3125,0.359375,0.4169944925255704,1.0,6.9404730796813965,1.2666577100753784
376,60,cvae,5,44,0.359375,0.484375,0.4682308970099668,1.0,5.256419658660889,0.9692996740341187
377,60,cvae,5,44,0.3984375,0.390625,0.4903945111492281,1.0,5.407650947570801,0.9910685420036316
378,60,cvae,5,44,0.3671875,0.359375,0.45660559305689485,1.0,8.147542953491211,1.6382079124450684
379,60,cvae,5,44,0.671875,0.703125,0.4387755102040816,1.0,3.7431800365448,0.7790615558624268
380,60,cvae,5,44,0.3828125,0.328125,0.4341880341880342,1.0,5.424960136413574,0.9087154865264893
381,60,cvae,5,44,0.4296875,0.40625,0.6078394598649663,1.0,9.062536239624023,1.6512832641601562
382,60,cvae,5,44,0.40625,0.5,0.42931364506426034,1.0,4.121964454650879,0.7473214864730835
383,60,cvae,5,44,0.484375,0.484375,0.5285714285714286,1.0,3.5517807006835938,0.7076033353805542
384,60,cvae,5,44,0.3984375,0.4375,0.39738043739485696,1.0,2.973933696746826,0.6065661311149597
385,60,cvae,5,44,0.328125,0.28125,0.4528301886792453,1.0,9.507766723632812,1.5963962078094482
386,60,cvae,5,44,0.3984375,0.5703125,0.4106002554278416,1.0,3.6979117393493652,0.747585117816925
387,60,cvae,5,44,0.375,0.515625,0.54,1.0,5.928043365478516,1.1719400882720947
388,60,cvae,5,44,0.484375,0.40625,0.5299532437171245,1.0,9.274621963500977,1.3948554992675781
389,60,cvae,5,44,0.3671875,0.4375,0.3862418106015485,1.0,6.797768592834473,1.2469348907470703
390,60,cvae,5,44,0.3515625,0.3359375,0.47801418439716314,1.0,3.276367425918579,0.7203169465065002
391,60,cvae,5,44,0.421875,0.5703125,0.44576719576719576,1.0,5.5708208084106445,1.0483667850494385
392,60,cvae,5,44,0.5,0.625,0.4583333333333333,1.0,2.574037551879883,0.4288506805896759
393,60,cvae,5,44,0.453125,0.5,0.45165837479270315,1.0,4.341914176940918,0.7330369353294373
394,60,cvae,5,44,0.34375,0.359375,0.42358803986710963,1.0,5.6079559326171875,1.1458503007888794
395,60,cvae,5,44,0.3984375,0.4140625,0.4601173020527859,1.0,5.546089172363281,0.9337336421012878
396,60,cvae,5,44,0.4375,0.46875,0.4883720930232558,1.0,3.751224994659424,0.6913221478462219
397,60,cvae,5,44,0.453125,0.40625,0.5576923076923077,1.0,8.251350402832031,1.4208369255065918
398,60,cvae,5,44,0.390625,0.515625,0.5694444444444444,1.0,4.749586582183838,0.80523681640625
399,60,cvae,5,44,0.4375,0.34375,0.49122807017543857,1.0,2.915088176727295,0.5614298582077026
400,60,cvae,5,44,0.4375,0.4375,0.572944297082228,1.0,3.3666436672210693,0.6435927748680115
401,60,cvae,5,44,0.40625,0.40625,0.45454545454545453,1.0,3.8222522735595703,0.6448963284492493
402,60,cvae,5,44,0.375,0.265625,0.48980407836865253,1.0,7.108085632324219,1.293579339981079
403,60,cvae,5,44,0.3984375,0.5625,0.41524621212121215,1.0,4.605489253997803,0.8091406226158142
404,60,cvae,5,44,0.4765625,0.296875,0.559322033898305,1.0,5.3191070556640625,0.8061360716819763
405,60,cvae,5,44,0.421875,0.40625,0.5079365079365079,1.0,6.861747741699219,1.177348256111145
406,60,cvae,5,44,0.59375,0.65625,0.5352112676056338,1.0,3.3665547370910645,0.6962277889251709
407,60,cvae,5,44,0.421875,0.5234375,0.45757837215990793,1.0,5.397306442260742,0.8997001647949219
408,60,cvae,5,44,0.484375,0.5,0.5263310185185186,1.0,4.896844863891602,0.7174398303031921
409,60,cvae,5,44,0.4609375,0.59375,0.5692599620493359,1.0,3.890951156616211,0.7515274286270142
410,60,cvae,5,44,0.484375,0.609375,0.5584415584415584,1.0,4.905026912689209,0.8603513836860657
411,60,cvae,5,44,0.5234375,0.5078125,0.555952380952381,1.0,7.958930969238281,1.4280627965927124
412,60,cvae,5,44,0.4375,0.484375,0.48936170212765956,1.0,5.176009178161621,0.8932373523712158
413,60,cvae,5,44,0.3984375,0.3671875,0.420131845841785,1.0,9.929039001464844,1.6088486909866333
414,60,cvae,5,44,0.3828125,0.546875,0.4204545454545454,1.0,3.277512788772583,0.7284864783287048
415,60,cvae,5,44,0.5625,0.546875,0.5757451462947771,1.0,4.95826530456543,0.8029069900512695
416,60,cvae,5,44,0.328125,0.484375,0.4383561643835616,1.0,5.632716178894043,0.6685734987258911
417,60,cvae,5,44,0.4765625,0.28125,0.6176821983273596,1.0,7.018599033355713,1.3478840589523315
418,60,cvae,5,44,0.53125,0.484375,0.5862068965517241,1.0,6.0894575119018555,1.140917181968689
419,60,cvae,5,44,0.453125,0.375,0.46743697478991597,1.0,6.104308128356934,0.9569380879402161
420,60,cvae,5,44,0.390625,0.4140625,0.46111111111111114,1.0,4.804967403411865,0.8563962578773499
421,60,cvae,5,44,0.4375,0.421875,0.553030303030303,1.0,5.221074104309082,0.9396740794181824
422,60,cvae,5,44,0.296875,0.296875,0.5106382978723404,1.0,5.469931602478027,1.0821725130081177
423,60,cvae,5,44,0.4375,0.4375,0.47058823529411764,1.0,6.213314056396484,1.0336610078811646
424,60,cvae,5,44,0.34375,0.296875,0.46153846153846156,1.0,9.139671325683594,1.5436145067214966
425,60,cvae,5,44,0.46875,0.578125,0.532258064516129,1.0,5.757004737854004,1.0698481798171997
426,60,cvae,5,44,0.328125,0.328125,0.5317693059628543,1.0,6.848182678222656,1.0774383544921875
427,60,cvae,5,44,0.4375,0.359375,0.5081967213114754,1.0,6.290490627288818,1.2031259536743164
428,60,cvae,5,44,0.359375,0.4375,0.4107142857142857,1.0,3.1850786209106445,0.5629640817642212
429,60,cvae,5,44,0.5078125,0.546875,0.5767543859649122,1.0,5.468775749206543,0.82508784532547
430,60,cvae,5,44,0.5546875,0.4921875,0.48275862068965514,1.0,2.5168323516845703,0.543860673904419
431,60,cvae,5,44,0.3984375,0.4609375,0.475,1.0,4.284234046936035,0.8437634110450745
432,60,cvae,5,44,0.5703125,0.5,0.5239146991622239,1.0,7.607852935791016,1.2324336767196655
433,60,cvae,5,44,0.4375,0.3671875,0.5829918032786885,1.0,2.421788215637207,0.49918055534362793
434,60,cvae,5,44,0.40625,0.421875,0.41818181818181815,1.0,3.5785398483276367,0.7265067100524902
435,60,cvae,5,44,0.46875,0.359375,0.4918032786885246,1.0,5.789620399475098,1.2031360864639282
436,60,cvae,5,44,0.5078125,0.5625,0.49967728055077454,1.0,4.175252914428711,0.7628076672554016
437,60,cvae,5,44,0.390625,0.484375,0.5,1.0,3.4068238735198975,0.6448004245758057
438,60,cvae,5,44,0.390625,0.484375,0.46551724137931033,1.0,3.87319278717041,0.7605462670326233
439,60,cvae,5,44,0.40625,0.546875,0.46938775510204084,1.0,3.6280179023742676,0.7531964182853699
440,60,cvae,5,44,0.46875,0.53125,0.4759259259259259,1.0,1.7139613628387451,0.3679898977279663
441,60,cvae,5,44,0.484375,0.546875,0.5166666666666667,1.0,4.130756378173828,0.9128079414367676
442,60,cvae,5,44,0.4296875,0.4140625,0.559299191374663,1.0,4.093506813049316,0.68564373254776
443,60,cvae,5,44,0.3828125,0.265625,0.49479166666666663,1.0,9.432598114013672,1.5418033599853516
444,60,cvae,5,44,0.390625,0.296875,0.5473684210526316,1.0,7.613790512084961,1.245491862297058
445,60,cvae,5,44,0.5,0.5390625,0.5982325819672132,1.0,4.344510078430176,0.9008658528327942
446,60,cvae,5,44,0.34375,0.5546875,0.44004869141813757,1.0,6.927917003631592,1.3120040893554688
447,60,cvae,5,44,0.484375,0.40625,0.5890700483091788,1.0,5.859537124633789,0.8400103449821472
448,60,cvae,5,44,0.6875,0.875,0.5494505494505495,1.0,4.801477909088135,0.8967089653015137
449,60,cvae,5,44,0.328125,0.375,0.47970085470085466,1.0,7.759148597717285,1.2934356927871704
450,60,cvae,5,44,0.421875,0.4375,0.4576271186440678,1.0,3.57709002494812,0.6899627447128296
451,60,cvae,5,44,0.3515625,0.3203125,0.5238562091503268,1.0,5.491541385650635,0.9807534217834473
452,60,cvae,5,44,0.4609375,0.5625,0.45995670995670995,1.0,4.122575759887695,0.7910628318786621
453,60,cvae,5,44,0.421875,0.6796875,0.4124579124579124,1.0,7.144639015197754,1.3712537288665771
454,60,cvae,5,44,0.375,0.359375,0.5428571428571428,1.0,5.808043479919434,0.8879204392433167
455,60,cvae,5,44,0.4296875,0.4453125,0.4838709677419355,1.0,5.015296936035156,0.9138747453689575
456,60,cvae,5,44,0.375,0.28125,0.4,1.0,9.44438648223877,1.4678181409835815
457,60,cvae,5,44,0.640625,0.484375,0.595063025210084,1.0,3.3906819820404053,0.6352943778038025
458,60,cvae,5,44,0.4375,0.5234375,0.48089983022071303,1.0,3.605330228805542,0.6179541349411011
459,60,cvae,5,44,0.4140625,0.6328125,0.4406193078324226,1.0,3.6014206409454346,0.798400342464447
460,60,cvae,5,44,0.4375,0.5,0.45034965034965035,1.0,7.603906631469727,1.3735028505325317
461,60,cvae,5,44,0.390625,0.3671875,0.434375,1.0,7.368656158447266,1.3029496669769287
462,60,cvae,5,44,0.3984375,0.4609375,0.4333541927409261,1.0,4.017636775970459,0.6327423453330994
463,60,cvae,5,44,0.4609375,0.4765625,0.5099729546991211,1.0,3.0820953845977783,0.581039309501648
464,60,cvae,5,44,0.4375,0.421875,0.4117647058823529,1.0,8.811434745788574,1.2311269044876099
465,60,cvae,5,44,0.453125,0.3125,0.56,1.0,7.424416542053223,1.5433295965194702
466,60,cvae,5,44,0.53125,0.703125,0.5238095238095238,1.0,2.900646448135376,0.5865320563316345
467,60,cvae,5,44,0.515625,0.515625,0.48314606741573035,1.0,7.697669982910156,1.1789425611495972
468,60,cvae,5,44,0.453125,0.6015625,0.4558312655086849,1.0,4.650200366973877,1.0419868230819702
469,60,cvae,5,44,0.5078125,0.40625,0.5444444444444445,1.0,3.9029905796051025,0.8263134360313416
470,60,cvae,5,44,0.328125,0.34375,0.5,1.0,4.902491569519043,0.7946392893791199
471,60,cvae,5,44,0.53125,0.4375,0.5700757575757576,1.0,10.546197891235352,1.4470480680465698
472,60,cvae,5,44,0.515625,0.375,0.5409836065573771,1.0,4.438966751098633,0.7182185053825378
473,60,cvae,5,44,0.421875,0.4609375,0.5318681318681319,1.0,8.189165115356445,1.4117599725723267
474,60,cvae,5,44,0.5625,0.328125,0.5606060606060606,1.0,4.752375602722168,0.9851011633872986
475,60,cvae,5,44,0.3515625,0.2734375,0.5166666666666666,1.0,6.003668308258057,1.130295753479004
476,60,cvae,5,44,0.484375,0.546875,0.48314238952536825,1.0,3.299478769302368,0.6577121019363403
477,60,cvae,5,44,0.359375,0.375,0.46,1.0,8.841053009033203,1.474870204925537
478,60,cvae,5,44,0.40625,0.53125,0.456575682382134,1.0,4.608102798461914,0.8262284994125366
479,60,cvae,5,44,0.46875,0.375,0.5370370370370371,1.0,5.101224899291992,0.8699297308921814
480,60,cvae,5,44,0.328125,0.28125,0.423728813559322,1.0,5.8468780517578125,1.0741716623306274
481,60,cvae,5,44,0.421875,0.5234375,0.5642372881355933,1.0,5.41146183013916,1.029123306274414
482,60,cvae,5,44,0.484375,0.4375,0.5,1.0,5.870408058166504,0.9522050619125366
483,60,cvae,5,44,0.390625,0.421875,0.5178571428571429,1.0,3.3185811042785645,0.5754677653312683
484,60,cvae,5,44,0.5234375,0.5234375,0.5024132730015083,1.0,4.583425045013428,0.8052245378494263
485,60,cvae,5,44,0.4921875,0.5703125,0.5381818181818182,1.0,3.6087186336517334,0.69587242603302
486,60,cvae,5,44,0.59375,0.546875,0.5352112676056338,1.0,5.547793388366699,1.0087058544158936
487,60,cvae,5,44,0.328125,0.28125,0.5714285714285714,1.0,6.279080867767334,1.1146540641784668
488,60,cvae,5,44,0.484375,0.578125,0.42424242424242425,1.0,2.668313503265381,0.4373736083507538
489,60,cvae,5,44,0.3828125,0.3984375,0.5158227848101266,1.0,4.441551685333252,0.7072842717170715
490,60,cvae,5,44,0.359375,0.5,0.46938775510204084,1.0,5.129744529724121,0.7285833358764648
491,60,cvae,5,44,0.515625,0.578125,0.5892857142857143,1.0,9.628127098083496,1.419221043586731
492,60,cvae,5,44,0.5546875,0.5234375,0.5816666666666667,1.0,3.8639750480651855,0.7093402743339539
493,60,cvae,5,44,0.4140625,0.40625,0.5104321907600595,1.0,7.9705729484558105,1.5738334655761719
494,60,cvae,5,44,0.5,0.5546875,0.5681818181818181,1.0,8.099203109741211,1.3171595335006714
495,60,cvae,5,44,0.265625,0.21875,0.4637021475256769,1.0,5.140632152557373,1.1064687967300415
496,60,cvae,5,44,0.609375,0.640625,0.5590062111801242,1.0,3.324877977371216,0.6471967101097107
497,60,cvae,5,44,0.3984375,0.6015625,0.43525641025641026,1.0,3.8982248306274414,0.7776815891265869
498,60,cvae,5,44,0.4453125,0.578125,0.44393939393939397,1.0,2.769368886947632,0.5889309048652649
499,60,cvae,5,44,0.359375,0.359375,0.575,1.0,7.78682804107666,1.3579120635986328
500,60,cvae,5,44,0.34375,0.34375,0.4482758620689655,1.0,6.5624003410339355,1.338559627532959
501,60,cvae,5,44,0.375,0.5078125,0.46374889478337755,1.0,2.135559320449829,0.4203985035419464
502,60,cvae,5,44,0.4921875,0.65625,0.5780303030303031,1.0,5.198314666748047,0.8594829440116882
503,60,cvae,5,44,0.375,0.359375,0.5238095238095238,1.0,4.19160270690918,0.6257100701332092
504,60,cvae,5,44,0.4453125,0.5234375,0.5197368421052632,1.0,3.23108172416687,0.6143102049827576
505,60,cvae,5,44,0.4609375,0.5390625,0.48056653491436097,1.0,7.040724277496338,1.2442609071731567
506,60,cvae,5,44,0.359375,0.34375,0.5227272727272727,1.0,3.076460123062134,0.6042087078094482
507,60,cvae,5,44,0.578125,0.40625,0.5238095238095238,1.0,4.770379066467285,0.9825937747955322
508,60,cvae,5,44,0.484375,0.59375,0.47368421052631576,1.0,4.001867294311523,0.9159860610961914
509,60,cvae,5,44,0.4375,0.515625,0.4461538461538462,1.0,6.924854278564453,1.2987765073776245
510,60,cvae,5,44,0.5234375,0.5703125,0.5002215330084183,1.0,3.317331075668335,0.7286054491996765
511,60,cvae,5,44,0.375,0.5,0.39655172413793105,1.0,6.965893745422363,1.2467029094696045
512,60,cvae,5,44,0.421875,0.5,0.4642857142857143,1.0,2.837185859680176,0.5758962631225586
513,60,cvae,5,44,0.359375,0.65625,0.4225352112676056,1.0,4.322202205657959,0.8220125436782837
514,60,cvae,5,44,0.5234375,0.4375,0.5202380952380953,1.0,5.854009628295898,1.2169640064239502
515,60,cvae,5,44,0.484375,0.46875,0.5714285714285714,1.0,6.367550849914551,1.1010963916778564
516,60,cvae,5,44,0.375,0.578125,0.41509433962264153,1.0,3.704439640045166,0.6858982443809509
517,60,cvae,5,44,0.5078125,0.5078125,0.5342449742870501,1.0,4.669358253479004,0.7371324300765991
518,60,cvae,5,44,0.328125,0.4765625,0.4316528066528067,1.0,2.4144325256347656,0.4562467038631439
519,60,cvae,5,44,0.390625,0.484375,0.4666666666666667,1.0,4.590803146362305,0.6653013825416565
520,60,cvae,5,44,0.453125,0.515625,0.5757575757575758,1.0,7.311528205871582,1.064110279083252
521,60,cvae,5,44,0.453125,0.453125,0.559322033898305,1.0,4.770870208740234,0.8813600540161133
522,60,cvae,5,44,0.40625,0.609375,0.4220238095238095,1.0,5.562874794006348,0.9277093410491943
523,60,cvae,5,44,0.375,0.328125,0.49056603773584906,1.0,7.3647284507751465,1.331671118736267
524,60,cvae,5,44,0.5,0.625,0.5087719298245614,1.0,3.0387938022613525,0.5223572850227356
525,60,cvae,5,44,0.359375,0.546875,0.5,1.0,5.1185221672058105,1.050044059753418
526,60,cvae,5,44,0.78125,0.515625,0.611764705882353,1.0,4.839633941650391,0.8700278997421265
527,60,cvae,5,44,0.5078125,0.46875,0.5228174603174603,1.0,6.344681739807129,1.0144109725952148
528,60,cvae,5,44,0.390625,0.4921875,0.4568446407065435,1.0,7.202324867248535,1.4057042598724365
529,60,cvae,5,44,0.453125,0.484375,0.5714285714285714,1.0,4.382108688354492,0.9483952522277832
530,60,cvae,5,44,0.546875,0.359375,0.5061728395061729,1.0,2.8846311569213867,0.587951123714447
531,60,cvae,5,44,0.5234375,0.6796875,0.4772267206477733,1.0,5.943848609924316,1.0060089826583862
532,60,cvae,5,44,0.421875,0.5,0.46153846153846156,1.0,4.560693740844727,0.7857853770256042
533,60,cvae,5,44,0.40625,0.609375,0.43492769744160176,1.0,3.590498924255371,0.7205170392990112
534,60,cvae,5,44,0.375,0.4765625,0.4401098901098901,1.0,7.9884934425354,1.2290359735488892
535,60,cvae,5,44,0.4296875,0.421875,0.452991452991453,1.0,3.2426977157592773,0.6027260422706604
536,60,cvae,5,44,0.265625,0.28125,0.43672014260249553,1.0,7.662823677062988,1.3477952480316162
537,60,cvae,5,44,0.4765625,0.5703125,0.46826923076923077,1.0,2.7599284648895264,0.5865433216094971
538,60,cvae,5,44,0.296875,0.296875,0.45714285714285713,1.0,8.210809707641602,1.580095887184143
539,60,cvae,5,44,0.390625,0.4140625,0.47058823529411764,1.0,3.937372922897339,0.7297427654266357
540,60,cvae,5,44,0.3515625,0.390625,0.4542929292929293,1.0,8.468435287475586,1.2728972434997559
541,60,cvae,5,44,0.40625,0.3984375,0.49603174603174605,1.0,5.987947463989258,0.9726505875587463
542,60,cvae,5,44,0.40625,0.484375,0.4626865671641791,1.0,3.610560417175293,0.7198235988616943
543,60,cvae,5,44,0.5390625,0.6640625,0.5066901408450705,1.0,3.0188357830047607,0.6058419346809387
544,60,cvae,5,44,0.4375,0.375,0.4375,1.0,5.268956184387207,1.043107271194458
545,60,cvae,5,44,0.5859375,0.4296875,0.548040794417606,1.0,5.04224157333374,0.785216748714447
546,60,cvae,5,44,0.5703125,0.5859375,0.5653662585598671,1.0,6.500965595245361,1.1066824197769165
547,60,cvae,5,44,0.578125,0.5,0.6233766233766234,1.0,2.523953437805176,0.48931872844696045
548,60,cvae,5,44,0.375,0.453125,0.4444444444444444,1.0,6.624431610107422,1.1813766956329346
549,60,cvae,5,44,0.4453125,0.5234375,0.46072270227808326,1.0,3.0446457862854004,0.6958510279655457
550,60,cvae,5,44,0.4609375,0.5078125,0.46635030198446936,1.0,2.7430200576782227,0.49198490381240845
551,60,cvae,5,44,0.5390625,0.3046875,0.5954545454545455,1.0,8.001503944396973,1.4495408535003662
552,60,cvae,5,44,0.5625,0.5625,0.5584415584415584,1.0,4.308661460876465,0.8389948606491089
553,60,cvae,5,44,0.53125,0.4921875,0.5117352320675106,1.0,3.9638113975524902,0.6738248467445374
554,60,cvae,5,44,0.3046875,0.34375,0.4082929782082324,1.0,6.401785850524902,1.098103642463684
555,60,cvae,5,44,0.40625,0.5,0.5454545454545454,1.0,6.658217430114746,0.9690301418304443
556,60,cvae,5,44,0.3125,0.2109375,0.5692307692307692,1.0,7.753701210021973,1.549331545829773
557,60,cvae,5,44,0.40625,0.453125,0.5147058823529411,1.0,6.610454559326172,1.3274494409561157
558,60,cvae,5,44,0.359375,0.296875,0.45098039215686275,1.0,5.4837493896484375,1.1253910064697266
559,60,cvae,5,44,0.46875,0.46875,0.5,1.0,5.293361663818359,0.9049925208091736
560,60,cvae,5,44,0.3984375,0.390625,0.5982082866741321,1.0,7.982203483581543,1.1408036947250366
561,60,cvae,5,44,0.484375,0.53125,0.4626865671641791,1.0,2.818373203277588,0.5193223357200623
562,60,cvae,5,44,0.375,0.4375,0.48,1.0,3.477415084838867,0.7010406255722046
563,60,cvae,5,44,0.359375,0.5625,0.46,1.0,3.9151601791381836,0.5836383700370789
564,60,cvae,5,44,0.4609375,0.609375,0.5270897832817337,1.0,4.446713447570801,0.9244881272315979
565,60,cvae,5,44,0.5,0.578125,0.5875,1.0,6.013703346252441,1.0199649333953857
566,60,cvae,5,44,0.421875,0.3203125,0.5563941299790356,1.0,6.451507568359375,1.2385506629943848
567,60,cvae,5,44,0.6015625,0.6171875,0.5465625595124739,1.0,5.342695236206055,1.0330406427383423
568,60,cvae,5,44,0.453125,0.296875,0.5,1.0,4.6044230461120605,0.916660726070404
569,60,cvae,5,44,0.5,0.515625,0.5409836065573771,1.0,4.011169910430908,0.7127933502197266
570,60,cvae,5,44,0.421875,0.5703125,0.5153061224489797,1.0,3.1831769943237305,0.5568612813949585
571,60,cvae,5,44,0.46875,0.34375,0.5263157894736842,1.0,5.642173767089844,0.9740607738494873
572,60,cvae,5,44,0.53125,0.640625,0.6538461538461539,1.0,7.366509437561035,1.3525844812393188
573,60,cvae,5,44,0.46875,0.515625,0.4868421052631579,1.0,3.966503381729126,0.8105764985084534
574,60,cvae,5,44,0.4609375,0.5625,0.5564456035767511,1.0,3.998713254928589,0.7471529841423035
575,60,cvae,5,44,0.421875,0.546875,0.4642857142857143,1.0,3.018291473388672,0.626600980758667
576,60,cvae,5,44,0.5,0.46875,0.4278606965174129,1.0,8.088274002075195,1.233712911605835
577,60,cvae,5,44,0.765625,0.71875,0.65,1.0,2.4740190505981445,0.5515031814575195
578,60,cvae,5,44,0.375,0.390625,0.4838709677419355,1.0,4.534708023071289,0.8027607798576355
579,60,cvae,5,44,0.3515625,0.28125,0.4275,1.0,3.5926883220672607,0.6815745830535889
580,60,cvae,5,44,0.5234375,0.3828125,0.5886243386243386,1.0,5.152037620544434,0.8545917272567749
581,60,cvae,5,44,0.390625,0.53125,0.4782608695652174,1.0,4.6232709884643555,0.8739880323410034
582,60,cvae,5,44,0.453125,0.40625,0.5232558139534884,1.0,7.788263320922852,1.3376483917236328
583,60,cvae,5,44,0.4296875,0.5546875,0.5060851926977687,1.0,2.356492757797241,0.5273405909538269
584,60,cvae,5,44,0.515625,0.4609375,0.5233265720081136,1.0,3.829798936843872,0.6657067537307739
585,60,cvae,5,44,0.5,0.453125,0.5098039215686274,1.0,8.173690795898438,1.1662795543670654
586,60,cvae,5,44,0.4140625,0.6484375,0.36578947368421055,1.0,3.2015469074249268,0.8159363865852356
587,60,cvae,5,44,0.421875,0.5,0.5454545454545454,1.0,6.558298587799072,1.1631683111190796
588,60,cvae,5,44,0.46875,0.3984375,0.5520050125313283,1.0,7.972376823425293,1.1248691082000732
589,60,cvae,5,44,0.34375,0.484375,0.5,1.0,3.285168170928955,0.6993802189826965
590,60,cvae,5,44,0.3828125,0.5078125,0.4489795918367347,1.0,6.230563163757324,1.0873308181762695
591,60,cvae,5,44,0.4296875,0.3671875,0.5429292929292929,1.0,7.5306267738342285,1.1207154989242554
592,60,cvae,5,44,0.484375,0.5546875,0.5017857142857143,1.0,2.5353071689605713,0.5119622945785522
593,60,cvae,5,44,0.421875,0.484375,0.48214285714285715,1.0,4.313258171081543,0.8672888278961182
594,60,cvae,5,44,0.53125,0.453125,0.531035299692016,1.0,4.032958984375,0.8499070405960083
595,60,cvae,5,44,0.4921875,0.4296875,0.47947454844006565,1.0,4.397214412689209,1.022494912147522
596,60,cvae,5,44,0.546875,0.609375,0.5,1.0,2.1538519859313965,0.4737597703933716
597,60,cvae,5,44,0.40625,0.640625,0.4444444444444444,1.0,4.833517074584961,1.0221812725067139
598,60,cvae,5,44,0.4375,0.5078125,0.5178571428571428,1.0,3.462416648864746,0.5729746222496033
599,60,cvae,5,44,0.640625,0.78125,0.5555555555555556,1.0,5.063131332397461,0.8440385460853577
600,60,cvae,5,44,0.453125,0.515625,0.5285714285714286,1.0,4.905961036682129,0.9539092183113098
601,60,cvae,5,44,0.609375,0.609375,0.5588235294117647,1.0,3.7513656616210938,0.8849747180938721
602,60,cvae,5,44,0.46875,0.609375,0.47619047619047616,1.0,7.807910919189453,1.1732563972473145
603,60,cvae,5,44,0.40625,0.328125,0.49122807017543857,1.0,4.971285820007324,1.0721385478973389
604,60,cvae,5,44,0.34375,0.515625,0.509090909090909,1.0,4.428342819213867,0.8087801337242126
605,60,cvae,5,44,0.4765625,0.453125,0.467000835421888,1.0,5.864161491394043,0.8790754079818726
606,60,cvae,5,44,0.484375,0.390625,0.5757575757575758,1.0,3.83518385887146,0.770024299621582
607,60,cvae,5,44,0.359375,0.5,0.4423076923076923,1.0,3.57143235206604,0.7450191974639893
608,60,cvae,5,44,0.5078125,0.5390625,0.5533333333333333,1.0,2.786435842514038,0.5646412968635559
609,60,cvae,5,44,0.5078125,0.5703125,0.5926943426943427,1.0,5.174757957458496,0.9638339877128601
610,60,cvae,5,44,0.4609375,0.6484375,0.4596530920060332,1.0,2.737762212753296,0.5556593537330627
611,60,cvae,5,44,0.640625,0.6171875,0.56993006993007,1.0,3.8803062438964844,0.8093559145927429
612,60,cvae,5,44,0.546875,0.546875,0.603448275862069,1.0,5.782745838165283,1.0355192422866821
613,60,cvae,5,44,0.421875,0.5,0.421875,1.0,3.63088321685791,0.6824221014976501
614,60,cvae,5,44,0.4375,0.59375,0.4827586206896552,1.0,2.9801011085510254,0.5964635610580444
615,60,cvae,5,44,0.578125,0.5625,0.6143026004728133,1.0,3.789426803588867,0.7686623930931091
616,60,cvae,5,44,0.46875,0.46875,0.6119402985074627,1.0,7.7956647872924805,1.6588369607925415
617,60,cvae,5,44,0.4375,0.4375,0.5384615384615384,1.0,6.335422515869141,1.3209511041641235
618,60,cvae,5,44,0.375,0.296875,0.5818181818181818,1.0,7.958034992218018,1.2939724922180176
619,60,cvae,5,44,0.46875,0.34375,0.6161616161616161,1.0,7.720641613006592,1.2204612493515015
620,60,cvae,5,44,0.5,0.46875,0.5189873417721519,1.0,3.5727288722991943,0.5491407513618469
621,60,cvae,5,44,0.484375,0.3359375,0.5927254098360656,1.0,6.142748832702637,1.345603585243225
622,60,cvae,5,44,0.4296875,0.5,0.4278937381404174,1.0,2.248826742172241,0.4070987403392792
623,60,cvae,5,44,0.5859375,0.59375,0.5453008789722785,1.0,3.6365370750427246,0.6911147236824036
624,60,cvae,5,44,0.5,0.59375,0.5531914893617021,1.0,7.952322959899902,1.3217885494232178
625,60,cvae,5,44,0.359375,0.296875,0.5227272727272727,1.0,6.630906581878662,1.0437955856323242
626,60,cvae,5,44,0.390625,0.5625,0.5421686746987951,1.0,9.867125511169434,1.3623042106628418
627,60,cvae,5,44,0.59375,0.640625,0.5333333333333333,1.0,3.642055034637451,0.6835301518440247
628,60,cvae,5,44,0.6640625,0.5859375,0.5843042071197411,1.0,9.781453132629395,1.4429248571395874
629,60,cvae,5,44,0.4375,0.3203125,0.525,1.0,7.596120357513428,1.3088288307189941
630,60,cvae,5,44,0.5390625,0.5703125,0.5508658008658008,1.0,2.4741621017456055,0.5593717694282532
631,60,cvae,5,44,0.453125,0.328125,0.5625,1.0,11.872023582458496,1.8622993230819702
632,60,cvae,5,44,0.453125,0.5078125,0.5800637958532695,1.0,4.3686933517456055,0.8716332316398621
633,60,cvae,5,44,0.4296875,0.484375,0.5372023809523809,1.0,2.6915454864501953,0.5817760229110718
634,60,cvae,5,44,0.453125,0.328125,0.6122448979591837,1.0,10.163799285888672,1.4594975709915161
635,60,cvae,5,44,0.390625,0.359375,0.5319148936170213,1.0,3.372178077697754,0.6144589781761169
636,60,cvae,5,44,0.421875,0.65625,0.42857142857142855,1.0,3.6614089012145996,0.7876964211463928
637,60,cvae,5,44,0.375,0.296875,0.4827586206896552,1.0,4.302135467529297,0.6747015714645386
638,60,cvae,5,44,0.375,0.40625,0.5510204081632653,1.0,5.715194225311279,1.0290513038635254
639,60,cvae,5,44,0.5,0.3125,0.6153846153846154,1.0,5.518625259399414,0.8217831254005432
640,60,cvae,5,44,0.328125,0.34375,0.5,1.0,4.934372901916504,0.8770261406898499
641,60,cvae,5,44,0.296875,0.28125,0.49701754385964914,1.0,2.7927932739257812,0.5079548954963684
642,60,cvae,5,44,0.34375,0.21875,0.46260683760683763,1.0,5.374868869781494,0.9995935559272766
643,60,cvae,5,44,0.515625,0.3515625,0.5662878787878788,1.0,10.195854187011719,1.550524115562439
644,60,cvae,5,44,0.3984375,0.421875,0.43963722866488253,1.0,8.221522331237793,1.6511410474777222
645,60,cvae,5,44,0.46875,0.421875,0.5660377358490566,1.0,4.150571823120117,0.8977535963058472
646,60,cvae,5,44,0.46875,0.515625,0.3968253968253968,1.0,1.3340623378753662,0.3147847652435303
647,60,cvae,5,44,0.3828125,0.4375,0.47423245614035087,1.0,4.749610900878906,0.9492718577384949
648,60,cvae,5,44,0.5,0.4375,0.5818181818181818,1.0,6.166423320770264,0.9686127305030823
649,60,cvae,5,44,0.34375,0.453125,0.4356060606060606,1.0,8.178879737854004,1.3278614282608032
650,60,cvae,5,44,0.4921875,0.484375,0.5317307692307692,1.0,4.297945976257324,0.8760140538215637
651,60,cvae,5,44,0.375,0.421875,0.4666666666666667,1.0,4.429929733276367,0.8225829005241394
652,60,cvae,5,44,0.4453125,0.453125,0.5718598021130303,1.0,3.9926178455352783,0.6830943822860718
653,60,cvae,5,44,0.515625,0.625,0.5229166666666667,1.0,2.8409128189086914,0.4859359860420227
654,60,cvae,5,44,0.5390625,0.6640625,0.5664365832614322,1.0,3.5447771549224854,0.6378146409988403
655,60,cvae,5,44,0.390625,0.3125,0.47540983606557374,1.0,3.6681182384490967,0.6567896008491516
656,60,cvae,5,44,0.46875,0.4921875,0.510942760942761,1.0,7.264211654663086,1.4782274961471558
657,60,cvae,5,44,0.2734375,0.3125,0.4809027777777778,1.0,2.2003109455108643,0.48691612482070923
658,60,cvae,5,44,0.515625,0.609375,0.45,1.0,5.1769819259643555,0.9810965061187744
659,60,cvae,5,44,0.421875,0.5,0.5263157894736842,1.0,3.2700700759887695,0.6311270594596863
660,60,cvae,5,44,0.390625,0.3125,0.5188679245283019,1.0,5.162839889526367,1.0536680221557617
661,60,cvae,5,44,0.4765625,0.5390625,0.46641201264488935,1.0,4.267862796783447,0.7560031414031982
662,60,cvae,5,44,0.515625,0.625,0.5689655172413793,1.0,5.253843307495117,0.9927400350570679
663,60,cvae,5,44,0.515625,0.546875,0.5076923076923077,1.0,7.21563720703125,1.2042384147644043
664,60,cvae,5,44,0.453125,0.546875,0.5,1.0,4.407845497131348,0.7796699404716492
665,60,cvae,5,44,0.546875,0.453125,0.6129032258064516,1.0,5.0975565910339355,1.10464346408844
666,60,cvae,5,44,0.3125,0.421875,0.43478260869565216,1.0,2.76712703704834,0.660311758518219
667,60,cvae,5,44,0.625,0.640625,0.45454545454545453,1.0,2.3867592811584473,0.5405657887458801
668,60,cvae,5,44,0.421875,0.421875,0.5294117647058824,1.0,5.636958122253418,0.9274148941040039
669,60,cvae,5,44,0.390625,0.484375,0.4166666666666667,1.0,2.9148802757263184,0.5434244275093079
670,60,cvae,5,44,0.375,0.328125,0.5,1.0,4.134198188781738,0.8279362320899963
671,60,cvae,5,44,0.578125,0.53125,0.5471698113207547,1.0,6.684272766113281,1.085614562034607
672,60,cvae,5,44,0.375,0.5625,0.4339622641509434,1.0,4.231148719787598,0.7593075037002563
673,60,cvae,5,44,0.4765625,0.5546875,0.47857142857142854,1.0,2.58713436126709,0.4998948872089386
674,60,cvae,5,44,0.6875,0.546875,0.5875,1.0,8.052684783935547,1.2894089221954346
675,60,cvae,5,44,0.3203125,0.328125,0.4165505226480836,1.0,4.807141304016113,0.9565454721450806
676,60,cvae,5,44,0.453125,0.578125,0.484375,1.0,3.6902036666870117,0.6641509532928467
677,60,cvae,5,44,0.375,0.421875,0.47058823529411764,1.0,5.422459602355957,1.05962336063385
678,60,cvae,5,44,0.5234375,0.484375,0.5623342175066313,1.0,2.004763603210449,0.4742431342601776
679,60,cvae,5,44,0.5,0.5,0.5981830887491264,1.0,2.406144380569458,0.4686526656150818
680,60,cvae,5,44,0.5,0.453125,0.56,1.0,3.083131790161133,0.634190559387207
681,60,cvae,5,44,0.6484375,0.5390625,0.625335345405768,1.0,3.0432491302490234,0.6706274151802063
682,60,cvae,5,44,0.4375,0.390625,0.5211267605633803,1.0,6.450679779052734,1.3197226524353027
683,60,cvae,5,44,0.4296875,0.5859375,0.4856639839034205,1.0,3.4016528129577637,0.7091434001922607
684,60,cvae,5,44,0.4609375,0.5,0.4551519644180875,1.0,3.435922145843506,0.6187781691551208
685,60,cvae,5,44,0.359375,0.421875,0.4166666666666667,1.0,4.2238545417785645,0.7777382135391235
686,60,cvae,5,44,0.890625,0.6796875,0.6136806910002786,1.0,4.967589378356934,0.9085512757301331
687,60,cvae,5,44,0.375,0.375,0.5333333333333333,1.0,2.5744740962982178,0.548430323600769
688,60,cvae,5,44,0.4765625,0.4609375,0.5897058823529412,1.0,2.9151129722595215,0.486206978559494
689,60,cvae,5,44,0.421875,0.484375,0.5,1.0,3.851909637451172,0.8432068228721619
690,60,cvae,5,44,0.375,0.34375,0.631578947368421,1.0,6.983101844787598,1.1944607496261597
691,60,cvae,5,44,0.46875,0.65625,0.4166666666666667,1.0,5.296635627746582,0.9897709488868713
692,60,cvae,5,44,0.4296875,0.6015625,0.47651088818204057,1.0,2.7039341926574707,0.6619093418121338
693,60,cvae,5,44,0.484375,0.515625,0.484707609493516,1.0,4.412126064300537,0.8592877984046936
694,60,cvae,5,44,0.40625,0.3984375,0.4717054263565892,1.0,5.448556423187256,1.1697874069213867
695,60,cvae,5,44,0.4375,0.5,0.5423728813559322,1.0,3.986409902572632,0.7352060675621033
696,60,cvae,5,44,0.28125,0.21875,0.4166666666666667,1.0,10.475509643554688,1.493057370185852
697,60,cvae,5,44,0.5,0.578125,0.5245901639344263,1.0,4.610063552856445,0.9819863438606262
698,60,cvae,5,44,0.46875,0.421875,0.4411764705882353,1.0,4.880084037780762,0.9823574423789978
699,60,cvae,5,44,0.53125,0.453125,0.5797101449275363,1.0,4.0847625732421875,0.6293979287147522
700,60,cvae,5,44,0.375,0.34375,0.6190476190476191,1.0,5.752768039703369,1.1050182580947876
701,60,cvae,5,44,0.40625,0.390625,0.5674603174603174,1.0,5.467039585113525,1.0251405239105225
702,60,cvae,5,44,0.3828125,0.46875,0.44739819004524883,1.0,4.419224739074707,0.935183584690094
703,60,cvae,5,44,0.40625,0.53125,0.5,1.0,3.010374069213867,0.5946677327156067
704,60,cvae,5,44,0.375,0.46875,0.4274905422446406,1.0,5.5562357902526855,1.0542962551116943
705,60,cvae,5,44,0.5234375,0.46875,0.5142697881828318,1.0,3.6906158924102783,0.7110781073570251
706,60,cvae,5,44,0.5,0.5234375,0.45444555444555446,1.0,5.717268466949463,1.1462773084640503
707,60,cvae,5,44,0.359375,0.4375,0.4909090909090909,1.0,8.683289527893066,1.4279882907867432
708,60,cvae,5,44,0.515625,0.5703125,0.536811440677966,1.0,2.3592586517333984,0.47694385051727295
709,60,cvae,5,44,0.484375,0.6171875,0.549863698318946,1.0,2.282604694366455,0.44824668765068054
710,60,cvae,5,44,0.359375,0.46875,0.4657559198542805,1.0,4.419833183288574,0.7787733674049377
711,60,cvae,5,44,0.40625,0.296875,0.5660377358490566,1.0,8.07008171081543,1.3903781175613403
712,60,cvae,5,44,0.53125,0.40625,0.556692242114237,1.0,2.9862887859344482,0.5497010946273804
713,60,cvae,5,44,0.40625,0.40625,0.4576271186440678,1.0,5.867596626281738,0.9295645952224731
714,60,cvae,5,44,0.4375,0.3125,0.5401509951956074,1.0,6.45574951171875,1.1800521612167358
715,60,cvae,5,44,0.328125,0.375,0.40384615384615385,1.0,7.279460906982422,1.39788019657135
716,60,cvae,5,44,0.578125,0.421875,0.5975609756097561,1.0,7.281547546386719,0.980214536190033
717,60,cvae,5,44,0.546875,0.6015625,0.5651260504201681,1.0,3.206308364868164,0.7285497188568115
718,60,cvae,5,44,0.4375,0.65625,0.4935064935064935,1.0,4.5819292068481445,0.9708424806594849
719,60,cvae,5,44,0.46875,0.46875,0.5,1.0,4.9807281494140625,0.9796665906906128
720,60,cvae,5,44,0.359375,0.59375,0.3770491803278688,1.0,4.127542495727539,0.8274568915367126
721,60,cvae,5,44,0.40625,0.453125,0.49019607843137253,1.0,3.00789213180542,0.678642213344574
722,60,cvae,5,44,0.46875,0.5,0.4342105263157895,1.0,1.630951166152954,0.33386534452438354
723,60,cvae,5,44,0.40625,0.3515625,0.422801906779661,1.0,6.200565338134766,1.2391130924224854
724,60,cvae,5,44,0.3984375,0.53125,0.49419568822553894,1.0,3.2945213317871094,0.6211140751838684
725,60,cvae,5,44,0.53125,0.65625,0.4927536231884058,1.0,3.6060004234313965,0.5212996602058411
726,60,cvae,5,44,0.3984375,0.4296875,0.49,1.0,4.74278450012207,0.9265493154525757
727,60,cvae,5,44,0.421875,0.484375,0.5094339622641509,1.0,8.651789665222168,1.3591878414154053
728,60,cvae,5,44,0.484375,0.3828125,0.5625,1.0,4.717220306396484,0.8815207481384277
729,60,cvae,5,44,0.765625,0.546875,0.6408065618591934,1.0,3.526367664337158,0.5908743739128113
730,60,cvae,5,44,0.4921875,0.4609375,0.5454545454545454,1.0,5.707491874694824,1.0965659618377686
731,60,cvae,5,44,0.4140625,0.4140625,0.5543412264723739,1.0,5.318963050842285,0.983986496925354
732,60,cvae,5,44,0.546875,0.5078125,0.6,1.0,2.8448519706726074,0.5698866248130798
733,60,cvae,5,44,0.59375,0.6015625,0.6396004098360656,1.0,5.033333778381348,1.0545966625213623
734,60,cvae,5,44,0.453125,0.2578125,0.5163043478260869,1.0,4.060820579528809,0.6383891105651855
735,60,cvae,5,44,0.609375,0.59375,0.5342465753424658,1.0,2.8497486114501953,0.6230286955833435
736,60,cvae,5,44,0.515625,0.421875,0.5333333333333333,1.0,4.673475742340088,0.9299986362457275
737,60,cvae,5,44,0.375,0.34375,0.53125,1.0,6.335407257080078,1.0351320505142212
738,60,cvae,5,44,0.5,0.4453125,0.5341880341880342,1.0,8.871593475341797,1.2902772426605225
739,60,cvae,5,44,0.3671875,0.46875,0.44535714285714284,1.0,3.9291281700134277,0.6525067090988159
740,60,cvae,5,44,0.4296875,0.6328125,0.5104667124227865,1.0,7.106421947479248,1.0876010656356812
741,60,cvae,5,44,0.4140625,0.4453125,0.4824561403508772,1.0,6.48140811920166,1.1395474672317505
742,60,cvae,5,44,0.4375,0.328125,0.5384615384615384,1.0,9.784126281738281,1.4532493352890015
743,60,cvae,5,44,0.46875,0.46875,0.4918032786885246,1.0,4.432798862457275,0.9210246801376343
744,60,cvae,5,44,0.390625,0.5390625,0.43146000594707107,1.0,3.24828839302063,0.7730176448822021
745,60,cvae,5,44,0.5,0.625,0.5,1.0,3.274061441421509,0.7381746172904968
746,60,cvae,5,44,0.53125,0.375,0.5,1.0,5.695738792419434,1.013565182685852
747,60,cvae,5,44,0.296875,0.3203125,0.4736842105263158,1.0,7.819332122802734,1.2727172374725342
748,60,cvae,5,44,0.390625,0.40625,0.5272727272727272,1.0,5.738577842712402,1.0371499061584473
749,60,cvae,5,44,0.515625,0.375,0.515625,1.0,3.659104824066162,0.7873331308364868
750,60,cvae,5,44,0.34375,0.53125,0.391304347826087,1.0,5.290431976318359,0.8612087965011597
751,60,cvae,5,44,0.3515625,0.3671875,0.4508909169926119,1.0,5.8653717041015625,1.075311541557312
752,60,cvae,5,44,0.46875,0.3125,0.6379310344827587,1.0,7.218830108642578,1.3084720373153687
753,60,cvae,5,44,0.2578125,0.3828125,0.351159114857745,1.0,5.51071310043335,1.0896503925323486
754,60,cvae,5,44,0.40625,0.421875,0.4727272727272727,1.0,2.7056632041931152,0.504980742931366
755,60,cvae,5,44,0.53125,0.640625,0.5808007013442431,1.0,4.341636657714844,0.8144222497940063
756,60,cvae,5,44,0.359375,0.5,0.46153846153846156,1.0,3.2545173168182373,0.60710608959198
757,60,cvae,5,44,0.4140625,0.5078125,0.5111111111111111,1.0,3.0639801025390625,0.7100830078125
758,60,cvae,5,44,0.3828125,0.484375,0.4858490566037736,1.0,4.622378826141357,0.9361662268638611
759,60,cvae,5,44,0.46875,0.515625,0.48290217068093966,1.0,4.03040075302124,0.8457205295562744
760,60,cvae,5,44,0.484375,0.515625,0.5333333333333333,1.0,2.237704277038574,0.39526456594467163
761,60,cvae,5,44,0.375,0.40625,0.47895981087470446,1.0,6.720534324645996,1.1282691955566406
762,60,cvae,5,44,0.5390625,0.375,0.5432190760059612,1.0,3.3095381259918213,0.6386603713035583
763,60,cvae,5,44,0.40625,0.53125,0.4593201754385965,1.0,4.542107582092285,0.8694827556610107
764,60,cvae,5,44,0.375,0.359375,0.5191761363636364,1.0,8.529491424560547,1.5831992626190186
765,60,cvae,5,44,0.34375,0.359375,0.5633802816901409,1.0,4.875332832336426,1.0113967657089233
766,60,cvae,5,44,0.34375,0.328125,0.47961672473867595,1.0,9.110332489013672,1.6395444869995117
767,60,cvae,5,44,0.359375,0.390625,0.5227272727272727,1.0,5.352813720703125,0.7807318568229675
768,60,cvae,5,44,0.4765625,0.5,0.4913268411442483,1.0,3.1282596588134766,0.5936288237571716
769,60,cvae,5,44,0.421875,0.359375,0.5576923076923077,1.0,3.750563859939575,0.6549189686775208
770,60,cvae,5,44,0.28125,0.4375,0.4444444444444444,1.0,4.977448463439941,0.9308090209960938
771,60,cvae,5,44,0.421875,0.5625,0.4838709677419355,1.0,1.8022985458374023,0.3403305411338806
772,60,cvae,5,44,0.46875,0.296875,0.5302911093627065,1.0,7.340399265289307,1.065590262413025
773,60,cvae,5,44,0.46875,0.421875,0.4925373134328358,1.0,4.22501277923584,0.6813163757324219
774,60,cvae,5,44,0.625,0.46875,0.6301716549295775,1.0,3.7969348430633545,0.7558083534240723
775,60,cvae,5,44,0.375,0.328125,0.47401247401247404,1.0,12.323382377624512,1.768903136253357
776,60,cvae,5,44,0.46875,0.59375,0.5609756097560976,1.0,3.8111863136291504,0.6873161792755127
777,60,cvae,5,44,0.390625,0.53125,0.423728813559322,1.0,4.683022975921631,0.7047686576843262
778,60,cvae,5,44,0.375,0.296875,0.4375,1.0,8.278047561645508,1.188233733177185
779,60,cvae,5,44,0.4375,0.5625,0.4666666666666667,1.0,2.970579147338867,0.5607477426528931
780,60,cvae,5,44,0.515625,0.390625,0.5774497869750457,1.0,6.492505073547363,1.3277190923690796
781,60,cvae,5,44,0.375,0.5078125,0.3902127659574468,1.0,3.422943115234375,0.6179689764976501
782,60,cvae,5,44,0.421875,0.4375,0.5,1.0,5.557590961456299,1.0777366161346436
783,60,cvae,5,44,0.4921875,0.5546875,0.5200109649122807,1.0,3.237654447555542,0.6086214780807495
784,60,cvae,5,44,0.3359375,0.5078125,0.475068306010929,1.0,2.617549180984497,0.4986473321914673
785,60,cvae,5,44,0.4921875,0.53125,0.5183760683760683,1.0,3.017888307571411,0.5443653464317322
786,60,cvae,5,44,0.21875,0.1796875,0.46207729468599035,1.0,11.248270988464355,1.3692402839660645
787,60,cvae,5,44,0.3203125,0.4921875,0.41143578643578643,1.0,4.294510841369629,0.8490273952484131
788,60,cvae,5,44,0.4765625,0.546875,0.5599358974358974,1.0,3.677699327468872,0.7252599000930786
789,60,cvae,5,44,0.484375,0.5,0.5128205128205128,1.0,7.901050090789795,1.3405580520629883
790,60,cvae,5,44,0.359375,0.203125,0.4406779661016949,1.0,6.899114608764648,1.094443440437317
791,60,cvae,5,44,0.46875,0.359375,0.5555555555555556,1.0,7.735198974609375,1.2728053331375122
792,60,cvae,5,44,0.453125,0.4921875,0.41993006993007,1.0,3.921712636947632,0.6767414808273315
793,60,cvae,5,44,0.5,0.296875,0.5932203389830508,1.0,4.920652866363525,1.0365891456604004
794,60,cvae,5,44,0.421875,0.34375,0.4864864864864865,1.0,6.369638919830322,0.9595797061920166
795,60,cvae,5,44,0.546875,0.3984375,0.5638405797101449,1.0,4.893535137176514,1.018106460571289
796,60,cvae,5,44,0.5625,0.578125,0.5666980539861896,1.0,4.909680366516113,0.9624701738357544
797,60,cvae,5,44,0.546875,0.53125,0.5185185185185185,1.0,3.777413845062256,0.6875417828559875
798,60,cvae,5,44,0.40625,0.421875,0.4482758620689655,1.0,4.5634636878967285,0.7724542617797852
799,60,cvae,5,44,0.46875,0.421875,0.5172413793103449,1.0,4.686817169189453,0.8502518534660339
800,60,cvae,5,44,0.390625,0.703125,0.37209302325581395,1.0,3.25797700881958,0.6262255311012268
801,60,cvae,5,44,0.484375,0.59375,0.44285714285714284,1.0,2.1875014305114746,0.402434766292572
802,60,cvae,5,44,0.4375,0.34375,0.6428571428571429,1.0,2.036558151245117,0.44081419706344604
803,60,cvae,5,44,0.453125,0.5859375,0.4240301724137931,1.0,2.4629502296447754,0.5904335975646973
804,60,cvae,5,44,0.40625,0.59375,0.44,1.0,6.854968070983887,1.1141281127929688
805,60,cvae,5,44,0.390625,0.4375,0.5208333333333334,1.0,6.035810470581055,0.9323604702949524
806,60,cvae,5,44,0.4140625,0.4765625,0.46988498789346245,1.0,8.44742202758789,1.2797887325286865
807,60,cvae,5,44,0.4375,0.59375,0.4827586206896552,1.0,3.8487906455993652,0.6961934566497803
808,60,cvae,5,44,0.421875,0.46875,0.4647887323943662,1.0,6.199001789093018,1.3243697881698608
809,60,cvae,5,44,0.5,0.5625,0.44,1.0,2.74961256980896,0.5751694440841675
810,60,cvae,5,44,0.421875,0.515625,0.57580077142378,1.0,5.292385101318359,0.8213642239570618
811,60,cvae,5,44,0.453125,0.4453125,0.45364612775579427,1.0,5.444753646850586,0.81967693567276
812,60,cvae,5,44,0.359375,0.421875,0.43103448275862066,1.0,2.4044086933135986,0.43996840715408325
813,60,cvae,5,44,0.515625,0.59375,0.5,1.0,3.616889476776123,0.7640523910522461
814,60,cvae,5,44,0.5,0.515625,0.5076923076923077,1.0,4.686969757080078,0.9854313731193542
815,60,cvae,5,44,0.34375,0.453125,0.5384615384615384,1.0,7.78885555267334,1.2664753198623657
816,60,cvae,5,44,0.515625,0.515625,0.5074626865671642,1.0,6.267923355102539,1.1138287782669067
817,60,cvae,5,44,0.3359375,0.4453125,0.4817073170731707,1.0,8.356712341308594,1.4446823596954346
818,60,cvae,5,44,0.421875,0.5,0.4444444444444444,1.0,3.7626023292541504,0.6695172190666199
819,60,cvae,5,44,0.3515625,0.390625,0.4507692307692308,1.0,5.279544830322266,1.2378846406936646
820,60,cvae,5,44,0.3828125,0.375,0.4410207029369283,1.0,4.036284446716309,0.8174428939819336
821,60,cvae,5,44,0.4765625,0.5,0.609775641025641,1.0,6.759761333465576,1.2401074171066284
822,60,cvae,5,44,0.4609375,0.390625,0.5650062266500622,1.0,2.0497264862060547,0.47842586040496826
823,60,cvae,5,44,0.375,0.5390625,0.3168859649122807,1.0,3.1935765743255615,0.6554291248321533
824,60,cvae,5,44,0.484375,0.5,0.4745762711864407,1.0,3.7739439010620117,0.7334262132644653
825,60,cvae,5,44,0.328125,0.4375,0.4090909090909091,1.0,5.621182441711426,0.9732261896133423
826,60,cvae,5,44,0.34375,0.515625,0.4418604651162791,1.0,6.834325790405273,1.0085407495498657
827,60,cvae,5,44,0.4375,0.4921875,0.4532967032967033,1.0,5.321232318878174,1.2376048564910889
828,60,cvae,5,44,0.40625,0.65625,0.4868421052631579,1.0,5.355262756347656,0.8582969903945923
829,60,cvae,5,44,0.4296875,0.5859375,0.43171296296296297,1.0,4.281468391418457,0.8120524287223816
830,60,cvae,5,44,0.40625,0.46875,0.5084745762711864,1.0,4.009593486785889,0.7571609616279602
831,60,cvae,5,44,0.6953125,0.6171875,0.6404970760233918,1.0,4.0420637130737305,0.8613380789756775
832,60,cvae,5,44,0.453125,0.671875,0.417910447761194,1.0,6.670620918273926,1.1433660984039307
833,60,cvae,5,44,0.4765625,0.4453125,0.5355661881977671,1.0,8.456609725952148,1.468209981918335
834,60,cvae,5,44,0.4921875,0.3515625,0.5,1.0,7.934154033660889,1.4290210008621216
835,60,cvae,5,44,0.3671875,0.4296875,0.4676884838442419,1.0,5.00799560546875,0.8684356808662415
836,60,cvae,5,44,0.3125,0.390625,0.45454545454545453,1.0,8.832059860229492,1.7145878076553345
837,60,cvae,5,44,0.484375,0.4375,0.5428571428571428,1.0,3.2883217334747314,0.6494928598403931
838,60,cvae,5,44,0.609375,0.6328125,0.5330627834805443,1.0,5.2808332443237305,1.1028138399124146
839,60,cvae,5,44,0.640625,0.640625,0.5068493150684932,1.0,2.484631061553955,0.4692418575286865
840,60,cvae,5,44,0.515625,0.4375,0.5789473684210527,1.0,4.326598167419434,0.8298415541648865
841,60,cvae,5,44,0.5,0.546875,0.543859649122807,1.0,3.3681674003601074,0.6764392852783203
842,60,cvae,5,44,0.5234375,0.578125,0.5298155298155298,1.0,3.0942952632904053,0.5953811407089233
843,60,cvae,5,44,0.4375,0.625,0.5,1.0,5.717838287353516,1.1651562452316284
844,60,cvae,5,44,0.546875,0.65625,0.5238095238095238,1.0,4.270017623901367,0.8328033685684204
845,60,cvae,5,44,0.40625,0.4921875,0.5260162601626016,1.0,7.666212558746338,1.1405118703842163
846,60,cvae,5,44,0.453125,0.578125,0.4915254237288136,1.0,3.5051424503326416,0.7417277693748474
847,60,cvae,5,44,0.46875,0.5,0.543859649122807,1.0,5.710211753845215,0.9635683298110962
848,60,cvae,5,44,0.421875,0.484375,0.4909090909090909,1.0,2.610565423965454,0.5980531573295593
849,60,cvae,5,44,0.546875,0.5,0.517950786607503,1.0,4.776142120361328,0.7461959719657898
850,60,cvae,5,44,0.5,0.5625,0.4642857142857143,1.0,3.5372886657714844,0.7564190626144409
851,60,cvae,5,44,0.46875,0.546875,0.5555555555555556,1.0,6.489614486694336,0.9565151333808899
852,60,cvae,5,44,0.390625,0.53125,0.44642857142857145,1.0,5.180563926696777,1.0072327852249146
853,60,cvae,5,44,0.328125,0.4375,0.49122807017543857,1.0,3.462853193283081,0.6495773196220398
854,60,cvae,5,44,0.3671875,0.4453125,0.3973813420621931,1.0,3.2316226959228516,0.6148406267166138
855,60,cvae,5,44,0.375,0.359375,0.5,1.0,7.259083271026611,1.278017520904541
856,60,cvae,5,44,0.4765625,0.6484375,0.5061239871867345,1.0,5.506771564483643,1.0273537635803223
857,60,cvae,5,44,0.421875,0.640625,0.3880992196209587,1.0,7.174801826477051,1.2102068662643433
858,60,cvae,5,44,0.3359375,0.3203125,0.4553429027113237,1.0,4.666944980621338,0.8196350932121277
859,60,cvae,5,44,0.625,0.625,0.48314606741573035,1.0,4.591606140136719,0.8844746351242065
860,60,cvae,5,44,0.3671875,0.390625,0.4606060606060606,1.0,3.3315107822418213,0.6776605844497681
861,60,cvae,5,44,0.53125,0.5625,0.5064935064935064,1.0,8.18174934387207,1.1097975969314575
862,60,cvae,5,44,0.390625,0.3203125,0.5694736842105264,1.0,4.7640156745910645,0.8496304750442505
863,60,cvae,5,44,0.375,0.296875,0.6266666666666667,1.0,9.58034610748291,1.5528578758239746
864,60,cvae,5,44,0.34375,0.375,0.43478260869565216,1.0,6.55000638961792,0.8533354997634888
865,60,cvae,5,44,0.390625,0.5625,0.3968253968253968,1.0,3.590379476547241,0.7045941352844238
866,60,cvae,5,44,0.46875,0.5078125,0.4901802528921173,1.0,4.7822957038879395,0.785212516784668
867,60,cvae,5,44,0.34375,0.375,0.4375,1.0,7.568858623504639,1.5881811380386353
868,60,cvae,5,44,0.3984375,0.515625,0.4386792452830189,1.0,2.3970651626586914,0.4144515097141266
869,60,cvae,5,44,0.4453125,0.5625,0.43761859582542695,1.0,3.108829975128174,0.6891840100288391
870,60,cvae,5,44,0.3671875,0.34375,0.48618538324420674,1.0,5.775156021118164,1.0128471851348877
871,60,cvae,5,44,0.484375,0.46875,0.46153846153846156,1.0,2.879625082015991,0.5622121095657349
872,60,cvae,5,44,0.203125,0.234375,0.34210526315789475,1.0,7.519899368286133,1.1595669984817505
873,60,cvae,5,44,0.5,0.53125,0.45714285714285713,1.0,3.4461824893951416,0.741538405418396
874,60,cvae,5,44,0.46875,0.46875,0.5686274509803921,1.0,4.7267913818359375,0.8532561659812927
875,60,cvae,5,44,0.5078125,0.546875,0.5166456494325347,1.0,4.325874328613281,0.8868245482444763
876,60,cvae,5,44,0.40625,0.46875,0.4642857142857143,1.0,5.311190605163574,1.0032875537872314
877,60,cvae,5,44,0.3828125,0.375,0.4508064516129032,1.0,10.325593948364258,1.6012763977050781
878,60,cvae,5,44,0.34375,0.46875,0.3895676691729323,1.0,5.540500640869141,1.1064451932907104
879,60,cvae,5,44,0.375,0.359375,0.48769819573537454,1.0,4.470572471618652,0.6989352107048035
880,60,cvae,5,44,0.484375,0.6640625,0.4368131868131868,1.0,7.222480773925781,1.1934888362884521
881,60,cvae,5,44,0.453125,0.5,0.6101694915254238,1.0,3.939565420150757,0.8073738813400269
882,60,cvae,5,44,0.453125,0.515625,0.5294117647058824,1.0,3.6403753757476807,0.7274023294448853
883,60,cvae,5,44,0.4140625,0.4609375,0.4835497835497835,1.0,6.4630513191223145,1.1051563024520874
884,60,cvae,5,44,0.4921875,0.578125,0.4626736111111111,1.0,3.8639163970947266,0.8741506934165955
885,60,cvae,5,44,0.375,0.4296875,0.48333333333333334,1.0,3.2134146690368652,0.7092512249946594
886,60,cvae,5,44,0.375,0.34375,0.4067796610169492,1.0,8.821415901184082,1.3053028583526611
887,60,cvae,5,44,0.484375,0.640625,0.5555555555555556,1.0,3.5103700160980225,0.5682576298713684
888,60,cvae,5,44,0.4296875,0.5,0.4805491990846682,1.0,5.437864303588867,0.9229479432106018
889,60,cvae,5,44,0.5625,0.328125,0.5806451612903226,1.0,4.871244430541992,0.9498794674873352
890,60,cvae,5,44,0.28125,0.328125,0.35,1.0,5.279299259185791,0.88349848985672
891,60,cvae,5,44,0.390625,0.3671875,0.5866120218579235,1.0,2.266934633255005,0.48901423811912537
892,60,cvae,5,44,0.640625,0.53125,0.5145631067961165,1.0,3.5908732414245605,0.7473803162574768
893,60,cvae,5,44,0.4453125,0.484375,0.5671095213762561,1.0,7.09831428527832,1.0693204402923584
894,60,cvae,5,44,0.375,0.25,0.5277777777777778,1.0,4.7732744216918945,0.8648420572280884
895,60,cvae,5,44,0.4375,0.421875,0.5116279069767442,1.0,8.077251434326172,1.472815990447998
896,60,cvae,5,44,0.71875,0.65625,0.5,1.0,3.7916431427001953,0.8223292827606201
897,60,cvae,5,44,0.359375,0.4375,0.42592592592592593,1.0,2.5744786262512207,0.45530062913894653
898,60,cvae,5,44,0.484375,0.359375,0.5166666666666667,1.0,4.1541242599487305,0.8290992975234985
899,60,cvae,5,44,0.3125,0.3671875,0.43859649122807015,1.0,4.855598449707031,0.9676029086112976
900,60,cvae,5,44,0.421875,0.421875,0.5037037037037037,1.0,6.957544326782227,1.0995471477508545
901,60,cvae,5,44,0.40625,0.4453125,0.4494826536822885,1.0,4.245591163635254,0.8643861413002014
902,60,cvae,5,44,0.375,0.4375,0.4375,1.0,5.579893589019775,0.876387357711792
903,60,cvae,5,44,0.453125,0.640625,0.42857142857142855,1.0,3.1743571758270264,0.5735306739807129
904,60,cvae,5,44,0.4140625,0.421875,0.5261194029850746,1.0,8.265228271484375,1.6171890497207642
905,60,cvae,5,44,0.40625,0.5,0.40625,1.0,3.42954158782959,0.7299311757087708
906,60,cvae,5,44,0.3984375,0.375,0.4660734149054505,1.0,4.010436058044434,0.7287257313728333
907,60,cvae,5,44,0.484375,0.546875,0.45482587064676616,1.0,3.2114341259002686,0.6718549728393555
908,60,cvae,5,44,0.515625,0.59375,0.4852941176470588,1.0,4.107375144958496,0.8245469927787781
909,60,cvae,5,44,0.375,0.5625,0.4691358024691358,1.0,4.098662376403809,0.6681287884712219
910,60,cvae,5,44,0.5390625,0.734375,0.5143723332584774,1.0,5.584406852722168,1.2048858404159546
911,60,cvae,5,44,0.3125,0.40625,0.5555555555555556,1.0,7.716364860534668,1.4176387786865234
912,60,cvae,5,44,0.421875,0.484375,0.48214285714285715,1.0,3.105433225631714,0.6609017252922058
913,60,cvae,5,44,0.578125,0.625,0.6065573770491803,1.0,4.3638482093811035,0.8360124230384827
914,60,cvae,5,44,0.59375,0.640625,0.59375,1.0,2.8101792335510254,0.5240973830223083
915,60,cvae,5,44,0.375,0.28125,0.42857142857142855,1.0,8.443216323852539,1.5506137609481812
916,60,cvae,5,44,0.4140625,0.40625,0.4708011583011583,1.0,2.4418556690216064,0.5258581638336182
917,60,cvae,5,44,0.59375,0.6484375,0.5982456140350877,1.0,7.8419389724731445,1.3263672590255737
918,60,cvae,5,44,0.3984375,0.453125,0.5776053215077606,1.0,2.7438838481903076,0.6522176265716553
919,60,cvae,5,44,0.359375,0.2890625,0.6168478260869565,1.0,6.209206581115723,1.237318754196167
920,60,cvae,5,44,0.265625,0.328125,0.42105263157894735,1.0,4.273283004760742,0.8643165826797485
921,60,cvae,5,44,0.265625,0.390625,0.325,1.0,4.632075309753418,0.7906721830368042
922,60,cvae,5,44,0.484375,0.546875,0.5571428571428572,1.0,2.5309813022613525,0.607789933681488
923,60,cvae,5,44,0.375,0.5234375,0.4375,1.0,5.4846696853637695,0.9597961902618408
924,60,cvae,5,44,0.484375,0.453125,0.5636363636363636,1.0,5.012041091918945,0.9325124025344849
925,60,cvae,5,44,0.5625,0.515625,0.5217391304347826,1.0,3.6027777194976807,0.8118698000907898
926,60,cvae,5,44,0.5625,0.546875,0.6037735849056604,1.0,3.779581069946289,0.6563899517059326
927,60,cvae,5,44,0.34375,0.4609375,0.48547215496368035,1.0,5.053458213806152,0.9402778744697571
928,60,cvae,5,44,0.546875,0.5625,0.6363636363636364,1.0,3.522834300994873,0.729056179523468
929,60,cvae,5,44,0.34375,0.5625,0.44680851063829785,1.0,5.259520053863525,0.9213106632232666
930,60,cvae,5,44,0.375,0.6875,0.4423076923076923,1.0,11.278566360473633,1.4399439096450806
931,60,cvae,5,44,0.6328125,0.5859375,0.5741758241758241,1.0,3.9262688159942627,0.9004375338554382
932,60,cvae,5,44,0.359375,0.578125,0.42857142857142855,1.0,5.52087926864624,1.0368156433105469
933,60,cvae,5,44,0.3203125,0.2890625,0.41453940066592676,1.0,6.142826557159424,1.1493642330169678
934,60,cvae,5,44,0.609375,0.609375,0.5897058823529412,1.0,3.0691170692443848,0.6892045140266418
935,60,cvae,5,44,0.59375,0.4375,0.5205479452054794,1.0,4.766291618347168,0.8131880760192871
936,60,cvae,5,44,0.421875,0.5,0.4618357487922705,1.0,3.5471279621124268,0.749321699142456
937,60,cvae,5,44,0.40625,0.5625,0.5172413793103449,1.0,5.986745834350586,1.0076807737350464
938,60,cvae,5,44,0.5234375,0.6015625,0.5983694486161768,1.0,2.8458969593048096,0.5216566324234009
939,60,cvae,5,44,0.484375,0.484375,0.6739130434782609,1.0,5.335344314575195,0.8782153129577637
940,60,cvae,5,44,0.4453125,0.4921875,0.43141025641025643,1.0,7.780002117156982,1.2382824420928955
941,60,cvae,5,44,0.390625,0.3515625,0.5403263403263403,1.0,4.462486267089844,0.8204731345176697
942,60,cvae,5,44,0.4453125,0.484375,0.5542328042328042,1.0,8.197834014892578,1.3247281312942505
943,60,cvae,5,44,0.640625,0.8046875,0.4783950617283951,1.0,2.7322704792022705,0.5208386182785034
944,60,cvae,5,44,0.3125,0.390625,0.3469387755102041,1.0,10.352632522583008,1.5795261859893799
945,60,cvae,5,44,0.3359375,0.421875,0.5462939539590185,1.0,3.4459714889526367,0.7188841700553894
946,60,cvae,5,44,0.6171875,0.6875,0.5714285714285714,1.0,5.631311893463135,1.0928562879562378
947,60,cvae,5,44,0.484375,0.6015625,0.542116076014381,1.0,4.455991268157959,0.8467918038368225
948,60,cvae,5,44,0.4609375,0.515625,0.49632144878324846,1.0,3.6735756397247314,0.617407500743866
949,60,cvae,5,44,0.53125,0.5,0.4791666666666667,1.0,3.819432020187378,0.6867096424102783
950,60,cvae,5,44,0.390625,0.359375,0.5333333333333333,1.0,4.374125003814697,0.9354395270347595
951,60,cvae,5,44,0.4375,0.546875,0.5833333333333334,1.0,4.274995803833008,0.9268885850906372
952,60,cvae,5,44,0.5,0.5,0.5853658536585366,1.0,3.4542250633239746,0.6388470530509949
953,60,cvae,5,44,0.421875,0.546875,0.48717948717948717,1.0,3.166834592819214,0.651439905166626
954,60,cvae,5,44,0.4375,0.484375,0.5,1.0,3.4478323459625244,0.6230565905570984
955,60,cvae,5,44,0.4296875,0.390625,0.5084745762711864,1.0,6.100672721862793,1.0629242658615112
956,60,cvae,5,44,0.34375,0.40625,0.5,1.0,9.090538024902344,1.5170671939849854
957,60,cvae,5,44,0.578125,0.578125,0.5952380952380952,1.0,4.609358787536621,0.9364597201347351
958,60,cvae,5,44,0.390625,0.46875,0.5,1.0,2.083601951599121,0.458426833152771
959,60,cvae,5,44,0.375,0.46875,0.543859649122807,1.0,4.926455497741699,0.8121527433395386
960,60,cvae,5,44,0.375,0.390625,0.5079365079365079,1.0,3.6158366203308105,0.6588708758354187
961,60,cvae,5,44,0.5390625,0.578125,0.462319370770075,1.0,3.5954883098602295,0.5574679970741272
962,60,cvae,5,44,0.5,0.5625,0.5294117647058824,1.0,4.4772114753723145,0.7833631038665771
963,60,cvae,5,44,0.4609375,0.6171875,0.3812898653437279,1.0,3.5375585556030273,0.7081316113471985
964,60,cvae,5,44,0.390625,0.375,0.43235947919974593,1.0,6.2288007736206055,1.1615676879882812
965,60,cvae,5,44,0.4453125,0.5078125,0.5209551656920078,1.0,7.940571308135986,1.1033353805541992
966,60,cvae,5,44,0.53125,0.53125,0.46875,1.0,5.627266883850098,0.9443711042404175
967,60,cvae,5,44,0.421875,0.421875,0.5384615384615384,1.0,7.24192476272583,1.3255146741867065
968,60,cvae,5,44,0.3984375,0.6953125,0.3663113479902287,1.0,3.4746973514556885,0.7082195281982422
969,60,cvae,5,44,0.46875,0.5,0.42857142857142855,1.0,7.225137710571289,1.0248997211456299
970,60,cvae,5,44,0.390625,0.40625,0.42857142857142855,1.0,4.607574939727783,0.7877313494682312
971,60,cvae,5,44,0.453125,0.578125,0.532258064516129,1.0,5.976738452911377,0.8713369965553284
972,60,cvae,5,44,0.4453125,0.4140625,0.482202447163515,1.0,2.5547826290130615,0.424585223197937
973,60,cvae,5,44,0.3671875,0.4140625,0.43890056022408963,1.0,5.56804084777832,0.9995988607406616
974,60,cvae,5,44,0.515625,0.390625,0.6021505376344086,1.0,4.111919403076172,0.7628737092018127
975,60,cvae,5,44,0.5625,0.578125,0.47368421052631576,1.0,3.2205283641815186,0.6961354613304138
976,60,cvae,5,44,0.390625,0.40625,0.48316498316498313,1.0,4.244829177856445,0.8124604821205139
977,60,cvae,5,44,0.609375,0.484375,0.639344262295082,1.0,5.008177757263184,0.9556530714035034
978,60,cvae,5,44,0.4921875,0.546875,0.45213963963963966,1.0,5.140949726104736,1.0254381895065308
979,60,cvae,5,44,0.546875,0.609375,0.5689655172413793,1.0,4.4347686767578125,0.8067338466644287
980,60,cvae,5,44,0.4375,0.4140625,0.5678304904051172,1.0,2.929349660873413,0.6058772206306458
981,60,cvae,5,44,0.515625,0.484375,0.4925373134328358,1.0,6.039254665374756,0.9080875515937805
982,60,cvae,5,44,0.4453125,0.5859375,0.44863731656184486,1.0,3.253431558609009,0.7701599597930908
983,60,cvae,5,44,0.28125,0.328125,0.48484848484848486,1.0,4.975666522979736,0.8871461153030396
984,60,cvae,5,44,0.5,0.65625,0.47863247863247865,1.0,5.136496543884277,0.9818982481956482
985,60,cvae,5,44,0.4453125,0.6484375,0.39784313725490195,1.0,2.733013153076172,0.5778602361679077
986,60,cvae,5,44,0.484375,0.59375,0.48500749625187406,1.0,3.8405513763427734,0.6753522157669067
987,60,cvae,5,44,0.46875,0.5625,0.58,1.0,4.866456031799316,0.9183469414710999
988,60,cvae,5,44,0.453125,0.4296875,0.48511904761904756,1.0,10.309036254882812,1.7146530151367188
989,60,cvae,5,44,0.4765625,0.5390625,0.5258430071862907,1.0,5.527856826782227,0.9287476539611816
990,60,cvae,5,44,0.484375,0.578125,0.5142857142857142,1.0,3.6989986896514893,0.767048180103302
991,60,cvae,5,44,0.453125,0.453125,0.4745762711864407,1.0,4.383749961853027,0.7778473496437073
992,60,cvae,5,44,0.453125,0.4609375,0.4253521126760563,1.0,1.4610671997070312,0.31700336933135986
993,60,cvae,5,44,0.4609375,0.4140625,0.4880952380952381,1.0,3.7655892372131348,0.6257235407829285
994,60,cvae,5,44,0.4375,0.328125,0.5714285714285714,1.0,4.8863019943237305,0.8194622993469238
995,60,cvae,5,44,0.359375,0.453125,0.47761194029850745,1.0,7.0829973220825195,1.4650888442993164
996,60,cvae,5,44,0.578125,0.578125,0.5692307692307692,1.0,4.471926689147949,0.9722838401794434
997,60,cvae,5,44,0.375,0.390625,0.49019607843137253,1.0,7.765462875366211,1.2793077230453491
998,60,cvae,5,44,0.3125,0.359375,0.36764705882352944,1.0,9.19332218170166,1.450652003288269
999,60,cvae,5,44,0.4296875,0.6171875,0.5753968253968254,1.0,2.733091354370117,0.5111315846443176
0,80,cvae,5,44,0.4375,0.5,0.4727272727272727,1.0,4.173949241638184,0.6592143177986145
1,80,cvae,5,44,0.375,0.3125,0.4576271186440678,1.0,7.978246688842773,1.3685503005981445
2,80,cvae,5,44,0.453125,0.421875,0.47540983606557374,1.0,2.9779529571533203,0.5259618163108826
3,80,cvae,5,44,0.5,0.515625,0.5238095238095238,1.0,6.01823616027832,0.9225844740867615
4,80,cvae,5,44,0.453125,0.3515625,0.6028138528138528,1.0,7.036672592163086,1.4359809160232544
5,80,cvae,5,44,0.421875,0.359375,0.6029411764705882,1.0,11.112933158874512,1.7217599153518677
6,80,cvae,5,44,0.3125,0.203125,0.4,1.0,7.943270206451416,1.496067762374878
7,80,cvae,5,44,0.421875,0.2734375,0.5733870967741936,1.0,6.370331287384033,1.0316271781921387
8,80,cvae,5,44,0.734375,0.546875,0.6162790697674418,1.0,2.162914991378784,0.46803534030914307
9,80,cvae,5,44,0.40625,0.453125,0.5384615384615384,1.0,3.429107427597046,0.6023852825164795
10,80,cvae,5,44,0.25,0.3984375,0.5010416666666666,1.0,4.803353309631348,0.9261255860328674
11,80,cvae,5,44,0.4375,0.53125,0.609375,1.0,7.878047943115234,1.3132416009902954
12,80,cvae,5,44,0.453125,0.4375,0.5,1.0,3.7528979778289795,0.7357670664787292
13,80,cvae,5,44,0.453125,0.5625,0.47540983606557374,1.0,3.9354615211486816,0.8421841859817505
14,80,cvae,5,44,0.46875,0.421875,0.6,1.0,6.589153289794922,1.1041053533554077
15,80,cvae,5,44,0.421875,0.3359375,0.6212121212121212,1.0,7.635004997253418,1.4301319122314453
16,80,cvae,5,44,0.53125,0.3125,0.625,1.0,7.243289947509766,1.3486568927764893
17,80,cvae,5,44,0.5859375,0.5234375,0.604177897574124,1.0,5.147407531738281,0.9255530834197998
18,80,cvae,5,44,0.578125,0.609375,0.5483870967741935,1.0,3.3853580951690674,0.6926515698432922
19,80,cvae,5,44,0.328125,0.359375,0.5,1.0,2.828993320465088,0.594248354434967
20,80,cvae,5,44,0.546875,0.5,0.567907995618839,1.0,4.37941312789917,0.8183043599128723
21,80,cvae,5,44,0.453125,0.59375,0.40350877192982454,1.0,3.224015474319458,0.5362634062767029
22,80,cvae,5,44,0.515625,0.578125,0.6481481481481481,1.0,4.281209945678711,0.9754137396812439
23,80,cvae,5,44,0.4140625,0.46875,0.5046452702702703,1.0,3.760641098022461,0.6915186643600464
24,80,cvae,5,44,0.34375,0.296875,0.5540540540540541,1.0,4.912259101867676,0.8213561177253723
25,80,cvae,5,44,0.53125,0.640625,0.52,1.0,4.105055809020996,0.7719935178756714
26,80,cvae,5,44,0.4921875,0.4140625,0.5741935483870968,1.0,2.136482000350952,0.41962406039237976
27,80,cvae,5,44,0.515625,0.671875,0.4358974358974359,1.0,2.2973830699920654,0.41637805104255676
28,80,cvae,5,44,0.765625,0.75,0.5903614457831325,1.0,3.706173896789551,0.8132421374320984
29,80,cvae,5,44,0.34375,0.234375,0.5319148936170213,1.0,7.783025741577148,1.3290389776229858
30,80,cvae,5,44,0.3671875,0.3515625,0.5473496128648005,1.0,2.9131007194519043,0.5373502969741821
31,80,cvae,5,44,0.421875,0.421875,0.5102040816326531,1.0,7.115302085876465,1.2413805723190308
32,80,cvae,5,44,0.359375,0.28125,0.5370370370370371,1.0,6.726889133453369,1.2471603155136108
33,80,cvae,5,44,0.421875,0.34375,0.4827586206896552,1.0,5.790887832641602,1.2378946542739868
34,80,cvae,5,44,0.6171875,0.390625,0.48374376307741834,1.0,4.912593841552734,0.8119535446166992
35,80,cvae,5,44,0.3828125,0.375,0.44298245614035087,1.0,3.9414072036743164,0.8430596590042114
36,80,cvae,5,44,0.453125,0.421875,0.537221269296741,1.0,3.1976981163024902,0.5274896025657654
37,80,cvae,5,44,0.4375,0.40625,0.5454545454545454,1.0,7.391878128051758,1.2189680337905884
38,80,cvae,5,44,0.5703125,0.5546875,0.5535755881667832,1.0,4.599064826965332,0.7925324440002441
39,80,cvae,5,44,0.4296875,0.484375,0.5266923500275178,1.0,8.560625076293945,1.363122582435608
40,80,cvae,5,44,0.4375,0.359375,0.5,1.0,4.562808036804199,0.8872146010398865
41,80,cvae,5,44,0.59375,0.71875,0.5739356884057971,1.0,4.971612930297852,1.102238416671753
42,80,cvae,5,44,0.375,0.375,0.5227272727272727,1.0,2.0989346504211426,0.44472384452819824
43,80,cvae,5,44,0.34375,0.4453125,0.41542183883862827,1.0,3.3878800868988037,0.4752097725868225
44,80,cvae,5,44,0.5625,0.46875,0.5806451612903226,1.0,5.558811187744141,1.0747931003570557
45,80,cvae,5,44,0.3984375,0.5390625,0.46049896049896055,1.0,3.58880615234375,0.6703099012374878
46,80,cvae,5,44,0.4921875,0.46875,0.5368852459016393,1.0,5.1388726234436035,0.7548781037330627
47,80,cvae,5,44,0.5390625,0.53125,0.5327442827442828,1.0,3.04459547996521,0.5096883773803711
48,80,cvae,5,44,0.515625,0.53125,0.559322033898305,1.0,5.237658977508545,0.7945581078529358
49,80,cvae,5,44,0.390625,0.4375,0.5622950819672131,1.0,6.525864601135254,1.1226061582565308
50,80,cvae,5,44,0.34375,0.265625,0.56,1.0,3.652327537536621,0.6079816818237305
51,80,cvae,5,44,0.390625,0.4375,0.4348484848484848,1.0,5.027263641357422,1.1059622764587402
52,80,cvae,5,44,0.484375,0.484375,0.5343137254901961,1.0,5.072599411010742,0.981806755065918
53,80,cvae,5,44,0.5,0.375,0.5614035087719298,1.0,3.433939218521118,0.6339836120605469
54,80,cvae,5,44,0.46875,0.46875,0.546875,1.0,2.8195414543151855,0.5101976990699768
55,80,cvae,5,44,0.5625,0.609375,0.5079365079365079,1.0,3.5428574085235596,0.7001751661300659
56,80,cvae,5,44,0.5,0.359375,0.5344827586206896,1.0,6.376432418823242,1.2244049310684204
57,80,cvae,5,44,0.34375,0.390625,0.41964285714285715,1.0,9.21953010559082,1.5675606727600098
58,80,cvae,5,44,0.390625,0.4921875,0.45894909688013136,1.0,4.05148983001709,0.8159250617027283
59,80,cvae,5,44,0.328125,0.40625,0.42105263157894735,1.0,4.116238594055176,0.8255258202552795
60,80,cvae,5,44,0.34375,0.5625,0.5394736842105263,1.0,2.5899951457977295,0.5426347851753235
61,80,cvae,5,44,0.375,0.4296875,0.5345170454545455,1.0,3.3618268966674805,0.6638815402984619
62,80,cvae,5,44,0.3984375,0.46875,0.4669811320754717,1.0,1.8165085315704346,0.3310685157775879
63,80,cvae,5,44,0.453125,0.515625,0.5238095238095238,1.0,3.922847032546997,0.9036564826965332
64,80,cvae,5,44,0.53125,0.4375,0.4358974358974359,1.0,5.208569049835205,0.9094224572181702
65,80,cvae,5,44,0.46875,0.4296875,0.5361940298507463,1.0,10.368483543395996,1.5030794143676758
66,80,cvae,5,44,0.46875,0.453125,0.5562119584675975,1.0,3.707099199295044,0.6690060496330261
67,80,cvae,5,44,0.3515625,0.4375,0.4174242424242424,1.0,4.2110371589660645,0.8384409546852112
68,80,cvae,5,44,0.421875,0.3828125,0.5545634920634921,1.0,4.0299272537231445,0.8453882932662964
69,80,cvae,5,44,0.453125,0.3828125,0.538589588377724,1.0,3.5200631618499756,0.6387252807617188
70,80,cvae,5,44,0.34375,0.265625,0.4098360655737705,1.0,7.161389350891113,1.1307604312896729
71,80,cvae,5,44,0.46875,0.5390625,0.571578947368421,1.0,8.038368225097656,1.1347017288208008
72,80,cvae,5,44,0.4375,0.453125,0.5319148936170213,1.0,3.8964972496032715,0.8331845998764038
73,80,cvae,5,44,0.4921875,0.6015625,0.5809668695064232,1.0,6.925142288208008,1.0192033052444458
74,80,cvae,5,44,0.390625,0.390625,0.5106382978723404,1.0,6.887207984924316,1.0653773546218872
75,80,cvae,5,44,0.328125,0.5546875,0.43003851091142486,1.0,4.175262451171875,0.5993187427520752
76,80,cvae,5,44,0.546875,0.546875,0.6066433566433567,1.0,3.21321177482605,0.6934483647346497
77,80,cvae,5,44,0.5703125,0.5546875,0.6178321678321679,1.0,4.052189826965332,0.6772781014442444
78,80,cvae,5,44,0.375,0.234375,0.4918032786885246,1.0,6.3912672996521,0.9515584707260132
79,80,cvae,5,44,0.578125,0.46875,0.578125,1.0,8.168073654174805,1.3293901681900024
80,80,cvae,5,44,0.484375,0.546875,0.5254237288135594,1.0,3.7164080142974854,0.8691533803939819
81,80,cvae,5,44,0.484375,0.484375,0.5576923076923077,1.0,3.1977200508117676,0.7262455224990845
82,80,cvae,5,44,0.5,0.6171875,0.46635030198446936,1.0,7.620513916015625,1.5085179805755615
83,80,cvae,5,44,0.4375,0.53125,0.5833333333333334,1.0,4.495547294616699,1.0024389028549194
84,80,cvae,5,44,0.328125,0.3203125,0.4314565483476132,1.0,6.774621963500977,1.4182473421096802
85,80,cvae,5,44,0.4375,0.3828125,0.5175581870151083,1.0,6.851534843444824,0.8960741758346558
86,80,cvae,5,44,0.5,0.5234375,0.5416666666666666,1.0,2.925945281982422,0.7497449517250061
87,80,cvae,5,44,0.359375,0.390625,0.47058823529411764,1.0,6.061487674713135,1.2816267013549805
88,80,cvae,5,44,0.609375,0.6875,0.5305286671630678,1.0,4.887566089630127,0.9862657785415649
89,80,cvae,5,44,0.53125,0.59375,0.5423728813559322,1.0,3.5915369987487793,0.6876432299613953
90,80,cvae,5,44,0.4375,0.53125,0.46153846153846156,1.0,5.579364776611328,1.0883984565734863
91,80,cvae,5,44,0.4375,0.46875,0.515625,1.0,7.0810370445251465,1.110983967781067
92,80,cvae,5,44,0.4375,0.453125,0.5026709401709402,1.0,6.073225975036621,0.8183180093765259
93,80,cvae,5,44,0.546875,0.453125,0.5072463768115942,1.0,5.173898220062256,0.9238719940185547
94,80,cvae,5,44,0.390625,0.6171875,0.4629629629629629,1.0,7.956581115722656,1.3158336877822876
95,80,cvae,5,44,0.515625,0.375,0.5507246376811594,1.0,3.7167887687683105,0.6473199725151062
96,80,cvae,5,44,0.4375,0.453125,0.45,1.0,5.284306049346924,0.9622145295143127
97,80,cvae,5,44,0.484375,0.484375,0.5147058823529411,1.0,3.9213013648986816,0.7007045745849609
98,80,cvae,5,44,0.4375,0.5,0.49019607843137253,1.0,2.4476399421691895,0.4822160303592682
99,80,cvae,5,44,0.3671875,0.4375,0.3925438596491228,1.0,8.012693405151367,1.3806798458099365
100,80,cvae,5,44,0.375,0.453125,0.45901639344262296,1.0,7.8841633796691895,1.5294958353042603
101,80,cvae,5,44,0.4765625,0.5078125,0.5183537263626251,1.0,4.8441972732543945,0.869513988494873
102,80,cvae,5,44,0.453125,0.421875,0.5535714285714286,1.0,6.746820449829102,1.5014005899429321
103,80,cvae,5,44,0.4375,0.390625,0.4745762711864407,1.0,3.4888436794281006,0.556442379951477
104,80,cvae,5,44,0.421875,0.421875,0.5121951219512195,1.0,5.627773284912109,1.1034668684005737
105,80,cvae,5,44,0.3359375,0.4453125,0.5083333333333333,1.0,7.731907367706299,1.7438167333602905
106,80,cvae,5,44,0.390625,0.5625,0.5319148936170213,1.0,4.839996337890625,0.8654702305793762
107,80,cvae,5,44,0.40625,0.4375,0.4727272727272727,1.0,4.622810363769531,0.9403311014175415
108,80,cvae,5,44,0.5234375,0.453125,0.4467958271236959,1.0,2.56076717376709,0.5257665514945984
109,80,cvae,5,44,0.578125,0.625,0.5,1.0,5.517965793609619,0.9127772450447083
110,80,cvae,5,44,0.546875,0.421875,0.5576923076923077,1.0,3.32395601272583,0.5617393255233765
111,80,cvae,5,44,0.4921875,0.6328125,0.5,1.0,4.2043352127075195,0.9027777910232544
112,80,cvae,5,44,0.40625,0.4375,0.3709677419354839,1.0,3.730356216430664,0.7246061563491821
113,80,cvae,5,44,0.421875,0.421875,0.5469269102990033,1.0,7.422380447387695,1.1897379159927368
114,80,cvae,5,44,0.4296875,0.4140625,0.5092592592592593,1.0,3.225337028503418,0.6618598103523254
115,80,cvae,5,44,0.34375,0.3828125,0.4825783972125436,1.0,2.317141056060791,0.5008492469787598
116,80,cvae,5,44,0.3359375,0.3359375,0.4928617780661908,1.0,5.1468706130981445,0.9375852942466736
117,80,cvae,5,44,0.5,0.65625,0.4827586206896552,1.0,4.066349029541016,0.7787125110626221
118,80,cvae,5,44,0.359375,0.453125,0.4583333333333333,1.0,5.272937774658203,1.0723423957824707
119,80,cvae,5,44,0.390625,0.46875,0.42424242424242425,1.0,7.115250587463379,1.0650193691253662
120,80,cvae,5,44,0.4375,0.5234375,0.4919786096256684,1.0,7.697284698486328,1.4645957946777344
121,80,cvae,5,44,0.484375,0.640625,0.5373134328358209,1.0,5.61595344543457,1.1267880201339722
122,80,cvae,5,44,0.34375,0.5546875,0.47170645446507514,1.0,2.849888801574707,0.4750523269176483
123,80,cvae,5,44,0.25,0.3125,0.532258064516129,1.0,4.136928558349609,0.7714551091194153
124,80,cvae,5,44,0.421875,0.390625,0.5454545454545454,1.0,5.954375267028809,0.9882606863975525
125,80,cvae,5,44,0.78125,0.765625,0.5535714285714286,1.0,4.175470352172852,0.8821561932563782
126,80,cvae,5,44,0.328125,0.3671875,0.44669117647058826,1.0,4.8263773918151855,0.9041500687599182
127,80,cvae,5,44,0.375,0.3359375,0.5974747474747475,1.0,7.879586219787598,1.2298201322555542
128,80,cvae,5,44,0.4453125,0.484375,0.4950980392156863,1.0,7.2227373123168945,1.2250113487243652
129,80,cvae,5,44,0.390625,0.40625,0.5043859649122807,1.0,4.679498195648193,0.8864551186561584
130,80,cvae,5,44,0.390625,0.359375,0.4927536231884058,1.0,5.136765480041504,0.8650075793266296
131,80,cvae,5,44,0.53125,0.3125,0.5,1.0,5.831680774688721,0.7797077894210815
132,80,cvae,5,44,0.4453125,0.5234375,0.47729232538085653,1.0,6.053568363189697,1.1969918012619019
133,80,cvae,5,44,0.609375,0.640625,0.6397286821705426,1.0,3.3610877990722656,0.5282174944877625
134,80,cvae,5,44,0.546875,0.59375,0.5178571428571429,1.0,3.5814292430877686,0.7908496260643005
135,80,cvae,5,44,0.5078125,0.5,0.5751424501424501,1.0,4.181166172027588,0.8192606568336487
136,80,cvae,5,44,0.578125,0.421875,0.5272727272727272,1.0,4.933328628540039,0.7779650688171387
137,80,cvae,5,44,0.34375,0.25,0.4528301886792453,1.0,8.537727355957031,1.5040780305862427
138,80,cvae,5,44,0.4296875,0.421875,0.4920255183413078,1.0,8.576438903808594,1.2761582136154175
139,80,cvae,5,44,0.328125,0.40625,0.421875,1.0,3.856487274169922,0.5874413847923279
140,80,cvae,5,44,0.3828125,0.25,0.5863095238095238,1.0,10.093283653259277,1.7193659543991089
141,80,cvae,5,44,0.3125,0.296875,0.5087719298245614,1.0,6.553955078125,1.2684119939804077
142,80,cvae,5,44,0.4765625,0.421875,0.5427690310014608,1.0,5.341350555419922,0.9236964583396912
143,80,cvae,5,44,0.4375,0.40625,0.5283018867924528,1.0,4.389293193817139,0.7750519514083862
144,80,cvae,5,44,0.40625,0.390625,0.5106382978723404,1.0,2.8545737266540527,0.5375792980194092
145,80,cvae,5,44,0.46875,0.546875,0.5272727272727272,1.0,3.114982843399048,0.5912948250770569
146,80,cvae,5,44,0.390625,0.390625,0.5,1.0,7.368581771850586,1.3620625734329224
147,80,cvae,5,44,0.40625,0.375,0.509090909090909,1.0,4.582271099090576,0.763113796710968
148,80,cvae,5,44,0.28125,0.390625,0.5520833333333334,1.0,4.65771484375,0.6934796571731567
149,80,cvae,5,44,0.4921875,0.625,0.5128531073446327,1.0,3.0447885990142822,0.6004681587219238
150,80,cvae,5,44,0.890625,0.6875,0.5533980582524272,1.0,3.5949583053588867,0.7403767704963684
151,80,cvae,5,44,0.53125,0.4296875,0.6300766283524905,1.0,6.030932426452637,1.0794957876205444
152,80,cvae,5,44,0.3984375,0.3984375,0.5166827852998066,1.0,5.446145057678223,0.9703536629676819
153,80,cvae,5,44,0.53125,0.640625,0.5573770491803278,1.0,3.3367934226989746,0.6262698173522949
154,80,cvae,5,44,0.6484375,0.5078125,0.699746873138773,1.0,4.38811731338501,0.9051955938339233
155,80,cvae,5,44,0.390625,0.46875,0.48936170212765956,1.0,3.422591209411621,0.6891665458679199
156,80,cvae,5,44,0.484375,0.59375,0.5047169811320755,1.0,8.259703636169434,1.3458279371261597
157,80,cvae,5,44,0.46875,0.484375,0.5263157894736842,1.0,3.156418561935425,0.6521421670913696
158,80,cvae,5,44,0.6015625,0.6015625,0.6026785714285714,1.0,4.365562438964844,0.8887386918067932
159,80,cvae,5,44,0.3203125,0.34375,0.41428571428571426,1.0,7.0150580406188965,1.0407649278640747
160,80,cvae,5,44,0.328125,0.203125,0.5443037974683544,1.0,6.247466087341309,1.1351561546325684
161,80,cvae,5,44,0.59375,0.375,0.5942028985507246,1.0,3.2955822944641113,0.5567795038223267
162,80,cvae,5,44,0.46875,0.390625,0.575,1.0,3.8001859188079834,0.7250109314918518
163,80,cvae,5,44,0.5,0.53125,0.48214285714285715,1.0,3.6309688091278076,0.6996954083442688
164,80,cvae,5,44,0.578125,0.375,0.578125,1.0,4.191007614135742,0.901483416557312
165,80,cvae,5,44,0.5,0.578125,0.532258064516129,1.0,5.400337219238281,0.821188747882843
166,80,cvae,5,44,0.5,0.4375,0.5818181818181818,1.0,6.621348857879639,1.0488433837890625
167,80,cvae,5,44,0.40625,0.390625,0.5454545454545454,1.0,7.390898704528809,1.2484620809555054
168,80,cvae,5,44,0.453125,0.34375,0.5714285714285714,1.0,1.7105575799942017,0.29342976212501526
169,80,cvae,5,44,0.34375,0.3984375,0.4600563909774436,1.0,3.765852212905884,0.7567485570907593
170,80,cvae,5,44,0.40625,0.5,0.3902777777777778,1.0,3.2711570262908936,0.6850007772445679
171,80,cvae,5,44,0.375,0.28125,0.5,1.0,8.73721694946289,1.6062593460083008
172,80,cvae,5,44,0.375,0.3671875,0.5115384615384615,1.0,3.751309871673584,0.7194408178329468
173,80,cvae,5,44,0.546875,0.453125,0.515625,1.0,3.0997562408447266,0.5676138401031494
174,80,cvae,5,44,0.3125,0.4296875,0.42560296846011136,1.0,4.367487907409668,0.8328145146369934
175,80,cvae,5,44,0.453125,0.484375,0.47058823529411764,1.0,6.375080585479736,1.196881651878357
176,80,cvae,5,44,0.28125,0.359375,0.47368421052631576,1.0,5.533332824707031,0.900022566318512
177,80,cvae,5,44,0.3515625,0.265625,0.4181818181818182,1.0,6.0732831954956055,1.0460184812545776
178,80,cvae,5,44,0.484375,0.640625,0.4492753623188406,1.0,2.1542134284973145,0.415600448846817
179,80,cvae,5,44,0.515625,0.5859375,0.5164835164835164,1.0,2.7135825157165527,0.6418114900588989
180,80,cvae,5,44,0.359375,0.203125,0.5645161290322581,1.0,7.247992515563965,1.2821640968322754
181,80,cvae,5,44,0.453125,0.5234375,0.4832589285714286,1.0,2.551706075668335,0.4693848788738251
182,80,cvae,5,44,0.515625,0.375,0.5223880597014925,1.0,6.862063884735107,1.0643457174301147
183,80,cvae,5,44,0.3984375,0.4609375,0.4721765350877193,1.0,5.8160719871521,1.2037711143493652
184,80,cvae,5,44,0.375,0.515625,0.4583333333333333,1.0,4.158997535705566,0.7839686274528503
185,80,cvae,5,44,0.46875,0.5703125,0.5586206896551724,1.0,4.48748779296875,1.0635573863983154
186,80,cvae,5,44,0.4375,0.453125,0.4918032786885246,1.0,5.330842018127441,0.8489716649055481
187,80,cvae,5,44,0.3671875,0.4453125,0.4094387755102041,1.0,4.602466106414795,0.8728994131088257
188,80,cvae,5,44,0.328125,0.234375,0.5833333333333334,1.0,9.35988998413086,1.4829277992248535
189,80,cvae,5,44,0.5234375,0.578125,0.45164835164835165,1.0,8.005118370056152,1.346535563468933
190,80,cvae,5,44,0.359375,0.5,0.45363408521303256,1.0,4.304478168487549,0.8988856077194214
191,80,cvae,5,44,0.421875,0.53125,0.515625,1.0,2.3456711769104004,0.4670391380786896
192,80,cvae,5,44,0.40625,0.4375,0.40350877192982454,1.0,4.283230781555176,0.652342677116394
193,80,cvae,5,44,0.40625,0.296875,0.5306122448979592,1.0,4.562475204467773,0.9368085265159607
194,80,cvae,5,44,0.5234375,0.3359375,0.4861111111111111,1.0,3.8420448303222656,0.5700026154518127
195,80,cvae,5,44,0.484375,0.578125,0.5729638009049773,1.0,7.300294876098633,1.3942952156066895
196,80,cvae,5,44,0.421875,0.484375,0.55,1.0,3.5901544094085693,0.6750748157501221
197,80,cvae,5,44,0.421875,0.3359375,0.5869834390961152,1.0,6.476849555969238,0.9457035064697266
198,80,cvae,5,44,0.5390625,0.4375,0.583916083916084,1.0,3.829699754714966,0.682370662689209
199,80,cvae,5,44,0.4921875,0.578125,0.5178571428571428,1.0,6.857721328735352,1.0254838466644287
200,80,cvae,5,44,0.703125,0.578125,0.6164383561643836,1.0,4.414968967437744,0.9156668782234192
201,80,cvae,5,44,0.5234375,0.5859375,0.5383403361344539,1.0,5.215907096862793,0.8959574699401855
202,80,cvae,5,44,0.453125,0.296875,0.44285714285714284,1.0,3.6922481060028076,0.8014135360717773
203,80,cvae,5,44,0.3984375,0.34375,0.5680272108843538,1.0,3.222435235977173,0.50234454870224
204,80,cvae,5,44,0.5,0.46875,0.5696883230904302,1.0,6.1836628913879395,1.1047776937484741
205,80,cvae,5,44,0.46875,0.484375,0.5166666666666667,1.0,4.436894416809082,0.7317308783531189
206,80,cvae,5,44,0.34375,0.5078125,0.5057971014492754,0.8571428571428571,10.599624633789062,1.6562681198120117
207,80,cvae,5,44,0.46875,0.3515625,0.5815972222222222,1.0,6.096430778503418,0.86683189868927
208,80,cvae,5,44,0.5,0.5625,0.5076923076923077,1.0,2.5720856189727783,0.6081990599632263
209,80,cvae,5,44,0.578125,0.453125,0.5340909090909091,1.0,5.489340782165527,1.0844742059707642
210,80,cvae,5,44,0.34375,0.359375,0.39473684210526316,1.0,2.927443265914917,0.6053838133811951
211,80,cvae,5,44,0.46875,0.421875,0.515625,1.0,3.631624937057495,0.7545442581176758
212,80,cvae,5,44,0.421875,0.359375,0.42857142857142855,1.0,8.021438598632812,1.456155776977539
213,80,cvae,5,44,0.5078125,0.359375,0.6103988603988604,1.0,5.297130584716797,1.0060100555419922
214,80,cvae,5,44,0.4765625,0.3671875,0.6347290640394089,1.0,11.69948959350586,2.031008720397949
215,80,cvae,5,44,0.46875,0.53125,0.5172413793103449,1.0,6.2726287841796875,1.058903455734253
216,80,cvae,5,44,0.40625,0.265625,0.4482758620689655,1.0,3.9065284729003906,0.7966520190238953
217,80,cvae,5,44,0.46875,0.296875,0.5443037974683544,1.0,4.656392574310303,0.7517176270484924
218,80,cvae,5,44,0.3203125,0.359375,0.562733499377335,1.0,5.174161911010742,0.983985424041748
219,80,cvae,5,44,0.390625,0.375,0.4798092532467532,1.0,6.708125591278076,1.421175241470337
220,80,cvae,5,44,0.375,0.375,0.44459691252144085,1.0,6.860361099243164,0.9585116505622864
221,80,cvae,5,44,0.5078125,0.5625,0.49050632911392406,1.0,4.2176971435546875,0.8757571578025818
222,80,cvae,5,44,0.5625,0.34375,0.5437979539641944,1.0,2.3632023334503174,0.44956204295158386
223,80,cvae,5,44,0.3125,0.3125,0.4166666666666667,1.0,5.323882102966309,0.9028846025466919
224,80,cvae,5,44,0.453125,0.40625,0.5003911342894394,1.0,3.463111639022827,0.7391574382781982
225,80,cvae,5,44,0.421875,0.453125,0.4142857142857143,1.0,7.085424423217773,1.1368306875228882
226,80,cvae,5,44,0.34375,0.421875,0.375,1.0,5.479541778564453,1.072012186050415
227,80,cvae,5,44,0.4375,0.5625,0.49122807017543857,1.0,6.540088653564453,1.2258665561676025
228,80,cvae,5,44,0.453125,0.625,0.4915254237288136,1.0,3.4087250232696533,0.7190570831298828
229,80,cvae,5,44,0.375,0.546875,0.4710648148148148,1.0,6.7585835456848145,1.1681281328201294
230,80,cvae,5,44,0.484375,0.75,0.5535714285714286,1.0,7.440062046051025,1.4289133548736572
231,80,cvae,5,44,0.40625,0.59375,0.41509433962264153,1.0,6.13131046295166,1.1383752822875977
232,80,cvae,5,44,0.421875,0.375,0.6078431372549019,1.0,6.349025726318359,0.9626144170761108
233,80,cvae,5,44,0.5,0.4375,0.5161290322580645,1.0,5.533883571624756,0.9750229120254517
234,80,cvae,5,44,0.453125,0.53125,0.5,1.0,8.327345848083496,1.4125981330871582
235,80,cvae,5,44,0.5,0.484375,0.49230769230769234,1.0,3.5029964447021484,0.6710556149482727
236,80,cvae,5,44,0.3125,0.28125,0.5671500630517023,1.0,5.938592910766602,1.1383305788040161
237,80,cvae,5,44,0.4296875,0.4453125,0.5205029013539652,1.0,5.961365699768066,1.432367205619812
238,80,cvae,5,44,0.46875,0.5234375,0.5483767277402765,1.0,6.7287187576293945,1.2110954523086548
239,80,cvae,5,44,0.375,0.421875,0.4583333333333333,1.0,2.43756103515625,0.48116081953048706
240,80,cvae,5,44,0.3046875,0.375,0.42288961038961037,1.0,4.543778419494629,0.8687211871147156
241,80,cvae,5,44,0.421875,0.46875,0.573170731707317,1.0,4.316790580749512,0.9687372446060181
242,80,cvae,5,44,0.375,0.28125,0.5571428571428572,1.0,8.829915046691895,1.761569619178772
243,80,cvae,5,44,0.4296875,0.4296875,0.5699383594120436,1.0,3.032482624053955,0.5671124458312988
244,80,cvae,5,44,0.421875,0.453125,0.5454545454545454,1.0,5.537601470947266,0.9522216320037842
245,80,cvae,5,44,0.515625,0.484375,0.532258064516129,1.0,3.664804697036743,0.7039417028427124
246,80,cvae,5,44,0.484375,0.484375,0.6,1.0,2.552205801010132,0.5499674081802368
247,80,cvae,5,44,0.3515625,0.3515625,0.48686835106382975,1.0,9.059331893920898,1.5669665336608887
248,80,cvae,5,44,0.515625,0.4375,0.5294117647058824,1.0,8.01105785369873,1.3395392894744873
249,80,cvae,5,44,0.53125,0.4375,0.5964912280701754,1.0,3.5188584327697754,0.5961870551109314
250,80,cvae,5,44,0.53125,0.546875,0.4444444444444444,1.0,8.408195495605469,1.5618008375167847
251,80,cvae,5,44,0.5,0.578125,0.47761194029850745,1.0,4.283591270446777,0.9250552654266357
252,80,cvae,5,44,0.40625,0.359375,0.5,1.0,5.915290355682373,1.0750751495361328
253,80,cvae,5,44,0.4765625,0.46875,0.5663924794359576,1.0,7.476535797119141,0.9826456308364868
254,80,cvae,5,44,0.4375,0.421875,0.48363215731636783,1.0,8.19893741607666,1.368454098701477
255,80,cvae,5,44,0.453125,0.484375,0.5087719298245614,1.0,4.5900774002075195,0.856488049030304
256,80,cvae,5,44,0.390625,0.3828125,0.5181086519114688,1.0,6.380065441131592,1.1200838088989258
257,80,cvae,5,44,0.3125,0.3203125,0.47341063574570175,1.0,8.887659072875977,1.5577325820922852
258,80,cvae,5,44,0.53125,0.640625,0.53125,1.0,3.0396077632904053,0.6527999043464661
259,80,cvae,5,44,0.34375,0.3125,0.48717948717948717,1.0,5.620710849761963,1.0538082122802734
260,80,cvae,5,44,0.515625,0.484375,0.5432098765432098,1.0,6.213313102722168,1.0985703468322754
261,80,cvae,5,44,0.6328125,0.7578125,0.4906015037593985,1.0,3.8972413539886475,0.7249880433082581
262,80,cvae,5,44,0.4375,0.5,0.4666666666666667,1.0,4.06614875793457,0.6856589317321777
263,80,cvae,5,44,0.4609375,0.609375,0.47070441079657666,1.0,3.158949613571167,0.6991254091262817
264,80,cvae,5,44,0.5,0.4765625,0.5527073732718895,1.0,3.6429879665374756,0.608478307723999
265,80,cvae,5,44,0.3671875,0.453125,0.4586363636363636,1.0,6.7516703605651855,1.1393928527832031
266,80,cvae,5,44,0.515625,0.328125,0.49722222222222223,1.0,7.990168571472168,1.2193998098373413
267,80,cvae,5,44,0.4765625,0.484375,0.5724206349206349,1.0,5.045489311218262,0.975376546382904
268,80,cvae,5,44,0.421875,0.4609375,0.4706937799043062,1.0,3.8954296112060547,0.6475906372070312
269,80,cvae,5,44,0.375,0.34375,0.5081967213114754,1.0,5.29233455657959,0.8779544830322266
270,80,cvae,5,44,0.40625,0.34375,0.6296296296296297,1.0,8.261940956115723,1.271462321281433
271,80,cvae,5,44,0.5,0.46875,0.5161290322580645,1.0,4.308924198150635,0.9801042675971985
272,80,cvae,5,44,0.484375,0.4375,0.6222222222222222,1.0,5.793186187744141,0.9465896487236023
273,80,cvae,5,44,0.484375,0.546875,0.5166666666666667,1.0,3.721405506134033,0.8348716497421265
274,80,cvae,5,44,0.4375,0.328125,0.5087719298245614,1.0,6.68586540222168,1.2922989130020142
275,80,cvae,5,44,0.40625,0.4375,0.45675473579262216,1.0,5.661008358001709,1.1774882078170776
276,80,cvae,5,44,0.40625,0.390625,0.6046511627906976,1.0,7.0547285079956055,1.1577777862548828
277,80,cvae,5,44,0.53125,0.625,0.6153846153846154,1.0,7.66870641708374,1.1282254457473755
278,80,cvae,5,44,0.578125,0.59375,0.5751282051282052,1.0,4.1136274337768555,0.7965990304946899
279,80,cvae,5,44,0.53125,0.484375,0.4927536231884058,1.0,5.070533752441406,0.8281325697898865
280,80,cvae,5,44,0.375,0.390625,0.5949367088607594,1.0,7.123818397521973,1.2618749141693115
281,80,cvae,5,44,0.484375,0.5625,0.38271604938271603,1.0,6.117278099060059,1.0372278690338135
282,80,cvae,5,44,0.375,0.296875,0.5166666666666667,1.0,5.080329418182373,0.9883820414543152
283,80,cvae,5,44,0.4375,0.5625,0.44,1.0,4.405097007751465,0.9877365231513977
284,80,cvae,5,44,0.3984375,0.5078125,0.52,1.0,6.338074684143066,1.0971081256866455
285,80,cvae,5,44,0.453125,0.453125,0.530791788856305,1.0,2.5545806884765625,0.560238242149353
286,80,cvae,5,44,0.453125,0.578125,0.5,1.0,4.21007776260376,0.7734257578849792
287,80,cvae,5,44,0.3828125,0.453125,0.45553359683794464,1.0,3.2593796253204346,0.6401115655899048
288,80,cvae,5,44,0.671875,0.5,0.6160287081339713,1.0,7.475299835205078,1.0362108945846558
289,80,cvae,5,44,0.4375,0.390625,0.5972222222222222,1.0,7.5315399169921875,1.3734126091003418
290,80,cvae,5,44,0.3828125,0.4609375,0.46661828737300437,1.0,6.126433372497559,0.7020080089569092
291,80,cvae,5,44,0.46875,0.53125,0.5084745762711864,1.0,4.228055000305176,0.807672917842865
292,80,cvae,5,44,0.609375,0.6015625,0.5251452432824981,1.0,3.3894267082214355,0.7821351289749146
293,80,cvae,5,44,0.578125,0.546875,0.6379310344827587,1.0,4.928851127624512,0.9882789850234985
294,80,cvae,5,44,0.390625,0.46875,0.53125,1.0,5.880119323730469,0.9356494545936584
295,80,cvae,5,44,0.46875,0.3671875,0.6483516483516484,1.0,4.981166839599609,0.8720054626464844
296,80,cvae,5,44,0.4296875,0.3828125,0.5416666666666667,1.0,6.881635665893555,1.1809505224227905
297,80,cvae,5,44,0.453125,0.390625,0.5471698113207547,1.0,3.5928616523742676,0.6454278826713562
298,80,cvae,5,44,0.484375,0.390625,0.5757575757575758,1.0,3.400219678878784,0.6898890733718872
299,80,cvae,5,44,0.421875,0.46875,0.46023302938196553,1.0,2.411515474319458,0.5017947554588318
300,80,cvae,5,44,0.46875,0.4140625,0.5620218579234972,1.0,3.68481183052063,0.6747097373008728
301,80,cvae,5,44,0.4296875,0.3671875,0.5092624356775299,1.0,6.422242164611816,1.2160181999206543
302,80,cvae,5,44,0.2421875,0.328125,0.41000000000000003,1.0,3.0272700786590576,0.4779537320137024
303,80,cvae,5,44,0.4375,0.375,0.46938775510204084,1.0,6.746610641479492,0.9176950454711914
304,80,cvae,5,44,0.5390625,0.4609375,0.5707650273224043,1.0,4.194022178649902,0.6038287878036499
305,80,cvae,5,44,0.5703125,0.5859375,0.5212432915921288,1.0,2.7778003215789795,0.6368001699447632
306,80,cvae,5,44,0.4375,0.4140625,0.5399385560675883,1.0,8.556780815124512,1.4036701917648315
307,80,cvae,5,44,0.546875,0.53125,0.5881716552470249,1.0,2.6253185272216797,0.5418262481689453
308,80,cvae,5,44,0.4453125,0.40625,0.5038051750380518,1.0,3.5839054584503174,0.7675772309303284
309,80,cvae,5,44,0.34375,0.34375,0.4782608695652174,1.0,4.78720760345459,0.8712577819824219
310,80,cvae,5,44,0.4921875,0.5703125,0.5816666666666667,1.0,5.19683837890625,1.0249314308166504
311,80,cvae,5,44,0.3359375,0.3828125,0.4700048379293662,1.0,7.217927932739258,1.3610732555389404
312,80,cvae,5,44,0.390625,0.5234375,0.4425125313283208,1.0,6.685947895050049,1.241660714149475
313,80,cvae,5,44,0.46875,0.59375,0.4791666666666667,1.0,4.192505836486816,0.8637471795082092
314,80,cvae,5,44,0.65625,0.5625,0.5673281941938659,1.0,4.361660957336426,0.9809064269065857
315,80,cvae,5,44,0.4609375,0.4453125,0.5239981360671015,1.0,7.260333061218262,1.1722067594528198
316,80,cvae,5,44,0.5078125,0.3671875,0.47235023041474655,1.0,2.8924942016601562,0.4717482626438141
317,80,cvae,5,44,0.40625,0.515625,0.45098039215686275,1.0,6.47376823425293,1.368059515953064
318,80,cvae,5,44,0.5,0.359375,0.4567573093436925,1.0,7.8180155754089355,1.1026898622512817
319,80,cvae,5,44,0.546875,0.6796875,0.5086206896551724,1.0,3.528099536895752,0.6867424249649048
320,80,cvae,5,44,0.46875,0.4375,0.5453042328042328,1.0,5.232848167419434,0.8559937477111816
321,80,cvae,5,44,0.3125,0.234375,0.42857142857142855,1.0,4.335798263549805,0.8097161650657654
322,80,cvae,5,44,0.515625,0.46875,0.5161290322580645,1.0,4.868356704711914,0.8737701773643494
323,80,cvae,5,44,0.296875,0.25,0.45,1.0,10.572732925415039,1.3366469144821167
324,80,cvae,5,44,0.453125,0.40625,0.5918367346938775,1.0,2.6768157482147217,0.44984591007232666
325,80,cvae,5,44,0.453125,0.359375,0.5903614457831325,1.0,5.980928897857666,0.9546266198158264
326,80,cvae,5,44,0.3828125,0.3125,0.502104377104377,1.0,6.967990875244141,1.4306862354278564
327,80,cvae,5,44,0.4375,0.40625,0.4861111111111111,1.0,4.740569591522217,0.7587723135948181
328,80,cvae,5,44,0.328125,0.296875,0.5571428571428572,1.0,4.63422966003418,0.7872486114501953
329,80,cvae,5,44,0.46875,0.640625,0.45714285714285713,1.0,4.240462303161621,0.7440275549888611
330,80,cvae,5,44,0.390625,0.40625,0.47368421052631576,1.0,3.471555471420288,0.6609840989112854
331,80,cvae,5,44,0.4375,0.421875,0.5555555555555556,1.0,3.8602209091186523,0.7474005818367004
332,80,cvae,5,44,0.390625,0.40625,0.53125,1.0,4.321605682373047,0.7954087853431702
333,80,cvae,5,44,0.4609375,0.4296875,0.45768833849329205,1.0,5.218533515930176,0.9054995775222778
334,80,cvae,5,44,0.375,0.3125,0.509165302782324,1.0,5.278957366943359,1.010777473449707
335,80,cvae,5,44,0.46875,0.5390625,0.4352582496413199,1.0,9.4310884475708,1.6325808763504028
336,80,cvae,5,44,0.375,0.4375,0.5,1.0,3.711883544921875,0.707529604434967
337,80,cvae,5,44,0.484375,0.53125,0.5254237288135594,1.0,4.565710067749023,0.8005667924880981
338,80,cvae,5,44,0.359375,0.4765625,0.42692307692307696,1.0,5.831313133239746,1.061651349067688
339,80,cvae,5,44,0.453125,0.46875,0.4925373134328358,1.0,2.197779417037964,0.3968057632446289
340,80,cvae,5,44,0.453125,0.3984375,0.6097883597883598,1.0,9.035585403442383,1.5222691297531128
341,80,cvae,5,44,0.40625,0.59375,0.4820205479452055,1.0,3.8738536834716797,0.8261200785636902
342,80,cvae,5,44,0.4765625,0.5390625,0.5092364532019704,1.0,3.650298833847046,0.7252672910690308
343,80,cvae,5,44,0.546875,0.5625,0.546875,1.0,8.504522323608398,1.312619686126709
344,80,cvae,5,44,0.421875,0.421875,0.463768115942029,1.0,2.624223470687866,0.5009554028511047
345,80,cvae,5,44,0.515625,0.546875,0.4807692307692308,1.0,3.393366575241089,0.631146252155304
346,80,cvae,5,44,0.4375,0.40625,0.4444444444444444,1.0,9.610855102539062,1.4513901472091675
347,80,cvae,5,44,0.59375,0.609375,0.5671641791044776,1.0,3.439122438430786,0.6370742917060852
348,80,cvae,5,44,0.484375,0.453125,0.5645161290322581,1.0,6.714430809020996,1.3409712314605713
349,80,cvae,5,44,0.4609375,0.5703125,0.4676113360323887,1.0,3.7554712295532227,0.87227463722229
350,80,cvae,5,44,0.46875,0.46875,0.4861111111111111,1.0,7.636595726013184,1.4364010095596313
351,80,cvae,5,44,0.46875,0.4375,0.5423728813559322,1.0,3.9477994441986084,0.8082556128501892
352,80,cvae,5,44,0.453125,0.4375,0.5471698113207547,1.0,4.4208221435546875,0.739879846572876
353,80,cvae,5,44,0.3984375,0.3203125,0.46799191374663074,1.0,4.001802444458008,0.7099015712738037
354,80,cvae,5,44,0.4609375,0.3359375,0.5090361445783133,1.0,4.191892623901367,0.8691734671592712
355,80,cvae,5,44,0.390625,0.5,0.5161290322580645,1.0,7.343175888061523,1.235313057899475
356,80,cvae,5,44,0.34375,0.390625,0.4861111111111111,1.0,9.263517379760742,1.3032245635986328
357,80,cvae,5,44,0.359375,0.4375,0.45098039215686275,1.0,10.03539752960205,1.4487730264663696
358,80,cvae,5,44,0.359375,0.453125,0.5263157894736842,1.0,3.4002974033355713,0.6356708407402039
359,80,cvae,5,44,0.5,0.4296875,0.4935897435897436,1.0,5.53739070892334,0.7883267402648926
360,80,cvae,5,44,0.4765625,0.4453125,0.5397504892367906,1.0,5.249004364013672,1.032639980316162
361,80,cvae,5,44,0.5859375,0.6484375,0.5245454545454545,1.0,3.9598569869995117,0.8129511475563049
362,80,cvae,5,44,0.375,0.3125,0.5,1.0,5.112430572509766,0.8019706010818481
363,80,cvae,5,44,0.453125,0.3359375,0.554642670839854,1.0,3.748908758163452,0.7054425477981567
364,80,cvae,5,44,0.46875,0.5,0.543504410585405,1.0,4.853780746459961,0.9123985171318054
365,80,cvae,5,44,0.53125,0.671875,0.46277777777777773,1.0,4.315739631652832,0.8823570013046265
366,80,cvae,5,44,0.484375,0.546875,0.5,1.0,3.903778553009033,0.6734222769737244
367,80,cvae,5,44,0.578125,0.28125,0.5128205128205128,1.0,6.950259208679199,0.8698797821998596
368,80,cvae,5,44,0.40625,0.6171875,0.4337833494053359,1.0,5.492138862609863,0.8733437657356262
369,80,cvae,5,44,0.421875,0.3984375,0.44743589743589746,1.0,3.69706392288208,0.7643476724624634
370,80,cvae,5,44,0.359375,0.484375,0.4443892750744787,1.0,4.277435779571533,0.7390294671058655
371,80,cvae,5,44,0.453125,0.328125,0.5909090909090909,1.0,5.141294002532959,0.9277136921882629
372,80,cvae,5,44,0.5,0.5234375,0.4807692307692308,1.0,4.35349702835083,0.6964744925498962
373,80,cvae,5,44,0.5390625,0.5390625,0.5992424242424242,1.0,7.807003974914551,1.2713091373443604
374,80,cvae,5,44,0.296875,0.234375,0.45161290322580644,1.0,11.172919273376465,1.6174103021621704
375,80,cvae,5,44,0.421875,0.6875,0.4909090909090909,1.0,7.309995651245117,1.2933893203735352
376,80,cvae,5,44,0.453125,0.515625,0.5581395348837209,1.0,5.3914594650268555,0.9796083569526672
377,80,cvae,5,44,0.421875,0.375,0.5,1.0,5.712047100067139,1.0161728858947754
378,80,cvae,5,44,0.3828125,0.3515625,0.5,1.0,8.50914478302002,1.6953986883163452
379,80,cvae,5,44,0.53125,0.5234375,0.4850953895071542,1.0,3.8075759410858154,0.8073393702507019
380,80,cvae,5,44,0.40625,0.34375,0.4341880341880342,1.0,5.578445911407471,0.9201982021331787
381,80,cvae,5,44,0.5,0.328125,0.6666666666666666,1.0,10.241071701049805,1.7753629684448242
382,80,cvae,5,44,0.40625,0.4765625,0.43537031822021965,1.0,4.198543548583984,0.7912630438804626
383,80,cvae,5,44,0.53125,0.390625,0.53125,1.0,3.82379412651062,0.7276875972747803
384,80,cvae,5,44,0.390625,0.4140625,0.3944471624266145,1.0,3.0687718391418457,0.6047287583351135
385,80,cvae,5,44,0.375,0.484375,0.6,1.0,9.813556671142578,1.6366076469421387
386,80,cvae,5,44,0.40625,0.5390625,0.4122536945812808,1.0,3.937425136566162,0.7682849168777466
387,80,cvae,5,44,0.3125,0.515625,0.4523809523809524,1.0,6.144850730895996,1.205820083618164
388,80,cvae,5,44,0.5625,0.546875,0.52,1.0,9.246607780456543,1.4369603395462036
389,80,cvae,5,44,0.515625,0.453125,0.45454545454545453,1.0,7.104129791259766,1.3244034051895142
390,80,cvae,5,44,0.421875,0.328125,0.49468085106382975,1.0,3.2957301139831543,0.7342974543571472
391,80,cvae,5,44,0.3828125,0.5859375,0.4287081339712918,1.0,5.737337589263916,1.0617488622665405
392,80,cvae,5,44,0.609375,0.625,0.559322033898305,1.0,2.577789545059204,0.4205043613910675
393,80,cvae,5,44,0.4375,0.421875,0.47745694022289764,1.0,4.510677814483643,0.7530335187911987
394,80,cvae,5,44,0.3125,0.375,0.4,1.0,5.542685508728027,1.1603723764419556
395,80,cvae,5,44,0.4140625,0.421875,0.46818181818181814,1.0,5.414930820465088,0.9436579346656799
396,80,cvae,5,44,0.46875,0.453125,0.527027027027027,1.0,3.847310781478882,0.6921647787094116
397,80,cvae,5,44,0.484375,0.390625,0.5961538461538461,1.0,8.137298583984375,1.449264407157898
398,80,cvae,5,44,0.4453125,0.53125,0.5128205128205128,1.0,5.047643661499023,0.845183253288269
399,80,cvae,5,44,0.40625,0.328125,0.4727272727272727,1.0,2.9873292446136475,0.5708279013633728
400,80,cvae,5,44,0.453125,0.3125,0.6081081081081081,1.0,3.3726792335510254,0.6614437103271484
401,80,cvae,5,44,0.453125,0.375,0.5,1.0,3.7967097759246826,0.6372465491294861
402,80,cvae,5,44,0.3125,0.265625,0.4878048780487805,1.0,7.1066670417785645,1.3181489706039429
403,80,cvae,5,44,0.4609375,0.5234375,0.4939792008757526,1.0,4.4336957931518555,0.8053396344184875
404,80,cvae,5,44,0.4375,0.34375,0.5294117647058824,1.0,5.7255659103393555,0.8461953997612
405,80,cvae,5,44,0.484375,0.40625,0.5079365079365079,1.0,6.7255401611328125,1.2034728527069092
406,80,cvae,5,44,0.625,0.671875,0.5633802816901409,1.0,3.436272382736206,0.7172321677207947
407,80,cvae,5,44,0.46875,0.4609375,0.48641975308641977,1.0,5.342913627624512,0.9072740077972412
408,80,cvae,5,44,0.4921875,0.5078125,0.470508658008658,1.0,4.761587142944336,0.7346501350402832
409,80,cvae,5,44,0.453125,0.484375,0.5686274509803921,1.0,4.203808307647705,0.7772032022476196
410,80,cvae,5,44,0.5390625,0.59375,0.5952380952380952,1.0,4.8549275398254395,0.8639811277389526
411,80,cvae,5,44,0.5234375,0.5078125,0.5663690476190476,1.0,8.571301460266113,1.501732587814331
412,80,cvae,5,44,0.5625,0.5,0.5625,1.0,5.447264671325684,0.9072626233100891
413,80,cvae,5,44,0.4765625,0.375,0.49757575757575756,0.8571428571428571,10.566246032714844,1.6781535148620605
414,80,cvae,5,44,0.5625,0.5078125,0.5210084033613445,1.0,3.55192232131958,0.7437887191772461
415,80,cvae,5,44,0.515625,0.5546875,0.5067980022197558,1.0,4.952795028686523,0.8031048774719238
416,80,cvae,5,44,0.34375,0.484375,0.4383561643835616,1.0,5.599910736083984,0.6683846712112427
417,80,cvae,5,44,0.4765625,0.3046875,0.5960258010819808,1.0,7.521943092346191,1.412011981010437
418,80,cvae,5,44,0.671875,0.6328125,0.6596786833855799,1.0,6.341322898864746,1.17194402217865
419,80,cvae,5,44,0.453125,0.375,0.4741000877963125,1.0,6.228593826293945,0.9596465229988098
420,80,cvae,5,44,0.390625,0.4140625,0.4760348583877996,1.0,4.738464832305908,0.8514514565467834
421,80,cvae,5,44,0.46875,0.3984375,0.5782563025210083,1.0,5.556964874267578,0.9788199663162231
422,80,cvae,5,44,0.296875,0.296875,0.5106382978723404,1.0,5.752674579620361,1.1602743864059448
423,80,cvae,5,44,0.453125,0.4375,0.44680851063829785,1.0,6.523354530334473,1.0676301717758179
424,80,cvae,5,44,0.34375,0.296875,0.46153846153846156,1.0,9.541755676269531,1.6175328493118286
425,80,cvae,5,44,0.484375,0.59375,0.5535714285714286,1.0,6.126106262207031,1.099987506866455
426,80,cvae,5,44,0.4375,0.421875,0.5074626865671642,1.0,6.654743671417236,1.0814647674560547
427,80,cvae,5,44,0.3984375,0.59375,0.467984934086629,1.0,6.596879005432129,1.2389206886291504
428,80,cvae,5,44,0.3671875,0.46875,0.4371008939974457,1.0,3.0992116928100586,0.5741149187088013
429,80,cvae,5,44,0.578125,0.46875,0.6309523809523809,1.0,5.402820587158203,0.8411033749580383
430,80,cvae,5,44,0.390625,0.46875,0.44642857142857145,1.0,2.6473236083984375,0.5525417327880859
431,80,cvae,5,44,0.4375,0.4296875,0.4708875070661391,1.0,4.296029567718506,0.8234185576438904
432,80,cvae,5,44,0.5,0.3125,0.5247524752475248,1.0,7.546494483947754,1.2770661115646362
433,80,cvae,5,44,0.4296875,0.3828125,0.5615835777126099,1.0,2.4960227012634277,0.5036346912384033
434,80,cvae,5,44,0.453125,0.40625,0.5573770491803278,1.0,3.64643931388855,0.7223049402236938
435,80,cvae,5,44,0.453125,0.3828125,0.4924769818100157,1.0,6.014610290527344,1.2246589660644531
436,80,cvae,5,44,0.515625,0.53125,0.5164835164835164,1.0,4.293548583984375,0.7628490924835205
437,80,cvae,5,44,0.390625,0.453125,0.5,1.0,3.379129409790039,0.6668902039527893
438,80,cvae,5,44,0.421875,0.4453125,0.45535211267605635,1.0,3.641007900238037,0.7530542612075806
439,80,cvae,5,44,0.4375,0.578125,0.5,1.0,3.5870871543884277,0.7716049551963806
440,80,cvae,5,44,0.5,0.5546875,0.5014467592592593,1.0,1.8484444618225098,0.37695592641830444
441,80,cvae,5,44,0.484375,0.515625,0.5166666666666667,1.0,3.9721386432647705,0.8988149762153625
442,80,cvae,5,44,0.390625,0.2734375,0.5603496115427302,1.0,4.149420738220215,0.6730856895446777
443,80,cvae,5,44,0.390625,0.296875,0.4479166666666667,1.0,9.625673294067383,1.5857778787612915
444,80,cvae,5,44,0.4140625,0.4140625,0.5514619883040937,1.0,7.855533599853516,1.313110113143921
445,80,cvae,5,44,0.421875,0.5,0.6,1.0,4.02904748916626,0.9135140776634216
446,80,cvae,5,44,0.3828125,0.53125,0.453781512605042,1.0,7.608465194702148,1.3971076011657715
447,80,cvae,5,44,0.515625,0.46875,0.5370370370370371,1.0,5.820990562438965,0.8404226899147034
448,80,cvae,5,44,0.6015625,0.734375,0.5181222286485445,1.0,5.189596652984619,0.9422361850738525
449,80,cvae,5,44,0.328125,0.3125,0.46561930783242256,1.0,8.380256652832031,1.3759262561798096
450,80,cvae,5,44,0.421875,0.4375,0.5102040816326531,1.0,3.6629106998443604,0.7153376340866089
451,80,cvae,5,44,0.3359375,0.375,0.5238562091503268,1.0,5.427982330322266,0.9899529218673706
452,80,cvae,5,44,0.5,0.53125,0.514453288646837,1.0,4.29310417175293,0.8337191939353943
453,80,cvae,5,44,0.3984375,0.359375,0.45925324675324675,1.0,7.497849941253662,1.4197267293930054
454,80,cvae,5,44,0.421875,0.3671875,0.5558554817275747,1.0,6.1911540031433105,0.9051596522331238
455,80,cvae,5,44,0.4375,0.421875,0.5185185185185185,1.0,5.19034481048584,0.9191474914550781
456,80,cvae,5,44,0.375,0.28125,0.4916666666666667,1.0,9.642943382263184,1.5232683420181274
457,80,cvae,5,44,0.5859375,0.484375,0.5515373864430468,1.0,3.2711756229400635,0.6487780809402466
458,80,cvae,5,44,0.4296875,0.484375,0.48697270471464016,1.0,3.5367419719696045,0.611936628818512
459,80,cvae,5,44,0.453125,0.625,0.5013412816691505,1.0,3.8716328144073486,0.8023066520690918
460,80,cvae,5,44,0.4296875,0.484375,0.4479427549194991,1.0,7.722513675689697,1.392609715461731
461,80,cvae,5,44,0.3828125,0.3671875,0.4209284028324154,1.0,7.514123916625977,1.3733059167861938
462,80,cvae,5,44,0.453125,0.4921875,0.5388888888888889,1.0,4.092700481414795,0.639823317527771
463,80,cvae,5,44,0.546875,0.40625,0.5518184304074378,1.0,3.3348419666290283,0.6073576211929321
464,80,cvae,5,44,0.4375,0.421875,0.4166666666666667,1.0,8.672009468078613,1.2159574031829834
465,80,cvae,5,44,0.46875,0.578125,0.5686274509803921,1.0,7.528494358062744,1.575861930847168
466,80,cvae,5,44,0.53125,0.703125,0.5,1.0,2.9142136573791504,0.5905381441116333
467,80,cvae,5,44,0.4921875,0.5,0.5294490757520841,1.0,8.06275749206543,1.2130491733551025
468,80,cvae,5,44,0.4765625,0.5859375,0.48002481389578167,1.0,4.153711795806885,1.0326359272003174
469,80,cvae,5,44,0.4765625,0.40625,0.5551370579619167,1.0,4.179152488708496,0.8474558591842651
470,80,cvae,5,44,0.5078125,0.4609375,0.5486111111111112,1.0,4.752555847167969,0.7979605793952942
471,80,cvae,5,44,0.484375,0.4375,0.5,1.0,10.221214294433594,1.4446758031845093
472,80,cvae,5,44,0.59375,0.3984375,0.595708775313404,1.0,4.517941474914551,0.7385838031768799
473,80,cvae,5,44,0.421875,0.4609375,0.5317460317460317,1.0,8.46240520477295,1.4696900844573975
474,80,cvae,5,44,0.515625,0.328125,0.5555555555555556,1.0,5.082861423492432,1.043704628944397
475,80,cvae,5,44,0.359375,0.2734375,0.5595238095238095,1.0,6.210301399230957,1.1752697229385376
476,80,cvae,5,44,0.421875,0.34375,0.45454545454545453,1.0,3.359189033508301,0.6615183353424072
477,80,cvae,5,44,0.359375,0.390625,0.4918032786885246,1.0,8.924324035644531,1.499577283859253
478,80,cvae,5,44,0.4375,0.5078125,0.49533146591970123,1.0,4.766545295715332,0.8366321325302124
479,80,cvae,5,44,0.484375,0.375,0.5849056603773585,1.0,5.107311248779297,0.8903648853302002
480,80,cvae,5,44,0.4375,0.4375,0.5925925925925926,1.0,6.220420837402344,1.1138914823532104
481,80,cvae,5,44,0.421875,0.4375,0.51099404489235,1.0,5.7201762199401855,1.0593312978744507
482,80,cvae,5,44,0.5,0.4375,0.5,1.0,5.700942039489746,0.9557213187217712
483,80,cvae,5,44,0.34375,0.328125,0.5294117647058824,1.0,3.4990899562835693,0.6071566343307495
484,80,cvae,5,44,0.5390625,0.5,0.5773809523809523,1.0,4.816040992736816,0.8467444777488708
485,80,cvae,5,44,0.453125,0.515625,0.5087719298245614,1.0,3.5596954822540283,0.699873149394989
486,80,cvae,5,44,0.59375,0.515625,0.5352112676056338,1.0,5.598398208618164,0.9993154406547546
487,80,cvae,5,44,0.328125,0.296875,0.5833333333333334,1.0,6.634790897369385,1.1478825807571411
488,80,cvae,5,44,0.5625,0.5625,0.5072463768115942,1.0,2.638127565383911,0.42706599831581116
489,80,cvae,5,44,0.46875,0.359375,0.56,1.0,4.734695911407471,0.7290577292442322
490,80,cvae,5,44,0.359375,0.5,0.4716981132075472,1.0,5.08652925491333,0.7518218755722046
491,80,cvae,5,44,0.5,0.59375,0.5818181818181818,1.0,10.41079044342041,1.519924283027649
492,80,cvae,5,44,0.6171875,0.5234375,0.5770299145299145,1.0,4.024263381958008,0.7183607220649719
493,80,cvae,5,44,0.46875,0.375,0.5689655172413793,1.0,8.416749000549316,1.6722822189331055
494,80,cvae,5,44,0.5,0.546875,0.5079365079365079,1.0,8.62057113647461,1.3874419927597046
495,80,cvae,5,44,0.265625,0.296875,0.5,1.0,5.382271766662598,1.1505146026611328
496,80,cvae,5,44,0.515625,0.609375,0.4714285714285714,1.0,3.4250237941741943,0.660894513130188
497,80,cvae,5,44,0.34375,0.3515625,0.44397759103641454,1.0,4.064208984375,0.7843813300132751
498,80,cvae,5,44,0.5,0.5859375,0.4866666666666667,1.0,2.847604274749756,0.613906979560852
499,80,cvae,5,44,0.390625,0.375,0.5714285714285714,1.0,8.241867065429688,1.417432427406311
500,80,cvae,5,44,0.3984375,0.359375,0.4778138528138528,1.0,7.091536521911621,1.4123281240463257
501,80,cvae,5,44,0.4453125,0.5078125,0.5697727272727273,1.0,2.3155734539031982,0.4299132227897644
502,80,cvae,5,44,0.5703125,0.6484375,0.6144807875516036,1.0,5.764599323272705,0.8920153379440308
503,80,cvae,5,44,0.4375,0.34375,0.5535714285714286,1.0,4.292383670806885,0.6269741654396057
504,80,cvae,5,44,0.4609375,0.5703125,0.5529292929292929,1.0,3.1544666290283203,0.6025400757789612
505,80,cvae,5,44,0.46875,0.34375,0.5454545454545454,1.0,6.83369255065918,1.254337191581726
506,80,cvae,5,44,0.359375,0.359375,0.5405405405405406,1.0,3.356297016143799,0.6171184778213501
507,80,cvae,5,44,0.421875,0.40625,0.5238095238095238,1.0,5.315558433532715,1.0110046863555908
508,80,cvae,5,44,0.453125,0.578125,0.47368421052631576,1.0,4.177237510681152,0.9363455176353455
509,80,cvae,5,44,0.453125,0.5,0.4411764705882353,1.0,7.080539226531982,1.3670095205307007
510,80,cvae,5,44,0.546875,0.5859375,0.5204918032786885,1.0,3.2801270484924316,0.729715883731842
511,80,cvae,5,44,0.3515625,0.34375,0.42049808429118773,1.0,7.08629035949707,1.2631479501724243
512,80,cvae,5,44,0.4375,0.484375,0.54,1.0,2.9387192726135254,0.583643913269043
513,80,cvae,5,44,0.421875,0.609375,0.47368421052631576,1.0,4.328553199768066,0.8281465172767639
514,80,cvae,5,44,0.5390625,0.4296875,0.5554554812146166,1.0,6.169184684753418,1.2537707090377808
515,80,cvae,5,44,0.390625,0.4296875,0.48504486540378866,1.0,7.047905921936035,1.1674022674560547
516,80,cvae,5,44,0.4140625,0.5859375,0.42447246525990734,1.0,3.3887417316436768,0.67975252866745
517,80,cvae,5,44,0.515625,0.5,0.5625,1.0,4.838387489318848,0.7447458505630493
518,80,cvae,5,44,0.34375,0.5,0.3798076923076923,1.0,2.5398919582366943,0.4476413428783417
519,80,cvae,5,44,0.453125,0.53125,0.4852941176470588,1.0,4.399799346923828,0.6592471599578857
520,80,cvae,5,44,0.5,0.4375,0.5894736842105264,1.0,7.7263078689575195,1.10293710231781
521,80,cvae,5,44,0.453125,0.484375,0.5531914893617021,1.0,4.920746803283691,0.9019193649291992
522,80,cvae,5,44,0.4609375,0.609375,0.5812105926860025,1.0,5.665705680847168,0.941251277923584
523,80,cvae,5,44,0.40625,0.3046875,0.5001849796522382,1.0,7.466028213500977,1.346206784248352
524,80,cvae,5,44,0.53125,0.625,0.5652173913043478,1.0,3.2206552028656006,0.5380075573921204
525,80,cvae,5,44,0.359375,0.578125,0.43478260869565216,1.0,5.447039604187012,1.0848170518875122
526,80,cvae,5,44,0.78125,0.46875,0.6578947368421053,1.0,5.204846382141113,0.9075349569320679
527,80,cvae,5,44,0.453125,0.46875,0.5370370370370371,1.0,6.679559707641602,1.0541563034057617
528,80,cvae,5,44,0.3671875,0.484375,0.43797671617824163,1.0,7.473720550537109,1.457410216331482
529,80,cvae,5,44,0.515625,0.46875,0.609375,1.0,4.758091926574707,0.9861621260643005
530,80,cvae,5,44,0.515625,0.328125,0.5668019617791307,1.0,3.0788886547088623,0.5971377491950989
531,80,cvae,5,44,0.640625,0.6171875,0.5127799415774099,1.0,6.069065093994141,1.0343915224075317
532,80,cvae,5,44,0.421875,0.46875,0.421875,1.0,4.598175048828125,0.7785354852676392
533,80,cvae,5,44,0.4453125,0.6015625,0.5050156739811912,1.0,3.784675121307373,0.739309549331665
534,80,cvae,5,44,0.40625,0.421875,0.48148148148148145,1.0,8.301589965820312,1.2616379261016846
535,80,cvae,5,44,0.484375,0.4765625,0.4845005740528129,1.0,3.2866530418395996,0.6176547408103943
536,80,cvae,5,44,0.28125,0.296875,0.4400871459694989,1.0,7.820734024047852,1.3833385705947876
537,80,cvae,5,44,0.359375,0.46875,0.45098039215686275,1.0,2.8233697414398193,0.6020945906639099
538,80,cvae,5,44,0.3125,0.296875,0.5,1.0,8.224035263061523,1.6327747106552124
539,80,cvae,5,44,0.390625,0.3984375,0.4817281420765027,1.0,3.9086148738861084,0.7529070377349854
540,80,cvae,5,44,0.3515625,0.390625,0.4551940639269406,1.0,8.875500679016113,1.3385435342788696
541,80,cvae,5,44,0.40625,0.3984375,0.5375,1.0,6.264817237854004,1.0034749507904053
542,80,cvae,5,44,0.4375,0.484375,0.5306122448979592,1.0,3.6980011463165283,0.7400887608528137
543,80,cvae,5,44,0.5859375,0.6640625,0.5340566606389392,1.0,3.125669479370117,0.6290498375892639
544,80,cvae,5,44,0.3515625,0.3671875,0.4424342105263158,1.0,5.372520923614502,1.087333083152771
545,80,cvae,5,44,0.59375,0.421875,0.53654552878726,1.0,5.164621353149414,0.7912805080413818
546,80,cvae,5,44,0.578125,0.578125,0.5653662585598671,1.0,6.446167945861816,1.1271334886550903
547,80,cvae,5,44,0.59375,0.5,0.6666666666666666,1.0,2.477111339569092,0.4780462384223938
548,80,cvae,5,44,0.390625,0.453125,0.45454545454545453,1.0,6.840574741363525,1.1928654909133911
549,80,cvae,5,44,0.546875,0.40625,0.5692307692307692,1.0,3.0516185760498047,0.6987872123718262
550,80,cvae,5,44,0.4921875,0.484375,0.5239583333333333,1.0,2.709632635116577,0.4970420002937317
551,80,cvae,5,44,0.6171875,0.3046875,0.7078811599359545,1.0,8.024224281311035,1.4869327545166016
552,80,cvae,5,44,0.515625,0.53125,0.5384615384615384,1.0,4.512449264526367,0.8681922554969788
553,80,cvae,5,44,0.5,0.4765625,0.49574196295507766,1.0,4.17263650894165,0.689557671546936
554,80,cvae,5,44,0.296875,0.3359375,0.4047787193973635,1.0,6.5157928466796875,1.145293951034546
555,80,cvae,5,44,0.4609375,0.4453125,0.5515734265734266,1.0,6.701620578765869,0.9557417631149292
556,80,cvae,5,44,0.375,0.234375,0.5217391304347826,1.0,8.459136009216309,1.6329574584960938
557,80,cvae,5,44,0.53125,0.484375,0.5902777777777778,1.0,6.459132194519043,1.332997441291809
558,80,cvae,5,44,0.453125,0.3515625,0.5920833333333333,1.0,5.708724021911621,1.1564266681671143
559,80,cvae,5,44,0.421875,0.453125,0.4576271186440678,1.0,5.1299614906311035,0.9183545112609863
560,80,cvae,5,44,0.46875,0.5625,0.5277777777777778,1.0,8.103145599365234,1.169553279876709
561,80,cvae,5,44,0.515625,0.546875,0.4925373134328358,1.0,2.7240653038024902,0.5006962418556213
562,80,cvae,5,44,0.359375,0.390625,0.46808510638297873,1.0,3.4289889335632324,0.6995238065719604
563,80,cvae,5,44,0.34375,0.53125,0.5084745762711864,1.0,3.9521098136901855,0.6032193899154663
564,80,cvae,5,44,0.46875,0.71875,0.49230769230769234,1.0,4.60506010055542,0.9422414302825928
565,80,cvae,5,44,0.53125,0.578125,0.6,1.0,6.082176208496094,1.0405337810516357
566,80,cvae,5,44,0.4140625,0.328125,0.5563941299790356,1.0,6.450336456298828,1.2730330228805542
567,80,cvae,5,44,0.5390625,0.609375,0.5014825218476904,1.0,5.656028747558594,1.0536612272262573
568,80,cvae,5,44,0.484375,0.296875,0.5272727272727272,1.0,4.826170921325684,0.9354857802391052
569,80,cvae,5,44,0.5,0.5,0.5645161290322581,1.0,4.0662384033203125,0.7341139316558838
570,80,cvae,5,44,0.453125,0.46875,0.43727598566308246,1.0,3.2369794845581055,0.5589216947555542
571,80,cvae,5,44,0.4375,0.359375,0.5263157894736842,1.0,5.453183174133301,0.9874193668365479
572,80,cvae,5,44,0.4375,0.703125,0.4307692307692308,1.0,7.529402732849121,1.3805240392684937
573,80,cvae,5,44,0.4296875,0.5,0.48429035752979416,1.0,4.226170539855957,0.8375412821769714
574,80,cvae,5,44,0.4609375,0.46875,0.46433393339333934,1.0,4.348938465118408,0.7818304300308228
575,80,cvae,5,44,0.421875,0.4140625,0.5640866102538576,1.0,2.7695698738098145,0.6225441694259644
576,80,cvae,5,44,0.46875,0.34375,0.582089552238806,1.0,8.512727737426758,1.2912300825119019
577,80,cvae,5,44,0.6875,0.828125,0.5333333333333333,1.0,2.7821195125579834,0.5713446140289307
578,80,cvae,5,44,0.5,0.5,0.5294117647058824,1.0,4.458683967590332,0.7988750338554382
579,80,cvae,5,44,0.390625,0.3125,0.4955197132616488,1.0,3.4904003143310547,0.7078112959861755
580,80,cvae,5,44,0.515625,0.40625,0.5964387464387464,1.0,5.456748962402344,0.8704944252967834
581,80,cvae,5,44,0.4375,0.421875,0.4888888888888889,1.0,4.771405220031738,0.9001717567443848
582,80,cvae,5,44,0.4765625,0.46875,0.48550850399166956,1.0,7.920332431793213,1.3619087934494019
583,80,cvae,5,44,0.4296875,0.5546875,0.5,1.0,2.4427990913391113,0.5280866026878357
584,80,cvae,5,44,0.4921875,0.4140625,0.5198147195059186,1.0,3.8051557540893555,0.685297429561615
585,80,cvae,5,44,0.484375,0.40625,0.5098039215686274,1.0,8.180466651916504,1.1922707557678223
586,80,cvae,5,44,0.421875,0.640625,0.4363636363636364,1.0,3.2233991622924805,0.8147749304771423
587,80,cvae,5,44,0.421875,0.5,0.48148148148148145,1.0,6.883974075317383,1.2112120389938354
588,80,cvae,5,44,0.40625,0.34375,0.5263157894736842,1.0,8.000513076782227,1.1433234214782715
589,80,cvae,5,44,0.484375,0.515625,0.5555555555555556,1.0,3.2234668731689453,0.7003004550933838
590,80,cvae,5,44,0.3828125,0.4765625,0.4489795918367347,1.0,6.087470531463623,1.1074140071868896
591,80,cvae,5,44,0.671875,0.515625,0.5568857589984351,1.0,7.590863227844238,1.1532411575317383
592,80,cvae,5,44,0.53125,0.515625,0.5396825396825397,1.0,2.95381498336792,0.5403958559036255
593,80,cvae,5,44,0.328125,0.421875,0.48214285714285715,1.0,4.523828029632568,0.8927041888237
594,80,cvae,5,44,0.53125,0.46875,0.569620253164557,1.0,4.130330562591553,0.8707143664360046
595,80,cvae,5,44,0.390625,0.3125,0.5384615384615384,1.0,4.646788597106934,1.0686619281768799
596,80,cvae,5,44,0.5546875,0.5546875,0.5372413793103448,1.0,2.1995797157287598,0.46700674295425415
597,80,cvae,5,44,0.390625,0.640625,0.42857142857142855,1.0,5.00844669342041,1.0391780138015747
598,80,cvae,5,44,0.4375,0.5,0.5355571847507331,1.0,3.512626886367798,0.5789106488227844
599,80,cvae,5,44,0.671875,0.6875,0.5714285714285714,1.0,5.393214225769043,0.871584415435791
600,80,cvae,5,44,0.515625,0.5546875,0.4921875,1.0,5.161840438842773,0.9939037561416626
601,80,cvae,5,44,0.65625,0.609375,0.5915492957746479,1.0,3.8217856884002686,0.8986385464668274
602,80,cvae,5,44,0.46875,0.4296875,0.5005561735261401,1.0,8.065454483032227,1.2184107303619385
603,80,cvae,5,44,0.40625,0.34375,0.5,1.0,5.028692245483398,1.085647463798523
604,80,cvae,5,44,0.34375,0.515625,0.4852941176470588,1.0,4.446521282196045,0.7924611568450928
605,80,cvae,5,44,0.4375,0.453125,0.5374358974358975,1.0,5.790192127227783,0.8930500149726868
606,80,cvae,5,44,0.5390625,0.3671875,0.622702434177844,1.0,3.9731366634368896,0.7929444909095764
607,80,cvae,5,44,0.4375,0.484375,0.49122807017543857,1.0,3.6645963191986084,0.7650139927864075
608,80,cvae,5,44,0.5625,0.546875,0.5735924112607099,1.0,2.9433765411376953,0.5875976085662842
609,80,cvae,5,44,0.7578125,0.6875,0.6090277777777777,1.0,5.260251522064209,0.9880106449127197
610,80,cvae,5,44,0.4609375,0.6171875,0.46256684491978606,1.0,2.6524689197540283,0.5463659167289734
611,80,cvae,5,44,0.53125,0.59375,0.5573770491803278,1.0,4.190596580505371,0.8346739411354065
612,80,cvae,5,44,0.390625,0.4296875,0.5204741379310345,1.0,6.165257453918457,1.065664291381836
613,80,cvae,5,44,0.3515625,0.4609375,0.45408981555733763,1.0,3.750873565673828,0.68220055103302
614,80,cvae,5,44,0.5546875,0.671875,0.5471014492753623,1.0,2.8837010860443115,0.5934644341468811
615,80,cvae,5,44,0.609375,0.5703125,0.546972049689441,1.0,4.024354934692383,0.8170971870422363
616,80,cvae,5,44,0.3828125,0.3359375,0.670343137254902,1.0,8.306081771850586,1.7485004663467407
617,80,cvae,5,44,0.46875,0.5,0.5660377358490566,1.0,6.780813217163086,1.3502622842788696
618,80,cvae,5,44,0.375,0.34375,0.5660377358490566,1.0,8.164227485656738,1.3392119407653809
619,80,cvae,5,44,0.46875,0.34375,0.45098039215686275,1.0,7.996551513671875,1.2603306770324707
620,80,cvae,5,44,0.453125,0.453125,0.5370370370370371,1.0,3.7102017402648926,0.5636431574821472
621,80,cvae,5,44,0.3828125,0.3203125,0.546169287387086,1.0,6.406841278076172,1.419452428817749
622,80,cvae,5,44,0.453125,0.4765625,0.47850629613547546,1.0,2.374983310699463,0.41825631260871887
623,80,cvae,5,44,0.5703125,0.6328125,0.6017156862745099,1.0,3.942202091217041,0.7161687016487122
624,80,cvae,5,44,0.5,0.578125,0.5333333333333333,1.0,8.054244995117188,1.3375244140625
625,80,cvae,5,44,0.3671875,0.2890625,0.5252525252525253,1.0,7.0150041580200195,1.0811784267425537
626,80,cvae,5,44,0.390625,0.59375,0.5529411764705883,1.0,10.249521255493164,1.4022284746170044
627,80,cvae,5,44,0.640625,0.640625,0.5942028985507246,1.0,3.6201350688934326,0.6949983239173889
628,80,cvae,5,44,0.7109375,0.5625,0.6191666666666666,1.0,10.020731925964355,1.471053123474121
629,80,cvae,5,44,0.4296875,0.3125,0.5336490528414756,1.0,8.060516357421875,1.373132586479187
630,80,cvae,5,44,0.4140625,0.5234375,0.5049105194238324,1.0,2.5418033599853516,0.5623783469200134
631,80,cvae,5,44,0.4375,0.34375,0.598989898989899,1.0,11.418436050415039,1.8466764688491821
632,80,cvae,5,44,0.484375,0.4609375,0.6084307992202729,1.0,4.524126052856445,0.8986824750900269
633,80,cvae,5,44,0.390625,0.515625,0.5102040816326531,1.0,2.9145922660827637,0.6015945672988892
634,80,cvae,5,44,0.453125,0.296875,0.631578947368421,1.0,10.291740417480469,1.48541259765625
635,80,cvae,5,44,0.578125,0.359375,0.6271186440677966,1.0,3.5246922969818115,0.6427743434906006
636,80,cvae,5,44,0.484375,0.53125,0.47692307692307695,1.0,3.677084445953369,0.7984277606010437
637,80,cvae,5,44,0.609375,0.2890625,0.6208955223880597,1.0,4.659543037414551,0.7038554549217224
638,80,cvae,5,44,0.375,0.40625,0.5245901639344263,1.0,5.764042854309082,1.040168285369873
639,80,cvae,5,44,0.46875,0.3828125,0.5837912087912087,1.0,5.471365451812744,0.8390389680862427
640,80,cvae,5,44,0.3515625,0.3046875,0.4888888888888889,1.0,4.962947845458984,0.8975364565849304
641,80,cvae,5,44,0.3125,0.265625,0.4473684210526316,1.0,2.7074975967407227,0.5150392055511475
642,80,cvae,5,44,0.375,0.265625,0.49056603773584906,1.0,5.697578430175781,1.0595248937606812
643,80,cvae,5,44,0.4609375,0.2578125,0.5561868686868687,1.0,10.691282272338867,1.6042447090148926
644,80,cvae,5,44,0.421875,0.40625,0.47062146892655365,1.0,8.030318260192871,1.7050135135650635
645,80,cvae,5,44,0.46875,0.4140625,0.48743169398907105,1.0,4.35396146774292,0.9238271117210388
646,80,cvae,5,44,0.5,0.5,0.42857142857142855,1.0,1.499358892440796,0.32838186621665955
647,80,cvae,5,44,0.3359375,0.4609375,0.39285714285714285,1.0,4.472038269042969,0.9400803446769714
648,80,cvae,5,44,0.5,0.453125,0.5633802816901409,1.0,6.405063629150391,1.0133495330810547
649,80,cvae,5,44,0.4140625,0.4609375,0.4538352272727273,1.0,8.57207202911377,1.3882569074630737
650,80,cvae,5,44,0.4453125,0.484375,0.5339366515837104,1.0,4.4664716720581055,0.8912725448608398
651,80,cvae,5,44,0.4375,0.421875,0.5111111111111111,1.0,4.587150573730469,0.8251771330833435
652,80,cvae,5,44,0.4140625,0.4375,0.6355193762898417,1.0,4.056934356689453,0.7137478590011597
653,80,cvae,5,44,0.3125,0.359375,0.574468085106383,1.0,2.9422717094421387,0.5074967741966248
654,80,cvae,5,44,0.484375,0.5546875,0.5266033937302272,1.0,3.721916913986206,0.6517187356948853
655,80,cvae,5,44,0.34375,0.296875,0.4852941176470588,1.0,3.6535449028015137,0.6557153463363647
656,80,cvae,5,44,0.46875,0.4765625,0.510942760942761,1.0,7.757694244384766,1.5280914306640625
657,80,cvae,5,44,0.3125,0.34375,0.5882352941176471,1.0,2.3608431816101074,0.5042153000831604
658,80,cvae,5,44,0.546875,0.59375,0.5223880597014925,1.0,5.591071128845215,1.0376906394958496
659,80,cvae,5,44,0.46875,0.5,0.5,1.0,3.4256792068481445,0.6371895670890808
660,80,cvae,5,44,0.390625,0.296875,0.5363636363636364,1.0,5.638938903808594,1.1193246841430664
661,80,cvae,5,44,0.4921875,0.515625,0.5240610328638498,1.0,4.300893783569336,0.7763353586196899
662,80,cvae,5,44,0.53125,0.625,0.603448275862069,1.0,5.328742504119873,1.017743468284607
663,80,cvae,5,44,0.515625,0.5625,0.5076923076923077,1.0,7.120693206787109,1.2033666372299194
664,80,cvae,5,44,0.453125,0.6484375,0.39799107142857143,1.0,4.478884696960449,0.8022186160087585
665,80,cvae,5,44,0.40625,0.34375,0.5955710955710956,1.0,5.256805419921875,1.1335514783859253
666,80,cvae,5,44,0.3125,0.46875,0.47619047619047616,1.0,2.8812973499298096,0.667720377445221
667,80,cvae,5,44,0.65625,0.65625,0.4936708860759494,1.0,2.356502056121826,0.5537017583847046
668,80,cvae,5,44,0.484375,0.421875,0.5606060606060606,1.0,5.787137985229492,0.9441162347793579
669,80,cvae,5,44,0.390625,0.46875,0.45,1.0,2.913059949874878,0.5340870022773743
670,80,cvae,5,44,0.6171875,0.53125,0.5226583407671721,1.0,4.1023149490356445,0.827136754989624
671,80,cvae,5,44,0.5546875,0.4140625,0.5354406130268199,1.0,7.148510932922363,1.1113042831420898
672,80,cvae,5,44,0.46875,0.578125,0.4945054945054945,1.0,4.383738994598389,0.7870402932167053
673,80,cvae,5,44,0.5234375,0.5390625,0.5043635589612601,1.0,2.6216001510620117,0.5112098455429077
674,80,cvae,5,44,0.546875,0.546875,0.5645161290322581,1.0,8.255277633666992,1.3612196445465088
675,80,cvae,5,44,0.3203125,0.3984375,0.3756979136056421,1.0,5.222876071929932,1.0178673267364502
676,80,cvae,5,44,0.484375,0.609375,0.47307692307692306,1.0,3.775646209716797,0.6733143925666809
677,80,cvae,5,44,0.390625,0.421875,0.4727272727272727,1.0,5.688160419464111,1.0781415700912476
678,80,cvae,5,44,0.515625,0.46875,0.5454545454545454,1.0,2.127040147781372,0.4707971215248108
679,80,cvae,5,44,0.546875,0.484375,0.625,1.0,2.529585361480713,0.48131468892097473
680,80,cvae,5,44,0.5,0.4375,0.5517241379310345,1.0,3.097820520401001,0.6383354663848877
681,80,cvae,5,44,0.578125,0.5546875,0.5632113821138212,1.0,3.2285571098327637,0.6919887661933899
682,80,cvae,5,44,0.4765625,0.375,0.532712403452976,1.0,6.6295270919799805,1.3426427841186523
683,80,cvae,5,44,0.484375,0.59375,0.48684210526315785,1.0,3.759178876876831,0.7515363693237305
684,80,cvae,5,44,0.4921875,0.4921875,0.5477272727272727,1.0,3.337635040283203,0.6153512597084045
685,80,cvae,5,44,0.359375,0.421875,0.40816326530612246,1.0,3.843341588973999,0.7824607491493225
686,80,cvae,5,44,0.796875,0.6796875,0.548660502607871,1.0,5.161849021911621,0.9243862628936768
687,80,cvae,5,44,0.453125,0.5078125,0.5262820512820513,1.0,2.7557156085968018,0.5546879768371582
688,80,cvae,5,44,0.4453125,0.3828125,0.528782894736842,1.0,2.8984556198120117,0.5067914724349976
689,80,cvae,5,44,0.4375,0.5,0.5192307692307693,1.0,3.8218345642089844,0.8451329469680786
690,80,cvae,5,44,0.4921875,0.3515625,0.5677860696517414,1.0,7.771420478820801,1.2720110416412354
691,80,cvae,5,44,0.484375,0.6015625,0.4885912698412698,1.0,5.806619167327881,1.0204240083694458
692,80,cvae,5,44,0.40625,0.609375,0.49056603773584906,1.0,2.9201159477233887,0.6681042313575745
693,80,cvae,5,44,0.4921875,0.5234375,0.4892623716153128,1.0,4.413077354431152,0.8739358186721802
694,80,cvae,5,44,0.4375,0.421875,0.4883720930232558,1.0,5.712833404541016,1.2108463048934937
695,80,cvae,5,44,0.453125,0.4609375,0.5678787878787879,1.0,4.048785209655762,0.7497724890708923
696,80,cvae,5,44,0.3125,0.234375,0.4166666666666667,1.0,11.664434432983398,1.588250994682312
697,80,cvae,5,44,0.53125,0.609375,0.576271186440678,1.0,4.750883102416992,1.0204118490219116
698,80,cvae,5,44,0.5,0.453125,0.44,1.0,4.975618839263916,0.9959632754325867
699,80,cvae,5,44,0.6015625,0.46875,0.6066576086956521,1.0,4.340407371520996,0.6610665917396545
700,80,cvae,5,44,0.3984375,0.3359375,0.4609375,1.0,5.459564208984375,1.1402795314788818
701,80,cvae,5,44,0.4609375,0.3984375,0.5881010346926354,1.0,5.624258995056152,1.0615406036376953
702,80,cvae,5,44,0.375,0.328125,0.603448275862069,1.0,4.577780723571777,0.9708783626556396
703,80,cvae,5,44,0.484375,0.515625,0.5128205128205128,1.0,3.023996353149414,0.604674220085144
704,80,cvae,5,44,0.390625,0.390625,0.4807692307692308,1.0,5.530556678771973,1.0922478437423706
705,80,cvae,5,44,0.515625,0.453125,0.5104395604395604,1.0,3.7736563682556152,0.7320979833602905
706,80,cvae,5,44,0.515625,0.421875,0.5054945054945055,1.0,5.905230522155762,1.1591204404830933
707,80,cvae,5,44,0.359375,0.40625,0.4909090909090909,1.0,9.068782806396484,1.4711464643478394
708,80,cvae,5,44,0.5,0.46875,0.53125,1.0,2.377223491668701,0.4978501498699188
709,80,cvae,5,44,0.4921875,0.5703125,0.5799373040752351,1.0,2.26324200630188,0.43363553285598755
710,80,cvae,5,44,0.375,0.4140625,0.5342592592592592,1.0,4.718792915344238,0.811167299747467
711,80,cvae,5,44,0.40625,0.25,0.5777777777777777,1.0,8.323026657104492,1.4541925191879272
712,80,cvae,5,44,0.53125,0.421875,0.5475741239892183,1.0,2.9722707271575928,0.5610038042068481
713,80,cvae,5,44,0.390625,0.375,0.423728813559322,1.0,5.719566822052002,0.9350636601448059
714,80,cvae,5,44,0.4375,0.3046875,0.5401509951956074,1.0,6.837026119232178,1.2240283489227295
715,80,cvae,5,44,0.3671875,0.3984375,0.46153846153846156,1.0,7.608369827270508,1.4500505924224854
716,80,cvae,5,44,0.5625,0.40625,0.5925925925925926,1.0,7.508576393127441,0.981782853603363
717,80,cvae,5,44,0.59375,0.625,0.6065573770491803,1.0,3.302889585494995,0.7443488240242004
718,80,cvae,5,44,0.46875,0.65625,0.5714285714285714,1.0,4.6324076652526855,0.9910470843315125
719,80,cvae,5,44,0.328125,0.3671875,0.45953326713008935,1.0,5.275917053222656,1.0015764236450195
720,80,cvae,5,44,0.375,0.609375,0.4897959183673469,1.0,4.053781509399414,0.8434309363365173
721,80,cvae,5,44,0.4375,0.4375,0.5,1.0,3.051110029220581,0.6903062462806702
722,80,cvae,5,44,0.640625,0.515625,0.5053763440860215,1.0,1.6699333190917969,0.33321601152420044
723,80,cvae,5,44,0.40625,0.3671875,0.4664098613251155,1.0,6.401340484619141,1.279139518737793
724,80,cvae,5,44,0.375,0.53125,0.5357142857142857,1.0,3.394697427749634,0.6196902394294739
725,80,cvae,5,44,0.53125,0.703125,0.5,1.0,3.577571392059326,0.5196506381034851
726,80,cvae,5,44,0.4375,0.453125,0.47058823529411764,1.0,5.033026218414307,0.9696460366249084
727,80,cvae,5,44,0.421875,0.484375,0.46551724137931033,1.0,9.169259071350098,1.4230599403381348
728,80,cvae,5,44,0.5546875,0.3984375,0.6024305555555556,1.0,5.042057991027832,0.9247984290122986
729,80,cvae,5,44,0.734375,0.5625,0.618421052631579,1.0,3.6024560928344727,0.6031683683395386
730,80,cvae,5,44,0.53125,0.453125,0.5527935606060606,1.0,6.092957496643066,1.1373764276504517
731,80,cvae,5,44,0.375,0.453125,0.45794392523364486,1.0,5.71563720703125,1.0285357236862183
732,80,cvae,5,44,0.5546875,0.5078125,0.625,1.0,3.006784677505493,0.5759501457214355
733,80,cvae,5,44,0.59375,0.6015625,0.6220017256255392,1.0,5.189274787902832,1.0569669008255005
734,80,cvae,5,44,0.359375,0.21875,0.3125,1.0,4.01214075088501,0.6473793387413025
735,80,cvae,5,44,0.59375,0.609375,0.5342465753424658,1.0,2.8859047889709473,0.643140971660614
736,80,cvae,5,44,0.515625,0.421875,0.5121951219512195,1.0,4.572170734405518,0.9590976238250732
737,80,cvae,5,44,0.265625,0.265625,0.5714285714285714,1.0,6.627307891845703,1.0781562328338623
738,80,cvae,5,44,0.5,0.4375,0.5309423347398031,1.0,9.032588005065918,1.3545103073120117
739,80,cvae,5,44,0.34375,0.421875,0.45454545454545453,1.0,4.07573127746582,0.6366298794746399
740,80,cvae,5,44,0.4296875,0.625,0.5104667124227865,1.0,7.32520866394043,1.1304963827133179
741,80,cvae,5,44,0.34375,0.34375,0.4722222222222222,1.0,6.948278427124023,1.1884468793869019
742,80,cvae,5,44,0.4375,0.3125,0.5454545454545454,1.0,10.248758316040039,1.4910657405853271
743,80,cvae,5,44,0.359375,0.390625,0.4716981132075472,1.0,4.8934645652771,0.9587348103523254
744,80,cvae,5,44,0.515625,0.546875,0.4925373134328358,1.0,3.2929370403289795,0.7710474729537964
745,80,cvae,5,44,0.546875,0.609375,0.5396825396825397,1.0,3.429607629776001,0.7379664182662964
746,80,cvae,5,44,0.515625,0.390625,0.6338028169014085,1.0,5.913273811340332,1.0526182651519775
747,80,cvae,5,44,0.296875,0.3125,0.4736842105263158,1.0,8.516031265258789,1.3521782159805298
748,80,cvae,5,44,0.40625,0.375,0.5757575757575758,1.0,5.8600664138793945,1.0585367679595947
749,80,cvae,5,44,0.484375,0.375,0.5,1.0,3.840604066848755,0.8067904114723206
750,80,cvae,5,44,0.34375,0.515625,0.47761194029850745,1.0,5.506276607513428,0.8966659903526306
751,80,cvae,5,44,0.3984375,0.3359375,0.5259034218100416,1.0,6.1195197105407715,1.100958228111267
752,80,cvae,5,44,0.46875,0.3125,0.6379310344827587,1.0,7.460231304168701,1.375968337059021
753,80,cvae,5,44,0.328125,0.4375,0.3472222222222222,1.0,5.70252799987793,1.1297796964645386
754,80,cvae,5,44,0.4609375,0.375,0.4878015350877193,1.0,2.7055180072784424,0.49241676926612854
755,80,cvae,5,44,0.5546875,0.625,0.5757936507936507,1.0,4.538763999938965,0.8175044059753418
756,80,cvae,5,44,0.3828125,0.40625,0.5490890688259109,1.0,3.569178581237793,0.6438537836074829
757,80,cvae,5,44,0.40625,0.515625,0.5227272727272727,1.0,3.3728435039520264,0.721007227897644
758,80,cvae,5,44,0.3984375,0.484375,0.4858490566037736,1.0,4.571407318115234,0.9493700861930847
759,80,cvae,5,44,0.53125,0.53125,0.53475073313783,1.0,3.9181740283966064,0.8281095027923584
760,80,cvae,5,44,0.46875,0.46875,0.5333333333333333,1.0,2.13755464553833,0.40489500761032104
761,80,cvae,5,44,0.375,0.3515625,0.5916666666666667,1.0,7.152347564697266,1.1897529363632202
762,80,cvae,5,44,0.5390625,0.3671875,0.5517418032786885,1.0,3.3201613426208496,0.6503567099571228
763,80,cvae,5,44,0.4453125,0.4921875,0.5039450613676213,1.0,4.692584991455078,0.8844423890113831
764,80,cvae,5,44,0.3359375,0.296875,0.49390243902439024,1.0,9.095019340515137,1.6701416969299316
765,80,cvae,5,44,0.34375,0.3125,0.5230769230769231,1.0,4.990655899047852,1.032837152481079
766,80,cvae,5,44,0.375,0.390625,0.4878048780487805,1.0,9.400979995727539,1.6855361461639404
767,80,cvae,5,44,0.375,0.390625,0.47058823529411764,1.0,5.406044960021973,0.8100022077560425
768,80,cvae,5,44,0.4765625,0.4765625,0.4792803970223325,1.0,3.2720303535461426,0.6035847067832947
769,80,cvae,5,44,0.4375,0.34375,0.5526988636363637,1.0,3.767772674560547,0.6698791980743408
770,80,cvae,5,44,0.34375,0.46875,0.46511627906976744,1.0,4.932965278625488,0.9251255393028259
771,80,cvae,5,44,0.453125,0.5,0.5238095238095238,1.0,1.7575578689575195,0.3375341296195984
772,80,cvae,5,44,0.46875,0.3125,0.5161290322580645,1.0,7.624485015869141,1.102460265159607
773,80,cvae,5,44,0.453125,0.40625,0.5490196078431373,1.0,4.098187446594238,0.6915879249572754
774,80,cvae,5,44,0.640625,0.46875,0.6535050675675675,1.0,3.8437907695770264,0.7600366473197937
775,80,cvae,5,44,0.375,0.328125,0.46211251435132034,1.0,12.623608589172363,1.7975431680679321
776,80,cvae,5,44,0.46875,0.625,0.5609756097560976,1.0,3.8146839141845703,0.6900621652603149
777,80,cvae,5,44,0.390625,0.375,0.5555555555555556,1.0,4.696928024291992,0.7185730338096619
778,80,cvae,5,44,0.375,0.3125,0.4375,1.0,8.472010612487793,1.2155050039291382
779,80,cvae,5,44,0.4453125,0.4765625,0.4678868178755895,1.0,3.0474114418029785,0.56257563829422
780,80,cvae,5,44,0.5,0.421875,0.5613207547169812,1.0,6.8406267166137695,1.3898099660873413
781,80,cvae,5,44,0.3984375,0.484375,0.4248794599807136,1.0,3.399286985397339,0.6165406703948975
782,80,cvae,5,44,0.453125,0.421875,0.5476190476190477,1.0,6.090620517730713,1.1420340538024902
783,80,cvae,5,44,0.515625,0.5390625,0.5236895161290323,1.0,3.2108988761901855,0.605567991733551
784,80,cvae,5,44,0.3984375,0.4453125,0.49617277200656096,1.0,2.6393864154815674,0.5072087645530701
785,80,cvae,5,44,0.484375,0.5625,0.48314606741573035,1.0,3.1438169479370117,0.5443229675292969
786,80,cvae,5,44,0.296875,0.21875,0.49019607843137253,1.0,11.042425155639648,1.396444320678711
787,80,cvae,5,44,0.515625,0.390625,0.46776294366655813,1.0,4.401876449584961,0.8712778687477112
788,80,cvae,5,44,0.5,0.453125,0.6,1.0,3.660503625869751,0.7299708127975464
789,80,cvae,5,44,0.40625,0.3828125,0.4961770623742454,1.0,8.051729202270508,1.3763444423675537
790,80,cvae,5,44,0.359375,0.296875,0.4423076923076923,1.0,6.995428085327148,1.1175034046173096
791,80,cvae,5,44,0.4453125,0.3125,0.553639846743295,1.0,7.896913528442383,1.3228501081466675
792,80,cvae,5,44,0.46875,0.5,0.5,1.0,3.928800344467163,0.6780859231948853
793,80,cvae,5,44,0.5078125,0.328125,0.6257575757575757,1.0,5.157087802886963,1.0958722829818726
794,80,cvae,5,44,0.40625,0.375,0.4722222222222222,1.0,5.791312217712402,0.9526905417442322
795,80,cvae,5,44,0.5625,0.40625,0.5836239465271723,1.0,4.904665470123291,1.0458027124404907
796,80,cvae,5,44,0.5546875,0.5859375,0.5878787878787879,1.0,4.963801383972168,0.982574462890625
797,80,cvae,5,44,0.65625,0.5546875,0.595679012345679,1.0,3.999541759490967,0.6972849369049072
798,80,cvae,5,44,0.4375,0.40625,0.4791666666666667,1.0,4.735964775085449,0.7793077826499939
799,80,cvae,5,44,0.5234375,0.5546875,0.5016629711751663,1.0,4.546761512756348,0.8731183409690857
800,80,cvae,5,44,0.46875,0.734375,0.4453125,1.0,3.2455179691314697,0.6288914084434509
801,80,cvae,5,44,0.4375,0.5390625,0.4761494252873564,1.0,2.3803200721740723,0.4008103311061859
802,80,cvae,5,44,0.4609375,0.4453125,0.6221033868092691,1.0,2.215794086456299,0.4449046850204468
803,80,cvae,5,44,0.484375,0.5859375,0.4397602397602398,1.0,2.5852584838867188,0.6092931628227234
804,80,cvae,5,44,0.40625,0.609375,0.44,1.0,6.663053512573242,1.1373047828674316
805,80,cvae,5,44,0.40625,0.5,0.52,1.0,6.298208236694336,0.9636473059654236
806,80,cvae,5,44,0.3984375,0.4453125,0.4435532687651332,1.0,8.917150497436523,1.3164736032485962
807,80,cvae,5,44,0.40625,0.390625,0.5172413793103449,1.0,4.032861709594727,0.6982565522193909
808,80,cvae,5,44,0.4296875,0.625,0.4448287789692148,1.0,6.472362995147705,1.397576928138733
809,80,cvae,5,44,0.5,0.5625,0.43548387096774194,1.0,2.909804344177246,0.5734008550643921
810,80,cvae,5,44,0.4296875,0.4453125,0.5946428571428571,1.0,5.4501543045043945,0.8395993113517761
811,80,cvae,5,44,0.546875,0.4375,0.548768472906404,1.0,5.509892463684082,0.8402566313743591
812,80,cvae,5,44,0.375,0.3984375,0.4375,1.0,2.3847599029541016,0.4261810779571533
813,80,cvae,5,44,0.4296875,0.4921875,0.4967532467532467,1.0,3.835785150527954,0.7775595784187317
814,80,cvae,5,44,0.4375,0.3671875,0.5295364612775579,1.0,4.952483177185059,1.0086743831634521
815,80,cvae,5,44,0.34375,0.390625,0.5178571428571429,1.0,8.053380966186523,1.2810481786727905
816,80,cvae,5,44,0.515625,0.515625,0.5357142857142857,1.0,6.485987663269043,1.145591378211975
817,80,cvae,5,44,0.3359375,0.453125,0.43693181818181814,1.0,8.6534423828125,1.503785252571106
818,80,cvae,5,44,0.40625,0.484375,0.5306122448979592,1.0,3.6310906410217285,0.6694253087043762
819,80,cvae,5,44,0.3125,0.296875,0.46875,1.0,5.688535213470459,1.290674090385437
820,80,cvae,5,44,0.328125,0.375,0.4156586021505376,1.0,4.321638107299805,0.8352834582328796
821,80,cvae,5,44,0.4375,0.484375,0.5968614718614719,1.0,7.116177558898926,1.3056620359420776
822,80,cvae,5,44,0.46875,0.3828125,0.6061895996318454,1.0,2.210301160812378,0.4886285662651062
823,80,cvae,5,44,0.34375,0.515625,0.56,1.0,3.332460641860962,0.6618741154670715
824,80,cvae,5,44,0.53125,0.5,0.53125,1.0,3.9268176555633545,0.7581260204315186
825,80,cvae,5,44,0.328125,0.3125,0.525,1.0,6.058305263519287,1.0091094970703125
826,80,cvae,5,44,0.40625,0.53125,0.4418604651162791,1.0,6.7335004806518555,0.9951344132423401
827,80,cvae,5,44,0.4375,0.5,0.46739130434782605,1.0,5.497313499450684,1.2627900838851929
828,80,cvae,5,44,0.34375,0.46875,0.5,1.0,5.613326072692871,0.9012033939361572
829,80,cvae,5,44,0.453125,0.5859375,0.4461538461538462,1.0,4.214887619018555,0.7919386625289917
830,80,cvae,5,44,0.46875,0.453125,0.5084745762711864,1.0,4.215486526489258,0.7775264382362366
831,80,cvae,5,44,0.6796875,0.6171875,0.6190324295587453,1.0,4.03584098815918,0.8775841593742371
832,80,cvae,5,44,0.4140625,0.59375,0.38345864661654133,1.0,6.2065958976745605,1.1466236114501953
833,80,cvae,5,44,0.46875,0.390625,0.5254237288135594,1.0,9.004581451416016,1.5289888381958008
834,80,cvae,5,44,0.4921875,0.359375,0.5317708333333333,1.0,8.238701820373535,1.481347680091858
835,80,cvae,5,44,0.3671875,0.453125,0.4253521126760563,1.0,5.036286354064941,0.8812267184257507
836,80,cvae,5,44,0.3359375,0.3203125,0.4753016591251885,1.0,8.876378059387207,1.8063472509384155
837,80,cvae,5,44,0.484375,0.4375,0.5735294117647058,1.0,3.3574342727661133,0.6786890625953674
838,80,cvae,5,44,0.6015625,0.6171875,0.5957446808510638,1.0,5.440553665161133,1.1261857748031616
839,80,cvae,5,44,0.625,0.625,0.5263157894736842,1.0,2.59091854095459,0.4875635504722595
840,80,cvae,5,44,0.4453125,0.3828125,0.5472074468085106,1.0,4.189450263977051,0.8446311354637146
841,80,cvae,5,44,0.53125,0.515625,0.5375,1.0,3.6755590438842773,0.6989198327064514
842,80,cvae,5,44,0.5078125,0.4765625,0.5267335004177109,1.0,3.279517889022827,0.612778902053833
843,80,cvae,5,44,0.484375,0.625,0.5166666666666667,1.0,6.1673359870910645,1.2327135801315308
844,80,cvae,5,44,0.53125,0.515625,0.5689655172413793,1.0,4.5693359375,0.8719993829727173
845,80,cvae,5,44,0.421875,0.53125,0.5272727272727272,1.0,7.926434516906738,1.1942285299301147
846,80,cvae,5,44,0.453125,0.578125,0.5178571428571429,1.0,3.6425087451934814,0.7612948417663574
847,80,cvae,5,44,0.484375,0.484375,0.5344827586206896,1.0,5.828551769256592,1.0019638538360596
848,80,cvae,5,44,0.484375,0.515625,0.5,1.0,2.6257450580596924,0.6007859706878662
849,80,cvae,5,44,0.28125,0.390625,0.4864864864864865,1.0,4.972570419311523,0.7764489650726318
850,80,cvae,5,44,0.5625,0.546875,0.5850079323109466,1.0,3.960728883743286,0.7909166216850281
851,80,cvae,5,44,0.5390625,0.5234375,0.5615079365079365,1.0,6.687946319580078,0.9849233627319336
852,80,cvae,5,44,0.453125,0.515625,0.5039322444041137,1.0,5.347393989562988,1.0198713541030884
853,80,cvae,5,44,0.328125,0.4375,0.5205479452054794,1.0,3.2808783054351807,0.669663667678833
854,80,cvae,5,44,0.515625,0.515625,0.4125,1.0,3.3178629875183105,0.6301311254501343
855,80,cvae,5,44,0.3359375,0.2890625,0.55,1.0,7.3841118812561035,1.3108140230178833
856,80,cvae,5,44,0.4921875,0.6328125,0.5461309523809523,1.0,5.914823532104492,1.0648103952407837
857,80,cvae,5,44,0.40625,0.6484375,0.39911021814006886,1.0,7.132480144500732,1.2742055654525757
858,80,cvae,5,44,0.359375,0.328125,0.4791666666666667,1.0,4.749875068664551,0.8268306851387024
859,80,cvae,5,44,0.625,0.59375,0.5211267605633803,1.0,4.752042770385742,0.8902309536933899
860,80,cvae,5,44,0.4140625,0.3984375,0.5141509433962264,1.0,3.359485149383545,0.691502034664154
861,80,cvae,5,44,0.40625,0.515625,0.5104166666666667,1.0,8.205446243286133,1.1166001558303833
862,80,cvae,5,44,0.375,0.28125,0.5714285714285714,1.0,4.877598762512207,0.8739175200462341
863,80,cvae,5,44,0.375,0.296875,0.6515151515151515,1.0,9.865118026733398,1.629381537437439
864,80,cvae,5,44,0.328125,0.328125,0.4211822660098522,1.0,6.45151424407959,0.8620004057884216
865,80,cvae,5,44,0.4296875,0.578125,0.3953125,1.0,3.6866543292999268,0.7142395377159119
866,80,cvae,5,44,0.5,0.484375,0.54,1.0,4.889947891235352,0.8117353916168213
867,80,cvae,5,44,0.34375,0.359375,0.4393939393939394,1.0,7.9119367599487305,1.655051589012146
868,80,cvae,5,44,0.4453125,0.5,0.47994419253575166,1.0,2.693681478500366,0.4237382411956787
869,80,cvae,5,44,0.40625,0.546875,0.41935483870967744,1.0,3.0808088779449463,0.6880776286125183
870,80,cvae,5,44,0.359375,0.28125,0.575,1.0,5.912036895751953,1.0617845058441162
871,80,cvae,5,44,0.515625,0.46875,0.5657894736842105,1.0,3.0088798999786377,0.5704094767570496
872,80,cvae,5,44,0.265625,0.25,0.4166666666666667,1.0,7.521150588989258,1.2265353202819824
873,80,cvae,5,44,0.515625,0.53125,0.5294117647058824,1.0,3.592529296875,0.7688652873039246
874,80,cvae,5,44,0.4765625,0.5546875,0.5898550724637681,1.0,4.847393989562988,0.8584042191505432
875,80,cvae,5,44,0.484375,0.5703125,0.48821924603174605,1.0,4.082634925842285,0.8863230347633362
876,80,cvae,5,44,0.46875,0.375,0.5535714285714286,1.0,5.468692779541016,1.019161343574524
877,80,cvae,5,44,0.375,0.21875,0.55,1.0,10.520303726196289,1.6587754487991333
878,80,cvae,5,44,0.3671875,0.453125,0.4103896103896104,1.0,5.936896800994873,1.148942232131958
879,80,cvae,5,44,0.4375,0.3984375,0.519091847265222,1.0,4.544022083282471,0.7160227298736572
880,80,cvae,5,44,0.3125,0.296875,0.5555555555555556,1.0,7.391252040863037,1.245747447013855
881,80,cvae,5,44,0.4375,0.515625,0.5149393090569561,1.0,3.919243335723877,0.8219220042228699
882,80,cvae,5,44,0.46875,0.53125,0.5873015873015873,1.0,3.487576723098755,0.7275999188423157
883,80,cvae,5,44,0.40625,0.46875,0.47619047619047616,1.0,6.3912482261657715,1.1649341583251953
884,80,cvae,5,44,0.53125,0.4375,0.4722222222222222,1.0,3.9388136863708496,0.9039040803909302
885,80,cvae,5,44,0.375,0.40625,0.5064102564102564,1.0,3.227019786834717,0.7228294610977173
886,80,cvae,5,44,0.375,0.359375,0.4375,1.0,8.303461074829102,1.3167251348495483
887,80,cvae,5,44,0.515625,0.625,0.5849056603773585,1.0,3.622434377670288,0.5916760563850403
888,80,cvae,5,44,0.359375,0.4296875,0.4721131186174391,1.0,5.704512596130371,0.9700513482093811
889,80,cvae,5,44,0.5625,0.4375,0.5625,1.0,5.162137985229492,0.9750428199768066
890,80,cvae,5,44,0.296875,0.375,0.5,1.0,5.408958435058594,0.905311644077301
891,80,cvae,5,44,0.296875,0.3828125,0.5265765765765766,1.0,2.3328335285186768,0.486018568277359
892,80,cvae,5,44,0.53125,0.515625,0.5145631067961165,1.0,3.8032636642456055,0.7640647292137146
893,80,cvae,5,44,0.375,0.4375,0.5614035087719298,1.0,7.335541248321533,1.113732099533081
894,80,cvae,5,44,0.328125,0.265625,0.65,1.0,5.104981422424316,0.9008469581604004
895,80,cvae,5,44,0.359375,0.234375,0.4878048780487805,1.0,8.323312759399414,1.5510143041610718
896,80,cvae,5,44,0.5078125,0.4453125,0.5354843429909277,1.0,3.9412333965301514,0.8515800833702087
897,80,cvae,5,44,0.34375,0.453125,0.5,1.0,2.7977871894836426,0.47704753279685974
898,80,cvae,5,44,0.484375,0.359375,0.5434782608695652,1.0,4.328456878662109,0.8535787463188171
899,80,cvae,5,44,0.359375,0.359375,0.4909090909090909,1.0,5.164007663726807,0.9969226121902466
900,80,cvae,5,44,0.5,0.515625,0.4888888888888889,1.0,7.0921101570129395,1.1316874027252197
901,80,cvae,5,44,0.5,0.453125,0.5,1.0,4.26988410949707,0.8820796608924866
902,80,cvae,5,44,0.40625,0.421875,0.46153846153846156,1.0,5.208085060119629,0.8717165589332581
903,80,cvae,5,44,0.46875,0.640625,0.4225352112676056,1.0,3.0331270694732666,0.563927412033081
904,80,cvae,5,44,0.46875,0.515625,0.5,1.0,9.14838981628418,1.741277813911438
905,80,cvae,5,44,0.390625,0.46875,0.5333333333333333,1.0,3.6055257320404053,0.7494654059410095
906,80,cvae,5,44,0.421875,0.296875,0.4838709677419355,1.0,4.197514533996582,0.7639867663383484
907,80,cvae,5,44,0.484375,0.515625,0.44149253731343285,1.0,3.184065341949463,0.6808362603187561
908,80,cvae,5,44,0.546875,0.59375,0.515625,1.0,4.396298885345459,0.8654844760894775
909,80,cvae,5,44,0.46875,0.5625,0.575,1.0,4.089078903198242,0.6707674264907837
910,80,cvae,5,44,0.46875,0.3515625,0.5317567567567567,1.0,5.713722229003906,1.2408080101013184
911,80,cvae,5,44,0.5625,0.6875,0.5555555555555556,1.0,7.877367973327637,1.4703477621078491
912,80,cvae,5,44,0.46875,0.453125,0.5,1.0,3.2134556770324707,0.6701962947845459
913,80,cvae,5,44,0.5234375,0.546875,0.5491803278688525,1.0,4.710407257080078,0.8853047490119934
914,80,cvae,5,44,0.546875,0.5703125,0.5686507936507936,1.0,3.019366979598999,0.5485125780105591
915,80,cvae,5,44,0.375,0.1875,0.42857142857142855,1.0,8.765634536743164,1.6380342245101929
916,80,cvae,5,44,0.4453125,0.40625,0.5072004608294931,1.0,2.521134614944458,0.5290938019752502
917,80,cvae,5,44,0.6171875,0.640625,0.594392523364486,1.0,8.524331092834473,1.412676453590393
918,80,cvae,5,44,0.4296875,0.453125,0.5447178871548619,1.0,2.7185895442962646,0.6489818692207336
919,80,cvae,5,44,0.421875,0.40625,0.421875,1.0,6.479728698730469,1.2786222696304321
920,80,cvae,5,44,0.265625,0.296875,0.42105263157894735,1.0,4.587655067443848,0.889807939529419
921,80,cvae,5,44,0.2734375,0.3203125,0.350844277673546,1.0,4.793304920196533,0.8124279379844666
922,80,cvae,5,44,0.5078125,0.53125,0.580603448275862,1.0,2.660844326019287,0.6294680833816528
923,80,cvae,5,44,0.4140625,0.5234375,0.513157894736842,1.0,5.636509895324707,0.9888152480125427
924,80,cvae,5,44,0.484375,0.4375,0.543859649122807,1.0,5.28549337387085,0.9620634913444519
925,80,cvae,5,44,0.6328125,0.6171875,0.5660449181575942,1.0,3.540868043899536,0.810562014579773
926,80,cvae,5,44,0.53125,0.484375,0.5423728813559322,1.0,4.00401496887207,0.6672073006629944
927,80,cvae,5,44,0.375,0.4375,0.48547215496368035,1.0,5.231156349182129,0.9509881138801575
928,80,cvae,5,44,0.4609375,0.5078125,0.5160246533127889,1.0,3.624366044998169,0.7355296015739441
929,80,cvae,5,44,0.359375,0.53125,0.4552590266875981,1.0,5.014981269836426,0.9164281487464905
930,80,cvae,5,44,0.359375,0.4140625,0.4258241758241758,1.0,11.243431091308594,1.471549153327942
931,80,cvae,5,44,0.53125,0.5625,0.5802469135802469,1.0,3.852602243423462,0.9020951986312866
932,80,cvae,5,44,0.421875,0.578125,0.5166666666666667,1.0,5.660443305969238,1.0831631422042847
933,80,cvae,5,44,0.359375,0.296875,0.45454545454545453,1.0,6.406946182250977,1.207031011581421
934,80,cvae,5,44,0.53125,0.46875,0.49056603773584906,1.0,3.1523191928863525,0.7116648554801941
935,80,cvae,5,44,0.515625,0.4375,0.6060606060606061,1.0,4.701364517211914,0.8195180892944336
936,80,cvae,5,44,0.421875,0.375,0.4772727272727273,1.0,3.709233045578003,0.7696980834007263
937,80,cvae,5,44,0.5234375,0.546875,0.6435064935064936,1.0,6.2466206550598145,1.03984797000885
938,80,cvae,5,44,0.5234375,0.6015625,0.6121308016877638,1.0,3.0048305988311768,0.5370614528656006
939,80,cvae,5,44,0.453125,0.453125,0.603448275862069,1.0,5.676808834075928,0.9007079005241394
940,80,cvae,5,44,0.4296875,0.5,0.42307692307692313,1.0,8.057212829589844,1.283199667930603
941,80,cvae,5,44,0.6015625,0.515625,0.5683526999316473,1.0,4.987440586090088,0.8775804042816162
942,80,cvae,5,44,0.484375,0.3125,0.5535714285714286,1.0,8.211065292358398,1.3378188610076904
943,80,cvae,5,44,0.53125,0.71875,0.5245901639344263,1.0,2.888296127319336,0.5325511693954468
944,80,cvae,5,44,0.390625,0.484375,0.36619718309859156,1.0,9.611212730407715,1.5979297161102295
945,80,cvae,5,44,0.3359375,0.4296875,0.5464956481905634,1.0,3.5553622245788574,0.7272353768348694
946,80,cvae,5,44,0.5625,0.3203125,0.678302090066796,1.0,5.9558587074279785,1.1080286502838135
947,80,cvae,5,44,0.46875,0.5546875,0.47204120243851166,1.0,4.733080863952637,0.8813783526420593
948,80,cvae,5,44,0.4921875,0.5078125,0.5308018252933507,1.0,3.5927929878234863,0.6151697039604187
949,80,cvae,5,44,0.375,0.234375,0.46808510638297873,1.0,3.802279472351074,0.6901440024375916
950,80,cvae,5,44,0.390625,0.375,0.5333333333333333,1.0,4.512754440307617,0.9590643644332886
951,80,cvae,5,44,0.453125,0.53125,0.6170212765957447,1.0,4.434309005737305,0.9502109885215759
952,80,cvae,5,44,0.40625,0.484375,0.49230769230769234,1.0,3.689690351486206,0.6641883254051208
953,80,cvae,5,44,0.3671875,0.3515625,0.5292509568069983,1.0,3.1110928058624268,0.6380228400230408
954,80,cvae,5,44,0.4609375,0.4375,0.5235849056603774,1.0,3.5614070892333984,0.6337434649467468
955,80,cvae,5,44,0.46875,0.4375,0.4925373134328358,1.0,6.183261394500732,1.0746277570724487
956,80,cvae,5,44,0.3359375,0.390625,0.532394366197183,1.0,9.358589172363281,1.564060091972351
957,80,cvae,5,44,0.4375,0.203125,0.5952380952380952,1.0,4.987825393676758,0.9807500839233398
958,80,cvae,5,44,0.34375,0.40625,0.49056603773584906,1.0,2.212780237197876,0.47077494859695435
959,80,cvae,5,44,0.5859375,0.53125,0.562794738148424,1.0,4.902739524841309,0.831290066242218
960,80,cvae,5,44,0.375,0.390625,0.47368421052631576,1.0,3.5386931896209717,0.665231466293335
961,80,cvae,5,44,0.578125,0.609375,0.48705985915492955,1.0,3.4692182540893555,0.56333988904953
962,80,cvae,5,44,0.4609375,0.2890625,0.5862573099415205,1.0,4.749068260192871,0.8039692640304565
963,80,cvae,5,44,0.5,0.6015625,0.4551071878940732,1.0,3.6007437705993652,0.7171327471733093
964,80,cvae,5,44,0.375,0.5625,0.46808510638297873,1.0,6.560122489929199,1.1907552480697632
965,80,cvae,5,44,0.4453125,0.515625,0.5391737891737892,1.0,7.84483003616333,1.1304339170455933
966,80,cvae,5,44,0.515625,0.46875,0.6166666666666667,1.0,5.555332183837891,0.9617332220077515
967,80,cvae,5,44,0.375,0.453125,0.55,1.0,7.466618061065674,1.3536394834518433
968,80,cvae,5,44,0.390625,0.4375,0.4166666666666667,1.0,3.4541430473327637,0.7048048377037048
969,80,cvae,5,44,0.421875,0.3828125,0.4419283134203945,1.0,7.144829750061035,1.0320212841033936
970,80,cvae,5,44,0.328125,0.3046875,0.4747596153846154,1.0,4.801157474517822,0.7943320870399475
971,80,cvae,5,44,0.515625,0.609375,0.5396825396825397,1.0,6.382250785827637,0.9140114188194275
972,80,cvae,5,44,0.4765625,0.4140625,0.49451476793248944,1.0,2.5332367420196533,0.4158751964569092
973,80,cvae,5,44,0.3515625,0.4140625,0.4305313588850174,1.0,5.699298858642578,1.0079044103622437
974,80,cvae,5,44,0.484375,0.375,0.5294117647058824,1.0,4.205843448638916,0.7707239389419556
975,80,cvae,5,44,0.5625,0.53125,0.5185185185185185,1.0,3.288179874420166,0.7307909727096558
976,80,cvae,5,44,0.3984375,0.4140625,0.48316498316498313,1.0,4.089634895324707,0.8208070397377014
977,80,cvae,5,44,0.65625,0.484375,0.639344262295082,1.0,5.380101203918457,0.999319314956665
978,80,cvae,5,44,0.46875,0.71875,0.4714285714285714,1.0,5.41087532043457,1.0558875799179077
979,80,cvae,5,44,0.6015625,0.625,0.5731425524351226,1.0,4.489889144897461,0.8204427361488342
980,80,cvae,5,44,0.5,0.453125,0.5614035087719298,1.0,2.9608044624328613,0.598591148853302
981,80,cvae,5,44,0.484375,0.46875,0.5769230769230769,1.0,6.260098934173584,0.9253098368644714
982,80,cvae,5,44,0.375,0.515625,0.43333333333333335,1.0,3.2890217304229736,0.7749854922294617
983,80,cvae,5,44,0.5,0.65625,0.5614035087719298,1.0,5.020140647888184,0.897964358329773
984,80,cvae,5,44,0.5,0.65625,0.5,1.0,5.26906681060791,1.017217993736267
985,80,cvae,5,44,0.46875,0.6484375,0.480251572327044,1.0,3.2081151008605957,0.6296243667602539
986,80,cvae,5,44,0.5234375,0.578125,0.4779040404040404,1.0,3.8379361629486084,0.6593326330184937
987,80,cvae,5,44,0.453125,0.5625,0.5818181818181818,1.0,4.844919204711914,0.9430180191993713
988,80,cvae,5,44,0.421875,0.296875,0.46551724137931033,1.0,10.833250045776367,1.7932926416397095
989,80,cvae,5,44,0.4765625,0.5546875,0.529224537037037,1.0,5.927131652832031,0.9634146094322205
990,80,cvae,5,44,0.53125,0.53125,0.5308641975308642,1.0,3.6280055046081543,0.7798880934715271
991,80,cvae,5,44,0.515625,0.484375,0.5087719298245614,1.0,4.313085556030273,0.7674580812454224
992,80,cvae,5,44,0.46875,0.375,0.45714285714285713,1.0,1.5537877082824707,0.31097322702407837
993,80,cvae,5,44,0.46875,0.421875,0.5681818181818182,1.0,3.8764209747314453,0.6366767883300781
994,80,cvae,5,44,0.515625,0.3125,0.5813953488372093,1.0,5.238874435424805,0.8802903294563293
995,80,cvae,5,44,0.3671875,0.375,0.4952365830422356,1.0,7.410578727722168,1.5174421072006226
996,80,cvae,5,44,0.46875,0.578125,0.5542676501580611,1.0,4.503686904907227,0.991606593132019
997,80,cvae,5,44,0.375,0.359375,0.5,1.0,8.169393539428711,1.3193697929382324
998,80,cvae,5,44,0.296875,0.265625,0.36975499859194594,1.0,9.665580749511719,1.5226540565490723
999,80,cvae,5,44,0.421875,0.40625,0.5952380952380952,1.0,2.7626447677612305,0.5203553438186646
0,120,cvae,5,44,0.3359375,0.3671875,0.47560975609756095,1.0,4.497467994689941,0.6824155449867249
1,120,cvae,5,44,0.3671875,0.421875,0.4574362041467305,1.0,7.887965202331543,1.4634093046188354
2,120,cvae,5,44,0.3828125,0.34375,0.5667857142857142,1.0,3.2710556983947754,0.5521191954612732
3,120,cvae,5,44,0.328125,0.296875,0.625,1.0,6.1255645751953125,0.9744147062301636
4,120,cvae,5,44,0.4296875,0.4375,0.5649350649350648,1.0,7.519216537475586,1.531646728515625
5,120,cvae,5,44,0.328125,0.171875,0.5853658536585366,1.0,11.228918075561523,1.7890191078186035
6,120,cvae,5,44,0.3515625,0.296875,0.4435483870967742,1.0,8.85525131225586,1.6077594757080078
7,120,cvae,5,44,0.28125,0.21875,0.47368421052631576,1.0,6.696140766143799,1.0947787761688232
8,120,cvae,5,44,0.71875,0.46875,0.6241758241758242,1.0,2.2581863403320312,0.4961037337779999
9,120,cvae,5,44,0.328125,0.40625,0.5,1.0,4.005588531494141,0.6551724076271057
10,120,cvae,5,44,0.421875,0.421875,0.5409836065573771,1.0,5.219755172729492,1.0133217573165894
11,120,cvae,5,44,0.484375,0.328125,0.6142533936651584,1.0,8.6893310546875,1.4392991065979004
12,120,cvae,5,44,0.3984375,0.390625,0.4716269841269841,1.0,4.47011661529541,0.7856637835502625
13,120,cvae,5,44,0.296875,0.265625,0.4603580562659847,1.0,4.476132392883301,0.8579242825508118
14,120,cvae,5,44,0.484375,0.4921875,0.5686868686868687,1.0,7.153282642364502,1.1784214973449707
15,120,cvae,5,44,0.421875,0.3203125,0.5713718220338984,1.0,8.474897384643555,1.4993349313735962
16,120,cvae,5,44,0.484375,0.390625,0.575,1.0,7.742133617401123,1.481101393699646
17,120,cvae,5,44,0.53125,0.34375,0.6140350877192983,1.0,5.36208963394165,0.9790128469467163
18,120,cvae,5,44,0.515625,0.578125,0.5238095238095238,1.0,3.663168430328369,0.7407025694847107
19,120,cvae,5,44,0.3046875,0.3046875,0.5512152777777778,1.0,3.147047758102417,0.6214789152145386
20,120,cvae,5,44,0.3046875,0.28125,0.4794226044226044,1.0,4.271306037902832,0.8434150218963623
21,120,cvae,5,44,0.3203125,0.3515625,0.4506191482935669,1.0,3.554323434829712,0.5791760683059692
22,120,cvae,5,44,0.453125,0.328125,0.5370370370370371,1.0,4.707198143005371,1.062881588935852
23,120,cvae,5,44,0.296875,0.453125,0.47368421052631576,1.0,4.510835647583008,0.7465853691101074
24,120,cvae,5,44,0.3046875,0.265625,0.48351648351648346,1.0,5.544988632202148,0.883574903011322
25,120,cvae,5,44,0.5390625,0.5703125,0.5709549071618036,1.0,5.104888916015625,0.8307143449783325
26,120,cvae,5,44,0.5,0.2890625,0.5519957983193278,1.0,2.8481202125549316,0.47842440009117126
27,120,cvae,5,44,0.515625,0.4453125,0.5455938697318008,1.0,2.918584108352661,0.4652112126350403
28,120,cvae,5,44,0.375,0.3046875,0.5507765830346476,1.0,4.404515743255615,0.8925197720527649
29,120,cvae,5,44,0.390625,0.3125,0.5555555555555556,1.0,7.979601860046387,1.4414987564086914
30,120,cvae,5,44,0.5390625,0.4140625,0.6210648148148148,1.0,2.922562599182129,0.543589174747467
31,120,cvae,5,44,0.515625,0.453125,0.5967741935483871,1.0,6.976652145385742,1.2897717952728271
32,120,cvae,5,44,0.359375,0.296875,0.5370370370370371,1.0,7.1605424880981445,1.346161127090454
33,120,cvae,5,44,0.421875,0.34375,0.484375,1.0,6.9215826988220215,1.3487272262573242
34,120,cvae,5,44,0.421875,0.3125,0.5254237288135594,1.0,5.407246112823486,0.8819127082824707
35,120,cvae,5,44,0.3046875,0.296875,0.4875,1.0,4.216909408569336,0.8670037388801575
36,120,cvae,5,44,0.234375,0.25,0.4166666666666667,1.0,3.1220908164978027,0.5351477861404419
37,120,cvae,5,44,0.421875,0.4140625,0.5361290322580645,1.0,7.969061374664307,1.2960000038146973
38,120,cvae,5,44,0.5,0.4375,0.6419753086419753,1.0,4.626242637634277,0.8475707173347473
39,120,cvae,5,44,0.4375,0.328125,0.5352112676056338,1.0,8.60776424407959,1.3689000606536865
40,120,cvae,5,44,0.46875,0.375,0.52,1.0,5.074373245239258,0.9645578861236572
41,120,cvae,5,44,0.359375,0.4140625,0.4965753424657534,1.0,5.3564252853393555,1.1570545434951782
42,120,cvae,5,44,0.390625,0.34375,0.603021978021978,1.0,2.2740461826324463,0.467808336019516
43,120,cvae,5,44,0.328125,0.328125,0.48958333333333337,1.0,3.868302822113037,0.4933950901031494
44,120,cvae,5,44,0.4921875,0.34375,0.5278684701492538,1.0,6.6196088790893555,1.213810682296753
45,120,cvae,5,44,0.453125,0.40625,0.5,1.0,4.2064080238342285,0.7132292985916138
46,120,cvae,5,44,0.5,0.265625,0.5689655172413793,1.0,5.119815349578857,0.7821910381317139
47,120,cvae,5,44,0.390625,0.3671875,0.4736111111111111,1.0,3.1812472343444824,0.5257896184921265
48,120,cvae,5,44,0.5390625,0.359375,0.5689459336665152,1.0,5.515433311462402,0.8522235751152039
49,120,cvae,5,44,0.3359375,0.34375,0.613768115942029,1.0,7.21559476852417,1.2215919494628906
50,120,cvae,5,44,0.296875,0.15625,0.56,1.0,3.258936882019043,0.5856733322143555
51,120,cvae,5,44,0.3359375,0.3828125,0.5005961844197138,1.0,5.929540634155273,1.1606974601745605
52,120,cvae,5,44,0.453125,0.390625,0.5471698113207547,1.0,5.247685432434082,1.043493628501892
53,120,cvae,5,44,0.53125,0.3671875,0.6102430555555556,1.0,3.6694445610046387,0.6978864669799805
54,120,cvae,5,44,0.3203125,0.3359375,0.40389016018306634,1.0,3.0214128494262695,0.5123008489608765
55,120,cvae,5,44,0.578125,0.5234375,0.6163663663663663,1.0,3.7239105701446533,0.7124535441398621
56,120,cvae,5,44,0.5,0.3125,0.5856227106227105,1.0,7.616344451904297,1.3556840419769287
57,120,cvae,5,44,0.390625,0.3515625,0.47539580658964486,1.0,9.101975440979004,1.603541374206543
58,120,cvae,5,44,0.3984375,0.34375,0.5015151515151515,1.0,4.59162712097168,0.8606985211372375
59,120,cvae,5,44,0.3125,0.2734375,0.5704545454545455,1.0,4.41304874420166,0.8706613183021545
60,120,cvae,5,44,0.46875,0.5,0.5679012345679012,1.0,2.9580650329589844,0.5770775675773621
61,120,cvae,5,44,0.453125,0.390625,0.5357142857142857,1.0,3.7251968383789062,0.6972410678863525
62,120,cvae,5,44,0.421875,0.375,0.5510204081632653,1.0,2.0215115547180176,0.3622707426548004
63,120,cvae,5,44,0.4375,0.453125,0.52,1.0,4.284120559692383,0.9657335877418518
64,120,cvae,5,44,0.4765625,0.4375,0.5534782608695652,1.0,5.643933296203613,1.0152779817581177
65,120,cvae,5,44,0.421875,0.4375,0.5,1.0,11.05131721496582,1.5937954187393188
66,120,cvae,5,44,0.421875,0.3984375,0.5302271852137082,1.0,3.867755651473999,0.692450225353241
67,120,cvae,5,44,0.328125,0.2890625,0.5040106951871658,1.0,4.499195098876953,0.8880169987678528
68,120,cvae,5,44,0.3671875,0.328125,0.5,1.0,4.5095343589782715,0.8950310945510864
69,120,cvae,5,44,0.46875,0.359375,0.5574874686716792,1.0,3.997293710708618,0.7207090854644775
70,120,cvae,5,44,0.375,0.296875,0.4166666666666667,1.0,6.474664688110352,1.1906914710998535
71,120,cvae,5,44,0.453125,0.53125,0.5370370370370371,1.0,9.12925910949707,1.232974648475647
72,120,cvae,5,44,0.3984375,0.3359375,0.520979020979021,1.0,4.281491279602051,0.8699638843536377
73,120,cvae,5,44,0.328125,0.296875,0.5740740740740741,1.0,7.5957818031311035,1.1050165891647339
74,120,cvae,5,44,0.390625,0.34375,0.5172413793103448,1.0,7.330495834350586,1.119504451751709
75,120,cvae,5,44,0.40625,0.5,0.5267241379310345,1.0,4.521944999694824,0.6308451294898987
76,120,cvae,5,44,0.5859375,0.4921875,0.6421205711263882,1.0,3.6856141090393066,0.7479584217071533
77,120,cvae,5,44,0.546875,0.5,0.5740740740740741,1.0,4.608978271484375,0.7418583631515503
78,120,cvae,5,44,0.375,0.2421875,0.5697294082664288,1.0,6.263463020324707,0.9716953635215759
79,120,cvae,5,44,0.609375,0.46875,0.58,1.0,8.760883331298828,1.4294322729110718
80,120,cvae,5,44,0.53125,0.53125,0.5595366379310345,1.0,4.350679397583008,0.9811342358589172
81,120,cvae,5,44,0.390625,0.328125,0.546875,1.0,3.7448787689208984,0.7882393002510071
82,120,cvae,5,44,0.421875,0.4140625,0.44901960784313727,1.0,8.283793449401855,1.6262085437774658
83,120,cvae,5,44,0.453125,0.625,0.453125,1.0,4.923832893371582,1.0549808740615845
84,120,cvae,5,44,0.421875,0.359375,0.5,1.0,7.617069244384766,1.542224645614624
85,120,cvae,5,44,0.3203125,0.3203125,0.6028451492537313,1.0,6.975801467895508,0.9019927382469177
86,120,cvae,5,44,0.59375,0.5078125,0.607843137254902,1.0,3.419949531555176,0.768721342086792
87,120,cvae,5,44,0.3515625,0.328125,0.5030637254901961,1.0,6.884230613708496,1.3709356784820557
88,120,cvae,5,44,0.671875,0.6484375,0.6157786885245902,1.0,5.214070796966553,1.0259543657302856
89,120,cvae,5,44,0.515625,0.53125,0.5294117647058824,1.0,3.6763172149658203,0.769944429397583
90,120,cvae,5,44,0.484375,0.4453125,0.5428571428571429,1.0,6.0763068199157715,1.145373821258545
91,120,cvae,5,44,0.46875,0.34375,0.5263310185185186,1.0,7.495885372161865,1.1762112379074097
92,120,cvae,5,44,0.265625,0.171875,0.475,1.0,6.3299407958984375,0.8181621432304382
93,120,cvae,5,44,0.328125,0.328125,0.4861111111111111,1.0,5.783748626708984,1.0147322416305542
94,120,cvae,5,44,0.375,0.3203125,0.42105263157894735,1.0,8.794144630432129,1.4459142684936523
95,120,cvae,5,44,0.5,0.3671875,0.572258064516129,1.0,3.9831702709198,0.7084122896194458
96,120,cvae,5,44,0.4453125,0.4296875,0.5035186488388459,1.0,5.921032905578613,1.0485069751739502
97,120,cvae,5,44,0.484375,0.296875,0.5147058823529411,1.0,4.471628665924072,0.768102765083313
98,120,cvae,5,44,0.4375,0.4375,0.5178571428571429,1.0,3.0418620109558105,0.5354456901550293
99,120,cvae,5,44,0.25,0.40625,0.40350877192982454,1.0,8.383878707885742,1.4837645292282104
100,120,cvae,5,44,0.34375,0.328125,0.5102040816326531,1.0,8.551507949829102,1.6579383611679077
101,120,cvae,5,44,0.5078125,0.484375,0.5998010610079576,1.0,5.2944231033325195,0.9150180816650391
102,120,cvae,5,44,0.484375,0.421875,0.4868421052631579,1.0,7.726401329040527,1.6372923851013184
103,120,cvae,5,44,0.3125,0.359375,0.5,1.0,3.297046184539795,0.5528069138526917
104,120,cvae,5,44,0.3125,0.421875,0.4878048780487805,1.0,5.887628555297852,1.1721491813659668
105,120,cvae,5,44,0.328125,0.34375,0.47540983606557374,1.0,8.273859024047852,1.8824576139450073
106,120,cvae,5,44,0.390625,0.40625,0.5,1.0,5.261810302734375,0.9881371259689331
107,120,cvae,5,44,0.4609375,0.4296875,0.5319298245614035,1.0,5.211802005767822,1.0275717973709106
108,120,cvae,5,44,0.5078125,0.359375,0.6363022941970311,1.0,2.8474631309509277,0.6003990173339844
109,120,cvae,5,44,0.546875,0.5078125,0.53125,1.0,6.442498683929443,0.9883699417114258
110,120,cvae,5,44,0.546875,0.3828125,0.625,1.0,3.6885130405426025,0.6203734874725342
111,120,cvae,5,44,0.484375,0.4453125,0.5385890151515151,1.0,4.854067802429199,0.9584335684776306
112,120,cvae,5,44,0.296875,0.171875,0.4523809523809524,1.0,3.794722080230713,0.7619250416755676
113,120,cvae,5,44,0.3125,0.25,0.4772727272727273,1.0,7.898735523223877,1.262062430381775
114,120,cvae,5,44,0.5,0.3984375,0.5667408231368187,1.0,3.211941719055176,0.6708645224571228
115,120,cvae,5,44,0.3828125,0.328125,0.572944297082228,1.0,2.500185251235962,0.5203779339790344
116,120,cvae,5,44,0.40625,0.34375,0.5932203389830508,1.0,5.634829044342041,1.0367388725280762
117,120,cvae,5,44,0.4140625,0.3125,0.661558109833972,1.0,4.471902847290039,0.8387007713317871
118,120,cvae,5,44,0.453125,0.421875,0.5697674418604651,1.0,5.812182426452637,1.1375579833984375
119,120,cvae,5,44,0.359375,0.46875,0.4501633986928104,1.0,7.248097896575928,1.1236255168914795
120,120,cvae,5,44,0.4296875,0.4765625,0.4862012987012987,1.0,8.105997085571289,1.5340527296066284
121,120,cvae,5,44,0.484375,0.625,0.5606060606060606,1.0,5.979459285736084,1.2141929864883423
122,120,cvae,5,44,0.359375,0.34375,0.5,1.0,2.9232242107391357,0.508746325969696
123,120,cvae,5,44,0.421875,0.34375,0.5166666666666667,1.0,4.830089569091797,0.8655966520309448
124,120,cvae,5,44,0.3515625,0.28125,0.5454545454545454,1.0,6.207647323608398,1.096312165260315
125,120,cvae,5,44,0.390625,0.359375,0.49019607843137253,1.0,4.652695655822754,0.9633548259735107
126,120,cvae,5,44,0.3046875,0.3203125,0.46326754385964913,1.0,4.908710479736328,0.9484150409698486
127,120,cvae,5,44,0.3984375,0.328125,0.5943675889328064,1.0,7.559714317321777,1.2555583715438843
128,120,cvae,5,44,0.4453125,0.3046875,0.5185185185185186,1.0,7.57966423034668,1.2703970670700073
129,120,cvae,5,44,0.4375,0.34375,0.5535714285714286,1.0,5.142578125,0.949861466884613
130,120,cvae,5,44,0.3125,0.140625,0.5833333333333334,1.0,5.226459503173828,0.8841509222984314
131,120,cvae,5,44,0.484375,0.234375,0.5303030303030303,1.0,6.758586883544922,0.849478006362915
132,120,cvae,5,44,0.5390625,0.515625,0.5151515151515151,1.0,6.503231525421143,1.2977945804595947
133,120,cvae,5,44,0.375,0.203125,0.6048611111111111,1.0,3.8228490352630615,0.5553905963897705
134,120,cvae,5,44,0.546875,0.515625,0.5972222222222222,1.0,3.679171562194824,0.8151057958602905
135,120,cvae,5,44,0.40625,0.2265625,0.5174825174825175,1.0,4.412173271179199,0.8739242553710938
136,120,cvae,5,44,0.328125,0.2734375,0.45735027223230496,1.0,5.453409671783447,0.8549465537071228
137,120,cvae,5,44,0.34375,0.2265625,0.48333333333333334,1.0,8.8744535446167,1.5957138538360596
138,120,cvae,5,44,0.515625,0.390625,0.625,1.0,8.83958625793457,1.3543187379837036
139,120,cvae,5,44,0.4375,0.3046875,0.5791666666666666,1.0,3.7655527591705322,0.5842636823654175
140,120,cvae,5,44,0.3828125,0.234375,0.5833333333333334,1.0,11.260164260864258,1.832840919494629
141,120,cvae,5,44,0.3125,0.328125,0.5087719298245614,1.0,7.298834800720215,1.3814663887023926
142,120,cvae,5,44,0.453125,0.40625,0.5337867485739359,1.0,5.964529037475586,1.0320215225219727
143,120,cvae,5,44,0.4609375,0.375,0.5943732193732194,1.0,4.687246799468994,0.7941398620605469
144,120,cvae,5,44,0.484375,0.390625,0.5644268774703557,1.0,3.2490808963775635,0.5492785573005676
145,120,cvae,5,44,0.5,0.484375,0.4953125,1.0,3.2462503910064697,0.6385118365287781
146,120,cvae,5,44,0.375,0.25,0.609375,1.0,8.080615043640137,1.5137380361557007
147,120,cvae,5,44,0.34375,0.1875,0.4827760891590679,1.0,4.865749359130859,0.7598456740379333
148,120,cvae,5,44,0.421875,0.484375,0.525,1.0,4.673700332641602,0.724937915802002
149,120,cvae,5,44,0.4765625,0.515625,0.5236710963455149,1.0,3.5959529876708984,0.6507351994514465
150,120,cvae,5,44,0.546875,0.40625,0.53125,1.0,3.8711299896240234,0.7903042435646057
151,120,cvae,5,44,0.515625,0.34375,0.5892857142857143,1.0,6.64988899230957,1.168672800064087
152,120,cvae,5,44,0.421875,0.359375,0.5094339622641509,1.0,5.998096942901611,1.0669093132019043
153,120,cvae,5,44,0.5,0.4921875,0.5381578947368422,1.0,3.5580291748046875,0.6663575768470764
154,120,cvae,5,44,0.484375,0.359375,0.6944444444444444,1.0,5.000709533691406,0.9683281183242798
155,120,cvae,5,44,0.421875,0.5,0.42857142857142855,1.0,3.5113415718078613,0.7378190755844116
156,120,cvae,5,44,0.484375,0.4609375,0.5578125,1.0,8.762958526611328,1.4538954496383667
157,120,cvae,5,44,0.40625,0.34375,0.5078947368421053,1.0,3.9342904090881348,0.7293179631233215
158,120,cvae,5,44,0.609375,0.484375,0.6530612244897959,1.0,5.232963562011719,0.9411104321479797
159,120,cvae,5,44,0.34375,0.3125,0.4838709677419355,1.0,6.650046348571777,1.031051516532898
160,120,cvae,5,44,0.484375,0.1875,0.5964912280701754,1.0,6.714926719665527,1.2222657203674316
161,120,cvae,5,44,0.578125,0.390625,0.671875,1.0,3.6495370864868164,0.5868216753005981
162,120,cvae,5,44,0.453125,0.296875,0.5471698113207547,1.0,4.559277534484863,0.8098241090774536
163,120,cvae,5,44,0.4453125,0.265625,0.6196969696969696,1.0,3.9863317012786865,0.745361864566803
164,120,cvae,5,44,0.578125,0.390625,0.5735294117647058,1.0,4.889301300048828,0.9715306162834167
165,120,cvae,5,44,0.421875,0.25,0.5587761674718197,1.0,5.9087629318237305,0.8728670477867126
166,120,cvae,5,44,0.46875,0.359375,0.5325268817204301,1.0,6.808200359344482,1.1220605373382568
167,120,cvae,5,44,0.421875,0.390625,0.5217391304347826,1.0,7.782229900360107,1.3398358821868896
168,120,cvae,5,44,0.5,0.28125,0.6215659340659341,1.0,2.198997974395752,0.3414180278778076
169,120,cvae,5,44,0.328125,0.3203125,0.4736842105263158,1.0,4.075198173522949,0.7831958532333374
170,120,cvae,5,44,0.421875,0.40625,0.5,1.0,3.5511138439178467,0.7011571526527405
171,120,cvae,5,44,0.296875,0.2578125,0.4779411764705882,1.0,8.8724365234375,1.708117961883545
172,120,cvae,5,44,0.484375,0.4375,0.5625,1.0,4.351263046264648,0.7609148621559143
173,120,cvae,5,44,0.34375,0.1484375,0.46872493985565356,1.0,3.362762928009033,0.5689929723739624
174,120,cvae,5,44,0.359375,0.375,0.4852941176470588,1.0,4.741416931152344,0.8858112692832947
175,120,cvae,5,44,0.515625,0.5078125,0.5151515151515151,1.0,7.171064376831055,1.3037238121032715
176,120,cvae,5,44,0.328125,0.359375,0.49886363636363634,1.0,5.866402626037598,0.9254679083824158
177,120,cvae,5,44,0.3359375,0.21875,0.5256410256410257,1.0,6.234265327453613,1.087904691696167
178,120,cvae,5,44,0.484375,0.34375,0.5326470588235294,1.0,2.7230119705200195,0.4849456250667572
179,120,cvae,5,44,0.4921875,0.46875,0.5562060889929743,1.0,3.3379998207092285,0.6964443922042847
180,120,cvae,5,44,0.4375,0.28125,0.6768465909090908,1.0,8.111742973327637,1.4066181182861328
181,120,cvae,5,44,0.484375,0.40625,0.5303030303030303,1.0,2.589193344116211,0.45870572328567505
182,120,cvae,5,44,0.5390625,0.5078125,0.5999000999000998,1.0,6.851508617401123,1.1084693670272827
183,120,cvae,5,44,0.453125,0.515625,0.5,1.0,6.26375675201416,1.2627983093261719
184,120,cvae,5,44,0.4375,0.484375,0.5227272727272727,1.0,4.386059284210205,0.8124945759773254
185,120,cvae,5,44,0.46875,0.421875,0.5172413793103449,1.0,4.798674583435059,1.102271318435669
186,120,cvae,5,44,0.5859375,0.296875,0.6833333333333333,1.0,5.313426971435547,0.8852745294570923
187,120,cvae,5,44,0.34375,0.328125,0.40192307692307694,1.0,5.109943389892578,0.9621042013168335
188,120,cvae,5,44,0.296875,0.21875,0.5277777777777778,1.0,10.546838760375977,1.6198372840881348
189,120,cvae,5,44,0.59375,0.3828125,0.5359848484848485,1.0,8.56899356842041,1.4332852363586426
190,120,cvae,5,44,0.4765625,0.4765625,0.5089285714285714,1.0,4.21036434173584,0.9497038722038269
191,120,cvae,5,44,0.3515625,0.4765625,0.49953007518797,1.0,2.446265697479248,0.49803075194358826
192,120,cvae,5,44,0.484375,0.46875,0.5,1.0,4.069507598876953,0.6641626358032227
193,120,cvae,5,44,0.359375,0.15625,0.5625,1.0,5.060575485229492,0.9807188510894775
194,120,cvae,5,44,0.34375,0.3125,0.603448275862069,1.0,4.076718330383301,0.622841477394104
195,120,cvae,5,44,0.4375,0.5390625,0.617436448263516,1.0,7.187917232513428,1.444930911064148
196,120,cvae,5,44,0.4296875,0.3046875,0.5727513227513228,1.0,3.961493968963623,0.7278568744659424
197,120,cvae,5,44,0.453125,0.3671875,0.5276580459770115,1.0,6.642808437347412,0.9638006687164307
198,120,cvae,5,44,0.46875,0.3515625,0.6204202586206897,1.0,4.582524299621582,0.7405771017074585
199,120,cvae,5,44,0.515625,0.625,0.5892857142857143,1.0,7.107983589172363,1.0679900646209717
200,120,cvae,5,44,0.546875,0.65625,0.5892857142857143,1.0,5.04646635055542,0.997539758682251
201,120,cvae,5,44,0.6015625,0.484375,0.56145966709347,1.0,5.305630683898926,0.9493039846420288
202,120,cvae,5,44,0.421875,0.234375,0.484375,1.0,4.075063705444336,0.8509993553161621
203,120,cvae,5,44,0.453125,0.28125,0.5789473684210527,1.0,3.553696632385254,0.5462621450424194
204,120,cvae,5,44,0.4765625,0.4140625,0.5661764705882353,1.0,6.392240524291992,1.1748043298721313
205,120,cvae,5,44,0.390625,0.4140625,0.5267857142857143,1.0,4.235620975494385,0.751886785030365
206,120,cvae,5,44,0.3125,0.234375,0.475,1.0,11.17176342010498,1.7284008264541626
207,120,cvae,5,44,0.46875,0.15625,0.5535714285714286,1.0,6.411622047424316,0.8953627347946167
208,120,cvae,5,44,0.546875,0.53125,0.546875,1.0,3.112020969390869,0.6726439595222473
209,120,cvae,5,44,0.6875,0.34375,0.6153846153846154,1.0,5.886604309082031,1.1527704000473022
210,120,cvae,5,44,0.40625,0.484375,0.4024247491638796,1.0,3.527876853942871,0.6939166188240051
211,120,cvae,5,44,0.390625,0.4140625,0.5255541871921182,1.0,4.068619728088379,0.8070269227027893
212,120,cvae,5,44,0.3359375,0.328125,0.5464788732394366,1.0,8.052391052246094,1.5155965089797974
213,120,cvae,5,44,0.359375,0.3125,0.5357142857142857,1.0,5.337503910064697,1.0840314626693726
214,120,cvae,5,44,0.5,0.3359375,0.6620689655172414,1.0,11.054401397705078,2.1152639389038086
215,120,cvae,5,44,0.46875,0.3671875,0.55625,1.0,6.614658355712891,1.1462149620056152
216,120,cvae,5,44,0.359375,0.265625,0.55,1.0,4.1613287925720215,0.8555635809898376
217,120,cvae,5,44,0.328125,0.265625,0.4666666666666667,1.0,5.142350196838379,0.8154730796813965
218,120,cvae,5,44,0.421875,0.390625,0.5892857142857143,1.0,5.704559326171875,1.044710397720337
219,120,cvae,5,44,0.328125,0.2890625,0.5363475177304965,1.0,7.258991241455078,1.5515697002410889
220,120,cvae,5,44,0.3671875,0.3125,0.52,1.0,7.44136905670166,1.0117253065109253
221,120,cvae,5,44,0.546875,0.359375,0.5,1.0,4.773889541625977,0.9538840651512146
222,120,cvae,5,44,0.5390625,0.3359375,0.4913326110509209,1.0,2.2552504539489746,0.45440635085105896
223,120,cvae,5,44,0.484375,0.3125,0.5961538461538461,1.0,6.1237030029296875,0.9778274297714233
224,120,cvae,5,44,0.5,0.515625,0.5245901639344263,1.0,3.4233784675598145,0.7558576464653015
225,120,cvae,5,44,0.390625,0.296875,0.5838008415147266,1.0,7.797438621520996,1.2462631464004517
226,120,cvae,5,44,0.34375,0.40625,0.5365853658536586,1.0,6.010673999786377,1.1771211624145508
227,120,cvae,5,44,0.4375,0.28125,0.5,1.0,7.058727264404297,1.3251008987426758
228,120,cvae,5,44,0.4375,0.59375,0.5192307692307693,1.0,3.9733223915100098,0.7836174964904785
229,120,cvae,5,44,0.453125,0.515625,0.5471698113207547,1.0,7.174686431884766,1.2582820653915405
230,120,cvae,5,44,0.5546875,0.515625,0.5988095238095239,1.0,8.040946960449219,1.5392488241195679
231,120,cvae,5,44,0.40625,0.5,0.4838709677419355,1.0,6.604763031005859,1.17635977268219
232,120,cvae,5,44,0.3828125,0.296875,0.6184615384615384,1.0,6.34379768371582,0.9774354696273804
233,120,cvae,5,44,0.4296875,0.3671875,0.5528820729772607,1.0,6.0947723388671875,1.0641013383865356
234,120,cvae,5,44,0.3125,0.375,0.5087719298245614,1.0,8.471160888671875,1.4694862365722656
235,120,cvae,5,44,0.515625,0.453125,0.5238095238095238,1.0,3.568040609359741,0.7220728993415833
236,120,cvae,5,44,0.3203125,0.265625,0.5801282051282051,1.0,6.572524547576904,1.2355488538742065
237,120,cvae,5,44,0.5,0.484375,0.6116780045351474,1.0,6.3605780601501465,1.4986408948898315
238,120,cvae,5,44,0.4609375,0.4921875,0.5393481717011128,1.0,7.416175842285156,1.3240845203399658
239,120,cvae,5,44,0.328125,0.40625,0.5853658536585366,1.0,2.5551562309265137,0.5191373229026794
240,120,cvae,5,44,0.3828125,0.3125,0.4980769230769231,1.0,4.65572452545166,0.9105996489524841
241,120,cvae,5,44,0.46875,0.375,0.5185185185185186,1.0,4.657695770263672,1.0149587392807007
242,120,cvae,5,44,0.3671875,0.21875,0.6,1.0,9.804370880126953,1.8949836492538452
243,120,cvae,5,44,0.359375,0.328125,0.5694444444444444,1.0,3.0415592193603516,0.5990675091743469
244,120,cvae,5,44,0.3125,0.390625,0.4423076923076923,1.0,5.794885635375977,0.9995766282081604
245,120,cvae,5,44,0.5078125,0.4296875,0.5713354199269692,1.0,3.7959342002868652,0.7450538873672485
246,120,cvae,5,44,0.484375,0.40625,0.6548640039206077,1.0,2.908717632293701,0.6434314250946045
247,120,cvae,5,44,0.40625,0.265625,0.5,1.0,9.582128524780273,1.682788610458374
248,120,cvae,5,44,0.5625,0.609375,0.5255754475703325,1.0,8.581598281860352,1.369232416152954
249,120,cvae,5,44,0.5078125,0.328125,0.55746336996337,1.0,3.896867275238037,0.6042960286140442
250,120,cvae,5,44,0.34375,0.3984375,0.4346808510638298,1.0,8.539545059204102,1.7095551490783691
251,120,cvae,5,44,0.515625,0.5625,0.532258064516129,1.0,5.039468288421631,1.0129408836364746
252,120,cvae,5,44,0.390625,0.3125,0.5,1.0,6.587830543518066,1.156523585319519
253,120,cvae,5,44,0.296875,0.328125,0.475,1.0,7.165932655334473,0.9674416780471802
254,120,cvae,5,44,0.3359375,0.25,0.4614121510673235,1.0,8.376914978027344,1.4650408029556274
255,120,cvae,5,44,0.53125,0.5078125,0.5795019157088123,1.0,5.411506652832031,0.9129748344421387
256,120,cvae,5,44,0.40625,0.3828125,0.5395833333333333,1.0,6.485668659210205,1.2294846773147583
257,120,cvae,5,44,0.3125,0.421875,0.527844744455159,1.0,8.816222190856934,1.6536760330200195
258,120,cvae,5,44,0.359375,0.390625,0.5227272727272727,1.0,3.508363962173462,0.6747708916664124
259,120,cvae,5,44,0.3125,0.171875,0.5,1.0,5.733249187469482,1.1093803644180298
260,120,cvae,5,44,0.453125,0.375,0.5432098765432098,1.0,6.375101089477539,1.1733704805374146
261,120,cvae,5,44,0.640625,0.625,0.6212121212121212,1.0,4.148828506469727,0.7685334086418152
262,120,cvae,5,44,0.359375,0.328125,0.468186638388123,1.0,4.428555488586426,0.7328788638114929
263,120,cvae,5,44,0.46875,0.40625,0.6346153846153846,1.0,3.6078033447265625,0.7309790253639221
264,120,cvae,5,44,0.484375,0.34375,0.5909090909090909,1.0,3.8193304538726807,0.6774036884307861
265,120,cvae,5,44,0.34375,0.390625,0.4375,1.0,6.212650299072266,1.13951575756073
266,120,cvae,5,44,0.375,0.21875,0.4864864864864865,1.0,8.524568557739258,1.2954078912734985
267,120,cvae,5,44,0.4375,0.390625,0.5730188679245283,1.0,4.857395172119141,0.9880180358886719
268,120,cvae,5,44,0.3359375,0.3984375,0.6245210727969349,1.0,3.684844970703125,0.7021836638450623
269,120,cvae,5,44,0.3671875,0.3203125,0.5557291666666666,1.0,6.369786739349365,0.9256302714347839
270,120,cvae,5,44,0.34375,0.203125,0.5943443443443444,1.0,8.706635475158691,1.344077229499817
271,120,cvae,5,44,0.34375,0.3125,0.475,1.0,5.187017917633057,1.0567618608474731
272,120,cvae,5,44,0.484375,0.328125,0.5892857142857143,1.0,6.567043304443359,1.0433744192123413
273,120,cvae,5,44,0.578125,0.53125,0.5645161290322581,1.0,4.56146240234375,0.9308686256408691
274,120,cvae,5,44,0.4375,0.265625,0.5,1.0,7.833952903747559,1.3862407207489014
275,120,cvae,5,44,0.3984375,0.46875,0.48054818744473915,1.0,6.405860900878906,1.270633339881897
276,120,cvae,5,44,0.390625,0.171875,0.5555555555555556,1.0,7.60401725769043,1.2426321506500244
277,120,cvae,5,44,0.3671875,0.2109375,0.5429748822605965,1.0,7.702805995941162,1.1936417818069458
278,120,cvae,5,44,0.5546875,0.53125,0.5806526806526806,1.0,4.544394493103027,0.8241348266601562
279,120,cvae,5,44,0.46875,0.515625,0.5375,1.0,5.571002006530762,0.8955813050270081
280,120,cvae,5,44,0.296875,0.328125,0.4930643127364439,1.0,8.138943672180176,1.4007692337036133
281,120,cvae,5,44,0.421875,0.28125,0.5,1.0,7.002835273742676,1.1430187225341797
282,120,cvae,5,44,0.3125,0.234375,0.4473905723905724,1.0,5.34525203704834,1.034461498260498
283,120,cvae,5,44,0.484375,0.5625,0.5849056603773585,1.0,4.876906871795654,1.0860390663146973
284,120,cvae,5,44,0.34375,0.203125,0.5178571428571429,1.0,6.894952297210693,1.1933385133743286
285,120,cvae,5,44,0.5078125,0.453125,0.5502232142857143,1.0,2.6053733825683594,0.5763982534408569
286,120,cvae,5,44,0.5625,0.5390625,0.6133928571428571,1.0,4.762439727783203,0.8290577530860901
287,120,cvae,5,44,0.3984375,0.359375,0.5500167280026764,1.0,3.351642370223999,0.6600929498672485
288,120,cvae,5,44,0.3671875,0.1640625,0.6164245359160614,1.0,7.447392463684082,1.0458096265792847
289,120,cvae,5,44,0.4375,0.359375,0.5740740740740741,1.0,8.05556869506836,1.479348063468933
290,120,cvae,5,44,0.328125,0.390625,0.375,1.0,6.16411018371582,0.7249569892883301
291,120,cvae,5,44,0.359375,0.3984375,0.4927738927738927,1.0,4.961694717407227,0.9013394117355347
292,120,cvae,5,44,0.40625,0.328125,0.48,1.0,3.683340311050415,0.8070497512817383
293,120,cvae,5,44,0.375,0.328125,0.5568181818181818,1.0,5.841666221618652,1.1000412702560425
294,120,cvae,5,44,0.34375,0.3125,0.4772727272727273,1.0,5.566802978515625,0.9473593235015869
295,120,cvae,5,44,0.484375,0.375,0.5535714285714286,1.0,5.717276573181152,0.9470019340515137
296,120,cvae,5,44,0.609375,0.4375,0.6375,1.0,7.395102500915527,1.2542049884796143
297,120,cvae,5,44,0.46875,0.359375,0.5769230769230769,1.0,4.208605766296387,0.7089866995811462
298,120,cvae,5,44,0.484375,0.34375,0.5683183183183182,1.0,3.488529682159424,0.7270104885101318
299,120,cvae,5,44,0.453125,0.453125,0.5178571428571429,1.0,2.9122283458709717,0.5448222756385803
300,120,cvae,5,44,0.5,0.3984375,0.5837053571428572,1.0,3.9065942764282227,0.675926148891449
301,120,cvae,5,44,0.34375,0.265625,0.47043010752688175,1.0,6.646493911743164,1.244287133216858
302,120,cvae,5,44,0.375,0.25,0.5522328548644337,1.0,3.1445088386535645,0.5168508887290955
303,120,cvae,5,44,0.453125,0.125,0.578125,1.0,7.129272937774658,0.9734556674957275
304,120,cvae,5,44,0.5078125,0.390625,0.6453544061302683,1.0,4.269389629364014,0.6230528354644775
305,120,cvae,5,44,0.4296875,0.3125,0.523766328011611,1.0,3.179565191268921,0.6897993087768555
306,120,cvae,5,44,0.5078125,0.3359375,0.5816798941798942,1.0,9.685991287231445,1.5373553037643433
307,120,cvae,5,44,0.484375,0.4609375,0.4672043010752688,1.0,3.054715156555176,0.5846088528633118
308,120,cvae,5,44,0.546875,0.265625,0.6323529411764706,1.0,3.9494223594665527,0.8148006796836853
309,120,cvae,5,44,0.3359375,0.3046875,0.5213577421815409,1.0,4.796871185302734,0.8876479864120483
310,120,cvae,5,44,0.46875,0.53125,0.5588037634408602,1.0,5.738255500793457,1.0968660116195679
311,120,cvae,5,44,0.296875,0.3125,0.4875,1.0,7.60443115234375,1.44831120967865
312,120,cvae,5,44,0.34375,0.421875,0.4107142857142857,1.0,7.108132362365723,1.3219685554504395
313,120,cvae,5,44,0.453125,0.46875,0.4791666666666667,1.0,4.3853864669799805,0.9149416089057922
314,120,cvae,5,44,0.640625,0.5,0.6029411764705882,1.0,4.622274398803711,1.0630176067352295
315,120,cvae,5,44,0.453125,0.359375,0.5125,1.0,7.292065620422363,1.2159254550933838
316,120,cvae,5,44,0.484375,0.3515625,0.44886363636363635,1.0,3.024130344390869,0.4971536099910736
317,120,cvae,5,44,0.3828125,0.3359375,0.4513605442176871,1.0,6.492827415466309,1.44735848903656
318,120,cvae,5,44,0.40625,0.171875,0.4969429347826087,1.0,7.9149627685546875,1.133449673652649
319,120,cvae,5,44,0.5,0.359375,0.5423728813559322,1.0,3.3630552291870117,0.713272750377655
320,120,cvae,5,44,0.5,0.390625,0.5740740740740741,1.0,5.676217079162598,0.9247808456420898
321,120,cvae,5,44,0.3671875,0.3203125,0.5460526315789473,1.0,4.6181511878967285,0.8637235164642334
322,120,cvae,5,44,0.421875,0.40625,0.5076923076923077,1.0,5.624225616455078,0.9575047492980957
323,120,cvae,5,44,0.296875,0.15625,0.5,1.0,10.765726089477539,1.3982694149017334
324,120,cvae,5,44,0.4375,0.328125,0.5771683673469388,1.0,2.817014694213867,0.4571695327758789
325,120,cvae,5,44,0.546875,0.5,0.6440677966101694,1.0,6.993149757385254,1.0761054754257202
326,120,cvae,5,44,0.3515625,0.2578125,0.5515734265734266,1.0,7.946955680847168,1.5084829330444336
327,120,cvae,5,44,0.5,0.34375,0.5490785256410257,1.0,4.797262191772461,0.7719260454177856
328,120,cvae,5,44,0.296875,0.1875,0.5208333333333334,1.0,4.995663642883301,0.8548259139060974
329,120,cvae,5,44,0.375,0.34375,0.4772727272727273,1.0,4.649251937866211,0.8145735263824463
330,120,cvae,5,44,0.328125,0.28125,0.5777777777777777,1.0,4.083024024963379,0.7038019299507141
331,120,cvae,5,44,0.609375,0.546875,0.6280405405405405,1.0,4.5238847732543945,0.8589222431182861
332,120,cvae,5,44,0.328125,0.359375,0.5555555555555556,1.0,4.556658744812012,0.864820122718811
333,120,cvae,5,44,0.3828125,0.3125,0.6137820512820513,1.0,5.57295036315918,0.9675087332725525
334,120,cvae,5,44,0.375,0.25,0.5238095238095238,1.0,5.821310520172119,1.0531309843063354
335,120,cvae,5,44,0.4140625,0.40625,0.4552139037433155,1.0,9.894254684448242,1.7908750772476196
336,120,cvae,5,44,0.4140625,0.3671875,0.591724537037037,1.0,3.972459316253662,0.7102132439613342
337,120,cvae,5,44,0.453125,0.3125,0.55,1.0,4.73282527923584,0.8228262066841125
338,120,cvae,5,44,0.3359375,0.4609375,0.4669793621013133,1.0,6.909806251525879,1.1803951263427734
339,120,cvae,5,44,0.453125,0.4375,0.5460875331564987,1.0,2.251157760620117,0.4161788821220398
340,120,cvae,5,44,0.546875,0.390625,0.5227272727272727,1.0,9.451199531555176,1.6062315702438354
341,120,cvae,5,44,0.53125,0.375,0.589041095890411,1.0,4.212319374084473,0.8540418744087219
342,120,cvae,5,44,0.53125,0.484375,0.5424448217317488,1.0,4.042974948883057,0.7777560353279114
343,120,cvae,5,44,0.484375,0.46875,0.5166666666666667,1.0,8.578136444091797,1.3605648279190063
344,120,cvae,5,44,0.453125,0.375,0.4393939393939394,1.0,2.897529125213623,0.5035300254821777
345,120,cvae,5,44,0.4453125,0.5390625,0.5053191489361701,1.0,3.76723051071167,0.6922752857208252
346,120,cvae,5,44,0.4140625,0.3203125,0.4618055555555556,1.0,9.940084457397461,1.6192659139633179
347,120,cvae,5,44,0.578125,0.5,0.6179775280898876,1.0,3.961803436279297,0.6975076198577881
348,120,cvae,5,44,0.2421875,0.3125,0.4416971916971917,1.0,7.366082191467285,1.4282158613204956
349,120,cvae,5,44,0.453125,0.5,0.48214285714285715,1.0,4.400447368621826,0.963498055934906
350,120,cvae,5,44,0.3671875,0.328125,0.47180451127819545,1.0,8.165329933166504,1.5083203315734863
351,120,cvae,5,44,0.40625,0.390625,0.5509259259259259,1.0,4.621090888977051,0.8611138463020325
352,120,cvae,5,44,0.3515625,0.3359375,0.4883333333333334,1.0,4.610032081604004,0.7720529437065125
353,120,cvae,5,44,0.359375,0.1484375,0.5338095238095238,1.0,4.34069299697876,0.7435622811317444
354,120,cvae,5,44,0.5,0.34375,0.4793314873417721,1.0,4.3763837814331055,0.9396334886550903
355,120,cvae,5,44,0.375,0.46875,0.48214285714285715,1.0,7.124639511108398,1.2929909229278564
356,120,cvae,5,44,0.34375,0.3125,0.5357142857142857,1.0,9.04025936126709,1.3099175691604614
357,120,cvae,5,44,0.359375,0.28125,0.5,1.0,10.461015701293945,1.5056933164596558
358,120,cvae,5,44,0.375,0.453125,0.4782608695652174,1.0,3.6822829246520996,0.6467032432556152
359,120,cvae,5,44,0.5390625,0.40625,0.5990909090909091,1.0,6.309906005859375,0.8844171166419983
360,120,cvae,5,44,0.546875,0.46875,0.5625,1.0,5.493724822998047,1.1221064329147339
361,120,cvae,5,44,0.46875,0.546875,0.5477777777777778,1.0,4.8453049659729,0.8958827257156372
362,120,cvae,5,44,0.203125,0.234375,0.48,1.0,5.355379104614258,0.8713482022285461
363,120,cvae,5,44,0.484375,0.2890625,0.5851139601139601,1.0,4.414007186889648,0.7462613582611084
364,120,cvae,5,44,0.484375,0.421875,0.5791666666666666,1.0,5.225377559661865,0.9551030993461609
365,120,cvae,5,44,0.359375,0.359375,0.4807692307692308,1.0,4.472681999206543,0.9345245361328125
366,120,cvae,5,44,0.53125,0.46875,0.5483870967741935,1.0,4.62199592590332,0.7318388223648071
367,120,cvae,5,44,0.265625,0.234375,0.5853658536585366,1.0,7.342676162719727,0.9351555705070496
368,120,cvae,5,44,0.3671875,0.3671875,0.5445431996692849,1.0,5.833470344543457,0.9323641657829285
369,120,cvae,5,44,0.3671875,0.390625,0.4696969696969697,1.0,4.137848854064941,0.8013010621070862
370,120,cvae,5,44,0.5078125,0.4140625,0.5390625,1.0,4.163932800292969,0.7989680767059326
371,120,cvae,5,44,0.46875,0.265625,0.597037037037037,1.0,5.689754486083984,1.0091177225112915
372,120,cvae,5,44,0.515625,0.40625,0.5052506775067751,1.0,4.696159362792969,0.7515462636947632
373,120,cvae,5,44,0.3984375,0.421875,0.5102941176470588,1.0,8.28530216217041,1.363939881324768
374,120,cvae,5,44,0.3125,0.203125,0.5147058823529411,1.0,11.112781524658203,1.714682936668396
375,120,cvae,5,44,0.3828125,0.3984375,0.41993559718969553,1.0,7.816409111022949,1.357323408126831
376,120,cvae,5,44,0.3515625,0.4140625,0.5436217008797655,1.0,5.6127448081970215,1.0098665952682495
377,120,cvae,5,44,0.421875,0.34375,0.5147058823529411,1.0,6.339320182800293,1.0893040895462036
378,120,cvae,5,44,0.453125,0.359375,0.5471698113207547,1.0,9.45556640625,1.7973140478134155
379,120,cvae,5,44,0.453125,0.328125,0.5,1.0,4.343141555786133,0.8790661692619324
380,120,cvae,5,44,0.328125,0.328125,0.45588235294117646,1.0,5.747683048248291,0.9428805708885193
381,120,cvae,5,44,0.5390625,0.390625,0.5600358422939069,1.0,11.67672348022461,1.9822795391082764
382,120,cvae,5,44,0.421875,0.546875,0.5192307692307693,1.0,4.68400764465332,0.9031504988670349
383,120,cvae,5,44,0.546875,0.375,0.5961538461538461,1.0,4.233595848083496,0.7870248556137085
384,120,cvae,5,44,0.484375,0.515625,0.4852941176470588,1.0,3.4212450981140137,0.6280518770217896
385,120,cvae,5,44,0.421875,0.484375,0.5200892857142857,1.0,10.405174255371094,1.7327969074249268
386,120,cvae,5,44,0.4453125,0.4296875,0.5858974358974358,1.0,4.344841957092285,0.8214632868766785
387,120,cvae,5,44,0.3125,0.40625,0.4394230769230769,1.0,6.404444694519043,1.2872447967529297
388,120,cvae,5,44,0.421875,0.3515625,0.532258064516129,1.0,9.083070755004883,1.509589672088623
389,120,cvae,5,44,0.359375,0.234375,0.5111111111111111,1.0,7.5974626541137695,1.4516273736953735
390,120,cvae,5,44,0.453125,0.3125,0.5178571428571429,1.0,3.678438663482666,0.797996461391449
391,120,cvae,5,44,0.3828125,0.375,0.4703175333640129,1.0,6.345549583435059,1.1129118204116821
392,120,cvae,5,44,0.515625,0.328125,0.5540540540540541,1.0,2.6879916191101074,0.4182567000389099
393,120,cvae,5,44,0.515625,0.4453125,0.5775375939849624,1.0,5.300544738769531,0.8197627663612366
394,120,cvae,5,44,0.34375,0.390625,0.4444444444444444,1.0,5.76993465423584,1.2046281099319458
395,120,cvae,5,44,0.3125,0.265625,0.3953488372093023,1.0,5.657499313354492,0.9886626601219177
396,120,cvae,5,44,0.4375,0.359375,0.5200980392156863,1.0,3.986365556716919,0.6943255662918091
397,120,cvae,5,44,0.453125,0.359375,0.5344827586206896,1.0,8.474245071411133,1.5102202892303467
398,120,cvae,5,44,0.296875,0.203125,0.6029411764705882,1.0,5.735669136047363,0.9379322528839111
399,120,cvae,5,44,0.453125,0.328125,0.5409836065573771,1.0,3.313659906387329,0.6217513084411621
400,120,cvae,5,44,0.515625,0.328125,0.5972222222222222,1.0,3.838125467300415,0.7110803127288818
401,120,cvae,5,44,0.453125,0.3125,0.484375,1.0,3.7981605529785156,0.6153496503829956
402,120,cvae,5,44,0.375,0.296875,0.5789473684210527,1.0,7.724059104919434,1.3840444087982178
403,120,cvae,5,44,0.5,0.453125,0.5772332506203475,1.0,4.494383811950684,0.8138431906700134
404,120,cvae,5,44,0.375,0.28125,0.5555555555555556,1.0,6.069311141967773,0.9354320764541626
405,120,cvae,5,44,0.4296875,0.2890625,0.5324745034889962,1.0,7.096978187561035,1.2628668546676636
406,120,cvae,5,44,0.640625,0.6328125,0.5481863442389758,1.0,4.011416435241699,0.7742462754249573
407,120,cvae,5,44,0.5078125,0.4453125,0.5288461538461539,1.0,4.941349506378174,0.9414241909980774
408,120,cvae,5,44,0.34375,0.1875,0.5116279069767442,1.0,4.689265727996826,0.7914711833000183
409,120,cvae,5,44,0.546875,0.546875,0.5689655172413793,1.0,4.718283653259277,0.8355733752250671
410,120,cvae,5,44,0.484375,0.4921875,0.5944827586206897,1.0,4.916774272918701,0.8965229988098145
411,120,cvae,5,44,0.4921875,0.5390625,0.5666238767650835,1.0,9.206511497497559,1.6212050914764404
412,120,cvae,5,44,0.4375,0.3203125,0.5851449275362319,1.0,6.119084358215332,0.9693285822868347
413,120,cvae,5,44,0.53125,0.3125,0.5,1.0,11.302143096923828,1.793229579925537
414,120,cvae,5,44,0.453125,0.359375,0.5147058823529411,1.0,3.9268462657928467,0.785887598991394
415,120,cvae,5,44,0.453125,0.3125,0.5394736842105263,1.0,5.039281368255615,0.8268776535987854
416,120,cvae,5,44,0.34375,0.125,0.5892857142857143,1.0,5.3178629875183105,0.6745763421058655
417,120,cvae,5,44,0.375,0.265625,0.625,1.0,8.57746696472168,1.5371453762054443
418,120,cvae,5,44,0.34375,0.15625,0.6666666666666666,1.0,7.273828506469727,1.2547425031661987
419,120,cvae,5,44,0.40625,0.375,0.5401668129938543,1.0,6.5533857345581055,0.9968850612640381
420,120,cvae,5,44,0.375,0.390625,0.5555555555555556,1.0,4.893439769744873,0.8720720410346985
421,120,cvae,5,44,0.4609375,0.328125,0.6328125,1.0,6.316171646118164,1.06492018699646
422,120,cvae,5,44,0.375,0.453125,0.5106382978723404,1.0,6.599585056304932,1.3293741941452026
423,120,cvae,5,44,0.4140625,0.40625,0.4525581395348837,1.0,7.143864631652832,1.1325716972351074
424,120,cvae,5,44,0.28125,0.203125,0.4888888888888889,1.0,10.53761100769043,1.7611621618270874
425,120,cvae,5,44,0.515625,0.609375,0.5689655172413793,1.0,6.634230613708496,1.1693207025527954
426,120,cvae,5,44,0.390625,0.3203125,0.5601604278074866,1.0,6.461428642272949,1.103979229927063
427,120,cvae,5,44,0.3359375,0.3359375,0.4402380952380952,1.0,7.29720401763916,1.3136626482009888
428,120,cvae,5,44,0.453125,0.390625,0.6041666666666666,1.0,3.283247709274292,0.6274749040603638
429,120,cvae,5,44,0.4453125,0.375,0.6186679174484053,1.0,5.859738826751709,0.9055556058883667
430,120,cvae,5,44,0.453125,0.3125,0.5,1.0,2.8741888999938965,0.575507402420044
431,120,cvae,5,44,0.4609375,0.421875,0.5166666666666667,1.0,4.388419151306152,0.8293761610984802
432,120,cvae,5,44,0.4765625,0.28125,0.5405747126436782,1.0,7.721400260925293,1.3465245962142944
433,120,cvae,5,44,0.515625,0.53125,0.6346153846153846,1.0,2.8034865856170654,0.5308991074562073
434,120,cvae,5,44,0.375,0.359375,0.5892857142857143,1.0,3.9538683891296387,0.7596564292907715
435,120,cvae,5,44,0.3828125,0.3125,0.49669845928099776,1.0,6.578448295593262,1.276216983795166
436,120,cvae,5,44,0.390625,0.3984375,0.45942760942760946,1.0,4.542849540710449,0.7961127758026123
437,120,cvae,5,44,0.328125,0.296875,0.5185185185185185,1.0,3.3733131885528564,0.7387707233428955
438,120,cvae,5,44,0.359375,0.359375,0.4927536231884058,1.0,3.8613076210021973,0.7656921148300171
439,120,cvae,5,44,0.5078125,0.484375,0.555,1.0,3.864062786102295,0.8086806535720825
440,120,cvae,5,44,0.609375,0.46875,0.6542424242424243,1.0,2.3774938583374023,0.4249931573867798
441,120,cvae,5,44,0.546875,0.5,0.5892857142857143,1.0,4.255960941314697,0.8844317197799683
442,120,cvae,5,44,0.296875,0.25,0.5,1.0,4.060690402984619,0.6664025783538818
443,120,cvae,5,44,0.375,0.3515625,0.4610071301247772,1.0,9.97367000579834,1.6723175048828125
444,120,cvae,5,44,0.3046875,0.234375,0.5375,1.0,8.015382766723633,1.4358171224594116
445,120,cvae,5,44,0.328125,0.2734375,0.5480769230769231,1.0,4.830766677856445,0.9537929892539978
446,120,cvae,5,44,0.34375,0.34375,0.46808510638297873,1.0,8.641913414001465,1.5391203165054321
447,120,cvae,5,44,0.671875,0.453125,0.625,1.0,5.705689907073975,0.8579898476600647
448,120,cvae,5,44,0.4375,0.3125,0.5831845238095239,1.0,5.874004364013672,1.0525416135787964
449,120,cvae,5,44,0.359375,0.328125,0.5221153846153846,1.0,9.453182220458984,1.533700942993164
450,120,cvae,5,44,0.46875,0.40625,0.475,1.0,3.9819283485412598,0.7836031913757324
451,120,cvae,5,44,0.3046875,0.3828125,0.4819444444444444,1.0,5.665057182312012,1.0413813591003418
452,120,cvae,5,44,0.6015625,0.46875,0.6151948051948052,1.0,4.701473236083984,0.9119584560394287
453,120,cvae,5,44,0.328125,0.40625,0.5,1.0,8.197364807128906,1.525658369064331
454,120,cvae,5,44,0.3125,0.34375,0.5,1.0,6.732623100280762,0.9584715962409973
455,120,cvae,5,44,0.515625,0.375,0.6216216216216216,1.0,5.728550910949707,0.9481634497642517
456,120,cvae,5,44,0.359375,0.203125,0.4626865671641791,1.0,9.576035499572754,1.6041638851165771
457,120,cvae,5,44,0.515625,0.484375,0.5238095238095238,1.0,3.487281560897827,0.6950347423553467
458,120,cvae,5,44,0.453125,0.5,0.5689655172413793,1.0,3.6446754932403564,0.6290183067321777
459,120,cvae,5,44,0.3125,0.3515625,0.46785714285714286,1.0,4.50375509262085,0.8318879008293152
460,120,cvae,5,44,0.3203125,0.3359375,0.42019230769230764,1.0,8.535531997680664,1.457294225692749
461,120,cvae,5,44,0.34375,0.34375,0.45161290322580644,1.0,8.026248931884766,1.5108660459518433
462,120,cvae,5,44,0.390625,0.375,0.5681818181818182,1.0,4.4517669677734375,0.6634541749954224
463,120,cvae,5,44,0.453125,0.375,0.5904605263157895,1.0,3.683302879333496,0.6845687031745911
464,120,cvae,5,44,0.3671875,0.2734375,0.53,1.0,8.601428985595703,1.210963249206543
465,120,cvae,5,44,0.453125,0.5703125,0.5719496021220158,1.0,7.8704376220703125,1.6449788808822632
466,120,cvae,5,44,0.515625,0.671875,0.5125,1.0,3.1677591800689697,0.6285941004753113
467,120,cvae,5,44,0.265625,0.140625,0.375,1.0,9.124116897583008,1.2989747524261475
468,120,cvae,5,44,0.5625,0.546875,0.5625,1.0,4.285937786102295,1.045332431793213
469,120,cvae,5,44,0.484375,0.34375,0.525,1.0,4.872291564941406,0.9125361442565918
470,120,cvae,5,44,0.484375,0.359375,0.543859649122807,1.0,5.183696746826172,0.8399471044540405
471,120,cvae,5,44,0.328125,0.203125,0.45652173913043476,1.0,9.391008377075195,1.4599559307098389
472,120,cvae,5,44,0.515625,0.296875,0.5512820512820513,1.0,4.832165718078613,0.8140607476234436
473,120,cvae,5,44,0.4375,0.3125,0.546875,1.0,9.030513763427734,1.5728483200073242
474,120,cvae,5,44,0.546875,0.53125,0.6,1.0,6.003990173339844,1.1651034355163574
475,120,cvae,5,44,0.375,0.46875,0.5555555555555556,1.0,6.964128494262695,1.26291823387146
476,120,cvae,5,44,0.5,0.34375,0.5925925925925926,1.0,3.8042075634002686,0.6953781843185425
477,120,cvae,5,44,0.3125,0.34375,0.5909090909090909,1.0,9.41139030456543,1.5465341806411743
478,120,cvae,5,44,0.546875,0.375,0.59375,1.0,5.2324042320251465,0.8872826099395752
479,120,cvae,5,44,0.453125,0.3203125,0.5825,1.0,5.461390495300293,0.964454174041748
480,120,cvae,5,44,0.484375,0.390625,0.5833333333333334,1.0,6.823293685913086,1.1931242942810059
481,120,cvae,5,44,0.375,0.21875,0.5166666666666667,1.0,6.350404739379883,1.1293398141860962
482,120,cvae,5,44,0.59375,0.40625,0.5598039215686275,1.0,5.957088470458984,0.9831252098083496
483,120,cvae,5,44,0.390625,0.328125,0.5897248243559718,1.0,4.128503799438477,0.6849697828292847
484,120,cvae,5,44,0.484375,0.453125,0.5555555555555556,1.0,5.195649147033691,0.9286983609199524
485,120,cvae,5,44,0.390625,0.3359375,0.46875,1.0,3.7444045543670654,0.7339223027229309
486,120,cvae,5,44,0.5625,0.46875,0.589527027027027,1.0,5.69713020324707,0.9904107451438904
487,120,cvae,5,44,0.296875,0.21875,0.5294117647058824,1.0,7.045310974121094,1.1980135440826416
488,120,cvae,5,44,0.53125,0.34375,0.5651515151515152,1.0,2.6478137969970703,0.4143853783607483
489,120,cvae,5,44,0.453125,0.375,0.58,1.0,4.975923538208008,0.7722288966178894
490,120,cvae,5,44,0.390625,0.453125,0.475,1.0,5.149252891540527,0.8119741082191467
491,120,cvae,5,44,0.53125,0.625,0.5740740740740741,1.0,11.844602584838867,1.7254323959350586
492,120,cvae,5,44,0.46875,0.34375,0.5660377358490566,1.0,4.405926704406738,0.7621415853500366
493,120,cvae,5,44,0.5078125,0.40625,0.6264406028368794,1.0,9.1566162109375,1.8454017639160156
494,120,cvae,5,44,0.515625,0.390625,0.6086894586894587,1.0,9.064901351928711,1.484438419342041
495,120,cvae,5,44,0.328125,0.3125,0.6142857142857143,1.0,6.160749912261963,1.2600717544555664
496,120,cvae,5,44,0.5546875,0.5390625,0.5314889336016096,1.0,3.6878726482391357,0.7003065347671509
497,120,cvae,5,44,0.4609375,0.421875,0.5220893970893972,1.0,4.147843360900879,0.8134393692016602
498,120,cvae,5,44,0.515625,0.59375,0.5535714285714286,1.0,3.4998109340667725,0.6849930882453918
499,120,cvae,5,44,0.484375,0.328125,0.4431818181818182,1.0,8.864391326904297,1.5143598318099976
500,120,cvae,5,44,0.3125,0.296875,0.5530913978494624,1.0,8.156476974487305,1.532124400138855
501,120,cvae,5,44,0.375,0.3984375,0.5645833333333333,1.0,2.825364828109741,0.4728044271469116
502,120,cvae,5,44,0.53125,0.5546875,0.5570887445887446,1.0,6.5652337074279785,0.9845155477523804
503,120,cvae,5,44,0.359375,0.328125,0.5689655172413793,1.0,4.429627418518066,0.648907482624054
504,120,cvae,5,44,0.421875,0.3671875,0.545138888888889,1.0,3.116689920425415,0.5968937277793884
505,120,cvae,5,44,0.484375,0.4375,0.5869565217391305,1.0,7.062108039855957,1.277219295501709
506,120,cvae,5,44,0.3984375,0.34375,0.5515636634400596,1.0,3.999253273010254,0.6640956401824951
507,120,cvae,5,44,0.421875,0.40625,0.4869763694951665,1.0,6.346875190734863,1.1036458015441895
508,120,cvae,5,44,0.578125,0.5625,0.6197183098591549,1.0,4.724191665649414,1.0043710470199585
509,120,cvae,5,44,0.421875,0.390625,0.5151515151515151,1.0,7.884975910186768,1.4964834451675415
510,120,cvae,5,44,0.515625,0.5625,0.532258064516129,1.0,3.6871089935302734,0.7694007158279419
511,120,cvae,5,44,0.34375,0.1796875,0.5252525252525253,1.0,7.184236526489258,1.3029963970184326
512,120,cvae,5,44,0.453125,0.359375,0.5370370370370371,1.0,3.2837584018707275,0.6255622506141663
513,120,cvae,5,44,0.28125,0.2109375,0.40554298642533937,1.0,4.272826194763184,0.8506704568862915
514,120,cvae,5,44,0.53125,0.265625,0.5555555555555556,1.0,7.109593391418457,1.3411246538162231
515,120,cvae,5,44,0.53125,0.4296875,0.5232991612301957,1.0,7.651151657104492,1.2654951810836792
516,120,cvae,5,44,0.515625,0.5859375,0.5161290322580645,1.0,3.672455072402954,0.6797224283218384
517,120,cvae,5,44,0.53125,0.359375,0.5689655172413793,1.0,5.289565563201904,0.7687092423439026
518,120,cvae,5,44,0.3125,0.34375,0.38461538461538464,1.0,2.8102211952209473,0.45687904953956604
519,120,cvae,5,44,0.484375,0.53125,0.5147058823529411,1.0,4.335722923278809,0.6848939061164856
520,120,cvae,5,44,0.59375,0.34375,0.6364889705882353,1.0,8.363445281982422,1.1927703619003296
521,120,cvae,5,44,0.421875,0.4375,0.5526315789473685,1.0,5.765072822570801,0.96796053647995
522,120,cvae,5,44,0.5390625,0.5234375,0.6145833333333333,1.0,5.839133262634277,0.9762107133865356
523,120,cvae,5,44,0.4140625,0.28125,0.5480882932597556,1.0,7.760527610778809,1.3729028701782227
524,120,cvae,5,44,0.40625,0.375,0.46799917149958575,1.0,3.6872358322143555,0.6024568676948547
525,120,cvae,5,44,0.4140625,0.4921875,0.5529000291460215,1.0,5.73228645324707,1.1649606227874756
526,120,cvae,5,44,0.4375,0.265625,0.503968253968254,1.0,6.07940673828125,0.9988338947296143
527,120,cvae,5,44,0.453125,0.375,0.5555555555555556,1.0,7.0231733322143555,1.1235581636428833
528,120,cvae,5,44,0.390625,0.640625,0.4716981132075472,1.0,8.033828735351562,1.597170114517212
529,120,cvae,5,44,0.453125,0.4609375,0.627016129032258,1.0,5.913736343383789,1.0717079639434814
530,120,cvae,5,44,0.3125,0.3125,0.35714285714285715,1.0,4.018760681152344,0.664393961429596
531,120,cvae,5,44,0.5859375,0.609375,0.4930555555555556,1.0,6.335371017456055,1.1019333600997925
532,120,cvae,5,44,0.390625,0.2734375,0.5689655172413793,1.0,4.963924884796143,0.7943165302276611
533,120,cvae,5,44,0.3125,0.3828125,0.36683501683501685,1.0,4.073264122009277,0.7925306558609009
534,120,cvae,5,44,0.359375,0.28125,0.39655172413793105,1.0,8.39655876159668,1.3118517398834229
535,120,cvae,5,44,0.5234375,0.421875,0.5557291666666666,1.0,3.2736284732818604,0.6676496267318726
536,120,cvae,5,44,0.2890625,0.328125,0.46862745098039216,1.0,8.255270004272461,1.4558615684509277
537,120,cvae,5,44,0.375,0.390625,0.6181818181818182,1.0,3.251152276992798,0.6626273989677429
538,120,cvae,5,44,0.3984375,0.3046875,0.5115288220551378,1.0,8.666946411132812,1.7191284894943237
539,120,cvae,5,44,0.359375,0.375,0.4772727272727273,1.0,3.8401286602020264,0.8091394305229187
540,120,cvae,5,44,0.3828125,0.3359375,0.5313545150501673,1.0,9.355401992797852,1.4607603549957275
541,120,cvae,5,44,0.5,0.40625,0.578125,1.0,6.726536273956299,1.0850392580032349
542,120,cvae,5,44,0.453125,0.328125,0.5714285714285714,1.0,4.319100379943848,0.7995080351829529
543,120,cvae,5,44,0.578125,0.65625,0.6166666666666667,1.0,3.368992328643799,0.685756504535675
544,120,cvae,5,44,0.40625,0.4453125,0.4736842105263158,1.0,5.804602146148682,1.1938917636871338
545,120,cvae,5,44,0.359375,0.265625,0.5526315789473685,1.0,5.65213680267334,0.8383260369300842
546,120,cvae,5,44,0.515625,0.5234375,0.6041666666666667,1.0,6.826521873474121,1.2004811763763428
547,120,cvae,5,44,0.484375,0.328125,0.62,1.0,2.563587188720703,0.4892682135105133
548,120,cvae,5,44,0.40625,0.453125,0.4482758620689655,1.0,7.467674255371094,1.2482095956802368
549,120,cvae,5,44,0.578125,0.40625,0.6166666666666667,1.0,3.458655834197998,0.7357161641120911
550,120,cvae,5,44,0.3125,0.125,0.5535714285714286,1.0,2.900777816772461,0.5333675146102905
551,120,cvae,5,44,0.421875,0.28125,0.5892857142857143,1.0,8.789009094238281,1.5716798305511475
552,120,cvae,5,44,0.5078125,0.4609375,0.532258064516129,1.0,4.879643440246582,0.9338608384132385
553,120,cvae,5,44,0.3125,0.25,0.475,1.0,4.699105262756348,0.7425771355628967
554,120,cvae,5,44,0.296875,0.328125,0.5,1.0,7.024493217468262,1.2482656240463257
555,120,cvae,5,44,0.4609375,0.390625,0.5611888111888111,1.0,6.41471004486084,0.9531821608543396
556,120,cvae,5,44,0.28125,0.2109375,0.4770833333333333,1.0,9.648966789245605,1.7819101810455322
557,120,cvae,5,44,0.546875,0.4140625,0.5902777777777778,1.0,6.848538398742676,1.360944151878357
558,120,cvae,5,44,0.453125,0.3125,0.58,1.0,6.155728816986084,1.222425103187561
559,120,cvae,5,44,0.4140625,0.4453125,0.5227272727272727,1.0,5.329164505004883,0.9621369242668152
560,120,cvae,5,44,0.375,0.4375,0.49122807017543857,1.0,8.205221176147461,1.2397791147232056
561,120,cvae,5,44,0.625,0.484375,0.5665409482758621,1.0,2.5833723545074463,0.4958488643169403
562,120,cvae,5,44,0.328125,0.359375,0.44680851063829785,1.0,3.717710018157959,0.7107354998588562
563,120,cvae,5,44,0.296875,0.296875,0.4418604651162791,1.0,4.158449172973633,0.6595183610916138
564,120,cvae,5,44,0.46875,0.5703125,0.5,1.0,4.730748176574707,0.9889629483222961
565,120,cvae,5,44,0.484375,0.5546875,0.562258064516129,1.0,6.122650623321533,1.0975635051727295
566,120,cvae,5,44,0.390625,0.2890625,0.6237541528239203,1.0,6.9273176193237305,1.3388471603393555
567,120,cvae,5,44,0.609375,0.5625,0.5084269662921348,1.0,6.096006393432617,1.1119328737258911
568,120,cvae,5,44,0.3515625,0.1484375,0.5295938104448743,1.0,5.395905494689941,0.9878551959991455
569,120,cvae,5,44,0.328125,0.40625,0.5614035087719298,1.0,4.405046463012695,0.7917078733444214
570,120,cvae,5,44,0.328125,0.3125,0.45652173913043476,1.0,3.621518850326538,0.595076858997345
571,120,cvae,5,44,0.3125,0.359375,0.4318181818181818,1.0,5.900243759155273,1.030342698097229
572,120,cvae,5,44,0.40625,0.453125,0.5379901960784313,1.0,7.7225260734558105,1.4448082447052002
573,120,cvae,5,44,0.484375,0.53125,0.5344827586206896,1.0,5.049616813659668,0.9202427864074707
574,120,cvae,5,44,0.4453125,0.390625,0.5141726251276812,1.0,4.853682518005371,0.8571361303329468
575,120,cvae,5,44,0.390625,0.3125,0.5875,1.0,2.9572103023529053,0.6480939984321594
576,120,cvae,5,44,0.3125,0.3046875,0.5454545454545454,1.0,9.464096069335938,1.406718373298645
577,120,cvae,5,44,0.4375,0.328125,0.532258064516129,1.0,3.693526029586792,0.6432465314865112
578,120,cvae,5,44,0.515625,0.421875,0.5511272141706924,1.0,4.508540153503418,0.8134642243385315
579,120,cvae,5,44,0.3125,0.171875,0.46774193548387094,1.0,3.688242197036743,0.7792007923126221
580,120,cvae,5,44,0.3203125,0.3046875,0.5798880275624462,1.0,5.958620071411133,0.911968469619751
581,120,cvae,5,44,0.3671875,0.359375,0.5194444444444445,1.0,5.21856689453125,0.943304717540741
582,120,cvae,5,44,0.484375,0.40625,0.484375,1.0,8.065203666687012,1.4326286315917969
583,120,cvae,5,44,0.40625,0.5234375,0.5281109445277361,1.0,3.123746156692505,0.5685857534408569
584,120,cvae,5,44,0.515625,0.484375,0.5307219662058371,1.0,4.105489253997803,0.7292079329490662
585,120,cvae,5,44,0.484375,0.3828125,0.6107503607503608,1.0,8.707012176513672,1.2522450685501099
586,120,cvae,5,44,0.484375,0.53125,0.5613756613756614,1.0,3.490191698074341,0.846579909324646
587,120,cvae,5,44,0.4375,0.40625,0.5821678321678322,1.0,7.432803153991699,1.305806279182434
588,120,cvae,5,44,0.40625,0.2734375,0.5194503171247358,1.0,8.052252769470215,1.1896194219589233
589,120,cvae,5,44,0.2734375,0.2734375,0.48885727833096254,1.0,3.4685912132263184,0.7286381125450134
590,120,cvae,5,44,0.3984375,0.4375,0.5131316489361701,1.0,6.3397674560546875,1.1797312498092651
591,120,cvae,5,44,0.3671875,0.2109375,0.5353598014888337,1.0,7.476207256317139,1.214447259902954
592,120,cvae,5,44,0.453125,0.15625,0.6545454545454545,1.0,3.660043954849243,0.612821638584137
593,120,cvae,5,44,0.34375,0.359375,0.5277777777777778,1.0,4.833588600158691,0.9691347479820251
594,120,cvae,5,44,0.515625,0.484375,0.5689655172413793,1.0,4.183407783508301,0.908545196056366
595,120,cvae,5,44,0.2734375,0.3203125,0.5576923076923077,1.0,5.2131547927856445,1.192916989326477
596,120,cvae,5,44,0.453125,0.15625,0.5862068965517241,1.0,2.381495237350464,0.46514952182769775
597,120,cvae,5,44,0.359375,0.53125,0.5,1.0,5.4990434646606445,1.0793678760528564
598,120,cvae,5,44,0.515625,0.453125,0.5,1.0,3.5796685218811035,0.6118561029434204
599,120,cvae,5,44,0.671875,0.734375,0.48863636363636365,1.0,5.676383018493652,0.9266566038131714
600,120,cvae,5,44,0.453125,0.546875,0.4878048780487805,1.0,5.433964729309082,1.067478060722351
601,120,cvae,5,44,0.6484375,0.5390625,0.6053571428571429,1.0,4.307757377624512,0.9635201096534729
602,120,cvae,5,44,0.4609375,0.5,0.607872340425532,1.0,8.186076164245605,1.2878789901733398
603,120,cvae,5,44,0.375,0.34375,0.4956140350877193,1.0,5.3751301765441895,1.1348992586135864
604,120,cvae,5,44,0.34375,0.3125,0.5863095238095238,1.0,4.700620651245117,0.7881044745445251
605,120,cvae,5,44,0.3359375,0.2578125,0.45738636363636365,1.0,5.881750106811523,0.9478937387466431
606,120,cvae,5,44,0.5,0.265625,0.5833333333333334,1.0,4.267806053161621,0.8606545925140381
607,120,cvae,5,44,0.46875,0.375,0.5485248447204969,1.0,4.227898120880127,0.8185551166534424
608,120,cvae,5,44,0.328125,0.203125,0.5609756097560976,1.0,3.333975076675415,0.6533976793289185
609,120,cvae,5,44,0.359375,0.328125,0.5625,1.0,5.65981388092041,1.018654704093933
610,120,cvae,5,44,0.4296875,0.5078125,0.4875,1.0,2.6634721755981445,0.5535345077514648
611,120,cvae,5,44,0.5234375,0.4453125,0.5253136200716846,1.0,4.728662490844727,0.8855247497558594
612,120,cvae,5,44,0.515625,0.53125,0.6016666666666667,1.0,6.941593170166016,1.1447725296020508
613,120,cvae,5,44,0.359375,0.28125,0.5058139534883721,1.0,3.9030568599700928,0.7308676838874817
614,120,cvae,5,44,0.546875,0.28125,0.5303030303030303,1.0,2.95151948928833,0.6085367798805237
615,120,cvae,5,44,0.3984375,0.4453125,0.47776679841897235,1.0,4.796242713928223,0.9202154874801636
616,120,cvae,5,44,0.3984375,0.3515625,0.7277097902097902,1.0,9.614867210388184,1.9223088026046753
617,120,cvae,5,44,0.421875,0.3046875,0.5791666666666666,1.0,7.434433937072754,1.4127285480499268
618,120,cvae,5,44,0.34375,0.2890625,0.5658018867924528,1.0,8.118013381958008,1.414047360420227
619,120,cvae,5,44,0.421875,0.140625,0.5,1.0,7.972301959991455,1.318794846534729
620,120,cvae,5,44,0.328125,0.328125,0.475,1.0,3.914231300354004,0.6164434552192688
621,120,cvae,5,44,0.390625,0.328125,0.49019607843137253,1.0,7.06888484954834,1.5454257726669312
622,120,cvae,5,44,0.546875,0.375,0.5576923076923077,1.0,2.565683603286743,0.4674844443798065
623,120,cvae,5,44,0.546875,0.40625,0.546875,1.0,4.291050910949707,0.7688209414482117
624,120,cvae,5,44,0.4375,0.5078125,0.5515764534353927,1.0,8.061690330505371,1.3695733547210693
625,120,cvae,5,44,0.4140625,0.28125,0.534547152194211,1.0,7.459007263183594,1.1682735681533813
626,120,cvae,5,44,0.40625,0.65625,0.5,1.0,10.577109336853027,1.4654161930084229
627,120,cvae,5,44,0.609375,0.640625,0.578125,1.0,3.872748613357544,0.7334426045417786
628,120,cvae,5,44,0.359375,0.3046875,0.5643618177864753,1.0,10.751348495483398,1.5522198677062988
629,120,cvae,5,44,0.5,0.453125,0.5614035087719298,1.0,8.54149055480957,1.4773204326629639
630,120,cvae,5,44,0.34375,0.28125,0.56,1.0,2.8866991996765137,0.5900664925575256
631,120,cvae,5,44,0.375,0.421875,0.5,1.0,10.689785957336426,1.7915176153182983
632,120,cvae,5,44,0.34375,0.3046875,0.5666666666666667,1.0,4.86350154876709,0.9513567090034485
633,120,cvae,5,44,0.375,0.359375,0.5,1.0,3.2781178951263428,0.6564232110977173
634,120,cvae,5,44,0.515625,0.3125,0.66,1.0,10.312170028686523,1.5257620811462402
635,120,cvae,5,44,0.5,0.3046875,0.6475806451612903,1.0,3.86684250831604,0.7152533531188965
636,120,cvae,5,44,0.453125,0.46875,0.4696969696969697,1.0,4.27134895324707,0.876721978187561
637,120,cvae,5,44,0.296875,0.1484375,0.6533119658119658,1.0,5.206948280334473,0.7498102784156799
638,120,cvae,5,44,0.4375,0.4453125,0.5679723502304148,1.0,5.918475151062012,1.0676488876342773
639,120,cvae,5,44,0.703125,0.65625,0.5947058823529412,1.0,5.729419708251953,0.8691514730453491
640,120,cvae,5,44,0.40625,0.3125,0.5791973039215687,1.0,5.042093276977539,0.9383910894393921
641,120,cvae,5,44,0.328125,0.171875,0.5,1.0,3.1397876739501953,0.5686836242675781
642,120,cvae,5,44,0.40625,0.34375,0.49056603773584906,1.0,6.315418243408203,1.1823257207870483
643,120,cvae,5,44,0.5,0.2578125,0.5623626373626374,1.0,11.26388168334961,1.6967769861221313
644,120,cvae,5,44,0.375,0.375,0.5,1.0,8.301277160644531,1.7704778909683228
645,120,cvae,5,44,0.421875,0.359375,0.5517241379310345,1.0,4.739195823669434,0.9860472083091736
646,120,cvae,5,44,0.53125,0.359375,0.46774193548387094,1.0,2.035249948501587,0.39042672514915466
647,120,cvae,5,44,0.484375,0.484375,0.5535714285714286,1.0,4.203393936157227,0.9144169688224792
648,120,cvae,5,44,0.34375,0.3203125,0.5685019206145967,1.0,6.923796653747559,1.115413784980774
649,120,cvae,5,44,0.46875,0.46875,0.4772727272727273,1.0,9.060457229614258,1.4828542470932007
650,120,cvae,5,44,0.5,0.5078125,0.5906060606060606,1.0,4.5875163078308105,0.9370240569114685
651,120,cvae,5,44,0.3984375,0.375,0.5,1.0,5.210637092590332,0.8861075043678284
652,120,cvae,5,44,0.46875,0.421875,0.6338742393509128,1.0,4.473748207092285,0.7868472933769226
653,120,cvae,5,44,0.34375,0.296875,0.5588235294117647,1.0,3.248521089553833,0.552195131778717
654,120,cvae,5,44,0.46875,0.1875,0.4838709677419355,1.0,3.859035015106201,0.6851815581321716
655,120,cvae,5,44,0.484375,0.4296875,0.5517857142857143,1.0,3.8228793144226074,0.6879950165748596
656,120,cvae,5,44,0.46875,0.453125,0.5370370370370371,1.0,8.254740715026855,1.6043223142623901
657,120,cvae,5,44,0.359375,0.3828125,0.5796007789678675,1.0,2.5312962532043457,0.5572091341018677
658,120,cvae,5,44,0.34375,0.28125,0.5116279069767442,1.0,6.344457626342773,1.1537806987762451
659,120,cvae,5,44,0.484375,0.453125,0.5106382978723404,1.0,3.743619441986084,0.6692801117897034
660,120,cvae,5,44,0.4453125,0.28125,0.545959595959596,1.0,6.358901023864746,1.241351842880249
661,120,cvae,5,44,0.5,0.359375,0.5526315789473685,1.0,4.577080249786377,0.8396058082580566
662,120,cvae,5,44,0.4765625,0.515625,0.5057013769363167,1.0,5.402118682861328,1.056606411933899
663,120,cvae,5,44,0.5078125,0.5546875,0.5555555555555556,1.0,7.267983436584473,1.2226479053497314
664,120,cvae,5,44,0.375,0.453125,0.5155502392344498,1.0,4.523460388183594,0.8576831221580505
665,120,cvae,5,44,0.375,0.28125,0.5555555555555556,1.0,5.715534210205078,1.1954047679901123
666,120,cvae,5,44,0.421875,0.453125,0.546875,1.0,3.4809987545013428,0.7077776193618774
667,120,cvae,5,44,0.6875,0.53125,0.5679012345679012,1.0,2.889575958251953,0.608806312084198
668,120,cvae,5,44,0.390625,0.375,0.5227272727272727,1.0,5.970677375793457,0.9881557822227478
669,120,cvae,5,44,0.421875,0.390625,0.5094339622641509,1.0,3.202016830444336,0.5542784929275513
670,120,cvae,5,44,0.3828125,0.328125,0.535982478097622,1.0,4.362473487854004,0.8775596022605896
671,120,cvae,5,44,0.546875,0.375,0.625,1.0,7.763373374938965,1.1750431060791016
672,120,cvae,5,44,0.3125,0.546875,0.4878048780487805,1.0,4.737975597381592,0.8442200422286987
673,120,cvae,5,44,0.484375,0.359375,0.62,1.0,3.143200397491455,0.5502367615699768
674,120,cvae,5,44,0.375,0.28125,0.5769230769230769,1.0,9.113899230957031,1.4880167245864868
675,120,cvae,5,44,0.296875,0.25,0.4,1.0,6.228755950927734,1.1569918394088745
676,120,cvae,5,44,0.53125,0.5703125,0.5229640151515151,1.0,4.0456438064575195,0.7095510363578796
677,120,cvae,5,44,0.421875,0.421875,0.532258064516129,1.0,5.954832077026367,1.1269893646240234
678,120,cvae,5,44,0.390625,0.1875,0.6206896551724138,1.0,2.3836138248443604,0.4939575791358948
679,120,cvae,5,44,0.34375,0.171875,0.5056179775280899,1.0,2.7395730018615723,0.5375429391860962
680,120,cvae,5,44,0.390625,0.2734375,0.5172413793103448,1.0,3.4454028606414795,0.6568400263786316
681,120,cvae,5,44,0.40625,0.328125,0.5433333333333333,1.0,3.74265193939209,0.7551506757736206
682,120,cvae,5,44,0.3828125,0.265625,0.5590277777777778,1.0,7.317956447601318,1.3799419403076172
683,120,cvae,5,44,0.515625,0.578125,0.4861111111111111,1.0,4.33748722076416,0.8541411757469177
684,120,cvae,5,44,0.484375,0.390625,0.5238095238095238,1.0,3.337898015975952,0.6275635361671448
685,120,cvae,5,44,0.3515625,0.328125,0.46763271939328277,1.0,3.796773672103882,0.8209140300750732
686,120,cvae,5,44,0.4296875,0.2890625,0.5604166666666667,1.0,6.113718032836914,0.9868338704109192
687,120,cvae,5,44,0.484375,0.3125,0.5961538461538461,1.0,3.1210038661956787,0.5915973782539368
688,120,cvae,5,44,0.4765625,0.359375,0.5824258923169994,1.0,2.914050817489624,0.5778128504753113
689,120,cvae,5,44,0.46875,0.4375,0.5713507625272332,1.0,3.793174982070923,0.8622795939445496
690,120,cvae,5,44,0.375,0.34375,0.6447368421052632,1.0,9.407550811767578,1.4357901811599731
691,120,cvae,5,44,0.515625,0.5,0.6125,1.0,6.954170227050781,1.0990997552871704
692,120,cvae,5,44,0.515625,0.546875,0.546875,1.0,3.384200096130371,0.7082076072692871
693,120,cvae,5,44,0.546875,0.6171875,0.5113211951447245,1.0,4.658475875854492,0.9212830066680908
694,120,cvae,5,44,0.4375,0.359375,0.525,1.0,6.33928918838501,1.31936776638031
695,120,cvae,5,44,0.40625,0.359375,0.5526315789473685,1.0,4.494113922119141,0.79618239402771
696,120,cvae,5,44,0.3515625,0.3203125,0.4537037037037037,1.0,13.532133102416992,1.7633848190307617
697,120,cvae,5,44,0.4921875,0.4765625,0.6160925824676509,1.0,5.481138229370117,1.1123284101486206
698,120,cvae,5,44,0.453125,0.4296875,0.5089285714285714,1.0,5.346564292907715,1.0314608812332153
699,120,cvae,5,44,0.359375,0.3125,0.5833333333333334,1.0,4.833791732788086,0.7610393762588501
700,120,cvae,5,44,0.375,0.265625,0.5,1.0,5.900909423828125,1.2042278051376343
701,120,cvae,5,44,0.484375,0.390625,0.5419560185185186,1.0,6.148806095123291,1.1547069549560547
702,120,cvae,5,44,0.453125,0.4296875,0.5235849056603774,1.0,4.924208641052246,1.0450241565704346
703,120,cvae,5,44,0.484375,0.234375,0.5128205128205128,1.0,3.479508638381958,0.6490170359611511
704,120,cvae,5,44,0.390625,0.40625,0.44642857142857145,1.0,5.959929466247559,1.1524957418441772
705,120,cvae,5,44,0.375,0.4375,0.5,1.0,4.084780693054199,0.7880395650863647
706,120,cvae,5,44,0.484375,0.4375,0.5344827586206896,1.0,6.583438396453857,1.2057818174362183
707,120,cvae,5,44,0.46875,0.3515625,0.5632284382284383,1.0,9.731791496276855,1.5410276651382446
708,120,cvae,5,44,0.4765625,0.4140625,0.5234375,1.0,2.8928449153900146,0.558213472366333
709,120,cvae,5,44,0.484375,0.34375,0.6,1.0,2.418233871459961,0.4399111568927765
710,120,cvae,5,44,0.390625,0.34375,0.55625,1.0,5.334359169006348,0.8898591995239258
711,120,cvae,5,44,0.3515625,0.328125,0.5388888888888889,1.0,8.438255310058594,1.5828056335449219
712,120,cvae,5,44,0.328125,0.3515625,0.5096153846153846,1.0,3.4276421070098877,0.5987657904624939
713,120,cvae,5,44,0.34375,0.3125,0.4148351648351648,1.0,5.50643253326416,0.97118079662323
714,120,cvae,5,44,0.328125,0.203125,0.5714285714285714,1.0,7.506247520446777,1.2772115468978882
715,120,cvae,5,44,0.328125,0.28125,0.4342105263157895,1.0,8.711860656738281,1.5452018976211548
716,120,cvae,5,44,0.453125,0.3046875,0.5920329670329669,1.0,7.922226905822754,1.0059714317321777
717,120,cvae,5,44,0.578125,0.40625,0.6736111111111112,1.0,3.945159912109375,0.8181158304214478
718,120,cvae,5,44,0.578125,0.515625,0.5512820512820513,1.0,4.9170098304748535,1.053856611251831
719,120,cvae,5,44,0.484375,0.296875,0.5740740740740741,1.0,6.079272270202637,1.0849121809005737
720,120,cvae,5,44,0.34375,0.4375,0.46808510638297873,1.0,4.7165303230285645,0.8978005647659302
721,120,cvae,5,44,0.390625,0.375,0.5357142857142857,1.0,3.299654722213745,0.7298786640167236
722,120,cvae,5,44,0.421875,0.375,0.6210526315789474,1.0,2.0334765911102295,0.3774562180042267
723,120,cvae,5,44,0.421875,0.375,0.5833333333333334,1.0,6.877564430236816,1.3595439195632935
724,120,cvae,5,44,0.390625,0.484375,0.5357142857142857,1.0,3.436084508895874,0.6395788192749023
725,120,cvae,5,44,0.4609375,0.21875,0.5831043956043955,1.0,3.642317295074463,0.534941554069519
726,120,cvae,5,44,0.453125,0.421875,0.47058823529411764,1.0,5.573024749755859,1.0671859979629517
727,120,cvae,5,44,0.484375,0.515625,0.5392316017316017,1.0,10.276243209838867,1.532627820968628
728,120,cvae,5,44,0.515625,0.46875,0.6025641025641025,1.0,5.722029685974121,1.0032522678375244
729,120,cvae,5,44,0.453125,0.296875,0.58,1.0,3.949977159500122,0.6527234315872192
730,120,cvae,5,44,0.453125,0.3515625,0.5391483516483516,1.0,6.88096809387207,1.2342073917388916
731,120,cvae,5,44,0.3046875,0.2421875,0.4975429975429976,1.0,6.528571605682373,1.102597713470459
732,120,cvae,5,44,0.5,0.4609375,0.6263297872340425,1.0,3.2159316539764404,0.6175894141197205
733,120,cvae,5,44,0.5625,0.53125,0.6344086021505376,1.0,5.231770992279053,1.0700162649154663
734,120,cvae,5,44,0.2265625,0.15625,0.48765432098765427,1.0,4.193243026733398,0.6839141249656677
735,120,cvae,5,44,0.2890625,0.375,0.42125,1.0,3.3406405448913574,0.6938104033470154
736,120,cvae,5,44,0.484375,0.34375,0.5324675324675324,1.0,4.754505157470703,1.0369071960449219
737,120,cvae,5,44,0.296875,0.25,0.5918367346938775,1.0,7.406200408935547,1.1709495782852173
738,120,cvae,5,44,0.328125,0.265625,0.5,1.0,9.40035343170166,1.4515248537063599
739,120,cvae,5,44,0.46875,0.390625,0.5172619047619048,1.0,4.1172027587890625,0.6325992941856384
740,120,cvae,5,44,0.515625,0.46875,0.6415094339622641,1.0,8.096940994262695,1.2253143787384033
741,120,cvae,5,44,0.296875,0.234375,0.49489795918367346,1.0,7.813083648681641,1.2992011308670044
742,120,cvae,5,44,0.359375,0.2578125,0.48214285714285715,1.0,10.818107604980469,1.5446323156356812
743,120,cvae,5,44,0.484375,0.4375,0.6022869674185464,1.0,5.978607177734375,1.0499016046524048
744,120,cvae,5,44,0.515625,0.578125,0.5689655172413793,1.0,3.5934598445892334,0.8035693168640137
745,120,cvae,5,44,0.59375,0.5234375,0.5370332792207793,1.0,3.9089629650115967,0.7651411890983582
746,120,cvae,5,44,0.546875,0.46875,0.6212121212121212,1.0,6.3744049072265625,1.146759271621704
747,120,cvae,5,44,0.328125,0.28125,0.5689655172413793,1.0,9.338055610656738,1.4866819381713867
748,120,cvae,5,44,0.53125,0.34375,0.5932163187855788,1.0,6.001490592956543,1.1014525890350342
749,120,cvae,5,44,0.46875,0.359375,0.6111111111111112,1.0,4.124283313751221,0.8593607544898987
750,120,cvae,5,44,0.484375,0.515625,0.5230769230769231,1.0,5.734575271606445,0.9679149389266968
751,120,cvae,5,44,0.421875,0.3125,0.5192307692307693,1.0,6.717778205871582,1.1732827425003052
752,120,cvae,5,44,0.375,0.328125,0.5853658536585366,1.0,8.236907005310059,1.4844499826431274
753,120,cvae,5,44,0.421875,0.453125,0.4730902777777778,1.0,5.814522743225098,1.19304358959198
754,120,cvae,5,44,0.453125,0.3125,0.515625,1.0,2.883850574493408,0.5055531859397888
755,120,cvae,5,44,0.5625,0.609375,0.609375,1.0,4.963364124298096,0.853636622428894
756,120,cvae,5,44,0.359375,0.3359375,0.47857142857142854,1.0,4.185606956481934,0.7372466325759888
757,120,cvae,5,44,0.453125,0.421875,0.5614035087719298,1.0,4.241434574127197,0.7661213874816895
758,120,cvae,5,44,0.34375,0.453125,0.4897959183673469,1.0,4.623404502868652,0.9910637736320496
759,120,cvae,5,44,0.546875,0.5,0.625,1.0,3.8934788703918457,0.8139491081237793
760,120,cvae,5,44,0.421875,0.328125,0.5409836065573771,1.0,2.1195874214172363,0.4568758010864258
761,120,cvae,5,44,0.359375,0.3125,0.5876288659793815,1.0,7.8782854080200195,1.312286138534546
762,120,cvae,5,44,0.5,0.3359375,0.5291461412151067,1.0,3.593799114227295,0.6887609958648682
763,120,cvae,5,44,0.375,0.3046875,0.5556318681318682,1.0,4.890806198120117,0.9421076774597168
764,120,cvae,5,44,0.3125,0.328125,0.4423076923076923,1.0,10.1673583984375,1.8083783388137817
765,120,cvae,5,44,0.453125,0.265625,0.625,1.0,5.782095909118652,1.1111725568771362
766,120,cvae,5,44,0.3984375,0.3046875,0.48429035752979416,1.0,10.241508483886719,1.781481146812439
767,120,cvae,5,44,0.421875,0.359375,0.4696969696969697,1.0,5.74661922454834,0.8746095299720764
768,120,cvae,5,44,0.453125,0.34375,0.4583607636603028,1.0,3.6668224334716797,0.6498831510543823
769,120,cvae,5,44,0.3984375,0.234375,0.5769230769230769,1.0,3.854006052017212,0.7248594164848328
770,120,cvae,5,44,0.390625,0.375,0.5348837209302325,1.0,5.169380187988281,0.9613917469978333
771,120,cvae,5,44,0.453125,0.4453125,0.52744708994709,1.0,2.026461362838745,0.3696610629558563
772,120,cvae,5,44,0.453125,0.2421875,0.5535714285714286,1.0,8.000076293945312,1.1588892936706543
773,120,cvae,5,44,0.515625,0.359375,0.5681818181818182,1.0,4.425798416137695,0.7542890310287476
774,120,cvae,5,44,0.484375,0.390625,0.6785714285714286,1.0,4.253691673278809,0.7903927564620972
775,120,cvae,5,44,0.34375,0.21875,0.4782608695652174,1.0,12.771921157836914,1.833587884902954
776,120,cvae,5,44,0.4375,0.5,0.5366666666666666,1.0,3.6494860649108887,0.7187551259994507
777,120,cvae,5,44,0.421875,0.375,0.5625,1.0,4.844377517700195,0.7476641535758972
778,120,cvae,5,44,0.203125,0.109375,0.5416666666666666,1.0,8.751914024353027,1.2562792301177979
779,120,cvae,5,44,0.515625,0.34375,0.5833333333333334,1.0,3.24997878074646,0.5929540991783142
780,120,cvae,5,44,0.53125,0.4140625,0.6233333333333333,1.0,7.587954521179199,1.5127424001693726
781,120,cvae,5,44,0.2890625,0.2421875,0.41551724137931034,1.0,3.6785686016082764,0.6468009352684021
782,120,cvae,5,44,0.421875,0.34375,0.5457393483709274,1.0,6.890957355499268,1.257506251335144
783,120,cvae,5,44,0.5,0.53125,0.5138888888888888,1.0,3.371272087097168,0.6209948062896729
784,120,cvae,5,44,0.3125,0.3828125,0.44845722300140256,1.0,3.0534894466400146,0.546839714050293
785,120,cvae,5,44,0.515625,0.4296875,0.6112820512820513,1.0,3.368096113204956,0.5707309246063232
786,120,cvae,5,44,0.328125,0.1875,0.525,1.0,10.634834289550781,1.4487208127975464
787,120,cvae,5,44,0.3125,0.2734375,0.5479207277452891,1.0,4.965367317199707,0.9384356141090393
788,120,cvae,5,44,0.28125,0.265625,0.5,1.0,3.888625144958496,0.7608112692832947
789,120,cvae,5,44,0.5078125,0.4140625,0.54502688172043,1.0,8.478971481323242,1.4570543766021729
790,120,cvae,5,44,0.40625,0.53125,0.475,1.0,7.240735054016113,1.1666525602340698
791,120,cvae,5,44,0.34375,0.328125,0.5555555555555556,1.0,8.090818405151367,1.4162160158157349
792,120,cvae,5,44,0.4921875,0.453125,0.5084892584892584,1.0,4.22526741027832,0.693649411201477
793,120,cvae,5,44,0.453125,0.34375,0.5967741935483871,1.0,5.805019378662109,1.2110389471054077
794,120,cvae,5,44,0.453125,0.359375,0.5106382978723404,1.0,5.76567268371582,0.9607627987861633
795,120,cvae,5,44,0.3515625,0.3125,0.5625,1.0,5.435169219970703,1.1082457304000854
796,120,cvae,5,44,0.546875,0.53125,0.5303030303030303,1.0,5.272159576416016,1.0563421249389648
797,120,cvae,5,44,0.53125,0.46875,0.625,1.0,4.380571365356445,0.7348007559776306
798,120,cvae,5,44,0.328125,0.328125,0.4772727272727273,1.0,5.130812644958496,0.8153001070022583
799,120,cvae,5,44,0.421875,0.40625,0.4864864864864865,1.0,4.778295993804932,0.9475952982902527
800,120,cvae,5,44,0.28125,0.1953125,0.47921994884910485,1.0,3.6101255416870117,0.6751124262809753
801,120,cvae,5,44,0.4296875,0.3984375,0.5594827586206896,1.0,2.8498566150665283,0.4394947290420532
802,120,cvae,5,44,0.4765625,0.390625,0.6070261437908497,1.0,2.4103667736053467,0.4621543288230896
803,120,cvae,5,44,0.484375,0.46875,0.55,1.0,3.0652551651000977,0.6588618159294128
804,120,cvae,5,44,0.4609375,0.390625,0.5273230621088107,1.0,6.3451642990112305,1.2028648853302002
805,120,cvae,5,44,0.5390625,0.40625,0.6398148148148148,1.0,6.6616644859313965,1.0145422220230103
806,120,cvae,5,44,0.4140625,0.4140625,0.5065982404692082,1.0,9.81527328491211,1.3925294876098633
807,120,cvae,5,44,0.4296875,0.171875,0.4556662515566625,1.0,4.454610824584961,0.7144363522529602
808,120,cvae,5,44,0.375,0.3203125,0.5103349031920461,1.0,7.523151874542236,1.529411792755127
809,120,cvae,5,44,0.3828125,0.390625,0.4422317314022383,1.0,3.304692506790161,0.5968704223632812
810,120,cvae,5,44,0.3984375,0.3984375,0.5181818181818182,1.0,5.860512733459473,0.8744820952415466
811,120,cvae,5,44,0.421875,0.171875,0.5885416666666667,1.0,5.3399457931518555,0.8907183408737183
812,120,cvae,5,44,0.3828125,0.34375,0.513157894736842,1.0,2.7067604064941406,0.4301143288612366
813,120,cvae,5,44,0.484375,0.3671875,0.5073529411764706,1.0,4.329066753387451,0.8276779651641846
814,120,cvae,5,44,0.4921875,0.578125,0.5238095238095238,1.0,5.372153282165527,1.0896109342575073
815,120,cvae,5,44,0.453125,0.375,0.5576923076923077,1.0,8.472661972045898,1.3016395568847656
816,120,cvae,5,44,0.515625,0.546875,0.5961538461538461,1.0,7.07237434387207,1.2564395666122437
817,120,cvae,5,44,0.3203125,0.4609375,0.4125,1.0,9.132474899291992,1.6239614486694336
818,120,cvae,5,44,0.453125,0.5,0.5625,1.0,3.6902143955230713,0.6965758204460144
819,120,cvae,5,44,0.3046875,0.2421875,0.4493023255813954,1.0,6.684290409088135,1.4085755348205566
820,120,cvae,5,44,0.3046875,0.3203125,0.4354272959183674,1.0,4.869311332702637,0.893703043460846
821,120,cvae,5,44,0.3984375,0.3515625,0.55125,1.0,7.709024429321289,1.4009792804718018
822,120,cvae,5,44,0.375,0.3125,0.640625,1.0,2.9015517234802246,0.5441064238548279
823,120,cvae,5,44,0.375,0.3671875,0.593915343915344,1.0,3.687227487564087,0.7031699419021606
824,120,cvae,5,44,0.515625,0.453125,0.5340909090909091,1.0,4.291218280792236,0.8249616026878357
825,120,cvae,5,44,0.34375,0.28125,0.6285714285714286,1.0,6.920661449432373,1.0924098491668701
826,120,cvae,5,44,0.3046875,0.1875,0.49324324324324326,1.0,6.466775417327881,0.962389349937439
827,120,cvae,5,44,0.46875,0.5,0.5,1.0,5.875147819519043,1.3297250270843506
828,120,cvae,5,44,0.328125,0.34375,0.5121951219512195,1.0,6.050237655639648,1.0045781135559082
829,120,cvae,5,44,0.453125,0.453125,0.48088942307692306,1.0,4.2617597579956055,0.7723002433776855
830,120,cvae,5,44,0.390625,0.328125,0.484375,1.0,4.679186820983887,0.8180155754089355
831,120,cvae,5,44,0.46875,0.421875,0.6421052631578947,1.0,4.475317001342773,0.9422731399536133
832,120,cvae,5,44,0.546875,0.53125,0.5769230769230769,1.0,5.888808250427246,1.1813421249389648
833,120,cvae,5,44,0.3984375,0.3359375,0.5225649350649351,1.0,9.762495040893555,1.6382187604904175
834,120,cvae,5,44,0.5,0.390625,0.527056277056277,1.0,8.302475929260254,1.5664478540420532
835,120,cvae,5,44,0.34375,0.4375,0.5,1.0,5.047235488891602,0.9035841226577759
836,120,cvae,5,44,0.3515625,0.2890625,0.4808139534883721,1.0,9.626663208007812,1.968291997909546
837,120,cvae,5,44,0.515625,0.46875,0.532258064516129,1.0,3.672161817550659,0.7445646524429321
838,120,cvae,5,44,0.5859375,0.578125,0.6074810606060606,1.0,5.574687480926514,1.1748261451721191
839,120,cvae,5,44,0.34375,0.3828125,0.5664160401002506,1.0,2.943145275115967,0.5384271740913391
840,120,cvae,5,44,0.3125,0.3359375,0.5095108695652174,1.0,4.005216598510742,0.8758742809295654
841,120,cvae,5,44,0.3984375,0.3828125,0.5434027777777778,1.0,4.472262382507324,0.7699722051620483
842,120,cvae,5,44,0.421875,0.28125,0.5394736842105263,1.0,3.7718892097473145,0.6809841394424438
843,120,cvae,5,44,0.546875,0.5625,0.546875,1.0,6.952298164367676,1.332062840461731
844,120,cvae,5,44,0.515625,0.375,0.6111111111111112,1.0,4.986886024475098,0.9427946209907532
845,120,cvae,5,44,0.390625,0.4375,0.5,1.0,8.186094284057617,1.27729332447052
846,120,cvae,5,44,0.5,0.5625,0.5818181818181818,1.0,3.9590988159179688,0.8197383284568787
847,120,cvae,5,44,0.453125,0.40625,0.46774193548387094,1.0,6.088472366333008,1.0720518827438354
848,120,cvae,5,44,0.515625,0.46875,0.5689655172413793,1.0,2.924381732940674,0.625419557094574
849,120,cvae,5,44,0.265625,0.1875,0.35974945533769065,1.0,5.355537414550781,0.8664574027061462
850,120,cvae,5,44,0.515625,0.5546875,0.5648148148148149,1.0,4.964390754699707,0.89273601770401
851,120,cvae,5,44,0.53125,0.453125,0.5,1.0,7.361503601074219,1.0550702810287476
852,120,cvae,5,44,0.484375,0.4375,0.5452380952380952,1.0,5.737581729888916,1.0674877166748047
853,120,cvae,5,44,0.328125,0.4140625,0.5390625,1.0,3.235724687576294,0.7371557354927063
854,120,cvae,5,44,0.421875,0.328125,0.4153846153846154,1.0,3.9591548442840576,0.678887665271759
855,120,cvae,5,44,0.3046875,0.2734375,0.49193548387096775,1.0,8.010614395141602,1.4009487628936768
856,120,cvae,5,44,0.484375,0.40625,0.5,1.0,6.436248779296875,1.1315206289291382
857,120,cvae,5,44,0.390625,0.640625,0.36538461538461536,1.0,7.6824822425842285,1.3809834718704224
858,120,cvae,5,44,0.453125,0.3359375,0.4921875,1.0,4.981924057006836,0.8616468906402588
859,120,cvae,5,44,0.59375,0.546875,0.548562412342216,1.0,4.895227432250977,0.903825581073761
860,120,cvae,5,44,0.328125,0.328125,0.5012006861063465,1.0,3.4277803897857666,0.7550846934318542
861,120,cvae,5,44,0.375,0.265625,0.475,1.0,8.60495376586914,1.1691828966140747
862,120,cvae,5,44,0.390625,0.234375,0.5,1.0,4.952188968658447,0.9188976883888245
863,120,cvae,5,44,0.375,0.28125,0.6515151515151515,1.0,10.000446319580078,1.7457258701324463
864,120,cvae,5,44,0.359375,0.28125,0.5384615384615384,1.0,6.39695930480957,0.8592876195907593
865,120,cvae,5,44,0.359375,0.4375,0.4791666666666667,1.0,4.008626461029053,0.7553417682647705
866,120,cvae,5,44,0.4765625,0.25,0.5629598189020939,1.0,5.174518585205078,0.8839367032051086
867,120,cvae,5,44,0.296875,0.296875,0.4807692307692308,1.0,8.652329444885254,1.7721837759017944
868,120,cvae,5,44,0.390625,0.28125,0.5095833333333334,1.0,3.3632419109344482,0.4748755395412445
869,120,cvae,5,44,0.609375,0.578125,0.5674603174603174,1.0,3.652695655822754,0.7083188891410828
870,120,cvae,5,44,0.328125,0.21875,0.5,1.0,6.020669937133789,1.1518758535385132
871,120,cvae,5,44,0.5,0.3671875,0.5859375,1.0,3.3714487552642822,0.626550555229187
872,120,cvae,5,44,0.390625,0.328125,0.52,1.0,7.817595481872559,1.3683199882507324
873,120,cvae,5,44,0.5,0.390625,0.5272774060730829,1.0,4.03182315826416,0.8424062132835388
874,120,cvae,5,44,0.515625,0.484375,0.6111111111111112,1.0,5.247542381286621,0.883563756942749
875,120,cvae,5,44,0.484375,0.546875,0.59375,1.0,4.107994079589844,0.8991991281509399
876,120,cvae,5,44,0.515625,0.375,0.5375,1.0,6.024460315704346,1.0754693746566772
877,120,cvae,5,44,0.375,0.21875,0.5555555555555556,1.0,10.627511024475098,1.7573096752166748
878,120,cvae,5,44,0.3984375,0.4609375,0.4385521885521886,1.0,6.738067150115967,1.253017783164978
879,120,cvae,5,44,0.34375,0.21875,0.5161290322580645,1.0,4.901688575744629,0.7543218731880188
880,120,cvae,5,44,0.4609375,0.3515625,0.5527777777777778,1.0,7.796299934387207,1.3385982513427734
881,120,cvae,5,44,0.453125,0.359375,0.525,1.0,4.274670600891113,0.879054605960846
882,120,cvae,5,44,0.484375,0.453125,0.5078125,1.0,3.7866551876068115,0.7745411992073059
883,120,cvae,5,44,0.4296875,0.4609375,0.5383281972265024,1.0,6.784842491149902,1.2782949209213257
884,120,cvae,5,44,0.53125,0.40625,0.4788732394366197,1.0,4.74578857421875,0.977171778678894
885,120,cvae,5,44,0.4140625,0.2265625,0.5785098522167488,1.0,3.724235773086548,0.7791879177093506
886,120,cvae,5,44,0.453125,0.453125,0.559322033898305,1.0,7.848393440246582,1.350518822669983
887,120,cvae,5,44,0.703125,0.5,0.6523809523809523,1.0,3.958901882171631,0.6617846488952637
888,120,cvae,5,44,0.3984375,0.421875,0.48101404741000875,1.0,6.109036445617676,1.0822384357452393
889,120,cvae,5,44,0.515625,0.34375,0.515625,1.0,5.434213161468506,1.0285152196884155
890,120,cvae,5,44,0.296875,0.34375,0.4722222222222222,1.0,5.882026672363281,0.9791006445884705
891,120,cvae,5,44,0.3828125,0.3046875,0.5026709401709402,1.0,2.568726062774658,0.48813995718955994
892,120,cvae,5,44,0.546875,0.46875,0.6630434782608695,1.0,4.408197402954102,0.8262277245521545
893,120,cvae,5,44,0.3125,0.328125,0.546875,1.0,7.9382100105285645,1.2095391750335693
894,120,cvae,5,44,0.3125,0.3125,0.5625,1.0,5.5238037109375,0.9791290163993835
895,120,cvae,5,44,0.4140625,0.3125,0.5517429193899782,1.0,8.817436218261719,1.696784257888794
896,120,cvae,5,44,0.359375,0.3125,0.5625,1.0,4.309399604797363,0.899426281452179
897,120,cvae,5,44,0.34375,0.328125,0.5178571428571429,1.0,3.1181061267852783,0.5310927629470825
898,120,cvae,5,44,0.421875,0.34375,0.5645161290322581,1.0,4.680252552032471,0.9237242341041565
899,120,cvae,5,44,0.421875,0.3515625,0.5485849056603773,1.0,5.6429548263549805,1.0437122583389282
900,120,cvae,5,44,0.46875,0.3046875,0.5773267053300193,1.0,7.242856979370117,1.2052720785140991
901,120,cvae,5,44,0.328125,0.375,0.4878048780487805,1.0,4.625146865844727,0.9529958367347717
902,120,cvae,5,44,0.390625,0.3828125,0.4629629629629629,1.0,5.245063781738281,0.90677809715271
903,120,cvae,5,44,0.484375,0.578125,0.484375,1.0,2.941375732421875,0.5599918961524963
904,120,cvae,5,44,0.484375,0.3203125,0.5368577810871185,1.0,10.754293441772461,1.9596912860870361
905,120,cvae,5,44,0.359375,0.3828125,0.4941222570532915,1.0,3.9432361125946045,0.8026186227798462
906,120,cvae,5,44,0.453125,0.34375,0.6282051282051282,1.0,4.421285152435303,0.842018723487854
907,120,cvae,5,44,0.3046875,0.34375,0.5550213675213675,1.0,3.7220067977905273,0.7219678163528442
908,120,cvae,5,44,0.34375,0.328125,0.5641025641025641,1.0,5.012569427490234,0.9291110634803772
909,120,cvae,5,44,0.515625,0.453125,0.6555555555555556,1.0,4.121842384338379,0.6849470734596252
910,120,cvae,5,44,0.390625,0.2890625,0.5067567567567568,1.0,6.000678539276123,1.3305126428604126
911,120,cvae,5,44,0.5625,0.640625,0.631578947368421,1.0,8.315410614013672,1.5613826513290405
912,120,cvae,5,44,0.453125,0.375,0.5101851851851852,1.0,3.553934097290039,0.7148562669754028
913,120,cvae,5,44,0.578125,0.609375,0.6166666666666667,1.0,5.422327041625977,0.9880546927452087
914,120,cvae,5,44,0.515625,0.375,0.5795454545454546,1.0,3.53887939453125,0.6316730976104736
915,120,cvae,5,44,0.359375,0.203125,0.4791666666666667,1.0,9.87063217163086,1.8314757347106934
916,120,cvae,5,44,0.484375,0.296875,0.5715144230769231,1.0,2.891158103942871,0.5670239925384521
917,120,cvae,5,44,0.6328125,0.640625,0.6217179294823706,1.0,9.719478607177734,1.5667328834533691
918,120,cvae,5,44,0.28125,0.1796875,0.5104166666666667,1.0,3.018695116043091,0.6573827862739563
919,120,cvae,5,44,0.3984375,0.375,0.5546875,1.0,7.225836753845215,1.364754557609558
920,120,cvae,5,44,0.3125,0.296875,0.5,1.0,5.321248531341553,0.9524020552635193
921,120,cvae,5,44,0.3125,0.2421875,0.34419237749546283,1.0,5.053845405578613,0.8676150441169739
922,120,cvae,5,44,0.359375,0.5,0.55,1.0,3.122631311416626,0.6967021226882935
923,120,cvae,5,44,0.453125,0.546875,0.4861111111111111,1.0,6.288002014160156,1.0833535194396973
924,120,cvae,5,44,0.453125,0.359375,0.5172413793103448,1.0,5.920940399169922,1.0402476787567139
925,120,cvae,5,44,0.578125,0.484375,0.6111111111111112,1.0,3.6428451538085938,0.8340436816215515
926,120,cvae,5,44,0.546875,0.40625,0.5263157894736842,1.0,4.711709022521973,0.722743034362793
927,120,cvae,5,44,0.375,0.328125,0.48684210526315785,1.0,5.280334949493408,0.9933062195777893
928,120,cvae,5,44,0.3671875,0.375,0.49489795918367346,1.0,3.7830851078033447,0.7362719178199768
929,120,cvae,5,44,0.375,0.375,0.5370370370370371,1.0,5.149463176727295,0.9506131410598755
930,120,cvae,5,44,0.375,0.296875,0.4897959183673469,1.0,11.240160942077637,1.5158733129501343
931,120,cvae,5,44,0.5234375,0.4921875,0.5601495726495727,1.0,3.9958293437957764,0.9239197969436646
932,120,cvae,5,44,0.3828125,0.3203125,0.5,1.0,5.819360733032227,1.1589102745056152
933,120,cvae,5,44,0.3046875,0.2734375,0.587037037037037,1.0,6.862236976623535,1.298372507095337
934,120,cvae,5,44,0.46875,0.4140625,0.5,1.0,3.839487075805664,0.7723888754844666
935,120,cvae,5,44,0.2890625,0.1796875,0.5933908045977012,1.0,5.098299980163574,0.8688138723373413
936,120,cvae,5,44,0.34375,0.3046875,0.5157095297544736,1.0,4.331836700439453,0.8366403579711914
937,120,cvae,5,44,0.3671875,0.1875,0.6066300675675675,1.0,6.69481897354126,1.1277990341186523
938,120,cvae,5,44,0.5,0.3828125,0.6498478701825559,1.0,3.4305946826934814,0.580949068069458
939,120,cvae,5,44,0.5234375,0.4921875,0.625,1.0,5.877869606018066,0.9362983703613281
940,120,cvae,5,44,0.40625,0.3359375,0.41391509433962265,1.0,8.469626426696777,1.3626301288604736
941,120,cvae,5,44,0.5625,0.5,0.6025641025641025,1.0,5.908647060394287,0.9977850914001465
942,120,cvae,5,44,0.3828125,0.296875,0.5304232804232805,1.0,8.056109428405762,1.3729121685028076
943,120,cvae,5,44,0.53125,0.265625,0.6196581196581197,1.0,3.269627571105957,0.5766605734825134
944,120,cvae,5,44,0.3515625,0.3984375,0.3726851851851852,1.0,9.963264465332031,1.6339442729949951
945,120,cvae,5,44,0.5234375,0.390625,0.5703975127692649,1.0,3.777676820755005,0.7602774500846863
946,120,cvae,5,44,0.4609375,0.375,0.5971675845790716,1.0,6.439169406890869,1.151466727256775
947,120,cvae,5,44,0.40625,0.40625,0.4585974238397056,1.0,5.469876289367676,0.9723293781280518
948,120,cvae,5,44,0.515625,0.3828125,0.5684523809523809,1.0,3.6379194259643555,0.6296501755714417
949,120,cvae,5,44,0.359375,0.171875,0.4673913043478261,1.0,3.623467445373535,0.7160183787345886
950,120,cvae,5,44,0.28125,0.234375,0.45614035087719296,1.0,4.912020683288574,1.0158474445343018
951,120,cvae,5,44,0.546875,0.515625,0.6770833333333334,1.0,4.7443742752075195,1.0023103952407837
952,120,cvae,5,44,0.359375,0.1484375,0.5540697674418604,1.0,4.391880035400391,0.7254338264465332
953,120,cvae,5,44,0.375,0.34375,0.521780303030303,1.0,3.0117428302764893,0.6237159371376038
954,120,cvae,5,44,0.46875,0.4140625,0.5542328042328042,1.0,3.6840407848358154,0.673212468624115
955,120,cvae,5,44,0.3046875,0.265625,0.5,1.0,6.448184013366699,1.112018346786499
956,120,cvae,5,44,0.453125,0.34375,0.5072463768115942,1.0,10.096418380737305,1.6704086065292358
957,120,cvae,5,44,0.3125,0.1796875,0.5645833333333333,1.0,5.801081657409668,1.0621141195297241
958,120,cvae,5,44,0.390625,0.28125,0.525,1.0,2.463860034942627,0.5180633068084717
959,120,cvae,5,44,0.34375,0.375,0.46561771561771564,1.0,5.002164363861084,0.8923529982566833
960,120,cvae,5,44,0.34375,0.328125,0.5333333333333333,1.0,3.2134830951690674,0.6703788042068481
961,120,cvae,5,44,0.328125,0.359375,0.5,1.0,3.7208173274993896,0.6061875820159912
962,120,cvae,5,44,0.6875,0.28125,0.5638297872340425,1.0,5.297211647033691,0.8711807727813721
963,120,cvae,5,44,0.4609375,0.53125,0.5590437788018434,1.0,3.854243516921997,0.7471914291381836
964,120,cvae,5,44,0.421875,0.4375,0.5208333333333334,1.0,6.831514358520508,1.2484996318817139
965,120,cvae,5,44,0.546875,0.3984375,0.625,1.0,8.012383460998535,1.1989643573760986
966,120,cvae,5,44,0.4296875,0.3984375,0.5897435897435898,1.0,5.529799938201904,1.005839228630066
967,120,cvae,5,44,0.359375,0.28125,0.45,1.0,8.00132942199707,1.4248126745224
968,120,cvae,5,44,0.453125,0.3828125,0.5774572649572649,1.0,3.8343772888183594,0.7163742184638977
969,120,cvae,5,44,0.3125,0.171875,0.5,1.0,7.4362077713012695,1.0746309757232666
970,120,cvae,5,44,0.3125,0.3125,0.48168498168498164,1.0,5.092476844787598,0.8165757060050964
971,120,cvae,5,44,0.328125,0.1875,0.5857142857142857,1.0,7.187673568725586,0.9964009523391724
972,120,cvae,5,44,0.4765625,0.40625,0.5753446115288221,1.0,2.578744411468506,0.42144808173179626
973,120,cvae,5,44,0.328125,0.3359375,0.4928977272727273,1.0,6.013506889343262,1.0326507091522217
974,120,cvae,5,44,0.359375,0.2734375,0.469345579793341,1.0,4.735134124755859,0.8126376867294312
975,120,cvae,5,44,0.515625,0.515625,0.46774193548387094,1.0,3.4285972118377686,0.8054558038711548
976,120,cvae,5,44,0.421875,0.4609375,0.49708994708994714,1.0,4.0466108322143555,0.8582448363304138
977,120,cvae,5,44,0.53125,0.390625,0.4166666666666667,1.0,6.20567512512207,1.0832065343856812
978,120,cvae,5,44,0.34375,0.328125,0.5333333333333333,1.0,5.745944499969482,1.118919849395752
979,120,cvae,5,44,0.546875,0.5625,0.5789473684210527,1.0,4.438216686248779,0.8555257320404053
980,120,cvae,5,44,0.4375,0.375,0.6159867172675522,1.0,3.1914055347442627,0.6152843236923218
981,120,cvae,5,44,0.328125,0.234375,0.5,1.0,6.589510440826416,0.9712535738945007
982,120,cvae,5,44,0.359375,0.5,0.4473684210526316,1.0,3.7333924770355225,0.8090210556983948
983,120,cvae,5,44,0.546875,0.3984375,0.6403940886699508,1.0,5.362597465515137,0.933173418045044
984,120,cvae,5,44,0.4375,0.34375,0.5,1.0,5.677899360656738,1.0839440822601318
985,120,cvae,5,44,0.53125,0.546875,0.5471698113207547,1.0,4.001348972320557,0.7197639346122742
986,120,cvae,5,44,0.3125,0.25,0.4,1.0,3.6812870502471924,0.630268931388855
987,120,cvae,5,44,0.3828125,0.3359375,0.5477777777777778,1.0,5.038195610046387,1.000260829925537
988,120,cvae,5,44,0.3984375,0.4375,0.45558176100628933,1.0,11.627835273742676,1.9609510898590088
989,120,cvae,5,44,0.359375,0.25,0.5961538461538461,1.0,6.720880031585693,1.0529253482818604
990,120,cvae,5,44,0.640625,0.515625,0.5694444444444444,1.0,4.096968650817871,0.8309392333030701
991,120,cvae,5,44,0.3125,0.296875,0.5,1.0,4.180158615112305,0.7742859125137329
992,120,cvae,5,44,0.5078125,0.359375,0.528998940677966,1.0,1.8261642456054688,0.34838855266571045
993,120,cvae,5,44,0.421875,0.359375,0.5372685185185185,1.0,3.9460716247558594,0.6835411190986633
994,120,cvae,5,44,0.484375,0.3125,0.5,1.0,5.826760768890381,0.9767463207244873
995,120,cvae,5,44,0.359375,0.28125,0.5522388059701493,1.0,8.059074401855469,1.6200025081634521
996,120,cvae,5,44,0.328125,0.2890625,0.5609243697478992,1.0,4.950286865234375,1.0635989904403687
997,120,cvae,5,44,0.46875,0.3671875,0.6154513888888888,1.0,8.734603881835938,1.3792810440063477
998,120,cvae,5,44,0.296875,0.09375,0.45454545454545453,1.0,10.387235641479492,1.6529262065887451
999,120,cvae,5,44,0.296875,0.1640625,0.5393716850265198,1.0,2.85247540473938,0.5572989583015442
