index,target_hr,measured_hr,measurable,abs_error,failure_reason,method,fold,seed
0,60,64.53781512605042,True,4.537815126050418,ok,cvae,2,44
1,60,66.20689655172414,True,6.206896551724142,ok,cvae,2,44
2,60,67.36842105263158,True,7.368421052631575,ok,cvae,2,44
3,60,71.77570093457943,True,11.775700934579433,ok,cvae,2,44
4,60,69.1891891891892,True,9.189189189189193,ok,cvae,2,44
5,60,68.57142857142857,True,8.57142857142857,ok,cvae,2,44
6,60,59.07692307692308,True,0.9230769230769198,ok,cvae,2,44
7,60,61.935483870967744,True,1.9354838709677438,ok,cvae,2,44
8,60,76.8,True,16.799999999999997,ok,cvae,2,44
9,60,73.84615384615384,True,13.84615384615384,ok,cvae,2,44
10,60,78.36734693877551,True,18.367346938775512,ok,cvae,2,44
11,60,76.8,True,16.799999999999997,ok,cvae,2,44
12,60,71.11111111111111,True,11.111111111111114,ok,cvae,2,44
13,60,76.8,True,16.799999999999997,ok,cvae,2,44
14,60,64.0,True,4.0,ok,cvae,2,44
15,60,71.77570093457943,True,11.775700934579433,ok,cvae,2,44
16,60,71.11111111111111,True,11.111111111111114,ok,cvae,2,44
17,60,76.8,True,16.799999999999997,ok,cvae,2,44
18,60,64.0,True,4.0,ok,cvae,2,44
19,60,72.45283018867924,True,12.452830188679243,ok,cvae,2,44
20,60,65.08474576271186,True,5.0847457627118615,ok,cvae,2,44
21,60,68.57142857142857,True,8.57142857142857,ok,cvae,2,44
22,60,69.1891891891892,True,9.189189189189193,ok,cvae,2,44
23,60,66.20689655172414,True,6.206896551724142,ok,cvae,2,44
24,60,69.81818181818181,True,9.818181818181813,ok,cvae,2,44
25,60,65.64102564102564,True,5.641025641025635,ok,cvae,2,44
26,60,71.11111111111111,True,11.111111111111114,ok,cvae,2,44
27,60,73.84615384615384,True,13.84615384615384,ok,cvae,2,44
28,60,61.935483870967744,True,1.9354838709677438,ok,cvae,2,44
29,60,73.84615384615384,True,13.84615384615384,ok,cvae,2,44
30,60,64.0,True,4.0,ok,cvae,2,44
31,60,67.96460176991151,True,7.964601769911511,ok,cvae,2,44
32,60,72.45283018867924,True,12.452830188679243,ok,cvae,2,44
33,60,80.0,True,20.0,ok,cvae,2,44
34,60,67.36842105263158,True,7.368421052631575,ok,cvae,2,44
35,60,71.11111111111111,True,11.111111111111114,ok,cvae,2,44
36,60,64.53781512605042,True,4.537815126050418,ok,cvae,2,44
37,60,69.1891891891892,True,9.189189189189193,ok,cvae,2,44
38,60,83.47826086956522,True,23.47826086956522,ok,cvae,2,44
39,60,70.45871559633028,True,10.45871559633028,ok,cvae,2,44
40,60,63.47107438016529,True,3.471074380165291,ok,cvae,2,44
41,60,73.84615384615384,True,13.84615384615384,ok,cvae,2,44
42,60,80.84210526315789,True,20.84210526315789,ok,cvae,2,44
43,60,64.0,True,4.0,ok,cvae,2,44
44,60,73.84615384615384,True,13.84615384615384,ok,cvae,2,44
45,60,66.20689655172414,True,6.206896551724142,ok,cvae,2,44
46,60,48.0,True,12.0,ok,cvae,2,44
47,60,52.96551724137931,True,7.03448275862069,ok,cvae,2,44
48,60,65.08474576271186,True,5.0847457627118615,ok,cvae,2,44
49,60,65.08474576271186,True,5.0847457627118615,ok,cvae,2,44
50,60,76.8,True,16.799999999999997,ok,cvae,2,44
51,60,80.0,True,20.0,ok,cvae,2,44
52,60,64.0,True,4.0,ok,cvae,2,44
53,60,78.36734693877551,True,18.367346938775512,ok,cvae,2,44
54,60,67.36842105263158,True,7.368421052631575,ok,cvae,2,44
55,60,66.20689655172414,True,6.206896551724142,ok,cvae,2,44
56,60,68.57142857142857,True,8.57142857142857,ok,cvae,2,44
57,60,73.84615384615384,True,13.84615384615384,ok,cvae,2,44
58,60,73.84615384615384,True,13.84615384615384,ok,cvae,2,44
59,60,71.11111111111111,True,11.111111111111114,ok,cvae,2,44
60,60,76.8,True,16.799999999999997,ok,cvae,2,44
61,60,76.8,True,16.799999999999997,ok,cvae,2,44
62,60,60.95238095238095,True,0.952380952380949,ok,cvae,2,44
63,60,62.950819672131146,True,2.9508196721311464,ok,cvae,2,44
64,60,74.5631067961165,True,14.5631067961165,ok,cvae,2,44
65,60,72.45283018867924,True,12.452830188679243,ok,cvae,2,44
66,60,80.84210526315789,True,20.84210526315789,ok,cvae,2,44
67,60,73.84615384615384,True,13.84615384615384,ok,cvae,2,44
68,60,68.57142857142857,True,8.57142857142857,ok,cvae,2,44
69,60,66.78260869565217,True,6.782608695652172,ok,cvae,2,44
70,60,70.45871559633028,True,10.45871559633028,ok,cvae,2,44
71,60,80.0,True,20.0,ok,cvae,2,44
72,60,76.8,True,16.799999999999997,ok,cvae,2,44
73,60,65.64102564102564,True,5.641025641025635,ok,cvae,2,44
74,60,64.0,True,4.0,ok,cvae,2,44
75,60,60.0,True,0.0,ok,cvae,2,44
76,60,66.20689655172414,True,6.206896551724142,ok,cvae,2,44
77,60,68.57142857142857,True,8.57142857142857,ok,cvae,2,44
78,60,137.14285714285714,True,77.14285714285714,ok,cvae,2,44
79,60,73.84615384615384,True,13.84615384615384,ok,cvae,2,44
80,60,60.95238095238095,True,0.952380952380949,ok,cvae,2,44
81,60,80.0,True,20.0,ok,cvae,2,44
82,60,63.47107438016529,True,3.471074380165291,ok,cvae,2,44
83,60,73.84615384615384,True,13.84615384615384,ok,cvae,2,44
84,60,70.45871559633028,True,10.45871559633028,ok,cvae,2,44
85,60,76.8,True,16.799999999999997,ok,cvae,2,44
86,60,80.0,True,20.0,ok,cvae,2,44
87,60,66.20689655172414,True,6.206896551724142,ok,cvae,2,44
88,60,76.8,True,16.799999999999997,ok,cvae,2,44
89,60,68.57142857142857,True,8.57142857142857,ok,cvae,2,44
90,60,71.77570093457943,True,11.775700934579433,ok,cvae,2,44
91,60,67.36842105263158,True,7.368421052631575,ok,cvae,2,44
92,60,80.0,True,20.0,ok,cvae,2,44
93,60,73.84615384615384,True,13.84615384615384,ok,cvae,2,44
94,60,67.36842105263158,True,7.368421052631575,ok,cvae,2,44
95,60,64.0,True,4.0,ok,cvae,2,44
96,60,69.1891891891892,True,9.189189189189193,ok,cvae,2,44
97,60,71.11111111111111,True,11.111111111111114,ok,cvae,2,44
98,60,83.47826086956522,True,23.47826086956522,ok,cvae,2,44
99,60,71.77570093457943,True,11.775700934579433,ok,cvae,2,44
100,60,68.57142857142857,True,8.57142857142857,ok,cvae,2,44
101,60,83.47826086956522,True,23.47826086956522,ok,cvae,2,44
102,60,76.8,True,16.799999999999997,ok,cvae,2,44
103,60,62.950819672131146,True,2.9508196721311464,ok,cvae,2,44
104,60,71.11111111111111,True,11.111111111111114,ok,cvae,2,44
105,60,62.950819672131146,True,2.9508196721311464,ok,cvae,2,44
106,60,67.36842105263158,True,7.368421052631575,ok,cvae,2,44
107,60,64.53781512605042,True,4.537815126050418,ok,cvae,2,44
108,60,68.57142857142857,True,8.57142857142857,ok,cvae,2,44
109,60,68.57142857142857,True,8.57142857142857,ok,cvae,2,44
110,60,76.8,True,16.799999999999997,ok,cvae,2,44
111,60,71.11111111111111,True,11.111111111111114,ok,cvae,2,44
112,60,71.11111111111111,True,11.111111111111114,ok,cvae,2,44
113,60,73.84615384615384,True,13.84615384615384,ok,cvae,2,44
114,60,80.0,True,20.0,ok,cvae,2,44
115,60,87.27272727272727,True,27.272727272727266,ok,cvae,2,44
116,60,80.0,True,20.0,ok,cvae,2,44
117,60,64.0,True,4.0,ok,cvae,2,44
118,60,73.84615384615384,True,13.84615384615384,ok,cvae,2,44
119,60,64.0,True,4.0,ok,cvae,2,44
120,60,73.14285714285714,True,13.142857142857139,ok,cvae,2,44
121,60,67.36842105263158,True,7.368421052631575,ok,cvae,2,44
122,60,64.53781512605042,True,4.537815126050418,ok,cvae,2,44
123,60,66.78260869565217,True,6.782608695652172,ok,cvae,2,44
124,60,63.47107438016529,True,3.471074380165291,ok,cvae,2,44
125,60,61.935483870967744,True,1.9354838709677438,ok,cvae,2,44
126,60,68.57142857142857,True,8.57142857142857,ok,cvae,2,44
127,60,73.84615384615384,True,13.84615384615384,ok,cvae,2,44
128,60,80.0,True,20.0,ok,cvae,2,44
129,60,76.8,True,16.799999999999997,ok,cvae,2,44
130,60,72.45283018867924,True,12.452830188679243,ok,cvae,2,44
131,60,71.11111111111111,True,11.111111111111114,ok,cvae,2,44
132,60,76.8,True,16.799999999999997,ok,cvae,2,44
133,60,73.84615384615384,True,13.84615384615384,ok,cvae,2,44
134,60,65.08474576271186,True,5.0847457627118615,ok,cvae,2,44
135,60,66.20689655172414,True,6.206896551724142,ok,cvae,2,44
136,60,66.20689655172414,True,6.206896551724142,ok,cvae,2,44
137,60,54.08450704225352,True,5.91549295774648,ok,cvae,2,44
138,60,71.11111111111111,True,11.111111111111114,ok,cvae,2,44
139,60,65.08474576271186,True,5.0847457627118615,ok,cvae,2,44
140,60,76.8,True,16.799999999999997,ok,cvae,2,44
141,60,71.11111111111111,True,11.111111111111114,ok,cvae,2,44
142,60,71.11111111111111,True,11.111111111111114,ok,cvae,2,44
143,60,66.78260869565217,True,6.782608695652172,ok,cvae,2,44
144,60,51.54362416107382,True,8.456375838926178,ok,cvae,2,44
145,60,63.47107438016529,True,3.471074380165291,ok,cvae,2,44
146,60,68.57142857142857,True,8.57142857142857,ok,cvae,2,44
147,60,78.36734693877551,True,18.367346938775512,ok,cvae,2,44
148,60,62.950819672131146,True,2.9508196721311464,ok,cvae,2,44
149,60,60.0,True,0.0,ok,cvae,2,44
150,60,69.1891891891892,True,9.189189189189193,ok,cvae,2,44
151,60,60.95238095238095,True,0.952380952380949,ok,cvae,2,44
152,60,69.81818181818181,True,9.818181818181813,ok,cvae,2,44
153,60,73.84615384615384,True,13.84615384615384,ok,cvae,2,44
154,60,66.20689655172414,True,6.206896551724142,ok,cvae,2,44
155,60,58.18181818181818,True,1.8181818181818201,ok,cvae,2,44
156,60,76.8,True,16.799999999999997,ok,cvae,2,44
157,60,73.84615384615384,True,13.84615384615384,ok,cvae,2,44
158,60,76.8,True,16.799999999999997,ok,cvae,2,44
159,60,70.45871559633028,True,10.45871559633028,ok,cvae,2,44
160,60,87.27272727272727,True,27.272727272727266,ok,cvae,2,44
161,60,69.1891891891892,True,9.189189189189193,ok,cvae,2,44
162,60,69.81818181818181,True,9.818181818181813,ok,cvae,2,44
163,60,91.42857142857143,True,31.42857142857143,ok,cvae,2,44
164,60,71.11111111111111,True,11.111111111111114,ok,cvae,2,44
165,60,71.11111111111111,True,11.111111111111114,ok,cvae,2,44
166,60,83.47826086956522,True,23.47826086956522,ok,cvae,2,44
167,60,62.950819672131146,True,2.9508196721311464,ok,cvae,2,44
168,60,64.0,True,4.0,ok,cvae,2,44
169,60,66.20689655172414,True,6.206896551724142,ok,cvae,2,44
170,60,69.81818181818181,True,9.818181818181813,ok,cvae,2,44
171,60,72.45283018867924,True,12.452830188679243,ok,cvae,2,44
172,60,60.95238095238095,True,0.952380952380949,ok,cvae,2,44
173,60,58.62595419847328,True,1.3740458015267194,ok,cvae,2,44
174,60,72.45283018867924,True,12.452830188679243,ok,cvae,2,44
175,60,67.96460176991151,True,7.964601769911511,ok,cvae,2,44
176,60,59.07692307692308,True,0.9230769230769198,ok,cvae,2,44
177,60,66.78260869565217,True,6.782608695652172,ok,cvae,2,44
178,60,58.18181818181818,True,1.8181818181818201,ok,cvae,2,44
179,60,64.0,True,4.0,ok,cvae,2,44
180,60,66.20689655172414,True,6.206896551724142,ok,cvae,2,44
181,60,80.0,True,20.0,ok,cvae,2,44
182,60,75.29411764705883,True,15.294117647058826,ok,cvae,2,44
183,60,71.11111111111111,True,11.111111111111114,ok,cvae,2,44
184,60,67.36842105263158,True,7.368421052631575,ok,cvae,2,44
185,60,71.11111111111111,True,11.111111111111114,ok,cvae,2,44
186,60,72.45283018867924,True,12.452830188679243,ok,cvae,2,44
187,60,67.96460176991151,True,7.964601769911511,ok,cvae,2,44
188,60,71.11111111111111,True,11.111111111111114,ok,cvae,2,44
189,60,64.0,True,4.0,ok,cvae,2,44
190,60,71.11111111111111,True,11.111111111111114,ok,cvae,2,44
191,60,73.84615384615384,True,13.84615384615384,ok,cvae,2,44
192,60,72.45283018867924,True,12.452830188679243,ok,cvae,2,44
193,60,72.45283018867924,True,12.452830188679243,ok,cvae,2,44
194,60,64.0,True,4.0,ok,cvae,2,44
195,60,72.45283018867924,True,12.452830188679243,ok,cvae,2,44
196,60,64.0,True,4.0,ok,cvae,2,44
197,60,71.11111111111111,True,11.111111111111114,ok,cvae,2,44
198,60,66.20689655172414,True,6.206896551724142,ok,cvae,2,44
199,60,67.36842105263158,True,7.368421052631575,ok,cvae,2,44
200,60,76.8,True,16.799999999999997,ok,cvae,2,44
201,60,63.47107438016529,True,3.471074380165291,ok,cvae,2,44
202,60,55.65217391304348,True,4.347826086956523,ok,cvae,2,44
203,60,71.11111111111111,True,11.111111111111114,ok,cvae,2,44
204,60,66.78260869565217,True,6.782608695652172,ok,cvae,2,44
205,60,76.03960396039604,True,16.039603960396036,ok,cvae,2,44
206,60,69.81818181818181,True,9.818181818181813,ok,cvae,2,44
207,60,69.81818181818181,True,9.818181818181813,ok,cvae,2,44
208,60,75.29411764705883,True,15.294117647058826,ok,cvae,2,44
209,60,69.81818181818181,True,9.818181818181813,ok,cvae,2,44
210,60,70.45871559633028,True,10.45871559633028,ok,cvae,2,44
211,60,60.0,True,0.0,ok,cvae,2,44
212,60,79.17525773195877,True,19.175257731958766,ok,cvae,2,44
213,60,76.8,True,16.799999999999997,ok,cvae,2,44
214,60,76.8,True,16.799999999999997,ok,cvae,2,44
215,60,80.0,True,20.0,ok,cvae,2,44
216,60,80.0,True,20.0,ok,cvae,2,44
217,60,69.81818181818181,True,9.818181818181813,ok,cvae,2,44
218,60,67.36842105263158,True,7.368421052631575,ok,cvae,2,44
219,60,73.84615384615384,True,13.84615384615384,ok,cvae,2,44
220,60,73.84615384615384,True,13.84615384615384,ok,cvae,2,44
221,60,67.96460176991151,True,7.964601769911511,ok,cvae,2,44
222,60,87.27272727272727,True,27.272727272727266,ok,cvae,2,44
223,60,65.08474576271186,True,5.0847457627118615,ok,cvae,2,44
224,60,80.0,True,20.0,ok,cvae,2,44
225,60,61.935483870967744,True,1.9354838709677438,ok,cvae,2,44
226,60,61.935483870967744,True,1.9354838709677438,ok,cvae,2,44
227,60,71.11111111111111,True,11.111111111111114,ok,cvae,2,44
228,60,67.36842105263158,True,7.368421052631575,ok,cvae,2,44
229,60,69.81818181818181,True,9.818181818181813,ok,cvae,2,44
230,60,66.20689655172414,True,6.206896551724142,ok,cvae,2,44
231,60,76.8,True,16.799999999999997,ok,cvae,2,44
232,60,65.08474576271186,True,5.0847457627118615,ok,cvae,2,44
233,60,74.5631067961165,True,14.5631067961165,ok,cvae,2,44
234,60,73.84615384615384,True,13.84615384615384,ok,cvae,2,44
235,60,68.57142857142857,True,8.57142857142857,ok,cvae,2,44
236,60,67.36842105263158,True,7.368421052631575,ok,cvae,2,44
237,60,68.57142857142857,True,8.57142857142857,ok,cvae,2,44
238,60,80.0,True,20.0,ok,cvae,2,44
239,60,66.78260869565217,True,6.782608695652172,ok,cvae,2,44
240,60,67.96460176991151,True,7.964601769911511,ok,cvae,2,44
241,60,80.0,True,20.0,ok,cvae,2,44
242,60,69.1891891891892,True,9.189189189189193,ok,cvae,2,44
243,60,71.11111111111111,True,11.111111111111114,ok,cvae,2,44
244,60,76.8,True,16.799999999999997,ok,cvae,2,44
245,60,65.08474576271186,True,5.0847457627118615,ok,cvae,2,44
246,60,67.36842105263158,True,7.368421052631575,ok,cvae,2,44
247,60,62.4390243902439,True,2.439024390243901,ok,cvae,2,44
248,60,68.57142857142857,True,8.57142857142857,ok,cvae,2,44
249,60,68.57142857142857,True,8.57142857142857,ok,cvae,2,44
250,60,75.29411764705883,True,15.294117647058826,ok,cvae,2,44
251,60,68.57142857142857,True,8.57142857142857,ok,cvae,2,44
252,60,72.45283018867924,True,12.452830188679243,ok,cvae,2,44
253,60,69.81818181818181,True,9.818181818181813,ok,cvae,2,44
254,60,57.3134328358209,True,2.6865671641791025,ok,cvae,2,44
255,60,78.36734693877551,True,18.367346938775512,ok,cvae,2,44
256,60,63.47107438016529,True,3.471074380165291,ok,cvae,2,44
257,60,73.84615384615384,True,13.84615384615384,ok,cvae,2,44
258,60,68.57142857142857,True,8.57142857142857,ok,cvae,2,44
259,60,67.36842105263158,True,7.368421052631575,ok,cvae,2,44
260,60,80.0,True,20.0,ok,cvae,2,44
261,60,75.29411764705883,True,15.294117647058826,ok,cvae,2,44
262,60,65.64102564102564,True,5.641025641025635,ok,cvae,2,44
263,60,69.81818181818181,True,9.818181818181813,ok,cvae,2,44
264,60,80.0,True,20.0,ok,cvae,2,44
265,60,76.8,True,16.799999999999997,ok,cvae,2,44
266,60,65.64102564102564,True,5.641025641025635,ok,cvae,2,44
267,60,68.57142857142857,True,8.57142857142857,ok,cvae,2,44
268,60,71.11111111111111,True,11.111111111111114,ok,cvae,2,44
269,60,71.11111111111111,True,11.111111111111114,ok,cvae,2,44
270,60,57.744360902255636,True,2.255639097744364,ok,cvae,2,44
271,60,73.84615384615384,True,13.84615384615384,ok,cvae,2,44
272,60,73.84615384615384,True,13.84615384615384,ok,cvae,2,44
273,60,73.84615384615384,True,13.84615384615384,ok,cvae,2,44
274,60,68.57142857142857,True,8.57142857142857,ok,cvae,2,44
275,60,68.57142857142857,True,8.57142857142857,ok,cvae,2,44
276,60,71.11111111111111,True,11.111111111111114,ok,cvae,2,44
277,60,71.11111111111111,True,11.111111111111114,ok,cvae,2,44
278,60,68.57142857142857,True,8.57142857142857,ok,cvae,2,44
279,60,66.20689655172414,True,6.206896551724142,ok,cvae,2,44
280,60,85.33333333333333,True,25.33333333333333,ok,cvae,2,44
281,60,71.11111111111111,True,11.111111111111114,ok,cvae,2,44
282,60,68.57142857142857,True,8.57142857142857,ok,cvae,2,44
283,60,54.857142857142854,True,5.142857142857146,ok,cvae,2,44
284,60,59.07692307692308,True,0.9230769230769198,ok,cvae,2,44
285,60,68.57142857142857,True,8.57142857142857,ok,cvae,2,44
286,60,73.84615384615384,True,13.84615384615384,ok,cvae,2,44
287,60,68.57142857142857,True,8.57142857142857,ok,cvae,2,44
288,60,68.57142857142857,True,8.57142857142857,ok,cvae,2,44
289,60,66.20689655172414,True,6.206896551724142,ok,cvae,2,44
290,60,66.20689655172414,True,6.206896551724142,ok,cvae,2,44
291,60,84.3956043956044,True,24.395604395604394,ok,cvae,2,44
292,60,67.36842105263158,True,7.368421052631575,ok,cvae,2,44
293,60,71.11111111111111,True,11.111111111111114,ok,cvae,2,44
294,60,76.8,True,16.799999999999997,ok,cvae,2,44
295,60,64.53781512605042,True,4.537815126050418,ok,cvae,2,44
296,60,73.84615384615384,True,13.84615384615384,ok,cvae,2,44
297,60,66.20689655172414,True,6.206896551724142,ok,cvae,2,44
298,60,64.53781512605042,True,4.537815126050418,ok,cvae,2,44
299,60,69.81818181818181,True,9.818181818181813,ok,cvae,2,44
300,60,76.8,True,16.799999999999997,ok,cvae,2,44
301,60,68.57142857142857,True,8.57142857142857,ok,cvae,2,44
302,60,53.333333333333336,True,6.666666666666664,ok,cvae,2,44
303,60,65.64102564102564,True,5.641025641025635,ok,cvae,2,44
304,60,71.11111111111111,True,11.111111111111114,ok,cvae,2,44
305,60,73.84615384615384,True,13.84615384615384,ok,cvae,2,44
306,60,73.84615384615384,True,13.84615384615384,ok,cvae,2,44
307,60,76.8,True,16.799999999999997,ok,cvae,2,44
308,60,76.8,True,16.799999999999997,ok,cvae,2,44
309,60,73.84615384615384,True,13.84615384615384,ok,cvae,2,44
310,60,64.0,True,4.0,ok,cvae,2,44
311,60,65.08474576271186,True,5.0847457627118615,ok,cvae,2,44
312,60,60.95238095238095,True,0.952380952380949,ok,cvae,2,44
313,60,80.0,True,20.0,ok,cvae,2,44
314,60,61.935483870967744,True,1.9354838709677438,ok,cvae,2,44
315,60,69.81818181818181,True,9.818181818181813,ok,cvae,2,44
316,60,72.45283018867924,True,12.452830188679243,ok,cvae,2,44
317,60,66.78260869565217,True,6.782608695652172,ok,cvae,2,44
318,60,73.84615384615384,True,13.84615384615384,ok,cvae,2,44
319,60,77.57575757575758,True,17.575757575757578,ok,cvae,2,44
320,60,69.81818181818181,True,9.818181818181813,ok,cvae,2,44
321,60,69.81818181818181,True,9.818181818181813,ok,cvae,2,44
322,60,60.95238095238095,True,0.952380952380949,ok,cvae,2,44
323,60,62.950819672131146,True,2.9508196721311464,ok,cvae,2,44
324,60,65.08474576271186,True,5.0847457627118615,ok,cvae,2,44
325,60,68.57142857142857,True,8.57142857142857,ok,cvae,2,44
326,60,103.78378378378379,True,43.78378378378379,ok,cvae,2,44
327,60,69.81818181818181,True,9.818181818181813,ok,cvae,2,44
328,60,74.5631067961165,True,14.5631067961165,ok,cvae,2,44
329,60,68.57142857142857,True,8.57142857142857,ok,cvae,2,44
330,60,71.11111111111111,True,11.111111111111114,ok,cvae,2,44
331,60,67.36842105263158,True,7.368421052631575,ok,cvae,2,44
332,60,61.935483870967744,True,1.9354838709677438,ok,cvae,2,44
333,60,68.57142857142857,True,8.57142857142857,ok,cvae,2,44
334,60,71.77570093457943,True,11.775700934579433,ok,cvae,2,44
335,60,71.11111111111111,True,11.111111111111114,ok,cvae,2,44
336,60,63.47107438016529,True,3.471074380165291,ok,cvae,2,44
337,60,80.0,True,20.0,ok,cvae,2,44
338,60,69.81818181818181,True,9.818181818181813,ok,cvae,2,44
339,60,76.8,True,16.799999999999997,ok,cvae,2,44
340,60,65.08474576271186,True,5.0847457627118615,ok,cvae,2,44
341,60,66.20689655172414,True,6.206896551724142,ok,cvae,2,44
342,60,66.20689655172414,True,6.206896551724142,ok,cvae,2,44
343,60,78.36734693877551,True,18.367346938775512,ok,cvae,2,44
344,60,67.36842105263158,True,7.368421052631575,ok,cvae,2,44
345,60,69.81818181818181,True,9.818181818181813,ok,cvae,2,44
346,60,71.11111111111111,True,11.111111111111114,ok,cvae,2,44
347,60,66.20689655172414,True,6.206896551724142,ok,cvae,2,44
348,60,68.57142857142857,True,8.57142857142857,ok,cvae,2,44
349,60,65.08474576271186,True,5.0847457627118615,ok,cvae,2,44
350,60,67.36842105263158,True,7.368421052631575,ok,cvae,2,44
351,60,91.42857142857143,True,31.42857142857143,ok,cvae,2,44
352,60,76.8,True,16.799999999999997,ok,cvae,2,44
353,60,71.77570093457943,True,11.775700934579433,ok,cvae,2,44
354,60,69.81818181818181,True,9.818181818181813,ok,cvae,2,44
355,60,68.57142857142857,True,8.57142857142857,ok,cvae,2,44
356,60,76.8,True,16.799999999999997,ok,cvae,2,44
357,60,68.57142857142857,True,8.57142857142857,ok,cvae,2,44
358,60,61.935483870967744,True,1.9354838709677438,ok,cvae,2,44
359,60,68.57142857142857,True,8.57142857142857,ok,cvae,2,44
360,60,75.29411764705883,True,15.294117647058826,ok,cvae,2,44
361,60,69.1891891891892,True,9.189189189189193,ok,cvae,2,44
362,60,78.36734693877551,True,18.367346938775512,ok,cvae,2,44
363,60,73.84615384615384,True,13.84615384615384,ok,cvae,2,44
364,60,80.0,True,20.0,ok,cvae,2,44
365,60,64.0,True,4.0,ok,cvae,2,44
366,60,76.8,True,16.799999999999997,ok,cvae,2,44
367,60,66.20689655172414,True,6.206896551724142,ok,cvae,2,44
368,60,65.64102564102564,True,5.641025641025635,ok,cvae,2,44
369,60,73.14285714285714,True,13.142857142857139,ok,cvae,2,44
370,60,71.11111111111111,True,11.111111111111114,ok,cvae,2,44
371,60,61.935483870967744,True,1.9354838709677438,ok,cvae,2,44
372,60,62.950819672131146,True,2.9508196721311464,ok,cvae,2,44
373,60,60.95238095238095,True,0.952380952380949,ok,cvae,2,44
374,60,62.950819672131146,True,2.9508196721311464,ok,cvae,2,44
375,60,76.8,True,16.799999999999997,ok,cvae,2,44
376,60,57.3134328358209,True,2.6865671641791025,ok,cvae,2,44
377,60,67.36842105263158,True,7.368421052631575,ok,cvae,2,44
378,60,74.5631067961165,True,14.5631067961165,ok,cvae,2,44
379,60,73.84615384615384,True,13.84615384615384,ok,cvae,2,44
380,60,78.36734693877551,True,18.367346938775512,ok,cvae,2,44
381,60,65.64102564102564,True,5.641025641025635,ok,cvae,2,44
382,60,57.3134328358209,True,2.6865671641791025,ok,cvae,2,44
383,60,71.11111111111111,True,11.111111111111114,ok,cvae,2,44
384,60,67.96460176991151,True,7.964601769911511,ok,cvae,2,44
385,60,72.45283018867924,True,12.452830188679243,ok,cvae,2,44
386,60,74.5631067961165,True,14.5631067961165,ok,cvae,2,44
387,60,68.57142857142857,True,8.57142857142857,ok,cvae,2,44
388,60,81.70212765957447,True,21.702127659574472,ok,cvae,2,44
389,60,73.84615384615384,True,13.84615384615384,ok,cvae,2,44
390,60,71.77570093457943,True,11.775700934579433,ok,cvae,2,44
391,60,55.25179856115108,True,4.748201438848923,ok,cvae,2,44
392,60,72.45283018867924,True,12.452830188679243,ok,cvae,2,44
393,60,79.17525773195877,True,19.175257731958766,ok,cvae,2,44
394,60,65.64102564102564,True,5.641025641025635,ok,cvae,2,44
395,60,71.11111111111111,True,11.111111111111114,ok,cvae,2,44
396,60,83.47826086956522,True,23.47826086956522,ok,cvae,2,44
397,60,68.57142857142857,True,8.57142857142857,ok,cvae,2,44
398,60,69.81818181818181,True,9.818181818181813,ok,cvae,2,44
399,60,66.20689655172414,True,6.206896551724142,ok,cvae,2,44
400,60,68.57142857142857,True,8.57142857142857,ok,cvae,2,44
401,60,68.57142857142857,True,8.57142857142857,ok,cvae,2,44
402,60,68.57142857142857,True,8.57142857142857,ok,cvae,2,44
403,60,67.36842105263158,True,7.368421052631575,ok,cvae,2,44
404,60,73.84615384615384,True,13.84615384615384,ok,cvae,2,44
405,60,81.70212765957447,True,21.702127659574472,ok,cvae,2,44
406,60,64.0,True,4.0,ok,cvae,2,44
407,60,69.81818181818181,True,9.818181818181813,ok,cvae,2,44
408,60,68.57142857142857,True,8.57142857142857,ok,cvae,2,44
409,60,76.8,True,16.799999999999997,ok,cvae,2,44
410,60,68.57142857142857,True,8.57142857142857,ok,cvae,2,44
411,60,68.57142857142857,True,8.57142857142857,ok,cvae,2,44
412,60,73.84615384615384,True,13.84615384615384,ok,cvae,2,44
413,60,73.84615384615384,True,13.84615384615384,ok,cvae,2,44
414,60,60.95238095238095,True,0.952380952380949,ok,cvae,2,44
415,60,64.53781512605042,True,4.537815126050418,ok,cvae,2,44
416,60,60.95238095238095,True,0.952380952380949,ok,cvae,2,44
417,60,61.935483870967744,True,1.9354838709677438,ok,cvae,2,44
418,60,64.0,True,4.0,ok,cvae,2,44
419,60,71.11111111111111,True,11.111111111111114,ok,cvae,2,44
420,60,68.57142857142857,True,8.57142857142857,ok,cvae,2,44
421,60,63.47107438016529,True,3.471074380165291,ok,cvae,2,44
422,60,91.42857142857143,True,31.42857142857143,ok,cvae,2,44
423,60,63.47107438016529,True,3.471074380165291,ok,cvae,2,44
424,60,71.77570093457943,True,11.775700934579433,ok,cvae,2,44
425,60,73.84615384615384,True,13.84615384615384,ok,cvae,2,44
426,60,65.08474576271186,True,5.0847457627118615,ok,cvae,2,44
427,60,70.45871559633028,True,10.45871559633028,ok,cvae,2,44
428,60,66.20689655172414,True,6.206896551724142,ok,cvae,2,44
429,60,76.8,True,16.799999999999997,ok,cvae,2,44
430,60,68.57142857142857,True,8.57142857142857,ok,cvae,2,44
431,60,90.3529411764706,True,30.352941176470594,ok,cvae,2,44
432,60,61.44,True,1.4399999999999977,ok,cvae,2,44
433,60,73.84615384615384,True,13.84615384615384,ok,cvae,2,44
434,60,68.57142857142857,True,8.57142857142857,ok,cvae,2,44
435,60,61.935483870967744,True,1.9354838709677438,ok,cvae,2,44
436,60,80.84210526315789,True,20.84210526315789,ok,cvae,2,44
437,60,65.64102564102564,True,5.641025641025635,ok,cvae,2,44
438,60,83.47826086956522,True,23.47826086956522,ok,cvae,2,44
439,60,64.0,True,4.0,ok,cvae,2,44
440,60,68.57142857142857,True,8.57142857142857,ok,cvae,2,44
441,60,70.45871559633028,True,10.45871559633028,ok,cvae,2,44
442,60,73.84615384615384,True,13.84615384615384,ok,cvae,2,44
443,60,72.45283018867924,True,12.452830188679243,ok,cvae,2,44
444,60,72.45283018867924,True,12.452830188679243,ok,cvae,2,44
445,60,60.95238095238095,True,0.952380952380949,ok,cvae,2,44
446,60,64.53781512605042,True,4.537815126050418,ok,cvae,2,44
447,60,54.857142857142854,True,5.142857142857146,ok,cvae,2,44
448,60,67.36842105263158,True,7.368421052631575,ok,cvae,2,44
449,60,78.36734693877551,True,18.367346938775512,ok,cvae,2,44
450,60,65.08474576271186,True,5.0847457627118615,ok,cvae,2,44
451,60,65.08474576271186,True,5.0847457627118615,ok,cvae,2,44
452,60,68.57142857142857,True,8.57142857142857,ok,cvae,2,44
453,60,96.0,True,36.0,ok,cvae,2,44
454,60,71.77570093457943,True,11.775700934579433,ok,cvae,2,44
455,60,69.81818181818181,True,9.818181818181813,ok,cvae,2,44
456,60,65.64102564102564,True,5.641025641025635,ok,cvae,2,44
457,60,51.54362416107382,True,8.456375838926178,ok,cvae,2,44
458,60,68.57142857142857,True,8.57142857142857,ok,cvae,2,44
459,60,68.57142857142857,True,8.57142857142857,ok,cvae,2,44
460,60,76.8,True,16.799999999999997,ok,cvae,2,44
461,60,60.95238095238095,True,0.952380952380949,ok,cvae,2,44
462,60,67.36842105263158,True,7.368421052631575,ok,cvae,2,44
463,60,58.18181818181818,True,1.8181818181818201,ok,cvae,2,44
464,60,77.57575757575758,True,17.575757575757578,ok,cvae,2,44
465,60,73.84615384615384,True,13.84615384615384,ok,cvae,2,44
466,60,71.11111111111111,True,11.111111111111114,ok,cvae,2,44
467,60,68.57142857142857,True,8.57142857142857,ok,cvae,2,44
468,60,76.8,True,16.799999999999997,ok,cvae,2,44
469,60,69.1891891891892,True,9.189189189189193,ok,cvae,2,44
470,60,73.84615384615384,True,13.84615384615384,ok,cvae,2,44
471,60,65.08474576271186,True,5.0847457627118615,ok,cvae,2,44
472,60,68.57142857142857,True,8.57142857142857,ok,cvae,2,44
473,60,73.84615384615384,True,13.84615384615384,ok,cvae,2,44
474,60,59.07692307692308,True,0.9230769230769198,ok,cvae,2,44
475,60,80.0,True,20.0,ok,cvae,2,44
476,60,67.36842105263158,True,7.368421052631575,ok,cvae,2,44
477,60,68.57142857142857,True,8.57142857142857,ok,cvae,2,44
478,60,62.950819672131146,True,2.9508196721311464,ok,cvae,2,44
479,60,60.0,True,0.0,ok,cvae,2,44
480,60,68.57142857142857,True,8.57142857142857,ok,cvae,2,44
481,60,71.77570093457943,True,11.775700934579433,ok,cvae,2,44
482,60,70.45871559633028,True,10.45871559633028,ok,cvae,2,44
483,60,76.8,True,16.799999999999997,ok,cvae,2,44
484,60,71.11111111111111,True,11.111111111111114,ok,cvae,2,44
485,60,60.47244094488189,True,0.4724409448818889,ok,cvae,2,44
486,60,72.45283018867924,True,12.452830188679243,ok,cvae,2,44
487,60,68.57142857142857,True,8.57142857142857,ok,cvae,2,44
488,60,93.65853658536585,True,33.65853658536585,ok,cvae,2,44
489,60,71.11111111111111,True,11.111111111111114,ok,cvae,2,44
490,60,67.36842105263158,True,7.368421052631575,ok,cvae,2,44
491,60,73.84615384615384,True,13.84615384615384,ok,cvae,2,44
492,60,73.84615384615384,True,13.84615384615384,ok,cvae,2,44
493,60,71.11111111111111,True,11.111111111111114,ok,cvae,2,44
494,60,58.62595419847328,True,1.3740458015267194,ok,cvae,2,44
495,60,77.57575757575758,True,17.575757575757578,ok,cvae,2,44
496,60,71.11111111111111,True,11.111111111111114,ok,cvae,2,44
497,60,70.45871559633028,True,10.45871559633028,ok,cvae,2,44
498,60,67.96460176991151,True,7.964601769911511,ok,cvae,2,44
499,60,51.891891891891895,True,8.108108108108105,ok,cvae,2,44
500,60,79.17525773195877,True,19.175257731958766,ok,cvae,2,44
501,60,68.57142857142857,True,8.57142857142857,ok,cvae,2,44
502,60,66.78260869565217,True,6.782608695652172,ok,cvae,2,44
503,60,62.950819672131146,True,2.9508196721311464,ok,cvae,2,44
504,60,60.95238095238095,True,0.952380952380949,ok,cvae,2,44
505,60,71.11111111111111,True,11.111111111111114,ok,cvae,2,44
506,60,67.36842105263158,True,7.368421052631575,ok,cvae,2,44
507,60,80.0,True,20.0,ok,cvae,2,44
508,60,68.57142857142857,True,8.57142857142857,ok,cvae,2,44
509,60,76.8,True,16.799999999999997,ok,cvae,2,44
510,60,75.29411764705883,True,15.294117647058826,ok,cvae,2,44
511,60,83.47826086956522,True,23.47826086956522,ok,cvae,2,44
512,60,66.20689655172414,True,6.206896551724142,ok,cvae,2,44
513,60,62.950819672131146,True,2.9508196721311464,ok,cvae,2,44
514,60,73.84615384615384,True,13.84615384615384,ok,cvae,2,44
515,60,54.857142857142854,True,5.142857142857146,ok,cvae,2,44
516,60,66.78260869565217,True,6.782608695652172,ok,cvae,2,44
517,60,80.0,True,20.0,ok,cvae,2,44
518,60,58.18181818181818,True,1.8181818181818201,ok,cvae,2,44
519,60,67.96460176991151,True,7.964601769911511,ok,cvae,2,44
520,60,68.57142857142857,True,8.57142857142857,ok,cvae,2,44
521,60,60.95238095238095,True,0.952380952380949,ok,cvae,2,44
522,60,68.57142857142857,True,8.57142857142857,ok,cvae,2,44
523,60,71.11111111111111,True,11.111111111111114,ok,cvae,2,44
524,60,73.84615384615384,True,13.84615384615384,ok,cvae,2,44
525,60,83.47826086956522,True,23.47826086956522,ok,cvae,2,44
526,60,68.57142857142857,True,8.57142857142857,ok,cvae,2,44
527,60,75.29411764705883,True,15.294117647058826,ok,cvae,2,44
528,60,105.20547945205479,True,45.20547945205479,ok,cvae,2,44
529,60,73.14285714285714,True,13.142857142857139,ok,cvae,2,44
530,60,84.3956043956044,True,24.395604395604394,ok,cvae,2,44
531,60,68.57142857142857,True,8.57142857142857,ok,cvae,2,44
532,60,70.45871559633028,True,10.45871559633028,ok,cvae,2,44
533,60,71.11111111111111,True,11.111111111111114,ok,cvae,2,44
534,60,52.602739726027394,True,7.397260273972606,ok,cvae,2,44
535,60,68.57142857142857,True,8.57142857142857,ok,cvae,2,44
536,60,73.84615384615384,True,13.84615384615384,ok,cvae,2,44
537,60,71.11111111111111,True,11.111111111111114,ok,cvae,2,44
538,60,80.84210526315789,True,20.84210526315789,ok,cvae,2,44
539,60,68.57142857142857,True,8.57142857142857,ok,cvae,2,44
540,60,66.78260869565217,True,6.782608695652172,ok,cvae,2,44
541,60,62.950819672131146,True,2.9508196721311464,ok,cvae,2,44
542,60,68.57142857142857,True,8.57142857142857,ok,cvae,2,44
543,60,73.84615384615384,True,13.84615384615384,ok,cvae,2,44
544,60,64.0,True,4.0,ok,cvae,2,44
545,60,76.8,True,16.799999999999997,ok,cvae,2,44
546,60,71.11111111111111,True,11.111111111111114,ok,cvae,2,44
547,60,65.08474576271186,True,5.0847457627118615,ok,cvae,2,44
548,60,66.20689655172414,True,6.206896551724142,ok,cvae,2,44
549,60,67.36842105263158,True,7.368421052631575,ok,cvae,2,44
550,60,69.81818181818181,True,9.818181818181813,ok,cvae,2,44
551,60,80.0,True,20.0,ok,cvae,2,44
552,60,64.0,True,4.0,ok,cvae,2,44
553,60,68.57142857142857,True,8.57142857142857,ok,cvae,2,44
554,60,52.602739726027394,True,7.397260273972606,ok,cvae,2,44
555,60,69.81818181818181,True,9.818181818181813,ok,cvae,2,44
556,60,66.78260869565217,True,6.782608695652172,ok,cvae,2,44
557,60,67.36842105263158,True,7.368421052631575,ok,cvae,2,44
558,60,69.1891891891892,True,9.189189189189193,ok,cvae,2,44
559,60,72.45283018867924,True,12.452830188679243,ok,cvae,2,44
560,60,68.57142857142857,True,8.57142857142857,ok,cvae,2,44
561,60,67.36842105263158,True,7.368421052631575,ok,cvae,2,44
562,60,68.57142857142857,True,8.57142857142857,ok,cvae,2,44
563,60,71.11111111111111,True,11.111111111111114,ok,cvae,2,44
564,60,69.1891891891892,True,9.189189189189193,ok,cvae,2,44
565,60,80.0,True,20.0,ok,cvae,2,44
566,60,68.57142857142857,True,8.57142857142857,ok,cvae,2,44
567,60,64.0,True,4.0,ok,cvae,2,44
568,60,59.07692307692308,True,0.9230769230769198,ok,cvae,2,44
569,60,65.64102564102564,True,5.641025641025635,ok,cvae,2,44
570,60,80.0,True,20.0,ok,cvae,2,44
571,60,73.14285714285714,True,13.142857142857139,ok,cvae,2,44
572,60,67.36842105263158,True,7.368421052631575,ok,cvae,2,44
573,60,71.11111111111111,True,11.111111111111114,ok,cvae,2,44
574,60,73.84615384615384,True,13.84615384615384,ok,cvae,2,44
575,60,71.11111111111111,True,11.111111111111114,ok,cvae,2,44
576,60,73.14285714285714,True,13.142857142857139,ok,cvae,2,44
577,60,66.20689655172414,True,6.206896551724142,ok,cvae,2,44
578,60,66.78260869565217,True,6.782608695652172,ok,cvae,2,44
579,60,75.29411764705883,True,15.294117647058826,ok,cvae,2,44
580,60,76.8,True,16.799999999999997,ok,cvae,2,44
581,60,76.8,True,16.799999999999997,ok,cvae,2,44
582,60,78.36734693877551,True,18.367346938775512,ok,cvae,2,44
583,60,65.08474576271186,True,5.0847457627118615,ok,cvae,2,44
584,60,71.11111111111111,True,11.111111111111114,ok,cvae,2,44
585,60,73.84615384615384,True,13.84615384615384,ok,cvae,2,44
586,60,58.18181818181818,True,1.8181818181818201,ok,cvae,2,44
587,60,69.81818181818181,True,9.818181818181813,ok,cvae,2,44
588,60,64.53781512605042,True,4.537815126050418,ok,cvae,2,44
589,60,91.42857142857143,True,31.42857142857143,ok,cvae,2,44
590,60,73.84615384615384,True,13.84615384615384,ok,cvae,2,44
591,60,73.84615384615384,True,13.84615384615384,ok,cvae,2,44
592,60,64.0,True,4.0,ok,cvae,2,44
593,60,66.20689655172414,True,6.206896551724142,ok,cvae,2,44
594,60,61.935483870967744,True,1.9354838709677438,ok,cvae,2,44
595,60,87.27272727272727,True,27.272727272727266,ok,cvae,2,44
596,60,69.81818181818181,True,9.818181818181813,ok,cvae,2,44
597,60,64.0,True,4.0,ok,cvae,2,44
598,60,69.81818181818181,True,9.818181818181813,ok,cvae,2,44
599,60,73.14285714285714,True,13.142857142857139,ok,cvae,2,44
600,60,64.53781512605042,True,4.537815126050418,ok,cvae,2,44
601,60,67.36842105263158,True,7.368421052631575,ok,cvae,2,44
602,60,65.64102564102564,True,5.641025641025635,ok,cvae,2,44
603,60,69.81818181818181,True,9.818181818181813,ok,cvae,2,44
604,60,73.84615384615384,True,13.84615384615384,ok,cvae,2,44
605,60,76.8,True,16.799999999999997,ok,cvae,2,44
606,60,67.96460176991151,True,7.964601769911511,ok,cvae,2,44
607,60,73.84615384615384,True,13.84615384615384,ok,cvae,2,44
608,60,91.42857142857143,True,31.42857142857143,ok,cvae,2,44
609,60,76.8,True,16.799999999999997,ok,cvae,2,44
610,60,67.36842105263158,True,7.368421052631575,ok,cvae,2,44
611,60,73.84615384615384,True,13.84615384615384,ok,cvae,2,44
612,60,73.84615384615384,True,13.84615384615384,ok,cvae,2,44
613,60,67.36842105263158,True,7.368421052631575,ok,cvae,2,44
614,60,61.935483870967744,True,1.9354838709677438,ok,cvae,2,44
615,60,62.950819672131146,True,2.9508196721311464,ok,cvae,2,44
616,60,83.47826086956522,True,23.47826086956522,ok,cvae,2,44
617,60,64.0,True,4.0,ok,cvae,2,44
618,60,71.11111111111111,True,11.111111111111114,ok,cvae,2,44
619,60,65.64102564102564,True,5.641025641025635,ok,cvae,2,44
620,60,64.0,True,4.0,ok,cvae,2,44
621,60,74.5631067961165,True,14.5631067961165,ok,cvae,2,44
622,60,69.81818181818181,True,9.818181818181813,ok,cvae,2,44
623,60,66.20689655172414,True,6.206896551724142,ok,cvae,2,44
624,60,60.0,True,0.0,ok,cvae,2,44
625,60,65.08474576271186,True,5.0847457627118615,ok,cvae,2,44
626,60,64.0,True,4.0,ok,cvae,2,44
627,60,77.57575757575758,True,17.575757575757578,ok,cvae,2,44
628,60,87.27272727272727,True,27.272727272727266,ok,cvae,2,44
629,60,72.45283018867924,True,12.452830188679243,ok,cvae,2,44
630,60,73.14285714285714,True,13.142857142857139,ok,cvae,2,44
631,60,74.5631067961165,True,14.5631067961165,ok,cvae,2,44
632,60,63.47107438016529,True,3.471074380165291,ok,cvae,2,44
633,60,54.857142857142854,True,5.142857142857146,ok,cvae,2,44
634,60,61.935483870967744,True,1.9354838709677438,ok,cvae,2,44
635,60,68.57142857142857,True,8.57142857142857,ok,cvae,2,44
636,60,71.11111111111111,True,11.111111111111114,ok,cvae,2,44
637,60,75.29411764705883,True,15.294117647058826,ok,cvae,2,44
638,60,76.8,True,16.799999999999997,ok,cvae,2,44
639,60,78.36734693877551,True,18.367346938775512,ok,cvae,2,44
640,60,78.36734693877551,True,18.367346938775512,ok,cvae,2,44
641,60,73.84615384615384,True,13.84615384615384,ok,cvae,2,44
642,60,73.84615384615384,True,13.84615384615384,ok,cvae,2,44
643,60,72.45283018867924,True,12.452830188679243,ok,cvae,2,44
644,60,76.8,True,16.799999999999997,ok,cvae,2,44
645,60,66.78260869565217,True,6.782608695652172,ok,cvae,2,44
646,60,75.29411764705883,True,15.294117647058826,ok,cvae,2,44
647,60,78.36734693877551,True,18.367346938775512,ok,cvae,2,44
648,60,62.950819672131146,True,2.9508196721311464,ok,cvae,2,44
649,60,60.0,True,0.0,ok,cvae,2,44
650,60,67.36842105263158,True,7.368421052631575,ok,cvae,2,44
651,60,69.1891891891892,True,9.189189189189193,ok,cvae,2,44
652,60,68.57142857142857,True,8.57142857142857,ok,cvae,2,44
653,60,64.53781512605042,True,4.537815126050418,ok,cvae,2,44
654,60,67.96460176991151,True,7.964601769911511,ok,cvae,2,44
655,60,68.57142857142857,True,8.57142857142857,ok,cvae,2,44
656,60,68.57142857142857,True,8.57142857142857,ok,cvae,2,44
657,60,67.36842105263158,True,7.368421052631575,ok,cvae,2,44
658,60,76.8,True,16.799999999999997,ok,cvae,2,44
659,60,60.0,True,0.0,ok,cvae,2,44
660,60,66.78260869565217,True,6.782608695652172,ok,cvae,2,44
661,60,62.4390243902439,True,2.439024390243901,ok,cvae,2,44
662,60,71.11111111111111,True,11.111111111111114,ok,cvae,2,44
663,60,71.77570093457943,True,11.775700934579433,ok,cvae,2,44
664,60,73.14285714285714,True,13.142857142857139,ok,cvae,2,44
665,60,67.36842105263158,True,7.368421052631575,ok,cvae,2,44
666,60,69.81818181818181,True,9.818181818181813,ok,cvae,2,44
667,60,68.57142857142857,True,8.57142857142857,ok,cvae,2,44
668,60,60.0,True,0.0,ok,cvae,2,44
669,60,69.81818181818181,True,9.818181818181813,ok,cvae,2,44
670,60,76.8,True,16.799999999999997,ok,cvae,2,44
671,60,68.57142857142857,True,8.57142857142857,ok,cvae,2,44
672,60,65.64102564102564,True,5.641025641025635,ok,cvae,2,44
673,60,70.45871559633028,True,10.45871559633028,ok,cvae,2,44
674,60,73.84615384615384,True,13.84615384615384,ok,cvae,2,44
675,60,61.935483870967744,True,1.9354838709677438,ok,cvae,2,44
676,60,60.47244094488189,True,0.4724409448818889,ok,cvae,2,44
677,60,71.11111111111111,True,11.111111111111114,ok,cvae,2,44
678,60,91.42857142857143,True,31.42857142857143,ok,cvae,2,44
679,60,71.11111111111111,True,11.111111111111114,ok,cvae,2,44
680,60,67.96460176991151,True,7.964601769911511,ok,cvae,2,44
681,60,66.20689655172414,True,6.206896551724142,ok,cvae,2,44
682,60,68.57142857142857,True,8.57142857142857,ok,cvae,2,44
683,60,67.36842105263158,True,7.368421052631575,ok,cvae,2,44
684,60,57.3134328358209,True,2.6865671641791025,ok,cvae,2,44
685,60,65.08474576271186,True,5.0847457627118615,ok,cvae,2,44
686,60,65.64102564102564,True,5.641025641025635,ok,cvae,2,44
687,60,61.935483870967744,True,1.9354838709677438,ok,cvae,2,44
688,60,69.81818181818181,True,9.818181818181813,ok,cvae,2,44
689,60,53.333333333333336,True,6.666666666666664,ok,cvae,2,44
690,60,68.57142857142857,True,8.57142857142857,ok,cvae,2,44
691,60,76.8,True,16.799999999999997,ok,cvae,2,44
692,60,68.57142857142857,True,8.57142857142857,ok,cvae,2,44
693,60,73.84615384615384,True,13.84615384615384,ok,cvae,2,44
694,60,68.57142857142857,True,8.57142857142857,ok,cvae,2,44
695,60,77.57575757575758,True,17.575757575757578,ok,cvae,2,44
696,60,72.45283018867924,True,12.452830188679243,ok,cvae,2,44
697,60,60.0,True,0.0,ok,cvae,2,44
698,60,64.0,True,4.0,ok,cvae,2,44
699,60,61.935483870967744,True,1.9354838709677438,ok,cvae,2,44
700,60,71.11111111111111,True,11.111111111111114,ok,cvae,2,44
701,60,66.20689655172414,True,6.206896551724142,ok,cvae,2,44
702,60,67.36842105263158,True,7.368421052631575,ok,cvae,2,44
703,60,64.0,True,4.0,ok,cvae,2,44
704,60,68.57142857142857,True,8.57142857142857,ok,cvae,2,44
705,60,67.96460176991151,True,7.964601769911511,ok,cvae,2,44
706,60,65.08474576271186,True,5.0847457627118615,ok,cvae,2,44
707,60,75.29411764705883,True,15.294117647058826,ok,cvae,2,44
708,60,66.20689655172414,True,6.206896551724142,ok,cvae,2,44
709,60,80.0,True,20.0,ok,cvae,2,44
710,60,60.95238095238095,True,0.952380952380949,ok,cvae,2,44
711,60,64.0,True,4.0,ok,cvae,2,44
712,60,62.950819672131146,True,2.9508196721311464,ok,cvae,2,44
713,60,69.1891891891892,True,9.189189189189193,ok,cvae,2,44
714,60,67.36842105263158,True,7.368421052631575,ok,cvae,2,44
715,60,73.84615384615384,True,13.84615384615384,ok,cvae,2,44
716,60,73.84615384615384,True,13.84615384615384,ok,cvae,2,44
717,60,68.57142857142857,True,8.57142857142857,ok,cvae,2,44
718,60,75.29411764705883,True,15.294117647058826,ok,cvae,2,44
719,60,80.0,True,20.0,ok,cvae,2,44
720,60,67.36842105263158,True,7.368421052631575,ok,cvae,2,44
721,60,71.11111111111111,True,11.111111111111114,ok,cvae,2,44
722,60,64.0,True,4.0,ok,cvae,2,44
723,60,72.45283018867924,True,12.452830188679243,ok,cvae,2,44
724,60,71.11111111111111,True,11.111111111111114,ok,cvae,2,44
725,60,64.53781512605042,True,4.537815126050418,ok,cvae,2,44
726,60,65.08474576271186,True,5.0847457627118615,ok,cvae,2,44
727,60,120.0,True,60.0,ok,cvae,2,44
728,60,72.45283018867924,True,12.452830188679243,ok,cvae,2,44
729,60,59.07692307692308,True,0.9230769230769198,ok,cvae,2,44
730,60,80.0,True,20.0,ok,cvae,2,44
731,60,67.36842105263158,True,7.368421052631575,ok,cvae,2,44
732,60,76.8,True,16.799999999999997,ok,cvae,2,44
733,60,68.57142857142857,True,8.57142857142857,ok,cvae,2,44
734,60,61.935483870967744,True,1.9354838709677438,ok,cvae,2,44
735,60,75.29411764705883,True,15.294117647058826,ok,cvae,2,44
736,60,74.5631067961165,True,14.5631067961165,ok,cvae,2,44
737,60,73.84615384615384,True,13.84615384615384,ok,cvae,2,44
738,60,67.96460176991151,True,7.964601769911511,ok,cvae,2,44
739,60,71.11111111111111,True,11.111111111111114,ok,cvae,2,44
740,60,67.96460176991151,True,7.964601769911511,ok,cvae,2,44
741,60,69.1891891891892,True,9.189189189189193,ok,cvae,2,44
742,60,60.95238095238095,True,0.952380952380949,ok,cvae,2,44
743,60,67.36842105263158,True,7.368421052631575,ok,cvae,2,44
744,60,81.70212765957447,True,21.702127659574472,ok,cvae,2,44
745,60,66.20689655172414,True,6.206896551724142,ok,cvae,2,44
746,60,67.96460176991151,True,7.964601769911511,ok,cvae,2,44
747,60,59.07692307692308,True,0.9230769230769198,ok,cvae,2,44
748,60,68.57142857142857,True,8.57142857142857,ok,cvae,2,44
749,60,69.1891891891892,True,9.189189189189193,ok,cvae,2,44
750,60,67.36842105263158,True,7.368421052631575,ok,cvae,2,44
751,60,61.935483870967744,True,1.9354838709677438,ok,cvae,2,44
752,60,59.07692307692308,True,0.9230769230769198,ok,cvae,2,44
753,60,60.0,True,0.0,ok,cvae,2,44
754,60,67.96460176991151,True,7.964601769911511,ok,cvae,2,44
755,60,73.84615384615384,True,13.84615384615384,ok,cvae,2,44
756,60,68.57142857142857,True,8.57142857142857,ok,cvae,2,44
757,60,64.0,True,4.0,ok,cvae,2,44
758,60,68.57142857142857,True,8.57142857142857,ok,cvae,2,44
759,60,68.57142857142857,True,8.57142857142857,ok,cvae,2,44
760,60,65.08474576271186,True,5.0847457627118615,ok,cvae,2,44
761,60,71.11111111111111,True,11.111111111111114,ok,cvae,2,44
762,60,73.84615384615384,True,13.84615384615384,ok,cvae,2,44
763,60,61.935483870967744,True,1.9354838709677438,ok,cvae,2,44
764,60,73.84615384615384,True,13.84615384615384,ok,cvae,2,44
765,60,71.11111111111111,True,11.111111111111114,ok,cvae,2,44
766,60,72.45283018867924,True,12.452830188679243,ok,cvae,2,44
767,60,65.08474576271186,True,5.0847457627118615,ok,cvae,2,44
768,60,68.57142857142857,True,8.57142857142857,ok,cvae,2,44
769,60,91.42857142857143,True,31.42857142857143,ok,cvae,2,44
770,60,66.20689655172414,True,6.206896551724142,ok,cvae,2,44
771,60,68.57142857142857,True,8.57142857142857,ok,cvae,2,44
772,60,59.07692307692308,True,0.9230769230769198,ok,cvae,2,44
773,60,64.0,True,4.0,ok,cvae,2,44
774,60,62.950819672131146,True,2.9508196721311464,ok,cvae,2,44
775,60,71.77570093457943,True,11.775700934579433,ok,cvae,2,44
776,60,69.81818181818181,True,9.818181818181813,ok,cvae,2,44
777,60,59.53488372093023,True,0.46511627906976827,ok,cvae,2,44
778,60,71.77570093457943,True,11.775700934579433,ok,cvae,2,44
779,60,62.950819672131146,True,2.9508196721311464,ok,cvae,2,44
780,60,65.64102564102564,True,5.641025641025635,ok,cvae,2,44
781,60,68.57142857142857,True,8.57142857142857,ok,cvae,2,44
782,60,66.78260869565217,True,6.782608695652172,ok,cvae,2,44
783,60,68.57142857142857,True,8.57142857142857,ok,cvae,2,44
784,60,71.77570093457943,True,11.775700934579433,ok,cvae,2,44
785,60,66.20689655172414,True,6.206896551724142,ok,cvae,2,44
786,60,76.8,True,16.799999999999997,ok,cvae,2,44
787,60,66.78260869565217,True,6.782608695652172,ok,cvae,2,44
788,60,73.84615384615384,True,13.84615384615384,ok,cvae,2,44
789,60,80.0,True,20.0,ok,cvae,2,44
790,60,68.57142857142857,True,8.57142857142857,ok,cvae,2,44
791,60,65.08474576271186,True,5.0847457627118615,ok,cvae,2,44
792,60,72.45283018867924,True,12.452830188679243,ok,cvae,2,44
793,60,67.96460176991151,True,7.964601769911511,ok,cvae,2,44
794,60,83.47826086956522,True,23.47826086956522,ok,cvae,2,44
795,60,76.8,True,16.799999999999997,ok,cvae,2,44
796,60,69.81818181818181,True,9.818181818181813,ok,cvae,2,44
797,60,87.27272727272727,True,27.272727272727266,ok,cvae,2,44
798,60,67.96460176991151,True,7.964601769911511,ok,cvae,2,44
799,60,69.81818181818181,True,9.818181818181813,ok,cvae,2,44
800,60,68.57142857142857,True,8.57142857142857,ok,cvae,2,44
801,60,69.81818181818181,True,9.818181818181813,ok,cvae,2,44
802,60,76.8,True,16.799999999999997,ok,cvae,2,44
803,60,76.8,True,16.799999999999997,ok,cvae,2,44
804,60,66.20689655172414,True,6.206896551724142,ok,cvae,2,44
805,60,67.36842105263158,True,7.368421052631575,ok,cvae,2,44
806,60,72.45283018867924,True,12.452830188679243,ok,cvae,2,44
807,60,67.36842105263158,True,7.368421052631575,ok,cvae,2,44
808,60,68.57142857142857,True,8.57142857142857,ok,cvae,2,44
809,60,68.57142857142857,True,8.57142857142857,ok,cvae,2,44
810,60,66.20689655172414,True,6.206896551724142,ok,cvae,2,44
811,60,75.29411764705883,True,15.294117647058826,ok,cvae,2,44
812,60,61.935483870967744,True,1.9354838709677438,ok,cvae,2,44
813,60,112.94117647058823,True,52.94117647058823,ok,cvae,2,44
814,60,80.0,True,20.0,ok,cvae,2,44
815,60,77.57575757575758,True,17.575757575757578,ok,cvae,2,44
816,60,73.84615384615384,True,13.84615384615384,ok,cvae,2,44
817,60,76.8,True,16.799999999999997,ok,cvae,2,44
818,60,80.0,True,20.0,ok,cvae,2,44
819,60,72.45283018867924,True,12.452830188679243,ok,cvae,2,44
820,60,62.950819672131146,True,2.9508196721311464,ok,cvae,2,44
821,60,69.81818181818181,True,9.818181818181813,ok,cvae,2,44
822,60,67.36842105263158,True,7.368421052631575,ok,cvae,2,44
823,60,73.84615384615384,True,13.84615384615384,ok,cvae,2,44
824,60,68.57142857142857,True,8.57142857142857,ok,cvae,2,44
825,60,76.8,True,16.799999999999997,ok,cvae,2,44
826,60,66.78260869565217,True,6.782608695652172,ok,cvae,2,44
827,60,80.0,True,20.0,ok,cvae,2,44
828,60,62.4390243902439,True,2.439024390243901,ok,cvae,2,44
829,60,67.96460176991151,True,7.964601769911511,ok,cvae,2,44
830,60,69.81818181818181,True,9.818181818181813,ok,cvae,2,44
831,60,66.20689655172414,True,6.206896551724142,ok,cvae,2,44
832,60,72.45283018867924,True,12.452830188679243,ok,cvae,2,44
833,60,73.84615384615384,True,13.84615384615384,ok,cvae,2,44
834,60,68.57142857142857,True,8.57142857142857,ok,cvae,2,44
835,60,58.18181818181818,True,1.8181818181818201,ok,cvae,2,44
836,60,80.0,True,20.0,ok,cvae,2,44
837,60,65.64102564102564,True,5.641025641025635,ok,cvae,2,44
838,60,68.57142857142857,True,8.57142857142857,ok,cvae,2,44
839,60,71.11111111111111,True,11.111111111111114,ok,cvae,2,44
840,60,69.81818181818181,True,9.818181818181813,ok,cvae,2,44
841,60,60.95238095238095,True,0.952380952380949,ok,cvae,2,44
842,60,68.57142857142857,True,8.57142857142857,ok,cvae,2,44
843,60,65.08474576271186,True,5.0847457627118615,ok,cvae,2,44
844,60,64.0,True,4.0,ok,cvae,2,44
845,60,68.57142857142857,True,8.57142857142857,ok,cvae,2,44
846,60,72.45283018867924,True,12.452830188679243,ok,cvae,2,44
847,60,77.57575757575758,True,17.575757575757578,ok,cvae,2,44
848,60,76.8,True,16.799999999999997,ok,cvae,2,44
849,60,78.36734693877551,True,18.367346938775512,ok,cvae,2,44
850,60,71.11111111111111,True,11.111111111111114,ok,cvae,2,44
851,60,80.0,True,20.0,ok,cvae,2,44
852,60,68.57142857142857,True,8.57142857142857,ok,cvae,2,44
853,60,71.11111111111111,True,11.111111111111114,ok,cvae,2,44
854,60,61.935483870967744,True,1.9354838709677438,ok,cvae,2,44
855,60,78.36734693877551,True,18.367346938775512,ok,cvae,2,44
856,60,76.8,True,16.799999999999997,ok,cvae,2,44
857,60,68.57142857142857,True,8.57142857142857,ok,cvae,2,44
858,60,78.36734693877551,True,18.367346938775512,ok,cvae,2,44
859,60,60.0,True,0.0,ok,cvae,2,44
860,60,50.526315789473685,True,9.473684210526315,ok,cvae,2,44
861,60,72.45283018867924,True,12.452830188679243,ok,cvae,2,44
862,60,68.57142857142857,True,8.57142857142857,ok,cvae,2,44
863,60,68.57142857142857,True,8.57142857142857,ok,cvae,2,44
864,60,67.36842105263158,True,7.368421052631575,ok,cvae,2,44
865,60,73.84615384615384,True,13.84615384615384,ok,cvae,2,44
866,60,61.935483870967744,True,1.9354838709677438,ok,cvae,2,44
867,60,68.57142857142857,True,8.57142857142857,ok,cvae,2,44
868,60,67.36842105263158,True,7.368421052631575,ok,cvae,2,44
869,60,72.45283018867924,True,12.452830188679243,ok,cvae,2,44
870,60,78.36734693877551,True,18.367346938775512,ok,cvae,2,44
871,60,60.0,True,0.0,ok,cvae,2,44
872,60,63.47107438016529,True,3.471074380165291,ok,cvae,2,44
873,60,71.11111111111111,True,11.111111111111114,ok,cvae,2,44
874,60,71.11111111111111,True,11.111111111111114,ok,cvae,2,44
875,60,72.45283018867924,True,12.452830188679243,ok,cvae,2,44
876,60,72.45283018867924,True,12.452830188679243,ok,cvae,2,44
877,60,83.47826086956522,True,23.47826086956522,ok,cvae,2,44
878,60,73.84615384615384,True,13.84615384615384,ok,cvae,2,44
879,60,63.47107438016529,True,3.471074380165291,ok,cvae,2,44
880,60,63.47107438016529,True,3.471074380165291,ok,cvae,2,44
881,60,66.20689655172414,True,6.206896551724142,ok,cvae,2,44
882,60,66.20689655172414,True,6.206896551724142,ok,cvae,2,44
883,60,84.3956043956044,True,24.395604395604394,ok,cvae,2,44
884,60,71.11111111111111,True,11.111111111111114,ok,cvae,2,44
885,60,65.08474576271186,True,5.0847457627118615,ok,cvae,2,44
886,60,68.57142857142857,True,8.57142857142857,ok,cvae,2,44
887,60,71.11111111111111,True,11.111111111111114,ok,cvae,2,44
888,60,79.17525773195877,True,19.175257731958766,ok,cvae,2,44
889,60,58.18181818181818,True,1.8181818181818201,ok,cvae,2,44
890,60,66.20689655172414,True,6.206896551724142,ok,cvae,2,44
891,60,68.57142857142857,True,8.57142857142857,ok,cvae,2,44
892,60,73.84615384615384,True,13.84615384615384,ok,cvae,2,44
893,60,59.07692307692308,True,0.9230769230769198,ok,cvae,2,44
894,60,71.11111111111111,True,11.111111111111114,ok,cvae,2,44
895,60,93.65853658536585,True,33.65853658536585,ok,cvae,2,44
896,60,66.78260869565217,True,6.782608695652172,ok,cvae,2,44
897,60,75.29411764705883,True,15.294117647058826,ok,cvae,2,44
898,60,67.36842105263158,True,7.368421052631575,ok,cvae,2,44
899,60,68.57142857142857,True,8.57142857142857,ok,cvae,2,44
900,60,57.3134328358209,True,2.6865671641791025,ok,cvae,2,44
901,60,70.45871559633028,True,10.45871559633028,ok,cvae,2,44
902,60,69.81818181818181,True,9.818181818181813,ok,cvae,2,44
903,60,73.84615384615384,True,13.84615384615384,ok,cvae,2,44
904,60,72.45283018867924,True,12.452830188679243,ok,cvae,2,44
905,60,58.18181818181818,True,1.8181818181818201,ok,cvae,2,44
906,60,96.0,True,36.0,ok,cvae,2,44
907,60,80.0,True,20.0,ok,cvae,2,44
908,60,73.84615384615384,True,13.84615384615384,ok,cvae,2,44
909,60,63.47107438016529,True,3.471074380165291,ok,cvae,2,44
910,60,60.95238095238095,True,0.952380952380949,ok,cvae,2,44
911,60,60.95238095238095,True,0.952380952380949,ok,cvae,2,44
912,60,73.84615384615384,True,13.84615384615384,ok,cvae,2,44
913,60,69.81818181818181,True,9.818181818181813,ok,cvae,2,44
914,60,67.36842105263158,True,7.368421052631575,ok,cvae,2,44
915,60,76.8,True,16.799999999999997,ok,cvae,2,44
916,60,63.47107438016529,True,3.471074380165291,ok,cvae,2,44
917,60,71.11111111111111,True,11.111111111111114,ok,cvae,2,44
918,60,65.08474576271186,True,5.0847457627118615,ok,cvae,2,44
919,60,64.0,True,4.0,ok,cvae,2,44
920,60,76.8,True,16.799999999999997,ok,cvae,2,44
921,60,58.62595419847328,True,1.3740458015267194,ok,cvae,2,44
922,60,68.57142857142857,True,8.57142857142857,ok,cvae,2,44
923,60,57.3134328358209,True,2.6865671641791025,ok,cvae,2,44
924,60,58.18181818181818,True,1.8181818181818201,ok,cvae,2,44
925,60,83.47826086956522,True,23.47826086956522,ok,cvae,2,44
926,60,62.4390243902439,True,2.439024390243901,ok,cvae,2,44
927,60,76.8,True,16.799999999999997,ok,cvae,2,44
928,60,69.81818181818181,True,9.818181818181813,ok,cvae,2,44
929,60,91.42857142857143,True,31.42857142857143,ok,cvae,2,44
930,60,68.57142857142857,True,8.57142857142857,ok,cvae,2,44
931,60,72.45283018867924,True,12.452830188679243,ok,cvae,2,44
932,60,75.29411764705883,True,15.294117647058826,ok,cvae,2,44
933,60,68.57142857142857,True,8.57142857142857,ok,cvae,2,44
934,60,72.45283018867924,True,12.452830188679243,ok,cvae,2,44
935,60,71.11111111111111,True,11.111111111111114,ok,cvae,2,44
936,60,73.84615384615384,True,13.84615384615384,ok,cvae,2,44
937,60,80.0,True,20.0,ok,cvae,2,44
938,60,73.84615384615384,True,13.84615384615384,ok,cvae,2,44
939,60,71.11111111111111,True,11.111111111111114,ok,cvae,2,44
940,60,68.57142857142857,True,8.57142857142857,ok,cvae,2,44
941,60,77.57575757575758,True,17.575757575757578,ok,cvae,2,44
942,60,76.03960396039604,True,16.039603960396036,ok,cvae,2,44
943,60,68.57142857142857,True,8.57142857142857,ok,cvae,2,44
944,60,75.29411764705883,True,15.294117647058826,ok,cvae,2,44
945,60,68.57142857142857,True,8.57142857142857,ok,cvae,2,44
946,60,78.36734693877551,True,18.367346938775512,ok,cvae,2,44
947,60,69.81818181818181,True,9.818181818181813,ok,cvae,2,44
948,60,73.84615384615384,True,13.84615384615384,ok,cvae,2,44
949,60,69.81818181818181,True,9.818181818181813,ok,cvae,2,44
950,60,87.27272727272727,True,27.272727272727266,ok,cvae,2,44
951,60,73.84615384615384,True,13.84615384615384,ok,cvae,2,44
952,60,67.96460176991151,True,7.964601769911511,ok,cvae,2,44
953,60,80.0,True,20.0,ok,cvae,2,44
954,60,66.20689655172414,True,6.206896551724142,ok,cvae,2,44
955,60,69.81818181818181,True,9.818181818181813,ok,cvae,2,44
956,60,83.47826086956522,True,23.47826086956522,ok,cvae,2,44
957,60,68.57142857142857,True,8.57142857142857,ok,cvae,2,44
958,60,69.81818181818181,True,9.818181818181813,ok,cvae,2,44
959,60,67.36842105263158,True,7.368421052631575,ok,cvae,2,44
960,60,68.57142857142857,True,8.57142857142857,ok,cvae,2,44
961,60,67.96460176991151,True,7.964601769911511,ok,cvae,2,44
962,60,74.5631067961165,True,14.5631067961165,ok,cvae,2,44
963,60,60.0,True,0.0,ok,cvae,2,44
964,60,71.11111111111111,True,11.111111111111114,ok,cvae,2,44
965,60,64.0,True,4.0,ok,cvae,2,44
966,60,66.20689655172414,True,6.206896551724142,ok,cvae,2,44
967,60,72.45283018867924,True,12.452830188679243,ok,cvae,2,44
968,60,80.0,True,20.0,ok,cvae,2,44
969,60,78.36734693877551,True,18.367346938775512,ok,cvae,2,44
970,60,65.08474576271186,True,5.0847457627118615,ok,cvae,2,44
971,60,76.8,True,16.799999999999997,ok,cvae,2,44
972,60,71.11111111111111,True,11.111111111111114,ok,cvae,2,44
973,60,48.301886792452834,True,11.698113207547166,ok,cvae,2,44
974,60,71.11111111111111,True,11.111111111111114,ok,cvae,2,44
975,60,73.84615384615384,True,13.84615384615384,ok,cvae,2,44
976,60,73.84615384615384,True,13.84615384615384,ok,cvae,2,44
977,60,66.20689655172414,True,6.206896551724142,ok,cvae,2,44
978,60,61.935483870967744,True,1.9354838709677438,ok,cvae,2,44
979,60,60.0,True,0.0,ok,cvae,2,44
980,60,68.57142857142857,True,8.57142857142857,ok,cvae,2,44
981,60,80.84210526315789,True,20.84210526315789,ok,cvae,2,44
982,60,60.0,True,0.0,ok,cvae,2,44
983,60,68.57142857142857,True,8.57142857142857,ok,cvae,2,44
984,60,76.8,True,16.799999999999997,ok,cvae,2,44
985,60,74.5631067961165,True,14.5631067961165,ok,cvae,2,44
986,60,69.81818181818181,True,9.818181818181813,ok,cvae,2,44
987,60,60.95238095238095,True,0.952380952380949,ok,cvae,2,44
988,60,69.1891891891892,True,9.189189189189193,ok,cvae,2,44
989,60,75.29411764705883,True,15.294117647058826,ok,cvae,2,44
990,60,80.0,True,20.0,ok,cvae,2,44
991,60,73.14285714285714,True,13.142857142857139,ok,cvae,2,44
992,60,67.36842105263158,True,7.368421052631575,ok,cvae,2,44
993,60,77.57575757575758,True,17.575757575757578,ok,cvae,2,44
994,60,76.8,True,16.799999999999997,ok,cvae,2,44
995,60,67.96460176991151,True,7.964601769911511,ok,cvae,2,44
996,60,62.4390243902439,True,2.439024390243901,ok,cvae,2,44
997,60,71.11111111111111,True,11.111111111111114,ok,cvae,2,44
998,60,69.1891891891892,True,9.189189189189193,ok,cvae,2,44
999,60,80.0,True,20.0,ok,cvae,2,44
0,80,60.0,True,20.0,ok,cvae,2,44
1,80,65.08474576271186,True,14.915254237288138,ok,cvae,2,44
2,80,62.950819672131146,True,17.049180327868854,ok,cvae,2,44
3,80,78.36734693877551,True,1.632653061224488,ok,cvae,2,44
4,80,76.8,True,3.200000000000003,ok,cvae,2,44
5,80,73.84615384615384,True,6.15384615384616,ok,cvae,2,44
6,80,67.36842105263158,True,12.631578947368425,ok,cvae,2,44
7,80,71.11111111111111,True,8.888888888888886,ok,cvae,2,44
8,80,71.11111111111111,True,8.888888888888886,ok,cvae,2,44
9,80,77.57575757575758,True,2.424242424242422,ok,cvae,2,44
10,80,73.84615384615384,True,6.15384615384616,ok,cvae,2,44
11,80,76.8,True,3.200000000000003,ok,cvae,2,44
12,80,69.81818181818181,True,10.181818181818187,ok,cvae,2,44
13,80,78.36734693877551,True,1.632653061224488,ok,cvae,2,44
14,80,61.935483870967744,True,18.064516129032256,ok,cvae,2,44
15,80,66.20689655172414,True,13.793103448275858,ok,cvae,2,44
16,80,71.11111111111111,True,8.888888888888886,ok,cvae,2,44
17,80,78.36734693877551,True,1.632653061224488,ok,cvae,2,44
18,80,68.57142857142857,True,11.42857142857143,ok,cvae,2,44
19,80,69.81818181818181,True,10.181818181818187,ok,cvae,2,44
20,80,68.57142857142857,True,11.42857142857143,ok,cvae,2,44
21,80,61.935483870967744,True,18.064516129032256,ok,cvae,2,44
22,80,62.950819672131146,True,17.049180327868854,ok,cvae,2,44
23,80,70.45871559633028,True,9.54128440366972,ok,cvae,2,44
24,80,72.45283018867924,True,7.547169811320757,ok,cvae,2,44
25,80,61.935483870967744,True,18.064516129032256,ok,cvae,2,44
26,80,71.11111111111111,True,8.888888888888886,ok,cvae,2,44
27,80,76.8,True,3.200000000000003,ok,cvae,2,44
28,80,66.20689655172414,True,13.793103448275858,ok,cvae,2,44
29,80,60.0,True,20.0,ok,cvae,2,44
30,80,69.81818181818181,True,10.181818181818187,ok,cvae,2,44
31,80,66.20689655172414,True,13.793103448275858,ok,cvae,2,44
32,80,68.57142857142857,True,11.42857142857143,ok,cvae,2,44
33,80,73.84615384615384,True,6.15384615384616,ok,cvae,2,44
34,80,65.08474576271186,True,14.915254237288138,ok,cvae,2,44
35,80,64.0,True,16.0,ok,cvae,2,44
36,80,52.602739726027394,True,27.397260273972606,ok,cvae,2,44
37,80,66.20689655172414,True,13.793103448275858,ok,cvae,2,44
38,80,72.45283018867924,True,7.547169811320757,ok,cvae,2,44
39,80,72.45283018867924,True,7.547169811320757,ok,cvae,2,44
40,80,63.47107438016529,True,16.52892561983471,ok,cvae,2,44
41,80,75.29411764705883,True,4.705882352941174,ok,cvae,2,44
42,80,73.84615384615384,True,6.15384615384616,ok,cvae,2,44
43,80,64.0,True,16.0,ok,cvae,2,44
44,80,44.651162790697676,True,35.348837209302324,ok,cvae,2,44
45,80,61.935483870967744,True,18.064516129032256,ok,cvae,2,44
46,80,51.2,True,28.799999999999997,ok,cvae,2,44
47,80,58.18181818181818,True,21.81818181818182,ok,cvae,2,44
48,80,78.36734693877551,True,1.632653061224488,ok,cvae,2,44
49,80,71.11111111111111,True,8.888888888888886,ok,cvae,2,44
50,80,73.84615384615384,True,6.15384615384616,ok,cvae,2,44
51,80,80.0,True,0.0,ok,cvae,2,44
52,80,68.57142857142857,True,11.42857142857143,ok,cvae,2,44
53,80,80.0,True,0.0,ok,cvae,2,44
54,80,60.0,True,20.0,ok,cvae,2,44
55,80,60.0,True,20.0,ok,cvae,2,44
56,80,73.84615384615384,True,6.15384615384616,ok,cvae,2,44
57,80,64.0,True,16.0,ok,cvae,2,44
58,80,80.0,True,0.0,ok,cvae,2,44
59,80,71.11111111111111,True,8.888888888888886,ok,cvae,2,44
60,80,76.8,True,3.200000000000003,ok,cvae,2,44
61,80,72.45283018867924,True,7.547169811320757,ok,cvae,2,44
62,80,61.935483870967744,True,18.064516129032256,ok,cvae,2,44
63,80,58.18181818181818,True,21.81818181818182,ok,cvae,2,44
64,80,71.77570093457943,True,8.224299065420567,ok,cvae,2,44
65,80,66.20689655172414,True,13.793103448275858,ok,cvae,2,44
66,80,73.84615384615384,True,6.15384615384616,ok,cvae,2,44
67,80,69.81818181818181,True,10.181818181818187,ok,cvae,2,44
68,80,61.935483870967744,True,18.064516129032256,ok,cvae,2,44
69,80,66.20689655172414,True,13.793103448275858,ok,cvae,2,44
70,80,78.36734693877551,True,1.632653061224488,ok,cvae,2,44
71,80,76.8,True,3.200000000000003,ok,cvae,2,44
72,80,71.77570093457943,True,8.224299065420567,ok,cvae,2,44
73,80,73.84615384615384,True,6.15384615384616,ok,cvae,2,44
74,80,56.470588235294116,True,23.529411764705884,ok,cvae,2,44
75,80,57.3134328358209,True,22.686567164179102,ok,cvae,2,44
76,80,59.07692307692308,True,20.92307692307692,ok,cvae,2,44
77,80,68.57142857142857,True,11.42857142857143,ok,cvae,2,44
78,80,80.0,True,0.0,ok,cvae,2,44
79,80,67.36842105263158,True,12.631578947368425,ok,cvae,2,44
80,80,60.0,True,20.0,ok,cvae,2,44
81,80,75.29411764705883,True,4.705882352941174,ok,cvae,2,44
82,80,65.08474576271186,True,14.915254237288138,ok,cvae,2,44
83,80,73.84615384615384,True,6.15384615384616,ok,cvae,2,44
84,80,73.84615384615384,True,6.15384615384616,ok,cvae,2,44
85,80,77.57575757575758,True,2.424242424242422,ok,cvae,2,44
86,80,78.36734693877551,True,1.632653061224488,ok,cvae,2,44
87,80,64.0,True,16.0,ok,cvae,2,44
88,80,76.8,True,3.200000000000003,ok,cvae,2,44
89,80,69.81818181818181,True,10.181818181818187,ok,cvae,2,44
90,80,66.20689655172414,True,13.793103448275858,ok,cvae,2,44
91,80,80.0,True,0.0,ok,cvae,2,44
92,80,61.935483870967744,True,18.064516129032256,ok,cvae,2,44
93,80,75.29411764705883,True,4.705882352941174,ok,cvae,2,44
94,80,68.57142857142857,True,11.42857142857143,ok,cvae,2,44
95,80,68.57142857142857,True,11.42857142857143,ok,cvae,2,44
96,80,76.8,True,3.200000000000003,ok,cvae,2,44
97,80,76.03960396039604,True,3.960396039603964,ok,cvae,2,44
98,80,57.3134328358209,True,22.686567164179102,ok,cvae,2,44
99,80,78.36734693877551,True,1.632653061224488,ok,cvae,2,44
100,80,66.20689655172414,True,13.793103448275858,ok,cvae,2,44
101,80,79.17525773195877,True,0.8247422680412342,ok,cvae,2,44
102,80,80.0,True,0.0,ok,cvae,2,44
103,80,64.0,True,16.0,ok,cvae,2,44
104,80,64.0,True,16.0,ok,cvae,2,44
105,80,61.935483870967744,True,18.064516129032256,ok,cvae,2,44
106,80,64.0,True,16.0,ok,cvae,2,44
107,80,66.20689655172414,True,13.793103448275858,ok,cvae,2,44
108,80,68.57142857142857,True,11.42857142857143,ok,cvae,2,44
109,80,68.57142857142857,True,11.42857142857143,ok,cvae,2,44
110,80,76.8,True,3.200000000000003,ok,cvae,2,44
111,80,77.57575757575758,True,2.424242424242422,ok,cvae,2,44
112,80,73.84615384615384,True,6.15384615384616,ok,cvae,2,44
113,80,64.0,True,16.0,ok,cvae,2,44
114,80,80.0,True,0.0,ok,cvae,2,44
115,80,85.33333333333333,True,5.333333333333329,ok,cvae,2,44
116,80,75.29411764705883,True,4.705882352941174,ok,cvae,2,44
117,80,58.18181818181818,True,21.81818181818182,ok,cvae,2,44
118,80,71.11111111111111,True,8.888888888888886,ok,cvae,2,44
119,80,68.57142857142857,True,11.42857142857143,ok,cvae,2,44
120,80,73.84615384615384,True,6.15384615384616,ok,cvae,2,44
121,80,63.47107438016529,True,16.52892561983471,ok,cvae,2,44
122,80,65.08474576271186,True,14.915254237288138,ok,cvae,2,44
123,80,68.57142857142857,True,11.42857142857143,ok,cvae,2,44
124,80,69.81818181818181,True,10.181818181818187,ok,cvae,2,44
125,80,60.95238095238095,True,19.04761904761905,ok,cvae,2,44
126,80,64.0,True,16.0,ok,cvae,2,44
127,80,73.84615384615384,True,6.15384615384616,ok,cvae,2,44
128,80,64.0,True,16.0,ok,cvae,2,44
129,80,75.29411764705883,True,4.705882352941174,ok,cvae,2,44
130,80,71.11111111111111,True,8.888888888888886,ok,cvae,2,44
131,80,68.57142857142857,True,11.42857142857143,ok,cvae,2,44
132,80,69.1891891891892,True,10.810810810810807,ok,cvae,2,44
133,80,69.1891891891892,True,10.810810810810807,ok,cvae,2,44
134,80,60.0,True,20.0,ok,cvae,2,44
135,80,72.45283018867924,True,7.547169811320757,ok,cvae,2,44
136,80,69.81818181818181,True,10.181818181818187,ok,cvae,2,44
137,80,69.81818181818181,True,10.181818181818187,ok,cvae,2,44
138,80,75.29411764705883,True,4.705882352941174,ok,cvae,2,44
139,80,61.935483870967744,True,18.064516129032256,ok,cvae,2,44
140,80,74.5631067961165,True,5.4368932038835,ok,cvae,2,44
141,80,76.8,True,3.200000000000003,ok,cvae,2,44
142,80,69.1891891891892,True,10.810810810810807,ok,cvae,2,44
143,80,68.57142857142857,True,11.42857142857143,ok,cvae,2,44
144,80,49.23076923076923,True,30.769230769230766,ok,cvae,2,44
145,80,64.0,True,16.0,ok,cvae,2,44
146,80,68.57142857142857,True,11.42857142857143,ok,cvae,2,44
147,80,73.84615384615384,True,6.15384615384616,ok,cvae,2,44
148,80,60.0,True,20.0,ok,cvae,2,44
149,80,48.607594936708864,True,31.392405063291136,ok,cvae,2,44
150,80,68.57142857142857,True,11.42857142857143,ok,cvae,2,44
151,80,64.0,True,16.0,ok,cvae,2,44
152,80,68.57142857142857,True,11.42857142857143,ok,cvae,2,44
153,80,54.857142857142854,True,25.142857142857146,ok,cvae,2,44
154,80,60.0,True,20.0,ok,cvae,2,44
155,80,60.0,True,20.0,ok,cvae,2,44
156,80,76.8,True,3.200000000000003,ok,cvae,2,44
157,80,76.8,True,3.200000000000003,ok,cvae,2,44
158,80,71.11111111111111,True,8.888888888888886,ok,cvae,2,44
159,80,67.96460176991151,True,12.03539823008849,ok,cvae,2,44
160,80,69.81818181818181,True,10.181818181818187,ok,cvae,2,44
161,80,68.57142857142857,True,11.42857142857143,ok,cvae,2,44
162,80,69.81818181818181,True,10.181818181818187,ok,cvae,2,44
163,80,80.0,True,0.0,ok,cvae,2,44
164,80,68.57142857142857,True,11.42857142857143,ok,cvae,2,44
165,80,76.03960396039604,True,3.960396039603964,ok,cvae,2,44
166,80,75.29411764705883,True,4.705882352941174,ok,cvae,2,44
167,80,60.95238095238095,True,19.04761904761905,ok,cvae,2,44
168,80,60.95238095238095,True,19.04761904761905,ok,cvae,2,44
169,80,64.0,True,16.0,ok,cvae,2,44
170,80,71.11111111111111,True,8.888888888888886,ok,cvae,2,44
171,80,62.950819672131146,True,17.049180327868854,ok,cvae,2,44
172,80,64.0,True,16.0,ok,cvae,2,44
173,80,80.0,True,0.0,ok,cvae,2,44
174,80,68.57142857142857,True,11.42857142857143,ok,cvae,2,44
175,80,71.11111111111111,True,8.888888888888886,ok,cvae,2,44
176,80,54.857142857142854,True,25.142857142857146,ok,cvae,2,44
177,80,65.08474576271186,True,14.915254237288138,ok,cvae,2,44
178,80,54.857142857142854,True,25.142857142857146,ok,cvae,2,44
179,80,64.0,True,16.0,ok,cvae,2,44
180,80,71.11111111111111,True,8.888888888888886,ok,cvae,2,44
181,80,75.29411764705883,True,4.705882352941174,ok,cvae,2,44
182,80,69.81818181818181,True,10.181818181818187,ok,cvae,2,44
183,80,68.57142857142857,True,11.42857142857143,ok,cvae,2,44
184,80,67.96460176991151,True,12.03539823008849,ok,cvae,2,44
185,80,73.84615384615384,True,6.15384615384616,ok,cvae,2,44
186,80,68.57142857142857,True,11.42857142857143,ok,cvae,2,44
187,80,71.11111111111111,True,8.888888888888886,ok,cvae,2,44
188,80,71.11111111111111,True,8.888888888888886,ok,cvae,2,44
189,80,59.07692307692308,True,20.92307692307692,ok,cvae,2,44
190,80,72.45283018867924,True,7.547169811320757,ok,cvae,2,44
191,80,69.1891891891892,True,10.810810810810807,ok,cvae,2,44
192,80,77.57575757575758,True,2.424242424242422,ok,cvae,2,44
193,80,69.1891891891892,True,10.810810810810807,ok,cvae,2,44
194,80,68.57142857142857,True,11.42857142857143,ok,cvae,2,44
195,80,76.8,True,3.200000000000003,ok,cvae,2,44
196,80,64.0,True,16.0,ok,cvae,2,44
197,80,69.81818181818181,True,10.181818181818187,ok,cvae,2,44
198,80,58.18181818181818,True,21.81818181818182,ok,cvae,2,44
199,80,71.11111111111111,True,8.888888888888886,ok,cvae,2,44
200,80,73.14285714285714,True,6.857142857142861,ok,cvae,2,44
201,80,55.65217391304348,True,24.347826086956523,ok,cvae,2,44
202,80,58.18181818181818,True,21.81818181818182,ok,cvae,2,44
203,80,78.36734693877551,True,1.632653061224488,ok,cvae,2,44
204,80,64.0,True,16.0,ok,cvae,2,44
205,80,60.95238095238095,True,19.04761904761905,ok,cvae,2,44
206,80,68.57142857142857,True,11.42857142857143,ok,cvae,2,44
207,80,67.36842105263158,True,12.631578947368425,ok,cvae,2,44
208,80,72.45283018867924,True,7.547169811320757,ok,cvae,2,44
209,80,65.08474576271186,True,14.915254237288138,ok,cvae,2,44
210,80,62.950819672131146,True,17.049180327868854,ok,cvae,2,44
211,80,68.57142857142857,True,11.42857142857143,ok,cvae,2,44
212,80,73.84615384615384,True,6.15384615384616,ok,cvae,2,44
213,80,73.84615384615384,True,6.15384615384616,ok,cvae,2,44
214,80,73.84615384615384,True,6.15384615384616,ok,cvae,2,44
215,80,66.20689655172414,True,13.793103448275858,ok,cvae,2,44
216,80,67.36842105263158,True,12.631578947368425,ok,cvae,2,44
217,80,78.36734693877551,True,1.632653061224488,ok,cvae,2,44
218,80,64.0,True,16.0,ok,cvae,2,44
219,80,73.84615384615384,True,6.15384615384616,ok,cvae,2,44
220,80,73.84615384615384,True,6.15384615384616,ok,cvae,2,44
221,80,64.0,True,16.0,ok,cvae,2,44
222,80,76.8,True,3.200000000000003,ok,cvae,2,44
223,80,62.950819672131146,True,17.049180327868854,ok,cvae,2,44
224,80,76.8,True,3.200000000000003,ok,cvae,2,44
225,80,64.0,True,16.0,ok,cvae,2,44
226,80,61.935483870967744,True,18.064516129032256,ok,cvae,2,44
227,80,64.0,True,16.0,ok,cvae,2,44
228,80,61.935483870967744,True,18.064516129032256,ok,cvae,2,44
229,80,68.57142857142857,True,11.42857142857143,ok,cvae,2,44
230,80,66.78260869565217,True,13.217391304347828,ok,cvae,2,44
231,80,73.84615384615384,True,6.15384615384616,ok,cvae,2,44
232,80,68.57142857142857,True,11.42857142857143,ok,cvae,2,44
233,80,66.20689655172414,True,13.793103448275858,ok,cvae,2,44
234,80,74.5631067961165,True,5.4368932038835,ok,cvae,2,44
235,80,68.57142857142857,True,11.42857142857143,ok,cvae,2,44
236,80,68.57142857142857,True,11.42857142857143,ok,cvae,2,44
237,80,60.0,True,20.0,ok,cvae,2,44
238,80,73.84615384615384,True,6.15384615384616,ok,cvae,2,44
239,80,66.20689655172414,True,13.793103448275858,ok,cvae,2,44
240,80,73.14285714285714,True,6.857142857142861,ok,cvae,2,44
241,80,67.36842105263158,True,12.631578947368425,ok,cvae,2,44
242,80,64.0,True,16.0,ok,cvae,2,44
243,80,72.45283018867924,True,7.547169811320757,ok,cvae,2,44
244,80,80.0,True,0.0,ok,cvae,2,44
245,80,64.0,True,16.0,ok,cvae,2,44
246,80,61.935483870967744,True,18.064516129032256,ok,cvae,2,44
247,80,65.08474576271186,True,14.915254237288138,ok,cvae,2,44
248,80,76.8,True,3.200000000000003,ok,cvae,2,44
249,80,73.84615384615384,True,6.15384615384616,ok,cvae,2,44
250,80,66.20689655172414,True,13.793103448275858,ok,cvae,2,44
251,80,67.36842105263158,True,12.631578947368425,ok,cvae,2,44
252,80,68.57142857142857,True,11.42857142857143,ok,cvae,2,44
253,80,75.29411764705883,True,4.705882352941174,ok,cvae,2,44
254,80,61.935483870967744,True,18.064516129032256,ok,cvae,2,44
255,80,72.45283018867924,True,7.547169811320757,ok,cvae,2,44
256,80,67.36842105263158,True,12.631578947368425,ok,cvae,2,44
257,80,72.45283018867924,True,7.547169811320757,ok,cvae,2,44
258,80,64.0,True,16.0,ok,cvae,2,44
259,80,66.20689655172414,True,13.793103448275858,ok,cvae,2,44
260,80,72.45283018867924,True,7.547169811320757,ok,cvae,2,44
261,80,69.81818181818181,True,10.181818181818187,ok,cvae,2,44
262,80,64.0,True,16.0,ok,cvae,2,44
263,80,66.20689655172414,True,13.793103448275858,ok,cvae,2,44
264,80,60.95238095238095,True,19.04761904761905,ok,cvae,2,44
265,80,70.45871559633028,True,9.54128440366972,ok,cvae,2,44
266,80,73.84615384615384,True,6.15384615384616,ok,cvae,2,44
267,80,67.36842105263158,True,12.631578947368425,ok,cvae,2,44
268,80,76.8,True,3.200000000000003,ok,cvae,2,44
269,80,64.0,True,16.0,ok,cvae,2,44
270,80,58.18181818181818,True,21.81818181818182,ok,cvae,2,44
271,80,75.29411764705883,True,4.705882352941174,ok,cvae,2,44
272,80,75.29411764705883,True,4.705882352941174,ok,cvae,2,44
273,80,76.8,True,3.200000000000003,ok,cvae,2,44
274,80,72.45283018867924,True,7.547169811320757,ok,cvae,2,44
275,80,74.5631067961165,True,5.4368932038835,ok,cvae,2,44
276,80,54.857142857142854,True,25.142857142857146,ok,cvae,2,44
277,80,73.84615384615384,True,6.15384615384616,ok,cvae,2,44
278,80,73.84615384615384,True,6.15384615384616,ok,cvae,2,44
279,80,66.20689655172414,True,13.793103448275858,ok,cvae,2,44
280,80,69.81818181818181,True,10.181818181818187,ok,cvae,2,44
281,80,75.29411764705883,True,4.705882352941174,ok,cvae,2,44
282,80,75.29411764705883,True,4.705882352941174,ok,cvae,2,44
283,80,64.0,True,16.0,ok,cvae,2,44
284,80,60.95238095238095,True,19.04761904761905,ok,cvae,2,44
285,80,67.36842105263158,True,12.631578947368425,ok,cvae,2,44
286,80,71.11111111111111,True,8.888888888888886,ok,cvae,2,44
287,80,73.84615384615384,True,6.15384615384616,ok,cvae,2,44
288,80,67.36842105263158,True,12.631578947368425,ok,cvae,2,44
289,80,67.36842105263158,True,12.631578947368425,ok,cvae,2,44
290,80,65.64102564102564,True,14.358974358974365,ok,cvae,2,44
291,80,71.11111111111111,True,8.888888888888886,ok,cvae,2,44
292,80,71.11111111111111,True,8.888888888888886,ok,cvae,2,44
293,80,75.29411764705883,True,4.705882352941174,ok,cvae,2,44
294,80,72.45283018867924,True,7.547169811320757,ok,cvae,2,44
295,80,64.0,True,16.0,ok,cvae,2,44
296,80,72.45283018867924,True,7.547169811320757,ok,cvae,2,44
297,80,45.1764705882353,True,34.8235294117647,ok,cvae,2,44
298,80,60.47244094488189,True,19.52755905511811,ok,cvae,2,44
299,80,77.57575757575758,True,2.424242424242422,ok,cvae,2,44
300,80,73.84615384615384,True,6.15384615384616,ok,cvae,2,44
301,80,71.11111111111111,True,8.888888888888886,ok,cvae,2,44
302,80,71.11111111111111,True,8.888888888888886,ok,cvae,2,44
303,80,61.44,True,18.560000000000002,ok,cvae,2,44
304,80,76.8,True,3.200000000000003,ok,cvae,2,44
305,80,69.81818181818181,True,10.181818181818187,ok,cvae,2,44
306,80,71.11111111111111,True,8.888888888888886,ok,cvae,2,44
307,80,81.70212765957447,True,1.7021276595744723,ok,cvae,2,44
308,80,75.29411764705883,True,4.705882352941174,ok,cvae,2,44
309,80,73.84615384615384,True,6.15384615384616,ok,cvae,2,44
310,80,64.0,True,16.0,ok,cvae,2,44
311,80,68.57142857142857,True,11.42857142857143,ok,cvae,2,44
312,80,69.81818181818181,True,10.181818181818187,ok,cvae,2,44
313,80,68.57142857142857,True,11.42857142857143,ok,cvae,2,44
314,80,66.20689655172414,True,13.793103448275858,ok,cvae,2,44
315,80,69.81818181818181,True,10.181818181818187,ok,cvae,2,44
316,80,72.45283018867924,True,7.547169811320757,ok,cvae,2,44
317,80,66.20689655172414,True,13.793103448275858,ok,cvae,2,44
318,80,73.84615384615384,True,6.15384615384616,ok,cvae,2,44
319,80,76.8,True,3.200000000000003,ok,cvae,2,44
320,80,71.11111111111111,True,8.888888888888886,ok,cvae,2,44
321,80,66.20689655172414,True,13.793103448275858,ok,cvae,2,44
322,80,61.935483870967744,True,18.064516129032256,ok,cvae,2,44
323,80,61.935483870967744,True,18.064516129032256,ok,cvae,2,44
324,80,61.935483870967744,True,18.064516129032256,ok,cvae,2,44
325,80,67.36842105263158,True,12.631578947368425,ok,cvae,2,44
326,80,76.03960396039604,True,3.960396039603964,ok,cvae,2,44
327,80,71.11111111111111,True,8.888888888888886,ok,cvae,2,44
328,80,75.29411764705883,True,4.705882352941174,ok,cvae,2,44
329,80,71.11111111111111,True,8.888888888888886,ok,cvae,2,44
330,80,75.29411764705883,True,4.705882352941174,ok,cvae,2,44
331,80,69.81818181818181,True,10.181818181818187,ok,cvae,2,44
332,80,65.08474576271186,True,14.915254237288138,ok,cvae,2,44
333,80,68.57142857142857,True,11.42857142857143,ok,cvae,2,44
334,80,75.29411764705883,True,4.705882352941174,ok,cvae,2,44
335,80,69.1891891891892,True,10.810810810810807,ok,cvae,2,44
336,80,65.08474576271186,True,14.915254237288138,ok,cvae,2,44
337,80,80.0,True,0.0,ok,cvae,2,44
338,80,70.45871559633028,True,9.54128440366972,ok,cvae,2,44
339,80,71.11111111111111,True,8.888888888888886,ok,cvae,2,44
340,80,64.0,True,16.0,ok,cvae,2,44
341,80,69.81818181818181,True,10.181818181818187,ok,cvae,2,44
342,80,75.29411764705883,True,4.705882352941174,ok,cvae,2,44
343,80,74.5631067961165,True,5.4368932038835,ok,cvae,2,44
344,80,69.1891891891892,True,10.810810810810807,ok,cvae,2,44
345,80,68.57142857142857,True,11.42857142857143,ok,cvae,2,44
346,80,71.11111111111111,True,8.888888888888886,ok,cvae,2,44
347,80,69.81818181818181,True,10.181818181818187,ok,cvae,2,44
348,80,68.57142857142857,True,11.42857142857143,ok,cvae,2,44
349,80,65.08474576271186,True,14.915254237288138,ok,cvae,2,44
350,80,67.36842105263158,True,12.631578947368425,ok,cvae,2,44
351,80,76.8,True,3.200000000000003,ok,cvae,2,44
352,80,80.84210526315789,True,0.8421052631578902,ok,cvae,2,44
353,80,60.0,True,20.0,ok,cvae,2,44
354,80,56.470588235294116,True,23.529411764705884,ok,cvae,2,44
355,80,68.57142857142857,True,11.42857142857143,ok,cvae,2,44
356,80,76.8,True,3.200000000000003,ok,cvae,2,44
357,80,73.14285714285714,True,6.857142857142861,ok,cvae,2,44
358,80,73.84615384615384,True,6.15384615384616,ok,cvae,2,44
359,80,68.57142857142857,True,11.42857142857143,ok,cvae,2,44
360,80,75.29411764705883,True,4.705882352941174,ok,cvae,2,44
361,80,62.950819672131146,True,17.049180327868854,ok,cvae,2,44
362,80,73.84615384615384,True,6.15384615384616,ok,cvae,2,44
363,80,73.84615384615384,True,6.15384615384616,ok,cvae,2,44
364,80,73.84615384615384,True,6.15384615384616,ok,cvae,2,44
365,80,71.11111111111111,True,8.888888888888886,ok,cvae,2,44
366,80,76.8,True,3.200000000000003,ok,cvae,2,44
367,80,73.84615384615384,True,6.15384615384616,ok,cvae,2,44
368,80,64.0,True,16.0,ok,cvae,2,44
369,80,67.36842105263158,True,12.631578947368425,ok,cvae,2,44
370,80,72.45283018867924,True,7.547169811320757,ok,cvae,2,44
371,80,60.0,True,20.0,ok,cvae,2,44
372,80,60.0,True,20.0,ok,cvae,2,44
373,80,55.65217391304348,True,24.347826086956523,ok,cvae,2,44
374,80,70.45871559633028,True,9.54128440366972,ok,cvae,2,44
375,80,71.11111111111111,True,8.888888888888886,ok,cvae,2,44
376,80,61.935483870967744,True,18.064516129032256,ok,cvae,2,44
377,80,72.45283018867924,True,7.547169811320757,ok,cvae,2,44
378,80,64.0,True,16.0,ok,cvae,2,44
379,80,71.11111111111111,True,8.888888888888886,ok,cvae,2,44
380,80,68.57142857142857,True,11.42857142857143,ok,cvae,2,44
381,80,67.36842105263158,True,12.631578947368425,ok,cvae,2,44
382,80,68.57142857142857,True,11.42857142857143,ok,cvae,2,44
383,80,73.14285714285714,True,6.857142857142861,ok,cvae,2,44
384,80,73.84615384615384,True,6.15384615384616,ok,cvae,2,44
385,80,73.84615384615384,True,6.15384615384616,ok,cvae,2,44
386,80,71.77570093457943,True,8.224299065420567,ok,cvae,2,44
387,80,66.20689655172414,True,13.793103448275858,ok,cvae,2,44
388,80,78.36734693877551,True,1.632653061224488,ok,cvae,2,44
389,80,75.29411764705883,True,4.705882352941174,ok,cvae,2,44
390,80,56.058394160583944,True,23.941605839416056,ok,cvae,2,44
391,80,51.2,True,28.799999999999997,ok,cvae,2,44
392,80,68.57142857142857,True,11.42857142857143,ok,cvae,2,44
393,80,76.8,True,3.200000000000003,ok,cvae,2,44
394,80,73.84615384615384,True,6.15384615384616,ok,cvae,2,44
395,80,68.57142857142857,True,11.42857142857143,ok,cvae,2,44
396,80,62.950819672131146,True,17.049180327868854,ok,cvae,2,44
397,80,71.11111111111111,True,8.888888888888886,ok,cvae,2,44
398,80,67.36842105263158,True,12.631578947368425,ok,cvae,2,44
399,80,76.03960396039604,True,3.960396039603964,ok,cvae,2,44
400,80,69.81818181818181,True,10.181818181818187,ok,cvae,2,44
401,80,66.20689655172414,True,13.793103448275858,ok,cvae,2,44
402,80,67.36842105263158,True,12.631578947368425,ok,cvae,2,44
403,80,62.950819672131146,True,17.049180327868854,ok,cvae,2,44
404,80,71.11111111111111,True,8.888888888888886,ok,cvae,2,44
405,80,76.8,True,3.200000000000003,ok,cvae,2,44
406,80,64.0,True,16.0,ok,cvae,2,44
407,80,71.11111111111111,True,8.888888888888886,ok,cvae,2,44
408,80,69.1891891891892,True,10.810810810810807,ok,cvae,2,44
409,80,80.0,True,0.0,ok,cvae,2,44
410,80,73.84615384615384,True,6.15384615384616,ok,cvae,2,44
411,80,67.36842105263158,True,12.631578947368425,ok,cvae,2,44
412,80,70.45871559633028,True,9.54128440366972,ok,cvae,2,44
413,80,71.11111111111111,True,8.888888888888886,ok,cvae,2,44
414,80,61.935483870967744,True,18.064516129032256,ok,cvae,2,44
415,80,64.0,True,16.0,ok,cvae,2,44
416,80,56.470588235294116,True,23.529411764705884,ok,cvae,2,44
417,80,54.857142857142854,True,25.142857142857146,ok,cvae,2,44
418,80,76.8,True,3.200000000000003,ok,cvae,2,44
419,80,71.11111111111111,True,8.888888888888886,ok,cvae,2,44
420,80,74.5631067961165,True,5.4368932038835,ok,cvae,2,44
421,80,64.0,True,16.0,ok,cvae,2,44
422,80,73.84615384615384,True,6.15384615384616,ok,cvae,2,44
423,80,64.53781512605042,True,15.462184873949582,ok,cvae,2,44
424,80,64.0,True,16.0,ok,cvae,2,44
425,80,73.84615384615384,True,6.15384615384616,ok,cvae,2,44
426,80,64.0,True,16.0,ok,cvae,2,44
427,80,71.11111111111111,True,8.888888888888886,ok,cvae,2,44
428,80,66.20689655172414,True,13.793103448275858,ok,cvae,2,44
429,80,84.3956043956044,True,4.395604395604394,ok,cvae,2,44
430,80,64.0,True,16.0,ok,cvae,2,44
431,80,73.84615384615384,True,6.15384615384616,ok,cvae,2,44
432,80,57.3134328358209,True,22.686567164179102,ok,cvae,2,44
433,80,73.84615384615384,True,6.15384615384616,ok,cvae,2,44
434,80,73.84615384615384,True,6.15384615384616,ok,cvae,2,44
435,80,64.0,True,16.0,ok,cvae,2,44
436,80,78.36734693877551,True,1.632653061224488,ok,cvae,2,44
437,80,71.11111111111111,True,8.888888888888886,ok,cvae,2,44
438,80,80.84210526315789,True,0.8421052631578902,ok,cvae,2,44
439,80,62.950819672131146,True,17.049180327868854,ok,cvae,2,44
440,80,71.11111111111111,True,8.888888888888886,ok,cvae,2,44
441,80,70.45871559633028,True,9.54128440366972,ok,cvae,2,44
442,80,76.03960396039604,True,3.960396039603964,ok,cvae,2,44
443,80,71.77570093457943,True,8.224299065420567,ok,cvae,2,44
444,80,74.5631067961165,True,5.4368932038835,ok,cvae,2,44
445,80,68.57142857142857,True,11.42857142857143,ok,cvae,2,44
446,80,69.1891891891892,True,10.810810810810807,ok,cvae,2,44
447,80,58.18181818181818,True,21.81818181818182,ok,cvae,2,44
448,80,61.935483870967744,True,18.064516129032256,ok,cvae,2,44
449,80,71.11111111111111,True,8.888888888888886,ok,cvae,2,44
450,80,65.64102564102564,True,14.358974358974365,ok,cvae,2,44
451,80,64.0,True,16.0,ok,cvae,2,44
452,80,73.84615384615384,True,6.15384615384616,ok,cvae,2,44
453,80,75.29411764705883,True,4.705882352941174,ok,cvae,2,44
454,80,73.84615384615384,True,6.15384615384616,ok,cvae,2,44
455,80,71.11111111111111,True,8.888888888888886,ok,cvae,2,44
456,80,60.0,True,20.0,ok,cvae,2,44
457,80,53.333333333333336,True,26.666666666666664,ok,cvae,2,44
458,80,68.57142857142857,True,11.42857142857143,ok,cvae,2,44
459,80,68.57142857142857,True,11.42857142857143,ok,cvae,2,44
460,80,71.11111111111111,True,8.888888888888886,ok,cvae,2,44
461,80,64.0,True,16.0,ok,cvae,2,44
462,80,68.57142857142857,True,11.42857142857143,ok,cvae,2,44
463,80,60.95238095238095,True,19.04761904761905,ok,cvae,2,44
464,80,68.57142857142857,True,11.42857142857143,ok,cvae,2,44
465,80,69.81818181818181,True,10.181818181818187,ok,cvae,2,44
466,80,70.45871559633028,True,9.54128440366972,ok,cvae,2,44
467,80,68.57142857142857,True,11.42857142857143,ok,cvae,2,44
468,80,76.03960396039604,True,3.960396039603964,ok,cvae,2,44
469,80,71.11111111111111,True,8.888888888888886,ok,cvae,2,44
470,80,68.57142857142857,True,11.42857142857143,ok,cvae,2,44
471,80,61.935483870967744,True,18.064516129032256,ok,cvae,2,44
472,80,75.29411764705883,True,4.705882352941174,ok,cvae,2,44
473,80,73.84615384615384,True,6.15384615384616,ok,cvae,2,44
474,80,60.0,True,20.0,ok,cvae,2,44
475,80,81.70212765957447,True,1.7021276595744723,ok,cvae,2,44
476,80,64.0,True,16.0,ok,cvae,2,44
477,80,73.84615384615384,True,6.15384615384616,ok,cvae,2,44
478,80,62.950819672131146,True,17.049180327868854,ok,cvae,2,44
479,80,51.54362416107382,True,28.456375838926178,ok,cvae,2,44
480,80,68.57142857142857,True,11.42857142857143,ok,cvae,2,44
481,80,68.57142857142857,True,11.42857142857143,ok,cvae,2,44
482,80,72.45283018867924,True,7.547169811320757,ok,cvae,2,44
483,80,74.5631067961165,True,5.4368932038835,ok,cvae,2,44
484,80,72.45283018867924,True,7.547169811320757,ok,cvae,2,44
485,80,62.950819672131146,True,17.049180327868854,ok,cvae,2,44
486,80,72.45283018867924,True,7.547169811320757,ok,cvae,2,44
487,80,76.8,True,3.200000000000003,ok,cvae,2,44
488,80,73.84615384615384,True,6.15384615384616,ok,cvae,2,44
489,80,66.20689655172414,True,13.793103448275858,ok,cvae,2,44
490,80,66.20689655172414,True,13.793103448275858,ok,cvae,2,44
491,80,71.11111111111111,True,8.888888888888886,ok,cvae,2,44
492,80,78.36734693877551,True,1.632653061224488,ok,cvae,2,44
493,80,66.20689655172414,True,13.793103448275858,ok,cvae,2,44
494,80,60.0,True,20.0,ok,cvae,2,44
495,80,67.36842105263158,True,12.631578947368425,ok,cvae,2,44
496,80,73.84615384615384,True,6.15384615384616,ok,cvae,2,44
497,80,61.935483870967744,True,18.064516129032256,ok,cvae,2,44
498,80,68.57142857142857,True,11.42857142857143,ok,cvae,2,44
499,80,64.0,True,16.0,ok,cvae,2,44
500,80,75.29411764705883,True,4.705882352941174,ok,cvae,2,44
501,80,71.11111111111111,True,8.888888888888886,ok,cvae,2,44
502,80,68.57142857142857,True,11.42857142857143,ok,cvae,2,44
503,80,68.57142857142857,True,11.42857142857143,ok,cvae,2,44
504,80,66.20689655172414,True,13.793103448275858,ok,cvae,2,44
505,80,67.36842105263158,True,12.631578947368425,ok,cvae,2,44
506,80,73.14285714285714,True,6.857142857142861,ok,cvae,2,44
507,80,76.8,True,3.200000000000003,ok,cvae,2,44
508,80,68.57142857142857,True,11.42857142857143,ok,cvae,2,44
509,80,78.36734693877551,True,1.632653061224488,ok,cvae,2,44
510,80,76.8,True,3.200000000000003,ok,cvae,2,44
511,80,71.11111111111111,True,8.888888888888886,ok,cvae,2,44
512,80,64.53781512605042,True,15.462184873949582,ok,cvae,2,44
513,80,66.20689655172414,True,13.793103448275858,ok,cvae,2,44
514,80,62.950819672131146,True,17.049180327868854,ok,cvae,2,44
515,80,56.470588235294116,True,23.529411764705884,ok,cvae,2,44
516,80,60.0,True,20.0,ok,cvae,2,44
517,80,85.33333333333333,True,5.333333333333329,ok,cvae,2,44
518,80,71.11111111111111,True,8.888888888888886,ok,cvae,2,44
519,80,73.84615384615384,True,6.15384615384616,ok,cvae,2,44
520,80,61.935483870967744,True,18.064516129032256,ok,cvae,2,44
521,80,68.57142857142857,True,11.42857142857143,ok,cvae,2,44
522,80,68.57142857142857,True,11.42857142857143,ok,cvae,2,44
523,80,76.8,True,3.200000000000003,ok,cvae,2,44
524,80,66.20689655172414,True,13.793103448275858,ok,cvae,2,44
525,80,79.17525773195877,True,0.8247422680412342,ok,cvae,2,44
526,80,66.20689655172414,True,13.793103448275858,ok,cvae,2,44
527,80,71.11111111111111,True,8.888888888888886,ok,cvae,2,44
528,80,76.8,True,3.200000000000003,ok,cvae,2,44
529,80,73.84615384615384,True,6.15384615384616,ok,cvae,2,44
530,80,80.0,True,0.0,ok,cvae,2,44
531,80,62.950819672131146,True,17.049180327868854,ok,cvae,2,44
532,80,71.11111111111111,True,8.888888888888886,ok,cvae,2,44
533,80,67.36842105263158,True,12.631578947368425,ok,cvae,2,44
534,80,53.333333333333336,True,26.666666666666664,ok,cvae,2,44
535,80,75.29411764705883,True,4.705882352941174,ok,cvae,2,44
536,80,75.29411764705883,True,4.705882352941174,ok,cvae,2,44
537,80,72.45283018867924,True,7.547169811320757,ok,cvae,2,44
538,80,73.84615384615384,True,6.15384615384616,ok,cvae,2,44
539,80,69.81818181818181,True,10.181818181818187,ok,cvae,2,44
540,80,69.1891891891892,True,10.810810810810807,ok,cvae,2,44
541,80,68.57142857142857,True,11.42857142857143,ok,cvae,2,44
542,80,66.20689655172414,True,13.793103448275858,ok,cvae,2,44
543,80,72.45283018867924,True,7.547169811320757,ok,cvae,2,44
544,80,56.470588235294116,True,23.529411764705884,ok,cvae,2,44
545,80,80.0,True,0.0,ok,cvae,2,44
546,80,71.77570093457943,True,8.224299065420567,ok,cvae,2,44
547,80,71.11111111111111,True,8.888888888888886,ok,cvae,2,44
548,80,69.81818181818181,True,10.181818181818187,ok,cvae,2,44
549,80,66.78260869565217,True,13.217391304347828,ok,cvae,2,44
550,80,69.81818181818181,True,10.181818181818187,ok,cvae,2,44
551,80,73.84615384615384,True,6.15384615384616,ok,cvae,2,44
552,80,68.57142857142857,True,11.42857142857143,ok,cvae,2,44
553,80,71.11111111111111,True,8.888888888888886,ok,cvae,2,44
554,80,54.08450704225352,True,25.91549295774648,ok,cvae,2,44
555,80,75.29411764705883,True,4.705882352941174,ok,cvae,2,44
556,80,73.84615384615384,True,6.15384615384616,ok,cvae,2,44
557,80,64.0,True,16.0,ok,cvae,2,44
558,80,66.20689655172414,True,13.793103448275858,ok,cvae,2,44
559,80,60.0,True,20.0,ok,cvae,2,44
560,80,66.20689655172414,True,13.793103448275858,ok,cvae,2,44
561,80,60.0,True,20.0,ok,cvae,2,44
562,80,76.8,True,3.200000000000003,ok,cvae,2,44
563,80,76.8,True,3.200000000000003,ok,cvae,2,44
564,80,66.20689655172414,True,13.793103448275858,ok,cvae,2,44
565,80,77.57575757575758,True,2.424242424242422,ok,cvae,2,44
566,80,67.96460176991151,True,12.03539823008849,ok,cvae,2,44
567,80,66.20689655172414,True,13.793103448275858,ok,cvae,2,44
568,80,68.57142857142857,True,11.42857142857143,ok,cvae,2,44
569,80,76.8,True,3.200000000000003,ok,cvae,2,44
570,80,76.8,True,3.200000000000003,ok,cvae,2,44
571,80,69.81818181818181,True,10.181818181818187,ok,cvae,2,44
572,80,71.11111111111111,True,8.888888888888886,ok,cvae,2,44
573,80,66.20689655172414,True,13.793103448275858,ok,cvae,2,44
574,80,71.11111111111111,True,8.888888888888886,ok,cvae,2,44
575,80,71.11111111111111,True,8.888888888888886,ok,cvae,2,44
576,80,73.84615384615384,True,6.15384615384616,ok,cvae,2,44
577,80,72.45283018867924,True,7.547169811320757,ok,cvae,2,44
578,80,68.57142857142857,True,11.42857142857143,ok,cvae,2,44
579,80,67.96460176991151,True,12.03539823008849,ok,cvae,2,44
580,80,77.57575757575758,True,2.424242424242422,ok,cvae,2,44
581,80,73.14285714285714,True,6.857142857142861,ok,cvae,2,44
582,80,71.77570093457943,True,8.224299065420567,ok,cvae,2,44
583,80,60.95238095238095,True,19.04761904761905,ok,cvae,2,44
584,80,71.11111111111111,True,8.888888888888886,ok,cvae,2,44
585,80,69.81818181818181,True,10.181818181818187,ok,cvae,2,44
586,80,66.20689655172414,True,13.793103448275858,ok,cvae,2,44
587,80,72.45283018867924,True,7.547169811320757,ok,cvae,2,44
588,80,57.3134328358209,True,22.686567164179102,ok,cvae,2,44
589,80,74.5631067961165,True,5.4368932038835,ok,cvae,2,44
590,80,71.11111111111111,True,8.888888888888886,ok,cvae,2,44
591,80,66.20689655172414,True,13.793103448275858,ok,cvae,2,44
592,80,62.950819672131146,True,17.049180327868854,ok,cvae,2,44
593,80,72.45283018867924,True,7.547169811320757,ok,cvae,2,44
594,80,61.935483870967744,True,18.064516129032256,ok,cvae,2,44
595,80,91.42857142857143,True,11.42857142857143,ok,cvae,2,44
596,80,69.81818181818181,True,10.181818181818187,ok,cvae,2,44
597,80,66.20689655172414,True,13.793103448275858,ok,cvae,2,44
598,80,72.45283018867924,True,7.547169811320757,ok,cvae,2,44
599,80,67.96460176991151,True,12.03539823008849,ok,cvae,2,44
600,80,61.935483870967744,True,18.064516129032256,ok,cvae,2,44
601,80,65.64102564102564,True,14.358974358974365,ok,cvae,2,44
602,80,66.20689655172414,True,13.793103448275858,ok,cvae,2,44
603,80,68.57142857142857,True,11.42857142857143,ok,cvae,2,44
604,80,83.47826086956522,True,3.4782608695652186,ok,cvae,2,44
605,80,73.84615384615384,True,6.15384615384616,ok,cvae,2,44
606,80,66.20689655172414,True,13.793103448275858,ok,cvae,2,44
607,80,67.36842105263158,True,12.631578947368425,ok,cvae,2,44
608,80,72.45283018867924,True,7.547169811320757,ok,cvae,2,44
609,80,52.602739726027394,True,27.397260273972606,ok,cvae,2,44
610,80,66.20689655172414,True,13.793103448275858,ok,cvae,2,44
611,80,78.36734693877551,True,1.632653061224488,ok,cvae,2,44
612,80,75.29411764705883,True,4.705882352941174,ok,cvae,2,44
613,80,64.0,True,16.0,ok,cvae,2,44
614,80,66.20689655172414,True,13.793103448275858,ok,cvae,2,44
615,80,60.0,True,20.0,ok,cvae,2,44
616,80,75.29411764705883,True,4.705882352941174,ok,cvae,2,44
617,80,64.0,True,16.0,ok,cvae,2,44
618,80,61.935483870967744,True,18.064516129032256,ok,cvae,2,44
619,80,72.45283018867924,True,7.547169811320757,ok,cvae,2,44
620,80,64.0,True,16.0,ok,cvae,2,44
621,80,78.36734693877551,True,1.632653061224488,ok,cvae,2,44
622,80,68.57142857142857,True,11.42857142857143,ok,cvae,2,44
623,80,68.57142857142857,True,11.42857142857143,ok,cvae,2,44
624,80,62.950819672131146,True,17.049180327868854,ok,cvae,2,44
625,80,64.0,True,16.0,ok,cvae,2,44
626,80,61.935483870967744,True,18.064516129032256,ok,cvae,2,44
627,80,80.0,True,0.0,ok,cvae,2,44
628,80,84.3956043956044,True,4.395604395604394,ok,cvae,2,44
629,80,72.45283018867924,True,7.547169811320757,ok,cvae,2,44
630,80,73.84615384615384,True,6.15384615384616,ok,cvae,2,44
631,80,67.36842105263158,True,12.631578947368425,ok,cvae,2,44
632,80,63.47107438016529,True,16.52892561983471,ok,cvae,2,44
633,80,68.57142857142857,True,11.42857142857143,ok,cvae,2,44
634,80,71.11111111111111,True,8.888888888888886,ok,cvae,2,44
635,80,72.45283018867924,True,7.547169811320757,ok,cvae,2,44
636,80,71.11111111111111,True,8.888888888888886,ok,cvae,2,44
637,80,73.14285714285714,True,6.857142857142861,ok,cvae,2,44
638,80,74.5631067961165,True,5.4368932038835,ok,cvae,2,44
639,80,78.36734693877551,True,1.632653061224488,ok,cvae,2,44
640,80,80.0,True,0.0,ok,cvae,2,44
641,80,76.8,True,3.200000000000003,ok,cvae,2,44
642,80,76.8,True,3.200000000000003,ok,cvae,2,44
643,80,71.11111111111111,True,8.888888888888886,ok,cvae,2,44
644,80,75.29411764705883,True,4.705882352941174,ok,cvae,2,44
645,80,62.950819672131146,True,17.049180327868854,ok,cvae,2,44
646,80,73.14285714285714,True,6.857142857142861,ok,cvae,2,44
647,80,76.8,True,3.200000000000003,ok,cvae,2,44
648,80,71.11111111111111,True,8.888888888888886,ok,cvae,2,44
649,80,67.36842105263158,True,12.631578947368425,ok,cvae,2,44
650,80,62.4390243902439,True,17.5609756097561,ok,cvae,2,44
651,80,72.45283018867924,True,7.547169811320757,ok,cvae,2,44
652,80,73.84615384615384,True,6.15384615384616,ok,cvae,2,44
653,80,66.20689655172414,True,13.793103448275858,ok,cvae,2,44
654,80,66.20689655172414,True,13.793103448275858,ok,cvae,2,44
655,80,68.57142857142857,True,11.42857142857143,ok,cvae,2,44
656,80,69.1891891891892,True,10.810810810810807,ok,cvae,2,44
657,80,64.0,True,16.0,ok,cvae,2,44
658,80,69.81818181818181,True,10.181818181818187,ok,cvae,2,44
659,80,61.935483870967744,True,18.064516129032256,ok,cvae,2,44
660,80,58.18181818181818,True,21.81818181818182,ok,cvae,2,44
661,80,60.0,True,20.0,ok,cvae,2,44
662,80,72.45283018867924,True,7.547169811320757,ok,cvae,2,44
663,80,71.11111111111111,True,8.888888888888886,ok,cvae,2,44
664,80,71.11111111111111,True,8.888888888888886,ok,cvae,2,44
665,80,67.36842105263158,True,12.631578947368425,ok,cvae,2,44
666,80,76.8,True,3.200000000000003,ok,cvae,2,44
667,80,71.11111111111111,True,8.888888888888886,ok,cvae,2,44
668,80,66.20689655172414,True,13.793103448275858,ok,cvae,2,44
669,80,71.11111111111111,True,8.888888888888886,ok,cvae,2,44
670,80,76.8,True,3.200000000000003,ok,cvae,2,44
671,80,73.84615384615384,True,6.15384615384616,ok,cvae,2,44
672,80,64.0,True,16.0,ok,cvae,2,44
673,80,73.14285714285714,True,6.857142857142861,ok,cvae,2,44
674,80,76.8,True,3.200000000000003,ok,cvae,2,44
675,80,60.0,True,20.0,ok,cvae,2,44
676,80,71.11111111111111,True,8.888888888888886,ok,cvae,2,44
677,80,83.47826086956522,True,3.4782608695652186,ok,cvae,2,44
678,80,65.08474576271186,True,14.915254237288138,ok,cvae,2,44
679,80,72.45283018867924,True,7.547169811320757,ok,cvae,2,44
680,80,73.84615384615384,True,6.15384615384616,ok,cvae,2,44
681,80,65.08474576271186,True,14.915254237288138,ok,cvae,2,44
682,80,71.11111111111111,True,8.888888888888886,ok,cvae,2,44
683,80,60.0,True,20.0,ok,cvae,2,44
684,80,59.07692307692308,True,20.92307692307692,ok,cvae,2,44
685,80,71.11111111111111,True,8.888888888888886,ok,cvae,2,44
686,80,67.36842105263158,True,12.631578947368425,ok,cvae,2,44
687,80,64.0,True,16.0,ok,cvae,2,44
688,80,67.96460176991151,True,12.03539823008849,ok,cvae,2,44
689,80,54.857142857142854,True,25.142857142857146,ok,cvae,2,44
690,80,76.8,True,3.200000000000003,ok,cvae,2,44
691,80,71.11111111111111,True,8.888888888888886,ok,cvae,2,44
692,80,67.36842105263158,True,12.631578947368425,ok,cvae,2,44
693,80,69.1891891891892,True,10.810810810810807,ok,cvae,2,44
694,80,48.607594936708864,True,31.392405063291136,ok,cvae,2,44
695,80,78.36734693877551,True,1.632653061224488,ok,cvae,2,44
696,80,78.36734693877551,True,1.632653061224488,ok,cvae,2,44
697,80,51.891891891891895,True,28.108108108108105,ok,cvae,2,44
698,80,58.18181818181818,True,21.81818181818182,ok,cvae,2,44
699,80,66.20689655172414,True,13.793103448275858,ok,cvae,2,44
700,80,71.77570093457943,True,8.224299065420567,ok,cvae,2,44
701,80,57.3134328358209,True,22.686567164179102,ok,cvae,2,44
702,80,61.935483870967744,True,18.064516129032256,ok,cvae,2,44
703,80,64.0,True,16.0,ok,cvae,2,44
704,80,67.36842105263158,True,12.631578947368425,ok,cvae,2,44
705,80,66.20689655172414,True,13.793103448275858,ok,cvae,2,44
706,80,64.0,True,16.0,ok,cvae,2,44
707,80,73.84615384615384,True,6.15384615384616,ok,cvae,2,44
708,80,64.0,True,16.0,ok,cvae,2,44
709,80,80.0,True,0.0,ok,cvae,2,44
710,80,62.950819672131146,True,17.049180327868854,ok,cvae,2,44
711,80,67.96460176991151,True,12.03539823008849,ok,cvae,2,44
712,80,65.08474576271186,True,14.915254237288138,ok,cvae,2,44
713,80,64.0,True,16.0,ok,cvae,2,44
714,80,58.18181818181818,True,21.81818181818182,ok,cvae,2,44
715,80,73.84615384615384,True,6.15384615384616,ok,cvae,2,44
716,80,72.45283018867924,True,7.547169811320757,ok,cvae,2,44
717,80,68.57142857142857,True,11.42857142857143,ok,cvae,2,44
718,80,73.84615384615384,True,6.15384615384616,ok,cvae,2,44
719,80,75.29411764705883,True,4.705882352941174,ok,cvae,2,44
720,80,70.45871559633028,True,9.54128440366972,ok,cvae,2,44
721,80,72.45283018867924,True,7.547169811320757,ok,cvae,2,44
722,80,65.08474576271186,True,14.915254237288138,ok,cvae,2,44
723,80,67.36842105263158,True,12.631578947368425,ok,cvae,2,44
724,80,69.81818181818181,True,10.181818181818187,ok,cvae,2,44
725,80,68.57142857142857,True,11.42857142857143,ok,cvae,2,44
726,80,71.11111111111111,True,8.888888888888886,ok,cvae,2,44
727,80,78.36734693877551,True,1.632653061224488,ok,cvae,2,44
728,80,73.14285714285714,True,6.857142857142861,ok,cvae,2,44
729,80,57.744360902255636,True,22.255639097744364,ok,cvae,2,44
730,80,69.1891891891892,True,10.810810810810807,ok,cvae,2,44
731,80,67.36842105263158,True,12.631578947368425,ok,cvae,2,44
732,80,76.8,True,3.200000000000003,ok,cvae,2,44
733,80,71.11111111111111,True,8.888888888888886,ok,cvae,2,44
734,80,66.20689655172414,True,13.793103448275858,ok,cvae,2,44
735,80,73.84615384615384,True,6.15384615384616,ok,cvae,2,44
736,80,68.57142857142857,True,11.42857142857143,ok,cvae,2,44
737,80,64.0,True,16.0,ok,cvae,2,44
738,80,73.84615384615384,True,6.15384615384616,ok,cvae,2,44
739,80,71.11111111111111,True,8.888888888888886,ok,cvae,2,44
740,80,68.57142857142857,True,11.42857142857143,ok,cvae,2,44
741,80,68.57142857142857,True,11.42857142857143,ok,cvae,2,44
742,80,65.08474576271186,True,14.915254237288138,ok,cvae,2,44
743,80,71.11111111111111,True,8.888888888888886,ok,cvae,2,44
744,80,73.84615384615384,True,6.15384615384616,ok,cvae,2,44
745,80,64.53781512605042,True,15.462184873949582,ok,cvae,2,44
746,80,64.0,True,16.0,ok,cvae,2,44
747,80,64.0,True,16.0,ok,cvae,2,44
748,80,56.888888888888886,True,23.111111111111114,ok,cvae,2,44
749,80,71.11111111111111,True,8.888888888888886,ok,cvae,2,44
750,80,73.84615384615384,True,6.15384615384616,ok,cvae,2,44
751,80,54.857142857142854,True,25.142857142857146,ok,cvae,2,44
752,80,61.935483870967744,True,18.064516129032256,ok,cvae,2,44
753,80,60.0,True,20.0,ok,cvae,2,44
754,80,69.81818181818181,True,10.181818181818187,ok,cvae,2,44
755,80,72.45283018867924,True,7.547169811320757,ok,cvae,2,44
756,80,71.11111111111111,True,8.888888888888886,ok,cvae,2,44
757,80,66.20689655172414,True,13.793103448275858,ok,cvae,2,44
758,80,69.1891891891892,True,10.810810810810807,ok,cvae,2,44
759,80,73.84615384615384,True,6.15384615384616,ok,cvae,2,44
760,80,65.08474576271186,True,14.915254237288138,ok,cvae,2,44
761,80,72.45283018867924,True,7.547169811320757,ok,cvae,2,44
762,80,72.45283018867924,True,7.547169811320757,ok,cvae,2,44
763,80,68.57142857142857,True,11.42857142857143,ok,cvae,2,44
764,80,74.5631067961165,True,5.4368932038835,ok,cvae,2,44
765,80,71.11111111111111,True,8.888888888888886,ok,cvae,2,44
766,80,64.0,True,16.0,ok,cvae,2,44
767,80,64.0,True,16.0,ok,cvae,2,44
768,80,73.84615384615384,True,6.15384615384616,ok,cvae,2,44
769,80,76.8,True,3.200000000000003,ok,cvae,2,44
770,80,65.08474576271186,True,14.915254237288138,ok,cvae,2,44
771,80,64.0,True,16.0,ok,cvae,2,44
772,80,51.2,True,28.799999999999997,ok,cvae,2,44
773,80,65.08474576271186,True,14.915254237288138,ok,cvae,2,44
774,80,61.935483870967744,True,18.064516129032256,ok,cvae,2,44
775,80,73.84615384615384,True,6.15384615384616,ok,cvae,2,44
776,80,69.81818181818181,True,10.181818181818187,ok,cvae,2,44
777,80,63.47107438016529,True,16.52892561983471,ok,cvae,2,44
778,80,71.11111111111111,True,8.888888888888886,ok,cvae,2,44
779,80,61.935483870967744,True,18.064516129032256,ok,cvae,2,44
780,80,64.0,True,16.0,ok,cvae,2,44
781,80,71.77570093457943,True,8.224299065420567,ok,cvae,2,44
782,80,69.81818181818181,True,10.181818181818187,ok,cvae,2,44
783,80,64.53781512605042,True,15.462184873949582,ok,cvae,2,44
784,80,68.57142857142857,True,11.42857142857143,ok,cvae,2,44
785,80,64.0,True,16.0,ok,cvae,2,44
786,80,75.29411764705883,True,4.705882352941174,ok,cvae,2,44
787,80,73.84615384615384,True,6.15384615384616,ok,cvae,2,44
788,80,73.84615384615384,True,6.15384615384616,ok,cvae,2,44
789,80,76.03960396039604,True,3.960396039603964,ok,cvae,2,44
790,80,69.81818181818181,True,10.181818181818187,ok,cvae,2,44
791,80,68.57142857142857,True,11.42857142857143,ok,cvae,2,44
792,80,71.11111111111111,True,8.888888888888886,ok,cvae,2,44
793,80,78.36734693877551,True,1.632653061224488,ok,cvae,2,44
794,80,80.84210526315789,True,0.8421052631578902,ok,cvae,2,44
795,80,66.20689655172414,True,13.793103448275858,ok,cvae,2,44
796,80,58.62595419847328,True,21.37404580152672,ok,cvae,2,44
797,80,73.84615384615384,True,6.15384615384616,ok,cvae,2,44
798,80,68.57142857142857,True,11.42857142857143,ok,cvae,2,44
799,80,73.84615384615384,True,6.15384615384616,ok,cvae,2,44
800,80,68.57142857142857,True,11.42857142857143,ok,cvae,2,44
801,80,73.84615384615384,True,6.15384615384616,ok,cvae,2,44
802,80,80.0,True,0.0,ok,cvae,2,44
803,80,80.0,True,0.0,ok,cvae,2,44
804,80,66.20689655172414,True,13.793103448275858,ok,cvae,2,44
805,80,66.78260869565217,True,13.217391304347828,ok,cvae,2,44
806,80,62.950819672131146,True,17.049180327868854,ok,cvae,2,44
807,80,71.11111111111111,True,8.888888888888886,ok,cvae,2,44
808,80,64.0,True,16.0,ok,cvae,2,44
809,80,71.11111111111111,True,8.888888888888886,ok,cvae,2,44
810,80,55.65217391304348,True,24.347826086956523,ok,cvae,2,44
811,80,74.5631067961165,True,5.4368932038835,ok,cvae,2,44
812,80,60.0,True,20.0,ok,cvae,2,44
813,80,75.29411764705883,True,4.705882352941174,ok,cvae,2,44
814,80,80.0,True,0.0,ok,cvae,2,44
815,80,74.5631067961165,True,5.4368932038835,ok,cvae,2,44
816,80,80.0,True,0.0,ok,cvae,2,44
817,80,80.0,True,0.0,ok,cvae,2,44
818,80,80.0,True,0.0,ok,cvae,2,44
819,80,71.77570093457943,True,8.224299065420567,ok,cvae,2,44
820,80,71.11111111111111,True,8.888888888888886,ok,cvae,2,44
821,80,75.29411764705883,True,4.705882352941174,ok,cvae,2,44
822,80,71.11111111111111,True,8.888888888888886,ok,cvae,2,44
823,80,75.29411764705883,True,4.705882352941174,ok,cvae,2,44
824,80,71.77570093457943,True,8.224299065420567,ok,cvae,2,44
825,80,73.84615384615384,True,6.15384615384616,ok,cvae,2,44
826,80,68.57142857142857,True,11.42857142857143,ok,cvae,2,44
827,80,73.84615384615384,True,6.15384615384616,ok,cvae,2,44
828,80,60.0,True,20.0,ok,cvae,2,44
829,80,60.0,True,20.0,ok,cvae,2,44
830,80,59.07692307692308,True,20.92307692307692,ok,cvae,2,44
831,80,73.84615384615384,True,6.15384615384616,ok,cvae,2,44
832,80,69.81818181818181,True,10.181818181818187,ok,cvae,2,44
833,80,71.11111111111111,True,8.888888888888886,ok,cvae,2,44
834,80,59.07692307692308,True,20.92307692307692,ok,cvae,2,44
835,80,54.857142857142854,True,25.142857142857146,ok,cvae,2,44
836,80,76.8,True,3.200000000000003,ok,cvae,2,44
837,80,68.57142857142857,True,11.42857142857143,ok,cvae,2,44
838,80,68.57142857142857,True,11.42857142857143,ok,cvae,2,44
839,80,69.81818181818181,True,10.181818181818187,ok,cvae,2,44
840,80,69.81818181818181,True,10.181818181818187,ok,cvae,2,44
841,80,61.935483870967744,True,18.064516129032256,ok,cvae,2,44
842,80,69.81818181818181,True,10.181818181818187,ok,cvae,2,44
843,80,73.84615384615384,True,6.15384615384616,ok,cvae,2,44
844,80,69.81818181818181,True,10.181818181818187,ok,cvae,2,44
845,80,67.36842105263158,True,12.631578947368425,ok,cvae,2,44
846,80,69.81818181818181,True,10.181818181818187,ok,cvae,2,44
847,80,72.45283018867924,True,7.547169811320757,ok,cvae,2,44
848,80,81.70212765957447,True,1.7021276595744723,ok,cvae,2,44
849,80,64.0,True,16.0,ok,cvae,2,44
850,80,71.11111111111111,True,8.888888888888886,ok,cvae,2,44
851,80,75.29411764705883,True,4.705882352941174,ok,cvae,2,44
852,80,71.11111111111111,True,8.888888888888886,ok,cvae,2,44
853,80,73.84615384615384,True,6.15384615384616,ok,cvae,2,44
854,80,60.0,True,20.0,ok,cvae,2,44
855,80,71.11111111111111,True,8.888888888888886,ok,cvae,2,44
856,80,73.84615384615384,True,6.15384615384616,ok,cvae,2,44
857,80,73.84615384615384,True,6.15384615384616,ok,cvae,2,44
858,80,76.8,True,3.200000000000003,ok,cvae,2,44
859,80,61.935483870967744,True,18.064516129032256,ok,cvae,2,44
860,80,76.8,True,3.200000000000003,ok,cvae,2,44
861,80,69.81818181818181,True,10.181818181818187,ok,cvae,2,44
862,80,78.36734693877551,True,1.632653061224488,ok,cvae,2,44
863,80,71.11111111111111,True,8.888888888888886,ok,cvae,2,44
864,80,66.20689655172414,True,13.793103448275858,ok,cvae,2,44
865,80,65.08474576271186,True,14.915254237288138,ok,cvae,2,44
866,80,61.935483870967744,True,18.064516129032256,ok,cvae,2,44
867,80,66.20689655172414,True,13.793103448275858,ok,cvae,2,44
868,80,76.8,True,3.200000000000003,ok,cvae,2,44
869,80,68.57142857142857,True,11.42857142857143,ok,cvae,2,44
870,80,76.8,True,3.200000000000003,ok,cvae,2,44
871,80,54.857142857142854,True,25.142857142857146,ok,cvae,2,44
872,80,64.0,True,16.0,ok,cvae,2,44
873,80,69.81818181818181,True,10.181818181818187,ok,cvae,2,44
874,80,67.96460176991151,True,12.03539823008849,ok,cvae,2,44
875,80,69.81818181818181,True,10.181818181818187,ok,cvae,2,44
876,80,66.20689655172414,True,13.793103448275858,ok,cvae,2,44
877,80,72.45283018867924,True,7.547169811320757,ok,cvae,2,44
878,80,73.14285714285714,True,6.857142857142861,ok,cvae,2,44
879,80,65.08474576271186,True,14.915254237288138,ok,cvae,2,44
880,80,66.20689655172414,True,13.793103448275858,ok,cvae,2,44
881,80,69.81818181818181,True,10.181818181818187,ok,cvae,2,44
882,80,68.57142857142857,True,11.42857142857143,ok,cvae,2,44
883,80,61.935483870967744,True,18.064516129032256,ok,cvae,2,44
884,80,64.0,True,16.0,ok,cvae,2,44
885,80,66.20689655172414,True,13.793103448275858,ok,cvae,2,44
886,80,64.0,True,16.0,ok,cvae,2,44
887,80,66.20689655172414,True,13.793103448275858,ok,cvae,2,44
888,80,76.8,True,3.200000000000003,ok,cvae,2,44
889,80,69.81818181818181,True,10.181818181818187,ok,cvae,2,44
890,80,66.20689655172414,True,13.793103448275858,ok,cvae,2,44
891,80,73.84615384615384,True,6.15384615384616,ok,cvae,2,44
892,80,69.81818181818181,True,10.181818181818187,ok,cvae,2,44
893,80,53.333333333333336,True,26.666666666666664,ok,cvae,2,44
894,80,71.11111111111111,True,8.888888888888886,ok,cvae,2,44
895,80,76.8,True,3.200000000000003,ok,cvae,2,44
896,80,64.0,True,16.0,ok,cvae,2,44
897,80,73.84615384615384,True,6.15384615384616,ok,cvae,2,44
898,80,65.64102564102564,True,14.358974358974365,ok,cvae,2,44
899,80,73.84615384615384,True,6.15384615384616,ok,cvae,2,44
900,80,58.62595419847328,True,21.37404580152672,ok,cvae,2,44
901,80,67.36842105263158,True,12.631578947368425,ok,cvae,2,44
902,80,68.57142857142857,True,11.42857142857143,ok,cvae,2,44
903,80,71.77570093457943,True,8.224299065420567,ok,cvae,2,44
904,80,76.8,True,3.200000000000003,ok,cvae,2,44
905,80,64.0,True,16.0,ok,cvae,2,44
906,80,73.14285714285714,True,6.857142857142861,ok,cvae,2,44
907,80,80.0,True,0.0,ok,cvae,2,44
908,80,81.70212765957447,True,1.7021276595744723,ok,cvae,2,44
909,80,55.65217391304348,True,24.347826086956523,ok,cvae,2,44
910,80,75.29411764705883,True,4.705882352941174,ok,cvae,2,44
911,80,56.470588235294116,True,23.529411764705884,ok,cvae,2,44
912,80,69.81818181818181,True,10.181818181818187,ok,cvae,2,44
913,80,73.84615384615384,True,6.15384615384616,ok,cvae,2,44
914,80,61.935483870967744,True,18.064516129032256,ok,cvae,2,44
915,80,75.29411764705883,True,4.705882352941174,ok,cvae,2,44
916,80,66.20689655172414,True,13.793103448275858,ok,cvae,2,44
917,80,71.11111111111111,True,8.888888888888886,ok,cvae,2,44
918,80,66.20689655172414,True,13.793103448275858,ok,cvae,2,44
919,80,65.08474576271186,True,14.915254237288138,ok,cvae,2,44
920,80,76.8,True,3.200000000000003,ok,cvae,2,44
921,80,60.0,True,20.0,ok,cvae,2,44
922,80,66.20689655172414,True,13.793103448275858,ok,cvae,2,44
923,80,60.0,True,20.0,ok,cvae,2,44
924,80,60.95238095238095,True,19.04761904761905,ok,cvae,2,44
925,80,84.3956043956044,True,4.395604395604394,ok,cvae,2,44
926,80,62.950819672131146,True,17.049180327868854,ok,cvae,2,44
927,80,80.0,True,0.0,ok,cvae,2,44
928,80,61.935483870967744,True,18.064516129032256,ok,cvae,2,44
929,80,75.29411764705883,True,4.705882352941174,ok,cvae,2,44
930,80,61.935483870967744,True,18.064516129032256,ok,cvae,2,44
931,80,68.57142857142857,True,11.42857142857143,ok,cvae,2,44
932,80,76.8,True,3.200000000000003,ok,cvae,2,44
933,80,61.935483870967744,True,18.064516129032256,ok,cvae,2,44
934,80,64.0,True,16.0,ok,cvae,2,44
935,80,78.36734693877551,True,1.632653061224488,ok,cvae,2,44
936,80,71.11111111111111,True,8.888888888888886,ok,cvae,2,44
937,80,79.17525773195877,True,0.8247422680412342,ok,cvae,2,44
938,80,76.8,True,3.200000000000003,ok,cvae,2,44
939,80,69.81818181818181,True,10.181818181818187,ok,cvae,2,44
940,80,60.0,True,20.0,ok,cvae,2,44
941,80,77.57575757575758,True,2.424242424242422,ok,cvae,2,44
942,80,71.77570093457943,True,8.224299065420567,ok,cvae,2,44
943,80,69.81818181818181,True,10.181818181818187,ok,cvae,2,44
944,80,60.0,True,20.0,ok,cvae,2,44
945,80,76.03960396039604,True,3.960396039603964,ok,cvae,2,44
946,80,73.84615384615384,True,6.15384615384616,ok,cvae,2,44
947,80,76.8,True,3.200000000000003,ok,cvae,2,44
948,80,52.244897959183675,True,27.755102040816325,ok,cvae,2,44
949,80,73.84615384615384,True,6.15384615384616,ok,cvae,2,44
950,80,78.36734693877551,True,1.632653061224488,ok,cvae,2,44
951,80,73.84615384615384,True,6.15384615384616,ok,cvae,2,44
952,80,61.935483870967744,True,18.064516129032256,ok,cvae,2,44
953,80,78.36734693877551,True,1.632653061224488,ok,cvae,2,44
954,80,66.20689655172414,True,13.793103448275858,ok,cvae,2,44
955,80,71.11111111111111,True,8.888888888888886,ok,cvae,2,44
956,80,81.70212765957447,True,1.7021276595744723,ok,cvae,2,44
957,80,71.11111111111111,True,8.888888888888886,ok,cvae,2,44
958,80,68.57142857142857,True,11.42857142857143,ok,cvae,2,44
959,80,66.20689655172414,True,13.793103448275858,ok,cvae,2,44
960,80,65.64102564102564,True,14.358974358974365,ok,cvae,2,44
961,80,72.45283018867924,True,7.547169811320757,ok,cvae,2,44
962,80,73.84615384615384,True,6.15384615384616,ok,cvae,2,44
963,80,71.11111111111111,True,8.888888888888886,ok,cvae,2,44
964,80,78.36734693877551,True,1.632653061224488,ok,cvae,2,44
965,80,73.84615384615384,True,6.15384615384616,ok,cvae,2,44
966,80,71.11111111111111,True,8.888888888888886,ok,cvae,2,44
967,80,71.11111111111111,True,8.888888888888886,ok,cvae,2,44
968,80,80.0,True,0.0,ok,cvae,2,44
969,80,65.08474576271186,True,14.915254237288138,ok,cvae,2,44
970,80,71.11111111111111,True,8.888888888888886,ok,cvae,2,44
971,80,80.0,True,0.0,ok,cvae,2,44
972,80,71.11111111111111,True,8.888888888888886,ok,cvae,2,44
973,80,56.470588235294116,True,23.529411764705884,ok,cvae,2,44
974,80,71.11111111111111,True,8.888888888888886,ok,cvae,2,44
975,80,78.36734693877551,True,1.632653061224488,ok,cvae,2,44
976,80,70.45871559633028,True,9.54128440366972,ok,cvae,2,44
977,80,66.20689655172414,True,13.793103448275858,ok,cvae,2,44
978,80,66.20689655172414,True,13.793103448275858,ok,cvae,2,44
979,80,58.18181818181818,True,21.81818181818182,ok,cvae,2,44
980,80,61.935483870967744,True,18.064516129032256,ok,cvae,2,44
981,80,72.45283018867924,True,7.547169811320757,ok,cvae,2,44
982,80,65.08474576271186,True,14.915254237288138,ok,cvae,2,44
983,80,68.57142857142857,True,11.42857142857143,ok,cvae,2,44
984,80,76.03960396039604,True,3.960396039603964,ok,cvae,2,44
985,80,66.20689655172414,True,13.793103448275858,ok,cvae,2,44
986,80,70.45871559633028,True,9.54128440366972,ok,cvae,2,44
987,80,67.36842105263158,True,12.631578947368425,ok,cvae,2,44
988,80,70.45871559633028,True,9.54128440366972,ok,cvae,2,44
989,80,80.0,True,0.0,ok,cvae,2,44
990,80,76.8,True,3.200000000000003,ok,cvae,2,44
991,80,75.29411764705883,True,4.705882352941174,ok,cvae,2,44
992,80,65.08474576271186,True,14.915254237288138,ok,cvae,2,44
993,80,82.58064516129032,True,2.5806451612903203,ok,cvae,2,44
994,80,68.57142857142857,True,11.42857142857143,ok,cvae,2,44
995,80,68.57142857142857,True,11.42857142857143,ok,cvae,2,44
996,80,66.78260869565217,True,13.217391304347828,ok,cvae,2,44
997,80,68.57142857142857,True,11.42857142857143,ok,cvae,2,44
998,80,73.84615384615384,True,6.15384615384616,ok,cvae,2,44
999,80,61.935483870967744,True,18.064516129032256,ok,cvae,2,44
0,120,78.36734693877551,True,41.63265306122449,ok,cvae,2,44
1,120,112.94117647058823,True,7.058823529411768,ok,cvae,2,44
2,120,69.81818181818181,True,50.18181818181819,ok,cvae,2,44
3,120,112.94117647058823,True,7.058823529411768,ok,cvae,2,44
4,120,112.94117647058823,True,7.058823529411768,ok,cvae,2,44
5,120,120.0,True,0.0,ok,cvae,2,44
6,120,132.41379310344828,True,12.413793103448285,ok,cvae,2,44
7,120,68.57142857142857,True,51.42857142857143,ok,cvae,2,44
8,120,78.36734693877551,True,41.63265306122449,ok,cvae,2,44
9,120,73.84615384615384,True,46.15384615384616,ok,cvae,2,44
10,120,87.27272727272727,True,32.727272727272734,ok,cvae,2,44
11,120,80.0,True,40.0,ok,cvae,2,44
12,120,83.47826086956522,True,36.52173913043478,ok,cvae,2,44
13,120,80.0,True,40.0,ok,cvae,2,44
14,120,80.0,True,40.0,ok,cvae,2,44
15,120,93.65853658536585,True,26.34146341463415,ok,cvae,2,44
16,120,98.46153846153847,True,21.538461538461533,ok,cvae,2,44
17,120,96.0,True,24.0,ok,cvae,2,44
18,120,80.0,True,40.0,ok,cvae,2,44
19,120,69.81818181818181,True,50.18181818181819,ok,cvae,2,44
20,120,153.6,True,33.599999999999994,ok,cvae,2,44
21,120,83.47826086956522,True,36.52173913043478,ok,cvae,2,44
22,120,83.47826086956522,True,36.52173913043478,ok,cvae,2,44
23,120,71.11111111111111,True,48.888888888888886,ok,cvae,2,44
24,120,73.84615384615384,True,46.15384615384616,ok,cvae,2,44
25,120,80.0,True,40.0,ok,cvae,2,44
26,120,80.0,True,40.0,ok,cvae,2,44
27,120,120.0,True,0.0,ok,cvae,2,44
28,120,96.0,True,24.0,ok,cvae,2,44
29,120,85.33333333333333,True,34.66666666666667,ok,cvae,2,44
30,120,134.73684210526315,True,14.73684210526315,ok,cvae,2,44
31,120,80.84210526315789,True,39.15789473684211,ok,cvae,2,44
32,120,96.0,True,24.0,ok,cvae,2,44
33,120,68.57142857142857,True,51.42857142857143,ok,cvae,2,44
34,120,77.57575757575758,True,42.42424242424242,ok,cvae,2,44
35,120,89.30232558139535,True,30.69767441860465,ok,cvae,2,44
36,120,120.0,True,0.0,ok,cvae,2,44
37,120,76.8,True,43.2,ok,cvae,2,44
38,120,96.0,True,24.0,ok,cvae,2,44
39,120,92.53012048192771,True,27.46987951807229,ok,cvae,2,44
40,120,80.0,True,40.0,ok,cvae,2,44
41,120,96.0,True,24.0,ok,cvae,2,44
42,120,80.0,True,40.0,ok,cvae,2,44
43,120,62.950819672131146,True,57.049180327868854,ok,cvae,2,44
44,120,80.0,True,40.0,ok,cvae,2,44
45,120,80.0,True,40.0,ok,cvae,2,44
46,120,91.42857142857143,True,28.57142857142857,ok,cvae,2,44
47,120,71.11111111111111,True,48.888888888888886,ok,cvae,2,44
48,120,73.84615384615384,True,46.15384615384616,ok,cvae,2,44
49,120,128.0,True,8.0,ok,cvae,2,44
50,120,76.8,True,43.2,ok,cvae,2,44
51,120,80.84210526315789,True,39.15789473684211,ok,cvae,2,44
52,120,116.36363636363636,True,3.6363636363636402,ok,cvae,2,44
53,120,80.0,True,40.0,ok,cvae,2,44
54,120,68.57142857142857,True,51.42857142857143,ok,cvae,2,44
55,120,96.0,True,24.0,ok,cvae,2,44
56,120,128.0,True,8.0,ok,cvae,2,44
57,120,80.0,True,40.0,ok,cvae,2,44
58,120,91.42857142857143,True,28.57142857142857,ok,cvae,2,44
59,120,87.27272727272727,True,32.727272727272734,ok,cvae,2,44
60,120,91.42857142857143,True,28.57142857142857,ok,cvae,2,44
61,120,76.8,True,43.2,ok,cvae,2,44
62,120,62.950819672131146,True,57.049180327868854,ok,cvae,2,44
63,120,80.0,True,40.0,ok,cvae,2,44
64,120,101.05263157894737,True,18.94736842105263,ok,cvae,2,44
65,120,66.20689655172414,True,53.79310344827586,ok,cvae,2,44
66,120,96.0,True,24.0,ok,cvae,2,44
67,120,80.0,True,40.0,ok,cvae,2,44
68,120,71.11111111111111,True,48.888888888888886,ok,cvae,2,44
69,120,81.70212765957447,True,38.29787234042553,ok,cvae,2,44
70,120,112.94117647058823,True,7.058823529411768,ok,cvae,2,44
71,120,76.8,True,43.2,ok,cvae,2,44
72,120,80.0,True,40.0,ok,cvae,2,44
73,120,87.27272727272727,True,32.727272727272734,ok,cvae,2,44
74,120,87.27272727272727,True,32.727272727272734,ok,cvae,2,44
75,120,85.33333333333333,True,34.66666666666667,ok,cvae,2,44
76,120,120.0,True,0.0,ok,cvae,2,44
77,120,73.84615384615384,True,46.15384615384616,ok,cvae,2,44
78,120,80.0,True,40.0,ok,cvae,2,44
79,120,80.0,True,40.0,ok,cvae,2,44
80,120,68.57142857142857,True,51.42857142857143,ok,cvae,2,44
81,120,76.8,True,43.2,ok,cvae,2,44
82,120,79.17525773195877,True,40.824742268041234,ok,cvae,2,44
83,120,76.8,True,43.2,ok,cvae,2,44
84,120,81.70212765957447,True,38.29787234042553,ok,cvae,2,44
85,120,91.42857142857143,True,28.57142857142857,ok,cvae,2,44
86,120,98.46153846153847,True,21.538461538461533,ok,cvae,2,44
87,120,96.0,True,24.0,ok,cvae,2,44
88,120,93.65853658536585,True,26.34146341463415,ok,cvae,2,44
89,120,91.42857142857143,True,28.57142857142857,ok,cvae,2,44
90,120,106.66666666666667,True,13.333333333333329,ok,cvae,2,44
91,120,120.0,True,0.0,ok,cvae,2,44
92,120,83.47826086956522,True,36.52173913043478,ok,cvae,2,44
93,120,80.0,True,40.0,ok,cvae,2,44
94,120,68.57142857142857,True,51.42857142857143,ok,cvae,2,44
95,120,68.57142857142857,True,51.42857142857143,ok,cvae,2,44
96,120,96.0,True,24.0,ok,cvae,2,44
97,120,96.0,True,24.0,ok,cvae,2,44
98,120,73.84615384615384,True,46.15384615384616,ok,cvae,2,44
99,120,109.71428571428571,True,10.285714285714292,ok,cvae,2,44
100,120,160.0,True,40.0,ok,cvae,2,44
101,120,137.14285714285714,True,17.14285714285714,ok,cvae,2,44
102,120,105.20547945205479,True,14.794520547945211,ok,cvae,2,44
103,120,68.57142857142857,True,51.42857142857143,ok,cvae,2,44
104,120,96.0,True,24.0,ok,cvae,2,44
105,120,66.20689655172414,True,53.79310344827586,ok,cvae,2,44
106,120,71.11111111111111,True,48.888888888888886,ok,cvae,2,44
107,120,80.0,True,40.0,ok,cvae,2,44
108,120,80.0,True,40.0,ok,cvae,2,44
109,120,68.57142857142857,True,51.42857142857143,ok,cvae,2,44
110,120,80.0,True,40.0,ok,cvae,2,44
111,120,80.0,True,40.0,ok,cvae,2,44
112,120,123.87096774193549,True,3.8709677419354875,ok,cvae,2,44
113,120,120.0,True,0.0,ok,cvae,2,44
114,120,80.0,True,40.0,ok,cvae,2,44
115,120,80.0,True,40.0,ok,cvae,2,44
116,120,83.47826086956522,True,36.52173913043478,ok,cvae,2,44
117,120,72.45283018867924,True,47.54716981132076,ok,cvae,2,44
118,120,93.65853658536585,True,26.34146341463415,ok,cvae,2,44
119,120,72.45283018867924,True,47.54716981132076,ok,cvae,2,44
120,120,116.36363636363636,True,3.6363636363636402,ok,cvae,2,44
121,120,78.36734693877551,True,41.63265306122449,ok,cvae,2,44
122,120,80.0,True,40.0,ok,cvae,2,44
123,120,73.84615384615384,True,46.15384615384616,ok,cvae,2,44
124,120,80.0,True,40.0,ok,cvae,2,44
125,120,86.29213483146067,True,33.70786516853933,ok,cvae,2,44
126,120,80.0,True,40.0,ok,cvae,2,44
127,120,103.78378378378379,True,16.21621621621621,ok,cvae,2,44
128,120,120.0,True,0.0,ok,cvae,2,44
129,120,80.0,True,40.0,ok,cvae,2,44
130,120,80.0,True,40.0,ok,cvae,2,44
131,120,101.05263157894737,True,18.94736842105263,ok,cvae,2,44
132,120,80.0,True,40.0,ok,cvae,2,44
133,120,101.05263157894737,True,18.94736842105263,ok,cvae,2,44
134,120,80.0,True,40.0,ok,cvae,2,44
135,120,80.0,True,40.0,ok,cvae,2,44
136,120,87.27272727272727,True,32.727272727272734,ok,cvae,2,44
137,120,116.36363636363636,True,3.6363636363636402,ok,cvae,2,44
138,120,142.22222222222223,True,22.22222222222223,ok,cvae,2,44
139,120,87.27272727272727,True,32.727272727272734,ok,cvae,2,44
140,120,96.0,True,24.0,ok,cvae,2,44
141,120,109.71428571428571,True,10.285714285714292,ok,cvae,2,44
142,120,68.57142857142857,True,51.42857142857143,ok,cvae,2,44
143,120,90.3529411764706,True,29.647058823529406,ok,cvae,2,44
144,120,71.11111111111111,True,48.888888888888886,ok,cvae,2,44
145,120,80.0,True,40.0,ok,cvae,2,44
146,120,68.57142857142857,True,51.42857142857143,ok,cvae,2,44
147,120,75.29411764705883,True,44.705882352941174,ok,cvae,2,44
148,120,120.0,True,0.0,ok,cvae,2,44
149,120,80.0,True,40.0,ok,cvae,2,44
150,120,64.0,True,56.0,ok,cvae,2,44
151,120,96.0,True,24.0,ok,cvae,2,44
152,120,69.81818181818181,True,50.18181818181819,ok,cvae,2,44
153,120,69.81818181818181,True,50.18181818181819,ok,cvae,2,44
154,120,76.8,True,43.2,ok,cvae,2,44
155,120,91.42857142857143,True,28.57142857142857,ok,cvae,2,44
156,120,80.0,True,40.0,ok,cvae,2,44
157,120,80.0,True,40.0,ok,cvae,2,44
158,120,147.69230769230768,True,27.69230769230768,ok,cvae,2,44
159,120,96.0,True,24.0,ok,cvae,2,44
160,120,109.71428571428571,True,10.285714285714292,ok,cvae,2,44
161,120,96.0,True,24.0,ok,cvae,2,44
162,120,75.29411764705883,True,44.705882352941174,ok,cvae,2,44
163,120,93.65853658536585,True,26.34146341463415,ok,cvae,2,44
164,120,132.41379310344828,True,12.413793103448285,ok,cvae,2,44
165,120,80.0,True,40.0,ok,cvae,2,44
166,120,101.05263157894737,True,18.94736842105263,ok,cvae,2,44
167,120,87.27272727272727,True,32.727272727272734,ok,cvae,2,44
168,120,60.95238095238095,True,59.04761904761905,ok,cvae,2,44
169,120,116.36363636363636,True,3.6363636363636402,ok,cvae,2,44
170,120,147.69230769230768,True,27.69230769230768,ok,cvae,2,44
171,120,76.8,True,43.2,ok,cvae,2,44
172,120,80.0,True,40.0,ok,cvae,2,44
173,120,93.65853658536585,True,26.34146341463415,ok,cvae,2,44
174,120,83.47826086956522,True,36.52173913043478,ok,cvae,2,44
175,120,91.42857142857143,True,28.57142857142857,ok,cvae,2,44
176,120,66.20689655172414,True,53.79310344827586,ok,cvae,2,44
177,120,120.0,True,0.0,ok,cvae,2,44
178,120,59.07692307692308,True,60.92307692307692,ok,cvae,2,44
179,120,83.47826086956522,True,36.52173913043478,ok,cvae,2,44
180,120,80.0,True,40.0,ok,cvae,2,44
181,120,87.27272727272727,True,32.727272727272734,ok,cvae,2,44
182,120,73.84615384615384,True,46.15384615384616,ok,cvae,2,44
183,120,128.0,True,8.0,ok,cvae,2,44
184,120,89.30232558139535,True,30.69767441860465,ok,cvae,2,44
185,120,147.69230769230768,True,27.69230769230768,ok,cvae,2,44
186,120,80.0,True,40.0,ok,cvae,2,44
187,120,81.70212765957447,True,38.29787234042553,ok,cvae,2,44
188,120,76.8,True,43.2,ok,cvae,2,44
189,120,83.47826086956522,True,36.52173913043478,ok,cvae,2,44
190,120,73.84615384615384,True,46.15384615384616,ok,cvae,2,44
191,120,83.47826086956522,True,36.52173913043478,ok,cvae,2,44
192,120,96.0,True,24.0,ok,cvae,2,44
193,120,75.29411764705883,True,44.705882352941174,ok,cvae,2,44
194,120,80.0,True,40.0,ok,cvae,2,44
195,120,68.57142857142857,True,51.42857142857143,ok,cvae,2,44
196,120,81.70212765957447,True,38.29787234042553,ok,cvae,2,44
197,120,68.57142857142857,True,51.42857142857143,ok,cvae,2,44
198,120,116.36363636363636,True,3.6363636363636402,ok,cvae,2,44
199,120,76.8,True,43.2,ok,cvae,2,44
200,120,101.05263157894737,True,18.94736842105263,ok,cvae,2,44
201,120,78.36734693877551,True,41.63265306122449,ok,cvae,2,44
202,120,106.66666666666667,True,13.333333333333329,ok,cvae,2,44
203,120,80.0,True,40.0,ok,cvae,2,44
204,120,80.0,True,40.0,ok,cvae,2,44
205,120,80.0,True,40.0,ok,cvae,2,44
206,120,96.0,True,24.0,ok,cvae,2,44
207,120,80.0,True,40.0,ok,cvae,2,44
208,120,80.0,True,40.0,ok,cvae,2,44
209,120,80.0,True,40.0,ok,cvae,2,44
210,120,68.57142857142857,True,51.42857142857143,ok,cvae,2,44
211,120,120.0,True,0.0,ok,cvae,2,44
212,120,93.65853658536585,True,26.34146341463415,ok,cvae,2,44
213,120,83.47826086956522,True,36.52173913043478,ok,cvae,2,44
214,120,96.0,True,24.0,ok,cvae,2,44
215,120,96.0,True,24.0,ok,cvae,2,44
216,120,98.46153846153847,True,21.538461538461533,ok,cvae,2,44
217,120,80.0,True,40.0,ok,cvae,2,44
218,120,78.36734693877551,True,41.63265306122449,ok,cvae,2,44
219,120,80.0,True,40.0,ok,cvae,2,44
220,120,80.0,True,40.0,ok,cvae,2,44
221,120,73.84615384615384,True,46.15384615384616,ok,cvae,2,44
222,120,87.27272727272727,True,32.727272727272734,ok,cvae,2,44
223,120,65.08474576271186,True,54.91525423728814,ok,cvae,2,44
224,120,96.0,True,24.0,ok,cvae,2,44
225,120,68.57142857142857,True,51.42857142857143,ok,cvae,2,44
226,120,71.11111111111111,True,48.888888888888886,ok,cvae,2,44
227,120,85.33333333333333,True,34.66666666666667,ok,cvae,2,44
228,120,80.0,True,40.0,ok,cvae,2,44
229,120,109.71428571428571,True,10.285714285714292,ok,cvae,2,44
230,120,80.0,True,40.0,ok,cvae,2,44
231,120,80.0,True,40.0,ok,cvae,2,44
232,120,112.94117647058823,True,7.058823529411768,ok,cvae,2,44
233,120,76.8,True,43.2,ok,cvae,2,44
234,120,80.0,True,40.0,ok,cvae,2,44
235,120,76.8,True,43.2,ok,cvae,2,44
236,120,91.42857142857143,True,28.57142857142857,ok,cvae,2,44
237,120,89.30232558139535,True,30.69767441860465,ok,cvae,2,44
238,120,96.0,True,24.0,ok,cvae,2,44
239,120,71.11111111111111,True,48.888888888888886,ok,cvae,2,44
240,120,106.66666666666667,True,13.333333333333329,ok,cvae,2,44
241,120,96.0,True,24.0,ok,cvae,2,44
242,120,81.70212765957447,True,38.29787234042553,ok,cvae,2,44
243,120,83.47826086956522,True,36.52173913043478,ok,cvae,2,44
244,120,80.0,True,40.0,ok,cvae,2,44
245,120,76.8,True,43.2,ok,cvae,2,44
246,120,76.8,True,43.2,ok,cvae,2,44
247,120,61.935483870967744,True,58.064516129032256,ok,cvae,2,44
248,120,73.84615384615384,True,46.15384615384616,ok,cvae,2,44
249,120,78.36734693877551,True,41.63265306122449,ok,cvae,2,44
250,120,103.78378378378379,True,16.21621621621621,ok,cvae,2,44
251,120,68.57142857142857,True,51.42857142857143,ok,cvae,2,44
252,120,120.0,True,0.0,ok,cvae,2,44
253,120,80.0,True,40.0,ok,cvae,2,44
254,120,61.935483870967744,True,58.064516129032256,ok,cvae,2,44
255,120,80.0,True,40.0,ok,cvae,2,44
256,120,73.84615384615384,True,46.15384615384616,ok,cvae,2,44
257,120,87.27272727272727,True,32.727272727272734,ok,cvae,2,44
258,120,85.33333333333333,True,34.66666666666667,ok,cvae,2,44
259,120,112.94117647058823,True,7.058823529411768,ok,cvae,2,44
260,120,68.57142857142857,True,51.42857142857143,ok,cvae,2,44
261,120,73.84615384615384,True,46.15384615384616,ok,cvae,2,44
262,120,66.20689655172414,True,53.79310344827586,ok,cvae,2,44
263,120,80.0,True,40.0,ok,cvae,2,44
264,120,80.0,True,40.0,ok,cvae,2,44
265,120,80.0,True,40.0,ok,cvae,2,44
266,120,81.70212765957447,True,38.29787234042553,ok,cvae,2,44
267,120,76.8,True,43.2,ok,cvae,2,44
268,120,78.36734693877551,True,41.63265306122449,ok,cvae,2,44
269,120,111.30434782608695,True,8.695652173913047,ok,cvae,2,44
270,120,160.0,True,40.0,ok,cvae,2,44
271,120,76.8,True,43.2,ok,cvae,2,44
272,120,83.47826086956522,True,36.52173913043478,ok,cvae,2,44
273,120,75.29411764705883,True,44.705882352941174,ok,cvae,2,44
274,120,123.87096774193549,True,3.8709677419354875,ok,cvae,2,44
275,120,96.0,True,24.0,ok,cvae,2,44
276,120,80.0,True,40.0,ok,cvae,2,44
277,120,83.47826086956522,True,36.52173913043478,ok,cvae,2,44
278,120,153.6,True,33.599999999999994,ok,cvae,2,44
279,120,128.0,True,8.0,ok,cvae,2,44
280,120,71.11111111111111,True,48.888888888888886,ok,cvae,2,44
281,120,98.46153846153847,True,21.538461538461533,ok,cvae,2,44
282,120,116.36363636363636,True,3.6363636363636402,ok,cvae,2,44
283,120,68.57142857142857,True,51.42857142857143,ok,cvae,2,44
284,120,80.0,True,40.0,ok,cvae,2,44
285,120,72.45283018867924,True,47.54716981132076,ok,cvae,2,44
286,120,73.84615384615384,True,46.15384615384616,ok,cvae,2,44
287,120,75.29411764705883,True,44.705882352941174,ok,cvae,2,44
288,120,80.0,True,40.0,ok,cvae,2,44
289,120,76.8,True,43.2,ok,cvae,2,44
290,120,80.0,True,40.0,ok,cvae,2,44
291,120,80.0,True,40.0,ok,cvae,2,44
292,120,87.27272727272727,True,32.727272727272734,ok,cvae,2,44
293,120,72.45283018867924,True,47.54716981132076,ok,cvae,2,44
294,120,137.14285714285714,True,17.14285714285714,ok,cvae,2,44
295,120,102.4,True,17.599999999999994,ok,cvae,2,44
296,120,87.27272727272727,True,32.727272727272734,ok,cvae,2,44
297,120,91.42857142857143,True,28.57142857142857,ok,cvae,2,44
298,120,132.41379310344828,True,12.413793103448285,ok,cvae,2,44
299,120,91.42857142857143,True,28.57142857142857,ok,cvae,2,44
300,120,80.0,True,40.0,ok,cvae,2,44
301,120,109.71428571428571,True,10.285714285714292,ok,cvae,2,44
302,120,118.15384615384616,True,1.8461538461538396,ok,cvae,2,44
303,120,80.0,True,40.0,ok,cvae,2,44
304,120,80.0,True,40.0,ok,cvae,2,44
305,120,80.0,True,40.0,ok,cvae,2,44
306,120,71.11111111111111,True,48.888888888888886,ok,cvae,2,44
307,120,87.27272727272727,True,32.727272727272734,ok,cvae,2,44
308,120,80.0,True,40.0,ok,cvae,2,44
309,120,92.53012048192771,True,27.46987951807229,ok,cvae,2,44
310,120,87.27272727272727,True,32.727272727272734,ok,cvae,2,44
311,120,81.70212765957447,True,38.29787234042553,ok,cvae,2,44
312,120,68.57142857142857,True,51.42857142857143,ok,cvae,2,44
313,120,80.0,True,40.0,ok,cvae,2,44
314,120,87.27272727272727,True,32.727272727272734,ok,cvae,2,44
315,120,112.94117647058823,True,7.058823529411768,ok,cvae,2,44
316,120,87.27272727272727,True,32.727272727272734,ok,cvae,2,44
317,120,120.0,True,0.0,ok,cvae,2,44
318,120,80.0,True,40.0,ok,cvae,2,44
319,120,64.0,True,56.0,ok,cvae,2,44
320,120,96.0,True,24.0,ok,cvae,2,44
321,120,83.47826086956522,True,36.52173913043478,ok,cvae,2,44
322,120,66.20689655172414,True,53.79310344827586,ok,cvae,2,44
323,120,71.11111111111111,True,48.888888888888886,ok,cvae,2,44
324,120,80.0,True,40.0,ok,cvae,2,44
325,120,91.42857142857143,True,28.57142857142857,ok,cvae,2,44
326,120,73.84615384615384,True,46.15384615384616,ok,cvae,2,44
327,120,76.8,True,43.2,ok,cvae,2,44
328,120,91.42857142857143,True,28.57142857142857,ok,cvae,2,44
329,120,68.57142857142857,True,51.42857142857143,ok,cvae,2,44
330,120,78.36734693877551,True,41.63265306122449,ok,cvae,2,44
331,120,68.57142857142857,True,51.42857142857143,ok,cvae,2,44
332,120,73.84615384615384,True,46.15384615384616,ok,cvae,2,44
333,120,80.0,True,40.0,ok,cvae,2,44
334,120,96.0,True,24.0,ok,cvae,2,44
335,120,73.84615384615384,True,46.15384615384616,ok,cvae,2,44
336,120,109.71428571428571,True,10.285714285714292,ok,cvae,2,44
337,120,87.27272727272727,True,32.727272727272734,ok,cvae,2,44
338,120,73.84615384615384,True,46.15384615384616,ok,cvae,2,44
339,120,79.17525773195877,True,40.824742268041234,ok,cvae,2,44
340,120,81.70212765957447,True,38.29787234042553,ok,cvae,2,44
341,120,68.57142857142857,True,51.42857142857143,ok,cvae,2,44
342,120,160.0,True,40.0,ok,cvae,2,44
343,120,80.0,True,40.0,ok,cvae,2,44
344,120,68.57142857142857,True,51.42857142857143,ok,cvae,2,44
345,120,73.84615384615384,True,46.15384615384616,ok,cvae,2,44
346,120,78.36734693877551,True,41.63265306122449,ok,cvae,2,44
347,120,80.0,True,40.0,ok,cvae,2,44
348,120,120.0,True,0.0,ok,cvae,2,44
349,120,128.0,True,8.0,ok,cvae,2,44
350,120,120.0,True,0.0,ok,cvae,2,44
351,120,83.47826086956522,True,36.52173913043478,ok,cvae,2,44
352,120,80.0,True,40.0,ok,cvae,2,44
353,120,91.42857142857143,True,28.57142857142857,ok,cvae,2,44
354,120,92.53012048192771,True,27.46987951807229,ok,cvae,2,44
355,120,85.33333333333333,True,34.66666666666667,ok,cvae,2,44
356,120,83.47826086956522,True,36.52173913043478,ok,cvae,2,44
357,120,80.0,True,40.0,ok,cvae,2,44
358,120,68.57142857142857,True,51.42857142857143,ok,cvae,2,44
359,120,80.0,True,40.0,ok,cvae,2,44
360,120,78.36734693877551,True,41.63265306122449,ok,cvae,2,44
361,120,96.0,True,24.0,ok,cvae,2,44
362,120,96.0,True,24.0,ok,cvae,2,44
363,120,85.33333333333333,True,34.66666666666667,ok,cvae,2,44
364,120,76.8,True,43.2,ok,cvae,2,44
365,120,78.36734693877551,True,41.63265306122449,ok,cvae,2,44
366,120,103.78378378378379,True,16.21621621621621,ok,cvae,2,44
367,120,71.11111111111111,True,48.888888888888886,ok,cvae,2,44
368,120,81.70212765957447,True,38.29787234042553,ok,cvae,2,44
369,120,80.0,True,40.0,ok,cvae,2,44
370,120,71.11111111111111,True,48.888888888888886,ok,cvae,2,44
371,120,73.84615384615384,True,46.15384615384616,ok,cvae,2,44
372,120,81.70212765957447,True,38.29787234042553,ok,cvae,2,44
373,120,93.65853658536585,True,26.34146341463415,ok,cvae,2,44
374,120,80.0,True,40.0,ok,cvae,2,44
375,120,96.0,True,24.0,ok,cvae,2,44
376,120,120.0,True,0.0,ok,cvae,2,44
377,120,120.0,True,0.0,ok,cvae,2,44
378,120,78.36734693877551,True,41.63265306122449,ok,cvae,2,44
379,120,132.41379310344828,True,12.413793103448285,ok,cvae,2,44
380,120,80.0,True,40.0,ok,cvae,2,44
381,120,101.05263157894737,True,18.94736842105263,ok,cvae,2,44
382,120,87.27272727272727,True,32.727272727272734,ok,cvae,2,44
383,120,83.47826086956522,True,36.52173913043478,ok,cvae,2,44
384,120,80.0,True,40.0,ok,cvae,2,44
385,120,120.0,True,0.0,ok,cvae,2,44
386,120,96.0,True,24.0,ok,cvae,2,44
387,120,91.42857142857143,True,28.57142857142857,ok,cvae,2,44
388,120,80.0,True,40.0,ok,cvae,2,44
389,120,96.0,True,24.0,ok,cvae,2,44
390,120,116.36363636363636,True,3.6363636363636402,ok,cvae,2,44
391,120,80.0,True,40.0,ok,cvae,2,44
392,120,91.42857142857143,True,28.57142857142857,ok,cvae,2,44
393,120,96.0,True,24.0,ok,cvae,2,44
394,120,83.47826086956522,True,36.52173913043478,ok,cvae,2,44
395,120,80.0,True,40.0,ok,cvae,2,44
396,120,91.42857142857143,True,28.57142857142857,ok,cvae,2,44
397,120,116.36363636363636,True,3.6363636363636402,ok,cvae,2,44
398,120,96.0,True,24.0,ok,cvae,2,44
399,120,101.05263157894737,True,18.94736842105263,ok,cvae,2,44
400,120,76.8,True,43.2,ok,cvae,2,44
401,120,97.21518987341773,True,22.784810126582272,ok,cvae,2,44
402,120,66.20689655172414,True,53.79310344827586,ok,cvae,2,44
403,120,91.42857142857143,True,28.57142857142857,ok,cvae,2,44
404,120,80.0,True,40.0,ok,cvae,2,44
405,120,89.30232558139535,True,30.69767441860465,ok,cvae,2,44
406,120,106.66666666666667,True,13.333333333333329,ok,cvae,2,44
407,120,73.84615384615384,True,46.15384615384616,ok,cvae,2,44
408,120,80.0,True,40.0,ok,cvae,2,44
409,120,80.0,True,40.0,ok,cvae,2,44
410,120,96.0,True,24.0,ok,cvae,2,44
411,120,108.16901408450704,True,11.83098591549296,ok,cvae,2,44
412,120,78.36734693877551,True,41.63265306122449,ok,cvae,2,44
413,120,80.0,True,40.0,ok,cvae,2,44
414,120,80.0,True,40.0,ok,cvae,2,44
415,120,73.84615384615384,True,46.15384615384616,ok,cvae,2,44
416,120,78.36734693877551,True,41.63265306122449,ok,cvae,2,44
417,120,66.20689655172414,True,53.79310344827586,ok,cvae,2,44
418,120,78.36734693877551,True,41.63265306122449,ok,cvae,2,44
419,120,68.57142857142857,True,51.42857142857143,ok,cvae,2,44
420,120,89.30232558139535,True,30.69767441860465,ok,cvae,2,44
421,120,66.20689655172414,True,53.79310344827586,ok,cvae,2,44
422,120,80.0,True,40.0,ok,cvae,2,44
423,120,147.69230769230768,True,27.69230769230768,ok,cvae,2,44
424,120,106.66666666666667,True,13.333333333333329,ok,cvae,2,44
425,120,75.29411764705883,True,44.705882352941174,ok,cvae,2,44
426,120,76.8,True,43.2,ok,cvae,2,44
427,120,83.47826086956522,True,36.52173913043478,ok,cvae,2,44
428,120,96.0,True,24.0,ok,cvae,2,44
429,120,91.42857142857143,True,28.57142857142857,ok,cvae,2,44
430,120,80.0,True,40.0,ok,cvae,2,44
431,120,80.0,True,40.0,ok,cvae,2,44
432,120,71.11111111111111,True,48.888888888888886,ok,cvae,2,44
433,120,80.0,True,40.0,ok,cvae,2,44
434,120,80.0,True,40.0,ok,cvae,2,44
435,120,112.94117647058823,True,7.058823529411768,ok,cvae,2,44
436,120,80.0,True,40.0,ok,cvae,2,44
437,120,120.0,True,0.0,ok,cvae,2,44
438,120,96.0,True,24.0,ok,cvae,2,44
439,120,80.0,True,40.0,ok,cvae,2,44
440,120,69.81818181818181,True,50.18181818181819,ok,cvae,2,44
441,120,101.05263157894737,True,18.94736842105263,ok,cvae,2,44
442,120,83.47826086956522,True,36.52173913043478,ok,cvae,2,44
443,120,120.0,True,0.0,ok,cvae,2,44
444,120,80.0,True,40.0,ok,cvae,2,44
445,120,73.84615384615384,True,46.15384615384616,ok,cvae,2,44
446,120,80.0,True,40.0,ok,cvae,2,44
447,120,132.41379310344828,True,12.413793103448285,ok,cvae,2,44
448,120,62.950819672131146,True,57.049180327868854,ok,cvae,2,44
449,120,80.0,True,40.0,ok,cvae,2,44
450,120,96.0,True,24.0,ok,cvae,2,44
451,120,78.36734693877551,True,41.63265306122449,ok,cvae,2,44
452,120,78.36734693877551,True,41.63265306122449,ok,cvae,2,44
453,120,80.0,True,40.0,ok,cvae,2,44
454,120,96.0,True,24.0,ok,cvae,2,44
455,120,96.0,True,24.0,ok,cvae,2,44
456,120,128.0,True,8.0,ok,cvae,2,44
457,120,71.11111111111111,True,48.888888888888886,ok,cvae,2,44
458,120,73.84615384615384,True,46.15384615384616,ok,cvae,2,44
459,120,71.11111111111111,True,48.888888888888886,ok,cvae,2,44
460,120,80.0,True,40.0,ok,cvae,2,44
461,120,71.11111111111111,True,48.888888888888886,ok,cvae,2,44
462,120,71.11111111111111,True,48.888888888888886,ok,cvae,2,44
463,120,66.20689655172414,True,53.79310344827586,ok,cvae,2,44
464,120,103.78378378378379,True,16.21621621621621,ok,cvae,2,44
465,120,97.21518987341773,True,22.784810126582272,ok,cvae,2,44
466,120,106.66666666666667,True,13.333333333333329,ok,cvae,2,44
467,120,81.70212765957447,True,38.29787234042553,ok,cvae,2,44
468,120,93.65853658536585,True,26.34146341463415,ok,cvae,2,44
469,120,76.8,True,43.2,ok,cvae,2,44
470,120,75.29411764705883,True,44.705882352941174,ok,cvae,2,44
471,120,73.84615384615384,True,46.15384615384616,ok,cvae,2,44
472,120,68.57142857142857,True,51.42857142857143,ok,cvae,2,44
473,120,80.0,True,40.0,ok,cvae,2,44
474,120,72.45283018867924,True,47.54716981132076,ok,cvae,2,44
475,120,98.46153846153847,True,21.538461538461533,ok,cvae,2,44
476,120,76.8,True,43.2,ok,cvae,2,44
477,120,64.0,True,56.0,ok,cvae,2,44
478,120,76.8,True,43.2,ok,cvae,2,44
479,120,108.16901408450704,True,11.83098591549296,ok,cvae,2,44
480,120,147.69230769230768,True,27.69230769230768,ok,cvae,2,44
481,120,147.69230769230768,True,27.69230769230768,ok,cvae,2,44
482,120,91.42857142857143,True,28.57142857142857,ok,cvae,2,44
483,120,96.0,True,24.0,ok,cvae,2,44
484,120,89.30232558139535,True,30.69767441860465,ok,cvae,2,44
485,120,80.0,True,40.0,ok,cvae,2,44
486,120,80.0,True,40.0,ok,cvae,2,44
487,120,72.45283018867924,True,47.54716981132076,ok,cvae,2,44
488,120,128.0,True,8.0,ok,cvae,2,44
489,120,68.57142857142857,True,51.42857142857143,ok,cvae,2,44
490,120,93.65853658536585,True,26.34146341463415,ok,cvae,2,44
491,120,160.0,True,40.0,ok,cvae,2,44
492,120,76.8,True,43.2,ok,cvae,2,44
493,120,85.33333333333333,True,34.66666666666667,ok,cvae,2,44
494,120,96.0,True,24.0,ok,cvae,2,44
495,120,80.0,True,40.0,ok,cvae,2,44
496,120,106.66666666666667,True,13.333333333333329,ok,cvae,2,44
497,120,73.84615384615384,True,46.15384615384616,ok,cvae,2,44
498,120,116.36363636363636,True,3.6363636363636402,ok,cvae,2,44
499,120,60.0,True,60.0,ok,cvae,2,44
500,120,98.46153846153847,True,21.538461538461533,ok,cvae,2,44
501,120,78.36734693877551,True,41.63265306122449,ok,cvae,2,44
502,120,80.0,True,40.0,ok,cvae,2,44
503,120,96.0,True,24.0,ok,cvae,2,44
504,120,80.0,True,40.0,ok,cvae,2,44
505,120,99.74025974025975,True,20.259740259740255,ok,cvae,2,44
506,120,101.05263157894737,True,18.94736842105263,ok,cvae,2,44
507,120,83.47826086956522,True,36.52173913043478,ok,cvae,2,44
508,120,98.46153846153847,True,21.538461538461533,ok,cvae,2,44
509,120,116.36363636363636,True,3.6363636363636402,ok,cvae,2,44
510,120,80.0,True,40.0,ok,cvae,2,44
511,120,91.42857142857143,True,28.57142857142857,ok,cvae,2,44
512,120,64.0,True,56.0,ok,cvae,2,44
513,120,150.58823529411765,True,30.588235294117652,ok,cvae,2,44
514,120,137.14285714285714,True,17.14285714285714,ok,cvae,2,44
515,120,80.0,True,40.0,ok,cvae,2,44
516,120,96.0,True,24.0,ok,cvae,2,44
517,120,87.27272727272727,True,32.727272727272734,ok,cvae,2,44
518,120,87.27272727272727,True,32.727272727272734,ok,cvae,2,44
519,120,80.0,True,40.0,ok,cvae,2,44
520,120,68.57142857142857,True,51.42857142857143,ok,cvae,2,44
521,120,78.36734693877551,True,41.63265306122449,ok,cvae,2,44
522,120,103.78378378378379,True,16.21621621621621,ok,cvae,2,44
523,120,111.30434782608695,True,8.695652173913047,ok,cvae,2,44
524,120,85.33333333333333,True,34.66666666666667,ok,cvae,2,44
525,120,76.8,True,43.2,ok,cvae,2,44
526,120,68.57142857142857,True,51.42857142857143,ok,cvae,2,44
527,120,72.45283018867924,True,47.54716981132076,ok,cvae,2,44
528,120,83.47826086956522,True,36.52173913043478,ok,cvae,2,44
529,120,80.0,True,40.0,ok,cvae,2,44
530,120,80.0,True,40.0,ok,cvae,2,44
531,120,80.0,True,40.0,ok,cvae,2,44
532,120,76.8,True,43.2,ok,cvae,2,44
533,120,89.30232558139535,True,30.69767441860465,ok,cvae,2,44
534,120,52.602739726027394,True,67.3972602739726,ok,cvae,2,44
535,120,76.8,True,43.2,ok,cvae,2,44
536,120,96.0,True,24.0,ok,cvae,2,44
537,120,87.27272727272727,True,32.727272727272734,ok,cvae,2,44
538,120,80.0,True,40.0,ok,cvae,2,44
539,120,68.57142857142857,True,51.42857142857143,ok,cvae,2,44
540,120,76.8,True,43.2,ok,cvae,2,44
541,120,83.47826086956522,True,36.52173913043478,ok,cvae,2,44
542,120,96.0,True,24.0,ok,cvae,2,44
543,120,96.0,True,24.0,ok,cvae,2,44
544,120,61.935483870967744,True,58.064516129032256,ok,cvae,2,44
545,120,87.27272727272727,True,32.727272727272734,ok,cvae,2,44
546,120,80.0,True,40.0,ok,cvae,2,44
547,120,80.0,True,40.0,ok,cvae,2,44
548,120,108.16901408450704,True,11.83098591549296,ok,cvae,2,44
549,120,160.0,True,40.0,ok,cvae,2,44
550,120,76.8,True,43.2,ok,cvae,2,44
551,120,78.36734693877551,True,41.63265306122449,ok,cvae,2,44
552,120,153.6,True,33.599999999999994,ok,cvae,2,44
553,120,106.66666666666667,True,13.333333333333329,ok,cvae,2,44
554,120,58.18181818181818,True,61.81818181818182,ok,cvae,2,44
555,120,81.70212765957447,True,38.29787234042553,ok,cvae,2,44
556,120,91.42857142857143,True,28.57142857142857,ok,cvae,2,44
557,120,125.90163934426229,True,5.901639344262293,ok,cvae,2,44
558,120,80.0,True,40.0,ok,cvae,2,44
559,120,62.950819672131146,True,57.049180327868854,ok,cvae,2,44
560,120,78.36734693877551,True,41.63265306122449,ok,cvae,2,44
561,120,139.63636363636363,True,19.636363636363626,ok,cvae,2,44
562,120,96.0,True,24.0,ok,cvae,2,44
563,120,120.0,True,0.0,ok,cvae,2,44
564,120,96.0,True,24.0,ok,cvae,2,44
565,120,68.57142857142857,True,51.42857142857143,ok,cvae,2,44
566,120,68.57142857142857,True,51.42857142857143,ok,cvae,2,44
567,120,71.11111111111111,True,48.888888888888886,ok,cvae,2,44
568,120,96.0,True,24.0,ok,cvae,2,44
569,120,91.42857142857143,True,28.57142857142857,ok,cvae,2,44
570,120,83.47826086956522,True,36.52173913043478,ok,cvae,2,44
571,120,80.0,True,40.0,ok,cvae,2,44
572,120,98.46153846153847,True,21.538461538461533,ok,cvae,2,44
573,120,75.29411764705883,True,44.705882352941174,ok,cvae,2,44
574,120,96.0,True,24.0,ok,cvae,2,44
575,120,78.36734693877551,True,41.63265306122449,ok,cvae,2,44
576,120,83.47826086956522,True,36.52173913043478,ok,cvae,2,44
577,120,68.57142857142857,True,51.42857142857143,ok,cvae,2,44
578,120,68.57142857142857,True,51.42857142857143,ok,cvae,2,44
579,120,71.11111111111111,True,48.888888888888886,ok,cvae,2,44
580,120,73.84615384615384,True,46.15384615384616,ok,cvae,2,44
581,120,80.0,True,40.0,ok,cvae,2,44
582,120,96.0,True,24.0,ok,cvae,2,44
583,120,68.57142857142857,True,51.42857142857143,ok,cvae,2,44
584,120,93.65853658536585,True,26.34146341463415,ok,cvae,2,44
585,120,96.0,True,24.0,ok,cvae,2,44
586,120,105.20547945205479,True,14.794520547945211,ok,cvae,2,44
587,120,120.0,True,0.0,ok,cvae,2,44
588,120,71.11111111111111,True,48.888888888888886,ok,cvae,2,44
589,120,73.84615384615384,True,46.15384615384616,ok,cvae,2,44
590,120,73.84615384615384,True,46.15384615384616,ok,cvae,2,44
591,120,114.6268656716418,True,5.373134328358205,ok,cvae,2,44
592,120,137.14285714285714,True,17.14285714285714,ok,cvae,2,44
593,120,83.47826086956522,True,36.52173913043478,ok,cvae,2,44
594,120,80.0,True,40.0,ok,cvae,2,44
595,120,80.0,True,40.0,ok,cvae,2,44
596,120,68.57142857142857,True,51.42857142857143,ok,cvae,2,44
597,120,93.65853658536585,True,26.34146341463415,ok,cvae,2,44
598,120,87.27272727272727,True,32.727272727272734,ok,cvae,2,44
599,120,128.0,True,8.0,ok,cvae,2,44
600,120,120.0,True,0.0,ok,cvae,2,44
601,120,87.27272727272727,True,32.727272727272734,ok,cvae,2,44
602,120,93.65853658536585,True,26.34146341463415,ok,cvae,2,44
603,120,76.8,True,43.2,ok,cvae,2,44
604,120,96.0,True,24.0,ok,cvae,2,44
605,120,83.47826086956522,True,36.52173913043478,ok,cvae,2,44
606,120,68.57142857142857,True,51.42857142857143,ok,cvae,2,44
607,120,76.8,True,43.2,ok,cvae,2,44
608,120,80.0,True,40.0,ok,cvae,2,44
609,120,96.0,True,24.0,ok,cvae,2,44
610,120,80.0,True,40.0,ok,cvae,2,44
611,120,78.36734693877551,True,41.63265306122449,ok,cvae,2,44
612,120,78.36734693877551,True,41.63265306122449,ok,cvae,2,44
613,120,80.0,True,40.0,ok,cvae,2,44
614,120,89.30232558139535,True,30.69767441860465,ok,cvae,2,44
615,120,80.0,True,40.0,ok,cvae,2,44
616,120,80.0,True,40.0,ok,cvae,2,44
617,120,81.70212765957447,True,38.29787234042553,ok,cvae,2,44
618,120,68.57142857142857,True,51.42857142857143,ok,cvae,2,44
619,120,80.0,True,40.0,ok,cvae,2,44
620,120,60.0,True,60.0,ok,cvae,2,44
621,120,96.0,True,24.0,ok,cvae,2,44
622,120,68.57142857142857,True,51.42857142857143,ok,cvae,2,44
623,120,80.0,True,40.0,ok,cvae,2,44
624,120,76.8,True,43.2,ok,cvae,2,44
625,120,160.0,True,40.0,ok,cvae,2,44
626,120,68.57142857142857,True,51.42857142857143,ok,cvae,2,44
627,120,80.0,True,40.0,ok,cvae,2,44
628,120,96.0,True,24.0,ok,cvae,2,44
629,120,80.0,True,40.0,ok,cvae,2,44
630,120,80.0,True,40.0,ok,cvae,2,44
631,120,73.84615384615384,True,46.15384615384616,ok,cvae,2,44
632,120,73.84615384615384,True,46.15384615384616,ok,cvae,2,44
633,120,120.0,True,0.0,ok,cvae,2,44
634,120,73.84615384615384,True,46.15384615384616,ok,cvae,2,44
635,120,80.0,True,40.0,ok,cvae,2,44
636,120,73.84615384615384,True,46.15384615384616,ok,cvae,2,44
637,120,114.6268656716418,True,5.373134328358205,ok,cvae,2,44
638,120,150.58823529411765,True,30.588235294117652,ok,cvae,2,44
639,120,91.42857142857143,True,28.57142857142857,ok,cvae,2,44
640,120,96.0,True,24.0,ok,cvae,2,44
641,120,120.0,True,0.0,ok,cvae,2,44
642,120,98.46153846153847,True,21.538461538461533,ok,cvae,2,44
643,120,96.0,True,24.0,ok,cvae,2,44
644,120,147.69230769230768,True,27.69230769230768,ok,cvae,2,44
645,120,80.84210526315789,True,39.15789473684211,ok,cvae,2,44
646,120,80.0,True,40.0,ok,cvae,2,44
647,120,128.0,True,8.0,ok,cvae,2,44
648,120,73.84615384615384,True,46.15384615384616,ok,cvae,2,44
649,120,120.0,True,0.0,ok,cvae,2,44
650,120,96.0,True,24.0,ok,cvae,2,44
651,120,98.46153846153847,True,21.538461538461533,ok,cvae,2,44
652,120,71.11111111111111,True,48.888888888888886,ok,cvae,2,44
653,120,80.0,True,40.0,ok,cvae,2,44
654,120,80.0,True,40.0,ok,cvae,2,44
655,120,72.45283018867924,True,47.54716981132076,ok,cvae,2,44
656,120,75.29411764705883,True,44.705882352941174,ok,cvae,2,44
657,120,80.0,True,40.0,ok,cvae,2,44
658,120,73.84615384615384,True,46.15384615384616,ok,cvae,2,44
659,120,68.57142857142857,True,51.42857142857143,ok,cvae,2,44
660,120,80.0,True,40.0,ok,cvae,2,44
661,120,101.05263157894737,True,18.94736842105263,ok,cvae,2,44
662,120,83.47826086956522,True,36.52173913043478,ok,cvae,2,44
663,120,71.11111111111111,True,48.888888888888886,ok,cvae,2,44
664,120,80.0,True,40.0,ok,cvae,2,44
665,120,87.27272727272727,True,32.727272727272734,ok,cvae,2,44
666,120,87.27272727272727,True,32.727272727272734,ok,cvae,2,44
667,120,80.0,True,40.0,ok,cvae,2,44
668,120,66.20689655172414,True,53.79310344827586,ok,cvae,2,44
669,120,147.69230769230768,True,27.69230769230768,ok,cvae,2,44
670,120,78.36734693877551,True,41.63265306122449,ok,cvae,2,44
671,120,80.0,True,40.0,ok,cvae,2,44
672,120,83.47826086956522,True,36.52173913043478,ok,cvae,2,44
673,120,80.0,True,40.0,ok,cvae,2,44
674,120,105.20547945205479,True,14.794520547945211,ok,cvae,2,44
675,120,80.0,True,40.0,ok,cvae,2,44
676,120,91.42857142857143,True,28.57142857142857,ok,cvae,2,44
677,120,80.0,True,40.0,ok,cvae,2,44
678,120,134.73684210526315,True,14.73684210526315,ok,cvae,2,44
679,120,96.0,True,24.0,ok,cvae,2,44
680,120,109.71428571428571,True,10.285714285714292,ok,cvae,2,44
681,120,78.36734693877551,True,41.63265306122449,ok,cvae,2,44
682,120,80.0,True,40.0,ok,cvae,2,44
683,120,61.935483870967744,True,58.064516129032256,ok,cvae,2,44
684,120,76.8,True,43.2,ok,cvae,2,44
685,120,68.57142857142857,True,51.42857142857143,ok,cvae,2,44
686,120,64.0,True,56.0,ok,cvae,2,44
687,120,96.0,True,24.0,ok,cvae,2,44
688,120,78.36734693877551,True,41.63265306122449,ok,cvae,2,44
689,120,92.53012048192771,True,27.46987951807229,ok,cvae,2,44
690,120,76.8,True,43.2,ok,cvae,2,44
691,120,71.11111111111111,True,48.888888888888886,ok,cvae,2,44
692,120,64.0,True,56.0,ok,cvae,2,44
693,120,120.0,True,0.0,ok,cvae,2,44
694,120,80.0,True,40.0,ok,cvae,2,44
695,120,80.0,True,40.0,ok,cvae,2,44
696,120,96.0,True,24.0,ok,cvae,2,44
697,120,68.57142857142857,True,51.42857142857143,ok,cvae,2,44
698,120,83.47826086956522,True,36.52173913043478,ok,cvae,2,44
699,120,78.36734693877551,True,41.63265306122449,ok,cvae,2,44
700,120,97.21518987341773,True,22.784810126582272,ok,cvae,2,44
701,120,73.84615384615384,True,46.15384615384616,ok,cvae,2,44
702,120,68.57142857142857,True,51.42857142857143,ok,cvae,2,44
703,120,68.57142857142857,True,51.42857142857143,ok,cvae,2,44
704,120,68.57142857142857,True,51.42857142857143,ok,cvae,2,44
705,120,80.0,True,40.0,ok,cvae,2,44
706,120,106.66666666666667,True,13.333333333333329,ok,cvae,2,44
707,120,76.8,True,43.2,ok,cvae,2,44
708,120,94.81481481481481,True,25.18518518518519,ok,cvae,2,44
709,120,76.8,True,43.2,ok,cvae,2,44
710,120,102.4,True,17.599999999999994,ok,cvae,2,44
711,120,80.0,True,40.0,ok,cvae,2,44
712,120,68.57142857142857,True,51.42857142857143,ok,cvae,2,44
713,120,76.8,True,43.2,ok,cvae,2,44
714,120,78.36734693877551,True,41.63265306122449,ok,cvae,2,44
715,120,80.0,True,40.0,ok,cvae,2,44
716,120,76.8,True,43.2,ok,cvae,2,44
717,120,66.20689655172414,True,53.79310344827586,ok,cvae,2,44
718,120,83.47826086956522,True,36.52173913043478,ok,cvae,2,44
719,120,71.11111111111111,True,48.888888888888886,ok,cvae,2,44
720,120,84.3956043956044,True,35.604395604395606,ok,cvae,2,44
721,120,75.29411764705883,True,44.705882352941174,ok,cvae,2,44
722,120,72.45283018867924,True,47.54716981132076,ok,cvae,2,44
723,120,111.30434782608695,True,8.695652173913047,ok,cvae,2,44
724,120,83.47826086956522,True,36.52173913043478,ok,cvae,2,44
725,120,76.8,True,43.2,ok,cvae,2,44
726,120,96.0,True,24.0,ok,cvae,2,44
727,120,89.30232558139535,True,30.69767441860465,ok,cvae,2,44
728,120,85.33333333333333,True,34.66666666666667,ok,cvae,2,44
729,120,73.84615384615384,True,46.15384615384616,ok,cvae,2,44
730,120,109.71428571428571,True,10.285714285714292,ok,cvae,2,44
731,120,96.0,True,24.0,ok,cvae,2,44
732,120,80.0,True,40.0,ok,cvae,2,44
733,120,68.57142857142857,True,51.42857142857143,ok,cvae,2,44
734,120,91.42857142857143,True,28.57142857142857,ok,cvae,2,44
735,120,76.8,True,43.2,ok,cvae,2,44
736,120,103.78378378378379,True,16.21621621621621,ok,cvae,2,44
737,120,80.0,True,40.0,ok,cvae,2,44
738,120,98.46153846153847,True,21.538461538461533,ok,cvae,2,44
739,120,120.0,True,0.0,ok,cvae,2,44
740,120,80.0,True,40.0,ok,cvae,2,44
741,120,120.0,True,0.0,ok,cvae,2,44
742,120,93.65853658536585,True,26.34146341463415,ok,cvae,2,44
743,120,80.0,True,40.0,ok,cvae,2,44
744,120,96.0,True,24.0,ok,cvae,2,44
745,120,80.0,True,40.0,ok,cvae,2,44
746,120,69.81818181818181,True,50.18181818181819,ok,cvae,2,44
747,120,80.0,True,40.0,ok,cvae,2,44
748,120,80.0,True,40.0,ok,cvae,2,44
749,120,114.6268656716418,True,5.373134328358205,ok,cvae,2,44
750,120,83.47826086956522,True,36.52173913043478,ok,cvae,2,44
751,120,120.0,True,0.0,ok,cvae,2,44
752,120,66.20689655172414,True,53.79310344827586,ok,cvae,2,44
753,120,120.0,True,0.0,ok,cvae,2,44
754,120,80.0,True,40.0,ok,cvae,2,44
755,120,120.0,True,0.0,ok,cvae,2,44
756,120,125.90163934426229,True,5.901639344262293,ok,cvae,2,44
757,120,80.0,True,40.0,ok,cvae,2,44
758,120,80.0,True,40.0,ok,cvae,2,44
759,120,128.0,True,8.0,ok,cvae,2,44
760,120,73.84615384615384,True,46.15384615384616,ok,cvae,2,44
761,120,76.8,True,43.2,ok,cvae,2,44
762,120,80.0,True,40.0,ok,cvae,2,44
763,120,68.57142857142857,True,51.42857142857143,ok,cvae,2,44
764,120,81.70212765957447,True,38.29787234042553,ok,cvae,2,44
765,120,85.33333333333333,True,34.66666666666667,ok,cvae,2,44
766,120,91.42857142857143,True,28.57142857142857,ok,cvae,2,44
767,120,80.0,True,40.0,ok,cvae,2,44
768,120,96.0,True,24.0,ok,cvae,2,44
769,120,76.8,True,43.2,ok,cvae,2,44
770,120,80.0,True,40.0,ok,cvae,2,44
771,120,80.0,True,40.0,ok,cvae,2,44
772,120,137.14285714285714,True,17.14285714285714,ok,cvae,2,44
773,120,116.36363636363636,True,3.6363636363636402,ok,cvae,2,44
774,120,73.84615384615384,True,46.15384615384616,ok,cvae,2,44
775,120,76.8,True,43.2,ok,cvae,2,44
776,120,98.46153846153847,True,21.538461538461533,ok,cvae,2,44
777,120,83.47826086956522,True,36.52173913043478,ok,cvae,2,44
778,120,103.78378378378379,True,16.21621621621621,ok,cvae,2,44
779,120,106.66666666666667,True,13.333333333333329,ok,cvae,2,44
780,120,71.11111111111111,True,48.888888888888886,ok,cvae,2,44
781,120,147.69230769230768,True,27.69230769230768,ok,cvae,2,44
782,120,76.8,True,43.2,ok,cvae,2,44
783,120,72.45283018867924,True,47.54716981132076,ok,cvae,2,44
784,120,78.36734693877551,True,41.63265306122449,ok,cvae,2,44
785,120,80.0,True,40.0,ok,cvae,2,44
786,120,83.47826086956522,True,36.52173913043478,ok,cvae,2,44
787,120,116.36363636363636,True,3.6363636363636402,ok,cvae,2,44
788,120,71.11111111111111,True,48.888888888888886,ok,cvae,2,44
789,120,105.20547945205479,True,14.794520547945211,ok,cvae,2,44
790,120,68.57142857142857,True,51.42857142857143,ok,cvae,2,44
791,120,80.0,True,40.0,ok,cvae,2,44
792,120,80.0,True,40.0,ok,cvae,2,44
793,120,80.0,True,40.0,ok,cvae,2,44
794,120,101.05263157894737,True,18.94736842105263,ok,cvae,2,44
795,120,87.27272727272727,True,32.727272727272734,ok,cvae,2,44
796,120,66.20689655172414,True,53.79310344827586,ok,cvae,2,44
797,120,83.47826086956522,True,36.52173913043478,ok,cvae,2,44
798,120,125.90163934426229,True,5.901639344262293,ok,cvae,2,44
799,120,81.70212765957447,True,38.29787234042553,ok,cvae,2,44
800,120,73.84615384615384,True,46.15384615384616,ok,cvae,2,44
801,120,80.0,True,40.0,ok,cvae,2,44
802,120,96.0,True,24.0,ok,cvae,2,44
803,120,78.36734693877551,True,41.63265306122449,ok,cvae,2,44
804,120,71.11111111111111,True,48.888888888888886,ok,cvae,2,44
805,120,76.8,True,43.2,ok,cvae,2,44
806,120,80.0,True,40.0,ok,cvae,2,44
807,120,93.65853658536585,True,26.34146341463415,ok,cvae,2,44
808,120,96.0,True,24.0,ok,cvae,2,44
809,120,75.29411764705883,True,44.705882352941174,ok,cvae,2,44
810,120,80.0,True,40.0,ok,cvae,2,44
811,120,160.0,True,40.0,ok,cvae,2,44
812,120,76.8,True,43.2,ok,cvae,2,44
813,120,80.0,True,40.0,ok,cvae,2,44
814,120,80.0,True,40.0,ok,cvae,2,44
815,120,80.0,True,40.0,ok,cvae,2,44
816,120,78.36734693877551,True,41.63265306122449,ok,cvae,2,44
817,120,80.0,True,40.0,ok,cvae,2,44
818,120,80.0,True,40.0,ok,cvae,2,44
819,120,81.70212765957447,True,38.29787234042553,ok,cvae,2,44
820,120,60.0,True,60.0,ok,cvae,2,44
821,120,80.0,True,40.0,ok,cvae,2,44
822,120,78.36734693877551,True,41.63265306122449,ok,cvae,2,44
823,120,72.45283018867924,True,47.54716981132076,ok,cvae,2,44
824,120,96.0,True,24.0,ok,cvae,2,44
825,120,80.0,True,40.0,ok,cvae,2,44
826,120,144.9056603773585,True,24.905660377358487,ok,cvae,2,44
827,120,78.36734693877551,True,41.63265306122449,ok,cvae,2,44
828,120,68.57142857142857,True,51.42857142857143,ok,cvae,2,44
829,120,83.47826086956522,True,36.52173913043478,ok,cvae,2,44
830,120,137.14285714285714,True,17.14285714285714,ok,cvae,2,44
831,120,75.29411764705883,True,44.705882352941174,ok,cvae,2,44
832,120,80.84210526315789,True,39.15789473684211,ok,cvae,2,44
833,120,91.42857142857143,True,28.57142857142857,ok,cvae,2,44
834,120,101.05263157894737,True,18.94736842105263,ok,cvae,2,44
835,120,81.70212765957447,True,38.29787234042553,ok,cvae,2,44
836,120,80.0,True,40.0,ok,cvae,2,44
837,120,78.36734693877551,True,41.63265306122449,ok,cvae,2,44
838,120,73.84615384615384,True,46.15384615384616,ok,cvae,2,44
839,120,93.65853658536585,True,26.34146341463415,ok,cvae,2,44
840,120,93.65853658536585,True,26.34146341463415,ok,cvae,2,44
841,120,91.42857142857143,True,28.57142857142857,ok,cvae,2,44
842,120,66.20689655172414,True,53.79310344827586,ok,cvae,2,44
843,120,80.0,True,40.0,ok,cvae,2,44
844,120,80.0,True,40.0,ok,cvae,2,44
845,120,78.36734693877551,True,41.63265306122449,ok,cvae,2,44
846,120,80.0,True,40.0,ok,cvae,2,44
847,120,80.0,True,40.0,ok,cvae,2,44
848,120,80.0,True,40.0,ok,cvae,2,44
849,120,144.9056603773585,True,24.905660377358487,ok,cvae,2,44
850,120,80.0,True,40.0,ok,cvae,2,44
851,120,109.71428571428571,True,10.285714285714292,ok,cvae,2,44
852,120,80.0,True,40.0,ok,cvae,2,44
853,120,80.0,True,40.0,ok,cvae,2,44
854,120,73.84615384615384,True,46.15384615384616,ok,cvae,2,44
855,120,87.27272727272727,True,32.727272727272734,ok,cvae,2,44
856,120,80.0,True,40.0,ok,cvae,2,44
857,120,87.27272727272727,True,32.727272727272734,ok,cvae,2,44
858,120,96.0,True,24.0,ok,cvae,2,44
859,120,71.11111111111111,True,48.888888888888886,ok,cvae,2,44
860,120,76.8,True,43.2,ok,cvae,2,44
861,120,87.27272727272727,True,32.727272727272734,ok,cvae,2,44
862,120,80.0,True,40.0,ok,cvae,2,44
863,120,96.0,True,24.0,ok,cvae,2,44
864,120,73.84615384615384,True,46.15384615384616,ok,cvae,2,44
865,120,96.0,True,24.0,ok,cvae,2,44
866,120,93.65853658536585,True,26.34146341463415,ok,cvae,2,44
867,120,68.57142857142857,True,51.42857142857143,ok,cvae,2,44
868,120,80.0,True,40.0,ok,cvae,2,44
869,120,80.0,True,40.0,ok,cvae,2,44
870,120,80.0,True,40.0,ok,cvae,2,44
871,120,80.0,True,40.0,ok,cvae,2,44
872,120,80.84210526315789,True,39.15789473684211,ok,cvae,2,44
873,120,98.46153846153847,True,21.538461538461533,ok,cvae,2,44
874,120,96.0,True,24.0,ok,cvae,2,44
875,120,120.0,True,0.0,ok,cvae,2,44
876,120,153.6,True,33.599999999999994,ok,cvae,2,44
877,120,68.57142857142857,True,51.42857142857143,ok,cvae,2,44
878,120,111.30434782608695,True,8.695652173913047,ok,cvae,2,44
879,120,80.0,True,40.0,ok,cvae,2,44
880,120,94.81481481481481,True,25.18518518518519,ok,cvae,2,44
881,120,64.0,True,56.0,ok,cvae,2,44
882,120,80.0,True,40.0,ok,cvae,2,44
883,120,96.0,True,24.0,ok,cvae,2,44
884,120,82.58064516129032,True,37.41935483870968,ok,cvae,2,44
885,120,76.8,True,43.2,ok,cvae,2,44
886,120,84.3956043956044,True,35.604395604395606,ok,cvae,2,44
887,120,81.70212765957447,True,38.29787234042553,ok,cvae,2,44
888,120,160.0,True,40.0,ok,cvae,2,44
889,120,80.0,True,40.0,ok,cvae,2,44
890,120,68.57142857142857,True,51.42857142857143,ok,cvae,2,44
891,120,78.36734693877551,True,41.63265306122449,ok,cvae,2,44
892,120,76.8,True,43.2,ok,cvae,2,44
893,120,72.45283018867924,True,47.54716981132076,ok,cvae,2,44
894,120,144.9056603773585,True,24.905660377358487,ok,cvae,2,44
895,120,83.47826086956522,True,36.52173913043478,ok,cvae,2,44
896,120,60.0,True,60.0,ok,cvae,2,44
897,120,80.0,True,40.0,ok,cvae,2,44
898,120,96.0,True,24.0,ok,cvae,2,44
899,120,96.0,True,24.0,ok,cvae,2,44
900,120,98.46153846153847,True,21.538461538461533,ok,cvae,2,44
901,120,80.0,True,40.0,ok,cvae,2,44
902,120,73.84615384615384,True,46.15384615384616,ok,cvae,2,44
903,120,78.36734693877551,True,41.63265306122449,ok,cvae,2,44
904,120,75.29411764705883,True,44.705882352941174,ok,cvae,2,44
905,120,67.36842105263158,True,52.631578947368425,ok,cvae,2,44
906,120,106.66666666666667,True,13.333333333333329,ok,cvae,2,44
907,120,80.0,True,40.0,ok,cvae,2,44
908,120,81.70212765957447,True,38.29787234042553,ok,cvae,2,44
909,120,80.0,True,40.0,ok,cvae,2,44
910,120,137.14285714285714,True,17.14285714285714,ok,cvae,2,44
911,120,68.57142857142857,True,51.42857142857143,ok,cvae,2,44
912,120,106.66666666666667,True,13.333333333333329,ok,cvae,2,44
913,120,68.57142857142857,True,51.42857142857143,ok,cvae,2,44
914,120,68.57142857142857,True,51.42857142857143,ok,cvae,2,44
915,120,81.70212765957447,True,38.29787234042553,ok,cvae,2,44
916,120,94.81481481481481,True,25.18518518518519,ok,cvae,2,44
917,120,78.36734693877551,True,41.63265306122449,ok,cvae,2,44
918,120,120.0,True,0.0,ok,cvae,2,44
919,120,78.36734693877551,True,41.63265306122449,ok,cvae,2,44
920,120,96.0,True,24.0,ok,cvae,2,44
921,120,137.14285714285714,True,17.14285714285714,ok,cvae,2,44
922,120,68.57142857142857,True,51.42857142857143,ok,cvae,2,44
923,120,85.33333333333333,True,34.66666666666667,ok,cvae,2,44
924,120,68.57142857142857,True,51.42857142857143,ok,cvae,2,44
925,120,83.47826086956522,True,36.52173913043478,ok,cvae,2,44
926,120,91.42857142857143,True,28.57142857142857,ok,cvae,2,44
927,120,91.42857142857143,True,28.57142857142857,ok,cvae,2,44
928,120,80.0,True,40.0,ok,cvae,2,44
929,120,83.47826086956522,True,36.52173913043478,ok,cvae,2,44
930,120,67.36842105263158,True,52.631578947368425,ok,cvae,2,44
931,120,91.42857142857143,True,28.57142857142857,ok,cvae,2,44
932,120,80.0,True,40.0,ok,cvae,2,44
933,120,62.950819672131146,True,57.049180327868854,ok,cvae,2,44
934,120,80.0,True,40.0,ok,cvae,2,44
935,120,111.30434782608695,True,8.695652173913047,ok,cvae,2,44
936,120,78.36734693877551,True,41.63265306122449,ok,cvae,2,44
937,120,78.36734693877551,True,41.63265306122449,ok,cvae,2,44
938,120,78.36734693877551,True,41.63265306122449,ok,cvae,2,44
939,120,81.70212765957447,True,38.29787234042553,ok,cvae,2,44
940,120,60.0,True,60.0,ok,cvae,2,44
941,120,93.65853658536585,True,26.34146341463415,ok,cvae,2,44
942,120,81.70212765957447,True,38.29787234042553,ok,cvae,2,44
943,120,80.0,True,40.0,ok,cvae,2,44
944,120,81.70212765957447,True,38.29787234042553,ok,cvae,2,44
945,120,93.65853658536585,True,26.34146341463415,ok,cvae,2,44
946,120,91.42857142857143,True,28.57142857142857,ok,cvae,2,44
947,120,76.8,True,43.2,ok,cvae,2,44
948,120,71.11111111111111,True,48.888888888888886,ok,cvae,2,44
949,120,101.05263157894737,True,18.94736842105263,ok,cvae,2,44
950,120,89.30232558139535,True,30.69767441860465,ok,cvae,2,44
951,120,80.0,True,40.0,ok,cvae,2,44
952,120,102.4,True,17.599999999999994,ok,cvae,2,44
953,120,91.42857142857143,True,28.57142857142857,ok,cvae,2,44
954,120,118.15384615384616,True,1.8461538461538396,ok,cvae,2,44
955,120,103.78378378378379,True,16.21621621621621,ok,cvae,2,44
956,120,96.0,True,24.0,ok,cvae,2,44
957,120,101.05263157894737,True,18.94736842105263,ok,cvae,2,44
958,120,68.57142857142857,True,51.42857142857143,ok,cvae,2,44
959,120,72.45283018867924,True,47.54716981132076,ok,cvae,2,44
960,120,73.84615384615384,True,46.15384615384616,ok,cvae,2,44
961,120,112.94117647058823,True,7.058823529411768,ok,cvae,2,44
962,120,160.0,True,40.0,ok,cvae,2,44
963,120,81.70212765957447,True,38.29787234042553,ok,cvae,2,44
964,120,116.36363636363636,True,3.6363636363636402,ok,cvae,2,44
965,120,66.20689655172414,True,53.79310344827586,ok,cvae,2,44
966,120,80.0,True,40.0,ok,cvae,2,44
967,120,83.47826086956522,True,36.52173913043478,ok,cvae,2,44
968,120,87.27272727272727,True,32.727272727272734,ok,cvae,2,44
969,120,160.0,True,40.0,ok,cvae,2,44
970,120,112.94117647058823,True,7.058823529411768,ok,cvae,2,44
971,120,68.57142857142857,True,51.42857142857143,ok,cvae,2,44
972,120,69.81818181818181,True,50.18181818181819,ok,cvae,2,44
973,120,80.0,True,40.0,ok,cvae,2,44
974,120,61.935483870967744,True,58.064516129032256,ok,cvae,2,44
975,120,80.0,True,40.0,ok,cvae,2,44
976,120,116.36363636363636,True,3.6363636363636402,ok,cvae,2,44
977,120,96.0,True,24.0,ok,cvae,2,44
978,120,85.33333333333333,True,34.66666666666667,ok,cvae,2,44
979,120,66.20689655172414,True,53.79310344827586,ok,cvae,2,44
980,120,112.94117647058823,True,7.058823529411768,ok,cvae,2,44
981,120,96.0,True,24.0,ok,cvae,2,44
982,120,66.20689655172414,True,53.79310344827586,ok,cvae,2,44
983,120,118.15384615384616,True,1.8461538461538396,ok,cvae,2,44
984,120,80.0,True,40.0,ok,cvae,2,44
985,120,75.29411764705883,True,44.705882352941174,ok,cvae,2,44
986,120,80.0,True,40.0,ok,cvae,2,44
987,120,144.9056603773585,True,24.905660377358487,ok,cvae,2,44
988,120,112.94117647058823,True,7.058823529411768,ok,cvae,2,44
989,120,87.27272727272727,True,32.727272727272734,ok,cvae,2,44
990,120,76.8,True,43.2,ok,cvae,2,44
991,120,96.0,True,24.0,ok,cvae,2,44
992,120,80.0,True,40.0,ok,cvae,2,44
993,120,118.15384615384616,True,1.8461538461538396,ok,cvae,2,44
994,120,96.0,True,24.0,ok,cvae,2,44
995,120,80.0,True,40.0,ok,cvae,2,44
996,120,139.63636363636363,True,19.636363636363626,ok,cvae,2,44
997,120,91.42857142857143,True,28.57142857142857,ok,cvae,2,44
998,120,89.30232558139535,True,30.69767441860465,ok,cvae,2,44
999,120,80.0,True,40.0,ok,cvae,2,44
