index,target_hr,method,fold,seed,rise_time_s,width50_s,rise_cycle_ratio,beat_extraction_success,amplitude_range,amplitude_std
0,60,gaussian,1,43,0.484375,0.59375,0.484375,1.0,1.5339093208312988,0.5315380096435547
1,60,gaussian,1,43,0.296875,0.578125,0.296875,1.0,0.8789082765579224,0.2918282449245453
2,60,gaussian,1,43,0.359375,0.53125,0.359375,1.0,2.6760289669036865,0.906391978263855
3,60,gaussian,1,43,0.15625,0.109375,0.37037037037037035,1.0,1.8966970443725586,0.6209119558334351
4,60,gaussian,1,43,0.578125,0.640625,0.578125,1.0,2.191287040710449,0.7032487392425537
5,60,gaussian,1,43,0.265625,0.3125,0.5862068965517241,1.0,0.876461386680603,0.2513788938522339
6,60,gaussian,1,43,0.1875,0.15625,0.46153846153846156,1.0,1.23703932762146,0.3825078010559082
7,60,gaussian,1,43,0.25,0.25,0.525,1.0,2.1744298934936523,0.6467058658599854
8,60,gaussian,1,43,0.5625,0.625,0.5625,1.0,0.6675735116004944,0.22425968945026398
9,60,gaussian,1,43,0.421875,0.625,0.421875,1.0,2.329777479171753,0.7336642146110535
10,60,gaussian,1,43,0.375,0.625,0.375,1.0,2.392366647720337,0.7817540764808655
11,60,gaussian,1,43,0.421875,0.46875,0.421875,1.0,2.4332876205444336,0.8317863345146179
12,60,gaussian,1,43,0.328125,0.546875,0.328125,1.0,2.501037120819092,0.8295822739601135
13,60,gaussian,1,43,0.296875,0.625,0.296875,1.0,1.5831420421600342,0.5685566067695618
14,60,gaussian,1,43,0.21875,0.2421875,0.4666666666666667,1.0,0.627097487449646,0.18992917239665985
15,60,gaussian,1,43,0.265625,0.2578125,0.5020242914979758,1.0,1.1398245096206665,0.38065236806869507
16,60,gaussian,1,43,0.625,0.453125,0.625,1.0,6.779879093170166,2.347736358642578
17,60,gaussian,1,43,0.46875,0.625,0.46875,1.0,1.5303990840911865,0.5190969705581665
18,60,gaussian,1,43,0.125,0.078125,0.42105263157894735,1.0,0.5877789855003357,0.17903101444244385
19,60,gaussian,1,43,0.703125,0.609375,0.703125,1.0,0.5251595973968506,0.1936076283454895
20,60,gaussian,1,43,0.296875,0.3125,0.296875,1.0,2.405949592590332,0.708076000213623
21,60,gaussian,1,43,0.3125,0.53125,0.3125,1.0,1.8882088661193848,0.5861643552780151
22,60,gaussian,1,43,0.296875,0.546875,0.296875,1.0,1.4889280796051025,0.4570489525794983
23,60,gaussian,1,43,0.359375,0.640625,0.359375,1.0,3.234769582748413,1.0621241331100464
24,60,gaussian,1,43,0.40625,0.4375,0.40625,1.0,2.0386550426483154,0.6808997392654419
25,60,gaussian,1,43,0.390625,0.421875,0.390625,1.0,2.0647823810577393,0.6580610871315002
26,60,gaussian,1,43,0.640625,0.671875,0.640625,1.0,0.3512692451477051,0.10898495465517044
27,60,gaussian,1,43,0.34375,0.640625,0.34375,1.0,2.2152490615844727,0.7335115671157837
28,60,gaussian,1,43,0.640625,0.65625,0.640625,1.0,1.9799790382385254,0.6561064720153809
29,60,gaussian,1,43,0.40625,0.421875,0.40625,1.0,1.703531265258789,0.5638735294342041
30,60,gaussian,1,43,0.34375,0.328125,0.34375,1.0,2.608574390411377,0.881791353225708
31,60,gaussian,1,43,0.375,0.390625,0.375,1.0,1.1912972927093506,0.3775847256183624
32,60,gaussian,1,43,0.546875,0.53125,0.546875,1.0,1.2080225944519043,0.4588533639907837
33,60,gaussian,1,43,0.28125,0.625,0.28125,1.0,1.6132237911224365,0.5127493143081665
34,60,gaussian,1,43,0.234375,0.625,0.234375,1.0,2.1313512325286865,0.7477774024009705
35,60,gaussian,1,43,0.3125,0.546875,0.3125,1.0,0.6610069274902344,0.20631785690784454
36,60,gaussian,1,43,0.25,0.5625,0.25,1.0,1.2581524848937988,0.3960251808166504
37,60,gaussian,1,43,0.5,0.46875,0.5,1.0,1.4330265522003174,0.48263585567474365
38,60,gaussian,1,43,0.328125,0.5625,0.328125,1.0,0.5286090970039368,0.18065448105335236
39,60,gaussian,1,43,0.703125,0.59375,0.703125,1.0,0.5242118835449219,0.1936076283454895
40,60,gaussian,1,43,0.390625,0.421875,0.390625,1.0,2.0637619495391846,0.6580610871315002
41,60,gaussian,1,43,0.328125,0.40625,0.328125,1.0,0.9673755168914795,0.34201377630233765
42,60,gaussian,1,43,0.484375,0.5,0.484375,1.0,1.0384721755981445,0.35948023200035095
43,60,gaussian,1,43,0.359375,0.5625,0.359375,1.0,1.477881669998169,0.49368178844451904
44,60,gaussian,1,43,0.296875,0.296875,0.296875,1.0,0.1645837128162384,0.04736306890845299
45,60,gaussian,1,43,,,,0.0,3.1367321014404297,1.0339096784591675
46,60,gaussian,1,43,0.359375,0.578125,0.359375,1.0,0.4699636399745941,0.1627407819032669
47,60,gaussian,1,43,0.28125,0.625,0.28125,1.0,6.096477508544922,2.0343856811523438
48,60,gaussian,1,43,0.234375,0.203125,0.5303030303030303,1.0,5.176769256591797,1.6725828647613525
49,60,gaussian,1,43,0.25,0.234375,0.5545454545454546,1.0,3.0827155113220215,0.9555655717849731
50,60,gaussian,1,43,0.265625,0.578125,0.265625,1.0,2.338229179382324,0.7557627558708191
51,60,gaussian,1,43,0.296875,0.3125,0.296875,1.0,2.4062423706054688,0.7080760598182678
52,60,gaussian,1,43,0.28125,0.625,0.28125,1.0,2.112628936767578,0.7174201607704163
53,60,gaussian,1,43,0.28125,0.265625,0.5,1.0,0.7506812810897827,0.24939514696598053
54,60,gaussian,1,43,0.2734375,0.234375,0.4496598639455782,1.0,2.2971079349517822,0.760219395160675
55,60,gaussian,1,43,0.234375,0.625,0.234375,1.0,2.1325278282165527,0.7477774024009705
56,60,gaussian,1,43,0.40625,0.421875,0.40625,1.0,1.703181505203247,0.5638735294342041
57,60,gaussian,1,43,0.328125,0.609375,0.328125,1.0,0.46627306938171387,0.14917464554309845
58,60,gaussian,1,43,0.21875,0.203125,0.3888888888888889,1.0,0.5948019623756409,0.18930186331272125
59,60,gaussian,1,43,0.5,0.421875,0.5,1.0,0.4080764651298523,0.14545348286628723
60,60,gaussian,1,43,0.46875,0.453125,0.46875,1.0,3.337233304977417,1.1407109498977661
61,60,gaussian,1,43,0.40625,0.46875,0.40625,1.0,1.731680154800415,0.5800822973251343
62,60,gaussian,1,43,0.359375,0.375,0.359375,1.0,3.8936707973480225,1.2560795545578003
63,60,gaussian,1,43,,,,0.0,8.388747215270996,2.6922895908355713
64,60,gaussian,1,43,0.71875,0.515625,0.71875,1.0,4.075310230255127,1.2652599811553955
65,60,gaussian,1,43,0.296875,0.5625,0.296875,1.0,1.9225716590881348,0.642183244228363
66,60,gaussian,1,43,0.6875,0.484375,0.6875,1.0,2.7032668590545654,0.8516330122947693
67,60,gaussian,1,43,0.453125,0.609375,0.453125,1.0,0.9743348956108093,0.32987305521965027
68,60,gaussian,1,43,0.515625,0.609375,0.515625,1.0,2.5677595138549805,0.9514796733856201
69,60,gaussian,1,43,0.296875,0.609375,0.296875,1.0,2.1596479415893555,0.7258647680282593
70,60,gaussian,1,43,,,,0.0,2.7416110038757324,0.867396891117096
71,60,gaussian,1,43,0.625,0.640625,0.625,1.0,0.8827633857727051,0.27559131383895874
72,60,gaussian,1,43,0.2421875,0.265625,0.47941176470588237,1.0,1.671354055404663,0.5103075504302979
73,60,gaussian,1,43,0.40625,0.65625,0.40625,1.0,0.783524215221405,0.2658153772354126
74,60,gaussian,1,43,0.3125,0.3125,0.3125,1.0,3.7275290489196777,1.1585779190063477
75,60,gaussian,1,43,0.2578125,0.2734375,0.4933554817275747,1.0,3.0313923358917236,0.9229884147644043
76,60,gaussian,1,43,0.359375,0.546875,0.359375,1.0,1.8472462892532349,0.6259272694587708
77,60,gaussian,1,43,0.375,0.3125,0.375,1.0,3.9375030994415283,1.329843521118164
78,60,gaussian,1,43,0.484375,0.375,0.484375,1.0,1.026180386543274,0.3578855097293854
79,60,gaussian,1,43,0.40625,0.46875,0.40625,1.0,1.1235029697418213,0.3646370768547058
80,60,gaussian,1,43,0.34375,0.640625,0.34375,1.0,1.7270827293395996,0.6203634142875671
81,60,gaussian,1,43,0.25,0.2734375,0.48785425101214575,1.0,1.0788860321044922,0.3276802897453308
82,60,gaussian,1,43,0.609375,0.640625,0.609375,1.0,4.332016944885254,1.4456032514572144
83,60,gaussian,1,43,0.375,0.65625,0.375,1.0,0.4880952835083008,0.14776141941547394
84,60,gaussian,1,43,0.484375,0.578125,0.484375,1.0,0.43928515911102295,0.15039487183094025
85,60,gaussian,1,43,0.53125,0.59375,0.53125,1.0,0.6837916970252991,0.23604105412960052
86,60,gaussian,1,43,0.25,0.59375,0.25,1.0,2.134995937347412,0.7478921413421631
87,60,gaussian,1,43,0.328125,0.59375,0.328125,1.0,2.528608560562134,0.7681836485862732
88,60,gaussian,1,43,0.28125,0.203125,0.28125,1.0,0.9785382747650146,0.28719931840896606
89,60,gaussian,1,43,0.5,0.46875,0.5,1.0,1.4332289695739746,0.48263585567474365
90,60,gaussian,1,43,0.421875,0.4375,0.421875,1.0,2.0384867191314697,0.6808997392654419
91,60,gaussian,1,43,,,,0.0,1.428694486618042,0.4594738185405731
92,60,gaussian,1,43,0.265625,0.609375,0.265625,1.0,1.216626763343811,0.3910408020019531
93,60,gaussian,1,43,0.703125,0.609375,0.703125,1.0,0.9069843292236328,0.28176483511924744
94,60,gaussian,1,43,0.546875,0.578125,0.546875,1.0,8.42505931854248,2.9245388507843018
95,60,gaussian,1,43,0.25,0.609375,0.25,1.0,1.9861695766448975,0.6326796412467957
96,60,gaussian,1,43,0.53125,0.625,0.53125,1.0,3.6441426277160645,1.2555880546569824
97,60,gaussian,1,43,0.296875,0.59375,0.296875,1.0,2.0667951107025146,0.6832566857337952
98,60,gaussian,1,43,0.6875,0.484375,0.6875,1.0,2.7074031829833984,0.8516330122947693
99,60,gaussian,1,43,0.625,0.640625,0.625,1.0,0.8822242617607117,0.27559131383895874
100,60,gaussian,1,43,0.3125,0.28125,0.3125,1.0,0.29135146737098694,0.08795788139104843
101,60,gaussian,1,43,0.390625,0.546875,0.390625,1.0,0.6952838897705078,0.22600245475769043
102,60,gaussian,1,43,0.59375,0.640625,0.59375,1.0,3.554947853088379,1.2913000583648682
103,60,gaussian,1,43,0.28125,0.578125,0.28125,1.0,1.4380757808685303,0.4109717607498169
104,60,gaussian,1,43,0.4375,0.40625,0.4375,1.0,0.9550498127937317,0.34244096279144287
105,60,gaussian,1,43,0.21875,0.625,0.21875,1.0,0.40903905034065247,0.1402009129524231
106,60,gaussian,1,43,0.546875,0.5,0.546875,1.0,1.0107859373092651,0.341830849647522
107,60,gaussian,1,43,0.390625,0.484375,0.390625,1.0,2.137936592102051,0.732180118560791
108,60,gaussian,1,43,,,,0.0,4.190354347229004,1.2769148349761963
109,60,gaussian,1,43,0.2421875,0.2578125,0.47745098039215683,1.0,4.461230278015137,1.3797106742858887
110,60,gaussian,1,43,0.421875,0.59375,0.421875,1.0,0.2594752907752991,0.08283542096614838
111,60,gaussian,1,43,0.28125,0.578125,0.28125,1.0,1.0651878118515015,0.36085936427116394
112,60,gaussian,1,43,0.34375,0.375,0.44,1.0,1.5096073150634766,0.4838460385799408
113,60,gaussian,1,43,0.265625,0.578125,0.265625,1.0,2.9625802040100098,0.9879330396652222
114,60,gaussian,1,43,0.359375,0.296875,0.359375,1.0,0.5270856618881226,0.19282181560993195
115,60,gaussian,1,43,0.390625,0.578125,0.390625,1.0,2.042832851409912,0.6642747521400452
116,60,gaussian,1,43,0.28125,0.609375,0.28125,1.0,1.0799410343170166,0.35915425419807434
117,60,gaussian,1,43,0.2265625,0.234375,0.4875,1.0,1.5782063007354736,0.5093807578086853
118,60,gaussian,1,43,0.53125,0.609375,0.53125,1.0,1.4978681802749634,0.5471937656402588
119,60,gaussian,1,43,0.234375,0.5625,0.234375,1.0,0.7860544919967651,0.268269807100296
120,60,gaussian,1,43,0.671875,0.359375,0.671875,1.0,3.8235459327697754,1.1939916610717773
121,60,gaussian,1,43,0.5,0.625,0.5,1.0,0.21789497137069702,0.07155760377645493
122,60,gaussian,1,43,0.28125,0.203125,0.28125,1.0,0.9781948328018188,0.28719931840896606
123,60,gaussian,1,43,0.3125,0.609375,0.3125,1.0,1.211561679840088,0.42650678753852844
124,60,gaussian,1,43,0.28125,0.578125,0.28125,1.0,1.0655878782272339,0.36085936427116394
125,60,gaussian,1,43,0.21875,0.5,0.21875,1.0,0.6300917863845825,0.18517933785915375
126,60,gaussian,1,43,0.25,0.2421875,0.5,1.0,2.6712381839752197,0.9446226358413696
127,60,gaussian,1,43,0.375,0.46875,0.375,1.0,0.10762158036231995,0.03692401573061943
128,60,gaussian,1,43,0.453125,0.5,0.453125,1.0,1.123315691947937,0.3841545581817627
129,60,gaussian,1,43,0.3125,0.546875,0.3125,1.0,2.0397720336914062,0.6471436023712158
130,60,gaussian,1,43,0.484375,0.609375,0.484375,1.0,0.4795064628124237,0.1638273298740387
131,60,gaussian,1,43,0.359375,0.5,0.359375,1.0,2.2507848739624023,0.7914089560508728
132,60,gaussian,1,43,0.390625,0.3125,0.390625,1.0,3.942065477371216,1.329843521118164
133,60,gaussian,1,43,0.234375,0.1796875,0.5086580086580086,1.0,2.5997345447540283,0.8293046355247498
134,60,gaussian,1,43,0.609375,0.65625,0.609375,1.0,0.8817579746246338,0.27559131383895874
135,60,gaussian,1,43,0.25,0.609375,0.25,1.0,1.9879934787750244,0.6326796412467957
136,60,gaussian,1,43,0.5625,0.515625,0.5625,1.0,3.4889540672302246,1.2590175867080688
137,60,gaussian,1,43,0.390625,0.609375,0.390625,1.0,6.412173271179199,2.317805767059326
138,60,gaussian,1,43,0.328125,0.40625,0.328125,1.0,0.9674223065376282,0.34201377630233765
139,60,gaussian,1,43,0.34375,0.5625,0.34375,1.0,2.23528790473938,0.7328567504882812
140,60,gaussian,1,43,0.5625,0.640625,0.5625,1.0,0.6675430536270142,0.22425968945026398
141,60,gaussian,1,43,0.140625,0.109375,0.2647058823529412,1.0,2.2173538208007812,0.6573672890663147
142,60,gaussian,1,43,,,,0.0,8.392528533935547,2.6922895908355713
143,60,gaussian,1,43,0.390625,0.59375,0.390625,1.0,2.0443122386932373,0.6642747521400452
144,60,gaussian,1,43,0.34375,0.359375,0.34375,1.0,4.51164436340332,1.410272479057312
145,60,gaussian,1,43,0.25,0.578125,0.25,1.0,1.0630868673324585,0.3645017445087433
146,60,gaussian,1,43,0.2265625,0.234375,0.47874493927125505,1.0,1.3406705856323242,0.44140076637268066
147,60,gaussian,1,43,0.296875,0.46875,0.296875,1.0,2.852321147918701,0.8512218594551086
148,60,gaussian,1,43,0.25,0.234375,0.5225225225225225,1.0,2.663220167160034,0.869855523109436
149,60,gaussian,1,43,,,,0.0,0.9973346590995789,0.3449229598045349
150,60,gaussian,1,43,0.375,0.40625,0.375,1.0,0.34784144163131714,0.11180266737937927
151,60,gaussian,1,43,0.1875,0.140625,0.4444444444444444,1.0,1.0783259868621826,0.3276802897453308
152,60,gaussian,1,43,0.328125,0.359375,0.328125,1.0,4.511560916900635,1.410272479057312
153,60,gaussian,1,43,0.2421875,0.2265625,0.49901477832512314,1.0,0.9448356628417969,0.3147042691707611
154,60,gaussian,1,43,0.59375,0.421875,0.59375,1.0,1.04328191280365,0.32954299449920654
155,60,gaussian,1,43,0.25,0.2578125,0.5079365079365079,1.0,0.8754626512527466,0.2513788938522339
156,60,gaussian,1,43,0.53125,0.625,0.53125,1.0,0.8299286961555481,0.2952440679073334
157,60,gaussian,1,43,0.28125,0.578125,0.28125,1.0,3.1040942668914795,0.9908080101013184
158,60,gaussian,1,43,0.46875,0.4375,0.46875,1.0,1.0835826396942139,0.3802253007888794
159,60,gaussian,1,43,0.21875,0.171875,0.3684210526315789,1.0,2.6599068641662598,0.8698555827140808
160,60,gaussian,1,43,0.671875,0.484375,0.671875,1.0,2.7027368545532227,0.8516330718994141
161,60,gaussian,1,43,0.46875,0.515625,0.46875,1.0,0.5301945805549622,0.18881584703922272
162,60,gaussian,1,43,0.53125,0.484375,0.53125,1.0,1.0535160303115845,0.3614308536052704
163,60,gaussian,1,43,0.3125,0.609375,0.3125,1.0,1.2119057178497314,0.42650678753852844
164,60,gaussian,1,43,0.53125,0.578125,0.53125,1.0,0.6839572191238403,0.23604103922843933
165,60,gaussian,1,43,0.25,0.609375,0.25,1.0,1.535069465637207,0.5257356762886047
166,60,gaussian,1,43,0.2265625,0.2109375,0.5350877192982456,1.0,5.781712532043457,1.8907798528671265
167,60,gaussian,1,43,0.296875,0.609375,0.296875,1.0,2.9950695037841797,1.027803659439087
168,60,gaussian,1,43,0.40625,0.390625,0.40625,1.0,2.6069517135620117,0.880449116230011
169,60,gaussian,1,43,0.59375,0.515625,0.59375,1.0,1.9068889617919922,0.6672065854072571
170,60,gaussian,1,43,0.359375,0.296875,0.359375,1.0,0.527102530002594,0.19282181560993195
171,60,gaussian,1,43,0.34375,0.328125,0.34375,1.0,1.2759208679199219,0.4114142954349518
172,60,gaussian,1,43,0.484375,0.53125,0.484375,1.0,1.5203262567520142,0.526970624923706
173,60,gaussian,1,43,0.25,0.59375,0.25,1.0,2.1351566314697266,0.7478921413421631
174,60,gaussian,1,43,0.28125,0.359375,0.5454545454545454,1.0,2.1000051498413086,0.6215579509735107
175,60,gaussian,1,43,0.53125,0.578125,0.53125,1.0,0.6839900612831116,0.23604103922843933
176,60,gaussian,1,43,0.40625,0.46875,0.40625,1.0,1.7318408489227295,0.5800822973251343
177,60,gaussian,1,43,0.484375,0.625,0.484375,1.0,0.2180941253900528,0.07155759632587433
178,60,gaussian,1,43,0.140625,0.109375,0.3,1.0,2.100752353668213,0.6215580105781555
179,60,gaussian,1,43,0.3125,0.578125,0.3125,1.0,2.8613274097442627,0.9518041014671326
180,60,gaussian,1,43,0.328125,0.265625,0.328125,1.0,7.734440803527832,2.3642728328704834
181,60,gaussian,1,43,0.21875,0.234375,0.4330400782013686,1.0,2.099555015563965,0.6215579509735107
182,60,gaussian,1,43,0.390625,0.4375,0.390625,1.0,2.992175579071045,1.083630084991455
183,60,gaussian,1,43,0.3125,0.625,0.3125,1.0,1.0627986192703247,0.3629729449748993
184,60,gaussian,1,43,0.453125,0.25,0.453125,1.0,0.11739020049571991,0.04371132329106331
185,60,gaussian,1,43,0.328125,0.5625,0.328125,1.0,2.5028488636016846,0.8295822739601135
186,60,gaussian,1,43,,,,0.0,4.1895341873168945,1.2769149541854858
187,60,gaussian,1,43,0.265625,0.59375,0.265625,1.0,0.800167441368103,0.26784375309944153
188,60,gaussian,1,43,0.28125,0.2578125,0.5415415415415415,1.0,1.897714614868164,0.6209119558334351
189,60,gaussian,1,43,0.296875,0.546875,0.296875,1.0,2.2907650470733643,0.6902981400489807
190,60,gaussian,1,43,0.53125,0.578125,0.53125,1.0,0.8006366491317749,0.26684680581092834
191,60,gaussian,1,43,0.34375,0.5625,0.34375,1.0,2.988243579864502,1.0046526193618774
192,60,gaussian,1,43,0.2109375,0.21875,0.42668621700879766,1.0,4.062762260437012,1.2538644075393677
193,60,gaussian,1,43,0.3125,0.5625,0.3125,1.0,1.987668514251709,0.6202473044395447
194,60,gaussian,1,43,0.53125,0.609375,0.53125,1.0,1.3343392610549927,0.4710029363632202
195,60,gaussian,1,43,0.40625,0.625,0.40625,1.0,0.9983425140380859,0.3395322561264038
196,60,gaussian,1,43,0.265625,0.609375,0.265625,1.0,0.7540919780731201,0.24779579043388367
197,60,gaussian,1,43,0.546875,0.609375,0.546875,1.0,0.6124436259269714,0.19749173521995544
198,60,gaussian,1,43,,,,0.0,1.3446040153503418,0.4271460175514221
199,60,gaussian,1,43,0.3125,0.625,0.3125,1.0,1.0625046491622925,0.3629729449748993
200,60,gaussian,1,43,0.21875,0.578125,0.21875,1.0,1.8544433116912842,0.6433864235877991
201,60,gaussian,1,43,0.546875,0.421875,0.546875,1.0,5.373509407043457,1.846243143081665
202,60,gaussian,1,43,0.3125,0.59375,0.3125,1.0,1.473205804824829,0.4925076365470886
203,60,gaussian,1,43,0.453125,0.640625,0.453125,1.0,0.4304867386817932,0.13988879323005676
204,60,gaussian,1,43,0.671875,0.25,0.671875,1.0,3.550194501876831,1.1323788166046143
205,60,gaussian,1,43,0.5,0.46875,0.5,1.0,2.330414295196533,0.8156629204750061
206,60,gaussian,1,43,0.46875,0.515625,0.46875,1.0,1.5205438137054443,0.526970624923706
207,60,gaussian,1,43,0.5,0.578125,0.5,1.0,0.43946564197540283,0.15039487183094025
208,60,gaussian,1,43,0.59375,0.640625,0.59375,1.0,3.554795742034912,1.2913000583648682
209,60,gaussian,1,43,0.65625,0.609375,0.65625,1.0,0.390083372592926,0.13604682683944702
210,60,gaussian,1,43,0.453125,0.609375,0.453125,1.0,4.663653373718262,1.6733280420303345
211,60,gaussian,1,43,0.53125,0.578125,0.53125,1.0,1.3101502656936646,0.43816426396369934
212,60,gaussian,1,43,0.5625,0.5,0.5625,1.0,0.5626301169395447,0.1794770359992981
213,60,gaussian,1,43,0.5,0.515625,0.5,1.0,3.0250163078308105,1.076743245124817
214,60,gaussian,1,43,0.265625,0.625,0.265625,1.0,0.7996159791946411,0.24908705055713654
215,60,gaussian,1,43,0.546875,0.640625,0.546875,1.0,3.6459293365478516,1.255588173866272
216,60,gaussian,1,43,0.40625,0.578125,0.40625,1.0,1.5456438064575195,0.497736394405365
217,60,gaussian,1,43,0.234375,0.21875,0.4604604604604604,1.0,0.7468578815460205,0.2155941128730774
218,60,gaussian,1,43,0.34375,0.578125,0.34375,1.0,1.0560981035232544,0.32252177596092224
219,60,gaussian,1,43,0.53125,0.5,0.53125,1.0,2.6176974773406982,0.8547807335853577
220,60,gaussian,1,43,0.328125,0.40625,0.328125,1.0,0.9674111008644104,0.34201377630233765
221,60,gaussian,1,43,0.25,0.578125,0.25,1.0,0.7860738039016724,0.268269807100296
222,60,gaussian,1,43,0.265625,0.265625,0.48062015503875966,1.0,2.5819194316864014,0.8090972304344177
223,60,gaussian,1,43,0.546875,0.53125,0.546875,1.0,3.487014055252075,1.2590175867080688
224,60,gaussian,1,43,,,,0.0,5.179819107055664,1.6725828647613525
225,60,gaussian,1,43,0.328125,0.546875,0.328125,1.0,2.5015950202941895,0.8295822739601135
226,60,gaussian,1,43,0.3125,0.59375,0.3125,1.0,1.1650216579437256,0.40676864981651306
227,60,gaussian,1,43,0.28125,0.625,0.28125,1.0,1.6129910945892334,0.5127493143081665
228,60,gaussian,1,43,,,,0.0,5.179907321929932,1.6725828647613525
229,60,gaussian,1,43,0.625,0.640625,0.625,1.0,1.9774647951126099,0.6561064720153809
230,60,gaussian,1,43,0.28125,0.546875,0.28125,1.0,2.212441921234131,0.7111892104148865
231,60,gaussian,1,43,0.25,0.609375,0.25,1.0,1.2616864442825317,0.42354270815849304
232,60,gaussian,1,43,0.21875,0.21875,0.475,1.0,0.5721017122268677,0.17580732703208923
233,60,gaussian,1,43,0.3125,0.5625,0.3125,1.0,1.9884986877441406,0.6202473044395447
234,60,gaussian,1,43,0.375,0.546875,0.375,1.0,1.2444891929626465,0.4218868613243103
235,60,gaussian,1,43,0.3125,0.5625,0.3125,1.0,1.9880675077438354,0.6202473044395447
236,60,gaussian,1,43,0.5,0.546875,0.5,1.0,0.7257353067398071,0.24549371004104614
237,60,gaussian,1,43,0.328125,0.640625,0.328125,1.0,1.339290738105774,0.4696386158466339
238,60,gaussian,1,43,0.375,0.4375,0.375,1.0,0.99944007396698,0.33865776658058167
239,60,gaussian,1,43,0.484375,0.546875,0.484375,1.0,0.2924509048461914,0.09871941059827805
240,60,gaussian,1,43,0.6875,0.328125,0.6875,1.0,0.6011666059494019,0.17500926554203033
241,60,gaussian,1,43,0.6875,0.21875,0.6875,1.0,0.9788478016853333,0.299004465341568
242,60,gaussian,1,43,0.28125,0.59375,0.28125,1.0,1.3449954986572266,0.4306492507457733
243,60,gaussian,1,43,0.5,0.5,0.5,1.0,4.750853061676025,1.6814554929733276
244,60,gaussian,1,43,0.2265625,0.1875,0.4955703211517165,1.0,2.5991756916046143,0.8293046355247498
245,60,gaussian,1,43,0.4375,0.625,0.4375,1.0,1.4686832427978516,0.4644108712673187
246,60,gaussian,1,43,0.65625,0.46875,0.65625,1.0,15.233649253845215,4.890635013580322
247,60,gaussian,1,43,0.234375,0.2265625,0.46031746031746035,1.0,0.7473151087760925,0.2155941128730774
248,60,gaussian,1,43,0.40625,0.375,0.40625,1.0,2.2886743545532227,0.7572996616363525
249,60,gaussian,1,43,0.28125,0.25,0.5294117647058824,1.0,0.5437989234924316,0.1524157077074051
250,60,gaussian,1,43,0.703125,0.515625,0.703125,1.0,2.6439452171325684,0.9125421643257141
251,60,gaussian,1,43,0.328125,0.609375,0.328125,1.0,2.6727092266082764,0.931484580039978
252,60,gaussian,1,43,0.34375,0.640625,0.34375,1.0,2.2153470516204834,0.7335115671157837
253,60,gaussian,1,43,0.3125,0.546875,0.3125,1.0,1.5354499816894531,0.47242027521133423
254,60,gaussian,1,43,0.5,0.421875,0.5,1.0,0.8380453586578369,0.2958470582962036
255,60,gaussian,1,43,0.265625,0.578125,0.265625,1.0,1.298445224761963,0.4172990620136261
256,60,gaussian,1,43,0.65625,0.46875,0.65625,1.0,15.236835479736328,4.890635013580322
257,60,gaussian,1,43,0.578125,0.640625,0.578125,1.0,1.777353286743164,0.5812349319458008
258,60,gaussian,1,43,0.390625,0.65625,0.390625,1.0,0.4883977174758911,0.14776141941547394
259,60,gaussian,1,43,0.328125,0.28125,0.328125,1.0,2.5398712158203125,0.826026976108551
260,60,gaussian,1,43,,,,0.0,3.5979435443878174,1.2384932041168213
261,60,gaussian,1,43,0.25,0.5625,0.25,1.0,1.259022831916809,0.3960251808166504
262,60,gaussian,1,43,0.296875,0.578125,0.296875,1.0,0.7265390157699585,0.24020567536354065
263,60,gaussian,1,43,0.765625,0.5625,0.765625,1.0,0.40695464611053467,0.13902129232883453
264,60,gaussian,1,43,0.21875,0.578125,0.21875,1.0,1.8551093339920044,0.6433864235877991
265,60,gaussian,1,43,0.4375,0.46875,0.4375,1.0,2.432161331176758,0.8317863345146179
266,60,gaussian,1,43,0.53125,0.5,0.53125,1.0,2.617180824279785,0.8547807335853577
267,60,gaussian,1,43,0.703125,0.609375,0.703125,1.0,0.5249075889587402,0.1936076283454895
268,60,gaussian,1,43,0.359375,0.625,0.359375,1.0,2.392125368118286,0.7817540764808655
269,60,gaussian,1,43,0.625,0.453125,0.625,1.0,6.777741432189941,2.347736358642578
270,60,gaussian,1,43,0.296875,0.21875,0.296875,1.0,0.9807199239730835,0.28719931840896606
271,60,gaussian,1,43,0.265625,0.578125,0.265625,1.0,1.0606482028961182,0.3645017743110657
272,60,gaussian,1,43,0.453125,0.609375,0.453125,1.0,0.9742516279220581,0.32987305521965027
273,60,gaussian,1,43,0.484375,0.59375,0.484375,1.0,1.5346052646636963,0.5315380096435547
274,60,gaussian,1,43,0.40625,0.59375,0.40625,1.0,2.9697206020355225,1.0053991079330444
275,60,gaussian,1,43,0.296875,0.5625,0.296875,1.0,1.9202125072479248,0.642183244228363
276,60,gaussian,1,43,0.34375,0.28125,0.34375,1.0,2.5372586250305176,0.826026976108551
277,60,gaussian,1,43,0.53125,0.328125,0.53125,1.0,2.8450584411621094,1.034978985786438
278,60,gaussian,1,43,0.59375,0.625,0.59375,1.0,0.33622997999191284,0.10481635481119156
279,60,gaussian,1,43,0.546875,0.578125,0.546875,1.0,0.6924188733100891,0.23976503312587738
280,60,gaussian,1,43,0.59375,0.421875,0.59375,1.0,1.0432196855545044,0.32954296469688416
281,60,gaussian,1,43,,,,0.0,4.183724403381348,1.2769148349761963
282,60,gaussian,1,43,0.375,0.640625,0.375,1.0,2.2286834716796875,0.6943051218986511
283,60,gaussian,1,43,0.375,0.484375,0.375,1.0,1.4584150314331055,0.47241586446762085
284,60,gaussian,1,43,0.234375,0.578125,0.234375,1.0,1.2559287548065186,0.396025151014328
285,60,gaussian,1,43,0.25,0.265625,0.49411764705882355,1.0,1.6720242500305176,0.5103075504302979
286,60,gaussian,1,43,0.421875,0.4375,0.421875,1.0,1.0731545686721802,0.3498137891292572
287,60,gaussian,1,43,0.5,0.578125,0.5,1.0,0.43945229053497314,0.15039487183094025
288,60,gaussian,1,43,0.34375,0.5625,0.34375,1.0,3.970860481262207,1.2741868495941162
289,60,gaussian,1,43,0.34375,0.484375,0.34375,1.0,2.283271312713623,0.7110126614570618
290,60,gaussian,1,43,0.28125,0.5625,0.28125,1.0,2.8483052253723145,0.9444712400436401
291,60,gaussian,1,43,0.59375,0.421875,0.59375,1.0,1.0432177782058716,0.32954296469688416
292,60,gaussian,1,43,0.203125,0.203125,0.40957966764418374,1.0,1.4378137588500977,0.39355459809303284
293,60,gaussian,1,43,0.3125,0.59375,0.3125,1.0,1.4733669757843018,0.4925076365470886
294,60,gaussian,1,43,0.21875,0.234375,0.3111111111111111,1.0,1.0626070499420166,0.35579797625541687
295,60,gaussian,1,43,0.3125,0.578125,0.3125,1.0,1.652989149093628,0.5510165095329285
296,60,gaussian,1,43,0.3125,0.609375,0.3125,1.0,1.1531413793563843,0.40454134345054626
297,60,gaussian,1,43,0.40625,0.65625,0.40625,1.0,1.369089126586914,0.45219582319259644
298,60,gaussian,1,43,0.296875,0.5625,0.296875,1.0,0.7262803912162781,0.24020566046237946
299,60,gaussian,1,43,0.3125,0.59375,0.3125,1.0,1.5957098007202148,0.5418188571929932
300,60,gaussian,1,43,0.390625,0.421875,0.390625,1.0,2.0644712448120117,0.6580610871315002
301,60,gaussian,1,43,0.421875,0.453125,0.421875,1.0,2.669278621673584,0.9185458421707153
302,60,gaussian,1,43,0.28125,0.5625,0.28125,1.0,2.210294246673584,0.7111892104148865
303,60,gaussian,1,43,0.328125,0.609375,0.328125,1.0,2.214103937149048,0.7228179574012756
304,60,gaussian,1,43,0.28125,0.25,0.28125,1.0,1.3472341299057007,0.40757203102111816
305,60,gaussian,1,43,0.1875,0.15625,0.46153846153846156,1.0,1.2372632026672363,0.3825078010559082
306,60,gaussian,1,43,0.34375,0.484375,0.34375,1.0,1.7690352201461792,0.5693441033363342
307,60,gaussian,1,43,0.25,0.609375,0.25,1.0,1.990313172340393,0.6356554627418518
308,60,gaussian,1,43,0.625,0.546875,0.625,1.0,6.879175186157227,2.1651928424835205
309,60,gaussian,1,43,0.34375,0.359375,0.34375,1.0,1.6515419483184814,0.5026766061782837
310,60,gaussian,1,43,,,,0.0,2.758817195892334,0.9757277369499207
311,60,gaussian,1,43,0.28125,0.234375,0.28125,1.0,1.5396705865859985,0.4493439793586731
312,60,gaussian,1,43,0.28125,0.578125,0.28125,1.0,0.7256495952606201,0.24020567536354065
313,60,gaussian,1,43,0.28125,0.578125,0.28125,1.0,1.089131236076355,0.3314951956272125
314,60,gaussian,1,43,0.28125,0.234375,0.28125,1.0,1.3487513065338135,0.40757203102111816
315,60,gaussian,1,43,0.421875,0.65625,0.421875,1.0,0.21619854867458344,0.06841857731342316
316,60,gaussian,1,43,0.25,0.25,0.5,1.0,0.8854063749313354,0.2810325622558594
317,60,gaussian,1,43,0.640625,0.65625,0.640625,1.0,0.7420030236244202,0.246124267578125
318,60,gaussian,1,43,0.546875,0.640625,0.546875,1.0,0.33969545364379883,0.11560230702161789
319,60,gaussian,1,43,0.390625,0.40625,0.390625,1.0,0.5726031064987183,0.20059597492218018
320,60,gaussian,1,43,0.40625,0.5625,0.40625,1.0,1.6564613580703735,0.587451159954071
321,60,gaussian,1,43,0.515625,0.453125,0.515625,1.0,1.4318082332611084,0.48263585567474365
322,60,gaussian,1,43,0.296875,0.359375,0.5757575757575758,1.0,2.100979804992676,0.6215579509735107
323,60,gaussian,1,43,0.3125,0.625,0.3125,1.0,1.062631368637085,0.3629729151725769
324,60,gaussian,1,43,0.765625,0.5625,0.765625,1.0,0.40690430998802185,0.13902129232883453
325,60,gaussian,1,43,0.40625,0.53125,0.40625,1.0,3.3106343746185303,1.1310014724731445
326,60,gaussian,1,43,0.546875,0.421875,0.546875,1.0,2.336306571960449,0.8109399676322937
327,60,gaussian,1,43,0.2421875,0.2578125,0.5414285714285715,1.0,1.5093567371368408,0.4838460385799408
328,60,gaussian,1,43,0.328125,0.546875,0.328125,1.0,2.039703845977783,0.6471436023712158
329,60,gaussian,1,43,0.3125,0.59375,0.3125,1.0,1.212108850479126,0.42650681734085083
330,60,gaussian,1,43,0.5,0.625,0.5,1.0,0.2179611623287201,0.07155759632587433
331,60,gaussian,1,43,0.5,0.59375,0.5,1.0,1.0178508758544922,0.3516087234020233
332,60,gaussian,1,43,0.296875,0.609375,0.296875,1.0,2.1636831760406494,0.7258647680282593
333,60,gaussian,1,43,0.296875,0.484375,0.296875,1.0,2.8484246730804443,0.8512218594551086
334,60,gaussian,1,43,0.2578125,0.2734375,0.4933554817275747,1.0,3.031498908996582,0.9229884743690491
335,60,gaussian,1,43,0.34375,0.375,0.34375,1.0,1.1196908950805664,0.3426576554775238
336,60,gaussian,1,43,0.515625,0.578125,0.515625,1.0,3.730602264404297,1.2777098417282104
337,60,gaussian,1,43,0.578125,0.515625,0.578125,1.0,1.0926909446716309,0.37970107793807983
338,60,gaussian,1,43,0.40625,0.390625,0.40625,1.0,2.289182662963867,0.7572996616363525
339,60,gaussian,1,43,0.2265625,0.1875,0.4955703211517165,1.0,2.595566749572754,0.8293046355247498
340,60,gaussian,1,43,0.53125,0.625,0.53125,1.0,0.8311271667480469,0.2952440679073334
341,60,gaussian,1,43,0.2578125,0.265625,0.4933554817275747,1.0,3.0299596786499023,0.9229884743690491
342,60,gaussian,1,43,0.34375,0.5625,0.34375,1.0,2.9888594150543213,1.0046526193618774
343,60,gaussian,1,43,0.53125,0.59375,0.53125,1.0,0.6837327480316162,0.23604103922843933
344,60,gaussian,1,43,0.375,0.609375,0.375,1.0,2.3952972888946533,0.7817540764808655
345,60,gaussian,1,43,0.28125,0.609375,0.28125,1.0,0.9796652793884277,0.3407631814479828
346,60,gaussian,1,43,0.578125,0.609375,0.578125,1.0,0.642484724521637,0.22473907470703125
347,60,gaussian,1,43,,,,0.0,0.8876528739929199,0.29389268159866333
348,60,gaussian,1,43,0.5625,0.53125,0.5625,1.0,3.488180637359619,1.2590175867080688
349,60,gaussian,1,43,0.28125,0.640625,0.28125,1.0,1.2166764736175537,0.4078541696071625
350,60,gaussian,1,43,0.328125,0.609375,0.328125,1.0,0.4665144681930542,0.14917464554309845
351,60,gaussian,1,43,0.265625,0.609375,0.265625,1.0,1.2618629932403564,0.42354273796081543
352,60,gaussian,1,43,0.296875,0.609375,0.296875,1.0,2.161203622817993,0.7258647680282593
353,60,gaussian,1,43,0.328125,0.265625,0.328125,1.0,7.7294416427612305,2.3642730712890625
354,60,gaussian,1,43,,,,0.0,1.8981889486312866,0.606056809425354
355,60,gaussian,1,43,,,,0.0,2.762726068496704,0.9757277369499207
356,60,gaussian,1,43,0.265625,0.609375,0.265625,1.0,1.4938544034957886,0.48185041546821594
357,60,gaussian,1,43,0.484375,0.59375,0.484375,1.0,1.533998966217041,0.5315380096435547
358,60,gaussian,1,43,0.296875,0.625,0.296875,1.0,2.994755268096924,1.027803659439087
359,60,gaussian,1,43,0.2421875,0.234375,0.504004004004004,1.0,0.8136009573936462,0.26791107654571533
360,60,gaussian,1,43,0.3125,0.265625,0.7407407407407407,1.0,3.6497695446014404,1.1947077512741089
361,60,gaussian,1,43,0.421875,0.59375,0.421875,1.0,0.25942322611808777,0.08283542096614838
362,60,gaussian,1,43,0.578125,0.640625,0.578125,1.0,2.192046880722046,0.7032487392425537
363,60,gaussian,1,43,0.390625,0.390625,0.390625,1.0,0.5724063515663147,0.20059596002101898
364,60,gaussian,1,43,0.3125,0.515625,0.3125,1.0,1.6734662055969238,0.5193136930465698
365,60,gaussian,1,43,0.40625,0.46875,0.40625,1.0,1.7317591905593872,0.5800822973251343
366,60,gaussian,1,43,0.765625,0.5625,0.765625,1.0,0.407321572303772,0.13902129232883453
367,60,gaussian,1,43,0.328125,0.484375,0.328125,1.0,2.2827329635620117,0.7110127210617065
368,60,gaussian,1,43,0.2421875,0.25,0.463963963963964,1.0,1.433957576751709,0.4469276964664459
369,60,gaussian,1,43,0.421875,0.4375,0.421875,1.0,2.037153720855713,0.6808997988700867
370,60,gaussian,1,43,0.3125,0.546875,0.3125,1.0,1.3155406713485718,0.4333727955818176
371,60,gaussian,1,43,0.578125,0.640625,0.578125,1.0,1.7777221202850342,0.5812349319458008
372,60,gaussian,1,43,0.390625,0.59375,0.390625,1.0,6.417475700378418,2.317805767059326
373,60,gaussian,1,43,0.359375,0.65625,0.359375,1.0,3.2374157905578613,1.0621241331100464
374,60,gaussian,1,43,0.484375,0.5,0.484375,1.0,1.0387096405029297,0.35948023200035095
375,60,gaussian,1,43,0.5,0.46875,0.5,1.0,2.3303062915802,0.8156629204750061
376,60,gaussian,1,43,0.328125,0.5625,0.328125,1.0,2.5024828910827637,0.8295822143554688
377,60,gaussian,1,43,0.421875,0.453125,0.421875,1.0,1.3953858613967896,0.4820362329483032
378,60,gaussian,1,43,0.375,0.640625,0.375,1.0,2.2278473377227783,0.6943051218986511
379,60,gaussian,1,43,0.34375,0.375,0.34375,1.0,4.511836051940918,1.4102725982666016
380,60,gaussian,1,43,0.359375,0.53125,0.359375,1.0,0.628846287727356,0.21381822228431702
381,60,gaussian,1,43,0.3125,0.578125,0.3125,1.0,1.1296448707580566,0.3353668749332428
382,60,gaussian,1,43,0.3125,0.546875,0.3125,1.0,2.7846078872680664,0.8686729073524475
383,60,gaussian,1,43,0.375,0.609375,0.375,1.0,2.3950510025024414,0.7817540764808655
384,60,gaussian,1,43,0.4375,0.625,0.4375,1.0,1.4714746475219727,0.4644108712673187
385,60,gaussian,1,43,0.25,0.609375,0.25,1.0,1.533942699432373,0.5257356762886047
386,60,gaussian,1,43,0.515625,0.59375,0.515625,1.0,1.012549877166748,0.3613377809524536
387,60,gaussian,1,43,0.21875,0.25,0.5833333333333334,1.0,0.5710010528564453,0.17580732703208923
388,60,gaussian,1,43,0.328125,0.609375,0.328125,1.0,2.67295241355896,0.931484580039978
389,60,gaussian,1,43,0.5,0.515625,0.5,1.0,2.274427652359009,0.775098979473114
390,60,gaussian,1,43,0.296875,0.3125,0.296875,1.0,0.16480281949043274,0.04736306890845299
391,60,gaussian,1,43,0.3125,0.546875,0.3125,1.0,1.9873676300048828,0.6202473044395447
392,60,gaussian,1,43,0.703125,0.5,0.703125,1.0,2.1018424034118652,0.6984643936157227
393,60,gaussian,1,43,0.28125,0.25,0.5404858299595142,1.0,2.8597631454467773,0.882222056388855
394,60,gaussian,1,43,0.234375,0.25,0.4652981427174976,1.0,4.46480655670166,1.3797106742858887
395,60,gaussian,1,43,0.5625,0.5,0.5625,1.0,0.5626006722450256,0.1794770359992981
396,60,gaussian,1,43,0.421875,0.65625,0.421875,1.0,0.21621009707450867,0.06841857731342316
397,60,gaussian,1,43,,,,0.0,2.496924877166748,0.8548209071159363
398,60,gaussian,1,43,0.359375,0.640625,0.359375,1.0,1.726886510848999,0.6203634142875671
399,60,gaussian,1,43,0.4375,0.46875,0.4375,1.0,2.4322195053100586,0.8317863345146179
400,60,gaussian,1,43,0.515625,0.609375,0.515625,1.0,0.4428248405456543,0.15965035557746887
401,60,gaussian,1,43,0.53125,0.640625,0.53125,1.0,0.3397691249847412,0.11560230702161789
402,60,gaussian,1,43,0.34375,0.390625,0.34375,1.0,0.9993200302124023,0.2997701168060303
403,60,gaussian,1,43,,,,0.0,2.7416911125183105,0.867396891117096
404,60,gaussian,1,43,0.28125,0.609375,0.28125,1.0,0.7987605333328247,0.24908705055713654
405,60,gaussian,1,43,0.375,0.609375,0.375,1.0,1.130021572113037,0.36708855628967285
406,60,gaussian,1,43,0.25,0.2421875,0.5024437927663734,1.0,0.8847808837890625,0.2810325622558594
407,60,gaussian,1,43,0.21875,0.2109375,0.46346346346346345,1.0,0.8862162828445435,0.29389268159866333
408,60,gaussian,1,43,0.21875,0.234375,0.4595141700404858,1.0,2.7197351455688477,0.8682747483253479
409,60,gaussian,1,43,0.2265625,0.234375,0.46176470588235297,1.0,1.085911512374878,0.3530712425708771
410,60,gaussian,1,43,0.28125,0.5625,0.28125,1.0,0.635474681854248,0.2002226710319519
411,60,gaussian,1,43,0.2734375,0.140625,0.5044296788482835,1.0,1.3579437732696533,0.4287993907928467
412,60,gaussian,1,43,0.375,0.390625,0.375,1.0,1.1898796558380127,0.3775847256183624
413,60,gaussian,1,43,0.53125,0.640625,0.53125,1.0,0.33983010053634644,0.11560230702161789
414,60,gaussian,1,43,0.2421875,0.25,0.463963963963964,1.0,4.787652969360352,1.4812750816345215
415,60,gaussian,1,43,0.359375,0.578125,0.359375,1.0,0.47001323103904724,0.1627407819032669
416,60,gaussian,1,43,0.40625,0.453125,0.40625,1.0,1.7311875820159912,0.5800822973251343
417,60,gaussian,1,43,0.2734375,0.1640625,0.4818840579710145,1.0,2.8773932456970215,0.9541831016540527
418,60,gaussian,1,43,0.234375,0.625,0.234375,1.0,2.1290652751922607,0.7477774024009705
419,60,gaussian,1,43,0.625,0.546875,0.625,1.0,6.878140926361084,2.1651930809020996
420,60,gaussian,1,43,0.4375,0.5,0.4375,1.0,0.639030933380127,0.23355405032634735
421,60,gaussian,1,43,0.28125,0.25,0.5404858299595142,1.0,2.8599627017974854,0.882222056388855
422,60,gaussian,1,43,0.25,0.578125,0.25,1.0,1.0639054775238037,0.3645017445087433
423,60,gaussian,1,43,0.28125,0.578125,0.28125,1.0,0.6352250576019287,0.2002226859331131
424,60,gaussian,1,43,0.265625,0.5625,0.265625,1.0,3.0977556705474854,0.9908080697059631
425,60,gaussian,1,43,0.296875,0.46875,0.296875,1.0,2.8499579429626465,0.8512217402458191
426,60,gaussian,1,43,0.265625,0.578125,0.265625,1.0,2.2190327644348145,0.7509734630584717
427,60,gaussian,1,43,,,,0.0,8.388482093811035,2.6922895908355713
428,60,gaussian,1,43,0.546875,0.640625,0.546875,1.0,0.33960437774658203,0.11560230702161789
429,60,gaussian,1,43,0.3125,0.59375,0.3125,1.0,3.3786730766296387,1.145105004310608
430,60,gaussian,1,43,0.640625,0.640625,0.640625,1.0,1.9788405895233154,0.6561064720153809
431,60,gaussian,1,43,0.3125,0.59375,0.3125,1.0,1.1539788246154785,0.40454134345054626
432,60,gaussian,1,43,0.390625,0.4375,0.390625,1.0,2.992342710494995,1.083630084991455
433,60,gaussian,1,43,0.296875,0.5625,0.296875,1.0,4.337042808532715,1.3665751218795776
434,60,gaussian,1,43,0.2578125,0.21875,0.5410410410410411,1.0,2.6622185707092285,0.869855523109436
435,60,gaussian,1,43,0.2265625,0.234375,0.47874493927125505,1.0,1.7865054607391357,0.5641760230064392
436,60,gaussian,1,43,0.265625,0.578125,0.265625,1.0,3.323970317840576,1.0406773090362549
437,60,gaussian,1,43,0.28125,0.59375,0.28125,1.0,2.797994375228882,0.8877378702163696
438,60,gaussian,1,43,0.5,0.546875,0.5,1.0,0.7256710529327393,0.24549369513988495
439,60,gaussian,1,43,0.546875,0.609375,0.546875,1.0,0.6126513481140137,0.19749173521995544
440,60,gaussian,1,43,0.4375,0.46875,0.4375,1.0,4.050678730010986,1.3662488460540771
441,60,gaussian,1,43,0.390625,0.484375,0.390625,1.0,2.137460231781006,0.732180118560791
442,60,gaussian,1,43,0.25,0.21875,0.4444444444444444,1.0,0.8753675222396851,0.2513788938522339
443,60,gaussian,1,43,0.421875,0.40625,0.421875,1.0,0.6119216680526733,0.1960570216178894
444,60,gaussian,1,43,0.59375,0.625,0.59375,1.0,0.33623266220092773,0.10481635481119156
445,60,gaussian,1,43,0.5,0.46875,0.5,1.0,2.3305504322052,0.8156629204750061
446,60,gaussian,1,43,0.46875,0.46875,0.46875,1.0,1.5953564643859863,0.5471730828285217
447,60,gaussian,1,43,0.3125,0.59375,0.3125,1.0,3.3787288665771484,1.145105004310608
448,60,gaussian,1,43,0.328125,0.546875,0.328125,1.0,0.6482418775558472,0.21652276813983917
449,60,gaussian,1,43,0.25,0.5625,0.25,1.0,1.2588460445404053,0.396025151014328
450,60,gaussian,1,43,0.46875,0.515625,0.46875,1.0,0.39442211389541626,0.13647978007793427
451,60,gaussian,1,43,0.421875,0.640625,0.421875,1.0,0.7455270290374756,0.2489704042673111
452,60,gaussian,1,43,0.453125,0.234375,0.453125,1.0,0.11752211302518845,0.04371132329106331
453,60,gaussian,1,43,0.296875,0.546875,0.296875,1.0,2.976992130279541,0.9458302855491638
454,60,gaussian,1,43,0.4375,0.453125,0.4375,1.0,2.4321250915527344,0.8317863345146179
455,60,gaussian,1,43,0.3125,0.53125,0.3125,1.0,3.2077066898345947,1.0226917266845703
456,60,gaussian,1,43,0.5,0.625,0.5,1.0,0.21793903410434723,0.07155759632587433
457,60,gaussian,1,43,0.375,0.5,0.375,1.0,2.250511407852173,0.7914090156555176
458,60,gaussian,1,43,0.453125,0.390625,0.453125,1.0,6.074399471282959,2.1385254859924316
459,60,gaussian,1,43,0.328125,0.5625,0.328125,1.0,0.6481663584709167,0.21652276813983917
460,60,gaussian,1,43,0.453125,0.234375,0.453125,1.0,0.11766578257083893,0.04371132329106331
461,60,gaussian,1,43,0.703125,0.625,0.703125,1.0,2.223144292831421,0.7215526700019836
462,60,gaussian,1,43,0.25,0.59375,0.25,1.0,2.036665201187134,0.6780808568000793
463,60,gaussian,1,43,0.3125,0.4375,0.3125,1.0,1.5152910947799683,0.46217697858810425
464,60,gaussian,1,43,0.4375,0.640625,0.4375,1.0,0.7455713748931885,0.2489704042673111
465,60,gaussian,1,43,0.4375,0.625,0.4375,1.0,1.4704492092132568,0.4644108712673187
466,60,gaussian,1,43,0.328125,0.546875,0.328125,1.0,1.7360897064208984,0.5816274285316467
467,60,gaussian,1,43,0.375,0.640625,0.375,1.0,2.228431224822998,0.6943051218986511
468,60,gaussian,1,43,0.484375,0.375,0.484375,1.0,1.0266082286834717,0.357885479927063
469,60,gaussian,1,43,0.53125,0.578125,0.53125,1.0,0.6839219331741333,0.23604103922843933
470,60,gaussian,1,43,0.5625,0.640625,0.5625,1.0,1.7764830589294434,0.5812349319458008
471,60,gaussian,1,43,0.28125,0.5625,0.28125,1.0,6.20148229598999,1.986939549446106
472,60,gaussian,1,43,0.21875,0.21875,0.46346346346346345,1.0,1.428184986114502,0.4594738185405731
473,60,gaussian,1,43,0.328125,0.609375,0.328125,1.0,0.7831968665122986,0.25871771574020386
474,60,gaussian,1,43,0.46875,0.625,0.46875,1.0,1.5303150415420532,0.5190969705581665
475,60,gaussian,1,43,0.4375,0.46875,0.4375,1.0,4.050893306732178,1.3662489652633667
476,60,gaussian,1,43,0.453125,0.46875,0.453125,1.0,1.5966026782989502,0.5471730828285217
477,60,gaussian,1,43,0.2734375,0.28125,0.48498122653316644,1.0,1.5405330657958984,0.49075013399124146
478,60,gaussian,1,43,0.265625,0.578125,0.265625,1.0,3.328861951828003,1.0406773090362549
479,60,gaussian,1,43,0.53125,0.53125,0.53125,1.0,1.124564528465271,0.3784044682979584
480,60,gaussian,1,43,0.578125,0.640625,0.578125,1.0,3.55598783493042,1.2913000583648682
481,60,gaussian,1,43,0.515625,0.59375,0.515625,1.0,3.728634834289551,1.2777098417282104
482,60,gaussian,1,43,0.53125,0.640625,0.53125,1.0,0.33973556756973267,0.11560230702161789
483,60,gaussian,1,43,0.375,0.3125,0.375,1.0,3.9414877891540527,1.329843521118164
484,60,gaussian,1,43,0.234375,0.234375,0.4764705882352941,1.0,1.0847803354263306,0.3530712425708771
485,60,gaussian,1,43,0.5625,0.53125,0.5625,1.0,2.77500581741333,0.9722275137901306
486,60,gaussian,1,43,0.375,0.59375,0.375,1.0,1.1302424669265747,0.36708858609199524
487,60,gaussian,1,43,0.40625,0.609375,0.40625,1.0,6.414836406707764,2.317805767059326
488,60,gaussian,1,43,0.328125,0.359375,0.328125,1.0,4.511292457580566,1.410272479057312
489,60,gaussian,1,43,0.3125,0.53125,0.3125,1.0,3.205899238586426,1.0226917266845703
490,60,gaussian,1,43,0.59375,0.453125,0.59375,1.0,2.94301700592041,0.9399842023849487
491,60,gaussian,1,43,0.375,0.640625,0.375,1.0,3.234776020050049,1.0621241331100464
492,60,gaussian,1,43,0.5,0.5625,0.5,1.0,7.855838775634766,2.7248730659484863
493,60,gaussian,1,43,0.4375,0.640625,0.4375,1.0,0.4310200810432434,0.13988877832889557
494,60,gaussian,1,43,0.40625,0.453125,0.40625,1.0,1.07378089427948,0.3498137891292572
495,60,gaussian,1,43,0.375,0.3125,0.375,1.0,3.9416027069091797,1.329843521118164
496,60,gaussian,1,43,0.25,0.578125,0.25,1.0,1.0640077590942383,0.3645017445087433
497,60,gaussian,1,43,0.40625,0.5625,0.40625,1.0,0.4807598292827606,0.16770228743553162
498,60,gaussian,1,43,0.328125,0.515625,0.328125,1.0,1.671220064163208,0.5193136930465698
499,60,gaussian,1,43,0.546875,0.609375,0.546875,1.0,7.189684867858887,2.38603138923645
500,60,gaussian,1,43,0.5,0.46875,0.5,1.0,2.329333782196045,0.8156629204750061
501,60,gaussian,1,43,0.421875,0.25,0.421875,1.0,1.6547101736068726,0.5755638480186462
502,60,gaussian,1,43,0.328125,0.609375,0.328125,1.0,0.45896029472351074,0.15517883002758026
503,60,gaussian,1,43,0.28125,0.609375,0.28125,1.0,0.9794399738311768,0.3407631516456604
504,60,gaussian,1,43,0.21875,0.21875,0.35,1.0,4.117879390716553,1.3195258378982544
505,60,gaussian,1,43,0.65625,0.65625,0.65625,1.0,0.4835638403892517,0.14745916426181793
506,60,gaussian,1,43,0.328125,0.3125,0.328125,1.0,3.728590488433838,1.158577799797058
507,60,gaussian,1,43,0.3125,0.578125,0.3125,1.0,1.6524229049682617,0.5510165095329285
508,60,gaussian,1,43,0.2734375,0.265625,0.521255060728745,1.0,2.8547582626342773,0.882222056388855
509,60,gaussian,1,43,0.2109375,0.2265625,0.42668621700879766,1.0,4.060688018798828,1.2538644075393677
510,60,gaussian,1,43,,,,0.0,3.324300765991211,1.1142836809158325
511,60,gaussian,1,43,0.65625,0.609375,0.65625,1.0,0.3899814486503601,0.13604682683944702
512,60,gaussian,1,43,0.234375,0.21875,0.6818181818181818,1.0,3.5986711978912354,1.2384933233261108
513,60,gaussian,1,43,0.328125,0.609375,0.328125,1.0,2.32088565826416,0.8068695068359375
514,60,gaussian,1,43,0.640625,0.59375,0.640625,1.0,1.2432774305343628,0.42627495527267456
515,60,gaussian,1,43,0.4375,0.578125,0.4375,1.0,0.40643706917762756,0.142042875289917
516,60,gaussian,1,43,0.1875,0.1875,0.3,1.0,0.5718986988067627,0.17580732703208923
517,60,gaussian,1,43,0.46875,0.453125,0.46875,1.0,0.47777318954467773,0.16198040544986725
518,60,gaussian,1,43,0.28125,0.59375,0.28125,1.0,1.345412254333496,0.4306492507457733
519,60,gaussian,1,43,0.46875,0.546875,0.46875,1.0,0.292487233877182,0.09871941059827805
520,60,gaussian,1,43,0.5,0.578125,0.5,1.0,0.43966448307037354,0.15039485692977905
521,60,gaussian,1,43,0.328125,0.625,0.328125,1.0,0.8454080820083618,0.297735333442688
522,60,gaussian,1,43,0.390625,0.421875,0.390625,1.0,3.670239210128784,1.2229821681976318
523,60,gaussian,1,43,0.28125,0.3125,0.28125,1.0,2.4066872596740723,0.7080760598182678
524,60,gaussian,1,43,0.34375,0.5625,0.34375,1.0,0.6493703126907349,0.21842092275619507
525,60,gaussian,1,43,0.40625,0.515625,0.40625,1.0,1.667049527168274,0.5774274468421936
526,60,gaussian,1,43,0.328125,0.640625,0.328125,1.0,1.3396048545837402,0.4696386158466339
527,60,gaussian,1,43,0.21875,0.2109375,0.46031746031746035,1.0,3.9365315437316895,1.3691399097442627
528,60,gaussian,1,43,0.578125,0.625,0.578125,1.0,0.6421645283699036,0.22473908960819244
529,60,gaussian,1,43,0.359375,0.390625,0.6388888888888888,1.0,0.5773842334747314,0.19296810030937195
530,60,gaussian,1,43,0.53125,0.625,0.53125,1.0,0.734154224395752,0.24535368382930756
531,60,gaussian,1,43,0.28125,0.2578125,0.5404858299595142,1.0,2.856818437576294,0.882222056388855
532,60,gaussian,1,43,0.28125,0.59375,0.28125,1.0,2.7977676391601562,0.8877378702163696
533,60,gaussian,1,43,0.453125,0.640625,0.453125,1.0,1.837080717086792,0.6367589831352234
534,60,gaussian,1,43,0.59375,0.515625,0.59375,1.0,3.9762449264526367,1.3409349918365479
535,60,gaussian,1,43,0.265625,0.59375,0.265625,1.0,2.0982677936553955,0.7290475368499756
536,60,gaussian,1,43,0.5,0.5,0.5,1.0,4.7502312660217285,1.6814554929733276
537,60,gaussian,1,43,0.609375,0.40625,0.609375,1.0,1.3129613399505615,0.40940406918525696
538,60,gaussian,1,43,0.328125,0.609375,0.328125,1.0,2.6730761528015137,0.931484580039978
539,60,gaussian,1,43,0.2109375,0.203125,0.4976608187134503,1.0,1.062556505203247,0.35579797625541687
540,60,gaussian,1,43,,,,0.0,4.183903694152832,1.2769148349761963
541,60,gaussian,1,43,0.25,0.578125,0.25,1.0,0.7862120866775513,0.268269807100296
542,60,gaussian,1,43,0.3125,0.59375,0.3125,1.0,1.4725449085235596,0.4925076365470886
543,60,gaussian,1,43,0.546875,0.578125,0.546875,1.0,0.692450761795044,0.23976504802703857
544,60,gaussian,1,43,0.328125,0.609375,0.328125,1.0,0.7829809188842773,0.25871774554252625
545,60,gaussian,1,43,0.34375,0.609375,0.34375,1.0,1.4724011421203613,0.47676071524620056
546,60,gaussian,1,43,0.2109375,0.21875,0.42668621700879766,1.0,4.063032627105713,1.2538644075393677
547,60,gaussian,1,43,0.328125,0.59375,0.328125,1.0,0.3741873502731323,0.11962015181779861
548,60,gaussian,1,43,0.421875,0.46875,0.421875,1.0,2.4331612586975098,0.8317863345146179
549,60,gaussian,1,43,0.359375,0.578125,0.359375,1.0,1.1070698499679565,0.3619183301925659
550,60,gaussian,1,43,0.25,0.2265625,0.5416666666666667,1.0,4.1200852394104,1.3195257186889648
551,60,gaussian,1,43,0.484375,0.546875,0.484375,1.0,1.7555034160614014,0.6520154476165771
552,60,gaussian,1,43,0.28125,0.59375,0.28125,1.0,2.797804832458496,0.8877378702163696
553,60,gaussian,1,43,0.3125,0.3125,0.3125,1.0,3.988738536834717,1.1794668436050415
554,60,gaussian,1,43,0.546875,0.609375,0.546875,1.0,7.191470146179199,2.38603138923645
555,60,gaussian,1,43,0.3125,0.59375,0.3125,1.0,1.4737656116485596,0.4925076365470886
556,60,gaussian,1,43,0.375,0.625,0.375,1.0,1.8020598888397217,0.5762497186660767
557,60,gaussian,1,43,0.546875,0.609375,0.546875,1.0,7.19007682800293,2.38603138923645
558,60,gaussian,1,43,0.421875,0.640625,0.421875,1.0,2.5425918102264404,0.8660001158714294
559,60,gaussian,1,43,0.5625,0.484375,0.5625,1.0,1.4397656917572021,0.49489009380340576
560,60,gaussian,1,43,0.515625,0.328125,0.515625,1.0,2.844963550567627,1.034978985786438
561,60,gaussian,1,43,0.640625,0.46875,0.640625,1.0,6.783856391906738,2.347736358642578
562,60,gaussian,1,43,0.625,0.578125,0.625,1.0,3.0006818771362305,1.0942633152008057
563,60,gaussian,1,43,0.28125,0.59375,0.28125,1.0,2.79789400100708,0.8877378702163696
564,60,gaussian,1,43,0.375,0.625,0.375,1.0,1.5864144563674927,0.5603403449058533
565,60,gaussian,1,43,0.21875,0.203125,0.3888888888888889,1.0,0.5943565368652344,0.18930184841156006
566,60,gaussian,1,43,0.3125,0.59375,0.3125,1.0,3.4884848594665527,1.132073998451233
567,60,gaussian,1,43,,,,0.0,2.9373111724853516,0.9428353309631348
568,60,gaussian,1,43,0.671875,0.265625,0.671875,1.0,1.8117623329162598,0.5941816568374634
569,60,gaussian,1,43,0.28125,0.2734375,0.5208333333333333,1.0,1.6249256134033203,0.4285542666912079
570,60,gaussian,1,43,0.34375,0.609375,0.34375,1.0,1.472590684890747,0.47676071524620056
571,60,gaussian,1,43,0.296875,0.609375,0.296875,1.0,2.092520236968994,0.7192128896713257
572,60,gaussian,1,43,0.2734375,0.25,0.5795334040296924,1.0,4.8567914962768555,1.4879249334335327
573,60,gaussian,1,43,0.21875,0.203125,0.45161290322580644,1.0,0.5443623661994934,0.1524157077074051
574,60,gaussian,1,43,,,,0.0,3.6517891883850098,1.1947077512741089
575,60,gaussian,1,43,0.2421875,0.265625,0.493993993993994,1.0,3.195571184158325,0.9846563339233398
576,60,gaussian,1,43,0.25,0.21875,0.5416666666666667,1.0,4.119890213012695,1.3195258378982544
577,60,gaussian,1,43,0.34375,0.5625,0.34375,1.0,1.47772216796875,0.49368178844451904
578,60,gaussian,1,43,0.359375,0.359375,0.359375,1.0,3.8949270248413086,1.2560795545578003
579,60,gaussian,1,43,,,,0.0,8.392143249511719,2.6922895908355713
580,60,gaussian,1,43,0.40625,0.484375,0.40625,1.0,3.2666354179382324,1.0559587478637695
581,60,gaussian,1,43,0.515625,0.484375,0.515625,1.0,2.957041025161743,1.0764422416687012
582,60,gaussian,1,43,0.34375,0.328125,0.34375,1.0,1.8608121871948242,0.6200043559074402
583,60,gaussian,1,43,0.234375,0.609375,0.234375,1.0,0.6429351568222046,0.22000110149383545
584,60,gaussian,1,43,0.765625,0.578125,0.765625,1.0,0.4066120386123657,0.13902129232883453
585,60,gaussian,1,43,0.4375,0.5,0.4375,1.0,0.6391125917434692,0.23355405032634735
586,60,gaussian,1,43,0.21875,0.578125,0.21875,1.0,1.8496167659759521,0.6433864235877991
587,60,gaussian,1,43,0.296875,0.265625,0.296875,1.0,3.7182722091674805,1.1445316076278687
588,60,gaussian,1,43,0.40625,0.4375,0.5777777777777777,1.0,0.5878371596336365,0.17903101444244385
589,60,gaussian,1,43,0.53125,0.53125,0.53125,1.0,1.1244174242019653,0.3784044682979584
590,60,gaussian,1,43,0.265625,0.578125,0.265625,1.0,2.6811418533325195,0.8880186080932617
591,60,gaussian,1,43,0.234375,0.265625,0.5142857142857142,1.0,1.510217547416687,0.4838460385799408
592,60,gaussian,1,43,0.34375,0.578125,0.34375,1.0,1.0558229684829712,0.32252177596092224
593,60,gaussian,1,43,0.453125,0.40625,0.453125,1.0,2.0790369510650635,0.7440846562385559
594,60,gaussian,1,43,0.25,0.578125,0.25,1.0,1.9860434532165527,0.6709766983985901
595,60,gaussian,1,43,0.265625,0.5625,0.265625,1.0,1.4399783611297607,0.4109717607498169
596,60,gaussian,1,43,,,,0.0,5.174886703491211,1.6725828647613525
597,60,gaussian,1,43,0.390625,0.40625,0.390625,1.0,2.608764171600342,0.8804490566253662
598,60,gaussian,1,43,0.359375,0.640625,0.359375,1.0,3.237600326538086,1.0621241331100464
599,60,gaussian,1,43,0.6875,0.609375,0.6875,1.0,0.9057997465133667,0.28176483511924744
600,60,gaussian,1,43,0.265625,0.625,0.265625,1.0,1.0785402059555054,0.35915425419807434
601,60,gaussian,1,43,0.234375,0.21875,0.4604604604604604,1.0,0.7478872537612915,0.2155940979719162
602,60,gaussian,1,43,0.2734375,0.2578125,0.521255060728745,1.0,1.8974347114562988,0.6209119558334351
603,60,gaussian,1,43,0.25,0.5625,0.25,1.0,2.6330175399780273,0.8676917552947998
604,60,gaussian,1,43,0.25,0.609375,0.25,1.0,1.2616627216339111,0.42354270815849304
605,60,gaussian,1,43,0.296875,0.5625,0.296875,1.0,2.294369697570801,0.6902981400489807
606,60,gaussian,1,43,0.40625,0.4375,0.40625,1.0,1.0728298425674438,0.3498137891292572
607,60,gaussian,1,43,0.3125,0.59375,0.3125,1.0,1.4736007452011108,0.4925076365470886
608,60,gaussian,1,43,0.578125,0.5,0.578125,1.0,0.5631465315818787,0.1794770359992981
609,60,gaussian,1,43,0.34375,0.59375,0.34375,1.0,0.5816383361816406,0.198351189494133
610,60,gaussian,1,43,0.296875,0.609375,0.296875,1.0,3.486375570297241,1.132073998451233
611,60,gaussian,1,43,0.328125,0.375,0.5526315789473685,1.0,1.0788108110427856,0.3276802897453308
612,60,gaussian,1,43,0.4375,0.625,0.4375,1.0,1.4714171886444092,0.4644108712673187
613,60,gaussian,1,43,0.328125,0.625,0.328125,1.0,0.8454725742340088,0.297735333442688
614,60,gaussian,1,43,0.40625,0.65625,0.40625,1.0,1.369022011756897,0.45219579339027405
615,60,gaussian,1,43,0.625,0.65625,0.625,1.0,2.5113587379455566,0.8670839071273804
616,60,gaussian,1,43,0.328125,0.28125,0.328125,1.0,2.5400304794311523,0.826026976108551
617,60,gaussian,1,43,0.328125,0.515625,0.328125,1.0,3.2070178985595703,1.0226917266845703
618,60,gaussian,1,43,0.421875,0.4375,0.421875,1.0,2.13903546333313,0.7319700121879578
619,60,gaussian,1,43,0.4375,0.640625,0.4375,1.0,2.327177047729492,0.7336642146110535
620,60,gaussian,1,43,0.34375,0.5625,0.34375,1.0,1.531869888305664,0.5177129507064819
621,60,gaussian,1,43,0.2421875,0.2421875,0.5431818181818182,1.0,3.085468292236328,0.9555655717849731
622,60,gaussian,1,43,0.4375,0.421875,0.4375,1.0,0.955077052116394,0.34244099259376526
623,60,gaussian,1,43,0.1875,0.171875,0.4,1.0,1.6722655296325684,0.5103075504302979
624,60,gaussian,1,43,0.546875,0.5,0.546875,1.0,1.0102944374084473,0.341830849647522
625,60,gaussian,1,43,0.53125,0.484375,0.53125,1.0,1.0524593591690063,0.3614308536052704
626,60,gaussian,1,43,0.359375,0.640625,0.359375,1.0,2.226710796356201,0.6943051218986511
627,60,gaussian,1,43,0.375,0.671875,0.375,1.0,0.5293147563934326,0.1722566783428192
628,60,gaussian,1,43,0.546875,0.625,0.546875,1.0,1.973618984222412,0.7085590362548828
629,60,gaussian,1,43,0.328125,0.625,0.328125,1.0,0.8453108072280884,0.297735333442688
630,60,gaussian,1,43,0.3125,0.546875,0.3125,1.0,2.7839698791503906,0.8686729073524475
631,60,gaussian,1,43,0.328125,0.625,0.328125,1.0,0.845470666885376,0.297735333442688
632,60,gaussian,1,43,0.296875,0.5,0.296875,1.0,0.2698177099227905,0.08210767060518265
633,60,gaussian,1,43,0.75,0.546875,0.75,1.0,6.7888336181640625,2.0703814029693604
634,60,gaussian,1,43,0.5625,0.640625,0.5625,1.0,0.6676395535469055,0.22425968945026398
635,60,gaussian,1,43,0.421875,0.59375,0.421875,1.0,0.25946712493896484,0.08283542096614838
636,60,gaussian,1,43,0.34375,0.640625,0.34375,1.0,2.2153244018554688,0.7335115671157837
637,60,gaussian,1,43,0.625,0.65625,0.625,1.0,2.5079965591430664,0.8670839667320251
638,60,gaussian,1,43,0.28125,0.625,0.28125,1.0,6.094674110412598,2.034385919570923
639,60,gaussian,1,43,0.484375,0.578125,0.484375,1.0,1.5355472564697266,0.5315380096435547
640,60,gaussian,1,43,0.515625,0.578125,0.515625,1.0,0.8011950254440308,0.26684680581092834
641,60,gaussian,1,43,0.65625,0.609375,0.65625,1.0,0.3897085189819336,0.13604682683944702
642,60,gaussian,1,43,0.3125,0.5625,0.3125,1.0,2.7342352867126465,0.9053818583488464
643,60,gaussian,1,43,0.25,0.609375,0.25,1.0,1.856742024421692,0.6638737320899963
644,60,gaussian,1,43,0.484375,0.625,0.484375,1.0,0.21809467673301697,0.07155759632587433
645,60,gaussian,1,43,0.265625,0.578125,0.265625,1.0,2.5268969535827637,0.825227677822113
646,60,gaussian,1,43,0.5,0.5625,0.5,1.0,7.856054306030273,2.7248730659484863
647,60,gaussian,1,43,0.578125,0.625,0.578125,1.0,1.7757244110107422,0.5812349319458008
648,60,gaussian,1,43,0.484375,0.53125,0.484375,1.0,1.5206785202026367,0.526970624923706
649,60,gaussian,1,43,0.71875,0.609375,0.71875,1.0,1.105534553527832,0.40008917450904846
650,60,gaussian,1,43,0.40625,0.40625,0.40625,1.0,0.6123298406600952,0.1960570067167282
651,60,gaussian,1,43,0.34375,0.578125,0.34375,1.0,3.37040376663208,1.1246880292892456
652,60,gaussian,1,43,0.40625,0.25,0.40625,1.0,1.6535053253173828,0.5755638480186462
653,60,gaussian,1,43,0.5,0.5,0.5,1.0,3.0274784564971924,1.076743245124817
654,60,gaussian,1,43,0.59375,0.53125,0.59375,1.0,1.9078425168991089,0.6672065854072571
655,60,gaussian,1,43,0.40625,0.46875,0.40625,1.0,1.7316666841506958,0.5800822973251343
656,60,gaussian,1,43,0.328125,0.265625,0.328125,1.0,2.5400314331054688,0.826026976108551
657,60,gaussian,1,43,0.46875,0.609375,0.46875,1.0,0.9741592407226562,0.3298730254173279
658,60,gaussian,1,43,0.359375,0.5625,0.359375,1.0,3.9641571044921875,1.2741868495941162
659,60,gaussian,1,43,0.25,0.265625,0.49411764705882355,1.0,1.6719660758972168,0.5103075504302979
660,60,gaussian,1,43,0.625,0.671875,0.625,1.0,0.3513818085193634,0.10898494720458984
661,60,gaussian,1,43,0.5,0.421875,0.5,1.0,0.8387452363967896,0.2958470582962036
662,60,gaussian,1,43,0.40625,0.59375,0.40625,1.0,2.971109628677368,1.0053991079330444
663,60,gaussian,1,43,0.3125,0.609375,0.3125,1.0,3.3771629333496094,1.145105004310608
664,60,gaussian,1,43,0.40625,0.65625,0.40625,1.0,1.36897611618042,0.45219579339027405
665,60,gaussian,1,43,0.296875,0.28125,0.296875,1.0,0.2917048931121826,0.08795788139104843
666,60,gaussian,1,43,0.6875,0.640625,0.6875,1.0,0.7155905961990356,0.2540087103843689
667,60,gaussian,1,43,0.265625,0.59375,0.265625,1.0,0.800499439239502,0.26784375309944153
668,60,gaussian,1,43,0.359375,0.4375,0.359375,1.0,2.1475167274475098,0.6833861470222473
669,60,gaussian,1,43,0.359375,0.5625,0.359375,1.0,1.1074542999267578,0.3619183301925659
670,60,gaussian,1,43,0.65625,0.484375,0.65625,1.0,15.215877532958984,4.8906354904174805
671,60,gaussian,1,43,0.265625,0.2734375,0.49941520467836253,1.0,0.5882243514060974,0.17903101444244385
672,60,gaussian,1,43,0.3125,0.609375,0.3125,1.0,1.5950134992599487,0.5418189167976379
673,60,gaussian,1,43,0.296875,0.609375,0.296875,1.0,2.068620443344116,0.6832566857337952
674,60,gaussian,1,43,0.4375,0.609375,0.4375,1.0,0.9211350679397583,0.32737624645233154
675,60,gaussian,1,43,0.46875,0.453125,0.46875,1.0,0.47768914699554443,0.16198040544986725
676,60,gaussian,1,43,0.265625,0.265625,0.4473684210526316,1.0,0.4324865937232971,0.12356246262788773
677,60,gaussian,1,43,,,,0.0,4.190036773681641,1.2769149541854858
678,60,gaussian,1,43,0.28125,0.578125,0.28125,1.0,6.207980155944824,1.9869394302368164
679,60,gaussian,1,43,0.2109375,0.203125,0.4976608187134503,1.0,1.0625734329223633,0.3557979464530945
680,60,gaussian,1,43,0.375,0.546875,0.375,1.0,1.2301528453826904,0.4059378206729889
681,60,gaussian,1,43,0.4375,0.234375,0.4375,1.0,0.11761500686407089,0.04371132329106331
682,60,gaussian,1,43,0.421875,0.4375,0.421875,1.0,2.0389575958251953,0.6808997988700867
683,60,gaussian,1,43,0.25,0.609375,0.25,1.0,1.5331262350082397,0.5257356762886047
684,60,gaussian,1,43,0.65625,0.65625,0.65625,1.0,0.48397576808929443,0.14745916426181793
685,60,gaussian,1,43,0.46875,0.53125,0.46875,1.0,0.3944387137889862,0.13647978007793427
686,60,gaussian,1,43,0.34375,0.609375,0.34375,1.0,2.3208765983581543,0.8068695068359375
687,60,gaussian,1,43,0.65625,0.609375,0.65625,1.0,2.154604911804199,0.7217497229576111
688,60,gaussian,1,43,0.65625,0.59375,0.65625,1.0,1.2438102960586548,0.42627495527267456
689,60,gaussian,1,43,0.578125,0.484375,0.578125,1.0,1.4393064975738525,0.49489012360572815
690,60,gaussian,1,43,0.65625,0.546875,0.65625,1.0,2.9171335697174072,1.0306659936904907
691,60,gaussian,1,43,0.40625,0.65625,0.40625,1.0,1.3693615198135376,0.45219579339027405
692,60,gaussian,1,43,0.2421875,0.21875,0.4807692307692308,1.0,1.2371506690979004,0.3825078010559082
693,60,gaussian,1,43,0.234375,0.578125,0.234375,1.0,1.9862879514694214,0.6709766983985901
694,60,gaussian,1,43,0.453125,0.609375,0.453125,1.0,4.663517951965332,1.6733280420303345
695,60,gaussian,1,43,0.46875,0.453125,0.46875,1.0,3.340857982635498,1.1407109498977661
696,60,gaussian,1,43,0.453125,0.4375,0.6904761904761905,1.0,1.5299468040466309,0.5190969705581665
697,60,gaussian,1,43,0.515625,0.4375,0.515625,1.0,1.6620800495147705,0.6435307264328003
698,60,gaussian,1,43,0.5625,0.421875,0.5625,1.0,2.3359503746032715,0.8109400272369385
699,60,gaussian,1,43,0.765625,0.5625,0.765625,1.0,0.40694838762283325,0.13902129232883453
700,60,gaussian,1,43,0.28125,0.625,0.28125,1.0,1.0794955492019653,0.35915425419807434
701,60,gaussian,1,43,0.25,0.59375,0.25,1.0,2.036468505859375,0.6780808568000793
702,60,gaussian,1,43,0.28125,0.578125,0.28125,1.0,2.677938461303711,0.8880186080932617
703,60,gaussian,1,43,0.2578125,0.265625,0.4568106312292359,1.0,2.582362651824951,0.8090972304344177
704,60,gaussian,1,43,0.4375,0.484375,0.4375,1.0,0.6391453742980957,0.23355406522750854
705,60,gaussian,1,43,0.265625,0.609375,0.265625,1.0,2.68336820602417,0.8868424892425537
706,60,gaussian,1,43,0.59375,0.53125,0.59375,1.0,1.90790855884552,0.6672065854072571
707,60,gaussian,1,43,0.328125,0.546875,0.328125,1.0,0.5287920236587524,0.18065448105335236
708,60,gaussian,1,43,0.515625,0.578125,0.515625,1.0,0.6491149663925171,0.22398334741592407
709,60,gaussian,1,43,0.328125,0.40625,0.328125,1.0,0.9679545164108276,0.34201377630233765
710,60,gaussian,1,43,0.2265625,0.2421875,0.453125,1.0,1.8732316493988037,0.5583112239837646
711,60,gaussian,1,43,0.4375,0.625,0.4375,1.0,1.4704995155334473,0.4644108712673187
712,60,gaussian,1,43,0.2734375,0.21875,0.5620689655172414,1.0,1.4105494022369385,0.4268548786640167
713,60,gaussian,1,43,0.453125,0.390625,0.453125,1.0,6.081175327301025,2.1385254859924316
714,60,gaussian,1,43,,,,0.0,3.136608600616455,1.033909559249878
715,60,gaussian,1,43,0.328125,0.28125,0.328125,1.0,2.2456443309783936,0.7233791351318359
716,60,gaussian,1,43,0.28125,0.609375,0.28125,1.0,0.9794626235961914,0.3407631516456604
717,60,gaussian,1,43,0.34375,0.5625,0.34375,1.0,3.969022750854492,1.2741868495941162
718,60,gaussian,1,43,0.25,0.59375,0.25,1.0,0.6429483890533447,0.22000110149383545
719,60,gaussian,1,43,0.34375,0.484375,0.34375,1.0,1.769494891166687,0.5693441033363342
720,60,gaussian,1,43,0.328125,0.5625,0.328125,1.0,2.0431480407714844,0.6471436023712158
721,60,gaussian,1,43,0.59375,0.453125,0.59375,1.0,2.9438326358795166,0.9399842023849487
722,60,gaussian,1,43,0.40625,0.46875,0.40625,1.0,1.731873631477356,0.5800822973251343
723,60,gaussian,1,43,0.40625,0.578125,0.40625,1.0,0.4802990257740021,0.16770228743553162
724,60,gaussian,1,43,0.625,0.671875,0.625,1.0,0.3512939214706421,0.10898494720458984
725,60,gaussian,1,43,0.3125,0.421875,0.3125,1.0,1.516484260559082,0.46217697858810425
726,60,gaussian,1,43,0.2421875,0.265625,0.4989878542510121,1.0,3.1925346851348877,0.9846563339233398
727,60,gaussian,1,43,0.28125,0.578125,0.28125,1.0,2.430103302001953,0.7798636555671692
728,60,gaussian,1,43,0.25,0.59375,0.25,1.0,1.534623146057129,0.5257356762886047
729,60,gaussian,1,43,0.5,0.59375,0.5,1.0,1.0177724361419678,0.3516087234020233
730,60,gaussian,1,43,,,,0.0,1.3437302112579346,0.42714598774909973
731,60,gaussian,1,43,0.5,0.5625,0.5,1.0,0.4395778179168701,0.15039487183094025
732,60,gaussian,1,43,0.34375,0.328125,0.34375,1.0,2.6089727878570557,0.881791353225708
733,60,gaussian,1,43,0.296875,0.59375,0.296875,1.0,1.1283860206604004,0.3353668749332428
734,60,gaussian,1,43,0.2578125,0.2578125,0.498015873015873,1.0,0.576478123664856,0.19296810030937195
735,60,gaussian,1,43,0.578125,0.640625,0.578125,1.0,3.552414655685425,1.2913000583648682
736,60,gaussian,1,43,0.28125,0.609375,0.28125,1.0,0.9676134586334229,0.33939507603645325
737,60,gaussian,1,43,0.296875,0.46875,0.296875,1.0,2.852365016937256,0.8512217402458191
738,60,gaussian,1,43,0.375,0.609375,0.375,1.0,1.5852372646331787,0.5603403449058533
739,60,gaussian,1,43,0.25,0.5625,0.25,1.0,0.4543057680130005,0.15016692876815796
740,60,gaussian,1,43,0.53125,0.578125,0.53125,1.0,1.1150628328323364,0.38703545928001404
741,60,gaussian,1,43,0.28125,0.625,0.28125,1.0,1.0789960622787476,0.35915425419807434
742,60,gaussian,1,43,0.234375,0.578125,0.234375,1.0,0.23540621995925903,0.07070665806531906
743,60,gaussian,1,43,0.34375,0.640625,0.34375,1.0,1.3381317853927612,0.4696386158466339
744,60,gaussian,1,43,0.578125,0.546875,0.578125,1.0,3.647569179534912,1.3084304332733154
745,60,gaussian,1,43,0.390625,0.4375,0.390625,1.0,3.669131278991699,1.2229821681976318
746,60,gaussian,1,43,0.609375,0.625,0.609375,1.0,4.335034370422363,1.4456032514572144
747,60,gaussian,1,43,0.5625,0.625,0.5625,1.0,1.4222160577774048,0.4469342827796936
748,60,gaussian,1,43,,,,0.0,2.9412994384765625,0.9428353309631348
749,60,gaussian,1,43,0.625,0.671875,0.625,1.0,0.351406991481781,0.10898495465517044
750,60,gaussian,1,43,0.5625,0.640625,0.5625,1.0,0.6672742962837219,0.22425968945026398
751,60,gaussian,1,43,0.40625,0.484375,0.40625,1.0,0.29399004578590393,0.08988107740879059
752,60,gaussian,1,43,0.3125,0.265625,0.3125,1.0,3.7195024490356445,1.1445316076278687
753,60,gaussian,1,43,0.4375,0.65625,0.4375,1.0,0.7453910112380981,0.2489704042673111
754,60,gaussian,1,43,0.21875,0.21875,0.4408602150537634,1.0,3.6762826442718506,1.0271720886230469
755,60,gaussian,1,43,0.390625,0.484375,0.390625,1.0,2.138002872467041,0.732180118560791
756,60,gaussian,1,43,0.46875,0.328125,0.46875,1.0,1.0530656576156616,0.35867613554000854
757,60,gaussian,1,43,0.2421875,0.1796875,0.5310077519379844,1.0,2.598018169403076,0.8293046951293945
758,60,gaussian,1,43,0.296875,0.3125,0.296875,1.0,2.6459062099456787,0.8069853186607361
759,60,gaussian,1,43,0.21875,0.21875,0.4408602150537634,1.0,3.6770858764648438,1.0271720886230469
760,60,gaussian,1,43,0.328125,0.59375,0.328125,1.0,0.46679478883743286,0.14917464554309845
761,60,gaussian,1,43,0.484375,0.53125,0.484375,1.0,1.7557735443115234,0.6520154476165771
762,60,gaussian,1,43,0.2421875,0.25,0.484375,1.0,0.8859269022941589,0.2810325622558594
763,60,gaussian,1,43,0.296875,0.3125,0.296875,1.0,2.4060964584350586,0.7080760598182678
764,60,gaussian,1,43,0.265625,0.609375,0.265625,1.0,2.6823229789733887,0.8868424296379089
765,60,gaussian,1,43,0.53125,0.609375,0.53125,1.0,0.8309300541877747,0.295244038105011
766,60,gaussian,1,43,0.578125,0.5,0.578125,1.0,1.093264102935791,0.37970107793807983
767,60,gaussian,1,43,0.234375,0.21875,0.4672531769305963,1.0,0.5447661876678467,0.1524157077074051
768,60,gaussian,1,43,0.3125,0.59375,0.3125,1.0,0.6355128288269043,0.2089425027370453
769,60,gaussian,1,43,0.390625,0.40625,0.5681818181818182,1.0,1.5238463878631592,0.46210265159606934
770,60,gaussian,1,43,0.34375,0.5625,0.34375,1.0,2.989318370819092,1.0046526193618774
771,60,gaussian,1,43,0.328125,0.578125,0.328125,1.0,1.407014012336731,0.4756790101528168
772,60,gaussian,1,43,0.453125,0.625,0.453125,1.0,0.7290222644805908,0.24572186172008514
773,60,gaussian,1,43,0.3125,0.5625,0.3125,1.0,2.7337536811828613,0.9053818583488464
774,60,gaussian,1,43,0.4375,0.625,0.4375,1.0,1.4711135625839233,0.4644108712673187
775,60,gaussian,1,43,0.328125,0.578125,0.328125,1.0,0.9565514326095581,0.3232263922691345
776,60,gaussian,1,43,0.453125,0.390625,0.453125,1.0,6.074175834655762,2.1385257244110107
777,60,gaussian,1,43,0.1875,0.1875,0.3,1.0,0.5715924501419067,0.17580732703208923
778,60,gaussian,1,43,0.25,0.609375,0.25,1.0,1.9903806447982788,0.6326796412467957
779,60,gaussian,1,43,0.59375,0.625,0.59375,1.0,2.1922237873077393,0.7032486796379089
780,60,gaussian,1,43,0.2578125,0.2578125,0.48830409356725146,1.0,1.521641492843628,0.46210265159606934
781,60,gaussian,1,43,0.265625,0.578125,0.265625,1.0,2.339085102081299,0.7557627558708191
782,60,gaussian,1,43,0.421875,0.46875,0.421875,1.0,2.4329986572265625,0.8317863345146179
783,60,gaussian,1,43,0.265625,0.609375,0.265625,1.0,0.7544021606445312,0.24779579043388367
784,60,gaussian,1,43,,,,0.0,3.133680820465088,1.033909559249878
785,60,gaussian,1,43,0.5,0.46875,0.5,1.0,2.3302133083343506,0.8156628608703613
786,60,gaussian,1,43,0.421875,0.453125,0.421875,1.0,0.8034220337867737,0.2681974470615387
787,60,gaussian,1,43,0.2265625,0.234375,0.46176470588235297,1.0,1.0858129262924194,0.3530712127685547
788,60,gaussian,1,43,0.265625,0.234375,0.265625,1.0,1.5389832258224487,0.4493439495563507
789,60,gaussian,1,43,0.28125,0.546875,0.28125,1.0,0.5871720314025879,0.1739693582057953
790,60,gaussian,1,43,0.671875,0.203125,0.671875,1.0,0.9787032008171082,0.2990044951438904
791,60,gaussian,1,43,0.3125,0.5625,0.3125,1.0,0.5289013385772705,0.18065448105335236
792,60,gaussian,1,43,0.34375,0.59375,0.34375,1.0,0.7763388752937317,0.2502506971359253
793,60,gaussian,1,43,0.40625,0.46875,0.40625,1.0,0.2937396764755249,0.08988107740879059
794,60,gaussian,1,43,0.25,0.234375,0.5,1.0,1.8339147567749023,0.6312980651855469
795,60,gaussian,1,43,0.25,0.2578125,0.4841269841269842,1.0,1.2795665264129639,0.4110652208328247
796,60,gaussian,1,43,0.34375,0.640625,0.34375,1.0,2.2151949405670166,0.7335115671157837
797,60,gaussian,1,43,0.328125,0.640625,0.328125,1.0,1.338669776916504,0.4696386158466339
798,60,gaussian,1,43,0.328125,0.5625,0.328125,1.0,0.5287378430366516,0.18065448105335236
799,60,gaussian,1,43,0.484375,0.515625,0.484375,1.0,1.520690679550171,0.526970624923706
800,60,gaussian,1,43,0.515625,0.59375,0.515625,1.0,1.0177268981933594,0.3516086935997009
801,60,gaussian,1,43,0.25,0.59375,0.25,1.0,2.1345677375793457,0.7478921413421631
802,60,gaussian,1,43,0.6875,0.484375,0.6875,1.0,2.705991268157959,0.8516329526901245
803,60,gaussian,1,43,0.234375,0.21875,0.45454545454545453,1.0,3.4554057121276855,1.081043004989624
804,60,gaussian,1,43,0.296875,0.59375,0.296875,1.0,2.796699047088623,0.8877378702163696
805,60,gaussian,1,43,0.265625,0.59375,0.265625,1.0,2.0684685707092285,0.6823208332061768
806,60,gaussian,1,43,,,,0.0,2.758467674255371,0.9757277369499207
807,60,gaussian,1,43,0.5,0.46875,0.5,1.0,1.4331731796264648,0.48263585567474365
808,60,gaussian,1,43,0.625,0.671875,0.625,1.0,0.35100793838500977,0.10898495465517044
809,60,gaussian,1,43,0.734375,0.5625,0.734375,1.0,6.799063682556152,2.0703814029693604
810,60,gaussian,1,43,0.59375,0.640625,0.59375,1.0,0.688850998878479,0.22890017926692963
811,60,gaussian,1,43,0.3125,0.578125,0.3125,1.0,1.6527609825134277,0.5510165095329285
812,60,gaussian,1,43,0.765625,0.5625,0.765625,1.0,0.4074373245239258,0.13902129232883453
813,60,gaussian,1,43,0.453125,0.484375,0.6041666666666666,1.0,1.6191632747650146,0.4285542666912079
814,60,gaussian,1,43,0.53125,0.5,0.53125,1.0,2.615689277648926,0.8547807335853577
815,60,gaussian,1,43,0.578125,0.625,0.578125,1.0,2.1924431324005127,0.7032487392425537
816,60,gaussian,1,43,0.640625,0.640625,0.640625,1.0,1.9793448448181152,0.6561064720153809
817,60,gaussian,1,43,0.28125,0.421875,0.28125,1.0,1.7755470275878906,0.5301382541656494
818,60,gaussian,1,43,0.71875,0.53125,0.71875,1.0,1.5298128128051758,0.4535657465457916
819,60,gaussian,1,43,0.34375,0.578125,0.34375,1.0,0.5816149711608887,0.198351189494133
820,60,gaussian,1,43,0.453125,0.625,0.453125,1.0,0.728920578956604,0.24572186172008514
821,60,gaussian,1,43,0.328125,0.421875,0.328125,1.0,0.965180516242981,0.34201377630233765
822,60,gaussian,1,43,0.546875,0.625,0.546875,1.0,3.6452436447143555,1.2555880546569824
823,60,gaussian,1,43,0.203125,0.203125,0.34210526315789475,1.0,1.340456247329712,0.4414007365703583
824,60,gaussian,1,43,0.28125,0.328125,0.5806451612903226,1.0,4.06248140335083,1.2538644075393677
825,60,gaussian,1,43,0.421875,0.25,0.421875,1.0,1.6543747186660767,0.5755638480186462
826,60,gaussian,1,43,0.265625,0.2578125,0.5158730158730158,1.0,0.5775970220565796,0.19296810030937195
827,60,gaussian,1,43,0.375,0.390625,0.375,1.0,1.190739393234253,0.3775847256183624
828,60,gaussian,1,43,0.28125,0.609375,0.28125,1.0,0.7984829545021057,0.24908705055713654
829,60,gaussian,1,43,0.453125,0.609375,0.453125,1.0,4.665251731872559,1.673328161239624
830,60,gaussian,1,43,0.296875,0.5625,0.296875,1.0,1.9206377267837524,0.642183244228363
831,60,gaussian,1,43,0.421875,0.484375,0.421875,1.0,3.266970634460449,1.0559587478637695
832,60,gaussian,1,43,0.515625,0.421875,0.515625,1.0,2.650994300842285,0.9545719027519226
833,60,gaussian,1,43,0.484375,0.53125,0.484375,1.0,1.755927324295044,0.6520154476165771
834,60,gaussian,1,43,0.71875,0.234375,0.71875,1.0,5.043467998504639,1.5708109140396118
835,60,gaussian,1,43,0.265625,0.5625,0.265625,1.0,0.9090707302093506,0.3399078845977783
836,60,gaussian,1,43,0.28125,0.625,0.28125,1.0,3.9366114139556885,1.3691399097442627
837,60,gaussian,1,43,0.296875,0.5625,0.296875,1.0,4.340446949005127,1.3665751218795776
838,60,gaussian,1,43,0.328125,0.28125,0.328125,1.0,2.536093235015869,0.826026976108551
839,60,gaussian,1,43,0.34375,0.515625,0.34375,1.0,4.319753646850586,1.3854387998580933
840,60,gaussian,1,43,0.28125,0.609375,0.28125,1.0,0.754310667514801,0.24779579043388367
841,60,gaussian,1,43,0.46875,0.46875,0.46875,1.0,3.3395955562591553,1.1407109498977661
842,60,gaussian,1,43,0.625,0.65625,0.625,1.0,0.8818941116333008,0.27559131383895874
843,60,gaussian,1,43,0.59375,0.625,0.59375,1.0,0.6885157227516174,0.22890017926692963
844,60,gaussian,1,43,0.375,0.4375,0.375,1.0,2.8082351684570312,0.9312919974327087
845,60,gaussian,1,43,0.515625,0.578125,0.515625,1.0,3.730599880218506,1.2777098417282104
846,60,gaussian,1,43,0.515625,0.578125,0.515625,1.0,0.4163576364517212,0.15137258172035217
847,60,gaussian,1,43,,,,0.0,3.6004414558410645,1.2384933233261108
848,60,gaussian,1,43,0.46875,0.515625,0.46875,1.0,1.0389509201049805,0.35948023200035095
849,60,gaussian,1,43,0.359375,0.5625,0.359375,1.0,5.177751541137695,1.7771198749542236
850,60,gaussian,1,43,0.53125,0.5,0.53125,1.0,2.615446090698242,0.8547807335853577
851,60,gaussian,1,43,0.328125,0.53125,0.328125,1.0,3.205009937286377,1.0226916074752808
852,60,gaussian,1,43,0.359375,0.375,0.359375,1.0,3.894853115081787,1.2560795545578003
853,60,gaussian,1,43,0.421875,0.453125,0.421875,1.0,2.669625997543335,0.9185458421707153
854,60,gaussian,1,43,0.359375,0.484375,0.359375,1.0,1.4598941802978516,0.47241586446762085
855,60,gaussian,1,43,0.328125,0.546875,0.328125,1.0,1.3143658638000488,0.43337273597717285
856,60,gaussian,1,43,0.28125,0.625,0.28125,1.0,1.613153100013733,0.5127492547035217
857,60,gaussian,1,43,0.265625,0.59375,0.265625,1.0,2.097585916519165,0.7290475368499756
858,60,gaussian,1,43,0.265625,0.609375,0.265625,1.0,2.6822352409362793,0.8868424296379089
859,60,gaussian,1,43,0.46875,0.5,0.46875,1.0,1.0390881299972534,0.35948023200035095
860,60,gaussian,1,43,0.296875,0.359375,0.5757575757575758,1.0,4.4648823738098145,1.3797106742858887
861,60,gaussian,1,43,0.53125,0.578125,0.53125,1.0,1.1154329776763916,0.38703545928001404
862,60,gaussian,1,43,0.28125,0.3125,0.28125,1.0,2.4069221019744873,0.7080760598182678
863,60,gaussian,1,43,0.515625,0.578125,0.515625,1.0,0.8006454706192017,0.26684680581092834
864,60,gaussian,1,43,0.34375,0.328125,0.34375,1.0,1.860074758529663,0.6200043559074402
865,60,gaussian,1,43,0.34375,0.578125,0.34375,1.0,0.5816167593002319,0.198351189494133
866,60,gaussian,1,43,0.328125,0.640625,0.328125,1.0,1.3394041061401367,0.4696386158466339
867,60,gaussian,1,43,0.65625,0.28125,0.65625,1.0,1.8095593452453613,0.5941817164421082
868,60,gaussian,1,43,0.21875,0.5,0.21875,1.0,0.6293888688087463,0.18517933785915375
869,60,gaussian,1,43,0.2421875,0.2734375,0.46205128205128204,1.0,5.302417278289795,1.5892510414123535
870,60,gaussian,1,43,0.515625,0.578125,0.515625,1.0,3.730269432067871,1.2777098417282104
871,60,gaussian,1,43,0.28125,0.546875,0.28125,1.0,4.399905681610107,1.394054889678955
872,60,gaussian,1,43,0.2421875,0.2421875,0.501984126984127,1.0,0.8132746815681458,0.26791107654571533
873,60,gaussian,1,43,0.28125,0.625,0.28125,1.0,1.5570074319839478,0.4813578128814697
874,60,gaussian,1,43,0.34375,0.609375,0.34375,1.0,2.6724774837493896,0.931484580039978
875,60,gaussian,1,43,0.328125,0.609375,0.328125,1.0,2.3211653232574463,0.8068695068359375
876,60,gaussian,1,43,0.484375,0.453125,0.484375,1.0,0.47757571935653687,0.16198040544986725
877,60,gaussian,1,43,0.484375,0.59375,0.484375,1.0,1.5342482328414917,0.5315380096435547
878,60,gaussian,1,43,0.703125,0.609375,0.703125,1.0,0.40175870060920715,0.14424189925193787
879,60,gaussian,1,43,0.421875,0.625,0.421875,1.0,2.326932430267334,0.7336642146110535
880,60,gaussian,1,43,0.375,0.65625,0.375,1.0,0.4880790412425995,0.14776141941547394
881,60,gaussian,1,43,0.59375,0.53125,0.59375,1.0,1.9080778360366821,0.6672065854072571
882,60,gaussian,1,43,0.34375,0.5625,0.34375,1.0,2.988816261291504,1.0046526193618774
883,60,gaussian,1,43,0.2421875,0.2421875,0.5431818181818182,1.0,3.0855274200439453,0.9555655121803284
884,60,gaussian,1,43,0.328125,0.59375,0.328125,1.0,9.991546630859375,3.5861425399780273
885,60,gaussian,1,43,0.65625,0.609375,0.65625,1.0,0.3895590305328369,0.13604682683944702
886,60,gaussian,1,43,0.53125,0.515625,0.53125,1.0,1.2779242992401123,0.4475904703140259
887,60,gaussian,1,43,0.59375,0.625,0.59375,1.0,4.329235553741455,1.4456032514572144
888,60,gaussian,1,43,0.421875,0.59375,0.421875,1.0,0.2591480016708374,0.08283542096614838
889,60,gaussian,1,43,0.421875,0.4375,0.421875,1.0,1.3967032432556152,0.4820362329483032
890,60,gaussian,1,43,0.609375,0.640625,0.609375,1.0,4.332813262939453,1.4456032514572144
891,60,gaussian,1,43,0.375,0.40625,0.375,1.0,0.3481023907661438,0.11180266737937927
892,60,gaussian,1,43,0.28125,0.59375,0.28125,1.0,2.524059295654297,0.825227677822113
893,60,gaussian,1,43,0.234375,0.578125,0.234375,1.0,0.23501399159431458,0.07070665806531906
894,60,gaussian,1,43,0.375,0.609375,0.375,1.0,2.394258737564087,0.7817540764808655
895,60,gaussian,1,43,0.46875,0.546875,0.46875,1.0,0.3406682014465332,0.12094993889331818
896,60,gaussian,1,43,0.515625,0.59375,0.515625,1.0,1.011967420578003,0.3613377809524536
897,60,gaussian,1,43,0.65625,0.46875,0.65625,1.0,15.243947982788086,4.890635013580322
898,60,gaussian,1,43,0.296875,0.59375,0.296875,1.0,1.1528972387313843,0.40454134345054626
899,60,gaussian,1,43,0.265625,0.28125,0.4473684210526316,1.0,0.43442368507385254,0.12356246262788773
900,60,gaussian,1,43,0.296875,0.53125,0.296875,1.0,0.5874210596084595,0.1739693582057953
901,60,gaussian,1,43,0.265625,0.578125,0.265625,1.0,2.221346378326416,0.7509734630584717
902,60,gaussian,1,43,0.25,0.578125,0.25,1.0,2.6305203437805176,0.867691695690155
903,60,gaussian,1,43,0.359375,0.296875,0.359375,1.0,0.5268234014511108,0.19282180070877075
904,60,gaussian,1,43,0.28125,0.578125,0.28125,1.0,3.103132724761963,0.9908080101013184
905,60,gaussian,1,43,0.703125,0.5,0.703125,1.0,2.103268623352051,0.6984643936157227
906,60,gaussian,1,43,0.53125,0.59375,0.53125,1.0,0.44259315729141235,0.15965035557746887
907,60,gaussian,1,43,0.21875,0.1875,0.3783783783783784,1.0,0.8123308420181274,0.26791107654571533
908,60,gaussian,1,43,0.359375,0.40625,0.359375,1.0,1.1901941299438477,0.3775847256183624
909,60,gaussian,1,43,0.21875,0.578125,0.21875,1.0,1.8519184589385986,0.6433864235877991
910,60,gaussian,1,43,0.734375,0.640625,0.734375,1.0,0.7642109394073486,0.2584344148635864
911,60,gaussian,1,43,0.328125,0.59375,0.328125,1.0,9.990984916687012,3.5861423015594482
912,60,gaussian,1,43,0.375,0.609375,0.375,1.0,2.3951549530029297,0.7817540764808655
913,60,gaussian,1,43,0.40625,0.609375,0.40625,1.0,0.3748178482055664,0.12421582639217377
914,60,gaussian,1,43,0.625,0.59375,0.625,1.0,2.999917984008789,1.0942633152008057
915,60,gaussian,1,43,0.25,0.59375,0.25,1.0,2.110250473022461,0.7304341793060303
916,60,gaussian,1,43,0.21875,0.2109375,0.46031746031746035,1.0,3.93481183052063,1.3691399097442627
917,60,gaussian,1,43,0.390625,0.453125,0.390625,1.0,0.10751126706600189,0.03692401573061943
918,60,gaussian,1,43,0.3125,0.546875,0.3125,1.0,2.78397798538208,0.8686729073524475
919,60,gaussian,1,43,0.28125,0.609375,0.28125,1.0,2.709341526031494,0.8979184031486511
920,60,gaussian,1,43,0.34375,0.484375,0.34375,1.0,1.7686634063720703,0.5693441033363342
921,60,gaussian,1,43,0.265625,0.2734375,0.49941520467836253,1.0,0.5883138179779053,0.17903101444244385
922,60,gaussian,1,43,0.40625,0.59375,0.40625,1.0,2.9713892936706543,1.0053991079330444
923,60,gaussian,1,43,0.296875,0.59375,0.296875,1.0,1.1651701927185059,0.4067686200141907
924,60,gaussian,1,43,0.234375,0.515625,0.234375,1.0,0.6294662952423096,0.18517935276031494
925,60,gaussian,1,43,0.5,0.546875,0.5,1.0,1.7548967599868774,0.6520154476165771
926,60,gaussian,1,43,0.296875,0.28125,0.296875,1.0,0.2914349138736725,0.08795788139104843
927,60,gaussian,1,43,0.234375,0.203125,0.47586206896551725,1.0,1.159338355064392,0.32903119921684265
928,60,gaussian,1,43,0.3125,0.59375,0.3125,1.0,1.1539146900177002,0.40454134345054626
929,60,gaussian,1,43,0.703125,0.609375,0.703125,1.0,0.9067164659500122,0.28176483511924744
930,60,gaussian,1,43,0.5,0.1875,0.5,1.0,1.522933006286621,0.5029045939445496
931,60,gaussian,1,43,0.25,0.578125,0.25,1.0,2.6311683654785156,0.867691695690155
932,60,gaussian,1,43,0.265625,0.2734375,0.49941520467836253,1.0,0.5883054733276367,0.17903102934360504
933,60,gaussian,1,43,0.34375,0.484375,0.34375,1.0,2.2833709716796875,0.7110127210617065
934,60,gaussian,1,43,0.34375,0.578125,0.34375,1.0,3.3709816932678223,1.1246880292892456
935,60,gaussian,1,43,0.28125,0.59375,0.28125,1.0,1.3435688018798828,0.4306492507457733
936,60,gaussian,1,43,0.5,0.4375,0.5,1.0,0.8383796811103821,0.2958470582962036
937,60,gaussian,1,43,0.640625,0.46875,0.640625,1.0,6.783819198608398,2.347736358642578
938,60,gaussian,1,43,0.234375,0.265625,0.5142857142857142,1.0,1.5102193355560303,0.4838460385799408
939,60,gaussian,1,43,0.3125,0.515625,0.3125,1.0,1.6723212003707886,0.5193136930465698
940,60,gaussian,1,43,0.296875,0.296875,0.296875,1.0,0.16460376977920532,0.04736306890845299
941,60,gaussian,1,43,0.65625,0.28125,0.65625,1.0,1.8105578422546387,0.5941817164421082
942,60,gaussian,1,43,0.421875,0.625,0.421875,1.0,2.5420472621917725,0.8660001158714294
943,60,gaussian,1,43,0.265625,0.578125,0.265625,1.0,2.678053379058838,0.8880186080932617
944,60,gaussian,1,43,0.359375,0.546875,0.359375,1.0,1.846293330192566,0.6259272694587708
945,60,gaussian,1,43,0.25,0.2734375,0.46659597030752914,1.0,2.4651994705200195,0.7464252710342407
946,60,gaussian,1,43,0.4375,0.40625,0.4375,1.0,0.9549353122711182,0.34244099259376526
947,60,gaussian,1,43,0.375,0.453125,0.375,1.0,0.9996675252914429,0.33865776658058167
948,60,gaussian,1,43,0.5,0.203125,0.5,1.0,1.5205769538879395,0.5029045939445496
949,60,gaussian,1,43,0.515625,0.578125,0.515625,1.0,0.8011934757232666,0.26684680581092834
950,60,gaussian,1,43,0.703125,0.625,0.703125,1.0,0.40089595317840576,0.14424191415309906
951,60,gaussian,1,43,0.328125,0.609375,0.328125,1.0,2.214660167694092,0.7228179574012756
952,60,gaussian,1,43,0.2421875,0.2109375,0.49014778325123154,1.0,1.1623036861419678,0.32903119921684265
953,60,gaussian,1,43,0.2421875,0.2265625,0.47817460317460314,1.0,0.7489546537399292,0.2155940979719162
954,60,gaussian,1,43,0.2890625,0.234375,0.4931972789115646,1.0,2.29598069190979,0.760219395160675
955,60,gaussian,1,43,0.640625,0.65625,0.640625,1.0,0.741908609867096,0.246124267578125
956,60,gaussian,1,43,0.328125,0.5625,0.328125,1.0,0.6482764482498169,0.21652278304100037
957,60,gaussian,1,43,0.421875,0.625,0.421875,1.0,2.5420446395874023,0.8660001158714294
958,60,gaussian,1,43,0.390625,0.578125,0.390625,1.0,1.5960782766342163,0.5461234450340271
959,60,gaussian,1,43,0.234375,0.5625,0.234375,1.0,0.2346431463956833,0.07070665806531906
960,60,gaussian,1,43,0.234375,0.234375,0.4764705882352941,1.0,1.0851843357086182,0.3530712425708771
961,60,gaussian,1,43,0.671875,0.59375,0.671875,1.0,2.6383056640625,0.9427172541618347
962,60,gaussian,1,43,0.546875,0.59375,0.546875,1.0,1.3107213973999023,0.43816426396369934
963,60,gaussian,1,43,0.609375,0.625,0.609375,1.0,4.335015296936035,1.4456032514572144
964,60,gaussian,1,43,0.28125,0.609375,0.28125,1.0,0.7542803287506104,0.24779579043388367
965,60,gaussian,1,43,0.3125,0.59375,0.3125,1.0,1.211919903755188,0.42650681734085083
966,60,gaussian,1,43,0.375,0.59375,0.375,1.0,1.1307166814804077,0.36708855628967285
967,60,gaussian,1,43,0.2578125,0.2578125,0.5455991516436903,1.0,2.1728196144104004,0.6467058658599854
968,60,gaussian,1,43,0.265625,0.609375,0.265625,1.0,0.7988092303276062,0.24908705055713654
969,60,gaussian,1,43,0.53125,0.421875,0.53125,1.0,2.648892402648926,0.9545719623565674
970,60,gaussian,1,43,0.28125,0.59375,0.28125,1.0,1.4642221927642822,0.4728105962276459
971,60,gaussian,1,43,0.34375,0.640625,0.34375,1.0,2.2149648666381836,0.7335115671157837
972,60,gaussian,1,43,0.40625,0.578125,0.40625,1.0,1.5438891649246216,0.497736394405365
973,60,gaussian,1,43,0.734375,0.65625,0.734375,1.0,0.7655388116836548,0.2584344148635864
974,60,gaussian,1,43,0.25,0.578125,0.25,1.0,1.2569611072540283,0.396025151014328
975,60,gaussian,1,43,0.21875,0.2265625,0.4375,1.0,3.6695504188537598,1.0271720886230469
976,60,gaussian,1,43,0.609375,0.421875,0.609375,1.0,1.0420777797698975,0.32954299449920654
977,60,gaussian,1,43,0.5625,0.53125,0.5625,1.0,1.2072627544403076,0.4588533341884613
978,60,gaussian,1,43,0.28125,0.625,0.28125,1.0,6.096286773681641,2.034385919570923
979,60,gaussian,1,43,0.46875,0.46875,0.46875,1.0,0.477583646774292,0.16198040544986725
980,60,gaussian,1,43,0.25,0.59375,0.25,1.0,1.8637068271636963,0.6194067001342773
981,60,gaussian,1,43,0.640625,0.578125,0.640625,1.0,2.540034055709839,0.827955424785614
982,60,gaussian,1,43,0.546875,0.53125,0.546875,1.0,1.2073242664337158,0.4588533639907837
983,60,gaussian,1,43,0.3125,0.28125,0.3125,1.0,0.29152369499206543,0.08795788139104843
984,60,gaussian,1,43,0.390625,0.5625,0.390625,1.0,1.594753623008728,0.5461234450340271
985,60,gaussian,1,43,,,,0.0,0.8874490261077881,0.29389268159866333
986,60,gaussian,1,43,0.3125,0.625,0.3125,1.0,1.063089370727539,0.3629729151725769
987,60,gaussian,1,43,0.28125,0.5625,0.28125,1.0,6.207157135009766,1.986939549446106
988,60,gaussian,1,43,0.328125,0.609375,0.328125,1.0,1.2114970684051514,0.42650678753852844
989,60,gaussian,1,43,0.4375,0.609375,0.4375,1.0,0.9212193489074707,0.32737624645233154
990,60,gaussian,1,43,0.484375,0.5,0.484375,1.0,2.2733685970306396,0.775098979473114
991,60,gaussian,1,43,0.390625,0.40625,0.390625,1.0,0.34795963764190674,0.11180266737937927
992,60,gaussian,1,43,0.40625,0.515625,0.40625,1.0,3.3096530437469482,1.1310014724731445
993,60,gaussian,1,43,0.296875,0.578125,0.296875,1.0,0.725847065448761,0.24020566046237946
994,60,gaussian,1,43,0.40625,0.625,0.40625,1.0,0.998347818851471,0.3395322561264038
995,60,gaussian,1,43,0.4375,0.484375,0.4375,1.0,0.6391537189483643,0.23355405032634735
996,60,gaussian,1,43,0.328125,0.578125,0.328125,1.0,0.9563153982162476,0.3232263922691345
997,60,gaussian,1,43,0.234375,0.578125,0.234375,1.0,1.2558510303497314,0.396025151014328
998,60,gaussian,1,43,0.328125,0.609375,0.328125,1.0,0.459034264087677,0.15517883002758026
999,60,gaussian,1,43,0.234375,0.609375,0.234375,1.0,0.6424031257629395,0.22000110149383545
0,80,gaussian,1,43,0.375,0.4375,0.5,1.0,1.5338754653930664,0.5328730344772339
1,80,gaussian,1,43,0.234375,0.4375,0.3125,1.0,0.87729811668396,0.2899664044380188
2,80,gaussian,1,43,0.265625,0.390625,0.3541666666666667,1.0,2.6774392127990723,0.907981812953949
3,80,gaussian,1,43,0.5625,0.5,0.75,1.0,1.8962690830230713,0.6255647540092468
4,80,gaussian,1,43,0.453125,0.46875,0.6041666666666666,1.0,2.1870980262756348,0.7030954360961914
5,80,gaussian,1,43,0.1875,0.21875,0.5714285714285714,1.0,0.8755348920822144,0.250408411026001
6,80,gaussian,1,43,0.125,0.125,0.42105263157894735,1.0,1.23703932762146,0.38624101877212524
7,80,gaussian,1,43,,,,0.0,2.1678593158721924,0.6402137875556946
8,80,gaussian,1,43,0.421875,0.484375,0.5625,1.0,0.6675735116004944,0.2252906709909439
9,80,gaussian,1,43,0.3125,0.46875,0.4166666666666667,1.0,2.3284313678741455,0.7344367504119873
10,80,gaussian,1,43,0.28125,0.453125,0.375,1.0,2.3953301906585693,0.7792628407478333
11,80,gaussian,1,43,0.3125,0.34375,0.4166666666666667,1.0,2.431309700012207,0.8389122486114502
12,80,gaussian,1,43,0.25,0.40625,0.3333333333333333,1.0,2.5022175312042236,0.8240110874176025
13,80,gaussian,1,43,0.234375,0.453125,0.3125,1.0,1.5818227529525757,0.5660929083824158
14,80,gaussian,1,43,0.171875,0.5,0.22916666666666666,1.0,0.6267668008804321,0.19080258905887604
15,80,gaussian,1,43,0.296875,0.5,0.3958333333333333,1.0,1.1383047103881836,0.38410505652427673
16,80,gaussian,1,43,0.484375,0.34375,0.6458333333333334,1.0,6.76731014251709,2.369337797164917
17,80,gaussian,1,43,0.34375,0.46875,0.4583333333333333,1.0,1.531369686126709,0.5229581594467163
18,80,gaussian,1,43,,,,0.0,0.5863341093063354,0.180563285946846
19,80,gaussian,1,43,0.515625,0.453125,0.6875,1.0,0.5240422487258911,0.19466882944107056
20,80,gaussian,1,43,0.21875,0.234375,0.2916666666666667,1.0,2.4047207832336426,0.7003556489944458
21,80,gaussian,1,43,0.25,0.390625,0.3333333333333333,1.0,1.8843278884887695,0.590856671333313
22,80,gaussian,1,43,0.21875,0.40625,0.2916666666666667,1.0,1.4900108575820923,0.4562355577945709
23,80,gaussian,1,43,0.28125,0.484375,0.375,1.0,3.23248291015625,1.0740630626678467
24,80,gaussian,1,43,0.3125,0.328125,0.4166666666666667,1.0,2.036856174468994,0.6784355044364929
25,80,gaussian,1,43,0.28125,0.3125,0.375,1.0,2.0622811317443848,0.6554464101791382
26,80,gaussian,1,43,0.484375,0.5,0.6458333333333334,1.0,0.35073089599609375,0.10742019861936569
27,80,gaussian,1,43,0.265625,0.484375,0.3541666666666667,1.0,2.214381694793701,0.7366495132446289
28,80,gaussian,1,43,0.484375,0.46875,0.6458333333333334,1.0,1.9782365560531616,0.6465071439743042
29,80,gaussian,1,43,0.296875,0.3125,0.3958333333333333,1.0,1.7028141021728516,0.5640597939491272
30,80,gaussian,1,43,0.265625,0.25,0.3541666666666667,1.0,2.610118865966797,0.8801511526107788
31,80,gaussian,1,43,0.28125,0.28125,0.375,1.0,1.1900465488433838,0.37623634934425354
32,80,gaussian,1,43,0.421875,0.390625,0.5625,1.0,1.2070667743682861,0.458487331867218
33,80,gaussian,1,43,0.21875,0.46875,0.2916666666666667,1.0,1.6140344142913818,0.513546347618103
34,80,gaussian,1,43,0.171875,0.46875,0.22916666666666666,1.0,2.1305174827575684,0.7506086826324463
35,80,gaussian,1,43,0.25,0.40625,0.3333333333333333,1.0,0.6605345010757446,0.2043101042509079
36,80,gaussian,1,43,0.171875,0.421875,0.22916666666666666,1.0,1.2535110712051392,0.39478087425231934
37,80,gaussian,1,43,0.375,0.34375,0.5,1.0,1.431532621383667,0.4807306230068207
38,80,gaussian,1,43,0.234375,0.40625,0.3125,1.0,0.5284593105316162,0.1806079000234604
39,80,gaussian,1,43,0.53125,0.4375,0.7083333333333334,1.0,0.5250389575958252,0.1921902596950531
40,80,gaussian,1,43,0.296875,0.296875,0.3958333333333333,1.0,2.0625951290130615,0.6545624732971191
41,80,gaussian,1,43,0.234375,0.296875,0.3125,1.0,0.9630486965179443,0.34352073073387146
42,80,gaussian,1,43,0.359375,0.375,0.4791666666666667,1.0,1.0385931730270386,0.3571242094039917
43,80,gaussian,1,43,0.265625,0.421875,0.3541666666666667,1.0,1.4775282144546509,0.4888227880001068
44,80,gaussian,1,43,0.21875,0.21875,0.2916666666666667,1.0,0.16471606492996216,0.04700540378689766
45,80,gaussian,1,43,0.390625,0.453125,0.5208333333333334,1.0,3.1344106197357178,1.0226826667785645
46,80,gaussian,1,43,0.265625,0.421875,0.3541666666666667,1.0,0.47007235884666443,0.162544846534729
47,80,gaussian,1,43,0.21875,0.46875,0.2916666666666667,1.0,6.080780982971191,2.0528035163879395
48,80,gaussian,1,43,0.421875,0.234375,0.5625,1.0,5.177511692047119,1.6823537349700928
49,80,gaussian,1,43,0.4375,0.46875,0.5833333333333334,1.0,3.0848898887634277,0.9444448947906494
50,80,gaussian,1,43,0.1875,0.4375,0.25,1.0,2.3309431076049805,0.7522916197776794
51,80,gaussian,1,43,0.21875,0.234375,0.2916666666666667,1.0,2.40258526802063,0.7002935409545898
52,80,gaussian,1,43,0.203125,0.46875,0.2708333333333333,1.0,2.110889196395874,0.7217848896980286
53,80,gaussian,1,43,0.203125,0.203125,0.5,1.0,0.7510659098625183,0.24964122474193573
54,80,gaussian,1,43,0.375,0.3125,0.5,1.0,2.2960190773010254,0.7683248519897461
55,80,gaussian,1,43,0.171875,0.453125,0.22916666666666666,1.0,2.1315410137176514,0.7515996098518372
56,80,gaussian,1,43,0.296875,0.328125,0.3958333333333333,1.0,1.703920602798462,0.5633864402770996
57,80,gaussian,1,43,0.25,0.453125,0.3333333333333333,1.0,0.46672752499580383,0.14891819655895233
58,80,gaussian,1,43,0.484375,0.515625,0.6458333333333334,1.0,0.5948619246482849,0.1903693526983261
59,80,gaussian,1,43,0.390625,0.3125,0.5208333333333334,1.0,0.40746065974235535,0.144193634390831
60,80,gaussian,1,43,0.34375,0.34375,0.4583333333333333,1.0,3.337446928024292,1.1509580612182617
61,80,gaussian,1,43,0.3125,0.34375,0.4166666666666667,1.0,1.7296383380889893,0.5801164507865906
62,80,gaussian,1,43,0.265625,0.28125,0.3541666666666667,1.0,3.895338773727417,1.2523279190063477
63,80,gaussian,1,43,0.40625,0.453125,0.5416666666666666,1.0,8.389981269836426,2.6919476985931396
64,80,gaussian,1,43,0.546875,0.375,0.7291666666666666,1.0,4.0676140785217285,1.2783397436141968
65,80,gaussian,1,43,0.21875,0.421875,0.2916666666666667,1.0,1.9226772785186768,0.6424577236175537
66,80,gaussian,1,43,0.515625,0.359375,0.6875,1.0,2.7032668590545654,0.8599327206611633
67,80,gaussian,1,43,0.359375,0.453125,0.4791666666666667,1.0,0.9732847809791565,0.3307800590991974
68,80,gaussian,1,43,0.390625,0.4375,0.5208333333333334,1.0,2.567746639251709,0.9590924382209778
69,80,gaussian,1,43,0.21875,0.453125,0.2916666666666667,1.0,2.1629998683929443,0.7265161275863647
70,80,gaussian,1,43,0.453125,0.203125,0.6041666666666666,1.0,2.7372913360595703,0.8652476668357849
71,80,gaussian,1,43,0.46875,0.484375,0.625,1.0,0.880856454372406,0.2787626087665558
72,80,gaussian,1,43,0.140625,0.109375,0.4090909090909091,1.0,1.6693897247314453,0.5101178884506226
73,80,gaussian,1,43,0.296875,0.484375,0.3958333333333333,1.0,0.7837650775909424,0.26754695177078247
74,80,gaussian,1,43,0.234375,0.234375,0.3125,1.0,3.7275290489196777,1.1635243892669678
75,80,gaussian,1,43,0.28125,0.3125,0.5625,1.0,3.0313923358917236,0.9293286204338074
76,80,gaussian,1,43,0.265625,0.40625,0.3541666666666667,1.0,1.845374345779419,0.6296313405036926
77,80,gaussian,1,43,0.296875,0.234375,0.3958333333333333,1.0,3.940173387527466,1.3120523691177368
78,80,gaussian,1,43,0.359375,0.265625,0.4791666666666667,1.0,1.0249497890472412,0.3538701832294464
79,80,gaussian,1,43,0.3125,0.34375,0.4166666666666667,1.0,1.1249165534973145,0.3647426962852478
80,80,gaussian,1,43,0.265625,0.484375,0.3541666666666667,1.0,1.7252421379089355,0.6234440207481384
81,80,gaussian,1,43,0.25,0.28125,0.5714285714285714,1.0,1.0796642303466797,0.3279453217983246
82,80,gaussian,1,43,0.453125,0.46875,0.6041666666666666,1.0,4.326949596405029,1.4474573135375977
83,80,gaussian,1,43,0.296875,0.484375,0.3958333333333333,1.0,0.48787760734558105,0.14695674180984497
84,80,gaussian,1,43,0.375,0.4375,0.5,1.0,0.4396800398826599,0.1499573439359665
85,80,gaussian,1,43,0.390625,0.453125,0.5208333333333334,1.0,0.6828082203865051,0.23618513345718384
86,80,gaussian,1,43,0.1875,0.453125,0.25,1.0,2.134995937347412,0.7485261559486389
87,80,gaussian,1,43,0.25,0.453125,0.3333333333333333,1.0,2.5249431133270264,0.7771562933921814
88,80,gaussian,1,43,0.21875,0.15625,0.2916666666666667,1.0,0.9816719889640808,0.2875760793685913
89,80,gaussian,1,43,0.375,0.34375,0.5,1.0,1.4332289695739746,0.4838392734527588
90,80,gaussian,1,43,0.3125,0.328125,0.4166666666666667,1.0,2.0372960567474365,0.6816098690032959
91,80,gaussian,1,43,0.203125,0.484375,0.2708333333333333,1.0,1.4268221855163574,0.45298269391059875
92,80,gaussian,1,43,0.203125,0.453125,0.2708333333333333,1.0,1.2180850505828857,0.39363157749176025
93,80,gaussian,1,43,0.53125,0.453125,0.7083333333333334,1.0,0.9067541360855103,0.2839672565460205
94,80,gaussian,1,43,0.390625,0.4375,0.5208333333333334,1.0,8.423991203308105,2.895082950592041
95,80,gaussian,1,43,0.1875,0.453125,0.25,1.0,1.990771770477295,0.6308327317237854
96,80,gaussian,1,43,0.40625,0.46875,0.5416666666666666,1.0,3.640082597732544,1.26047682762146
97,80,gaussian,1,43,0.21875,0.453125,0.2916666666666667,1.0,2.06300687789917,0.6783677935600281
98,80,gaussian,1,43,0.515625,0.359375,0.6875,1.0,2.7003681659698486,0.8618699312210083
99,80,gaussian,1,43,0.453125,0.484375,0.6041666666666666,1.0,0.8805242776870728,0.2761968970298767
100,80,gaussian,1,43,0.21875,0.203125,0.2916666666666667,1.0,0.291205495595932,0.08665267378091812
101,80,gaussian,1,43,0.296875,0.40625,0.3958333333333333,1.0,0.6947193741798401,0.22880904376506805
102,80,gaussian,1,43,0.4375,0.484375,0.5833333333333334,1.0,3.5561413764953613,1.2846344709396362
103,80,gaussian,1,43,0.203125,0.421875,0.2708333333333333,1.0,1.4380111694335938,0.4055293798446655
104,80,gaussian,1,43,0.328125,0.296875,0.4375,1.0,0.9550498127937317,0.3390977084636688
105,80,gaussian,1,43,0.171875,0.453125,0.22916666666666666,1.0,0.40921974182128906,0.13854795694351196
106,80,gaussian,1,43,0.40625,0.375,0.5416666666666666,1.0,1.0105633735656738,0.34000909328460693
107,80,gaussian,1,43,0.296875,0.359375,0.3958333333333333,1.0,2.134608030319214,0.7394785284996033
108,80,gaussian,1,43,0.21875,0.4375,0.2916666666666667,1.0,4.179582595825195,1.287441611289978
109,80,gaussian,1,43,0.234375,0.5,0.3125,1.0,4.461230278015137,1.381615161895752
110,80,gaussian,1,43,0.3125,0.4375,0.4166666666666667,1.0,0.25925391912460327,0.08288654685020447
111,80,gaussian,1,43,0.203125,0.421875,0.2708333333333333,1.0,1.0649367570877075,0.35915347933769226
112,80,gaussian,1,43,,,,0.0,1.5096073150634766,0.48764052987098694
113,80,gaussian,1,43,0.1875,0.4375,0.25,1.0,2.957979202270508,0.9932628870010376
114,80,gaussian,1,43,0.265625,0.234375,0.3541666666666667,1.0,0.5258952379226685,0.19378343224525452
115,80,gaussian,1,43,0.28125,0.4375,0.375,1.0,2.0406153202056885,0.671511709690094
116,80,gaussian,1,43,0.203125,0.46875,0.2708333333333333,1.0,1.0793938636779785,0.36199837923049927
117,80,gaussian,1,43,0.4375,0.484375,0.5833333333333334,1.0,1.5774623155593872,0.5104186534881592
118,80,gaussian,1,43,0.40625,0.453125,0.5416666666666666,1.0,1.4972858428955078,0.5501707792282104
119,80,gaussian,1,43,0.171875,0.421875,0.22916666666666666,1.0,0.7854708433151245,0.26864463090896606
120,80,gaussian,1,43,0.5,0.265625,0.6666666666666666,1.0,3.8237967491149902,1.1867518424987793
121,80,gaussian,1,43,0.359375,0.453125,0.4791666666666667,1.0,0.2179066240787506,0.07170822471380234
122,80,gaussian,1,43,0.21875,0.15625,0.2916666666666667,1.0,0.9815366268157959,0.2864469587802887
123,80,gaussian,1,43,0.234375,0.453125,0.3125,1.0,1.2102693319320679,0.4296969771385193
124,80,gaussian,1,43,0.203125,0.421875,0.2708333333333333,1.0,1.0643366575241089,0.3614036738872528
125,80,gaussian,1,43,0.171875,0.375,0.22916666666666666,1.0,0.6293051242828369,0.18462985754013062
126,80,gaussian,1,43,0.125,0.109375,0.5333333333333333,1.0,2.670532703399658,0.948916494846344
127,80,gaussian,1,43,0.28125,0.328125,0.375,1.0,0.10762158036231995,0.036805760115385056
128,80,gaussian,1,43,0.34375,0.375,0.4583333333333333,1.0,1.123633623123169,0.38169482350349426
129,80,gaussian,1,43,0.25,0.40625,0.3333333333333333,1.0,2.0423524379730225,0.6506273746490479
130,80,gaussian,1,43,0.375,0.453125,0.5,1.0,0.4788703918457031,0.16478785872459412
131,80,gaussian,1,43,0.28125,0.359375,0.375,1.0,2.2491695880889893,0.790187656879425
132,80,gaussian,1,43,0.28125,0.21875,0.375,1.0,3.939507484436035,1.3354620933532715
133,80,gaussian,1,43,0.4375,0.1875,0.5833333333333334,1.0,2.59718656539917,0.8325918316841125
134,80,gaussian,1,43,0.46875,0.484375,0.625,1.0,0.8827708959579468,0.274296373128891
135,80,gaussian,1,43,0.1875,0.453125,0.25,1.0,1.990864634513855,0.6277977228164673
136,80,gaussian,1,43,0.421875,0.390625,0.5625,1.0,3.487642288208008,1.2627540826797485
137,80,gaussian,1,43,0.296875,0.453125,0.3958333333333333,1.0,6.409518241882324,2.33064603805542
138,80,gaussian,1,43,0.234375,0.3125,0.3125,1.0,0.9674381017684937,0.342651903629303
139,80,gaussian,1,43,0.265625,0.421875,0.3541666666666667,1.0,2.2362968921661377,0.7248995900154114
140,80,gaussian,1,43,0.40625,0.46875,0.5416666666666666,1.0,0.666429877281189,0.22647495567798615
141,80,gaussian,1,43,0.203125,0.453125,0.2708333333333333,1.0,2.214898109436035,0.6627596020698547
142,80,gaussian,1,43,0.421875,0.453125,0.5625,1.0,8.37101936340332,2.684042453765869
143,80,gaussian,1,43,0.296875,0.4375,0.3958333333333333,1.0,2.0427982807159424,0.657254159450531
144,80,gaussian,1,43,0.25,0.265625,0.3333333333333333,1.0,4.515038967132568,1.419121503829956
145,80,gaussian,1,43,0.1875,0.421875,0.25,1.0,1.0639431476593018,0.3658183217048645
146,80,gaussian,1,43,0.171875,0.5,0.22916666666666666,1.0,1.3346824645996094,0.44417741894721985
147,80,gaussian,1,43,0.21875,0.359375,0.2916666666666667,1.0,2.8529186248779297,0.8462081551551819
148,80,gaussian,1,43,0.484375,0.484375,0.6458333333333334,1.0,2.660478353500366,0.8723270297050476
149,80,gaussian,1,43,0.203125,0.484375,0.2708333333333333,1.0,0.9979184865951538,0.33978307247161865
150,80,gaussian,1,43,0.28125,0.296875,0.375,1.0,0.34775176644325256,0.11200013011693954
151,80,gaussian,1,43,0.140625,0.109375,0.45,1.0,1.0780589580535889,0.33110469579696655
152,80,gaussian,1,43,0.25,0.265625,0.3333333333333333,1.0,4.515038013458252,1.4046305418014526
153,80,gaussian,1,43,0.484375,0.484375,0.6458333333333334,1.0,0.9451067447662354,0.3096998631954193
154,80,gaussian,1,43,0.453125,0.3125,0.6041666666666666,1.0,1.0429412126541138,0.3299413323402405
155,80,gaussian,1,43,0.203125,0.21875,0.5909090909090909,1.0,0.8753876090049744,0.2547712028026581
156,80,gaussian,1,43,0.390625,0.46875,0.5208333333333334,1.0,0.8305692672729492,0.2960398495197296
157,80,gaussian,1,43,0.203125,0.421875,0.2708333333333333,1.0,3.0972819328308105,1.0019502639770508
158,80,gaussian,1,43,0.34375,0.328125,0.4583333333333333,1.0,1.0818901062011719,0.38157516717910767
159,80,gaussian,1,43,0.46875,0.484375,0.625,1.0,2.6616392135620117,0.8770057559013367
160,80,gaussian,1,43,0.515625,0.359375,0.6875,1.0,2.700979709625244,0.8530908823013306
161,80,gaussian,1,43,0.34375,0.390625,0.4583333333333333,1.0,0.5303235054016113,0.1895860880613327
162,80,gaussian,1,43,0.40625,0.359375,0.5416666666666666,1.0,1.051964282989502,0.362983375787735
163,80,gaussian,1,43,0.25,0.4375,0.3333333333333333,1.0,1.2099018096923828,0.42763280868530273
164,80,gaussian,1,43,0.40625,0.4375,0.5416666666666666,1.0,0.6840592622756958,0.2360641211271286
165,80,gaussian,1,43,0.1875,0.453125,0.25,1.0,1.534102439880371,0.5299836993217468
166,80,gaussian,1,43,0.40625,0.46875,0.5416666666666666,1.0,5.783825874328613,1.8875378370285034
167,80,gaussian,1,43,0.234375,0.453125,0.3125,1.0,2.9921374320983887,1.0373080968856812
168,80,gaussian,1,43,0.296875,0.296875,0.3958333333333333,1.0,2.607196807861328,0.881025493144989
169,80,gaussian,1,43,0.4375,0.375,0.5833333333333334,1.0,1.9056384563446045,0.6621660590171814
170,80,gaussian,1,43,0.28125,0.21875,0.375,1.0,0.5218064785003662,0.1900440752506256
171,80,gaussian,1,43,0.265625,0.25,0.3541666666666667,1.0,1.2762806415557861,0.40650811791419983
172,80,gaussian,1,43,0.359375,0.375,0.4791666666666667,1.0,1.5211048126220703,0.5258082151412964
173,80,gaussian,1,43,0.1875,0.4375,0.25,1.0,2.1355159282684326,0.7488121390342712
174,80,gaussian,1,43,0.21875,0.46875,0.2916666666666667,1.0,2.101085662841797,0.6160067915916443
175,80,gaussian,1,43,0.40625,0.4375,0.5416666666666666,1.0,0.6840335130691528,0.23351095616817474
176,80,gaussian,1,43,0.296875,0.34375,0.3958333333333333,1.0,1.7310895919799805,0.577749490737915
177,80,gaussian,1,43,0.359375,0.46875,0.4791666666666667,1.0,0.21799905598163605,0.0719926506280899
178,80,gaussian,1,43,0.21875,0.453125,0.2916666666666667,1.0,2.10227108001709,0.6213432550430298
179,80,gaussian,1,43,0.25,0.4375,0.3333333333333333,1.0,2.8579511642456055,0.960322916507721
180,80,gaussian,1,43,0.25,0.1875,0.3333333333333333,1.0,7.71154260635376,2.3745787143707275
181,80,gaussian,1,43,0.21875,0.46875,0.2916666666666667,1.0,2.0966227054595947,0.6190520524978638
182,80,gaussian,1,43,0.28125,0.328125,0.375,1.0,2.987992763519287,1.0926501750946045
183,80,gaussian,1,43,0.234375,0.453125,0.3125,1.0,1.0627986192703247,0.36395296454429626
184,80,gaussian,1,43,0.34375,0.171875,0.4583333333333333,1.0,0.11739020049571991,0.04350651055574417
185,80,gaussian,1,43,0.25,0.40625,0.3333333333333333,1.0,2.502101421356201,0.8274112939834595
186,80,gaussian,1,43,0.203125,0.453125,0.2708333333333333,1.0,4.182777404785156,1.2619541883468628
187,80,gaussian,1,43,0.1875,0.453125,0.25,1.0,0.7980185747146606,0.26445671916007996
188,80,gaussian,1,43,0.546875,0.5,0.7291666666666666,1.0,1.8926247358322144,0.6150314211845398
189,80,gaussian,1,43,0.234375,0.421875,0.3125,1.0,2.2896652221679688,0.6843271851539612
190,80,gaussian,1,43,0.390625,0.421875,0.5208333333333334,1.0,0.8010975122451782,0.2693130075931549
191,80,gaussian,1,43,0.25,0.421875,0.3333333333333333,1.0,2.984954595565796,1.001612901687622
192,80,gaussian,1,43,0.21875,0.46875,0.2916666666666667,1.0,4.059469223022461,1.2661008834838867
193,80,gaussian,1,43,0.234375,0.40625,0.3125,1.0,1.984287977218628,0.6182746291160583
194,80,gaussian,1,43,0.390625,0.46875,0.5208333333333334,1.0,1.3336212635040283,0.47431764006614685
195,80,gaussian,1,43,0.3125,0.46875,0.4166666666666667,1.0,0.9973981380462646,0.3422982096672058
196,80,gaussian,1,43,0.21875,0.453125,0.2916666666666667,1.0,0.7518492937088013,0.24803735315799713
197,80,gaussian,1,43,0.421875,0.46875,0.5625,1.0,0.6123709678649902,0.1952541023492813
198,80,gaussian,1,43,0.1875,0.46875,0.25,1.0,1.3446040153503418,0.422809898853302
199,80,gaussian,1,43,0.25,0.453125,0.3333333333333333,1.0,1.0614356994628906,0.36655864119529724
200,80,gaussian,1,43,0.15625,0.421875,0.20833333333333334,1.0,1.8472638130187988,0.6451044082641602
201,80,gaussian,1,43,0.40625,0.328125,0.5416666666666666,1.0,5.373615741729736,1.855082631111145
202,80,gaussian,1,43,0.25,0.453125,0.3333333333333333,1.0,1.4699007272720337,0.49667975306510925
203,80,gaussian,1,43,0.328125,0.46875,0.4375,1.0,0.4304647147655487,0.14141149818897247
204,80,gaussian,1,43,0.5,0.203125,0.6666666666666666,1.0,3.551347255706787,1.1170870065689087
205,80,gaussian,1,43,0.375,0.34375,0.5,1.0,2.330068349838257,0.8146896958351135
206,80,gaussian,1,43,0.359375,0.375,0.4791666666666667,1.0,1.521109700202942,0.5277537703514099
207,80,gaussian,1,43,0.375,0.421875,0.5,1.0,0.43971389532089233,0.1503286361694336
208,80,gaussian,1,43,0.4375,0.484375,0.5833333333333334,1.0,3.556513786315918,1.29324471950531
209,80,gaussian,1,43,0.5,0.453125,0.6666666666666666,1.0,0.38959819078445435,0.13705171644687653
210,80,gaussian,1,43,0.328125,0.453125,0.4375,1.0,4.660965442657471,1.6815259456634521
211,80,gaussian,1,43,0.40625,0.4375,0.5416666666666666,1.0,1.3098523616790771,0.43824073672294617
212,80,gaussian,1,43,0.4375,0.359375,0.5833333333333334,1.0,0.5627937912940979,0.17829705774784088
213,80,gaussian,1,43,0.375,0.375,0.5,1.0,3.0275158882141113,1.0760213136672974
214,80,gaussian,1,43,0.203125,0.46875,0.2708333333333333,1.0,0.7999140024185181,0.24930939078330994
215,80,gaussian,1,43,0.40625,0.46875,0.5416666666666666,1.0,3.646453857421875,1.2413357496261597
216,80,gaussian,1,43,0.3125,0.421875,0.4166666666666667,1.0,1.5435141324996948,0.4949880838394165
217,80,gaussian,1,43,0.21875,0.203125,0.5185185185185185,1.0,0.7486986517906189,0.21284426748752594
218,80,gaussian,1,43,0.265625,0.421875,0.3541666666666667,1.0,1.054628849029541,0.3196960389614105
219,80,gaussian,1,43,0.390625,0.359375,0.5208333333333334,1.0,2.612489700317383,0.8594782948493958
220,80,gaussian,1,43,0.25,0.3125,0.3333333333333333,1.0,0.9674063920974731,0.34370094537734985
221,80,gaussian,1,43,0.1875,0.421875,0.25,1.0,0.7837122678756714,0.270579993724823
222,80,gaussian,1,43,0.3125,0.484375,0.4166666666666667,1.0,2.581271171569824,0.8094558715820312
223,80,gaussian,1,43,0.421875,0.390625,0.5625,1.0,3.4885950088500977,1.2525066137313843
224,80,gaussian,1,43,0.421875,0.234375,0.5625,1.0,5.180821895599365,1.6631200313568115
225,80,gaussian,1,43,0.234375,0.40625,0.3125,1.0,2.4972400665283203,0.8261640071868896
226,80,gaussian,1,43,0.21875,0.4375,0.2916666666666667,1.0,1.1639074087142944,0.41030922532081604
227,80,gaussian,1,43,0.21875,0.46875,0.2916666666666667,1.0,1.6149916648864746,0.5133147835731506
228,80,gaussian,1,43,0.421875,0.25,0.5625,1.0,5.170506477355957,1.6598048210144043
229,80,gaussian,1,43,0.484375,0.484375,0.6458333333333334,1.0,1.9793422222137451,0.6465297937393188
230,80,gaussian,1,43,0.203125,0.40625,0.2708333333333333,1.0,2.2118849754333496,0.7054292559623718
231,80,gaussian,1,43,0.1875,0.453125,0.25,1.0,1.2616864442825317,0.42598962783813477
232,80,gaussian,1,43,0.15625,0.46875,0.20833333333333334,1.0,0.5690246820449829,0.17381463944911957
233,80,gaussian,1,43,0.234375,0.421875,0.3125,1.0,1.9862980842590332,0.6170684695243835
234,80,gaussian,1,43,0.28125,0.40625,0.375,1.0,1.2451896667480469,0.42025625705718994
235,80,gaussian,1,43,0.234375,0.421875,0.3125,1.0,1.9880675077438354,0.6159875392913818
236,80,gaussian,1,43,0.359375,0.40625,0.4791666666666667,1.0,0.7254028916358948,0.24749235808849335
237,80,gaussian,1,43,0.25,0.484375,0.3333333333333333,1.0,1.3398594856262207,0.4725172817707062
238,80,gaussian,1,43,0.28125,0.328125,0.375,1.0,0.99944007396698,0.3368455767631531
239,80,gaussian,1,43,0.359375,0.390625,0.4791666666666667,1.0,0.29260358214378357,0.09795361012220383
240,80,gaussian,1,43,0.515625,0.25,0.6875,1.0,0.6003074049949646,0.17765063047409058
241,80,gaussian,1,43,0.515625,0.15625,0.6875,1.0,0.973994791507721,0.2944459915161133
242,80,gaussian,1,43,0.203125,0.4375,0.2708333333333333,1.0,1.3437681198120117,0.4353378415107727
243,80,gaussian,1,43,0.375,0.375,0.5,1.0,4.747226238250732,1.6902480125427246
244,80,gaussian,1,43,0.453125,0.1875,0.6041666666666666,1.0,2.59385347366333,0.8183078169822693
245,80,gaussian,1,43,0.328125,0.453125,0.4375,1.0,1.4680345058441162,0.46218234300613403
246,80,gaussian,1,43,0.5,0.34375,0.6666666666666666,1.0,15.223711013793945,4.8636369705200195
247,80,gaussian,1,43,0.140625,0.109375,0.42857142857142855,1.0,0.7469700574874878,0.2149706929922104
248,80,gaussian,1,43,0.3125,0.28125,0.4166666666666667,1.0,2.286159038543701,0.762104332447052
249,80,gaussian,1,43,0.203125,0.171875,0.52,1.0,0.5445253849029541,0.15018397569656372
250,80,gaussian,1,43,0.53125,0.375,0.7083333333333334,1.0,2.643768310546875,0.9165847897529602
251,80,gaussian,1,43,0.265625,0.453125,0.3541666666666667,1.0,2.666553020477295,0.9309037327766418
252,80,gaussian,1,43,0.265625,0.46875,0.3541666666666667,1.0,2.2143287658691406,0.7357470393180847
253,80,gaussian,1,43,0.234375,0.421875,0.3125,1.0,1.533441424369812,0.46927109360694885
254,80,gaussian,1,43,0.375,0.3125,0.5,1.0,0.8387196063995361,0.29469695687294006
255,80,gaussian,1,43,0.203125,0.4375,0.2708333333333333,1.0,1.297273874282837,0.4212140738964081
256,80,gaussian,1,43,0.5,0.34375,0.6666666666666666,1.0,15.226364135742188,4.954764366149902
257,80,gaussian,1,43,0.421875,0.46875,0.5625,1.0,1.7765202522277832,0.5781564116477966
258,80,gaussian,1,43,0.296875,0.484375,0.3958333333333333,1.0,0.4879830479621887,0.14721207320690155
259,80,gaussian,1,43,0.25,0.203125,0.3333333333333333,1.0,2.5348141193389893,0.8224084377288818
260,80,gaussian,1,43,0.40625,0.46875,0.5416666666666666,1.0,3.5998167991638184,1.2429566383361816
261,80,gaussian,1,43,0.1875,0.421875,0.25,1.0,1.2577323913574219,0.39981988072395325
262,80,gaussian,1,43,0.21875,0.421875,0.2916666666666667,1.0,0.7257580757141113,0.2400021106004715
263,80,gaussian,1,43,0.5625,0.421875,0.75,1.0,0.4044879972934723,0.13769136369228363
264,80,gaussian,1,43,0.15625,0.421875,0.20833333333333334,1.0,1.853713035583496,0.6450256705284119
265,80,gaussian,1,43,0.3125,0.359375,0.4166666666666667,1.0,2.4314920902252197,0.8278467655181885
266,80,gaussian,1,43,0.390625,0.375,0.5208333333333334,1.0,2.6145272254943848,0.8474785685539246
267,80,gaussian,1,43,0.53125,0.4375,0.7083333333333334,1.0,0.5243176221847534,0.19240763783454895
268,80,gaussian,1,43,0.28125,0.46875,0.375,1.0,2.390002727508545,0.7819778919219971
269,80,gaussian,1,43,0.46875,0.34375,0.625,1.0,6.777741432189941,2.3301708698272705
270,80,gaussian,1,43,0.21875,0.15625,0.2916666666666667,1.0,0.9819616079330444,0.2898825407028198
271,80,gaussian,1,43,0.1875,0.4375,0.25,1.0,1.0634431838989258,0.36143261194229126
272,80,gaussian,1,43,0.359375,0.4375,0.4791666666666667,1.0,0.9727926850318909,0.32962483167648315
273,80,gaussian,1,43,0.359375,0.4375,0.4791666666666667,1.0,1.534979224205017,0.5338254570960999
274,80,gaussian,1,43,0.296875,0.4375,0.3958333333333333,1.0,2.9698355197906494,0.9957962036132812
275,80,gaussian,1,43,0.21875,0.421875,0.2916666666666667,1.0,1.9212009906768799,0.6469242572784424
276,80,gaussian,1,43,0.25,0.203125,0.3333333333333333,1.0,2.5404162406921387,0.8295692205429077
277,80,gaussian,1,43,0.390625,0.25,0.5208333333333334,1.0,2.8481626510620117,1.0317249298095703
278,80,gaussian,1,43,0.4375,0.453125,0.5833333333333334,1.0,0.33560091257095337,0.10389964282512665
279,80,gaussian,1,43,0.40625,0.4375,0.5416666666666666,1.0,0.6918202638626099,0.2418091595172882
280,80,gaussian,1,43,0.453125,0.3125,0.6041666666666666,1.0,1.0427035093307495,0.3281704783439636
281,80,gaussian,1,43,0.203125,0.4375,0.2708333333333333,1.0,4.177911281585693,1.2923550605773926
282,80,gaussian,1,43,0.28125,0.46875,0.375,1.0,2.227142810821533,0.6928040981292725
283,80,gaussian,1,43,0.265625,0.359375,0.3541666666666667,1.0,1.4590725898742676,0.4747287631034851
284,80,gaussian,1,43,0.1875,0.421875,0.25,1.0,1.258772611618042,0.39566516876220703
285,80,gaussian,1,43,0.21875,0.28125,0.56,1.0,1.6699681282043457,0.5099127888679504
286,80,gaussian,1,43,0.3125,0.328125,0.4166666666666667,1.0,1.071481466293335,0.3494783341884613
287,80,gaussian,1,43,0.375,0.421875,0.5,1.0,0.43971365690231323,0.14911219477653503
288,80,gaussian,1,43,0.25,0.421875,0.3333333333333333,1.0,3.9663174152374268,1.2812916040420532
289,80,gaussian,1,43,0.265625,0.359375,0.3541666666666667,1.0,2.2776565551757812,0.7203993797302246
290,80,gaussian,1,43,0.203125,0.421875,0.2708333333333333,1.0,2.8474316596984863,0.9356474280357361
291,80,gaussian,1,43,0.453125,0.3125,0.6041666666666666,1.0,1.0427018404006958,0.3294377624988556
292,80,gaussian,1,43,0.1875,0.171875,0.25,1.0,1.4375841617584229,0.3918048143386841
293,80,gaussian,1,43,0.234375,0.453125,0.3125,1.0,1.47023344039917,0.4882250130176544
294,80,gaussian,1,43,0.390625,0.46875,0.5208333333333334,1.0,1.0627824068069458,0.35703718662261963
295,80,gaussian,1,43,0.21875,0.421875,0.2916666666666667,1.0,1.646944522857666,0.5562810301780701
296,80,gaussian,1,43,0.234375,0.4375,0.3125,1.0,1.1531413793563843,0.40448617935180664
297,80,gaussian,1,43,0.296875,0.484375,0.3958333333333333,1.0,1.369598150253296,0.45161062479019165
298,80,gaussian,1,43,0.21875,0.421875,0.2916666666666667,1.0,0.7269914746284485,0.2425108700990677
299,80,gaussian,1,43,0.234375,0.453125,0.3125,1.0,1.5957098007202148,0.5457590222358704
300,80,gaussian,1,43,0.296875,0.3125,0.3958333333333333,1.0,2.0638506412506104,0.6543041467666626
301,80,gaussian,1,43,0.328125,0.34375,0.4375,1.0,2.6719844341278076,0.9220902323722839
302,80,gaussian,1,43,0.203125,0.40625,0.2708333333333333,1.0,2.2113471031188965,0.7096642851829529
303,80,gaussian,1,43,0.25,0.4375,0.3333333333333333,1.0,2.215782642364502,0.7308810949325562
304,80,gaussian,1,43,0.21875,0.1875,0.2916666666666667,1.0,1.3471386432647705,0.411981463432312
305,80,gaussian,1,43,0.140625,0.109375,0.45,1.0,1.2363790273666382,0.3867795169353485
306,80,gaussian,1,43,0.25,0.359375,0.3333333333333333,1.0,1.7669763565063477,0.5662425756454468
307,80,gaussian,1,43,0.1875,0.453125,0.25,1.0,1.990313172340393,0.636415958404541
308,80,gaussian,1,43,0.46875,0.40625,0.625,1.0,6.879175186157227,2.1506142616271973
309,80,gaussian,1,43,0.265625,0.265625,0.3541666666666667,1.0,1.6519488096237183,0.5028855204582214
310,80,gaussian,1,43,0.265625,0.125,0.3541666666666667,1.0,2.7588329315185547,0.975856602191925
311,80,gaussian,1,43,0.203125,0.1875,0.2708333333333333,1.0,1.538881778717041,0.4523267149925232
312,80,gaussian,1,43,0.21875,0.421875,0.2916666666666667,1.0,0.726235032081604,0.2410978376865387
313,80,gaussian,1,43,0.203125,0.421875,0.2708333333333333,1.0,1.0860809087753296,0.3291775584220886
314,80,gaussian,1,43,0.21875,0.1875,0.2916666666666667,1.0,1.347604751586914,0.40929096937179565
315,80,gaussian,1,43,0.3125,0.484375,0.4166666666666667,1.0,0.21625865995883942,0.0684647485613823
316,80,gaussian,1,43,0.21875,0.21875,0.5833333333333334,1.0,0.8860600590705872,0.28284934163093567
317,80,gaussian,1,43,0.484375,0.484375,0.6458333333333334,1.0,0.7417096495628357,0.2469770461320877
318,80,gaussian,1,43,0.40625,0.484375,0.5416666666666666,1.0,0.33957916498184204,0.11598776280879974
319,80,gaussian,1,43,0.296875,0.296875,0.3958333333333333,1.0,0.5720787048339844,0.20090681314468384
320,80,gaussian,1,43,0.3125,0.40625,0.4166666666666667,1.0,1.6571977138519287,0.5925880670547485
321,80,gaussian,1,43,0.375,0.34375,0.5,1.0,1.4331542253494263,0.4836800694465637
322,80,gaussian,1,43,0.21875,0.46875,0.2916666666666667,1.0,2.1017634868621826,0.6145253777503967
323,80,gaussian,1,43,0.25,0.46875,0.3333333333333333,1.0,1.0614705085754395,0.36307716369628906
324,80,gaussian,1,43,0.578125,0.421875,0.7708333333333334,1.0,0.40676623582839966,0.13958820700645447
325,80,gaussian,1,43,0.3125,0.390625,0.4166666666666667,1.0,3.309191942214966,1.1328601837158203
326,80,gaussian,1,43,0.421875,0.3125,0.5625,1.0,2.3357365131378174,0.8068957328796387
327,80,gaussian,1,43,0.25,0.28125,0.43243243243243246,1.0,1.5076019763946533,0.48033958673477173
328,80,gaussian,1,43,0.25,0.40625,0.3333333333333333,1.0,2.039721965789795,0.6555213928222656
329,80,gaussian,1,43,0.234375,0.453125,0.3125,1.0,1.2113077640533447,0.4270556569099426
330,80,gaussian,1,43,0.375,0.46875,0.5,1.0,0.2179611623287201,0.07159547507762909
331,80,gaussian,1,43,0.390625,0.4375,0.5208333333333334,1.0,1.0170732736587524,0.35107672214508057
332,80,gaussian,1,43,0.21875,0.453125,0.2916666666666667,1.0,2.162567615509033,0.7273569703102112
333,80,gaussian,1,43,0.21875,0.359375,0.2916666666666667,1.0,2.8437304496765137,0.8462321758270264
334,80,gaussian,1,43,0.296875,0.3125,0.5757575757575758,1.0,3.0203487873077393,0.9207236170768738
335,80,gaussian,1,43,0.265625,0.265625,0.3541666666666667,1.0,1.1207083463668823,0.3404129445552826
336,80,gaussian,1,43,0.390625,0.4375,0.5208333333333334,1.0,3.728703498840332,1.2766706943511963
337,80,gaussian,1,43,0.421875,0.375,0.5625,1.0,1.0925496816635132,0.3803442120552063
338,80,gaussian,1,43,0.3125,0.296875,0.4166666666666667,1.0,2.2868940830230713,0.7565465569496155
339,80,gaussian,1,43,0.4375,0.1875,0.5833333333333334,1.0,2.595477342605591,0.8400904536247253
340,80,gaussian,1,43,0.40625,0.453125,0.5416666666666666,1.0,0.8301370143890381,0.29375705122947693
341,80,gaussian,1,43,0.28125,0.3125,0.5625,1.0,3.0235466957092285,0.9231915473937988
342,80,gaussian,1,43,0.25,0.421875,0.3333333333333333,1.0,2.9857001304626465,1.0044021606445312
343,80,gaussian,1,43,0.390625,0.4375,0.5208333333333334,1.0,0.6828635931015015,0.233921617269516
344,80,gaussian,1,43,0.28125,0.453125,0.375,1.0,2.392198085784912,0.7718287110328674
345,80,gaussian,1,43,0.203125,0.453125,0.2708333333333333,1.0,0.97879958152771,0.33793583512306213
346,80,gaussian,1,43,0.4375,0.46875,0.5833333333333334,1.0,0.6419533491134644,0.22632361948490143
347,80,gaussian,1,43,0.203125,0.484375,0.2708333333333333,1.0,0.8864949941635132,0.2895791530609131
348,80,gaussian,1,43,0.421875,0.390625,0.5625,1.0,3.4862213134765625,1.2596580982208252
349,80,gaussian,1,43,0.21875,0.484375,0.2916666666666667,1.0,1.2152934074401855,0.40658456087112427
350,80,gaussian,1,43,0.25,0.4375,0.3333333333333333,1.0,0.4666482210159302,0.14905722439289093
351,80,gaussian,1,43,0.203125,0.453125,0.2708333333333333,1.0,1.2587041854858398,0.4264020025730133
352,80,gaussian,1,43,0.21875,0.453125,0.2916666666666667,1.0,2.1625659465789795,0.7225240468978882
353,80,gaussian,1,43,0.25,0.1875,0.3333333333333333,1.0,7.7189531326293945,2.3349926471710205
354,80,gaussian,1,43,0.171875,0.46875,0.22916666666666666,1.0,1.901963710784912,0.6102830171585083
355,80,gaussian,1,43,0.265625,0.109375,0.3541666666666667,1.0,2.7401723861694336,0.9733045697212219
356,80,gaussian,1,43,0.203125,0.453125,0.2708333333333333,1.0,1.494441270828247,0.4762887954711914
357,80,gaussian,1,43,0.359375,0.421875,0.4791666666666667,1.0,1.5344607830047607,0.5309237837791443
358,80,gaussian,1,43,0.234375,0.453125,0.3125,1.0,2.9901843070983887,1.0347310304641724
359,80,gaussian,1,43,0.484375,0.5,0.6458333333333334,1.0,0.8128437399864197,0.26710793375968933
360,80,gaussian,1,43,0.46875,0.46875,0.625,1.0,3.6525213718414307,1.1961473226547241
361,80,gaussian,1,43,0.3125,0.4375,0.4166666666666667,1.0,0.25906914472579956,0.08385158330202103
362,80,gaussian,1,43,0.4375,0.46875,0.5833333333333334,1.0,2.192101240158081,0.7016112804412842
363,80,gaussian,1,43,0.296875,0.296875,0.3958333333333333,1.0,0.5726879239082336,0.2012510746717453
364,80,gaussian,1,43,0.234375,0.390625,0.3125,1.0,1.6734662055969238,0.5240788459777832
365,80,gaussian,1,43,0.3125,0.34375,0.4166666666666667,1.0,1.7295030355453491,0.5777429342269897
366,80,gaussian,1,43,0.578125,0.421875,0.7708333333333334,1.0,0.4069749712944031,0.13886979222297668
367,80,gaussian,1,43,0.25,0.375,0.3333333333333333,1.0,2.282153606414795,0.7178084850311279
368,80,gaussian,1,43,0.265625,0.46875,0.3541666666666667,1.0,1.434823989868164,0.4527156352996826
369,80,gaussian,1,43,0.3125,0.3125,0.4166666666666667,1.0,2.0395054817199707,0.6763237118721008
370,80,gaussian,1,43,0.234375,0.40625,0.3125,1.0,1.3143945932388306,0.4383738934993744
371,80,gaussian,1,43,0.4375,0.46875,0.5833333333333334,1.0,1.7764098644256592,0.5811808109283447
372,80,gaussian,1,43,0.296875,0.453125,0.3958333333333333,1.0,6.412367820739746,2.3177735805511475
373,80,gaussian,1,43,0.28125,0.484375,0.375,1.0,3.2310285568237305,1.0476210117340088
374,80,gaussian,1,43,0.359375,0.359375,0.4791666666666667,1.0,1.0390141010284424,0.35713157057762146
375,80,gaussian,1,43,0.359375,0.359375,0.4791666666666667,1.0,2.3277299404144287,0.8133406043052673
376,80,gaussian,1,43,0.25,0.40625,0.3333333333333333,1.0,2.502476453781128,0.8334704637527466
377,80,gaussian,1,43,0.3125,0.328125,0.4166666666666667,1.0,1.3958353996276855,0.48636457324028015
378,80,gaussian,1,43,0.28125,0.46875,0.375,1.0,2.2302517890930176,0.6855576634407043
379,80,gaussian,1,43,0.25,0.28125,0.3333333333333333,1.0,4.500616073608398,1.4047011137008667
380,80,gaussian,1,43,0.265625,0.390625,0.3541666666666667,1.0,0.629386305809021,0.21271245181560516
381,80,gaussian,1,43,0.234375,0.4375,0.3125,1.0,1.1272211074829102,0.33489692211151123
382,80,gaussian,1,43,0.234375,0.40625,0.3125,1.0,2.7846078872680664,0.8638544678688049
383,80,gaussian,1,43,0.28125,0.46875,0.375,1.0,2.3911421298980713,0.7814105153083801
384,80,gaussian,1,43,0.328125,0.46875,0.4375,1.0,1.4714746475219727,0.46506717801094055
385,80,gaussian,1,43,0.1875,0.453125,0.25,1.0,1.5351359844207764,0.5301268100738525
386,80,gaussian,1,43,0.390625,0.4375,0.5208333333333334,1.0,1.0116608142852783,0.36150726675987244
387,80,gaussian,1,43,0.171875,0.484375,0.22916666666666666,1.0,0.5722896456718445,0.17338067293167114
388,80,gaussian,1,43,0.25,0.453125,0.3333333333333333,1.0,2.6722800731658936,0.9375784397125244
389,80,gaussian,1,43,0.375,0.375,0.5,1.0,2.2719907760620117,0.7768800258636475
390,80,gaussian,1,43,0.21875,0.21875,0.2916666666666667,1.0,0.1643892079591751,0.04805450141429901
391,80,gaussian,1,43,0.234375,0.421875,0.3125,1.0,1.9873676300048828,0.6160232424736023
392,80,gaussian,1,43,0.53125,0.375,0.7083333333333334,1.0,2.1040101051330566,0.6958662271499634
393,80,gaussian,1,43,0.5625,0.484375,0.75,1.0,2.8525357246398926,0.8742784261703491
394,80,gaussian,1,43,0.21875,0.5,0.2916666666666667,1.0,4.455775260925293,1.36005699634552
395,80,gaussian,1,43,0.421875,0.375,0.5625,1.0,0.5626006722450256,0.17988762259483337
396,80,gaussian,1,43,0.3125,0.484375,0.4166666666666667,1.0,0.2162584364414215,0.06747133284807205
397,80,gaussian,1,43,0.5,0.453125,0.6666666666666666,1.0,2.4947731494903564,0.8543839454650879
398,80,gaussian,1,43,0.265625,0.484375,0.3541666666666667,1.0,1.7270028591156006,0.6170574426651001
399,80,gaussian,1,43,0.3125,0.34375,0.4166666666666667,1.0,2.431758165359497,0.8330032825469971
400,80,gaussian,1,43,0.390625,0.453125,0.5208333333333334,1.0,0.4425206780433655,0.16082307696342468
401,80,gaussian,1,43,0.40625,0.46875,0.5416666666666666,1.0,0.33992379903793335,0.11635858565568924
402,80,gaussian,1,43,0.25,0.296875,0.3333333333333333,1.0,0.9986675381660461,0.30390915274620056
403,80,gaussian,1,43,0.4375,0.1875,0.5833333333333334,1.0,2.7398459911346436,0.8626061677932739
404,80,gaussian,1,43,0.203125,0.453125,0.2708333333333333,1.0,0.795784592628479,0.2516647279262543
405,80,gaussian,1,43,0.28125,0.4375,0.375,1.0,1.1294269561767578,0.3638487458229065
406,80,gaussian,1,43,0.15625,0.140625,0.4166666666666667,1.0,0.8859654068946838,0.2787257730960846
407,80,gaussian,1,43,0.1875,0.484375,0.25,1.0,0.8849196434020996,0.29568538069725037
408,80,gaussian,1,43,0.1875,0.484375,0.25,1.0,2.7186167240142822,0.8588479161262512
409,80,gaussian,1,43,0.203125,0.5,0.2708333333333333,1.0,1.0852190256118774,0.3552171289920807
410,80,gaussian,1,43,0.21875,0.421875,0.2916666666666667,1.0,0.6352287530899048,0.19982458651065826
411,80,gaussian,1,43,0.3125,0.140625,0.4166666666666667,1.0,1.3579485416412354,0.4319078028202057
412,80,gaussian,1,43,0.28125,0.296875,0.375,1.0,1.1912868022918701,0.37873950600624084
413,80,gaussian,1,43,0.390625,0.484375,0.5208333333333334,1.0,0.33911463618278503,0.116319440305233
414,80,gaussian,1,43,0.25,0.484375,0.3333333333333333,1.0,4.788424491882324,1.4989278316497803
415,80,gaussian,1,43,0.265625,0.4375,0.3541666666666667,1.0,0.46979930996894836,0.1626787632703781
416,80,gaussian,1,43,0.296875,0.34375,0.3958333333333333,1.0,1.7310702800750732,0.5809361338615417
417,80,gaussian,1,43,0.34375,0.203125,0.4583333333333333,1.0,2.87713360786438,0.9621057510375977
418,80,gaussian,1,43,0.1875,0.46875,0.25,1.0,2.1294093132019043,0.7524576187133789
419,80,gaussian,1,43,0.46875,0.40625,0.625,1.0,6.8802385330200195,2.146143913269043
420,80,gaussian,1,43,0.328125,0.359375,0.4375,1.0,0.639030933380127,0.2320014089345932
421,80,gaussian,1,43,0.5625,0.484375,0.75,1.0,2.8563451766967773,0.8900898694992065
422,80,gaussian,1,43,0.1875,0.421875,0.25,1.0,1.063170075416565,0.3626375198364258
423,80,gaussian,1,43,0.203125,0.421875,0.2708333333333333,1.0,0.6341100931167603,0.19880011677742004
424,80,gaussian,1,43,0.21875,0.421875,0.2916666666666667,1.0,3.0963573455810547,0.9999035000801086
425,80,gaussian,1,43,0.21875,0.359375,0.2916666666666667,1.0,2.851839303970337,0.8438088893890381
426,80,gaussian,1,43,0.203125,0.4375,0.2708333333333333,1.0,2.2143330574035645,0.7445718050003052
427,80,gaussian,1,43,0.421875,0.453125,0.5625,1.0,8.3737154006958,2.662888288497925
428,80,gaussian,1,43,0.40625,0.46875,0.5416666666666666,1.0,0.3399355113506317,0.11481573432683945
429,80,gaussian,1,43,0.234375,0.453125,0.3125,1.0,3.3744142055511475,1.148098349571228
430,80,gaussian,1,43,0.484375,0.484375,0.6458333333333334,1.0,1.9790546894073486,0.6619290113449097
431,80,gaussian,1,43,0.234375,0.4375,0.3125,1.0,1.1541991233825684,0.40461552143096924
432,80,gaussian,1,43,0.28125,0.328125,0.375,1.0,2.989762544631958,1.0745769739151
433,80,gaussian,1,43,0.21875,0.40625,0.2916666666666667,1.0,4.3314924240112305,1.3819793462753296
434,80,gaussian,1,43,0.46875,0.484375,0.625,1.0,2.660543918609619,0.8729152083396912
435,80,gaussian,1,43,0.1875,0.5,0.25,1.0,1.7917239665985107,0.5601085424423218
436,80,gaussian,1,43,0.1875,0.4375,0.25,1.0,3.3203413486480713,1.034035563468933
437,80,gaussian,1,43,0.21875,0.4375,0.2916666666666667,1.0,2.7990951538085938,0.8873924612998962
438,80,gaussian,1,43,0.375,0.40625,0.5,1.0,0.7256710529327393,0.2442585825920105
439,80,gaussian,1,43,0.421875,0.453125,0.5625,1.0,0.6120212078094482,0.19929441809654236
440,80,gaussian,1,43,0.328125,0.359375,0.4375,1.0,4.049407958984375,1.3653029203414917
441,80,gaussian,1,43,0.296875,0.359375,0.3958333333333333,1.0,2.1376848220825195,0.7267717719078064
442,80,gaussian,1,43,0.1875,0.15625,0.4444444444444444,1.0,0.8753675222396851,0.24989420175552368
443,80,gaussian,1,43,0.3125,0.3125,0.4166666666666667,1.0,0.6119217872619629,0.19628314673900604
444,80,gaussian,1,43,0.453125,0.453125,0.6041666666666666,1.0,0.3356602191925049,0.10478010028600693
445,80,gaussian,1,43,0.375,0.34375,0.5,1.0,2.328732967376709,0.8093242645263672
446,80,gaussian,1,43,0.34375,0.34375,0.4583333333333333,1.0,1.5966408252716064,0.5490801930427551
447,80,gaussian,1,43,0.234375,0.453125,0.3125,1.0,3.3751144409179688,1.1318273544311523
448,80,gaussian,1,43,0.234375,0.421875,0.3125,1.0,0.6479953527450562,0.21572506427764893
449,80,gaussian,1,43,0.1875,0.421875,0.25,1.0,1.2550146579742432,0.3913198709487915
450,80,gaussian,1,43,0.359375,0.390625,0.4791666666666667,1.0,0.3944963216781616,0.1353089064359665
451,80,gaussian,1,43,0.3125,0.484375,0.4166666666666667,1.0,0.7443719506263733,0.24971236288547516
452,80,gaussian,1,43,0.328125,0.171875,0.4375,1.0,0.11698245257139206,0.04288584738969803
453,80,gaussian,1,43,0.21875,0.40625,0.2916666666666667,1.0,2.973752975463867,0.9420542120933533
454,80,gaussian,1,43,0.328125,0.34375,0.4375,1.0,2.4321250915527344,0.8323200345039368
455,80,gaussian,1,43,0.25,0.390625,0.3333333333333333,1.0,3.203077793121338,1.0173707008361816
456,80,gaussian,1,43,0.359375,0.46875,0.4791666666666667,1.0,0.21800221502780914,0.0712718814611435
457,80,gaussian,1,43,0.265625,0.359375,0.3541666666666667,1.0,2.249147415161133,0.7900772094726562
458,80,gaussian,1,43,0.34375,0.28125,0.4583333333333333,1.0,6.079094886779785,2.1174752712249756
459,80,gaussian,1,43,0.25,0.40625,0.3333333333333333,1.0,0.6482042074203491,0.21623535454273224
460,80,gaussian,1,43,0.34375,0.171875,0.4583333333333333,1.0,0.11711570620536804,0.04295109957456589
461,80,gaussian,1,43,0.515625,0.46875,0.6875,1.0,2.2210874557495117,0.7266981601715088
462,80,gaussian,1,43,0.203125,0.4375,0.2708333333333333,1.0,2.0303382873535156,0.678748369216919
463,80,gaussian,1,43,0.234375,0.3125,0.3125,1.0,1.5152910947799683,0.46459513902664185
464,80,gaussian,1,43,0.3125,0.46875,0.4166666666666667,1.0,0.7449344396591187,0.24829751253128052
465,80,gaussian,1,43,0.328125,0.46875,0.4375,1.0,1.4714610576629639,0.4657096564769745
466,80,gaussian,1,43,0.25,0.40625,0.3333333333333333,1.0,1.7363319396972656,0.587725818157196
467,80,gaussian,1,43,0.265625,0.484375,0.3541666666666667,1.0,2.223046064376831,0.6923823952674866
468,80,gaussian,1,43,0.359375,0.265625,0.4791666666666667,1.0,1.0253005027770996,0.35948485136032104
469,80,gaussian,1,43,0.40625,0.4375,0.5416666666666666,1.0,0.6827069520950317,0.23625314235687256
470,80,gaussian,1,43,0.4375,0.46875,0.5833333333333334,1.0,1.776525616645813,0.5821809768676758
471,80,gaussian,1,43,0.21875,0.421875,0.2916666666666667,1.0,6.195154666900635,1.966004490852356
472,80,gaussian,1,43,0.203125,0.46875,0.2708333333333333,1.0,1.4262874126434326,0.4616791307926178
473,80,gaussian,1,43,0.25,0.453125,0.3333333333333333,1.0,0.781797468662262,0.25575733184814453
474,80,gaussian,1,43,0.34375,0.46875,0.4583333333333333,1.0,1.5266894102096558,0.5118840932846069
475,80,gaussian,1,43,0.328125,0.34375,0.4375,1.0,4.050893306732178,1.3670272827148438
476,80,gaussian,1,43,0.328125,0.34375,0.4375,1.0,1.593456506729126,0.5493696928024292
477,80,gaussian,1,43,0.359375,0.359375,0.4791666666666667,1.0,1.5384100675582886,0.496686726808548
478,80,gaussian,1,43,0.1875,0.4375,0.25,1.0,3.3169806003570557,1.0286566019058228
479,80,gaussian,1,43,0.40625,0.390625,0.5416666666666666,1.0,1.1231045722961426,0.3813168704509735
480,80,gaussian,1,43,0.4375,0.46875,0.5833333333333334,1.0,3.5505738258361816,1.2734267711639404
481,80,gaussian,1,43,0.390625,0.421875,0.5208333333333334,1.0,3.729088306427002,1.263984203338623
482,80,gaussian,1,43,0.40625,0.46875,0.5416666666666666,1.0,0.33990925550460815,0.11636390537023544
483,80,gaussian,1,43,0.296875,0.234375,0.3958333333333333,1.0,3.9348373413085938,1.330498218536377
484,80,gaussian,1,43,0.203125,0.5,0.2708333333333333,1.0,1.0836689472198486,0.35605132579803467
485,80,gaussian,1,43,0.421875,0.375,0.5625,1.0,2.7764363288879395,0.9808722138404846
486,80,gaussian,1,43,0.28125,0.453125,0.375,1.0,1.127707839012146,0.3626967668533325
487,80,gaussian,1,43,0.296875,0.4375,0.3958333333333333,1.0,6.418497085571289,2.3197150230407715
488,80,gaussian,1,43,0.25,0.265625,0.3333333333333333,1.0,4.509829521179199,1.4043388366699219
489,80,gaussian,1,43,0.25,0.390625,0.3333333333333333,1.0,3.203573703765869,1.0358606576919556
490,80,gaussian,1,43,0.4375,0.328125,0.5833333333333334,1.0,2.940298080444336,0.9359573125839233
491,80,gaussian,1,43,0.28125,0.46875,0.375,1.0,3.2344725131988525,1.063650131225586
492,80,gaussian,1,43,0.375,0.40625,0.5,1.0,7.8541259765625,2.7004811763763428
493,80,gaussian,1,43,0.328125,0.46875,0.4375,1.0,0.4299340546131134,0.13960561156272888
494,80,gaussian,1,43,0.3125,0.328125,0.4166666666666667,1.0,1.0737578868865967,0.34714633226394653
495,80,gaussian,1,43,0.28125,0.21875,0.375,1.0,3.9374265670776367,1.339307188987732
496,80,gaussian,1,43,0.1875,0.421875,0.25,1.0,1.0628186464309692,0.3676369786262512
497,80,gaussian,1,43,0.3125,0.421875,0.4166666666666667,1.0,0.4805130064487457,0.16737818717956543
498,80,gaussian,1,43,0.234375,0.375,0.3125,1.0,1.6684989929199219,0.5264204144477844
499,80,gaussian,1,43,0.40625,0.4375,0.5416666666666666,1.0,7.191815376281738,2.388503313064575
500,80,gaussian,1,43,0.359375,0.359375,0.4791666666666667,1.0,2.328169584274292,0.8148837685585022
501,80,gaussian,1,43,0.296875,0.1875,0.3958333333333333,1.0,1.6533650159835815,0.5806370973587036
502,80,gaussian,1,43,0.25,0.453125,0.3333333333333333,1.0,0.4583809971809387,0.15557709336280823
503,80,gaussian,1,43,0.21875,0.453125,0.2916666666666667,1.0,0.9766666889190674,0.3365071713924408
504,80,gaussian,1,43,0.453125,0.484375,0.6041666666666666,1.0,4.11761474609375,1.3237016201019287
505,80,gaussian,1,43,0.484375,0.5,0.6458333333333334,1.0,0.48317772150039673,0.14781510829925537
506,80,gaussian,1,43,0.234375,0.234375,0.3125,1.0,3.720723867416382,1.1444991827011108
507,80,gaussian,1,43,0.234375,0.421875,0.3125,1.0,1.649695873260498,0.5569999814033508
508,80,gaussian,1,43,0.5625,0.484375,0.75,1.0,2.8547582626342773,0.877460777759552
509,80,gaussian,1,43,0.21875,0.46875,0.2916666666666667,1.0,4.0532355308532715,1.2670602798461914
510,80,gaussian,1,43,0.296875,0.40625,0.3958333333333333,1.0,3.3182058334350586,1.1121962070465088
511,80,gaussian,1,43,0.484375,0.453125,0.6458333333333334,1.0,0.3899589776992798,0.1343439519405365
512,80,gaussian,1,43,0.40625,0.46875,0.5416666666666666,1.0,3.5998129844665527,1.226353406906128
513,80,gaussian,1,43,0.25,0.453125,0.3333333333333333,1.0,2.322352170944214,0.8068442344665527
514,80,gaussian,1,43,0.484375,0.4375,0.6458333333333334,1.0,1.2430706024169922,0.4259389042854309
515,80,gaussian,1,43,0.328125,0.4375,0.4375,1.0,0.4066374599933624,0.14207115769386292
516,80,gaussian,1,43,0.171875,0.484375,0.22916666666666666,1.0,0.571958065032959,0.1769958883523941
517,80,gaussian,1,43,0.359375,0.34375,0.4791666666666667,1.0,0.4778279662132263,0.1633204072713852
518,80,gaussian,1,43,0.21875,0.4375,0.2916666666666667,1.0,1.3431057929992676,0.43519216775894165
519,80,gaussian,1,43,0.359375,0.40625,0.4791666666666667,1.0,0.2925174832344055,0.09873935580253601
520,80,gaussian,1,43,0.375,0.421875,0.5,1.0,0.439197838306427,0.15179680287837982
521,80,gaussian,1,43,0.25,0.46875,0.3333333333333333,1.0,0.845602810382843,0.29974937438964844
522,80,gaussian,1,43,0.296875,0.3125,0.3958333333333333,1.0,3.670408248901367,1.230164885520935
523,80,gaussian,1,43,0.21875,0.234375,0.2916666666666667,1.0,2.407700300216675,0.704944908618927
524,80,gaussian,1,43,0.265625,0.421875,0.3541666666666667,1.0,0.6485161185264587,0.2162920981645584
525,80,gaussian,1,43,0.296875,0.375,0.3958333333333333,1.0,1.666398525238037,0.5777769684791565
526,80,gaussian,1,43,0.25,0.484375,0.3333333333333333,1.0,1.3393492698669434,0.4706529676914215
527,80,gaussian,1,43,0.21875,0.46875,0.2916666666666667,1.0,3.935307025909424,1.3765017986297607
528,80,gaussian,1,43,0.421875,0.453125,0.5625,1.0,0.6420721411705017,0.22570611536502838
529,80,gaussian,1,43,0.265625,0.515625,0.3541666666666667,1.0,0.5777038335800171,0.1937505602836609
530,80,gaussian,1,43,0.390625,0.46875,0.5208333333333334,1.0,0.7341843247413635,0.2447844296693802
531,80,gaussian,1,43,0.578125,0.46875,0.7708333333333334,1.0,2.8553943634033203,0.8703893423080444
532,80,gaussian,1,43,0.21875,0.4375,0.2916666666666667,1.0,2.7993552684783936,0.8873058557510376
533,80,gaussian,1,43,0.328125,0.484375,0.4375,1.0,1.8337421417236328,0.628161609172821
534,80,gaussian,1,43,0.453125,0.375,0.6041666666666666,1.0,3.9746594429016113,1.3300868272781372
535,80,gaussian,1,43,0.203125,0.4375,0.2708333333333333,1.0,2.0952672958374023,0.7245065569877625
536,80,gaussian,1,43,0.375,0.375,0.5,1.0,4.7502312660217285,1.6680794954299927
537,80,gaussian,1,43,0.453125,0.296875,0.6041666666666666,1.0,1.3102896213531494,0.40947696566581726
538,80,gaussian,1,43,0.25,0.453125,0.3333333333333333,1.0,2.6681759357452393,0.9339814186096191
539,80,gaussian,1,43,0.390625,0.46875,0.5208333333333334,1.0,1.0628119707107544,0.35513943433761597
540,80,gaussian,1,43,0.203125,0.4375,0.2708333333333333,1.0,4.177722930908203,1.2846460342407227
541,80,gaussian,1,43,0.1875,0.421875,0.25,1.0,0.7862120866775513,0.2705739140510559
542,80,gaussian,1,43,0.25,0.4375,0.3333333333333333,1.0,1.4700324535369873,0.49207165837287903
543,80,gaussian,1,43,0.40625,0.4375,0.5416666666666666,1.0,0.6920917630195618,0.2408604621887207
544,80,gaussian,1,43,0.25,0.453125,0.3333333333333333,1.0,0.7828052043914795,0.26165351271629333
545,80,gaussian,1,43,0.265625,0.453125,0.3541666666666667,1.0,1.4704701900482178,0.4739179015159607
546,80,gaussian,1,43,0.21875,0.46875,0.2916666666666667,1.0,4.060706615447998,1.2676764726638794
547,80,gaussian,1,43,0.25,0.4375,0.3333333333333333,1.0,0.3730652928352356,0.11941917985677719
548,80,gaussian,1,43,0.3125,0.34375,0.4166666666666667,1.0,2.4319303035736084,0.8265516757965088
549,80,gaussian,1,43,0.265625,0.421875,0.3541666666666667,1.0,1.107428789138794,0.3586694598197937
550,80,gaussian,1,43,0.453125,0.484375,0.6041666666666666,1.0,4.114527225494385,1.3217822313308716
551,80,gaussian,1,43,0.359375,0.40625,0.4791666666666667,1.0,1.7553517818450928,0.6537144780158997
552,80,gaussian,1,43,0.21875,0.4375,0.2916666666666667,1.0,2.795398712158203,0.8963532447814941
553,80,gaussian,1,43,0.234375,0.21875,0.3125,1.0,3.988738536834717,1.1715376377105713
554,80,gaussian,1,43,0.421875,0.453125,0.5625,1.0,7.182187080383301,2.3926172256469727
555,80,gaussian,1,43,0.234375,0.453125,0.3125,1.0,1.4727206230163574,0.4920915365219116
556,80,gaussian,1,43,0.296875,0.46875,0.3958333333333333,1.0,1.7974026203155518,0.5800171494483948
557,80,gaussian,1,43,0.40625,0.4375,0.5416666666666666,1.0,7.191562175750732,2.3695974349975586
558,80,gaussian,1,43,0.3125,0.46875,0.4166666666666667,1.0,2.5385687351226807,0.8679233193397522
559,80,gaussian,1,43,0.421875,0.359375,0.5625,1.0,1.4394062757492065,0.4984389841556549
560,80,gaussian,1,43,0.390625,0.25,0.5208333333333334,1.0,2.8476791381835938,1.0239650011062622
561,80,gaussian,1,43,0.46875,0.34375,0.625,1.0,6.7813825607299805,2.335205078125
562,80,gaussian,1,43,0.46875,0.4375,0.625,1.0,3.0006818771362305,1.0929408073425293
563,80,gaussian,1,43,0.21875,0.4375,0.2916666666666667,1.0,2.799384593963623,0.8780012130737305
564,80,gaussian,1,43,0.265625,0.46875,0.3541666666666667,1.0,1.583335518836975,0.562600314617157
565,80,gaussian,1,43,0.484375,0.5,0.6458333333333334,1.0,0.5933172702789307,0.19113872945308685
566,80,gaussian,1,43,0.234375,0.4375,0.3125,1.0,3.480687141418457,1.1207642555236816
567,80,gaussian,1,43,0.53125,0.4375,0.7083333333333334,1.0,2.939547061920166,0.9352946281433105
568,80,gaussian,1,43,0.5,0.21875,0.6666666666666666,1.0,1.8049718141555786,0.5850854516029358
569,80,gaussian,1,43,0.640625,0.0625,0.8541666666666666,1.0,1.6045030355453491,0.4272997975349426
570,80,gaussian,1,43,0.265625,0.4375,0.3541666666666667,1.0,1.4724390506744385,0.4744502007961273
571,80,gaussian,1,43,0.234375,0.4375,0.3125,1.0,2.0907578468322754,0.7149802446365356
572,80,gaussian,1,43,0.234375,0.1875,0.46875,1.0,4.851295471191406,1.477772831916809
573,80,gaussian,1,43,0.1796875,0.1640625,0.47739130434782606,1.0,0.5450840592384338,0.15254947543144226
574,80,gaussian,1,43,0.46875,0.46875,0.625,1.0,3.6517891883850098,1.1962555646896362
575,80,gaussian,1,43,0.1875,0.171875,0.42857142857142855,1.0,3.1924731731414795,0.9870340824127197
576,80,gaussian,1,43,0.453125,0.484375,0.6041666666666666,1.0,4.120845317840576,1.3210947513580322
577,80,gaussian,1,43,0.265625,0.40625,0.3541666666666667,1.0,1.4755440950393677,0.48854267597198486
578,80,gaussian,1,43,0.265625,0.28125,0.3541666666666667,1.0,3.894941806793213,1.2518655061721802
579,80,gaussian,1,43,0.40625,0.453125,0.5416666666666666,1.0,8.382326126098633,2.700962781906128
580,80,gaussian,1,43,0.3125,0.359375,0.4166666666666667,1.0,3.269684314727783,1.0609421730041504
581,80,gaussian,1,43,0.390625,0.359375,0.5208333333333334,1.0,2.9548544883728027,1.0762916803359985
582,80,gaussian,1,43,0.265625,0.234375,0.3541666666666667,1.0,1.859901785850525,0.6116752028465271
583,80,gaussian,1,43,0.171875,0.453125,0.22916666666666666,1.0,0.642330527305603,0.218271866440773
584,80,gaussian,1,43,0.578125,0.4375,0.7708333333333334,1.0,0.40674421191215515,0.13975723087787628
585,80,gaussian,1,43,0.328125,0.359375,0.4375,1.0,0.6390646696090698,0.23399412631988525
586,80,gaussian,1,43,0.15625,0.421875,0.20833333333333334,1.0,1.8514838218688965,0.6477009654045105
587,80,gaussian,1,43,0.234375,0.203125,0.3125,1.0,3.7093687057495117,1.1297657489776611
588,80,gaussian,1,43,0.3125,0.328125,0.5882352941176471,1.0,0.5880610942840576,0.1790347397327423
589,80,gaussian,1,43,0.40625,0.390625,0.5416666666666666,1.0,1.1229019165039062,0.376105397939682
590,80,gaussian,1,43,0.21875,0.4375,0.2916666666666667,1.0,2.671487331390381,0.8870685696601868
591,80,gaussian,1,43,0.109375,0.109375,0.6363636363636364,1.0,1.5083470344543457,0.48924821615219116
592,80,gaussian,1,43,0.25,0.421875,0.3333333333333333,1.0,1.0551496744155884,0.32089105248451233
593,80,gaussian,1,43,0.34375,0.296875,0.4583333333333333,1.0,2.076073169708252,0.7397476434707642
594,80,gaussian,1,43,0.171875,0.4375,0.22916666666666666,1.0,1.983389139175415,0.6733079552650452
595,80,gaussian,1,43,0.203125,0.421875,0.2708333333333333,1.0,1.4401416778564453,0.4069928526878357
596,80,gaussian,1,43,0.421875,0.234375,0.5625,1.0,5.178946495056152,1.6559817790985107
597,80,gaussian,1,43,0.296875,0.296875,0.3958333333333333,1.0,2.6062710285186768,0.8889378309249878
598,80,gaussian,1,43,0.28125,0.484375,0.375,1.0,3.233344554901123,1.050341010093689
599,80,gaussian,1,43,0.53125,0.453125,0.7083333333333334,1.0,0.9062000513076782,0.28364279866218567
600,80,gaussian,1,43,0.21875,0.453125,0.2916666666666667,1.0,1.0777771472930908,0.36001136898994446
601,80,gaussian,1,43,0.234375,0.21875,0.5357142857142857,1.0,0.7466986179351807,0.21293313801288605
602,80,gaussian,1,43,0.5625,0.5,0.75,1.0,1.8971357345581055,0.6252895593643188
603,80,gaussian,1,43,0.1875,0.421875,0.25,1.0,2.628969192504883,0.859576404094696
604,80,gaussian,1,43,0.203125,0.4375,0.2708333333333333,1.0,1.2606631517410278,0.42255377769470215
605,80,gaussian,1,43,0.21875,0.40625,0.2916666666666667,1.0,2.2929739952087402,0.686576247215271
606,80,gaussian,1,43,0.3125,0.328125,0.4166666666666667,1.0,1.0722150802612305,0.353712260723114
607,80,gaussian,1,43,0.234375,0.453125,0.3125,1.0,1.4736007452011108,0.48977816104888916
608,80,gaussian,1,43,0.4375,0.375,0.5833333333333334,1.0,0.562738835811615,0.18153144419193268
609,80,gaussian,1,43,0.265625,0.4375,0.3541666666666667,1.0,0.5811358690261841,0.19698935747146606
610,80,gaussian,1,43,0.234375,0.4375,0.3125,1.0,3.480811595916748,1.128969430923462
611,80,gaussian,1,43,0.25,0.28125,0.5714285714285714,1.0,1.0788373947143555,0.3268856108188629
612,80,gaussian,1,43,0.328125,0.453125,0.4375,1.0,1.4694476127624512,0.4657852053642273
613,80,gaussian,1,43,0.25,0.46875,0.3333333333333333,1.0,0.8451159000396729,0.29500752687454224
614,80,gaussian,1,43,0.296875,0.484375,0.3958333333333333,1.0,1.3678202629089355,0.4490645229816437
615,80,gaussian,1,43,0.484375,0.484375,0.6458333333333334,1.0,2.503818988800049,0.8695104718208313
616,80,gaussian,1,43,0.25,0.203125,0.3333333333333333,1.0,2.5386407375335693,0.8185909986495972
617,80,gaussian,1,43,0.234375,0.390625,0.3125,1.0,3.204155921936035,1.0348615646362305
618,80,gaussian,1,43,0.3125,0.3125,0.4166666666666667,1.0,2.140167236328125,0.7328323721885681
619,80,gaussian,1,43,0.3125,0.46875,0.4166666666666667,1.0,2.328373908996582,0.7311606407165527
620,80,gaussian,1,43,0.25,0.421875,0.3333333333333333,1.0,1.5327448844909668,0.5233520865440369
621,80,gaussian,1,43,0.4375,0.484375,0.5833333333333334,1.0,3.0760364532470703,0.9538628458976746
622,80,gaussian,1,43,0.328125,0.3125,0.4375,1.0,0.9545905590057373,0.34490975737571716
623,80,gaussian,1,43,0.140625,0.109375,0.4090909090909091,1.0,1.6712831258773804,0.5157408118247986
624,80,gaussian,1,43,0.40625,0.375,0.5416666666666666,1.0,1.01055109500885,0.3399699032306671
625,80,gaussian,1,43,0.40625,0.359375,0.5416666666666666,1.0,1.0524656772613525,0.35965120792388916
626,80,gaussian,1,43,0.28125,0.46875,0.375,1.0,2.2296197414398193,0.7002314329147339
627,80,gaussian,1,43,0.265625,0.5,0.3541666666666667,1.0,0.5288739800453186,0.17404916882514954
628,80,gaussian,1,43,0.40625,0.453125,0.5416666666666666,1.0,1.9741156101226807,0.6989853978157043
629,80,gaussian,1,43,0.25,0.46875,0.3333333333333333,1.0,0.8446491956710815,0.29843419790267944
630,80,gaussian,1,43,0.234375,0.40625,0.3125,1.0,2.7839698791503906,0.8739083409309387
631,80,gaussian,1,43,0.25,0.46875,0.3333333333333333,1.0,0.8445652723312378,0.29911014437675476
632,80,gaussian,1,43,0.21875,0.375,0.2916666666666667,1.0,0.26978403329849243,0.08146151900291443
633,80,gaussian,1,43,0.546875,0.40625,0.7291666666666666,1.0,6.791576862335205,2.0950636863708496
634,80,gaussian,1,43,0.421875,0.46875,0.5625,1.0,0.6676395535469055,0.22514235973358154
635,80,gaussian,1,43,0.328125,0.453125,0.4375,1.0,0.2590484321117401,0.08226216584444046
636,80,gaussian,1,43,0.265625,0.46875,0.3541666666666667,1.0,2.2127623558044434,0.7311341166496277
637,80,gaussian,1,43,0.46875,0.484375,0.625,1.0,2.510024070739746,0.8694973587989807
638,80,gaussian,1,43,0.21875,0.46875,0.2916666666666667,1.0,6.085175514221191,2.051999092102051
639,80,gaussian,1,43,0.375,0.4375,0.5,1.0,1.5338774919509888,0.5357144474983215
640,80,gaussian,1,43,0.390625,0.421875,0.5208333333333334,1.0,0.8012310266494751,0.26885366439819336
641,80,gaussian,1,43,0.484375,0.46875,0.6458333333333334,1.0,0.3893187642097473,0.13466466963291168
642,80,gaussian,1,43,0.21875,0.40625,0.2916666666666667,1.0,2.727902412414551,0.9114631414413452
643,80,gaussian,1,43,0.1875,0.453125,0.25,1.0,1.8522517681121826,0.665698766708374
644,80,gaussian,1,43,0.375,0.46875,0.5,1.0,0.21796204149723053,0.07131171226501465
645,80,gaussian,1,43,0.203125,0.4375,0.2708333333333333,1.0,2.5156784057617188,0.8303245306015015
646,80,gaussian,1,43,0.375,0.421875,0.5,1.0,7.856054306030273,2.7073869705200195
647,80,gaussian,1,43,0.4375,0.46875,0.5833333333333334,1.0,1.7764984369277954,0.5858597159385681
648,80,gaussian,1,43,0.359375,0.390625,0.4791666666666667,1.0,1.5206480026245117,0.5257079601287842
649,80,gaussian,1,43,0.53125,0.453125,0.7083333333333334,1.0,1.1048927307128906,0.403314471244812
650,80,gaussian,1,43,0.3125,0.296875,0.4166666666666667,1.0,0.6116615533828735,0.19523441791534424
651,80,gaussian,1,43,0.25,0.4375,0.3333333333333333,1.0,3.3724899291992188,1.114850640296936
652,80,gaussian,1,43,0.3125,0.1875,0.4166666666666667,1.0,1.6546096801757812,0.5655465126037598
653,80,gaussian,1,43,0.375,0.375,0.5,1.0,3.0274784564971924,1.0689336061477661
654,80,gaussian,1,43,0.4375,0.375,0.5833333333333334,1.0,1.9067437648773193,0.6687173843383789
655,80,gaussian,1,43,0.296875,0.34375,0.3958333333333333,1.0,1.7307300567626953,0.5782986879348755
656,80,gaussian,1,43,0.25,0.203125,0.3333333333333333,1.0,2.5384225845336914,0.8359283804893494
657,80,gaussian,1,43,0.34375,0.453125,0.4583333333333333,1.0,0.9745432734489441,0.3307190239429474
658,80,gaussian,1,43,0.25,0.421875,0.3333333333333333,1.0,3.966399669647217,1.2666621208190918
659,80,gaussian,1,43,0.21875,0.28125,0.56,1.0,1.6696677207946777,0.511751651763916
660,80,gaussian,1,43,0.46875,0.5,0.625,1.0,0.3511893153190613,0.10924994945526123
661,80,gaussian,1,43,0.375,0.3125,0.5,1.0,0.838273823261261,0.29511165618896484
662,80,gaussian,1,43,0.296875,0.4375,0.3958333333333333,1.0,2.968353748321533,0.9989997148513794
663,80,gaussian,1,43,0.234375,0.453125,0.3125,1.0,3.3771629333496094,1.1536972522735596
664,80,gaussian,1,43,0.296875,0.484375,0.3958333333333333,1.0,1.3696074485778809,0.44937625527381897
665,80,gaussian,1,43,0.21875,0.203125,0.2916666666666667,1.0,0.2911432385444641,0.0890686959028244
666,80,gaussian,1,43,0.515625,0.46875,0.6875,1.0,0.7155905961990356,0.2511371970176697
667,80,gaussian,1,43,0.1875,0.453125,0.25,1.0,0.7976437211036682,0.2684960663318634
668,80,gaussian,1,43,0.265625,0.328125,0.3541666666666667,1.0,2.147808790206909,0.6904597878456116
669,80,gaussian,1,43,0.28125,0.421875,0.375,1.0,1.1058743000030518,0.36044931411743164
670,80,gaussian,1,43,0.5,0.34375,0.6666666666666666,1.0,15.228596687316895,4.858019828796387
671,80,gaussian,1,43,0.09375,0.078125,0.42857142857142855,1.0,0.58749920129776,0.18038202822208405
672,80,gaussian,1,43,0.234375,0.453125,0.3125,1.0,1.5955314636230469,0.5349658727645874
673,80,gaussian,1,43,0.21875,0.453125,0.2916666666666667,1.0,2.067117214202881,0.6744843125343323
674,80,gaussian,1,43,0.34375,0.453125,0.4583333333333333,1.0,0.919801652431488,0.32719719409942627
675,80,gaussian,1,43,0.359375,0.34375,0.4791666666666667,1.0,0.477649062871933,0.16256305575370789
676,80,gaussian,1,43,0.203125,0.203125,0.4482758620689655,1.0,0.43350639939308167,0.1245632916688919
677,80,gaussian,1,43,0.203125,0.4375,0.2708333333333333,1.0,4.180255889892578,1.2629128694534302
678,80,gaussian,1,43,0.203125,0.421875,0.2708333333333333,1.0,6.201962471008301,1.9815495014190674
679,80,gaussian,1,43,0.390625,0.46875,0.5208333333333334,1.0,1.0630908012390137,0.35502639412879944
680,80,gaussian,1,43,0.265625,0.40625,0.3541666666666667,1.0,1.2302143573760986,0.410489946603775
681,80,gaussian,1,43,0.328125,0.171875,0.4375,1.0,0.11784316599369049,0.044058170169591904
682,80,gaussian,1,43,0.3125,0.328125,0.4166666666666667,1.0,2.036752223968506,0.6790127158164978
683,80,gaussian,1,43,0.1875,0.453125,0.25,1.0,1.5331262350082397,0.5279954671859741
684,80,gaussian,1,43,0.5,0.484375,0.6666666666666666,1.0,0.48322373628616333,0.14937293529510498
685,80,gaussian,1,43,0.359375,0.390625,0.4791666666666667,1.0,0.39414846897125244,0.13638128340244293
686,80,gaussian,1,43,0.25,0.453125,0.3333333333333333,1.0,2.320533037185669,0.8113524913787842
687,80,gaussian,1,43,0.484375,0.46875,0.6458333333333334,1.0,2.1524994373321533,0.7136315107345581
688,80,gaussian,1,43,0.484375,0.4375,0.6458333333333334,1.0,1.2422337532043457,0.4274112284183502
689,80,gaussian,1,43,0.421875,0.359375,0.5625,1.0,1.439045786857605,0.49140235781669617
690,80,gaussian,1,43,0.5,0.40625,0.6666666666666666,1.0,2.9138169288635254,1.020245909690857
691,80,gaussian,1,43,0.3125,0.46875,0.4166666666666667,1.0,1.3665504455566406,0.44690248370170593
692,80,gaussian,1,43,0.125,0.109375,0.42105263157894735,1.0,1.2371220588684082,0.3841494023799896
693,80,gaussian,1,43,0.1875,0.421875,0.25,1.0,1.9846878051757812,0.6638702750205994
694,80,gaussian,1,43,0.34375,0.46875,0.4583333333333333,1.0,4.663805961608887,1.6818662881851196
695,80,gaussian,1,43,0.34375,0.328125,0.4583333333333333,1.0,3.3363561630249023,1.1318848133087158
696,80,gaussian,1,43,0.34375,0.46875,0.4583333333333333,1.0,1.5313078165054321,0.5216367244720459
697,80,gaussian,1,43,0.390625,0.328125,0.5208333333333334,1.0,1.6590688228607178,0.6449941396713257
698,80,gaussian,1,43,0.40625,0.3125,0.5416666666666666,1.0,2.335468292236328,0.8053554892539978
699,80,gaussian,1,43,0.578125,0.421875,0.7708333333333334,1.0,0.4068184196949005,0.13772310316562653
700,80,gaussian,1,43,0.21875,0.453125,0.2916666666666667,1.0,1.0774571895599365,0.35443952679634094
701,80,gaussian,1,43,0.1875,0.4375,0.25,1.0,2.035222053527832,0.6836803555488586
702,80,gaussian,1,43,0.203125,0.421875,0.2708333333333333,1.0,2.6766042709350586,0.8959279656410217
703,80,gaussian,1,43,0.3125,0.484375,0.4166666666666667,1.0,2.573775291442871,0.8016833662986755
704,80,gaussian,1,43,0.328125,0.359375,0.4375,1.0,0.6391453742980957,0.23344814777374268
705,80,gaussian,1,43,0.203125,0.453125,0.2708333333333333,1.0,2.6841557025909424,0.8814656734466553
706,80,gaussian,1,43,0.4375,0.390625,0.5833333333333334,1.0,1.9070394039154053,0.6718424558639526
707,80,gaussian,1,43,0.25,0.40625,0.3333333333333333,1.0,0.5284408330917358,0.1790228933095932
708,80,gaussian,1,43,0.390625,0.4375,0.5208333333333334,1.0,0.6486758589744568,0.2235424965620041
709,80,gaussian,1,43,0.25,0.3125,0.3333333333333333,1.0,0.96794593334198,0.3418506681919098
710,80,gaussian,1,43,0.203125,0.484375,0.2708333333333333,1.0,1.8711168766021729,0.5586633682250977
711,80,gaussian,1,43,0.328125,0.46875,0.4375,1.0,1.4696245193481445,0.4705810248851776
712,80,gaussian,1,43,0.5,0.15625,0.6666666666666666,1.0,1.410621166229248,0.43234941363334656
713,80,gaussian,1,43,0.34375,0.28125,0.4583333333333333,1.0,6.081266403198242,2.1474297046661377
714,80,gaussian,1,43,0.390625,0.4375,0.5208333333333334,1.0,3.1366238594055176,1.0245552062988281
715,80,gaussian,1,43,0.234375,0.203125,0.3125,1.0,2.2465059757232666,0.718858540058136
716,80,gaussian,1,43,0.21875,0.453125,0.2916666666666667,1.0,0.9768388867378235,0.3425046503543854
717,80,gaussian,1,43,0.265625,0.421875,0.3541666666666667,1.0,3.9659934043884277,1.2684365510940552
718,80,gaussian,1,43,0.1875,0.4375,0.25,1.0,0.6425468921661377,0.22109559178352356
719,80,gaussian,1,43,0.265625,0.359375,0.3541666666666667,1.0,1.7689905166625977,0.5751247406005859
720,80,gaussian,1,43,0.234375,0.421875,0.3125,1.0,2.0394933223724365,0.6412366628646851
721,80,gaussian,1,43,0.453125,0.328125,0.6041666666666666,1.0,2.9409494400024414,0.9335306286811829
722,80,gaussian,1,43,0.296875,0.34375,0.3958333333333333,1.0,1.7296011447906494,0.5801554918289185
723,80,gaussian,1,43,0.296875,0.421875,0.3958333333333333,1.0,0.48042920231819153,0.16594688594341278
724,80,gaussian,1,43,0.46875,0.484375,0.625,1.0,0.3512939214706421,0.11028025299310684
725,80,gaussian,1,43,0.234375,0.3125,0.3125,1.0,1.516484260559082,0.4603724181652069
726,80,gaussian,1,43,0.171875,0.203125,0.55,1.0,3.195403575897217,0.9935528635978699
727,80,gaussian,1,43,0.21875,0.4375,0.2916666666666667,1.0,2.430433750152588,0.7784803509712219
728,80,gaussian,1,43,0.1875,0.453125,0.25,1.0,1.5347445011138916,0.5265563726425171
729,80,gaussian,1,43,0.375,0.4375,0.5,1.0,1.0177724361419678,0.3529287278652191
730,80,gaussian,1,43,0.1875,0.484375,0.25,1.0,1.3437302112579346,0.4309510588645935
731,80,gaussian,1,43,0.375,0.421875,0.5,1.0,0.4389544725418091,0.15162190794944763
732,80,gaussian,1,43,0.265625,0.234375,0.3541666666666667,1.0,2.603816032409668,0.8902477622032166
733,80,gaussian,1,43,0.234375,0.4375,0.3125,1.0,1.1274011135101318,0.336823970079422
734,80,gaussian,1,43,0.265625,0.5,0.3541666666666667,1.0,0.577202558517456,0.19029396772384644
735,80,gaussian,1,43,0.4375,0.46875,0.5833333333333334,1.0,3.550029754638672,1.300519585609436
736,80,gaussian,1,43,0.203125,0.4375,0.2708333333333333,1.0,0.9672480821609497,0.3362533152103424
737,80,gaussian,1,43,0.21875,0.34375,0.2916666666666667,1.0,2.8491082191467285,0.8470588326454163
738,80,gaussian,1,43,0.28125,0.453125,0.375,1.0,1.5867242813110352,0.5618250370025635
739,80,gaussian,1,43,0.203125,0.421875,0.2708333333333333,1.0,0.45257115364074707,0.15150102972984314
740,80,gaussian,1,43,0.40625,0.4375,0.5416666666666666,1.0,1.1153960227966309,0.38720831274986267
741,80,gaussian,1,43,0.203125,0.453125,0.2708333333333333,1.0,1.0781337022781372,0.3596441149711609
742,80,gaussian,1,43,0.171875,0.421875,0.22916666666666666,1.0,0.23452448844909668,0.0714525356888771
743,80,gaussian,1,43,0.25,0.46875,0.3333333333333333,1.0,1.3366719484329224,0.47231489419937134
744,80,gaussian,1,43,0.4375,0.390625,0.5833333333333334,1.0,3.644458293914795,1.317939281463623
745,80,gaussian,1,43,0.296875,0.3125,0.3958333333333333,1.0,3.670137405395508,1.2236547470092773
746,80,gaussian,1,43,0.453125,0.46875,0.6041666666666666,1.0,4.333296298980713,1.4576733112335205
747,80,gaussian,1,43,0.4375,0.46875,0.5833333333333334,1.0,1.4203362464904785,0.44759491086006165
748,80,gaussian,1,43,0.53125,0.4375,0.7083333333333334,1.0,2.933537483215332,0.9355804920196533
749,80,gaussian,1,43,0.46875,0.5,0.625,1.0,0.350991427898407,0.11040487885475159
750,80,gaussian,1,43,0.421875,0.46875,0.5625,1.0,0.6677504777908325,0.22460296750068665
751,80,gaussian,1,43,0.296875,0.34375,0.3958333333333333,1.0,0.2931256890296936,0.08997784554958344
752,80,gaussian,1,43,0.234375,0.203125,0.3125,1.0,3.7195024490356445,1.1379961967468262
753,80,gaussian,1,43,0.328125,0.484375,0.4375,1.0,0.7453910112380981,0.2499457597732544
754,80,gaussian,1,43,0.203125,0.21875,0.2708333333333333,1.0,3.669650077819824,1.0190736055374146
755,80,gaussian,1,43,0.296875,0.359375,0.3958333333333333,1.0,2.1382131576538086,0.7295634150505066
756,80,gaussian,1,43,0.359375,0.25,0.4791666666666667,1.0,1.054062843322754,0.36078882217407227
757,80,gaussian,1,43,0.4375,0.1875,0.5833333333333334,1.0,2.5967164039611816,0.8168811798095703
758,80,gaussian,1,43,0.234375,0.234375,0.3125,1.0,2.6412205696105957,0.8172439336776733
759,80,gaussian,1,43,0.1875,0.21875,0.25,1.0,3.660491466522217,1.0183871984481812
760,80,gaussian,1,43,0.234375,0.4375,0.3125,1.0,0.4661593437194824,0.15086227655410767
761,80,gaussian,1,43,0.359375,0.390625,0.4791666666666667,1.0,1.7548606395721436,0.6524783968925476
762,80,gaussian,1,43,,,,0.0,0.8848105669021606,0.27768439054489136
763,80,gaussian,1,43,0.21875,0.21875,0.2916666666666667,1.0,2.400657892227173,0.7143975496292114
764,80,gaussian,1,43,0.21875,0.453125,0.2916666666666667,1.0,2.676870346069336,0.8948188424110413
765,80,gaussian,1,43,0.40625,0.46875,0.5416666666666666,1.0,0.8306729197502136,0.29602351784706116
766,80,gaussian,1,43,0.421875,0.375,0.5625,1.0,1.0927025079727173,0.38293758034706116
767,80,gaussian,1,43,0.15625,0.140625,0.43478260869565216,1.0,0.5451053977012634,0.152414008975029
768,80,gaussian,1,43,0.234375,0.4375,0.3125,1.0,0.6360609531402588,0.20645849406719208
769,80,gaussian,1,43,0.296875,0.3125,0.5757575757575758,1.0,1.5227859020233154,0.46116766333580017
770,80,gaussian,1,43,0.265625,0.421875,0.3541666666666667,1.0,2.984645366668701,1.0135964155197144
771,80,gaussian,1,43,0.234375,0.4375,0.3125,1.0,1.4062016010284424,0.4798905551433563
772,80,gaussian,1,43,0.34375,0.46875,0.4583333333333333,1.0,0.7283934354782104,0.24643750488758087
773,80,gaussian,1,43,0.234375,0.421875,0.3125,1.0,2.728710174560547,0.9124887585639954
774,80,gaussian,1,43,0.328125,0.453125,0.4375,1.0,1.4684034585952759,0.4630908668041229
775,80,gaussian,1,43,0.234375,0.4375,0.3125,1.0,0.9563566446304321,0.32027333974838257
776,80,gaussian,1,43,0.34375,0.28125,0.4583333333333333,1.0,6.07674503326416,2.1417076587677
777,80,gaussian,1,43,0.171875,0.46875,0.22916666666666666,1.0,0.5687040686607361,0.1772177368402481
778,80,gaussian,1,43,0.1875,0.453125,0.25,1.0,1.9895870685577393,0.6321310997009277
779,80,gaussian,1,43,0.4375,0.46875,0.5833333333333334,1.0,2.1892592906951904,0.7025798559188843
780,80,gaussian,1,43,0.109375,0.078125,0.4666666666666667,1.0,1.522775650024414,0.4623865485191345
781,80,gaussian,1,43,0.203125,0.421875,0.2708333333333333,1.0,2.33778715133667,0.7539854645729065
782,80,gaussian,1,43,0.328125,0.34375,0.4375,1.0,2.4307541847229004,0.8287094831466675
783,80,gaussian,1,43,0.203125,0.453125,0.2708333333333333,1.0,0.7549645900726318,0.24537533521652222
784,80,gaussian,1,43,0.390625,0.453125,0.5208333333333334,1.0,3.1366381645202637,1.0299428701400757
785,80,gaussian,1,43,0.375,0.34375,0.5,1.0,2.3277552127838135,0.813363254070282
786,80,gaussian,1,43,0.3125,0.328125,0.4166666666666667,1.0,0.8027991056442261,0.2679027020931244
787,80,gaussian,1,43,0.21875,0.5,0.2916666666666667,1.0,1.0838003158569336,0.35601329803466797
788,80,gaussian,1,43,0.203125,0.171875,0.2708333333333333,1.0,1.5316311120986938,0.4539616107940674
789,80,gaussian,1,43,0.21875,0.390625,0.2916666666666667,1.0,0.5862501859664917,0.17436103522777557
790,80,gaussian,1,43,0.515625,0.140625,0.6875,1.0,0.9802942276000977,0.2979237735271454
791,80,gaussian,1,43,0.25,0.40625,0.3333333333333333,1.0,0.5284263491630554,0.18011905252933502
792,80,gaussian,1,43,0.265625,0.4375,0.3541666666666667,1.0,0.7760922908782959,0.24733053147792816
793,80,gaussian,1,43,0.3125,0.34375,0.4166666666666667,1.0,0.2938556671142578,0.08957356214523315
794,80,gaussian,1,43,0.234375,0.5,0.3125,1.0,1.8291757106781006,0.6312010288238525
795,80,gaussian,1,43,0.265625,0.5,0.3541666666666667,1.0,1.2807414531707764,0.40485042333602905
796,80,gaussian,1,43,0.25,0.484375,0.3333333333333333,1.0,2.2112202644348145,0.7346628904342651
797,80,gaussian,1,43,0.25,0.484375,0.3333333333333333,1.0,1.3398246765136719,0.4735639989376068
798,80,gaussian,1,43,0.234375,0.421875,0.3125,1.0,0.5288991332054138,0.18234913051128387
799,80,gaussian,1,43,0.359375,0.375,0.4791666666666667,1.0,1.5210456848144531,0.5264546275138855
800,80,gaussian,1,43,0.375,0.4375,0.5,1.0,1.0178438425064087,0.3544960916042328
801,80,gaussian,1,43,0.1875,0.453125,0.25,1.0,2.135859489440918,0.7387884855270386
802,80,gaussian,1,43,0.515625,0.359375,0.6875,1.0,2.703666925430298,0.8615906834602356
803,80,gaussian,1,43,0.1875,0.171875,0.48,1.0,3.447443723678589,1.08512282371521
804,80,gaussian,1,43,0.203125,0.453125,0.2708333333333333,1.0,2.789024591445923,0.8920935988426208
805,80,gaussian,1,43,0.203125,0.4375,0.2708333333333333,1.0,2.066241979598999,0.6840252876281738
806,80,gaussian,1,43,0.265625,0.125,0.3541666666666667,1.0,2.75848388671875,0.9765201210975647
807,80,gaussian,1,43,0.375,0.34375,0.5,1.0,1.4309539794921875,0.48450779914855957
808,80,gaussian,1,43,0.46875,0.5,0.625,1.0,0.35100793838500977,0.10853419452905655
809,80,gaussian,1,43,0.546875,0.40625,0.7291666666666666,1.0,6.787289619445801,2.0658040046691895
810,80,gaussian,1,43,0.4375,0.46875,0.5833333333333334,1.0,0.6884957551956177,0.2309417575597763
811,80,gaussian,1,43,0.234375,0.4375,0.3125,1.0,1.6523323059082031,0.5499135851860046
812,80,gaussian,1,43,0.578125,0.421875,0.7708333333333334,1.0,0.4064818024635315,0.1399681568145752
813,80,gaussian,1,43,0.34375,0.359375,0.5945945945945946,1.0,1.615769624710083,0.43010213971138
814,80,gaussian,1,43,0.40625,0.375,0.5416666666666666,1.0,2.6164379119873047,0.8542563915252686
815,80,gaussian,1,43,0.4375,0.484375,0.5833333333333334,1.0,2.1922974586486816,0.6940421462059021
816,80,gaussian,1,43,0.484375,0.46875,0.6458333333333334,1.0,1.9789143800735474,0.6565749645233154
817,80,gaussian,1,43,0.203125,0.3125,0.2708333333333333,1.0,1.7748079299926758,0.5302310585975647
818,80,gaussian,1,43,0.53125,0.390625,0.7083333333333334,1.0,1.5283939838409424,0.4496009945869446
819,80,gaussian,1,43,0.25,0.4375,0.3333333333333333,1.0,0.5810450911521912,0.19639340043067932
820,80,gaussian,1,43,0.34375,0.453125,0.4583333333333333,1.0,0.7286491394042969,0.24587230384349823
821,80,gaussian,1,43,0.25,0.3125,0.3333333333333333,1.0,0.9678949117660522,0.34156522154808044
822,80,gaussian,1,43,0.40625,0.46875,0.5416666666666666,1.0,3.6444735527038574,1.2490177154541016
823,80,gaussian,1,43,0.1875,0.5,0.25,1.0,1.3365123271942139,0.4447464942932129
824,80,gaussian,1,43,0.203125,0.46875,0.2708333333333333,1.0,4.05430269241333,1.2405213117599487
825,80,gaussian,1,43,0.3125,0.1875,0.4166666666666667,1.0,1.64840567111969,0.580375075340271
826,80,gaussian,1,43,0.265625,0.515625,0.3541666666666667,1.0,0.577724814414978,0.19415459036827087
827,80,gaussian,1,43,0.28125,0.28125,0.375,1.0,1.189274549484253,0.378445565700531
828,80,gaussian,1,43,0.203125,0.453125,0.2708333333333333,1.0,0.7980206608772278,0.2502356171607971
829,80,gaussian,1,43,0.328125,0.453125,0.4375,1.0,4.6592631340026855,1.6782729625701904
830,80,gaussian,1,43,0.21875,0.421875,0.2916666666666667,1.0,1.9225386381149292,0.6363781690597534
831,80,gaussian,1,43,0.3125,0.375,0.4166666666666667,1.0,3.2632997035980225,1.0481092929840088
832,80,gaussian,1,43,0.375,0.3125,0.5,1.0,2.6469027996063232,0.9612166881561279
833,80,gaussian,1,43,0.375,0.390625,0.5,1.0,1.7551525831222534,0.6539755463600159
834,80,gaussian,1,43,0.53125,0.15625,0.7083333333333334,1.0,5.049487113952637,1.5578668117523193
835,80,gaussian,1,43,0.203125,0.421875,0.2708333333333333,1.0,0.9066691398620605,0.340920090675354
836,80,gaussian,1,43,0.203125,0.453125,0.2708333333333333,1.0,3.925455093383789,1.3505723476409912
837,80,gaussian,1,43,0.21875,0.421875,0.2916666666666667,1.0,4.336321830749512,1.3588510751724243
838,80,gaussian,1,43,0.25,0.203125,0.3333333333333333,1.0,2.5392508506774902,0.8289373517036438
839,80,gaussian,1,43,0.25,0.375,0.3333333333333333,1.0,4.31675386428833,1.384838581085205
840,80,gaussian,1,43,0.203125,0.453125,0.2708333333333333,1.0,0.7547568082809448,0.24449394643306732
841,80,gaussian,1,43,0.359375,0.34375,0.4791666666666667,1.0,3.3383522033691406,1.1378870010375977
842,80,gaussian,1,43,0.46875,0.484375,0.625,1.0,0.8823240399360657,0.2767547070980072
843,80,gaussian,1,43,0.453125,0.46875,0.6041666666666666,1.0,0.6884242296218872,0.2260444015264511
844,80,gaussian,1,43,0.28125,0.328125,0.375,1.0,2.8082351684570312,0.9278813004493713
845,80,gaussian,1,43,0.390625,0.4375,0.5208333333333334,1.0,3.726231575012207,1.2840454578399658
846,80,gaussian,1,43,0.390625,0.4375,0.5208333333333334,1.0,0.4163976311683655,0.15116992592811584
847,80,gaussian,1,43,0.40625,0.484375,0.5416666666666666,1.0,3.592249870300293,1.2424213886260986
848,80,gaussian,1,43,0.359375,0.375,0.4791666666666667,1.0,1.0379786491394043,0.35815027356147766
849,80,gaussian,1,43,0.28125,0.4375,0.375,1.0,5.179708003997803,1.7574084997177124
850,80,gaussian,1,43,0.40625,0.375,0.5416666666666666,1.0,2.616269826889038,0.8550387620925903
851,80,gaussian,1,43,0.25,0.390625,0.3333333333333333,1.0,3.2032418251037598,1.017634391784668
852,80,gaussian,1,43,0.265625,0.28125,0.3541666666666667,1.0,3.8897976875305176,1.2449527978897095
853,80,gaussian,1,43,0.328125,0.34375,0.4375,1.0,2.6727309226989746,0.9215716123580933
854,80,gaussian,1,43,0.265625,0.359375,0.3541666666666667,1.0,1.45955491065979,0.47118324041366577
855,80,gaussian,1,43,0.234375,0.40625,0.3125,1.0,1.3128585815429688,0.43042492866516113
856,80,gaussian,1,43,0.21875,0.46875,0.2916666666666667,1.0,1.6139729022979736,0.5070907473564148
857,80,gaussian,1,43,0.203125,0.453125,0.2708333333333333,1.0,2.0931241512298584,0.7336323261260986
858,80,gaussian,1,43,0.203125,0.453125,0.2708333333333333,1.0,2.6857643127441406,0.8751305937767029
859,80,gaussian,1,43,0.34375,0.375,0.4583333333333333,1.0,1.03780198097229,0.3607516586780548
860,80,gaussian,1,43,0.234375,0.5,0.3125,1.0,4.461926460266113,1.3630825281143188
861,80,gaussian,1,43,0.40625,0.421875,0.5416666666666666,1.0,1.114976167678833,0.3825467824935913
862,80,gaussian,1,43,0.21875,0.234375,0.2916666666666667,1.0,2.4078209400177,0.7050804495811462
863,80,gaussian,1,43,0.390625,0.4375,0.5208333333333334,1.0,0.7998168468475342,0.26752838492393494
864,80,gaussian,1,43,0.25,0.234375,0.3333333333333333,1.0,1.858795404434204,0.6108579635620117
865,80,gaussian,1,43,0.25,0.421875,0.3333333333333333,1.0,0.581230640411377,0.19757625460624695
866,80,gaussian,1,43,0.25,0.484375,0.3333333333333333,1.0,1.3385357856750488,0.47057679295539856
867,80,gaussian,1,43,0.5,0.203125,0.6666666666666666,1.0,1.8120152950286865,0.596584141254425
868,80,gaussian,1,43,0.171875,0.375,0.22916666666666666,1.0,0.6290960311889648,0.18673984706401825
869,80,gaussian,1,43,0.25,0.328125,0.5517241379310345,1.0,5.285552978515625,1.5851107835769653
870,80,gaussian,1,43,0.390625,0.421875,0.5208333333333334,1.0,3.7297120094299316,1.2701233625411987
871,80,gaussian,1,43,0.21875,0.40625,0.2916666666666667,1.0,4.402412414550781,1.3857873678207397
872,80,gaussian,1,43,0.484375,0.5,0.6458333333333334,1.0,0.8115410208702087,0.26871103048324585
873,80,gaussian,1,43,0.203125,0.453125,0.2708333333333333,1.0,1.556456208229065,0.4800914525985718
874,80,gaussian,1,43,0.25,0.453125,0.3333333333333333,1.0,2.670875072479248,0.9403395652770996
875,80,gaussian,1,43,0.25,0.453125,0.3333333333333333,1.0,2.32028865814209,0.8138280510902405
876,80,gaussian,1,43,0.359375,0.34375,0.4791666666666667,1.0,0.47764384746551514,0.1627814918756485
877,80,gaussian,1,43,0.375,0.4375,0.5,1.0,1.5334712266921997,0.5287207365036011
878,80,gaussian,1,43,0.53125,0.453125,0.7083333333333334,1.0,0.4018044173717499,0.14505769312381744
879,80,gaussian,1,43,0.3125,0.46875,0.4166666666666667,1.0,2.3285205364227295,0.7345885634422302
880,80,gaussian,1,43,0.28125,0.5,0.375,1.0,0.4872398376464844,0.14871802926063538
881,80,gaussian,1,43,0.453125,0.390625,0.6041666666666666,1.0,1.9066972732543945,0.6687899827957153
882,80,gaussian,1,43,0.265625,0.421875,0.3541666666666667,1.0,2.9867963790893555,1.011423110961914
883,80,gaussian,1,43,0.4375,0.46875,0.5833333333333334,1.0,3.0860867500305176,0.9544742107391357
884,80,gaussian,1,43,0.25,0.4375,0.3333333333333333,1.0,9.984546661376953,3.5834643840789795
885,80,gaussian,1,43,0.484375,0.453125,0.6458333333333334,1.0,0.3895360827445984,0.1345406174659729
886,80,gaussian,1,43,0.390625,0.390625,0.5208333333333334,1.0,1.2757686376571655,0.44958558678627014
887,80,gaussian,1,43,0.453125,0.46875,0.6041666666666666,1.0,4.330465316772461,1.4466841220855713
888,80,gaussian,1,43,0.328125,0.453125,0.4375,1.0,0.25904959440231323,0.08298566192388535
889,80,gaussian,1,43,0.328125,0.34375,0.4375,1.0,1.394906759262085,0.4779501259326935
890,80,gaussian,1,43,0.453125,0.46875,0.6041666666666666,1.0,4.327242374420166,1.4287199974060059
891,80,gaussian,1,43,0.296875,0.3125,0.3958333333333333,1.0,0.34767624735832214,0.11192488670349121
892,80,gaussian,1,43,0.203125,0.4375,0.2708333333333333,1.0,2.514504909515381,0.8335739374160767
893,80,gaussian,1,43,0.1875,0.4375,0.25,1.0,0.23491916060447693,0.06993955373764038
894,80,gaussian,1,43,0.28125,0.46875,0.375,1.0,2.388946294784546,0.7785742878913879
895,80,gaussian,1,43,0.34375,0.421875,0.4583333333333333,1.0,0.34063720703125,0.12175886332988739
896,80,gaussian,1,43,0.390625,0.4375,0.5208333333333334,1.0,1.0112313032150269,0.35700055956840515
897,80,gaussian,1,43,0.484375,0.34375,0.6458333333333334,1.0,15.223958969116211,4.863986968994141
898,80,gaussian,1,43,0.234375,0.4375,0.3125,1.0,1.1524676084518433,0.40713855624198914
899,80,gaussian,1,43,,,,0.0,0.4317951798439026,0.12488752603530884
900,80,gaussian,1,43,0.21875,0.40625,0.2916666666666667,1.0,0.587349534034729,0.17319677770137787
901,80,gaussian,1,43,0.203125,0.4375,0.2708333333333333,1.0,2.2111055850982666,0.7424954771995544
902,80,gaussian,1,43,0.1875,0.421875,0.25,1.0,2.626209020614624,0.8721530437469482
903,80,gaussian,1,43,0.265625,0.21875,0.3541666666666667,1.0,0.5242019891738892,0.19374589622020721
904,80,gaussian,1,43,0.21875,0.421875,0.2916666666666667,1.0,3.098390579223633,0.9997239708900452
905,80,gaussian,1,43,0.546875,0.375,0.7291666666666666,1.0,2.0955891609191895,0.6949714422225952
906,80,gaussian,1,43,0.390625,0.453125,0.5208333333333334,1.0,0.44218647480010986,0.15828576683998108
907,80,gaussian,1,43,0.484375,0.515625,0.6458333333333334,1.0,0.8135361671447754,0.2694433331489563
908,80,gaussian,1,43,0.28125,0.296875,0.375,1.0,1.190475344657898,0.37584158778190613
909,80,gaussian,1,43,0.15625,0.421875,0.20833333333333334,1.0,1.8492696285247803,0.6454164981842041
910,80,gaussian,1,43,0.546875,0.46875,0.7291666666666666,1.0,0.7631112337112427,0.25809890031814575
911,80,gaussian,1,43,0.25,0.4375,0.3333333333333333,1.0,9.99527359008789,3.5876810550689697
912,80,gaussian,1,43,0.28125,0.453125,0.375,1.0,2.3915557861328125,0.7911236882209778
913,80,gaussian,1,43,0.296875,0.453125,0.3958333333333333,1.0,0.3742280602455139,0.12277413159608841
914,80,gaussian,1,43,0.46875,0.4375,0.625,1.0,2.9959020614624023,1.088718295097351
915,80,gaussian,1,43,0.203125,0.4375,0.2708333333333333,1.0,2.1050190925598145,0.7215561866760254
916,80,gaussian,1,43,0.203125,0.46875,0.2708333333333333,1.0,3.929126739501953,1.3767586946487427
917,80,gaussian,1,43,0.28125,0.34375,0.375,1.0,0.10729453712701797,0.03669087216258049
918,80,gaussian,1,43,0.25,0.40625,0.3333333333333333,1.0,2.777629852294922,0.8615299463272095
919,80,gaussian,1,43,0.21875,0.46875,0.2916666666666667,1.0,2.7082622051239014,0.9054158329963684
920,80,gaussian,1,43,0.265625,0.359375,0.3541666666666667,1.0,1.7694945335388184,0.5763819813728333
921,80,gaussian,1,43,0.09375,0.0625,0.42857142857142855,1.0,0.5863102674484253,0.17778752744197845
922,80,gaussian,1,43,0.3125,0.453125,0.4166666666666667,1.0,2.9692351818084717,1.0087025165557861
923,80,gaussian,1,43,0.21875,0.4375,0.2916666666666667,1.0,1.1638948917388916,0.40640726685523987
924,80,gaussian,1,43,0.171875,0.375,0.22916666666666666,1.0,0.6298619508743286,0.1841730922460556
925,80,gaussian,1,43,0.375,0.390625,0.5,1.0,1.7550036907196045,0.6539946794509888
926,80,gaussian,1,43,0.21875,0.203125,0.2916666666666667,1.0,0.2913093566894531,0.08874033391475677
927,80,gaussian,1,43,0.1875,0.140625,0.5454545454545454,1.0,1.158034086227417,0.3265898525714874
928,80,gaussian,1,43,0.234375,0.4375,0.3125,1.0,1.1514166593551636,0.4059893786907196
929,80,gaussian,1,43,0.53125,0.453125,0.7083333333333334,1.0,0.9069369435310364,0.27886366844177246
930,80,gaussian,1,43,0.375,0.140625,0.5,1.0,1.5215169191360474,0.49908173084259033
931,80,gaussian,1,43,0.1875,0.421875,0.25,1.0,2.6250431537628174,0.8751437664031982
932,80,gaussian,1,43,0.3125,0.328125,0.5882352941176471,1.0,0.5862143039703369,0.17928104102611542
933,80,gaussian,1,43,0.25,0.359375,0.3333333333333333,1.0,2.2844021320343018,0.7209864258766174
934,80,gaussian,1,43,0.25,0.4375,0.3333333333333333,1.0,3.3661537170410156,1.122720718383789
935,80,gaussian,1,43,0.21875,0.4375,0.2916666666666667,1.0,1.342872142791748,0.4306209087371826
936,80,gaussian,1,43,0.375,0.328125,0.5,1.0,0.8381857872009277,0.29771187901496887
937,80,gaussian,1,43,0.46875,0.34375,0.625,1.0,6.781654357910156,2.349400520324707
938,80,gaussian,1,43,0.25,0.28125,0.43243243243243246,1.0,1.5102193355560303,0.480447918176651
939,80,gaussian,1,43,0.234375,0.375,0.3125,1.0,1.670776605606079,0.5168749690055847
940,80,gaussian,1,43,0.21875,0.21875,0.2916666666666667,1.0,0.1642058789730072,0.04678507149219513
941,80,gaussian,1,43,0.5,0.21875,0.6666666666666666,1.0,1.8057526350021362,0.6004530191421509
942,80,gaussian,1,43,0.328125,0.46875,0.4375,1.0,2.5363316535949707,0.8703944683074951
943,80,gaussian,1,43,0.21875,0.4375,0.2916666666666667,1.0,2.67338490486145,0.8962793946266174
944,80,gaussian,1,43,0.265625,0.40625,0.3541666666666667,1.0,1.8474195003509521,0.6251909732818604
945,80,gaussian,1,43,0.28125,0.484375,0.375,1.0,2.4625022411346436,0.742690920829773
946,80,gaussian,1,43,0.328125,0.3125,0.4375,1.0,0.954972505569458,0.3432426154613495
947,80,gaussian,1,43,0.28125,0.328125,0.375,1.0,0.9987350702285767,0.3371897041797638
948,80,gaussian,1,43,0.375,0.15625,0.5,1.0,1.5230542421340942,0.49305739998817444
949,80,gaussian,1,43,0.390625,0.421875,0.5208333333333334,1.0,0.8011724948883057,0.2681531310081482
950,80,gaussian,1,43,0.515625,0.453125,0.6875,1.0,0.40084636211395264,0.1449984461069107
951,80,gaussian,1,43,0.25,0.4375,0.3333333333333333,1.0,2.216003179550171,0.7211950421333313
952,80,gaussian,1,43,0.1875,0.125,0.5454545454545454,1.0,1.1644115447998047,0.3258710205554962
953,80,gaussian,1,43,0.234375,0.21875,0.5357142857142857,1.0,0.7466621994972229,0.2136431485414505
954,80,gaussian,1,43,0.375,0.3125,0.5,1.0,2.29598069190979,0.7622969746589661
955,80,gaussian,1,43,0.46875,0.484375,0.625,1.0,0.7410696744918823,0.244879350066185
956,80,gaussian,1,43,0.25,0.40625,0.3333333333333333,1.0,0.6481424570083618,0.21535693109035492
957,80,gaussian,1,43,0.328125,0.46875,0.4375,1.0,2.536334753036499,0.862971305847168
958,80,gaussian,1,43,0.28125,0.421875,0.375,1.0,1.5940940380096436,0.5476322174072266
959,80,gaussian,1,43,0.171875,0.421875,0.22916666666666666,1.0,0.23536020517349243,0.07100936025381088
960,80,gaussian,1,43,0.203125,0.5,0.2708333333333333,1.0,1.0840787887573242,0.35349276661872864
961,80,gaussian,1,43,0.5,0.4375,0.6666666666666666,1.0,2.6329755783081055,0.9370493292808533
962,80,gaussian,1,43,0.40625,0.4375,0.5416666666666666,1.0,1.3074367046356201,0.4380554258823395
963,80,gaussian,1,43,0.453125,0.46875,0.6041666666666666,1.0,4.325231552124023,1.4610954523086548
964,80,gaussian,1,43,0.203125,0.453125,0.2708333333333333,1.0,0.7549458742141724,0.24800731241703033
965,80,gaussian,1,43,0.25,0.4375,0.3333333333333333,1.0,1.2100576162338257,0.4272882640361786
966,80,gaussian,1,43,0.28125,0.4375,0.375,1.0,1.1307166814804077,0.3705008029937744
967,80,gaussian,1,43,0.171875,0.1875,0.6111111111111112,1.0,2.17535400390625,0.6541488766670227
968,80,gaussian,1,43,0.203125,0.46875,0.2708333333333333,1.0,0.7998564839363098,0.24918022751808167
969,80,gaussian,1,43,0.390625,0.296875,0.5208333333333334,1.0,2.648764133453369,0.9460680484771729
970,80,gaussian,1,43,0.203125,0.453125,0.2708333333333333,1.0,1.465421199798584,0.46790647506713867
971,80,gaussian,1,43,0.265625,0.46875,0.3541666666666667,1.0,2.2137112617492676,0.7344778180122375
972,80,gaussian,1,43,0.296875,0.4375,0.3958333333333333,1.0,1.5448776483535767,0.4952184855937958
973,80,gaussian,1,43,0.546875,0.484375,0.7291666666666666,1.0,0.7653845548629761,0.2594292163848877
974,80,gaussian,1,43,0.171875,0.421875,0.22916666666666666,1.0,1.251952886581421,0.39899012446403503
975,80,gaussian,1,43,0.1875,0.21875,0.25,1.0,3.660493850708008,1.018263578414917
976,80,gaussian,1,43,0.453125,0.3125,0.6041666666666666,1.0,1.042941689491272,0.3295200765132904
977,80,gaussian,1,43,0.421875,0.40625,0.5625,1.0,1.2072627544403076,0.46123766899108887
978,80,gaussian,1,43,0.21875,0.46875,0.2916666666666667,1.0,6.098962783813477,2.037982225418091
979,80,gaussian,1,43,0.34375,0.328125,0.4583333333333333,1.0,0.4771462082862854,0.1617574393749237
980,80,gaussian,1,43,0.1875,0.4375,0.25,1.0,1.858485221862793,0.6218929886817932
981,80,gaussian,1,43,0.46875,0.421875,0.625,1.0,2.5397520065307617,0.8245065808296204
982,80,gaussian,1,43,0.40625,0.390625,0.5416666666666666,1.0,1.2075523138046265,0.4609297811985016
983,80,gaussian,1,43,0.234375,0.21875,0.3125,1.0,0.29152369499206543,0.08903874456882477
984,80,gaussian,1,43,0.296875,0.421875,0.3958333333333333,1.0,1.595518708229065,0.5451948046684265
985,80,gaussian,1,43,0.203125,0.484375,0.2708333333333333,1.0,0.8855926990509033,0.29587653279304504
986,80,gaussian,1,43,0.25,0.46875,0.3333333333333333,1.0,1.0616254806518555,0.36596953868865967
987,80,gaussian,1,43,0.21875,0.421875,0.2916666666666667,1.0,6.188507080078125,1.977203130722046
988,80,gaussian,1,43,0.234375,0.453125,0.3125,1.0,1.2115064859390259,0.42396172881126404
989,80,gaussian,1,43,0.328125,0.453125,0.4375,1.0,0.920639157295227,0.3245290219783783
990,80,gaussian,1,43,0.375,0.375,0.5,1.0,2.274200439453125,0.7788910865783691
991,80,gaussian,1,43,0.28125,0.296875,0.375,1.0,0.3479864299297333,0.11142458021640778
992,80,gaussian,1,43,0.296875,0.390625,0.3958333333333333,1.0,3.3072118759155273,1.1317994594573975
993,80,gaussian,1,43,0.21875,0.421875,0.2916666666666667,1.0,0.7255885601043701,0.24280570447444916
994,80,gaussian,1,43,0.3125,0.46875,0.4166666666666667,1.0,0.9973171949386597,0.3374774158000946
995,80,gaussian,1,43,0.3125,0.359375,0.4166666666666667,1.0,0.6384809017181396,0.23371507227420807
996,80,gaussian,1,43,0.25,0.421875,0.3333333333333333,1.0,0.9556752443313599,0.3196382522583008
997,80,gaussian,1,43,0.1875,0.421875,0.25,1.0,1.2545992136001587,0.3917432725429535
998,80,gaussian,1,43,0.25,0.453125,0.3333333333333333,1.0,0.4587084650993347,0.15535138547420502
999,80,gaussian,1,43,0.171875,0.453125,0.22916666666666666,1.0,0.642010509967804,0.2204623967409134
0,120,gaussian,1,43,0.25,0.296875,0.5,1.0,1.5338754653930664,0.5315380096435547
1,120,gaussian,1,43,0.15625,0.28125,0.3125,1.0,0.87729811668396,0.2918282449245453
2,120,gaussian,1,43,0.171875,0.265625,0.34375,1.0,2.67391300201416,0.906391978263855
3,120,gaussian,1,43,0.375,0.328125,0.75,1.0,1.8962690830230713,0.6209119558334351
4,120,gaussian,1,43,0.296875,0.3125,0.59375,1.0,2.1892170906066895,0.7032487392425537
5,120,gaussian,1,43,0.359375,0.140625,0.71875,1.0,0.8727695345878601,0.2513788640499115
6,120,gaussian,1,43,0.15625,0.125,0.3125,1.0,1.23703932762146,0.3825078010559082
7,120,gaussian,1,43,0.328125,0.203125,0.65625,1.0,2.16776442527771,0.6467058658599854
8,120,gaussian,1,43,0.28125,0.3125,0.5625,1.0,0.6675735116004944,0.22425967454910278
9,120,gaussian,1,43,0.21875,0.296875,0.4375,1.0,2.3252618312835693,0.7336641550064087
10,120,gaussian,1,43,0.1875,0.296875,0.375,1.0,2.388395071029663,0.7817540764808655
11,120,gaussian,1,43,0.21875,0.234375,0.4375,1.0,2.429075241088867,0.8317863345146179
12,120,gaussian,1,43,0.171875,0.265625,0.34375,1.0,2.497030258178711,0.8295822143554688
13,120,gaussian,1,43,0.15625,0.3125,0.3125,1.0,1.5818227529525757,0.5685566067695618
14,120,gaussian,1,43,0.109375,0.328125,0.21875,1.0,0.6230953931808472,0.18992917239665985
15,120,gaussian,1,43,0.203125,0.328125,0.40625,1.0,1.137673020362854,0.3806523382663727
16,120,gaussian,1,43,0.328125,0.21875,0.65625,1.0,6.762077331542969,2.347736358642578
17,120,gaussian,1,43,0.21875,0.3125,0.4375,1.0,1.5256913900375366,0.5190969705581665
18,120,gaussian,1,43,0.21875,0.203125,0.4375,1.0,0.5848870277404785,0.17903101444244385
19,120,gaussian,1,43,0.34375,0.296875,0.6875,1.0,0.5230647921562195,0.1936076283454895
20,120,gaussian,1,43,0.140625,0.140625,0.28125,1.0,2.3877742290496826,0.708076000213623
21,120,gaussian,1,43,0.171875,0.265625,0.34375,1.0,1.8779971599578857,0.5861642956733704
22,120,gaussian,1,43,0.140625,0.265625,0.28125,1.0,1.4881571531295776,0.4570489227771759
23,120,gaussian,1,43,0.1875,0.3125,0.375,1.0,3.23248291015625,1.0621241331100464
24,120,gaussian,1,43,0.203125,0.21875,0.40625,1.0,2.0386550426483154,0.6808997392654419
25,120,gaussian,1,43,0.1875,0.203125,0.375,1.0,2.0583152770996094,0.6580610871315002
26,120,gaussian,1,43,0.3125,0.328125,0.625,1.0,0.34976398944854736,0.10898495465517044
27,120,gaussian,1,43,0.171875,0.3125,0.34375,1.0,2.2152490615844727,0.7335115671157837
28,120,gaussian,1,43,0.3125,0.3125,0.625,1.0,1.9769320487976074,0.6561064720153809
29,120,gaussian,1,43,0.203125,0.203125,0.40625,1.0,1.703531265258789,0.5638735294342041
30,120,gaussian,1,43,0.171875,0.15625,0.34375,1.0,2.608574390411377,0.881791353225708
31,120,gaussian,1,43,0.171875,0.1875,0.34375,1.0,1.18357515335083,0.3775847256183624
32,120,gaussian,1,43,0.28125,0.25,0.5625,1.0,1.2058773040771484,0.4588533341884613
33,120,gaussian,1,43,0.140625,0.296875,0.28125,1.0,1.6043035984039307,0.5127492547035217
34,120,gaussian,1,43,0.125,0.296875,0.25,1.0,2.122581720352173,0.7477774024009705
35,120,gaussian,1,43,0.15625,0.265625,0.3125,1.0,0.6581167578697205,0.20631785690784454
36,120,gaussian,1,43,0.125,0.28125,0.25,1.0,1.2472760677337646,0.396025151014328
37,120,gaussian,1,43,0.25,0.21875,0.5,1.0,1.4330265522003174,0.48263585567474365
38,120,gaussian,1,43,0.15625,0.265625,0.3125,1.0,0.5284593105316162,0.18065448105335236
39,120,gaussian,1,43,0.34375,0.28125,0.6875,1.0,0.5241063237190247,0.1936076283454895
40,120,gaussian,1,43,0.1875,0.203125,0.375,1.0,2.062441825866699,0.6580610871315002
41,120,gaussian,1,43,0.171875,0.203125,0.34375,1.0,0.9556699991226196,0.34201377630233765
42,120,gaussian,1,43,0.234375,0.25,0.46875,1.0,1.0366923809051514,0.35948023200035095
43,120,gaussian,1,43,0.171875,0.28125,0.34375,1.0,1.4731271266937256,0.49368178844451904
44,120,gaussian,1,43,0.15625,0.140625,0.3125,1.0,0.16424497961997986,0.04736306890845299
45,120,gaussian,1,43,0.25,0.28125,0.5,1.0,3.126084327697754,1.033909559249878
46,120,gaussian,1,43,0.171875,0.28125,0.34375,1.0,0.4689977765083313,0.1627407819032669
47,120,gaussian,1,43,0.15625,0.296875,0.3125,1.0,6.069770812988281,2.034385919570923
48,120,gaussian,1,43,0.28125,0.15625,0.5625,1.0,5.176769256591797,1.6725828647613525
49,120,gaussian,1,43,0.296875,0.3125,0.59375,1.0,3.0827155113220215,0.9555655121803284
50,120,gaussian,1,43,0.140625,0.28125,0.28125,1.0,2.3340020179748535,0.7557627558708191
51,120,gaussian,1,43,0.140625,0.140625,0.28125,1.0,2.3921451568603516,0.7080760598182678
52,120,gaussian,1,43,0.140625,0.3125,0.28125,1.0,2.112628936767578,0.7174201607704163
53,120,gaussian,1,43,0.140625,0.140625,0.28125,1.0,0.745526909828186,0.24939514696598053
54,120,gaussian,1,43,0.234375,0.203125,0.46875,1.0,2.289663314819336,0.760219395160675
55,120,gaussian,1,43,0.109375,0.296875,0.21875,1.0,2.112370252609253,0.7477774024009705
56,120,gaussian,1,43,0.1875,0.203125,0.375,1.0,1.696865439414978,0.5638735294342041
57,120,gaussian,1,43,0.15625,0.296875,0.3125,1.0,0.46611326932907104,0.14917464554309845
58,120,gaussian,1,43,0.3125,0.34375,0.625,1.0,0.5905695557594299,0.18930184841156006
59,120,gaussian,1,43,0.25,0.203125,0.5,1.0,0.4080764651298523,0.14545348286628723
60,120,gaussian,1,43,0.234375,0.21875,0.46875,1.0,3.3344485759735107,1.1407109498977661
61,120,gaussian,1,43,0.203125,0.21875,0.40625,1.0,1.731680154800415,0.5800822973251343
62,120,gaussian,1,43,0.171875,0.1875,0.34375,1.0,3.885952949523926,1.2560795545578003
63,120,gaussian,1,43,0.265625,0.3125,0.53125,1.0,8.378000259399414,2.6922895908355713
64,120,gaussian,1,43,0.359375,0.25,0.71875,1.0,4.042178153991699,1.2652599811553955
65,120,gaussian,1,43,0.140625,0.265625,0.28125,1.0,1.9145866632461548,0.642183244228363
66,120,gaussian,1,43,0.34375,0.234375,0.6875,1.0,2.7032668590545654,0.8516329526901245
67,120,gaussian,1,43,0.234375,0.296875,0.46875,1.0,0.9741091132164001,0.32987305521965027
68,120,gaussian,1,43,0.265625,0.296875,0.53125,1.0,2.5643506050109863,0.9514796137809753
69,120,gaussian,1,43,0.15625,0.296875,0.3125,1.0,2.1582255363464355,0.725864827632904
70,120,gaussian,1,43,0.28125,0.125,0.5625,1.0,2.7208452224731445,0.867396891117096
71,120,gaussian,1,43,0.3125,0.3125,0.625,1.0,0.8775930404663086,0.27559131383895874
72,120,gaussian,1,43,0.15625,0.328125,0.3125,1.0,1.6693897247314453,0.5103075504302979
73,120,gaussian,1,43,0.1875,0.3125,0.375,1.0,0.7798931002616882,0.2658153772354126
74,120,gaussian,1,43,0.15625,0.15625,0.3125,1.0,3.7275290489196777,1.158577799797058
75,120,gaussian,1,43,0.1875,0.203125,0.375,1.0,3.0313923358917236,0.9229884147644043
76,120,gaussian,1,43,0.171875,0.265625,0.34375,1.0,1.8411760330200195,0.6259272694587708
77,120,gaussian,1,43,0.1875,0.140625,0.375,1.0,3.9375030994415283,1.329843521118164
78,120,gaussian,1,43,0.25,0.171875,0.5,1.0,1.0237716436386108,0.357885479927063
79,120,gaussian,1,43,0.21875,0.21875,0.4375,1.0,1.1219013929367065,0.3646370768547058
80,120,gaussian,1,43,0.1875,0.3125,0.375,1.0,1.7177112102508545,0.6203634142875671
81,120,gaussian,1,43,0.171875,0.1875,0.34375,1.0,1.0782289505004883,0.3276803195476532
82,120,gaussian,1,43,0.296875,0.3125,0.59375,1.0,4.329878330230713,1.4456032514572144
83,120,gaussian,1,43,0.203125,0.328125,0.40625,1.0,0.48614978790283203,0.14776141941547394
84,120,gaussian,1,43,0.25,0.28125,0.5,1.0,0.4390578269958496,0.15039485692977905
85,120,gaussian,1,43,0.265625,0.296875,0.53125,1.0,0.6837916970252991,0.23604103922843933
86,120,gaussian,1,43,0.125,0.296875,0.25,1.0,2.134995937347412,0.7478921413421631
87,120,gaussian,1,43,0.15625,0.28125,0.3125,1.0,2.5234336853027344,0.7681835889816284
88,120,gaussian,1,43,0.15625,0.09375,0.3125,1.0,0.9766908288002014,0.28719931840896606
89,120,gaussian,1,43,0.25,0.21875,0.5,1.0,1.4332289695739746,0.48263585567474365
90,120,gaussian,1,43,0.203125,0.203125,0.40625,1.0,2.03411865234375,0.6808997392654419
91,120,gaussian,1,43,0.125,0.328125,0.25,1.0,1.4230053424835205,0.4594738185405731
92,120,gaussian,1,43,0.125,0.296875,0.25,1.0,1.2121800184249878,0.3910408020019531
93,120,gaussian,1,43,0.34375,0.296875,0.6875,1.0,0.9051239490509033,0.28176480531692505
94,120,gaussian,1,43,0.265625,0.28125,0.53125,1.0,8.421308517456055,2.9245388507843018
95,120,gaussian,1,43,0.125,0.296875,0.25,1.0,1.9794635772705078,0.6326796412467957
96,120,gaussian,1,43,0.265625,0.296875,0.53125,1.0,3.6441426277160645,1.255588173866272
97,120,gaussian,1,43,0.15625,0.28125,0.3125,1.0,2.0621607303619385,0.6832566857337952
98,120,gaussian,1,43,0.34375,0.234375,0.6875,1.0,2.7074031829833984,0.8516330718994141
99,120,gaussian,1,43,0.3125,0.3125,0.625,1.0,0.8792041540145874,0.27559131383895874
100,120,gaussian,1,43,0.140625,0.140625,0.28125,1.0,0.29023757576942444,0.08795788139104843
101,120,gaussian,1,43,0.1875,0.265625,0.375,1.0,0.6928821206092834,0.22600245475769043
102,120,gaussian,1,43,0.28125,0.3125,0.5625,1.0,3.542275905609131,1.2913000583648682
103,120,gaussian,1,43,0.140625,0.28125,0.28125,1.0,1.4380757808685303,0.4109717905521393
104,120,gaussian,1,43,0.21875,0.1875,0.4375,1.0,0.9550498127937317,0.34244096279144287
105,120,gaussian,1,43,0.109375,0.3125,0.21875,1.0,0.40903905034065247,0.1402009129524231
106,120,gaussian,1,43,0.265625,0.234375,0.53125,1.0,1.0075637102127075,0.341830849647522
107,120,gaussian,1,43,0.203125,0.234375,0.40625,1.0,2.13535213470459,0.732180118560791
108,120,gaussian,1,43,0.140625,0.296875,0.28125,1.0,4.190354347229004,1.2769149541854858
109,120,gaussian,1,43,0.15625,0.328125,0.3125,1.0,4.461230278015137,1.3797106742858887
110,120,gaussian,1,43,0.21875,0.296875,0.4375,1.0,0.2583036422729492,0.08283542096614838
111,120,gaussian,1,43,0.140625,0.28125,0.28125,1.0,1.0651878118515015,0.36085936427116394
112,120,gaussian,1,43,0.28125,0.21875,0.5625,1.0,1.5096073150634766,0.4838460385799408
113,120,gaussian,1,43,0.140625,0.28125,0.28125,1.0,2.953500747680664,0.9879330992698669
114,120,gaussian,1,43,0.1875,0.140625,0.375,1.0,0.5146145820617676,0.19282181560993195
115,120,gaussian,1,43,0.1875,0.28125,0.375,1.0,2.0406153202056885,0.6642747521400452
116,120,gaussian,1,43,0.140625,0.296875,0.28125,1.0,1.070609450340271,0.35915425419807434
117,120,gaussian,1,43,0.28125,0.328125,0.5625,1.0,1.5657408237457275,0.5093807578086853
118,120,gaussian,1,43,0.265625,0.296875,0.53125,1.0,1.4912340641021729,0.547193706035614
119,120,gaussian,1,43,0.125,0.265625,0.25,1.0,0.7848414778709412,0.268269807100296
120,120,gaussian,1,43,0.328125,0.171875,0.65625,1.0,3.8193917274475098,1.1939916610717773
121,120,gaussian,1,43,0.234375,0.296875,0.46875,1.0,0.2175915539264679,0.07155759632587433
122,120,gaussian,1,43,0.140625,0.09375,0.28125,1.0,0.9781948328018188,0.28719931840896606
123,120,gaussian,1,43,0.15625,0.296875,0.3125,1.0,1.211561679840088,0.42650681734085083
124,120,gaussian,1,43,0.140625,0.28125,0.28125,1.0,1.0655878782272339,0.36085936427116394
125,120,gaussian,1,43,0.125,0.265625,0.25,1.0,0.6174190640449524,0.18517935276031494
126,120,gaussian,1,43,0.328125,0.171875,0.65625,1.0,2.6544535160064697,0.9446226358413696
127,120,gaussian,1,43,0.1875,0.21875,0.375,1.0,0.10762158036231995,0.03692401573061943
128,120,gaussian,1,43,0.21875,0.25,0.4375,1.0,1.1202752590179443,0.3841545879840851
129,120,gaussian,1,43,0.15625,0.265625,0.3125,1.0,2.0397720336914062,0.6471436023712158
130,120,gaussian,1,43,0.234375,0.296875,0.46875,1.0,0.47886040806770325,0.1638273298740387
131,120,gaussian,1,43,0.1875,0.234375,0.375,1.0,2.2491695880889893,0.7914089560508728
132,120,gaussian,1,43,0.203125,0.15625,0.40625,1.0,3.9146029949188232,1.329843521118164
133,120,gaussian,1,43,0.296875,0.109375,0.59375,1.0,2.5766258239746094,0.8293046355247498
134,120,gaussian,1,43,0.3125,0.3125,0.625,1.0,0.8810870051383972,0.27559131383895874
135,120,gaussian,1,43,0.125,0.296875,0.25,1.0,1.9759780168533325,0.6326796412467957
136,120,gaussian,1,43,0.265625,0.25,0.53125,1.0,3.4783926010131836,1.2590175867080688
137,120,gaussian,1,43,0.1875,0.296875,0.375,1.0,6.401493549346924,2.317805767059326
138,120,gaussian,1,43,0.15625,0.203125,0.3125,1.0,0.9548277854919434,0.34201377630233765
139,120,gaussian,1,43,0.1875,0.265625,0.375,1.0,2.2266128063201904,0.7328567504882812
140,120,gaussian,1,43,0.265625,0.3125,0.53125,1.0,0.6651694774627686,0.22425968945026398
141,120,gaussian,1,43,0.140625,0.296875,0.28125,1.0,2.2160305976867676,0.6573672890663147
142,120,gaussian,1,43,0.265625,0.296875,0.53125,1.0,8.37176513671875,2.6922898292541504
143,120,gaussian,1,43,0.1875,0.28125,0.375,1.0,2.036147356033325,0.6642747521400452
144,120,gaussian,1,43,0.15625,0.171875,0.3125,1.0,4.493870735168457,1.410272479057312
145,120,gaussian,1,43,0.125,0.28125,0.25,1.0,1.05487859249115,0.3645017445087433
146,120,gaussian,1,43,0.125,0.328125,0.25,1.0,1.3406705856323242,0.4414007365703583
147,120,gaussian,1,43,0.140625,0.234375,0.28125,1.0,2.8465747833251953,0.8512217402458191
148,120,gaussian,1,43,0.3125,0.328125,0.625,1.0,2.6598100662231445,0.8698555827140808
149,120,gaussian,1,43,0.140625,0.328125,0.28125,1.0,0.9973346590995789,0.3449229598045349
150,120,gaussian,1,43,0.1875,0.1875,0.375,1.0,0.34784144163131714,0.11180268228054047
151,120,gaussian,1,43,0.171875,0.1875,0.34375,1.0,1.07454514503479,0.3276803195476532
152,120,gaussian,1,43,0.171875,0.171875,0.34375,1.0,4.505507469177246,1.410272479057312
153,120,gaussian,1,43,0.3125,0.328125,0.625,1.0,0.9406545162200928,0.3147042691707611
154,120,gaussian,1,43,0.296875,0.203125,0.59375,1.0,1.04328191280365,0.32954296469688416
155,120,gaussian,1,43,0.359375,0.140625,0.71875,1.0,0.8730142712593079,0.2513788938522339
156,120,gaussian,1,43,0.265625,0.3125,0.53125,1.0,0.8299286961555481,0.2952440679073334
157,120,gaussian,1,43,0.140625,0.28125,0.28125,1.0,3.1040942668914795,0.9908080101013184
158,120,gaussian,1,43,0.21875,0.203125,0.4375,1.0,1.0814521312713623,0.380225270986557
159,120,gaussian,1,43,0.328125,0.3125,0.65625,1.0,2.653404474258423,0.8698555827140808
160,120,gaussian,1,43,0.34375,0.234375,0.6875,1.0,2.700979709625244,0.8516329526901245
161,120,gaussian,1,43,0.234375,0.25,0.46875,1.0,0.5301945805549622,0.18881584703922272
162,120,gaussian,1,43,0.265625,0.234375,0.53125,1.0,1.0535160303115845,0.3614308536052704
163,120,gaussian,1,43,0.171875,0.296875,0.34375,1.0,1.206619143486023,0.42650678753852844
164,120,gaussian,1,43,0.28125,0.28125,0.5625,1.0,0.681343138217926,0.23604103922843933
165,120,gaussian,1,43,0.125,0.296875,0.25,1.0,1.5174198150634766,0.5257356762886047
166,120,gaussian,1,43,0.265625,0.3125,0.53125,1.0,5.781712532043457,1.890779733657837
167,120,gaussian,1,43,0.15625,0.296875,0.3125,1.0,2.988572835922241,1.027803659439087
168,120,gaussian,1,43,0.203125,0.1875,0.40625,1.0,2.6069517135620117,0.8804490566253662
169,120,gaussian,1,43,0.296875,0.25,0.59375,1.0,1.9037225246429443,0.6672065854072571
170,120,gaussian,1,43,0.171875,0.140625,0.34375,1.0,0.5271022319793701,0.19282181560993195
171,120,gaussian,1,43,0.171875,0.15625,0.34375,1.0,1.2730669975280762,0.4114142954349518
172,120,gaussian,1,43,0.234375,0.25,0.46875,1.0,1.5202443599700928,0.5269705653190613
173,120,gaussian,1,43,0.140625,0.28125,0.28125,1.0,2.1278553009033203,0.7478920817375183
174,120,gaussian,1,43,0.140625,0.3125,0.28125,1.0,2.1000051498413086,0.6215579509735107
175,120,gaussian,1,43,0.28125,0.28125,0.5625,1.0,0.6812143921852112,0.23604103922843933
176,120,gaussian,1,43,0.203125,0.234375,0.40625,1.0,1.721855640411377,0.5800822973251343
177,120,gaussian,1,43,0.25,0.3125,0.5,1.0,0.21766208112239838,0.07155759632587433
178,120,gaussian,1,43,0.15625,0.296875,0.3125,1.0,2.091644763946533,0.6215579509735107
179,120,gaussian,1,43,0.171875,0.28125,0.34375,1.0,2.8495278358459473,0.9518041014671326
180,120,gaussian,1,43,0.15625,0.125,0.3125,1.0,7.706730842590332,2.3642728328704834
181,120,gaussian,1,43,0.15625,0.296875,0.3125,1.0,2.093003749847412,0.6215579509735107
182,120,gaussian,1,43,0.203125,0.21875,0.40625,1.0,2.9894909858703613,1.0836302042007446
183,120,gaussian,1,43,0.15625,0.3125,0.3125,1.0,1.0627986192703247,0.3629729151725769
184,120,gaussian,1,43,0.21875,0.109375,0.4375,1.0,0.11739020049571991,0.04371132329106331
185,120,gaussian,1,43,0.171875,0.265625,0.34375,1.0,2.493380308151245,0.8295822739601135
186,120,gaussian,1,43,0.140625,0.296875,0.28125,1.0,4.152819633483887,1.2769149541854858
187,120,gaussian,1,43,0.140625,0.28125,0.28125,1.0,0.7981846332550049,0.26784375309944153
188,120,gaussian,1,43,0.359375,0.328125,0.71875,1.0,1.8840688467025757,0.6209119558334351
189,120,gaussian,1,43,0.15625,0.265625,0.3125,1.0,2.2896652221679688,0.6902980804443359
190,120,gaussian,1,43,0.265625,0.28125,0.53125,1.0,0.8006366491317749,0.26684680581092834
191,120,gaussian,1,43,0.171875,0.28125,0.34375,1.0,2.975281238555908,1.0046526193618774
192,120,gaussian,1,43,0.140625,0.3125,0.28125,1.0,4.062762260437012,1.2538644075393677
193,120,gaussian,1,43,0.15625,0.265625,0.3125,1.0,1.987668514251709,0.6202473044395447
194,120,gaussian,1,43,0.265625,0.296875,0.53125,1.0,1.3343392610549927,0.4710029363632202
195,120,gaussian,1,43,0.203125,0.3125,0.40625,1.0,0.9983425140380859,0.3395322561264038
196,120,gaussian,1,43,0.140625,0.296875,0.28125,1.0,0.7530374526977539,0.24779580533504486
197,120,gaussian,1,43,0.28125,0.296875,0.5625,1.0,0.6123709678649902,0.19749173521995544
198,120,gaussian,1,43,0.125,0.3125,0.25,1.0,1.3446040153503418,0.42714598774909973
199,120,gaussian,1,43,0.171875,0.296875,0.34375,1.0,1.0579243898391724,0.3629729449748993
200,120,gaussian,1,43,0.109375,0.296875,0.21875,1.0,1.8225364685058594,0.6433864235877991
201,120,gaussian,1,43,0.28125,0.203125,0.5625,1.0,5.355524063110352,1.846243143081665
202,120,gaussian,1,43,0.15625,0.296875,0.3125,1.0,1.4654790163040161,0.4925076365470886
203,120,gaussian,1,43,0.21875,0.3125,0.4375,1.0,0.4304647147655487,0.13988879323005676
204,120,gaussian,1,43,0.328125,0.125,0.65625,1.0,3.5312371253967285,1.1323788166046143
205,120,gaussian,1,43,0.234375,0.234375,0.46875,1.0,2.3226375579833984,0.8156628608703613
206,120,gaussian,1,43,0.25,0.25,0.5,1.0,1.5165989398956299,0.5269705653190613
207,120,gaussian,1,43,0.25,0.28125,0.5,1.0,0.43870866298675537,0.15039485692977905
208,120,gaussian,1,43,0.28125,0.3125,0.5625,1.0,3.5437731742858887,1.2913000583648682
209,120,gaussian,1,43,0.328125,0.296875,0.65625,1.0,0.38761961460113525,0.13604682683944702
210,120,gaussian,1,43,0.234375,0.296875,0.46875,1.0,4.658368110656738,1.6733280420303345
211,120,gaussian,1,43,0.265625,0.28125,0.53125,1.0,1.3101502656936646,0.43816426396369934
212,120,gaussian,1,43,0.28125,0.234375,0.5625,1.0,0.5626301169395447,0.1794770359992981
213,120,gaussian,1,43,0.25,0.25,0.5,1.0,3.022792339324951,1.076743245124817
214,120,gaussian,1,43,0.140625,0.3125,0.28125,1.0,0.7978906631469727,0.24908705055713654
215,120,gaussian,1,43,0.265625,0.3125,0.53125,1.0,3.634730339050293,1.2555880546569824
216,120,gaussian,1,43,0.203125,0.28125,0.40625,1.0,1.5377757549285889,0.497736394405365
217,120,gaussian,1,43,0.15625,0.125,0.3125,1.0,0.7467937469482422,0.2155941128730774
218,120,gaussian,1,43,0.171875,0.28125,0.34375,1.0,1.047386884689331,0.32252177596092224
219,120,gaussian,1,43,0.265625,0.234375,0.53125,1.0,2.6176974773406982,0.8547807335853577
220,120,gaussian,1,43,0.171875,0.1875,0.34375,1.0,0.9673727750778198,0.34201377630233765
221,120,gaussian,1,43,0.109375,0.28125,0.21875,1.0,0.7777981162071228,0.268269807100296
222,120,gaussian,1,43,0.203125,0.3125,0.40625,1.0,2.5751097202301025,0.809097170829773
223,120,gaussian,1,43,0.28125,0.265625,0.5625,1.0,3.4852285385131836,1.2590175867080688
224,120,gaussian,1,43,0.28125,0.15625,0.5625,1.0,5.156734466552734,1.6725828647613525
225,120,gaussian,1,43,0.171875,0.265625,0.34375,1.0,2.497598171234131,0.8295822739601135
226,120,gaussian,1,43,0.15625,0.28125,0.3125,1.0,1.1650216579437256,0.4067686200141907
227,120,gaussian,1,43,0.140625,0.3125,0.28125,1.0,1.6129910945892334,0.5127493143081665
228,120,gaussian,1,43,0.28125,0.15625,0.5625,1.0,5.156379222869873,1.6725828647613525
229,120,gaussian,1,43,0.3125,0.3125,0.625,1.0,1.9774647951126099,0.6561064720153809
230,120,gaussian,1,43,0.140625,0.265625,0.28125,1.0,2.212441921234131,0.7111892104148865
231,120,gaussian,1,43,0.125,0.296875,0.25,1.0,1.2616864442825317,0.42354270815849304
232,120,gaussian,1,43,0.109375,0.3125,0.21875,1.0,0.5710684061050415,0.17580732703208923
233,120,gaussian,1,43,0.140625,0.28125,0.28125,1.0,1.969959020614624,0.6202473044395447
234,120,gaussian,1,43,0.1875,0.265625,0.375,1.0,1.2444891929626465,0.4218868315219879
235,120,gaussian,1,43,0.15625,0.265625,0.3125,1.0,1.9880675077438354,0.6202473044395447
236,120,gaussian,1,43,0.25,0.265625,0.5,1.0,0.7257353067398071,0.24549371004104614
237,120,gaussian,1,43,0.171875,0.3125,0.34375,1.0,1.336181640625,0.4696386158466339
238,120,gaussian,1,43,0.1875,0.21875,0.375,1.0,0.99944007396698,0.33865776658058167
239,120,gaussian,1,43,0.234375,0.265625,0.46875,1.0,0.2924198508262634,0.09871940314769745
240,120,gaussian,1,43,0.359375,0.15625,0.71875,1.0,0.595604419708252,0.17500926554203033
241,120,gaussian,1,43,0.328125,0.09375,0.65625,1.0,0.9733052849769592,0.2990044951438904
242,120,gaussian,1,43,0.140625,0.28125,0.28125,1.0,1.3346078395843506,0.4306492507457733
243,120,gaussian,1,43,0.265625,0.234375,0.53125,1.0,4.737362861633301,1.6814554929733276
244,120,gaussian,1,43,0.296875,0.125,0.59375,1.0,2.5987417697906494,0.8293046951293945
245,120,gaussian,1,43,0.21875,0.3125,0.4375,1.0,1.4680345058441162,0.4644108712673187
246,120,gaussian,1,43,0.328125,0.21875,0.65625,1.0,15.18065357208252,4.8906354904174805
247,120,gaussian,1,43,0.140625,0.140625,0.28125,1.0,0.7463473081588745,0.2155940979719162
248,120,gaussian,1,43,0.203125,0.1875,0.40625,1.0,2.280975103378296,0.7572996616363525
249,120,gaussian,1,43,0.140625,0.125,0.28125,1.0,0.5437989234924316,0.1524157077074051
250,120,gaussian,1,43,0.359375,0.25,0.71875,1.0,2.639547348022461,0.9125421643257141
251,120,gaussian,1,43,0.171875,0.296875,0.34375,1.0,2.668745517730713,0.931484580039978
252,120,gaussian,1,43,0.1875,0.3125,0.375,1.0,2.1993625164031982,0.7335115671157837
253,120,gaussian,1,43,0.171875,0.265625,0.34375,1.0,1.527725100517273,0.47242027521133423
254,120,gaussian,1,43,0.25,0.203125,0.5,1.0,0.8373238444328308,0.2958470582962036
255,120,gaussian,1,43,0.125,0.28125,0.25,1.0,1.295060157775879,0.4172990620136261
256,120,gaussian,1,43,0.328125,0.21875,0.65625,1.0,15.171905517578125,4.8906354904174805
257,120,gaussian,1,43,0.296875,0.3125,0.59375,1.0,1.7686004638671875,0.5812349319458008
258,120,gaussian,1,43,0.1875,0.328125,0.375,1.0,0.48756805062294006,0.14776141941547394
259,120,gaussian,1,43,0.171875,0.125,0.34375,1.0,2.5247859954833984,0.826026976108551
260,120,gaussian,1,43,0.265625,0.3125,0.53125,1.0,3.5974667072296143,1.2384933233261108
261,120,gaussian,1,43,0.109375,0.265625,0.21875,1.0,1.2427897453308105,0.396025151014328
262,120,gaussian,1,43,0.15625,0.28125,0.3125,1.0,0.7251971960067749,0.24020567536354065
263,120,gaussian,1,43,0.390625,0.28125,0.78125,1.0,0.4036792516708374,0.13902129232883453
264,120,gaussian,1,43,0.109375,0.28125,0.21875,1.0,1.8551093339920044,0.6433864831924438
265,120,gaussian,1,43,0.203125,0.234375,0.40625,1.0,2.4265317916870117,0.8317863345146179
266,120,gaussian,1,43,0.265625,0.234375,0.53125,1.0,2.617180824279785,0.8547807335853577
267,120,gaussian,1,43,0.34375,0.296875,0.6875,1.0,0.5238595604896545,0.1936076283454895
268,120,gaussian,1,43,0.1875,0.3125,0.375,1.0,2.390002727508545,0.7817540764808655
269,120,gaussian,1,43,0.3125,0.21875,0.625,1.0,6.777741432189941,2.347736358642578
270,120,gaussian,1,43,0.140625,0.09375,0.28125,1.0,0.9738296270370483,0.28719931840896606
271,120,gaussian,1,43,0.125,0.28125,0.25,1.0,1.0605136156082153,0.3645017445087433
272,120,gaussian,1,43,0.234375,0.296875,0.46875,1.0,0.9729186296463013,0.3298730254173279
273,120,gaussian,1,43,0.25,0.296875,0.5,1.0,1.5332214832305908,0.5315380096435547
274,120,gaussian,1,43,0.203125,0.28125,0.40625,1.0,2.965012788772583,1.0053991079330444
275,120,gaussian,1,43,0.140625,0.28125,0.28125,1.0,1.9184672832489014,0.6421833038330078
276,120,gaussian,1,43,0.15625,0.140625,0.3125,1.0,2.529670476913452,0.826026976108551
277,120,gaussian,1,43,0.25,0.15625,0.5,1.0,2.84334659576416,1.034978985786438
278,120,gaussian,1,43,0.3125,0.296875,0.625,1.0,0.33420079946517944,0.10481635481119156
279,120,gaussian,1,43,0.28125,0.28125,0.5625,1.0,0.6916446089744568,0.23976504802703857
280,120,gaussian,1,43,0.296875,0.203125,0.59375,1.0,1.0388725996017456,0.32954296469688416
281,120,gaussian,1,43,0.140625,0.28125,0.28125,1.0,4.169726371765137,1.2769149541854858
282,120,gaussian,1,43,0.1875,0.3125,0.375,1.0,2.2286834716796875,0.6943051218986511
283,120,gaussian,1,43,0.171875,0.234375,0.34375,1.0,1.4571954011917114,0.47241586446762085
284,120,gaussian,1,43,0.125,0.28125,0.25,1.0,1.253509759902954,0.396025151014328
285,120,gaussian,1,43,0.15625,0.34375,0.3125,1.0,1.6720242500305176,0.5103075504302979
286,120,gaussian,1,43,0.203125,0.21875,0.40625,1.0,1.0708978176116943,0.3498137891292572
287,120,gaussian,1,43,0.25,0.28125,0.5,1.0,0.4387355446815491,0.15039487183094025
288,120,gaussian,1,43,0.171875,0.28125,0.34375,1.0,3.970860481262207,1.2741868495941162
289,120,gaussian,1,43,0.15625,0.234375,0.3125,1.0,2.272517204284668,0.7110126614570618
290,120,gaussian,1,43,0.140625,0.265625,0.28125,1.0,2.8483052253723145,0.9444712400436401
291,120,gaussian,1,43,0.296875,0.203125,0.59375,1.0,1.0388786792755127,0.32954296469688416
292,120,gaussian,1,43,0.140625,0.125,0.28125,1.0,1.424494981765747,0.39355459809303284
293,120,gaussian,1,43,0.15625,0.296875,0.3125,1.0,1.4648274183273315,0.4925076365470886
294,120,gaussian,1,43,0.265625,0.3125,0.53125,1.0,1.0600073337554932,0.35579797625541687
295,120,gaussian,1,43,0.15625,0.28125,0.3125,1.0,1.652989149093628,0.5510165095329285
296,120,gaussian,1,43,0.15625,0.296875,0.3125,1.0,1.1531413793563843,0.40454134345054626
297,120,gaussian,1,43,0.1875,0.3125,0.375,1.0,1.3627939224243164,0.45219579339027405
298,120,gaussian,1,43,0.15625,0.28125,0.3125,1.0,0.7247286438941956,0.24020566046237946
299,120,gaussian,1,43,0.15625,0.28125,0.3125,1.0,1.5957098007202148,0.5418189167976379
300,120,gaussian,1,43,0.203125,0.203125,0.40625,1.0,2.055635452270508,0.6580610871315002
301,120,gaussian,1,43,0.21875,0.21875,0.4375,1.0,2.667940139770508,0.9185458421707153
302,120,gaussian,1,43,0.140625,0.265625,0.28125,1.0,2.210294246673584,0.7111892104148865
303,120,gaussian,1,43,0.171875,0.296875,0.34375,1.0,2.213135004043579,0.7228179574012756
304,120,gaussian,1,43,0.140625,0.109375,0.28125,1.0,1.3472341299057007,0.40757203102111816
305,120,gaussian,1,43,0.15625,0.140625,0.3125,1.0,1.2321901321411133,0.3825078010559082
306,120,gaussian,1,43,0.171875,0.234375,0.34375,1.0,1.7690352201461792,0.5693441033363342
307,120,gaussian,1,43,0.125,0.296875,0.25,1.0,1.990313172340393,0.6356554627418518
308,120,gaussian,1,43,0.3125,0.265625,0.625,1.0,6.879175186157227,2.1651930809020996
309,120,gaussian,1,43,0.171875,0.171875,0.34375,1.0,1.6489611864089966,0.5026766061782837
310,120,gaussian,1,43,0.171875,0.078125,0.34375,1.0,2.758814573287964,0.9757277369499207
311,120,gaussian,1,43,0.140625,0.109375,0.28125,1.0,1.5396705865859985,0.4493439793586731
312,120,gaussian,1,43,0.140625,0.28125,0.28125,1.0,0.7256495952606201,0.24020567536354065
313,120,gaussian,1,43,0.140625,0.28125,0.28125,1.0,1.089131236076355,0.3314951956272125
314,120,gaussian,1,43,0.15625,0.109375,0.3125,1.0,1.3335418701171875,0.40757203102111816
315,120,gaussian,1,43,0.203125,0.3125,0.40625,1.0,0.2159762978553772,0.06841857731342316
316,120,gaussian,1,43,0.359375,0.15625,0.71875,1.0,0.8830111026763916,0.2810325622558594
317,120,gaussian,1,43,0.3125,0.3125,0.625,1.0,0.7398461699485779,0.246124267578125
318,120,gaussian,1,43,0.265625,0.3125,0.53125,1.0,0.3391805589199066,0.11560230702161789
319,120,gaussian,1,43,0.203125,0.203125,0.40625,1.0,0.5707386136054993,0.20059597492218018
320,120,gaussian,1,43,0.21875,0.265625,0.4375,1.0,1.6529755592346191,0.587451159954071
321,120,gaussian,1,43,0.25,0.21875,0.5,1.0,1.4311003684997559,0.48263585567474365
322,120,gaussian,1,43,0.15625,0.296875,0.3125,1.0,2.0923986434936523,0.6215579509735107
323,120,gaussian,1,43,0.15625,0.3125,0.3125,1.0,1.062631368637085,0.3629729151725769
324,120,gaussian,1,43,0.375,0.265625,0.75,1.0,0.4059617519378662,0.13902129232883453
325,120,gaussian,1,43,0.203125,0.25,0.40625,1.0,3.3106343746185303,1.1310014724731445
326,120,gaussian,1,43,0.28125,0.203125,0.5625,1.0,2.3357365131378174,0.8109399676322937
327,120,gaussian,1,43,0.28125,0.21875,0.5625,1.0,1.5093567371368408,0.4838460087776184
328,120,gaussian,1,43,0.171875,0.265625,0.34375,1.0,2.037524700164795,0.6471436023712158
329,120,gaussian,1,43,0.171875,0.296875,0.34375,1.0,1.2065882682800293,0.42650678753852844
330,120,gaussian,1,43,0.25,0.3125,0.5,1.0,0.2179611623287201,0.07155759632587433
331,120,gaussian,1,43,0.25,0.296875,0.5,1.0,1.0178508758544922,0.3516087234020233
332,120,gaussian,1,43,0.15625,0.296875,0.3125,1.0,2.1538193225860596,0.7258647680282593
333,120,gaussian,1,43,0.140625,0.234375,0.28125,1.0,2.8452606201171875,0.8512217998504639
334,120,gaussian,1,43,0.1875,0.203125,0.375,1.0,3.031498908996582,0.9229884147644043
335,120,gaussian,1,43,0.171875,0.171875,0.34375,1.0,1.1196908950805664,0.3426576554775238
336,120,gaussian,1,43,0.25,0.28125,0.5,1.0,3.724066734313965,1.2777098417282104
337,120,gaussian,1,43,0.296875,0.25,0.59375,1.0,1.0913722515106201,0.3797011077404022
338,120,gaussian,1,43,0.203125,0.1875,0.40625,1.0,2.2793490886688232,0.7572996616363525
339,120,gaussian,1,43,0.296875,0.125,0.59375,1.0,2.594449520111084,0.8293046355247498
340,120,gaussian,1,43,0.265625,0.296875,0.53125,1.0,0.8311271667480469,0.2952440679073334
341,120,gaussian,1,43,0.1875,0.203125,0.375,1.0,3.0299596786499023,0.9229884147644043
342,120,gaussian,1,43,0.171875,0.265625,0.34375,1.0,2.972782850265503,1.0046526193618774
343,120,gaussian,1,43,0.265625,0.296875,0.53125,1.0,0.6837327480316162,0.23604103922843933
344,120,gaussian,1,43,0.1875,0.296875,0.375,1.0,2.3787431716918945,0.7817540168762207
345,120,gaussian,1,43,0.140625,0.296875,0.28125,1.0,0.9796652793884277,0.3407631516456604
346,120,gaussian,1,43,0.28125,0.296875,0.5625,1.0,0.639914870262146,0.22473908960819244
347,120,gaussian,1,43,0.125,0.3125,0.25,1.0,0.8820815682411194,0.29389268159866333
348,120,gaussian,1,43,0.28125,0.25,0.5625,1.0,3.488180637359619,1.2590174674987793
349,120,gaussian,1,43,0.140625,0.3125,0.28125,1.0,1.2099132537841797,0.4078541398048401
350,120,gaussian,1,43,0.171875,0.296875,0.34375,1.0,0.46554815769195557,0.14917466044425964
351,120,gaussian,1,43,0.125,0.296875,0.25,1.0,1.26131010055542,0.42354270815849304
352,120,gaussian,1,43,0.15625,0.296875,0.3125,1.0,2.1576974391937256,0.7258647680282593
353,120,gaussian,1,43,0.171875,0.125,0.34375,1.0,7.719728469848633,2.3642730712890625
354,120,gaussian,1,43,0.109375,0.3125,0.21875,1.0,1.892457127571106,0.606056809425354
355,120,gaussian,1,43,0.171875,0.0625,0.34375,1.0,2.7626795768737793,0.9757277369499207
356,120,gaussian,1,43,0.140625,0.296875,0.28125,1.0,1.4911291599273682,0.48185041546821594
357,120,gaussian,1,43,0.234375,0.28125,0.46875,1.0,1.5328787565231323,0.5315380096435547
358,120,gaussian,1,43,0.15625,0.3125,0.3125,1.0,2.9901843070983887,1.027803659439087
359,120,gaussian,1,43,0.3125,0.328125,0.625,1.0,0.8122068643569946,0.26791107654571533
360,120,gaussian,1,43,0.3125,0.296875,0.625,1.0,3.638028621673584,1.1947077512741089
361,120,gaussian,1,43,0.21875,0.296875,0.4375,1.0,0.2586659789085388,0.08283542096614838
362,120,gaussian,1,43,0.296875,0.3125,0.59375,1.0,2.1880719661712646,0.7032487392425537
363,120,gaussian,1,43,0.203125,0.1875,0.40625,1.0,0.5719243288040161,0.20059597492218018
364,120,gaussian,1,43,0.15625,0.25,0.3125,1.0,1.6734662055969238,0.5193136930465698
365,120,gaussian,1,43,0.203125,0.21875,0.40625,1.0,1.7317591905593872,0.5800822973251343
366,120,gaussian,1,43,0.375,0.28125,0.75,1.0,0.4017947316169739,0.13902129232883453
367,120,gaussian,1,43,0.171875,0.234375,0.34375,1.0,2.273690700531006,0.7110126614570618
368,120,gaussian,1,43,0.171875,0.3125,0.34375,1.0,1.433957576751709,0.4469276964664459
369,120,gaussian,1,43,0.203125,0.21875,0.40625,1.0,2.036942481994629,0.6808997988700867
370,120,gaussian,1,43,0.171875,0.265625,0.34375,1.0,1.3077013492584229,0.4333727955818176
371,120,gaussian,1,43,0.28125,0.3125,0.5625,1.0,1.775325059890747,0.5812349319458008
372,120,gaussian,1,43,0.203125,0.296875,0.40625,1.0,6.394173622131348,2.317805767059326
373,120,gaussian,1,43,0.1875,0.3125,0.375,1.0,3.233341693878174,1.0621241331100464
374,120,gaussian,1,43,0.234375,0.234375,0.46875,1.0,1.0374746322631836,0.35948023200035095
375,120,gaussian,1,43,0.25,0.21875,0.5,1.0,2.3303062915802,0.8156629204750061
376,120,gaussian,1,43,0.171875,0.265625,0.34375,1.0,2.496548652648926,0.8295822143554688
377,120,gaussian,1,43,0.203125,0.21875,0.40625,1.0,1.3945019245147705,0.4820362329483032
378,120,gaussian,1,43,0.1875,0.3125,0.375,1.0,2.221362590789795,0.6943051815032959
379,120,gaussian,1,43,0.15625,0.171875,0.3125,1.0,4.4927473068237305,1.410272479057312
380,120,gaussian,1,43,0.1875,0.25,0.375,1.0,0.628460168838501,0.21381822228431702
381,120,gaussian,1,43,0.15625,0.28125,0.3125,1.0,1.1296448707580566,0.3353668749332428
382,120,gaussian,1,43,0.15625,0.265625,0.3125,1.0,2.7846078872680664,0.8686729073524475
383,120,gaussian,1,43,0.1875,0.296875,0.375,1.0,2.381096839904785,0.7817540764808655
384,120,gaussian,1,43,0.21875,0.296875,0.4375,1.0,1.4714746475219727,0.4644108712673187
385,120,gaussian,1,43,0.125,0.296875,0.25,1.0,1.5229337215423584,0.5257356762886047
386,120,gaussian,1,43,0.25,0.296875,0.5,1.0,1.010170817375183,0.361337810754776
387,120,gaussian,1,43,0.109375,0.3125,0.21875,1.0,0.5710010528564453,0.17580732703208923
388,120,gaussian,1,43,0.171875,0.296875,0.34375,1.0,2.662909984588623,0.931484580039978
389,120,gaussian,1,43,0.25,0.25,0.5,1.0,2.274427652359009,0.775098979473114
390,120,gaussian,1,43,0.15625,0.140625,0.3125,1.0,0.16404014825820923,0.04736306890845299
391,120,gaussian,1,43,0.15625,0.265625,0.3125,1.0,1.9873676300048828,0.6202473044395447
392,120,gaussian,1,43,0.359375,0.25,0.71875,1.0,2.0939321517944336,0.6984643936157227
393,120,gaussian,1,43,0.375,0.3125,0.75,1.0,2.8490352630615234,0.8822219967842102
394,120,gaussian,1,43,0.15625,0.328125,0.3125,1.0,4.453357219696045,1.3797106742858887
395,120,gaussian,1,43,0.28125,0.234375,0.5625,1.0,0.5626006722450256,0.1794770359992981
396,120,gaussian,1,43,0.203125,0.3125,0.40625,1.0,0.215952530503273,0.06841857731342316
397,120,gaussian,1,43,0.328125,0.296875,0.65625,1.0,2.496924877166748,0.8548208475112915
398,120,gaussian,1,43,0.171875,0.3125,0.34375,1.0,1.720994234085083,0.6203634142875671
399,120,gaussian,1,43,0.21875,0.21875,0.4375,1.0,2.4322195053100586,0.8317863345146179
400,120,gaussian,1,43,0.25,0.296875,0.5,1.0,0.441374808549881,0.15965035557746887
401,120,gaussian,1,43,0.28125,0.3125,0.5625,1.0,0.3385099768638611,0.11560229957103729
402,120,gaussian,1,43,0.171875,0.1875,0.34375,1.0,0.9910925626754761,0.2997701168060303
403,120,gaussian,1,43,0.28125,0.125,0.5625,1.0,2.719299793243408,0.867396891117096
404,120,gaussian,1,43,0.125,0.296875,0.25,1.0,0.7952476143836975,0.24908705055713654
405,120,gaussian,1,43,0.1875,0.296875,0.375,1.0,1.130021572113037,0.36708855628967285
406,120,gaussian,1,43,0.34375,0.140625,0.6875,1.0,0.8823786973953247,0.2810325622558594
407,120,gaussian,1,43,0.140625,0.328125,0.28125,1.0,0.8833648562431335,0.29389268159866333
408,120,gaussian,1,43,0.125,0.3125,0.25,1.0,2.7186167240142822,0.8682747483253479
409,120,gaussian,1,43,0.140625,0.328125,0.28125,1.0,1.085911512374878,0.3530712127685547
410,120,gaussian,1,43,0.15625,0.265625,0.3125,1.0,0.6301804780960083,0.2002226710319519
411,120,gaussian,1,43,0.203125,0.09375,0.40625,1.0,1.35794198513031,0.4287993907928467
412,120,gaussian,1,43,0.1875,0.1875,0.375,1.0,1.1870384216308594,0.3775847256183624
413,120,gaussian,1,43,0.28125,0.3125,0.5625,1.0,0.3384542167186737,0.11560230702161789
414,120,gaussian,1,43,0.171875,0.328125,0.34375,1.0,4.765145778656006,1.4812750816345215
415,120,gaussian,1,43,0.1875,0.28125,0.375,1.0,0.4686797857284546,0.1627407819032669
416,120,gaussian,1,43,0.203125,0.21875,0.40625,1.0,1.7311875820159912,0.5800822973251343
417,120,gaussian,1,43,0.21875,0.125,0.4375,1.0,2.8770432472229004,0.9541831016540527
418,120,gaussian,1,43,0.109375,0.3125,0.21875,1.0,2.123148202896118,0.7477774024009705
419,120,gaussian,1,43,0.3125,0.265625,0.625,1.0,6.846131324768066,2.1651930809020996
420,120,gaussian,1,43,0.21875,0.25,0.4375,1.0,0.639030933380127,0.23355405032634735
421,120,gaussian,1,43,0.375,0.3125,0.75,1.0,2.836451530456543,0.882222056388855
422,120,gaussian,1,43,0.125,0.28125,0.25,1.0,1.0507445335388184,0.3645017743110657
423,120,gaussian,1,43,0.140625,0.28125,0.28125,1.0,0.6352250576019287,0.2002226710319519
424,120,gaussian,1,43,0.140625,0.28125,0.28125,1.0,3.0967726707458496,0.9908080101013184
425,120,gaussian,1,43,0.140625,0.234375,0.28125,1.0,2.8482518196105957,0.8512217402458191
426,120,gaussian,1,43,0.125,0.28125,0.25,1.0,2.2081234455108643,0.7509734630584717
427,120,gaussian,1,43,0.265625,0.296875,0.53125,1.0,8.366043090820312,2.6922895908355713
428,120,gaussian,1,43,0.265625,0.3125,0.53125,1.0,0.33942514657974243,0.11560230702161789
429,120,gaussian,1,43,0.15625,0.296875,0.3125,1.0,3.35052752494812,1.145105004310608
430,120,gaussian,1,43,0.328125,0.3125,0.65625,1.0,1.9752600193023682,0.6561064720153809
431,120,gaussian,1,43,0.15625,0.296875,0.3125,1.0,1.1483561992645264,0.40454134345054626
432,120,gaussian,1,43,0.203125,0.203125,0.40625,1.0,2.980835199356079,1.083630084991455
433,120,gaussian,1,43,0.140625,0.28125,0.28125,1.0,4.336928844451904,1.3665751218795776
434,120,gaussian,1,43,0.3125,0.328125,0.625,1.0,2.6566720008850098,0.869855523109436
435,120,gaussian,1,43,0.125,0.328125,0.25,1.0,1.7831720113754272,0.5641760230064392
436,120,gaussian,1,43,0.140625,0.28125,0.28125,1.0,3.3189077377319336,1.0406773090362549
437,120,gaussian,1,43,0.15625,0.28125,0.3125,1.0,2.7811269760131836,0.8877378702163696
438,120,gaussian,1,43,0.25,0.265625,0.5,1.0,0.7256710529327393,0.24549369513988495
439,120,gaussian,1,43,0.265625,0.296875,0.53125,1.0,0.6107853651046753,0.19749173521995544
440,120,gaussian,1,43,0.234375,0.234375,0.46875,1.0,4.033977508544922,1.3662489652633667
441,120,gaussian,1,43,0.203125,0.234375,0.40625,1.0,2.1311373710632324,0.7321800589561462
442,120,gaussian,1,43,0.34375,0.125,0.6875,1.0,0.8753675222396851,0.2513788640499115
443,120,gaussian,1,43,0.203125,0.1875,0.40625,1.0,0.6102495789527893,0.1960570216178894
444,120,gaussian,1,43,0.296875,0.3125,0.59375,1.0,0.33623266220092773,0.10481635481119156
445,120,gaussian,1,43,0.234375,0.234375,0.46875,1.0,2.3230702877044678,0.8156629204750061
446,120,gaussian,1,43,0.234375,0.234375,0.46875,1.0,1.5953564643859863,0.5471730828285217
447,120,gaussian,1,43,0.171875,0.296875,0.34375,1.0,3.3496055603027344,1.145105004310608
448,120,gaussian,1,43,0.15625,0.265625,0.3125,1.0,0.6479953527450562,0.21652276813983917
449,120,gaussian,1,43,0.125,0.265625,0.25,1.0,1.2440307140350342,0.396025151014328
450,120,gaussian,1,43,0.234375,0.25,0.46875,1.0,0.39442211389541626,0.13647979497909546
451,120,gaussian,1,43,0.21875,0.3125,0.4375,1.0,0.7454715967178345,0.2489704191684723
452,120,gaussian,1,43,0.21875,0.109375,0.4375,1.0,0.11698245257139206,0.04371132329106331
453,120,gaussian,1,43,0.15625,0.265625,0.3125,1.0,2.970750331878662,0.945830225944519
454,120,gaussian,1,43,0.21875,0.21875,0.4375,1.0,2.4321250915527344,0.8317863345146179
455,120,gaussian,1,43,0.15625,0.25,0.3125,1.0,3.2077066898345947,1.0226917266845703
456,120,gaussian,1,43,0.25,0.3125,0.5,1.0,0.21793903410434723,0.07155759632587433
457,120,gaussian,1,43,0.171875,0.25,0.34375,1.0,2.2446775436401367,0.7914089560508728
458,120,gaussian,1,43,0.234375,0.1875,0.46875,1.0,6.072334289550781,2.1385254859924316
459,120,gaussian,1,43,0.15625,0.265625,0.3125,1.0,0.647767961025238,0.21652276813983917
460,120,gaussian,1,43,0.21875,0.109375,0.4375,1.0,0.11661504954099655,0.04371132329106331
461,120,gaussian,1,43,0.359375,0.3125,0.71875,1.0,2.214963436126709,0.7215526700019836
462,120,gaussian,1,43,0.125,0.28125,0.25,1.0,2.036665201187134,0.6780808568000793
463,120,gaussian,1,43,0.15625,0.203125,0.3125,1.0,1.5152910947799683,0.46217697858810425
464,120,gaussian,1,43,0.21875,0.3125,0.4375,1.0,0.7455713748931885,0.2489704191684723
465,120,gaussian,1,43,0.21875,0.3125,0.4375,1.0,1.4650616645812988,0.4644109010696411
466,120,gaussian,1,43,0.171875,0.265625,0.34375,1.0,1.7316173315048218,0.5816274285316467
467,120,gaussian,1,43,0.1875,0.3125,0.375,1.0,2.22021746635437,0.6943051815032959
468,120,gaussian,1,43,0.234375,0.1875,0.46875,1.0,1.0248979330062866,0.3578855097293854
469,120,gaussian,1,43,0.265625,0.28125,0.53125,1.0,0.6839219331741333,0.23604103922843933
470,120,gaussian,1,43,0.28125,0.3125,0.5625,1.0,1.7764830589294434,0.5812349319458008
471,120,gaussian,1,43,0.140625,0.265625,0.28125,1.0,6.20148229598999,1.986939549446106
472,120,gaussian,1,43,0.125,0.3125,0.25,1.0,1.4223425388336182,0.4594738185405731
473,120,gaussian,1,43,0.171875,0.296875,0.34375,1.0,0.7814046144485474,0.25871771574020386
474,120,gaussian,1,43,0.21875,0.3125,0.4375,1.0,1.5258162021636963,0.5190969705581665
475,120,gaussian,1,43,0.21875,0.21875,0.4375,1.0,4.050893306732178,1.3662489652633667
476,120,gaussian,1,43,0.234375,0.234375,0.46875,1.0,1.593480110168457,0.5471730828285217
477,120,gaussian,1,43,0.234375,0.234375,0.46875,1.0,1.5393626689910889,0.49075010418891907
478,120,gaussian,1,43,0.140625,0.28125,0.28125,1.0,3.316967248916626,1.0406773090362549
479,120,gaussian,1,43,0.25,0.265625,0.5,1.0,1.119471788406372,0.3784044682979584
480,120,gaussian,1,43,0.296875,0.3125,0.59375,1.0,3.5439114570617676,1.2913000583648682
481,120,gaussian,1,43,0.265625,0.28125,0.53125,1.0,3.723869562149048,1.2777098417282104
482,120,gaussian,1,43,0.28125,0.3125,0.5625,1.0,0.33852627873420715,0.11560230702161789
483,120,gaussian,1,43,0.1875,0.140625,0.375,1.0,3.9414877891540527,1.329843521118164
484,120,gaussian,1,43,0.140625,0.328125,0.28125,1.0,1.0808302164077759,0.3530712425708771
485,120,gaussian,1,43,0.28125,0.25,0.5625,1.0,2.7696170806884766,0.9722275733947754
486,120,gaussian,1,43,0.1875,0.296875,0.375,1.0,1.125472903251648,0.36708858609199524
487,120,gaussian,1,43,0.1875,0.296875,0.375,1.0,6.398636817932129,2.317805767059326
488,120,gaussian,1,43,0.171875,0.171875,0.34375,1.0,4.496283531188965,1.410272479057312
489,120,gaussian,1,43,0.15625,0.25,0.3125,1.0,3.205899238586426,1.0226917266845703
490,120,gaussian,1,43,0.296875,0.21875,0.59375,1.0,2.94301700592041,0.9399842023849487
491,120,gaussian,1,43,0.171875,0.3125,0.34375,1.0,3.2262074947357178,1.0621241331100464
492,120,gaussian,1,43,0.25,0.28125,0.5,1.0,7.855838775634766,2.724874258041382
493,120,gaussian,1,43,0.21875,0.3125,0.4375,1.0,0.4310200810432434,0.13988879323005676
494,120,gaussian,1,43,0.21875,0.21875,0.4375,1.0,1.0678741931915283,0.3498137891292572
495,120,gaussian,1,43,0.203125,0.15625,0.40625,1.0,3.91963267326355,1.329843521118164
496,120,gaussian,1,43,0.140625,0.28125,0.28125,1.0,1.0499341487884521,0.3645017445087433
497,120,gaussian,1,43,0.203125,0.265625,0.40625,1.0,0.4807598292827606,0.16770228743553162
498,120,gaussian,1,43,0.15625,0.25,0.3125,1.0,1.6684989929199219,0.5193136930465698
499,120,gaussian,1,43,0.28125,0.296875,0.5625,1.0,7.17664909362793,2.38603138923645
500,120,gaussian,1,43,0.25,0.234375,0.5,1.0,2.3251304626464844,0.8156629204750061
501,120,gaussian,1,43,0.203125,0.125,0.40625,1.0,1.6547096967697144,0.5755638480186462
502,120,gaussian,1,43,0.15625,0.296875,0.3125,1.0,0.457669198513031,0.15517883002758026
503,120,gaussian,1,43,0.140625,0.296875,0.28125,1.0,0.9794399738311768,0.3407631516456604
504,120,gaussian,1,43,0.296875,0.328125,0.59375,1.0,4.117879390716553,1.3195258378982544
505,120,gaussian,1,43,0.328125,0.328125,0.65625,1.0,0.4815060496330261,0.14745917916297913
506,120,gaussian,1,43,0.15625,0.15625,0.3125,1.0,3.720723867416382,1.158577799797058
507,120,gaussian,1,43,0.15625,0.28125,0.3125,1.0,1.6524229049682617,0.5510165095329285
508,120,gaussian,1,43,0.375,0.3125,0.75,1.0,2.8547582626342773,0.882222056388855
509,120,gaussian,1,43,0.140625,0.3125,0.28125,1.0,4.034596920013428,1.2538644075393677
510,120,gaussian,1,43,0.203125,0.265625,0.40625,1.0,3.31295108795166,1.1142836809158325
511,120,gaussian,1,43,0.328125,0.296875,0.65625,1.0,0.3899814486503601,0.13604682683944702
512,120,gaussian,1,43,0.28125,0.3125,0.5625,1.0,3.5867044925689697,1.2384932041168213
513,120,gaussian,1,43,0.171875,0.296875,0.34375,1.0,2.320370674133301,0.8068695068359375
514,120,gaussian,1,43,0.328125,0.28125,0.65625,1.0,1.2394267320632935,0.42627495527267456
515,120,gaussian,1,43,0.21875,0.28125,0.4375,1.0,0.4054299294948578,0.142042875289917
516,120,gaussian,1,43,0.125,0.3125,0.25,1.0,0.5651313066482544,0.17580732703208923
517,120,gaussian,1,43,0.25,0.21875,0.5,1.0,0.4758622348308563,0.16198040544986725
518,120,gaussian,1,43,0.140625,0.296875,0.28125,1.0,1.345412254333496,0.4306492507457733
519,120,gaussian,1,43,0.234375,0.265625,0.46875,1.0,0.29174935817718506,0.09871941059827805
520,120,gaussian,1,43,0.25,0.28125,0.5,1.0,0.43806493282318115,0.15039487183094025
521,120,gaussian,1,43,0.171875,0.296875,0.34375,1.0,0.8443950414657593,0.297735333442688
522,120,gaussian,1,43,0.203125,0.203125,0.40625,1.0,3.6630005836486816,1.2229821681976318
523,120,gaussian,1,43,0.140625,0.15625,0.28125,1.0,2.4066872596740723,0.7080760598182678
524,120,gaussian,1,43,0.171875,0.265625,0.34375,1.0,0.6451911330223083,0.21842092275619507
525,120,gaussian,1,43,0.203125,0.25,0.40625,1.0,1.667049527168274,0.5774274468421936
526,120,gaussian,1,43,0.171875,0.3125,0.34375,1.0,1.334061861038208,0.4696386158466339
527,120,gaussian,1,43,0.15625,0.296875,0.3125,1.0,3.9045119285583496,1.3691399097442627
528,120,gaussian,1,43,0.296875,0.3125,0.59375,1.0,0.6410441398620605,0.22473907470703125
529,120,gaussian,1,43,0.171875,0.34375,0.34375,1.0,0.5756927728652954,0.19296811521053314
530,120,gaussian,1,43,0.265625,0.296875,0.53125,1.0,0.734154224395752,0.24535368382930756
531,120,gaussian,1,43,0.390625,0.3125,0.78125,1.0,2.841496706008911,0.882222056388855
532,120,gaussian,1,43,0.15625,0.28125,0.3125,1.0,2.7822437286376953,0.8877378702163696
533,120,gaussian,1,43,0.234375,0.3125,0.46875,1.0,1.8294239044189453,0.6367589831352234
534,120,gaussian,1,43,0.296875,0.25,0.59375,1.0,3.9697203636169434,1.3409348726272583
535,120,gaussian,1,43,0.125,0.296875,0.25,1.0,2.0828757286071777,0.7290475368499756
536,120,gaussian,1,43,0.25,0.25,0.5,1.0,4.7502312660217285,1.6814554929733276
537,120,gaussian,1,43,0.3125,0.203125,0.625,1.0,1.3083008527755737,0.40940406918525696
538,120,gaussian,1,43,0.171875,0.296875,0.34375,1.0,2.6671836376190186,0.931484580039978
539,120,gaussian,1,43,0.265625,0.3125,0.53125,1.0,1.0615524053573608,0.35579797625541687
540,120,gaussian,1,43,0.140625,0.28125,0.28125,1.0,4.169406890869141,1.2769149541854858
541,120,gaussian,1,43,0.125,0.28125,0.25,1.0,0.7862120866775513,0.268269807100296
542,120,gaussian,1,43,0.15625,0.296875,0.3125,1.0,1.467343807220459,0.492507666349411
543,120,gaussian,1,43,0.28125,0.28125,0.5625,1.0,0.6916136145591736,0.23976504802703857
544,120,gaussian,1,43,0.171875,0.296875,0.34375,1.0,0.7806971073150635,0.25871774554252625
545,120,gaussian,1,43,0.1875,0.296875,0.375,1.0,1.4667030572891235,0.47676071524620056
546,120,gaussian,1,43,0.15625,0.3125,0.3125,1.0,4.024180889129639,1.2538644075393677
547,120,gaussian,1,43,0.171875,0.296875,0.34375,1.0,0.37362340092658997,0.11962015181779861
548,120,gaussian,1,43,0.21875,0.234375,0.4375,1.0,2.426759958267212,0.8317863941192627
549,120,gaussian,1,43,0.171875,0.28125,0.34375,1.0,1.1049617528915405,0.3619183301925659
550,120,gaussian,1,43,0.296875,0.328125,0.59375,1.0,4.11794376373291,1.3195258378982544
551,120,gaussian,1,43,0.234375,0.265625,0.46875,1.0,1.7534494400024414,0.6520154476165771
552,120,gaussian,1,43,0.140625,0.296875,0.28125,1.0,2.797804832458496,0.8877378702163696
553,120,gaussian,1,43,0.15625,0.15625,0.3125,1.0,3.988738536834717,1.1794668436050415
554,120,gaussian,1,43,0.265625,0.296875,0.53125,1.0,7.181853771209717,2.38603138923645
555,120,gaussian,1,43,0.171875,0.296875,0.34375,1.0,1.46400785446167,0.4925076365470886
556,120,gaussian,1,43,0.1875,0.3125,0.375,1.0,1.8020598888397217,0.5762497186660767
557,120,gaussian,1,43,0.265625,0.296875,0.53125,1.0,7.182344436645508,2.38603138923645
558,120,gaussian,1,43,0.203125,0.3125,0.40625,1.0,2.530292272567749,0.8660001158714294
559,120,gaussian,1,43,0.296875,0.234375,0.59375,1.0,1.434762716293335,0.49489009380340576
560,120,gaussian,1,43,0.25,0.15625,0.5,1.0,2.84476375579834,1.034978985786438
561,120,gaussian,1,43,0.3125,0.21875,0.625,1.0,6.7813825607299805,2.347736358642578
562,120,gaussian,1,43,0.3125,0.28125,0.625,1.0,3.0006818771362305,1.0942633152008057
563,120,gaussian,1,43,0.15625,0.28125,0.3125,1.0,2.7821009159088135,0.8877378702163696
564,120,gaussian,1,43,0.1875,0.3125,0.375,1.0,1.5818005800247192,0.5603403449058533
565,120,gaussian,1,43,0.328125,0.34375,0.65625,1.0,0.5916094183921814,0.18930184841156006
566,120,gaussian,1,43,0.15625,0.296875,0.3125,1.0,3.4671473503112793,1.132073998451233
567,120,gaussian,1,43,0.359375,0.28125,0.71875,1.0,2.9373111724853516,0.9428353309631348
568,120,gaussian,1,43,0.328125,0.125,0.65625,1.0,1.8104383945465088,0.5941816568374634
569,120,gaussian,1,43,0.4375,0.03125,0.875,1.0,1.6227798461914062,0.4285542070865631
570,120,gaussian,1,43,0.171875,0.296875,0.34375,1.0,1.472590684890747,0.47676071524620056
571,120,gaussian,1,43,0.15625,0.296875,0.3125,1.0,2.0907578468322754,0.7192128896713257
572,120,gaussian,1,43,0.328125,0.171875,0.65625,1.0,4.8567914962768555,1.4879250526428223
573,120,gaussian,1,43,0.140625,0.125,0.28125,1.0,0.5431163311004639,0.1524157077074051
574,120,gaussian,1,43,0.3125,0.296875,0.625,1.0,3.6517891883850098,1.1947077512741089
575,120,gaussian,1,43,0.34375,0.1875,0.6875,1.0,3.1708459854125977,0.9846563339233398
576,120,gaussian,1,43,0.3125,0.3125,0.625,1.0,4.111892223358154,1.3195258378982544
577,120,gaussian,1,43,0.171875,0.265625,0.34375,1.0,1.47772216796875,0.49368175864219666
578,120,gaussian,1,43,0.171875,0.171875,0.34375,1.0,3.8860301971435547,1.2560795545578003
579,120,gaussian,1,43,0.28125,0.296875,0.5625,1.0,8.356165885925293,2.6922895908355713
580,120,gaussian,1,43,0.21875,0.234375,0.4375,1.0,3.2591018676757812,1.0559587478637695
581,120,gaussian,1,43,0.265625,0.234375,0.53125,1.0,2.955509901046753,1.0764422416687012
582,120,gaussian,1,43,0.171875,0.15625,0.34375,1.0,1.8482897281646729,0.620004415512085
583,120,gaussian,1,43,0.125,0.296875,0.25,1.0,0.6412203311920166,0.22000110149383545
584,120,gaussian,1,43,0.375,0.28125,0.75,1.0,0.40579140186309814,0.13902129232883453
585,120,gaussian,1,43,0.21875,0.234375,0.4375,1.0,0.6374467015266418,0.23355405032634735
586,120,gaussian,1,43,0.109375,0.28125,0.21875,1.0,1.8496167659759521,0.6433864831924438
587,120,gaussian,1,43,0.15625,0.125,0.3125,1.0,3.7093687057495117,1.1445316076278687
588,120,gaussian,1,43,0.203125,0.21875,0.40625,1.0,0.5878371596336365,0.17903101444244385
589,120,gaussian,1,43,0.265625,0.265625,0.53125,1.0,1.1200281381607056,0.3784044682979584
590,120,gaussian,1,43,0.140625,0.28125,0.28125,1.0,2.6807243824005127,0.8880185484886169
591,120,gaussian,1,43,0.28125,0.234375,0.5625,1.0,1.4968029260635376,0.4838460087776184
592,120,gaussian,1,43,0.171875,0.28125,0.34375,1.0,1.0494248867034912,0.32252177596092224
593,120,gaussian,1,43,0.234375,0.203125,0.46875,1.0,2.0777525901794434,0.7440846562385559
594,120,gaussian,1,43,0.125,0.28125,0.25,1.0,1.9860434532165527,0.6709766387939453
595,120,gaussian,1,43,0.140625,0.265625,0.28125,1.0,1.4359116554260254,0.4109717905521393
596,120,gaussian,1,43,0.28125,0.15625,0.5625,1.0,5.174886703491211,1.6725828647613525
597,120,gaussian,1,43,0.203125,0.1875,0.40625,1.0,2.6039445400238037,0.880449116230011
598,120,gaussian,1,43,0.1875,0.3125,0.375,1.0,3.231049060821533,1.0621241331100464
599,120,gaussian,1,43,0.359375,0.296875,0.71875,1.0,0.9046133756637573,0.28176483511924744
600,120,gaussian,1,43,0.140625,0.3125,0.28125,1.0,1.0781397819519043,0.35915425419807434
601,120,gaussian,1,43,0.140625,0.140625,0.28125,1.0,0.7463822960853577,0.2155940979719162
602,120,gaussian,1,43,0.359375,0.328125,0.71875,1.0,1.8826541900634766,0.6209120154380798
603,120,gaussian,1,43,0.140625,0.265625,0.28125,1.0,2.5985021591186523,0.8676917552947998
604,120,gaussian,1,43,0.140625,0.296875,0.28125,1.0,1.254563808441162,0.42354270815849304
605,120,gaussian,1,43,0.140625,0.28125,0.28125,1.0,2.2796902656555176,0.6902981400489807
606,120,gaussian,1,43,0.203125,0.203125,0.40625,1.0,1.0698506832122803,0.3498137891292572
607,120,gaussian,1,43,0.15625,0.28125,0.3125,1.0,1.4736007452011108,0.4925076365470886
608,120,gaussian,1,43,0.28125,0.234375,0.5625,1.0,0.5622867941856384,0.1794770359992981
609,120,gaussian,1,43,0.171875,0.296875,0.34375,1.0,0.5782648921012878,0.1983511745929718
610,120,gaussian,1,43,0.15625,0.296875,0.3125,1.0,3.480811595916748,1.132073998451233
611,120,gaussian,1,43,0.171875,0.1875,0.34375,1.0,1.07590651512146,0.3276802897453308
612,120,gaussian,1,43,0.21875,0.3125,0.4375,1.0,1.4604957103729248,0.4644108712673187
613,120,gaussian,1,43,0.171875,0.3125,0.34375,1.0,0.841661810874939,0.297735333442688
614,120,gaussian,1,43,0.203125,0.328125,0.40625,1.0,1.369022011756897,0.45219579339027405
615,120,gaussian,1,43,0.3125,0.3125,0.625,1.0,2.5113587379455566,0.8670839071273804
616,120,gaussian,1,43,0.171875,0.125,0.34375,1.0,2.5220303535461426,0.826026976108551
617,120,gaussian,1,43,0.15625,0.25,0.3125,1.0,3.204155921936035,1.0226917266845703
618,120,gaussian,1,43,0.203125,0.203125,0.40625,1.0,2.138545036315918,0.7319700121879578
619,120,gaussian,1,43,0.21875,0.3125,0.4375,1.0,2.327177047729492,0.7336642146110535
620,120,gaussian,1,43,0.15625,0.265625,0.3125,1.0,1.5262819528579712,0.5177129507064819
621,120,gaussian,1,43,0.296875,0.3125,0.59375,1.0,3.0822107791900635,0.9555655717849731
622,120,gaussian,1,43,0.21875,0.203125,0.4375,1.0,0.9507450461387634,0.34244096279144287
623,120,gaussian,1,43,0.15625,0.34375,0.3125,1.0,1.6672542095184326,0.5103074908256531
624,120,gaussian,1,43,0.28125,0.25,0.5625,1.0,1.0081653594970703,0.341830849647522
625,120,gaussian,1,43,0.265625,0.234375,0.53125,1.0,1.0512962341308594,0.3614308536052704
626,120,gaussian,1,43,0.1875,0.3125,0.375,1.0,2.2252979278564453,0.6943051218986511
627,120,gaussian,1,43,0.171875,0.328125,0.34375,1.0,0.527508556842804,0.1722566783428192
628,120,gaussian,1,43,0.28125,0.296875,0.5625,1.0,1.9734523296356201,0.7085590362548828
629,120,gaussian,1,43,0.171875,0.3125,0.34375,1.0,0.8430302739143372,0.297735333442688
630,120,gaussian,1,43,0.15625,0.265625,0.3125,1.0,2.7839698791503906,0.8686729073524475
631,120,gaussian,1,43,0.171875,0.3125,0.34375,1.0,0.8416421413421631,0.297735333442688
632,120,gaussian,1,43,0.15625,0.234375,0.3125,1.0,0.26797744631767273,0.08210767060518265
633,120,gaussian,1,43,0.375,0.265625,0.75,1.0,6.7888336181640625,2.0703814029693604
634,120,gaussian,1,43,0.28125,0.3125,0.5625,1.0,0.6676395535469055,0.22425968945026398
635,120,gaussian,1,43,0.21875,0.28125,0.4375,1.0,0.258843332529068,0.08283542096614838
636,120,gaussian,1,43,0.171875,0.3125,0.34375,1.0,2.2153244018554688,0.7335115671157837
637,120,gaussian,1,43,0.3125,0.328125,0.625,1.0,2.5079965591430664,0.8670839667320251
638,120,gaussian,1,43,0.140625,0.3125,0.28125,1.0,6.094674110412598,2.034385919570923
639,120,gaussian,1,43,0.234375,0.28125,0.46875,1.0,1.530545711517334,0.5315380096435547
640,120,gaussian,1,43,0.265625,0.28125,0.53125,1.0,0.7999718189239502,0.26684680581092834
641,120,gaussian,1,43,0.328125,0.296875,0.65625,1.0,0.3887060284614563,0.13604682683944702
642,120,gaussian,1,43,0.15625,0.265625,0.3125,1.0,2.7342352867126465,0.9053818583488464
643,120,gaussian,1,43,0.125,0.296875,0.25,1.0,1.8367516994476318,0.6638737320899963
644,120,gaussian,1,43,0.234375,0.296875,0.46875,1.0,0.21726395189762115,0.07155759632587433
645,120,gaussian,1,43,0.140625,0.28125,0.28125,1.0,2.522435426712036,0.825227677822113
646,120,gaussian,1,43,0.25,0.28125,0.5,1.0,7.856054306030273,2.724874496459961
647,120,gaussian,1,43,0.28125,0.3125,0.5625,1.0,1.7756096124649048,0.5812349319458008
648,120,gaussian,1,43,0.234375,0.25,0.46875,1.0,1.5173814296722412,0.526970624923706
649,120,gaussian,1,43,0.359375,0.296875,0.71875,1.0,1.105534553527832,0.40008917450904846
650,120,gaussian,1,43,0.203125,0.203125,0.40625,1.0,0.6123298406600952,0.1960570067167282
651,120,gaussian,1,43,0.171875,0.28125,0.34375,1.0,3.37040376663208,1.1246880292892456
652,120,gaussian,1,43,0.203125,0.125,0.40625,1.0,1.6535053253173828,0.5755638480186462
653,120,gaussian,1,43,0.25,0.234375,0.5,1.0,3.0274784564971924,1.076743245124817
654,120,gaussian,1,43,0.296875,0.25,0.59375,1.0,1.9078425168991089,0.6672065854072571
655,120,gaussian,1,43,0.203125,0.21875,0.40625,1.0,1.7316666841506958,0.5800822973251343
656,120,gaussian,1,43,0.171875,0.125,0.34375,1.0,2.5213851928710938,0.826026976108551
657,120,gaussian,1,43,0.234375,0.296875,0.46875,1.0,0.9715782999992371,0.3298730254173279
658,120,gaussian,1,43,0.171875,0.265625,0.34375,1.0,3.963191509246826,1.2741868495941162
659,120,gaussian,1,43,0.15625,0.34375,0.3125,1.0,1.6719660758972168,0.5103075504302979
660,120,gaussian,1,43,0.328125,0.328125,0.65625,1.0,0.3493671715259552,0.10898494720458984
661,120,gaussian,1,43,0.25,0.203125,0.5,1.0,0.8346734046936035,0.2958470582962036
662,120,gaussian,1,43,0.203125,0.28125,0.40625,1.0,2.962458610534668,1.0053991079330444
663,120,gaussian,1,43,0.15625,0.296875,0.3125,1.0,3.3771629333496094,1.145105004310608
664,120,gaussian,1,43,0.203125,0.328125,0.40625,1.0,1.36897611618042,0.45219579339027405
665,120,gaussian,1,43,0.15625,0.140625,0.3125,1.0,0.2905768156051636,0.08795788139104843
666,120,gaussian,1,43,0.34375,0.3125,0.6875,1.0,0.7155905961990356,0.2540087103843689
667,120,gaussian,1,43,0.140625,0.28125,0.28125,1.0,0.7977440357208252,0.26784375309944153
668,120,gaussian,1,43,0.171875,0.21875,0.34375,1.0,2.1416468620300293,0.6833860874176025
669,120,gaussian,1,43,0.1875,0.265625,0.375,1.0,1.1058743000030518,0.3619183301925659
670,120,gaussian,1,43,0.328125,0.234375,0.65625,1.0,15.209417343139648,4.8906354904174805
671,120,gaussian,1,43,0.203125,0.21875,0.40625,1.0,0.5835326910018921,0.17903101444244385
672,120,gaussian,1,43,0.15625,0.296875,0.3125,1.0,1.5869534015655518,0.5418189167976379
673,120,gaussian,1,43,0.15625,0.296875,0.3125,1.0,2.0617270469665527,0.6832566857337952
674,120,gaussian,1,43,0.21875,0.296875,0.4375,1.0,0.9211350679397583,0.32737624645233154
675,120,gaussian,1,43,0.234375,0.21875,0.46875,1.0,0.4760284721851349,0.16198040544986725
676,120,gaussian,1,43,0.109375,0.09375,0.21875,1.0,0.4324865937232971,0.12356246262788773
677,120,gaussian,1,43,0.140625,0.296875,0.28125,1.0,4.190036773681641,1.2769148349761963
678,120,gaussian,1,43,0.140625,0.28125,0.28125,1.0,6.207980155944824,1.9869394302368164
679,120,gaussian,1,43,0.265625,0.3125,0.53125,1.0,1.0623551607131958,0.35579797625541687
680,120,gaussian,1,43,0.171875,0.265625,0.34375,1.0,1.2280223369598389,0.4059378206729889
681,120,gaussian,1,43,0.21875,0.109375,0.4375,1.0,0.11699923872947693,0.04371132329106331
682,120,gaussian,1,43,0.203125,0.21875,0.40625,1.0,2.030956745147705,0.6808997988700867
683,120,gaussian,1,43,0.125,0.296875,0.25,1.0,1.5331262350082397,0.5257356762886047
684,120,gaussian,1,43,0.3125,0.328125,0.625,1.0,0.47966212034225464,0.14745916426181793
685,120,gaussian,1,43,0.234375,0.265625,0.46875,1.0,0.3930366635322571,0.13647978007793427
686,120,gaussian,1,43,0.171875,0.296875,0.34375,1.0,2.3208765983581543,0.8068695068359375
687,120,gaussian,1,43,0.328125,0.296875,0.65625,1.0,2.154604911804199,0.7217497229576111
688,120,gaussian,1,43,0.328125,0.296875,0.65625,1.0,1.2438102960586548,0.42627495527267456
689,120,gaussian,1,43,0.28125,0.234375,0.5625,1.0,1.4388017654418945,0.49489012360572815
690,120,gaussian,1,43,0.328125,0.265625,0.65625,1.0,2.9171335697174072,1.0306659936904907
691,120,gaussian,1,43,0.1875,0.3125,0.375,1.0,1.3621623516082764,0.45219579339027405
692,120,gaussian,1,43,0.15625,0.140625,0.3125,1.0,1.231866717338562,0.3825078010559082
693,120,gaussian,1,43,0.125,0.28125,0.25,1.0,1.9802011251449585,0.6709766983985901
694,120,gaussian,1,43,0.21875,0.296875,0.4375,1.0,4.65521240234375,1.673328161239624
695,120,gaussian,1,43,0.234375,0.21875,0.46875,1.0,3.340857982635498,1.1407110691070557
696,120,gaussian,1,43,0.234375,0.296875,0.46875,1.0,1.5288574695587158,0.5190969705581665
697,120,gaussian,1,43,0.265625,0.21875,0.53125,1.0,1.653501272201538,0.6435307860374451
698,120,gaussian,1,43,0.265625,0.203125,0.53125,1.0,2.3282768726348877,0.8109399676322937
699,120,gaussian,1,43,0.375,0.265625,0.75,1.0,0.4059849977493286,0.13902129232883453
700,120,gaussian,1,43,0.140625,0.3125,0.28125,1.0,1.0794955492019653,0.35915425419807434
701,120,gaussian,1,43,0.140625,0.296875,0.28125,1.0,2.0175654888153076,0.6780809164047241
702,120,gaussian,1,43,0.140625,0.28125,0.28125,1.0,2.6681008338928223,0.8880186080932617
703,120,gaussian,1,43,0.203125,0.3125,0.40625,1.0,2.580292224884033,0.8090972304344177
704,120,gaussian,1,43,0.21875,0.234375,0.4375,1.0,0.6391453742980957,0.23355406522750854
705,120,gaussian,1,43,0.140625,0.296875,0.28125,1.0,2.6775074005126953,0.8868424892425537
706,120,gaussian,1,43,0.296875,0.265625,0.59375,1.0,1.9005826711654663,0.6672066450119019
707,120,gaussian,1,43,0.15625,0.265625,0.3125,1.0,0.5274227857589722,0.18065446615219116
708,120,gaussian,1,43,0.25,0.28125,0.5,1.0,0.6482014656066895,0.22398334741592407
709,120,gaussian,1,43,0.15625,0.1875,0.3125,1.0,0.9679266810417175,0.34201377630233765
710,120,gaussian,1,43,0.140625,0.328125,0.28125,1.0,1.8732316493988037,0.5583112239837646
711,120,gaussian,1,43,0.21875,0.296875,0.4375,1.0,1.4704995155334473,0.4644109010696411
712,120,gaussian,1,43,0.328125,0.09375,0.65625,1.0,1.4101371765136719,0.4268548786640167
713,120,gaussian,1,43,0.234375,0.1875,0.46875,1.0,6.065310478210449,2.1385254859924316
714,120,gaussian,1,43,0.265625,0.28125,0.53125,1.0,3.128730297088623,1.033909559249878
715,120,gaussian,1,43,0.15625,0.140625,0.3125,1.0,2.2366509437561035,0.7233791351318359
716,120,gaussian,1,43,0.125,0.296875,0.25,1.0,0.9728243350982666,0.3407631516456604
717,120,gaussian,1,43,0.171875,0.28125,0.34375,1.0,3.954359531402588,1.2741868495941162
718,120,gaussian,1,43,0.109375,0.28125,0.21875,1.0,0.637894868850708,0.22000110149383545
719,120,gaussian,1,43,0.171875,0.234375,0.34375,1.0,1.7597776651382446,0.5693441033363342
720,120,gaussian,1,43,0.171875,0.28125,0.34375,1.0,2.0350303649902344,0.6471436023712158
721,120,gaussian,1,43,0.296875,0.21875,0.59375,1.0,2.925748348236084,0.9399842023849487
722,120,gaussian,1,43,0.203125,0.21875,0.40625,1.0,1.731873631477356,0.5800822973251343
723,120,gaussian,1,43,0.203125,0.28125,0.40625,1.0,0.47985872626304626,0.16770228743553162
724,120,gaussian,1,43,0.3125,0.328125,0.625,1.0,0.3512939214706421,0.10898494720458984
725,120,gaussian,1,43,0.15625,0.203125,0.3125,1.0,1.516484260559082,0.46217700839042664
726,120,gaussian,1,43,0.328125,0.171875,0.65625,1.0,3.1925346851348877,0.9846563935279846
727,120,gaussian,1,43,0.140625,0.28125,0.28125,1.0,2.430103302001953,0.7798636555671692
728,120,gaussian,1,43,0.125,0.28125,0.25,1.0,1.5210131406784058,0.5257356762886047
729,120,gaussian,1,43,0.25,0.296875,0.5,1.0,1.0177724361419678,0.3516087234020233
730,120,gaussian,1,43,0.125,0.3125,0.25,1.0,1.3437302112579346,0.4271460175514221
731,120,gaussian,1,43,0.25,0.265625,0.5,1.0,0.4384569525718689,0.15039487183094025
732,120,gaussian,1,43,0.1875,0.15625,0.375,1.0,2.597628116607666,0.881791353225708
733,120,gaussian,1,43,0.15625,0.28125,0.3125,1.0,1.1274011135101318,0.3353668451309204
734,120,gaussian,1,43,0.171875,0.328125,0.34375,1.0,0.5764241218566895,0.19296810030937195
735,120,gaussian,1,43,0.296875,0.3125,0.59375,1.0,3.5515284538269043,1.2913000583648682
736,120,gaussian,1,43,0.140625,0.296875,0.28125,1.0,0.9676134586334229,0.33939507603645325
737,120,gaussian,1,43,0.15625,0.234375,0.3125,1.0,2.8326048851013184,0.8512217998504639
738,120,gaussian,1,43,0.1875,0.296875,0.375,1.0,1.5852372646331787,0.5603403449058533
739,120,gaussian,1,43,0.140625,0.265625,0.28125,1.0,0.4513493776321411,0.15016692876815796
740,120,gaussian,1,43,0.265625,0.28125,0.53125,1.0,1.1118993759155273,0.38703542947769165
741,120,gaussian,1,43,0.140625,0.296875,0.28125,1.0,1.0741400718688965,0.35915425419807434
742,120,gaussian,1,43,0.125,0.28125,0.25,1.0,0.23496565222740173,0.07070665806531906
743,120,gaussian,1,43,0.15625,0.3125,0.3125,1.0,1.3350937366485596,0.4696386158466339
744,120,gaussian,1,43,0.28125,0.265625,0.5625,1.0,3.6406748294830322,1.3084304332733154
745,120,gaussian,1,43,0.203125,0.203125,0.40625,1.0,3.66310453414917,1.2229821681976318
746,120,gaussian,1,43,0.296875,0.296875,0.59375,1.0,4.3143792152404785,1.4456032514572144
747,120,gaussian,1,43,0.28125,0.296875,0.5625,1.0,1.4174938201904297,0.446934312582016
748,120,gaussian,1,43,0.359375,0.28125,0.71875,1.0,2.923525810241699,0.9428353309631348
749,120,gaussian,1,43,0.328125,0.328125,0.65625,1.0,0.3492261469364166,0.10898494720458984
750,120,gaussian,1,43,0.265625,0.3125,0.53125,1.0,0.6652853488922119,0.22425968945026398
751,120,gaussian,1,43,0.203125,0.234375,0.40625,1.0,0.29399004578590393,0.08988107740879059
752,120,gaussian,1,43,0.15625,0.125,0.3125,1.0,3.7195024490356445,1.1445316076278687
753,120,gaussian,1,43,0.21875,0.3125,0.4375,1.0,0.7453910112380981,0.2489704042673111
754,120,gaussian,1,43,0.125,0.140625,0.25,1.0,3.651488780975342,1.0271720886230469
755,120,gaussian,1,43,0.203125,0.234375,0.40625,1.0,2.134113311767578,0.732180118560791
756,120,gaussian,1,43,0.234375,0.15625,0.46875,1.0,1.0522558689117432,0.35867613554000854
757,120,gaussian,1,43,0.296875,0.125,0.59375,1.0,2.598018169403076,0.8293046951293945
758,120,gaussian,1,43,0.15625,0.140625,0.3125,1.0,2.6412205696105957,0.8069853186607361
759,120,gaussian,1,43,0.140625,0.140625,0.28125,1.0,3.6680736541748047,1.0271720886230469
760,120,gaussian,1,43,0.171875,0.296875,0.34375,1.0,0.4653315842151642,0.14917464554309845
761,120,gaussian,1,43,0.25,0.265625,0.5,1.0,1.753636121749878,0.6520154476165771
762,120,gaussian,1,43,0.34375,0.140625,0.6875,1.0,0.8818365335464478,0.2810325622558594
763,120,gaussian,1,43,0.140625,0.15625,0.28125,1.0,2.402970314025879,0.7080760598182678
764,120,gaussian,1,43,0.140625,0.296875,0.28125,1.0,2.679882526397705,0.8868424296379089
765,120,gaussian,1,43,0.265625,0.296875,0.53125,1.0,0.8309300541877747,0.295244038105011
766,120,gaussian,1,43,0.296875,0.234375,0.59375,1.0,1.090889811515808,0.37970107793807983
767,120,gaussian,1,43,0.140625,0.125,0.28125,1.0,0.5437372922897339,0.1524157077074051
768,120,gaussian,1,43,0.15625,0.296875,0.3125,1.0,0.6332478523254395,0.2089425027370453
769,120,gaussian,1,43,0.1875,0.203125,0.375,1.0,1.5207459926605225,0.46210265159606934
770,120,gaussian,1,43,0.171875,0.28125,0.34375,1.0,2.989318370819092,1.0046526193618774
771,120,gaussian,1,43,0.15625,0.28125,0.3125,1.0,1.4051058292388916,0.4756790101528168
772,120,gaussian,1,43,0.21875,0.296875,0.4375,1.0,0.726152777671814,0.24572186172008514
773,120,gaussian,1,43,0.140625,0.28125,0.28125,1.0,2.716719150543213,0.9053818583488464
774,120,gaussian,1,43,0.21875,0.296875,0.4375,1.0,1.4711135625839233,0.4644108712673187
775,120,gaussian,1,43,0.15625,0.28125,0.3125,1.0,0.9553573131561279,0.3232264220714569
776,120,gaussian,1,43,0.234375,0.1875,0.46875,1.0,6.073307037353516,2.1385254859924316
777,120,gaussian,1,43,0.125,0.3125,0.25,1.0,0.567362368106842,0.17580732703208923
778,120,gaussian,1,43,0.109375,0.296875,0.21875,1.0,1.9713879823684692,0.6326795816421509
779,120,gaussian,1,43,0.28125,0.3125,0.5625,1.0,2.180924892425537,0.7032486796379089
780,120,gaussian,1,43,0.1875,0.203125,0.375,1.0,1.521375298500061,0.46210265159606934
781,120,gaussian,1,43,0.125,0.28125,0.25,1.0,2.330282211303711,0.7557627558708191
782,120,gaussian,1,43,0.21875,0.21875,0.4375,1.0,2.4307775497436523,0.8317863345146179
783,120,gaussian,1,43,0.140625,0.296875,0.28125,1.0,0.7537381052970886,0.24779580533504486
784,120,gaussian,1,43,0.25,0.296875,0.5,1.0,3.13063907623291,1.033909559249878
785,120,gaussian,1,43,0.25,0.21875,0.5,1.0,2.3302133083343506,0.8156629204750061
786,120,gaussian,1,43,0.21875,0.21875,0.4375,1.0,0.8008249402046204,0.2681974470615387
787,120,gaussian,1,43,0.140625,0.328125,0.28125,1.0,1.078386664390564,0.3530712425708771
788,120,gaussian,1,43,0.140625,0.109375,0.28125,1.0,1.5300008058547974,0.4493439793586731
789,120,gaussian,1,43,0.140625,0.265625,0.28125,1.0,0.5871720314025879,0.1739693582057953
790,120,gaussian,1,43,0.34375,0.09375,0.6875,1.0,0.973694384098053,0.299004465341568
791,120,gaussian,1,43,0.15625,0.265625,0.3125,1.0,0.5289013385772705,0.18065446615219116
792,120,gaussian,1,43,0.171875,0.296875,0.34375,1.0,0.7752393484115601,0.2502507269382477
793,120,gaussian,1,43,0.203125,0.21875,0.40625,1.0,0.2937396764755249,0.08988107740879059
794,120,gaussian,1,43,0.171875,0.328125,0.34375,1.0,1.8248507976531982,0.6312980651855469
795,120,gaussian,1,43,0.171875,0.328125,0.34375,1.0,1.2778620719909668,0.4110652208328247
796,120,gaussian,1,43,0.1875,0.3125,0.375,1.0,2.201122760772705,0.7335115671157837
797,120,gaussian,1,43,0.171875,0.3125,0.34375,1.0,1.3372931480407715,0.4696386158466339
798,120,gaussian,1,43,0.15625,0.28125,0.3125,1.0,0.527231752872467,0.18065448105335236
799,120,gaussian,1,43,0.234375,0.25,0.46875,1.0,1.5193285942077637,0.526970624923706
800,120,gaussian,1,43,0.25,0.28125,0.5,1.0,1.0156707763671875,0.3516087234020233
801,120,gaussian,1,43,0.140625,0.28125,0.28125,1.0,2.128262996673584,0.7478921413421631
802,120,gaussian,1,43,0.34375,0.234375,0.6875,1.0,2.705991268157959,0.8516329526901245
803,120,gaussian,1,43,0.359375,0.125,0.71875,1.0,3.4554057121276855,1.081043004989624
804,120,gaussian,1,43,0.140625,0.296875,0.28125,1.0,2.7922658920288086,0.8877378702163696
805,120,gaussian,1,43,0.125,0.28125,0.25,1.0,2.0639851093292236,0.6823208332061768
806,120,gaussian,1,43,0.171875,0.078125,0.34375,1.0,2.7584667205810547,0.9757277369499207
807,120,gaussian,1,43,0.25,0.21875,0.5,1.0,1.4331731796264648,0.48263585567474365
808,120,gaussian,1,43,0.3125,0.328125,0.625,1.0,0.35100793838500977,0.10898495465517044
809,120,gaussian,1,43,0.375,0.28125,0.75,1.0,6.739316463470459,2.0703816413879395
810,120,gaussian,1,43,0.296875,0.3125,0.59375,1.0,0.6854448318481445,0.22890017926692963
811,120,gaussian,1,43,0.15625,0.28125,0.3125,1.0,1.6413836479187012,0.5510165095329285
812,120,gaussian,1,43,0.375,0.28125,0.75,1.0,0.4006263017654419,0.13902129232883453
813,120,gaussian,1,43,0.421875,0.03125,0.84375,1.0,1.611484169960022,0.4285542666912079
814,120,gaussian,1,43,0.265625,0.25,0.53125,1.0,2.609792470932007,0.8547807335853577
815,120,gaussian,1,43,0.296875,0.3125,0.59375,1.0,2.184006690979004,0.7032486796379089
816,120,gaussian,1,43,0.3125,0.3125,0.625,1.0,1.974827527999878,0.6561065316200256
817,120,gaussian,1,43,0.140625,0.203125,0.28125,1.0,1.7755470275878906,0.5301382541656494
818,120,gaussian,1,43,0.359375,0.25,0.71875,1.0,1.5228617191314697,0.4535657465457916
819,120,gaussian,1,43,0.171875,0.28125,0.34375,1.0,0.5816149711608887,0.198351189494133
820,120,gaussian,1,43,0.21875,0.3125,0.4375,1.0,0.7272680997848511,0.24572186172008514
821,120,gaussian,1,43,0.15625,0.203125,0.3125,1.0,0.9608395099639893,0.34201377630233765
822,120,gaussian,1,43,0.265625,0.3125,0.53125,1.0,3.636854648590088,1.2555880546569824
823,120,gaussian,1,43,0.125,0.328125,0.25,1.0,1.3243329524993896,0.4414007365703583
824,120,gaussian,1,43,0.140625,0.296875,0.28125,1.0,4.027148246765137,1.2538644075393677
825,120,gaussian,1,43,0.203125,0.109375,0.40625,1.0,1.646659016609192,0.5755638480186462
826,120,gaussian,1,43,0.171875,0.34375,0.34375,1.0,0.5753432512283325,0.19296810030937195
827,120,gaussian,1,43,0.1875,0.1875,0.375,1.0,1.190739393234253,0.3775847256183624
828,120,gaussian,1,43,0.140625,0.296875,0.28125,1.0,0.7984829545021057,0.24908705055713654
829,120,gaussian,1,43,0.234375,0.296875,0.46875,1.0,4.657919406890869,1.673328161239624
830,120,gaussian,1,43,0.15625,0.265625,0.3125,1.0,1.918043613433838,0.642183244228363
831,120,gaussian,1,43,0.203125,0.234375,0.40625,1.0,3.2666468620300293,1.05595862865448
832,120,gaussian,1,43,0.265625,0.203125,0.53125,1.0,2.6495046615600586,0.9545719027519226
833,120,gaussian,1,43,0.25,0.265625,0.5,1.0,1.7521699666976929,0.6520154476165771
834,120,gaussian,1,43,0.34375,0.109375,0.6875,1.0,5.015331745147705,1.5708109140396118
835,120,gaussian,1,43,0.140625,0.28125,0.28125,1.0,0.9075416326522827,0.3399078845977783
836,120,gaussian,1,43,0.140625,0.3125,0.28125,1.0,3.9366114139556885,1.3691399097442627
837,120,gaussian,1,43,0.15625,0.265625,0.3125,1.0,4.313338279724121,1.3665751218795776
838,120,gaussian,1,43,0.15625,0.140625,0.3125,1.0,2.5325264930725098,0.826026976108551
839,120,gaussian,1,43,0.171875,0.25,0.34375,1.0,4.319753646850586,1.3854387998580933
840,120,gaussian,1,43,0.140625,0.296875,0.28125,1.0,0.754310667514801,0.24779579043388367
841,120,gaussian,1,43,0.234375,0.234375,0.46875,1.0,3.3395955562591553,1.1407109498977661
842,120,gaussian,1,43,0.3125,0.3125,0.625,1.0,0.8818941116333008,0.27559131383895874
843,120,gaussian,1,43,0.296875,0.296875,0.59375,1.0,0.6885157227516174,0.22890017926692963
844,120,gaussian,1,43,0.1875,0.203125,0.375,1.0,2.8082351684570312,0.931291937828064
845,120,gaussian,1,43,0.25,0.28125,0.5,1.0,3.7204582691192627,1.2777098417282104
846,120,gaussian,1,43,0.265625,0.28125,0.53125,1.0,0.41554179787635803,0.15137258172035217
847,120,gaussian,1,43,0.265625,0.3125,0.53125,1.0,3.5943069458007812,1.2384932041168213
848,120,gaussian,1,43,0.234375,0.25,0.46875,1.0,1.035202980041504,0.35948023200035095
849,120,gaussian,1,43,0.1875,0.28125,0.375,1.0,5.174842834472656,1.7771198749542236
850,120,gaussian,1,43,0.265625,0.25,0.53125,1.0,2.610220193862915,0.8547807335853577
851,120,gaussian,1,43,0.15625,0.265625,0.3125,1.0,3.194795608520508,1.0226917266845703
852,120,gaussian,1,43,0.171875,0.171875,0.34375,1.0,3.8773698806762695,1.2560795545578003
853,120,gaussian,1,43,0.21875,0.21875,0.4375,1.0,2.6648101806640625,0.9185458421707153
854,120,gaussian,1,43,0.1875,0.234375,0.375,1.0,1.4576914310455322,0.47241586446762085
855,120,gaussian,1,43,0.15625,0.265625,0.3125,1.0,1.3128585815429688,0.4333727955818176
856,120,gaussian,1,43,0.140625,0.296875,0.28125,1.0,1.6044936180114746,0.5127493143081665
857,120,gaussian,1,43,0.125,0.296875,0.25,1.0,2.08732533454895,0.7290475368499756
858,120,gaussian,1,43,0.140625,0.296875,0.28125,1.0,2.6800410747528076,0.8868424296379089
859,120,gaussian,1,43,0.25,0.25,0.5,1.0,1.0351994037628174,0.35948023200035095
860,120,gaussian,1,43,0.15625,0.328125,0.3125,1.0,4.444896697998047,1.3797106742858887
861,120,gaussian,1,43,0.265625,0.28125,0.53125,1.0,1.1154329776763916,0.38703545928001404
862,120,gaussian,1,43,0.15625,0.140625,0.3125,1.0,2.390368700027466,0.7080760598182678
863,120,gaussian,1,43,0.265625,0.28125,0.53125,1.0,0.8004046678543091,0.26684680581092834
864,120,gaussian,1,43,0.171875,0.15625,0.34375,1.0,1.860074758529663,0.620004415512085
865,120,gaussian,1,43,0.171875,0.28125,0.34375,1.0,0.578495979309082,0.198351189494133
866,120,gaussian,1,43,0.15625,0.3125,0.3125,1.0,1.3322336673736572,0.4696386158466339
867,120,gaussian,1,43,0.34375,0.140625,0.6875,1.0,1.8049640655517578,0.5941817164421082
868,120,gaussian,1,43,0.109375,0.25,0.21875,1.0,0.6293888688087463,0.18517933785915375
869,120,gaussian,1,43,0.1875,0.328125,0.375,1.0,5.280940532684326,1.5892510414123535
870,120,gaussian,1,43,0.265625,0.28125,0.53125,1.0,3.722470283508301,1.2777098417282104
871,120,gaussian,1,43,0.140625,0.265625,0.28125,1.0,4.399905681610107,1.3940547704696655
872,120,gaussian,1,43,0.3125,0.328125,0.625,1.0,0.8110195994377136,0.26791107654571533
873,120,gaussian,1,43,0.140625,0.296875,0.28125,1.0,1.5515209436416626,0.48135778307914734
874,120,gaussian,1,43,0.171875,0.296875,0.34375,1.0,2.6724774837493896,0.931484580039978
875,120,gaussian,1,43,0.171875,0.296875,0.34375,1.0,2.3150551319122314,0.8068695068359375
876,120,gaussian,1,43,0.234375,0.21875,0.46875,1.0,0.4768773913383484,0.16198042035102844
877,120,gaussian,1,43,0.25,0.296875,0.5,1.0,1.5334712266921997,0.5315380096435547
878,120,gaussian,1,43,0.359375,0.296875,0.71875,1.0,0.4008883237838745,0.14424189925193787
879,120,gaussian,1,43,0.21875,0.3125,0.4375,1.0,2.3256947994232178,0.7336642146110535
880,120,gaussian,1,43,0.203125,0.328125,0.40625,1.0,0.4862028956413269,0.14776141941547394
881,120,gaussian,1,43,0.296875,0.265625,0.59375,1.0,1.8992819786071777,0.6672065854072571
882,120,gaussian,1,43,0.171875,0.28125,0.34375,1.0,2.988816261291504,1.0046526193618774
883,120,gaussian,1,43,0.296875,0.3125,0.59375,1.0,3.0813865661621094,0.9555655121803284
884,120,gaussian,1,43,0.15625,0.296875,0.3125,1.0,9.958374977111816,3.5861425399780273
885,120,gaussian,1,43,0.328125,0.296875,0.65625,1.0,0.3889596164226532,0.13604682683944702
886,120,gaussian,1,43,0.28125,0.25,0.5625,1.0,1.2752742767333984,0.4475904703140259
887,120,gaussian,1,43,0.296875,0.296875,0.59375,1.0,4.329235553741455,1.4456032514572144
888,120,gaussian,1,43,0.21875,0.296875,0.4375,1.0,0.25904959440231323,0.08283542096614838
889,120,gaussian,1,43,0.203125,0.21875,0.40625,1.0,1.3936102390289307,0.4820362329483032
890,120,gaussian,1,43,0.3125,0.3125,0.625,1.0,4.3189496994018555,1.4456032514572144
891,120,gaussian,1,43,0.1875,0.203125,0.375,1.0,0.3481023907661438,0.11180266737937927
892,120,gaussian,1,43,0.125,0.28125,0.25,1.0,2.51407790184021,0.825227677822113
893,120,gaussian,1,43,0.109375,0.265625,0.21875,1.0,0.23451830446720123,0.07070665806531906
894,120,gaussian,1,43,0.1875,0.296875,0.375,1.0,2.3844313621520996,0.7817540764808655
895,120,gaussian,1,43,0.21875,0.265625,0.4375,1.0,0.33943867683410645,0.12094995379447937
896,120,gaussian,1,43,0.25,0.296875,0.5,1.0,1.0110617876052856,0.361337810754776
897,120,gaussian,1,43,0.328125,0.234375,0.65625,1.0,15.243947982788086,4.8906354904174805
898,120,gaussian,1,43,0.15625,0.296875,0.3125,1.0,1.1524676084518433,0.40454134345054626
899,120,gaussian,1,43,0.109375,0.09375,0.21875,1.0,0.43442368507385254,0.12356246262788773
900,120,gaussian,1,43,0.140625,0.265625,0.28125,1.0,0.584153413772583,0.17396937310695648
901,120,gaussian,1,43,0.140625,0.28125,0.28125,1.0,2.217456579208374,0.7509734630584717
902,120,gaussian,1,43,0.125,0.28125,0.25,1.0,2.6305203437805176,0.8676917552947998
903,120,gaussian,1,43,0.171875,0.140625,0.34375,1.0,0.5166131854057312,0.19282181560993195
904,120,gaussian,1,43,0.140625,0.28125,0.28125,1.0,3.103132724761963,0.9908080101013184
905,120,gaussian,1,43,0.359375,0.234375,0.71875,1.0,2.1024770736694336,0.6984643936157227
906,120,gaussian,1,43,0.25,0.296875,0.5,1.0,0.4418925940990448,0.15965035557746887
907,120,gaussian,1,43,0.3125,0.328125,0.625,1.0,0.8122238516807556,0.26791107654571533
908,120,gaussian,1,43,0.1875,0.1875,0.375,1.0,1.189704418182373,0.3775847256183624
909,120,gaussian,1,43,0.109375,0.28125,0.21875,1.0,1.8519184589385986,0.6433864831924438
910,120,gaussian,1,43,0.375,0.3125,0.75,1.0,0.7617441415786743,0.2584344446659088
911,120,gaussian,1,43,0.171875,0.28125,0.34375,1.0,9.985074996948242,3.5861423015594482
912,120,gaussian,1,43,0.1875,0.296875,0.375,1.0,2.380125045776367,0.7817540764808655
913,120,gaussian,1,43,0.1875,0.296875,0.375,1.0,0.3738578259944916,0.12421581894159317
914,120,gaussian,1,43,0.296875,0.296875,0.59375,1.0,2.9917783737182617,1.0942634344100952
915,120,gaussian,1,43,0.125,0.296875,0.25,1.0,2.093635320663452,0.7304341793060303
916,120,gaussian,1,43,0.140625,0.3125,0.28125,1.0,3.93481183052063,1.3691399097442627
917,120,gaussian,1,43,0.1875,0.21875,0.375,1.0,0.10729453712701797,0.03692401573061943
918,120,gaussian,1,43,0.15625,0.265625,0.3125,1.0,2.78397798538208,0.8686729073524475
919,120,gaussian,1,43,0.140625,0.296875,0.28125,1.0,2.709341526031494,0.8979183435440063
920,120,gaussian,1,43,0.171875,0.234375,0.34375,1.0,1.7686634063720703,0.5693441033363342
921,120,gaussian,1,43,0.203125,0.21875,0.40625,1.0,0.5883138179779053,0.17903101444244385
922,120,gaussian,1,43,0.203125,0.296875,0.40625,1.0,2.9713892936706543,1.0053991079330444
923,120,gaussian,1,43,0.15625,0.296875,0.3125,1.0,1.161713719367981,0.40676864981651306
924,120,gaussian,1,43,0.109375,0.25,0.21875,1.0,0.6202772855758667,0.18517935276031494
925,120,gaussian,1,43,0.234375,0.265625,0.46875,1.0,1.7534551620483398,0.6520154476165771
926,120,gaussian,1,43,0.15625,0.125,0.3125,1.0,0.2911785840988159,0.08795788139104843
927,120,gaussian,1,43,0.125,0.078125,0.25,1.0,1.158034086227417,0.32903119921684265
928,120,gaussian,1,43,0.15625,0.296875,0.3125,1.0,1.1485892534255981,0.40454134345054626
929,120,gaussian,1,43,0.34375,0.296875,0.6875,1.0,0.9053384065628052,0.28176483511924744
930,120,gaussian,1,43,0.25,0.078125,0.5,1.0,1.503661870956421,0.5029040575027466
931,120,gaussian,1,43,0.125,0.28125,0.25,1.0,2.6311683654785156,0.867691695690155
932,120,gaussian,1,43,0.203125,0.21875,0.40625,1.0,0.5883054733276367,0.17903101444244385
933,120,gaussian,1,43,0.15625,0.234375,0.3125,1.0,2.2724385261535645,0.7110126614570618
934,120,gaussian,1,43,0.171875,0.28125,0.34375,1.0,3.3709816932678223,1.1246880292892456
935,120,gaussian,1,43,0.140625,0.28125,0.28125,1.0,1.338759183883667,0.4306492507457733
936,120,gaussian,1,43,0.25,0.21875,0.5,1.0,0.8383796811103821,0.2958470582962036
937,120,gaussian,1,43,0.3125,0.21875,0.625,1.0,6.781654357910156,2.347736358642578
938,120,gaussian,1,43,0.28125,0.21875,0.5625,1.0,1.5102193355560303,0.4838460385799408
939,120,gaussian,1,43,0.15625,0.25,0.3125,1.0,1.6723212003707886,0.5193136930465698
940,120,gaussian,1,43,0.140625,0.140625,0.28125,1.0,0.1642630696296692,0.04736306890845299
941,120,gaussian,1,43,0.34375,0.140625,0.6875,1.0,1.8029927015304565,0.5941817164421082
942,120,gaussian,1,43,0.203125,0.296875,0.40625,1.0,2.538958787918091,0.8660001158714294
943,120,gaussian,1,43,0.140625,0.28125,0.28125,1.0,2.677694797515869,0.8880186080932617
944,120,gaussian,1,43,0.171875,0.265625,0.34375,1.0,1.8453271389007568,0.6259272694587708
945,120,gaussian,1,43,0.203125,0.328125,0.40625,1.0,2.4424514770507812,0.7464252710342407
946,120,gaussian,1,43,0.21875,0.203125,0.4375,1.0,0.9521479606628418,0.34244096279144287
947,120,gaussian,1,43,0.1875,0.21875,0.375,1.0,0.9996675252914429,0.33865776658058167
948,120,gaussian,1,43,0.25,0.09375,0.5,1.0,1.5129016637802124,0.5029045343399048
949,120,gaussian,1,43,0.265625,0.28125,0.53125,1.0,0.7991163730621338,0.26684680581092834
950,120,gaussian,1,43,0.34375,0.296875,0.6875,1.0,0.40084636211395264,0.14424191415309906
951,120,gaussian,1,43,0.171875,0.296875,0.34375,1.0,2.2127294540405273,0.7228179574012756
952,120,gaussian,1,43,0.125,0.078125,0.25,1.0,1.1534086465835571,0.32903119921684265
953,120,gaussian,1,43,0.140625,0.140625,0.28125,1.0,0.7451403737068176,0.2155941128730774
954,120,gaussian,1,43,0.25,0.203125,0.5,1.0,2.29598069190979,0.760219395160675
955,120,gaussian,1,43,0.328125,0.3125,0.65625,1.0,0.7396606802940369,0.246124267578125
956,120,gaussian,1,43,0.15625,0.265625,0.3125,1.0,0.6476669311523438,0.21652278304100037
957,120,gaussian,1,43,0.203125,0.296875,0.40625,1.0,2.538961172103882,0.8660001158714294
958,120,gaussian,1,43,0.203125,0.28125,0.40625,1.0,1.5907766819000244,0.5461234450340271
959,120,gaussian,1,43,0.125,0.28125,0.25,1.0,0.23450607061386108,0.07070665806531906
960,120,gaussian,1,43,0.140625,0.328125,0.28125,1.0,1.0800410509109497,0.3530712127685547
961,120,gaussian,1,43,0.328125,0.296875,0.65625,1.0,2.6347196102142334,0.9427172541618347
962,120,gaussian,1,43,0.265625,0.28125,0.53125,1.0,1.308685302734375,0.43816426396369934
963,120,gaussian,1,43,0.296875,0.3125,0.59375,1.0,4.325592994689941,1.4456032514572144
964,120,gaussian,1,43,0.125,0.296875,0.25,1.0,0.7500413060188293,0.24779579043388367
965,120,gaussian,1,43,0.15625,0.28125,0.3125,1.0,1.211919903755188,0.42650681734085083
966,120,gaussian,1,43,0.1875,0.28125,0.375,1.0,1.1307166814804077,0.36708855628967285
967,120,gaussian,1,43,0.328125,0.203125,0.65625,1.0,2.1709630489349365,0.6467058658599854
968,120,gaussian,1,43,0.140625,0.296875,0.28125,1.0,0.7977513074874878,0.24908705055713654
969,120,gaussian,1,43,0.265625,0.203125,0.53125,1.0,2.648892402648926,0.9545719027519226
970,120,gaussian,1,43,0.140625,0.296875,0.28125,1.0,1.4642221927642822,0.47281062602996826
971,120,gaussian,1,43,0.171875,0.3125,0.34375,1.0,2.201643943786621,0.7335115671157837
972,120,gaussian,1,43,0.203125,0.28125,0.40625,1.0,1.5438891649246216,0.497736394405365
973,120,gaussian,1,43,0.359375,0.3125,0.71875,1.0,0.761808454990387,0.2584344446659088
974,120,gaussian,1,43,0.125,0.28125,0.25,1.0,1.2500159740447998,0.396025151014328
975,120,gaussian,1,43,0.125,0.140625,0.25,1.0,3.660493850708008,1.0271720886230469
976,120,gaussian,1,43,0.296875,0.203125,0.59375,1.0,1.0416996479034424,0.32954299449920654
977,120,gaussian,1,43,0.28125,0.265625,0.5625,1.0,1.2072627544403076,0.4588533341884613
978,120,gaussian,1,43,0.140625,0.3125,0.28125,1.0,6.096286773681641,2.034385919570923
979,120,gaussian,1,43,0.234375,0.21875,0.46875,1.0,0.477583646774292,0.16198040544986725
980,120,gaussian,1,43,0.125,0.296875,0.25,1.0,1.8428939580917358,0.6194067001342773
981,120,gaussian,1,43,0.3125,0.28125,0.625,1.0,2.5397520065307617,0.8279554843902588
982,120,gaussian,1,43,0.265625,0.25,0.53125,1.0,1.205952525138855,0.4588533341884613
983,120,gaussian,1,43,0.15625,0.125,0.3125,1.0,0.29152369499206543,0.08795788139104843
984,120,gaussian,1,43,0.1875,0.28125,0.375,1.0,1.5941131114959717,0.5461234450340271
985,120,gaussian,1,43,0.125,0.3125,0.25,1.0,0.8833692669868469,0.29389268159866333
986,120,gaussian,1,43,0.15625,0.3125,0.3125,1.0,1.063089370727539,0.3629729151725769
987,120,gaussian,1,43,0.140625,0.265625,0.28125,1.0,6.207157135009766,1.986939549446106
988,120,gaussian,1,43,0.15625,0.296875,0.3125,1.0,1.21038818359375,0.42650678753852844
989,120,gaussian,1,43,0.234375,0.296875,0.46875,1.0,0.9167090654373169,0.32737624645233154
990,120,gaussian,1,43,0.25,0.234375,0.5,1.0,2.27250075340271,0.775098979473114
991,120,gaussian,1,43,0.1875,0.1875,0.375,1.0,0.3475327491760254,0.11180268228054047
992,120,gaussian,1,43,0.203125,0.25,0.40625,1.0,3.3005893230438232,1.1310014724731445
993,120,gaussian,1,43,0.140625,0.28125,0.28125,1.0,0.725411593914032,0.24020566046237946
994,120,gaussian,1,43,0.203125,0.3125,0.40625,1.0,0.998347818851471,0.3395322561264038
995,120,gaussian,1,43,0.21875,0.234375,0.4375,1.0,0.6391537189483643,0.23355405032634735
996,120,gaussian,1,43,0.15625,0.28125,0.3125,1.0,0.9523793458938599,0.3232263922691345
997,120,gaussian,1,43,0.125,0.28125,0.25,1.0,1.2545992136001587,0.396025151014328
998,120,gaussian,1,43,0.15625,0.296875,0.3125,1.0,0.4570487141609192,0.15517883002758026
999,120,gaussian,1,43,0.125,0.296875,0.25,1.0,0.6401293873786926,0.22000110149383545
